section,sl_no,State/UT,No. of cases (3),Air-Crash | No. of persons injured | Male,Air-Crash | No. of persons injured | Female,Air-Crash | No. of persons injured | Total,Air-Crash | No. of persons died | Male,Air-Crash | No. of persons died | Female,Air-Crash | No. of persons died | Total,%share to total deaths (Col. 9/268) × 100,No. of cases (10001),Collapse of structure (House) | No. of persons injured | Male,Collapse of structure (House) | No. of persons injured | Female,Collapse of structure (House) | No. of persons injured | Total,Collapse of structure (House) | No. of persons died | Male,Collapse of structure (House) | No. of persons died | Female,Collapse of structure (House) | No. of persons died | Total,%share to total deaths (Col.16/268) ×100,No. of cases (10002),Collapse of structure (Building) | No. of persons injured | Male,Collapse of structure (Building) | No. of persons injured | Female,Collapse of structure (Building) | No. of persons injured | Total,Collapse of structure (Building) | No. of persons died | Male,Collapse of structure (Building) | No. of persons died | Female,Collapse of structure (Building) | No. of persons died | Total,%share to total deaths (Col.23/268)×100,No. of cases (10003),Collapse of structure (Dam) | No. of persons injured | Male,Collapse of structure (Dam) | No. of persons injured | Female,Collapse of structure (Dam) | No. of persons injured | Total,Collapse of structure (Dam) | No. of persons died | Male,Collapse of structure (Dam) | No. of persons died | Female,Collapse of structure (Dam) | No. of persons died | Total,%share to total deaths (Col.30/268)×100,No. of cases (10004),Collapse of structure (Bridge) | No. of persons injured | Male,Collapse of structure (Bridge) | No. of persons injured | Female,Collapse of structure (Bridge) | No. of persons injured | Total,Collapse of structure (Bridge) | No. of persons died | Male,Collapse of structure (Bridge) | No. of persons died | Female,Collapse of structure (Bridge) | No. of persons died | Total,%share to total deaths (Col.37/268)×100,No. of cases (10005),Collapse of structure (Other) | No. of persons injured | Male,Collapse of structure (Other) | No. of persons injured | Female,Collapse of structure (Other) | No. of persons injured | Total,Collapse of structure (Other) | No. of persons died | Male,Collapse of structure (Other) | No. of persons died | Female,Collapse of structure (Other) | No. of persons died | Total,%share to total deaths (Col.44/268) × 100,No. of cases (10006),Collapse of structure (Total) | No. of persons injured | Male,Collapse of structure (Total) | No. of persons injured | Female,Collapse of structure (Total) | No. of persons injured | Total,Collapse of structure (Total) | No. of persons died | Male,Collapse of structure (Total) | No. of persons died | Female,Collapse of structure (Total) | No. of persons died | Total,%share to total deaths (10013),No. of cases (10014),Drowning (Boat capsize) | No. of persons injured | Male,Drowning (Boat capsize) | No. of persons injured | Female,Drowning (Boat capsize) | No. of persons injured | Total,Drowning (Boat capsize) | No. of persons died | Male,Drowning (Boat capsize) | No. of persons died | Female,Drowning (Boat capsize) | No. of persons died | Total,%share to total deaths (Col.51/268)×100,No. of cases (10015),Drowning (Other cases) | No. of persons injured | Male,Drowning (Other cases) | No. of persons injured | Female,Drowning (Other cases) | No. of persons injured | Total,Drowning (Other cases) | No. of persons died | Male,Drowning (Other cases) | No. of persons died | Female,Drowning (Other cases) | No. of persons died | Total,%share to total deaths (Col.58/268)×100,No. of cases (10016),Drowning (Total) | No. of persons injured | Male,Drowning (Total) | No. of persons injured | Female,Drowning (Total) | No. of persons injured | Total,Drowning (Total) | No. of persons died | Male,Drowning (Total) | No. of persons died | Female,Drowning (Total) | No. of persons died | Total,%share to total deaths (10023),No. of cases (10024),Electrocution | No. of persons injured | Male,Electrocution | No. of persons injured | Female,Electrocution | No. of persons injured | Total,Electrocution | No. of persons died | Male,Electrocution | No. of persons died | Female,Electrocution | No. of persons died | Total,%share to total deaths (Col.65/268) ×100,No. of cases (10025),Explosion (Bomb explosion) | No. of persons injured | Male,Explosion (Bomb explosion) | No. of persons injured | Female,Explosion (Bomb explosion) | No. of persons injured | Total,Explosion (Bomb explosion) | No. of persons died | Male,Explosion (Bomb explosion) | No. of persons died | Female,Explosion (Bomb explosion) | No. of persons died | Total,%share to total deaths (Col.72/268) ×100,No. of cases (10026),"Explosion (Others like boilers, gas cyld. etc.) | No. of persons injured | Male","Explosion (Others like boilers, gas cyld. etc.) | No. of persons injured | Female","Explosion (Others like boilers, gas cyld. etc.) | No. of persons injured | Total","Explosion (Others like boilers, gas cyld. etc.) | No. of persons died | Male","Explosion (Others like boilers, gas cyld. etc.) | No. of persons died | Female","Explosion (Others like boilers, gas cyld. etc.) | No. of persons died | Total",%share to total deaths (Col.79/268) ×100,No. of Cases (10027),Explosion (Total) | No. of persons injured | Male,Explosion (Total) | No. of persons injured | Female,Explosion (Total) | No. of persons injured | Total,Explosion (Total) | No. of persons died | Male,Explosion (Total) | No. of persons died | Female,Explosion (Total) | No. of persons died | Total,%Share to Total Deaths,No. of Cases (10035),Fall (from height) | No. of persons injured | Male,Fall (from height) | No. of persons injured | Female,Fall (from height) | No. of persons injured | Total,Fall (from height) | No. of persons died | Male,Fall (from height) | No. of persons died | Female,Fall (from height) | No. of persons died | Total,%share to total deaths (Col.86/268) ×100,No. of Cases (10036),Fall (into pit/manhole etc.) | No. of persons injured | Male,Fall (into pit/manhole etc.) | No. of persons injured | Female,Fall (into pit/manhole etc.) | No. of persons injured | Total,Fall (into pit/manhole etc.) | No. of persons died | Male,Fall (into pit/manhole etc.) | No. of persons died | Female,Fall (into pit/manhole etc.) | No. of persons died | Total,%share to total deaths (Col.93/268) ×100,No. of cases (10037),Falls (Total) | No. of persons injured | Male,Falls (Total) | No. of persons injured | Female,Falls (Total) | No. of persons injured | Total,Falls (Total) | No. of persons died | Male,Falls (Total) | No. of persons died | Female,Falls (Total) | No. of persons died | Total,%Share to total deaths,No. of cases (10045),Factory/Machine Accidents | No. of persons injured | Male,Factory/Machine Accidents | No. of persons injured | Female,Factory/Machine Accidents | No. of persons injured | Total,Factory/Machine Accidents | No. of persons died | Male,Factory/Machine Accidents | No. of persons died | Female,Factory/Machine Accidents | No. of persons died | Total,%share to total deaths (Col.100/268) ×100,No. of cases (10046),Fire (Fireworks/Crackers) | No. of persons injured | Male,Fire (Fireworks/Crackers) | No. of persons injured | Female,Fire (Fireworks/Crackers) | No. of persons injured | Total,Fire (Fireworks/Crackers) | No. of persons died | Male,Fire (Fireworks/Crackers) | No. of persons died | Female,Fire (Fireworks/Crackers) | No. of persons died | Total,%share to total deaths (Col.107/268) ×100,No. of cases (10047),Fire (Short-circuit) | No. of persons injured | Male,Fire (Short-circuit) | No. of persons injured | Female,Fire (Short-circuit) | No. of persons injured | Total,Fire (Short-circuit) | No. of persons died | Male,Fire (Short-circuit) | No. of persons died | Female,Fire (Short-circuit) | No. of persons died | Total,%share to total deaths (Col.114/268) ×100,No. of cases (10048),Fire (Cooking gas cylinder/Stove burst) | No. of persons injured | Male,Fire (Cooking gas cylinder/Stove burst) | No. of persons injured | Female,Fire (Cooking gas cylinder/Stove burst) | No. of persons injured | Total,Fire (Cooking gas cylinder/Stove burst) | No. of persons died | Male,Fire (Cooking gas cylinder/Stove burst) | No. of persons died | Female,Fire (Cooking gas cylinder/Stove burst) | No. of persons died | Total,%share to total deaths (Col.121/268)×100,No. of cases (10049),Other fire accidents | No. of persons injured | Male,Other fire accidents | No. of persons injured | Female,Other fire accidents | No. of persons injured | Total,Other fire accidents | No. of persons died | Male,Other fire accidents | No. of persons died | Female,Other fire accidents | No. of persons died | Total,%share to total deaths (Col.128/268) ×100,No. of cases (10050),Fire (Total) | No. of persons injured | Male,Fire (Total) | No. of persons injured | Female,Fire (Total) | No. of persons injured | Total,Fire (Total) | No. of persons died | Male,Fire (Total) | No. of persons died | Female,Fire (Total) | No. of persons died | Total,%share to total deaths (10057),No. of cases (10058),Fire-arms | No. of persons injured | Male,Fire-arms | No. of persons injured | Female,Fire-arms | No. of persons injured | Total,Fire-arms | No. of persons died | Male,Fire-arms | No. of persons died | Female,Fire-arms | No. of persons died | Total,%share to total deaths (Col.135/268)×100,No. of cases (10059),Sudden death (Heart attacks) | No. of persons injured | Male,Sudden death (Heart attacks) | No. of persons injured | Female,Sudden death (Heart attacks) | No. of persons injured | Total,Sudden death (Heart attacks) | No. of persons died | Male,Sudden death (Heart attacks) | No. of persons died | Female,Sudden death (Heart attacks) | No. of persons died | Total,%share to total deaths (Col.142/268)× 100,No. of cases (10060),Sudden death (Epileptic fits/giddiness) | No. of persons injured | Male,Sudden death (Epileptic fits/giddiness) | No. of persons injured | Female,Sudden death (Epileptic fits/giddiness) | No. of persons injured | Total,Sudden death (Epileptic fits/giddiness) | No. of persons died | Male,Sudden death (Epileptic fits/giddiness) | No. of persons died | Female,Sudden death (Epileptic fits/giddiness) | No. of persons died | Total,%share to total deaths (Col.149/268)×100,No. of cases (10061),Sudden death (Abortion/Child birth) | No. of persons injured | Male,Sudden death (Abortion/Child birth) | No. of persons injured | Female,Sudden death (Abortion/Child birth) | No. of persons injured | Total,Sudden death (Abortion/Child birth) | No. of persons died | Male,Sudden death (Abortion/Child birth) | No. of persons died | Female,Sudden death (Abortion/Child birth) | No. of persons died | Total,%share to total deaths (Col.156/268)×100,No. of cases (10062),Sudden death (Influence of alcohol) | No. of persons injured | Male,Sudden death (Influence of alcohol) | No. of persons injured | Female,Sudden death (Influence of alcohol) | No. of persons injured | Total,Sudden death (Influence of alcohol) | No. of persons died | Male,Sudden death (Influence of alcohol) | No. of persons died | Female,Sudden death (Influence of alcohol) | No. of persons died | Total,%share to total deaths (Col.163/268)×100,No. of cases (10063),Sudden deaths (Total) | No. of persons injured | Male,Sudden deaths (Total) | No. of persons injured | Female,Sudden deaths (Total) | No. of persons injured | Total,Sudden deaths (Total) | No. of persons died | Male,Sudden deaths (Total) | No. of persons died | Female,Sudden deaths (Total) | No. of persons died | Total,%share to total deaths (10070),No. of cases (10071),Killed by animals | No. of persons injured | Male,Killed by animals | No. of persons injured | Female,Killed by animals | No. of persons injured | Total,Killed by animals | No. of Persons Killed | Male,Killed by animals | No. of Persons Killed | Female,Killed by animals | No. of Persons Killed | Total,%share to total deaths (Col.170/268)×100,No. of cases (10072),Mines or Quarry disaster | No. of persons injured | Male,Mines or Quarry disaster | No. of persons injured | Female,Mines or Quarry disaster | No. of persons injured | Total,Mines or Quarry disaster | No. of persons died | Male,Mines or Quarry disaster | No. of persons died | Female,Mines or Quarry disaster | No. of persons died | Total,%share to total deaths (Col.177/268)×100,No. of cases (10073),Poisoning (Food/Accidental intake of insect. etc.) | No. of persons injured | Male,Poisoning (Food/Accidental intake of insect. etc.) | No. of persons injured | Female,Poisoning (Food/Accidental intake of insect. etc.) | No. of persons injured | Total,Poisoning (Food/Accidental intake of insect. etc.) | No. of persons died | Male,Poisoning (Food/Accidental intake of insect. etc.) | No. of persons died | Female,Poisoning (Food/Accidental intake of insect. etc.) | No. of persons died | Total,%share to total deaths (Col.184/268)×100,No. of cases (10074),Poisoning (Spurious/Poisonous liquor) | No. of persons injured | Male,Poisoning (Spurious/Poisonous liquor) | No. of persons injured | Female,Poisoning (Spurious/Poisonous liquor) | No. of persons injured | Total,Poisoning (Spurious/Poisonous liquor) | No. of persons died | Male,Poisoning (Spurious/Poisonous liquor) | No. of persons died | Female,Poisoning (Spurious/Poisonous liquor) | No. of persons died | Total,%share to total deaths (Col.191/268)×100,No. of cases (10075),Poisoning (Leakage of gases etc.) | No. of persons injured | Male,Poisoning (Leakage of gases etc.) | No. of persons injured | Female,Poisoning (Leakage of gases etc.) | No. of persons injured | Total,Poisoning (Leakage of gases etc.) | No. of persons died | Male,Poisoning (Leakage of gases etc.) | No. of persons died | Female,Poisoning (Leakage of gases etc.) | No. of persons died | Total,%share to total deaths (Col.198/268) ×100,No. of cases (10076),Poisoning (Snake bite/Animal bite) | No. of persons injured | Male,Poisoning (Snake bite/Animal bite) | No. of persons injured | Female,Poisoning (Snake bite/Animal bite) | No. of persons injured | Total,Poisoning (Snake bite/Animal bite) | No. of persons died | Male,Poisoning (Snake bite/Animal bite) | No. of persons died | Female,Poisoning (Snake bite/Animal bite) | No. of persons died | Total,%share to total deaths (Col.205/268) ×100,No. of cases (10077),Poisoning (Other) | No. of persons injured | Male,Poisoning (Other) | No. of persons injured | Female,Poisoning (Other) | No. of persons injured | Total,Poisoning (Other) | No. of persons died | Male,Poisoning (Other) | No. of persons died | Female,Poisoning (Other) | No. of persons died | Total,%share to total deaths (Col.212/268)×100,No. of cases (10078),Poisoning (Total) | No. of persons injured | Male (10079),Poisoning (Total) | No. of persons injured | Female (10080),Poisoning (Total) | No. of persons injured | Total (10081),Poisoning (Total) | No. of persons died | Male (10082),Poisoning (Total) | No. of persons died | Female (10083),Poisoning (Total) | No. of persons died | Total (10084),% share total deaths,No. of cases (10086),Poisoning (Total) | No. of persons injured | Male (10087),Poisoning (Total) | No. of persons injured | Female (10088),Poisoning (Total) | No. of persons injured | Total (10089),Poisoning (Total) | No. of persons died | Male (10090),Poisoning (Total) | No. of persons died | Female (10091),Poisoning (Total) | No. of persons died | Total (10092),% share to total deaths (10093),No. of cases (10094),Stampede | No. of persons injured | Male,Stampede | No. of persons injured | Female,Stampede | No. of persons injured | Total,Stampede | No. of persons died | Male,Stampede | No. of persons died | Female,Stampede | No. of persons died | Total,%share to total deaths (Col.219/268)×100,No. of cases (10095),Suffocation | No. of persons injured | Male,Suffocation | No. of persons injured | Female,Suffocation | No. of persons injured | Total,Suffocation | No. of persons died | Male,Suffocation | No. of persons died | Female,Suffocation | No. of persons died | Total,%share to total deaths (Col.226/268)×100,No. of cases (10096),Traffic accidents (Road accidents) | No. of persons injured | Male,Traffic accidents (Road accidents) | No. of persons injured | Female,Traffic accidents (Road accidents) | No. of persons injured | Total,Traffic accidents (Road accidents) | No. of persons died | Male,Traffic accidents (Road accidents) | No. of persons died | Female,Traffic accidents (Road accidents) | No. of persons died | Total,%share to total deaths (Col.233/268)×100,No. of cases (10097),Traffic accidents (Rail-Road accidents) | No. of persons injured | Male,Traffic accidents (Rail-Road accidents) | No. of persons injured | Female,Traffic accidents (Rail-Road accidents) | No. of persons injured | Total,Traffic accidents (Rail-Road accidents) | No. of persons died | Male,Traffic accidents (Rail-Road accidents) | No. of persons died | Female,Traffic accidents (Rail-Road accidents) | No. of persons died | Total,%share to total deaths (Col.240/268)×100,No. of cases (10098),Traffic accidents (Other railway accidents) | No. of persons injured | Male,Traffic accidents (Other railway accidents) | No. of persons injured | Female,Traffic accidents (Other railway accidents) | No. of persons injured | Total,Traffic accidents (Other railway accidents) | No. of persons died | Male,Traffic accidents (Other railway accidents) | No. of persons died | Female,Traffic accidents (Other railway accidents) | No. of persons died | Total,%share to total deaths (Col.247/268)×100,No. of Cases (10099),Traffic accidents (Total) | No. of persons injured | Male (10100),Traffic accidents (Total) | No. of persons injured | Female (10101),Traffic accidents (Total) | No. of persons injured | Total (10102),Traffic accidents (Total) | No. of persons died | Male (10103),Traffic accidents (Total) | No. of persons died | Female (10104),Traffic accidents (Total) | No. of persons died | Total (10105),% Share to Total Deaths,No. of cases (10107),Traffic accidents (Total) | No. of persons injured | Male (10108),Traffic accidents (Total) | No. of persons injured | Female (10109),Traffic accidents (Total) | No. of persons injured | Total (10110),Traffic accidents (Total) | No. of persons died | Male (10111),Traffic accidents (Total) | No. of persons died | Female (10112),Traffic accidents (Total) | No. of persons died | Total (10113),% share to total deaths (10114),No. of cases (10115),Other causes | No. of persons injured | Male,Other causes | No. of persons injured | Female,Other causes | No. of persons injured | Total,Other causes | No. of persons died | Male,Other causes | No. of persons died | Female,Other causes | No. of persons died | Total,%share to total deaths (Col.254/268)× 100,No. of cases (10116),Causes not known | No. of persons injured | Male,Causes not known | No. of persons injured | Female,Causes not known | No. of persons injured | Total,Causes not known | No. of persons died | Male,Causes not known | No. of persons died | Female,Causes not known | No. of persons died | Total,%share to total deaths (Col.261/268)×100,No. of cases (10117),Total | No. of persons injured | Male,Total | No. of persons injured | Female,Total | No. of persons injured | Total,Total | No. of persons killed/died | Male,Total | No. of persons killed/died | Female,Total | No. of persons killed/died | Total,%age share,Rate*
STATES:,1,ANDHRA PRADESH,0,0,0,0,0,0,0,0.0,31,0,3,3,16,18,34,0.1,37,7,6,13,27,16,43,0.1,0,0,0,0,0,0,0,0.0,2,1,2,3,1,1,2,0.0,161,5,7,12,128,38,166,0.6,231,13,18,31,172,73,245,0.8,15,0,0,0,15,5,20,0.1,2008,16,5,21,1711,374,2085,7.2,2023,16,5,21,1726,379,2105,7.3,870,4,1,5,712,168,880,3.1,17,0,0,0,15,2,17,0.1,68,1,0,1,35,32,67,0.2,85,1,0,1,50,34,84,0.3,1130,18,6,24,909,223,1132,3.9,92,0,0,0,88,4,92,0.3,1222,18,6,24,997,227,1224,4.2,50,4,1,5,46,5,51,0.2,31,9,4,13,15,5,20,0.1,270,9,3,12,241,36,277,1.0,274,7,18,25,50,212,262,0.9,825,6,17,23,271,566,837,2.9,1400,31,42,73,577,819,1396,4.8,11,0,1,1,8,6,14,0.0,505,0,0,0,453,54,507,1.8,160,0,0,0,134,26,160,0.6,6,0,0,0,0,6,6,0.0,211,0,0,0,210,8,218,0.8,882,0,0,0,797,94,891,3.1,41,0,0,0,35,6,41,0.1,23,5,1,6,17,2,19,0.1,175,8,5,13,115,50,165,0.6,34,0,0,0,27,8,35,0.1,1,0,0,0,2,0,2,0.0,712,13,0,13,471,231,702,2.4,1234,8,4,12,896,339,1235,4.3,2156,29,9,38,1511,628,2139,7.4,,,,,,,,,0,0,0,0,0,0,0,0.0,4,0,0,0,3,1,4,0.0,39344,36771,9232,46003,12743,2223,14966,51.9,3,0,0,0,5,0,5,0.0,2692,582,94,676,2312,386,2698,9.4,42039,37353,9326,46679,15060,2609,17669,61.3,,,,,,,,,1193,3,0,3,898,309,1207,4.2,860,3,0,3,703,174,877,3.0,53090,37480,9410,46890,23312,5534,28846,7.8,33.6
STATES:,2,ARUNACHAL PRADESH,0,0,0,0,0,0,0,0.0,1,2,0,2,1,0,1,0.3,1,0,0,0,1,0,1,0.3,0,0,0,0,0,0,0,0.0,0,0,0,0,0,0,0,0.0,9,2,0,2,5,5,10,3.2,11,4,0,4,7,5,12,3.8,0,0,0,0,0,0,0,0.0,21,0,0,0,22,2,24,7.6,21,0,0,0,22,2,24,7.6,9,0,0,0,9,0,9,2.9,0,0,0,0,0,0,0,0.0,0,0,0,0,0,0,0,0.0,0,0,0,0,0,0,0,0.0,14,0,0,0,14,0,14,4.4,4,0,0,0,6,0,6,1.9,18,0,0,0,20,0,20,6.3,0,0,0,0,0,0,0,0.0,0,0,0,0,0,0,0,0.0,3,0,0,0,2,1,3,1.0,0,0,0,0,0,0,0,0.0,9,0,0,0,10,4,14,4.4,12,0,0,0,12,5,17,5.4,1,0,0,0,1,0,1,0.3,15,0,0,0,13,2,15,4.8,1,0,0,0,1,0,1,0.3,1,0,0,0,0,1,1,0.3,4,0,0,0,2,2,4,1.3,21,0,0,0,16,5,21,6.7,0,0,0,0,0,0,0,0.0,0,0,0,0,0,0,0,0.0,0,0,0,0,0,0,0,0.0,1,0,0,0,1,0,1,0.3,0,0,0,0,0,0,0,0.0,1,0,0,0,1,0,1,0.3,21,0,0,0,12,8,20,6.3,23,0,0,0,14,8,22,7.0,,,,,,,,,0,0,0,0,0,0,0,0.0,0,0,0,0,0,0,0,0.0,204,238,67,305,112,24,136,43.2,0,0,0,0,0,0,0,0.0,0,0,0,0,0,0,0,0.0,204,238,67,305,112,24,136,43.2,,,,,,,,,10,0,0,0,7,4,11,3.5,42,0,0,0,32,10,42,13.3,372,242,67,309,252,63,315,0.1,25.0
STATES:,3,ASSAM,0,0,0,0,0,0,0,0.0,0,0,0,0,0,0,0,0.0,4,0,0,0,4,0,4,0.1,0,0,0,0,0,0,0,0.0,2,0,0,0,2,0,2,0.0,5,0,0,0,5,1,6,0.1,11,0,0,0,11,1,12,0.3,75,6,3,9,68,7,75,1.6,384,0,0,0,303,85,388,8.4,459,6,3,9,371,92,463,10.0,61,0,0,0,57,4,61,1.3,13,21,2,23,4,1,5,0.1,0,0,0,0,0,0,0,0.0,13,21,2,23,4,1,5,0.1,17,0,0,0,18,0,18,0.4,2,0,0,0,1,1,2,0.0,19,0,0,0,19,1,20,0.4,5,0,0,0,4,1,5,0.1,0,0,0,0,0,0,0,0.0,23,0,0,0,18,5,23,0.5,15,0,0,0,2,14,16,0.3,132,0,0,0,47,87,134,2.9,170,0,0,0,67,106,173,3.7,8,0,0,0,10,0,10,0.2,37,0,0,0,28,9,37,0.8,0,0,0,0,0,0,0,0.0,11,0,0,0,0,11,11,0.2,0,0,0,0,0,0,0,0.0,48,0,0,0,28,20,48,1.0,73,4,1,5,59,14,73,1.6,0,0,0,0,0,0,0,0.0,11,0,0,0,9,2,11,0.2,0,0,0,0,0,0,0,0.0,3,0,0,0,1,2,3,0.1,4,0,0,0,4,0,4,0.1,220,0,0,0,127,93,220,4.8,238,0,0,0,141,97,238,5.2,,,,,,,,,0,0,0,0,0,0,0,0.0,0,0,0,0,0,0,0,0.0,6535,5923,786,6709,2073,218,2291,49.6,29,3,0,3,21,8,29,0.6,500,0,0,0,433,68,501,10.9,7064,5926,786,6712,2527,294,2821,61.1,,,,,,,,,22,0,0,0,18,4,22,0.5,665,0,0,0,508,157,665,14.4,8856,5957,792,6749,3824,792,4616,1.2,14.9
STATES:,4,BIHAR,0,0,0,0,0,0,0,0.0,47,11,7,18,21,13,34,0.3,2,1,0,1,2,0,2,0.0,2,0,0,0,2,0,2,0.0,1,15,21,36,6,12,18,0.2,107,18,7,25,43,39,82,0.8,159,45,35,80,74,64,138,1.4,12,4,1,5,11,32,43,0.4,462,68,33,101,351,162,513,5.0,474,72,34,106,362,194,556,5.4,224,26,7,33,201,33,234,2.3,4,5,1,6,2,1,3,0.0,9,0,6,6,0,12,12,0.1,13,5,7,12,2,13,15,0.1,136,24,10,34,99,25,124,1.2,25,7,1,8,22,2,24,0.2,161,31,11,42,121,27,148,1.4,13,1,0,1,9,3,12,0.1,1,2,0,2,0,0,0,0.0,19,2,1,3,15,4,19,0.2,137,11,19,30,28,110,138,1.4,408,50,37,87,150,270,420,4.1,565,65,57,122,193,384,577,5.7,32,6,1,7,21,10,31,0.3,134,0,0,0,113,21,134,1.3,54,8,2,10,36,10,46,0.5,10,0,0,0,0,10,10,0.1,138,14,0,14,120,0,120,1.2,336,22,2,24,269,41,310,3.0,4,0,0,0,4,1,5,0.0,1,0,0,0,1,0,1,0.0,451,34,35,69,250,196,446,4.4,40,4,0,4,40,4,44,0.4,4,1,0,1,0,3,3,0.0,58,4,0,4,29,27,56,0.5,180,36,50,86,112,56,168,1.6,733,79,85,164,431,286,717,7.0,,,,,,,,,0,0,0,0,0,0,0,0.0,22,8,9,17,22,5,27,0.3,10320,5803,1339,7142,4252,804,5056,49.5,264,7,0,7,225,56,281,2.8,1366,70,41,111,1119,261,1380,13.5,11950,5880,1380,7260,5596,1121,6717,65.8,,,,,,,,,511,0,0,0,365,164,529,5.2,187,0,1,1,141,49,190,1.9,15385,6240,1629,7869,7812,2395,10207,2.7,10.3
STATES:,5,CHHATTISGARH,0,0,0,0,0,0,0,0.0,35,0,0,0,26,11,37,0.3,4,0,0,0,4,0,4,0.0,6,0,0,0,5,1,6,0.0,7,0,0,0,5,2,7,0.0,20,0,0,0,13,13,26,0.2,72,0,0,0,53,27,80,0.6,39,0,0,0,25,17,42,0.3,1541,64,31,95,1087,452,1539,10.9,1580,64,31,95,1112,469,1581,11.2,474,21,1,22,392,82,474,3.4,9,7,0,7,10,0,10,0.1,3,0,0,0,3,0,3,0.0,12,7,0,7,13,0,13,0.1,340,21,8,29,293,46,339,2.4,76,0,0,0,58,18,76,0.5,416,21,8,29,351,64,415,2.9,42,0,0,0,41,1,42,0.3,1,0,0,0,1,0,1,0.0,1,0,0,0,1,0,1,0.0,13,0,0,0,2,11,13,0.1,894,2,7,9,229,665,894,6.3,909,2,7,9,233,676,909,6.4,82,5,0,5,78,4,82,0.6,176,0,0,0,152,24,176,1.2,56,3,0,3,39,17,56,0.4,26,0,0,0,0,26,26,0.2,271,3,0,3,233,38,271,1.9,529,6,0,6,424,105,529,3.7,55,7,1,8,42,13,55,0.4,20,0,0,0,14,6,20,0.1,459,27,17,44,295,164,459,3.2,39,0,0,0,29,10,39,0.3,0,0,0,0,0,0,0,0.0,759,25,23,48,442,318,760,5.4,344,0,0,0,249,140,389,2.8,1601,52,40,92,1015,632,1647,11.7,,,,,,,,,0,0,0,0,0,0,0,0.0,519,0,0,0,392,127,519,3.7,13511,11029,2459,13488,2736,431,3167,22.4,43,0,0,0,35,10,45,0.3,509,0,0,0,416,95,511,3.6,14063,11029,2459,13488,3187,536,3723,26.3,,,,,,,,,2062,4,2,6,1551,511,2062,14.6,1974,0,0,0,1426,557,1983,14.0,24410,11218,2549,13767,10324,3810,14134,3.8,57.2
STATES:,6,GOA,1,0,0,0,3,0,3,0.4,0,0,0,0,0,0,0,0.0,0,0,0,0,0,0,0,0.0,0,0,0,0,0,0,0,0.0,0,0,0,0,0,0,0,0.0,3,0,0,0,3,0,3,0.4,3,0,0,0,3,0,3,0.4,0,0,0,0,0,0,0,0.0,107,0,0,0,119,9,128,15.2,107,0,0,0,119,9,128,15.2,19,2,2,4,21,2,23,2.7,0,0,0,0,0,0,0,0.0,0,0,0,0,0,0,0,0.0,0,0,0,0,0,0,0,0.0,81,0,0,0,85,10,95,11.3,18,0,0,0,19,1,20,2.4,99,0,0,0,104,11,115,13.6,1,0,0,0,1,0,1,0.1,0,0,0,0,0,0,0,0.0,0,0,0,0,0,0,0,0.0,2,0,0,0,1,3,4,0.5,21,0,0,0,7,15,22,2.6,23,0,0,0,8,18,26,3.1,0,0,0,0,0,0,0,0.0,7,0,0,0,8,0,8,0.9,1,0,0,0,1,1,2,0.2,3,0,0,0,0,3,3,0.4,5,0,0,0,7,0,7,0.8,16,0,0,0,16,4,20,2.4,1,0,0,0,1,0,1,0.1,1,4,0,4,3,0,3,0.4,5,0,0,0,3,2,5,0.6,0,0,0,0,0,0,0,0.0,0,0,0,0,0,0,0,0.0,3,0,0,0,2,2,4,0.5,2,0,0,0,0,2,2,0.2,10,0,0,0,5,6,11,1.3,,,,,,,,,0,0,0,0,0,0,0,0.0,0,0,0,0,0,0,0,0.0,4288,1644,482,2126,265,37,302,35.8,0,0,0,0,0,0,0,0.0,74,0,0,0,65,9,74,8.8,4362,1644,482,2126,330,46,376,44.5,,,,,,,,,71,0,0,0,54,23,77,9.1,49,0,0,0,41,16,57,6.8,4763,1650,484,2134,709,135,844,0.2,46.0
STATES:,7,GUJARAT,1,0,0,0,9,0,9,0.0,61,4,4,8,42,21,63,0.3,50,0,0,0,39,11,50,0.2,3,0,0,0,6,1,7,0.0,2,0,0,0,2,0,2,0.0,81,6,4,10,58,25,83,0.4,197,10,8,18,147,58,205,0.9,126,8,2,10,122,28,150,0.6,1545,14,11,25,1257,304,1561,6.7,1671,22,13,35,1379,332,1711,7.4,516,7,2,9,420,98,518,2.2,0,0,0,0,0,0,0,0.0,3,0,0,0,2,1,3,0.0,3,0,0,0,2,1,3,0.0,1238,22,5,27,1042,179,1221,5.3,304,18,6,24,242,41,283,1.2,1542,40,11,51,1284,220,1504,6.5,171,6,0,6,153,12,165,0.7,27,2,0,2,11,14,25,0.1,298,0,0,0,239,61,300,1.3,813,4,0,4,203,620,823,3.5,1223,25,46,71,395,807,1202,5.2,2361,31,46,77,848,1502,2350,10.1,5,0,0,0,3,2,5,0.0,2464,0,0,0,2202,268,2470,10.6,593,3,0,3,474,121,595,2.6,41,0,0,0,0,41,41,0.2,17,0,0,0,13,5,18,0.1,3115,3,0,3,2689,435,3124,13.4,45,0,0,0,35,11,46,0.2,6,0,0,0,9,1,10,0.0,472,19,27,46,271,178,449,1.9,139,0,0,0,100,43,143,0.6,43,0,0,0,37,11,48,0.2,618,25,16,41,366,224,590,2.5,563,0,0,0,396,170,566,2.4,1835,44,43,87,1170,626,1796,7.7,,,,,,,,,9,23,25,48,7,8,15,0.1,86,0,0,0,67,19,86,0.4,27267,21902,5352,27254,6639,1216,7855,33.8,56,0,0,0,46,10,56,0.2,1068,0,0,0,935,142,1077,4.6,28391,21902,5352,27254,7620,1368,8988,38.6,,,,,,,,,1953,0,0,0,1461,356,1817,7.8,925,17,12,29,703,202,905,3.9,42832,22105,5512,27617,18006,5251,23257,6.3,38.7
STATES:,8,HARYANA,0,0,0,0,0,0,0,0.0,10,0,0,0,9,1,10,0.1,3,0,0,0,2,1,3,0.0,0,0,0,0,0,0,0,0.0,0,0,0,0,0,0,0,0.0,21,0,0,0,19,2,21,0.2,34,0,0,0,30,4,34,0.3,0,0,0,0,0,0,0,0.0,682,0,0,0,611,80,691,6.2,682,0,0,0,611,80,691,6.2,370,0,0,0,331,39,370,3.3,0,0,0,0,0,0,0,0.0,10,0,0,0,9,1,10,0.1,10,0,0,0,9,1,10,0.1,271,0,0,0,238,33,271,2.4,40,0,0,0,35,5,40,0.4,311,0,0,0,273,38,311,2.8,31,0,0,0,32,0,32,0.3,0,0,0,0,0,0,0,0.0,28,0,0,0,28,0,28,0.2,144,0,0,0,44,100,144,1.3,182,0,0,0,89,88,177,1.6,354,0,0,0,161,188,349,3.1,20,0,0,0,19,2,21,0.2,628,0,0,0,570,58,628,5.6,92,0,0,0,74,18,92,0.8,33,0,0,0,0,31,31,0.3,367,0,0,0,366,1,367,3.3,1120,0,0,0,1010,108,1118,10.0,8,0,0,0,6,2,8,0.1,9,0,0,0,0,9,9,0.1,406,0,0,0,290,116,406,3.6,3,0,0,0,1,2,3,0.0,6,0,0,0,5,1,6,0.1,72,0,0,0,65,7,72,0.6,379,0,0,0,267,110,377,3.4,866,0,0,0,628,236,864,7.7,,,,,,,,,2,0,0,0,2,0,2,0.0,46,0,0,0,29,17,46,0.4,9971,8270,1180,9450,4133,465,4598,40.9,15,0,0,0,17,3,20,0.2,1264,0,0,0,1119,145,1264,11.3,11250,8270,1180,9450,5269,613,5882,52.4,,,,,,,,,1308,10,3,13,1102,230,1332,11.9,150,0,0,0,124,26,150,1.3,16571,8280,1183,9463,9636,1593,11229,3.0,43.2
STATES:,9,HIMACHAL PRADESH,0,0,0,0,0,0,0,0.0,0,0,0,0,0,0,0,0.0,1,0,0,0,1,0,1,0.0,0,0,0,0,0,0,0,0.0,3,0,0,0,3,0,3,0.1,2,0,0,0,2,0,2,0.1,6,0,0,0,6,0,6,0.2,0,0,0,0,0,0,0,0.0,143,4,1,5,114,30,144,5.4,143,4,1,5,114,30,144,5.4,16,0,0,0,14,2,16,0.6,0,0,0,0,0,0,0,0.0,1,0,0,0,1,0,1,0.0,1,0,0,0,1,0,1,0.0,344,5,1,6,311,40,351,13.2,9,0,0,0,8,1,9,0.3,353,5,1,6,319,41,360,13.5,16,4,0,4,14,1,15,0.6,0,0,0,0,0,0,0,0.0,21,0,0,0,21,0,21,0.8,12,2,0,2,2,9,11,0.4,52,4,4,8,22,29,51,1.9,85,6,4,10,45,38,83,3.1,1,0,0,0,1,0,1,0.0,200,0,0,0,185,15,200,7.5,2,0,0,0,2,0,2,0.1,3,0,0,0,0,3,3,0.1,77,0,0,0,77,0,77,2.9,282,0,0,0,264,18,282,10.6,5,0,0,0,3,2,5,0.2,0,0,0,0,0,0,0,0.0,159,2,3,5,97,63,160,6.0,0,0,0,0,0,0,0,0.0,3,0,0,0,3,0,3,0.1,18,0,0,0,13,5,18,0.7,75,0,0,0,40,35,75,2.8,255,2,3,5,153,103,256,9.6,,,,,,,,,0,0,0,0,0,0,0,0.0,9,0,0,0,10,0,10,0.4,2899,4247,1199,5446,956,153,1109,41.6,0,0,0,0,0,0,0,0.0,14,0,0,0,13,1,14,0.5,2913,4247,1199,5446,969,154,1123,42.2,,,,,,,,,329,26,14,40,264,66,330,12.4,31,0,0,0,26,5,31,1.2,4445,4294,1222,5516,2203,460,2663,0.7,38.7
STATES:,10,JAMMU & KASHMIR,0,0,0,0,0,0,0,0.0,3,2,0,2,2,2,4,0.2,2,0,0,0,2,0,2,0.1,0,0,0,0,0,0,0,0.0,0,0,0,0,0,0,0,0.0,10,7,2,9,5,6,11,0.5,15,9,2,11,9,8,17,0.8,1,0,0,0,1,1,2,0.1,70,1,1,2,53,15,68,3.3,71,1,1,2,54,16,70,3.4,19,4,0,4,14,1,15,0.7,3,9,0,9,0,0,0,0.0,13,13,5,18,1,3,4,0.2,16,22,5,27,1,3,4,0.2,50,6,2,8,33,16,49,2.4,1,0,0,0,1,0,1,0.0,51,6,2,8,34,16,50,2.4,13,6,2,8,11,2,13,0.6,5,3,2,5,4,1,5,0.2,11,4,1,5,6,2,8,0.4,9,5,4,9,3,4,7,0.3,21,3,2,5,12,8,20,1.0,46,15,9,24,25,15,40,2.0,22,10,0,10,18,0,18,0.9,70,4,0,4,52,14,66,3.2,0,0,0,0,0,0,0,0.0,3,0,1,1,0,2,2,0.1,10,0,0,0,10,0,10,0.5,83,4,1,5,62,16,78,3.8,0,0,0,0,0,0,0,0.0,0,0,0,0,0,0,0,0.0,14,0,1,1,5,8,13,0.6,41,0,1,1,9,8,17,0.8,3,0,0,0,3,0,3,0.1,11,5,3,8,2,1,3,0.1,57,0,0,0,24,17,41,2.0,126,5,5,10,43,34,77,3.8,,,,,,,,,0,0,0,0,0,0,0,0.0,1,0,0,0,1,0,1,0.0,6637,7433,1776,9209,1199,227,1426,69.6,44,0,0,0,40,4,44,2.1,15,0,0,0,14,1,15,0.7,6696,7433,1776,9209,1253,232,1485,72.5,,,,,,,,,79,8,3,11,119,13,132,6.4,46,13,4,17,35,13,48,2.3,7284,7536,1810,9346,1679,369,2048,0.6,17.2
STATES:,11,JHARKHAND,0,0,0,0,0,0,0,0.0,6,2,1,3,3,4,7,0.1,2,1,0,1,2,0,2,0.0,2,0,0,0,2,0,2,0.0,2,0,0,0,12,0,12,0.2,46,12,7,19,30,21,51,0.9,58,15,8,23,49,25,74,1.3,4,1,0,1,4,0,4,0.1,375,34,7,41,258,90,348,6.1,379,35,7,42,262,90,352,6.2,91,7,1,8,180,25,205,3.6,1,1,0,1,1,0,1,0.0,5,1,2,3,2,2,4,0.1,6,2,2,4,3,2,5,0.1,146,6,2,8,126,16,142,2.5,34,1,1,2,32,6,38,0.7,180,7,3,10,158,22,180,3.2,31,1,0,1,27,4,31,0.5,24,0,0,0,9,15,24,0.4,21,0,0,0,18,3,21,0.4,43,3,7,10,7,27,34,0.6,324,8,17,25,75,247,322,5.7,412,11,24,35,109,292,401,7.1,1,0,0,0,1,0,1,0.0,88,0,0,0,72,16,88,1.6,27,2,0,2,18,8,26,0.5,6,0,0,0,0,6,6,0.1,100,9,3,12,90,10,100,1.8,221,11,3,14,180,40,220,3.9,79,5,7,12,54,22,76,1.3,23,0,1,1,19,4,23,0.4,185,1,5,6,106,101,207,3.7,29,0,0,0,24,11,35,0.6,12,1,1,2,7,3,10,0.2,41,3,2,5,16,23,39,0.7,110,1,2,3,73,36,109,1.9,377,6,10,16,226,174,400,7.1,,,,,,,,,0,0,0,0,0,0,0,0.0,33,0,1,1,20,14,34,0.6,4625,3612,603,4215,2150,362,2512,44.4,0,0,0,0,0,0,0,0.0,602,0,0,0,489,113,602,10.6,5227,3612,603,4215,2639,475,3114,55.0,,,,,,,,,300,9,4,13,236,71,307,5.4,235,3,9,12,207,31,238,4.2,7653,3724,683,4407,4370,1291,5661,1.5,17.7
STATES:,12,KARNATAKA,0,0,0,0,0,0,0,0.0,18,0,0,0,14,6,20,0.1,17,0,0,0,16,2,18,0.1,0,0,0,0,0,0,0,0.0,1,0,0,0,1,0,1,0.0,85,8,3,11,83,8,91,0.4,121,8,3,11,114,16,130,0.6,23,0,0,0,28,0,28,0.1,1660,2,1,3,1341,374,1715,7.7,1683,2,1,3,1369,374,1743,7.8,356,0,0,0,311,46,357,1.6,0,0,0,0,0,0,0,0.0,9,0,0,0,6,3,9,0.0,9,0,0,0,6,3,9,0.0,499,1,1,2,456,51,507,2.3,10,0,0,0,9,1,10,0.0,509,1,1,2,465,52,517,2.3,46,24,0,24,38,1,39,0.2,0,0,0,0,0,0,0,0.0,71,2,1,3,61,7,68,0.3,368,0,0,0,100,278,378,1.7,990,4,3,7,340,721,1061,4.8,1429,6,4,10,501,1006,1507,6.7,4,0,0,0,5,0,5,0.0,652,0,0,0,582,71,653,2.9,148,0,0,0,131,20,151,0.7,13,0,0,0,0,13,13,0.1,414,0,0,0,404,11,415,1.9,1227,0,0,0,1117,115,1232,5.5,45,1,0,1,39,5,44,0.2,9,8,0,8,8,0,8,0.0,177,2,0,2,130,56,186,0.8,188,0,0,0,146,65,211,0.9,21,0,0,0,20,6,26,0.1,652,2,0,2,406,262,668,3.0,1138,12,3,15,864,270,1134,5.1,2176,16,3,19,1566,659,2225,10.0,,,,,,,,,9,0,0,0,7,2,9,0.0,0,0,0,0,0,0,0,0.0,44448,47614,11045,58659,8067,1381,9448,42.3,0,0,0,0,0,0,0,0.0,1679,0,0,0,1195,167,1362,6.1,46127,47614,11045,58659,9262,1548,10810,48.4,,,,,,,,,1667,578,114,692,1301,434,1735,7.8,3344,0,0,0,1366,594,1960,8.8,58761,48258,11171,59429,17475,4855,22330,6.0,37.1
STATES:,13,KERALA,0,0,0,0,0,0,0,0.0,7,1,0,1,7,1,8,0.1,21,4,1,5,23,1,24,0.2,0,0,0,0,0,0,0,0.0,0,0,0,0,0,0,0,0.0,33,5,0,5,30,5,35,0.3,61,10,1,11,60,7,67,0.6,7,0,0,0,7,1,8,0.1,1547,5,1,6,1263,307,1570,14.3,1554,5,1,6,1270,308,1578,14.3,195,3,0,3,169,27,196,1.8,0,0,0,0,0,0,0,0.0,4,0,0,0,3,1,4,0.0,4,0,0,0,3,1,4,0.0,712,8,0,8,655,48,703,6.4,58,0,0,0,45,14,59,0.5,770,8,0,8,700,62,762,6.9,15,0,0,0,15,0,15,0.1,4,2,0,2,4,0,4,0.0,17,0,0,0,12,5,17,0.2,27,0,0,0,3,24,27,0.2,233,0,0,0,81,154,235,2.1,281,2,0,2,100,183,283,2.6,1,0,0,0,1,0,1,0.0,1810,0,0,0,1595,215,1810,16.4,167,0,0,0,131,36,167,1.5,16,0,0,0,0,16,16,0.1,170,0,0,0,170,0,170,1.5,2163,0,0,0,1896,267,2163,19.6,25,0,0,0,21,4,25,0.2,4,0,0,0,6,0,6,0.1,18,0,0,0,9,10,19,0.2,1,0,0,0,1,0,1,0.0,0,0,0,0,0,0,0,0.0,64,0,0,0,44,20,64,0.6,119,0,0,0,87,32,119,1.1,202,0,0,0,141,62,203,1.8,,,,,,,,,1,0,0,0,1,0,1,0.0,12,0,0,0,12,1,13,0.1,36174,32432,9483,41915,3595,691,4286,38.9,0,0,0,0,0,0,0,0.0,537,2,0,2,454,90,544,4.9,36711,32434,9483,41917,4049,781,4830,43.9,,,,,,,,,569,1,0,1,465,105,570,5.2,286,0,0,0,229,62,291,2.6,42854,32463,9485,41948,9138,1870,11008,3.0,31.6
STATES:,14,MADHYA PRADESH,0,0,0,0,0,0,0,0.0,135,4,5,9,94,41,135,0.4,3,0,0,0,2,1,3,0.0,13,0,0,0,8,5,13,0.0,1,0,0,0,0,1,1,0.0,135,17,7,24,94,38,132,0.4,287,21,12,33,198,86,284,0.8,107,6,2,8,92,20,112,0.3,4357,5,4,9,2979,1410,4389,12.4,4464,11,6,17,3071,1430,4501,12.7,1492,3,0,3,1258,241,1499,4.2,9,0,0,0,8,1,9,0.0,17,3,0,3,12,5,17,0.0,26,3,0,3,20,6,26,0.1,762,0,0,0,606,156,762,2.2,206,1,0,1,149,57,206,0.6,968,1,0,1,755,213,968,2.7,75,2,0,2,57,16,73,0.2,7,0,0,0,6,1,7,0.0,74,2,0,2,59,13,72,0.2,189,0,0,0,34,155,189,0.5,2760,9,8,17,856,1920,2776,7.9,3030,11,8,19,955,2089,3044,8.6,205,86,10,96,136,11,147,0.4,839,0,0,0,710,133,843,2.4,112,1,1,2,80,32,112,0.3,152,0,1,1,0,151,151,0.4,564,3,0,3,548,16,564,1.6,1667,4,2,6,1338,332,1670,4.7,102,0,0,0,82,20,102,0.3,91,0,0,0,52,46,98,0.3,2004,24,24,48,1172,864,2036,5.8,15,0,0,0,15,0,15,0.0,4,0,0,0,6,0,6,0.0,2465,0,5,5,1318,1159,2477,7.0,387,0,0,0,247,143,390,1.1,4875,24,29,53,2758,2166,4924,13.9,,,,,,,,,14,0,0,0,12,3,15,0.0,611,0,0,0,439,182,621,1.8,29173,23795,4256,28051,7270,1236,8506,24.1,289,2,0,2,249,40,289,0.8,1974,0,0,0,1751,225,1976,5.6,31436,23797,4256,28053,9270,1501,10771,30.5,,,,,,,,,3562,0,0,0,2689,937,3626,10.3,2927,1,1,2,2280,654,2934,8.3,55832,23964,4324,28288,25370,9933,35303,9.5,47.9
STATES:,15,MAHARASHTRA,0,0,0,0,0,0,0,0.0,93,19,9,28,55,25,80,0.1,43,21,9,30,33,3,36,0.1,0,0,0,0,0,0,0,0.0,0,0,0,0,0,0,0,0.0,301,160,41,201,83,21,104,0.2,437,200,59,259,171,49,220,0.4,19,0,0,0,17,3,20,0.0,4711,81,66,147,3538,1144,4682,7.6,4730,81,66,147,3555,1147,4702,7.6,1456,181,65,246,1023,212,1235,2.0,2,1,0,1,1,0,1,0.0,22,28,4,32,18,5,23,0.0,24,29,4,33,19,5,24,0.0,2454,338,99,437,1789,230,2019,3.3,1150,564,164,728,347,82,429,0.7,3604,902,263,1165,2136,312,2448,4.0,450,304,33,337,117,5,122,0.2,27,15,9,24,2,3,5,0.0,200,35,14,49,129,25,154,0.2,453,20,20,40,90,344,434,0.7,6143,628,1231,1859,1075,3267,4342,7.0,6823,698,1274,1972,1296,3639,4935,8.0,5,1,0,1,4,0,4,0.0,10684,2494,1735,4229,5566,900,6466,10.5,1843,181,80,261,1249,334,1583,2.6,475,0,23,23,0,452,452,0.7,1897,370,13,383,1492,22,1514,2.5,14899,3045,1851,4896,8307,1708,10015,16.2,258,99,36,135,109,19,128,0.2,17,3,0,3,17,1,18,0.0,3514,1492,1165,2657,620,282,902,1.5,22,0,0,0,14,8,22,0.0,3,0,0,0,3,1,4,0.0,5739,2575,2110,4685,631,444,1075,1.7,1236,470,357,827,317,122,439,0.7,10514,4537,3632,8169,1585,857,2442,4.0,,,,,,,,,1,0,0,0,1,0,1,0.0,90,6,1,7,54,31,85,0.1,45247,35071,8687,43758,12120,1816,13936,22.6,38,0,0,0,32,6,38,0.1,8564,2982,470,3452,4574,544,5118,8.3,53849,38053,9157,47210,16726,2366,19092,30.9,,,,,,,,,21251,4111,1621,5732,12154,3466,15620,25.3,631,1,2,3,501,122,623,1.0,119039,52251,18064,70315,47775,13939,61714,16.6,53.8
STATES:,16,MANIPUR,0,0,0,0,0,0,0,0.0,0,0,0,0,0,0,0,0.0,0,0,0,0,0,0,0,0.0,0,0,0,0,0,0,0,0.0,0,0,0,0,0,0,0,0.0,13,0,0,0,12,1,13,3.8,13,0,0,0,12,1,13,3.8,0,0,0,0,0,0,0,0.0,17,0,0,0,14,3,17,5.0,17,0,0,0,14,3,17,5.0,6,0,0,0,5,1,6,1.8,135,74,18,92,11,0,11,3.2,0,0,0,0,0,0,0,0.0,135,74,18,92,11,0,11,3.2,11,0,0,0,12,0,12,3.5,0,0,0,0,0,0,0,0.0,11,0,0,0,12,0,12,3.5,0,0,0,0,0,0,0,0.0,0,0,0,0,0,0,0,0.0,0,0,0,0,0,0,0,0.0,1,0,0,0,0,1,1,0.3,3,0,0,0,2,1,3,0.9,4,0,0,0,2,2,4,1.2,4,0,0,0,4,0,4,1.2,6,0,0,0,6,0,6,1.8,1,0,0,0,1,0,1,0.3,0,0,0,0,0,0,0,0.0,0,0,0,0,0,0,0,0.0,7,0,0,0,7,0,7,2.1,0,0,0,0,0,0,0,0.0,0,0,0,0,0,0,0,0.0,0,0,0,0,0,0,0,0.0,0,0,0,0,0,0,0,0.0,0,0,0,0,0,0,0,0.0,0,0,0,0,0,0,0,0.0,2,0,0,0,0,2,2,0.6,2,0,0,0,0,2,2,0.6,,,,,,,,,0,0,0,0,0,0,0,0.0,0,0,0,0,0,0,0,0.0,771,1195,196,1391,130,28,158,46.3,0,0,0,0,0,0,0,0.0,0,0,0,0,0,0,0,0.0,771,1195,196,1391,130,28,158,46.3,,,,,,,,,52,0,0,0,36,16,52,15.2,54,0,0,0,47,8,55,16.1,1076,1269,214,1483,280,61,341,0.1,13.7
STATES:,17,MEGHALAYA,0,0,0,0,0,0,0,0.0,0,0,0,0,0,0,0,0.0,1,0,0,0,1,0,1,0.2,0,0,0,0,0,0,0,0.0,0,0,0,0,0,0,0,0.0,3,0,0,0,1,2,3,0.7,4,0,0,0,2,2,4,0.9,1,0,0,0,1,0,1,0.2,47,0,0,0,46,9,55,12.5,48,0,0,0,47,9,56,12.7,16,0,0,0,11,5,16,3.6,1,0,0,0,1,0,1,0.2,3,0,0,0,1,2,3,0.7,4,0,0,0,2,2,4,0.9,25,0,0,0,23,4,27,6.1,1,0,0,0,0,1,1,0.2,26,0,0,0,23,5,28,6.3,0,0,0,0,0,0,0,0.0,0,0,0,0,0,0,0,0.0,0,0,0,0,0,0,0,0.0,2,0,0,0,0,2,2,0.5,17,0,0,0,9,8,17,3.9,19,0,0,0,9,10,19,4.3,1,0,0,0,1,0,1,0.2,13,0,0,0,12,1,13,2.9,1,0,0,0,1,0,1,0.2,1,0,0,0,0,1,1,0.2,15,0,0,0,15,0,15,3.4,30,0,0,0,28,2,30,6.8,4,0,0,0,3,1,4,0.9,5,0,0,0,7,0,7,1.6,0,0,0,0,0,0,0,0.0,0,0,0,0,0,0,0,0.0,1,0,0,0,3,0,3,0.7,0,0,0,0,0,0,0,0.0,0,0,0,0,0,0,0,0.0,1,0,0,0,3,0,3,0.7,,,,,,,,,0,0,0,0,0,0,0,0.0,1,0,0,0,1,0,1,0.2,355,299,51,350,186,27,213,48.3,0,0,0,0,0,0,0,0.0,0,0,0,0,0,0,0,0.0,355,299,51,350,186,27,213,48.3,,,,,,,,,21,0,0,0,24,3,27,6.1,24,0,0,0,26,2,28,6.3,559,299,51,350,373,68,441,0.1,16.6
STATES:,18,MIZORAM,0,0,0,0,0,0,0,0.0,0,0,0,0,0,0,0,0.0,0,0,0,0,0,0,0,0.0,0,0,0,0,0,0,0,0.0,0,0,0,0,0,0,0,0.0,0,0,0,0,0,0,0,0.0,0,0,0,0,0,0,0,0.0,19,0,0,0,16,4,20,6.7,27,0,0,0,18,1,19,6.4,46,0,0,0,34,5,39,13.1,7,0,0,0,6,1,7,2.3,1,0,0,0,1,0,1,0.3,1,0,0,0,1,0,1,0.3,2,0,0,0,2,0,2,0.7,32,0,0,0,30,2,32,10.7,0,0,0,0,0,0,0,0.0,32,0,0,0,30,2,32,10.7,0,0,0,0,0,0,0,0.0,0,0,0,0,0,0,0,0.0,0,0,0,0,0,0,0,0.0,0,0,0,0,0,0,0,0.0,5,0,0,0,3,2,5,1.7,5,0,0,0,3,2,5,1.7,3,0,0,0,3,0,3,1.0,13,0,0,0,12,1,13,4.4,0,0,0,0,0,0,0,0.0,1,0,0,0,0,1,1,0.3,5,0,0,0,5,0,5,1.7,19,0,0,0,17,2,19,6.4,1,0,0,0,1,0,1,0.3,2,0,0,0,2,0,2,0.7,2,0,0,0,2,0,2,0.7,0,0,0,0,0,0,0,0.0,0,0,0,0,0,0,0,0.0,1,0,0,0,1,0,1,0.3,24,0,0,0,21,3,24,8.1,27,0,0,0,24,3,27,9.1,,,,,,,,,0,0,0,0,0,0,0,0.0,0,0,0,0,0,0,0,0.0,110,111,61,172,62,15,77,25.8,0,0,0,0,0,0,0,0.0,0,0,0,0,0,0,0,0.0,110,111,61,172,62,15,77,25.8,,,,,,,,,72,0,0,0,67,5,72,24.2,12,0,0,0,11,1,12,4.0,338,111,61,172,262,36,298,0.1,29.2
STATES:,19,NAGALAND,0,0,0,0,0,0,0,0.0,0,0,0,0,0,0,0,0.0,0,0,0,0,0,0,0,0.0,0,0,0,0,0,0,0,0.0,0,0,0,0,0,0,0,0.0,0,0,0,0,0,0,0,0.0,0,0,0,0,0,0,0,0.0,0,0,0,0,0,0,0,0.0,1,0,0,0,1,0,1,1.2,1,0,0,0,1,0,1,1.2,1,0,0,0,1,0,1,1.2,0,0,0,0,0,0,0,0.0,0,0,0,0,0,0,0,0.0,0,0,0,0,0,0,0,0.0,3,0,0,0,2,1,3,3.6,1,0,0,0,1,0,1,1.2,4,0,0,0,3,1,4,4.8,0,0,0,0,0,0,0,0.0,0,0,0,0,0,0,0,0.0,0,0,0,0,0,0,0,0.0,0,0,0,0,0,0,0,0.0,2,0,0,0,4,1,5,6.0,2,0,0,0,4,1,5,6.0,4,0,0,0,4,0,4,4.8,4,0,0,0,4,0,4,4.8,0,0,0,0,0,0,0,0.0,0,0,0,0,0,0,0,0.0,0,0,0,0,0,0,0,0.0,4,0,0,0,4,0,4,4.8,1,0,0,0,0,1,1,1.2,0,0,0,0,0,0,0,0.0,0,0,0,0,0,0,0,0.0,0,0,0,0,0,0,0,0.0,0,0,0,0,0,0,0,0.0,0,0,0,0,0,0,0,0.0,0,0,0,0,0,0,0,0.0,0,0,0,0,0,0,0,0.0,,,,,,,,,0,0,0,0,0,0,0,0.0,0,0,0,0,0,0,0,0.0,42,32,6,38,49,7,56,67.5,0,0,0,0,0,0,0,0.0,0,0,0,0,0,0,0,0.0,42,32,6,38,49,7,56,67.5,,,,,,,,,7,0,0,0,6,1,7,8.4,0,0,0,0,0,0,0,0.0,66,32,6,38,72,11,83,0.0,3.6
STATES:,20,ODISHA,0,0,0,0,0,0,0,0.0,15,0,0,0,11,4,15,0.1,1,0,0,0,1,0,1,0.0,0,0,0,0,0,0,0,0.0,0,0,0,0,0,0,0,0.0,15,0,0,0,13,2,15,0.1,31,0,0,0,25,6,31,0.3,4,0,0,0,3,1,4,0.0,623,0,0,0,448,180,628,5.4,627,0,0,0,451,181,632,5.5,191,2,0,2,168,23,191,1.7,3,1,0,1,0,2,2,0.0,1,1,0,1,1,0,1,0.0,4,2,0,2,1,2,3,0.0,340,0,0,0,291,49,340,2.9,5,0,0,0,3,2,5,0.0,345,0,0,0,294,51,345,3.0,10,3,0,3,10,2,12,0.1,8,0,0,0,8,0,8,0.1,68,0,0,0,59,12,71,0.6,20,0,2,2,2,18,20,0.2,542,0,0,0,229,315,544,4.7,638,0,2,2,298,345,643,5.6,3,0,0,0,3,0,3,0.0,225,0,0,0,184,41,225,1.9,70,0,0,0,45,25,70,0.6,5,0,0,0,0,5,5,0.0,39,0,0,0,39,0,39,0.3,339,0,0,0,268,71,339,2.9,79,0,0,0,59,22,81,0.7,17,0,0,0,9,8,17,0.1,386,0,0,0,194,192,386,3.3,44,0,0,0,44,0,44,0.4,0,0,0,0,0,0,0,0.0,537,0,0,0,351,188,539,4.7,586,0,0,0,357,230,587,5.1,1553,0,0,0,946,610,1556,13.5,,,,,,,,,1,0,0,0,0,1,1,0.0,164,0,0,0,133,31,164,1.4,9285,8546,2169,10715,3161,540,3701,32.1,404,0,0,0,349,58,407,3.5,42,0,0,0,32,10,42,0.4,9731,8546,2169,10715,3542,608,4150,36.0,,,,,,,,,1130,0,0,0,770,361,1131,9.8,2228,0,0,0,1557,683,2240,19.4,17091,8553,2171,10724,8534,3005,11539,3.1,28.0
STATES:,21,PUNJAB,0,0,0,0,0,0,0,0.0,37,6,7,13,42,34,76,0.8,43,4,1,5,32,1,33,0.3,0,0,0,0,0,0,0,0.0,10,5,3,8,5,0,5,0.1,104,17,4,21,92,29,121,1.2,194,32,15,47,171,64,235,2.4,0,0,0,0,0,0,0,0.0,545,22,2,24,435,72,507,5.1,545,22,2,24,435,72,507,5.1,260,12,3,15,247,16,263,2.6,0,0,0,0,0,0,0,0.0,23,8,6,14,18,8,26,0.3,23,8,6,14,18,8,26,0.3,151,0,0,0,140,15,155,1.6,18,0,0,0,17,4,21,0.2,169,0,0,0,157,19,176,1.8,61,7,0,7,57,4,61,0.6,18,0,0,0,10,8,18,0.2,30,2,1,3,41,9,50,0.5,171,6,10,16,41,138,179,1.8,113,13,3,16,58,57,115,1.2,332,21,14,35,150,212,362,3.6,19,0,0,0,18,1,19,0.2,670,8,0,8,594,62,656,6.6,120,0,0,0,94,26,120,1.2,22,0,3,3,0,13,13,0.1,284,2,0,2,268,5,273,2.7,1096,10,3,13,956,106,1062,10.7,14,4,2,6,10,3,13,0.1,0,0,0,0,0,0,0,0.0,404,0,0,0,274,130,404,4.1,20,0,0,0,19,1,20,0.2,12,0,0,0,9,3,12,0.1,42,2,0,2,36,7,43,0.4,276,5,2,7,197,57,254,2.6,754,7,2,9,535,198,733,7.4,,,,,,,,,0,0,0,0,0,0,0,0.0,22,0,0,0,21,2,23,0.2,6328,3216,777,3993,4037,758,4795,48.3,13,4,0,4,15,10,25,0.3,940,0,0,0,838,102,940,9.5,7281,3220,777,3997,4890,870,5760,58.0,,,,,,,,,460,4,1,5,481,58,539,5.4,157,0,0,0,132,19,151,1.5,11387,3347,825,4172,8278,1652,9930,2.7,35.4
STATES:,22,RAJASTHAN,2,0,0,0,0,2,2,0.0,51,5,4,9,43,12,55,0.3,7,0,0,0,7,2,9,0.0,0,0,0,0,0,0,0,0.0,0,0,0,0,0,0,0,0.0,76,8,6,14,57,25,82,0.4,134,13,10,23,107,39,146,0.7,4,0,0,0,2,2,4,0.0,1560,3,2,5,1223,410,1633,7.7,1564,3,2,5,1225,412,1637,7.8,823,6,2,8,732,104,836,4.0,3,0,0,0,3,0,3,0.0,21,1,2,3,17,5,22,0.1,24,1,2,3,20,5,25,0.1,615,0,0,0,511,107,618,2.9,140,0,0,0,121,26,147,0.7,755,0,0,0,632,133,765,3.6,70,6,0,6,62,8,70,0.3,0,0,0,0,0,0,0,0.0,65,2,1,3,40,25,65,0.3,223,0,0,0,66,160,226,1.1,713,0,0,0,375,351,726,3.4,1001,2,1,3,481,536,1017,4.8,7,0,0,0,6,1,7,0.0,609,0,0,0,535,74,609,2.9,173,0,0,0,125,48,173,0.8,23,0,0,0,0,23,23,0.1,228,0,0,0,228,0,228,1.1,1033,0,0,0,888,145,1033,4.9,53,2,1,3,40,13,53,0.3,76,10,1,11,62,14,76,0.4,700,2,1,3,464,233,697,3.3,0,0,0,0,0,0,0,0.0,3,0,0,0,7,0,7,0.0,452,0,0,0,295,157,452,2.1,380,0,0,0,289,91,380,1.8,1535,2,1,3,1055,481,1536,7.3,,,,,,,,,0,0,0,0,0,0,0,0.0,36,0,0,0,32,5,37,0.2,22969,22905,5230,28135,8217,1311,9528,45.1,7,0,0,0,6,1,7,0.0,341,0,0,0,310,38,348,1.6,23317,22905,5230,28135,8533,1350,9883,46.8,,,,,,,,,2736,0,0,0,1965,751,2716,12.9,1297,15,10,25,970,296,1266,6.0,34463,22965,5260,28225,16810,4295,21105,5.7,30.5
STATES:,23,SIKKIM,0,0,0,0,0,0,0,0.0,0,0,0,0,0,0,0,0.0,0,0,0,0,0,0,0,0.0,0,0,0,0,0,0,0,0.0,0,0,0,0,0,0,0,0.0,0,0,0,0,0,0,0,0.0,0,0,0,0,0,0,0,0.0,0,0,0,0,0,0,0,0.0,0,0,0,0,0,0,0,0.0,0,0,0,0,0,0,0,0.0,2,0,0,0,2,0,2,1.5,0,0,0,0,0,0,0,0.0,0,0,0,0,0,0,0,0.0,0,0,0,0,0,0,0,0.0,35,0,0,0,32,3,35,26.1,0,0,0,0,0,0,0,0.0,35,0,0,0,32,3,35,26.1,1,0,0,0,1,0,1,0.7,0,0,0,0,0,0,0,0.0,0,0,0,0,0,0,0,0.0,0,0,0,0,0,0,0,0.0,6,0,0,0,4,2,6,4.5,6,0,0,0,4,2,6,4.5,0,0,0,0,0,0,0,0.0,17,0,0,0,14,3,17,12.7,2,0,0,0,1,1,2,1.5,0,0,0,0,0,0,0,0.0,22,0,0,0,22,0,22,16.4,41,0,0,0,37,4,41,30.6,1,0,0,0,1,0,1,0.7,0,0,0,0,0,0,0,0.0,4,0,0,0,1,3,4,3.0,0,0,0,0,0,0,0,0.0,0,0,0,0,0,0,0,0.0,0,0,0,0,0,0,0,0.0,0,0,0,0,0,0,0,0.0,4,0,0,0,1,3,4,3.0,,,,,,,,,0,0,0,0,0,0,0,0.0,0,0,0,0,0,0,0,0.0,123,201,34,235,37,7,44,32.8,0,0,0,0,0,0,0,0.0,0,0,0,0,0,0,0,0.0,123,201,34,235,37,7,44,32.8,,,,,,,,,0,0,0,0,0,0,0,0.0,0,0,0,0,0,0,0,0.0,213,201,34,235,115,19,134,0.0,21.5
STATES:,24,TAMIL NADU,0,0,0,0,0,0,0,0.0,57,8,6,14,32,20,52,0.2,33,2,1,3,27,5,32,0.1,0,0,0,0,0,0,0,0.0,2,1,0,1,1,0,1,0.0,70,1,2,3,94,40,134,0.4,162,12,9,21,154,65,219,0.7,30,12,0,12,18,0,18,0.1,1725,2,1,3,1426,403,1829,5.6,1755,14,1,15,1444,403,1847,5.7,505,0,0,0,445,61,506,1.6,0,0,0,0,0,0,0,0.0,6,1,1,2,9,3,12,0.0,6,1,1,2,9,3,12,0.0,548,6,5,11,477,61,538,1.7,117,1,1,2,94,21,115,0.4,665,7,6,13,571,82,653,2.0,57,9,1,10,44,3,47,0.1,17,16,45,61,48,17,65,0.2,47,0,0,0,37,10,47,0.1,550,27,21,48,83,419,502,1.5,1305,9,8,17,470,831,1301,4.0,1919,52,74,126,638,1277,1915,5.9,6,1,0,1,1,4,5,0.0,1262,0,0,0,1133,136,1269,3.9,299,0,0,0,203,61,264,0.8,30,0,0,0,0,30,30,0.1,202,0,0,0,193,9,202,0.6,1793,0,0,0,1529,236,1765,5.4,40,0,0,0,34,6,40,0.1,3,0,0,0,3,0,3,0.0,237,0,0,0,174,63,237,0.7,0,0,0,0,0,0,0,0.0,9,0,0,0,13,5,18,0.1,664,2,6,8,413,243,656,2.0,1984,0,0,0,1363,633,1996,6.2,2894,2,6,8,1963,944,2907,9.0,,,,,,,,,22,0,0,0,20,2,22,0.1,15,0,0,0,13,2,15,0.0,67757,62269,16079,78348,13497,2678,16175,49.9,21,8,1,9,14,2,16,0.0,2115,41,2,43,1802,307,2109,6.5,69893,62318,16082,78400,15313,2987,18300,56.5,,,,,,,,,2989,2,0,2,2024,963,2987,9.2,903,0,0,0,735,427,1162,3.6,83627,62418,16180,78598,24940,7465,32405,8.7,47.7
STATES:,25,TRIPURA,0,0,0,0,0,0,0,0.0,0,0,0,0,0,0,0,0.0,0,0,0,0,0,0,0,0.0,0,0,0,0,0,0,0,0.0,4,0,0,0,4,0,4,0.6,0,0,0,0,0,0,0,0.0,4,0,0,0,4,0,4,0.6,0,0,0,0,0,0,0,0.0,64,0,0,0,41,24,65,10.4,64,0,0,0,41,24,65,10.4,34,0,0,0,30,4,34,5.4,0,0,0,0,0,0,0,0.0,34,0,0,0,21,13,34,5.4,34,0,0,0,21,13,34,5.4,12,0,0,0,12,0,12,1.9,0,0,0,0,0,0,0,0.0,12,0,0,0,12,0,12,1.9,1,0,0,0,1,0,1,0.2,0,0,0,0,0,0,0,0.0,4,0,0,0,4,0,4,0.6,1,0,0,0,0,1,1,0.2,16,0,0,0,9,7,16,2.5,21,0,0,0,13,8,21,3.3,4,0,0,0,4,0,4,0.6,52,0,0,0,45,7,52,8.3,4,0,0,0,3,1,4,0.6,1,0,0,0,0,1,1,0.2,11,0,0,0,11,0,11,1.8,68,0,0,0,59,9,68,10.8,0,0,0,0,0,0,0,0.0,0,0,0,0,0,0,0,0.0,0,0,0,0,0,0,0,0.0,20,0,0,0,12,8,20,3.2,1,0,0,0,1,0,1,0.2,3,0,0,0,1,2,3,0.5,12,0,0,0,9,3,12,1.9,36,0,0,0,23,13,36,5.7,,,,,,,,,0,0,0,0,0,0,0,0.0,2,0,0,0,1,1,2,0.3,888,951,286,1237,230,42,272,43.3,0,0,0,0,0,0,0,0.0,0,0,0,0,0,0,0,0.0,888,951,286,1237,230,42,272,43.3,,,,,,,,,75,168,20,188,56,19,75,11.9,0,0,0,0,0,0,0,0.0,1243,1119,306,1425,495,133,628,0.2,17.1
STATES:,26,UTTAR PRADESH,0,0,0,0,0,0,0,0.0,168,73,25,98,124,83,207,0.7,39,14,8,22,26,13,39,0.1,1,0,0,0,1,0,1,0.0,7,0,3,3,3,0,3,0.0,174,35,16,51,95,49,144,0.5,389,122,52,174,249,145,394,1.4,107,9,3,12,91,20,111,0.4,928,116,28,144,773,191,964,3.4,1035,125,31,156,864,211,1075,3.8,458,47,10,57,361,58,419,1.5,2,1,0,1,1,4,5,0.0,29,9,5,14,17,10,27,0.1,31,10,5,15,18,14,32,0.1,284,38,12,50,219,51,270,1.0,127,17,9,26,103,22,125,0.4,411,55,21,76,322,73,395,1.4,116,8,6,14,104,18,122,0.4,58,27,8,35,38,39,77,0.3,68,32,16,48,55,24,79,0.3,100,6,25,31,23,85,108,0.4,1210,75,38,113,430,748,1178,4.2,1436,140,87,227,546,896,1442,5.1,858,266,63,329,584,164,748,2.6,367,15,10,25,290,72,362,1.3,60,5,4,9,48,17,65,0.2,39,0,0,0,0,39,39,0.1,220,47,4,51,204,5,209,0.7,686,67,18,85,542,133,675,2.4,57,16,13,29,36,8,44,0.2,37,11,13,24,26,13,39,0.1,712,64,30,94,384,281,665,2.4,84,24,0,24,65,11,76,0.3,15,5,2,7,8,3,11,0.0,215,38,28,66,125,44,169,0.6,293,57,16,73,169,117,286,1.0,1319,188,76,264,751,456,1207,4.3,,,,,,,,,3,1,0,1,4,0,4,0.0,383,0,2,2,240,136,376,1.3,24478,12699,2224,14923,12887,2222,15109,53.5,503,67,28,95,406,107,513,1.8,3353,223,84,307,2594,529,3123,11.0,28334,12989,2336,15325,15887,2858,18745,66.3,,,,,,,,,1611,126,37,163,1252,351,1603,5.7,1029,100,34,134,726,219,945,3.3,38193,14271,2804,17075,22512,5753,28265,7.6,13.8
STATES:,27,UTTARAKHAND,0,0,0,0,0,0,0,0.0,1,2,0,2,1,0,1,0.0,0,0,0,0,0,0,0,0.0,0,0,0,0,0,0,0,0.0,1,2,0,2,3,0,3,0.1,6,0,0,0,6,0,6,0.3,8,4,0,4,10,0,10,0.5,0,0,0,0,0,0,0,0.0,172,15,2,17,162,25,187,8.5,172,15,2,17,162,25,187,8.5,39,1,0,1,39,6,45,2.0,0,0,0,0,0,0,0,0.0,3,2,0,2,7,1,8,0.4,3,2,0,2,7,1,8,0.4,75,8,3,11,61,13,74,3.4,11,0,0,0,10,1,11,0.5,86,8,3,11,71,14,85,3.9,2,2,0,2,4,0,4,0.2,1,0,0,0,1,0,1,0.0,7,0,0,0,6,1,7,0.3,86,2,0,2,35,56,91,4.1,55,3,0,3,48,17,65,2.9,149,5,0,5,90,74,164,7.4,6,0,0,0,5,1,6,0.3,117,2,0,2,109,11,120,5.4,5,0,0,0,5,0,5,0.2,9,0,0,0,0,9,9,0.4,17,0,0,0,17,0,17,0.8,148,2,0,2,131,20,151,6.8,20,0,0,0,19,1,20,0.9,0,0,0,0,0,0,0,0.0,196,20,10,30,109,102,211,9.6,0,0,0,0,0,0,0,0.0,0,0,0,0,0,0,0,0.0,28,0,0,0,18,10,28,1.3,27,0,0,0,15,12,27,1.2,251,20,10,30,142,124,266,12.1,,,,,,,,,0,0,0,0,0,0,0,0.0,4,0,0,0,1,3,4,0.2,1455,1264,313,1577,690,137,827,37.5,17,0,0,0,15,2,17,0.8,70,5,6,11,61,17,78,3.5,1542,1269,319,1588,766,156,922,41.8,,,,,,,,,233,10,0,10,181,43,224,10.2,112,2,0,2,100,10,110,5.0,2775,1340,334,1674,1728,478,2206,0.6,21.8
STATES:,28,WEST BENGAL,0,0,0,0,0,0,0,0.0,8,7,1,8,3,2,5,0.0,5,2,2,4,2,2,4,0.0,0,0,0,0,0,0,0,0.0,0,0,0,0,0,0,0,0.0,25,13,3,16,13,5,18,0.1,38,22,6,28,18,9,27,0.1,4,1,0,1,2,2,4,0.0,808,58,41,99,624,202,826,3.8,812,59,41,100,626,204,830,3.8,134,14,5,19,108,36,144,0.7,38,36,5,41,17,1,18,0.1,6,2,6,8,3,3,6,0.0,44,38,11,49,20,4,24,0.1,192,42,11,53,159,32,191,0.9,8,0,0,0,6,2,8,0.0,200,42,11,53,165,34,199,0.9,26,18,2,20,13,1,14,0.1,237,16,12,28,42,202,244,1.1,76,27,5,32,37,21,58,0.3,56,9,10,19,6,49,55,0.3,871,76,83,159,246,680,926,4.3,1240,128,110,238,331,952,1283,5.9,57,25,1,26,32,1,33,0.2,774,92,51,143,519,182,701,3.2,13,0,0,0,5,7,12,0.1,37,0,15,15,0,14,14,0.1,122,43,0,43,105,0,105,0.5,946,135,66,201,629,203,832,3.8,91,12,3,15,65,21,86,0.4,0,0,0,0,0,0,0,0.0,332,78,61,139,219,143,362,1.7,0,0,0,0,0,0,0,0.0,0,0,0,0,0,0,0,0.0,303,36,31,67,231,211,442,2.0,2903,302,128,430,2209,1258,3467,16.0,3538,416,220,636,2659,1612,4271,19.7,,,,,,,,,0,0,0,0,0,0,0,0.0,0,0,0,0,0,0,0,0.0,15608,12463,3528,15991,4959,1263,6222,28.8,15,1,1,2,12,3,15,0.1,2628,0,0,0,2104,524,2628,12.2,18251,12464,3529,15993,7075,1790,8865,41.0,,,,,,,,,1575,287,207,494,980,551,1531,7.1,3267,782,452,1234,2464,1024,3488,16.1,30219,14442,4664,19106,15185,6442,21627,5.8,23.9
STATES:,,TOTAL (STATES),4,0,0,0,12,2,14,0.0,784,146,72,218,546,298,844,0.2,319,56,28,84,254,58,312,0.1,27,0,0,0,24,7,31,0.0,45,24,29,53,48,16,64,0.0,1505,314,109,423,984,375,1359,0.4,2680,540,238,778,1856,754,2610,0.7,597,47,11,58,523,143,666,0.2,26130,510,237,747,20218,6358,26576,7.3,26727,557,248,805,20741,6501,27242,7.5,8644,340,99,439,7267,1295,8562,2.4,241,156,26,182,75,12,87,0.0,291,70,37,107,187,110,297,0.1,532,226,63,289,262,122,384,0.1,10517,543,165,708,8643,1411,10054,2.8,2457,609,182,791,1417,312,1729,0.5,12974,1152,347,1499,10060,1723,11783,3.2,1303,405,45,450,861,87,948,0.3,466,92,80,172,199,305,504,0.1,1422,117,43,160,1129,264,1393,0.4,3709,102,136,238,825,2840,3665,1.0,19075,915,1504,2419,5546,11868,17414,4.8,24672,1226,1763,2989,7699,15277,22976,6.3,1370,400,76,476,971,207,1178,0.3,22438,2615,1796,4411,15758,2390,18148,5,4004,203,87,290,2901,809,3710,1.0,967,0,43,43,0,908,908,0.3,5410,491,20,511,4849,132,4981,1.4,32819,3309,1946,5255,23508,4239,27747,7.6,1102,150,64,214,758,195,953,0.3,344,41,16,57,255,104,359,0.1,11023,1773,1384,3157,5193,3239,8432,2.3,720,28,1,29,547,179,726,0.2,144,7,3,10,128,38,166,0.0,13462,2730,2224,4954,5281,3585,8866,2.4,12552,891,562,1453,8340,3979,12319,3.4,37901,5429,4174,9603,19489,11020,30509,8.4,,,,,,,,,62,24,25,49,54,16,70,0.0,2060,14,13,27,1491,577,2068,0.6,430812,371935,88900,460835,116452,20319,136771,37.7,1761,92,30,122,1487,320,1807,0.5,30347,3905,697,4602,22630,3774,26404,7.3,462920,375932,89627,465559,140569,24413,164982,45.4,,,,,,,,,45848,5347,2026,7373,30526,9815,40341,11.1,21435,937,525,1462,15090,5361,20451,5.6,683397,396029,101295,497324,281469,81708,363177,97.6,30.5
UNION TERRITORIES:,29,A & N ISLANDS,0,0,0,0,0,0,0,0.0,0,0,0,0,0,0,0,0.0,0,0,0,0,0,0,0,0.0,0,0,0,0,0,0,0,0.0,0,0,0,0,0,0,0,0.0,0,0,0,0,0,0,0,0.0,0,0,0,0,0,0,0,0.0,2,0,0,0,2,0,2,1.2,27,0,0,0,20,7,27,16.4,29,0,0,0,22,7,29,17.6,1,0,0,0,1,0,1,0.6,0,0,0,0,0,0,0,0.0,0,0,0,0,0,0,0,0.0,0,0,0,0,0,0,0,0.0,10,0,0,0,10,0,10,6.1,3,0,0,0,3,0,3,1.8,13,0,0,0,13,0,13,7.9,0,0,0,0,0,0,0,0.0,0,0,0,0,0,0,0,0.0,0,0,0,0,0,0,0,0.0,2,0,0,0,0,2,2,1.2,8,0,0,0,0,8,8,4.8,10,0,0,0,0,10,10,6.1,0,0,0,0,0,0,0,0,20,0,0,0,18,2,20,12.1,4,0,0,0,4,0,4,2.4,1,0,0,0,0,1,1,0.6,0,0,0,0,0,0,0,0.0,25,0,0,0,22,3,25,15.2,2,0,0,0,1,1,2,1.2,0,0,0,0,0,0,0,0.0,2,0,0,0,1,1,2,1.2,0,0,0,0,0,0,0,0.0,0,0,0,0,0,0,0,0.0,2,0,0,0,2,0,2,1.2,0,0,0,0,0,0,0,0.0,4,0,0,0,3,1,4,2.4,,,,,,,,,0,0,0,0,0,0,0,0.0,0,0,0,0,0,0,0,0.0,236,196,92,288,18,7,25,15.2,0,0,0,0,0,0,0,0.0,0,0,0,0,0,0,0,0.0,236,196,92,288,18,7,25,15.2,,,,,,,,,45,0,0,0,42,3,45,27.3,11,0,0,0,9,2,11,6.7,376,196,92,288,131,34,165,0.0,32.2
UNION TERRITORIES:,30,CHANDIGARH,0,0,0,0,0,0,0,0.0,0,0,0,0,0,0,0,0.0,0,0,0,0,0,0,0,0.0,0,0,0,0,0,0,0,0.0,0,0,0,0,0,0,0,0.0,0,0,0,0,0,0,0,0.0,0,0,0,0,0,0,0,0.0,0,0,0,0,0,0,0,0.0,2,0,0,0,2,0,2,0.6,2,0,0,0,2,0,2,0.6,3,0,0,0,3,0,3,0.9,0,0,0,0,0,0,0,0.0,0,0,0,0,0,0,0,0.0,0,0,0,0,0,0,0,0.0,26,0,0,0,19,7,26,7.6,3,0,0,0,3,0,3,0.9,29,0,0,0,22,7,29,8.5,0,0,0,0,0,0,0,0.0,0,0,0,0,0,0,0,0.0,1,0,0,0,1,0,1,0.3,2,0,0,0,0,3,3,0.9,8,0,0,0,5,2,7,2.1,11,0,0,0,6,5,11,3.2,0,0,0,0,0,0,0,0,43,0,0,0,42,1,43,12.6,1,0,0,0,1,0,1,0.3,0,0,0,0,0,0,0,0.0,9,0,0,0,9,0,9,2.6,53,0,0,0,52,1,53,15.5,0,0,0,0,0,0,0,0.0,0,0,0,0,0,0,0,0.0,0,0,0,0,0,0,0,0.0,0,0,0,0,0,0,0,0.0,0,0,0,0,0,0,0,0.0,0,0,0,0,0,0,0,0.0,2,0,0,0,0,2,2,0.6,2,0,0,0,0,2,2,0.6,,,,,,,,,0,0,0,0,0,0,0,0.0,0,0,0,0,0,0,0,0.0,412,317,80,397,99,15,114,33.4,0,0,0,0,0,0,0,0.0,0,0,0,0,0,0,0,0.0,412,317,80,397,99,15,114,33.4,,,,,,,,,93,0,0,0,85,8,93,27.3,34,0,0,0,33,1,34,10.0,639,317,80,397,302,39,341,0.1,22.3
UNION TERRITORIES:,31,D & N HAVELI,0,0,0,0,0,0,0,0.0,1,0,0,0,1,0,1,0.8,0,0,0,0,0,0,0,0.0,0,0,0,0,0,0,0,0.0,0,0,0,0,0,0,0,0.0,0,0,0,0,0,0,0,0.0,1,0,0,0,1,0,1,0.8,0,0,0,0,0,0,0,0.0,10,0,0,0,9,1,10,8.3,10,0,0,0,9,1,10,8.3,4,0,0,0,4,0,4,3.3,0,0,0,0,0,0,0,0.0,0,0,0,0,0,0,0,0.0,0,0,0,0,0,0,0,0.0,7,0,0,0,5,2,7,5.8,0,0,0,0,0,0,0,0.0,7,0,0,0,5,2,7,5.8,25,6,0,6,19,0,19,15.7,0,0,0,0,0,0,0,0.0,0,0,0,0,0,0,0,0.0,7,0,0,0,0,7,7,5.8,0,0,0,0,0,0,0,0.0,7,0,0,0,0,7,7,5.8,0,0,0,0,0,0,0,0.0,3,0,0,0,3,0,3,2.5,0,0,0,0,0,0,0,0.0,0,0,0,0,0,0,0,0.0,0,0,0,0,0,0,0,0.0,3,0,0,0,3,0,3,2.5,0,0,0,0,0,0,0,0.0,0,0,0,0,0,0,0,0.0,0,0,0,0,0,0,0,0.0,0,0,0,0,0,0,0,0.0,0,0,0,0,0,0,0,0.0,2,0,0,0,0,2,2,1.7,0,0,0,0,0,0,0,0.0,2,0,0,0,0,2,2,1.7,,,,,,,,,0,0,0,0,0,0,0,0.0,0,0,0,0,0,0,0,0.0,85,88,34,122,43,10,53,43.8,0,0,0,0,0,0,0,0.0,0,0,0,0,0,0,0,0.0,85,88,34,122,43,10,53,43.8,,,,,,,,,7,0,0,0,5,2,7,5.8,8,0,0,0,8,0,8,6.6,159,94,34,128,97,24,121,0.0,32.2
UNION TERRITORIES:,32,DAMAN & DIU,0,0,0,0,0,0,0,0.0,0,0,0,0,0,0,0,0.0,0,0,0,0,0,0,0,0.0,0,0,0,0,0,0,0,0.0,0,0,0,0,0,0,0,0.0,0,0,0,0,0,0,0,0.0,0,0,0,0,0,0,0,0.0,0,0,0,0,0,0,0,0.0,25,0,0,0,23,2,25,18.8,25,0,0,0,23,2,25,18.8,4,0,1,1,4,0,4,3.0,0,0,0,0,0,0,0,0.0,0,0,0,0,0,0,0,0.0,0,0,0,0,0,0,0,0.0,6,0,0,0,6,0,6,4.5,0,0,0,0,0,0,0,0.0,6,0,0,0,6,0,6,4.5,0,0,0,0,0,0,0,0.0,0,0,0,0,0,0,0,0.0,0,0,0,0,0,0,0,0.0,2,0,0,0,0,2,2,1.5,14,0,0,0,4,10,14,10.5,16,0,0,0,4,12,16,12.0,0,0,0,0,0,0,0,0.0,9,0,0,0,9,0,9,6.8,4,0,0,0,4,0,4,3.0,0,0,0,0,0,0,0,0.0,9,0,0,0,8,1,9,6.8,22,0,0,0,21,1,22,16.5,2,0,0,0,2,0,2,1.5,0,0,0,0,0,0,0,0.0,0,0,0,0,0,0,0,0.0,0,0,0,0,0,0,0,0.0,0,0,0,0,0,0,0,0.0,0,0,0,0,0,0,0,0.0,3,0,0,0,3,0,3,2.3,3,0,0,0,3,0,3,2.3,,,,,,,,,0,0,0,0,0,0,0,0.0,0,0,0,0,0,0,0,0.0,50,32,7,39,28,1,29,21.8,0,0,0,0,0,0,0,0.0,0,0,0,0,0,0,0,0.0,50,32,7,39,28,1,29,21.8,,,,,,,,,23,0,0,0,22,1,23,17.3,3,0,0,0,2,1,3,2.3,154,32,8,40,115,18,133,0.0,46.7
UNION TERRITORIES:,33,DELHI (UT),0,0,0,0,0,0,0,0.0,25,20,6,26,14,2,16,0.2,26,23,8,31,18,4,22,0.3,0,0,0,0,0,0,0,0.0,0,0,0,0,0,0,0,0.0,26,10,0,10,20,9,29,0.4,77,53,14,67,52,15,67,1.0,0,0,0,0,0,0,0,0.0,152,0,0,0,124,28,152,2.2,152,0,0,0,124,28,152,2.2,156,7,1,8,134,19,153,2.2,0,0,0,0,0,0,0,0.0,23,26,2,28,10,9,19,0.3,23,26,2,28,10,9,19,0.3,435,43,2,45,319,93,412,6.0,14,1,0,1,12,2,14,0.2,449,44,2,46,331,95,426,6.2,193,158,4,162,36,0,36,0.5,2,3,0,3,1,0,1,0.0,49,14,2,16,40,5,45,0.7,68,27,8,35,21,46,67,1.0,127,10,4,14,56,67,123,1.8,246,54,14,68,118,118,236,3.4,62,31,3,34,32,7,39,0.6,231,0,0,0,204,29,233,3.4,25,0,0,0,22,3,25,0.4,28,0,0,0,0,28,28,0.4,172,0,0,0,172,0,172,2.5,456,0,0,0,398,60,458,6.6,7,6,0,6,2,0,2,0.0,0,0,0,0,0,0,0,0.0,71,18,0,18,46,20,66,1.0,5,0,0,0,5,0,5,0.1,2,7,0,7,2,1,3,0.0,8,0,0,0,5,3,8,0.1,140,9,1,10,79,51,130,1.9,226,34,1,35,137,75,212,3.1,,,,,,,,,0,0,0,0,0,0,0,0.0,3,0,0,0,5,2,7,0.1,6937,5700,933,6633,1698,168,1866,27.0,1,0,0,0,0,1,1,0.0,1258,241,26,267,897,94,991,14.3,8196,5941,959,6900,2595,263,2858,41.3,,,,,,,,,1155,102,19,121,839,233,1072,15.5,1220,26,12,38,917,266,1183,17.1,12621,6482,1031,7513,5730,1190,6920,1.9,36.1
UNION TERRITORIES:,34,LAKSHADWEEP,0,0,0,0,0,0,0,0.0,0,0,0,0,0,0,0,0.0,0,0,0,0,0,0,0,0.0,0,0,0,0,0,0,0,0.0,0,0,0,0,0,0,0,0.0,0,0,0,0,0,0,0,0.0,0,0,0,0,0,0,0,0.0,0,0,0,0,0,0,0,0.0,1,0,0,0,2,0,2,28.6,1,0,0,0,2,0,2,28.6,0,0,0,0,0,0,0,0.0,0,0,0,0,0,0,0,0.0,0,0,0,0,0,0,0,0.0,0,0,0,0,0,0,0,0.0,0,0,0,0,0,0,0,0.0,0,0,0,0,0,0,0,0.0,0,0,0,0,0,0,0,0.0,0,0,0,0,0,0,0,0.0,0,0,0,0,0,0,0,0.0,0,0,0,0,0,0,0,0.0,0,0,0,0,0,0,0,0.0,0,0,0,0,0,0,0,0.0,0,0,0,0,0,0,0,0.0,0,0,0,0,0,0,0,0.0,3,0,0,0,0,3,3,42.9,0,0,0,0,0,0,0,0.0,0,0,0,0,0,0,0,0.0,0,0,0,0,0,0,0,0.0,3,0,0,0,0,3,3,42.9,0,0,0,0,0,0,0,0.0,0,0,0,0,0,0,0,0.0,0,0,0,0,0,0,0,0.0,0,0,0,0,0,0,0,0.0,0,0,0,0,0,0,0,0.0,0,0,0,0,0,0,0,0.0,0,0,0,0,0,0,0,0.0,0,0,0,0,0,0,0,0.0,,,,,,,,,0,0,0,0,0,0,0,0.0,0,0,0,0,0,0,0,0.0,0,0,0,0,0,0,0,0.0,0,0,0,0,0,0,0,0.0,0,0,0,0,0,0,0,0.0,0,0,0,0,0,0,0,0.0,,,,,,,,,1,0,0,0,1,0,1,14.3,1,0,0,0,0,1,1,14.3,6,0,0,0,3,4,7,0.0,9.1
UNION TERRITORIES:,35,PUDUCHERRY,0,0,0,0,0,0,0,0.0,6,5,0,5,3,1,4,0.3,0,0,0,0,0,0,0,0.0,0,0,0,0,0,0,0,0.0,0,0,0,0,0,0,0,0.0,0,0,0,0,0,0,0,0.0,6,5,0,5,3,1,4,0.3,0,0,0,0,0,0,0,0.0,95,0,0,0,88,8,96,8.3,95,0,0,0,88,8,96,8.3,27,3,0,3,20,3,23,2.0,0,0,0,0,0,0,0,0.0,0,0,0,0,0,0,0,0.0,0,0,0,0,0,0,0,0.0,51,4,0,4,49,3,52,4.5,3,0,0,0,3,0,3,0.3,54,4,0,4,52,3,55,4.7,7,7,0,7,4,0,4,0.3,0,0,0,0,0,0,0,0.0,0,0,0,0,0,0,0,0.0,0,0,0,0,0,0,0,0.0,25,0,0,0,6,19,25,2.2,25,0,0,0,6,19,25,2.2,0,0,0,0,0,0,0,0.0,63,0,0,0,54,9,63,5.4,279,0,0,0,252,27,279,24.1,1,0,0,0,0,1,1,0.1,307,0,0,0,302,5,307,26.5,650,0,0,0,608,42,650,56.1,0,0,0,0,0,0,0,0.0,0,0,0,0,0,0,0,0.0,0,0,0,0,0,0,0,0.0,0,0,0,0,0,0,0,0.0,1,2,7,9,0,0,0,0.0,13,0,0,0,7,6,13,1.1,3,0,0,0,1,2,3,0.3,17,2,7,9,8,8,16,1.4,,,,,,,,,0,0,0,0,0,0,0,0.0,0,0,0,0,0,0,0,0.0,1510,1195,404,1599,195,38,233,20.1,0,0,0,0,0,0,0,0.0,7,0,0,0,7,0,7,0.6,1517,1195,404,1599,202,38,240,20.7,,,,,,,,,38,10,2,12,23,6,29,2.5,16,0,0,0,13,3,16,1.4,2452,1226,413,1639,1027,131,1158,0.3,78.7
UNION TERRITORIES:,,TOTAL (UTs),0,0,0,0,0,0,0,0.0,32,25,6,31,18,3,21,0.2,26,23,8,31,18,4,22,0.2,0,0,0,0,0,0,0,0.0,0,0,0,0,0,0,0,0.0,26,10,0,10,20,9,29,0.3,84,58,14,72,56,16,72,0.8,2,0,0,0,2,0,2,0.0,312,0,0,0,268,46,314,3.6,314,0,0,0,270,46,316,3.6,195,10,2,12,166,22,188,2.1,0,0,0,0,0,0,0,0.0,23,26,2,28,10,9,19,0.2,23,26,2,28,10,9,19,0.2,535,47,2,49,408,105,513,5.8,23,1,0,1,21,2,23,0.3,558,48,2,50,429,107,536,6.1,225,171,4,175,59,0,59,0.7,2,3,0,3,1,0,1,0.0,50,14,2,16,41,5,46,0.5,81,27,8,35,21,60,81,0.9,182,10,4,14,71,106,177,2.0,315,54,14,68,134,171,305,3.4,62,31,3,34,32,7,39,0.4,372,0,0,0,330,44,374,4.2,313,0,0,0,283,30,313,3.5,30,0,0,0,0,30,30,0.3,497,0,0,0,491,6,497,5.6,1212,0,0,0,1104,110,1214,13.7,11,6,0,6,5,1,6,0.1,0,0,0,0,0,0,0,0.0,73,18,0,18,47,21,68,0.8,5,0,0,0,5,0,5,0.1,3,9,7,16,2,1,3,0.0,25,0,0,0,14,11,25,0.3,148,9,1,10,83,55,138,1.6,254,36,8,44,151,88,239,2.7,,,,,,,,,0,0,0,0,0,0,0,0.0,3,0,0,0,5,2,7,0.1,9230,7528,1550,9078,2081,239,2320,26.2,1,0,0,0,0,1,1,0.0,1265,241,26,267,904,94,998,11.3,10496,7769,1576,9345,2985,334,3319,37.5,,,,,,,,,1362,112,21,133,1017,253,1270,14.4,1293,26,12,38,982,274,1256,14.2,16407,8347,1658,10005,7405,1440,8845,2.4,37.8
UNION TERRITORIES:,,TOTAL (ALL INDIA),4,0,0,0,12,2,14,0.0,816,171,78,249,564,301,865,0.2,345,79,36,115,272,62,334,0.1,27,0,0,0,24,7,31,0.0,45,24,29,53,48,16,64,0.0,1531,324,109,433,1004,384,1388,0.4,2764,598,252,850,1912,770,2682,0.7,599,47,11,58,525,143,668,0.2,26442,510,237,747,20486,6404,26890,7.2,27041,557,248,805,21011,6547,27558,7.4,8839,350,101,451,7433,1317,8750,2.4,241,156,26,182,75,12,87,0.0,314,96,39,135,197,119,316,0.1,555,252,65,317,272,131,403,0.1,11052,590,167,757,9051,1516,10567,2.8,2480,610,182,792,1438,314,1752,0.5,13532,1200,349,1549,10489,1830,12319,3.3,1528,576,49,625,920,87,1007,0.3,468,95,80,175,200,305,505,0.1,1472,131,45,176,1170,269,1439,0.4,3790,129,144,273,846,2900,3746,1.0,19257,925,1508,2433,5617,11974,17591,4.7,24987,1280,1777,3057,7833,15448,23281,6.3,1432,431,79,510,1003,214,1217,0.3,22810,2615,1796,4411,16088,2434,18522,5.0,4317,203,87,290,3184,839,4023,1.1,997,0,43,43,0,938,938,0.3,5907,491,20,511,5340,138,5478,1.5,34031,3309,1946,5255,24612,4349,28961,7.8,1113,156,64,220,763,196,959,0.3,344,41,16,57,255,104,359,0.1,11096,1791,1384,3175,5240,3260,8500,2.3,725,28,1,29,552,179,731,0.2,147,16,10,26,130,39,169,0.0,13487,2730,2224,4954,5295,3596,8891,2.4,12700,900,563,1463,8423,4034,12457,3.3,38155,5465,4182,9647,19640,11108,30748,8.3,,,,,,,,,62,24,25,49,54,16,70,0.0,2063,14,13,27,1496,579,2075,0.6,440042,379463,90450,469913,118533,20558,139091,37.4,1762,92,30,122,1487,321,1808,0.5,31612,4146,723,4869,23534,3868,27402,7.4,473416,383701,91203,474904,143554,24747,168301,45.2,,,,,,,,,47210,5459,2047,7506,31543,10068,41611,11.2,22728,963,537,1500,16072,5635,21707,5.8,699804,404376,102953,507329,288874,83148,372022,100.0,30.7
CITIES:,36,AGRA,0,0,0,0,0,0,0,0.0,2,2,1,3,2,0,2,0.6,1,1,1,2,0,0,0,0.0,0,0,0,0,0,0,0,0.0,0,0,0,0,0,0,0,0.0,2,0,0,0,3,1,4,1.3,5,3,2,5,5,1,6,1.9,0,0,0,0,0,0,0,0.0,11,8,4,12,6,5,11,3.5,11,8,4,12,6,5,11,3.5,4,2,1,3,3,1,4,1.3,0,0,0,0,0,0,0,0.0,6,4,3,7,3,3,6,1.9,6,4,3,7,3,3,6,1.9,3,2,2,4,2,1,3,1.0,4,2,3,5,3,1,4,1.3,7,4,5,9,5,2,7,2.2,0,0,0,0,0,0,0,0.0,0,0,0,0,0,0,0,0.0,2,2,2,4,2,0,2,0.6,4,1,3,4,0,4,4,1.3,5,6,3,9,5,1,6,1.9,11,9,8,17,7,5,12,3.8,11,8,2,10,8,3,11,3.5,8,0,0,0,6,2,8,2.5,0,0,0,0,0,0,0,0.0,0,0,0,0,0,0,0,0.0,0,0,0,0,0,0,0,0.0,8,0,0,0,6,2,8,2.5,0,0,0,0,0,0,0,0.0,6,6,5,11,4,2,6,1.9,9,12,4,16,7,2,9,2.9,0,0,0,0,0,0,0,0.0,0,0,0,0,0,0,0,0.0,2,2,1,3,2,0,2,0.6,1,1,1,2,1,0,1,0.3,,,,,,,,,12,15,6,21,10,2,12,3.8,0,0,0,0,0,0,0,0.0,1,0,0,0,1,0,1,0.3,517,342,18,360,154,15,169,53.7,18,17,2,19,15,3,18,5.7,27,9,2,11,22,5,27,8.6,,,,,,,,,562,368,22,390,191,23,214,67.9,6,2,1,3,5,1,6,1.9,11,7,2,9,8,3,11,3.5,661,436,61,497,262,53,315,0.6,18.0
CITIES:,37,AHMEDABAD,0,0,0,0,0,0,0,0.0,5,0,0,0,4,1,5,0.3,7,0,0,0,6,1,7,0.5,0,0,0,0,0,0,0,0.0,0,0,0,0,0,0,0,0.0,13,0,0,0,7,6,13,0.9,25,0,0,0,17,8,25,1.7,21,0,0,0,16,5,21,1.4,58,0,0,0,51,7,58,3.8,79,0,0,0,67,12,79,5.2,15,0,0,0,13,2,15,1.0,0,0,0,0,0,0,0,0.0,0,0,0,0,0,0,0,0.0,0,0,0,0,0,0,0,0.0,139,0,0,0,119,20,139,9.2,0,0,0,0,0,0,0,0.0,139,0,0,0,119,20,139,9.2,2,0,0,0,2,0,2,0.1,21,0,0,0,9,12,21,1.4,31,0,0,0,24,7,31,2.1,52,0,0,0,8,44,52,3.4,68,0,0,0,32,36,68,4.5,172,0,0,0,73,99,172,11.4,0,0,0,0,0,0,0,0.0,129,0,0,0,99,30,129,8.5,44,0,0,0,34,10,44,2.9,10,0,0,0,0,10,10,0.7,2,0,0,0,2,0,2,0.1,185,0,0,0,135,50,185,12.3,0,0,0,0,0,0,0,0.0,0,0,0,0,0,0,0,0.0,9,0,0,0,2,7,9,0.6,0,0,0,0,0,0,0,0.0,10,0,0,0,6,4,10,0.7,10,0,0,0,6,4,10,0.7,21,0,0,0,15,6,21,1.4,,,,,,,,,50,0,0,0,29,21,50,3.3,0,0,0,0,0,0,0,0.0,12,0,0,0,9,3,12,0.8,2325,2005,320,2325,265,65,330,21.9,32,0,0,0,23,9,32,2.1,0,0,0,0,0,0,0,0.0,,,,,,,,,2357,2005,320,2325,288,74,362,24.0,373,0,0,0,315,58,373,24.7,96,0,0,0,86,10,96,6.4,3505,2005,320,2325,1153,357,1510,2.7,23.8
CITIES:,38,ALLAHABAD,0,0,0,0,0,0,0,0.0,1,0,0,0,0,1,1,0.6,0,0,0,0,0,0,0,0.0,0,0,0,0,0,0,0,0.0,0,0,0,0,0,0,0,0.0,0,0,0,0,0,0,0,0.0,1,0,0,0,0,1,1,0.6,1,0,0,0,1,0,1,0.6,2,0,0,0,8,0,8,4.6,3,0,0,0,9,0,9,5.2,7,0,0,0,7,0,7,4.0,0,0,0,0,0,0,0,0.0,0,0,0,0,0,0,0,0.0,0,0,0,0,0,0,0,0.0,0,0,0,0,0,0,0,0.0,0,0,0,0,0,0,0,0.0,0,0,0,0,0,0,0,0.0,0,0,0,0,0,0,0,0.0,2,2,2,4,0,0,0,0.0,1,2,0,2,0,1,1,0.6,1,0,0,0,0,1,1,0.6,26,0,0,0,7,19,26,14.9,30,4,2,6,7,21,28,16.1,10,0,0,0,9,1,10,5.7,7,0,0,0,5,2,7,4.0,0,0,0,0,0,0,0,0.0,0,0,0,0,0,0,0,0.0,2,0,0,0,3,0,3,1.7,9,0,0,0,8,2,10,5.7,0,0,0,0,0,0,0,0.0,0,0,0,0,0,0,0,0.0,3,1,1,2,1,1,2,1.1,0,0,0,0,0,0,0,0.0,0,0,0,0,0,0,0,0.0,0,0,0,0,0,0,0,0.0,5,0,0,0,2,3,5,2.9,,,,,,,,,8,1,1,2,3,4,7,4.0,0,0,0,0,0,0,0,0.0,0,0,0,0,0,0,0,0.0,250,118,70,188,51,21,72,41.4,0,0,0,0,0,0,0,0.0,0,0,0,0,0,0,0,0.0,,,,,,,,,250,118,70,188,51,21,72,41.4,0,0,0,0,0,0,0,0.0,30,0,0,0,28,2,30,17.2,348,123,73,196,122,52,174,0.3,14.3
CITIES:,39,AMRITSAR,0,0,0,0,0,0,0,0.0,2,0,0,0,1,1,2,0.9,0,0,0,0,0,0,0,0.0,0,0,0,0,0,0,0,0.0,0,0,0,0,0,0,0,0.0,0,0,0,0,0,0,0,0.0,2,0,0,0,1,1,2,0.9,0,0,0,0,0,0,0,0.0,7,0,0,0,6,1,7,3.3,7,0,0,0,6,1,7,3.3,5,0,0,0,5,0,5,2.3,0,0,0,0,0,0,0,0.0,0,0,0,0,0,0,0,0.0,0,0,0,0,0,0,0,0.0,5,0,0,0,5,0,5,2.3,0,0,0,0,0,0,0,0.0,5,0,0,0,5,0,5,2.3,0,0,0,0,0,0,0,0.0,0,0,0,0,0,0,0,0.0,0,0,0,0,0,0,0,0.0,0,0,0,0,0,0,0,0.0,14,0,0,0,5,9,14,6.5,14,0,0,0,5,9,14,6.5,0,0,0,0,0,0,0,0.0,23,0,0,0,21,2,23,10.7,0,0,0,0,0,0,0,0.0,0,0,0,0,0,0,0,0.0,29,0,0,0,29,0,29,13.5,52,0,0,0,50,2,52,24.2,0,0,0,0,0,0,0,0.0,0,0,0,0,0,0,0,0.0,17,0,0,0,10,7,17,7.9,0,0,0,0,0,0,0,0.0,0,0,0,0,0,0,0,0.0,0,0,0,0,0,0,0,0.0,0,0,0,0,0,0,0,0.0,,,,,,,,,17,0,0,0,10,7,17,7.9,0,0,0,0,0,0,0,0.0,2,0,0,0,2,0,2,0.9,152,57,14,71,84,11,95,44.2,0,0,0,0,0,0,0,0.0,0,0,0,0,0,0,0,0.0,,,,,,,,,152,57,14,71,84,11,95,44.2,16,0,0,0,14,2,16,7.4,0,0,0,0,0,0,0,0.0,272,57,14,71,182,33,215,0.4,18.2
CITIES:,40,ASANSOL,0,0,0,0,0,0,0,0.0,0,0,0,0,0,0,0,0.0,0,0,0,0,0,0,0,0.0,0,0,0,0,0,0,0,0.0,0,0,0,0,0,0,0,0.0,0,0,0,0,0,0,0,0.0,0,0,0,0,0,0,0,0.0,0,0,0,0,0,0,0,0.0,9,0,0,0,8,1,9,3.7,9,0,0,0,8,1,9,3.7,0,0,0,0,0,0,0,0.0,0,0,0,0,0,0,0,0.0,0,0,0,0,0,0,0,0.0,0,0,0,0,0,0,0,0.0,11,4,0,4,7,0,7,2.9,0,0,0,0,0,0,0,0.0,11,4,0,4,7,0,7,2.9,2,0,0,0,2,0,2,0.8,0,0,0,0,0,0,0,0.0,0,0,0,0,0,0,0,0.0,1,0,0,0,0,1,1,0.4,0,0,0,0,0,0,0,0.0,1,0,0,0,0,1,1,0.4,0,0,0,0,0,0,0,0.0,6,0,0,0,6,0,6,2.4,0,0,0,0,0,0,0,0.0,0,0,0,0,0,0,0,0.0,0,0,0,0,0,0,0,0.0,6,0,0,0,6,0,6,2.4,0,0,0,0,0,0,0,0.0,0,0,0,0,0,0,0,0.0,0,0,0,0,0,0,0,0.0,0,0,0,0,0,0,0,0.0,0,0,0,0,0,0,0,0.0,3,0,0,0,3,0,3,1.2,2,0,0,0,2,0,2,0.8,,,,,,,,,5,0,0,0,5,0,5,2.0,0,0,0,0,0,0,0,0.0,0,0,0,0,0,0,0,0.0,380,156,25,181,163,36,199,81.2,0,0,0,0,0,0,0,0.0,0,0,0,0,0,0,0,0.0,,,,,,,,,380,156,25,181,163,36,199,81.2,16,0,0,0,16,0,16,6.5,0,0,0,0,0,0,0,0.0,430,160,25,185,207,38,245,0.4,19.7
CITIES:,41,AURANGABAD,0,0,0,0,0,0,0,0.0,0,0,0,0,0,0,0,0.0,0,0,0,0,0,0,0,0.0,0,0,0,0,0,0,0,0.0,0,0,0,0,0,0,0,0.0,0,0,0,0,0,0,0,0.0,0,0,0,0,0,0,0,0.0,0,0,0,0,0,0,0,0.0,43,12,3,15,24,4,28,3.4,43,12,3,15,24,4,28,3.4,117,60,36,96,15,6,21,2.5,0,0,0,0,0,0,0,0.0,0,0,0,0,0,0,0,0.0,0,0,0,0,0,0,0,0.0,246,167,48,215,29,2,31,3.7,10,6,0,6,4,0,4,0.5,256,173,48,221,33,2,35,4.2,186,174,12,186,0,0,0,0.0,0,0,0,0,0,0,0,0.0,0,0,0,0,0,0,0,0.0,0,0,0,0,0,0,0,0.0,478,148,221,369,35,76,111,13.3,478,148,221,369,35,76,111,13.3,0,0,0,0,0,0,0,0.0,248,38,34,72,152,24,176,21.1,180,59,27,86,75,19,94,11.3,8,0,0,0,0,8,8,1.0,103,81,0,81,22,0,22,2.6,539,178,61,239,249,51,300,36.0,6,4,2,6,0,0,0,0.0,0,0,0,0,0,0,0,0.0,386,175,177,352,28,5,33,4.0,0,0,0,0,0,0,0,0.0,0,0,0,0,0,0,0,0.0,46,26,15,41,5,0,5,0.6,0,0,0,0,0,0,0,0.0,,,,,,,,,432,201,192,393,33,5,38,4.6,0,0,0,0,0,0,0,0.0,0,0,0,0,0,0,0,0.0,1888,1418,378,1796,177,32,209,25.1,0,0,0,0,0,0,0,0.0,23,0,0,0,20,3,23,2.8,,,,,,,,,1911,1418,378,1796,197,35,232,27.9,356,201,87,288,50,18,68,8.2,0,0,0,0,0,0,0,0.0,4324,2569,1040,3609,636,197,833,1.5,70.1
CITIES:,42,BENGALURU,0,0,0,0,0,0,0,0.0,0,0,0,0,0,0,0,0.0,8,0,0,0,7,1,8,0.3,0,0,0,0,0,0,0,0.0,0,0,0,0,0,0,0,0.0,3,3,1,4,0,0,0,0.0,11,3,1,4,7,1,8,0.3,0,0,0,0,0,0,0,0.0,83,0,0,0,68,18,86,2.7,83,0,0,0,68,18,86,2.7,25,0,0,0,21,4,25,0.8,0,0,0,0,0,0,0,0.0,1,0,0,0,1,0,1,0.0,1,0,0,0,1,0,1,0.0,182,0,0,0,165,24,189,5.9,3,0,0,0,3,0,3,0.1,185,0,0,0,168,24,192,6.0,0,0,0,0,0,0,0,0.0,0,0,0,0,0,0,0,0.0,8,0,0,0,7,1,8,0.3,137,0,0,0,38,104,142,4.4,101,0,0,0,36,85,121,3.8,246,0,0,0,81,190,271,8.5,0,0,0,0,0,0,0,0.0,193,0,0,0,178,15,193,6.0,24,0,0,0,25,0,25,0.8,1,0,0,0,0,1,1,0.0,121,0,0,0,118,3,121,3.8,339,0,0,0,321,19,340,10.6,0,0,0,0,0,0,0,0.0,0,0,0,0,0,0,0,0.0,23,0,0,0,16,8,24,0.8,14,0,0,0,15,1,16,0.5,3,0,0,0,3,0,3,0.1,10,0,0,0,9,1,10,0.3,96,0,0,0,72,30,102,3.2,,,,,,,,,146,0,0,0,115,40,155,4.8,0,0,0,0,0,0,0,0.0,0,0,0,0,0,0,0,0.0,5508,3467,1060,4527,605,120,725,22.7,0,0,0,0,0,0,0,0.0,0,0,0,0,0,0,0,0.0,,,,,,,,,5508,3467,1060,4527,605,120,725,22.7,493,421,114,535,419,114,533,16.7,864,0,0,0,512,352,864,27.0,7901,3891,1175,5066,2318,882,3200,5.6,37.7
CITIES:,43,BHOPAL,0,0,0,0,0,0,0,0.0,6,0,0,0,4,2,6,1.4,0,0,0,0,0,0,0,0.0,0,0,0,0,0,0,0,0.0,0,0,0,0,0,0,0,0.0,8,0,0,0,4,4,8,1.9,14,0,0,0,8,6,14,3.3,0,0,0,0,0,0,0,0.0,21,0,0,0,17,4,21,4.9,21,0,0,0,17,4,21,4.9,28,0,0,0,24,4,28,6.5,0,0,0,0,0,0,0,0.0,1,3,0,3,1,0,1,0.2,1,3,0,3,1,0,1,0.2,9,0,0,0,7,2,9,2.1,7,1,0,1,6,1,7,1.6,16,1,0,1,13,3,16,3.7,3,0,0,0,2,1,3,0.7,0,0,0,0,0,0,0,0.0,2,0,0,0,2,0,2,0.5,24,0,0,0,4,20,24,5.6,8,2,0,2,2,6,8,1.9,34,2,0,2,8,26,34,7.9,3,1,0,1,2,0,2,0.5,41,0,0,0,27,14,41,9.6,1,0,0,0,0,1,1,0.2,12,0,0,0,0,12,12,2.8,16,0,0,0,16,0,16,3.7,70,0,0,0,43,27,70,16.4,0,0,0,0,0,0,0,0.0,0,0,0,0,0,0,0,0.0,1,0,0,0,0,1,1,0.2,1,0,0,0,1,0,1,0.2,0,0,0,0,0,0,0,0.0,3,0,0,0,2,1,3,0.7,12,0,0,0,9,3,12,2.8,,,,,,,,,17,0,0,0,12,5,17,4.0,0,0,0,0,0,0,0,0.0,2,0,0,0,2,0,2,0.5,2991,2603,229,2832,160,19,179,41.8,0,0,0,0,0,0,0,0.0,9,0,0,0,8,1,9,2.1,,,,,,,,,3000,2603,229,2832,168,20,188,43.9,0,0,0,0,0,0,0,0.0,32,0,0,0,24,8,32,7.5,3241,2610,229,2839,324,104,428,0.8,22.7
CITIES:,44,CHANDIGARH (CITY),0,0,0,0,0,0,0,0.0,0,0,0,0,0,0,0,0.0,0,0,0,0,0,0,0,0.0,0,0,0,0,0,0,0,0.0,0,0,0,0,0,0,0,0.0,0,0,0,0,0,0,0,0.0,0,0,0,0,0,0,0,0.0,0,0,0,0,0,0,0,0.0,2,0,0,0,2,0,2,0.6,2,0,0,0,2,0,2,0.6,2,0,0,0,2,0,2,0.6,0,0,0,0,0,0,0,0.0,0,0,0,0,0,0,0,0.0,0,0,0,0,0,0,0,0.0,25,0,0,0,18,7,25,8.0,2,0,0,0,2,0,2,0.6,27,0,0,0,20,7,27,8.7,0,0,0,0,0,0,0,0.0,0,0,0,0,0,0,0,0.0,1,0,0,0,1,0,1,0.3,1,0,0,0,0,2,2,0.6,6,0,0,0,4,1,5,1.6,8,0,0,0,5,3,8,2.6,0,0,0,0,0,0,0,0.0,41,0,0,0,40,1,41,13.1,1,0,0,0,1,0,1,0.3,0,0,0,0,0,0,0,0.0,9,0,0,0,9,0,9,2.9,51,0,0,0,50,1,51,16.3,0,0,0,0,0,0,0,0.0,0,0,0,0,0,0,0,0.0,0,0,0,0,0,0,0,0.0,0,0,0,0,0,0,0,0.0,0,0,0,0,0,0,0,0.0,0,0,0,0,0,0,0,0.0,2,0,0,0,0,2,2,0.6,,,,,,,,,2,0,0,0,0,2,2,0.6,0,0,0,0,0,0,0,0.0,0,0,0,0,0,0,0,0.0,384,286,78,364,87,15,102,32.7,0,0,0,0,0,0,0,0.0,0,0,0,0,0,0,0,0.0,,,,,,,,,384,286,78,364,87,15,102,32.7,87,0,0,0,81,6,87,27.9,31,0,0,0,30,1,31,9.9,594,286,78,364,277,35,312,0.5,30.4
CITIES:,45,CHENNAI,0,0,0,0,0,0,0,0.0,0,0,0,0,0,0,0,0.0,1,0,0,0,1,0,1,0.0,0,0,0,0,0,0,0,0.0,0,0,0,0,0,0,0,0.0,0,0,0,0,0,0,0,0.0,1,0,0,0,1,0,1,0.0,0,0,0,0,0,0,0,0.0,207,0,0,0,188,24,212,8.6,207,0,0,0,188,24,212,8.6,95,0,0,0,84,14,98,4.0,0,0,0,0,0,0,0,0.0,0,0,0,0,0,0,0,0.0,0,0,0,0,0,0,0,0.0,41,0,0,0,35,6,41,1.7,0,0,0,0,0,0,0,0.0,41,0,0,0,35,6,41,1.7,0,0,0,0,0,0,0,0.0,0,0,0,0,0,0,0,0.0,0,0,0,0,0,0,0,0.0,1,0,0,0,1,0,1,0.0,140,0,0,0,43,97,140,5.7,141,0,0,0,44,97,141,5.7,0,0,0,0,0,0,0,0.0,249,0,0,0,232,17,249,10.1,0,0,0,0,0,0,0,0.0,0,0,0,0,0,0,0,0.0,0,0,0,0,0,0,0,0.0,249,0,0,0,232,17,249,10.1,0,0,0,0,0,0,0,0.0,0,0,0,0,0,0,0,0.0,0,0,0,0,0,0,0,0.0,0,0,0,0,0,0,0,0.0,6,0,0,0,9,0,9,0.4,9,0,0,0,4,5,9,0.4,23,0,0,0,15,8,23,0.9,,,,,,,,,38,0,0,0,28,13,41,1.7,0,0,0,0,0,0,0,0.0,0,0,0,0,0,0,0,0.0,9663,6630,1998,8628,1202,199,1401,56.7,0,0,0,0,0,0,0,0.0,0,0,0,0,0,0,0,0.0,,,,,,,,,9663,6630,1998,8628,1202,199,1401,56.7,284,0,0,0,231,53,284,11.5,2,0,0,0,2,0,2,0.1,10721,6630,1998,8628,2047,423,2470,4.3,28.4
CITIES:,46,COIMBATORE,0,0,0,0,0,0,0,0.0,1,0,0,0,1,0,1,0.2,1,0,0,0,1,0,1,0.2,0,0,0,0,0,0,0,0.0,0,0,0,0,0,0,0,0.0,1,0,0,0,1,0,1,0.2,3,0,0,0,3,0,3,0.6,0,0,0,0,0,0,0,0.0,18,0,0,0,12,6,18,3.5,18,0,0,0,12,6,18,3.5,7,0,0,0,7,0,7,1.4,0,0,0,0,0,0,0,0.0,0,0,0,0,0,0,0,0.0,0,0,0,0,0,0,0,0.0,19,0,0,0,14,5,19,3.7,8,0,0,0,6,2,8,1.6,27,0,0,0,20,7,27,5.3,1,0,0,0,0,1,1,0.2,1,0,0,0,0,1,1,0.2,1,0,0,0,0,1,1,0.2,22,0,0,0,4,18,22,4.3,13,0,0,0,8,5,13,2.5,37,0,0,0,12,25,37,7.2,0,0,0,0,0,0,0,0.0,69,0,0,0,64,5,69,13.4,24,0,0,0,18,6,24,4.7,0,0,0,0,0,0,0,0.0,28,0,0,0,28,0,28,5.4,121,0,0,0,110,11,121,23.5,0,0,0,0,0,0,0,0.0,0,0,0,0,0,0,0,0.0,0,0,0,0,0,0,0,0.0,0,0,0,0,0,0,0,0.0,1,0,0,0,1,0,1,0.2,3,0,0,0,0,3,3,0.6,0,0,0,0,0,0,0,0.0,,,,,,,,,4,0,0,0,1,3,4,0.8,0,0,0,0,0,0,0,0.0,9,0,0,0,9,0,9,1.8,1128,783,229,1012,212,43,255,49.6,0,0,0,0,0,0,0,0.0,0,0,0,0,0,0,0,0.0,,,,,,,,,1128,783,229,1012,212,43,255,49.6,29,0,0,0,26,3,29,5.6,3,0,0,0,2,1,3,0.6,1387,783,229,1012,414,100,514,0.9,23.9
CITIES:,47,DELHI (CITY),0,0,0,0,0,0,0,0.0,22,20,6,26,9,1,10,0.2,26,23,8,31,18,4,22,0.4,0,0,0,0,0,0,0,0.0,0,0,0,0,0,0,0,0.0,17,6,0,6,11,7,18,0.3,65,49,14,63,38,12,50,0.9,0,0,0,0,0,0,0,0.0,74,0,0,0,59,15,74,1.3,74,0,0,0,59,15,74,1.3,111,4,1,5,98,11,109,1.9,0,0,0,0,0,0,0,0.0,9,14,2,16,9,8,17,0.3,9,14,2,16,9,8,17,0.3,367,38,2,40,272,77,349,6.2,13,1,0,1,11,2,13,0.2,380,39,2,41,283,79,362,6.4,118,92,2,94,29,0,29,0.5,2,3,0,3,1,0,1,0.0,43,14,2,16,36,3,39,0.7,55,27,8,35,19,35,54,1.0,105,9,4,13,46,56,102,1.8,205,53,14,67,102,94,196,3.5,43,23,3,26,21,6,27,0.5,189,0,0,0,165,26,191,3.4,16,0,0,0,16,0,16,0.3,20,0,0,0,0,20,20,0.4,142,0,0,0,142,0,142,2.5,367,0,0,0,323,46,369,6.5,7,6,0,6,2,0,2,0.0,0,0,0,0,0,0,0,0.0,52,6,0,6,32,16,48,0.9,5,0,0,0,5,0,5,0.1,2,7,0,7,2,1,3,0.1,4,0,0,0,3,1,4,0.1,99,9,1,10,57,32,89,1.6,,,,,,,,,162,22,1,23,99,50,149,2.6,0,0,0,0,0,0,0,0.0,3,0,0,0,5,2,7,0.1,5865,4811,752,5563,1395,132,1527,27.1,1,0,0,0,0,1,1,0.0,1253,241,26,267,894,92,986,17.5,,,,,,,,,7119,5052,778,5830,2289,225,2514,44.6,916,102,19,121,658,172,830,14.7,936,23,5,28,714,191,905,16.0,10515,5479,841,6320,4729,911,5640,9.9,34.6
CITIES:,48,DHANBAD,0,0,0,0,0,0,0,0.0,1,2,2,4,1,0,1,1.2,1,1,0,1,1,0,1,1.2,0,0,0,0,0,0,0,0.0,0,0,0,0,0,0,0,0.0,0,0,0,0,0,0,0,0.0,2,3,2,5,2,0,2,2.4,0,0,0,0,0,0,0,0.0,1,0,0,0,3,0,3,3.5,1,0,0,0,3,0,3,3.5,0,0,0,0,0,0,0,0.0,0,0,0,0,0,0,0,0.0,0,0,0,0,0,0,0,0.0,0,0,0,0,0,0,0,0.0,0,0,0,0,0,0,0,0.0,1,0,0,0,1,1,2,2.4,1,0,0,0,1,1,2,2.4,0,0,0,0,0,0,0,0.0,0,0,0,0,0,0,0,0.0,0,0,0,0,0,0,0,0.0,1,0,0,0,0,1,1,1.2,0,0,0,0,0,0,0,0.0,1,0,0,0,0,1,1,1.2,0,0,0,0,0,0,0,0.0,14,0,0,0,9,5,14,16.5,0,0,0,0,0,0,0,0.0,1,0,0,0,0,1,1,1.2,0,0,0,0,0,0,0,0.0,15,0,0,0,9,6,15,17.6,0,0,0,0,0,0,0,0.0,1,1,0,1,1,0,1,1.2,2,0,0,0,1,1,2,2.4,0,0,0,0,0,0,0,0.0,0,0,0,0,0,0,0,0.0,1,0,0,0,1,0,1,1.2,0,0,0,0,0,0,0,0.0,,,,,,,,,3,0,0,0,2,1,3,3.5,0,0,0,0,0,0,0,0.0,3,0,0,0,2,1,3,3.5,144,172,19,191,44,10,54,63.5,0,0,0,0,0,0,0,0.0,0,0,0,0,0,0,0,0.0,,,,,,,,,144,172,19,191,44,10,54,63.5,0,0,0,0,0,0,0,0.0,1,0,0,0,1,0,1,1.2,172,176,21,197,65,20,85,0.1,7.1
CITIES:,49,DURG BHILAINAGAR,0,0,0,0,0,0,0,0.0,0,0,0,0,0,0,0,0.0,0,0,0,0,0,0,0,0.0,0,0,0,0,0,0,0,0.0,0,0,0,0,0,0,0,0.0,0,0,0,0,0,0,0,0.0,0,0,0,0,0,0,0,0.0,0,0,0,0,0,0,0,0.0,47,0,0,0,38,9,47,5.8,47,0,0,0,38,9,47,5.8,17,0,0,0,15,2,17,2.1,0,0,0,0,0,0,0,0.0,0,0,0,0,0,0,0,0.0,0,0,0,0,0,0,0,0.0,1,0,0,0,1,0,1,0.1,0,0,0,0,0,0,0,0.0,1,0,0,0,1,0,1,0.1,7,0,0,0,7,0,7,0.9,0,0,0,0,0,0,0,0.0,0,0,0,0,0,0,0,0.0,0,0,0,0,0,0,0,0.0,67,0,0,0,18,49,67,8.3,67,0,0,0,18,49,67,8.3,0,0,0,0,0,0,0,0.0,0,0,0,0,0,0,0,0.0,0,0,0,0,0,0,0,0.0,0,0,0,0,0,0,0,0.0,5,0,0,0,5,0,5,0.6,5,0,0,0,5,0,5,0.6,0,0,0,0,0,0,0,0.0,0,0,0,0,0,0,0,0.0,1,0,0,0,1,0,1,0.1,0,0,0,0,0,0,0,0.0,0,0,0,0,0,0,0,0.0,5,0,0,0,4,1,5,0.6,0,0,0,0,0,0,0,0.0,,,,,,,,,6,0,0,0,5,1,6,0.7,0,0,0,0,0,0,0,0.0,0,0,0,0,0,0,0,0.0,241,157,84,241,219,33,252,31.2,0,0,0,0,0,0,0,0.0,51,0,0,0,48,3,51,6.3,,,,,,,,,292,157,84,241,267,36,303,37.5,0,0,0,0,0,0,0,0.0,355,0,0,0,283,72,355,43.9,797,157,84,241,639,169,808,1.4,75.9
CITIES:,50,FARIDABAD,0,0,0,0,0,0,0,0.0,0,0,0,0,0,0,0,0.0,0,0,0,0,0,0,0,0.0,0,0,0,0,0,0,0,0.0,0,0,0,0,0,0,0,0.0,5,0,0,0,4,1,5,0.9,5,0,0,0,4,1,5,0.9,0,0,0,0,0,0,0,0.0,43,0,0,0,39,4,43,7.3,43,0,0,0,39,4,43,7.3,42,0,0,0,36,6,42,7.2,0,0,0,0,0,0,0,0.0,0,0,0,0,0,0,0,0.0,0,0,0,0,0,0,0,0.0,46,0,0,0,40,6,46,7.8,0,0,0,0,0,0,0,0.0,46,0,0,0,40,6,46,7.8,11,0,0,0,11,0,11,1.9,0,0,0,0,0,0,0,0.0,0,0,0,0,0,0,0,0.0,14,0,0,0,11,3,14,2.4,0,0,0,0,0,0,0,0.0,14,0,0,0,11,3,14,2.4,1,0,0,0,1,0,1,0.2,40,0,0,0,39,1,40,6.8,4,0,0,0,4,0,4,0.7,3,0,0,0,0,3,3,0.5,30,0,0,0,30,0,30,5.1,77,0,0,0,73,4,77,13.1,2,0,0,0,1,1,2,0.3,1,0,0,0,0,1,1,0.2,18,0,0,0,11,7,18,3.1,0,0,0,0,0,0,0,0.0,0,0,0,0,0,0,0,0.0,0,0,0,0,0,0,0,0.0,0,0,0,0,0,0,0,0.0,,,,,,,,,18,0,0,0,11,7,18,3.1,0,0,0,0,0,0,0,0.0,3,0,0,0,2,1,3,0.5,709,464,57,521,225,48,273,46.6,0,0,0,0,0,0,0,0.0,0,0,0,0,0,0,0,0.0,,,,,,,,,709,464,57,521,225,48,273,46.6,49,0,0,0,41,8,49,8.4,1,0,0,0,0,1,1,0.2,1022,464,57,521,495,91,586,1.0,41.7
CITIES:,51,GHAZIABAD,0,0,0,0,0,0,0,0.0,0,0,0,0,0,0,0,0.0,3,3,2,5,2,2,4,0.4,0,0,0,0,0,0,0,0.0,0,0,0,0,0,0,0,0.0,3,1,1,2,1,1,2,0.2,6,4,3,7,3,3,6,0.6,0,0,0,0,0,0,0,0.0,10,5,1,6,10,1,11,1.1,10,5,1,6,10,1,11,1.1,8,2,0,2,10,3,13,1.3,0,0,0,0,0,0,0,0.0,0,0,0,0,0,0,0,0.0,0,0,0,0,0,0,0,0.0,3,2,1,3,5,1,6,0.6,1,1,0,1,1,0,1,0.1,4,3,1,4,6,1,7,0.7,1,1,0,1,2,0,2,0.2,0,0,0,0,0,0,0,0.0,0,0,0,0,0,0,0,0.0,1,0,2,2,1,1,2,0.2,1,1,1,2,1,1,2,0.2,2,1,3,4,2,2,4,0.4,3,2,0,2,5,1,6,0.6,3,0,0,0,3,0,3,0.3,0,0,0,0,0,0,0,0.0,0,0,0,0,0,0,0,0.0,18,0,0,0,18,0,18,1.8,21,0,0,0,21,0,21,2.1,0,0,0,0,0,0,0,0.0,5,0,0,0,5,0,5,0.5,24,0,0,0,16,8,24,2.4,0,0,0,0,0,0,0,0.0,0,0,0,0,0,0,0,0.0,0,0,0,0,0,0,0,0.0,0,0,0,0,0,0,0,0.0,,,,,,,,,24,0,0,0,16,8,24,2.4,0,0,0,0,0,0,0,0.0,10,0,0,0,8,2,10,1.0,718,0,0,0,573,95,668,67.9,16,0,0,0,22,5,27,2.7,129,0,0,0,92,15,107,10.9,,,,,,,,,863,0,0,0,687,115,802,81.5,43,0,0,0,35,8,43,4.4,30,0,0,0,30,0,30,3.0,1030,18,8,26,840,144,984,1.7,41.7
CITIES:,52,GWALIOR,0,0,0,0,0,0,0,0.0,9,2,1,3,8,1,9,4.3,0,0,0,0,0,0,0,0.0,0,0,0,0,0,0,0,0.0,0,0,0,0,0,0,0,0.0,1,2,0,2,1,0,1,0.5,10,4,1,5,9,1,10,4.8,0,0,0,0,0,0,0,0.0,9,0,0,0,8,1,9,4.3,9,0,0,0,8,1,9,4.3,8,0,0,0,8,0,8,3.8,0,0,0,0,0,0,0,0.0,1,0,0,0,1,0,1,0.5,1,0,0,0,1,0,1,0.5,5,0,0,0,5,0,5,2.4,0,0,0,0,0,0,0,0.0,5,0,0,0,5,0,5,2.4,2,0,0,0,2,0,2,1.0,0,0,0,0,0,0,0,0.0,1,0,0,0,0,1,1,0.5,1,0,0,0,0,1,1,0.5,7,1,1,2,2,5,7,3.3,9,1,1,2,2,7,9,4.3,1,0,0,0,1,0,1,0.5,0,0,0,0,0,0,0,0.0,1,0,0,0,1,0,1,0.5,1,0,0,0,0,1,1,0.5,10,0,0,0,10,0,10,4.8,12,0,0,0,11,1,12,5.7,0,0,0,0,0,0,0,0.0,1,0,0,0,1,0,1,0.5,1,0,0,0,0,1,1,0.5,0,0,0,0,0,0,0,0.0,0,0,0,0,0,0,0,0.0,1,0,0,0,1,0,1,0.5,0,0,0,0,0,0,0,0.0,,,,,,,,,2,0,0,0,1,1,2,1.0,0,0,0,0,0,0,0,0.0,0,0,0,0,0,0,0,0.0,133,0,0,0,116,17,133,63.6,11,2,0,2,11,0,11,5.3,0,0,0,0,0,0,0,0.0,,,,,,,,,144,2,0,2,127,17,144,68.9,5,0,0,0,5,0,5,2.4,0,0,0,0,0,0,0,0.0,209,7,2,9,181,28,209,0.4,19.0
CITIES:,53,HYDERABAD,0,0,0,0,0,0,0,0.0,1,0,0,0,1,0,1,0.1,4,2,0,2,3,6,9,0.6,0,0,0,0,0,0,0,0.0,2,1,2,3,1,1,2,0.1,12,1,0,1,10,1,11,0.7,19,4,2,6,15,8,23,1.5,0,0,0,0,0,0,0,0.0,43,4,4,8,33,7,40,2.7,43,4,4,8,33,7,40,2.7,32,0,0,0,24,8,32,2.1,0,0,0,0,0,0,0,0.0,9,0,0,0,5,4,9,0.6,9,0,0,0,5,4,9,0.6,124,1,1,2,96,26,122,8.1,23,0,0,0,20,3,23,1.5,147,1,1,2,116,29,145,9.7,16,1,1,2,15,1,16,1.1,0,0,0,0,0,0,0,0.0,16,0,0,0,15,1,16,1.1,65,4,4,8,15,47,62,4.1,62,0,2,2,22,39,61,4.1,143,4,6,10,52,87,139,9.3,4,0,1,1,0,4,4,0.3,93,0,0,0,81,12,93,6.2,54,0,0,0,44,10,54,3.6,1,0,0,0,0,1,1,0.1,25,0,0,0,19,6,25,1.7,173,0,0,0,144,29,173,11.5,3,0,0,0,1,2,3,0.2,0,0,0,0,0,0,0,0.0,32,1,1,2,24,7,31,2.1,6,0,0,0,3,3,6,0.4,0,0,0,0,0,0,0,0.0,1,0,0,0,1,0,1,0.1,99,7,4,11,77,18,95,6.3,,,,,,,,,138,8,5,13,105,28,133,8.9,0,0,0,0,0,0,0,0.0,0,0,0,0,0,0,0,0.0,2610,2268,213,2481,440,70,510,34.0,0,0,0,0,0,0,0,0.0,0,0,0,0,0,0,0,0.0,,,,,,,,,2610,2268,213,2481,440,70,510,34.0,48,0,0,0,34,14,48,3.2,209,0,0,0,186,39,225,15.0,3594,2290,233,2523,1170,330,1500,2.6,19.4
CITIES:,54,INDORE,0,0,0,0,0,0,0,0.0,2,0,0,0,2,0,2,0.1,0,0,0,0,0,0,0,0.0,0,0,0,0,0,0,0,0.0,0,0,0,0,0,0,0,0.0,0,0,0,0,0,0,0,0.0,2,0,0,0,2,0,2,0.1,0,0,0,0,0,0,0,0.0,46,0,0,0,44,2,46,3.1,46,0,0,0,44,2,46,3.1,37,0,0,0,34,3,37,2.5,0,0,0,0,0,0,0,0.0,0,0,0,0,0,0,0,0.0,0,0,0,0,0,0,0,0.0,55,0,0,0,48,7,55,3.7,26,0,0,0,21,5,26,1.8,81,0,0,0,69,12,81,5.5,5,0,0,0,4,1,5,0.3,0,0,0,0,0,0,0,0.0,1,0,0,0,0,1,1,0.1,21,0,0,0,4,17,21,1.4,152,0,0,0,58,94,152,10.3,174,0,0,0,62,112,174,11.8,7,0,0,0,7,0,7,0.5,56,0,0,0,52,4,56,3.8,7,0,0,0,4,3,7,0.5,2,0,0,0,0,2,2,0.1,42,0,0,0,41,1,42,2.8,107,0,0,0,97,10,107,7.3,0,0,0,0,0,0,0,0.0,0,0,0,0,0,0,0,0.0,143,0,0,0,87,56,143,9.7,0,0,0,0,0,0,0,0.0,0,0,0,0,0,0,0,0.0,16,0,0,0,10,6,16,1.1,44,0,0,0,33,11,44,3.0,,,,,,,,,203,0,0,0,130,73,203,13.8,0,0,0,0,0,0,0,0.0,0,0,0,0,0,0,0,0.0,253,12,5,17,214,39,253,17.2,0,0,0,0,0,0,0,0.0,39,0,0,0,36,3,39,2.6,,,,,,,,,292,12,5,17,250,42,292,19.8,402,0,0,0,293,109,402,27.3,119,0,0,0,101,18,119,8.1,1475,12,5,17,1093,382,1475,2.6,68.1
CITIES:,55,JABALPUR,0,0,0,0,0,0,0,0.0,13,0,0,0,10,3,13,1.1,2,0,0,0,1,1,2,0.2,0,0,0,0,0,0,0,0.0,0,0,0,0,0,0,0,0.0,9,0,0,0,7,2,9,0.8,24,0,0,0,18,6,24,2.1,26,0,0,0,21,5,26,2.3,115,0,0,0,93,22,115,10.0,141,0,0,0,114,27,141,12.3,80,0,0,0,69,11,80,7.0,1,0,0,0,1,0,1,0.1,4,0,0,0,3,1,4,0.3,5,0,0,0,4,1,5,0.4,72,0,0,0,60,12,72,6.3,14,0,0,0,11,3,14,1.2,86,0,0,0,71,15,86,7.5,6,0,0,0,4,2,6,0.5,1,0,0,0,1,0,1,0.1,9,0,0,0,5,4,9,0.8,28,0,0,0,4,24,28,2.4,86,0,0,0,13,73,86,7.5,124,0,0,0,23,101,124,10.8,4,0,0,0,4,0,4,0.3,60,0,0,0,56,4,60,5.2,14,0,0,0,13,1,14,1.2,18,0,0,0,0,18,18,1.6,42,0,0,0,42,0,42,3.6,134,0,0,0,111,23,134,11.6,4,0,0,0,1,3,4,0.3,1,0,0,0,1,0,1,0.1,98,0,0,0,44,54,98,8.5,1,0,0,0,1,0,1,0.1,0,0,0,0,0,0,0,0.0,71,0,0,0,41,30,71,6.2,0,0,0,0,0,0,0,0.0,,,,,,,,,170,0,0,0,86,84,170,14.8,0,0,0,0,0,0,0,0.0,55,0,0,0,31,24,55,4.8,121,147,31,178,117,21,138,12.0,6,0,0,0,6,0,6,0.5,92,0,0,0,69,23,92,8.0,,,,,,,,,219,147,31,178,192,44,236,20.5,0,0,0,0,0,0,0,0.0,81,0,0,0,68,13,81,7.0,1134,147,31,178,797,354,1151,2.0,90.8
CITIES:,56,JAIPUR,0,0,0,0,0,0,0,0.0,3,0,0,0,4,0,4,0.2,0,0,0,0,0,0,0,0.0,0,0,0,0,0,0,0,0.0,0,0,0,0,0,0,0,0.0,3,0,0,0,1,2,3,0.1,6,0,0,0,5,2,7,0.3,0,0,0,0,0,0,0,0.0,38,0,0,0,34,6,40,2.0,38,0,0,0,34,6,40,2.0,61,0,0,0,54,11,65,3.2,0,0,0,0,0,0,0,0.0,0,0,0,0,0,0,0,0.0,0,0,0,0,0,0,0,0.0,142,0,0,0,106,38,144,7.1,7,0,0,0,6,1,7,0.3,149,0,0,0,112,39,151,7.5,3,0,0,0,3,0,3,0.1,0,0,0,0,0,0,0,0.0,6,0,0,0,4,2,6,0.3,27,0,0,0,9,18,27,1.3,56,0,0,0,23,33,56,2.8,89,0,0,0,36,53,89,4.4,2,0,0,0,2,0,2,0.1,94,0,0,0,86,8,94,4.6,8,0,0,0,6,2,8,0.4,3,0,0,0,0,3,3,0.1,61,0,0,0,61,0,61,3.0,166,0,0,0,153,13,166,8.2,1,0,0,0,0,1,1,0.0,9,3,0,3,9,0,9,0.4,36,0,0,0,25,11,36,1.8,0,0,0,0,0,0,0,0.0,0,0,0,0,0,0,0,0.0,14,0,0,0,6,8,14,0.7,50,0,0,0,38,13,51,2.5,,,,,,,,,100,0,0,0,69,32,101,5.0,0,0,0,0,0,0,0,0.0,1,0,0,0,1,0,1,0.0,2848,2184,512,2696,663,87,750,37.0,0,0,0,0,0,0,0,0.0,41,0,0,0,38,3,41,2.0,,,,,,,,,2889,2184,512,2696,701,90,791,39.1,389,0,0,0,335,54,389,19.2,210,0,0,0,191,19,210,10.4,4113,2187,512,2699,1705,320,2025,3.6,65.9
CITIES:,57,JAMSHEDPUR,0,0,0,0,0,0,0,0.0,0,0,0,0,0,0,0,0.0,0,0,0,0,0,0,0,0.0,0,0,0,0,0,0,0,0.0,0,0,0,0,0,0,0,0.0,0,0,0,0,0,0,0,0.0,0,0,0,0,0,0,0,0.0,0,0,0,0,0,0,0,0.0,19,0,0,0,18,1,19,6.8,19,0,0,0,18,1,19,6.8,0,0,0,0,0,0,0,0.0,0,0,0,0,0,0,0,0.0,0,0,0,0,0,0,0,0.0,0,0,0,0,0,0,0,0.0,24,0,0,0,24,0,24,8.6,10,0,0,0,8,2,10,3.6,34,0,0,0,32,2,34,12.2,5,0,0,0,5,0,5,1.8,0,0,0,0,0,0,0,0.0,13,0,0,0,12,1,13,4.7,2,0,0,0,0,2,2,0.7,33,0,0,0,8,25,33,11.9,48,0,0,0,20,28,48,17.3,0,0,0,0,0,0,0,0.0,7,0,0,0,6,1,7,2.5,0,0,0,0,0,0,0,0.0,0,0,0,0,0,0,0,0.0,19,0,0,0,19,0,19,6.8,26,0,0,0,25,1,26,9.4,0,0,0,0,0,0,0,0.0,0,0,0,0,0,0,0,0.0,5,0,0,0,4,1,5,1.8,0,0,0,0,0,0,0,0.0,0,0,0,0,0,0,0,0.0,0,0,0,0,0,0,0,0.0,0,0,0,0,0,0,0,0.0,,,,,,,,,5,0,0,0,4,1,5,1.8,0,0,0,0,0,0,0,0.0,0,0,0,0,0,0,0,0.0,216,171,51,222,87,15,102,36.7,0,0,0,0,0,0,0,0.0,0,0,0,0,0,0,0,0.0,,,,,,,,,216,171,51,222,87,15,102,36.7,27,0,0,0,20,7,27,9.7,12,0,0,0,8,4,12,4.3,392,171,51,222,219,59,278,0.5,20.8
CITIES:,58,JODHPUR,0,0,0,0,0,0,0,0.0,8,0,0,0,8,0,8,1.3,2,0,0,0,2,0,2,0.3,0,0,0,0,0,0,0,0.0,0,0,0,0,0,0,0,0.0,1,0,0,0,1,0,1,0.2,11,0,0,0,11,0,11,1.8,0,0,0,0,0,0,0,0.0,27,0,0,0,21,7,28,4.6,27,0,0,0,21,7,28,4.6,18,0,0,0,17,1,18,3.0,0,0,0,0,0,0,0,0.0,0,0,0,0,0,0,0,0.0,0,0,0,0,0,0,0,0.0,6,0,0,0,6,1,7,1.2,1,0,0,0,1,0,1,0.2,7,0,0,0,7,1,8,1.3,7,0,0,0,6,1,7,1.2,0,0,0,0,0,0,0,0.0,0,0,0,0,0,0,0,0.0,4,0,0,0,0,4,4,0.7,17,0,0,0,11,7,18,3.0,21,0,0,0,11,11,22,3.6,0,0,0,0,0,0,0,0.0,23,0,0,0,19,4,23,3.8,10,0,0,0,7,3,10,1.6,0,0,0,0,0,0,0,0.0,7,0,0,0,7,0,7,1.2,40,0,0,0,33,7,40,6.6,1,0,0,0,1,0,1,0.2,1,0,0,0,1,0,1,0.2,8,0,0,0,7,1,8,1.3,0,0,0,0,0,0,0,0.0,0,0,0,0,0,0,0,0.0,0,0,0,0,0,0,0,0.0,0,0,0,0,0,0,0,0.0,,,,,,,,,8,0,0,0,7,1,8,1.3,0,0,0,0,0,0,0,0.0,6,0,0,0,6,0,6,1.0,533,394,34,428,281,17,298,49.1,0,0,0,0,0,0,0,0.0,0,0,0,0,0,0,0,0.0,,,,,,,,,533,394,34,428,281,17,298,49.1,0,0,0,0,0,0,0,0.0,187,0,0,0,121,38,159,26.2,867,394,34,428,523,84,607,1.1,53.3
CITIES:,59,KANNUR,0,0,0,0,0,0,0,0.0,0,0,0,0,0,0,0,0.0,0,0,0,0,0,0,0,0.0,0,0,0,0,0,0,0,0.0,0,0,0,0,0,0,0,0.0,0,0,0,0,0,0,0,0.0,0,0,0,0,0,0,0,0.0,0,0,0,0,0,0,0,0.0,23,0,0,0,13,10,23,11.6,23,0,0,0,13,10,23,11.6,2,0,0,0,2,0,2,1.0,0,0,0,0,0,0,0,0.0,0,0,0,0,0,0,0,0.0,0,0,0,0,0,0,0,0.0,12,0,0,0,11,1,12,6.1,0,0,0,0,0,0,0,0.0,12,0,0,0,11,1,12,6.1,1,0,0,0,1,0,1,0.5,0,0,0,0,0,0,0,0.0,0,0,0,0,0,0,0,0.0,0,0,0,0,0,0,0,0.0,7,0,0,0,1,6,7,3.5,7,0,0,0,1,6,7,3.5,0,0,0,0,0,0,0,0.0,15,0,0,0,14,1,15,7.6,0,0,0,0,0,0,0,0.0,0,0,0,0,0,0,0,0.0,0,0,0,0,0,0,0,0.0,15,0,0,0,14,1,15,7.6,0,0,0,0,0,0,0,0.0,0,0,0,0,0,0,0,0.0,0,0,0,0,0,0,0,0.0,0,0,0,0,0,0,0,0.0,0,0,0,0,0,0,0,0.0,0,0,0,0,0,0,0,0.0,0,0,0,0,0,0,0,0.0,,,,,,,,,0,0,0,0,0,0,0,0.0,0,0,0,0,0,0,0,0.0,0,0,0,0,0,0,0,0.0,618,642,172,814,69,9,78,39.4,0,0,0,0,0,0,0,0.0,31,0,0,0,30,1,31,15.7,,,,,,,,,649,642,172,814,99,10,109,55.1,17,0,0,0,15,2,17,8.6,12,0,0,0,11,1,12,6.1,738,642,172,814,167,31,198,0.3,12.1
CITIES:,60,KANPUR,0,0,0,0,0,0,0,0.0,0,0,0,0,0,0,0,0.0,0,0,0,0,0,0,0,0.0,0,0,0,0,0,0,0,0.0,0,0,0,0,0,0,0,0.0,12,0,0,0,11,1,12,0.6,12,0,0,0,11,1,12,0.6,0,0,0,0,0,0,0,0.0,48,0,0,0,42,6,48,2.5,48,0,0,0,42,6,48,2.5,29,0,0,0,27,2,29,1.5,0,0,0,0,0,0,0,0.0,1,0,0,0,0,1,1,0.1,1,0,0,0,0,1,1,0.1,78,0,0,0,60,18,78,4.1,12,0,0,0,12,0,12,0.6,90,0,0,0,72,18,90,4.7,13,0,0,0,12,1,13,0.7,0,0,0,0,0,0,0,0.0,1,0,0,0,1,0,1,0.1,7,0,0,0,2,5,7,0.4,285,0,0,0,79,206,285,14.9,293,0,0,0,82,211,293,15.3,21,0,0,0,20,1,21,1.1,20,0,0,0,14,6,20,1.0,7,0,0,0,7,0,7,0.4,1,0,0,0,0,1,1,0.1,40,0,0,0,40,0,40,2.1,68,0,0,0,61,7,68,3.6,3,0,0,0,3,0,3,0.2,0,0,0,0,0,0,0,0.0,130,0,0,0,80,50,130,6.8,3,0,0,0,3,0,3,0.2,5,0,0,0,5,0,5,0.3,4,0,0,0,4,0,4,0.2,0,0,0,0,0,0,0,0.0,,,,,,,,,142,0,0,0,92,50,142,7.4,0,0,0,0,0,0,0,0.0,262,0,0,0,165,97,262,13.7,757,0,0,0,657,100,757,39.6,12,0,0,0,11,1,12,0.6,109,0,0,0,87,22,109,5.7,,,,,,,,,878,0,0,0,755,123,878,45.9,54,0,0,0,43,11,54,2.8,0,0,0,0,0,0,0,0.0,1914,0,0,0,1385,529,1914,3.4,65.5
CITIES:,61,KOCHI,0,0,0,0,0,0,0,0.0,0,0,0,0,0,0,0,0.0,7,0,0,0,8,0,8,1.8,0,0,0,0,0,0,0,0.0,0,0,0,0,0,0,0,0.0,0,0,0,0,0,0,0,0.0,7,0,0,0,8,0,8,1.8,0,0,0,0,0,0,0,0.0,58,0,0,0,43,16,59,13.3,58,0,0,0,43,16,59,13.3,8,0,0,0,7,1,8,1.8,0,0,0,0,0,0,0,0.0,0,0,0,0,0,0,0,0.0,0,0,0,0,0,0,0,0.0,29,0,0,0,28,1,29,6.5,2,0,0,0,2,0,2,0.5,31,0,0,0,30,1,31,7.0,0,0,0,0,0,0,0,0.0,0,0,0,0,0,0,0,0.0,2,0,0,0,1,1,2,0.5,2,0,0,0,0,2,2,0.5,13,0,0,0,2,11,13,2.9,17,0,0,0,3,14,17,3.8,1,0,0,0,1,0,1,0.2,107,0,0,0,103,4,107,24.2,0,0,0,0,0,0,0,0.0,0,0,0,0,0,0,0,0.0,11,0,0,0,11,0,11,2.5,118,0,0,0,114,4,118,26.6,0,0,0,0,0,0,0,0.0,0,0,0,0,0,0,0,0.0,0,0,0,0,0,0,0,0.0,0,0,0,0,0,0,0,0.0,0,0,0,0,0,0,0,0.0,0,0,0,0,0,0,0,0.0,1,0,0,0,1,0,1,0.2,,,,,,,,,1,0,0,0,1,0,1,0.2,0,0,0,0,0,0,0,0.0,1,0,0,0,1,0,1,0.2,2280,1850,581,2431,115,29,144,32.5,0,0,0,0,0,0,0,0.0,17,0,0,0,17,0,17,3.8,,,,,,,,,2297,1850,581,2431,132,29,161,36.3,18,0,0,0,14,4,18,4.1,20,0,0,0,17,3,20,4.5,2577,1850,581,2431,371,72,443,0.8,20.9
CITIES:,62,KOLKATA,0,0,0,0,0,0,0,0.0,0,0,0,0,0,0,0,0.0,0,0,0,0,0,0,0,0.0,0,0,0,0,0,0,0,0.0,0,0,0,0,0,0,0,0.0,1,0,0,0,1,0,1,0.1,1,0,0,0,1,0,1,0.1,0,0,0,0,0,0,0,0.0,36,0,0,0,30,6,36,4.6,36,0,0,0,30,6,36,4.6,14,1,0,1,13,1,14,1.8,0,0,0,0,0,0,0,0.0,0,0,0,0,0,0,0,0.0,0,0,0,0,0,0,0,0.0,49,8,3,11,39,10,49,6.2,0,0,0,0,0,0,0,0.0,49,8,3,11,39,10,49,6.2,0,0,0,0,0,0,0,0.0,0,0,0,0,0,0,0,0.0,1,0,0,0,1,0,1,0.1,19,1,2,3,2,17,19,2.4,24,0,0,0,7,17,24,3.1,44,1,2,3,10,34,44,5.6,0,0,0,0,0,0,0,0.0,24,0,0,0,19,5,24,3.1,0,0,0,0,0,0,0,0.0,0,0,0,0,0,0,0,0.0,19,0,0,0,19,0,19,2.4,43,0,0,0,38,5,43,5.5,0,0,0,0,0,0,0,0.0,0,0,0,0,0,0,0,0.0,2,1,0,1,0,1,1,0.1,0,0,0,0,0,0,0,0.0,0,0,0,0,0,0,0,0.0,1,0,0,0,1,0,1,0.1,5,0,0,0,2,3,5,0.6,,,,,,,,,8,1,0,1,3,4,7,0.9,0,0,0,0,0,0,0,0.0,0,0,0,0,0,0,0,0.0,3730,2744,796,3540,392,94,486,61.8,0,0,0,0,0,0,0,0.0,0,0,0,0,0,0,0,0.0,,,,,,,,,3730,2744,796,3540,392,94,486,61.8,0,0,0,0,0,0,0,0.0,106,0,0,0,82,24,106,13.5,4031,2755,801,3556,608,178,786,1.4,5.6
CITIES:,63,KOLLAM,0,0,0,0,0,0,0,0.0,0,0,0,0,0,0,0,0.0,0,0,0,0,0,0,0,0.0,0,0,0,0,0,0,0,0.0,0,0,0,0,0,0,0,0.0,0,0,0,0,0,0,0,0.0,0,0,0,0,0,0,0,0.0,0,0,0,0,0,0,0,0.0,143,0,0,0,117,26,143,27.6,143,0,0,0,117,26,143,27.6,15,0,0,0,13,2,15,2.9,0,0,0,0,0,0,0,0.0,0,0,0,0,0,0,0,0.0,0,0,0,0,0,0,0,0.0,15,0,0,0,13,2,15,2.9,2,0,0,0,1,1,2,0.4,17,0,0,0,14,3,17,3.3,0,0,0,0,0,0,0,0.0,0,0,0,0,0,0,0,0.0,0,0,0,0,0,0,0,0.0,0,0,0,0,0,0,0,0.0,12,0,0,0,3,9,12,2.3,12,0,0,0,3,9,12,2.3,0,0,0,0,0,0,0,0.0,74,0,0,0,64,10,74,14.3,0,0,0,0,0,0,0,0.0,0,0,0,0,0,0,0,0.0,8,0,0,0,8,0,8,1.5,82,0,0,0,72,10,82,15.8,0,0,0,0,0,0,0,0.0,0,0,0,0,0,0,0,0.0,0,0,0,0,0,0,0,0.0,0,0,0,0,0,0,0,0.0,0,0,0,0,0,0,0,0.0,4,0,0,0,4,0,4,0.8,1,0,0,0,1,0,1,0.2,,,,,,,,,5,0,0,0,5,0,5,1.0,0,0,0,0,0,0,0,0.0,2,0,0,0,2,0,2,0.4,1763,1464,445,1909,180,33,213,41.1,0,0,0,0,0,0,0,0.0,4,0,0,0,3,1,4,0.8,,,,,,,,,1767,1464,445,1909,183,34,217,41.9,15,0,0,0,12,3,15,2.9,10,0,0,0,7,3,10,1.9,2068,1464,445,1909,428,90,518,0.9,46.7
CITIES:,64,KOTA,0,0,0,0,0,0,0,0.0,0,0,0,0,0,0,0,0.0,0,0,0,0,0,0,0,0.0,0,0,0,0,0,0,0,0.0,0,0,0,0,0,0,0,0.0,0,0,0,0,0,0,0,0.0,0,0,0,0,0,0,0,0.0,0,0,0,0,0,0,0,0.0,58,0,0,0,45,13,58,11.9,58,0,0,0,45,13,58,11.9,5,0,0,0,4,1,5,1.0,0,0,0,0,0,0,0,0.0,0,0,0,0,0,0,0,0.0,0,0,0,0,0,0,0,0.0,4,0,0,0,3,1,4,0.8,0,0,0,0,0,0,0,0.0,4,0,0,0,3,1,4,0.8,0,0,0,0,0,0,0,0.0,0,0,0,0,0,0,0,0.0,0,0,0,0,0,0,0,0.0,0,0,0,0,0,0,0,0.0,17,0,0,0,4,13,17,3.5,17,0,0,0,4,13,17,3.5,0,0,0,0,0,0,0,0.0,0,0,0,0,0,0,0,0.0,0,0,0,0,0,0,0,0.0,0,0,0,0,0,0,0,0.0,3,0,0,0,3,0,3,0.6,3,0,0,0,3,0,3,0.6,0,0,0,0,0,0,0,0.0,0,0,0,0,0,0,0,0.0,0,0,0,0,0,0,0,0.0,0,0,0,0,0,0,0,0.0,0,0,0,0,0,0,0,0.0,0,0,0,0,0,0,0,0.0,10,0,0,0,9,1,10,2.1,,,,,,,,,10,0,0,0,9,1,10,2.1,0,0,0,0,0,0,0,0.0,0,0,0,0,0,0,0,0.0,601,588,121,709,102,10,112,23.0,0,0,0,0,0,0,0,0.0,0,0,0,0,0,0,0,0.0,,,,,,,,,601,588,121,709,102,10,112,23.0,133,0,0,0,70,63,133,27.3,145,0,0,0,108,37,145,29.8,976,588,121,709,348,139,487,0.9,48.7
CITIES:,65,KOZHIKODE,0,0,0,0,0,0,0,0.0,0,0,0,0,0,0,0,0.0,0,0,0,0,0,0,0,0.0,0,0,0,0,0,0,0,0.0,0,0,0,0,0,0,0,0.0,0,0,0,0,0,0,0,0.0,0,0,0,0,0,0,0,0.0,0,0,0,0,0,0,0,0.0,35,0,0,0,24,11,35,8.5,35,0,0,0,24,11,35,8.5,6,0,0,0,5,1,6,1.5,0,0,0,0,0,0,0,0.0,0,0,0,0,0,0,0,0.0,0,0,0,0,0,0,0,0.0,22,0,0,0,20,2,22,5.4,4,0,0,0,5,0,5,1.2,26,0,0,0,25,2,27,6.6,0,0,0,0,0,0,0,0.0,0,0,0,0,0,0,0,0.0,0,0,0,0,0,0,0,0.0,1,0,0,0,0,1,1,0.2,7,0,0,0,0,7,7,1.7,8,0,0,0,0,8,8,2.0,0,0,0,0,0,0,0,0.0,57,0,0,0,51,6,57,13.9,15,0,0,0,14,1,15,3.7,0,0,0,0,0,0,0,0.0,3,0,0,0,3,0,3,0.7,75,0,0,0,68,7,75,18.3,0,0,0,0,0,0,0,0.0,0,0,0,0,0,0,0,0.0,0,0,0,0,0,0,0,0.0,0,0,0,0,0,0,0,0.0,0,0,0,0,0,0,0,0.0,0,0,0,0,0,0,0,0.0,4,0,0,0,2,2,4,1.0,,,,,,,,,4,0,0,0,2,2,4,1.0,0,0,0,0,0,0,0,0.0,0,0,0,0,0,0,0,0.0,1268,1088,363,1451,144,30,174,42.4,0,0,0,0,0,0,0,0.0,19,0,0,0,9,10,19,4.6,,,,,,,,,1287,1088,363,1451,153,40,193,47.1,60,0,0,0,46,14,60,14.6,2,0,0,0,2,0,2,0.5,1503,1088,363,1451,325,85,410,0.7,20.2
CITIES:,66,LUCKNOW,0,0,0,0,0,0,0,0.0,0,0,0,0,0,0,0,0.0,0,0,0,0,0,0,0,0.0,0,0,0,0,0,0,0,0.0,0,0,0,0,0,0,0,0.0,0,0,0,0,0,0,0,0.0,0,0,0,0,0,0,0,0.0,0,0,0,0,0,0,0,0.0,4,0,0,0,4,0,4,0.7,4,0,0,0,4,0,4,0.7,3,0,0,0,3,0,3,0.6,0,0,0,0,0,0,0,0.0,0,0,0,0,0,0,0,0.0,0,0,0,0,0,0,0,0.0,5,3,0,3,2,0,2,0.4,1,0,0,0,1,0,1,0.2,6,3,0,3,3,0,3,0.6,0,0,0,0,0,0,0,0.0,0,0,0,0,0,0,0,0.0,0,0,0,0,0,0,0,0.0,0,0,0,0,0,0,0,0.0,0,0,0,0,0,0,0,0.0,0,0,0,0,0,0,0,0.0,0,0,0,0,0,0,0,0.0,0,0,0,0,0,0,0,0.0,0,0,0,0,0,0,0,0.0,0,0,0,0,0,0,0,0.0,0,0,0,0,0,0,0,0.0,0,0,0,0,0,0,0,0.0,0,0,0,0,0,0,0,0.0,0,0,0,0,0,0,0,0.0,0,0,0,0,0,0,0,0.0,0,0,0,0,0,0,0,0.0,0,0,0,0,0,0,0,0.0,3,0,0,0,2,1,3,0.6,0,0,0,0,0,0,0,0.0,,,,,,,,,3,0,0,0,2,1,3,0.6,0,0,0,0,0,0,0,0.0,0,0,0,0,0,0,0,0.0,1215,705,98,803,466,59,525,97.6,0,0,0,0,0,0,0,0.0,0,0,0,0,0,0,0,0.0,,,,,,,,,1215,705,98,803,466,59,525,97.6,0,0,0,0,0,0,0,0.0,0,0,0,0,0,0,0,0.0,1231,708,98,806,478,60,538,0.9,18.5
CITIES:,67,LUDHIANA,0,0,0,0,0,0,0,0.0,2,0,0,0,1,1,2,0.4,0,0,0,0,0,0,0,0.0,0,0,0,0,0,0,0,0.0,0,0,0,0,0,0,0,0.0,1,0,0,0,1,0,1,0.2,3,0,0,0,2,1,3,0.6,0,0,0,0,0,0,0,0.0,14,0,0,0,10,4,14,2.9,14,0,0,0,10,4,14,2.9,42,0,0,0,40,2,42,8.8,0,0,0,0,0,0,0,0.0,1,0,0,0,1,0,1,0.2,1,0,0,0,1,0,1,0.2,27,0,0,0,26,1,27,5.6,2,0,0,0,2,0,2,0.4,29,0,0,0,28,1,29,6.1,13,0,0,0,13,0,13,2.7,0,0,0,0,0,0,0,0.0,1,0,0,0,0,1,1,0.2,18,0,0,0,4,14,18,3.8,10,0,0,0,6,4,10,2.1,29,0,0,0,10,19,29,6.1,3,0,0,0,3,0,3,0.6,46,0,0,0,44,2,46,9.6,13,0,0,0,13,0,13,2.7,1,0,0,0,0,1,1,0.2,16,0,0,0,15,1,16,3.3,76,0,0,0,72,4,76,15.9,0,0,0,0,0,0,0,0.0,0,0,0,0,0,0,0,0.0,35,0,0,0,25,10,35,7.3,17,0,0,0,16,1,17,3.6,1,0,0,0,0,1,1,0.2,0,0,0,0,0,0,0,0.0,0,0,0,0,0,0,0,0.0,,,,,,,,,53,0,0,0,41,12,53,11.1,0,0,0,0,0,0,0,0.0,0,0,0,0,0,0,0,0.0,33,0,0,0,29,4,33,6.9,0,0,0,0,0,0,0,0.0,0,0,0,0,0,0,0,0.0,,,,,,,,,33,0,0,0,29,4,33,6.9,175,0,0,0,157,18,175,36.6,7,0,0,0,6,1,7,1.5,478,0,0,0,412,66,478,0.8,29.6
CITIES:,68,MADURAI,0,0,0,0,0,0,0,0.0,0,0,0,0,0,0,0,0.0,0,0,0,0,0,0,0,0.0,0,0,0,0,0,0,0,0.0,0,0,0,0,0,0,0,0.0,0,0,0,0,0,0,0,0.0,0,0,0,0,0,0,0,0.0,0,0,0,0,0,0,0,0.0,9,0,0,0,9,0,9,2.5,9,0,0,0,9,0,9,2.5,11,0,0,0,10,1,11,3.1,0,0,0,0,0,0,0,0.0,0,0,0,0,0,0,0,0.0,0,0,0,0,0,0,0,0.0,12,0,0,0,10,2,12,3.4,14,0,0,0,11,3,14,3.9,26,0,0,0,21,5,26,7.3,0,0,0,0,0,0,0,0.0,0,0,0,0,0,0,0,0.0,0,0,0,0,0,0,0,0.0,0,0,0,0,0,0,0,0.0,25,0,0,0,5,20,25,7.0,25,0,0,0,5,20,25,7.0,0,0,0,0,0,0,0,0.0,54,0,0,0,50,4,54,15.1,27,0,0,0,20,7,27,7.6,1,0,0,0,0,1,1,0.3,5,0,0,0,4,1,5,1.4,87,0,0,0,74,13,87,24.4,0,0,0,0,0,0,0,0.0,0,0,0,0,0,0,0,0.0,0,0,0,0,0,0,0,0.0,0,0,0,0,0,0,0,0.0,0,0,0,0,0,0,0,0.0,1,0,0,0,1,0,1,0.3,1,0,0,0,1,0,1,0.3,,,,,,,,,2,0,0,0,2,0,2,0.6,0,0,0,0,0,0,0,0.0,0,0,0,0,0,0,0,0.0,839,629,206,835,101,26,127,35.6,0,0,0,0,0,0,0,0.0,0,0,0,0,0,0,0,0.0,,,,,,,,,839,629,206,835,101,26,127,35.6,70,0,0,0,58,12,70,19.6,0,0,0,0,0,0,0,0.0,1069,629,206,835,280,77,357,0.6,24.4
CITIES:,69,MALAPPURAM,0,0,0,0,0,0,0,0.0,1,1,0,1,1,0,1,0.7,0,0,0,0,0,0,0,0.0,0,0,0,0,0,0,0,0.0,0,0,0,0,0,0,0,0.0,0,0,0,0,0,0,0,0.0,1,1,0,1,1,0,1,0.7,0,0,0,0,0,0,0,0.0,38,0,0,0,24,14,38,27.5,38,0,0,0,24,14,38,27.5,0,0,0,0,0,0,0,0.0,0,0,0,0,0,0,0,0.0,0,0,0,0,0,0,0,0.0,0,0,0,0,0,0,0,0.0,10,0,0,0,10,0,10,7.2,1,0,0,0,0,1,1,0.7,11,0,0,0,10,1,11,8.0,0,0,0,0,0,0,0,0.0,0,0,0,0,0,0,0,0.0,0,0,0,0,0,0,0,0.0,0,0,0,0,0,0,0,0.0,2,0,0,0,1,1,2,1.4,2,0,0,0,1,1,2,1.4,0,0,0,0,0,0,0,0.0,19,0,0,0,17,2,19,13.8,0,0,0,0,0,0,0,0.0,1,0,0,0,0,1,1,0.7,0,0,0,0,0,0,0,0.0,20,0,0,0,17,3,20,14.5,0,0,0,0,0,0,0,0.0,0,0,0,0,0,0,0,0.0,0,0,0,0,0,0,0,0.0,0,0,0,0,0,0,0,0.0,0,0,0,0,0,0,0,0.0,1,0,0,0,0,1,1,0.7,0,0,0,0,0,0,0,0.0,,,,,,,,,1,0,0,0,0,1,1,0.7,0,0,0,0,0,0,0,0.0,0,0,0,0,0,0,0,0.0,514,517,98,615,50,11,61,44.2,0,0,0,0,0,0,0,0.0,4,0,0,0,3,1,4,2.9,,,,,,,,,518,517,98,615,53,12,65,47.1,0,0,0,0,0,0,0,0.0,0,0,0,0,0,0,0,0.0,591,518,98,616,106,32,138,0.2,8.1
CITIES:,70,MEERUT,0,0,0,0,0,0,0,0.0,15,15,6,21,11,3,14,1.4,0,0,0,0,0,0,0,0.0,0,0,0,0,0,0,0,0.0,0,0,0,0,0,0,0,0.0,12,14,2,16,12,5,17,1.7,27,29,8,37,23,8,31,3.1,1,1,1,2,0,2,2,0.2,16,11,4,15,11,5,16,1.6,17,12,5,17,11,7,18,1.8,17,5,2,7,10,2,12,1.2,0,0,0,0,0,0,0,0.0,0,0,0,0,0,0,0,0.0,0,0,0,0,0,0,0,0.0,20,11,4,15,15,2,17,1.7,18,9,3,12,14,4,18,1.8,38,20,7,27,29,6,35,3.5,19,4,5,9,17,7,24,2.4,10,4,1,5,8,4,12,1.2,5,1,3,4,5,3,8,0.8,14,1,6,7,2,10,12,1.2,10,3,1,4,8,2,10,1.0,39,9,11,20,23,19,42,4.2,242,109,16,125,198,60,258,25.7,32,0,0,0,28,4,32,3.2,0,0,0,0,0,0,0,0.0,0,0,0,0,0,0,0,0.0,35,8,0,8,30,0,30,3.0,67,8,0,8,58,4,62,6.2,5,5,6,11,2,2,4,0.4,0,0,0,0,0,0,0,0.0,12,6,2,8,4,4,8,0.8,25,22,0,22,18,0,18,1.8,0,0,0,0,0,0,0,0.0,15,6,4,10,7,5,12,1.2,54,41,9,50,46,21,67,6.7,,,,,,,,,106,75,15,90,75,30,105,10.5,0,0,0,0,0,0,0,0.0,0,0,0,0,0,0,0,0.0,979,741,107,848,364,34,398,39.7,0,0,0,0,0,0,0,0.0,0,0,0,0,0,0,0,0.0,,,,,,,,,979,741,107,848,364,34,398,39.7,0,0,0,0,0,0,0,0.0,15,9,3,12,12,2,14,1.4,1571,1026,185,1211,822,181,1003,1.8,70.4
CITIES:,71,MUMBAI,0,0,0,0,0,0,0,0.0,0,0,0,0,0,0,0,0.0,11,0,0,0,10,1,11,0.1,0,0,0,0,0,0,0,0.0,0,0,0,0,0,0,0,0.0,11,0,0,0,9,2,11,0.1,22,0,0,0,19,3,22,0.3,0,0,0,0,0,0,0,0.0,190,0,0,0,166,24,190,2.5,190,0,0,0,166,24,190,2.5,83,0,0,0,72,11,83,1.1,0,0,0,0,0,0,0,0.0,17,28,3,31,13,4,17,0.2,17,28,3,31,13,4,17,0.2,332,0,0,0,292,40,332,4.3,32,0,0,0,28,4,32,0.4,364,0,0,0,320,44,364,4.8,7,0,0,0,7,0,7,0.1,0,0,0,0,0,0,0,0.0,47,0,0,0,37,10,47,0.6,151,0,0,0,28,123,151,2.0,145,2,3,5,42,103,145,1.9,343,2,3,5,107,236,343,4.5,3,0,0,0,3,0,3,0.0,963,0,0,0,817,146,963,12.6,271,1,0,1,221,50,271,3.5,42,0,0,0,0,42,42,0.5,166,0,0,0,162,4,166,2.2,1442,1,0,1,1200,242,1442,18.8,6,0,0,0,3,3,6,0.1,0,0,0,0,0,0,0,0.0,90,0,0,0,56,34,90,1.2,3,0,0,0,1,2,3,0.0,0,0,0,0,0,0,0,0.0,6,0,0,0,4,2,6,0.1,0,0,0,0,0,0,0,0.0,,,,,,,,,99,0,0,0,61,38,99,1.3,0,0,0,0,0,0,0,0.0,11,0,0,0,5,6,11,0.1,3519,2530,522,3052,585,109,694,9.1,4,0,0,0,3,1,4,0.1,0,0,0,0,0,0,0,0.0,,,,,,,,,3523,2530,522,3052,588,110,698,9.1,4374,0,0,0,3411,964,4375,57.1,3,0,0,0,2,1,3,0.0,10487,2561,528,3089,5977,1686,7663,13.5,41.6
CITIES:,72,NAGPUR,0,0,0,0,0,0,0,0.0,0,0,0,0,0,0,0,0.0,0,0,0,0,0,0,0,0.0,0,0,0,0,0,0,0,0.0,0,0,0,0,0,0,0,0.0,1,0,0,0,2,0,2,0.1,1,0,0,0,2,0,2,0.1,0,0,0,0,0,0,0,0.0,74,0,0,0,63,11,74,4.5,74,0,0,0,63,11,74,4.5,27,0,0,0,19,8,27,1.6,0,0,0,0,0,0,0,0.0,0,0,0,0,0,0,0,0.0,0,0,0,0,0,0,0,0.0,102,0,0,0,87,15,102,6.2,6,0,0,0,5,1,6,0.4,108,0,0,0,92,16,108,6.6,7,0,0,0,7,0,7,0.4,0,0,0,0,0,0,0,0.0,1,0,0,0,1,0,1,0.1,0,0,0,0,0,0,0,0.0,132,0,0,0,33,99,132,8.1,133,0,0,0,34,99,133,8.1,0,0,0,0,0,0,0,0.0,94,0,0,0,82,12,94,5.7,62,0,0,0,49,13,62,3.8,0,0,0,0,0,0,0,0.0,140,0,0,0,139,1,140,8.5,296,0,0,0,270,26,296,18.1,2,0,0,0,2,0,2,0.1,0,0,0,0,0,0,0,0.0,12,0,0,0,9,5,14,0.9,0,0,0,0,0,0,0,0.0,0,0,0,0,0,0,0,0.0,4,0,0,0,3,1,4,0.2,0,0,0,0,0,0,0,0.0,,,,,,,,,16,0,0,0,12,6,18,1.1,0,0,0,0,0,0,0,0.0,0,0,0,0,0,0,0,0.0,1198,740,161,901,251,58,309,18.9,0,0,0,0,0,0,0,0.0,60,0,0,0,54,7,61,3.7,,,,,,,,,1258,740,161,901,305,65,370,22.6,601,0,0,0,519,82,601,36.7,0,0,0,0,0,0,0,0.0,2523,740,161,901,1325,313,1638,2.9,65.6
CITIES:,73,NASIK,0,0,0,0,0,0,0,0.0,16,12,4,16,0,0,0,0.0,7,7,0,7,1,0,1,0.1,0,0,0,0,0,0,0,0.0,0,0,0,0,0,0,0,0.0,8,4,2,6,1,2,3,0.3,31,23,6,29,2,2,4,0.3,0,0,0,0,0,0,0,0.0,54,3,2,5,40,9,49,4.1,54,3,2,5,40,9,49,4.1,70,39,10,49,18,4,22,1.9,0,0,0,0,0,0,0,0.0,0,0,0,0,0,0,0,0.0,0,0,0,0,0,0,0,0.0,118,87,9,96,21,3,24,2.0,751,551,160,711,36,10,46,3.9,869,638,169,807,57,13,70,5.9,53,48,5,53,0,1,1,0.1,14,8,6,14,0,0,0,0.0,36,24,11,35,1,0,1,0.1,23,11,9,20,5,2,7,0.6,431,177,175,352,29,65,94,8.0,504,220,201,421,35,67,102,8.6,1,1,0,1,0,0,0,0.0,364,35,10,45,288,42,330,27.9,19,8,3,11,7,1,8,0.7,4,0,4,4,0,0,0,0.0,99,88,0,88,11,0,11,0.9,486,131,17,148,306,43,349,29.6,26,21,5,26,1,0,1,0.1,1,1,0,1,0,0,0,0.0,51,47,34,81,1,0,1,0.1,0,0,0,0,0,0,0,0.0,0,0,0,0,0,0,0,0.0,273,165,101,266,3,4,7,0.6,817,459,349,808,19,13,32,2.7,,,,,,,,,1141,671,484,1155,23,17,40,3.4,0,0,0,0,0,0,0,0.0,9,6,1,7,2,1,3,0.3,2494,2075,441,2516,163,31,194,16.4,0,0,0,0,0,0,0,0.0,29,1,0,1,27,2,29,2.5,,,,,,,,,2523,2076,441,2517,190,33,223,18.9,1819,1265,319,1584,241,70,311,26.3,9,1,2,3,5,1,6,0.5,7596,5144,1662,6806,920,261,1181,2.1,75.6
CITIES:,74,PATNA,0,0,0,0,0,0,0,0.0,16,6,5,11,1,4,5,0.9,0,0,0,0,0,0,0,0.0,0,0,0,0,0,0,0,0.0,1,16,21,37,6,12,18,3.1,17,11,6,17,3,7,10,1.7,34,33,32,65,10,23,33,5.7,0,0,0,0,0,0,0,0.0,32,12,10,22,31,21,52,9.0,32,12,10,22,31,21,52,9.0,7,6,3,9,7,4,11,1.9,2,3,1,4,1,1,2,0.3,3,0,3,3,0,4,4,0.7,5,3,4,7,1,5,6,1.0,12,11,3,14,2,1,3,0.5,0,0,0,0,0,0,0,0.0,12,11,3,14,2,1,3,0.5,1,1,0,1,2,0,2,0.3,0,0,0,0,0,0,0,0.0,0,0,0,0,0,0,0,0.0,6,0,6,6,0,7,7,1.2,15,12,4,16,16,7,23,4.0,21,12,10,22,16,14,30,5.2,4,3,1,4,2,1,3,0.5,18,0,0,0,15,3,18,3.1,9,4,2,6,5,3,8,1.4,6,0,0,0,0,6,6,1.0,16,3,0,3,17,0,17,2.9,49,7,2,9,37,12,49,8.4,0,0,0,0,0,0,0,0.0,0,0,0,0,0,0,0,0,23,4,11,15,7,9,16,2.8,4,2,0,2,6,2,8,1.4,0,0,0,0,0,0,0,0.0,0,0,0,0,0,0,0,0.0,23,7,9,16,12,5,17,2.9,,,,,,,,,50,13,20,33,25,16,41,7.1,0,0,0,0,0,0,0,0,3,4,5,9,4,2,6,1.0,844,324,45,369,301,31,332,57.2,0,0,0,0,0,0,0,0.0,0,0,0,0,0,0,0,0.0,,,,,,,,,844,324,45,369,301,31,332,57.2,0,0,0,0,0,0,0,0.0,9,0,0,0,8,4,12,2.1,1071,429,135,564,446,134,580,1.0,28.3
CITIES:,75,PUNE,0,0,0,0,0,0,0,0.0,0,0,0,0,0,0,0,0.0,1,4,7,11,9,2,11,0.3,0,0,0,0,0,0,0,0.0,0,0,0,0,0,0,0,0.0,2,0,0,0,2,0,2,0.0,3,4,7,11,11,2,13,0.3,1,0,0,0,1,0,1,0.0,155,0,0,0,127,28,155,3.8,156,0,0,0,128,28,156,3.8,24,0,0,0,19,5,24,0.6,1,1,0,1,0,0,0,0.0,2,0,0,0,2,0,2,0.0,3,1,0,1,2,0,2,0.0,177,0,0,0,157,20,177,4.3,53,0,0,0,42,11,53,1.3,230,0,0,0,199,31,230,5.7,0,0,0,0,0,0,0,0.0,0,0,0,0,0,0,0,0.0,16,0,0,0,12,4,16,0.4,0,0,0,0,0,0,0,0.0,240,0,0,0,49,191,240,5.9,256,0,0,0,61,195,256,6.3,0,0,0,0,0,0,0,0.0,712,0,0,0,612,100,712,17.5,92,0,0,0,76,16,92,2.3,7,0,0,0,0,7,7,0.2,46,0,0,0,45,1,46,1.1,857,0,0,0,733,124,857,21.1,3,2,0,2,2,0,2,0.0,0,0,0,0,0,0,0,0.0,6,0,0,0,5,1,6,0.1,3,0,0,0,1,2,3,0.1,2,0,0,0,1,1,2,0.0,4,0,0,0,3,1,4,0.1,8,0,0,0,7,1,8,0.2,,,,,,,,,23,0,0,0,17,6,23,0.6,0,0,0,0,0,0,0,0.0,2,0,0,0,2,0,2,0.0,1546,950,245,1195,419,88,507,12.5,0,0,0,0,0,0,0,0.0,17,0,0,0,16,1,17,0.4,,,,,,,,,1563,950,245,1195,435,89,524,12.9,1979,0,0,0,1515,464,1979,48.6,2,0,0,0,0,2,2,0.0,5101,957,252,1209,3124,946,4070,7.2,80.6
CITIES:,76,RAIPUR,0,0,0,0,0,0,0,0.0,0,0,0,0,0,0,0,0.0,0,0,0,0,0,0,0,0.0,0,0,0,0,0,0,0,0.0,0,0,0,0,0,0,0,0.0,0,0,0,0,0,0,0,0.0,0,0,0,0,0,0,0,0.0,0,0,0,0,0,0,0,0.0,39,0,0,0,30,9,39,5.4,39,0,0,0,30,9,39,5.4,22,0,0,0,20,2,22,3.1,0,0,0,0,0,0,0,0.0,0,0,0,0,0,0,0,0.0,0,0,0,0,0,0,0,0.0,26,0,0,0,21,5,26,3.6,19,0,0,0,13,6,19,2.6,45,0,0,0,34,11,45,6.2,11,0,0,0,10,1,11,1.5,0,0,0,0,0,0,0,0.0,0,0,0,0,0,0,0,0.0,1,0,0,0,0,1,1,0.1,52,0,0,0,11,41,52,7.2,53,0,0,0,11,42,53,7.4,0,0,0,0,0,0,0,0.0,39,0,0,0,29,10,39,5.4,8,0,0,0,4,4,8,1.1,1,0,0,0,0,1,1,0.1,23,0,0,0,22,1,23,3.2,71,0,0,0,55,16,71,9.8,1,0,0,0,1,0,1,0.1,0,0,0,0,0,0,0,0.0,0,0,0,0,0,0,0,0.0,0,0,0,0,0,0,0,0.0,0,0,0,0,0,0,0,0.0,7,0,0,0,5,2,7,1.0,4,0,0,0,3,1,4,0.6,,,,,,,,,11,0,0,0,8,3,11,1.5,0,0,0,0,0,0,0,0.0,0,0,0,0,0,0,0,0.0,1368,944,80,1024,141,17,158,21.9,0,0,0,0,0,0,0,0.0,45,0,0,0,39,8,47,6.5,,,,,,,,,1413,944,80,1024,180,25,205,28.4,178,0,0,0,145,33,178,24.7,85,0,0,0,64,21,85,11.8,1929,944,80,1024,558,163,721,1.3,64.2
CITIES:,77,RAJKOT,0,0,0,0,0,0,0,0.0,0,0,0,0,0,0,0,0.0,0,0,0,0,0,0,0,0.0,0,0,0,0,0,0,0,0.0,0,0,0,0,0,0,0,0.0,0,0,0,0,0,0,0,0.0,0,0,0,0,0,0,0,0.0,0,0,0,0,0,0,0,0.0,31,0,0,0,23,8,31,3.6,31,0,0,0,23,8,31,3.6,0,0,0,0,0,0,0,0.0,0,0,0,0,0,0,0,0.0,0,0,0,0,0,0,0,0.0,0,0,0,0,0,0,0,0.0,85,0,0,0,70,15,85,9.9,0,0,0,0,0,0,0,0.0,85,0,0,0,70,15,85,9.9,6,0,0,0,6,0,6,0.7,0,0,0,0,0,0,0,0.0,31,0,0,0,23,8,31,3.6,5,0,0,0,0,5,5,0.6,79,0,0,0,19,60,79,9.2,115,0,0,0,42,73,115,13.4,0,0,0,0,0,0,0,0.0,350,0,0,0,296,54,350,40.8,56,0,0,0,47,9,56,6.5,0,0,0,0,0,0,0,0.0,0,0,0,0,0,0,0,0.0,406,0,0,0,343,63,406,47.4,0,0,0,0,0,0,0,0.0,0,0,0,0,0,0,0,0.0,5,0,0,0,3,2,5,0.6,0,0,0,0,0,0,0,0.0,0,0,0,0,0,0,0,0.0,15,0,0,0,8,7,15,1.8,0,0,0,0,0,0,0,0.0,,,,,,,,,20,0,0,0,11,9,20,2.3,0,0,0,0,0,0,0,0.0,0,0,0,0,0,0,0,0.0,981,771,212,983,122,29,151,17.6,0,0,0,0,0,0,0,0.0,4,0,0,0,4,0,4,0.5,,,,,,,,,985,771,212,983,126,29,155,18.1,0,0,0,0,0,0,0,0.0,39,0,0,0,25,14,39,4.6,1687,771,212,983,646,211,857,1.5,61.6
CITIES:,78,RANCHI,0,0,0,0,0,0,0,0.0,0,0,0,0,0,0,0,0.0,0,0,0,0,0,0,0,0.0,0,0,0,0,0,0,0,0.0,0,0,0,0,0,0,0,0.0,3,0,0,0,3,0,3,1.4,3,0,0,0,3,0,3,1.4,0,0,0,0,0,0,0,0.0,27,0,0,0,22,6,28,12.6,27,0,0,0,22,6,28,12.6,10,0,0,0,10,3,13,5.9,0,0,0,0,0,0,0,0.0,0,0,0,0,0,0,0,0.0,0,0,0,0,0,0,0,0.0,14,1,0,1,18,2,20,9.0,1,0,0,0,1,0,1,0.5,15,1,0,1,19,2,21,9.5,0,0,0,0,0,0,0,0.0,0,0,0,0,0,0,0,0.0,0,0,0,0,0,0,0,0.0,1,0,0,0,0,1,1,0.5,41,0,2,2,12,27,39,17.6,42,0,2,2,12,28,40,18.0,0,0,0,0,0,0,0,0.0,2,0,0,0,2,0,2,0.9,2,0,0,0,2,0,2,0.9,1,0,0,0,0,1,1,0.5,18,0,0,0,17,1,18,8.1,23,0,0,0,21,2,23,10.4,0,0,0,0,0,0,0,0.0,0,0,0,0,0,0,0,0.0,9,0,0,0,5,4,9,4.1,2,0,0,0,2,0,2,0.9,0,0,0,0,0,0,0,0.0,2,0,0,0,2,0,2,0.9,3,0,0,0,3,0,3,1.4,,,,,,,,,16,0,0,0,12,4,16,7.2,0,0,0,0,0,0,0,0.0,0,0,0,0,0,0,0,0.0,223,114,22,136,65,11,76,34.2,0,0,0,0,0,0,0,0.0,0,0,0,0,0,0,0,0.0,,,,,,,,,223,114,22,136,65,11,76,34.2,1,0,0,0,1,0,1,0.5,1,0,0,0,1,0,1,0.5,361,115,24,139,166,56,222,0.4,19.7
CITIES:,79,SRINAGAR,0,0,0,0,0,0,0,0.0,0,0,0,0,0,0,0,0.0,0,0,0,0,0,0,0,0.0,0,0,0,0,0,0,0,0.0,0,0,0,0,0,0,0,0.0,1,0,0,0,1,0,1,0.6,1,0,0,0,1,0,1,0.6,0,0,0,0,0,0,0,0.0,16,0,0,0,15,1,16,9.6,16,0,0,0,15,1,16,9.6,0,0,0,0,0,0,0,0.0,0,0,0,0,0,0,0,0.0,7,10,0,10,0,0,0,0.0,7,10,0,10,0,0,0,0.0,2,0,0,0,2,0,2,1.2,0,0,0,0,0,0,0,0.0,2,0,0,0,2,0,2,1.2,0,0,0,0,0,0,0,0.0,0,0,0,0,0,0,0,0.0,1,0,0,0,1,0,1,0.6,0,0,0,0,0,0,0,0.0,2,0,0,0,1,1,2,1.2,3,0,0,0,2,1,3,1.8,14,8,0,8,11,0,11,6.6,18,0,0,0,16,2,18,10.8,0,0,0,0,0,0,0,0.0,0,0,0,0,0,0,0,0.0,0,0,0,0,0,0,0,0.0,18,0,0,0,16,2,18,10.8,0,0,0,0,0,0,0,0.0,0,0,0,0,0,0,0,0.0,0,0,0,0,0,0,0,0.0,0,0,0,0,0,0,0,0.0,3,0,0,0,3,0,3,1.8,0,0,0,0,0,0,0,0.0,5,0,0,0,4,1,5,3.0,,,,,,,,,8,0,0,0,7,1,8,4.8,0,0,0,0,0,0,0,0.0,0,0,0,0,0,0,0,0.0,511,475,64,539,55,9,64,38.3,0,0,0,0,0,0,0,0.0,0,0,0,0,0,0,0,0.0,,,,,,,,,511,475,64,539,55,9,64,38.3,40,0,0,0,37,3,40,24.0,4,0,0,0,4,0,4,2.4,624,493,64,557,150,17,167,0.3,13.1
CITIES:,80,SURAT,0,0,0,0,0,0,0,0.0,2,0,0,0,1,1,2,0.1,1,0,0,0,1,0,1,0.1,0,0,0,0,0,0,0,0.0,0,0,0,0,0,0,0,0.0,2,0,0,0,2,0,2,0.1,5,0,0,0,4,1,5,0.3,0,0,0,0,0,0,0,0.0,162,0,0,0,145,17,162,9.2,162,0,0,0,145,17,162,9.2,54,0,0,0,50,4,54,3.1,0,0,0,0,0,0,0,0.0,1,0,0,0,1,0,1,0.1,1,0,0,0,1,0,1,0.1,221,0,0,0,192,29,221,12.5,40,0,0,0,35,5,40,2.3,261,0,0,0,227,34,261,14.8,19,0,0,0,19,0,19,1.1,1,0,0,0,1,0,1,0.1,0,0,0,0,0,0,0,0.0,54,0,0,0,15,39,54,3.1,95,0,0,0,48,47,95,5.4,150,0,0,0,64,86,150,8.5,0,0,0,0,0,0,0,0.0,176,0,0,0,158,18,176,10.0,34,0,0,0,28,6,34,1.9,6,0,0,0,0,6,6,0.3,1,0,0,0,1,0,1,0.1,217,0,0,0,187,30,217,12.3,0,0,0,0,0,0,0,0.0,0,0,0,0,0,0,0,0.0,90,0,0,0,58,32,90,5.1,0,0,0,0,0,0,0,0.0,1,0,0,0,1,0,1,0.1,1,0,0,0,0,1,1,0.1,64,0,0,0,43,21,64,3.6,,,,,,,,,156,0,0,0,102,54,156,8.8,7,0,0,0,4,3,7,0.4,8,0,0,0,7,1,8,0.5,1147,708,160,868,207,22,229,13.0,0,0,0,0,0,0,0,0.0,17,0,0,0,14,3,17,1.0,,,,,,,,,1164,708,160,868,221,25,246,13.9,261,0,0,0,230,31,261,14.8,220,0,0,0,169,51,220,12.5,2685,708,160,868,1430,337,1767,3.1,38.5
CITIES:,81,THIRUVANANTHAPURAM,0,0,0,0,0,0,0,0.0,0,0,0,0,0,0,0,0.0,1,0,0,0,2,0,2,0.4,0,0,0,0,0,0,0,0.0,0,0,0,0,0,0,0,0.0,0,0,0,0,0,0,0,0.0,1,0,0,0,2,0,2,0.4,0,0,0,0,0,0,0,0.0,48,0,0,0,40,8,48,8.5,48,0,0,0,40,8,48,8.5,3,0,0,0,3,0,3,0.5,0,0,0,0,0,0,0,0.0,1,0,0,0,1,0,1,0.2,1,0,0,0,1,0,1,0.2,21,0,0,0,20,1,21,3.7,0,0,0,0,0,0,0,0.0,21,0,0,0,20,1,21,3.7,1,0,0,0,1,0,1,0.2,0,0,0,0,0,0,0,0.0,2,0,0,0,1,1,2,0.4,5,0,0,0,1,4,5,0.9,5,0,0,0,1,4,5,0.9,12,0,0,0,3,9,12,2.1,0,0,0,0,0,0,0,0.0,101,0,0,0,85,16,101,17.9,3,0,0,0,3,0,3,0.5,4,0,0,0,0,4,4,0.7,39,0,0,0,39,0,39,6.9,147,0,0,0,127,20,147,26.1,0,0,0,0,0,0,0,0.0,0,0,0,0,0,0,0,0.0,2,0,0,0,1,1,2,0.4,0,0,0,0,0,0,0,0.0,0,0,0,0,0,0,0,0.0,0,0,0,0,0,0,0,0.0,2,0,0,0,2,0,2,0.4,,,,,,,,,4,0,0,0,3,1,4,0.7,0,0,0,0,0,0,0,0.0,3,0,0,0,2,1,3,0.5,1933,1660,584,2244,135,32,167,29.7,0,0,0,0,0,0,0,0.0,34,0,0,0,29,5,34,6.0,,,,,,,,,1967,1660,584,2244,164,37,201,35.7,5,0,0,0,4,1,5,0.9,113,0,0,0,85,30,115,20.4,2326,1660,584,2244,455,108,563,1.0,33.4
CITIES:,82,THRISSUR,0,0,0,0,0,0,0,0.0,1,0,0,0,0,1,1,0.3,1,2,0,2,1,0,1,0.3,0,0,0,0,0,0,0,0.0,0,0,0,0,0,0,0,0.0,0,0,0,0,0,0,0,0.0,2,2,0,2,1,1,2,0.5,0,0,0,0,0,0,0,0.0,41,0,0,0,34,7,41,11.0,41,0,0,0,34,7,41,11.0,5,0,0,0,4,1,5,1.3,0,0,0,0,0,0,0,0.0,0,0,0,0,0,0,0,0.0,0,0,0,0,0,0,0,0.0,24,0,0,0,24,0,24,6.5,7,0,0,0,6,1,7,1.9,31,0,0,0,30,1,31,8.3,0,0,0,0,0,0,0,0.0,2,2,0,2,2,0,2,0.5,0,0,0,0,0,0,0,0.0,1,0,0,0,0,1,1,0.3,6,0,0,0,1,5,6,1.6,9,2,0,2,3,6,9,2.4,0,0,0,0,0,0,0,0.0,80,0,0,0,69,11,80,21.5,6,0,0,0,3,3,6,1.6,0,0,0,0,0,0,0,0.0,9,0,0,0,9,0,9,2.4,95,0,0,0,81,14,95,25.5,0,0,0,0,0,0,0,0.0,1,0,0,0,1,0,1,0.3,2,0,0,0,1,1,2,0.5,0,0,0,0,0,0,0,0.0,0,0,0,0,0,0,0,0.0,0,0,0,0,0,0,0,0.0,3,0,0,0,2,1,3,0.8,,,,,,,,,5,0,0,0,3,2,5,1.3,0,0,0,0,0,0,0,0.0,1,0,0,0,2,0,2,0.5,1288,1114,306,1420,112,15,127,34.1,0,0,0,0,0,0,0,0.0,24,0,0,0,23,1,24,6.5,,,,,,,,,1312,1114,306,1420,135,16,151,40.6,24,0,0,0,18,6,24,6.5,6,0,0,0,5,1,6,1.6,1532,1118,306,1424,317,55,372,0.7,20.1
CITIES:,83,TIRUCHIRAPPALLI,0,0,0,0,0,0,0,0.0,0,0,0,0,0,0,0,0.0,0,0,0,0,0,0,0,0.0,0,0,0,0,0,0,0,0.0,0,0,0,0,0,0,0,0.0,0,0,0,0,0,0,0,0.0,0,0,0,0,0,0,0,0.0,0,0,0,0,0,0,0,0.0,19,0,0,0,17,2,19,7.6,19,0,0,0,17,2,19,7.6,2,0,0,0,2,0,2,0.8,0,0,0,0,0,0,0,0.0,0,0,0,0,0,0,0,0.0,0,0,0,0,0,0,0,0.0,12,1,0,1,10,2,12,4.8,4,1,0,1,4,0,4,1.6,16,2,0,2,14,2,16,6.4,10,0,0,0,10,0,10,4.0,5,0,0,0,5,0,5,2.0,0,0,0,0,0,0,0,0.0,12,0,0,0,0,12,12,4.8,13,0,0,0,12,1,13,5.2,30,0,0,0,17,13,30,12.0,0,0,0,0,0,0,0,0.0,18,0,0,0,18,0,18,7.2,6,0,0,0,6,0,6,2.4,0,0,0,0,0,0,0,0.0,0,0,0,0,0,0,0,0.0,24,0,0,0,24,0,24,9.6,0,0,0,0,0,0,0,0.0,0,0,0,0,0,0,0,0.0,0,0,0,0,0,0,0,0.0,0,0,0,0,0,0,0,0.0,0,0,0,0,0,0,0,0.0,0,0,0,0,0,0,0,0.0,0,0,0,0,0,0,0,0.0,,,,,,,,,0,0,0,0,0,0,0,0.0,0,0,0,0,0,0,0,0.0,0,0,0,0,0,0,0,0.0,778,638,226,864,114,28,142,57.0,0,0,0,0,0,0,0,0.0,0,0,0,0,0,0,0,0.0,,,,,,,,,778,638,226,864,114,28,142,57.0,6,0,0,0,6,0,6,2.4,0,0,0,0,0,0,0,0.0,885,640,226,866,204,45,249,0.4,24.4
CITIES:,84,VADODARA,0,0,0,0,0,0,0,0.0,1,0,0,0,1,0,1,0.1,0,0,0,0,0,0,0,0.0,0,0,0,0,0,0,0,0.0,0,0,0,0,0,0,0,0.0,0,0,0,0,0,0,0,0.0,1,0,0,0,1,0,1,0.1,0,0,0,0,0,0,0,0.0,30,0,0,0,26,4,30,4.2,30,0,0,0,26,4,30,4.2,17,0,0,0,14,3,17,2.4,0,0,0,0,0,0,0,0.0,0,0,0,0,0,0,0,0.0,0,0,0,0,0,0,0,0.0,56,0,0,0,49,7,56,7.8,11,0,0,0,11,0,11,1.5,67,0,0,0,60,7,67,9.4,0,0,0,0,0,0,0,0.0,1,0,0,0,1,0,1,0.1,0,0,0,0,0,0,0,0.0,8,0,0,0,0,8,8,1.1,33,0,0,0,19,14,33,4.6,42,0,0,0,20,22,42,5.9,0,0,0,0,0,0,0,0.0,95,0,0,0,94,1,95,13.3,5,0,0,0,1,4,5,0.7,1,0,0,0,0,1,1,0.1,0,0,0,0,0,0,0,0.0,101,0,0,0,95,6,101,14.1,1,0,0,0,1,0,1,0.1,1,0,0,0,0,1,1,0.1,0,0,0,0,0,0,0,0.0,3,0,0,0,2,1,3,0.4,0,0,0,0,0,0,0,0.0,6,0,0,0,3,3,6,0.8,2,0,0,0,2,0,2,0.3,,,,,,,,,11,0,0,0,7,4,11,1.5,0,0,0,0,0,0,0,0.0,0,0,0,0,0,0,0,0.0,1196,834,237,1071,148,23,171,23.9,11,0,0,0,11,0,11,1.5,0,0,0,0,0,0,0,0.0,,,,,,,,,1207,834,237,1071,159,23,182,25.5,255,0,0,0,230,25,255,35.7,6,0,0,0,5,1,6,0.8,1739,834,237,1071,618,96,714,1.3,39.3
CITIES:,85,VARANASI,0,0,0,0,0,0,0,0.0,3,0,0,0,2,1,3,0.4,0,0,0,0,0,0,0,0.0,0,0,0,0,0,0,0,0.0,0,0,0,0,0,0,0,0.0,4,0,0,0,1,3,4,0.5,7,0,0,0,3,4,7,0.9,0,0,0,0,0,0,0,0.0,46,0,0,0,44,2,46,5.6,46,0,0,0,44,2,46,5.6,10,1,0,1,10,0,10,1.2,0,0,0,0,0,0,0,0.0,0,0,0,0,0,0,0,0.0,0,0,0,0,0,0,0,0.0,3,0,0,0,7,0,7,0.9,3,0,0,0,3,0,3,0.4,6,0,0,0,10,0,10,1.2,0,0,0,0,0,0,0,0.0,0,0,0,0,0,0,0,0.0,0,0,0,0,0,0,0,0.0,0,0,0,0,0,0,0,0.0,68,0,1,1,31,51,82,10.0,68,0,1,1,31,51,82,10.0,4,2,0,2,2,0,2,0.2,27,0,0,0,26,1,27,3.3,2,0,0,0,1,1,2,0.2,5,0,0,0,0,5,5,0.6,2,0,0,0,2,0,2,0.2,36,0,0,0,29,7,36,4.4,0,0,0,0,0,0,0,0.0,0,0,0,0,0,0,0,0.0,23,0,0,0,15,8,23,2.8,1,0,0,0,1,0,1,0.1,1,0,0,0,1,0,1,0.1,0,0,0,0,0,0,0,0.0,13,0,0,0,10,4,14,1.7,,,,,,,,,38,0,0,0,27,12,39,4.8,0,0,0,0,0,0,0,0.0,0,0,0,0,0,0,0,0.0,317,101,12,113,274,35,309,37.7,4,3,0,3,0,1,1,0.1,84,5,0,5,67,19,86,10.5,,,,,,,,,405,109,12,121,341,55,396,48.3,138,0,0,0,109,29,138,16.8,54,0,0,0,46,8,54,6.6,812,112,13,125,652,168,820,1.4,57.1
CITIES:,86,VASAI VIRAR,0,0,0,0,0,0,0,0.0,2,0,0,0,1,1,2,0.2,0,0,0,0,0,0,0,0.0,0,0,0,0,0,0,0,0.0,0,0,0,0,0,0,0,0.0,3,0,0,0,3,0,3,0.4,5,0,0,0,4,1,5,0.6,0,0,0,0,0,0,0,0.0,68,0,0,0,62,11,73,8.7,68,0,0,0,62,11,73,8.7,16,0,0,0,15,1,16,1.9,0,0,0,0,0,0,0,0.0,0,0,0,0,0,0,0,0.0,0,0,0,0,0,0,0,0.0,50,0,0,0,45,5,50,5.9,0,0,0,0,0,0,0,0.0,50,0,0,0,45,5,50,5.9,3,0,0,0,3,0,3,0.4,0,0,0,0,0,0,0,0.0,6,0,0,0,5,1,6,0.7,13,0,0,0,5,8,13,1.5,38,0,0,0,9,29,38,4.5,57,0,0,0,19,38,57,6.8,0,0,0,0,0,0,0,0.0,69,0,0,0,59,10,69,8.2,17,0,0,0,13,4,17,2.0,13,0,0,0,0,13,13,1.5,9,0,0,0,8,1,9,1.1,108,0,0,0,80,28,108,12.8,0,0,0,0,0,0,0,0.0,0,0,0,0,0,0,0,0.0,0,0,0,0,0,0,0,0.0,0,0,0,0,0,0,0,0.0,0,0,0,0,0,0,0,0.0,7,0,0,0,3,4,7,0.8,1,0,0,0,0,1,1,0.1,,,,,,,,,8,0,0,0,3,5,8,1.0,0,0,0,0,0,0,0,0.0,4,0,0,0,2,2,4,0.5,741,412,93,505,188,33,221,26.3,0,0,0,0,0,0,0,0.0,0,0,0,0,0,0,0,0.0,,,,,,,,,741,412,93,505,188,33,221,26.3,294,0,0,0,221,73,294,35.0,2,0,0,0,2,0,2,0.2,1356,412,93,505,644,197,841,1.5,68.9
CITIES:,87,VIJAYAWADA,0,0,0,0,0,0,0,0.0,0,0,0,0,0,0,0,0.0,0,0,0,0,0,0,0,0.0,0,0,0,0,0,0,0,0.0,0,0,0,0,0,0,0,0.0,0,0,0,0,0,0,0,0.0,0,0,0,0,0,0,0,0.0,0,0,0,0,0,0,0,0.0,95,0,0,0,63,32,95,12.3,95,0,0,0,63,32,95,12.3,0,0,0,0,0,0,0,0.0,0,0,0,0,0,0,0,0.0,0,0,0,0,0,0,0,0.0,0,0,0,0,0,0,0,0.0,45,0,0,0,40,7,47,6.1,0,0,0,0,0,0,0,0.0,45,0,0,0,40,7,47,6.1,0,0,0,0,0,0,0,0.0,0,0,0,0,0,0,0,0.0,34,0,0,0,29,5,34,4.4,25,0,0,0,2,23,25,3.2,3,0,0,0,3,0,3,0.4,62,0,0,0,34,28,62,8.0,0,0,0,0,0,0,0,0.0,153,0,0,0,144,9,153,19.8,0,0,0,0,0,0,0,0.0,0,0,0,0,0,0,0,0.0,19,0,0,0,19,0,19,2.5,172,0,0,0,163,9,172,22.3,2,0,0,0,2,0,2,0.3,0,0,0,0,0,0,0,0.0,3,0,0,0,3,0,3,0.4,0,0,0,0,0,0,0,0.0,0,0,0,0,0,0,0,0.0,2,0,0,0,1,2,3,0.4,0,0,0,0,0,0,0,0.0,,,,,,,,,5,0,0,0,4,2,6,0.8,0,0,0,0,0,0,0,0.0,0,0,0,0,0,0,0,0.0,1525,1351,128,1479,358,20,378,49.0,0,0,0,0,0,0,0,0.0,0,0,0,0,0,0,0,0.0,,,,,,,,,1525,1351,128,1479,358,20,378,49.0,10,0,0,0,10,0,10,1.3,0,0,0,0,0,0,0,0.0,1916,1351,128,1479,674,98,772,1.4,51.8
CITIES:,88,VISHAKHAPATNAM,0,0,0,0,0,0,0,0.0,1,0,0,0,1,0,1,0.1,0,0,0,0,0,0,0,0.0,0,0,0,0,0,0,0,0.0,0,0,0,0,0,0,0,0.0,6,0,0,0,4,2,6,0.8,7,0,0,0,5,2,7,0.9,0,0,0,0,0,0,0,0.0,71,0,0,0,69,11,80,10.2,71,0,0,0,69,11,80,10.2,15,0,0,0,15,0,15,1.9,0,0,0,0,0,0,0,0.0,0,0,0,0,0,0,0,0.0,0,0,0,0,0,0,0,0.0,102,0,0,0,90,13,103,13.1,8,0,0,0,8,0,8,1.0,110,0,0,0,98,13,111,14.1,5,0,0,0,5,0,5,0.6,0,0,0,0,0,0,0,0.0,11,0,0,0,10,1,11,1.4,27,0,0,0,10,17,27,3.4,18,0,0,0,24,12,36,4.6,56,0,0,0,44,30,74,9.4,2,0,0,0,2,0,2,0.3,20,0,0,0,19,1,20,2.5,7,0,0,0,6,1,7,0.9,0,0,0,0,0,0,0,0.0,13,0,0,0,13,0,13,1.6,40,0,0,0,38,2,40,5.1,0,0,0,0,0,0,0,0.0,0,0,0,0,0,0,0,0.0,0,0,0,0,0,0,0,0.0,1,0,0,0,1,0,1,0.1,0,0,0,0,0,0,0,0.0,3,0,0,0,2,1,3,0.4,10,0,0,0,10,0,10,1.3,,,,,,,,,14,0,0,0,13,1,14,1.8,0,0,0,0,0,0,0,0.0,0,0,0,0,0,0,0,0.0,1157,853,210,1063,335,49,384,48.7,0,0,0,0,0,0,0,0.0,1,0,0,0,1,0,1,0.1,,,,,,,,,1158,853,210,1063,336,49,385,48.9,4,0,0,0,2,2,4,0.5,51,0,0,0,43,8,51,6.5,1533,853,210,1063,670,118,788,1.4,45.5
CITIES:,,TOTAL (CITIES),0,0,0,0,0,0,0,0.0,136,60,25,85,75,22,97,0.2,85,43,18,61,74,18,92,0.2,0,0,0,0,0,0,0,0.0,3,17,23,40,7,13,20,0.0,162,42,12,54,107,47,154,0.3,386,162,78,240,263,100,363,0.6,50,1,1,2,39,12,51,0.1,2613,55,28,83,2179,467,2646,4.7,2663,56,29,85,2218,479,2697,4.7,1236,120,53,173,958,146,1104,1.9,4,4,1,5,2,1,3,0.0,64,59,11,70,41,25,66,0.1,68,63,12,75,43,26,69,0.1,3210,336,73,409,2448,440,2888,5.1,1121,572,166,738,344,68,412,0.7,4331,908,239,1147,2792,508,3300,5.8,544,321,25,346,207,17,224,0.4,60,19,9,28,28,17,45,0.1,330,43,18,61,236,58,294,0.5,855,45,40,85,194,647,841,1.5,3273,361,418,779,855,1770,2625,4.6,4518,468,485,953,1313,2492,3805,6.7,384,157,23,180,302,77,379,0.7,5340,73,44,117,4579,657,5236,9.2,1049,72,32,104,774,178,952,1.7,174,0,4,4,0,170,170,0.3,1451,180,0,180,1258,21,1279,2.3,8014,325,80,405,6611,1026,7637,13.4,73,38,13,51,23,12,35,0.1,28,11,5,16,23,4,27,0.0,1363,253,230,483,589,356,945,1.7,89,24,0,24,76,12,88,0.2,35,7,0,7,32,7,39,0.1,558,199,121,320,154,95,249,0.4,1485,524,373,897,500,201,701,1.2,,,,,,,,,3530,1007,724,1731,1351,671,2022,3.6,7,0,0,0,4,3,7,0.0,413,10,6,16,272,143,415,0.7,76940,56207,12912,69119,14176,2239,16415,28.9,115,22,2,24,102,21,123,0.2,2163,256,28,284,1650,229,1879,3.3,,,,,,,,,79218,56485,12942,69427,15928,2489,18417,32.4,14070,1991,540,2531,9692,2537,12229,21.5,4131,40,12,52,3104,985,4089,7.2,123614,62162,15266,77428,45104,11715,56819,100.0,35.4
