section,sl_no,State/UT/City,No. of Cases (3),1 | Male,1 | es Female,1 | SS Total,1 | No. Male,1 | Female,1 | Total,%Share to Tete Sess (Col.51/268)*,No. of | Male,No. of | Female,Divwimy Total,Cases) | - Male.,Cases) | No. of Persone ! iled Female (57),Cases) | No. of Persone ! iled Female (58),% Share to Total Deaths Total,Drownir g(Total) | Total,Drownir g(Total) | No. ot Male,Killad Female,to Ta Total,Sites | Male (60),"Sites | No.of Persons h,jured Female (61)","Sites | No.of Persons h,jured Female (62)",Sites | Total,Sites | Male (64),Sites | No. 0f Persons tilled Female,to Total Deaths ne Total,No. | Male,No. | Female,Milled Total,%Share to Total Deaths 7eaee) *,Male (74),tn | Female,tn | - Total,Gas Cyld. etc.) | No. of -,Gas Cyld. etc.),Milled,to Total Deaths i,DEATHS & SUICIDES IN INDIA - 1999 | No. of Cases,DEATHS & SUICIDES IN INDIA - 1999 | TABLE - 11(Continued...) | No.f Paisons | Male,DEATHS & SUICIDES IN INDIA - 1999 | TABLE - 11(Continued...) | No.f Paisons | Female,DEATHS & SUICIDES IN INDIA - 1999 | TABLE - 11(Continued...) | Fall (#7555 Height) | Total,DEATHS & SUICIDES IN INDIA - 1999 | TABLE - 11(Continued...) | Fall (#7555 Height) | No. of Persons Killed | Male,DEATHS & SUICIDES IN INDIA - 1999 | TABLE - 11(Continued...) | Fall (#7555 Height) | No. of Persons Killed | Female,"N.C.R.B., Total",(M.H.A.) %Share to Total Deaths *,No. of Cases (10006),No.of Male,fs Female,Fall (into,No. of Persons Killed | Male (91),No. of Persons Killed,No. of Persons Killed | -,%Share to Total Deaths * conn,Falis(Total) | No. of Persons Killed Total Female Total OT 6TH 2k,to Total Deaths Male OB 880 87,No. of Cases (10009),Male (95),Fe Female,mau: wre Accidents | mice ‘Total,mau: wre Accidents | No. of Persons Killed | Male.,mau: wre Accidents | No. of Persons Killed | «=,mau: wre Accidents | No. of Persons Killed | Female,"to Total Deaths «(71 1007268)""",%Share to Total Deaths * (108),Fire (Sh¢ rt-Circuit) | No. of Persons Killed Female,%Share to Total Deaths Total (115),Fire Female,Gas ( ylinder/Stove Burst) | Persons wm ured Total,Gas ( ylinder/Stove Burst) | Male,Gas ( ylinder/Stove Burst) | No. of Persons Killed Female (120),Gas ( ylinder/Stove Burst) | No. of Persons Killed Female (121),%Share to Total Deaths (Col. - - Total,Other Fire Accidante | Male (123),Other Fire Accidante | FasS55 - SSS | Female,Other Fire Accidante | FasS55 - SSS | Total,Other Fire Accidante | Male (126),Other Fire Accidante | No. of Persons K Female,Other Fire Accidante | Total,%Share to Total Deaths - (129),Fire(’ otal) No. ot Persons No.of Persons Injured Female Male Female,%Share to Total Deaths Total Total -,No. of Cases (10012),Fire- Arms | Male (130),Fire- Arms | Persons injures | Female,Fire- Arms | Persons injures | Total,Fire- Arms | Male (133),Fire- Arms | No. of Parsons Female,Fire- Arms | Total,%Share to Total Deaths (Col. 135/268)*,No. of Cases (10013),Sudden Death (Heart Attacks) | Male (137),Sudden Death (Heart Attacks) | Persons in ured | Female,Sudden Death (Heart Attacks) | Persons in ured | Total,Sudden Death (Heart Attacks) | Male (140),Sudden Death (Heart Attacks) | No. of Persons Killed Female (141),Sudden Death (Heart Attacks) | No. of Persons Killed Female (142),to Total Devths a ps Total,No. of Cases (10014),(ipa gpue o-7—/ | No.0f Male,(ipa gpue o-7—/ | Female,(ipa gpue o-7—/ | wreu Total,(ipa gpue o-7—/ | Male,(ipa gpue o-7—/ | No. of Persons Killed Female (148),(ipa gpue o-7—/ | No. of Persons Killed Female (149),%Share to Total Deaths Total (150),No. of Cases (10015),Sudde 1 Death | Male (151),Sudde 1 Death | No.0f Parsons - Female,Sudde 1 Death | Total,Sudde 1 Death | Male (154),Birth),No. of Persons Killed Female,% Shere co Total Total,No. of Cases (10016),Male (158),Female,"- Ma=t4, thy sce Total",of Alcohol) | Male,of Alcohol) | No. of Persons Killed Female (162),of Alcohol) | No. of Persons Killed Female (163),%Share to Total Deaths 1689/268) Total,"%Share to Total Deaths Total Total 5.20 1810 381 27,1129",No. of Cases (10018),Killed by Animals | Male (165),Killed by Animals | Persons In ured,Killed by Animals | Persons In ured | Total,Killed by Animals | Male (168),Killed by Animals | No. of Persons Killed Female (169),Killed by Animals | No. of Persons Killed Female (170),to Total Deaths Total,Mines or Quarry Disaster | No. of Cases,Mines or Quarry Disaster | No.o1 Persons | Male,Mines or Quarry Disaster | No.o1 Persons | Female,Mines or Quarry Disaster | Total (174),Mines or Quarry Disaster | No. «if Persons | Male,Mines or Quarry Disaster | No. «if Persons | Female,Mines or Quarry Disaster | Total (177),Mines or Quarry Disaster | %Share to Total Deaths i -,No. of Cases (10020),Male (179),- ===—2— 2=: | Persons Female,- ===—2— 2=: | Total,- ===—2— 2=: | No. of Persons Killed | Male,- ===—2— 2=: | No. of Persons Killed | of Insect. etc.) Female,- ===—2— 2=: | No. of Persons Killed | Total,%Share to Total Deaths * (185),No. of Cases (10021),Nowis | Male,Nowis | Female,ta - Total,Ss SS No. of | Male,Ss SS No. of | Female,Total (191),%Share to Tota *,%Share to Total Deaths * ie,No. of Cases (10022),Poisio ting (Snake Bite/Animail Bite) | No.0! Persons | Male,Poisio ting (Snake Bite/Animail Bite) | No.0! Persons | Female,Poisio ting (Snake Bite/Animail Bite) | Total (202),Poisio ting (Snake Bite/Animail Bite) | No. of Persons | Male,Poisio ting (Snake Bite/Animail Bite) | No. of Persons | Female,Poisio ting (Snake Bite/Animail Bite) | Total (205),%Share to Total Deaths * (Col.20,No. of Cases (10023),y | Male (207),y | Female,y | See,y | Male (210),y | No. of Persons Killed Female (211),y | No. of Persons Killed Female (212),%Share to Total Deaths - (213),No. of Cases (10024),giro) | Male,giro) | No.of 7==—-= - Female (10026),giro) | No.of 7==—-= - Female (10027),giro) | Total,giro) | No. of Male,giro) | 4 8ts2 Female,giro) | %Share to Total Deaths Total,No. of Cases (10032),Sian | Male (214),Sian | Pasa=-2 2s - Female,Sian | - Total,Sian | Male (217),Sian | No. of -,Sian | %Share to Totat Deaths (Col.249/268)* (220).,No. of Cases (10033),cSt: | Male,cSt: | Female,cSt: | SS ‘Total,cSt: | Male.,cSt: | No. of Persone K illad Female (225),cSt: | No. of Persone K illad Female (226),%Share to Total Deaths nal,No. of Cases (10034),Traffir | No.oi Male,Traffir | Female,Traffir | 5 SSS -,{Ress Male,No. ¢ f Persons Female,col_233,%Share to Total Deaths * (Col 2eees),Traffic | No. of Male,Traffic | - Female,Traffic | purcu Total,No. of Persons Killed | Male (238),No. of Persons Killed | Female,No. of Persons Killed | Total,%Share to Total Deaths * (241),No. of Cases Male,Traffic Ac idents Female,Ranway No. of Persons ¥ ified anew Femaie Total,%Share to Total Deaths (eon 2071268) Total Male,No. of Cases (10039),Other Canene | Male,Other Canene | - SS | Female,Other Canene | - SS | Total,Other Canene | No. ot Male,Other Canene | Female,Other Canene | - Total,%Share to Tote Deaus (Col 28a/2aR)* 100,No. of Cases (10040),Caueae Ant Known | Male (10041),Caueae Ant Known | f2-=-= Female,Caueae Ant Known | - Total,Caueae Ant Known | Male (259),Caueae Ant Known | No. of Persons Killed Female (260),Caueae Ant Known | No. of Persons Killed Female (261),to Total Deaths Nad Total,No. of Cases (10042),No.0! | Male,No.0! | Female,Total (265),Male (266),No. 1)f Persons Cilled Female (267),No. 1)f Persons Cilled Female (268),% Share to Total Deaths al
States:,1,ANDHRA PRADESH,28,3,te),3,29,5,34,0.17,,,,,,,,,,,,,,,,,,,,,,,,,,,,,,,,,,,,,,,,,,,,,,,,,,,,,,,,,,,,,,,,,,,,,,,,,,,,,,,,,,,,,,,,,,,,,,,,,,,,,,,,,,,,,,,,,,,,,,,,,,,,,,,,,,,,,,,,,,,,,,,,,,,,,,,,,,,,,,,,,,,,,,,,,,,,,,,,,,,,,,,,,,,,,,,,,,,,,,,,,,,,,,,,,,,,,,,,,,,,,,,,,,,,,
States:,2,ARUNACHAL PRADESH -,0,0,0,(0),fe),te),0,0.00,,,,,,,,,,,,,,,,,,,,,,,0,),0,1,oO,1,061,,,,,,,,,,,OO,,OO,,,000,,800,3,0,o..,0+,3,0,3,1.82,,,,,,,,,,,,,,,,,2,2 4 2.40,,,,,,,,,4,0,fe),Oo,4,0,4,2.42,,,,0,),,0,0.00,,OO,,,,,,0.00,1,0,fe),,1,,1,0.61,,20,Oo,,,2,,,a,,,,,,,,,,,,,,,,,,,,,,,,,0.00,,,,,,,,,3,,,,3,,3,1.82,7,ie],oO,0,6,2,8,4.80,,,,,,),) 0.00,0,Oo,,,te),,0,0.00,188,295,44,339,81,7,88,53.33,,0,,),,,0.00,,,,,,,0,0,,,fe),0.00,30,0,,007,28,2,80,18.18,264,295,44,339,150,15,165,100.00
States:,3,ASSAM -,27,,0,,22,5,27,1.53,,,,,,,,,,,,,,,,,,,,,,,,0,0,1,Oo,—_1,0.06,,,,,,,,,3,,OOO,,,,,OT,,,7,,,,7,,7,0.40,,,,,,,,,,,,1,38—C—i“‘(i‘é,wT:,1,7.09,6 40,98 138 7.80,26,1,0,1,30,0,30 j,,,,,,,,,,4,0,0,,3,1,4,0.23,,,,,,,,,,,,,,,,,,,,,,,,,,,,,,,,,,,,,,120,100,22,1.25,2,te),Oo,0,10,,10,0.57,,,,,,,,,,78,2,3,5,52,24,76,4.31,95,2,3,5,79,35,114,6.50,3,,,0,2,1,3 0.17,,0,fe),,0,te),te),0.00,1158,1431,573,2004,547,151,698,39.59,,,0,39,6,45,2.55,,,,,77,,fe),te),71,17,88,4.99,150,Oo.,1,,,,,9.13,,,,,,,,
States:,4,ASSAM [line 2],55,3,3,6,61,38,99,1.16,,,,,,,,,,,,,,,,,,,,,,,,,,,,,,,,,,,,,,,,,,,,,,,,,,,,,,,,,,,,,,,,,,,,,,,,,,,,,,,,,,,,,,,,,,,,,,,,,,,,,,,,,,,,,,,,,,,,,,,,,,,,,,,,,,,,,,,,,,,,,,,,,,,,,,,,,,,,,,,,,,,,,,,,,,,,,,,,,,,,,,,,,,,,,,,,,,,,,,,,,,,,,,,,,,,,,,,,,,,,,,,,,,,,,
States:,5,GOA,1,fe),(0),0,3,0,3,0.40,,,,,,,,,,,,,,,,,,,,,,,0,0,,0,Oo,Oo,0.00,,,,,,,,,,,OOO,,,,,878,48,,4,,,OO,,,4,0.53,,,,,,,,,,,,,,,,,0 20,56 7610.10,,,,,,,,,,,,,O32.,1,338,4389,1,,,,1,,1,0.13,,,,,,,,,,,,,,,,,,,,,,,,,,,,,,,,,,,,,,,,,,,,,,,,,,,,,,,,,,,4,,fo),fe),3,2,5,9.66,5,fe),,,4,2,6,0.80,,0,0,,,,0 0.00,,,,,,,,,1313,877,211,1088,187,32,219,29.12,,0,,1,),1,,,,,,105,fo),(0),(a),91,14,105,13.96,36,,Oo,0,32,4,36,479,,,,,,,,
States:,6,GUJARAT,37,1,1,2,32,6,38,0.24,,,,,,,,,,,,,,,,,,,,,,,,,,8,2,"j 10,",0.06,,,,,,,,,,,218,,888,,202,..28,,,,891d,,om,76,9,85,0.54,,,,,,,,,,,,,,,,,884 2616,3500 22.20,,,,,,,,,8020,,,6,692.112,,804,,298,1,2,3,223,75,298,1.89,,,,,,,,,23,,,,23,),23,0.15,,,,,,,,,,,,,,,,,,,,,,,,,,87,,0,,§7,30,87,0.55,0.36,,69,83122,,276,14H,2,,298,0,2,2,189,110,299,1.90.,,,,,,,,,2,0,,0,,2,2 0.01,,,,,,,,,21904,20126,3775,23901,4217,889,5106,32.44,7,2,9,12,5,17,0.11,,,,,772,3,fe),3,605,162,767,4.87,197,,40,42,16,31,197,"4,25",,,,,,,,
States:,7,HARYANA,0,,,c,,,fe),0.00,,,,,,,,,,,,,,,,,,,,0,0,0.00,2,0,2,3,2,5,0.08,,,,,,,,,,,,,,,,,,,4 31,6,oO,6,,1,"27,",0.43,,,,,,,,,,,,,,,,,,,,?,0,2,33,18,,0.82,,,,,,,,,38,,),,34,4,38,0.61,,,,,,,,,,,,,,,,,,,,,,,,,,,,,,,,,,20,2,,,193,"83,",276,4.42,,,,,,,,,,,,,,,,,,260,,,,186,74,260,4.16,673,2,1,3,528,191,719,11.50,,fe),0,,,0,0 0.00,2,0,0,,1,1,2,0.03,5660,5072,908,5980,2013,391,2404,38.47,4,,4,8,,8,0.13,,,,,307,13,5,18,232,75,307,4.91,322,,,OO,268,89,822,,9449,5106,18,"024,",4972,"1277,",,"249,100.00"
States:,8,HIMACHAL PRADESH,6,0,fe),0,6,,6,0.44,,,,,,,,,,,,,,,,,,,,,,,,,,,,,,,,,,,,,,,,,,,,,,,,,,,,,,,,,,,,,,,,,,,,,,,,,,,,,,,,,,,,,,,,,,,,,,,,,,,,,,,,,,,,,,,,,,,,,,,,,,,,,,,,,,,,,,,,,,,,,,,,,,,,,,,,,,,,,,,,,,,,,,,,,,,,,,,,,,,,,,,,,,,,,,,,,,,,,,,,,,,,,,,,,,,,,,,,,,,,,,,,,,,,,
States:,9,JAMMU & KASHMIR,1,,,0,,1,1,0.07,,,,,,,,,,,,,,,,,,,93,17,110,7.41,120,20,«+140,21,2,23,1.55,,,,,,,,,1,,),10,1,vo,OV,0.07,,,2,0,0,,2,Oo,2,0.13,,,,,,,,,,3,2,5,57,17,74~COS!,4.99,,,165,79,7,86,236,12,248,16.71,,,,,O12.,,012 5,0.81,1,0,,0,1,,1,0.07,,,,,,,,,5,,fe),fe),5,,5,0.34,,,,,,,,,,,,,,,,,,1,0,,0,1,,i,0.07,3,),,0,1,2,3,0.20,0.00,,,,,,,,,16,,fe),,,fe),,0.00,22,fe),0,fe),5,2,7,0.50,0,,0,,,,0 0.00,3,Oo,0,,3,fe),3,0.20,4335,4350,1086,5436,721,127,848,57.14,,0,,,,,0.00,,,,,15,,0,,15,3,18,1.21,11,15,3,18,6,43,10,0.67,,4905,"1157,",6062,,12672171484,,100.00
States:,10,KARNATAKA i,9,,,,9,2,1,0.08,,,,,,,,1038,584,1622,11.70,,,,,,,,,,,,5,0,5,4,1,5 1,0.04,,,,,,,,,,,,,,,,,,AN 280,,,,,,,,,,,,,,,,,,,,,,,,,84 539 1351,1890 13.70,6,fe),0,0,5,1,6,0.04,,,,,,,,,62,,0,),52,10,62,0.45,8,,,,OB,,,004,234,1,2,3,232,3,235,1.70,,,,,,,,,,,,,,,,,,,,,,,,,,96,0,0,,7 },46,116,0.84,0.00,,,,,,,,,813,2,3,5,584,276,860,6.21,1435,3,9,12,1041,496,1537,11.10,1,,0,0,1,0,1 0.01,,,,,,,,,30835,33296,7050,40346,4974,858,5832,42.12,49,,49,18,2,20,0.14,,,,,342,,fe),0,277,65,342,2.47,902,3,oO,3,,659287,916,6.62,,,"7107,",40528,- «9999,3846,«13845,100.00
States:,11,‘KERALA,6,1,1,2,6,3,9,0.14,,,,,,,,,,,,,,,,,,,0,0,0,0.00,,0,0,0,1,1,0.17,4600,2,OC,2,879,26,405,6.86,,,,,,,,,,,,,,1,17,,,0.27,,,,,,,,,,2,,3,102,201,#303 -,4.76,15 129,225 354 5.60,,,,,,,,,,,,,,,,,42,),0,),36,6,42,0.66,,,,,,,,,,,,,,,,,,,,,,,,,,,,,,,,,,,,,,,,,,,,,,,,,,0.00,,,,,,,,,32,,,(0),25,10,35,0.55,,,,,,,,,0,0,0,,0,fe),0 0.00,,,,,,,,,32384,32051,9910,41961,2146,454,2600,40.84,,0,,4,2,6,0.09,,,,,401,(0),0,0,365,83,448,7.04,112,1,1,2,88,21,109,1.71,,,,,,,,
States:,12,.. MADHYA PRADESH,90,2,1,3,59,28,87,0.30,105,49,184,2906,1494,4400,15.18,,1522,4487,15.50,,,,,,,,8,2,10,0.03,,,,,,,,"672,",21,14,38,8134,,657,aay,410,7,4,mW,1090,386,145,050,622 180 802,“2.80,109,« 016,4,20,77,,21.—t—“‘«“,0.34,,,,,,,,,,38,(isi,HCS|:C(184,829,1934,2763,9.53,,,,,,,,6,69,0.24,,,,,,,,,258,7,1,8,169,88,257,0.89,,,,,,,,,419,15,1,16,386,33,419,1.45,,,,,,,,,,,,,,,,,,2491,785,325,s*10,1536,,9142450,845,,,,,,,,,0.23,,,,,,,,,705,40,15,55,456,202,658,2.27,5673,180,81,261,3384,2156,5540,19.10,,,,0,0,),0.00,224,1,0,1,159,65,224,0.77,22411,17895,3558,21453,4610,979,5589,19.29,8,2,10,51,15,66,0.23,,,,,,fe),,,,fe),,0.00,4486,58,20,78,3217,1243,4460,15.39,,,,,,,,
States:,13,MAHARASHTRA St,14,0,,te),12,2,14,0.03,,,,,,,,3315,1875,5190,10.00,,,,,,,,,,,,27,12,39,45,,2,Oa,7600,OG,,8,628,181,,A,,,,,,,,,24852 213.1065,2.00,162,39,(,8,94,29,123,0.24,"0,03",,,10,148,4,1651,2100,4.03,69,84,128,"1702,","4043,",55745,11.03,289 2260 5735,7995 15.40,,,0,,8,oO,8,0.01,,,,,,,,,1328,209,53,262,912,154,1066,2.05,73000,,OO,,,78a,,0.338,885,25,fe),25,806,54,860,1.65,,,,,,,,,,,,,,,,,,,,,,,,,,,,,,,,,,0.08,,,,,,,,,1067,5,0,5,774,288,1062,2.04,,,,,,,,,1,17,12,29,(0),fe),0.00,171,,0,0,123,48,171,0.33,35503,25957,5462,31419,7389,1479,8868,17.03,,0,,46,9,55,0.17,,,,,9174,278,99,377,6716,2671,9387,18.03,4889,127,34,161,3315,1412,4727,9.08,82400,29718,"6285,",36003,35463,16604,52067,100.00
States:,14,MANIPUR,0,,0,,,,,9.00,,,,,,,,11,Oo,11,4.50,,,,,,,,,,,,0,0,0,,,OO,0.00,4,5 0,oO.,1,4,Oo,,4163,,,,,,,,,,"89,",,,,,,,,,,,,,,,,,,,,,,,,,,Se 0.80,,,,,,,,,,,,,,,,,,,n°),,,,,0.00,,,,,,,,,1,,0,(0),1,,1,0.41,,,,,,,,,,,,,,,,,,,,,,,,,,,,,,,,,,,,,,,,,,,2,fe),0,,2,1,3,1.22,,,,,,,,,,,0,fe},,,0.00,,,,,,,,,495,606,260,866,134,35,169,68.70,,,,,,0,0.00,,,,,5,0,,,5,,5,2.03,27,,),,27,0,27,10.98,,,,,,,,
States:,15,MEGHALAYA,1,,0,0,1,fe),1,0.47,,,,,,,,,,,,,,,,,,,,,,,,,,,,,,,,,,,,,,,,,,,,,,,,,,,,,,,,,,,,,,,,,,,,,,,,,,,,,,,,,,,,,,,,,,,,,,,,,,,,,,,,,,,,,,,,,,,,,,,,,,,,,,,,,,,,,,,,,,,,,,,,,,,,,,,,,,,,,,,,,,,,,,,,,,,,,,,,,,,,,,,,,,,,,,,,,,,,,,,,,,,,,,,,,,,,,,,,,,,,,,,,,,,,,
States:,16,MIZORAM,10,0,0,,,0,,0.00,oO,,Oo,9,2,,18.92,,,,,,,,,,,,9,0,,0.00,,,,,,,,,,,,,,,,1,,oO,,oO!,,,"0,00",,,0,0,0,0,0,0,0,0.00,0.00,,,,,,,,,,,,,,,,,,,Mo,OO,,,,,1.27,,,,,,,,,0,0,,0,,,0,0.00,,,,,,,,,,0,),,0,fo),,0.00,,,,,,,,,,,,,,,,,,,,,,,,,,,,0,0,0,ie),0,0.00,,,,,,,,,,,,,,,,,0.00,,,,,,,,,,0,),0,,,0.00,0,90,0,0,0,0,0,0.00,46,64,16,80,26,11,37,46.84,,0,,,0,0,0.00,,,,,6,(0),0,,,1,1,1.27,18,fe),0,,15,3,18,22.78,8,64,6,BO,OT,,7H,"100,00"
States:,17,NAGALAND,0,0,,,,0,0,0.00,,,,,,,,3,0,3,5.60,,,,,,,,,Oo,1,1.85,,,,,,,,,,,,,,,,,,,,,,,,0,Oo! 0.00,,,,,,,,,,,,,,,,,,,,,,,,,,0 11.90,,,,,,,,,,0,,,OO,Oo.,,0.00,,,,,,,,,,,OO,,,,,0.00,,fe),,,fe),,fe),0.00,,,,,,,,,,,,,,,,,,9,,,,,,OO,000,,,,,,,,,,,,,,,,,,,,,,,,,,,,,,,,,,0,,0,),,0,0.00,,,,,,,,,64,91,38,129,35,Z,42,77.78,,0,,,,0,0.00,,,,,,,,,,,,,,0,),fe),0,0,,0.00,,,,,,,,
States:,18,- ORISSA,24,te),0,0,18,1,29,0.50,,,,,,,,346,2000,546,9.40,,,,,,,,,0,0,0.00,6,,,,,,,,,,,,,,,,,,o>,20,9,29,0.50,250 70 320,550,9,1,0,1,6,2,8,0.14,0.16,,,,,,,,,2,0,200,71,186,"324 227,",3.91,188,302 5.20,,a,,,,a,,0.07,,,,,,,,,51,4,0,4,34,13,47,0.81,,,,,,,,,30,1,te),1,28,1,29,0.50,,,,,,,,,,,,,,,,,,,,,,,,,,3,Oo,,0,3,0,3,0.05,0.00,,,,,,,,,462,,te),fe),243,222,465,8.01,984,17,fe),17,567,409,976,16.80,0,,0,,,,Oo 0.00,3,oO.,0,0,1,2,3,0.05,6577,5748,1337,7085,1624,276,1900,32.75,6,,6,6,1,"7,",0.12,,,,,530,,fe),,393,143,536,9.24,351,0,fe),0,229,122,351,6.05,,,,,,,,
States:,19,PUNJAB,0,,0,0,,(0),,0.00,,,,,,,,,,,,,,,,,,,,,,,,,,,,,,,,,,,,,,,,,,,,,,,,,,,,,,,,,,,,,,,,,,,,,,,,,,,,,,,,,,,,,,,,,,,,,,,,,,,,,,,,,,,,,,,,,,,,,,,,,,,,,,,,,,,,,,,,,,,,,,,,,,,,,,,,,,,,,,,,,,,,,,,,,,,,,,,,,,,,,,,,,,,,,,,,,,,,,,,,,,,,,,,,,,,,,,,,,,,,,,,,,,,,,
States:,20,RAJASTHAN,0,,0,0,,0,fe),0.00,,,,,,,,953,433,'1384—C,10.10,,,,,,,,,0,0,0.00,,,,,9,,M02,,,,,,,,,39,,OF,8,,,800.8,,315 81 396,2.90,,,,,,,,,"0,038",,,,,,,,,138,,4,882,84,"BE,",6.02.,32,1010 7.40,-,,,,©,,,0.05,,,,OO,282,48,27K,"2,00",113,0,,0,100,13,113,0.82,,,Oo,1 0,,,,0.20,165,,,,164,1,165,1.20,,,,,,,,,,,,,,,,,,810,,Oo.,8,507333,,8406.12,,,,,,,,,,,,,,,,,,,219,,fe),,159,60,219,1.60,1097,,0,0,716,413,1129,8.20,,0,),0,),,0.00,"125,",,,,100,25,125,0.91,21132,22237,4308,26545,5086,924,6010,43.79,0,,,26,1,27,0.20,,,,,1544,,,0,1045,537,1582,11.53,774,fe),,,633,141,774,5.64,28670,22264,43275,26591,10348,3378,13726,100.00
States:,21,‘SIKKIM,1,,0,,1,fe),1,1.03,,,,,,,,,0,8,8.20,,,,,,,,,,0,0.00,0,,,,,,"0,00",,,,,,,,,0,0,,OO,oO,,,000,,12.40,,,0,0,oO,0,0,0.00,,,,,,,,,,0,077,,,8,,2,,4 7 7.20,,OO,,,,,,0.00,,,,,,,,,,,,,,,,,,,,,,,,,,,,,,,,,,,,,,,,,,,,,,,,,,,,,,,,,,0,0,Oo,0,oOo,,0,0.00,,,,,,,,,,,(0),,,(0),0,,0.00,,,,,,,,,,,0,0,fo),fe),0.00,2,0,oO,0,2,0,2,2.06,113,146,131,277,42,8,50,51.55,,,,,,,0.00,,,,,2,,fe),fe),1,1,2,2.06,,,,,,,,,,,,,,,,
States:,22,TAMIL NADU,47,1,0,1,52,,52,0.24,,,,,,,,,,,,,,,,,,,,0,0,0.00,,,,,,,,,,,,,,,,30,5 0,,OO,,aa,,80,,,,,,,,,,,,,,,,,,,,24,23,«=,47—~Ss—C2e«|«1070:~=Ss,,«1872,7.31,,,,,,,,,,,,,,,,,,,57,4,,4,47,10,57,0.27,,,,,,,,,160,9,5,14,141,24,165,0.77,,,,,,,,,,,,,,,,,,,,,,,,,,,,,,,,,,,,,,,,,,,2266,18,5,23,«1440,837,2277,10.59,,,,,,,,,4,0,0,,1,3,4 0.02,,,,,,,,,48086,33366,8078,41444,7857,1796,9653,44.91,,0,,1299,314,1613,7.50,,,,,884,7,,7,489,304,793,3.69,1006,34,7,41,711,553,1264,5.88,,,,,,,,
States:,23,TRIPURA,0,,0,,,,,0.00,,,,,,,,,,,,,,,,,,,,,,,,,,0,,OO,"0,00",,,,,,,,,,,,,,,,,2,2 0.80,,,,,,,,,,,,,,,,,,,,,,,,,,,200,,,,002,oO,2,0.77,,,,,,,,,,,,0,,0,0,0.00,,,,,,,,,2,0,0,,1,1,2,0.77,,,,,,,,,,,,,,,,,,5,6,oO...,6,Mo,8,,6.18,,,,,,,,,0.00,,,,,,,,,,,,,,,,,,,,,,,,,,,,,,,,,,,,,,,,448,564,56,620,155,10,165,63.71,,,,,,,,,,,,,,,,,,,,,,,,,,,,531,"$70,",56,626,216,48,259,100.00
States:,24,- UTTAR PRADESH,44,6,2,8,63,23,86,0.41,,,,,,,,,,,,,,,,,,,,,,,,,8,ABH,,,OB,169,35,7,42,175,50 mf,225 5,1.07,56,12,4,6,ST,,TB,082,226 67 293,"1.40,",39,20,9,29,31,12,43,0.20,,,,,,,,,,,,,,,,,377 784,1161 5.50,,250311164,248,"1412,",1535,199,1734,8.23,,,,,,,,,44,0,,,37,1,48,0.23,24,oOo,oO,Oo,,,,0.08,,,,,,,,,,,,,,,,,,,,,,,,,,536,68,23,93,$18 0,331,849,08,19,2,1,3,#19,6,25,0.12,0.02,,,,,,,,,337,4,3,7,224,128,352,1.67,,,,,,,,,2,0,0,0,5,,5 0.02,,,,,,,,,16955,11259,1815,13074,8549,1660,10209,48.43,48,,20.68,215,67,282,1.34,,,,,1674,682,89,771,1077,406,1483,7.03,849,—s«67,33,100,718,200,918,4.35,,,,,,,,
States:,25,WEST BENGAL,"22,",6,,6,15,8,23,0.18,,,,,,,,,,,,,,,,,,,,,,,,,,,,,,,,,,,,,,,,,,,,,,,,,,,,,,,,,,,,,,,,,,,,,,,,,,,,,,,,,,,,,,,,,,,,,,,,,,,,,,,,,,,,,,,,,,,,,,,,,,,,,,,,,,,,,,,,,,,,,,,,,,,,,,,,,,,,,,,,,,,,,,,,,,,,,,,,,,,,,,,,,,,,,,,,,,,,,,,,,,,,,,,,,,,,,,,,,,,,,,,,,,,,,
States:,,TotallStatoe),413,23,8,31,389,132,521,0.22,,,,,,,,,,,,,,,,,,,,,,,,,,,,,,,,,,,,,,,,,,,,,,,,,,,,,,,,,,,,,,,,,,,,,,,,,,,,,,,,,,,,,,,,,,,,,,,,,,,,,,,,,,,,,,,,,,,,,,,,,,,,,,,,,,,,,,,,,,,,,,,,,,,,,,,,,,,,,,,,,,,,,,,,,,,,,,,,,,,,,,,,,,,,,,,,,,,,,,,,,,,,,,,,,,,,,,,,,,,,,,,,,,,,,
26 A&NISLANDS i o oO oOo § Oo o Oo 0.00,27,CHANDIGARH,0,,0,oO,,0,oO,0.00,,,,,,,,,,,,,,,,,,,,,,,,,,,,,,,,,,,,,,,,,,,,,,,,,,,,,,,,,,,,,,,,,,,,,,,,,,,,,,,,,,,,,,,,,,,,,,,,,,,,,,,,,,,,,,,,,,,,,,,,,,,,,,,,,,,,,,,,,,,,,,,,,,,,,,,,,,,,,,,,,,,,,,,,,,,,,,,,,,,,,,,,,,,,,,,,,,,,,,,,,,,,,,,,,,,,,,,,,,,,,,,,,,,,,
26 A&NISLANDS i o oO oOo § Oo o Oo 0.00,,"""28",0,0,0,oO,,0,,0.00,,,,,,,,,,,,,,,,,,,,,,,,,,,,,,,,,,,,,,,,,,,,,,,,,,,,,,,,,,,,,,,,,,,,,,,,,,,,,,,,,,,,,,,,,,,,,,,,,,,,,,,,,,,,,,,,,,,,,,,,,,,,,,,,,,,,,,,,,,,,,,,,,,,,,,,,,,,,,,,,,,,,,,,,,,,,,,,,,,,,,,,,,,,,,,,,,,,,,,,,,,,,,,,,,,,,,,,,,,,,,,,,,,,,,
26 A&NISLANDS i o oO oOo § Oo o Oo 0.00,29,- DAMAN & DIU,,oOo,0,oO,,,0,0.00,,,,,,,,,,,,,,,,,,,,,,0.00,,,,,,,,,,,,,,,,,,Oo.,,OF,,OO,0.00,6 0 6,8.30,,,,,,,,,"0,00",,,,,,,,,,,,,9,0,13.89,0 1,9 10 13.90,,,,,,,,,,,,,,,,,0,,,oo,,,),0.00,,,,,,,,,,,,,,,,,,,,,,,,,,,,,,,,,,,,oO,oOo,oO,0,0,"0,00",,,,,,,,,0.00,,,,,,,,,1,,oO.,oO,41,Oo,1,1.39,,,,,,,,,,0,0,0,),(0),0.00,,,,,,,,,46,42,6,48,18,0,18,25.00,,,,,,,,,,,,4,0,0,,4,,4,5.56,,fe),,0,),,0,0.00,,,42,,,,72,100.00
26 A&NISLANDS i o oO oOo § Oo o Oo 0.00,30,DELHI(UT),0,,0,Oo,,0,,0.00,,,,,,,,,,,,,,,,,,,,,,,,,,,,,,,,,,,,,,,,,,,,,,,,,,,,,,,,,,,,,,,,,,,,,,,,,,,,,,,,,,,,,,,,,,,,,,,,,,,,,,,,,,,,,,,,,,,,,,,,,,,,,,,,,,,,,,,,,,,,,,,,,,,,,,,,,,,,,,,,,,,,,,,,,,,,,,,,,,,,,,,,,,,,,,,,,,,,,,,,,,,,,,,,,,,,,,,,,,,,,,,,,,,,,
26 A&NISLANDS i o oO oOo § Oo o Oo 0.00,31,LAKSHADWEEP,1,,0,.o,1,,1,33.33,0,,oO,,,tt,33.33,,,,,,,,,,,,,0,iO,0.00,,,,,,,,,,,,,,,,,,OO,,OO,,,0.00,0,0.00,,,,,,,,,,,,,,,,,,,,,OO,,0,"0,00",,,,OO,,oo,0,09,0,0.00,,,,,,,,,0,,0,oO,,),0,0.00,,,0,,,,,0.00,,Oo,,0,0,,,0.00,,,,,,,,,,,,,,,,,,,9,0,Oo,0,0,,0.00,0,0,0,0,of,0,Oo,8 0.00,,,,,,,,,,,,,,,,,,,,,,,,,,,0,0,0,te),,0 0.00,,OO,,,,0,0,9.00,,0,fe},,fe),,0,0.00,0,,,".,",0,,0.00.,,,,,,,oO.,0,0,0,,0.00,0,fe),fe),,,fe),,0.00,8,,,0,,2....1,3...,100.00
26 A&NISLANDS i o oO oOo § Oo o Oo 0.00,,32_. PONDICHERRY,1,5 0,Oo.,oO,,1,1,0.17,,,,,,,,,,,,,,,,,,,,,,,,,,,,,,,,,,,,,,,,,,,,,,,,,,,,,,,,,,,,,,,,,,,,,,,,,,,,,,,,,,,,,,,,,,,,,,,,,,,,,,,,,,,,,,,,,,,,,,,,,,,,,,,,,,,,,,,,,,,0,0,),0,,0,Oo,0.00,,,,,,,,,,,,,,,,,,,,,,,,,,,,,,,,,,,,,,,,,,,,,,,,,,,,,,,,,,,,,,,,,,,,,,,,,,,,,,,,,,,
26 A&NISLANDS i o oO oOo § Oo o Oo 0.00,4,© TOTAL (UTs),2,0,0,0,1,4,j 2 i,0.03,,,,,,,,,,,,,,,,,,,,,,,,,,,,,,,,,,,,,,,,,,2,,,0.52,321 66 387,5.30,97,—s«&3,0,6,47,'§,52,0.72,0.07,,,,,,,,,,,,,,,,94 345 627,972 13.40,,,,,,,,,,,,,,,,,88,,0,© 0,72,16,88,1.21,,,,,,,15,0.21,253,,fe),0,250,4,254,3.50,,,,,,,,,,,,,,,,,,,3,,,"130,",89,219,3.02,12,1,,1,10 },1,Ws:,0.15,0.00,,,,,,,,,89,0,Oo;,,064,25,BIO,28,,,,,,,,,,0,0,,,,0 0.00,,,,,,,,,11660,9196,1353,10549,2097,308,2405,33.11,,,G0,GW.,0,-,0.00,,,,,476,22,2,24,371,120,491,6.76,500,6,5,11,406,150,556,7.66,,,,,,,,
26 A&NISLANDS i o oO oOo § Oo o Oo 0.00,,-,415,23,8,31,1390,133,523,0.21,,,,,,,,,,867,NCRB/2001—8B,,,,,,,,,,,,,,,,,,,,,,,,,,,,,,,,,,,,-,,,,,,,,,,,,,,,,,,,fe),,16,-,490i,8.64,,,,,,,,,,,7092,70,18,88,OAD,1913,7142,2.92,-,,,,,,,,,,,,,,,,,,,,,,,,,,,,,,,,,,,,,,,,,9711,509,"252,",761—Sss«G,253,3473,9726,3.98,1987,BB,5,60,741,415,1156,0.49,,,,,,,,,,8105,193,110,303,5244,2786 4,«=68030,3.9,,,,,,,,,,,,,,,,,,,,,,,,,,,,,,,,,,,,,,,,,,867 NCRB/2001—10B,-,,,,,,,,16587,851,273,1124,§©11735,4624,16359,6.90,,,,141911079,611,1652,7263,100.00
26 A&NISLANDS i o oO oOo § Oo o Oo 0.00,33,AHMEDABAD,34,,OS,,,0,Oo,0.00,+,,0,27 i,7,384,3.35,,,,,,,,,,,,,,,,,,,,,,,,,,,,,,,,,,OB,,,a,88,,,10,0,0,Oo,9,1,10,0.99,039,,,,,,,,,,,,,,,,14 123,281 404 39.80,,,,,,,,,,,,,060,,,7.00,1,202~—io,O°,oO,16,4,20,1.97,,,,,oO,1,1 7,0.10,,,,,,,,,,,,,,,,,,,,,,,,,,,0,of;,0,8,,,,,,Oo,,Om,4,,1.48,,,,,,,,,,,ee,,0,27,10,37,3.65,,,,,,,,,,0 !,,,,0,0 0.00,,,,,,,,0.10,,ie),fe),0,0,0,,0.00,,,0,,0,oO,0.00,,,,,207,OF,,OO,176,31,207,20.41,44,0,fe),0,35,9,"44,",4.34,,,,14.0,614,,4001014,100.00
26 A&NISLANDS i o oO oOo § Oo o Oo 0.00,34,- BANGALORE,,,,©,,,oe,0.04,,,,,,,,,,,,,,,,,,,,,,,,,,,,,,,,,,,,,,6,OO,,,a,,,022,6 11 17,0.70,0,Of,,,0,0,oOo,0.00,,,,,,,,,,,HH,BD,108,290,398,17.27,,,,,,,,,,,,,,,,,,,7,0,0,0,6,Ft,G7,0.30,0,,,0,oOo,90,0,0.00,,1,203,3 i,39,ie),39,1.69,8 186 6.80,,,,,,,,,,,,,,,,,33,0,0,0,31,13,4a,W910,2,0,0,0,29,1600,45,1.95,,,,,,,,,,97000,2,,,BT,69,246,"10,68",,,,,,,,,,,,0,oO,0,0 0.00,,,,,,,ee,0.00,7906,5368,720,6088,537,101,638,27.69,,,,,,,,,,,,,,,,,,,,474,0,,fe),326,153,479 ©,20.79,9489,6413,770,6183,1523,781,2304,400.00
38 COIMBATORE oO 0 OO oO } 0.00,39,", .,",,,0”,0,0,0,Oo,0.00,,,,,,,,,,,,,,,,,,,,,,,,,,,,,,,,,,,,,,,,,,,,,,,,,,,,,,,,,,,,,,,,,,,9,"207,",247,454,0 85,,,,,,,,,,,,,,,,,,,,,,,,,,,,,,,,,,,,,,,,,,,,,,,,,,,,,,,,,,,,,,,,,,,,,,,,,,,,,,,,,,,,,,,,,,,,,,,,,,,,,,,,,,,,,,,,,,,,,,,,,,,,,,OO,,,,0.00,,,,,,,,,,,,,,,,,,,,,,,,,,,,
38 COIMBATORE oO 0 OO oO } 0.00,40,", HYDERABAD",28,,,,,oO,", 0",0.00,,,,35,5,40,4.06,,,,,,,,,,,,,,,0.00,,,,,,,,,,,,,,,,,,,,,,,,73 14 87,8.80,3,0,0,,2,1,3,0.30,,10,1.02,,,,,,,,,,,,,,,,,,,"Oo,",Oo,,of,0.00,,,,,,3,05 17,1.73,6,0,0,,6,,6,0.61,1,,0,0,0,1,1,0.10,84,,Oo:,,34,om,34,3.45,4 88 8.90,,,,,,,,,,,,,©,,0,7 0.00,,,,,,,,,,,,,,,,,0.41,,,,,,,,,20,0,oO,oO,17,5,22,2.23,,,,,,,,,,0,0,,,0,0 0.00,,,,Oo,,,,0.00,1515,1163,193,1356,296,57,353,35.84,,,,,,,,,,,,27,25,0},21,25,3,28,2.84,19,,0,fe),18,1,19,1.93,2130,1171,204,1375,659,326,985,100.00
38 COIMBATORE oO 0 OO oO } 0.00,41,- INDORE,142,,,OO,,0,0,0.00,#2O,Oo,oO,130 ©,12,142,14.45,,,,,,,,,,,,,0,0,0.00,,,,,ee,,0.41,,,,,,,,,,,BO,,,,Bo,0.81,3 32,3.30,5,5,0,5,5,,5,0.51,"0,00",,,,,,,,,,,,,,,,49 66 163,229 23.30,,,,OO,,,,0.00,,,,,,,,,3,0,0,0,3,,3,0.31,6,,,oOo.,Oo,6,6,0.61,,,,,,,,,,,,,,,,,,,,,,,,,,,i606¢€©6€«COOte,0,oO,132200,4,136,13.84,,,,,,,,,0.00,,,,,,,,,0,0,oO,Oo,8,Oo,,"0,00",,,,,,,,,,,,,,,,,,,,,,,,2790,2119,198,2317,272,16,288,29.30,,,,0,,,eee,,,,,,0,0,Oo:,fe),,,0.00,22,fe),0,,19,3,22,2.24,3504,2143,239,2382,,767.216,983,100.00
38 COIMBATORE oO 0 OO oO } 0.00,42,JAIPUR ©,19,,,,,Oo,,0.00,,,0,16,3 3,19,1.87,,,,,,,,,,,,,,0,0.00,,,,,,,,,,,,,,,,,,,,,,,,50 15,6.40 ©,2,0,0,oO,"2,",),2,0.20,0.10,,,,OO,10,2,86,3.54,,,,,,,4.62,,,,,,,,,,,,,,,,,,,1,0,0,,oOo,1,+,0.10,1,,OO.,0,,,1,2.10,,,,,,,,,2 88 8.20,,,,,,,,,,,,,,,,,,0,0,0,6,6,12 4,44g,,,,,,,,,"0,00",,,,,,,,,7,,ie),Oo,4,,,0.69,,,,,,,,,,0,,,,0,"0 0,00",,,,,,oO,1,0.10,2177,1555,310,1865,294,79,373,36.64,5,0,{ 5,5,0,5,0.49,,,,,,,,oO,97,14,5 «1411,10.90,277,0,oO,fe),234,43,277,27.21,2821,1566,310,1876,789,229,- 1018-,—S:100.00
44 KOCH oO Oo oO oO 0.00,45,LUCKNOW,2,,,,28,,,"0,00",,,,,,,,,,,,,,,,,,,,,,,,,,,,,,,,,,,,,,,,,,,,,,,,,,,,,,,,,,,,,,,,,,,,,,,,,,,,,,,,,,,,,,,,,,,,,,,,,,,,,,,,,,,,,,,,,,,,,,,,,,,,,,,,,,,,,,,,,,,,,,,,,,,,,,,,,,,,,,,,,,,,,,,,,,,,,,,,,,,,,,,,,,,,,,,,,,,,,,,,,,,,,,,,,,,,,,,,,,,,,,,,,,,,,
44 KOCH oO Oo oO oO 0.00,48,,,,,,,0.00,,,,,,,,,,,,,,,,,,,,,,,,,,,,,,,,,,,,,,,,,,,,,,,,,,,,,,,,,,,,,,,,,,,,,,,,,,,,,,,,,,,,,,,,,,,,,,,,,,,,,,,,,,,,,,,,,,,,,,,,,,,,,,,,,,,,,,,,,,,,,,,,,,,,,,,,,,,,,,,,,,,,,,,,,,,,,,,,,,,,,,,,,,,,,,,,,,,,,,,,,,,,,,,,,,,,,,,,,,,,,,,,,,,,,,,
"49 NAGPUR, Oo Oo oO oOo , Oo o 0 0.00 -",50,PATNA,8,0,07,0,8,3,11,3.35,,,,,,,,,,,,,,,,,,,,,,,,,,,,,,,,,,,,,,,,,,,,,,,,,,,,,,,,,,,,,,,,,,,,,,,,,,,,,,,,,,,,,,,,,,,,,,,,,,,,,,,,,,,,,,,,,,,,,,,,,,,,,,,,,,,,,,,,,,,,,,,,,,,,,,,,,,,,,,,,,,,,,,,,,,,,,,,,,,,,,,,,,,,,,,,,,,,,,,,,,,,,,,,,,,,,,,,,,,,,,,,,,,,,,
"49 NAGPUR, Oo Oo oO oOo , Oo o 0 0.00 -",,“52. i,,0,0,,0,0,0,0.00,,,,,,,,,,,,,,,,,,,,,,,,,,,,,,,,,,,,,,,,,,,,,,,,,,,,,,,,,,,,,,,,,,,,,,,,,,,,,,,,,,,,,,,,,,,,,,,,,,,,,,,,,,,,,,,,,,,,,,,,,,,,,,,,,,,,,,,,,,,,,,,,,,,,,,,,,,,,,,,,,,,,,,,,,,,,,,,,,,,,,,,,,,,,,,,,,,,,,,,,,,,,,,,,,,,,,,,,,,,,,,,,,,,,,
"49 NAGPUR, Oo Oo oO oOo , Oo o 0 0.00 -",53,- VADODARA,19,0,,oOo,0,0,oO,"6,00",0,0,,4,5 7,19,3.30,,,,,,,,,,,,,,,0.00,,,,,,,,2,6,OF,OF,22,,,4.34,,,,,,,,,"22, 3 25",4.30,,,,,,,,,0.00,,,,0,9,80,89,18.45,,OO,,"22,",88,,10.42,31 118,149 25.90,0,Oo,,,OO,8,0,0.00,83,Oo,,,82,,8,5.73,9,,Oo,0,} 6,3,9,1.56,,,,,,,,,,,,,,,,,4 48 7.80,,,,,,,,,,,,,,,,,,0,,90,0,,5 Oo,0.00,,,,,,,,,0.00,,,,,,,,,1,,,0,Oo:,,,017,,,,,,,,,0,0,fe),,0,),fe) 0.00,,,,,,,,,1940,1213,Kal J,1430,148,23,171,29.69,,0,..0,,,,0.00,,,,,139,Oo.,oO:,Oo;,114,25,139,24.13,,,,,,,,,2345,1213,217,1430,394,182,576,100.00
"49 NAGPUR, Oo Oo oO oOo , Oo o 0 0.00 -",54,VARANASI,-,,0,0,,,,0.00,,,,,,,,,,,,,,,,,,,,,,,,,,,,,,,,,,,,,,,,,,,,,,,,,,,,,,,,,,,,,,,,,,,,,,,,,,,,,,,,,,,,,,,,,,,,,,,,,,,,,,,,,,,,,,,,,,,,,,,,,,,,,,,,,,,,,,,,,,,,,,,,,,,,,,,,,,,,,,,,,,,,,,,,,,,,,,,,,,,,,,,,,,,,,,,,,,,,,,,,,,,,,,,,,,,,,,,,,,,,,,,,,,,,,
"49 NAGPUR, Oo Oo oO oOo , Oo o 0 0.00 -",55,VISHAKHAPATNAM,-,,,h8,,,,9.23,,,,,,,,,,,,,,,,,,,,,,,,,,,,,,,,,,,,,,,,,,,,,,,,,,,,,,,,,,,,,,,,,,,,,,,,,,,,,,,,,,,,,,,,,,,,,,,,,,,,,,,,,,,,,,,,,,,,,,,,,,,,,,,,,,,,,,,,,,,,,,,,,,,,,,,,,,,,,,,,,,,,,,,,,,,,,,,,,,,,,,,,,,,,,,,,,,,,,,,,,,,,,,,,,,,,,,,,,,,,,,,,,,,,,
"49 NAGPUR, Oo Oo oO oOo , Oo o 0 0.00 -",,- TOTAL (Cities),7,5,0,5,10,#43,#13,0.04,1013.23,12,35,814,222,1036,3.37,824,i 225,1049,3.40,,,,,,,,,,,,,,,,,,,1308,38 1,13,i 51,1026,231,1257,4.09,302,2,0,2,233,74,307,1.00,1259 305 1564,5.10,215,87,0,87,116,34,150,049,,166,0.54,126,173,407,1618,2025,6.59,,,,,,,,493 1606 3669,5275 17.20,97,12,4,16,7,7,82,0.27.,1545,23,5,28,#1359,2~=°=S—(«172~—~S~S‘SSTSC‘(,,4.98,701,27,3,30,622,53,675,2.20,99,0,2,2,1,96,97,0.32,678,35,7,42,620,39,659,2.14,360 2962 9.60,15,1,0,1,1,4,15,0.05,39,0,0,0,32,7,39,0.13,898,24,10,34,703,207,910,2.96,105,1,0,1,101,,23004«4124—Ci,0.40,0.14,,2,6,8,80,26,106 «CS,0.34,720,25,8,33,541,226,767,2.49,1860,52,24,76,1449,502,1951 1,6.30,2,0,0,0,!,2,2 0.01,137,int,0,0,9,++ 43,137,0.45,48735,34938,6006,40944,6842,1231,8073,26.26,5,0,5,20,6,26,0.08,919 92,"12,",104 ~-—s«B11,117 «928 3.02,3030,80 0,,23.103,2084,888,2972,9.67,4511,#143,50,193,3047,1441,4488,14.60,71550,35963,6460,42423,21689,9055,30744,100.00
States:,1,ANDHRA PRADESH,1719,,,,,,,,84,72,156,1240,532,"1772,",8.90,,,,,,,,,,,,,,,,7,19,26,19,30,§ 49,0.25,,,,,,,,,40,4,,4,88,,a,0.23,,,,,,,,,,,,,,,,,,,,57,43,100,432,€97,1230,6.18,,,1,,fe),0,1,0,7,0.01,255,,,,,43800,267,84,49,,1,1,41,7,48,0.24,,,,,,,,,249,16,13,29,249,16,265,1.33,,,,,,,,,,,,,,,,,,,,,,,,,,66,1,,1,§4,23,77,0.39,0.07,6950,322,,,,,721,38.62,275,12,14,26,202,83,285,1.43,1438,174,89,263,1085,407,1492,7.50,1,0,0,,1,0,1 0.01,44,38,10,48,35,13,48,0.24,24309,25030,5112,30142,7451,1480,8931,44.85,13,fe},13,388,52,440,2.21,,,,,499,7,2,9,325,194,519,2.61,375,,,6,2830,89,872,BT,,,,,,,,
States:,3,2. ARUNACHAL PRADESH,13,,,,,,,,fe),0,fe),11,ik 2,1300,7.88,,,,,,,,,,,,0,0,,0.00,,,,,,,,,,,,,,,,,,,,,,,,,,,,,,,,,,,,,,,,,,,0,0,0,2,1,3,1.82,,,,,,,,,,,,,,,,,,,,,,,,,,,,,,,,,,,,,,,,,,,,,,,,,,,,,,,,,,,,,,,,,,,,,,,,,,,,,,,,,,,,,,,,,,,,,,,,,,,,,,,,,,,,,,,,,,,,,,,,,,,,,,,,,,,,,,,,,,,,,,,,,,,,,,,,,,,,,,
States:,,ASSAM,174,,,,,,,,12,3,15,126,49,,,,,,,,,,,,,,,,,,,,,,,,,,,,,,,,,,,,,,,,,,,,,,,,,,,,,,,,,,,,,,,,,,,,,,,,,,,,,,,,,,,,,,,,,,,,,,,,,,,,,,,,,,,,,,,,,,,,,,,,,,,,,,,,,,,,,,,,,,,,,,,,,,,,,,,,,,,,,,,,,,,,,,,,,,,,,,,,,,,,,,,,,,,,,,,,,,,,,,,,,,,,,,,,,,,,,,,,,,,,,,,,
States:,4,ASSAM [line 2],700,,,,,,,,34,23,57,467,283,720,8.43,,,,,,,,,,,,,,,,,,,,,,,,,,,,,,,,,,,,8,,0.29,,,,,,,,,,,,,,,,,,,,,,,,,,,,,,,,,,,,,,,,,,,,,,,,,,,,,,,,,,,,,,,,,,,,,,,,,,,,,,,,,,,,,,,,,,,,,,,,,,,,,,,,,,,,,,,,,,,,,,,,,,,,,,,,,,,,,,26,2,,2,17,11,28,0.33,,,,,,,,,,,,,,,,,,,,514,51,32,83,408,174,582,6.81,,,,,,,,,,,,,,,,
States:,,"5, GOA",147,,,,,,,,1,0,1,138,16,184,20.48,,,,,,,,,,,,,,,,,,,,,,,,,,,,,,,,,,,,,,,,,,,,,,,,,,,,,,,,,,,,,,,,,,,,,,,,,,,,,,,,,,,,,,,,,,,,,,,,,,,,,,,,,,,,,,,,,,,,,,,,,,,,,,,,,,,,,,,,,,,,,,,,,,,,,,,,,,,,,,,,,,,,,,,,,,,,,,,,,,,,,,,,,,,,,,,,,,,,,,,,,,,,,,,,,,,,,,,,,,,,,,
States:,,6: GUJARAT,872,,,,,,,,2,6,8,663,221,884,5.62,,,,,,,,,,,,,,,,,,,,,,,,,,,,,,,,,,,,,,,,,,,,,,,,,,,,,,,,,,,,,,,,,,,,,,,,,,,,,,,,,,,,,,,,,,,,,,,,,,,,,,,,,,,,,,,,,,,,,,,,,,,,,,,,,,,,,,,,,,,,,,,,,,,,,,,,,,,,,,,,,,,,,,,,,,,,,,,,,,,,,,,,,,,,,,,,,,,,,,,,,,,,,,,,,,,,,,,,,,,,,,
States:,7,6: GUJARAT [line 2],228,,,,,,,,0,0,9,181,47,228,3.65,,,,,,,,,,,,,,,,,,,,,,,,,,,,,,,,,,,,,,,,,,,,,,,,,,,,,,,,,,,,,,,,,,,,,,,,,,,,,,,,,,,,,,,,,,,,,,,,,,,,,,,,,,,,,,,,,,,,,,,,,,,,,,,,,,,,,,,,,,,,,,,,,,,,,,,,,,,,,,,,,,,,,,,,,,,,,,,,,,,,,,,,,,,,,,,,,,,,,,,,,,,,,,,,,,,,,,,,,,,,,,
States:,8,6: GUJARAT [line 3],64,,,,,,,,,,,53,13,66,4.79,,,,,,,,,,,,,,,,,,,,,,,,,,,,,,,,,,,,,,,,,,,,,,,,,,,,,,,,,,,,,,,,,,,,,,,,,,,,,,,,,,,,,,,,,,,,,,,,,,,,,,,,,,,,,,,,,,,,,,,,,,,,,,,,,,,,,,,,,,,,,,,,,,,,,,,,,,,,,,,,,,,,,,,,,,,,,,,,,,,,,,,,,,,,,,,,,,,,,,,,,,,,,,,,,,,,,,,,,,,,,,
States:,,“9 JAMMU & KASHMIR,33,,,,,,,,0,1,1,24,14,38,2.56,,,,,,,,,,,,,,,,,,,,,,,,,,,,,,,,,,,,,,,,,,,,,,,,,,,,,,,,,,,,,,,,,5 57,17 74 5.00,,,,,,,,,,,,,,,,,,,,,,,,,,,,,,,,,,,,,,,,,,,,,,,,,,,,,,,,,,,,,,,,,,,,,,,,,,,,,,,,,,,,,,,,,,,,,,,,,,,,,,,,,,,,,,,,,,,,,,,,,,,,,,,,,,,,,,,,,,,,,,,,,,,,,,,,,,,,
States:,,(10.,1539,,,,,,,,Oo,Oo,0,1029,58200,1611,11.64,,,,,,,,,,,,,,,,,,,,,,,,,,,,,,,,,,,,,,,,,,,,,,,,,,,,,,,,,,,,,,,,,,,,,,,,,,,,,,,,,,,,,,,,,,,,,,,,,,,,,,,,,,,,,,,,,,,,,,,,,,,,6,0 0,,0,12300,64,187,14385,,,,,,,,,,,,,,,,,,,,,,,,,,,,,,,,,,,,,,,,,,,,,,,,,,,,,,,,,,,,,,,,,,,,,,,,,,,,,,,,,,,,,,,,,,,
States:,,‘13. MAHARASHTRA,818200,,,,,,,,8,,3,3303,1873,8176,9.94,,,,,,,,,,,,,,,0.00,,,,,,,,,,,,,,,,,,,,,,,,,,,,,,,,,,,,,,,,,,,,,,,,,,,,,,,,,,,,,2488,,"17,",2007,416,2423,4.65,,,,,,,,,,,,,,,,,,,,,,,,,,,,,,,,,,,,,,,,,,,,,,,,,,,33,0,0,34,0,34,0.07,,,,,,,,,,,,,,,,,,,74,25,99,3468,1594,5062,9.70,,,,,,,,,,,,,,,,,,,,,,,,,,,,,,,,,,,,,,,,,,,,,,,,,,,,,,,,,,
MANIPUR.,15,- MEGHALAYA,9,,,,,,,,OO,,oO,7,200,8,4,,,,,,,,,,,,2,0,2,0.93,,,,,,,,,,,,,,,,1,0,oO,,OO,2},2,0.93,3 2 1.5,i 2.30,0,0,0,oO,0,,0,0.00,0.00,,,,,,,,,,OOF,,,,,8.74,8,4 12 5.60,7,,,,,,74,3.27,,,,,,,,,1,,,),1,,1,0.47,,,,,,,,,,fe),,0,,,fo),0.00,,,,,,,,,,,,,,,,,,300,,,O98.,Oo.,,,140,-,0,,oO,Oo,0,0,0.00,,,,,,,,,,0,,0,,0,fe),fe),0.00,3,,,0,,3,3,1.40,0,,0,,,),fe) 0.00,,,,,fe),0,,0.00.,216,211,92,303,124,33,157,73.36,0,,,,0,,0.00,,,,,,,,,,,,,2,0,fe),fe),1,1,2,0.93,,,,,,,,
18 ORISSA i ABI OO O00 828 189 SIF BT,19,- PUNJAB,2009,,,,,,,,0,0,0,F189,29,209,,,,,,,,,,,,,,,,,,,,,,,,,,,,,,,,19,se],Oo:,,,,,,82 7 89,2.00,23,1,0,1,20,2,22,0.51,028,,,,,,,,,2 64,2,6,108,216,,7.45,6 202,353555 12.80,,OT,,,8,,"8D,",0.90,,,,,,,,,29,,0,0,24,5,29,0.67,,,,,,,,,104,0,,0,101,3,104,2.39,,,,,,,,,,,,,,,,,,"4 93,",2,40...,6,$8200,838,BF,200,9200,,OOO,,128,64,192,4.42,,,,,,,,,,313,(9),,,246,67,313,7.20,,,,,,,,,2,0,0,),1,1,2 0.05,,,,,,,,,1498,378,81,459,1240,158,1398,32.15,,,,,,,,,,,,299,1,4,5,239,55,294,6.76,36,,te),0,31,5,36,0.83,,,,,,,,
18 ORISSA i ABI OO O00 828 189 SIF BT,20,RAJASIHAN ———s_—s«'1842,,,,,,,,,0,0,0,951,433,1384,10.08,,,,,,,,,,,,,,,,,,,,,,,,,,,,,,,,,,,,,,,,,,,,,,,,,,,,,,,,,,,,,,,,,,,,,,,,,,,,,,,,,,,,,,,,,,,,,,,,,,,,,,,,,,,,,,,,,,,,,,,,,,,,,,,,,,,,,,,,,,,,,,,,,,,,,,,,,,,,,,,,,,,,,,,,,,,,,,,,,,,,,,,,,,,,,,,,,,,,,,,,,,,,,,,,,,,,,,,,,,,,,,
21 SIKKIM F122,22,,960,,,,,,,,24,9,33,670,261,931,4.330,,,,,,,,,,,,,,,,,,,,,,,,,,,,,,,,,,,,,,,,,,,,,,,,,,,,,,,,,,,,,,,,,,,,,,,,,,,,,,,,,,,,,,,,,,,,,,,,,,,,,,,,,,,,,,,,,,,,,,,,,,,,,,,,,,,,,,,,,,,,,,,,,,,,,,,,,,,,,,,,,,,,,,,,,,,,,,,,,,,,,,,,,,,,,,,,,,,,,,,,,,,,,,,,,,,,,,,,,,,,,,
21 SIKKIM F122,23, [line 2],56,,,,,,,,,0,0,34,22,$6,21.62,,,,,,,,,,,,,,,,,,,,,,,,,,,,,,,,,,,,,,,,,,,,,,,,,,,,,,,,,,,,,,,,,,,,,,,,,,,,,,,,,,,,,,,,,,,,,,,,,,,,,,,,,,,,,,,,,,,,,,,,,,,,,,,,,,,,,,,,,,,,,,,,,,,,,,,,,,,,,,,,,,,,,,,,,,,,,,,,,,,,,,,,,,,,,,,,,,,,,,,,,,,,,,,,,,,,,,,,,,,,,,
21 SIKKIM F122,24, [line 3],494,,,,,,,,48,16,64,382,150,532,2.62,,,,,,,,,,,,,,,,,,,,,,,,,,,,,,,,,,,,,,,,,,,,,,,,,,,,,,,,,,,,,,,,,,,,,,,,,,,,,,,,,,,,,,,,,,,,,,,,,,,,,,,,,,,,,,,,,,,,,,,,,,,,,,,,,,,,,,,,,,,,,,,,,,,,,,,,,,,,,,,,,,,,,,,,,,,,,,,,,,,,,,,,,,,,,,,,,,,,,,,,,,,,,,,,,,,,,,,,,,,,,,
21 SIKKIM F122,25,WEST BENGAL,624,,,,,,,,46,29,75,"407,",216,28,4 8,,,,,,,,,,,,73,10,83,0.66,9,6,6,4,9,13 5,"0,10,",,,,,,,,,4,0 j,2,2,2,0,2,0.02,90 15 105,0.80,8,,0,0,8,0,8,0.06,"0,00",,,,,,,,,,,,,,,,,,,,,,,,,,-,2002826=6120C—0,,,2,,a9,,,,,,,,,,,,,,,,,,78,6,1,7,74,3,77,0.62,,,,,,,,,,,,,,,,,,,,,,,,,,,,,,,,,,,,,,,,,,,,,,,,,,,,,,,,,,,0,0,,,fe),,0.00,,,,,,,,,9911,8042,2723,10765,2661,1039,3700,29.58,9,1,10,40,14,54,0.43,,,,,1501,349,,209558,894,359,1253,10.02,1720,464,142,606,1013,376,1389,10.10,,,,,,,,
21 SIKKIM F122,,WEST BENGAL [line 2],203812,,,,,,,,"372,——",217,BD,14015,6684,20699,8.730,,,,,,,,,,,,,,,,,,,,,,,,,,,,,,,1059,46,1,4A,,T9253,10820,,,,,,,,,,,,,,,,,,,,,,,,,,,,,,,,,,,,,,"8817,",69,18,87,8774,1092,866,2.90,,,,,,,,,,,,,,,,,,,,,,,,,,,,,,,,,,,,,,,,,,,,,,,,,,,,,,,,,,,,,,,,,,,,,,,,,,,,,,,,,,,18,18,12,30,12,8,20 0.01,,,,,,,,,294716,255777,58194,313971,65177,13454,78631,33.16,,,,,,,,,,,,18707,1397,440,1831,13291,5277,18568,7.83,,,,,,,,,,,,,,,,
21 SIKKIM F122,26,A& NISLANDS,30,,,,,,,,0,,,PB,a,80,23.81,,,,,,,,,,,,0,0,7,0.00,,,Oo,,,OO,0.00,,,,,,,,,,,,,,,,,7,5.60,0,Oo,,),,,0 !,0.00,,,,,,,,,,,,Oo,2,,,,,,,,,,,,,,,,,,,,,,3,0,,,1,2,3,2.38,15,0,0,,0,1,1,0.79,,0],,f°),4,,4,3.17,,,,,,,,,,,,,,,,,,,,,,,,,,,,,,,,,,0.00,,,,,,,,,,fe),Oo,,Oo,,,0.00,,,,,,,,,,,0,0,oO,,0.00,,,,,,,,,138,171,20,191,17,2,19,15.08,,,,,,,,,,,,28,ik oO,oO,0,25,3,28,22.22,5,fo),fe),0,5,fe),5,3.97,,,,,,,,
21 SIKKIM F122,27,CHANDIGARH,6,,,,,,,,Oe,,,,,2,163,,,,,,,,,,,,,,0,0.00,,,,,,,,,,,,,,,,,,OO,,OF,,OO:,0.00,4 13,3.50,0,oO,,,,0,,0.00,"0,00",,,,,,,,,,,,,,,,10,25 35 950,,,0,oO,1,oO},1,0.27,,,,,,,,,1,0,9,,1,oO,1,0.27,,,,,,,,,10,oO,,fe),10,,10,2.72,,,,,,,,,,,,,,,,,,,,,,,,,,0,Oo,,0,Oo,Oo:,,0.00,0.00,,,,,,,,,,,,,,,,,,,,,,,,,0,0,0,0,fe),fe),0.00,,,0,7 0,41 5,Oo,1,0.27,454,330,88,418,111,26,137,37.33,,,,,,,,,,,,79,Oo,oO,,61,18,79,21.53,0,0,fe),,,,),0.00,,,,,,,,
21 SIKKIM F122,28,OS8NHAVEE,,,,,,,,,,,OM,,,28,10.83,,,,,,,,,,,,,,,,,,,,,,,,,,,,,,,,,,,,,,,,,,,,,,,,,,,,,,,,,,,,,,,,,,,,,,,,,,,,,,,,,,,,,,,,,,,,,,,,,,,,,,,,,,,,,,,,,,,,,,,,,,,,,,,,,,,,,,,,,,,,,,,,,,,,,,,,,,,,,,,,,,,,,,,,,,,,,,,,,,,,,,,,,,,,,,,,,,,,,,,,,,,,,,,,,,,,,,,,,,,,,,
21 SIKKIM F122,29,OS8NHAVEE [line 2],"12,",,,,,,,,OF,0,,4,ot,42,16.67,,,,,,,,,,,,,,,,,,,,,,,,,,,,,,,,,,,,,,,,,,,,,,,,,,,,,,,,,,,,,,,,,,,,,,,,,,,,,,,,,,,,,,,,,,,,,,,,,,,,,,,,,,,,,,,,,,,,,,,,,,,,,,,,,,,,,,,,,,,,,,,,,,,,,,,,,,,,,,,,,,,,,,,,,,,,,,,,,,,,,,,,,,,,,,,,,,,,,,,,,,,,,,,,,,,,,,,,,,,,,,
21 SIKKIM F122,30,- DELHI (UT),1022,,,,,,,,#2O,0,Oo,94,,i,1.85,94,17,111,1.90,,,,,,,,2,,2,0.03,,,,,,,,200,619,,,222,,,4.53,,,,,,,,,250 54 304,5.10,,,,,,,,,,,,,,,,,,,,,,,,,,,,,,,,Oo,6,0.10,,,,,,,,,56,Oo,0,oO,47,9,56,0.94,,,,,,,,,114,0,,Oo >,114,te),114,1.90,,,,,,,,,,,,,,,,,,209,,,,128 0,87,218,8D,,1,0,1,10 !,1,Wo,0.18,,,,,,,,,,,,,,,,,,,,,,,,,,0,0,,0,,,0.00,,,,,,2,16,0.25,,,,,,,,,,oO,0,oOo,0,0,0.00,,,,,,,,,,,,,486,6,5,11,392,150,542,9.05,,,,,,,,
21 SIKKIM F122,32,PONDICHERRY i;,,,,,,,,,,0,0,,6,62,40.53,,,,,,,,,,,,,,,0.00,,,OO,,,OO,9.00,,,,,,,,,,,,,,,,0.17,51 4 55,9.30,2,0,0,oO,2,0};,2,0.34,"0,00",,,,,,,,,3,0,3,15,63,78,182,5 16 63,79 «13.40,,OO,,Oo,,,,0.00,,,,,,,,,26,0,,Oo;,21,5,26,4.41,,,0,,0,Oo.,0,0.00,121,,fo),,118,3,121,20.54,,,,,,,,,,,,,,,,,,,,,,,,,,,,,,,,,,0.00,,,,,,,,,,fe),(0),Oo.,Oo,0,,0.00,,,,,,,,,,,,om,,,0 0.00,,,,,,0,0,0.00,1032,861,234,1095,139,27,166,28.18,,0,,0,oOo,oO,"0,00",,,,,,,,0,,,0,0.00,7,0,fe),,7,0,7 j,1.19,14545,872,,2841106,,468121,589,—-100.00
21 SIKKIM F122,,(UTs),221,,,,,,,,0,,0,2020-2338,,,858,,,,,,,,,,,,,,,,,,,,,,,,,,,,,,,,,,,,,,,,,,,,,,,,,,,,,,,,,,,,,,,,,,,,,,,,,,,,,,,,,,,,,,,,,,,,,,,,,,,,,,,,,,,,,,,,,,,,,,,,,,,,,,,,,,,,,,,,,,,,,,,,,,,,,,,,,,,,,,,,,,,,,,,,,,,,,,,,,,,,,,,,,,,,,,,,,,,,,,,,,,,,,,,,,,,,,,,,,,,,,,
21 SIKKIM F122,,- TOTAL(All-india),20602,,,,,,,,372,217,589,14217,6717-20934,,HT,4607,6850,1457,8.80,,,,,,,,273,43,316,0.13,,,,,,,,,,,,,,,,1094,48,9,TF,827,2638,1090,,473,2.70,792,203,27,«230,~—|_—=«561,106,"=|) «667_—C*,",0.27,,,,,,,,,,,,,,,,,,,,,,,,,,,,,,,,,,,2571,2255,S7_—ssi282,,1860,447,2307,0.94,518,Oo,16,——tC«W6,6,503,509,0.21,,,,,,,,,2227 12937 5.30,,,,,,,,,,,,,,,,,,,,,,,,,,,,,,,,,,,,,,,,,,8194,193,110,303,5308,2811,8119,3.32,,,,,,,,,,,,,,,,,,,,,,,,,,,,,,,,,,,,,,,,,,,,,,,,,,,,,,,,,,,,,,,,,,
21 SIKKIM F122,34,AHMEDABAD [line 2],7%,,,,,,,,oOo,0,-,48,19,67 i,2.91,,,,,,,,,,,,,,,,,,,,,,,,,,,,,,,,,,,,,,,,,,,,,,,,,,,,,,,,,,,,,,,,,,,,,,,,,,,,,,,,,,,,,,,,,,,,,,,,,,,,,,,,,,,,,,,,,,,,,,,,,,,,,,,,,,,,,,,,,,,,,,,,,,,,,,,,,,,,,,,,,,,,,,,,,,,,,,,,,,,,,,,,,,,,,,,,,,,,,,,,,,,,,,,,,,,,,,,,,,,,,,
21 SIKKIM F122,35,BHOPAL,8,,,,,,,,,2,2,2 1,4,6,2.43,2,4,6,2.40,,,,,,,,,,,,,3,3,13,,,0.40,,,,,,,,,2,0,,,,,,0.81,8 8,3.20,3,2,0,2,1,0,1,0.40,"0,00",,,4,,,90,8,3.64,0,,Oo,tf,0,,"0,00",,10 13 5.30,,,,,,,,00,,,,,,,,,3,oO,0,0,3 !,0,3,1.21,4,9,,0,,4,4,1.62,2,,Oo,,2,,2},0.81,,,,,,,,,,,,,,,,,,15,4 i,30,#7,3,5,88,3.24,,,,,,,,,,,,,,,,,,0,,Oo,oO,,,OO,0.00,,,,,,,,,0,0,,0,oO,", 0",0.00,,,,,,,,,2229,2257,84,2341,158,13,171,69.23,,,OOO,OO,,,0.00,,,,,0,,OO,Oo:,0,0,oO,0.00,11,4,3,7,2,2,4,1.62,,,,,,,,
21 SIKKIM F122,36,BHOPAL [line 2],7,,,,,,,,,,1,27,5,32,4.44,,,,,,,,,,,,,,,,,,,,,,,,,,,,,,,,,,,,,,,,,,,,,,,,,,,,,,,,,,,,,,,,,,,,,,,,,,,,,,,,,,,,,,,,,,,,,,,,,,,,,,,,,,,,,,,,,,,,,,,,,,,,,,,,,,,,,,,,,,,,,,,,,,,,,,,,,,,,,,,,,,,,,,,,,,,,,,,,,,,,,,,,,,,,,,,,,,,,,,,,,,,,,,,,,,,,,,,,,,,,,,
21 SIKKIM F122,37,- CHENNAI,69,,,,,,,,,6,23,37,32,69,4.00,,,,,,,,,,,,,OO,,0.00,,,,,,,,,,,,,,,,,,,,,,,,460 17 63,3.70,,,,,,,,,0.00,,,,,,,,,,,,,,,,59 100 292,392 22.70,,OO,oO,,,OO,,0.00,5,,-,,,-,,2.38,7,4,0,4,6,to,7,0.41,,,,,,,,,,,,,,,,,,,,,,,,,,,,,,,,,,,,,,,,,,,,,,,,,,,,,,,,,,,,,,,,,,,,,,,,,,,,,,,,,,,,,,,,,,4593,3413,775,4188,599,93,692,40.12,0,,,,,OO,0.00,,,,,,,,,,,,,232,15,7,22,47,185,232,13.45,,,,,,,,
21 SIKKIM F122,38,COIMBATORE i,12,,,,,,,,,Oo,0,6,6,42,3.81,,,,,,,,,,,,,,0,0.00,,Oo,0,0,90,0,0.00,,,,,,,,,,,,,,,0.00,,3 14,4.40,7,0,0,oO,,1,1,0.32,0.00,,,,,,,,,0,,oo,8,84,42,18.838,0,88 48 14.30,,,,,,,,,,34002C~<CO,,,,80,,10.79,9,0,oO,,7,2,9,2.86,,,0,,oo,,Oo:,0.00,18,,Oo,Oo,15,,15,4.76,6 58 18.40,,,,,,,,,,,,,,,,,,0,0,oO,0,,0,0.00,,,,,,,,,,,,,,,,,,,,o.,,Oo;,0,,0.00,,,,,,,,,0,),,0,),,0 0.00,1,,0,9,,,1,0.320,1425,1017,206,1223,127,28,155,49.21,0,,OO,,OO,,0.00,,,,,,4 0,0,,4,,4,1.27.,11,0,fo),,9,2,11,3.49,,,,,,,,
21 SIKKIM F122,39,- DELHI,,,,,,,,,,,0,58,11,69,1.3200,,,,,,,,,,,,,Oo,2,0.04,,,,,,,,,,,,,,,,,,,,,,,,224 45 269,5.10,4 65,44,,44,34,4,38,0.72,0.10,,,,,,,,,,,,,,,,84 5 278 4330,711 13.60,,,,,,,,,1830,,,1,166,17,«1830,3.49,51,0,0,oO },43,8,51,0.97,,,,,,,,,100,Oo,(oe,Oo,100,fe),100,1.91,,,,,,,,,,,,,,,,,,,,,,,,,,,,,,,,,,,,,,,,,,,39,,0,,25,14,39,0.74,,,,,,,,,0,0,,,0,,0 0.00,,,,,,,,,8758,6858,916,7774,1522,217,1739,33.14,,,,,,,,,,,,09,22,2,24,235,87,322,6.14,427,6,4,10,343,141,484,9.22,,,,,,,,
21 SIKKIM F122,43,KANPUR ad,34,,,,,,,,0,oO,),,28002=<=~*~ié“‘C™SC~*‘C‘,,2.85,,,,,,,,,,,,,2,i__4,0.34,,0,,OO,,OO,0.00,,,,,,,,,,,,,,,,,,,5,Oo,0,oO,1,4,5,0.42,"0,00",,,,,,,,,,,,,,,,,,,,,,,,,,,,,,,,,,,Oo:,Oo,0,,0,fe),0.00,,,,,,,,,,,,,,,,,4 18 1.10,,,,,,,,,,,,,,,,,145,0,0,oO,“103.0~2|~s«47,,150,1259,2,5 0,0,0,2,0,207,017,2,,,,,,,,,24,,,0,15,9,24,202,,,,,,,,,0,Oo,0,0,0,,OO 0.00,,0,,,OO,,ee,0.08,726,329,59,388,424,51,475,39.88,,0,0,12,6,,as,,,,,,,,,,,,,70,fe),,),56,15,71,5.96,1411,333,67,400,848,,343i,100.00
21 SIKKIM F122,44,- KOCHI,40,,,,,,,,Oo,0,0,28,12,40,14.23,,,,,,,,,,,,,,"oF""",0.00,,0,oO,0,0,Oo,0.00,,,,,,,,,,,,,,,,,31 0 31,11.00,,,,,,,,,"0,00",,,,0,fe),6,6,2.14,,,OO,,To,12,27,0 7,20 7.10,,Oo,,,OO,,,0.00,,,,,,,,,,0,0,0,0,,,0.00,,- oO,0,0,,0,0,0.00,,,,,,,,,,,,,,,,,,,,,,,,,,,,0,0,0,0,,0.00,,,,,,,,,,,,,,,,,,3,fe),te),fe),2,1,3,1.07,,,,,,,,,0,,0,0,0,oo,OO 0.00,,,,,,,,,2501,1898,649,2547,116,29,145,51.60,0,,0,0,,,"0,00",,,,,2,Oo,,,2,,2,0.71,,,0,0,3,0,3,1.07,2636,1898,—-649,"2547,",219,Ss 2,281,100.00
21 SIKKIM F122,45,- LUCKNOW,30,,,,,,,,0,1,1,34,4,,810,,,,,,,,,,,,,,,000,,,,,,,,,,,,,,,,,,,,,,,,10 864 14,3.00,,,,,,,,,"0,00",,,,,,,,,,,2,,MD,12,2.56,,,,,,,0,,,2.35,,,,,,,,,6,0,0,oO,6,,6,"1,28",,,,,,,,,,,,,,,,,,,,,,,,,,,,,,,,,,8,,0,- oO,7,1,8,Ae,,,,,,,,,,,,,,,,,,,,,0,fe),Oo,,0.00,,,,,,,,,,,,0,oO,Oo,0 0.00,,,,,,,,,528,318,32,350,196,31,227,48.40,,OO,,,0,,".0,00",,,,,,,0,Oo:,,,,0.00,64,,0,fo),50,14,64,13.65,747,"321,",35,356,382,875,469,100.00.
21 SIKKIM F122,46,"- LUDHIANA,",1,,,,,,,,0,0,i,10,1,11,3.36,,,,,,,,,,,,,,,8.00,,,,,,ae,0.00,,,,,,,,,,,,,,©,,0.61,1 19,5.80,10,0,,,9,1,10,3.06,"0,00",,,0,fe),13,21,34,10.40,,oO,,,ae,,17.13,,,,,,,,Oo,4,1.22,,,,,,,,3.36,7,0,oO,OF,6,1,7,2.14,,,0,oO,,,oO,0.00,8,,oO,Oo,8,,8,2.45,,,,,,,,,,,,,,,,,,40,0,0,0,28,tz,40,12.2300,,,,,9,Oo,9,2.75,,,,,,,,,,,,,,,,,,,,,,,,,,,0,0,,fe),fe),0.00,,,,,,,ee,0.31,49,0,Oo,0,51,2,53,16.21,0,oj,oO,0,0,,0.00,,,,,,,,,,,,,,0,oO,,fo),0,,0.00,311,0,,O_O,237?,90,327},100.00
21 SIKKIM F122,47,- MADURAI,1,,,,,,,,4,,1,1,,1,0.83,,,,,,,,,,,,,©,©,0.00,,OO,,,,,0.00,,,,,,,,,,,,,,,,,0,0.00,,,0,0,,0,,0.00,0.00,,0.00,,,,,,,,,,,,,,,2 20 4.70,,,,,0,,0,0.00,,,OO,,,,Oo,0.00,,0,0,0,0,0,,0.00,0,,,0,0,0,oO,0.00,,,,,,,,,,,,,,,,,,,,,,,,,,0,oO,°° oO,90,0,,0,0.00,,,,,,,,,0.00,,,,,,,,,,,(0),,,fe),fe),0.00,,,,,,,,,0,0,,,,,0.00,0,OO,,,Oo,0,oOo,0.00,809,460,121,581,86,32,118,97.52,,,,,0,oO,0.00,,,,,,,,,,,,,0,,,,fe),fe),0,0.00,812,461,121,s«582,87,,34121,100.00
21 SIKKIM F122,48,© MUMBAI,,,,,,,,,,,Oo,65,226,91,1.07,,,,,,,,,,,,,©,©,0.00,130,0,13,12,6,18,0.21,,"OO,",,0,219,#37,256,3.01,,,,,,,,,,,,,,,,,,,018,,,89,99,i 65,435,500,5.88,,,4,28,,"HD,",4.02,161 402 546,948 11.10,,,Oo,,,,0,0.00,,,,,,,,,,,,,,,,,,,,,,,,,,2760-28,,,2228,30,253,2.97,161 1294 15.20,,,,,,,,,,,,,,,,,,,,,,,,,,,,,,,,,089,,,,,,,,,232,5,fe),5,177,50,227,2.67,,,,,,,,,,,,,,,0 0.00,,,,,,,,,4121,2554,668,3222,713,186,899,10.57,,0,0,1,,1,0.01,,,,,,,,,,,,,,,,,,,,,12174,2836,830,3666,5912,2596,8508,100.00
21 SIKKIM F122,49,- NAGPUR,51,,,,,,,,0,,Oo,38,6,54,4.46,,,,,,,,,,,,,,,0.00,,,,Tg,oo,,0.00,,,,,,,,,,a,,,a,,a,0.83,22 7 29,2.40,,,,,,,,,,,,,,,,,,,,,,,,,1 65 218,283 23.40,,,,,,,,,,,,,,,,,,OF,,OO,eR,,,2.15,,,,,,,,,,,,,,,,,200 9.70,,,,,,,,,,,,,,,,,2,C,,0,4,to:,2,017,4,OO,,oo!,,,0,0.00,,,,,,,,,,6,(0),,,4,2,6,0.50,,,,,,,,,0,fe),0,,0,,0.00,-,,ee,,,,,0.00,1758,1156,202,1358,211,32,243,20.08,0,oO,0,2,0,2,0.17,,,,,,,,,,,,,70,oO,=),),63,7,70,5.79,2719,1157,202,1359,847,363,1210,100.00
21 SIKKIM F122,50,PATNA.,17,,,,,,,,0,,Oo -,7,3,20,6.10,,,,,,,,,,,,,,oO,0.00,0.8,,,,,,5,,,,,,,,,,,,,,,,,8 29,8.80,,,,oOo,0,0,Oo,0.00,,,,,,,,,,,,,,,,,,,,,,,,,,,,,,,,,,,,,,,,,,,,0,,0,,0,0,0.00,,,,,,,,,,,,,,,,,,,,,,,,,,3,0,oO,-,8,8,6,488,,,,,,,,,0.00,,,,,,,,,20,,,Oo,14,6,200,6.10,,,,,,,,,0,(0),0,,0,,0.00,,,,,,,,,174,84,10,94,68,7,75,22.87,,,,,,,,,,,,,,,,,,,,10,,,Oo;,5,5,10,3.05,386,87,10,97,1899,139,328,~—«:100.00
21 SIKKIM F122,51,PATNA [line 2],136,,,,,,,,,OO,,109,27,136,912,,,,,,,,,,,,,,,,,,,,,,,,,,,,,,,,,,,,,,,,,,,,,,,,-,,,,,,,,,,,,,,,,,,,,,,,,,,,,,,,,,,,,,,,,,,,,,,,,,,,,,,,,,,,,,,,,,,,,,,,,,,,,,,,,,,,,,,,,,,,,,,,,,,,,,,,,,,,,,,,,,,,,,,,,,,,,,,,,,,,,,,,,,,,,,,,,,,,,,,,,,,,,,,,-,,,,,,,,,,,,,,,
21 SIKKIM F122,52,- SURAT,76,,,,,,,,0,0,,63,13,76,7.65,,,,,,,,,,,,,Oo,,0.00,,OO,,9,Gf,0”,0.00,129,,OO,,003,,29,1298,,,,,,,,,110 32 142,14.30,,,,,,,,,,,,,0,25,54,i,7.95,,,,,,,,64 180,234 23.50,200,0,,,,,,0.20,,,,,,,,,10,© 0,Oo,0,8,2,+10,1.01,,,,,,,,,,,,,,,,,7.00,,,,,,,,,,,,,,,,,56,0,0,0,32.0,24,6st,,,,9o-,0,0,,0,0.00.,0.00,,,,,,,,,36,0,9,1,18,18,88,862,,,,,,,,,2,0,,,,2,2 0.20,,,,,,,,,1437,1114,132,1246,164,27,191,19.22,8,Oo:,0,,,,0.00,,,,,64,5,,OF Oo:,61,3,64,6.44,34,,0,),31,3,"34,",3.42,2240,1114,132,1246,673,321,994,100.00
21 SIKKIM F122,54,- VARANASI,15,,,,,,,,,0,oO,© 12,38,18,78,,,,,,,,,,,,,©,0,0.00,,,,,,,,,,,,,,,,,,,,,,,,3 0 3,1.10,0,0,0,oi!,,0,),0.00,491,,,,0,1,3,4,1.53,,,,,,,,,,,,,,,,,,,,,,,,,,17,,oO,> of;,1,0,1,0.38,,,,,,,,,,,,,,,,,6 2.30,,,,,,,,,,,,,,,,,,,,,,,,,,,,,,,,,,,,,,,,,,,,0,,,OF,OO,"0,00",,,,,,,,,,,,,,,,,,OO,,,,,0.00,144,70,16,86,50,20,70,26.72,,0,oO,,0,,0.00,,,,,,,,,,,,,45,5,"2,",71,27,1,38,14.50,354,87,23,"110,",182,2 80,262,100.00
21 SIKKIM F122,55,- VISHAKHAPATNAM,130,,,,,,,,°° ¢,3,7 2,9,,a,287,,,,,,,,,,,,,,0,0.00,,,,,,,,2,826,,OO,7,28,,88,,,,,,,,,,,,,,,,,,,0.47,,,,,,,,,,,,,,,,,,,,,,,OO,,0.00,,,,,,,,,0,"., 0",0,,oO,0,,0.00,,,,,,,,,3,,oo},0,3°.,Oo,3 5,0.70,,,,,,,,,,,,,,,,,,5,oO,2,2,3,38,6,,,,,,,,,,,,,,,,,,,20,,0,Oo.,6,5,2],4.91,,,,,,,,,,,,,,,,,OO,,OO,0,0,°o,0.00,950,590,172,762,112,76,188,43.93,0,0,oO,0,0,oO,0.00,,,,,46,Oo,0,0,28,18,46,10.75,,,,,,,,,1170,597,181,778,256,"172,—ts—si(ts«",,100.00
,11,“6,,,,,,,,,,,,,,,,891,287,1178,18.50,,,,,,,,4,0,4,0.03,,,,,,,,,,,,,,,,,,,,,,,,,,,,,,,,,,,,,,,,,,,,,,,,,,,,,,,t,7,[oo,7,0.04,,,,,,,,,,,,,,,,,,,,,,,,,,,,,,,,,,,,,,,,,,,,,,,,,,,,,,,,,,,,,,,,,,,,,,,,,,,,,,,,,,,1517,119,90,209,844,484,1328,8.40,,,,,,,,,,,,,,,,,,,,,,,,,,,,,,,,,,,,,,,,,,,,,,,,,,,,,,,,,,
,15,i MEGHALAYA i,,,,,,,,,,,,,,,,8,2,10,4.70,,,,,,,,,,,,,,,,,,,,,,,,,,,,,,,,,,,,,,,,,,,,,,,,,,,,,,,,,,,,,,,,,,,,,,,,,,,,,,,,,,,,,,,,,,,,,,,,,,,,,,,,,,,,,,,,,,,,,,,,,,,,,,,,,,,,,,,,,,,,,,,,,,,,,,,,,,,,,,,,,,,,,,,,,,,,,,,,,,,,,,,,,,,,,,,,,,,,,,,,,,,,,,,,,,,,,,,,,,
,22,TAMILNADU -,,,,,,,,,,,,,,,,722,261,983,4.60,,,,,,,,,,,,,,,,,,,,,,,,,,,,,,,,,,,259,1.20,86,23,11,34,48,9,57,0.27,,,,25,49,167,698,865,4.02,,,,,,,,,,,,,,,,,,8526,,,829,TF,,8D,1.64,,,,,,,,,,,,,,,,,,,,,,,,,,,,,,,,,,,,,,,,,,,,,,,,,,,,,,,,,,,,,,,,,,,,,,,,,,,3345,21,7,28-2112,,1246,3358,15.60,,,,,,,,,,,,,,,,,,,,,,,,,,,,,,,,,,,,,,,,,,,,,,,,,,,,33633,8205,41838,14918,6575,21493,100.00
,25,WESTBENGAL,,,,,,,,,,,,,,,,422,224,646,5.20,,,,,,,,,,,,,,,,,,,,,,,,,,,,,,,,,,,,,,,,,,,,,,,,,,,,,,,,,,,,,341 216,291—s«S07 4.10,,,,,,,,,,,,,,,,,,,,,,,,,23,oO,oO,,,023,23,0.18,,,,,,,,,,,,,,,,,,,,,,,,,,,,,,,,,,88,35,,038,3,0,30,0.02,,,,,,,,,,,,,,,,,,1621,245,118,363,690,535,1225,9.80,,,,,,,,,,,,,4,9,0.07,,,,,,,,,,,,,,,,,,,,,,,,,,,,,,,,,,,,,9932,,354413476,"8823,",3685,12508,100.00
,28,“9,,,,,,,,,,,,,,,,,2,13,10.80,,,,,,,,,,,,,,,,,,,,,,,,,,,,,,,,,,,30 14 0 44,3.00,,,,,,,,,,,,,,,,,,,,,,,,,,,,,,,,,,,,,,,,,,,,,,,,,,,,,,,,,,,,,,,,,,,,,,,,,,,,,,,,,,,,,,,,,,,,,,,,,,,,,,,,,,,,,,,,,,,,,,,,,,,,,,,,,,,,,,,,,,,,,,,,,,,,,,,,,,,,,,,,,,,,,,,,,,,,,,,,,,,,,,
,37,CHENNAL,,,,,,,,,,,,,,,,37,"42,32",6,4.00,,,,,,,,,,,,,,,,,,,,,,,,,,,,,,,,,,,,,,,,,,,,,,,,,,,,,,21,,TB,,98,13,8.87,,,,,,,,,,,,,,,,,,,,,,,,,,,0,,,0,oOo.,0,0,0.00,,,,,,,,,,,,,,,,,,,,,,,,,,5,2,1,3,,38,,0297,,,,,,,,,,,,,,,,,,,,,,,,,,,,,,,,,,,,,,,,,,,,,,,,,,,,,,,,,,,,,,,,,,,,,,,,,,,,,,,,,,,,,,,,,,,
,53,-,,,,,,,,,,,,,,,,14,5,9,3.30,,,,,,,,,,,,,,,,,,,,,,,,,,,,,,,,,,,,,,,,,,,,,,,,,,,,,,,,,,,,,,,,,,,,,,,,,,,,,,,,,,,,,,,,,,,,,,,,,,,,,,,,,,,,,,,,,,,,,,,,,,,,,,,,,,,,,,,,,,,,,,,,,,,,,,,,,,,,,,,,,,,,,,,,,,,,,,,,,,,,,,,,,,,,,,,,,,,,,,,,,,,,,,,,,,,,,,,,,,
,8,- HIMACHAL PRADESH,9,,,,,,,,,,,,,,,,,,,oO.,0,oO,8,,8,0.65,,,,,,,,,,,,,,,,,,,,4,,,,,aa,,029,,8,,,,,,,,,,,,,,,,,,,,,,,,,29,25 54 3.90,,,,,,,,,,,,,,,,,0,,0,,0,0,,0.00,,,,,,,,,,,,,,,,,,,,,,,,,,,,,,,,,,,,,,,,,,,,,,,,,,0.00,,,,,,,,,21,,0,fe),13,8,21,1.52,102,1,3,4,65,39,104,7.50,,0,,,,,0.00,2,,0,fe),"1,",t,2 f,0.15,2008,2896,572,3468,678,141,819,59.43,,,,,0,,0.00,,,,,,,,,,,,,4,0,fe),Oo.,"0,",1,1,0.80,,,,,,,,
,,‘49 NAGPUR,24,,,,,,,,,,,,,,,,,,,,OF,8,18,,,1:98,,,,,,,,,,,,,,,,,,,,,,,,,,,,,,,,,,,,,,,,,,,,,,,,,,,,,,,,,,,,,,,,,,,,,,,,,,,,,,,,,,,,,,,,,,,,,,,,,,,,,,,,,,,,,,,,,,,,,,,,,,,,,,,,,,,,,,,,,,,,,,,,,,,,,,,,,,,,,,,,,,,,,,,,,,,,,,,,,,,,,,,,,,,,,,,,,,,,,,,,,,,,,,,,,,,
,,- Fotal (Cities),706,,,,,,,,,,,,,,,,,,,16,3,19,694,,125-719,2.34,,,,,,,,,,,,,,,,,,,,,,,,,,,,,,,,,,,,,,,,,,,,,,,,,,,,,,,,,,,,,,,,,,,,,,,,,,,,,,,,,,,,,,,,,,,,,,,,,,,,,,,,,,,,,,,,,,,,,,,,,,,,,,,,,,,,,,,,,,,,,,,,,,,,,,,,,,,,,,,,,,,,,,,,,,,,,,,,,,,,,,,,,,,,,,,,,,,,,,,,,,,,,,,,,,,
States:,,"“""7- ANDHRA PRADESH",,,,,,,,,,,,,,,,,,,,,,,,,,,25,5,30,0.15,,,,,,,,,,,,,,,,,,,,,,,,,,,,,,,,,,,,,,,,,,,,,,,,,,,,,,,,,,,,,,,,,,,,,,,,,,,,,,,,,,,,,,,,,,,,,,,,,,,,,,,,,,,,,,,,,,,,,,,,,,,,,,,,,,,,,,,,,,,,,,,,,,,,,,,,,,,,,,,,,,,,,,,,,,,,,,,,,,,,,,,,,,,,,,,,,,,,,,,,,,,,,,,
States:,,“3. ASSAM,,,,,,,,,,,,,,,,,,,,,,,,,,,1,1,12,0.68,,,,,,,,,,,,,,,,,,,,,,,,,,,,,,,,,,,,,,,,,,,,,,,,,,,,,,,,,,,,,,,,,,,,,,,,,,,,,,,,,,,,,,,,,,,,,,,,,,,,,,,,,,,,,,,,,,,,,,,,,,,,,,,,,,,,,,,,,,,,,,,,,,,,,,,,,,,,,,,,,,,,,,,,,,,,,,,,,,,,,,,,,,,,,,,,,,,,,,,,,21714477,584 7,,20611299,464,1763,100.00
States:,,“4,,,,,,,,,,,,,,,,,,,,,,,,,,,3,2,5,0.06,,,,,,,,,,,,,,,,,,,,,,,,,,,,,,,,,,,,,,,,,,,,,,,,,,,,,,,,,,,,,,,,,,,,,,,,,,,,,,,,,,,,,,,,,,,,,,,,,,,,,,,,,,,,,,,,,,,,,,,,,,,,,,,,,,,,,,,,,,,,,,,,,,,,,,,,,,,,,,,,,,,,,,,,,,,,,,,,,,,,,,,,,,,,,,,,,,,,,,,,,,,,,,,
States:,8,HIMACHALPRADESH,,,,,,,,,,,,,,,,,,,,,,,,,,,,0,,0.00,,,,,,,,,,,,,,,,,,,,,,,,,,,,,,,,,,,,,,,,,,,0,0,", Oo",16,19,35,254,,,,,,,,,,,,,,,,,,,,,,,,,,,,,,,,,,,,,,,,,,,,,,,,,,,,,,,,,,,,63,,,8H,,a,847,,,,,,,,,,,,,,,,,,,,,,,,,,,,,,,,,,,,,,,,,,,,,,,,,,,,,,,,,,,,,,,,,,,,,,,,,,,,,,,,,,,,,2561,2900,575,47H,1126,,221378,100.00
States:,,“19 PUNJAB,,,,,,,,,,,,,,,,,,,,,,,,,,,7,0,7,0.16,,,,,,,,,,,,,,,,,,,,,,,,,,,,,,,,,,,,,,,,,,,,,,,,,,,,,,,,,,,,,,,,,,,,,,,,,,,,,,,,,,,,,,,,,,,,,,,,,,,,,,,,,,,,,,,,,,,,,,,,,,,,,,,,,,,,,,,,,,,,,,,,,,,,,,,,,,,,,,,,,,,,,,,,,,,,,,,,,,,,,,,,,,,,,,,,,,,,,,,,,,,,,,,
States:,,23°. TRIPURA,,,,,,,,,,,,,,,,,,,,,,,,,,,,Oo,0,0.00,,,,,,,,,,,,,,,,,,,,,,,,,,,,),0,,,0,0.00,,,,,,,,,,,,,,,,,,,,,,,,,,,,,,,,,,,,,,,,,,,,,,,,,,,,,,,,,,,,,,,,,,,,,,,,,,,,,,,,,,,,,,,,,,,,,,,,,,,,,,,,,,,,,,,,,,,,,,,,,,,,,,,,,,,,,,,,,,,,,,),0,,0,0.00.,,,,,,,,,,,,,,,,,,,,,,,,,,,,
States:,24,", UTTARPRADESH",,,,,,,,,,,,,,,,,,,,,,,,,,,38,6,44,0.21,,,,,,,,,,,,,,,,,,,,,,,,,,,,,,,,,,054,,,,,,,,,,,,,,,,,,,,,,,,,,,,,,,,,,,,,,,,,,,,,,,,,,,,,,,,,,,,,,,,,,,,,,,,,,,,,,,,,,,,,,,,,,,,,,,,,,,,,,,,,,,,,,,,,,,,,,,,,,,73,CO,,,6,26,82,0.39,,,,,,,,,,,,,,,,,,,,,,,,,,,,,,,,,,,,27696,13791,2446,16237,16477,4605,21082,"100,00"
States:,,", TOTAL(States)",,,,,,,,,,,,,,,,,,,,,,,,,,,271,43,314,0.13,,,,,,,,,,,,,,,,,,,,,,,,5152 1074 6226,2.60,695,140,27,167,514,101,615,0.26,18,,,,,,,,,,,,,,,,1953 8124 19304,27428 11.60,,,,,,,,,,,,,,,,,2483,225,57,282,1788,431,2219,0.94,501,0,m4,4,5,489,494,0.21,2714,92,22,«114,2565,160,2725,1.15,,,,,,,,,,,,,,,,,,9498,506,—-_251,757,6123,3384,#9507,#401,,,,,,,,,,,,,,,,,,,,,,,,,,,,,,,,,,,,,,,,,,,,,,,,,,,,,,,,,,,,,,,,,,,,,,,,,,,,,,,,,,,,,,,,,,,
States:,28,0 &,,,,,,,,,,,,,,,,,,,,,,,,,,,0 1 29,Oo,0,0.00,,,,,,,,,,,,,,,,,,,,,,,,,,,,,,,,,,,,,,,,,,,,,,,,,,,,,,,,,,,,,,,,,,,,,,,,,,,,,,,,,,,,,,,,,,,,,,,,,,,,,,,,,,,,,,,,,,,,,,,,,,,,,,,,,,,,,,,,,,,,,,,,,,,,,,,,,,,,,,,,,,,,,,,,,,,,,,,,,,,,,,,,,,,,,,,,,,,,,,,,,,,,,,,
States:,,"33, AHMEDABAD",,,,,,,,,,,,,,,,,,,,,,,,,,,,,oO,0.00,,,,,,,,,,,,,,,,,,,,,,,,,,,,,,,,,,,,,,,,,,,,,,,,,,,,,,,,,,,,,,,,,,,,,,,,,,,,,,,,,,,,,,,,,,,,,,,,,,,,,,,,,,,,,,,,,,,,,,,,,,,,,0.00,,,,,,,,,,,,,,,,,,,,,,,,,,,,,,,,,,,,,,,,,,,,,,,,,,,,,,,,,,,,,,,,,,,,,,,,,,,,,,,,,,
States:,,"34, BANGALORE",,,,,,,,,,,,,,,,,,,,,,,,,,,,,i,0.00,,,,,,,,,,,,,,,,,,,,,,,,,,,,,,,,,,,,,,,,,,,,,,,,,,,,2,,,OO,2,0,1 2,0.09,,,,,,,,,,,,,,,,,,,,,,,,,,,,,,,,,,,,,,,,,,,,,,,,,,,,,,,,,,,,,,,,,,,,,,,,,,,,,,,,,,,,,,,,,,,,,,,,,,,,,,,,,,,,,,,,,,,,,,,,,,,,,0,Oo;,90,0},0,,oO,0.00,,,,,,,,,,,,,,,,
States:,,"36, CALCUTTA",,,,,,,,,,,,,,,,,,,,,,,,,,,,,i Oo,0.00,,,,,,,,,,,,,,,,,,,,,,,,,,,,,,,,,,,,,,,,,,,,,,,,,,,,,,,,,,,,,,,,,,,,,,,,,,,,,,,,,,,,,,,,,,,,,,,,,,,,,,,,,,,,,,,,,,,,,,,,,,,,,,,,,,,,,,,,,,,,,,,,,,,,,,,,,,,,,,,,,,,,,,,,,,,,,,,,,,,,,,,,,,,,,,,,,,,,,,,,,,,,,,,
States:,,Tota! (Cities),,,,,,,,,,,,,,,,,,,,,,,,,,,4,2,6,0.02,,,,,,,,,,,,,,,,,,,,,,,,,,,,,,,,,,,,,,,,,,,,,,,,,,,,,,,,,,,,,,,,,,,,,,,,,,,,,,,,,,,,,,,,,,,,,,,,,,,,,,,,,,,,,,,,,,,,,,,,,,,,,,,,,,,,,,,,,,,,,,,,,,,,,,,,,,,,,,,,,,,,,,,,,,,,,,,,,,,,,,,,,,,,,,,,,,,,,,,,,,,,,,,
States:,4,-,,,,,,,,,,,,,,,,,,,,,,,,,,,,,,,2,0,,5,75,"2,",0.14.,,,,,,,,,,,,,,,,,,,,,,,,,,,,,,,,,,,,,,,,,,,,,,,,,,,,,,,,,,,,,,,,,,,,,,,,,,,,,,,,,,,,,,,,,,,,,,,,,,,,,,,,,,,,,,,,,,,,,,,,,,,,,,,,,,,,,,,,,,,,,,,,,,,,,,,,,,,,,,,,,,,,,,,,,,,,,,,,,,,,,,,,,,,,,,,,,,,,,,,,
"8 PRADESH ) o oOo ) oO OF 0,00",,12_| MADHYA PRADESH,,,,,,,,,,,,,,,,,,,,,,,,,,,,,,,5,7,12,40K,,,BHO,,,,,,,,,,,,,,,,,,,,,,,,,,,,,,,,,,,,,,,,,,,229 959 2186,3145 10.90,,,,,,,,,,,,,,,,,,,,,,,,,,,,,,,,,,,,,,,,,,,,,,,,,,,,,,,,,,,,,,,,,,,,,,,,,,,,,,,,,,,,,,,,,,,,,,,,,,,,,,,,,,,,,,,,,,,,,,,,,,,,,,,,,,,,,,,,,,,,,,,,,,,,,,,,,,,,
"8 PRADESH ) o oOo ) oO OF 0,00",,15__!,,,,,,,,,,,,,,,,,,,,,,,,,,,,,,,,,,2,oO,2,0:93.,,,,,,,,,,,,,,,,,,,,,,,,,,,,,,,,,,,,,,,,,,,,,,,,,,,,,,,,,,,,,,,,,,,,,,,,,,,,,,,,,,,,,,,,,,,,,,,,,,,,,,,,,,,,,,,,,,,,,,,,,,,,,,,,,,,,,,,,,,,,,,,,,,,,,,,,,,,,,,,,,,,,,,,,,,,,,,,,,,,,,,,,,,,,,,,,,,,,,,,,
"8 PRADESH ) o oOo ) oO OF 0,00",,17: NAGALAND,,,,,,,,,,,,,,,,,,,,,,,,,,,,,,,,Oo,OO,,,00.00,,,,,,,,,,,,,,,,,,,,,,,,,,,,,,,,,,,,,,,,,,,,,,,,,,,,,,,,,,,,,,,,,,,,,,,,,,,,,,,,,,,,,,,,,,,,,,,,,,,,,,,,,,,,,,,,,,,,,,,,,,,,,,,,,,,,,,,,,,,,,,,,,,,,,,,,0,,0,0,0,,0.00,,,,,,,,,,,,,,,,,,,,,,,,,,,,,,,,,,,,,,,,,,,
19 PUNJAB oe BO Bb OB,22,NADU,,,,,,,,,,,,,,,,,,,,,,,,,,,,,,,296,,6,1,18,26,012,,,,,,,,,,,,,,,,,,,,,,,,,,,,,,,,,,,,,,,,,,,,,,,,,,,,,,,,,,,,,,,,,,,,,,,,,,,,,,,,,,,,,,,,,,,,,,,,,,,,,,,,,,,,,,,,,,,,,,,,,,,,,,,,,,,,,,,,,,,,,,,,,,,,,,,,,,,,,,,,,,,,,,,,,,,,,,,,,,,,,,,,,,,,,,,,,,,,,,,,
19 PUNJAB oe BO Bb OB,,398,,,,,,,,,,,,,,,,,,,,,,,,,,,,,,,"230,",579 S,3085,,238501388,377,0.16,,,,,,,,,,,,,,,,,,,,,,,,,,,,,,,,,,,,,,,,,,,,,,,,,,,,,,,,,,,,,,,,,,,,,,,,,,,,,,,,,,,,,,,,,,,,,,,,,,,,,,,,,,,,,,,,,,,,,,,,,,,,,,,,,,,,,,,,,,,,,,,,,,,,,,,,,,,,,,,,,,,,,,,,,,,,,,,,,,,,,,,,,,,,,,,,,,,,,,,,
19 PUNJAB oe BO Bb OB,28,A,,,,,,,,,,,,,,,,,,,,,,,,,,,,,,,,OO,,,200,2 La,167,,,,,,,,,,,,,,,,,,,,,,,,,,,,,,,,,,,,,,,,,,,,,,,,,,,,,,,,,,,,,,,,,,,,,,,,,,,,,,,,,,,,,,,,,,,,,,,,,,,,,,,,,,,,,,,,,,,,,,,,,,,,,,,,,,,,,,,,,,,,,,,,,,,,,,,,,,,,,,,,,,,,,,,,,,,,,,,,,,,,,,,,,,,,,,,,,,,,,,,,
19 PUNJAB oe BO Bb OB,29,A [line 2],,,,,,,,,,,,,,,,,,,,,,,,,,,,,,,,,OO,,,,0.00,,,,,,,,,,,,,,,,,,,,,,,,,,,,,,,,,,,,,,,,,,,,,,,,,,,,,,,,,,,,,,,,,,,,,,,,,,,,,,,,,,,,,,,,,,,,,,,,,,,,,,,,,,,,,,,,,,,,,,,,,,,,,,,,,,,,,,,,,,,,,,,,,,,,,,,,,,,,,,,,,,,,,,,,,,,,,,,,,,,,,,,,,,,,,,,,,,,,,,,,
19 PUNJAB oe BO Bb OB,30,(UT),,,,,,,,,,,,,,,,,,,,,,,,,,,,,,,,,-,,,,,,,,,,,,,,,,,2,,,,,,,,,,,,,,,,,,,,,,,,,,,,,,,,,,,,,,,,,,,,,,,,,,,,,,,,,,,,,,,,,,,,,,,,,,,,,,,,,,,,,,,,,,,,,,,,,,,,,,,,,,,,,,,,,,,,,,,,,,,,,,,,,,,,,,,,,,,,,,,,,9909,7703,992,8695,1784,247,2031,33.93,,,,,,,,,,,,,,,,,,,,,,,,,,,,,,,,,,,
19 PUNJAB oe BO Bb OB,,3.1_| LAKSHADWEEP,,,,,,,,,,,,,,,,,,,,,,,,,,,,,,,,,,,,ee,0.00,,,,,,,,,,,,,,,,,,,,,,,,,,,,,,,,,,,,,,,,,,,,,,,,,,,,,,,,,,,,,,,,,,,,,,,,,,,,,,,,,,,,,,,,,,,,,,,,,,,,,,,,,,,,,,,,,,,,,,,,,,,,,,,,,,,,,,,,,,,,,,,,,,,,,,,,,,,,,,,,,,,,,,,,,,,,,,,,,,,,,,,,,,,,,,,,,,,,,,,,
19 PUNJAB oe BO Bb OB,,Tota(UTs),,,,,,,,,,,,,,,,,,,,,,,,,,,,,,,,1,8,,,,0.11,,,,,,,,,,,,,,,,,,,,,,,,,,,,,,,,,,,,,,,,,,,,,,,,,,,,,,,,,,,,,,,,,,,,,,,,,,,,,,,,,,,,,,,,,,,,,,,,,,,,,,,,,,,,,,,,,,,,,,,,,,,,,,,,,,,,,,,,,,,,,,,,,,,,,,,,,,,,,,,,,,,,,,,,,,,,,,,,,,,,,,,,,,,,,,,,,,,,,,,,
19 PUNJAB oe BO Bb OB,,406,,,,,,,,,,,,,,,,,,,,,,,,,,,,,,,237,80,837,2360,145,381,016,,,,,,,,,,,,,,,,,,,,,,,,,,,,,,,,,,,,,,,,,,,,,,,,,,,,,,,,,,,,,,,,,,,,,,,,,,,,,,,,,,,,,,,,,,,,,,,,,,,,,,,,,,,,,,,,,,,,,,,,,,,,,,,,,,,,,,,,,,,,,,,,,,,,,,,,,,,,,,,,,,,,,,,,,,,,,,,,,,,,,,,,,,,,,,,,,,,,,,,,
19 PUNJAB oe BO Bb OB,,"33,",,,,,,,,,,,,,,,,,,,,,,,,,,,,,,,,- Oo,0,0,oOo,0,0.00,,,,,,,,,,,,,,,,,,,,,,,,,,,,,,,,,,,,,,,,,,,,,,,,,,,,,,,,,,,,,,,,,,,,,,,,,,,,,,,,,,,,,,,,,,,,,,,,,,,,,,,,,,,,,,,,,,,,,,,,,,,,,,,,,,,,,,,,,,,,,,,,,,,,,,,,,,,,,,,,,,,,,,,,,,,,,,,,,,,,,,,,,,,,,,,,,,,,,,,,
34 BANGALORE 0:00,36,CALCUTTA.,,,,,,,,,,,,,,,,,,,,,,,,,,,,,,,,,oo,(Oo -,oOo,0,0.00,,,,,,,,,2,,oO.,,,0,2,0.28,27 3 30,4.20,,0,fe),fe),0,,,0.00,"0,00",,,,,,,,,,,,,,,,,,4,,OO,,8,,4,0.56,15,,8,1,14,1,16 ©,208,1,,oO,,1,,1,0.14,,o.,,0,0,,oO,0.00,400,22,Oo,2 5,18,Oo,is i,2.50,340 4.70,,,,,,,,,,,,,,,,,2,,,8,200,,,20.28,,0,0,0,3,0,3,0.42,,,,,,,,,,9,fe),,,5,4,9,1.25,,,,,,,,,,),),0,,,0 0.00,,Or,,,,,,0.00,1882,1331,303,1634,397,67,464,64.44,0,,OOO,,,OO,000,,,,,,,0,,0,0,Oo,0.00,92,70,1,71,67,29,96,13.33,,20131406,,80717138,884,186,"720,",100.00
34 BANGALORE 0:00,37,-,,,,,,,,,,,,,,,,,,,,,,,,,,,,,,,,"9,",", 09",0 2,oO,,0.00,,,,,,,,,,OOO,,,,,,0.00,,,,,,,,,,,,,,,,,,,,,,,,,,,,,,,,,,,,,,,,,,,,,,,,,,,,,,,,,,,,,,,,,,,,,,,,,,,,,,,,,,,,,,,,,,,,,,,,,,,,,,,,,,,,,,,,,,,,,,,,,,,,,,,,,,,,,,,,,,,,,,,,,,,,,,,,,,,,,,,,,,,,,,,,,,,,,,,,,,,,,,,,
45 LUCKNOW ie ee ee,,51__. PUNE,,,,,,,,,,,,,,,,,,,,,,,,,,,,,,,,,,Ss,Vo,2,018,,,,,,,,,,BO,,,88,,TK,3.69,,,,,,,,,,,,,,,,,,,,,,,,,,,,,,,,,,,,,,,,,,,,,,,,,,,,,,,,,,,,,,,,,,,,,,,,,,,,,,,,,,,,,,,,,,,,,,,,,,,,,,,,,,,,,,,,,,,,,,,,,,,,,,,,,,,,,,,,,,,,,,,,,,,,,,,,,,,,,,,,,,,,,,,,,,,,,,,,,,,,,,,,
45 LUCKNOW ie ee ee,,53; VADODARA,,,,,,,,,,,,,,,,,,,,,,,,,,,,,,,,,,,,OO,0.00,,,,,,,,,,,,,,,,,,,,,,,,,,,,,,,,,,,,,,,,,,,,,,,,,,,,,,,,,,,,,,,,,,,,,,,,,,,,,,,,,,,,,,,,,,,,,,,,,,,,,,,,,,,,,,,,,,,,,,,,,,,,,,,,,,,,,,,,,,,,,,,,,,,,,,,,,,,,,,,,,,,,,,,,,,,,,,,,,,,,,,,,,,,,,,,,,,,,,,,,
45 LUCKNOW ie ee ee,,54_. VARANASI,,,,,,,,,,,,,,,,,,,,,,,,,,,,,,,,,,08,,,ee,,,,,,,,,,,,,,,,,,,,,,,,,,,,,,,,,,,,,,,,,,,,,,,,,,,,,,,,,,,,,,,,,,,,,,,0,,a,ee,ee,0.00,,,,,,,,,,,,,,,,,,,,,,,,,,,,,,,,,,,,,,,,,,,,,,,,,,,,,,,,,,,,,,,,,,,,,,,,,,,,,,,,,,,,,,,,,,,,,,,,,,,,,,,,,,,,,,,,,,,,,,,,,,,,
45 LUCKNOW ie ee ee,,55_: VISHAKHAPATNAM Oo TOTAL (Cities),,,,,,,,,,,,,,,,,,,,,,,,,,,,,,,+22,5,27,21,12,330,0.11,,,,,,,,,,,,,,,,,,,,,,,,,,,,,,,,,,,,,,,,,,,,,,,,,,,,,,,,,,,,,,,,,,,,,,,,,,,,,,,,,,,,,,,,,,,,,,,,,,,,,,,,,,,,,,,,,,,,,,,,,,,,,,,,,,,,,,,,,,,,,,,,,,,,,,,,,,,,,,,,,,,,,,,,,,,,,,,,,,,,,,,,,,,,,,,,,,,,,,,,
,9,& KASHMIR -,,,,,,,,,,,,,,,,,,,,,,,,,,,,,,,,,,,,,,410,,,,Oa,,,290,,,,,,,,,,,,,,,,,,,,,,,,,,,,,,,,,,,,,,,,,,,,,,,,,,,,,,,,,,,,,,,,,,,,,,,,,,,,,,,,,,,,,,,,,,,,,,,,,,,,,,,,,,,,,,,,,,,,,,,,,,,,,,,,,,,,,,,,,,,,,,,,,,,,,,,,,,,,,,,,,,,,,,,,,,,,,,,,,,,,,,,,,,,,,,,,
,18,,,,,,,,,,,,,,,,,,,,,,,,,,,,,,,,,,,,,,,24,#46,0,6,230,61,291,§.02,,,,,,,,,,,,,,,,,,,,,,,,,,,,,,,,,,,,,,,,,,,,,,,,,,,,,,,,,,,,,,,,,,,,,,,,,,,,,,,,,,,,,,,,,,,,,,,,,,,,,,,,,,,,,,,,,,,,,,,,,,,,,,,,,,,,,,,,,,,,,,,,,,,,,,,,,,,,,,,,,,,,,,,,,,,,,,,,,,,,,,,,,,,,,,,,
23. TRIPURA Oo} OF OF OO o oO - 0.00,26,-,,,,,,,,,,,,,,,,,,,,,,,,,,,,,,,,,,,,,,,,,,,,,,,4,OO,,Oo,a,,3.17,,,,,,,,,,,,,,,,,,,,,,,,,,,,,,,"oO,",9,1 Oo,0,0,0.00,,,,,,,,,,,,,,,,,,,,,,,,,,,,,,,,,,,,,,,,,,,,,,,,,,,,,,,,,,0,,OOO,,,o_o,jo,"0,00",,,,,,,,,,,,,,,,,,,,,,,,,,,,,,,,,,oo,oO,9,0,9,0,0.00,,,,,,,,,,,,,,,,,,,,,,,,,,,,,,,,,,,,,,,,,,,
23. TRIPURA Oo} OF OF OO o oO - 0.00,28,&NHAVELI,,,,,,,,,,,,,,,,,,,,,,,,,,,,,,,,,,,,,,,,,,,,,,,,,OO,,Oo,,0.00,,,,,,,,,,,,,,,,,,,,,,,,,,,,,,,,,,,,,,,,,,,,,,,,,,,,,,,,,,,,,,,,,,,,,,,,,,,,,,,,,,,,,,,,,,,,,,,,,,,,,,,,,,,,,,,,,,,,,,,,,,,,,,,,,,,,,,,,,,,,,,,,,,,,,,,,,,,,,,,,,,,,,,,,,,,,,,,,,,,,,,,,
23. TRIPURA Oo} OF OF OO o oO - 0.00,39,eB,,,,,,,,,,,,,,,,,,,,,,,,,,,,,,,,,,,,,,,,,,,,,,,,OO,2,,a,8,07,,,,,,,,,,,,,,,,,,,,,,,,,,,,,,,,,,,,,,,,,,,,,,,,,,,,,,,,,,,,,,,,,,,,,,,,,,,,,,,,,,,,,,,,,,,,,,,,,,,,,,,,,,,,,,,,,,,,,,,,,,,,,,,,,,,,,,,,,,,,,,,,,,,,,,,,,,,,,,,,,,,,,,,,,,,,,,,,,,,,,,,,
23. TRIPURA Oo} OF OF OO o oO - 0.00,,AZ,,,,,,,,,,,,,,,,,,,,,,,,,,,,,,,,,,,,,,,,,,,,,,,OOO,,,,,0,0.00,,,,,,,,,,,,,,,,,,,,,,,,,,,,,,,,,,,,,,,,,,,,,,,,,,,,,,,,,,,,,,,,,,,,,,,,,,,,,,,,,,,,,,,,,,,,,,,,,,,,,,,,,,,,,,,,,,,,,,,,,,,,,,,,,,,,,,,,,,,,,,,,,,,,,,,,,,,,,,,,,,,,,,,,,,,,,,,,,,,,,,,,
a,47,- LUDHIANA [line 2],,,,,,,,,,,,,,,,,,,,,,,,,,,,,,,,,,,,,,,,,,,,,,,,,OO,8,,9,0.00.,,,-,,,,,,,,,,,,,,,,,,,,,,,,,,,,,,,,,,,,,,,,,,,,,,,,,,,,,,,,,,,,,,,,,,,,,,,,,,,,,,,,,,,,,,,,,,,,,,,,,,,,,,,,,,,,,,,,,,,,,,,,,,,,,,,,,,,,,,,,,,,,,,,,,,,,,,,,,,,,,,,,,,,,,,,,,,,,,,,,,,,,,
a,48,- LUDHIANA [line 3],,,,,,,,,,,,,,,,,,,,,,,,,,,,,,,,,,,,,,,,,,,,,,188,,,oo,99,39,138,162,,,,,,,,,,,,,,,,,,,,,,,,,,,,,,,,,,,,,,,,,,,,,,,,,,,,,,,,,,,,,,,,,,,,,,,,,,,,,,,,,,,,,,,,,,,,,,,,,,,,,,,,,,,,,,,,,,,,,,,,,,,,,,,,,,,,,,,,,,,,,,,,,,,,,,,,,,,,,,,,,,,,,,,,,,,,,,,,,,,,,,,,
a,50,NAGPUR [line 2],,,,,,,,,,,,,,,,,,,,,,,,,,,,,,,,,,,,,,,,,,,,,,,,,,,,9,0.00,,,,,,,,,,,,,,,,,,,,,,,,,,,,,,,,,,,,,,,,,,,,,,,,,,,,,,,,,,,,,,,,,,,,,,,,,,,,,,,,,,,,,,,,,,,,,,,,,,,,,,,,,,,,,,,,,,,,,,,,,,,,,,,,,,,,,,,,,,,,,,,,,,,,,,,,,,,,"0,00",,,,,,,,,,,,,,,,,,,,,,,,,,,,
a,82,OB,,,,,,,,,,,,,,,,,,,,,,,,,,,,,,,,,,,,,,,,,,,,,,,,,,,6,18,81,,,,,,,,,,,,,,,,,,,,,,,,,,,,,,,,,,,,,,,,,,,,,,,,,,,,,,,,,,,,,,,,,,,,,,,,,,,,,,,,,,,,,,,,,,,,,,,,,,,,,,,,,,,,,,,,,,,,,,,,,,,,,,,,,,,,,,,,,,,,,,,,,,,,,,,,,,,,,,,,,,,,,,,,,,,,,,,,,,,,,,,,
a,,“53 -,,,,,,,,,,,,,,,,,,,,,,,,,,,,,,,,,,,,,,,,,,,,,,,,,,,,Oo,0.00,,,0,,0,,} 0,,,0.00,,,,,,,,,,,,,,,,,,,,,,,,,,,,,,,,,,,,,,,,,,,,,,,,,,,,,,,,,,,,,,,,,,,,,,,,,,,,,,,,,,,,,,,,,,,,,,,,,,,,,,,,,,,,,,,,,,,,,,,,,,,,,,,,,,,,,,,,,,,,,,,,,,,,,,,,,,,,,,,,,,,,,,,,,,,,,,
a,54,"53, [line 2]",,,,,,,,,,,,,,,,,,,,,,,,,,,,,,,,,,,,,,,,,,,,,,,,,oO,"71,",0,1,0.38,,,,,,,,,,,,,,,,,,,,,,,,,,,,,,,,,,,,,,,,,,,,,,,,,,,,,,,,,,,,,,,,,,,,,,,,,,,,,,,,,,,,,,,,,,,,,,,,,,,,,,,,,,,,,,,,,,,,,,,,,,,,,,,,,,,,,,,,,,,,,,,,,,,,,,,,,,,,,,,,,,,,,,,,,,,,,,,,,,,,,,,,
ASSAM,6,Bay,,,,,,,,,,,,,,,,,,,,,,,,,,,,,,,,,,,,,,,,,,,,,,,,,,,,,,188 815,5.20,,,,,,,,,,,,,,,,,,,,,,,,,,,,,,,,,,,,,,,,,,,,,,,,,,,,,,,,,,,,,,,,,,,,,,,,,,,,,,,,,,,,,,,,,,,,,,,,,,,,,,,,,,,,,,,,,,,,,,,,,,,,,,,,,,,,,,,,,,,,,,,,,,,,,,,,,,,,,,,,,,,,,,,,,,,,,,,,,,,,,,
ASSAM,7,424,,,,,,,,,,,,,,,,,,,,,,,,,,,,,,,,,,,,,,,,,,,,,,,,,,,,,,104928,2.00,,,,,,,,,,,,,,,,,,,,,,,,,,,,,,,,,,,,,,,,,,,,,,,,,,,,,,,,,,,,,,,,,,,,,,,,,,,,,,,,,,,,,,,,,,,,,,,,,,,,,,,,,,,,,,,,,,,,,,,,,,,,,,,,,,,,,,,,,,,,,,,,,,,,,,,,,,,,,,,,,,,,,,,,,,,,,,,,,,,,,,
ASSAM,16,9,,,,,,,,,,,,,,,,,,,,,,,,,,,,,,,,,,,,,,,,,,,,,,,,,,,,,,8 8,10.10,,,,,,,,,,,,,,,,,,,,,,,,,,,,,,,,,,,,,,,,,,,,,,,,,,,,,,,,,,,,,,,,,,,,,,,,,,,,,,,,,,,,,,,,,,,,,,,,,,,,,,,,,,,,,,,,,,,,,,,,,,,,,,,,,,,,,,,,,,,,,,,,,,,,,,,,,,,,,,,,,,,,,,,,,,,,,,,,,,,,,,
ASSAM,,NAGALAND [line 2],,,,,,,,,,,,,,,,,,,,,,,,,,,,,,,,,,,,,,,,,,,,,,,,,,,,,,,-,,,,,,,,,,,,,,,,,,,,,,,,,,,,,,,,,,,,,,,,,,,,,,,,,,,,,,,,,,,,,,,,,,,,,,,,,,,,,,,,,,,,,,,,,,,,,,,,,,,,,,,,,,,,,,,,,,,,,,,,,,,,,,,,,,,,,,,,,,,,,,,,,,,,,,,,,,,,,,,,,,,,,,,,,,,,,,,,,,,,,,
ASSAM,,TOTAL{States) [line 2],,,,,,,,,,,,,,,,,,,,,,,,,,,,,,,,,,,,,,,,,,,,,,,,,,,,,,,-,,,,,,,,,,,,,,,,,,,,,,,,,,,,,,,,,,,,,,,,,,,,,,,,,,,,,,,,,,,,,,,,,,,,,,,,,,,,,,,,,,,,,,,,,,,,,,,,,,,,,,,,,,,,,,,,,,,,,,,,,,,,,,,,,,,,,,,,,,,,,,,,,,,,,,,,,,,,,,,,,,,,,,,,,,,,,,,,,,,,,,
ASSAM,,Union Territories:,,,,,,,,,,,,,,,,,,,,,,,,,,,,,,,,,,,,,,,,,,,,,,,,,,,,,,,-,,,,,,,,,,,,,,,,,,,,,,,,,,,,,,,,,,,,,,,,,,,,,,,,,,,,,,,,,,,,,,,,,,,,,,,,,,,,,,,,,,,,,,,,,,,,,,,,,,,,,,,,,,,,,,,,,,,,,,,,,,,,,,,,,,,,,,,,,,,,,,,,,,,,,,,,,,,,,,,,,,,,,,,,,,,,,,,,,,,,,,
ASSAM,28,2,,,,,,,,,,,,,,,,,,,,,,,,,,,,,,,,,,,,,,,,,,,,,,,,,,,,,,2 2,1.70,,,,,,,,,,,,,,,,,,,,,,,,,,,,,,,,,,,,,,,,,,,,,,,,,,,,,,,,,,,,,,,,,,,,,,,,,,,,,,,,,,,,,,,,,,,,,,,,,,,,,,,,,,,,,,,,,,,,,,,,,,,,,,,,,,,,,,,,,,,,,,,,,,,,,,,,,,,,,,,,,,,,,,,,,,,,,,,,,,,,,,
ASSAM,33,104,,,,,,,,,,,,,,,,,,,,,,,,,,,,,,,,,,,,,,,,,,,,,,,,,,,,,,79 2 104,10.30,,,,,,,,,,,,,,,,,,,,,,,,,,,,,,,,,,,,,,,,,,,,,,,,,,,,,,,,,,,,,,,,,,,,,,,,,,,,,,,,,,,,,,,,,,,,,,,,,,,,,,,,,,,,,,,,,,,,,,,,,,,,,,,,,,,,,,,,,,,,,,,,,,,,,,,,,,,,,,,,,,,,,,,,,,,,,,,,,,,,,,
ASSAM,,43.),,,,,,,,,,,,,,,,,,,,,,,,,,,,,,,,,,,,,,,,,,,,,,,,,,,,,,24 12 36,3.00,,,,,,,,,,,,,,,,,,,,,,,,,,,,,,,,,,,,,,,,,,,,,,,,,,,,,,,,,,,,,,,,,,,,,,,,,,,,,,,,,,,,,,,,,,,,,,,,,,,,,,,,,,,,,,,,,,,,,,,,,,,,,,,,,,,,,,,,,,,,,,,,,,,,,,,,,,,,,,,,,,,,,,,,,,,,,,,,,,,,,,
ASSAM,48,MUMBA! I,,,,,,,,,,,,,,,,,,,,,,,,,,,,,,,,,,,,,,,,,,,,,,,,,,,,,,318 394,4.60,,,,,,,,,,,,,,,,,,,,,,,,,,,,,,,,,,,,,,,,,,,,,,,,,,,,,,,,,,,,,,,,,,,,,,,,,,,,,,,,,,,,,,,,,,,,,,,,,,,,,,,,,,,,,,,,,,,,,,,,,,,,,,,,,,,,,,,,,,,,,,,,,,,,,,,,,,,,,,,,,,,,,,,,,,,,,,,,,,,,,,
ASSAM,51,- PUNE,,,,,,,,,,,,,,,,,,,,,,,,,,,,,,,,,,,,,,,,,,,,,,,,,,,,,,104 24 128,8.60,3,0,0,,3,},3,0.20,0.00,,,,,,,,,,,,,,,,,,,,,,OO,,,0.00,,,,,,,,,6,,OO,,,10,8G,3.76,2,,0,0,,2,2 5,0.13,130,0,0,0,130,0,13,0.87,65 386 25.90,,,,,,,,,,,,,,,,,7,,0,oO,7,4,,0.07,,,,,,,,,,,,,,,,,,4,0,0,oO,2,2,,0.27,,,,,,,,,,0,,Oo,0,,0.00,,,,,,O_O,,0.00,323,71,23,94,301,44,345,23.14,,,,,"oO,",0},0.00,,,,,,,oO.,,39,14,53,3.55,0,0,0,0,0,0,0,0.00,1469,88,31,119,1005,486,1491,100.00
ASSAM,55,-,,,,,,,,,,,,,,,,,,,,,,,,,,,,,,,,,,,,,,,,,,,,,,,,,,,,,,23 2 25,5.80,,,,,,,,,,,,,,,,,,,,,,,,3.74,,,,,,,,,,,,,,,,,,,,,,,,,,,,,,,,,,,,,,,,,,,2 6 3.70,,,,,,,,,,,,,,,,,,,,,,,,,,,,,,,,,,,,,,,,,,,,,,,,,,,,,,,,,,0,,oO,0,0,0,0.00,,,,,,,,,,,,,,,,,,,,,,,,,,,,,,,,,,,,,,,,,,,,,,,,,,,
,,1___ANDHRA PRADESH,,,,,,,,,,,,,,,,,,,,,,,,,,,,,,,,,,,,,,,,,,,,,,,,,,,,,,,,41,18,30,21,38,9,47,0.24,,,,,,,,,,,,,,,,,390 743 2143,2886 14.50,,,,,,,,,,,,,,,,,,,,,,,,,,,,,,,,,,,,,,,,,,,,,,,,,,,,,,,,,,-,"390127,",63,190,269,127,96,998,,,,,,,,,,,,,,,,,,,,,,,,,,,,,,,,,,,,,,,,,,,,,,,,,,,,,,,,,,,,,,,,,,,,,,,,,,,,,,,,,,,,,,,,,,,
,,4A,,,,,,,,,,,,,,,,,,,,,,,,,,,,,,,,,,,,,,,,,,,,,,,,,,,,,,,,,3,0,3,12,4,16,0.19,,,,,,,,,,,,,,,,,,,,,,,,,,,,,,,,,,,,,,,,,,,,,,,,,,,,,,,,,,,,,,,,,,,,,,,,,,,,,,,,,,,,,,,,,,,,,,,,,,,,,,,,,,,,,,,,,,,,,,,,,,,,,,,,,,,,,,,,,,,,,,,,,,,,,,,,,,,,,,,,,,,,,,,,,,,,,,
,,HARYANA [line 2] “3 te,,,,,,,,,,,,,,,,,,,,,,,,,,,,,,,,,,,,,,,,,,,,,,,,,,,,,,,,,,,-,,,,,,,,,,,,,,,,,,,,,,,,,,,,,,,,,,,,,,,,,,,,,,,,,,,,,,,,,,,,,,,,,,,,,,,,,,,,,,,,,,,,,,,,,,,,,,,,,,,,,,,,,,,,,,,,,,,,,,,,,,,,,,,,,,,,,,,,,,,,,,,,,,,,,,,,,,,,,,,,,,,,,,,,,,,,,,,,,,
,10,JAMMU & KASHMIR [line 2],,,,,,,,,,,,,,,,,,,,,,,,,,,,,,,,,,,,,,,,,,,,,,,,,,,,,,,,,2,,,010,,2-12,0.09 ©,,,,,,,,,,,,,,,,,,,,,,,,,,,,,,,,,,,,,,,,,,,,,,,,,,,,,,,,,,,,,,,,,,,,,,,,,,,,,,,,,,,,,,,,,,,,,,,,,,,,,,,,,,,,,,,,,,,,,,,,,,,,,,,,,,,,,,,,,,,,,,,,,,,,,,,,,,,,,,,,,,,,,,,,,,,,,,
,17,sum,,,,,,,,,,,,,,,,,,,,,,,,,,,,,,,,,,,,,,,,,,,,,,,,,,,,,,,,,0,0,oO,,,,0.00,,,,,,,,,,,,,,,,,,,,,,,,,,,,,,,,,,,,,,,,,,,,,,,,,,,,,,,,,,,,,,,,,,,,,,,,,,,,,,,,,,,,,,,,,,,,,,,,,,,,,,,,,,,,,,,,,,,,,,,,,,,,,,,,,,,,,,,,,,,,,,,,,,,,,,,,,,,,,,,,,,,,,,,,,,,,,,
,,"20, RAJASTHAN",,,,,,,,,,,,,,,,,,,,,,,,,,,,,,,,,,,,,,,,,,,,,,,,,,,,,,,,33,1,,1,32,,32,0.23,,,,,,,,,,,,,,,,,,,,,,,,,,,,,,,,,,,,,,,,,,,,,,,,,,,,,,,,,,,,,,,,,,,,,,,,,,,,,,,,,,,,,,,,,,,,,,,,,,,,,,,,,,,,,,,,,,,,,,,,,,,,,,,,,,,,,,,,,,,,,,,,,,,,,,,,,,,,,,,,,,,,,,,,,,,,,,
Union Territories:,28,D&NHAVEE,,,,,,,,,,,,,,,,,,,,,,,,,,,,,,,,,,,,,,,,,,,,,,,,,,,,,,,,1,OO,,,1,1,2,1.67,,,,,,,,,,,,,,,,,,,,,,,,,,,,,,,,,,,,,,,,,,,,,,,,,,,,,,,,,,,,,,,,,,,,,,,,,,,,,,,,,,,,,,,,,,,,,,,,,,,,,,,,,,,,,,,,,,,,,,,,,,,,,,,,,,,,,,,,,,,,,,,,,,,,,,,,,,,,,,,,,,,,,,,,,,,,,,
Union Territories:,29,DAMAN&ODIU,,,,,,,,,,,,,,,,,,,,,,,,,,,,,,,,,,,,,,,,,,,,,,,,,,,,,,,,2,,0,,2,0,2,2.78,,,,,,,,,,,,,,,,,,,,,,,,,,,,,,,,,,,,,,,,,,,,,,,,,,,,,,,,,,,,,,,,,,,,,,,,,,,,,,,,,,,,,,,,,,,,,,,,,,,,,,,,,,,,,,,,,,,,,,,,,,,,,,,,,,,,,,,,,,,,,,,,,,,,,,,,,,,,,,,,,,,,,,,,,,,,,,
Union Territories:,30,DELHI (UT) a,,,,,,,,,,,,,,,,,,,,,,,,,,,,,,,,,,,,,,,,,,,,,,,,,,,,,,,,92,63,0,63,42,4,46,0.77,,,,,,,,,,,,,,,,,,,,,,,,,,,,,,,,,,,,,,,,,,,,,,,,,,,,,,,,,,,,,,,,,,,,,,,,,,,,,,,,,,,,,,,,,,,,,,,,,,,,,,,,,,,,,,,,,,,,,,,,,,,,,,,,,,,,,,,,,,,,,,,,,,,,,,,,,,,,,,,,,,,,,,,,,,,,,,
Union Territories:,,“31 LAKSHADWEEP,,,,,,,,,,,,,,,,,,,,,,,,,,,,,,,,,,,,,,,,,,,,,,,,,,,,,,,,,),0,oO,,0,,0.00,,,,,,,,,,,,,,,,,,,,,,,,,,,,,,,,,,,,,,,,,,,,,,,,,,,,,,,,,,,,,,,,,,,,,,,,,,,,,,,,,,,,,,,,,,,,,,,,,,,,,,,,,,,,,,,,,,,,,,,,,,,,,,,,,,,,,,,,,,,,,,,,,,,,,,,,,,,,,,,,,,,,,,,,,,,,,,
Cities:,37,i,,,,,,,,,,,,,,,,,,,,,,,,,,,,,,,,,,,,,,,,,,,,,,,,,,,,,,,,0,!,),,,,,0.00,,,,,,,,,,,,,,,,,,,,,,,,,,,,,,,,,,,,,,,,,,,,,,,,,,,,,,,,,,,,,,,,,,,,,,,,,,,,,,,,,,,,,,,,,,,,,,,,,,,,,,,,,,,,,,,,,,,,,,,,,,,,,,,,,,,,,,,,,,,,,,,,,,,,,,,,,,,,,,,,,,,,,,,,,,,,,,
Cities:,,44°,,,,,,,,,,,,,,,,,,,,,,,,,,,,,,,,,,,,,,,,,,,,,,,,,,,,,,,,,0,,0,,0,,0.00,,,,,,,,,,,,,,,,,,,,,,,,,,,,,,,,,,,,,,,,,,,,,,,,,,,,,,,,,,,,,,,,,,,,,,,,,,,,,,,,,,,,4,7 0,Oo,,Oo,,,"0,00",,,,,,,,,,,,,,,,,,,,,,,,,,,,,,,,,,,,,,,,,,,,,,,,,,,,,,,,,,,,,,,,,,,,,,,,,,,,,,,,,,,
Cities:,,“45. LUCKNOW,,,,,,,,,,,,,,,,,,,,,,,,,,,,,,,,,,,,,,,,,,,,,,,,,,,,,,,,,0,0,oO,1,07,1,0.21,,,,,,,,,,,,,,,,,,,,,,,,,,,,,,,,,,,,,,,,,,,,,,,,,,,,,,,,,,,,,,,,,,,,,,,,,,,,,,,,,,,,,,,,,,,,,,,,,,,,,,,,,,,,,,,,,,,,,,,,,,,,,,,,,,,,,,,,,,,,,,,,,,,,,,,,,,,,,,,,,,,,,,,,,,,,,,
Cities:,,“48,,,,,,,,,,,,,,,,,,,,,,,,,,,,,,,,,,,,,,,,,,,,,,,,,,,,,,,,93,8 §=—636,0,36,35,22,57,0.67,,,,,,,,,,,,,,,,,,,,,,,,,,,,,,,,,,,,47828,,8K,86,6,ABQ,8,,,,,,,,,,,,,,,,,,,,,,,,,,,,,,,,,,,,,,,,,,,,,,,,,,,,,,,,,,,,,,,,,,,,,,,,,,,,,,,,,,,,,,,,,,,,,,,,,,,,,,,,,,,,,,,,,,,,,,,,,,,,,,,,,,,,
Cities:,49,i,,,,,,,,,,,,,,,,,,,,,,,,,,,,,,,,,,,,,,,,,,,,,,,,,,,,,,,,5,Oo,0,,§,,5,0.41,,,,,,,,,,,,,,,,,,,,,,,,,,,,,,,,,,,,,,,,,,,,,,,,,,,,,,,,,,,,,,,,,,,,,,,,,,,,,,,,,,,,,,,,,,,,,,,,,,,,,,,,,,,,,,,,,,,,,,,,,,,,,,,,,,,,,,,,,,,,,,,,,,,,,,,,,,,,,,,,,,,,,,,,,,,,,,
Cities:,52,PUNE [line 2],,,,,,,,,,,,,,,,,,,,,,,,,,,,,,,,,,,,,,,,,,,,,,,,,,,,,,,,,3 +O,0,oOo,38,,3,0.30,,,,,,,,,,,,,,,,,,,,,,,,,,,,,,,,,,,,,,,,,,,,,,,,,,,,,,,,,,,,,,,,,,,,,,,,,,,,,,,,,,,,,,,,,,,,,,,,,,,,,,,,,,,,,,,,,,,,,,,,,,,,,,,,,,,,,,,,,,,,,,,,,,,,,,,,,,,,,,,,,,,,,,,,,,,,,,
Cities:,,“55 VISHAKHAPATNAM,,,,,,,,,,,,,,,,,,,,,,,,,,,,,,,,,,,,,,,,,,,,,,,,,,,,,,,,6,oO,0,oo.,6,,6,1.40,,,,,,,,,,,,,,,,,,,,,,,,,,,,,,,,,,,,,,,,,,,,,,,,,,,,,,,,,,,,,,,,,,,,,,,,,,,,,,,,,,,,,,,,,,,,0.00,,,,,,,,,,,,,,,,,,,,,,,,,,,,,,,,,,,,,,,,,,,,,,,,,,,,,,,,,,,,,,,,,,,,,,,,,,,,,,,,,,
,6,ee AD,,,,,,,,,,,,,,,,,,,,,,,,,,,,,,,,,,,,,,,,,,,,,,,,,,,,,,,,,,,,,,,,006,,,,,,,,,,,,,,,,,,,,,,,,,,,,,,,,,,,,,,,,,,,,,,,,,,,,,,,,,,,,,,,,,,,,,,,,,,,,,,,,,,,,,,,,,,,,,,,,,,,,,,,,,,,,,,,,,,,,,,,,,,,,,,,,,,,,,,,,,,,,,,,,,,,,,,,,,,,,,,,,,,,,,,,,,,,,,
,8,-,,,,,,,,,,,,,,,,,,,,,,,,,,,,,,,,,,,,,,,,,,,,,,,,,,,,,,,,,,,,,,,,007,,,,,,,,,,,,,,,,,,,,,,,,,,,,,,,,,,,,,,,,,,,,,,,,,,,,,,,,,,,,,,,,,,,,,,,,,,,,,,,,,,,,,,,,,,,,,,,,,,,,,,,,,,,,,,,,,,,,,,,,,,,,,,,,,,,,,,,,,,,,,,,,,,,,,,,,,,,,,,,,,,,,,,,,,,,,,
MADHYA PRADESH,14,OOO,,,,,,,,,,,,,,,,,,,,,,,,,,,,,,,,,,,,,,,,,,,,,,,,,,,,,,,,,,,,,,,,0.00,,,,,,,,,,,,,,,,,,,,,,,,,,,,,,,,,,,,,,,,,,,,,,,,,,,,,,,,,,,,,,,,,,,,,,,,,,,,,,,,,,,,,,,,,,,,,,,,,,,,,,,,,,,,,,,,,,,,,,,,,,,,,,,,,,,,,,,,,,,,,,,,,,,,,,,,,,,,,,,,,,,,,,,,,,,,,
A&NISLANDS,28,O& NHAVELI,,,,,,,,,,,,,,,,,,,,,,,,,,,,,,,,,,,,,,,,,,,,,,,,,,,,,,,,,,,,,,,,"0,00",,,,,,,,,,,,,,,,,,,,,,,,,,,,,,,,,,,,,,,,,,,,,,,,,,,,,,,,,,,,,,,,,,,,,,,,,,,,,,,,,,,,,,,,,,,,,,,,,,,,,,,,,,,,,,,,,,,,,,,,,,,,,,,,,,,,,,,,,,,,,,,,,,,,,,,,,,,,,,,,,,,,,,,,,,,,,
A&NISLANDS,30,-,,,,,,,,,,,,,,,,,,,,,,,,,,,,,,,,,,,,,,,,,,,,,,,,,,,,,,,,,,,,,,,,008,,,,,,,,,,,,,,,,,,,,,,,,,,,,,,,,,,,,,,,,,,15,O.,2,2,4,12,130,0.22,,,,,,,,,,,,,,,,,,,,,,,,,,,,,,,,,,,,,,,,,,,,,,,,,,,,,,,,,,,,,,,,,,,,,,,,,,,,,,,,,,,,,,,,,,,,,,,,,,,,,,36322,2],24,277,99,376,6.28,,,,,,,,,,,,,,,,
LAKSHADWEEP,,415.,,,,,,,,,,,,,,,,,,,,,,,,,,,,,,,,,,,,,,,,,,,,,,,,,,,,,,,,,,,,,,,,0,,,,,,,,,,,,,,,,,,,,,,,,,,,,,,,,,,,,,,,,,,,,,,,,,,,,,,,,,,,,,,,,,,,,,,,,,,,,,,,,,,,,,,,,,,,,,,,,,,,,,,,,,,,,,,,,,,,,,,,,,,,,,,,,,,,,,,,,,,,,,,,,,,,,,,,,,,,,,,,,,,,,,,,,,,,,,
,,States:,,,,,,,,,,,,,,,,,,,,,,,,,,,,,,,,,,,,,,,,,,,,,,,,,,,,,,,,,,,,,,,,,,,,ee,,-,,,,,,,,,,,,,,,,,,,,,,,,,,,,,,,,,,,,,,,,,,,,,,,,,,,,,,,,,,,,,,,,,,,,,,,,,,,,,,,,,,,,,,,,,,,,,,,,,,,,,,,,,,,,,,,,,,,,,,,,,,,,,,,,,,,,,,,,,,,,,,,,,,,,,,,,,,,,,,,,,,,,,,,
,39,290°,,,,,,,,,,,,,,,,,,,,,,,,,,,,,,,,,,,,,,,,,,,,,,,,,,,,,,,,,,,,,,,,,,,,5,49,18300,,23204,,,,,,,,,,,,,,,,,,,,,,,,,,,,,,,,,,,,,,,,,,,,,,,,,,,,,,,,,,,,,,,,,,,,,,,,,,,,,,,,,,,,,,,,,,,,,,,,,,,,,,,,,,,,,,,,,,,,,,,,,,,,,,,,,,,,,,,,,,,,,,,,,,,,,,,,,,,,,,,,,,,,,
,40,L,,,,,,,,,,,,,,,,,,,,,,,,,,,,,,,,,,,,,,,,,,,,,,,,,,,,,,,,,,,,,,,,,,,0,,028,88,13,11.47,,,,,,,,,,,,,,,,,,,,,,,,,,,,,,,,,,,,,,,,,,,,,,,,,,,,,,,,,,,,,,,,,,,,,,,,,,,,,,,,,,,,,,,,,,,,,,,,,,,,,,,,,,,,,,,,,,,,,,,,,,,,,,,,,,,,,,,,,,,,,,,,,,,,,,,,,,,,,,,,,,,,,
,,—41,,,,,,,,,,,,,,,,,,,,,,,,,,,,,,,,,,,,,,,,,,,,,,,,,,,,,,,,,,,,,,,,,,,5,7,24,66,90,7 9.16,,,,,,,,,,,,,,,,,,,,,,,,,,,,,,,,,,,,,,,,,,,,,,,,,,,,,,,,,,,,,,,,,,,,,,,,,,,,,,,,,,,,,,,,,,,,,,,,,,,,,,,,,,,,,,,,,,,,,,,,,,,,,,,,,,,,,,,,,,,,,,,,,,,,,,,,,,,,,,,,,,,,,
,,"43"" KANPUR",,,,,,,,,,,,,,,,,,,,,,,,,,,,,,,,,,,,,,,,,,,,,,,,,,,,,,,,,,,,,,,,,,,,,,,,1.01,,,,,,,,,,,,,,,,,,,,,,,,,,,,,,,,,,,,,,,,,,,,,,,,,,,,,,,,,,,,,,,,,,,,,,,,,,,,,,,,,,,,,,,,,,,,,,,,,,,,,,,,,,,,,,,,,,,,,,,,,,,,,,,,,,,,,,,,,,,,,,,,,,,,,,,,,,,,,,,,,,,,,
States:,4,‘BIHAR,,,,,,,,,,,,,,,,,,,,,,,,,,,,,,,,,,,,,,,,,,,,,,,,,,,,,,,,,,,,,,,,,,,,,,,,,33,18,51,156,,280436,5.11,122 267 509,776 9.10,,,,,,,,,,,,,,,,,39,,,0,30,9,39,0.46,,,,,,,,,,,,,,,,,,,,,,,,,,,,,,,,,,,,,,,,,,101,0,,oO,59,42,101,1.18,,,,,,,,,,225,10,10,20,122,113,235,2.75,756,43,30,73,441,327,768,9.00,2,1,,1,1,1,2 0.02,,,,,,,,,7167,3789,998,4787,2630,509,3139,36.76,15,5,20,158,31,189,2.21,,,,,,,,,,,,,283,36,30,66,167,62,229,2:68,12546,4145,1218,,53636185,7355,8540,"—s*100,00"
States:,8,GUJARAT,,,,,,,,,,,,,,,,,,,,,,,,,,,,,,,,,,,,,,,,,,,,,,,,,,,,,,,,,,,,,,,,,,,,,,,,,27,61,88,806,1561,2067,———SC=«<YN8«13,,,,,,,,,,,,,,,,,,,,,,,,,,,,,,,,,,,,,,,,,,,,,,,,,,,,,,,,,,,,,,,,,,,,,,,,,,,,,,,,,,,,,,,,,,,,,,,,,,,,,,,,,,,,,,,,,,,,,,,,,,,,,,,,,,,,,,,,,,,,,,,,,,,,,,,,,,,,,,
States:,,“7. HARYANA,,,,,,,,,,,,,,,,,,,,,,,,,,,,,,,,,,,,,,,,,,,,,,,,,,,,,,,,,,,,,,,,,,,,,,,,,0,,Oo.,124,140,264,4.22,,,,,,,,,,,,,,,,,,,,,,,,,,,,,,,,,,,59,,,,58,1,59,0.94,,,,,,,,,,,,,,,,,,,,,,,,,,,,,,,,,,,,,,,,,,,,,,,,,,,,,,,,,,,,,,,,,,,,,,,,,,,,,,,,,,,,,,,,,,,,,,,,,,,,,,,,,,,,,,,,,,,,
States:,,10.) KARNATAKA,,,,,,,,,,,,,,,,,,,,,,,,,,,,,,,,,,,,,,,,,,,,,,,,,,,,,,,,,,,,,,,,,,,,,,,,,29,375,,394,986,1380,“9.97,,,,,,,,,,,,,,,,,,,,,,,,,,,,,,,,,,,,,,,,,,,,,,,,,,,,,,,,,,,,,,,,,,,,,,,,,,,,,360,1,,BT,BH,,87H,2.70,,,,,,,,,,,,,,,,,,,,,,,,12,,,0,11,2,13,0.09,,,,,,,,,,,,,,,,,,,,,,,,,,,,,,,,,,,,,,,,,,,
States:,,AT NAGALAND,,,,,,,,,,,,,,,,,,,,,,,,,,,,,,,,,,,,,,,,,,,,,,,,,,,,,,,,,,,,,,,,,,,,,,,,,,,Oo,To,OO,1,1.85,,,,,,,,,,,,,,,,,,,,,,,,,,,,,,,,,,,,,,,,,,,,,,,,,,,,,,,,,,,,,,,,,,,,,,,,,,,,,,,,,,,,,,,,,,,,,,,,,,,,,,,,,,,,,,,,,,,,,,,,,,,,,,,,,,,,,,,,,,,,,,,,,,,,,,,,,,,,,,
States:,24,PRADESH,,,,,,,,,,,,,,,,,,,,,,,,,,,,,,,,,,,,,,,,,,,,,,,,,,,,,,,,,,,,,,,,,,,,,,,,,2,4D,94,281,,89H,4.25,,,,,,,,,,,,,,,,,,,,,,,,,,,,,,,,,,,90,15,,15,105,2,107,0.51,,,,,,,,,,,,,,,,,,,,,,,,,,,,,,,,,,,,,,,,,,,,,,,,,,,,,,,,,,,,,,,,,,,,,,,,,,,,,,,,,,,,,,,,,,,,,,,,,,,,,,,,,,,,,,,,,,,,
States:,,"“""25 BENGAL",,,,,,,,,,,,,,,,,,,,,,,,,,,,,,,,,,,,,,,,,,,,,,,,,,,,,,,,,,,,,,,,,,,,,,,,,,,,,28,OB,3.25.,,,,,,,,,,,,,,,,,,,,,,,,,,,,,,,,,,,,,,,,,,,,,,,,,,,,,,,,,,,,,,,,,,,,,,,,,,,,,,,,,,,,,,,,,,,,,,,,,,,,,,,,,,,,,,,,,,,,,,,,,,,,,,,,,,,,,,,,,,,,,,,,,,,,,,,,,,,,,,
States:,,TotaliStates),,,,,,,,,,,,,,,,,,,,,,,,,,,,,,,,,,,,,,,,,,,,,,,,,,,,,,,,,,,,,,,,,,,,,,,,,471,519,990,5756,12998,18754,7.91,,,,,,,,,,,,,,,,,,,,,,,,,,,,,,,,,,,,,,,,,,,,,,,,,,,,,,,,,,,,,,,,,,,,,,,,,,,,,,,,,,,,,,,,,,,,,,,,,,,,,,,,,,,,,,,,,,,,,,,,,,,,,,,,,,,,,,,,,,,,,,,,,,,,,,,,,,,,,,
States:,,.27_. CHANDIGARH,,,,,,,,,,,,,,,,,,,,,,,,,,,,,,,,,,,,,,,,,,,,,,,,,,,,,,,,,,,,,,,,,,,,,,,,,,OO,,8,8,,7.08,,,,,,,,,,,,,,,,,,,,,,,,,,,1,,,-,,,rt,0.27,,,,,,,,,,,,,,,,,,,,,,,,,,,,,,,,,,,,,,,,,,,,,,,,,,,45,,oO.,0,35,10,45,12.26,,,,,,,,,,,,,,,,,,,,,,,,,,,,,,,,,,,,,,,,,,,,,,,,,,,,,,,,,,,,,,,,,,
States:,28,D&NHAVEU,,,,,,,,,,,,,,,,,,,,,,,,,,,,,,,,,,,,,,,,,,,,,,,,,,,,,,,,,,,,,,,,,,,,,,,,,"0,",0,0,1,0,of.,0.00,,,,,,,,,,,,,,,,,,,,,,,,,,,,,,,,,,,,,,,,,,,,,,,,,,,,,,,,,,,,,,,,,,,,,,,,,,,,,,,,,,,,,,,,,,,,,,,,,,,,,,,,,,,,,,,,,,,,,,,,,,,,,,,,,,,,,,,,,,,,,,,,,,,,,,,,,,,,,,
States:,,-,,,,,,,,,,,,,,,,,,,,,,,,,,,,,,,,,,,,,,,,,,,,,,,,,,,,,,,,,,,,,,,,,,,,,,,,,19200 534,531,1065,6012,13369,19381,788,,,,,,,,,,,,,,,,,,,,,,,,,867,NCRB/2001—9B,,,,,,,,,,,,,,,,,,,,,,,,,,,,,,,,,,,,,,,,,,,,,,,,,,,,,,,,,,,,,,,,,,,,,,,,,,,,,,,,,,,,,,,,,,,,,,,,,,,,,,,,,,,,,,,,,,,,,,,,,,,,,472951,276876,«63583,340459,«175425,68987,244412,100.00
States:,33,198,,,,,,,,,,,,,,,,,,,,,,,,,,,,,,,,,,,,,,,,,,,,,,,,,,,,,,,,,,,,,,,,,,,,,,,,,,,6,49,144,193,19.03,,,,,,,,,,,,,,,,,,,,,,,,,,,,,,,,,,,,,,,,,,,,,,,,,,,,,,,,,,,,,,,,,,,,,,,,,,,,,,,,,,,,,,,,,,,,,,,,,,,,,,,,,,,,,,,,,,,,,,,,,,,,,,,,,,,,,,,,,,,,,,,,,,,,,,,,,,,,,,
States:,36,son,,,,,,,,,,,,,,,,,,,,,,,,,,,,,,,,,,,,,,,,,,,,,,,,,,,,,,,,,,,,,,,,,,,,,,,,,,,2,,,,88,,,,,,,,,,,,,,,,,,,,,,,,,,,,,,,,,,,,,,,,,,,,,,,,,,,,,,,,,,,,,,,,,,,,,,,,,,,,,,,,,,,,,,,,,,,,,,,,,,,,,,,,,,,,,,,,,,,,,,,,,,,,,,,,,,,,,,,,,,,,,,,,,,,,,,,,,,,,,,
States:,49,-,,,,,,,,,,,,,,,,,,,,,,,,,,,,,,,,,,,,,,,,,,,,,,,,,,,,,,,,,,,,,,,,,,,,,,,,,,,,035 08,127,162,13.39,,,,,,,,,,,,,,,,,,,,,,,,,,,,,,,,,,,,,,,,,,,,,,,,,,,,,,,,,,,,,,,,,,,,,,,,,,,,,,,,,,,,,,,,,,,,,,,,,,,,,,,,,,,,,,,,,,,,,,,,,,,,,,,,,,,,,,,,,,,,,,,,,,,,,,,,,,,,,,
States:,62,SURAT,,,,,,,,,,,,,,,,,,,,,,,,,,,,,,,,,,,,,,,,,,,,,,,,,,,,,,,,,,,,,,,,,,,,,,,,,,,,,,28,15.59,,,,,,,,,,,,,,,,,,,,,,,,,,,,,,,,,,,,,,,,,,,,,,,,,,,,,,,,,,,,,,,,,,,,,,,,,,,,,,,,,,,,,,,,,,,,,,,,,,,,,,,,,,,,,,,,,,,,,,,,,,,,,,,,,,,,,,,,,,,,,,,,,,,,,,,,,,,,,,
,,‘7.,,,,,,,,,,,,,,,,,,,,,,,,,,,,,,,,,,,,,,,,,,,,,,,,,,,,,,,,,,,,,,,,,,,,,,,,,,,,,,,,212 279,491 7.90,,,,,,,,,,,,,,,,,,,,,,,,,,,,,,,,,,,,,,,,,,,,,,,,,,,,,,,,,,,,,,,,,,,,,,,,,,,,,,,,,,,,,,,,,,,,,,,,,,,,,,,,,,,,,,,,,,,,,,,,,,,,,,,,,,,,,,,,,,,,,,,,,,,,,,,,,,,,
16 MIZORAM Oo. 0% 0: Oo; oO on oO. 9.00,260,A&NISLANDS,,,,,,,,,,,,,,,,,,,,,,,,,,,,,,,,,,,,,,,,,,,,,,,,,,,,,,,,,,,,,,,,,,,,,,,,,,,,,,,,0 20,9 8.70,,,,,,,,,,,,,,,,,,,,,,,,,,,,,,,,,,,,,,,,,,,,,,,,,,,,,,,,,,,,,,,,,,,,,,,,,,,,,,,,,,,,,,,,,,,,,,,,,,,,,,,,,,,,,,,,,,,,,,,,,,,,,,,,,,,,,,,,,,,,,,,,,,,,,,,,,,,,
16 MIZORAM Oo. 0% 0: Oo; oO on oO. 9.00,300,12,,,,,,,,,,,,,,,,,,,,,,,,,,,,,,,,,,,,,,,,,,,,,,,,,,,,,,,,,,,,,,,,,,,,,,,,,,,,,,,,89 313,502.815 13.60,,,,,,,,,,,,,,,,,,,,,,,,,,,,,,,,,,,,,,,,,,,,,,,,,,,,,,,,,,,,,,,,,,,,,,,,,,,,,,,,,,,,,,,,,,,,,,,,,,,,,,,,,,,,,,,,,,,,,,,,,,,,,,,,,,,,,,,,,,,,,,,,,,,,,,,,,,,,
16 MIZORAM Oo. 0% 0: Oo; oO on oO. 9.00,,27976,,,,,,,,,,,,,,,,,,,,,,,,,,,,,,,,,,,,,,,,,,,,,,,,,,,,,,,,,,,,,,,,,,,,,,,,,,,,,,,,2047 8469 19931,28400 11.60,,,,,,,,,,,,,,,,,,,,,,,,,,,,,,,,,,,,,,,,,,,,,,,,,,,,,,,,,,,,,,,,,,,,,,,,,,,,,,,,,,,,,,,,,,,,,,,,,,,,,,,,,,,,,,,,,,,,,,,,,,,,,,,,,,,,,,,,,,,,,,,,,,,,,,,,,,,,
16 MIZORAM Oo. 0% 0: Oo; oO on oO. 9.00,34,-,,,,,,,,,,,,,,,,,,,,,,,,,,,,,,,,,,,,,,,,,,,,,,,,,,,,,,,,,,,,,,,,,,,,,,,,,,,,,,,,68 141 375,516 22.40,,,,,,,,,,,,,,,,,,,,,,,,,,,,,,,,,,,,,,,,,,,,,,,,,,,,,,,,,,,,,,,,,,,,,,,,,,,,,,,,,,,,,,,,,,,,,,,,,,,,,,,,,,,,,,,,,,,,,,,,,,,,,,,,,,,,,,,,,,,,,,,,,,,,,,,,,,,,
16 MIZORAM Oo. 0% 0: Oo; oO on oO. 9.00,38,CALCUTTA,,,,,,,,,,,,,,,,,,,,,,,,,,,,,,,,,,,,,,,,,,,,,,,,,,,,,,,,,,,,,,,,,,,,,,,,,,,,,,,,25,34 4.70,,,,,,,,,,,,,,,,,,,,,,,,,,,,,,,,,,,,,,,,,,,,,,,,,,,,,,,,,,,,,,,,,,,,,,,,,,,,,,,,,,,,,,,,,,,,,,,,,,,,,,,,,,,,,,,,,,,,,,,,,,,,,,,,,,,,,,,,,,,,,,,,,,,,,,,,,,,,
16 MIZORAM Oo. 0% 0: Oo; oO on oO. 9.00,,"40, HYDERABAD",,,,,,,,,,,,,,,,,,,,,,,,,,,,,,,,,,,,,,,,,,,,,,,,,,,,,,,,,,,,,,,,,,,,,,,,,,,,,,,,81 223,304 30.90,,,,,,,,,,,,,,,,,,,,,,,,,,,,,,,,,,,,,,,,,,,,,,,,,,,,,,,,,,,,,,,,,,,,,,,,,,,,,,,,,,,,,,,,,,,,,,,,,,,,,,,,,,,,,,,,,,,,,,,,,,,,,,,,,,,,,,,,,,,,,,,,,,,,,,,,,,,,
16 MIZORAM Oo. 0% 0: Oo; oO on oO. 9.00,43,(1),,,,,,,,,,,,,,,,,,,,,,,,,,,,,,,,,,,,,,,,,,,,,,,,,,,,,,,,,,,,,,,,,,,,,,,,,,,,,,,,7 39 185,194 16.30,,,,,,,,,,,,,,,,,,,,,,,,,,,,,,,,,,,,,,,,,,,,,,,,,,,,,,,,,,,,,,,,,,,,,,,,,,,,,,,,,,,,,,,,,,,,,,,,,,,,,,,,,,,,,,,,,,,,,,,,,,,,,,,,,(3) (242),(243),(244) (246) (246),(247) (248),,,,,,,,,,,,,,,,,,,,,,,,
16 MIZORAM Oo. 0% 0: Oo; oO on oO. 9.00,46,i,,,,,,,,,,,,,,,,,,,,,,,,,,,,,,,,,,,,,,,,,,,,,,,,,,,,,,,,,,,,,,,,,,,,,,,,,,,,,,,,0 28,635 9127.80,,,,,,,,,,,,,,,,,,,,,,,,,,,,,,,,,,,,,,,,,,,,,,,,,,,,,,,,,,,,,,,,,,,,,,,,,,,,,,,,,,,,,,,,,,,,,,,,,,,,,,,,,,,,,,,,,,,,,,,,,,,,,,,,,,,,,,,,,,,,,,,,,,,,,,,,,,,,
States:,5,-,,,,,,,,,,,,,,,,,,,,,,,,,,,,,,,,,,,,,,,,,,,,,,,,,,,,,,,,,,,,,,,,,,,,,,,,,,,,,,,,,,2,0,0,,2,,,0.27,,,,,,,,,,,,,,,,,,,,,,,,,,,,,,,,,,,,,,,,,,,,,,,,,,,,,,,,,,,,,,,,,,,,,,,,,,,,,,,,,,,,,,,,,,,,,,,,,,,,,,,,,,,,,,,,,,,,,,,,,,,,,,,,,,,,,,,,,,,,,,,,,,,,
States:,8,PRADESH,,,,,,,,,,,,,,,,,,,,,,,,,,,,,,,,,,,,,,,,,,,,,,,,,,,,,,,,,,,,,,,,,,,,,,,,,,,,,,,,,,1,te),,oO:,,0,1,0.07,,,,,,,,,,,,,,,,,,,,,,,,,,,,,,,,,,,,,,,,,,,,,,,,,,,,,,,,,,,,,,,,,,,,,,,,,,,,,,,,,,,,,,,,,,,,,,,,,,,,,,,,,,,,,,,,,,,,,,,,,,,,,56,0,,,43,13,56,4.06,,,,,,,,,,,,,,,,
States:,,cd KERALA,,,,,,,,,,,,,,,,,,,,,,,,,,,,,,,,,,,,,,,,,,,,,,,,,,,,,,,,,,,,,,,,,,,,,,,,,,,,,,,,,,"12,",0,,,oOo,1,,0.02,,,,,,,,,,,,,,,,,,,,,,,,,,,,,,,,,,,,,,,,,,,,,,,,,,,,,,,,,,,,,,,,,,,,,,,,,,,,,,,,,,,,,,,,,,,,,,,,,,,,,,,,,,,,,,,,,,,,,,,,,,,,,,,,,,,,,,,,,,,,,,,,,,,,
States:,220,-,,,,,,,,,,,,,,,,,,,,,,,,,,,,,,,,,,,,,,,,,,,,,,,,,,,,,,,,,,,,,,,,,,,,,,,,,,,,,,,,,,,,,,,OO,,0.00,,,,,,,,,,,,,,,,,,,,,,,,,,,,,,,,,,,,,,,,,,,,,,,,,,,,,,,,,,,,,,,,,,,,,,,,,,,,,,,,,,,,,,,,,,,,,,,,,,,,,,,,,,,,,,,,,,,,,,,,,,,,,,,,,,,,,,,,,,,,,,,,,,,,
States:,,...3023,,,,,,,,,,,,,,,,,,,,,,,,,,,,,,,,,,,,,,,,,,,,,,,,,,,,,,,,,,,,,,,,,,,,,,,,,,,,,,,,,,,1306,268,1574,,249 2047,2296,0.97,,,,,,,,,,,,,,,,,,,,,,,,,,,,,,,,,,,,,,,,,,,,,,,,,,,,,,,,,,,,,,,,,,,,,,,,,,,,,,,,,,,,,,,,,,,,,,,,,,,,,,,,,,,,,,,,,,,,,,,,,,,,,,,,,,,,,,,,,,,,,,,,,,,,
States:,28,D & NHAVELI,,,,,,,,,,,,,,,,,,,,,,,,,,,,,,,,,,,,,,,,,,,,,,,,,,,,,,,,,,,,,,,,,,,,,,,,,,,,,,,,,,,,OO,,,,,0.00,6,,,,OTT,,,5.83,,,,,,,,,,,,,,,,,3,0,),,3,1,4,3.33,,,,,,,,,,,,,,,,,,,,,,,,,,,,,,,,,,,,,,,,,,,-,,,o.,,oO,,0.00,,,,,,,,,0,0,),,,,0 0.00.,,,,,,,,,81,89,13,102,28,6,34,28.33,,0,0,,oO,0 },000 7,,,,,,,,,,,,,,,,,,,,,,,,,,,,
States:,,29°),,,,,,,,,,,,,,,,,,,,,,,,,,,,,,,,,,,,,,,,,,,,,,,,,,,,,,,,,,,,,,,,,,,,,,,,,,,,,,,,,,,,,OO,,,,0.00,,,,,,,,,,,,,,,,,,,,,,,,,,,,,,,,,,,,,,,,,,,,,,,,,,,,,,,,,,,,,,,,,,,,,,,,,,,,,,,,,,,,,,,,,,,,,,,,,,,,,,,,,,,,,,,,,,,,,,,,,,,,,,,,,,,,,,,,,,,,,,,,,,,,
States:,,PONDICHERRY [line 2],,,,,,,,,,,,,,,,,,,,,,,,,,,,,,,,,,,,,,,,,,,,,,,,,,,,,,,,,,,,,,,,,,,,,,,,,,,,,,,,,,,,“eT,,,,"eT,",0.10,,,,,,,,,,,,,,,,,,,,,,,,,,,,,,,,,,,,,,,,,,,,,,,,,,,,,,,,,,,,,,,,,,,,,,,,,,,,,,,,,,,,,,,,,,,,,,,,,,,,BB,,,3,18,0.25,,,,,,,,,,,,,,,,,,,,,,,,,,,,,,,,,,,,,,,,,,,
States:,,PONDICHERRY [line 3],,,,,,,,,,,,,,,,,,,,,,,,,,,,,,,,,,,,,,,,,,,,,,,,,,,,,,,,,,,,,,,,,,,,,,,,,,,,,,,,,,-,3035-1310.,2701580,,2054,249,2303,0.94,,,,,,,,,,,,,,,,,,,,,,,,,,,,,,,,,,,,,,,,,,,,,,,,,,,,,,,,,,,,,,,,,,,,,,,,,,,,,,,,,,,,,,,,,,,,,,,,,,819,aT,10,81,606,282,83K,0.34,,,,,,,,,,,,,,,,,,,,,,,,,,,,,,,,,,,,,,,,,,,
States:,38,CHENNAI [line 2],,,,,,,,,,,,,,,,,,,,,,,,,,,,,,,,,,,,,,,,,,,,,,,,,,,,,,,,,,,,,,,,,,,,,,,,,,,,,,,,,,3 0,,0,,0,,oo,0.00,,,,,,,,,,,,,,,,,,,,,,,,,,,,,,,,,,,,,,,,,,,,,,,,,,,,,,,,,,,,,,,,,,,,,,,,,,,,,,,,,,,,,,,,,,,,,,,,,,,,,,,,,,,,,,,,,,,,,,,,,,,,,,,,,,,,,,,,,,,,,,,,,,,,
42. - JAIPUR OO OO oO oOo 0.00 -,49,MUMBAI [line 2],,,,,,,,,,,,,,,,,,,,,,,,,,,,,,,,,,,,,,,,,,,,,,,,,,,,,,,,,,,,,,,,,,,,,,,,,,,,,,,,,,,,,,,,oy,0.00,,,,,,,,,,,,,,,,,,,,,,,,,,,,,,,,,,,,,,,,,,,,,,,,,,,,,,,,,,,,,,,,,,,,,,,,,,,,,,,,,,,,,,,,,,,,,,,,,,,,,,,,,,,,,,,,,,,,,,,,,,,,,,,,,,,,,,,,,,,,,,,,,,,,
PATNA,54,- VADODARA [line 2],,,,,,,,,,,,,,,,,,,,,,,,,,,,,,,,,,,,,,,,,,,,,,,,,,,,,,,,,,,,,,,,,,,,,,,,,,,,,,,,,,22,08,2,10,,OB,,4.58,,,,,,,,,,,,,,,,,,,,,,,,,,,,,,,,,,,,,,,,,,,,,,,,,,"12,",+O,0,,9,5 38,42 5,458,,,,,,,,,,,,,,,,,,,,,,,,,,,,,,,,,,,,,,,,,,,,,,,,,,,,,,,,,,,,,,,,,,,,7 8,4,3,U7,,7,3 28,10.69,,,,,,,,,,,,,,,,
,,“11 KERALA.,,,,,,,,,,,,,,,,,,,,,,,,,,,,,,,,,,,,,,,,,,,,,,,,,,,,,,,,,,,,,,,,,,,,,,,,,,,,,,,,,,,,,,,,,,424,,Oo,,396,49,44,6.99,,,,,,,,,,,,,,,,,,,,,,,,,,,,,,,,,,,,,,,,,,,,,,,,,,,,,,,,,,,,,,,,,,,,,,,,,,,,,,,,,,,,,,,,,,5,,,0,6,1,7,0.11,,,,,,,,,,,,,,,,,,,,,,,,,,,,,,,,,,,,,,,,,,,
,12,7 MADHYA PRADESH,,,,,,,,,,,,,,,,,,,,,,,,,,,,,,,,,,,,,,,,,,,,,,,,,,,,,,,,,,,,,,,,,,,,,,,,,,,,,,,,,,,,,,,,,,"708,",3,,8,,,08,2A,,,,,,,,,,,,,,,,,,,,,,,,,,,,,,,,,,,,,,,,,,,,,,,,,,,,,,,,,,,,,,,,,,,,,,,,,,,,,,,,,,,,,,,,,,,,,,,,,,,,,,,,,,,,,,,,,,,,,,,,,,,,,,,,,,,,,,,,,,,,
,,"21, SIKKIM",,,,,,,,,,,,,,,,,,,,,,,,,,,,,,,,,,,,,,,,,,,,,,,,,,,,,,,,,,,,,,,,,,,,,,,,,,,,,,,,,,,,,,,,,,,,,©,,,,3.09,,,,,,,,,,,,,,,,,,,,,,,,,,,,,,,,,,,,,,,,,,,,,,,,,,,,,,,,,,,,,,,,,,,,,,,,,,,,,,,,,,,,,,,,,,,,,,,,,,,,,,,,,,,,,,,,,,,,,,,,,,,,,,,,,,,,,,,,,,,,
23 TRIPURA ee OO OB BB 809,24,,,,,,,,,,,,,,,,,,,,,,,,,,,,,,,,,,,,,,,,,,,,,,,,,,,,,,,,,,,,,,,,,,,,,,,,,,,,,,,,,,,,,,,,,,,170,,D2,,,BD,196,093,,,,,,,,,,,,,,,,,,,,,,,,,,,,,,,,,,,,,,,,,,,,,,,,,,,,,,,,,,,,,,,,,,,,,,,,,,,,,,,,,,,,,,,,,,,,,,,,,,,,,,,,,,,,,,,,,,,,,,,,,,,,,,,,,,,,,,,,,,,,
31 LAKSHADWEEP <0,,35°,,,,,,,,,,,,,,,,,,,,,,,,,,,,,,,,,,,,,,,,,,,,,,,,,,,,,,,,,,,,,,,,,,,,,,,,,,,,,,,,,,,,,,,,,,2,,,,,3.0,120,486,,,,,,,,,,,,,,,,,,,,,,,,,,,,,,,,,,,,,,,,,,,,,,,,,,,,,,,,,,,,,,,,,,,,,,,,,,,,,,,,,,,,,,,,,,,,,,,,,,,,,,,,,,,,,,,,,,,,,,,,,,,,,,,,,,,,,2334,,22741002374,,201,46,247 ©,100.00
31 LAKSHADWEEP <0,45,,,,,,,,,,,,,,,,,,,,,,,,,,,,,,,,,,,,,,,,,,,,,,,,,,,,,,,,,,,,,,,,,,,,,,,,,,,,,,,,,,,,,,,,,,,,OO,,,,,3,0.64,,,,,,,,,,,,,,,,,,,,,,,,,,,,,,,,,,,,,,,,,,,,,,,,,,,,,,,,,,,,,,,,,,,,,,,,,,,,,,,,,,,,,,,,,,,,,,,,,,,,,,,,,,,,,,,,,,,,,,,,,,,,,,,,,,,,,,,,,,,,
49 NAGPUR a Oo Oo 8 Baa 3.64,60,,,,,,,,,,,,,,,,,,,,,,,,,,,,,,,,,,,,,,,,,,,,,,,,,,,,,,,,,,,,,,,,,,,,,,,,,,,,,,,,,,,,,,,,,,,,,,Oo,7 1,,Ot,0.30,,,,,,,,,,,,,,,,,,,,,,,,,,,,,,,,,,,,,,,,,,,,,,,,,,,,,,,,,,,,,,,,,,,,,,,,,,,,,,,,,,,,,,,,,,,,,,,,,,,,,,,,,,,,,,,,,,,,,,,,,,,,,,,,,,,,,,,,,,,,
49 NAGPUR a Oo Oo 8 Baa 3.64,54,BO,,,,,,,,,,,,,,,,,,,,,,,,,,,,,,,,,,,,,,,,,,,,,,,,,,,,,,,,,,,,,,,,,,,,,,,,,,,,,,,,,,,,,,,,,,,,,,,oO;,58 :},1.91,,,,,,,,,,,,,,,,,,,,,,,,,,,,,,,,,,,,,,,,,,,,,,,,,,,,,,,,,,,,,,,,,,,,,,,,,,,,,,,,,,,,,,,,,,,,,,,,,,,,,,,,,,,,,,,,,,,,,,,,,,,,,,,,,,,,,,,,,,,,
,17,MIZORAM [line 2],,,,,,,,,,,,,,,,,,,,,,,,,,,,,,,,,,,,,,,,,,,,,,,,,,,,,,,,,,,,,,,,,,,,,,,,,,,,,,,,,,,,,,,,,,,,,,,,,,0,oOo,,,),,,0.00,,,,,,,,,,,,,,,,,,,,,,,,,,,,,,,,,,,,,,,,,,,,,,,,,,,,,,,,,,,,,,,,,,,,,,,,,,,,,,,,,,,,,,,,,,,,,,,,,,,,,,,,,,,,,,,,,,,,,,,,,,,,,,,,,,,,
,21,RAJASTHAN [line 2],,,,,,,,,,,,,,,,,,,,,,,,,,,,,,,,,,,,,,,,,,,,,,,,,,,,,,,,,,,,,,,,,,,,,,,,,,,,,,,,,,,,,,,,,,,,,,,,,,1,,,0,0,1,1,1.03,,,,,,,,,7,4,fe),4,2,1,3,3.09,,,,,,,,,,,,,,,,,,,,,,,,,,,,,,,,,,,,,,,,,,,,,,,,,,,,,,,,,,,,,,,,,,,,,,,,,,,,,,,,,,,,,,,,,,,,,,,,,,,,,,,,,,,,,,,132,"290,",78,19,97,100.00
,25,BENGAL,,,,,,,,,,,,,,,,,,,,,,,,,,,,,,,,,,,,,,,,,,,,,,,,,,,,,,,,,,,,,,,,,,,,,,,,,,,,,,,,,,,,,,,,,,,,,,,,,,67,,,,43,24,67,0.54,,,,,,,,,,,,,,,,,,,,,,,,,,,,,,,,,,,,,,,,,,,,,,,,,,,,,,,,,,,,,,,,,,,,,,,,,,,,,,,,,,,,,,,,,,,,,,,,,,,,,,,,,,,,,,,,,,,,,,,,,,,,,,,,,,,,
Union Territories:,28,0D &NHAVELI,,,,,,,,,,,,,,,,,,,,,,,,,,,,,,,,,,,,,,,,,,,,,,,,,,,,,,,,,,,,,,,,,,,,,,,,,,,,,,,,,,,,,,,,,,,,,,,,,,2,Oo,,,2,,2,1.67,,,,,,,,,,,,,,,,,,,,,,,,,,,,,,,,,,,,,,,,,,,,,,,,,,,,,,,,,,,,,,,,,,,,,,,,,,,,,,,,,,,,,,,,,,,,,,,,,,,,,,,,,,,,,,,,,,,,,,,,,,,,,,,,,,,,
Union Territories:,30,DAMAN & DIU [line 2],,,,,,,,,,,,,,,,,,,,,,,,,,,,,,,,,,,,,,,,,,,,,,,,,,,,,,,,,,,,,,,,,,,,,,,,,,,,,,,,,,,,,,,,,,,,,,,,,,,,,,,,,-,,,,,,,,,,,,,,,,,,,,,,,,,,,,,,,,,,,,,,,,,,,,,,,,,,,,,,,,,,,43,,0,oOo,2,15,43,0.72.,,,,,,,,,,,,,,,,,,,,,,,,,,,,,,,,,,,,,,,,,,,,,,,,,,,,,,,,,,,,,,,,,,
Union Territories:,,LAKSHADWEEP [line 2],,,,,,,,,,,,,,,,,,,,,,,,,,,,,,,,,,,,,,,,,,,,,,,,,,,,,,,,,,,,,,,,,,,,,,,,,,,,,,,,,,,,,,,,,,,,,,,,,,,,,,,,,-,,,,,,,,,,,,,,,,,,,,,,,,,,,,,,,,,,,,,,,,,,,,,,,,,,,,,,,,,,,,,,,,,,,,,,,,,,,,,,,,,,,,,,,,,,,,,,,,,,,,,,,,,,,,,,,,,,,,,,,,,,,,,,,,,,,,
50 PATNA t OO OO OO 0.00,,SURAT [line 2],,,,,,,,,,,,,,,,,,,,,,,,,,,,,,,,,,,,,,,,,,,,,,,,,,,,,,,,,,,,,,,,,,,,,,,,,,,,,,,,,,,,,,,,,,,,,,,,,,,+:,,3,,,,,,,,,,,,,,,,,,,,,,,,,,,,,,,,,,,,,,,,,,,,,,,,,,,,,,,,,,,,,,,,,,,,,,,,,,,,,,,,,,,,,,,,,,,,,,,,,,,,,,,,,,,,,,,,,,,,,,,,,,,,,,,,,,,,,,,,
ae:,,"8, HIMACHAL PRADESH",,,,,,,,,,,,,,,,,,,,,,,,,,,,,,,,,,,,,,,,,,,,,,,,,,,,,,,,,,,,,,,,,,,,,,,,,,,,,,,,,,,,,,,,,,,,,,,,,,,,,,,,,,,,,,oo,,aa,0.07,,,,,,,,,,,,,,,,,,,,,,,,,,,,,,,,,,,,,,,,,,,,,,,,,,,,,,,,,,,,,,,,,,,,,,,,,,,,,,,,,,,,,,,,,,,,,,,,,,,,,,,,,,,,,,,,,,,,,,,,,,,,
ae:,9,"8, HIMACHAL PRADESH [line 2]",,,,,,,,,,,,,,,,,,,,,,,,,,,,,,,,,,,,,,,,,,,,,,,,,,,,,,,,,,,,,,,,,,,,,,,,,,,,,,,,,,,,,,,,,,,,,,,,,,,,,,,,,,8,,0,,,,,,,,,,,,,,,,,,,,,,,,,,,,,,,,,,,,,,,,,,,,,,,,,,,,,,,,,,,,,,,,,,,,,,,,,,,,,,,,,,,,,,,,,,,,,,,,,,,,,,,,,,,,,,,,,,,,,,,,,,,,,,,,,
ae:,12,MADHYAPRADESH,,,,,,,,,,,,,,,,,,,,,,,,,,,,,,,,,,,,,,,,,,,,,,,,,,,,,,,,,,,,,,,,,,,,,,,,,,,,,,,,,,,,,,,,,,,,,,,,,,,,,,,,,,31,0,,OO,,8,18,045,,,,,,,,,,,,,,,,,,,,,,,,,,,,,,,,,,70,15,,15,40,15,55,0.19,,,,,,,,,,,,,,,,,,,,,,,,,,,,,,,,,,,,,,,,,,,,,,,,,,,,,,,,,,,,,,,,,,,,,,,,,,,,,,,,,,,
ae:,,15; MEGHALAYA,,,,,,,,,,,,,,,,,,,,,,,,,,,,,,,,,,,,,,,,,,,,,,,,,,,,,,,,,,,,,,,,,,,,,,,,,,,,,,,,,,,,,,,,,,,,,,,,,,,,,,,,,,0,,,,,,,"0,00",,,,,,,,,,,,,,,,,,,,,,,,,,,,,,,,,,,,,,,,,,,,,,,,,,,,,,,,,,,,,,,,,,,,,,,,,,,,,,,,,,,,,,,,,,,,,,,,,,,,,,,,,,,,,,,,,,,,,,,,,,,,
ae:,,16; MIZORAM,,,,,,,,,,,,,,,,,,,,,,,,,,,,,,,,,,,,,,,,,,,,,,,,,,,,,,,,,,,,,,,,,,,,,,,,,,,,,,,,,,,,,,,,,,,,,,,,,,,,,,,,,,,,,,000,,OO,"0,00",,,,,,,,,,,,,,,,,,,,,,,,,,,,,,,,,,,,,,,,,,,,,,,,,,,,,,,,,,,,,,,,,,,,,,,,,,,,,,,,,,,,,,,,,,,,,,,,,,,,,,,,,,,,,,,,,,,,,,,,,,,,
21 SIKKIM 1 ee ee: ee ee,,"""22. TAMIL NADU",,,,,,,,,,,,,,,,,,,,,,,,,,,,,,,,,,,,,,,,,,,,,,,,,,,,,,,,,,,,,,,,,,,,,,,,,,,,,,,,,,,,,,,,,,,,,,,,,,,,,,,,,,2000,,OO,,oO,20,,200.09,,,,,,,,,,,,,,,,,,,,,,,,,,,,,,,,,,,,,,,,,,0.06,,,,,,,,,,,,,,,,,,,,,,,,,,,,,,,,,,,,,,,,,,,,,,,,,,,,,,,,,,,,,,,,,,,,,,,,,,,,,,,,,,
23 TRIPURA - Oo 0-00,28,0 & NHAVELI,,,,,,,,,,,,,,,,,,,,,,,,,,,,,,,,,,,,,,,,,,,,,,,,,,,,,,,,,,,,,,,,,,,,,,,,,,,,,,,,,,,,,,,,,,,,,,,,,,,,,,,,,,,Oo,0,,oO,0,0,0.00,,,,,,,,,,,,,,,,,,,,,,,,,,,,,,,,,,,,,,,,,,,,,,,,,,,,,,,,,,,,,,,,,,,,,,,,,,,,,,,,,,,,,,,,,,,,,,,,,,,,,,,,,,,,,,,,,,,,,,,,,,,,
"29 DAMAN & DIU - oO Oo oO o (0°. - 0,00",39,“io,,,,,,,,,,,,,,,,,,,,,,,,,,,,,,,,,,,,,,,,,,,,,,,,,,,,,,,,,,,,,,,,,,,,,,,,,,,,,,,,,,,,,,,,,,,,,,,,,,,,,,,,,,,0,2,2,,7,8,0.15,,,,,,,,,,,,,,,,,,,,,,,,,,,,,,,,,,,,,,,,,,,,,,,,,,,,,,,,,,,,,,,,,,,,,,,,,,,,,,,,,,,,,,,,,,,,,,,,,,,,,,,,,,,,,,,,,,,,,,,,,,,,
"29 DAMAN & DIU - oO Oo oO o (0°. - 0,00",43,JAIPUR [line 2],,,,,,,,,,,,,,,,,,,,,,,,,,,,,,,,,,,,,,,,,,,,,,,,,,,,,,,,,,,,,,,,,,,,,,,,,,,,,,,,,,,,,,,,,,,,,,,,,,,,,,,,,,,1,0,,oO:,,,0.08,,,,,,,,,,,,,,,,,,,,,,,,,,,,,,,,,,,,,,,,,,,,,,,,,,,,,,,,,,,,,,,,,,,,,,,,,,,,,,,,,,,,,,,,,,,,,,,,,,,,,,OO,fe),Oo.,28,12,40,3.36,,,,,,,,,,,,,,,,
"29 DAMAN & DIU - oO Oo oO o (0°. - 0,00",45,9,,,,,,,,,,,,,,,,,,,,,,,,,,,,,,,,,,,,,,,,,,,,,,,,,,,,,,,,,,,,,,,,,,,,,,,,,,,,,,,,,,,,,,,,,,,,,,,,,,,,,,,,,,2,oOo;,0,0,oO,2,2,0.43,,,,,,,,,,,,,,,,,,,,,,,,,,,,,,,,,,,,,,,,,,,,,,,,,,,,,,,,,,,,,,,,,,,,,,,,,,,,,,,,,,,,,,,,,,,,,,,,,,,,,,,,,,,,,,,,,,,,,,,,,,,,
"29 DAMAN & DIU - oO Oo oO o (0°. - 0,00",48,MUMBAL,,,,,,,,,,,,,,,,,,,,,,,,,,,,,,,,,,,,,,,,,,,,,,,,,,,,,,,,,,,,,,,,,,,,,,,,,,,,,,,,,,,,,,,,,,,,,,,,,,,,,,,,,,69,,),0,oO,69,69,0.81,,,,,,,,,,,,,,,,,,,,,,,,,,,,,,,,,,,,,,,,,,,,,,,,,,,,,,,,,,,,,,,,,,,,,,,,,,,,,,,,,,,,,,,,,,,,,,,,,,,,,,,,,,,,,,,,,,,,,,,,,,,,
"""49 NAGPUR - o Oo; oO oO o Oo 0.00,",,“82 SURAT,,,,,,,,,,,,,,,,,,,,,,,,,,,,,,,,,,,,,,,,,,,,,,,,,,,,,,,,,,,,,,,,,,,,,,,,,,,,,,,,,,,,,,,,,,,,,,,,,,,,,,,,,,,,0,0,),0,Oo,0.00,,,,,,,,,,,,,,,,,,,,,,,,,,,,,,,,,,,,,,,,,,,,,,,,,,,,,,,,,,,,,,,,,,,,,,,,,,,,,,,,,,,,,,,,,,,,,,,,,,,,,,,,,,,,,,,,,,,,,,,,,,,,
"""49 NAGPUR - o Oo; oO oO o Oo 0.00,",53,“82 SURAT [line 2],,,,,,,,,,,,,,,,,,,,,,,,,,,,,,,,,,,,,,,,,,,,,,,,,,,,,,,,,,,,,,,,,,,,,,,,,,,,,,,,,,,,,,,,,,,,,,,,,,,,,,,,,,0,,0,0,0,,0,0.00,,,,,,,,,,,,,,,,,,,,,,,,,,,,,,,,,,,,,,,,,,,,,,,,,,,,,,,,,,,,,,,,,,,,,,,,,,,,,,,,,,,,,,,,,,,,,,,,,,,,,,,,,,,,,,,,,,,,,,,,,,,,
"""49 NAGPUR - o Oo; oO oO o Oo 0.00,",,‘85 VISHAKHAPATNAM,,,,,,,,,,,,,,,,,,,,,,,,,,,,,,,,,,,,,,,,,,,,,,,,,,,,,,,,,,,,,,,,,,,,,,,,,,,,,,,,,,,,,,,,,,,,,,,,,,,,,,,,,,,,,,,2,,0247,,,,,,,,,,,,,,,,,,,,,,,,,,,,,,,,,,,,,,,,,,,,,,,,,,,,,,,,,,,,,,,,,,,,,,,,,,,,,,,,,,,,,,,,,,,,,,,,,,,,,,,,,,,,,,,,,,,,,,,,,,,,
States:,3,ARUNACHAL PRADESH [line 2],,,,,,,,,,,,,,,,,,,,,,,,,,,,,,,,,,,,,,,,,,,,,,,,,,,,,,,,,,,,,,,,,,,,,,,,,,,,,,,,,,,,,,,,,,,,,,,,,,,,,,,,,,,,,,,,,,7,),,,7,0,7,0.40,,,,,,,,,,,,,,,,,,,,,,,,,,,,,,,,,,,,,,,,,,,,,,,,,,,,,,,,,,,,,,,,,,,,,,,,,,,,,,,,,,,,,,,,,,,,,,,,,,,,,,,,,,,,,,,,,,,,
States:,,- 4 BIHAR,,,,,,,,,,,,,,,,,,,,,,,,,,,,,,,,,,,,,,,,,,,,,,,,,,,,,,,,,,,,,,,,,,,,,,,,,,,,,,,,,,,,,,,,,,,,,,,,,,,,,,,,,,,,,,,,,,92,,,0,86,11,97,1.14,,,,,,,,,,,,,,,,,,,,,,,,,,,,,,,,,,,132005000,2,200,4,78,,482,"1,55",,,,,,,,,,,,,,,,,,,,,,,,,,,,,,,,,,,,,,,,,,,,,,,,,,,,,,,,,,,,,,,,,,,,,,,,,,
States:,5,"""4 BIHAR [line 2]",,,,,,,,,,,,,,,,,,,,,,,,,,,,,,,,,,,,,,,,,,,,,,,,,,,,,,,,,,,,,,,,,,,,,,,,,,,,,,,,,,,,,,,,,,,,,,,,,,,,,,,,,,,,,,,,,,19,,,,19,,19,2.53,,,,,,,,,,,,,,,,,,,,,,,,,,,,,,,,,,,,,,,,,,,,,,,,,,,,,,,,,,,,,,,,,,,,,,,,,,,,,,,,,,,,,,,,,,,,,,,,,,,,,,,,,,,,,,,,,,,,
States:,,‘8 PRADESH,,,,,,,,,,,,,,,,,,,,,,,,,,,,,,,,,,,,,,,,,,,,,,,,,,,,,,,,,,,,,,,,,,,,,,,,,,,,,,,,,,,,,,,,,,,,,,,,,,,,,,,,,,,,,,,,,,34,,fe),fe),32,2,34,2.47,,,,,,,,,,,,,,,,,,,,,,,,,,,,,,,,,,,,,,,,,,,,,,,,,,,,,,,,,,,,,,,,,,,,,,,,,,,,,,,,,,,,,,,,,,,,,,,,,,,,,,,,,,,,,,,,,,,,
States:,11,KARNATAKA [line 2],,,,,,,,,,,,,,,,,,,,,,,,,,,,,,,,,,,,,,,,,,,,,,,,,,,,,,,,,,,,,,,,,,,,,,,,,,,,,,,,,,,,,,,,,,,,,,,,,,,,,,,,,,,,,,,,,,50,,fe),0,44,4,48,0.75,,,,,,,,,,,,,,,,,,,,,,,,,,,,,,,,,,,,,,,,,,,,,,,,,,,105,,,0,74,35,109,1.70,,,,,,,,,,,,,,,,,,,,,,,,,,,,,,,,,,,,,,,,,,,,,,,-,,,,,,,,,,,
States:,,"29_"" DAMAN & DIU",,,,,,,,,,,,,,,,,,,,,,,,,,,,,,,,,,,,,,,,,,,,,,,,,,,,,,,,,,,,,,,,,,,,,,,,,,,,,,,,,,,,,,,,,,,,,,,,,,,,,,,,,,,,,,,,,,1,Oo,0,,1,0,1,1.39,,,,,,,,,,,,,,,,,,,,,,,,,,,,,,,,,,,,,,,,,,,,,,,,,,,,,,,,,,,,,,,,,,,Oo,0,,1,,2,2.78,,,,,,,,,,,,,,,,,,,,,,,,,,,,,,,,,,,,,,,,,,,
States:,,- TOTAL (UTs) [line 2],,,,,,,,,,,,,,,,,,,,,,,,,,,,,,,,,,,,,,,,,,,,,,,,,,,,,,,,,,,,,,,,,,,,,,,,,,,,,,,,,,,,,,,,,,,,,,,,,,,,,,,,,,,,,,,,,,2967,92,22,114,2815,164,2979,1.22,,,,,,,,,,,,,,,,,,,,,,,,,,,,,,,,,,,,,,,,,,,,,,,,,,,,,,,,,,,18,18,12,30,12,8,20 0.01,,,,,,,,,306376,264973,59547,324520,67274,13762,81036,33.16,,,,,,,,,,,,,,,,,,,,,,,,,,,,,,,,,,,
33. AHMEDABAD: Oo oO Oo oO 0.00,37,CALCUTTA [line 2],,,,,,,,,,,,,,,,,,,,,,,,,,,,,,,,,,,,,,,,,,,,,,,,,,,,,,,,,,,,,,,,,,,,,,,,,,,,,,,,,,,,,,,,,,,,,,,,,,,,,,,,,,,,,,,,,,59,9g,5,14,50,9,59,3.42,,,,,,,,,,,,,,,,,,,,,,,,,,,,,,,,,,,,,,,,,,,,,,,,,,,,,,,,,,,,,,,,,,,,0,oO.,oO,,oo:,0.00,,,,,,,,,,,,,,,,,,,,,,,,,,,,,,,,,,,,,,,,,,,
33. AHMEDABAD: Oo oO Oo oO 0.00,44,INDORE,,,,,,,,,,,,,,,,,,,,,,,,,,,,,,,,,,,,,,,,,,,,,,,,,,,,,,,,,,,,,,,,,,,,,,,,,,,,,,,,,,,,,,,,,,,,,,,,,,,,,,,,,,,,,,,,,,,,,,29,0,29,2.95,,,,,,,,,,,,,,,,,,,,,,,,,,,,,,,,,,,,,,,,,,,,,,,,,,,,,,,,,,,,,,,,,,,,,,,,,,,,,,,,,,,,,,,,,,,,,,,,,,,,,,,,,,,,,,,,,,,,
33. AHMEDABAD: Oo oO Oo oO 0.00,42,INDORE [line 2],,,,,,,,,,,,,,,,,,,,,,,,,,,,,,,,,,,,,,,,,,,,,,,,,,,,,,,,,,,,,,,,,,,,,,,,,,,,,,,,,,,,,,,,,,,,,,,,,,,,,,,,,,,,,,,,,,22,08,Oo,,22,,22,2.16,,,,,,,,,,,,,,,,,,,,,,,,,,,,,,,,,,,,,,,,,,,,,,,,,,,,,,,,,,,,,,,,,,,,,,,,,,,,,,,,,,,,,,,,,,,,,,,,,,,,,,,,,,,,,,,,,,,,
53. VADODARA 3) Oo Oo: 3] Oo 3 0.52,,VISHAKHAPATNAM [line 2],,,,,,,,,,,,,,,,,,,,,,,,,,,,,,,,,,,,,,,,,,,,,,,,,,,,,,,,,,,,,,,,,,,,,,,,,,,,,,,,,,,,,,,,,,,,,,,,,,,,,,,,,,,,,,,,,,-,,,,,,,,,,,,,,,,,,,,,,,,,,,,,,,,,,,,,,,,,,,,,,,,,,,,,,,,,,,,,,,,,,,,,,,,,,,,,,,,,,,,,,,,,,,,,,,,,,,,,,,,,,,,,,,,,,,,,,,,,,,
,37,107,,,,,,,,,,,,,,,,,,,,,,,,,,,,,,,,,,,,,,,,,,,,,,,,,,,,,,,,,,,,,,,,,,,,,,,,,,,,,,,,,,,,,,,,,,,,,,,,,,,,,,,,,,,,,,,,,,,,,,,,,,1107 6.200,,,,,,,,,,,,,,,,,,,,,,,,,,,,,,,,,,,,,,,,,,,,,,,,,,,,,,,,,,,,,,,,,,,,,,,,,,,,,,,,,,,,,,,,,,,,,,,,,,,,,,,,,,,,,,,,,,,
,,39°,,,,,,,,,,,,,,,,,,,,,,,,,,,,,,,,,,,,,,,,,,,,,,,,,,,,,,,,,,,,,,,,,,,,,,,,,,,,,,,,,,,,,,,,,,,,,,,,,,,,,,,,,,,,,,,,,,,,,,,,,,32 342 650,,,,,,,,,,,,,,,,,,,,,,,,,12,1,0,1,0 5,1G,"Wd,",0.21,,,,,,,,,,,,,,,,,,,,,,,,,,,,,,,,,,,,,,,,,,,,,,,,,,,,,,,,,,,,,,,,,,,,,,,,,,,,,0 7222,980,8202,,40611186,5247,100.00
LUCKNOW,46,(26,,,,,,,,,,,,,,,,,,,,,,,,,,,,,,,,,,,,,,,,,,,,,,,,,,,,,,,,,,,,,,,,,,,,,,,,,,,,,,,,,,,,,,,,,,,,,,,,,,,,,,,,,,,,,,,,,,,,,,,,,,1 6 8.00,,,,,,,,,,,,,,,,,,0,oO,8,,Od,,79,,,,,,,,,,,,,,,,,,,,,,,,,,,,,,,,,,,,,,,,,,,,,,,,,,,,,,,,,,,,,,,,,,,,,,,,,,,,,,,,,,,,,,,,,,,
LUCKNOW,47,0,,,,,,,,,,,,,,,,,,,,,,,,,,,,,,,,,,,,,,,,,,,,,,,,,,,,,,,,,,,,,,,,,,,,,,,,,,,,,,,,,,,,,,,,,,,,,,,,,,,,,,,,,,,,,,,,,,,,,,,,,,0 9.00,,,,,,,,,,,,,,,,,,,,,,,,,,,,,,,,,,,,,,,,,,,,,,,,,,,,,,,,,,,,,,,,,,,,,,,,,,,,,,,,,,,,,,,,,,,,,,,,,,,,,,,,,,,,,,,,,,,
,4,BAR,,,,,,,,,,,,,,,,,,,,,,,,,,,,,,,,,,,,,,,,,,,,,,,,,,,,,,,,,,,,,,,,,,,,,,,,,,,,,,,,,,,,,,,,,,,,,,,,,,,,,,,,,,,,,,,,,,,,,,,,,,,,,,,,,,,,5,oO,"5 ,",8,6,14,016,,,,,,,,,,,,,,,,,,,,,,,,,,,,,,,,,,,,,,,,,,,,,,,,,,,,,,,,,,,,,,,,,,,,,,,,,,,,,,,,,,,,,,,,,,,,,,,,,,,
,20,,,,,,,,,,,,,,,,,,,,,,,,,,,,,,,,,,,,,,,,,,,,,,,,,,,,,,,,,,,,,,,,,,,,,,,,,,,,,,,,,,,,,,,,,,,,,,,,,,,,,,,,,,,,,,,,,,,,,,,,,,,,,,,,,,,,79,5,,5,62,21,83 i,0.60,,,,,,,,,,,,,,,,,,,,,,,,,,,,,,,,,,,,,,,,,,,,,,,,,,,,,,,,,,,,,,,,,,,,,,,,,,,,,,,,,,,,,,,,,,,,,,,,,,,
,6,-,,,,,,,,,,,,,,,,,,,,,,,,,,,,,,,,,,,,,,,,,,,,,,,,,,,,,,,,,,,,,,,,,,,,,,,,,,,,,,,,,,,,,,,,,,,,,,,,,,,,,,,,,,,,,,,,,,,,,,,,,,,,,,,,,,,,,,,,,,,548,0 5000,85,85,271,194,", 465",298,,,,,,,,,,,,,,,,,,,,,,,,,,,,,,,,,,,,,,,,,84,,,fe),62,23,85,0.54,,,,,,,,,,,,,,,,,,,,,,,,,,,,,,,,,,,,,,,,,,,
V1 KERALA AB OO OO aT 8 O72,,"18, ORISSA",,,,,,,,,,,,,,,,,,,,,,,,,,,,,,,,,,,,,,,,,,,,,,,,,,,,,,,,,,,,,,,,,,,,,,,,,,,,,,,,,,,,,,,,,,,,,,,,,,,,,,,,,,,,,,,,,,,,,,,,,,,,,,,,,,,,,,,,,,,,,,§,,88,166,2 BB,,,,,,,,,,,,,,,,,,,,,,,,,,,,,,,,,,,,,,,,,,,,,,,,,,,,,,,,,,,,,,,,,,,,,,,,,,,,,,,,,,,,,,,,,,,
20 OO,22,TAMIL,,,,,,,,,,,,,,,,,,,,,,,,,,,,,,,,,,,,,,,,,,,,,,,,,,,,,,,,,,,,,,,,,,,,,,,,,,,,,,,,,,,,,,,,,,,,,,,,,,,,,,,,,,,,,,,,,,,,,,,,,,,,,,,,,,,,,,,,,,,408,20,1,3,276,"132,",408,90,,,,,,,,,,,,,,,,,,,,,,,,,,,,,,,,,,,,,,,,,,,,,,,,,,,,,,,,,,,,,,,,,,,,,,,,,,,,,,,,,,,,,,,,,,,
27 i 0 OO 8 Oo. OO 000,28,D0 & NHAVELI,,,,,,,,,,,,,,,,,,,,,,,,,,,,,,,,,,,,,,,,,,,,,,,,,,,,,,,,,,,,,,,,,,,,,,,,,,,,,,,,,,,,,,,,,,,,,,,,,,,,,,,,,,,,,,,,,,,,,,,,,,,,,,,,,,,,,,,,,,,,"8,",0,,Oo,,OO,"0,00",,,,,,,,,,,,,,,,,,,,,,,,,,,,,,,,,,,,,,,,,,,,,,,,,,,,,,,,,,,,,,,,,,,,,,,,,,,,,,,,,,,,,,,,,,,
32 PONDICHERRY ©,39,COIMBATORE [line 2],,,,,,,,,,,,,,,,,,,,,,,,,,,,,,,,,,,,,,,,,,,,,,,,,,,,,,,,,,,,,,,,,,,,,,,,,,,,,,,,,,,,,,,,,,,,,,,,,,,,,,,,,,,,,,,,,,,,,,,,,,,,,,,,,,,,,,,,,,,"161,",30,1,7 4,105,2s—s«C<idGS,,3.18,,,,,,,,,,,,,,,,,,,,,,,,,,,,,,,,,,,,,,,,,,,,,,,,,,,,,,,,,,,,,,,,,,,,,,,,,,,,,,,,,,,,,,,,,,,
32 PONDICHERRY ©,,“40,,,,,,,,,,,,,,,,,,,,,,,,,,,,,,,,,,,,,,,,,,,,,,,,,,,,,,,,,,,,,,,,,,,,,,,,,,,,,,,,,,,,,,,,,,,,,,,,,,,,,,,,,,,,,,,,,,,,,,,,,,,,,,,,,,,,,,,,,,,38,fe),0,0,7,2,9,"“0.91,",,,,,,,,,,,,,,,,,,,,,,,,,,,,,,,,,,,,,,,,,,,,,,,,,,,,,,,,,,,,,,,,,,,,,,,,,,,,,,,,,,,,,,,,,,,
32 PONDICHERRY ©,48,MADURAI [line 2],,,,,,,,,,,,,,,,,,,,,,,,,,,,,,,,,,,,,,,,,,,,,,,,,,,,,,,,,,,,,,,,,,,,,,,,,,,,,,,,,,,,,,,,,,,,,,,,,,,,,,,,,,,,,,,,,,,,,,,,,,,,,,,,,,,,,,,,,,,243,15,3,«18,215,,1022,-2.64,,,,,,,,,,,,,,,,,,,,,,,,,,,,,,,,,,,,,,,,,,,,,,,,,,,,,,,,,,,,,,,,,,,,,,,,,,,,2598,43,33,#2476,1712,810,2522,29.64,,,,,,,,
,2,ANDHRA PRADESH [line 2],,,,,,,,,,,,,,,,,,,,,,,,,,,,,,,,,,,,,,,,,,,,,,,,,,,,,,,,,,,,,,,,,,,,,,,,,,,,,,,,,,,,,,,,,,,,,,,,,,,,,,,,,,,,,,,,,,,,,,,,,,,,,,,,,,,,,,,,,,,,,,,,,,,,,,0,,,1,0.61,,,,,,,,,,,,,,,,,,,,,,,,,,,,,,,,,,,,,,,,,,,,,,,,,,,,,,,,,,,,,,,,,,,,,,,,,,,,,,,,,,,
,8,sss,,,,,,,,,,,,,,,,,,,,,,,,,,,,,,,,,,,,,,,,,,,,,,,,,,,,,,,,,,,,,,,,,,,,,,,,,,,,,,,,,,,,,,,,,,,,,,,,,,,,,,,,,,,,,,,,,,,,,,,,,,,,,,,,,,,,,,,,,,,,,,,,,,,-,165 1,3,4,14,4,18,1.31,,,,,,,,,,,,,,,,,,,,,,,,,,,,,,,,,,,,,,,,,,,,,,,,,,,,,,,,,,,,,,,,,,,,,,,,,,,,,,,,,,,
11. KERALA i Oo 0 fe) 2 } fe) 2 0.03,140,MANIPUR,,,,,,,,,,,,,,,,,,,,,,,,,,,,,,,,,,,,,,,,,,,,,,,,,,,,,,,,,,,,,,,,,,,,,,,,,,,,,,,,,,,,,,,,,,,,,,,,,,,,,,,,,,,,,,,,,,,,,,,,,,,,,,,,,,,,,,,,,,,,,,,,,,,,0,Oo,0,,,0,0.00 1,,,,,,,,,,,,,,,,,,,,,,,,,,,,,,,,,,,,,,,,,,,,,,,,,,,,,,,,,,,,,,,,,,,,,,,,,,,,,,,,,,,
17; NAGALAND oOo o ( fe) fe) 0.00,20,PUNJAB [line 2],,,,,,,,,,,,,,,,,,,,,,,,,,,,,,,,,,,,,,,,,,,,,,,,,,,,,,,,,,,,,,,,,,,,,,,,,,,,,,,,,,,,,,,,,,,,,,,,,,,,,,,,,,,,,,,,,,,,,,,,,,,,,,,,,,,,,,,,,,,,,,,,,,,,,,,1,0,1,0.01,,,,,,,,,,,,,,,,,,,,,,,,,,,,,,,,,,,,,,,,,,,,,,,,,,,,,,,,,,,,,,,,,,,,,,,,,,,,,,,,,,,
17; NAGALAND oOo o ( fe) fe) 0.00,22,SIKKIM [line 2],,,,,,,,,,,,,,,,,,,,,,,,,,,,,,,,,,,,,,,,,,,,,,,,,,,,,,,,,,,,,,,,,,,,,,,,,,,,,,,,,,,,,,,,,,,,,,,,,,,,,,,,,,,,,,,,,,,,,,,,,,,,,,,,,,,,,,,,,,,,,,,,,,,263,2 21,1,2,113,°~——s«150,263,1.220,,,,,,,,,,,,,,,,,,,,,,,,,,,,,,,,,,,,,,,,,,,,,,,,,,,,,,,,,,,,,,,,,,,,,,,,,,,,,,,,,,,
17; NAGALAND oOo o ( fe) fe) 0.00,28,CHANDIGARH [line 2],,,,,,,,,,,,,,,,,,,,,,,,,,,,,,,,,,,,,,,,,,,,,,,,,,,,,,,,,,,,,,,,,,,,,,,,,,,,,,,,,,,,,,,,,,,,,,,,,,,,,,,,,,,,,,,,,,,,,,,,,,,,,,,,,,,,,,,,,,,,,,,,,,,0,oO,Oo,,Oo,0,,0.00,,,,,,,,,,,,,,,,,,,,,,,,,,,,,,,,,,,,,,,,,,,,,,,,,,,,,,,,,,,,,,,,,,,,,,,,,,,,,,,,,,,
17; NAGALAND oOo o ( fe) fe) 0.00,,- (tke,,,,,,,,,,,,,,,,,,,,,,,,,,,,,,,,,,,,,,,,,,,,,,,,,,,,,,,,,,,,,,,,,,,,,,,,,,,,,,,,,,,,,,,,,,,,,,,,,,,,,,,,,,,,,,,,,,,,,,,,,,,,,,,,,,,,,,,,,,,,,,,,,,,,56,,CUT,,,,0.48,,,,,,,,,,,,,,,,,,,,,,,,,,,,,,,,,,,,,,,,,,,,,,,,,,,,,,,,,,,,,,,,,,,,,,,,,,,,,,,,,,,
17; NAGALAND oOo o ( fe) fe) 0.00,,37.) CHENNAI,,,,,,,,,,,,,,,,,,,,,,,,,,,,,,,,,,,,,,,,,,,,,,,,,,,,,,,,,,,,,,,,,,,,,,,,,,,,,,,,,,,,,,,,,,,,,,,,,,,,,,,,,,,,,,,,,,,,,,,,,,,,,,,,,,,,,,,,,,,,,,,,,,,,,,Oo,0,0,0,0.00,,,,,,,,,,,,,,,,,,,,,,,,,,,,,,,,,,,,,,,,,,,,,,,,,,,,,,,,,,,,,,,,,,,,,,,,,,,,,,,,,,,
17; NAGALAND oOo o ( fe) fe) 0.00,,"38, COIMBATORE",,,,,,,,,,,,,,,,,,,,,,,,,,,,,,,,,,,,,,,,,,,,,,,,,,,,,,,,,,,,,,,,,,,,,,,,,,,,,,,,,,,,,,,,,,,,,,,,,,,,,,,,,,,,,,,,,,,,,,,,,,,,,,,,,,,,,,,,,,,,,,,,,,,2,Oo,0,,oO,0,Oo,0.00,,,,,,,,,,,,,,,,,,,,,,,,,,,,,,,,,,,,,,,,,,,,,,,,,,,,,,,,,,,,,,,,,,,,,,,,,,,,,,,,,,,
GOA,14,MAHARASHTRA [line 2],,,,,,,,,,,,,,,,,,,,,,,,,,,,,,,,,,,,,,,,,,,,,,,,,,,,,,,,,,,,,,,,,,,,,,,,,,,,,,,,,,,,,,,,,,,,,,,,,,,,,,,,,,,,,,,,,,,,,,,,,,,,,,,,,,,,,,,,,,,,,,,,,,,,,,,,,,,0.00,,,,,,,,,,,,,,,,,,,,,,,,,,,,,,,,,,,,,,,,,,,,,,,,,,,,,,,,,,,,,,,,,,,,,,,,,,,,,,,,,,
GOA,,"18, MEGHALAYA",,,,,,,,,,,,,,,,,,,,,,,,,,,,,,,,,,,,,,,,,,,,,,,,,,,,,,,,,,,,,,,,,,,,,,,,,,,,,,,,,,,,,,,,,,,,,,,,,,,,,,,,,,,,,,,,,,,,,,,,,,,,,,,,,,,,,,,,,,,,,,,,,,,,,,,,,,,0.00,,,,,,,,,,,,,,,,,,,,,,,,,,,,,,,,,,,,,,,,,,,,,,,,,,,,,,,,,,,,,,,,,,,,,,,,,,,,,,,,,,
GOA,25,WEST,,,,,,,,,,,,,,,,,,,,,,,,,,,,,,,,,,,,,,,,,,,,,,,,,,,,,,,,,,,,,,,,,,,,,,,,,,,,,,,,,,,,,,,,,,,,,,,,,,,,,,,,,,,,,,,,,,,,,,,,,,,,,,,,,,,,,,,,,,,,,,,,,,,,,,,,,,,0.02,,,,,,,,,,,,,,,,,,,,,,,,,,,,,,,,,,,,,,,,,,,,,,,,,,,,,,,,,,,,,,,,,,,,,,,,,,,,,,,,,,
GOA,,0,,,,,,,,,,,,,,,,,,,,,,,,,,,,,,,,,,,,,,,,,,,,,,,,,,,,,,,,,,,,,,,,,,,,,,,,,,,,,,,,,,,,,,,,,,,,,,,,,,,,,,,,,,,,,,,,,,,,,,,,,,,,,,,,,,,,,,,,,,,,,,,,,,,,,,,,,,,0.09,,,,,,,,,,,,,,,,,,,,,,,,,,,,,,,,,,,,,,,,,,,,,,,,,,,,,,,,,,,,,,,,,,,,,,,,,,,,,,,,,,
GOA,28,D&NHAVELL,,,,,,,,,,,,,,,,,,,,,,,,,,,,,,,,,,,,,,,,,,,,,,,,,,,,,,,,,,,,,,,,,,,,,,,,,,,,,,,,,,,,,,,,,,,,,,,,,,,,,,,,,,,,,,,,,,,,,,,,,,,,,,,,,,,,,,,,,,,,,,,,,,,,,,,,,,,0.00,,,,,,,,,,,,,,,,,,,,,,,,,,,,,,,,,,,,,,,,,,,,,,,,,,,,,,,,,,,,,,,,,,,,,,,,,,,,,,,,,,
GOA,30,oO,,,,,,,,,,,,,,,,,,,,,,,,,,,,,,,,,,,,,,,,,,,,,,,,,,,,,,,,,,,,,,,,,,,,,,,,,,,,,,,,,,,,,,,,,,,,,,,,,,,,,,,,,,,,,,,,,,,,,,,,,,,,,,,,,,,,,,,,,,,,,,,,,,,,,,,,,,,0.00,,,,,,,,,,,,,,,,,,,,,,,,,,,,,,,,,,,,,,,,,,,,,,,,,,,,,,,,,,,,,,,,,,,,,,,,,,,,,,,,,,
GOA,,2I0,,,,,,,,,,,,,,,,,,,,,,,,,,,,,,,,,,,,,,,,,,,,,,,,,,,,,,,,,,,,,,,,,,,,,,,,,,,,,,,,,,,,,,,,,,,,,,,,,,,,,,,,,,,,,,,,,,,,,,,,,,,,,,,,,,,,,,,,,,,,,,,,,,,,,,,,,,,009,,,,,,,,,,,,,,,,,,,,,,,,,,,,,,,,,,,,,,,,,,,,,,,,,,,,,,,,,,,,,,,,,,,,,,,,,,,,,,,,,,
GOA,34,OOO,,,,,,,,,,,,,,,,,,,,,,,,,,,,,,,,,,,,,,,,,,,,,,,,,,,,,,,,,,,,,,,,,,,,,,,,,,,,,,,,,,,,,,,,,,,,,,,,,,,,,,,,,,,,,,,,,,,,,,,,,,,,,,,,,,,,,,,,,,,,,,,,,,,,,,,,,,,0.00,,,,,,,,,,,,,,,,,,,,,,,,,,,,,,,,,,,,,,,,,,,,,,,,,,,,,,,,,,,,,,,,,,,,,,,,,,,,,,,,,,
GOA,,35; BHOPAL.,,,,,,,,,,,,,,,,,,,,,,,,,,,,,,,,,,,,,,,,,,,,,,,,,,,,,,,,,,,,,,,,,,,,,,,,,,,,,,,,,,,,,,,,,,,,,,,,,,,,,,,,,,,,,,,,,,,,,,,,,,,,,,,,,,,,,,,,,,,,,,,,,,,,,,,,,,,0.00,,,,,,,,,,,,,,,,,,,,,,,,,,,,,,,,,,,,,,,,,,,,,,,,,,,,,,,,,,,,,,,,,,,,,,,,,,,,,,,,,,
COIMBATORE,,"39, DELHI",,,,,,,,,,,,,,,,,,,,,,,,,,,,,,,,,,,,,,,,,,,,,,,,,,,,,,,,,,,,,,,,,,,,,,,,,,,,,,,,,,,,,,,,,,,,,,,,,,,,,,,,,,,,,,,,,,,,,,,,,,,,,,,,,,,,,,,,,,,,,,,,,,,,,,,,,,,0.00,,,,,,,,,,,,,,,,,,,,,,,,,,,,,,,,,,,,,,,,,,,,,,,,,,,,,,,,,,,,,,,,,,,,,,,,,,,,,,,,,,
17 NAGALAND fe) (0) fe) fe) fe) (e) 0.00,23,TAMIL NADU [line 2],,,,,,,,,,,,,,,,,,,,,,,,,,,,,,,,,,,,,,,,,,,,,,,,,,,,,,,,,,,,,,,,,,,,,,,,,,,,,,,,,,,,,,,,,,,,,,,,,,,,,,,,,,,,,,,,,,,,,,,,,,,,,,,,,,,,,,,,,,,,,,,,,,,,,,,,,,,,,,,,,,,,0,fe),(0),0,(0),fe),0,"0.00,",,,,,,,,,0,,0,,0,,0.00,,,,,,,,,,,,,,,,,,,,,,,,,,,,,,,,,,,,,,,,,,,,,,,,,,,
17 NAGALAND fe) (0) fe) fe) fe) (e) 0.00,25,UTTAR PRADESH [line 2],,,,,,,,,,,,,,,,,,,,,,,,,,,,,,,,,,,,,,,,,,,,,,,,,,,,,,,,,,,,,,,,,,,,,,,,,,,,,,,,,,,,,,,,,,,,,,,,,,,,,,,,,,,,,,,,,,,,,,,,,,,,,,,,,,,,,,,,,,,,,,,,,,,,,,,,,,,,,,,,,,,,709,100,55,155,321,281,602,4.81,,,,,,,,,,,,,,,,,,,,,,,,,,,,,,,,,,,,,,,,,,,,,,,,,,,,,,,,,,,,,,,,,,
17 NAGALAND fe) (0) fe) fe) fe) (e) 0.00,31,DAMAN & DIU [line 3],,,,,,,,,,,,,,,,,,,,,,,,,,,,,,,,,,,,,,,,,,,,,,,,,,,,,,,,,,,,,,,,,,,,,,,,,,,,,,,,,,,,,,,,,,,,,,,,,,,,,,,,,,,,,,,,,,,,,,,,,,,,,,,,,,,,,,,,,,,,,,,,,,,,,,,,,,,,,,,,,,,,0,0,,Oo,8,,oO,"0,00",,,,,,,,,,,,,,,,,,,,,,,,,,,,,,,,,,,,,,,,,,,,,,,,,,,,,,,,,,,,,,,,,,
,,14.,,,,,,,,,,,,,,,,,,,,,,,,,,,,,,,,,,,,,,,,,,,,,,,,,,,,,,,,,,,,,,,,,,,,,,,,,,,,,,,,,,,,,,,,,,,,,,,,,,,,,,,,,,,,,,,,,,,,,,,,,,,,,,,,,,,,,,,,,,,,,,,,,,,,,,,,,,,,,,,,,,,,,,,,,,,,2,0,,,2,1,3,1.20,,,,,,,,,,,,,,,,,,,,,,,,,,,,,,,,,,,,,,,,,,,,,,,,,,,,,,,,,,
17. ) ) ce) ce) 6.90,,19;,,,,,,,,,,,,,,,,,,,,,,,,,,,,,,,,,,,,,,,,,,,,,,,,,,,,,,,,,,,,,,,,,,,,,,,,,,,,,,,,,,,,,,,,,,,,,,,,,,,,,,,,,,,,,,,,,,,,,,,,,,,,,,,,,,,,,,,,,,,,,,,,,,,,,,,,,,,,,,,,,,,,,,,,,,,,624,2,4,6,448,170,618,14.20,,,,,,,,,,,,,,,,,,,,,,,,,,,,,,,,,,,,,,,,,,,,,,,,,,,,,,,,,,
17. ) ) ce) ce) 6.90,,21°,,,,,,,,,,,,,,,,,,,,,,,,,,,,,,,,,,,,,,,,,,,,,,,,,,,,,,,,,,,,,,,,,,,,,,,,,,,,,,,,,,,,,,,,,,,,,,,,,,,,,,,,,,,,,,,,,,,,,,,,,,,,,,,,,,,,,,,,,,,,,,,,,,,,,,,,,,,,,,,,,,,,,,,,,,,,1,,fe),0,fe),1,1,1.00,,,,,,,,,,,,,,,,,,,,,,,,,,,,,,,,,,,,,,,,,,,,,,,,,,,,,,,,,,
17. ) ) ce) ce) 6.90,,23°,,,,,,,,,,,,,,,,,,,,,,,,,,,,,,,,,,,,,,,,,,,,,,,,,,,,,,,,,,,,,,,,,,,,,,,,,,,,,,,,,,,,,,,,,,,,,,,,,,,,,,,,,,,,,,,,,,,,,,,,,,,,,,,,,,,,,,,,,,,,,,,,,,,,,,,,,,,,,,,,,,,,,,,,,,,,5,6,0,6,11,5,16,6.20,,,,,,,,,,,,,,,,,,,,,,,,,,,,,,,,,,,,,,,,,,,,,,,,,,,,,,,,,,
17. ) ) ce) ce) 6.90,,24,,,,,,,,,,,,,,,,,,,,,,,,,,,,,,,,,,,,,,,,,,,,,,,,,,,,,,,,,,,,,,,,,,,,,,,,,,,,,,,,,,,,,,,,,,,,,,,,,,,,,,,,,,,,,,,,,,,,,,,,,,,,,,,,,,,,,,,,,,,,,,,,,,,,,,,,,,,,,,,,,,,,,,,,,,,,1017,76,29,105,782,,471-1253,5.90,,,,,,,,,,,,,,,,,,,,,,,,,,,,,,,,,,,,,,,,,,,,,,,,,,,,,,,,,,
States:,5,ASSAM [line 3],,,,,,,,,,,,,,,,,,,,,,,,,,,,,,,,,,,,,,,,,,,,,,,,,,,,,,,,,,,,,,,,,,,,,,,,,,,,,,,,,,,,,,,,,,,,,,,,,,,,,,,,,,,,,,,,,,,,,,,,,,,,,,,,,,,,,,,,,,,,,,,,,,,,,,,,,,,,,,,,,,,,,,,,,,,,,,,,,,,,,,,,,,,,,,0,,,,0.00,,,,,,,,,,,,,,,,,,,,,,,,,,,,,,,,,,,,,,,,,,,
States:,,“14 MANIPUR,,,,,,,,,,,,,,,,,,,,,,,,,,,,,,,,,,,,,,,,,,,,,,,,,,,,,,,,,,,,,,,,,,,,,,,,,,,,,,,,,,,,,,,,,,,,,,,,,,,,,,,,,,,,,,,,,,,,,,,,,,,,,,,,,,,,,,,,,,,,,,,,,,,,,,,,,,,,,,,,,,,,,,,,,,,,,,,,,,,,,,,,,,,,,0,,,fe),,9.00,,,,,,,,,,,,,,,,,,,,,,,,,,,,,,,,,,,,,,,,,,,
States:,19,ORISSA [line 2],,,,,,,,,,,,,,,,,,,,,,,,,,,,,,,,,,,,,,,,,,,,,,,,,,,,,,,,,,,,,,,,,,,,,,,,,,,,,,,,,,,,,,,,,,,,,,,,,,,,,,,,,,,,,,,,,,,,,,,,,,,,,,,,,,,,,,,,,,,,,,,,,,,,,,,,,,,,,,,,,,,,,,,,,,,,,,,,,,,,,,,,,,,8,0,0,oO,3,5,8,0.18,,,,,,,,,,,,,,,,,,,,,,,,,,,,,,,,,,,,,,,,,,,
States:,7,(22,,,,,,,,,,,,,,,,,,,,,,,,,,,,,,,,,,,,,,,,,,,,,,,,,,,,,,,,,,,,,,,,,,,,,,,,,,,,,,,,,,,,,,,,,,,,,,,,,,,,,,,,,,,,,,,,,,,,,,,,,,,,,,,,,,,,,,,,,,,,,,,,,,,,,,,,,,,,,,,,,,,,,,,,,,,,,,,,,,,,,,,,,,,8,0,1 0,0,6,2,8,0.04,,,,,,,,,,,,,,,,,,,,,,,,,,,,,,,,,,,,,,,,,,,
States:,,WESTBENGAL [line 2],,,,,,,,,,,,,,,,,,,,,,,,,,,,,,,,,,,,,,,,,,,,,,,,,,,,,,,,,,,,,,,,,,,,,,,,,,,,,,,,,,,,,,,,,,,,,,,,,,,,,,,,,,,,,,,,,,,,,,,,,,,,,,,,,,,,,,,,,,,,,,,,,,,,,,,,,,,,,,,,,,,,,,,,,,,,,,,,,,,,,,,,,,,807,,40,BT,97,2295,820,0.35,,,,,,,,,,,,,,,,,,,,,,,,,,,,,,,,,,,,456566,267276,- «62164,329440,=—s169814,67335,«237149,100.00
States:,53,52 - SURAT ee ee ee) ee ee 0.40 VADODARA,,,,,,,,,,,,,,,,,,,,,,,,,,,,,,,,,,,,,,,,,,,,,,,,,,,,,,,,,,,,,,,,,,,,,,,,,,,,,,,,,,,,,,,,,,,,,,,,,,,,,,,,,,,,,,,,,,,,,,,,,,,,,,,,,,,,,,,,,,,,,,,,,,,,,,,,,,,,,,,,,,,,,,,,,,,,,,,,,,,,,,,,,,,,,OO,,OO,0,Oo,0.00,,,,,,,,,,,,,,,,,,,,,,,,,,,,,,,,,,,,,,,,,,,
States:,19,6,,,,,,,,,,,,,,,,,,,,,,,,,,,,,,,,,,,,,,,,,,,,,,,,,,,,,,,,,,,,,,,,,,,,,,,,,,,,,,,,,,,,,,,,,,,,,,,,,,,,,,,,,,,,,,,,,,,,,,,,,,,,,,,,,,,,,,,,,,,,,,,,,,,,,,,,,,,,,,,,,,,,,,,,,,,,,,,,,,,,,,,,,,,,,,,,,,,,,,,,,,,,,,5,1,6,0.14,,,,,,,,,,,,,,,,,,,,,,,,,,,,
States:,,3035,,,,,,,,,,,,,,,,,,,,,,,,,,,,,,,,,,,,,,,,,,,,,,,,,,,,,,,,,,,,,,,,,,,,,,,,,,,,,,,,,,,,,,,,,,,,,,,,,,,,,,,,,,,,,,,,,,,,,,,,,,,,,,,,,,,,,,,,,,,,,,,,,,,,,,,,,,,,,,,,,,,,,,,,,,,,,,,,,,,,,,,,,,,,,,,,,,,,,,,,,,,159,"30,",189,2316,2005,2836,1.20,,,,,,,,,,,,,,,,,,,,,,,,,,,,
27. CHANDIGARH o oO oOo o Oo } 0.00,29,& DIU,,,,,,,,,,,,,,,,,,,,,,,,,,,,,,,,,,,,,,,,,,,,,,,,,,,,,,,,,,,,,,,,,,,,,,,,,,,,,,,,,,,,,,,,,,,,,,,,,,,,,,,,,,,,,,,,,,,,,,,,,,,,,,,,,,,,,,,,,,,,,,,,,,,,,,,,,,,,,,,,,,,,,,,,,,,,,,,,,,,,,,,,,,,,,,,,,,,,,,,,,,,0,,0,Oo,oO,0,0.00,,,,,,,,,,,,,,,,,,,,,,,,,,,,
27. CHANDIGARH o oO oOo o Oo } 0.00,,3035,,,,,,,,,,,,,,,,,,,,,,,,,,,,,,,,,,,,,,,,,,,,,,,,,,,,,,,,,,,,,,,,,,,,,,,,,,,,,,,,,,,,,,,,,,,,,,,,,,,,,,,,,,,,,,,,,,,,,,,,,,,,,,,,,,,,,,,,,,,,,,,,,,,,,,,,,,,,,,,,,,,,,,,,,,,,,,,,,,,,,,,,,,,,,,,,,,,,,,,,,,,159,30,1895,2316,520,2836,1.16,,,,,,,,,,,,,,,,,,,,,,,,,,,,
23. fe) fe) fe) fe) 0 ) 0.00,28,D&NHAVEL,,,,,,,,,,,,,,,,,,,,,,,,,,,,,,,,,,,,,,,,,,,,,,,,,,,,,,,,,,,,,,,,,,,,,,,,,,,,,,,,,,,,,,,,,,,,,,,,,,,,,,,,,,,,,,,,,,,,,,,,,,,,,,,,,,,,,,,,,,,,,,,,,,,,,,,,,,,,,,,,,,,,,,,,,,,,,,,,,,,,,,,,,,,,,,,,,,,,,,,,,,,,,,,,,,,,,,2,0,,0,4,0,4,3.33,,,,,,,,,,,,,,,,
23. fe) fe) fe) fe) 0 ) 0.00,,i,,,,,,,,,,,,,,,,,,,,,,,,,,,,,,,,,,,,,,,,,,,,,,,,,,,,,,,,,,,,,,,,,,,,,,,,,,,,,,,,,,,,,,,,,,,,,,,,,,,,,,,,,,,,,,,,,,,,,,,,,,,,,,,,,,,,,,,,,,,,,,,,,,,,,,,,,,,,,,,,,,,,,,,,,,,,,,,,,,,,,,,,,,,,,,,,,,,,,,,,,,,,,,,,,,,,,,19183,1413,442,1855,13662,5397,19059,7.80,,,,,,,,,,,,,,,,
47. oOo; oO; (0. fe) fe) 0.00,48,BAT,,,,,,,,,,,,,,,,,,,,,,,,,,,,,,,,,,,,,,,,,,,,,,,,,,,,,,,,,,,,,,,,,,,,,,,,,,,,,,,,,,,,,,,,,,,,,,,,,,,,,,,,,,,,,,,,,,,,,,,,,,,,,,,,,,,,,,,,,,,,,,,,,,,,,,,,,,,,,,,,,,,,,,,,,,,,,,,,,,,,,,,,,,,,,,,,,,,,,,,,,,,,,,,,,,,,,,,a,,BB,910,602,15120,17.77,,,,,,,,,,,,,,,,
47. oOo; oO; (0. fe) fe) 0.00,49,BAT [line 2],,,,,,,,,,,,,,,,,,,,,,,,,,,,,,,,,,,,,,,,,,,,,,,,,,,,,,,,,,,,,,,,,,,,,,,,,,,,,,,,,,,,,,,,,,,,,,,,,,,,,,,,,,,,,,,,,,,,,,,,,,,,,,,,,,,,,,,,,,,,,,,,,,,,,,,,,,,,,,,,,,,,,,,,,,,,,,,,,,,,,,,,,,,,,,,,,,,,,,,,,,,,,,,,,,,,,,846,0,fe),0,293,53,346,28.60,,,,,,,,,,,,,,,,
47. oOo; oO; (0. fe) fe) 0.00,50,BAT [line 3],,,,,,,,,,,,,,,,,,,,,,,,,,,,,,,,,,,,,,,,,,,,,,,,,,,,,,,,,,,,,,,,,,,,,,,,,,,,,,,,,,,,,,,,,,,,,,,,,,,,,,,,,,,,,,,,,,,,,,,,,,,,,,,,,,,,,,,,,,,,,,,,,,,,,,,,,,,,,,,,,,,,,,,,,,,,,,,,,,,,,,,,,,,,,,,,,,,,,,,,,,,,,,,,,,,,,,12,(0),,Oo,10,2,12,3.66,,,,,,,,,,,,,,,,
23 fe) fe) fo) fe) Oo 0.00,28,D&NHAVELI,,,,,,,,,,,,,,,,,,,,,,,,,,,,,,,,,,,,,,,,,,,,,,,,,,,,,,,,,,,,,,,,,,,,,,,,,,,,,,,,,,,,,,,,,,,,,,,,,,,,,,,,,,,,,,,,,,,,,,,,,,,,,,,,,,,,,,,,,,,,,,,,,,,,,,,,,,,,,,,,,,,,,,,,,,,,,,,,,,,,,,,,,,,,,,,,,,,,,,,,,,,,,,,,,,,,,,,,,,,,,,2,0,fe),fe),2,fe),2,1.67,,,,,,,,
23 fe) fe) fo) fe) Oo 0.00,,Tascam,,,,,,,,,,,,,,,,,,,,,,,,,,,,,,,,,,,,,,,,,,,,,,,,,,,,,,,,,,,,,,,,,,,,,,,,,,,,,,,,,,,,,,,,,,,,,,,,,,,,,,,,,,,,,,,,,,,,,,,,,,,,,,,,,,,,,,,,,,,,,,,,,,,,,,,,,,,,,,,,,,,,,,,,,,,,,,,,,,,,,,,,,,,,,,,,,,,,,,,,,,,,,,,,,,,,,,,,,,,,,,17087,857,278,1135,912141,4774,16915,6.92,,,,,,,,
Cities:,,KANPUR [line 2],,,,,,,,,,,,,,,,,,,,,,,,,,,,,,,,,,,,,,,,,,,,,,,,,,,,,,,,,,,,,,,,,,,,,,,,,,,,,,,,,,,,,,,,,,,,,,,,,,,,,,,,,,,,,,,,,,,,,,,,,,,,,,,,,,,,,,,,,,,,,,,,,,,,,,,,,,,,,,,,,,,,,,,,,,,,,,,,,,,,,,,,,,,,,,,,,,,,,,,,,,,,,,,,,,,,,,,,,,,,,,,,,,,,,-,,,,,,,,
53. VADODARA i Oo. ° oO! Oo! 0.00,55,VARANASI [line 2],,,,,,,,,,,,,,,,,,,,,,,,,,,,,,,,,,,,,,,,,,,,,,,,,,,,,,,,,,,,,,,,,,,,,,,,,,,,,,,,,,,,,,,,,,,,,,,,,,,,,,,,,,,,,,,,,,,,,,,,,,,,,,,,,,,,,,,,,,,,,,,,,,,,,,,,,,,,,,,,,,,,,,,,,,,,,,,,,,,,,,,,,,,,,,,,,,,,,,,,,,,,,,,,,,,,,,,,,,,,,,8,,Oo:,Oo;,Oo!,8,8,1.87,,,,,,,,
,1,,,,,,,,,,,,,,,,,,,,,,,,,,,,,,,,,,,,,,,,,,,,,,,,,,,,,,,,,,,,,,,,,,,,,,,,,,,,,,,,,,,,,,,,,,,,,,,,,,,,,,,,,,,,,,,,,,,,,,,,,,,,,,,,,,,,,,,,,,,,,,,,,,,,,,,,,,,,,,,,,,,,,,,,,,,,,,,,,,,,,,,,,,,,,,,,,,,,,,,,,,,,,,,,,,,,,,,,,,,,,,,,,,,,,,,34770,25718,"8642,",,3136014490,,842319913,100.00
,,“6,,,,,,,,,,,,,,,,,,,,,,,,,,,,,,,,,,,,,,,,,,,,,,,,,,,,,,,,,,,,,,,,,,,,,,,,,,,,,,,,,,,,,,,,,,,,,,,,,,,,,,,,,,,,,,,,,,,,,,,,,,,,,,,,,,,,,,,,,,,,,,,,,,,,,,,,,,,,,,,,,,,,,,,,,,,,,,,,,,,,,,,,,,,,,,,,,,,,,,,,,,,,,,,,,,,,,,,,,,,,,,,,,,,,,,82879,20465,4012,24477,10649,,809015739,100.00
,,i8,,,,,,,,,,,,,,,,,,,,,,,,,,,,,,,,,,,,,,,,,,,,,,,,,,,,,,,,,,,,,,,,,,,,,,,,,,,,,,,,,,,,,,,,,,,,,,,,,,,,,,,,,,,,,,,,,,,,,,,,,,,,,,,,,,,,,,,,,,,,,,,,,,,,,,,,,,,,,,,,,,,,,,,,,,,,,,,,,,,,,,,,,,,,,,,,,,,,,,,,,,,,,,,,,,,,,,,,,,,,,,,,,,,,,,10293,5805,1339,7144,4205,1897,5802,100.00
,19,i8 [line 2],,,,,,,,,,,,,,,,,,,,,,,,,,,,,,,,,,,,,,,,,,,,,,,,,,,,,,,,,,,,,,,,,,,,,,,,,,,,,,,,,,,,,,,,,,,,,,,,,,,,,,,,,,,,,,,,,,,,,,,,,,,,,,,,,,,,,,,,,,,,,,,,,,,,,,,,,,,,,,,,,,,,,,,,,,,,,,,,,,,,,,,,,,,,,,,,,,,,,,,,,,,,,,,,,,,,,,,,,,,,,,,,,,,,,,4462,0 391,94,485,3463,885,4348,100.00
,26,ABNISLANDS,,,,,,,,,,,,,,,,,,,,,,,,,,,,,,,,,,,,,,,,,,,,,,,,,,,,,,,,,,,,,,,,,,,,,,,,,,,,,,,,,,,,,,,,,,,,,,,,,,,,,,,,,,,,,,,,,,,,,,,,,,,,,,,,,,,,,,,,,,,,,,,,,,,,,,,,,,,,,,,,,,,,,,,,,,,,,,,,,,,,,,,,,,,,,,,,,,,,,,,,,,,,,,,,,,,,,,,,,,,,,,,,,,,,,,245,,20,191,99,27,126,100.00
,28,,,,,,,,,,,,,,,,,,,,,,,,,,,,,,,,,,,,,,,,,,,,,,,,,,,,,,,,,,,,,,,,,,,,,,,,,,,,,,,,,,,,,,,,,,,,,,,,,,,,,,,,,,,,,,,,,,,,,,,,,,,,,,,,,,,,,,,,,,,,,,,,,,,,,,,,,,,,,,,,,,,,,,,,,,,,,,,,,,,,,,,,,,,,,,,,,,,,,,,,,,,,,,,,,,,,,,,,,,,,,,,,,,,,,,,142,BI,3,"102,","79,",41,120,100.00
,,30: DELHI (UT),,,,,,,,,,,,,,,,,,,,,,,,,,,,,,,,,,,,,,,,,,,,,,,,,,,,,,,,,,,,,,,,,,,,,,,,,,,,,,,,,,,,,,,,,,,,,,,,,,,,,,,,,,,,,,,,,,,,,,,,,,,,,,,,,,,,,,,,,,,,,,,,,,,,,,,,,,,,,,,,,,,,,,,,,,,,,,,,,,,,,,,,,,,,,,,,,,,,,,,,,,,,,,,,,,,,,,,,,,,,,,,,,,,,,,13756,8093,1088,9181,4625,1361,5986,100.00
