section,sl_no,State/District,Murder with Rape/Gang Rape,Dowry Deaths (Sec. 304B IPC),Abetment to Suicide of Women (Sec. 305/306 IPC),Miscarriage (Sec. 313 & 314 IPC),Acid Attack (Sec. 326A IPC),Attempt to Acid Attack (Sec. 326B IPC),Cruelty by Husband or his relatives (Sec. 498 A IPC),"Kidnapping & Abduction of Women | Kidnapping & Abduction of Women (Total) (Col.11 to Col.14,Col.17 to Col.19) Col.25=Col. 28+Col.31+Col.34+Col.37+Col.40+Col.43+Col.52)",Kidnapping & Abduction of Women | Kidnapping & Abduction (Sec. 336 IPC),Kidnapping & Abduction of Women | Kidnapping & Abduction in order to Murder (Sec. 364 IPC),Kidnapping & Abduction of Women | Kidnapping for Ransom (Sec. 364A IPC),Kidnapping & Abduction of Women | Kidnapping & Abduction of Women to compel her for marriage (Sec. 366 IPC) | K&A of Women to compel her for marriage (Total) (Col.15+Col.16),Kidnapping & Abduction of Women | Kidnapping & Abduction of Women to compel her for marriage (Sec. 366 IPC) | Women (Above 18 yrs),Kidnapping & Abduction of Women | Kidnapping & Abduction of Women to compel her for marriage (Sec. 366 IPC) | Girls (Below 18 yrs),Kidnapping & Abduction of Women | Procuration of Minor Girls (Sec. 366A IPC),Kidnapping & Abduction of Women | Importation of Girls from Foreign Country (Sec. 366B IPC),"Kidnapping & Abduction of Women | Kidnapping and Abduction of Women – Others (Secs.363A, 365, 367, 368, 369 IPC)",Human Trafficking (Sec. 370 & 370A IPC),Selling of Minor Girls (Sec. 372 IPC),Buying of Minor Girls (Sec. 373 IPC),Rape (Sec. 376 IPC) | Rape (Col.24+Col.25),Rape (Sec. 376 IPC) | Women (18 Yrs. And above),Rape (Sec. 376 IPC) | Girls (Below 18 yrs),Attempt to Commit Rape (Sec. 376/511 IPC) | Attempt to Commit Rape (Col.27+Col.28),Attempt to Commit Rape (Sec. 376/511 IPC) | Women (18 Yrs. And above),Attempt to Commit Rape (Sec. 376/511 IPC) | Girls (Below 18 yrs),Assault on Women with Intent to Outrage her Modesty (Sec. 354 IPC) | Assault on Women with Intent to Outrage her Modesty (Col.30+Col.31),Assault on Women with Intent to Outrage her Modesty (Sec. 354 IPC) | Women (18 Yrs. And above),Assault on Women with Intent to Outrage her Modesty (Sec. 354 IPC) | Girls (Below 18 yrs),Insult to the Modesty of Women (Sec. 509 IPC) | Insult to the Modesty of Women (Col.33+Col.34),Insult to the Modesty of Women (Sec. 509 IPC) | Women (18 Yrs. And above),Insult to the Modesty of Women (Sec. 509 IPC) | Girls (Below 18 yrs),"Dowry Prohibition Act, 1961","Immoral Traffic (Prevention) Act 1956 (Women Victims cases only) | Immoral Traffic (Prevention) Act, 1956 (Total) (Col. 37 to Col.41)","Immoral Traffic (Prevention) Act 1956 (Women Victims cases only) | Procuring, inducing Children for the sake of prostitution (Section 5)",Immoral Traffic (Prevention) Act 1956 (Women Victims cases only) | Detaining a person in premises where prostitution is carried on (Section 6),Immoral Traffic (Prevention) Act 1956 (Women Victims cases only) | Prostitution in or in the vicinity of public places (Section 7),Immoral Traffic (Prevention) Act 1956 (Women Victims cases only) | Seducing or soliciting for purpose of prostitution (Section 8),Immoral Traffic (Prevention) Act 1956 (Women Victims cases only) | Other Sections under ITP Act,Protection of Women from Domestic Violence Act,Cyber Crimes/Information Technology Act (Women Centric Crimes only) | Cyber Crimes/Information Technology Act (Women Centric Crimes only) (Col.44+Col.45),Cyber Crimes/Information Technology Act (Women Centric Crimes only) | Publishing or Transmitting of Sexually Explicit Material (Sec. 67A/67B (Girls) IT Act),Cyber Crimes/Information Technology Act (Women Centric Crimes only) | Other Women Centric Cyber Crimes (Ex. Blackmailing/ Defamation/Morphing/ Fake Profile),Protection of Children from Sexual Violence Act (Girl Child Victims only) | Protection of Children from Sexual Violence Act (Girl Child Victims only) (Total) (Col.47 to Col.52),Protection of Children from Sexual Violence Act (Girl Child Victims only) | Child Rape (Sec. 4 & 6 of POCSO Act) / Sec. 376 IPC),Protection of Children from Sexual Violence Act (Girl Child Victims only) | Sexual Assault of Children (Sec. 8 & 10 of POCSO Act) / Sec. 354 IPC),Protection of Children from Sexual Violence Act (Girl Child Victims only) | Sexual Harassment (Sec. 12 of POCSO Act) / Sec. 509 IPC),Protection of Children from Sexual Violence Act (Girl Child Victims only) | Use of Child for Pornography/Storing Child Pornography Material (Sec. 14 & 15 of POCSO Act),Protection of Children from Sexual Violence Act (Girl Child Victims only) | POCSO Act (Sections 17 to 22) / Other offences of POCSO Act,Protection of Children from Sexual Violence Act (Girl Child Victims only) | POCSO Act r/w Section 377 IPC / Unnatural Offences,"Indecent Representation of Women (Prohibition) Act, 1986",Total Crime against Women (IPC+SLL)
State: Andrha Pradesh,1,Anantapur,0,14,55,0,0,0,471,66,11,0,4,32,7,25,16,0,3,2,0,0,43,20,23,11,10,1,417,408,9,8,7,1,0,10,10,0,0,0,0,0,0,0,0,3,0,3,0,0,0,0,0,1100
State: Andrha Pradesh,2,Chittoor,0,8,24,1,0,0,212,10,5,0,0,3,1,2,2,0,0,0,0,0,24,6,18,9,4,5,168,163,5,12,12,0,28,0,0,0,0,0,0,0,0,0,0,9,6,2,1,0,0,0,0,505
State: Andrha Pradesh,3,Cuddapah,0,15,134,0,0,0,481,23,1,0,0,7,1,6,15,0,0,2,0,0,41,23,18,6,4,2,495,490,5,60,59,1,7,4,0,4,0,0,0,0,1,1,0,21,15,2,3,0,0,1,0,1290
State: Andrha Pradesh,4,East Godavari,0,10,18,0,1,0,601,21,10,0,0,4,4,0,6,0,1,0,0,0,108,19,89,12,9,3,507,465,42,127,124,3,2,0,0,0,0,0,0,0,0,0,0,2,0,1,1,0,0,0,1,1410
State: Andrha Pradesh,5,Guntakal Railway,0,3,1,0,0,0,1,0,0,0,0,0,0,0,0,0,0,0,0,0,0,0,0,0,0,0,3,3,0,4,4,0,0,0,0,0,0,0,0,0,0,0,0,2,0,2,0,0,0,0,0,14
State: Andrha Pradesh,6,Guntur,0,14,49,0,0,0,558,86,7,0,0,7,2,5,69,0,3,0,0,0,90,32,58,27,17,10,328,301,27,387,380,7,0,5,0,0,0,0,5,0,0,0,0,0,0,0,0,0,0,0,0,1544
State: Andrha Pradesh,7,Guntur Urban,0,1,35,0,0,0,335,76,2,0,0,74,3,71,0,0,0,0,0,0,38,14,24,8,5,3,158,133,25,184,179,5,1,45,0,0,0,0,45,0,2,0,2,5,0,1,4,0,0,0,1,889
State: Andrha Pradesh,8,Krishna,0,14,33,0,0,0,620,86,49,0,0,16,6,10,0,0,21,0,0,0,81,35,46,18,11,7,441,405,36,221,215,6,0,4,0,0,0,0,4,0,0,0,0,0,0,0,0,0,0,0,0,1518
State: Andrha Pradesh,9,Kurnool,3,18,68,1,0,0,313,40,3,0,0,17,2,15,17,0,3,0,0,0,34,17,17,6,6,0,339,336,3,410,409,1,395,5,4,0,1,0,0,0,0,0,0,26,15,6,5,0,0,0,0,1658
State: Andrha Pradesh,10,Nellore,0,6,28,0,0,0,469,26,14,0,0,9,1,8,1,0,2,0,0,0,58,15,43,15,13,2,296,296,0,90,88,2,0,13,0,0,0,0,13,0,0,0,0,13,0,10,2,0,1,0,0,1014
State: Andrha Pradesh,11,Prakasham,0,6,37,0,0,0,598,50,15,0,0,25,10,15,5,0,5,10,0,0,91,35,56,13,13,0,373,368,5,4,4,0,1,0,0,0,0,0,0,0,0,0,0,96,56,20,20,0,0,0,0,1279
State: Andrha Pradesh,12,Rajahmundry,0,1,12,1,0,0,163,4,0,0,0,3,0,3,1,0,0,2,0,0,26,15,11,4,2,2,98,92,6,31,26,5,0,9,4,0,0,0,5,0,0,0,0,0,0,0,0,0,0,0,0,351
State: Andrha Pradesh,13,Srikakulam,1,7,18,0,0,0,224,10,0,0,0,10,0,10,0,0,0,1,0,0,37,10,27,0,0,0,97,88,9,7,7,0,0,1,1,0,0,0,0,0,1,0,1,3,2,0,1,0,0,0,0,407
State: Andrha Pradesh,14,Tirupathi Urban,0,7,7,0,0,0,86,18,0,0,0,4,1,3,0,0,14,0,0,0,17,2,15,4,2,2,83,81,2,55,55,0,0,1,0,0,0,0,1,0,0,0,0,18,15,3,0,0,0,0,0,296
State: Andrha Pradesh,15,Vijayawada City,0,10,14,0,0,0,460,24,9,0,0,10,3,7,5,0,0,18,0,0,79,41,38,2,1,1,275,233,42,135,117,18,0,4,0,0,0,0,4,0,9,0,9,0,0,0,0,0,0,0,0,1030
State: Andrha Pradesh,16,Vijayawada Railway,0,0,2,0,0,0,1,1,1,0,0,0,0,0,0,0,0,0,0,0,0,0,0,0,0,0,7,6,1,2,2,0,0,0,0,0,0,0,0,0,0,0,0,0,0,0,0,0,0,0,0,13
State: Andrha Pradesh,17,Visakha Rural,0,1,6,0,0,0,116,18,16,0,0,2,2,0,0,0,0,0,0,0,35,27,8,5,4,1,148,142,6,24,23,1,0,0,0,0,0,0,0,0,0,0,0,3,0,0,3,0,0,0,0,356
State: Andrha Pradesh,18,Visakhapatnam,0,7,16,0,0,0,449,83,81,0,0,1,1,0,0,0,1,3,0,0,90,63,27,0,0,0,314,297,17,76,75,1,0,9,0,1,1,0,7,0,2,0,2,3,0,1,1,0,1,0,0,1052
State: Andrha Pradesh,19,Vizianagaram,1,3,7,0,0,0,221,6,6,0,0,0,0,0,0,0,0,0,0,0,36,18,18,2,1,1,102,97,5,53,53,0,0,0,0,0,0,0,0,0,0,0,0,8,4,3,1,0,0,0,0,439
State: Andrha Pradesh,20,West Godavari,1,7,33,0,1,0,777,64,15,0,0,24,2,22,1,0,24,4,0,0,60,60,0,33,23,10,480,474,6,108,108,0,0,11,5,0,3,0,3,0,0,0,0,165,70,53,42,0,0,0,0,1744
State: Andrha Pradesh,,Total,6,152,597,3,2,0,7156,712,245,0,4,248,46,202,138,0,77,42,0,0,988,452,536,175,125,50,5129,4878,251,1998,1947,51,434,121,24,5,5,0,87,0,15,1,14,377,183,107,84,0,2,1,2,17909
State: Arunachal Pradesh,1,Anjaw,0,0,0,0,0,0,0,1,0,0,0,0,0,0,0,0,1,0,0,0,0,0,0,0,0,0,2,2,0,0,0,0,0,0,0,0,0,0,0,0,0,0,0,0,0,0,0,0,0,0,0,3
State: Arunachal Pradesh,2,Changlang,0,0,0,0,0,0,1,5,1,0,0,3,3,0,0,0,1,0,0,0,3,1,2,0,0,0,3,2,1,0,0,0,0,0,0,0,0,0,0,0,0,0,0,0,0,0,0,0,0,0,0,12
State: Arunachal Pradesh,3,Crime Branch,0,0,0,0,0,0,0,0,0,0,0,0,0,0,0,0,0,0,0,0,0,0,0,0,0,0,0,0,0,0,0,0,0,0,0,0,0,0,0,0,0,0,0,0,0,0,0,0,0,0,0,0
State: Arunachal Pradesh,4,Dibang Valley,0,0,0,0,0,0,0,1,0,0,0,0,0,0,0,0,1,0,0,0,1,1,0,0,0,0,0,0,0,0,0,0,0,0,0,0,0,0,0,0,0,0,0,0,0,0,0,0,0,0,0,2
State: Arunachal Pradesh,5,Kameng East,0,0,0,0,0,0,1,1,0,0,0,0,0,0,0,0,1,0,0,0,4,3,1,0,0,0,6,6,0,0,0,0,0,0,0,0,0,0,0,0,0,0,0,0,0,0,0,0,0,0,0,12
State: Arunachal Pradesh,6,Kameng West,0,0,0,0,0,0,1,2,2,0,0,0,0,0,0,0,0,0,0,0,2,0,2,0,0,0,4,3,1,0,0,0,0,0,0,0,0,0,0,0,0,0,0,0,0,0,0,0,0,0,0,9
State: Arunachal Pradesh,7,Kurung Kumey,0,0,0,0,0,0,1,0,0,0,0,0,0,0,0,0,0,0,0,0,0,0,0,0,0,0,3,2,1,0,0,0,0,0,0,0,0,0,0,0,0,0,0,0,0,0,0,0,0,0,0,4
State: Arunachal Pradesh,8,Lohit,0,0,0,0,0,0,3,8,1,0,0,2,2,0,0,0,5,0,0,0,2,2,0,0,0,0,3,3,0,0,0,0,0,0,0,0,0,0,0,0,0,0,0,0,0,0,0,0,0,0,0,16
State: Arunachal Pradesh,9,Longding,0,0,0,0,0,0,0,0,0,0,0,0,0,0,0,0,0,0,0,0,7,2,5,0,0,0,2,2,0,0,0,0,0,0,0,0,0,0,0,0,0,0,0,0,0,0,0,0,0,0,0,9
State: Arunachal Pradesh,10,Lower Dibang Valley,0,0,0,0,0,0,0,0,0,0,0,0,0,0,0,0,0,0,0,0,0,0,0,0,0,0,2,2,0,0,0,0,0,0,0,0,0,0,0,0,0,0,0,0,0,0,0,0,0,0,0,2
State: Arunachal Pradesh,11,Papum Pare City,0,0,2,0,0,0,30,30,17,0,1,2,1,1,0,0,10,1,0,0,12,4,8,8,4,4,33,27,6,4,4,0,0,2,0,0,1,1,0,0,0,0,0,3,1,2,0,0,0,0,1,126
State: Arunachal Pradesh,12,Papum Pare Rural,0,0,0,0,0,0,0,0,0,0,0,0,0,0,0,0,0,0,0,0,3,1,2,0,0,0,0,0,0,0,0,0,0,0,0,0,0,0,0,0,0,0,0,2,2,0,0,0,0,0,0,5
State: Arunachal Pradesh,13,Siang East,0,0,1,0,0,0,11,12,1,0,0,3,3,0,6,0,2,0,0,0,7,2,5,6,6,0,9,9,0,0,0,0,0,0,0,0,0,0,0,0,0,0,0,0,0,0,0,0,0,0,0,46
State: Arunachal Pradesh,14,Siang Upper,0,0,0,0,0,0,0,3,0,0,0,3,3,0,0,0,0,0,0,0,1,0,1,0,0,0,1,1,0,0,0,0,0,0,0,0,0,0,0,0,0,0,0,0,0,0,0,0,0,0,0,5
State: Arunachal Pradesh,15,Siang West,0,0,0,0,0,0,1,4,2,0,0,1,0,1,0,0,1,0,0,0,6,2,4,0,0,0,5,1,4,0,0,0,0,0,0,0,0,0,0,0,0,0,0,0,0,0,0,0,0,0,0,16
State: Arunachal Pradesh,16,Subansiri Lower,0,0,0,0,0,0,2,2,0,0,0,0,0,0,0,0,2,0,0,0,0,0,0,0,0,0,2,2,0,0,0,0,0,0,0,0,0,0,0,0,0,0,0,0,0,0,0,0,0,0,0,6
State: Arunachal Pradesh,17,Subansiri Upper,0,0,1,0,0,0,5,2,1,0,0,1,1,0,0,0,0,0,0,0,2,2,0,2,2,0,9,9,0,0,0,0,0,0,0,0,0,0,0,0,0,0,0,3,2,1,0,0,0,0,0,24
State: Arunachal Pradesh,18,Tawang,0,0,0,0,0,0,0,0,0,0,0,0,0,0,0,0,0,0,0,0,1,0,1,0,0,0,0,0,0,0,0,0,0,0,0,0,0,0,0,0,0,0,0,0,0,0,0,0,0,0,0,1
State: Arunachal Pradesh,19,Tirap,0,0,0,0,0,0,0,0,0,0,0,0,0,0,0,0,0,0,0,0,0,0,0,1,1,0,3,3,0,0,0,0,0,0,0,0,0,0,0,0,0,0,0,0,0,0,0,0,0,0,0,4
State: Arunachal Pradesh,20,Namsai,0,0,0,0,0,0,0,2,0,0,0,0,0,0,1,0,1,0,0,0,2,2,0,1,1,0,7,7,0,0,0,0,0,0,0,0,0,0,0,0,0,0,0,6,5,1,0,0,0,0,0,18
State: Arunachal Pradesh,21,Siang,0,0,0,0,0,0,0,0,0,0,0,0,0,0,0,0,0,0,0,0,3,2,1,0,0,0,0,0,0,0,0,0,0,0,0,0,0,0,0,0,0,0,0,0,0,0,0,0,0,0,0,3
State: Arunachal Pradesh,22,Kamle,0,0,0,0,0,0,0,0,0,0,0,0,0,0,0,0,0,0,0,0,1,0,1,0,0,0,0,0,0,1,1,0,0,0,0,0,0,0,0,0,0,0,0,0,0,0,0,0,0,0,0,2
State: Arunachal Pradesh,24,Lower Siang,0,0,0,0,0,0,0,1,0,0,0,1,1,0,0,0,0,0,0,0,2,1,1,6,5,1,3,3,0,0,0,0,0,0,0,0,0,0,0,0,0,0,0,0,0,0,0,0,0,0,0,12
State: Arunachal Pradesh,,Total,0,0,4,0,0,0,56,74,25,0,1,16,14,2,7,0,25,1,0,0,59,25,34,24,19,5,97,84,13,5,5,0,0,2,0,0,1,1,0,0,0,0,0,14,10,4,0,0,0,0,1,337
State: Assam,1,BIEO,0,0,0,0,0,0,0,0,0,0,0,0,0,0,0,0,0,0,0,0,0,0,0,0,0,0,0,0,0,0,0,0,0,0,0,0,0,0,0,0,0,0,0,0,0,0,0,0,0,0,0,0
State: Assam,2,Barpeta,3,22,0,0,0,0,792,361,0,0,0,334,280,54,27,0,0,4,0,0,176,176,0,52,52,0,261,261,0,0,0,0,0,6,0,0,0,0,6,0,70,0,70,93,9,0,5,0,0,79,0,1840
State: Assam,3,Baksa,0,3,0,0,0,0,92,181,13,6,0,115,115,0,39,0,8,1,0,0,35,35,0,1,1,0,45,45,0,0,0,0,0,0,0,0,0,0,0,0,1,1,0,38,26,11,1,0,0,0,0,397
State: Assam,4,Bongaigaon,1,9,0,0,0,0,338,120,2,0,0,89,89,0,29,0,0,2,0,0,45,45,0,13,13,0,56,56,0,0,0,0,0,0,0,0,0,0,0,0,0,0,0,39,29,9,1,0,0,0,0,623
State: Assam,5,CID,0,0,0,0,0,0,0,0,0,0,0,0,0,0,0,0,0,0,0,0,0,0,0,0,0,0,0,0,0,0,0,0,0,0,0,0,0,0,0,0,0,0,0,0,0,0,0,0,0,0,0,0
State: Assam,6,Cachar,0,8,0,0,0,0,457,406,323,0,0,0,0,0,0,0,83,1,0,0,51,51,0,8,8,0,149,149,0,0,0,0,17,3,0,0,0,0,3,0,0,0,0,37,37,0,0,0,0,0,0,1137
State: Assam,7,Chirang,1,0,3,0,0,0,74,30,13,0,0,17,17,0,0,0,0,1,0,0,30,30,0,0,0,0,17,17,0,0,0,0,0,0,0,0,0,0,0,0,0,0,0,8,8,0,0,0,0,0,0,164
State: Assam,8,Darrang,0,4,0,0,0,0,552,246,0,0,0,103,103,0,111,0,32,5,0,0,80,80,0,18,18,0,366,366,0,0,0,0,2,0,0,0,0,0,0,0,36,36,0,37,21,5,11,0,0,0,0,1346
State: Assam,9,Dhemaji,5,6,1,0,0,0,149,112,0,0,0,48,48,0,61,0,3,0,2,0,43,43,0,20,20,0,98,98,0,0,0,0,1,2,1,0,1,0,0,0,0,0,0,27,15,10,2,0,0,0,0,466
State: Assam,10,Dhubri,1,15,1,0,0,0,1054,352,19,1,2,151,151,0,136,0,43,9,3,0,81,81,0,54,54,0,560,560,0,2,2,0,3,5,0,0,0,0,5,0,0,0,0,91,68,18,3,0,0,2,0,2231
State: Assam,11,Dibrugarh,0,6,8,0,0,0,299,251,22,0,0,146,146,0,3,0,80,1,0,0,31,31,0,2,2,0,52,52,0,0,0,0,21,0,0,0,0,0,0,0,3,3,0,41,31,10,0,0,0,0,0,715
State: Assam,12,GRP,0,0,0,0,0,0,0,4,0,0,0,1,1,0,3,0,0,1,0,0,0,0,0,0,0,0,5,5,0,0,0,0,0,0,0,0,0,0,0,0,0,0,0,1,1,0,0,0,0,0,0,11
State: Assam,13,Goalpara,0,6,0,0,3,0,123,168,45,0,1,79,79,0,43,0,0,2,0,0,48,48,0,28,28,0,100,100,0,0,0,0,0,0,0,0,0,0,0,0,0,0,0,13,11,2,0,0,0,0,0,491
State: Assam,14,Golaghat,4,1,0,0,0,0,310,191,55,0,1,75,75,0,39,0,21,4,0,0,55,55,0,4,4,0,122,122,0,3,3,0,1,4,0,0,0,0,4,0,0,0,0,33,20,9,4,0,0,0,0,732
State: Assam,15,Guwahati City,2,5,11,0,0,0,688,374,0,0,0,207,207,0,167,0,0,4,6,0,131,73,58,6,6,0,198,168,30,18,0,18,45,4,0,0,0,0,4,0,10,10,0,106,58,30,18,0,0,0,0,1608
State: Assam,16,Hailakandi,0,7,0,2,0,0,273,73,0,0,0,73,73,0,0,0,0,0,0,0,81,81,0,8,8,0,88,88,0,0,0,0,0,0,0,0,0,0,0,0,0,0,0,22,16,4,2,0,0,0,0,554
State: Assam,17,Hamren,0,0,0,0,0,0,15,15,0,0,0,15,15,0,0,0,0,0,0,0,17,17,0,0,0,0,11,11,0,0,0,0,0,0,0,0,0,0,0,0,0,0,0,0,0,0,0,0,0,0,0,58
State: Assam,18,Jorhat,0,2,0,0,0,0,388,188,25,0,0,66,51,15,17,0,80,2,0,0,34,34,0,12,12,0,115,115,0,0,0,0,0,2,1,0,0,1,0,0,0,0,0,36,26,7,3,0,0,0,0,779
State: Assam,19,Kamrup,0,3,0,0,0,0,350,105,8,0,2,66,41,25,10,0,19,5,0,0,90,90,0,5,5,0,89,44,45,16,16,0,0,0,0,0,0,0,0,0,3,0,3,76,41,32,1,2,0,0,0,742
State: Assam,20,Karbi Anglong,2,3,0,1,0,0,69,81,15,0,0,25,24,1,35,0,6,3,0,0,14,14,0,1,1,0,33,33,0,6,6,0,0,2,2,0,0,0,0,0,0,0,0,10,5,3,2,0,0,0,0,225
State: Assam,21,Karimganj,1,11,0,0,0,0,259,89,22,0,2,65,65,0,0,0,0,0,0,0,66,66,0,8,8,0,65,65,0,34,34,0,0,0,0,0,0,0,0,0,2,0,2,14,14,0,0,0,0,0,0,549
State: Assam,22,Kokrajhar,1,4,0,0,0,0,168,51,0,0,0,51,33,18,0,0,0,4,0,0,35,35,0,12,12,0,67,67,0,0,0,0,0,0,0,0,0,0,0,0,0,0,0,18,18,0,0,0,0,0,0,360
State: Assam,23,Lakhimpur,0,7,0,0,0,0,438,348,16,0,6,294,102,192,32,0,0,11,0,0,69,69,0,0,0,0,26,26,0,0,0,0,59,0,0,0,0,0,0,0,0,0,0,57,49,8,0,0,0,0,0,1015
State: Assam,24,Morigaon,0,5,0,2,0,0,355,196,0,0,0,142,55,87,54,0,0,14,0,0,84,84,0,0,0,0,28,28,0,0,0,0,0,0,0,0,0,0,0,0,0,0,0,63,63,0,0,0,0,0,0,747
State: Assam,25,Dima Hasao,0,0,0,0,0,0,8,22,4,0,2,12,4,8,1,0,3,1,0,0,1,1,0,0,0,0,0,0,0,0,0,0,0,0,0,0,0,0,0,0,0,0,0,0,0,0,0,0,0,0,0,32
State: Assam,26,Nagaon,3,7,5,0,0,1,963,455,22,0,3,171,171,0,237,0,22,11,0,0,93,93,0,29,29,0,304,304,0,0,0,0,29,4,0,0,0,0,4,0,0,0,0,63,63,0,0,0,0,0,0,1967
State: Assam,27,Nalbari,0,2,0,0,0,0,184,113,40,0,0,54,44,10,0,0,19,0,0,0,44,34,10,0,0,0,64,64,0,7,5,2,2,0,0,0,0,0,0,0,0,0,0,2,2,0,0,0,0,0,0,418
State: Assam,28,RPO,1,0,0,0,0,0,15,0,0,0,0,0,0,0,0,0,0,0,0,0,3,3,0,0,0,0,1,1,0,0,0,0,0,0,0,0,0,0,0,0,0,0,0,0,0,0,0,0,0,0,0,20
State: Assam,29,SOU,0,0,0,0,0,0,0,0,0,0,0,0,0,0,0,0,0,0,0,0,0,0,0,0,0,0,0,0,0,0,0,0,0,0,0,0,0,0,0,0,0,0,0,0,0,0,0,0,0,0,0,0
State: Assam,30,STF,0,0,0,0,0,0,0,0,0,0,0,0,0,0,0,0,0,0,0,0,0,0,0,0,0,0,0,0,0,0,0,0,0,0,0,0,0,0,0,0,0,0,0,0,0,0,0,0,0,0,0,0
State: Assam,31,Sibsagar,0,4,1,0,0,0,233,185,0,0,0,185,104,81,0,0,0,0,0,0,11,11,0,9,9,0,20,20,0,12,12,0,11,4,0,2,0,0,2,0,19,19,0,30,17,4,7,1,1,0,0,539
State: Assam,32,Sonitpur,0,0,0,0,0,0,383,361,49,0,0,306,206,100,6,0,0,7,0,0,50,50,0,7,0,7,56,35,21,0,0,0,0,0,0,0,0,0,0,0,0,0,0,39,29,9,1,0,0,0,0,903
State: Assam,33,Tinsukia,1,4,6,0,0,0,220,134,0,0,0,134,134,0,0,0,0,1,0,0,72,72,0,20,20,0,52,52,0,7,7,0,0,0,0,0,0,0,0,0,5,5,0,48,33,10,5,0,0,0,0,570
State: Assam,34,Udalguri,0,4,0,0,0,0,40,20,0,0,0,20,20,0,0,0,0,2,0,0,35,12,23,32,12,20,37,37,0,0,0,0,0,0,0,0,0,0,0,0,0,0,0,0,0,0,0,0,0,0,0,170
State: Assam,35,Sadia,0,0,0,0,0,0,0,0,0,0,0,0,0,0,0,0,0,2,0,0,3,3,0,0,0,0,14,14,0,0,0,0,0,0,0,0,0,0,0,0,0,0,0,0,0,0,0,0,0,0,0,19
State: Assam,36,Majuli,0,0,1,0,0,0,33,4,0,0,0,0,0,0,4,0,0,0,0,0,6,6,0,3,3,0,15,15,0,0,0,0,0,2,0,0,0,0,2,0,0,0,0,0,0,0,0,0,0,0,0,64
State: Assam,37,Biswanath,1,6,2,0,0,0,111,63,35,0,0,0,0,0,27,0,1,4,0,0,17,17,0,0,0,0,52,47,5,0,0,0,0,0,0,0,0,0,0,0,15,0,15,28,18,10,0,0,0,0,0,299
State: Assam,38,Hojai,0,10,4,0,0,0,268,194,64,0,0,71,71,0,59,0,0,4,3,0,55,55,0,26,26,0,388,388,0,3,3,0,0,0,0,0,0,0,0,0,2,2,0,33,25,6,2,0,0,0,0,990
State: Assam,39,South Salmara,0,6,0,0,0,0,0,0,0,0,0,0,0,0,0,0,0,0,0,0,74,65,9,0,0,0,0,0,0,0,0,0,0,0,0,0,0,0,0,0,3,0,3,20,18,2,0,0,0,0,0,103
State: Assam,40,Charaideo,0,1,1,0,0,0,81,61,4,0,0,23,23,0,34,0,0,1,0,0,12,12,0,0,0,0,15,15,0,0,0,0,0,2,1,1,0,0,0,0,0,0,0,24,17,6,1,0,0,0,0,198
State: Assam,,Total,27,171,44,5,3,1,9782,5554,796,7,19,3138,2547,591,1174,0,420,107,14,0,1772,1672,100,378,351,27,3569,3468,101,108,88,20,191,40,5,3,1,1,30,0,169,76,93,1147,788,205,69,3,1,81,0,23082
State: Bihar,1,Araria,0,11,0,0,1,0,63,129,0,0,0,121,99,22,0,0,8,0,0,0,37,37,0,0,0,0,0,0,0,0,0,0,0,0,0,0,0,0,0,0,0,0,0,30,26,4,0,0,0,0,0,271
State: Bihar,2,Arwal,0,6,0,0,0,0,28,25,7,0,0,18,0,18,0,0,0,1,0,0,3,3,0,0,0,0,2,2,0,0,0,0,0,1,1,0,0,0,0,0,0,0,0,7,5,2,0,0,0,0,0,73
State: Bihar,3,Aurangabad,0,19,0,0,0,0,39,47,2,0,0,26,26,0,0,0,19,0,0,0,4,4,0,6,6,0,38,38,0,0,0,0,21,0,0,0,0,0,0,0,0,0,0,30,15,15,0,0,0,0,0,204
State: Bihar,4,Bagaha,0,12,0,0,0,0,30,70,1,0,0,66,66,0,0,0,3,0,0,0,8,8,0,3,3,0,0,0,0,0,0,0,4,0,0,0,0,0,0,0,0,0,0,12,2,10,0,0,0,0,0,139
State: Bihar,5,Banka,0,20,0,0,1,0,32,104,26,0,0,57,57,0,0,0,21,0,0,0,12,12,0,0,0,0,1,1,0,0,0,0,32,2,2,0,0,0,0,0,0,0,0,8,7,1,0,0,0,0,0,212
State: Bihar,6,Begusarai,0,20,0,0,1,0,46,136,0,0,0,36,15,21,0,0,100,0,0,0,11,11,0,10,10,0,10,10,0,0,0,0,25,0,0,0,0,0,0,0,0,0,0,47,10,37,0,0,0,0,0,306
State: Bihar,7,Bettiah,0,33,0,0,0,0,222,155,22,0,0,121,0,121,0,0,12,0,0,0,13,13,0,2,2,0,0,0,0,0,0,0,0,0,0,0,0,0,0,0,1,1,0,39,17,21,0,0,1,0,0,465
State: Bihar,8,Bhabhua,0,23,0,0,0,0,72,68,12,5,0,17,17,0,0,0,34,0,0,0,10,10,0,2,2,0,0,0,0,0,0,0,0,0,0,0,0,0,0,0,0,0,0,37,18,19,0,0,0,0,0,212
State: Bihar,9,Bhagalpur,0,13,0,0,0,0,114,260,0,0,0,260,260,0,0,0,0,0,0,0,48,48,0,6,6,0,6,6,0,0,0,0,142,0,0,0,0,0,0,0,0,0,0,43,23,20,0,0,0,0,0,632
State: Bihar,10,Bhojpur,0,34,0,0,0,0,180,108,44,0,0,56,15,41,0,0,8,0,0,0,10,10,0,19,19,0,3,3,0,0,0,0,0,0,0,0,0,0,0,0,0,0,0,27,3,24,0,0,0,0,0,381
State: Bihar,11,Buxar,0,18,0,0,0,0,41,52,4,0,0,13,0,13,0,0,35,0,0,0,8,8,0,4,4,0,5,5,0,0,0,0,70,0,0,0,0,0,0,0,0,0,0,32,5,27,0,0,0,0,0,230
State: Bihar,12,Darbhanga,0,17,0,0,0,0,195,205,0,0,0,205,88,117,0,0,0,0,0,0,17,17,0,0,0,0,10,10,0,0,0,0,0,0,0,0,0,0,0,0,0,0,0,52,16,36,0,0,0,0,0,496
State: Bihar,13,Gaya,0,49,0,0,0,0,99,247,77,0,0,170,28,142,0,0,0,0,0,0,12,12,0,22,22,0,5,5,0,0,0,0,59,0,0,0,0,0,0,42,0,0,0,49,35,14,0,0,0,0,0,584
State: Bihar,14,Gopalganj,0,25,0,0,0,0,54,128,0,0,0,119,0,119,0,0,9,0,0,0,2,2,0,0,0,0,0,0,0,0,0,0,36,0,0,0,0,0,0,0,0,0,0,21,12,9,0,0,0,0,0,266
State: Bihar,15,Jamalpur Railway,0,0,0,0,0,0,0,1,0,0,0,1,0,1,0,0,0,0,0,0,0,0,0,0,0,0,5,5,0,0,0,0,0,0,0,0,0,0,0,0,0,0,0,0,0,0,0,0,0,0,0,6
State: Bihar,16,Jamui,0,11,0,0,0,0,75,67,0,0,0,67,0,67,0,0,0,0,0,0,8,8,0,0,0,0,1,1,0,0,0,0,0,0,0,0,0,0,0,0,0,0,0,12,7,5,0,0,0,0,0,174
State: Bihar,17,Jehanabad,0,18,0,0,0,0,31,83,26,0,0,19,19,0,0,0,38,0,0,0,9,9,0,3,3,0,9,9,0,0,0,0,0,0,0,0,0,0,0,0,0,0,0,25,10,15,0,0,0,0,0,178
State: Bihar,18,Katihar,0,14,0,0,0,0,106,140,0,0,0,105,0,105,0,0,35,2,0,0,28,28,0,97,97,0,0,0,0,0,0,0,64,0,0,0,0,0,0,0,0,0,0,67,67,0,0,0,0,0,0,518
State: Bihar,19,Katihar Railway,0,0,0,0,0,0,0,3,0,0,0,3,3,0,0,0,0,0,0,0,0,0,0,0,0,0,4,4,0,0,0,0,0,0,0,0,0,0,0,0,0,0,0,1,0,0,0,1,0,0,0,8
State: Bihar,20,Khagaria,0,10,0,0,0,0,78,60,0,0,0,60,55,5,0,0,0,0,0,0,4,4,0,5,5,0,3,3,0,0,0,0,0,0,0,0,0,0,0,0,0,0,0,12,7,5,0,0,0,0,0,172
State: Bihar,21,Kishanganj,0,14,0,0,0,0,33,91,4,0,0,85,85,0,0,0,2,1,0,0,20,20,0,0,0,0,0,0,0,0,0,0,28,1,1,0,0,0,0,0,0,0,0,19,19,0,0,0,0,0,0,207
State: Bihar,22,Lakhisarai,0,11,0,0,0,0,41,9,0,0,0,9,9,0,0,0,0,0,0,0,10,10,0,5,5,0,0,0,0,0,0,0,0,0,0,0,0,0,0,0,0,0,0,45,3,42,0,0,0,0,0,121
State: Bihar,23,Madhepura,0,11,0,0,0,0,96,128,0,0,0,128,48,80,0,0,0,1,0,0,12,12,0,12,12,0,0,0,0,0,0,0,0,0,0,0,0,0,0,0,1,1,0,13,11,2,0,0,0,0,0,274
State: Bihar,24,Madhubani,0,39,0,0,0,0,199,201,0,0,0,201,0,201,0,0,0,0,0,0,40,40,0,0,0,0,0,0,0,0,0,0,0,0,0,0,0,0,0,0,0,0,0,47,16,31,0,0,0,0,0,526
State: Bihar,25,Motihari,0,59,0,0,0,0,170,268,14,3,0,58,25,33,0,0,193,0,0,0,0,0,0,0,0,0,0,0,0,0,0,0,4,0,0,0,0,0,0,0,0,0,0,23,20,1,0,2,0,0,0,524
State: Bihar,26,Munger,0,11,0,0,0,0,78,55,0,0,0,55,55,0,0,0,0,0,0,0,6,6,0,4,4,0,7,7,0,0,0,0,0,0,0,0,0,0,0,0,0,0,0,10,10,0,0,0,0,0,0,171
State: Bihar,27,Muzaffarpur,0,58,0,0,0,0,121,297,59,0,0,238,141,97,0,0,0,4,0,0,40,40,0,23,23,0,17,17,0,0,0,0,26,0,0,0,0,0,0,0,0,0,0,86,6,80,0,0,0,0,0,672
State: Bihar,28,Muzaffarpur Railway,0,0,0,0,0,0,1,9,3,0,0,2,1,1,0,0,4,0,0,0,1,1,0,0,0,0,0,0,0,0,0,0,0,0,0,0,0,0,0,0,0,0,0,4,1,3,0,0,0,0,0,15
State: Bihar,29,Nalanda,0,62,0,0,0,0,107,205,20,0,0,97,0,97,0,0,88,0,0,0,10,10,0,0,0,0,0,0,0,0,0,0,138,0,0,0,0,0,0,0,0,0,0,47,20,27,0,0,0,0,0,569
State: Bihar,30,Naugachia,0,9,0,0,0,0,23,92,0,0,0,60,17,43,0,0,32,0,0,0,2,2,0,1,1,0,5,5,0,0,0,0,24,0,0,0,0,0,0,0,0,0,0,9,4,5,0,0,0,0,0,165
State: Bihar,31,Nawadah,0,17,0,0,1,0,54,118,12,0,0,106,52,54,0,0,0,0,0,0,18,18,0,0,0,0,7,7,0,0,0,0,0,0,0,0,0,0,0,0,0,0,0,34,13,21,0,0,0,0,0,249
State: Bihar,32,Patna,0,97,0,0,0,0,447,800,0,0,0,800,800,0,0,0,0,0,0,0,54,54,0,22,22,0,10,10,0,0,0,0,0,0,0,0,0,0,0,0,0,0,0,130,40,90,0,0,0,0,0,1560
State: Bihar,33,Patna Railway,0,2,0,0,0,0,0,7,0,0,0,5,2,3,0,0,2,0,0,0,0,0,0,0,0,0,8,8,0,0,0,0,0,0,0,0,0,0,0,0,0,0,0,1,1,0,0,0,0,0,0,18
State: Bihar,34,Purnea,0,19,0,0,0,0,41,183,0,0,0,183,86,97,0,0,0,0,0,0,16,16,0,0,0,0,0,0,0,0,0,0,47,0,0,0,0,0,0,39,0,0,0,24,14,10,0,0,0,0,0,369
State: Bihar,35,Rohtas,0,36,0,0,0,0,108,181,41,0,0,111,0,111,0,0,29,0,0,0,20,20,0,4,4,0,5,5,0,0,0,0,16,0,0,0,0,0,0,0,0,0,0,44,14,30,0,0,0,0,0,414
State: Bihar,36,Saharsa,0,17,0,0,0,0,75,78,0,0,0,78,72,6,0,0,0,0,0,0,19,19,0,0,0,0,0,0,0,0,0,0,0,0,0,0,0,0,0,0,0,0,0,26,4,1,0,21,0,0,0,215
State: Bihar,37,Samastipur,0,42,0,0,0,0,51,282,40,0,0,85,0,85,0,0,157,0,0,0,0,0,0,7,7,0,1,1,0,0,0,0,52,5,0,0,5,0,0,0,1,1,0,31,30,1,0,0,0,0,0,472
State: Bihar,38,Saran,0,77,0,0,0,0,78,307,0,0,0,262,262,0,0,0,45,0,0,0,20,20,0,3,3,0,0,0,0,1,1,0,121,3,0,0,0,0,3,0,0,0,0,28,18,0,10,0,0,0,0,638
State: Bihar,39,Sheikhpura,0,12,0,0,0,0,19,14,8,0,0,0,0,0,0,0,6,0,0,0,1,1,0,3,3,0,30,30,0,0,0,0,41,0,0,0,0,0,0,0,0,0,0,41,3,38,0,0,0,0,0,161
State: Bihar,40,Sheohar,0,4,0,0,0,0,19,44,0,0,0,44,0,44,0,0,0,0,0,0,7,7,0,0,0,0,4,4,0,0,0,0,0,0,0,0,0,0,0,0,0,0,0,5,2,3,0,0,0,0,0,83
State: Bihar,41,Sitamarhi,0,28,0,0,0,0,183,241,8,0,0,233,55,178,0,0,0,0,0,0,16,16,0,0,0,0,0,0,0,0,0,0,0,10,10,0,0,0,0,0,0,0,0,32,14,18,0,0,0,0,0,510
State: Bihar,42,Siwan,0,36,0,0,0,0,148,173,39,0,0,124,0,124,0,0,10,0,0,0,15,15,0,0,0,0,0,0,0,0,0,0,20,0,0,0,0,0,0,0,1,1,0,10,4,4,0,2,0,0,0,403
State: Bihar,43,Supaul,0,15,0,0,0,0,65,80,0,2,0,78,72,6,0,0,0,0,0,0,25,25,0,12,12,0,0,0,0,0,0,0,127,0,0,0,0,0,0,0,0,0,0,23,17,6,0,0,0,0,0,347
State: Bihar,44,Vaishali,0,52,0,0,0,0,114,231,36,0,0,195,35,160,0,0,0,0,0,0,9,9,0,42,42,0,1,1,0,0,0,0,0,2,2,0,0,0,0,0,0,0,0,50,30,20,0,0,0,0,0,501
State: Bihar,45,Economic Offences Unit,0,0,0,0,0,0,0,0,0,0,0,0,0,0,0,0,0,0,0,0,0,0,0,0,0,0,0,0,0,0,0,0,0,0,0,0,0,0,0,0,0,0,0,0,0,0,0,0,0,0,0,0
State: Bihar,46,Anti Terrorist Squad,0,0,0,0,0,0,0,0,0,0,0,0,0,0,0,0,0,0,0,0,0,0,0,0,0,0,0,0,0,0,0,0,0,0,0,0,0,0,0,0,0,0,0,0,0,0,0,0,0,0,0,0
State: Bihar,,Total,0,1081,0,0,4,0,3776,6182,505,10,0,4777,2565,2212,0,0,890,9,0,0,605,605,0,317,317,0,197,197,0,1,1,0,1097,24,16,0,5,0,3,81,4,4,0,1333,599,697,10,26,1,0,0,14711
State: Chhattisgarh,1,Balod,1,1,1,0,0,0,6,24,20,0,0,4,1,3,0,0,0,0,0,0,42,11,31,1,1,0,40,27,13,2,2,0,0,0,0,0,0,0,0,0,1,0,1,45,31,13,0,1,0,0,0,164
State: Chhattisgarh,2,Balodbazar,0,3,11,1,0,0,20,83,0,0,0,83,0,83,0,0,0,0,0,0,90,31,59,0,0,0,100,70,30,14,9,5,0,0,0,0,0,0,0,0,0,0,0,98,59,19,10,0,10,0,0,420
State: Chhattisgarh,3,Balrampur,0,3,8,0,0,0,11,21,21,0,0,0,0,0,0,0,0,3,0,0,88,44,44,0,0,0,39,39,0,1,1,0,0,0,0,0,0,0,0,0,0,0,0,44,36,8,0,0,0,0,0,218
State: Chhattisgarh,4,Bemetra,1,5,4,0,0,0,15,47,23,0,0,23,2,21,0,0,1,0,0,0,41,16,25,0,0,0,56,36,20,3,2,1,0,0,0,0,0,0,0,0,0,0,0,46,25,20,1,0,0,0,0,218
State: Chhattisgarh,5,Bilaspur,0,4,18,0,0,0,69,179,0,0,0,179,0,179,0,0,0,3,0,0,119,48,71,0,0,0,236,160,76,4,3,1,3,3,0,0,3,0,0,0,0,0,0,147,71,76,0,0,0,0,0,785
State: Chhattisgarh,6,Bizapur,0,0,1,0,0,0,0,8,7,1,0,0,0,0,0,0,0,1,0,0,10,3,7,0,0,0,7,3,4,0,0,0,0,0,0,0,0,0,0,0,0,0,0,9,7,2,0,0,0,0,0,36
State: Chhattisgarh,7,Dantewara,0,1,1,0,0,0,4,7,6,0,0,1,1,0,0,0,0,0,0,0,19,4,15,1,1,0,10,6,4,1,1,0,0,0,0,0,0,0,0,0,0,0,0,20,15,5,0,0,0,0,0,64
State: Chhattisgarh,8,Dhamtari,0,7,8,0,0,0,8,10,7,0,0,3,0,3,0,0,0,0,0,0,53,19,34,0,0,0,55,41,14,6,6,0,0,2,0,0,0,0,2,0,0,0,0,53,35,14,4,0,0,0,0,202
State: Chhattisgarh,9,Durg,0,6,5,0,0,0,63,157,140,0,0,10,0,10,0,0,7,0,0,0,135,69,66,0,0,0,261,187,74,8,8,0,0,7,0,0,0,0,7,1,0,0,0,148,66,74,0,5,0,3,0,791
State: Chhattisgarh,10,Gariyaband,0,0,1,0,0,0,5,8,5,0,0,3,1,2,0,0,0,0,0,0,27,7,20,1,0,1,28,23,5,4,4,0,0,0,0,0,0,0,0,0,0,0,0,26,21,5,0,0,0,0,0,100
State: Chhattisgarh,11,GRP Raipur,0,0,0,0,0,0,1,5,5,0,0,0,0,0,0,0,0,0,0,0,3,2,1,0,0,0,2,1,1,0,0,0,0,0,0,0,0,0,0,0,1,1,0,2,1,1,0,0,0,0,0,14
State: Chhattisgarh,12,Jagdalpur,0,0,0,0,0,0,9,36,0,0,0,0,0,0,0,0,36,2,0,0,60,21,39,0,0,0,22,22,0,3,3,0,0,0,0,0,0,0,0,0,0,0,0,46,39,7,0,0,0,0,0,178
State: Chhattisgarh,13,Janjgir,0,6,8,0,0,0,56,68,62,0,0,5,0,5,0,0,1,0,0,0,83,31,52,0,0,0,99,65,34,14,14,0,1,0,0,0,0,0,0,0,0,0,0,87,52,34,0,0,0,1,0,422
State: Chhattisgarh,14,Jashpur,0,0,3,0,0,0,5,49,35,0,0,14,0,14,0,0,0,8,0,0,93,43,50,1,0,1,38,27,11,3,2,1,1,0,0,0,0,0,0,1,0,0,0,66,50,16,0,0,0,0,0,268
State: Chhattisgarh,15,Kabirdham,0,2,4,0,0,0,14,45,33,0,0,12,0,12,0,0,0,0,0,0,36,14,22,0,0,0,57,43,14,0,0,0,0,0,0,0,0,0,0,0,0,0,0,0,0,0,0,0,0,0,0,158
State: Chhattisgarh,16,Kanker,0,2,6,0,0,0,8,32,31,0,0,1,0,1,0,0,0,0,0,0,63,23,40,0,0,0,29,23,6,15,15,0,0,0,0,0,0,0,0,0,0,0,0,49,40,6,2,0,1,0,0,204
State: Chhattisgarh,17,Kondagaon,0,0,0,0,0,0,5,19,10,0,0,7,4,3,0,0,2,0,0,0,33,8,25,0,0,0,12,8,4,1,1,0,0,0,0,0,0,0,0,0,0,0,0,29,25,3,1,0,0,0,0,99
State: Chhattisgarh,18,Korba,0,6,7,7,0,0,46,39,38,0,0,1,1,0,0,0,0,0,0,0,88,41,47,0,0,0,78,51,27,6,4,2,0,0,0,0,0,0,0,0,0,0,0,74,47,27,0,0,0,0,0,351
State: Chhattisgarh,20,Koriya,0,0,8,0,0,0,28,64,64,0,0,0,0,0,0,0,0,0,0,0,87,64,23,0,0,0,86,23,63,0,0,0,4,0,0,0,0,0,0,0,0,0,0,23,23,0,0,0,0,0,0,300
State: Chhattisgarh,21,Mahasamund,1,7,10,0,0,0,12,45,39,0,0,5,0,5,0,0,1,0,0,0,70,26,44,1,0,1,45,35,10,4,4,0,0,0,0,0,0,0,0,0,0,0,0,56,46,10,0,0,0,0,0,251
State: Chhattisgarh,22,Mungali,0,5,4,1,0,0,26,25,21,0,0,4,1,3,0,0,0,0,0,0,55,13,42,0,0,0,47,35,12,2,1,1,0,0,0,0,0,0,0,0,0,0,0,55,42,12,1,0,0,0,0,220
State: Chhattisgarh,23,Narayanpur,0,0,0,0,0,0,1,9,9,0,0,0,0,0,0,0,0,0,0,0,12,4,8,0,0,0,0,0,0,0,0,0,0,0,0,0,0,0,0,0,0,0,0,8,8,0,0,0,0,0,0,30
State: Chhattisgarh,24,Raigarh,0,6,8,0,0,0,26,76,0,0,0,0,0,0,0,0,76,0,0,0,89,27,62,4,0,4,107,83,24,12,0,12,0,0,0,0,0,0,0,0,0,0,0,86,62,24,0,0,0,0,0,414
State: Chhattisgarh,25,Raipur,0,5,14,0,0,0,82,248,234,0,0,12,5,7,0,0,2,1,0,0,211,77,134,7,4,3,214,148,66,27,25,2,26,4,0,0,4,0,0,0,3,0,3,204,134,66,2,0,1,1,0,1046
State: Chhattisgarh,26,Rajnandgaon,0,0,6,0,0,0,27,79,77,0,0,2,0,2,0,0,0,2,0,0,63,35,28,2,1,1,85,48,37,7,7,0,0,0,0,0,0,0,0,0,0,0,0,63,28,35,0,0,0,0,0,334
State: Chhattisgarh,27,Sarguja,0,1,0,0,0,0,12,45,39,0,0,0,0,0,0,0,6,4,0,0,128,56,72,1,0,1,65,43,22,1,1,0,0,0,0,0,0,0,0,0,0,0,0,92,72,20,0,0,0,0,0,349
State: Chhattisgarh,28,Sukma,0,1,0,0,0,0,1,3,0,0,0,3,0,3,0,0,0,0,0,0,8,8,0,0,0,0,5,4,1,0,0,0,0,0,0,0,0,0,0,0,0,0,0,2,1,1,0,0,0,0,0,20
State: Chhattisgarh,29,Surajpur,0,3,15,0,0,0,22,26,16,0,0,8,1,7,2,0,0,1,0,0,102,43,59,0,0,0,76,51,25,6,5,1,0,0,0,0,0,0,0,0,0,0,0,89,59,27,3,0,0,0,0,340
State: Chhattisgarh,,Total,3,74,151,9,0,0,582,1457,942,1,0,380,17,363,2,0,132,25,0,0,1908,788,1120,19,7,12,1899,1302,597,144,118,26,35,16,0,0,7,0,9,2,5,1,4,1667,1095,525,24,6,12,5,0,7996
State: Goa,1,North Goa,0,0,1,0,0,0,10,40,30,0,0,0,0,0,0,0,10,19,0,0,35,7,28,0,0,0,86,77,9,19,18,1,0,1,1,0,0,0,0,0,0,0,0,0,0,0,0,0,0,0,0,211
State: Goa,2,South Goa,2,1,3,0,0,0,10,20,19,0,0,0,0,0,0,0,1,8,0,0,37,12,25,0,0,0,45,37,8,11,10,1,0,0,0,0,0,0,0,0,0,0,0,0,0,0,0,0,0,0,0,137
State: Goa,3,CID,0,0,0,0,0,0,1,1,1,0,0,0,0,0,0,0,0,11,0,0,4,1,3,0,0,0,3,2,1,1,1,0,0,0,0,0,0,0,0,0,0,0,0,0,0,0,0,0,0,0,0,21
State: Goa,,Total,2,1,4,0,0,0,21,61,50,0,0,0,0,0,0,0,11,38,0,0,76,20,56,0,0,0,134,116,18,31,29,2,0,1,1,0,0,0,0,0,0,0,0,0,0,0,0,0,0,0,0,369
State: Gujarat,1,Ahmedabad City,0,2,24,0,1,0,667,116,35,0,1,75,4,71,0,0,5,1,0,0,64,62,2,3,3,0,224,206,18,2,2,0,0,11,0,4,3,1,3,0,0,0,0,290,221,51,15,0,2,1,0,1405
State: Gujarat,2,Ahmedabad Rural,0,1,15,0,0,0,54,5,0,0,0,5,5,0,0,0,0,0,0,0,15,15,0,0,0,0,23,23,0,0,0,0,0,0,0,0,0,0,0,0,0,0,0,53,46,7,0,0,0,0,0,166
State: Gujarat,3,Amreli,1,0,13,0,0,0,72,31,7,0,0,23,4,19,0,0,1,0,0,0,5,5,0,0,0,0,19,19,0,0,0,0,0,0,0,0,0,0,0,0,0,0,0,57,53,4,0,0,0,0,0,198
State: Gujarat,4,Anand,0,0,8,0,0,0,92,102,2,0,0,100,4,96,0,0,0,0,0,0,14,14,0,0,0,0,26,26,0,0,0,0,0,1,0,0,0,0,1,0,0,0,0,30,14,11,2,0,3,0,0,273
State: Gujarat,5,Arvalli,0,0,7,0,0,0,49,72,30,0,0,42,8,34,0,0,0,0,0,0,7,7,0,0,0,0,14,14,0,0,0,0,0,0,0,0,0,0,0,0,0,0,0,6,2,4,0,0,0,0,0,155
State: Gujarat,6,Banaskantha,0,2,0,0,0,0,94,87,74,0,0,13,13,0,0,0,0,0,0,0,43,43,0,0,0,0,45,45,0,3,3,0,0,3,0,3,0,0,0,0,0,0,0,33,24,9,0,0,0,0,0,310
State: Gujarat,7,Bharuch,0,0,2,0,0,0,43,32,12,0,0,20,3,17,0,0,0,0,0,0,11,11,0,0,0,0,32,32,0,0,0,0,0,0,0,0,0,0,0,0,0,0,0,49,44,5,0,0,0,0,0,169
State: Gujarat,8,Bhavnagar,0,0,8,0,0,0,88,21,2,0,0,18,7,11,0,0,1,0,0,0,10,10,0,0,0,0,23,23,0,0,0,0,0,0,0,0,0,0,0,0,0,0,0,102,12,19,0,0,71,0,0,252
State: Gujarat,9,Botad,0,0,5,0,0,0,16,2,1,0,0,1,1,0,0,0,0,0,0,0,7,7,0,0,0,0,15,15,0,0,0,0,0,0,0,0,0,0,0,0,1,1,0,32,25,6,1,0,0,0,0,78
State: Gujarat,10,Chhotaudepur,0,0,5,0,0,0,7,3,0,0,0,3,2,1,0,0,0,0,0,0,8,8,0,0,0,0,9,9,0,1,1,0,0,0,0,0,0,0,0,0,2,0,2,44,42,2,0,0,0,0,0,79
State: Gujarat,11,CID Crime,0,0,0,0,0,0,0,0,0,0,0,0,0,0,0,0,0,0,0,0,0,0,0,0,0,0,0,0,0,0,0,0,0,0,0,0,0,0,0,0,0,0,0,0,0,0,0,0,0,0,0,0
State: Gujarat,12,Dahod,1,0,12,0,0,0,119,16,13,1,0,0,0,0,0,0,2,0,0,0,16,16,0,0,0,0,24,24,0,0,0,0,0,0,0,0,0,0,0,0,0,0,0,105,95,10,0,0,0,0,0,293
State: Gujarat,13,Dang,0,0,0,0,0,0,0,1,1,0,0,0,0,0,0,0,0,0,0,0,1,1,0,0,0,0,1,1,0,0,0,0,0,0,0,0,0,0,0,0,0,0,0,1,1,0,0,0,0,0,0,4
State: Gujarat,14,Devbhumi Dwarka,0,0,9,0,0,0,90,8,4,0,0,3,0,3,0,0,1,0,0,0,4,4,0,0,0,0,8,8,0,0,0,0,0,0,0,0,0,0,0,0,0,0,0,9,9,0,0,0,0,0,0,128
State: Gujarat,15,Gandhinagar,0,0,14,0,0,0,116,24,6,0,0,13,2,11,0,0,5,0,0,0,8,8,0,0,0,0,35,35,0,0,0,0,0,0,0,0,0,0,0,0,1,0,1,63,56,7,0,0,0,0,0,261
State: Gujarat,16,Gir Somnath,0,0,8,0,0,0,110,29,5,0,0,23,9,14,0,0,1,0,0,0,9,9,0,0,0,0,24,24,0,0,0,0,0,0,0,0,0,0,0,0,0,0,0,30,6,9,0,0,15,0,0,210
State: Gujarat,17,Jamnagar,0,0,13,0,0,0,81,31,0,0,0,31,2,29,0,0,0,0,0,0,11,11,0,0,0,0,27,27,0,0,0,0,0,1,0,1,0,0,0,0,0,0,0,26,19,7,0,0,0,0,0,190
State: Gujarat,18,Junagadh,0,0,8,0,0,0,150,41,4,0,0,36,4,32,0,0,1,0,0,0,13,13,0,0,0,0,20,20,0,1,1,0,0,0,0,0,0,0,0,0,0,0,0,23,14,8,1,0,0,0,0,256
State: Gujarat,19,Kachchh East(G),0,0,12,0,1,0,51,23,8,0,0,15,15,0,0,0,0,0,0,0,10,10,0,10,10,0,18,18,0,0,0,0,0,0,0,0,0,0,0,0,0,0,0,24,17,7,0,0,0,0,0,149
State: Gujarat,20,Kachchh West(B),0,0,14,0,0,0,68,19,5,0,0,14,3,11,0,0,0,0,0,0,17,17,0,0,0,0,14,14,0,0,0,0,0,0,0,0,0,0,0,0,0,0,0,28,21,7,0,0,0,0,0,160
State: Gujarat,21,Kheda,0,0,10,0,0,0,22,42,30,0,0,8,0,8,0,0,4,0,0,0,7,7,0,0,0,0,23,23,0,0,0,0,0,0,0,0,0,0,0,0,0,0,0,12,11,1,0,0,0,0,0,116
State: Gujarat,22,Mahisagar,0,0,5,0,0,0,47,26,25,0,0,1,1,0,0,0,0,0,0,0,5,5,0,0,0,0,8,8,0,0,0,0,0,0,0,0,0,0,0,0,0,0,0,11,1,9,1,0,0,0,0,102
State: Gujarat,23,Mehsana,0,0,13,0,1,0,103,96,33,0,0,59,6,53,0,0,4,0,0,0,15,15,0,0,0,0,36,34,2,0,0,0,0,1,0,0,0,0,1,1,1,1,0,7,7,0,0,0,0,0,0,274
State: Gujarat,24,Morbi,0,0,11,0,0,0,31,21,1,0,0,19,0,19,0,0,1,0,0,0,5,5,0,0,0,0,13,13,0,0,0,0,0,1,0,0,1,0,0,0,0,0,0,34,32,2,0,0,0,0,0,116
State: Gujarat,25,Narmada,0,0,2,0,0,0,8,9,0,0,0,9,4,5,0,0,0,0,0,0,5,5,0,0,0,0,8,8,0,0,0,0,0,0,0,0,0,0,0,0,1,1,0,8,2,6,0,0,0,0,0,41
State: Gujarat,26,Navsari,0,0,4,0,1,1,18,18,9,0,0,9,0,9,0,0,0,0,0,0,8,8,0,0,0,0,12,10,2,1,1,0,0,1,0,1,0,0,0,0,0,0,0,10,8,2,0,0,0,0,0,74
State: Gujarat,27,Panchmahal,0,0,11,0,0,0,65,4,4,0,0,0,0,0,0,0,0,0,0,0,7,7,0,0,0,0,38,38,0,1,1,0,0,0,0,0,0,0,0,0,0,0,0,75,68,7,0,0,0,0,0,201
State: Gujarat,28,Patan,0,0,7,0,0,0,45,7,4,0,0,2,2,0,0,0,1,0,0,0,10,10,0,0,0,0,26,26,0,0,0,0,0,1,0,0,0,0,1,0,0,0,0,34,20,3,0,0,11,0,0,130
State: Gujarat,29,Porbandar,0,1,4,0,0,0,42,9,8,0,0,0,0,0,0,0,1,0,0,0,4,4,0,0,0,0,10,8,2,0,0,0,0,0,0,0,0,0,0,0,1,0,1,5,5,0,0,0,0,0,0,76
State: Gujarat,30,Rajkot City,0,0,24,0,0,1,157,50,0,0,0,50,3,47,0,0,0,0,0,0,21,21,0,0,0,0,17,17,0,0,0,0,0,4,0,4,0,0,0,0,0,0,0,45,42,3,0,0,0,0,0,319
State: Gujarat,31,Rajkot Rural,0,0,13,0,0,0,133,72,5,0,0,64,3,61,0,0,3,0,0,0,12,12,0,0,0,0,35,35,0,0,0,0,0,0,0,0,0,0,0,0,0,0,0,20,12,8,0,0,0,0,0,285
State: Gujarat,32,Sabarkantha,0,0,12,0,0,0,104,38,32,0,0,4,4,0,0,0,2,0,0,0,13,13,0,0,0,0,34,34,0,0,0,0,0,0,0,0,0,0,0,0,1,0,1,34,23,11,0,0,0,0,0,236
State: Gujarat,33,Surat City,1,0,15,0,0,0,217,50,4,0,0,46,2,44,0,0,0,0,0,0,32,32,0,0,0,0,70,70,0,4,4,0,0,0,0,0,0,0,0,0,0,0,0,170,143,27,0,0,0,0,0,559
State: Gujarat,34,Surat Rural,1,1,9,0,0,0,34,7,7,0,0,0,0,0,0,0,0,3,0,0,8,8,0,0,0,0,20,20,0,0,0,0,0,0,0,0,0,0,0,0,0,0,0,36,31,5,0,0,0,0,0,119
State: Gujarat,35,Surendranagar,0,1,9,0,0,0,46,32,0,0,0,32,10,22,0,0,0,0,0,0,8,8,0,0,0,0,2,2,0,0,0,0,0,1,0,0,0,1,0,0,0,0,0,40,20,20,0,0,0,0,0,139
State: Gujarat,36,Tapi,0,0,3,0,0,0,7,6,0,0,0,6,0,6,0,0,0,0,0,0,11,11,0,0,0,0,6,6,0,3,3,0,0,0,0,0,0,0,0,0,0,0,0,18,9,5,2,0,2,0,0,54
State: Gujarat,37,Vadodara City,0,1,5,0,0,0,161,56,0,0,0,56,2,54,0,0,0,0,0,0,10,10,0,0,0,0,56,56,0,0,0,0,0,3,3,0,0,0,0,0,0,0,0,24,10,14,0,0,0,0,0,316
State: Gujarat,38,Vadodara Rural,0,0,5,0,0,0,6,12,3,0,0,7,0,7,0,0,2,0,0,0,3,3,0,1,0,1,19,11,8,0,0,0,0,0,0,0,0,0,0,0,2,0,2,60,56,4,0,0,0,0,0,108
State: Gujarat,39,Valsad,0,0,10,0,0,0,9,41,23,0,0,17,0,17,0,0,1,1,0,0,17,17,0,0,0,0,16,16,0,0,0,0,0,0,0,0,0,0,0,0,0,0,0,22,12,10,0,0,0,0,0,116
State: Gujarat,40,W.Rly Ahmedabad,0,0,2,0,0,0,0,0,0,0,0,0,0,0,0,0,0,0,0,0,2,2,0,0,0,0,1,1,0,0,0,0,0,0,0,0,0,0,0,0,0,0,0,1,0,0,1,0,0,0,0,6
State: Gujarat,41,W.Rly Vadodara,0,0,0,0,0,0,1,0,0,0,0,0,0,0,0,0,0,0,0,0,1,1,0,0,0,0,7,6,1,1,1,0,0,0,0,0,0,0,0,0,0,0,0,0,0,0,0,0,0,0,0,10
State: Gujarat,,Total,4,9,351,0,4,2,3223,1259,397,1,1,824,123,701,0,0,36,5,0,0,477,475,2,14,13,1,1058,1025,33,17,17,0,0,28,3,13,4,2,6,1,10,3,7,1671,1233,310,23,0,104,1,0,8133
State: Haryana,1,Ambala,0,8,6,3,0,0,107,65,0,0,0,58,40,18,0,0,7,0,0,0,39,39,0,0,0,0,63,63,0,6,6,0,2,1,0,0,0,0,1,0,0,0,0,39,39,0,0,0,0,0,0,339
State: Haryana,2,Bhiwani,0,12,6,0,0,0,79,48,0,0,0,26,23,3,17,0,5,0,0,0,53,30,23,11,9,2,131,109,22,5,5,0,0,1,1,0,0,0,0,0,0,0,0,1,0,0,1,0,0,0,0,347
State: Haryana,3,Faridabad,2,23,14,4,0,0,473,323,23,0,1,71,71,0,194,0,34,2,0,0,95,95,0,14,14,0,148,148,0,44,44,0,3,0,0,0,0,0,0,0,0,0,0,166,118,44,3,0,1,0,0,1311
State: Haryana,4,Fatehabad,1,4,10,2,0,0,60,45,0,0,0,7,7,0,35,0,3,2,0,0,23,21,2,1,0,1,45,44,1,1,1,0,1,2,0,0,0,0,2,0,0,0,0,39,13,26,0,0,0,0,0,236
State: Haryana,5,GRP,2,4,6,0,0,0,0,22,0,0,0,2,2,0,2,0,18,0,0,0,4,3,1,2,2,0,12,10,2,0,0,0,0,0,0,0,0,0,0,0,0,0,0,0,0,0,0,0,0,0,0,52
State: Haryana,6,Gurugram,2,29,11,0,1,0,242,324,21,1,0,99,99,0,165,0,38,2,0,0,136,136,0,16,16,0,315,315,0,35,35,0,0,15,0,4,1,10,0,0,5,4,1,131,81,38,11,1,0,0,0,1264
State: Haryana,7,Hissar,1,8,6,0,0,0,121,29,1,0,0,5,3,2,22,0,1,1,0,0,64,44,20,0,0,0,77,60,17,2,2,0,0,0,0,0,0,0,0,0,0,0,0,38,19,13,6,0,0,0,0,347
State: Haryana,8,Jhajjar,0,16,7,0,0,0,199,47,0,0,0,45,15,30,0,0,2,0,0,0,30,30,0,5,5,0,101,101,0,32,32,0,0,0,0,0,0,0,0,0,0,0,0,46,19,27,0,0,0,0,0,483
State: Haryana,9,Jind,0,7,37,0,0,0,154,118,0,1,0,19,19,0,98,0,0,0,0,0,27,27,0,6,0,6,38,0,38,0,0,0,1,3,0,0,0,0,3,2,0,0,0,14,5,7,2,0,0,0,0,407
State: Haryana,10,Kaithal,0,12,6,0,0,0,81,113,0,1,0,54,51,3,27,0,31,0,0,0,31,31,0,5,5,0,49,49,0,1,1,0,0,2,0,0,0,0,2,0,1,1,0,48,22,17,8,0,1,0,0,349
State: Haryana,11,Karnal,0,13,9,0,0,0,120,237,0,0,0,53,26,27,78,0,106,0,0,0,71,34,37,14,8,6,84,57,27,1,1,0,2,3,0,0,0,0,3,0,1,0,1,11,1,8,1,0,0,1,0,566
State: Haryana,12,Kurukshetra,0,4,5,0,0,0,143,46,0,0,0,40,16,24,0,0,6,0,0,0,34,34,0,3,3,0,46,46,0,1,1,0,0,8,0,0,0,0,8,0,0,0,0,52,34,12,4,0,2,0,0,342
State: Haryana,13,Mahendergarh,0,9,0,0,0,0,55,11,0,0,0,11,11,0,0,0,0,0,0,0,24,24,0,1,1,0,48,48,0,3,3,0,2,0,0,0,0,0,0,0,0,0,0,22,12,6,1,0,3,0,0,175
State: Haryana,14,Mewat,0,15,4,0,0,0,126,40,0,0,0,35,29,6,0,0,5,0,0,0,54,52,2,2,2,0,63,60,3,1,1,0,1,0,0,0,0,0,0,0,0,0,0,81,62,17,2,0,0,0,0,387
State: Haryana,15,Palwal,0,11,3,0,2,0,137,53,0,0,0,44,14,30,0,0,9,0,0,0,26,21,5,2,2,0,53,50,3,9,9,0,6,4,0,0,2,1,1,0,0,0,0,40,21,19,0,0,0,0,0,346
State: Haryana,16,Panchkula,0,3,0,0,0,0,50,18,0,0,0,18,12,6,0,0,0,0,0,0,19,19,0,2,2,0,22,22,0,4,4,0,0,0,0,0,0,0,0,0,0,0,0,26,19,5,2,0,0,0,0,144
State: Haryana,17,Panipat,0,13,11,0,1,0,254,470,0,0,0,81,81,0,94,0,295,1,0,0,72,72,0,11,11,0,149,93,56,5,5,0,0,4,2,1,1,0,0,1,0,0,0,80,28,44,8,0,0,0,0,1072
State: Haryana,18,Rewari,0,11,5,1,0,0,97,49,0,0,1,5,5,0,39,0,4,0,0,0,36,36,0,4,4,0,47,38,9,0,0,0,1,0,0,0,0,0,0,0,3,0,3,26,17,9,0,0,0,0,0,280
State: Haryana,19,Rohtak,0,15,6,0,0,0,274,304,1,0,0,47,37,10,22,0,234,1,0,0,90,70,20,15,12,3,225,204,21,11,11,0,1,8,5,0,3,0,0,0,1,0,1,39,13,18,8,0,0,0,0,990
State: Haryana,20,Sirsa,0,2,11,0,0,0,94,63,0,1,1,10,8,2,35,0,16,2,0,0,19,19,0,2,2,0,31,31,0,6,6,0,1,3,3,0,0,0,0,0,0,0,0,30,19,11,0,0,0,0,0,264
State: Haryana,21,Sonipat,0,14,14,0,0,0,221,235,0,0,0,46,46,0,30,0,159,0,0,0,70,54,16,15,15,0,162,152,10,3,3,0,0,3,0,0,0,0,3,0,0,0,0,78,46,18,13,0,1,0,0,815
State: Haryana,22,Yamunanagar,0,7,7,0,0,0,157,270,0,0,1,101,53,48,0,0,168,1,1,0,50,49,1,6,6,0,49,49,0,0,0,0,0,0,0,0,0,0,0,0,5,1,4,48,25,19,4,0,0,0,0,601
State: Haryana,23,Irrigation & Power,0,0,0,0,0,0,0,0,0,0,0,0,0,0,0,0,0,0,0,0,0,0,0,0,0,0,0,0,0,0,0,0,0,0,0,0,0,0,0,0,0,0,0,0,0,0,0,0,0,0,0,0
State: Haryana,24,Charkhi Dadri,0,2,3,2,0,0,30,9,0,0,0,6,6,0,3,0,0,0,0,0,19,15,4,5,4,1,45,43,2,6,6,0,0,0,0,0,0,0,0,0,0,0,0,1,0,0,1,0,0,0,0,122
State: Haryana,25,Hansi,0,3,5,0,0,0,52,10,0,0,0,3,3,0,7,0,0,0,0,0,13,7,6,3,2,1,28,25,3,3,3,0,0,0,0,0,0,0,0,0,0,0,0,14,6,8,0,0,0,0,0,131
State: Haryana,,Total,8,245,192,12,4,0,3326,2949,46,4,4,886,677,209,868,0,1141,12,1,0,1099,962,137,145,125,20,2031,1817,214,179,179,0,21,57,11,5,7,11,23,3,16,6,10,1070,619,366,75,1,8,1,0,11370
State: Himachal Pradesh,1,Baddi,2,1,3,0,0,0,12,4,2,0,0,0,0,0,2,0,0,0,0,0,10,6,4,0,0,0,7,5,2,0,0,0,0,0,0,0,0,0,0,0,0,0,0,0,0,0,0,0,0,0,0,39
State: Himachal Pradesh,2,Bilaspur,0,0,3,0,0,0,16,25,6,0,0,17,15,2,2,0,0,0,0,0,25,10,15,1,0,1,37,34,3,6,6,0,0,0,0,0,0,0,0,0,2,2,0,0,0,0,0,0,0,0,0,115
State: Himachal Pradesh,3,Chamba,1,0,3,0,0,0,7,18,0,0,0,18,1,17,0,0,0,0,0,0,10,4,6,0,0,0,15,11,4,1,1,0,0,0,0,0,0,0,0,0,1,0,1,0,0,0,0,0,0,0,0,56
State: Himachal Pradesh,4,CID,0,0,0,0,0,0,0,0,0,0,0,0,0,0,0,0,0,0,0,0,0,0,0,0,0,0,0,0,0,0,0,0,0,0,0,0,0,0,0,0,0,0,0,0,0,0,0,0,0,0,0,0
State: Himachal Pradesh,5,GRP,0,0,0,0,0,0,0,0,0,0,0,0,0,0,0,0,0,0,0,0,0,0,0,0,0,0,1,1,0,0,0,0,0,0,0,0,0,0,0,0,0,0,0,0,0,0,0,0,0,0,0,1
State: Himachal Pradesh,6,Hamirpur,0,0,6,0,0,0,5,7,6,0,0,1,1,0,0,0,0,0,0,0,18,8,10,0,0,0,25,19,6,6,4,2,0,0,0,0,0,0,0,4,0,0,0,0,0,0,0,0,0,0,0,71
State: Himachal Pradesh,7,Kangra,0,0,16,0,2,0,31,40,0,0,0,40,11,29,0,0,0,0,0,0,37,10,27,6,4,2,80,72,8,18,18,0,1,4,4,0,0,0,0,0,4,4,0,0,0,0,0,0,0,0,0,239
State: Himachal Pradesh,8,Kinnaur,0,0,1,0,0,0,0,3,2,0,0,1,1,0,0,0,0,0,0,0,3,2,1,0,0,0,6,4,2,0,0,0,0,0,0,0,0,0,0,0,0,0,0,0,0,0,0,0,0,0,0,13
State: Himachal Pradesh,9,Kullu,0,0,0,0,0,0,12,17,17,0,0,0,0,0,0,0,0,0,0,0,19,7,12,0,0,0,25,25,0,4,4,0,0,0,0,0,0,0,0,0,0,0,0,0,0,0,0,0,0,0,0,77
State: Himachal Pradesh,10,Lahaul & Spiti,0,0,1,0,0,0,0,1,1,0,0,0,0,0,0,0,0,0,0,0,1,0,1,0,0,0,1,1,0,0,0,0,0,0,0,0,0,0,0,0,0,0,0,1,0,1,0,0,0,0,0,5
State: Himachal Pradesh,11,Mandi,0,1,13,0,0,0,44,41,0,0,0,41,5,36,0,0,0,0,0,0,38,20,18,0,0,0,64,56,8,15,15,0,0,0,0,0,0,0,0,0,5,0,5,1,0,1,0,0,0,0,1,223
State: Himachal Pradesh,12,Shimla,1,0,2,2,0,0,15,36,20,0,0,12,3,9,0,0,4,0,0,0,29,9,20,1,1,0,48,44,4,0,0,0,0,2,2,0,0,0,0,0,1,0,1,0,0,0,0,0,0,0,0,137
State: Himachal Pradesh,13,Sirmaur,2,0,2,0,0,0,20,26,0,0,0,26,1,25,0,0,0,0,0,0,26,11,15,0,0,0,38,32,6,0,0,0,0,1,0,1,0,0,0,0,0,0,0,0,0,0,0,0,0,0,0,115
State: Himachal Pradesh,14,Solan,1,1,0,0,0,0,4,11,6,0,0,0,0,0,0,0,5,0,0,0,19,11,8,0,0,0,12,10,2,0,0,0,0,1,0,0,0,0,1,0,7,0,7,2,2,0,0,0,0,0,0,58
State: Himachal Pradesh,15,Una,0,0,5,0,0,0,25,13,2,0,0,11,4,7,0,0,0,0,0,0,14,8,6,0,0,0,38,32,6,2,1,1,0,0,0,0,0,0,0,0,0,0,0,0,0,0,0,0,0,0,0,97
State: Himachal Pradesh,16,Cyber,0,0,0,0,0,0,0,0,0,0,0,0,0,0,0,0,0,0,0,0,0,0,0,0,0,0,0,0,0,0,0,0,0,0,0,0,0,0,0,0,0,0,0,0,0,0,0,0,0,0,0,0
State: Himachal Pradesh,,Total,7,3,55,2,2,0,191,242,62,0,0,167,42,125,4,0,9,0,0,0,249,106,143,8,5,3,397,346,51,52,49,3,1,8,6,1,0,0,1,4,20,6,14,4,2,2,0,0,0,0,1,1246
State: Jammu & Kashmir,1,Anantnag,0,0,0,0,0,0,16,79,0,0,0,40,40,0,0,0,39,0,0,0,11,11,0,0,0,0,100,100,0,7,7,0,1,0,0,0,0,0,0,0,0,0,0,0,0,0,0,0,0,0,0,214
State: Jammu & Kashmir,2,Awantipora,0,0,0,0,0,0,5,32,0,0,0,32,32,0,0,0,0,0,0,0,1,1,0,1,1,0,42,42,0,0,0,0,0,0,0,0,0,0,0,0,0,0,0,0,0,0,0,0,0,0,0,81
State: Jammu & Kashmir,3,Bandipora,0,0,0,0,0,0,2,27,0,0,0,27,27,0,0,0,0,0,0,0,4,4,0,0,0,0,47,47,0,0,0,0,0,0,0,0,0,0,0,0,0,0,0,0,0,0,0,0,0,0,0,80
State: Jammu & Kashmir,4,Baramulla,0,0,0,2,0,0,46,55,55,0,0,0,0,0,0,0,0,0,0,0,4,4,0,0,0,0,60,60,0,0,0,0,0,0,0,0,0,0,0,0,0,0,0,0,0,0,0,0,0,0,0,167
State: Jammu & Kashmir,5,Budgam,0,0,0,0,0,0,2,66,0,0,0,66,66,0,0,0,0,0,0,0,10,10,0,0,0,0,155,155,0,0,0,0,0,0,0,0,0,0,0,0,0,0,0,0,0,0,0,0,0,0,0,233
State: Jammu & Kashmir,6,Crime Jammu,0,0,0,0,0,0,0,0,0,0,0,0,0,0,0,0,0,0,0,0,0,0,0,0,0,0,1,1,0,0,0,0,0,0,0,0,0,0,0,0,1,0,1,0,0,0,0,0,0,0,0,2
State: Jammu & Kashmir,7,Crime Srinagar,0,0,0,0,0,0,0,0,0,0,0,0,0,0,0,0,0,0,0,0,0,0,0,0,0,0,0,0,0,0,0,0,0,0,0,0,0,0,0,0,0,0,0,0,0,0,0,0,0,0,0,0
State: Jammu & Kashmir,8,Doda,0,0,0,3,0,0,7,32,32,0,0,0,0,0,0,0,0,0,0,0,15,15,0,0,0,0,16,16,0,0,0,0,0,0,0,0,0,0,0,0,0,0,0,0,0,0,0,0,0,0,0,73
State: Jammu & Kashmir,9,Ganderbal,0,0,0,0,0,0,10,30,19,0,0,11,11,0,0,0,0,0,0,0,4,4,0,2,2,0,72,72,0,0,0,0,0,0,0,0,0,0,0,0,0,0,0,0,0,0,0,0,0,0,0,118
State: Jammu & Kashmir,10,Handwara,0,0,2,0,1,0,4,13,0,0,0,13,13,0,0,0,0,0,0,0,8,8,0,6,6,0,61,61,0,0,0,0,0,0,0,0,0,0,0,0,0,0,0,0,0,0,0,0,0,0,0,95
State: Jammu & Kashmir,11,Jammu,0,4,9,0,0,0,64,114,0,0,0,0,0,0,0,0,114,0,0,0,49,49,0,0,0,0,100,100,0,24,24,0,0,0,0,0,0,0,0,0,0,0,0,0,0,0,0,0,0,0,0,364
State: Jammu & Kashmir,12,Kargil,0,0,0,0,0,0,0,1,0,0,0,1,1,0,0,0,0,0,0,0,0,0,0,0,0,0,0,0,0,0,0,0,0,0,0,0,0,0,0,0,0,0,0,0,0,0,0,0,0,0,0,1
State: Jammu & Kashmir,13,Kathua,0,2,1,0,0,0,12,23,16,0,0,7,7,0,0,0,0,0,0,0,16,8,8,2,2,0,22,19,3,2,2,0,0,0,0,0,0,0,0,0,0,0,0,0,0,0,0,0,0,0,0,80
State: Jammu & Kashmir,14,Kishtwar,0,0,2,0,0,0,4,17,10,0,0,7,7,0,0,0,0,0,0,0,4,2,2,0,0,0,26,26,0,0,0,0,0,0,0,0,0,0,0,0,0,0,0,0,0,0,0,0,0,0,0,53
State: Jammu & Kashmir,15,Kulgam,0,0,0,0,0,0,11,42,0,0,0,42,42,0,0,0,0,0,0,0,22,22,0,0,0,0,99,99,0,0,0,0,0,0,0,0,0,0,0,0,0,0,0,0,0,0,0,0,0,0,0,174
State: Jammu & Kashmir,16,Kupwara,0,0,0,0,0,0,13,54,0,0,0,54,54,0,0,0,0,0,0,0,12,12,0,0,0,0,31,31,0,0,0,0,0,0,0,0,0,0,0,0,0,0,0,0,0,0,0,0,0,0,0,110
State: Jammu & Kashmir,17,Leh,0,0,0,0,0,0,0,5,0,0,0,0,0,0,0,0,5,0,0,0,2,2,0,1,1,0,2,2,0,0,0,0,0,0,0,0,0,0,0,0,0,0,0,0,0,0,0,0,0,0,0,10
State: Jammu & Kashmir,18,Poonch,0,0,1,0,0,0,8,31,14,0,0,17,17,0,0,0,0,0,0,0,15,8,7,1,0,1,33,31,2,2,1,1,0,0,0,0,0,0,0,0,2,2,0,0,0,0,0,0,0,0,0,93
State: Jammu & Kashmir,19,Pulwama,0,0,0,0,0,0,4,12,0,0,0,12,12,0,0,0,0,0,0,0,3,1,2,1,1,0,32,32,0,0,0,0,0,0,0,0,0,0,0,0,0,0,0,0,0,0,0,0,0,0,0,52
State: Jammu & Kashmir,20,Railways Jammu,0,0,0,0,0,0,0,0,0,0,0,0,0,0,0,0,0,0,0,0,0,0,0,0,0,0,0,0,0,0,0,0,0,0,0,0,0,0,0,0,0,0,0,0,0,0,0,0,0,0,0,0
State: Jammu & Kashmir,21,Railways Kashmir,0,0,0,0,0,0,0,0,0,0,0,0,0,0,0,0,0,0,0,0,0,0,0,0,0,0,0,0,0,0,0,0,0,0,0,0,0,0,0,0,0,0,0,0,0,0,0,0,0,0,0,0
State: Jammu & Kashmir,22,Railways Katra,0,0,0,0,0,0,0,0,0,0,0,0,0,0,0,0,0,0,0,0,0,0,0,0,0,0,0,0,0,0,0,0,0,0,0,0,0,0,0,0,0,0,0,0,0,0,0,0,0,0,0,0
State: Jammu & Kashmir,23,Rajouri,0,0,1,0,0,0,42,55,0,0,0,55,55,0,0,0,0,0,0,0,29,29,0,0,0,0,55,55,0,0,0,0,0,0,0,0,0,0,0,0,0,0,0,0,0,0,0,0,0,0,0,182
State: Jammu & Kashmir,24,Ramban,0,0,3,0,0,0,6,23,12,0,0,11,11,0,0,0,0,0,0,0,16,12,4,2,1,1,28,28,0,1,1,0,0,0,0,0,0,0,0,0,0,0,0,0,0,0,0,0,0,0,0,79
State: Jammu & Kashmir,25,Reasi,0,0,0,0,0,0,5,21,8,0,0,13,13,0,0,0,0,0,0,0,24,24,0,0,0,0,31,31,0,5,5,0,0,0,0,0,0,0,0,0,0,0,0,0,0,0,0,0,0,0,0,86
State: Jammu & Kashmir,26,Samba,0,1,1,2,0,0,11,16,8,0,0,8,8,0,0,0,0,0,0,0,8,8,0,0,0,0,10,10,0,0,0,0,0,0,0,0,0,0,0,0,0,0,0,0,0,0,0,0,0,0,0,49
State: Jammu & Kashmir,27,Shopian,0,0,0,0,0,0,4,24,18,0,0,6,6,0,0,0,0,0,0,0,1,1,0,0,0,0,51,51,0,0,0,0,0,0,0,0,0,0,0,0,0,0,0,0,0,0,0,0,0,0,0,80
State: Jammu & Kashmir,28,Sopore,0,0,1,0,0,0,8,39,23,0,0,16,16,0,0,0,0,0,0,0,2,1,1,2,1,1,74,74,0,0,0,0,0,0,0,0,0,0,0,0,0,0,0,0,0,0,0,0,0,0,0,126
State: Jammu & Kashmir,29,Srinagar,0,0,2,0,0,0,52,93,67,0,0,26,26,0,0,0,0,0,0,0,11,7,4,3,1,2,229,229,0,0,0,0,0,0,0,0,0,0,0,0,1,0,1,0,0,0,0,0,0,0,0,391
State: Jammu & Kashmir,30,Udhampur,0,1,2,0,0,0,41,27,20,0,0,7,7,0,0,0,0,0,0,0,25,11,14,0,0,0,40,40,0,0,0,0,0,0,0,0,0,0,0,0,0,0,0,0,0,0,0,0,0,0,0,136
State: Jammu & Kashmir,,Total,0,8,25,7,1,0,377,931,302,0,0,471,471,0,0,0,158,0,0,0,296,254,42,21,16,5,1417,1412,5,41,40,1,1,0,0,0,0,0,0,0,4,2,2,0,0,0,0,0,0,0,0,3129
State: Jharkhand,1,Bokaro,0,17,0,0,0,0,70,71,0,0,0,71,71,0,0,0,0,0,0,0,67,52,15,0,0,0,4,4,0,0,0,0,37,0,0,0,0,0,0,70,0,0,0,0,0,0,0,0,0,0,0,336
State: Jharkhand,2,Chaibasa,0,4,0,0,0,0,13,17,2,1,0,0,0,0,14,0,0,5,0,0,54,33,21,6,0,6,17,5,12,0,0,0,15,0,0,0,0,0,0,0,0,0,0,0,0,0,0,0,0,0,0,131
State: Jharkhand,3,Chatra,0,17,0,0,0,0,18,26,9,0,0,17,0,17,0,0,0,0,0,0,29,29,0,0,0,0,15,15,0,0,0,0,45,0,0,0,0,0,0,0,0,0,0,11,11,0,0,0,0,0,0,161
State: Jharkhand,4,Deoghar,0,21,0,0,0,0,64,24,0,0,0,24,24,0,0,0,0,0,0,0,29,29,0,7,7,0,77,77,0,2,2,0,121,0,0,0,0,0,0,0,0,0,0,7,7,0,0,0,0,0,0,352
State: Jharkhand,5,Dhanbad,0,16,0,0,0,0,39,41,0,0,0,1,0,1,40,0,0,0,0,0,37,37,0,0,0,0,50,37,13,0,0,0,60,0,0,0,0,0,0,0,0,0,0,30,0,0,30,0,0,0,0,273
State: Jharkhand,6,Dhanbad Railway,0,0,0,0,0,0,0,2,0,1,0,0,0,0,1,0,0,0,0,0,2,2,0,0,0,0,7,7,0,0,0,0,0,0,0,0,0,0,0,0,0,0,0,1,0,1,0,0,0,0,0,12
State: Jharkhand,7,Dumka,0,11,9,0,0,0,16,22,5,0,0,0,0,0,17,0,0,0,0,0,25,25,0,2,2,0,12,12,0,0,0,0,17,0,0,0,0,0,0,0,0,0,0,27,27,0,0,0,0,0,0,141
State: Jharkhand,8,Garhwa,0,26,0,0,0,0,43,43,0,0,0,0,0,0,43,0,0,0,0,0,28,28,0,4,0,4,65,65,0,0,0,0,104,0,0,0,0,0,0,0,0,0,0,23,23,0,0,0,0,0,0,336
State: Jharkhand,9,Giridih,0,38,0,0,0,0,49,98,0,0,0,63,29,34,0,0,35,1,0,0,70,60,10,26,26,0,147,103,44,0,0,0,96,1,0,0,0,0,1,0,0,0,0,10,10,0,0,0,0,0,0,536
State: Jharkhand,10,Godda,0,4,0,0,0,0,126,123,0,0,22,44,0,44,40,0,17,1,0,0,49,35,14,0,0,0,0,0,0,0,0,0,0,0,0,0,0,0,0,0,0,0,0,0,0,0,0,0,0,0,0,303
State: Jharkhand,11,Gumla,0,0,0,0,0,0,13,20,0,0,1,2,2,0,16,0,1,0,0,0,54,40,14,8,6,2,15,14,1,2,1,1,21,0,0,0,0,0,0,0,0,0,0,25,16,6,3,0,0,0,0,158
State: Jharkhand,12,Hazaribagh,0,22,0,0,0,0,39,133,10,4,8,21,0,21,32,0,58,1,0,0,72,72,0,11,11,0,19,19,0,3,3,0,127,0,0,0,0,0,0,0,0,0,0,26,23,0,1,2,0,0,0,453
State: Jharkhand,13,Jamshedpur,0,12,5,0,0,0,70,75,10,0,0,65,65,0,0,0,0,4,0,0,85,85,0,14,14,0,50,50,0,0,0,0,141,3,0,0,0,0,3,0,0,0,0,28,28,0,0,0,0,0,0,487
State: Jharkhand,14,Jamshedpur Railway,0,0,0,0,0,0,0,1,1,0,0,0,0,0,0,0,0,0,0,0,0,0,0,0,0,0,3,3,0,0,0,0,0,0,0,0,0,0,0,0,0,0,0,0,0,0,0,0,0,0,0,4
State: Jharkhand,15,Jamtara,0,5,0,0,0,0,90,36,0,0,0,19,19,0,17,0,0,0,0,0,26,26,0,4,4,0,61,61,0,0,0,0,42,0,0,0,0,0,0,0,0,0,0,19,19,0,0,0,0,0,0,283
State: Jharkhand,16,Khunti,0,7,0,0,0,0,3,6,0,0,0,6,6,0,0,0,0,0,0,0,11,11,0,2,2,0,2,2,0,0,0,0,12,0,0,0,0,0,0,0,0,0,0,7,7,0,0,0,0,0,0,50
State: Jharkhand,17,Koderma,0,5,0,0,0,0,24,25,0,0,0,25,6,19,0,0,0,0,0,0,18,18,0,0,0,0,0,0,0,0,0,0,28,0,0,0,0,0,0,0,0,0,0,24,14,10,0,0,0,0,0,124
State: Jharkhand,18,Latehar,0,4,0,0,0,0,5,16,0,0,0,16,16,0,0,0,0,2,0,0,29,29,0,5,5,0,28,28,0,7,7,0,15,0,0,0,0,0,0,0,0,0,0,19,12,7,0,0,0,0,0,130
State: Jharkhand,19,Lohardagga,0,1,0,0,0,0,13,11,0,3,1,0,0,0,0,0,7,0,0,0,37,37,0,0,0,0,3,3,0,0,0,0,13,0,0,0,0,0,0,0,0,0,0,0,0,0,0,0,0,0,0,78
State: Jharkhand,20,Pakur,0,0,0,0,0,0,16,6,0,0,0,2,2,0,4,0,0,1,0,0,43,43,0,20,5,15,14,13,1,0,0,0,37,0,0,0,0,0,0,0,0,0,0,0,0,0,0,0,0,0,0,137
State: Jharkhand,21,Palamu,6,21,0,0,0,0,88,107,0,0,0,100,48,52,4,0,3,4,0,0,35,31,4,1,1,0,16,2,14,80,80,0,90,0,0,0,0,0,0,0,0,0,0,43,0,0,0,6,32,5,0,491
State: Jharkhand,22,Ramgarh,0,7,0,0,0,0,14,49,5,4,4,0,0,0,0,0,36,0,0,0,15,15,0,1,1,0,23,23,0,0,0,0,27,0,0,0,0,0,0,0,0,0,0,16,0,0,0,16,0,0,0,152
State: Jharkhand,23,Ranchi,0,0,0,0,0,0,0,6,0,0,0,6,6,0,0,0,0,0,14,3,14,12,2,0,0,0,25,25,0,0,0,0,118,0,0,0,0,0,0,0,0,0,0,4,1,2,1,0,0,0,0,184
State: Jharkhand,24,Sahebganj,0,4,3,0,0,0,144,23,0,0,0,0,0,0,23,0,0,0,0,0,48,48,0,39,39,0,78,78,0,0,0,0,0,0,0,0,0,0,0,0,0,0,0,24,24,0,0,0,0,0,0,363
State: Jharkhand,25,Saraikela,0,6,2,0,0,0,27,41,2,0,0,14,14,0,25,0,0,0,0,0,13,13,0,18,5,13,17,17,0,10,10,0,20,0,0,0,0,0,0,0,0,0,0,16,14,2,0,0,0,0,0,170
State: Jharkhand,26,Simdega,0,0,0,0,0,0,14,11,0,0,0,11,11,0,0,0,0,0,0,0,24,24,0,0,0,0,0,0,0,0,0,0,0,0,0,0,0,0,0,0,0,0,0,17,17,0,0,0,0,0,0,66
State: Jharkhand,,Total,6,248,19,0,0,0,998,1033,44,13,36,507,319,188,276,0,157,19,14,3,914,834,80,168,128,40,748,663,85,104,103,1,1186,4,0,0,0,0,4,70,0,0,0,377,253,28,35,24,32,5,0,5911
State: Karnataka,1,Bagalkot,1,5,3,0,0,0,33,5,3,0,0,1,1,0,1,0,0,0,0,0,2,2,0,0,0,0,136,136,0,1,1,0,32,0,0,0,0,0,0,0,0,0,0,34,21,4,8,0,0,1,0,252
State: Karnataka,2,Bengaluru City,2,48,89,3,2,0,493,432,409,0,3,4,1,3,14,0,2,3,0,0,130,130,0,1,1,0,976,975,1,105,105,0,728,128,36,49,35,4,4,0,22,17,5,403,276,83,33,1,6,4,0,3565
State: Karnataka,3,Bengaluru District,0,19,0,0,0,0,61,21,0,0,0,11,11,0,10,0,0,0,0,0,20,20,0,0,0,0,149,149,0,8,8,0,38,0,0,0,0,0,0,0,0,0,0,58,42,10,6,0,0,0,0,374
State: Karnataka,4,Belagavi District,0,4,7,0,0,0,116,50,33,0,1,0,0,0,10,0,6,0,0,0,30,30,0,0,0,0,243,243,0,1,1,0,12,1,1,0,0,0,0,0,0,0,0,59,45,10,3,0,1,0,0,523
State: Karnataka,5,Ballari,0,7,2,0,0,0,37,41,21,0,0,1,1,0,0,0,19,0,0,0,13,13,0,0,0,0,128,126,2,1,1,0,68,3,2,0,0,0,1,0,0,0,0,44,36,5,1,2,0,0,0,344
State: Karnataka,6,Bidar,0,9,2,0,0,0,83,18,6,0,0,3,2,1,7,0,2,0,0,0,10,10,0,0,0,0,100,100,0,5,5,0,17,3,0,3,0,0,0,0,0,0,0,35,18,6,10,1,0,0,0,282
State: Karnataka,7,Vijayapura,2,1,4,0,0,0,105,35,27,0,1,1,1,0,0,0,6,0,0,0,24,24,0,1,1,0,125,125,0,0,0,0,3,0,0,0,0,0,0,0,0,0,0,43,34,0,0,9,0,0,0,343
State: Karnataka,8,Chikkaballapura,0,10,8,0,0,0,21,4,4,0,0,0,0,0,0,0,0,0,0,0,5,5,0,0,0,0,51,51,0,0,0,0,14,0,0,0,0,0,0,0,0,0,0,73,60,13,0,0,0,0,0,186
State: Karnataka,9,Chamarajnagar,0,2,5,0,0,0,24,0,0,0,0,0,0,0,0,0,0,0,0,0,7,7,0,0,0,0,135,135,0,0,0,0,6,1,0,1,0,0,0,0,5,5,0,26,14,0,0,12,0,0,0,211
State: Karnataka,10,Chikkamagaluru,0,6,5,0,0,0,50,7,3,0,0,0,0,0,4,0,0,0,0,0,11,11,0,0,0,0,244,244,0,3,3,0,8,2,1,0,0,0,1,0,0,0,0,51,32,12,3,0,4,0,0,387
State: Karnataka,11,Chitradurga,0,4,3,0,0,0,48,17,3,0,0,0,0,0,14,0,0,0,0,0,17,17,0,2,2,0,213,213,0,1,1,0,41,2,1,0,1,0,0,0,0,0,0,27,18,6,0,3,0,0,1,376
State: Karnataka,12,Dakshina Kannada,0,0,4,0,0,0,22,0,0,0,0,0,0,0,0,0,0,0,0,0,20,20,0,1,1,0,51,51,0,3,3,0,2,1,0,1,0,0,0,0,1,0,1,51,24,12,14,0,1,0,0,156
State: Karnataka,13,Davanagere,0,5,6,0,0,0,51,11,8,0,0,2,2,0,0,0,1,0,0,0,13,13,0,1,1,0,195,195,0,2,2,0,40,9,8,0,0,1,0,0,0,0,0,51,41,5,5,0,0,0,0,384
State: Karnataka,14,Dharwad,1,2,2,0,0,0,19,1,1,0,0,0,0,0,0,0,0,0,0,0,8,8,0,0,0,0,42,42,0,0,0,0,0,0,0,0,0,0,0,0,0,0,0,27,22,5,0,0,0,0,0,102
State: Karnataka,15,Gadag,0,0,5,0,0,0,28,4,4,0,0,0,0,0,0,0,0,0,0,0,8,8,0,2,2,0,65,65,0,0,0,0,1,3,0,0,0,0,3,0,0,0,0,16,16,0,0,0,0,0,0,132
State: Karnataka,16,Kalaburgi,0,7,3,0,0,0,105,26,13,0,0,6,6,0,4,0,3,0,0,0,16,16,0,0,0,0,128,128,0,35,34,1,42,8,8,0,0,0,0,0,0,0,0,65,51,7,5,0,2,0,0,435
State: Karnataka,17,Hassan,0,9,1,1,0,0,57,52,39,0,0,4,4,0,0,0,9,1,0,0,18,18,0,0,0,0,235,235,0,4,4,0,56,2,0,0,0,0,2,0,0,0,0,57,31,26,0,0,0,0,0,493
State: Karnataka,18,Haveri,0,8,9,0,0,0,39,7,7,0,0,0,0,0,0,0,0,0,0,0,17,17,0,0,0,0,112,112,0,0,0,0,20,2,0,0,0,0,2,0,0,0,0,58,37,0,21,0,0,0,0,272
State: Karnataka,19,Hubballi Dharwad City,0,2,3,0,0,0,48,7,2,0,0,0,0,0,0,0,5,0,0,0,5,5,0,0,0,0,40,40,0,1,1,0,0,10,1,9,0,0,0,0,2,0,2,25,11,10,1,2,1,0,0,143
State: Karnataka,20,K.G.F.,0,5,1,0,0,0,5,2,1,0,0,1,1,0,0,0,0,0,0,0,5,5,0,0,0,0,22,22,0,1,1,0,7,0,0,0,0,0,0,0,0,0,0,14,13,0,1,0,0,0,0,62
State: Karnataka,21,Kodagu,0,1,1,0,0,0,22,4,0,0,0,2,0,2,2,0,0,0,0,0,7,7,0,0,0,0,37,37,0,1,1,0,0,7,0,0,0,0,7,0,0,0,0,47,33,6,0,8,0,0,0,127
State: Karnataka,22,Kolar,0,7,1,0,0,0,23,5,2,0,0,0,0,0,3,0,0,0,0,0,9,9,0,0,0,0,64,64,0,0,0,0,29,0,0,0,0,0,0,0,2,2,0,27,21,2,4,0,0,0,0,167
State: Karnataka,23,Koppal,0,3,17,0,0,0,49,0,0,0,0,0,0,0,0,0,0,0,0,0,15,15,0,0,0,0,86,86,0,1,1,0,1,1,0,0,1,0,0,0,0,0,0,37,27,5,5,0,0,0,0,210
State: Karnataka,24,Mandya,0,5,7,0,0,0,69,32,17,0,0,15,15,0,0,0,0,0,0,0,13,13,0,1,1,0,362,362,0,6,6,0,54,7,0,0,0,3,4,0,0,0,0,79,42,8,29,0,0,0,0,635
State: Karnataka,25,Mangaluru City,0,1,4,1,0,0,52,0,0,0,0,0,0,0,0,0,0,1,0,0,8,8,0,0,0,0,88,88,0,6,6,0,20,22,0,0,0,0,22,0,2,0,2,51,29,17,5,0,0,0,0,256
State: Karnataka,26,Mysuru City,0,4,11,0,0,0,29,3,1,0,0,2,1,1,0,0,0,0,0,0,13,13,0,1,1,0,109,109,0,4,4,0,60,0,0,0,0,0,0,0,0,0,0,39,29,10,0,0,0,0,0,273
State: Karnataka,27,Mysuru District,1,6,1,0,0,0,72,8,7,0,0,1,0,1,0,0,0,0,0,0,9,9,0,0,0,0,270,270,0,1,1,0,22,7,0,2,0,4,1,0,0,0,0,81,50,31,0,0,0,0,0,478
State: Karnataka,28,Raichur,0,3,9,0,0,0,133,11,8,0,2,1,1,0,0,0,0,4,0,0,12,12,0,0,0,0,212,212,0,1,1,0,71,1,1,0,0,0,0,0,0,0,0,49,33,8,8,0,0,0,0,506
State: Karnataka,29,K.Railways,0,0,0,0,0,0,1,3,3,0,0,0,0,0,0,0,0,0,0,0,0,0,0,0,0,0,4,4,0,0,0,0,0,0,0,0,0,0,0,0,0,0,0,3,3,0,0,0,0,0,0,11
State: Karnataka,30,Ramanagara,0,9,8,0,0,0,55,4,4,0,0,0,0,0,0,0,0,0,0,0,12,12,0,1,1,0,177,177,0,1,1,0,31,0,0,0,0,0,0,0,0,0,0,41,21,12,0,8,0,0,0,339
State: Karnataka,31,Shimoga,0,1,0,0,0,0,191,61,60,0,0,1,1,0,0,0,0,1,0,0,19,19,0,0,0,0,443,443,0,5,5,0,0,3,3,0,0,0,0,0,0,0,0,83,56,13,9,0,5,0,0,807
State: Karnataka,32,Tumakuru,0,8,2,0,0,0,36,51,30,0,0,0,0,0,21,0,0,0,0,0,17,17,0,1,1,0,71,71,0,5,5,0,61,4,0,0,0,0,4,0,0,0,0,71,41,18,12,0,0,0,0,327
State: Karnataka,33,Udupi,0,2,0,0,0,0,31,2,2,0,0,0,0,0,0,0,0,0,0,0,14,13,1,0,0,0,112,112,0,2,2,0,3,1,0,0,0,0,1,0,0,0,0,38,26,4,8,0,0,0,0,205
State: Karnataka,34,Uttara Kannada,0,0,3,0,0,0,30,2,1,0,0,1,1,0,0,0,0,0,0,0,11,11,0,0,0,0,150,150,0,7,7,0,17,1,1,0,0,0,0,0,0,0,0,37,20,12,4,0,1,0,0,258
State: Karnataka,35,Yadgiri,0,3,4,0,0,0,50,13,0,0,0,7,5,2,6,0,0,0,0,0,3,3,0,0,0,0,136,136,0,0,0,0,20,0,0,0,0,0,0,0,0,0,0,18,15,2,1,0,0,0,0,247
State: Karnataka,36,Belagavi City,0,0,4,1,0,0,44,28,12,0,0,3,1,2,8,0,5,2,0,0,5,5,0,0,0,0,52,52,0,1,1,0,43,7,3,0,4,0,0,0,0,0,0,23,17,2,4,0,0,0,0,210
State: Karnataka,,Total,7,206,234,6,2,0,2332,967,731,0,7,67,55,12,104,0,58,12,0,0,546,545,1,12,12,0,5763,5760,3,212,211,1,1567,236,66,65,41,12,52,0,34,24,10,1941,1305,364,200,46,21,5,1,14078
State: Kerala,1,Alapuzha,0,0,4,0,2,0,117,15,9,0,0,5,0,5,0,0,1,0,0,0,95,38,57,9,7,2,284,268,16,18,17,1,1,1,0,0,1,0,0,16,1,0,1,41,1,34,4,0,2,0,0,604
State: Kerala,2,Ernakulam Commr.,0,0,0,0,0,0,108,10,1,0,1,8,1,7,0,0,0,6,0,0,85,51,34,0,0,0,253,218,35,51,48,3,0,6,0,0,0,6,0,3,1,1,0,12,1,11,0,0,0,0,0,535
State: Kerala,3,Ernakulam Rural,0,0,0,0,0,0,156,15,10,0,0,2,0,2,0,0,3,0,0,0,115,44,71,6,6,0,283,253,30,54,52,2,0,4,0,0,2,1,1,25,0,0,0,35,5,2,2,23,3,0,0,693
State: Kerala,4,Idukki,2,1,0,0,1,0,120,8,2,0,0,5,2,3,1,0,0,0,0,0,92,30,62,3,3,0,240,223,17,18,17,1,1,0,0,0,0,0,0,10,1,1,0,60,31,18,9,1,0,1,1,558
State: Kerala,5,Kannur,0,1,0,0,0,0,138,4,1,0,0,0,0,0,3,0,0,0,0,0,74,24,50,4,1,3,157,131,26,6,6,0,0,0,0,0,0,0,0,0,2,0,2,0,0,0,0,0,0,0,0,386
State: Kerala,6,Kasargod,0,0,6,0,0,0,115,7,0,0,0,0,0,0,0,0,7,0,0,0,85,37,48,0,0,0,155,114,41,12,11,1,0,1,0,0,0,0,1,3,0,0,0,21,0,0,0,21,0,0,0,405
State: Kerala,7,Kollam Commr.,0,1,4,0,0,0,153,11,2,0,0,9,2,7,0,0,0,0,0,0,95,44,51,0,0,0,183,172,11,12,12,0,0,0,0,0,0,0,0,7,0,0,0,47,0,37,10,0,0,0,0,513
State: Kerala,8,Kollam Rural,1,1,4,0,2,0,145,8,8,0,0,0,0,0,0,0,0,0,0,0,120,40,80,3,3,0,288,281,7,20,19,1,0,0,0,0,0,0,0,4,0,0,0,7,0,7,0,0,0,0,0,603
State: Kerala,9,Kottayam,0,0,0,0,1,0,101,9,4,0,0,3,1,2,1,0,1,0,0,0,104,53,51,2,2,0,221,207,14,28,24,4,0,0,0,0,0,0,0,12,1,0,1,36,5,17,6,5,0,3,1,516
State: Kerala,10,Kozhikode Commr.,0,0,1,0,0,0,124,9,4,0,0,4,3,1,0,0,1,0,0,0,54,24,30,2,2,0,107,98,9,14,14,0,0,0,0,0,0,0,0,1,0,0,0,33,1,25,7,0,0,0,0,345
State: Kerala,11,Kozhikode Rural,1,0,2,0,1,0,248,13,1,0,0,1,1,0,4,0,7,0,0,0,92,41,51,6,6,0,291,265,26,7,7,0,1,0,0,0,0,0,0,1,0,0,0,55,16,31,3,3,0,2,0,718
State: Kerala,12,Malappuram,0,4,3,0,1,0,364,11,5,0,0,4,1,3,1,0,1,0,0,0,165,89,76,2,2,0,357,330,27,22,22,0,0,1,0,0,0,0,1,5,2,0,2,42,15,23,4,0,0,0,2,981
State: Kerala,13,Palakkad,0,0,4,0,0,0,203,13,3,0,0,9,5,4,0,0,1,1,0,0,209,73,136,1,0,1,133,128,5,9,9,0,0,0,0,0,0,0,0,1,0,0,0,44,0,35,5,2,1,1,0,618
State: Kerala,14,Pathanamthitta,0,0,0,0,0,0,83,1,0,0,0,1,0,1,0,0,0,0,0,0,83,36,47,0,0,0,153,153,0,8,8,0,0,0,0,0,0,0,0,13,0,0,0,49,0,34,12,0,3,0,0,390
State: Kerala,15,Railways,0,0,0,0,0,0,0,0,0,0,0,0,0,0,0,0,0,0,0,0,0,0,0,1,1,0,51,50,1,1,1,0,0,0,0,0,0,0,0,0,0,0,0,3,0,3,0,0,0,0,0,56
State: Kerala,16,Thrissur Commr.,0,0,1,0,1,0,69,8,0,0,0,5,1,4,0,0,3,0,0,0,59,33,26,3,2,1,118,117,1,18,18,0,0,5,0,0,5,0,0,1,3,0,3,19,2,13,4,0,0,0,0,305
State: Kerala,17,Thrissur Rural,0,0,6,0,0,0,239,5,4,0,0,1,0,1,0,0,0,0,0,0,120,71,49,6,6,0,250,234,16,49,47,2,3,0,0,0,0,0,0,2,0,0,0,34,6,19,8,0,0,1,0,714
State: Kerala,18,Trivandrum Commr.,0,0,0,0,0,0,78,15,4,0,0,10,2,8,0,0,1,0,0,0,77,38,39,1,1,0,231,231,0,23,23,0,0,2,0,2,0,0,0,15,8,5,3,69,39,30,0,0,0,0,0,519
State: Kerala,19,Trivandrum Rural,0,4,12,0,0,0,207,14,2,0,0,11,8,3,0,0,1,0,0,0,206,128,78,7,7,0,535,526,9,41,41,0,3,0,0,0,0,0,0,15,0,0,0,159,59,68,12,20,0,0,0,1203
State: Kerala,20,Wayanadu,0,0,2,0,0,0,86,8,4,0,0,3,2,1,1,0,0,0,0,0,68,36,32,1,1,0,121,121,0,10,10,0,0,1,0,0,0,0,1,3,0,0,0,78,30,32,3,3,8,2,0,378
State: Kerala,21,Crime Branch,0,0,2,0,0,0,2,0,0,0,0,0,0,0,0,0,0,0,0,0,5,4,1,0,0,0,2,2,0,0,0,0,0,0,0,0,0,0,0,0,3,3,0,3,0,1,1,1,0,0,0,17
State: Kerala,,Total,4,12,51,0,9,0,2856,184,64,0,1,81,29,52,11,0,27,7,0,0,2003,934,1069,57,50,7,4413,4122,291,421,406,15,9,21,0,2,8,7,4,137,22,10,12,847,211,440,90,79,17,10,4,11057
State: Madhya Pradesh,1,Agar,0,3,3,0,0,1,19,10,4,0,0,6,3,3,0,0,0,0,0,0,35,18,17,0,0,0,84,74,10,0,0,0,0,0,0,0,0,0,0,0,0,0,0,0,0,0,0,0,0,0,0,155
State: Madhya Pradesh,2,Alirajpur,0,3,10,3,0,0,10,77,0,0,0,77,8,69,0,0,0,0,0,0,72,34,38,3,2,1,55,12,43,2,2,0,0,0,0,0,0,0,0,0,0,0,0,0,0,0,0,0,0,0,0,235
State: Madhya Pradesh,3,Anuppur,0,4,7,1,0,0,78,49,45,0,0,4,0,4,0,0,0,0,0,0,65,26,39,4,2,2,95,68,27,2,2,0,0,0,0,0,0,0,0,0,0,0,0,0,0,0,0,0,0,0,0,305
State: Madhya Pradesh,4,Ashok Nagar,1,13,10,0,0,0,81,31,31,0,0,0,0,0,0,0,0,1,0,0,76,24,52,5,0,5,192,115,77,4,3,1,0,0,0,0,0,0,0,0,0,0,0,0,0,0,0,0,0,0,0,414
State: Madhya Pradesh,5,Balaghat,0,9,7,0,0,0,65,124,118,0,0,2,0,2,0,0,4,0,0,0,121,49,72,1,0,1,157,111,46,2,2,0,1,0,0,0,0,0,0,0,0,0,0,0,0,0,0,0,0,0,0,487
State: Madhya Pradesh,6,Barwani,0,5,10,0,0,0,25,43,30,0,0,13,2,11,0,0,0,0,0,0,108,32,76,0,0,0,101,74,27,5,5,0,0,0,0,0,0,0,0,0,0,0,0,0,0,0,0,0,0,0,0,297
State: Madhya Pradesh,7,Betul,1,15,13,0,0,0,105,137,0,0,0,137,4,133,0,0,0,3,0,0,81,81,0,1,1,0,107,107,0,10,10,0,2,0,0,0,0,0,0,0,0,0,0,114,53,61,0,0,0,0,0,589
State: Madhya Pradesh,8,Bhind,0,30,11,0,0,0,106,72,52,0,1,19,0,19,0,0,0,0,0,0,65,41,24,3,3,0,120,120,0,0,0,0,2,0,0,0,0,0,0,0,0,0,0,24,24,0,0,0,0,0,0,433
State: Madhya Pradesh,9,Bhopal,0,23,22,4,0,0,439,290,288,0,0,0,0,0,0,0,2,3,0,0,316,133,183,2,0,2,500,356,144,13,12,1,5,6,0,0,6,0,0,0,6,6,0,198,198,0,0,0,0,0,0,1827
State: Madhya Pradesh,10,Bhopal Railway,0,0,2,0,0,0,2,4,4,0,0,0,0,0,0,0,0,1,0,0,6,5,1,0,0,0,23,19,4,2,2,0,0,0,0,0,0,0,0,0,0,0,0,5,1,4,0,0,0,0,0,45
State: Madhya Pradesh,11,Burhanpur,1,0,4,0,0,0,25,33,30,0,0,3,0,3,0,0,0,0,0,0,37,10,27,1,0,1,66,46,20,2,2,0,0,0,0,0,0,0,0,0,0,0,0,0,0,0,0,0,0,0,0,169
State: Madhya Pradesh,12,Chhatarpur,2,22,13,0,0,0,109,62,0,0,0,62,0,62,0,0,0,0,0,0,76,14,62,1,1,0,261,190,71,3,0,3,4,0,0,0,0,0,0,0,0,0,0,62,57,5,0,0,0,0,0,615
State: Madhya Pradesh,13,Chhindwara,0,19,28,0,0,0,186,186,186,0,0,0,0,0,0,0,0,0,0,0,234,62,172,0,0,0,369,268,101,0,0,0,10,1,0,0,0,1,0,0,0,0,0,0,0,0,0,0,0,0,0,1033
State: Madhya Pradesh,14,Damoh,0,18,13,0,0,0,104,136,70,0,0,3,2,1,0,0,63,0,0,0,48,25,23,0,0,0,156,101,55,2,2,0,0,0,0,0,0,0,0,0,0,0,0,0,0,0,0,0,0,0,0,477
State: Madhya Pradesh,15,Datia,0,7,8,0,0,0,33,46,42,0,0,4,4,0,0,0,0,0,0,0,24,14,10,0,0,0,64,39,25,0,0,0,0,1,0,0,0,0,1,0,0,0,0,0,0,0,0,0,0,0,0,183
State: Madhya Pradesh,16,Dewas,0,10,18,0,0,0,219,88,66,0,0,22,5,17,0,0,0,1,0,0,151,57,94,3,3,0,275,190,85,16,14,2,0,0,0,0,0,0,0,84,0,0,0,0,0,0,0,0,0,0,0,865
State: Madhya Pradesh,17,Dhar,1,10,25,0,1,0,74,180,135,0,0,43,5,38,0,0,2,0,0,0,227,81,146,0,0,0,227,227,0,8,7,1,0,0,0,0,0,0,0,0,0,0,0,211,145,66,0,0,0,0,0,964
State: Madhya Pradesh,18,Dindori,0,2,1,0,0,0,105,65,58,0,0,7,0,7,0,0,0,1,0,0,68,32,36,0,0,0,117,85,32,3,1,2,0,0,0,0,0,0,0,0,0,0,0,66,32,32,2,0,0,0,0,428
State: Madhya Pradesh,19,Guna,0,9,4,0,0,0,117,51,47,0,0,2,2,0,0,2,0,0,0,0,169,117,52,4,3,1,70,40,30,0,0,0,0,0,0,0,0,0,0,0,0,0,0,86,52,34,0,0,0,0,0,510
State: Madhya Pradesh,20,Gwalior,3,43,25,0,0,0,234,175,124,0,0,51,6,45,0,0,0,9,4,1,225,115,110,3,2,1,320,218,102,5,5,0,5,0,0,0,0,0,0,0,0,0,0,157,62,94,1,0,0,0,0,1209
State: Madhya Pradesh,21,Harda,0,1,5,0,0,0,72,44,44,0,0,0,0,0,0,0,0,0,0,0,82,34,48,0,0,0,122,76,46,3,3,0,0,0,0,0,0,0,0,0,0,0,0,0,0,0,0,0,0,0,0,329
State: Madhya Pradesh,22,Hoshangabad,0,7,12,0,0,0,115,82,68,0,0,13,3,10,1,0,0,1,0,0,109,37,72,1,0,1,180,113,67,4,3,1,0,0,0,0,0,0,0,0,0,0,0,0,0,0,0,0,0,0,0,511
State: Madhya Pradesh,23,Indore,0,21,28,0,1,0,368,330,302,0,1,25,18,7,0,0,2,2,0,0,270,121,149,2,2,0,400,255,145,48,44,4,0,10,0,0,0,10,0,0,0,0,0,299,149,145,4,0,0,1,0,1779
State: Madhya Pradesh,24,Indore Railway,0,0,0,0,0,0,1,0,0,0,0,0,0,0,0,0,0,0,0,0,2,1,1,0,0,0,10,9,1,0,0,0,0,0,0,0,0,0,0,0,0,0,0,0,0,0,0,0,0,0,0,13
State: Madhya Pradesh,25,Jabalpur,1,27,37,16,0,0,247,346,320,0,0,26,5,21,0,0,0,1,1,0,179,73,106,6,1,5,349,252,97,14,14,0,2,0,0,0,0,0,0,153,0,0,0,0,0,0,0,0,0,0,0,1379
State: Madhya Pradesh,26,Jabalpur Railway,0,2,1,0,0,0,0,1,1,0,0,0,0,0,0,0,0,4,0,0,1,0,1,0,0,0,17,15,2,0,0,0,0,0,0,0,0,0,0,0,0,0,0,0,0,0,0,0,0,0,0,26
State: Madhya Pradesh,27,Jhabua,0,0,18,0,0,0,29,230,207,0,0,22,5,17,0,0,1,0,0,0,113,71,42,0,0,0,141,102,39,0,0,0,0,0,0,0,0,0,0,0,1,0,1,0,0,0,0,0,0,0,0,532
State: Madhya Pradesh,28,Katni,0,18,5,0,0,0,132,70,68,0,0,2,0,2,0,0,0,0,0,0,103,39,64,2,0,2,184,147,37,1,1,0,0,0,0,0,0,0,0,0,0,0,0,8,1,7,0,0,0,0,0,523
State: Madhya Pradesh,29,Khandwa,0,2,13,4,0,0,38,66,34,0,0,32,8,24,0,0,0,2,0,0,113,43,70,0,0,0,188,69,119,3,3,0,2,0,0,0,0,0,0,0,0,0,0,0,0,0,0,0,0,0,0,431
State: Madhya Pradesh,30,Khargone,2,3,10,0,0,0,77,57,45,0,0,11,2,9,0,0,1,0,0,0,203,42,161,1,0,1,266,186,80,13,7,6,0,0,0,0,0,0,0,2,0,0,0,0,0,0,0,0,0,0,0,634
State: Madhya Pradesh,31,Mandla,1,5,11,0,0,0,42,101,83,0,0,11,0,11,7,0,0,0,0,0,65,37,28,0,0,0,82,53,29,1,1,0,0,0,0,0,0,0,0,0,0,0,0,0,0,0,0,0,0,0,0,308
State: Madhya Pradesh,32,Mandsaur,0,4,16,0,1,0,31,56,42,0,0,14,14,0,0,0,0,0,0,0,78,35,43,0,0,0,113,77,36,0,0,0,0,0,0,0,0,0,0,0,0,0,0,0,0,0,0,0,0,0,0,299
State: Madhya Pradesh,33,Morena,0,35,17,0,0,0,225,55,32,0,0,23,23,0,0,0,0,0,0,0,85,39,46,1,0,1,117,67,50,2,2,0,0,0,0,0,0,0,0,0,0,0,0,0,0,0,0,0,0,0,0,537
State: Madhya Pradesh,34,Narsinghpur,0,16,15,0,0,0,157,80,71,0,0,9,2,7,0,0,0,0,0,0,119,60,59,0,0,0,254,168,86,4,3,1,1,0,0,0,0,0,0,0,0,0,0,0,0,0,0,0,0,0,0,646
State: Madhya Pradesh,35,Neemuch,0,1,13,0,0,0,25,25,23,0,0,0,0,0,1,0,1,0,2,0,45,11,34,0,0,0,64,46,18,6,6,0,0,1,1,0,0,0,0,0,0,0,0,0,0,0,0,0,0,0,0,182
State: Madhya Pradesh,36,Panna,0,19,15,0,0,0,31,95,95,0,0,0,0,0,0,0,0,0,0,0,22,8,14,0,0,0,82,55,27,0,0,0,1,0,0,0,0,0,0,0,0,0,0,0,0,0,0,0,0,0,0,265
State: Madhya Pradesh,37,Raisen,0,12,14,0,0,0,84,91,80,0,0,11,7,4,0,0,0,0,0,0,60,60,0,1,1,0,156,156,0,7,7,0,0,0,0,0,0,0,0,0,0,0,0,70,70,0,0,0,0,0,0,495
State: Madhya Pradesh,38,Rajgarh,0,7,16,0,0,0,98,64,64,0,0,0,0,0,0,0,0,3,0,0,81,56,25,2,2,0,242,229,13,8,8,0,0,0,0,0,0,0,0,0,1,1,0,0,0,0,0,0,0,0,0,522
State: Madhya Pradesh,39,Ratlam,0,3,14,0,0,0,164,126,90,0,0,34,3,31,0,0,2,1,1,0,137,45,92,1,0,1,184,120,64,15,13,2,1,0,0,0,0,0,0,0,0,0,0,0,0,0,0,0,0,0,0,647
State: Madhya Pradesh,40,Rewa,1,35,27,16,0,0,116,225,206,0,0,19,9,10,0,0,0,1,0,0,110,29,81,1,0,1,215,144,71,3,3,0,0,0,0,0,0,0,0,0,0,0,0,0,0,0,0,0,0,0,0,750
State: Madhya Pradesh,41,Sagar,0,28,30,0,0,0,304,186,0,0,0,186,7,179,0,0,0,0,0,0,213,83,130,2,0,2,538,374,164,6,6,0,2,0,0,0,0,0,0,0,0,0,0,0,0,0,0,0,0,0,0,1309
State: Madhya Pradesh,42,Satna,1,23,21,0,0,0,144,206,0,0,0,206,4,202,0,0,0,0,0,0,153,114,39,1,0,1,202,126,76,7,1,6,4,0,0,0,0,0,0,0,0,0,0,0,0,0,0,0,0,0,0,762
State: Madhya Pradesh,43,Seoni,1,9,12,0,0,0,123,86,81,0,0,3,3,0,0,0,2,1,0,0,53,35,18,1,0,1,130,83,47,8,8,0,0,0,0,0,0,0,0,0,0,0,0,0,0,0,0,0,0,0,0,424
State: Madhya Pradesh,44,Shahdol,1,11,8,0,1,0,282,102,86,1,0,12,1,11,3,0,0,2,0,0,107,43,64,1,0,1,154,117,37,1,1,0,0,0,0,0,0,0,0,0,0,0,0,0,0,0,0,0,0,0,0,670
State: Madhya Pradesh,45,Shajapur,1,5,8,0,0,0,32,27,18,0,0,9,0,9,0,0,0,0,0,0,52,22,30,1,1,0,94,64,30,2,2,0,0,0,0,0,0,0,0,0,0,0,0,68,30,30,0,8,0,0,0,290
State: Madhya Pradesh,46,Sheopur,0,3,3,0,0,0,24,16,12,0,0,4,4,0,0,0,0,0,0,0,29,19,10,0,0,0,49,33,16,0,0,0,0,0,0,0,0,0,0,0,0,0,0,0,0,0,0,0,0,0,0,124
State: Madhya Pradesh,47,Shivpuri,1,15,9,3,0,0,62,88,87,0,0,1,1,0,0,0,0,2,0,0,86,46,40,0,0,0,187,136,51,1,1,0,1,4,0,4,0,0,0,0,0,0,0,0,0,0,0,0,0,0,0,459
State: Madhya Pradesh,48,Sidhi,0,11,20,1,0,0,24,71,0,0,1,70,6,64,0,0,0,0,0,0,37,21,16,0,0,0,94,65,29,2,2,0,0,0,0,0,0,0,0,0,0,0,0,18,18,0,0,0,0,0,0,278
State: Madhya Pradesh,49,Sehore,0,10,18,0,0,0,203,60,0,0,0,59,9,50,0,0,1,0,0,0,132,42,90,0,0,0,183,55,128,5,0,5,0,0,0,0,0,0,0,0,0,0,0,0,0,0,0,0,0,0,0,611
State: Madhya Pradesh,50,Singrauli,1,12,11,0,0,0,129,72,34,0,0,36,0,36,0,0,2,0,1,0,94,49,45,1,0,1,107,81,26,0,0,0,1,0,0,0,0,0,0,2,0,0,0,0,0,0,0,0,0,0,0,431
State: Madhya Pradesh,51,Tikamgarh,1,21,11,0,1,0,121,92,13,0,0,0,0,0,0,0,79,3,0,0,131,51,80,2,2,0,223,137,86,1,0,1,0,0,0,0,0,0,0,0,0,0,0,0,0,0,0,0,0,0,1,608
State: Madhya Pradesh,52,Ujjain,0,5,16,0,0,0,279,116,89,0,0,24,2,22,0,0,3,0,0,0,187,77,110,1,0,1,336,274,62,20,4,16,0,4,0,0,0,0,4,0,1,1,0,0,0,0,0,0,0,0,0,965
State: Madhya Pradesh,53,Umaria,0,4,5,0,0,0,48,40,0,0,0,40,0,40,0,0,0,0,1,0,47,23,24,1,1,0,74,59,15,1,1,0,0,0,0,0,0,0,0,0,0,0,0,0,0,0,0,0,0,0,0,221
State: Madhya Pradesh,54,Vidisha,0,12,14,0,0,0,136,35,0,0,0,35,12,23,0,0,0,0,0,0,60,60,0,1,1,0,156,156,0,12,12,0,0,0,0,0,0,0,0,0,0,0,0,149,56,93,0,0,0,0,0,575
State: Madhya Pradesh,55,Cyber Crime Cell,0,0,0,0,0,0,0,0,0,0,0,0,0,0,0,0,0,0,0,0,0,0,0,0,0,0,0,0,0,0,0,0,0,0,0,0,0,0,0,0,13,13,0,0,0,0,0,0,0,0,0,13
State: Madhya Pradesh,,Total,21,632,707,48,5,1,6099,5200,3625,1,3,1392,189,1203,12,2,165,42,10,1,5562,2496,3066,61,28,33,9252,6559,2693,277,225,52,44,27,1,4,6,11,5,241,22,21,1,1535,948,571,7,8,0,1,1,29788
State: Maharashtra,1,Ahmednagar,1,14,48,0,0,0,239,222,166,0,0,56,9,47,0,0,0,0,0,0,85,85,0,0,0,0,410,410,0,20,20,0,0,8,0,8,0,0,0,0,0,0,0,95,53,42,0,0,0,0,0,1142
State: Maharashtra,2,Akola,0,9,20,0,0,0,185,59,27,0,0,32,4,28,0,0,0,0,0,0,27,27,0,1,0,1,144,144,0,2,2,0,1,0,0,0,0,0,0,0,0,0,0,108,41,67,0,0,0,0,0,556
State: Maharashtra,3,Amravati Commr.,0,2,11,0,0,1,170,72,64,0,0,7,4,3,0,0,1,0,0,0,30,30,0,0,0,0,155,155,0,4,4,0,8,0,0,0,0,0,0,0,0,0,0,82,30,52,0,0,0,0,0,535
State: Maharashtra,4,Amravati Rural,15,4,37,0,0,0,175,86,76,0,0,10,0,10,0,0,0,2,0,0,42,42,0,0,0,0,190,190,0,6,6,0,2,0,0,0,0,0,0,0,2,2,0,148,59,89,0,0,0,0,0,709
State: Maharashtra,5,Aurangabad Commr.,0,4,15,2,0,0,227,97,77,0,0,18,9,9,0,0,2,0,0,0,39,39,0,0,0,0,339,339,0,4,4,0,0,12,11,0,0,0,1,0,0,0,0,116,33,83,0,0,0,0,0,855
State: Maharashtra,6,Aurangabad Rural,0,14,34,4,0,0,162,58,26,0,0,32,3,29,0,0,0,0,0,0,29,29,0,0,0,0,135,135,0,1,1,0,0,2,0,0,0,0,2,0,0,0,0,67,31,36,0,0,0,0,0,506
State: Maharashtra,7,Beed,0,12,47,0,0,0,280,85,55,0,0,16,11,5,12,0,2,1,0,0,30,30,0,1,1,0,196,196,0,5,5,0,0,5,2,0,3,0,0,0,1,1,0,69,35,34,0,0,0,0,0,732
State: Maharashtra,8,Bhandara,0,0,5,0,0,0,31,85,77,0,0,5,2,3,2,0,1,1,0,0,12,12,0,3,3,0,86,86,0,13,13,0,3,5,5,0,0,0,0,0,0,0,0,52,24,28,0,0,0,0,0,296
State: Maharashtra,9,Buldhana,1,10,30,1,0,0,145,74,34,0,2,35,6,29,0,0,3,0,0,0,25,25,0,0,0,0,277,277,0,9,9,0,1,2,2,0,0,0,0,0,0,0,0,97,39,58,0,0,0,0,0,672
State: Maharashtra,10,Chandrapur,1,7,12,3,0,0,136,146,58,0,0,88,3,85,0,0,0,0,0,0,32,32,0,0,0,0,147,147,0,32,32,0,3,2,0,0,0,0,2,0,0,0,0,118,60,58,0,0,0,0,0,639
State: Maharashtra,11,Dhule,0,5,24,0,0,0,244,52,0,0,0,52,3,49,0,0,0,0,0,0,19,14,5,0,0,0,93,78,15,8,6,2,0,0,0,0,0,0,0,0,0,0,0,32,15,17,0,0,0,0,0,477
State: Maharashtra,12,Gadchiroli,1,0,8,0,0,0,10,31,25,0,0,5,1,4,0,0,1,0,0,0,10,10,0,0,0,0,37,37,0,7,7,0,0,0,0,0,0,0,0,0,0,0,0,38,25,13,0,0,0,0,0,142
State: Maharashtra,13,Gondia,0,3,8,0,0,0,40,61,59,0,0,2,1,1,0,0,0,0,0,0,27,27,0,0,0,0,94,94,0,3,3,0,4,0,0,0,0,0,0,0,0,0,0,68,30,38,0,0,0,0,0,308
State: Maharashtra,14,Hingoli,0,4,4,0,0,0,63,30,17,0,0,8,6,2,5,0,0,0,1,0,19,16,3,0,0,0,70,64,6,2,2,0,0,0,0,0,0,0,0,2,0,0,0,26,8,18,0,0,0,0,0,221
State: Maharashtra,15,Jalgaon,1,3,33,0,0,0,227,89,5,0,0,82,14,68,0,0,2,1,0,0,39,39,0,1,1,0,198,198,0,8,8,0,0,14,0,0,0,14,0,0,2,0,2,69,28,41,0,0,0,0,0,685
State: Maharashtra,16,Jalna,1,11,4,0,0,0,215,42,12,0,0,12,12,0,0,0,18,0,0,0,30,30,0,0,0,0,201,177,24,0,0,0,0,1,0,0,1,0,0,1,4,0,4,25,14,10,1,0,0,0,0,535
State: Maharashtra,17,Kolhapur,1,8,28,0,0,0,96,113,71,0,2,37,2,35,0,0,3,1,0,0,25,25,0,1,0,1,152,152,0,5,5,0,0,21,16,0,5,0,0,0,0,0,0,122,60,62,0,0,0,0,0,573
State: Maharashtra,18,Latur,0,9,18,0,0,0,187,90,51,0,0,39,1,38,0,0,0,0,0,0,15,15,0,0,0,0,139,139,0,0,0,0,0,0,0,0,0,0,0,0,0,0,0,63,37,24,0,2,0,0,0,521
State: Maharashtra,19,Mumbai Commr.,0,11,33,1,1,4,558,1276,1225,1,0,36,3,33,5,0,9,31,1,0,287,287,0,1,1,0,1713,1713,0,448,448,0,0,34,0,0,8,23,3,2,6,3,3,1046,467,560,19,0,0,0,0,5453
State: Maharashtra,20,Mumbai Railway,0,1,1,0,0,0,0,0,0,0,0,0,0,0,0,0,0,0,0,0,2,2,0,0,0,0,93,93,0,9,9,0,0,0,0,0,0,0,0,0,0,0,0,13,8,5,0,0,0,0,0,119
State: Maharashtra,21,Nagpur Commr.,0,8,13,0,0,0,212,299,293,0,0,4,2,2,0,0,2,15,0,0,71,71,0,0,0,0,278,278,0,10,10,0,3,31,0,0,2,27,2,2,1,0,1,209,95,108,6,0,0,0,0,1152
State: Maharashtra,22,Nagpur Railway,0,2,2,0,0,0,0,9,9,0,0,0,0,0,0,0,0,0,0,0,0,0,0,0,0,0,20,20,0,1,1,0,0,0,0,0,0,0,0,0,0,0,0,5,1,4,0,0,0,0,0,39
State: Maharashtra,23,Nagpur Rural,0,5,21,0,0,0,64,149,143,0,0,0,0,0,6,0,0,0,0,0,60,60,0,0,0,0,129,129,0,15,15,0,4,0,0,0,0,0,0,0,0,0,0,124,40,83,0,1,0,0,0,571
State: Maharashtra,24,Nanded,0,11,25,0,0,0,204,86,62,0,0,19,2,17,0,0,5,0,0,0,32,32,0,0,0,0,145,145,0,3,3,0,1,3,0,0,0,0,3,1,0,0,0,85,53,32,0,0,0,0,0,596
State: Maharashtra,25,Nandurbar,0,0,6,0,0,0,61,31,0,0,0,31,3,28,0,0,0,0,0,0,13,12,1,0,0,0,49,40,9,2,2,0,0,2,0,0,2,0,0,0,0,0,0,24,16,8,0,0,0,0,0,188
State: Maharashtra,26,Nasik Commr.,0,2,9,6,0,0,131,169,167,0,0,2,2,0,0,0,0,1,0,0,12,12,0,0,0,0,96,96,0,8,8,0,0,17,12,5,0,0,0,0,2,2,0,61,24,36,1,0,0,0,0,514
State: Maharashtra,27,Nasik Rural,0,7,36,0,1,0,243,62,41,0,0,14,1,13,7,0,0,1,0,0,26,26,0,0,0,0,220,220,0,8,3,5,0,2,0,0,2,0,0,0,3,3,0,94,44,50,0,0,0,0,0,703
State: Maharashtra,28,Navi Mumbai,0,1,20,0,0,0,119,136,132,0,1,1,1,0,0,0,2,6,0,0,61,61,0,0,0,0,134,133,1,29,29,0,0,9,4,0,1,4,0,0,0,0,0,131,67,62,0,0,0,2,0,646
State: Maharashtra,29,Osmanabad,0,8,26,0,0,0,73,52,26,0,0,25,3,22,0,0,1,0,0,0,16,16,0,0,0,0,121,121,0,3,3,0,0,0,0,0,0,0,0,0,0,0,0,64,27,37,0,0,0,0,0,363
State: Maharashtra,30,Palghar,0,1,31,1,0,0,63,270,267,0,0,3,2,1,0,0,0,16,1,0,71,71,0,0,0,0,134,134,0,10,10,0,0,9,8,0,0,1,0,0,0,0,0,162,105,56,1,0,0,0,0,769
State: Maharashtra,31,Parbhani,0,4,17,0,0,0,178,44,36,0,0,8,1,7,0,0,0,0,0,0,24,24,0,0,0,0,110,110,0,0,0,0,0,1,0,0,0,0,1,0,0,0,0,64,28,36,0,0,0,0,0,442
State: Maharashtra,32,Pune Commr.,2,7,51,0,0,0,332,500,486,0,2,11,6,5,0,0,1,22,0,0,134,134,0,1,1,0,503,503,0,47,47,0,0,10,7,0,0,0,3,0,6,1,5,417,215,196,5,1,0,0,0,2032
State: Maharashtra,33,Pune Railway,0,0,0,0,0,0,0,2,2,0,0,0,0,0,0,0,0,0,0,0,1,1,0,0,0,0,4,4,0,0,0,0,0,0,0,0,0,0,0,0,0,0,0,4,3,1,0,0,0,0,0,11
State: Maharashtra,34,Pune Rural,1,6,43,0,0,0,247,365,323,1,6,27,1,26,6,0,2,0,0,0,131,128,3,0,0,0,609,609,0,32,26,6,0,13,2,1,7,2,1,0,0,0,0,189,93,95,0,0,0,1,0,1636
State: Maharashtra,35,Raigad,0,0,13,0,0,0,39,60,55,0,0,3,1,2,1,0,1,0,0,0,25,25,0,0,0,0,88,88,0,9,9,0,0,0,0,0,0,0,0,0,0,0,0,58,26,31,1,0,0,0,0,292
State: Maharashtra,36,Ratnagiri,0,1,10,0,0,0,13,48,47,0,0,1,1,0,0,0,0,0,0,0,19,19,0,0,0,0,85,85,0,27,27,0,0,0,0,0,0,0,0,0,0,0,0,48,28,20,0,0,0,0,0,251
State: Maharashtra,37,Sangli,0,7,19,11,0,0,92,135,94,0,0,40,8,32,0,0,1,2,0,0,22,22,0,0,0,0,159,159,0,3,3,0,0,1,0,1,0,0,0,0,1,1,0,88,45,43,0,0,0,0,0,540
State: Maharashtra,38,Satara,0,2,29,0,0,0,138,148,135,0,0,13,0,13,0,0,0,4,0,0,49,49,0,0,0,0,245,245,0,20,20,0,0,0,0,0,0,0,0,0,0,0,0,138,60,76,2,0,0,0,0,773
State: Maharashtra,39,Sindhudurg,0,1,2,0,0,0,2,22,7,0,0,8,0,8,0,0,7,0,0,0,4,4,0,0,0,0,57,57,0,1,1,0,0,0,0,0,0,0,0,0,1,1,0,18,6,12,0,0,0,0,0,108
State: Maharashtra,40,Solapur Commr.,0,0,9,0,0,0,79,7,0,0,0,7,0,7,0,0,0,0,0,0,9,9,0,0,0,0,70,70,0,4,4,0,0,0,0,0,0,0,0,0,0,0,0,62,36,26,0,0,0,0,0,240
State: Maharashtra,41,Solapur Rural,0,6,36,0,0,0,102,118,93,0,0,24,3,21,0,0,1,0,0,0,41,41,0,0,0,0,297,297,0,4,4,0,0,4,4,0,0,0,0,0,0,0,0,171,74,96,0,0,1,0,0,779
State: Maharashtra,42,Thane Commr.,0,7,35,18,0,0,242,372,334,0,0,3,0,3,2,0,33,11,0,0,138,138,0,0,0,0,352,352,0,37,37,0,0,25,17,1,0,1,6,0,2,0,2,260,107,153,0,0,0,0,0,1499
State: Maharashtra,43,Thane Rural,1,4,20,0,0,0,97,145,136,0,0,1,1,0,4,0,4,12,0,0,50,50,0,0,0,0,138,138,0,18,18,0,0,14,1,0,0,9,4,0,0,0,0,78,37,41,0,0,0,0,0,577
State: Maharashtra,44,Wardha,0,4,12,0,0,0,54,101,78,0,0,20,0,20,3,0,0,0,0,0,16,16,0,0,0,0,125,125,0,2,2,0,2,0,0,0,0,0,0,3,0,0,0,82,24,58,0,0,0,0,0,401
State: Maharashtra,45,Washim,0,0,22,0,0,0,132,20,3,0,0,17,6,11,0,0,0,0,0,0,18,18,0,0,0,0,123,123,0,1,1,0,0,1,0,0,0,0,1,0,0,0,0,27,11,16,0,0,0,0,0,344
State: Maharashtra,46,Yavatmal,0,8,24,0,0,0,277,130,38,1,0,91,40,51,0,0,0,0,0,0,66,66,0,0,0,0,232,232,0,39,39,0,4,0,0,0,0,0,0,0,0,0,0,57,23,34,0,0,0,0,0,837
State: Maharashtra,,Total,26,233,951,47,2,5,6584,6248,5132,3,13,945,178,767,53,0,102,127,3,0,1933,1921,12,9,7,2,9392,9337,55,919,906,13,36,248,91,16,31,81,29,11,31,14,17,5174,2385,2745,36,4,1,3,0,31979
State: Manipur,1,Bishnupur,0,0,0,0,0,0,2,16,0,0,0,16,13,3,0,0,0,0,0,0,5,5,0,0,0,0,4,4,0,0,0,0,0,0,0,0,0,0,0,0,0,0,0,1,1,0,0,0,0,0,0,28
State: Manipur,2,Chandel,0,0,0,0,0,0,0,0,0,0,0,0,0,0,0,0,0,0,0,0,0,0,0,0,0,0,1,1,0,0,0,0,0,0,0,0,0,0,0,0,0,0,0,3,3,0,0,0,0,0,0,4
State: Manipur,3,Churachandpur,0,0,0,0,0,0,0,2,0,0,0,2,2,0,0,0,0,1,0,0,0,0,0,0,0,0,1,1,0,0,0,0,0,0,0,0,0,0,0,0,0,0,0,1,1,0,0,0,0,0,0,5
State: Manipur,4,CID,0,0,0,0,0,0,0,0,0,0,0,0,0,0,0,0,0,0,0,0,0,0,0,0,0,0,10,10,0,2,2,0,0,0,0,0,0,0,0,0,0,0,0,0,0,0,0,0,0,0,0,12
State: Manipur,5,Imphal East,0,0,0,0,1,0,6,19,0,0,0,19,12,7,0,0,0,1,0,0,10,9,1,0,0,0,19,17,2,0,0,0,0,0,0,0,0,0,0,0,0,0,0,2,0,1,1,0,0,0,0,58
State: Manipur,6,Imphal West,0,0,0,0,0,0,7,21,0,0,0,9,9,0,8,0,4,3,0,0,17,17,0,3,3,0,25,25,0,5,3,2,0,0,0,0,0,0,0,0,0,0,0,7,3,3,1,0,0,0,0,88
State: Manipur,7,Senapati,0,0,0,0,0,0,0,0,0,0,0,0,0,0,0,0,0,0,0,0,0,0,0,0,0,0,0,0,0,0,0,0,0,0,0,0,0,0,0,0,0,0,0,0,0,0,0,0,0,0,0,0
State: Manipur,8,Tamenglong,0,0,0,0,0,0,0,0,0,0,0,0,0,0,0,0,0,0,0,0,0,0,0,0,0,0,0,0,0,0,0,0,0,0,0,0,0,0,0,0,0,0,0,0,0,0,0,0,0,0,0,0
State: Manipur,9,Thoubal,0,0,0,0,0,0,4,10,0,0,0,10,8,2,0,0,0,0,0,0,8,8,0,1,1,0,6,4,2,1,1,0,0,0,0,0,0,0,0,0,1,0,1,7,3,3,1,0,0,0,0,38
State: Manipur,10,Ukhrul,0,0,0,0,0,0,0,2,0,1,0,1,0,1,0,0,0,0,0,0,0,0,0,0,0,0,0,0,0,0,0,0,0,0,0,0,0,0,0,0,0,0,0,1,1,0,0,0,0,0,0,3
State: Manipur,,Total,0,0,0,0,1,0,19,70,0,1,0,57,44,13,8,0,4,5,0,0,40,39,1,4,4,0,66,62,4,8,6,2,0,0,0,0,0,0,0,0,1,0,1,22,12,7,3,0,0,0,0,236
State: Meghalaya,1,Garo Hills East,0,0,0,0,0,0,0,0,0,0,0,0,0,0,0,0,0,0,0,0,12,12,0,0,0,0,3,3,0,0,0,0,0,0,0,0,0,0,0,0,0,0,0,0,0,0,0,0,0,0,0,15
State: Meghalaya,2,Garo Hills North,0,0,0,0,0,0,0,0,0,0,0,0,0,0,0,0,0,0,0,0,3,3,0,0,0,0,2,2,0,0,0,0,0,0,0,0,0,0,0,0,0,0,0,13,4,8,0,0,1,0,0,18
State: Meghalaya,3,Garo Hills South,0,0,0,0,0,0,0,0,0,0,0,0,0,0,0,0,0,0,0,0,0,0,0,0,0,0,0,0,0,0,0,0,0,0,0,0,0,0,0,0,0,0,0,8,5,3,0,0,0,0,0,8
State: Meghalaya,4,Garo Hills South West,0,0,0,0,0,0,2,6,0,0,0,0,0,0,0,0,6,0,0,0,5,5,0,0,0,0,8,4,4,0,0,0,0,0,0,0,0,0,0,0,0,0,0,0,0,0,0,0,0,0,0,21
State: Meghalaya,5,Garo Hills West,0,0,0,0,0,0,7,26,0,0,0,3,3,0,22,0,1,0,0,0,9,6,3,4,1,3,8,7,1,8,8,0,0,0,0,0,0,0,0,0,0,0,0,11,8,3,0,0,0,0,0,73
State: Meghalaya,6,Jaintia Hills West,0,0,0,0,0,0,0,0,0,0,0,0,0,0,0,0,0,0,0,0,6,6,0,1,1,0,8,6,2,0,0,0,0,0,0,0,0,0,0,0,0,0,0,29,23,6,0,0,0,0,0,44
State: Meghalaya,7,Jaintia Hills East,0,0,0,0,0,0,0,0,0,0,0,0,0,0,0,0,0,0,0,0,13,0,13,0,0,0,10,10,0,0,0,0,0,0,0,0,0,0,0,0,0,0,0,18,12,6,0,0,0,0,0,41
State: Meghalaya,8,Khasi Hills East,0,0,0,0,0,0,9,13,4,0,0,5,3,2,1,0,3,0,0,0,18,18,0,3,3,0,34,34,0,13,13,0,0,0,0,0,0,0,0,0,1,0,1,119,83,32,0,0,4,0,0,210
State: Meghalaya,9,Khasi Hills South West,0,0,0,0,0,0,0,0,0,0,0,0,0,0,0,0,0,0,0,0,3,3,0,0,0,0,2,2,0,0,0,0,0,0,0,0,0,0,0,0,1,1,0,10,9,1,0,0,0,0,0,16
State: Meghalaya,10,Khasi Hills West,0,0,0,0,0,0,2,0,0,0,0,0,0,0,0,0,0,0,0,0,5,5,0,1,1,0,5,5,0,0,0,0,0,0,0,0,0,0,0,0,1,1,0,31,20,10,1,0,0,0,0,45
State: Meghalaya,11,Ri-Bhoi,0,1,1,0,0,0,0,9,7,0,0,0,0,0,0,0,2,0,0,0,45,15,30,11,4,7,8,4,4,0,0,0,1,0,0,0,0,0,0,0,0,0,0,0,0,0,0,0,0,0,0,76
State: Meghalaya,,Total,0,1,1,0,0,0,20,54,11,0,0,8,6,2,23,0,12,0,0,0,119,73,46,20,10,10,88,77,11,21,21,0,1,0,0,0,0,0,0,0,3,2,1,239,164,69,1,0,5,0,0,567
State: Mizoram,1,Aizawl,0,0,0,0,0,0,10,0,0,0,0,0,0,0,0,0,0,0,0,0,6,6,0,0,0,0,38,38,0,1,1,0,0,0,0,0,0,0,0,0,0,0,0,62,45,17,0,0,0,0,0,117
State: Mizoram,2,Champhai,0,0,0,0,0,0,2,0,0,0,0,0,0,0,0,0,0,0,0,0,5,5,0,0,0,0,0,0,0,0,0,0,0,0,0,0,0,0,0,0,0,0,0,32,18,12,2,0,0,0,0,39
State: Mizoram,3,Kolasib,0,0,0,0,0,0,2,0,0,0,0,0,0,0,0,0,0,0,0,0,3,3,0,0,0,0,6,6,0,0,0,0,0,0,0,0,0,0,0,0,0,0,0,23,14,6,3,0,0,0,0,34
State: Mizoram,4,Lawngtlai,0,0,0,0,0,0,0,0,0,0,0,0,0,0,0,0,0,0,0,0,3,3,0,0,0,0,3,3,0,1,1,0,0,0,0,0,0,0,0,0,0,0,0,8,7,1,0,0,0,0,0,15
State: Mizoram,5,Lunglei,0,0,0,0,0,0,2,0,0,0,0,0,0,0,0,0,0,0,0,0,3,3,0,0,0,0,5,5,0,0,0,0,0,0,0,0,0,0,0,0,0,0,0,15,10,5,0,0,0,0,0,25
State: Mizoram,6,Mamit,0,0,0,0,0,0,2,0,0,0,0,0,0,0,0,0,0,0,0,0,3,3,0,0,0,0,4,3,1,0,0,0,0,0,0,0,0,0,0,0,0,0,0,22,13,7,2,0,0,0,0,31
State: Mizoram,7,Saiha,0,0,0,0,0,0,1,0,0,0,0,0,0,0,0,0,0,0,0,0,1,1,0,1,1,0,6,6,0,0,0,0,0,0,0,0,0,0,0,0,1,0,1,16,11,4,1,0,0,0,0,26
State: Mizoram,8,Serchhip,0,0,0,0,0,0,1,0,0,0,0,0,0,0,0,0,0,0,0,0,1,1,0,0,0,0,2,2,0,0,0,0,0,0,0,0,0,0,0,0,0,0,0,10,5,5,0,0,0,0,0,14
State: Mizoram,10,Spl Narcotic,0,0,0,0,0,0,0,0,0,0,0,0,0,0,0,0,0,0,0,0,0,0,0,0,0,0,0,0,0,0,0,0,0,0,0,0,0,0,0,0,0,0,0,0,0,0,0,0,0,0,0,0
State: Mizoram,,Total,0,0,0,0,0,0,20,0,0,0,0,0,0,0,0,0,0,0,0,0,25,25,0,1,1,0,64,63,1,2,2,0,0,0,0,0,0,0,0,0,1,0,1,188,123,57,8,0,0,0,0,301
State:Nagaland,1,Dimapur,0,0,0,0,0,0,3,7,5,0,0,1,0,1,1,0,0,0,0,0,2,2,0,0,0,0,6,6,0,0,0,0,0,3,0,1,2,0,0,0,0,0,0,18,7,11,0,0,0,0,0,39
State:Nagaland,2,Kiphire,0,0,0,0,0,0,0,0,0,0,0,0,0,0,0,0,0,0,0,0,1,0,1,0,0,0,0,0,0,0,0,0,0,0,0,0,0,0,0,0,0,0,0,0,0,0,0,0,0,0,0,1
State:Nagaland,3,Kohima,0,0,0,0,0,0,0,0,0,0,0,0,0,0,0,0,0,0,0,0,1,1,0,0,0,0,1,1,0,0,0,0,0,0,0,0,0,0,0,0,0,0,0,6,4,2,0,0,0,0,0,8
State:Nagaland,4,Longleng,0,0,0,0,0,0,0,0,0,0,0,0,0,0,0,0,0,0,0,0,0,0,0,0,0,0,0,0,0,0,0,0,0,0,0,0,0,0,0,0,0,0,0,0,0,0,0,0,0,0,0,0
State:Nagaland,5,Mokokchung,0,0,0,0,0,0,0,0,0,0,0,0,0,0,0,0,0,0,0,0,0,0,0,0,0,0,0,0,0,0,0,0,0,0,0,0,0,0,0,0,0,0,0,1,1,0,0,0,0,0,0,1
State:Nagaland,6,Mon,0,0,0,0,0,0,0,0,0,0,0,0,0,0,0,0,0,0,0,0,1,1,0,0,0,0,0,0,0,0,0,0,0,0,0,0,0,0,0,0,0,0,0,2,2,0,0,0,0,0,0,3
State:Nagaland,7,Peren,0,0,0,0,0,0,0,0,0,0,0,0,0,0,0,0,0,0,0,0,0,0,0,1,0,1,0,0,0,0,0,0,0,0,0,0,0,0,0,0,0,0,0,2,2,0,0,0,0,0,0,3
State:Nagaland,8,Phek,0,0,0,0,0,0,0,0,0,0,0,0,0,0,0,0,0,0,0,0,4,4,0,0,0,0,3,3,0,0,0,0,0,0,0,0,0,0,0,0,0,0,0,1,1,0,0,0,0,0,0,8
State:Nagaland,9,Tuensang,0,0,0,0,0,0,0,0,0,0,0,0,0,0,0,0,0,0,0,0,0,0,0,0,0,0,2,2,0,0,0,0,0,0,0,0,0,0,0,0,0,0,0,3,2,0,1,0,0,0,0,5
State:Nagaland,10,Wokha,0,0,0,0,0,0,0,0,0,0,0,0,0,0,0,0,0,0,0,0,0,0,0,0,0,0,0,0,0,0,0,0,0,0,0,0,0,0,0,0,0,0,0,5,5,0,0,0,0,0,0,5
State:Nagaland,11,Zunheboto,1,0,0,0,0,0,0,0,0,0,0,0,0,0,0,0,0,0,0,0,1,1,0,1,0,1,0,0,0,0,0,0,0,0,0,0,0,0,0,0,0,0,0,3,2,1,0,0,0,0,0,6
State:Nagaland,,Total,1,0,0,0,0,0,3,7,5,0,0,1,0,1,1,0,0,0,0,0,10,9,1,2,0,2,12,12,0,0,0,0,0,3,0,1,2,0,0,0,0,0,0,41,26,14,1,0,0,0,0,79
State :Odisha,1,Angul,0,16,0,0,0,0,68,26,26,0,0,0,0,0,0,0,0,0,0,0,58,42,16,0,0,0,361,361,0,27,27,0,0,2,0,0,0,0,2,0,0,0,0,0,0,0,0,0,0,0,0,558
State :Odisha,2,Balasore,0,31,12,0,1,1,95,268,170,0,2,43,0,43,0,0,53,0,0,0,95,39,56,11,7,4,720,708,12,37,37,0,350,0,0,0,0,0,0,0,11,11,0,0,0,0,0,0,0,0,0,1632
State :Odisha,3,Baragarh,0,8,0,0,0,0,36,78,76,0,0,2,2,0,0,0,0,0,0,0,41,14,27,3,3,0,483,483,0,2,2,0,74,3,3,0,0,0,0,0,0,0,0,0,0,0,0,0,0,0,0,728
State :Odisha,4,Berhampur,0,5,0,0,1,0,29,73,73,0,0,0,0,0,0,0,0,0,0,0,47,10,37,0,0,0,223,223,0,0,0,0,42,3,3,0,0,0,0,0,0,0,0,0,0,0,0,0,0,0,0,423
State :Odisha,5,Bhadrak,0,18,0,0,0,0,48,124,124,0,0,0,0,0,0,0,0,0,0,0,99,22,77,8,8,0,418,418,0,10,10,0,275,0,0,0,0,0,0,0,0,0,0,0,0,0,0,0,0,0,0,1000
State :Odisha,6,Bolangir,0,2,0,0,0,0,59,0,0,0,0,0,0,0,0,0,0,0,0,0,59,25,34,5,5,0,231,231,0,7,7,0,0,0,0,0,0,0,0,0,0,0,0,0,0,0,0,0,0,0,0,363
State :Odisha,7,Boudh,0,2,0,0,0,0,51,0,0,0,0,0,0,0,0,0,0,0,0,0,27,11,16,0,0,0,97,97,0,7,7,0,0,0,0,0,0,0,0,0,0,0,0,0,0,0,0,0,0,0,0,184
State :Odisha,8,Cuttack,0,21,0,0,0,0,41,0,0,0,0,0,0,0,0,0,0,0,0,0,42,17,25,7,7,0,179,179,0,9,9,0,142,0,0,0,0,0,0,0,0,0,0,0,0,0,0,0,0,0,0,441
State :Odisha,9,DCP BBSR,0,3,0,0,0,0,119,919,187,0,0,0,0,0,0,0,732,0,0,0,105,23,82,15,15,0,409,409,0,119,119,0,184,0,0,0,0,0,0,0,0,0,0,0,0,0,0,0,0,0,0,1873
State :Odisha,10,DCP CTC,0,0,0,0,1,0,176,0,0,0,0,0,0,0,0,0,0,1,0,0,46,19,27,1,1,0,155,155,0,0,0,0,0,5,0,0,0,0,5,0,0,0,0,0,0,0,0,0,0,0,0,385
State :Odisha,11,Deogarh,0,1,0,0,0,0,27,28,28,0,0,0,0,0,0,0,0,0,0,0,25,10,15,1,1,0,110,110,0,2,2,0,32,0,0,0,0,0,0,0,0,0,0,0,0,0,0,0,0,0,0,226
State :Odisha,12,Dhenkanal,0,18,0,0,0,0,42,73,73,0,0,0,0,0,0,0,0,1,0,0,27,6,21,3,3,0,428,428,0,27,27,0,112,0,0,0,0,0,0,0,0,0,0,0,0,0,0,0,0,0,0,731
State :Odisha,13,Gajapati,0,4,0,0,0,0,38,11,9,0,0,2,2,0,0,0,0,3,0,0,25,10,15,0,0,0,73,73,0,4,4,0,0,0,0,0,0,0,0,0,0,0,0,0,0,0,0,0,0,0,0,158
State :Odisha,14,Ganjam,0,26,0,0,1,0,0,7,0,0,0,7,7,0,0,0,0,0,0,0,83,16,67,1,1,0,435,435,0,44,44,0,125,1,1,0,0,0,0,0,0,0,0,0,0,0,0,0,0,0,0,723
State :Odisha,15,Jagatsinghpur,0,6,0,0,0,0,62,91,91,0,0,0,0,0,0,0,0,0,0,0,53,38,15,5,5,0,303,303,0,6,6,0,86,0,0,0,0,0,0,0,0,0,0,0,0,0,0,0,0,0,0,612
State :Odisha,16,Jajpur,0,43,0,0,4,0,61,92,62,0,0,30,30,0,0,0,0,0,0,0,97,44,53,4,4,0,227,217,10,9,7,2,205,2,0,0,0,0,2,0,0,0,0,69,53,10,2,4,0,0,0,813
State :Odisha,17,Jharsuguda,0,5,0,0,0,0,14,19,19,0,0,0,0,0,0,0,0,0,0,0,37,11,26,0,0,0,136,136,0,6,6,0,28,0,0,0,0,0,0,0,0,0,0,0,0,0,0,0,0,0,0,245
State :Odisha,18,Kalahandi,0,0,0,0,0,0,75,3,2,1,0,0,0,0,0,0,0,1,0,0,74,31,43,1,0,1,368,368,0,26,26,0,0,0,0,0,0,0,0,0,1,1,0,0,0,0,0,0,0,0,0,549
State :Odisha,19,Kandhamal,0,4,0,0,0,0,108,61,29,0,0,18,18,0,0,0,14,5,0,0,91,40,51,1,1,0,172,149,23,0,0,0,51,0,0,0,0,0,0,0,0,0,0,74,51,23,0,0,0,0,0,567
State :Odisha,20,Kendrapara,0,0,0,0,0,0,206,92,92,0,0,0,0,0,0,0,0,1,0,0,59,24,35,10,8,2,291,272,19,26,26,0,0,0,0,0,0,0,0,0,0,0,0,0,0,0,0,0,0,0,0,685
State :Odisha,21,Keonjhar,0,19,0,0,0,0,198,26,0,0,0,26,26,0,0,0,0,0,0,0,99,38,61,12,12,0,460,460,0,8,8,0,0,0,0,0,0,0,0,0,10,10,0,0,0,0,0,0,0,0,2,834
State :Odisha,22,Khurda,0,16,0,0,2,0,26,86,86,0,0,0,0,0,0,0,0,0,0,0,46,31,15,16,16,0,140,140,0,14,14,0,123,0,0,0,0,0,0,0,0,0,0,0,0,0,0,0,0,0,0,469
State :Odisha,23,Koraput,0,5,0,0,0,0,88,105,105,0,0,0,0,0,0,0,0,0,0,0,117,39,78,1,1,0,280,280,0,0,0,0,100,0,0,0,0,0,0,0,0,0,0,0,0,0,0,0,0,0,0,696
State :Odisha,24,Malkangiri,0,3,0,0,0,0,42,25,25,0,0,0,0,0,0,0,0,0,0,0,23,11,12,0,0,0,83,79,4,11,11,0,15,0,0,0,0,0,0,0,0,0,0,3,0,0,0,3,0,0,0,205
State :Odisha,25,Mayurbhanj,0,0,2,0,1,0,267,106,85,0,0,8,4,4,0,0,13,3,0,0,149,64,85,15,15,0,323,299,24,14,14,0,0,1,0,0,0,0,1,0,0,0,0,0,0,0,0,0,0,0,0,881
State :Odisha,26,Nayagarh,0,2,0,0,0,0,46,16,0,0,0,4,0,4,0,0,12,0,0,0,36,18,18,4,4,0,161,130,31,1,1,0,98,0,0,0,0,0,0,0,1,1,0,0,0,0,0,0,0,0,0,365
State :Odisha,27,Nabarangpur,0,2,3,0,0,0,61,99,40,0,0,53,23,30,1,0,5,1,0,0,76,10,66,4,4,0,261,245,16,18,17,1,0,0,0,0,0,0,0,0,0,0,0,60,46,13,1,0,0,0,0,585
State :Odisha,28,Nuapada,0,2,0,0,0,0,44,38,38,0,0,0,0,0,0,0,0,0,0,0,15,6,9,2,2,0,184,184,0,9,9,0,42,0,0,0,0,0,0,0,0,0,0,0,0,0,0,0,0,0,0,336
State :Odisha,29,Puri,0,32,0,0,0,0,57,125,125,0,0,0,0,0,0,0,0,2,0,0,63,28,35,7,7,0,559,549,10,19,12,7,163,3,0,0,0,0,3,0,0,0,0,1,0,0,0,1,0,0,0,1031
State :Odisha,30,Rayagada,9,1,0,0,0,0,117,1,0,0,0,0,0,0,0,0,1,0,0,0,66,24,42,5,5,0,94,94,0,7,7,0,0,0,0,0,0,0,0,0,0,0,0,0,0,0,0,0,0,0,0,300
State :Odisha,31,Rourkela,0,7,0,0,0,0,70,100,100,0,0,0,0,0,0,0,0,0,0,0,69,27,42,6,6,0,193,193,0,17,17,0,68,0,0,0,0,0,0,0,0,0,0,0,0,0,0,0,0,0,0,530
State :Odisha,32,Sambalpur,0,10,0,0,0,0,68,68,68,0,0,0,0,0,0,0,0,3,0,0,74,17,57,1,1,0,325,325,0,0,0,0,0,1,0,0,0,0,1,0,0,0,0,0,0,0,0,0,0,0,0,550
State :Odisha,33,Sonepur,0,8,0,0,0,0,16,8,8,0,0,0,0,0,0,0,0,0,0,0,4,1,3,0,0,0,117,117,0,0,0,0,0,0,0,0,0,0,0,0,0,0,0,0,0,0,0,0,0,0,0,153
State :Odisha,34,SRP(Cuttack),0,1,0,0,0,0,0,2,2,0,0,0,0,0,0,0,0,1,0,0,1,1,0,1,1,0,3,3,0,0,0,0,0,0,0,0,0,0,0,0,0,0,0,0,0,0,0,0,0,0,0,9
State :Odisha,35,SRP(Rourkela),0,0,0,0,0,0,0,1,1,0,0,0,0,0,0,0,0,0,0,0,1,0,1,0,0,0,8,8,0,1,1,0,0,0,0,0,0,0,0,0,0,0,0,0,0,0,0,0,0,0,0,11
State :Odisha,36,Sundargarh,0,5,1,1,0,0,70,2,0,0,0,2,2,0,0,0,0,0,0,0,41,18,23,1,1,0,122,117,5,3,3,0,1,0,0,0,0,0,0,0,0,0,0,0,0,0,0,0,0,0,0,247
State :Odisha,37,CID CB,0,0,0,0,0,0,0,0,0,0,0,0,0,0,0,0,0,0,0,0,0,0,0,0,0,0,0,0,0,0,0,0,0,0,0,0,0,0,0,0,0,0,0,0,0,0,0,0,0,0,0,0
State :Odisha,,Total,9,326,18,1,11,1,2525,2773,1744,1,2,195,114,81,1,0,830,22,0,0,2070,785,1285,151,144,7,9132,8978,154,490,480,10,2316,21,7,0,0,0,14,0,23,23,0,207,150,46,3,8,0,0,2,20098
State :Punjab,1,Amritsar Rural,0,5,5,1,0,0,34,70,0,0,0,59,7,52,0,0,11,0,0,0,18,18,0,2,0,2,55,41,14,0,0,0,0,0,0,0,0,0,0,0,1,1,0,5,5,0,0,0,0,0,0,196
State :Punjab,2,Barnala,0,1,6,0,0,0,17,38,0,0,0,36,21,15,0,0,2,0,0,0,6,6,0,4,2,2,20,15,5,0,0,0,0,1,0,0,0,0,1,0,1,1,0,12,12,0,0,0,0,0,0,106
State :Punjab,3,Batala,0,5,3,0,0,0,32,48,0,0,0,48,22,26,0,0,0,0,0,0,15,15,0,1,0,1,30,24,6,0,0,0,0,0,0,0,0,0,0,0,0,0,0,8,8,0,0,0,0,0,0,142
State :Punjab,4,Bathinda,0,5,8,0,0,0,63,54,5,0,0,49,7,42,0,0,0,0,0,0,30,27,3,4,3,1,62,51,11,0,0,0,0,0,0,0,0,0,0,0,0,0,0,29,29,0,0,0,0,0,0,255
State :Punjab,5,CP Amritsar,0,4,6,0,2,0,58,69,1,0,0,58,2,56,0,0,10,0,0,0,13,7,6,4,0,4,37,31,6,1,1,0,0,0,0,0,0,0,0,0,1,0,1,22,16,6,0,0,0,0,0,217
State :Punjab,6,CP Jalandhar,1,0,7,0,0,0,75,64,0,0,0,26,2,24,33,0,5,0,0,0,17,14,3,6,1,5,64,58,6,0,0,0,0,0,0,0,0,0,0,0,0,0,0,13,13,0,0,0,0,0,0,247
State :Punjab,7,CP Ludhiana,0,11,13,0,0,0,116,141,0,0,0,133,9,124,0,0,8,0,0,0,70,36,34,9,4,5,81,69,12,6,6,0,2,0,0,0,0,0,0,0,1,0,1,81,34,14,0,31,1,1,4,535
State :Punjab,8,Faridkot,0,0,5,0,0,0,26,13,0,0,0,13,1,12,0,0,0,0,0,0,11,3,8,0,0,0,20,18,2,1,1,0,0,0,0,0,0,0,0,0,0,0,0,11,11,0,0,0,0,0,0,87
State :Punjab,9,Fatehgarh Sahib,0,0,7,0,0,0,29,22,0,0,0,20,0,20,0,0,2,0,0,0,4,4,0,0,0,0,26,20,6,0,0,0,0,2,0,0,2,0,0,0,0,0,0,16,15,1,0,0,0,0,0,106
State :Punjab,10,Fazilka,0,3,7,0,1,0,15,24,1,0,0,21,3,18,0,0,2,0,0,0,28,26,2,3,2,1,17,17,0,0,0,0,0,0,0,0,0,0,0,0,0,0,0,31,26,5,0,0,0,0,0,129
State :Punjab,11,Ferozepur,0,2,1,1,0,0,20,35,0,0,0,35,8,27,0,0,0,0,0,0,46,46,0,3,0,3,46,38,8,0,0,0,0,0,0,0,0,0,0,0,0,0,0,23,18,5,0,0,0,0,0,177
State :Punjab,12,GRP,0,1,3,0,0,0,1,2,0,0,0,1,1,0,1,0,0,0,0,0,2,2,0,0,0,0,4,4,0,0,0,0,0,0,0,0,0,0,0,0,0,0,0,1,1,0,0,0,0,0,0,14
State :Punjab,13,Gurdaspur,1,2,8,0,0,0,27,25,0,0,0,24,5,19,0,0,1,0,0,0,17,17,0,3,2,1,12,12,0,0,0,0,0,0,0,0,0,0,0,0,0,0,0,5,5,0,0,0,0,0,0,100
State :Punjab,14,Hoshiarpur,0,4,7,0,0,0,78,44,0,0,0,43,1,42,0,0,1,0,0,0,25,18,7,4,4,0,26,23,3,0,0,0,0,0,0,0,0,0,0,0,2,0,2,17,13,4,0,0,0,0,0,207
State :Punjab,15,Jalandhar Rural,1,4,9,1,0,0,66,36,1,0,0,10,1,9,20,0,5,0,0,0,35,13,22,3,1,2,41,35,6,0,0,0,0,1,1,0,0,0,0,0,0,0,0,0,0,0,0,0,0,0,0,197
State :Punjab,16,Kapurthala,0,1,3,0,0,0,32,33,0,0,0,33,3,30,0,0,0,0,0,0,12,7,5,1,0,1,43,14,29,6,4,2,0,0,0,0,0,0,0,0,2,0,2,15,15,0,0,0,0,0,0,148
State :Punjab,17,Khanna,0,0,3,0,0,0,15,30,0,0,0,29,5,24,0,0,1,0,0,0,4,4,0,1,0,1,22,22,0,0,0,0,0,0,0,0,0,0,0,0,0,0,0,11,11,0,0,0,0,0,0,86
State :Punjab,18,Ludhiana Rural,0,0,7,1,0,0,15,0,0,0,0,0,0,0,0,0,0,0,0,0,22,14,8,2,2,0,26,26,0,0,0,0,0,0,0,0,0,0,0,0,2,0,2,6,6,0,0,0,0,0,0,81
State :Punjab,19,Mansa,0,0,9,0,0,0,27,5,0,0,0,3,0,3,0,0,2,0,0,0,9,9,0,2,2,0,20,20,0,0,0,0,0,0,0,0,0,0,0,0,0,0,0,23,17,6,0,0,0,0,0,95
State :Punjab,20,Moga,0,1,5,0,0,0,37,40,0,0,0,40,2,38,0,0,0,0,0,0,18,18,0,2,2,0,36,36,0,0,0,0,0,0,0,0,0,0,0,0,0,0,0,17,10,7,0,0,0,0,0,156
State :Punjab,21,Muktsar,0,2,6,0,0,0,17,29,0,0,0,29,2,27,0,0,0,0,0,0,15,15,0,2,2,0,30,30,0,1,1,0,0,0,0,0,0,0,0,0,0,0,0,24,18,6,0,0,0,0,0,126
State :Punjab,22,Pathankot,0,1,3,2,0,0,18,14,0,0,0,14,5,9,0,0,0,0,0,0,4,4,0,3,1,2,9,9,0,1,1,0,0,0,0,0,0,0,0,0,1,1,0,14,10,3,1,0,0,0,0,70
State :Punjab,23,Patiala,0,5,15,0,1,0,91,61,0,0,0,54,11,43,0,0,7,0,0,0,29,23,6,6,2,4,60,43,17,4,4,0,2,1,0,0,1,0,0,0,0,0,0,18,17,1,0,0,0,0,0,293
State :Punjab,24,Ropar,0,4,6,0,0,0,22,22,0,0,0,22,20,2,0,0,0,0,0,0,10,10,0,4,3,1,24,23,1,1,1,0,0,0,0,0,0,0,0,0,0,0,0,15,10,5,0,0,0,0,0,108
State :Punjab,25,Sangrur,0,4,0,2,0,0,45,52,0,0,0,52,19,33,0,0,0,0,0,0,21,21,0,2,2,0,45,8,37,0,0,0,0,0,0,0,0,0,0,0,0,0,0,17,17,0,0,0,0,0,0,188
State :Punjab,26,SAS Nagar,0,2,6,0,0,0,88,78,1,0,0,77,6,71,0,0,0,1,0,0,28,27,1,5,3,2,37,35,2,0,0,0,0,0,0,0,0,0,0,0,2,0,2,20,18,2,0,0,0,0,0,267
State :Punjab,27,SBS Nagar,0,0,8,0,0,0,54,14,0,0,0,14,6,8,0,0,0,0,0,0,6,6,0,1,0,1,11,11,0,0,0,0,0,2,0,0,0,0,2,0,0,0,0,12,12,0,0,0,0,0,0,108
State :Punjab,28,Tarn Taran,0,1,6,1,0,0,19,36,6,0,0,27,6,21,0,0,3,0,0,0,15,11,4,2,0,2,29,25,4,1,1,0,0,0,0,0,0,0,0,0,0,0,0,7,7,0,0,0,0,0,0,117
State :Punjab,29,Bureau of Investigation,0,0,0,0,0,0,0,0,0,0,0,0,0,0,0,0,0,0,0,0,0,0,0,0,0,0,0,0,0,0,0,0,0,0,0,0,0,0,0,0,0,0,0,0,0,0,0,0,0,0,0,0
State :Punjab,30,Intelligence Wing,0,0,0,0,0,0,0,0,0,0,0,0,0,0,0,0,0,0,0,0,0,0,0,0,0,0,0,0,0,0,0,0,0,0,0,0,0,0,0,0,0,0,0,0,0,0,0,0,0,0,0,0
State :Punjab,31,NRI Wing,0,0,0,0,0,0,62,0,0,0,0,0,0,0,0,0,0,0,0,0,0,0,0,0,0,0,0,0,0,0,0,0,0,0,0,0,0,0,0,0,0,0,0,0,0,0,0,0,0,0,0,62
State :Punjab,32,Special Task Force,0,0,0,0,0,0,0,0,0,0,0,0,0,0,0,0,0,0,0,0,0,0,0,0,0,0,0,0,0,0,0,0,0,0,0,0,0,0,0,0,0,0,0,0,0,0,0,0,0,0,0,0
State :Punjab,,Total,3,68,172,9,4,0,1199,1099,15,0,0,970,175,795,54,0,60,1,0,0,530,421,109,79,38,41,933,758,175,22,20,2,4,7,1,0,3,0,3,0,13,3,10,473,374,65,1,31,1,1,4,4620
State : Rajasthan,1,Ajmer,1,16,10,0,0,0,672,147,96,0,0,43,32,11,0,0,8,0,0,0,111,91,20,21,16,5,215,205,10,2,1,1,0,4,3,0,0,0,1,0,1,1,0,39,27,7,0,4,1,0,0,1239
State : Rajasthan,2,Alwar,0,41,2,0,0,0,706,254,0,0,0,88,88,0,166,0,0,0,0,0,285,267,18,96,96,0,270,262,8,2,2,0,1,3,0,0,0,0,3,0,0,0,0,0,0,0,0,0,0,0,0,1660
State : Rajasthan,3,Banswara,0,5,8,0,0,0,155,118,7,0,0,102,60,42,0,0,9,0,0,0,71,60,11,9,9,0,70,68,2,0,0,0,0,0,0,0,0,0,0,4,0,0,0,22,14,6,0,0,2,0,0,462
State : Rajasthan,4,Baran,0,5,4,0,0,0,302,110,5,0,0,0,0,0,0,0,105,0,0,0,102,78,24,5,5,0,267,248,19,1,1,0,0,0,0,0,0,0,0,0,0,0,0,0,0,0,0,0,0,0,1,797
State : Rajasthan,5,Barmer,0,30,5,0,0,0,208,47,0,0,0,47,16,31,0,0,0,0,0,0,84,71,13,31,25,6,210,191,19,0,0,0,0,0,0,0,0,0,0,0,0,0,0,38,12,26,0,0,0,0,0,653
State : Rajasthan,6,Bharatpur,0,48,1,0,0,1,524,164,23,0,5,37,33,4,0,0,99,1,0,0,191,191,0,50,50,0,81,81,0,0,0,0,0,2,0,0,1,0,1,4,0,0,0,71,25,18,0,0,28,0,0,1138
State : Rajasthan,7,Bhilwara,0,6,10,0,1,0,522,185,31,0,0,16,9,7,13,0,125,0,0,0,103,103,0,3,3,0,289,289,0,0,0,0,0,2,0,0,0,0,2,0,0,0,0,102,53,27,2,0,20,0,0,1223
State : Rajasthan,8,Bikaner,0,22,7,0,0,0,384,65,23,1,0,10,4,6,0,0,31,0,0,0,109,109,0,8,8,0,69,69,0,0,0,0,0,1,0,0,0,0,1,0,0,0,0,49,36,3,0,0,10,0,0,714
State : Rajasthan,9,Bundi,0,4,3,0,0,0,230,116,16,0,0,8,8,0,0,0,92,1,0,0,75,59,16,6,6,0,196,196,0,3,3,0,0,2,0,0,0,0,2,0,0,0,0,33,16,5,3,0,9,0,0,669
State : Rajasthan,10,Chittorgarh,0,3,4,0,0,0,433,98,15,0,0,36,34,2,0,0,47,0,0,0,84,84,0,12,12,0,156,156,0,0,0,0,0,0,0,0,0,0,0,0,0,0,0,33,8,9,1,0,15,0,0,823
State : Rajasthan,11,Churu,0,7,4,0,0,0,272,56,0,0,0,0,0,0,0,0,56,0,0,0,98,98,0,1,1,0,71,71,0,0,0,0,0,1,0,0,0,0,1,0,0,0,0,36,36,0,0,0,0,0,0,546
State : Rajasthan,12,Dausa,0,15,3,0,0,0,183,60,0,0,0,60,50,10,0,0,0,0,0,0,49,20,29,3,3,0,18,18,0,0,0,0,0,0,0,0,0,0,0,0,0,0,0,29,29,0,0,0,0,0,0,360
State : Rajasthan,13,Dholpur,0,25,2,0,0,0,214,69,23,0,0,16,16,0,0,0,30,0,0,0,64,46,18,31,28,3,79,58,21,0,0,0,0,0,0,0,0,0,0,0,0,0,0,22,0,0,0,22,0,0,0,506
State : Rajasthan,14,Dungarpur,0,5,2,0,0,0,93,72,0,0,0,72,68,4,0,0,0,0,0,0,88,52,36,1,1,0,72,63,9,0,0,0,0,3,0,0,0,0,3,0,0,0,0,2,1,1,0,0,0,0,0,338
State : Rajasthan,15,GRP Ajmer,0,1,1,0,0,0,0,6,6,0,0,0,0,0,0,0,0,0,0,0,1,1,0,1,1,0,16,15,1,2,2,0,0,0,0,0,0,0,0,0,0,0,0,1,1,0,0,0,0,0,0,29
State : Rajasthan,16,GRP Jodhpur,0,0,0,0,0,0,0,3,1,0,0,2,1,1,0,0,0,0,0,0,0,0,0,0,0,0,5,5,0,0,0,0,0,0,0,0,0,0,0,0,0,0,0,2,1,1,0,0,0,0,0,10
State : Rajasthan,17,Ganganagar,0,12,7,0,0,0,549,106,41,0,0,30,10,20,0,0,35,0,0,0,130,111,19,20,20,0,172,154,18,0,0,0,0,2,2,0,0,0,0,0,0,0,0,46,20,21,4,1,0,0,0,1044
State : Rajasthan,18,Hanumangarh,0,7,2,1,0,0,379,64,50,0,0,10,4,6,4,0,0,1,0,0,93,93,0,17,17,0,107,84,23,0,0,0,0,17,0,0,17,0,0,0,0,0,0,67,40,23,0,3,0,1,0,755
State : Rajasthan,19,Jaipur East,0,7,2,0,0,0,213,93,41,0,0,34,16,18,0,0,18,0,0,0,51,46,5,5,4,1,64,60,4,2,2,0,0,0,0,0,0,0,0,0,2,0,2,21,9,9,2,1,0,0,0,460
State : Rajasthan,20,Jaipur North,0,7,1,0,0,0,206,79,79,0,0,0,0,0,0,0,0,0,0,0,41,29,12,1,1,0,26,26,0,0,0,0,0,0,0,0,0,0,0,0,0,0,0,23,4,1,0,0,18,0,0,384
State : Rajasthan,21,Jaipur Rural,0,5,5,1,0,0,179,83,15,0,0,47,43,4,2,0,19,0,0,0,64,43,21,12,11,1,78,72,6,0,0,0,0,0,0,0,0,0,0,0,0,0,0,37,21,8,0,0,8,0,0,464
State : Rajasthan,22,Jaipur South,0,10,2,0,0,0,185,65,52,0,1,0,0,0,0,0,12,0,0,0,54,49,5,2,2,0,71,70,1,0,0,0,0,2,0,0,0,0,2,0,0,0,0,16,5,11,0,0,0,0,0,407
State : Rajasthan,23,Jaipur West,0,11,2,1,0,0,296,112,111,0,0,1,1,0,0,0,0,0,0,0,64,59,5,1,1,0,78,74,4,0,0,0,0,13,0,0,0,13,0,0,0,0,0,28,15,0,0,13,0,0,0,606
State : Rajasthan,24,Jaisalmer,1,14,1,0,0,0,56,10,0,0,0,5,3,2,0,0,5,0,0,0,10,7,3,2,2,0,84,78,6,0,0,0,0,0,0,0,0,0,0,0,1,1,0,10,3,4,0,3,0,0,0,189
State : Rajasthan,25,Jalore,0,7,1,0,0,0,119,45,0,0,0,45,43,2,0,0,0,0,0,0,31,31,0,6,6,0,90,90,0,0,0,0,0,3,0,0,0,0,3,0,0,0,0,22,14,8,0,0,0,0,0,324
State : Rajasthan,26,Jhalawar,2,10,7,0,1,0,277,156,79,0,0,68,58,10,0,0,9,0,0,0,97,84,13,19,17,2,191,174,17,2,2,0,0,0,0,0,0,0,0,0,0,0,0,39,21,18,0,0,0,0,0,801
State : Rajasthan,27,Jhunjhunu,0,13,3,0,0,0,361,99,0,0,0,96,75,21,3,0,0,0,0,0,81,57,24,10,10,0,105,103,2,0,0,0,0,0,0,0,0,0,0,0,3,0,3,13,7,2,0,0,4,0,0,688
State : Rajasthan,28,Jodhpur East,0,5,0,0,0,0,177,61,0,0,0,61,61,0,0,0,0,0,0,0,37,30,7,1,1,0,97,90,7,0,0,0,0,0,0,0,0,0,0,0,0,0,0,13,13,0,0,0,0,0,0,391
State : Rajasthan,29,Jodhpur West,0,8,2,0,0,0,195,57,13,0,0,0,0,0,3,0,41,0,0,0,45,35,10,6,6,0,85,81,4,4,4,0,0,5,0,0,0,0,5,0,0,0,0,32,10,4,0,18,0,0,0,439
State : Rajasthan,30,Jodhpur Rural,0,19,0,0,0,0,146,62,1,0,0,3,3,0,0,0,58,1,0,0,59,59,0,10,10,0,113,113,0,0,0,0,0,0,0,0,0,0,0,0,0,0,0,39,17,10,0,8,4,0,0,449
State : Rajasthan,31,Karauli,0,16,1,0,0,0,142,76,33,0,0,9,7,2,0,0,34,0,0,0,68,55,13,30,30,0,54,48,6,0,0,0,0,0,0,0,0,0,0,0,0,0,0,0,0,0,0,0,0,0,0,387
State : Rajasthan,32,Kota City,0,5,3,0,0,0,329,97,71,0,0,14,5,9,0,1,11,0,0,0,73,61,12,2,2,0,116,108,8,0,0,0,0,5,4,0,0,1,0,0,0,0,0,33,18,14,1,0,0,0,0,663
State : Rajasthan,33,Kota Rural,0,3,4,2,0,0,163,89,13,0,0,4,2,2,0,0,72,0,0,0,55,40,15,2,2,0,139,124,15,0,0,0,0,0,0,0,0,0,0,0,0,0,0,5,5,0,0,0,0,0,0,462
State : Rajasthan,34,Nagaur,0,12,4,0,0,0,452,131,91,0,0,39,23,16,1,0,0,1,0,0,98,75,23,33,29,4,115,101,14,1,1,0,0,2,1,0,1,0,0,0,0,0,0,4,0,0,0,0,4,0,4,857
State : Rajasthan,35,Pali,0,7,1,0,0,0,412,115,3,0,0,9,9,0,0,0,103,0,0,0,115,95,20,12,12,0,203,178,25,0,0,0,0,2,1,0,0,0,1,0,0,0,0,28,13,5,0,0,10,0,0,895
State : Rajasthan,36,Pratapgarh,0,5,7,0,0,0,184,75,9,0,0,66,65,1,0,0,0,0,0,0,97,53,44,11,11,0,139,135,4,0,0,0,0,0,0,0,0,0,0,0,0,0,0,47,37,5,0,0,5,0,0,565
State : Rajasthan,37,Rajsamand,0,3,5,0,0,0,199,63,24,0,0,28,9,19,0,0,11,0,0,0,33,19,14,1,1,0,77,74,3,0,0,0,0,0,0,0,0,0,0,0,0,0,0,3,0,0,0,1,2,0,0,384
State : Rajasthan,38,Sawai Madhopur,0,9,2,0,0,0,207,88,16,0,0,51,40,11,0,0,21,1,0,0,57,41,16,17,12,5,119,74,45,0,0,0,0,10,0,0,0,10,0,0,0,0,0,0,0,0,0,0,0,0,0,510
State : Rajasthan,39,Sikar,0,16,5,0,1,0,359,114,0,0,0,52,52,0,5,0,57,0,0,0,95,74,21,14,14,0,92,92,0,0,0,0,0,3,0,3,0,0,0,0,0,0,0,20,9,1,0,2,8,0,0,719
State : Rajasthan,40,Sirohi,0,2,2,0,0,0,125,50,15,0,0,25,19,6,0,0,10,0,0,0,62,46,16,8,8,0,90,86,4,1,1,0,0,0,0,0,0,0,0,0,0,0,0,26,16,4,0,0,6,0,0,366
State : Rajasthan,41,Tonk,0,4,1,0,0,0,282,72,9,0,0,9,9,0,0,0,54,0,0,0,26,17,9,7,7,0,50,39,11,0,0,0,0,1,0,0,0,0,1,1,0,0,0,11,3,4,4,0,0,0,0,455
State : Rajasthan,42,Udaipur,0,7,17,0,0,0,418,206,64,0,0,98,61,37,0,0,44,1,0,0,154,154,0,23,23,0,244,244,0,4,4,0,0,3,1,0,2,0,0,0,3,3,0,81,60,11,2,4,4,0,1,1162
State : Rajasthan,44,Jaipur Metro,0,0,0,0,0,0,0,0,0,0,0,0,0,0,0,0,0,0,0,0,0,0,0,0,0,0,0,0,0,0,0,0,0,0,0,0,0,0,0,0,0,0,0,0,0,0,0,0,0,0,0,0
State : Rajasthan,45,SCRB,0,0,0,0,0,0,0,0,0,0,0,0,0,0,0,0,0,0,0,0,0,0,0,0,0,0,0,0,0,0,0,0,0,0,0,0,0,0,0,0,0,0,0,0,0,0,0,0,0,0,0,0
State : Rajasthan,46,SOG,0,0,0,0,0,0,0,0,0,0,0,0,0,0,0,0,0,0,0,0,0,0,0,0,0,0,0,0,0,0,0,0,0,0,0,0,0,0,0,0,0,0,0,0,0,0,0,0,0,0,0,0
State : Rajasthan,47,SSB,0,0,0,0,0,0,0,0,0,0,0,0,0,0,0,0,0,0,0,0,0,0,0,0,0,0,0,0,0,0,0,0,0,0,0,0,0,0,0,0,0,0,0,0,0,0,0,0,0,0,0,0
State : Rajasthan,,Total,4,457,153,5,3,1,11508,3838,1076,1,6,1341,1037,304,197,1,1216,7,0,0,3305,2793,512,550,523,27,4883,4567,316,24,23,1,1,86,12,3,21,24,26,9,10,5,5,1143,619,266,19,80,158,1,6,25993
State : Sikkim,1,East,0,0,0,0,0,0,3,25,20,0,0,0,0,0,1,0,4,0,0,0,9,9,0,1,1,0,13,13,0,4,4,0,0,0,0,0,0,0,0,0,0,0,0,36,26,9,1,0,0,0,0,91
State : Sikkim,2,North,0,0,0,0,0,0,0,0,0,0,0,0,0,0,0,0,0,0,0,0,1,1,0,0,0,0,0,0,0,1,0,1,0,0,0,0,0,0,0,0,0,0,0,3,1,2,0,0,0,0,0,5
State : Sikkim,3,South,0,0,0,0,0,0,0,2,1,0,0,0,0,0,1,0,0,0,0,0,5,5,0,0,0,0,6,5,1,2,2,0,0,0,0,0,0,0,0,0,0,0,0,30,18,10,2,0,0,0,0,45
State : Sikkim,4,West,0,0,0,0,0,0,2,0,0,0,0,0,0,0,0,0,0,0,0,0,2,2,0,1,1,0,2,2,0,0,0,0,0,0,0,0,0,0,0,0,0,0,0,15,10,4,1,0,0,0,0,22
State : Sikkim,,Total,0,0,0,0,0,0,5,27,21,0,0,0,0,0,2,0,4,0,0,0,17,17,0,2,2,0,21,20,1,7,6,1,0,0,0,0,0,0,0,0,0,0,0,84,55,25,4,0,0,0,0,163
State : Tamil Nadu,1,Ariyalur,1,1,7,0,0,0,6,19,0,0,0,10,10,0,9,0,0,0,0,0,4,4,0,0,0,0,17,17,0,0,0,0,5,0,0,0,0,0,0,0,0,0,0,38,33,4,0,0,1,0,0,98
State : Tamil Nadu,2,Chennai,0,3,24,0,1,0,123,18,7,0,1,3,1,2,5,0,2,0,0,0,31,31,0,0,0,0,71,68,3,3,3,0,15,204,180,0,24,0,0,0,8,0,8,140,83,48,6,1,2,0,1,642
State : Tamil Nadu,3,Coimbatore,0,0,0,0,0,0,28,21,16,0,0,4,4,0,0,0,1,0,0,0,4,4,0,0,0,0,7,7,0,0,0,0,0,3,0,3,0,0,0,0,0,0,0,35,31,4,0,0,0,0,0,98
State : Tamil Nadu,4,Coimbatore City,0,0,0,0,0,0,30,2,0,0,0,1,0,1,0,0,1,0,0,0,0,0,0,0,0,0,5,5,0,0,0,0,0,25,6,1,3,0,15,0,0,0,0,14,8,6,0,0,0,0,0,76
State : Tamil Nadu,5,Cuddalore,0,6,10,0,0,0,33,12,0,0,0,12,12,0,0,0,0,0,0,0,21,21,0,0,0,0,34,34,0,0,0,0,0,4,0,0,0,0,4,0,0,0,0,41,37,2,2,0,0,0,0,161
State : Tamil Nadu,6,Dharmapuri,0,0,8,0,0,0,9,47,5,0,0,42,7,35,0,0,0,0,0,0,2,2,0,0,0,0,4,4,0,0,0,0,0,5,0,0,0,0,5,0,0,0,0,34,31,2,1,0,0,0,0,109
State : Tamil Nadu,7,Dindigul,0,0,9,0,1,0,52,24,6,0,0,9,9,0,9,0,0,0,0,0,6,6,0,1,1,0,32,32,0,0,0,0,1,37,12,0,1,2,22,0,1,0,1,35,30,3,0,0,2,0,0,199
State : Tamil Nadu,8,Erode,0,1,0,0,0,0,16,11,1,0,0,10,3,7,0,0,0,0,0,0,1,1,0,0,0,0,17,17,0,0,0,0,3,13,13,0,0,0,0,0,0,0,0,14,12,1,1,0,0,0,0,76
State : Tamil Nadu,9,Kanchipuram,0,0,8,0,0,0,12,10,2,0,0,8,8,0,0,0,0,0,0,0,11,11,0,0,0,0,3,3,0,0,0,0,2,26,15,0,10,0,1,0,0,0,0,38,28,2,5,0,3,0,0,110
State : Tamil Nadu,10,Kanyakumari,0,3,6,0,0,0,8,14,1,0,0,13,5,8,0,0,0,1,0,0,2,2,0,2,2,0,7,7,0,0,0,0,20,9,9,0,0,0,0,0,2,2,0,55,44,0,0,0,0,11,0,129
State : Tamil Nadu,11,Karur,0,1,3,0,0,0,3,5,0,0,0,5,3,2,0,0,0,0,0,0,3,3,0,0,0,0,3,3,0,0,0,0,4,0,0,0,0,0,0,0,0,0,0,14,7,5,2,0,0,0,0,36
State : Tamil Nadu,12,Krishnagiri,0,2,15,0,1,0,7,19,0,0,0,14,4,10,0,0,5,0,0,0,2,2,0,1,1,0,22,22,0,0,0,0,0,4,0,4,0,0,0,0,0,0,0,39,31,3,3,0,2,0,0,112
State : Tamil Nadu,13,Madurai,0,1,0,0,0,0,165,59,0,0,0,59,36,23,0,0,0,0,0,0,14,14,0,2,2,0,26,26,0,1,1,0,43,0,0,0,0,0,0,0,4,0,4,70,38,19,10,0,3,0,1,386
State : Tamil Nadu,14,Madurai City,0,0,1,0,0,0,75,5,0,0,0,3,3,0,0,0,2,2,0,0,9,9,0,0,0,0,12,12,0,2,2,0,0,17,17,0,0,0,0,0,0,0,0,30,22,8,0,0,0,0,0,153
State : Tamil Nadu,15,Nagapattinam,0,3,0,0,0,0,8,23,0,0,0,23,23,0,0,0,0,0,0,0,14,14,0,0,0,0,16,16,0,1,1,0,1,0,0,0,0,0,0,0,0,0,0,41,34,7,0,0,0,0,0,107
State : Tamil Nadu,16,Namakkal,0,1,4,0,0,0,7,0,0,0,0,0,0,0,0,0,0,0,0,0,3,3,0,0,0,0,25,25,0,0,0,0,5,2,1,0,0,0,1,0,0,0,0,28,23,5,0,0,0,0,0,75
State : Tamil Nadu,17,Nilgiris,0,0,4,0,0,0,3,3,3,0,0,0,0,0,0,0,0,0,0,0,3,3,0,0,0,0,7,7,0,0,0,0,0,7,0,7,0,0,0,0,0,0,0,14,5,9,0,0,0,0,0,41
State : Tamil Nadu,18,Perambalur,0,0,7,0,0,0,3,0,0,0,0,0,0,0,0,0,0,0,0,0,4,4,0,0,0,0,33,33,0,0,0,0,0,0,0,0,0,0,0,0,0,0,0,17,12,5,0,0,0,0,0,64
State : Tamil Nadu,19,Pudukottai,0,2,3,0,0,0,13,20,7,0,0,8,8,0,5,0,0,0,0,0,3,3,0,0,0,0,13,13,0,1,1,0,1,0,0,0,0,0,0,0,0,0,0,21,16,3,2,0,0,0,0,77
State : Tamil Nadu,20,Ramnathapuram,0,1,1,0,0,0,10,16,10,0,0,5,5,0,1,0,0,0,0,0,6,6,0,0,0,0,15,15,0,0,0,0,9,0,0,0,0,0,0,1,0,0,0,20,15,4,1,0,0,0,0,79
State : Tamil Nadu,21,Railway Chennai,0,0,0,0,0,0,0,0,0,0,0,0,0,0,0,0,0,0,0,0,0,0,0,0,0,0,4,4,0,0,0,0,0,0,0,0,0,0,0,0,0,0,0,1,0,1,0,0,0,0,0,5
State : Tamil Nadu,22,Railway Trichy,0,0,0,0,0,0,0,0,0,0,0,0,0,0,0,0,0,0,0,0,0,0,0,0,0,0,1,1,0,0,0,0,0,0,0,0,0,0,0,0,0,0,0,0,0,0,0,0,0,0,0,1
State : Tamil Nadu,23,Salem,0,2,17,0,0,0,12,32,9,0,0,6,6,0,17,0,0,0,0,0,8,8,0,0,0,0,71,71,0,0,0,0,0,1,1,0,0,0,0,0,0,0,0,76,44,18,0,0,0,14,0,219
State : Tamil Nadu,24,Salem City,0,2,5,0,0,0,2,3,0,0,0,3,3,0,0,0,0,0,0,0,0,0,0,0,0,0,1,1,0,0,0,0,0,0,0,0,0,0,0,0,0,0,0,29,24,4,1,0,0,0,0,42
State : Tamil Nadu,25,Sivagangai,0,0,4,0,0,0,45,22,12,0,1,4,4,0,0,0,5,0,0,0,9,9,0,0,0,0,23,23,0,0,0,0,0,4,2,1,1,0,0,0,1,1,0,35,27,5,3,0,0,0,0,143
State : Tamil Nadu,26,Thanjavur,0,1,4,0,0,0,12,32,11,0,0,0,0,0,0,0,21,0,0,0,10,10,0,0,0,0,26,26,0,0,0,0,5,0,0,0,0,0,0,0,0,0,0,44,29,8,6,0,1,0,0,134
State : Tamil Nadu,27,Theni,0,1,8,0,0,0,70,6,0,0,0,6,6,0,0,0,0,0,0,0,4,4,0,0,0,0,14,14,0,0,0,0,0,3,0,3,0,0,0,0,0,0,0,62,50,7,4,0,1,0,0,168
State : Tamil Nadu,28,Thirunelveli,0,0,3,0,0,0,36,19,2,0,0,5,5,0,0,0,12,0,0,0,18,18,0,2,2,0,35,35,0,0,0,0,23,1,1,0,0,0,0,0,0,0,0,84,53,23,8,0,0,0,0,221
State : Tamil Nadu,29,Thirunelveli City,0,0,0,0,0,0,5,3,2,0,0,1,1,0,0,0,0,0,0,0,3,3,0,0,0,0,7,7,0,0,0,0,8,4,3,0,0,1,0,0,0,0,0,22,16,3,3,0,0,0,0,52
State : Tamil Nadu,30,Thiruvallur,0,4,14,0,0,0,13,4,0,0,0,4,4,0,0,0,0,0,0,0,7,7,0,0,0,0,2,2,0,0,0,0,0,4,0,0,2,0,2,0,0,0,0,25,18,7,0,0,0,0,0,73
State : Tamil Nadu,31,Thiruvannamalai,0,1,4,0,0,0,23,19,2,0,0,6,6,0,11,0,0,0,0,0,16,16,0,2,2,0,4,4,0,0,0,0,5,1,0,0,0,1,0,0,0,0,0,47,37,10,0,0,0,0,0,122
State : Tamil Nadu,32,Thiruvarur,0,0,8,0,0,0,7,12,0,0,0,9,9,0,3,0,0,0,0,0,3,3,0,0,0,0,10,10,0,0,0,0,4,2,0,0,0,0,2,0,0,0,0,22,14,3,5,0,0,0,0,68
State : Tamil Nadu,33,Thoothukudi,1,0,5,0,0,0,19,15,5,0,0,5,3,2,3,0,2,0,0,0,14,14,0,1,1,0,34,34,0,0,0,0,5,3,3,0,0,0,0,0,8,3,5,78,57,14,7,0,0,0,0,183
State : Tamil Nadu,34,Tiruppur,0,1,4,0,0,0,15,9,0,0,0,8,0,8,0,0,1,0,0,0,0,0,0,0,0,0,12,12,0,0,0,0,0,2,0,0,0,0,2,0,0,0,0,26,18,6,2,0,0,0,0,69
State : Tamil Nadu,35,Tiruppur City,0,0,7,0,0,0,17,1,0,0,1,0,0,0,0,0,0,0,0,0,1,1,0,0,0,0,5,5,0,0,0,0,0,4,0,0,0,0,4,0,1,1,0,15,10,5,0,0,0,0,0,51
State : Tamil Nadu,36,Trichy,0,1,0,0,0,0,9,8,0,0,0,5,5,0,3,0,0,0,0,0,7,7,0,0,0,0,19,19,0,0,0,0,0,3,0,3,0,0,0,0,1,1,0,25,19,0,0,6,0,0,0,73
State : Tamil Nadu,37,Trichy City,0,0,14,0,0,0,9,2,0,0,0,2,2,0,0,0,0,4,0,0,4,4,0,0,0,0,6,6,0,0,0,0,5,10,1,2,0,3,4,0,0,0,0,27,18,7,1,1,0,0,0,81
State : Tamil Nadu,38,Vellore,0,2,0,0,0,0,32,43,0,0,0,43,43,0,0,0,0,0,0,0,8,8,0,0,0,0,38,38,0,1,1,0,23,3,0,0,3,0,0,0,0,0,0,83,64,14,5,0,0,0,0,233
State : Tamil Nadu,39,Villupuram,0,6,7,0,0,0,26,296,16,0,0,270,245,25,10,0,0,0,0,0,25,25,0,0,0,0,54,54,0,0,0,0,14,1,1,0,0,0,0,0,1,0,1,95,80,7,8,0,0,0,0,525
State : Tamil Nadu,40,Virudhunagar,0,2,6,1,0,0,21,5,0,0,0,5,0,5,0,0,0,0,0,0,3,3,0,0,0,0,9,9,0,0,0,0,24,1,1,0,0,0,0,0,0,0,0,34,21,9,4,0,0,0,0,106
State : Tamil Nadu,41,Cyber Cell,0,0,0,0,0,0,0,0,0,0,0,0,0,0,0,0,0,0,0,0,0,0,0,0,0,0,0,0,0,0,0,0,0,0,0,0,0,0,0,0,0,0,0,0,0,0,0,0,0,0,0,0
State : Tamil Nadu,42,Other Units,0,0,0,0,0,0,0,0,0,0,0,0,0,0,0,0,0,0,0,0,0,0,0,0,0,0,0,0,0,0,0,0,0,0,0,0,0,0,0,0,0,0,0,0,0,0,0,0,0,0,0,0
State : Tamil Nadu,,Total,2,48,220,1,3,0,984,859,117,0,3,611,483,128,76,0,52,7,0,0,283,283,0,11,11,0,744,741,3,9,9,0,225,403,266,24,44,7,62,1,27,8,19,1568,1139,291,90,8,15,25,2,5397
State : Telangana,1,Cyberabad Commissionerate,1,32,62,2,0,0,1562,124,73,0,0,26,6,20,21,0,4,69,0,0,99,99,0,0,0,0,944,899,45,334,319,15,0,17,7,5,1,0,4,0,13,0,13,268,151,64,52,0,1,0,0,3527
State : Telangana,2,Hyderabad Commissionerate,0,27,28,0,0,0,1278,137,123,0,0,10,4,6,1,0,3,3,0,0,59,59,0,4,4,0,376,376,0,160,160,0,1,1,0,0,0,0,1,0,19,19,0,179,113,58,8,0,0,0,0,2272
State : Telangana,3,Karimnagar Commissionerate,0,6,33,0,0,0,241,13,0,0,0,13,13,0,0,0,0,1,0,0,7,7,0,0,0,0,163,129,34,2,2,0,0,11,0,0,0,0,11,0,2,2,0,26,26,0,0,0,0,0,0,505
State : Telangana,4,Khammam Commissionerate,0,5,26,0,1,0,228,78,52,0,0,5,5,0,1,0,20,0,0,0,12,12,0,0,0,0,214,180,34,27,27,0,0,16,3,0,0,0,13,0,0,0,0,91,31,12,47,0,1,0,0,698
State : Telangana,5,Nizamabad Commissionerate,0,6,16,0,0,0,278,9,2,0,1,2,1,1,3,0,1,0,0,0,4,4,0,0,0,0,82,82,0,43,43,0,0,0,0,0,0,0,0,0,0,0,0,50,32,14,4,0,0,0,0,488
State : Telangana,6,Rachakonda Commissionerate,0,30,31,0,0,0,946,65,0,0,0,0,0,0,0,0,65,0,0,0,139,139,0,0,0,0,600,600,0,82,0,82,0,24,0,0,0,0,24,0,0,0,0,106,106,0,0,0,0,0,0,2023
State : Telangana,7,Ramagundam Commissionerate,0,7,10,0,0,0,263,16,5,1,0,7,5,2,3,0,0,0,0,0,19,19,0,1,1,0,169,169,0,45,45,0,0,6,6,0,0,0,0,0,0,0,0,61,36,25,0,0,0,0,0,597
State : Telangana,8,Siddipet Commissionerate,0,12,23,0,0,0,208,14,2,0,0,4,2,2,6,0,2,1,0,0,11,11,0,1,1,0,122,122,0,15,15,0,0,2,1,0,0,0,1,0,0,0,0,25,25,0,0,0,0,0,0,434
State : Telangana,9,Warangal Commissionerate,0,29,39,0,0,0,387,108,58,0,0,25,25,0,16,0,9,3,0,0,14,14,0,1,1,0,206,206,0,76,76,0,9,0,0,0,0,0,0,0,0,0,0,85,42,37,6,0,0,0,0,957
State : Telangana,10,Adilabad,0,3,5,1,0,0,151,9,2,0,0,2,2,0,5,0,0,0,0,0,4,4,0,0,0,0,60,60,0,21,21,0,0,0,0,0,0,0,0,0,0,0,0,25,16,8,0,1,0,0,0,279
State : Telangana,11,Bhadradri Kothagudem,0,11,26,0,0,0,238,64,43,0,0,6,6,0,11,0,4,0,0,0,16,16,0,1,0,1,171,171,0,29,29,0,0,0,0,0,0,0,0,0,0,0,0,89,42,8,39,0,0,0,0,645
State : Telangana,12,Jagityal,0,9,9,0,0,0,142,10,9,0,0,1,1,0,0,0,0,0,0,0,8,8,0,1,1,0,93,93,0,0,0,0,0,0,0,0,0,0,0,0,0,0,0,54,19,35,0,0,0,0,0,326
State : Telangana,13,Jayashankar Bhupalpalli,0,9,20,0,0,0,94,23,0,0,0,23,23,0,0,0,0,0,0,0,10,10,0,0,0,0,72,72,0,17,17,0,0,0,0,0,0,0,0,0,0,0,0,49,18,18,11,0,2,0,0,294
State : Telangana,14,Jogulamba Gadwal,1,0,14,0,0,0,39,9,0,0,0,9,9,0,0,0,0,0,0,0,4,4,0,0,0,0,60,60,0,10,10,0,0,0,0,0,0,0,0,0,0,0,0,36,26,9,1,0,0,0,0,173
State : Telangana,15,Kamareddy,0,5,5,1,0,0,122,18,0,0,0,0,0,0,18,0,0,0,0,0,13,13,0,1,0,1,52,40,12,12,11,1,0,0,0,0,0,0,0,0,0,0,0,16,12,4,0,0,0,0,0,245
State : Telangana,16,Kumaram Bheem Asifabad,0,1,10,0,0,0,85,2,0,0,0,2,2,0,0,0,0,0,0,0,12,12,0,1,1,0,59,59,0,7,7,0,0,0,0,0,0,0,0,0,0,0,0,23,16,7,0,0,0,0,0,200
State : Telangana,17,Mahabubabad,0,5,12,0,0,0,85,16,6,0,0,4,0,4,6,0,0,0,0,0,6,6,0,3,2,1,82,82,0,12,11,1,0,0,0,0,0,0,0,0,3,3,0,43,27,16,0,0,0,0,0,267
State : Telangana,18,Mahabubnagar,0,4,21,0,0,0,128,53,0,0,0,42,5,37,11,0,0,0,0,0,15,15,0,1,1,0,135,63,72,4,4,0,0,0,0,0,0,0,0,0,0,0,0,83,73,0,10,0,0,0,0,444
State : Telangana,19,Medak,0,3,0,0,0,0,145,16,0,0,0,14,0,14,2,0,0,0,0,0,2,2,0,2,2,0,45,45,0,9,9,0,0,2,0,0,0,0,2,0,0,0,0,32,17,15,0,0,0,0,0,256
State : Telangana,20,Nagarkurnool,0,7,16,0,0,0,77,17,0,0,0,17,4,13,0,0,0,0,0,0,14,14,0,0,0,0,118,118,0,14,14,0,0,0,0,0,0,0,0,0,0,0,0,38,19,7,12,0,0,0,0,301
State : Telangana,21,Nalgonda,0,9,24,4,0,0,304,27,7,0,5,5,5,0,0,0,10,0,0,0,34,34,0,2,2,0,191,191,0,108,108,0,0,0,0,0,0,0,0,0,0,0,0,70,26,34,10,0,0,0,0,773
State : Telangana,22,Nirmal,0,6,9,0,0,0,148,9,5,1,0,2,2,0,1,0,0,0,0,0,4,4,0,0,0,0,44,44,0,8,7,1,0,0,0,0,0,0,0,0,0,0,0,30,17,13,0,0,0,0,0,258
State : Telangana,23,Rajanna Siricilla,0,4,15,0,0,0,71,35,0,0,0,0,0,0,0,0,35,0,0,0,4,4,0,0,0,0,0,0,0,0,0,0,0,0,0,0,0,0,0,0,0,0,0,11,11,0,0,0,0,0,0,140
State : Telangana,24,Sangareddy,0,14,16,0,0,0,172,10,0,0,0,0,0,0,4,0,6,0,0,0,6,6,0,1,1,0,104,98,6,29,29,0,0,0,0,0,0,0,0,0,0,0,0,32,27,5,0,0,0,0,0,384
State : Telangana,25,Suryapet,0,2,6,0,0,0,223,32,23,0,4,4,4,0,0,0,1,0,0,0,22,22,0,16,15,1,154,127,27,74,69,5,1,0,0,0,0,0,0,0,0,0,0,31,31,0,0,0,0,0,0,561
State : Telangana,26,Vikarabad,1,4,12,0,0,0,153,14,0,0,0,14,10,4,0,0,0,0,0,0,8,8,0,2,0,2,51,51,0,21,18,3,0,0,0,0,0,0,0,0,2,0,2,42,38,4,0,0,0,0,0,310
State : Telangana,27,Wanaparthy,0,1,12,0,0,0,70,4,2,0,0,2,0,2,0,0,0,0,0,0,5,5,0,0,0,0,34,25,9,0,0,0,0,0,0,0,0,0,0,0,0,0,0,24,24,0,0,0,0,0,0,150
State : Telangana,28,Railway Police Secunderabad,0,0,1,0,0,0,0,2,0,0,0,0,0,0,0,0,2,0,0,0,1,1,0,0,0,0,8,8,0,1,1,0,0,0,0,0,0,0,0,0,0,0,0,1,1,0,0,0,0,0,0,14
State : Telangana,,Total,3,251,501,8,1,0,7838,934,412,2,10,239,134,105,109,0,162,77,0,0,552,552,0,38,32,6,4409,4170,239,1160,1052,108,11,79,17,5,1,0,56,0,39,24,15,1620,1022,393,200,1,4,0,0,17521
State : Tripura,1,Dhalai,0,4,0,0,0,0,24,7,4,0,0,1,1,0,2,0,0,0,0,0,15,15,0,5,4,1,23,23,0,0,0,0,0,0,0,0,0,0,0,0,0,0,0,16,6,10,0,0,0,0,0,94
State : Tripura,2,Gomati,0,4,1,1,0,0,51,10,0,0,0,10,2,8,0,0,0,0,0,0,5,5,0,1,1,0,24,19,5,2,0,2,0,0,0,0,0,0,0,0,0,0,0,11,7,4,0,0,0,0,0,110
State : Tripura,3,GRP,0,0,0,0,0,0,0,0,0,0,0,0,0,0,0,0,0,0,0,0,0,0,0,0,0,0,0,0,0,1,1,0,0,0,0,0,0,0,0,0,0,0,0,0,0,0,0,0,0,0,0,1
State : Tripura,4,Kowai,0,2,0,0,0,0,24,9,0,0,0,9,5,4,0,0,0,0,0,0,10,10,0,0,0,0,14,14,0,0,0,0,0,0,0,0,0,0,0,0,0,0,0,7,4,3,0,0,0,0,0,66
State : Tripura,5,North,1,8,2,0,0,0,30,3,1,0,0,1,0,1,1,0,0,0,0,0,11,6,5,1,1,0,30,18,12,0,0,0,0,0,0,0,0,0,0,0,0,0,0,10,5,5,0,0,0,0,0,96
State : Tripura,6,Sipahijala,1,3,3,0,0,0,38,8,2,0,0,5,1,4,0,0,1,0,0,0,4,4,0,1,1,0,21,21,0,2,2,0,0,0,0,0,0,0,0,0,0,0,0,10,6,4,0,0,0,0,0,91
State : Tripura,7,South,0,4,5,0,0,0,52,11,6,0,0,3,0,3,2,0,0,0,0,0,15,15,0,5,5,0,19,19,0,1,1,0,0,0,0,0,0,0,0,0,0,0,0,19,16,3,0,0,0,0,0,131
State : Tripura,8,Unakoti,0,3,2,0,0,0,26,14,0,0,0,13,0,13,0,0,1,0,0,0,8,8,0,3,3,0,23,23,0,0,0,0,0,0,0,0,0,0,0,0,0,0,0,22,17,5,0,0,0,0,0,101
State : Tripura,9,West,0,5,2,0,0,0,103,28,10,0,0,15,4,11,3,0,0,0,0,0,27,27,0,1,1,0,71,71,0,3,3,0,0,0,0,0,0,0,0,0,0,0,0,42,29,13,0,0,0,0,0,282
State : Tripura,,Total,2,33,15,1,0,0,348,90,23,0,0,57,13,44,8,0,2,0,0,0,95,90,5,17,16,1,225,208,17,9,7,2,0,0,0,0,0,0,0,0,0,0,0,137,90,47,0,0,0,0,0,972
State : Uttar Pradesh,1,Agra,1,76,15,3,3,0,502,503,311,0,0,192,192,0,0,0,0,0,0,0,78,40,38,64,64,0,436,314,122,1,1,0,0,0,0,0,0,0,0,0,0,0,0,168,46,122,0,0,0,0,0,1850
State : Uttar Pradesh,2,Aligarh,2,61,13,0,2,1,377,403,350,0,0,53,53,0,0,0,0,0,0,0,108,69,39,35,24,11,310,193,117,0,0,0,0,0,0,0,0,0,0,0,0,0,0,178,51,127,0,0,0,0,0,1490
State : Uttar Pradesh,3,Prayagraj,1,68,8,0,0,0,487,323,0,0,0,323,323,0,0,0,0,0,0,0,81,67,14,0,0,0,314,107,207,0,0,0,0,0,0,0,0,0,0,0,0,0,0,95,51,43,1,0,0,0,0,1377
State : Uttar Pradesh,4,Ambedkar Nagar,0,12,0,0,0,0,20,124,0,0,0,124,34,90,0,0,0,0,0,0,26,14,12,0,0,0,83,83,0,0,0,0,75,0,0,0,0,0,0,0,0,0,0,12,12,0,0,0,0,0,0,352
State : Uttar Pradesh,5,Amethi,0,16,0,0,0,0,82,221,0,0,0,0,0,0,0,0,221,0,0,0,26,26,0,0,0,0,100,100,0,0,0,0,0,0,0,0,0,0,0,0,0,0,0,10,10,0,0,0,0,0,0,455
State : Uttar Pradesh,6,Amroha,0,25,0,0,0,0,0,116,0,0,0,116,116,0,0,0,0,0,0,0,46,35,11,0,0,0,103,36,67,0,0,0,0,0,0,0,0,0,0,0,0,0,0,11,11,0,0,0,0,0,0,301
State : Uttar Pradesh,7,Auraiya,0,32,3,0,0,0,180,131,7,0,0,124,82,42,0,0,0,0,0,0,57,38,19,4,4,0,147,94,53,0,0,0,3,0,0,0,0,0,0,0,0,0,0,82,29,53,0,0,0,0,0,639
State : Uttar Pradesh,8,Azamgarh,0,36,0,0,0,0,172,202,17,0,0,185,185,0,0,0,0,0,0,0,58,47,11,0,0,0,156,156,0,0,0,0,172,0,0,0,0,0,0,0,0,0,0,48,5,41,0,1,1,0,0,844
State : Uttar Pradesh,9,Badaun,2,51,8,0,0,0,346,285,0,5,0,280,266,14,0,0,0,0,0,0,62,45,17,9,9,0,247,206,41,0,0,0,4,0,0,0,0,0,0,1,0,0,0,72,23,49,0,0,0,0,0,1087
State : Uttar Pradesh,10,Baghpat,1,7,0,0,0,0,96,111,0,0,0,111,33,78,0,0,0,0,0,0,29,20,9,10,5,5,83,13,70,0,0,0,0,0,0,0,0,0,0,0,0,0,0,25,9,14,2,0,0,0,0,362
State : Uttar Pradesh,11,Bahraich,0,62,0,0,0,0,1,245,0,0,0,245,205,40,0,0,0,1,0,0,31,16,15,0,0,0,147,105,42,0,0,0,241,0,0,0,0,0,0,0,0,0,0,57,15,42,0,0,0,0,0,785
State : Uttar Pradesh,12,Ballia,0,31,6,0,0,0,122,207,25,0,0,182,104,78,0,0,0,0,0,0,53,25,28,6,1,5,213,213,0,2,2,0,0,0,0,0,0,0,0,0,0,0,0,178,43,117,18,0,0,0,0,818
State : Uttar Pradesh,13,Balrampur,0,23,3,3,0,0,4,34,0,0,0,34,20,14,0,0,0,0,0,0,17,17,0,7,7,0,36,36,0,0,0,0,54,0,0,0,0,0,0,0,0,0,0,65,14,31,0,0,20,0,0,246
State : Uttar Pradesh,14,Banda,0,40,13,0,0,0,78,105,10,0,0,95,95,0,0,0,0,0,0,0,51,32,19,0,0,0,106,106,0,0,0,0,0,0,0,0,0,0,0,0,0,0,0,2,1,1,0,0,0,0,0,395
State : Uttar Pradesh,15,Barabanki,2,28,0,0,0,0,123,193,24,0,0,169,33,136,0,0,0,0,0,0,47,21,26,0,0,0,142,119,23,0,0,0,0,0,0,0,0,0,0,0,0,0,0,62,26,36,0,0,0,0,0,597
State : Uttar Pradesh,16,Bareilly,2,53,0,0,2,0,0,418,0,0,0,418,418,0,0,0,0,0,0,0,63,63,0,4,4,0,380,380,0,0,0,0,479,1,0,1,0,0,0,0,0,0,0,132,44,87,1,0,0,0,0,1534
State : Uttar Pradesh,17,Basti,1,19,0,0,0,1,159,149,15,0,0,134,0,134,0,0,0,0,0,0,46,12,34,0,0,0,89,89,0,0,0,0,0,0,0,0,0,0,0,0,0,0,0,75,9,61,4,0,1,0,0,539
State : Uttar Pradesh,18,Bijnor,3,21,0,0,0,0,185,206,11,0,0,195,195,0,0,0,0,0,0,0,88,88,0,3,3,0,169,169,0,0,0,0,0,0,0,0,0,0,0,0,0,0,0,57,21,35,1,0,0,0,0,732
State : Uttar Pradesh,19,Bulandshahar,1,45,3,4,1,0,394,331,24,1,0,306,306,0,0,0,0,1,0,0,163,118,45,31,31,0,322,245,77,0,0,0,0,0,0,0,0,0,0,0,0,0,0,0,0,0,0,0,0,0,0,1296
State : Uttar Pradesh,20,Chandoli,0,17,1,0,0,0,8,82,9,2,0,71,27,44,0,0,0,0,0,0,37,16,21,2,2,0,62,58,4,0,0,0,108,0,0,0,0,0,0,0,0,0,0,32,1,28,3,0,0,0,0,349
State : Uttar Pradesh,21,Chitrakoot,0,14,1,0,0,0,46,76,11,0,0,65,65,0,0,0,0,0,0,0,27,27,0,0,0,0,120,120,0,0,0,0,46,0,0,0,0,0,0,0,0,0,0,17,17,0,0,0,0,0,0,347
State : Uttar Pradesh,22,Deoria,1,32,0,0,0,0,39,144,0,0,0,144,59,85,0,0,0,0,0,0,35,18,17,0,0,0,96,29,67,0,0,0,0,0,0,0,0,0,0,0,0,0,0,0,0,0,0,0,0,0,0,347
State : Uttar Pradesh,23,Etah,1,36,2,0,1,0,115,136,0,0,0,136,123,13,0,0,0,0,0,0,37,10,27,9,9,0,185,185,0,0,0,0,0,0,0,0,0,0,0,0,0,0,0,80,27,53,0,0,0,0,0,602
State : Uttar Pradesh,24,Etawah,0,39,8,0,0,0,173,195,21,0,0,174,95,79,0,0,0,0,0,0,32,20,12,2,2,0,149,86,63,0,0,0,6,0,0,0,0,0,0,0,0,0,0,81,21,60,0,0,0,0,0,685
State : Uttar Pradesh,25,Ayodhya,0,26,2,3,1,0,24,186,7,0,0,179,156,23,0,0,0,0,0,0,42,18,24,21,14,7,167,167,0,0,0,0,188,0,0,0,0,0,0,0,0,0,0,72,0,49,0,0,23,0,0,732
State : Uttar Pradesh,26,Fatehgarh,3,42,8,0,1,0,205,168,21,0,0,147,147,0,0,0,0,1,0,0,26,10,16,1,1,0,50,9,41,0,0,0,0,0,0,0,0,0,0,0,0,0,0,0,0,0,0,0,0,0,0,505
State : Uttar Pradesh,27,Fatehpur,0,40,2,0,0,0,100,177,95,0,0,82,36,46,0,0,0,0,0,0,74,15,59,2,0,2,160,22,138,0,0,0,0,0,0,0,0,0,0,0,0,0,0,182,59,123,0,0,0,0,0,737
State : Uttar Pradesh,28,Firozabad,0,41,8,0,1,0,182,249,0,4,0,245,56,189,0,0,0,1,0,0,48,22,26,11,11,0,142,68,74,0,0,0,1,0,0,0,0,0,0,0,5,5,0,104,26,77,1,0,0,0,0,793
State : Uttar Pradesh,29,GRP,0,1,0,0,0,0,0,14,10,0,0,4,4,0,0,0,0,0,0,0,3,3,0,0,0,0,62,62,0,0,0,0,0,0,0,0,0,0,0,0,0,0,0,1,0,1,0,0,0,0,0,81
State : Uttar Pradesh,30,Gautambudh Nagar,2,29,4,0,1,0,233,241,34,4,0,203,181,22,0,0,0,0,0,0,56,50,6,13,11,2,181,156,25,10,10,0,0,0,0,0,0,0,0,0,0,0,0,7,0,4,3,0,0,0,0,777
State : Uttar Pradesh,31,Ghaziabad,2,41,4,0,2,0,575,462,0,0,1,461,461,0,0,0,0,0,0,0,113,98,15,13,13,0,281,262,19,0,0,0,0,1,1,0,0,0,0,0,0,0,0,34,15,19,0,0,0,0,0,1528
State : Uttar Pradesh,32,Ghazipur,0,26,0,0,0,0,110,180,96,3,0,81,81,0,0,0,0,0,0,0,40,17,23,3,3,0,144,68,76,0,0,0,0,0,0,0,0,0,0,0,0,0,0,0,0,0,0,0,0,0,0,503
State : Uttar Pradesh,33,Gonda,0,40,0,0,0,0,12,201,0,0,0,201,201,0,0,0,0,0,0,0,55,19,36,0,0,0,110,110,0,0,0,0,0,0,0,0,0,0,0,0,0,0,0,36,36,0,0,0,0,0,0,454
State : Uttar Pradesh,34,Gorakhpur,2,42,7,0,0,0,0,445,0,0,0,445,423,22,0,0,0,0,0,0,94,52,42,0,0,0,234,234,0,0,0,0,458,0,0,0,0,0,0,0,0,0,0,1,1,0,0,0,0,0,0,1283
State : Uttar Pradesh,35,Hamirpur,16,27,14,0,0,0,54,113,0,0,0,113,40,73,0,0,0,0,0,0,38,17,21,0,0,0,177,112,65,0,0,0,17,0,0,0,0,0,0,0,0,0,0,43,15,28,0,0,0,0,0,499
State : Uttar Pradesh,36,Hapur,0,18,0,0,0,0,76,131,0,0,0,131,131,0,0,0,0,0,0,0,48,35,13,7,7,0,98,39,59,0,0,0,0,0,0,0,0,0,0,0,0,0,0,7,7,0,0,0,0,0,0,385
State : Uttar Pradesh,37,Hardoi,1,59,17,1,0,0,188,282,70,0,0,212,212,0,0,0,0,0,0,0,74,28,46,0,0,0,211,119,92,60,60,0,6,0,0,0,0,0,0,0,0,0,0,140,119,21,0,0,0,0,0,1039
State : Uttar Pradesh,38,Hathras,0,12,0,0,0,0,167,128,128,0,0,0,0,0,0,0,0,0,0,0,43,43,0,0,0,0,154,154,0,0,0,0,0,0,0,0,0,0,0,0,0,0,0,0,0,0,0,0,0,0,0,504
State : Uttar Pradesh,39,Jalaun,0,27,0,0,0,0,62,123,0,0,0,0,0,0,0,0,123,0,0,0,36,19,17,0,0,0,130,97,33,0,0,0,0,0,0,0,0,0,0,0,0,0,0,87,12,72,3,0,0,0,0,465
State : Uttar Pradesh,40,Jaunpur,0,38,0,0,0,1,86,257,257,0,0,0,0,0,0,0,0,0,0,0,72,25,47,0,0,0,101,48,53,4,4,0,0,0,0,0,0,0,0,0,0,0,0,101,47,53,1,0,0,0,0,660
State : Uttar Pradesh,41,Jhansi,0,34,9,4,1,0,152,143,19,1,0,122,101,21,0,0,1,0,0,0,45,23,22,7,2,5,161,113,48,0,0,0,0,0,0,0,0,0,0,0,0,0,0,71,23,48,0,0,0,0,0,627
State : Uttar Pradesh,42,Kannauj,0,32,9,0,2,0,151,134,0,0,0,134,117,17,0,0,0,0,0,0,21,9,12,0,0,0,112,78,34,0,0,0,0,0,0,0,0,0,0,0,0,0,0,14,14,0,0,0,0,0,0,475
State : Uttar Pradesh,43,Kanpur Dehat,0,41,3,0,5,0,180,185,0,0,0,185,149,36,0,0,0,0,0,0,59,33,26,6,2,4,199,137,62,0,0,0,8,0,0,0,0,0,0,0,0,0,0,87,27,60,0,0,0,0,0,773
State : Uttar Pradesh,44,Kanpur Nagar,0,55,0,0,1,0,792,529,0,0,0,529,450,79,0,0,0,0,0,0,97,97,0,7,7,0,419,419,0,1,1,0,0,0,0,0,0,0,0,0,0,0,0,194,66,115,10,1,0,2,0,2095
State : Uttar Pradesh,45,Kasganj,1,32,2,0,1,0,78,104,0,0,0,104,0,104,0,0,0,0,0,0,31,31,0,0,0,0,98,98,0,0,0,0,0,0,0,0,0,0,0,0,0,0,0,40,18,22,0,0,0,0,0,387
State : Uttar Pradesh,46,Kaushambi,0,20,0,0,0,0,121,141,94,0,0,47,47,0,0,0,0,0,0,0,26,10,16,0,0,0,153,98,55,0,0,0,0,0,0,0,0,0,0,0,0,0,0,0,0,0,0,0,0,0,0,461
State : Uttar Pradesh,47,Khiri,2,72,0,0,1,0,158,299,141,0,0,158,0,158,0,0,0,0,0,0,64,38,26,0,0,0,235,168,67,0,0,0,0,0,0,0,0,0,0,0,0,0,0,67,13,53,0,0,1,0,0,898
State : Uttar Pradesh,48,Kushi Nagar,0,57,4,0,0,0,54,204,29,3,0,172,72,100,0,0,0,0,0,0,52,22,30,63,35,28,134,75,59,0,0,0,0,4,1,0,3,0,0,0,0,0,0,37,9,27,1,0,0,0,0,609
State : Uttar Pradesh,49,Lalitpur,0,18,7,0,0,0,58,63,22,0,0,41,41,0,0,0,0,1,0,0,32,11,21,0,0,0,107,74,33,0,0,0,0,0,0,0,0,0,0,0,3,0,3,54,21,25,8,0,0,0,0,343
State : Uttar Pradesh,50,Lucknow,2,57,48,31,0,0,1293,510,0,0,0,506,327,179,4,0,0,2,0,0,168,142,26,47,27,20,577,508,69,4,4,0,183,8,8,0,0,0,0,0,0,0,0,6,0,0,6,0,0,0,0,2936
State : Uttar Pradesh,51,Maharajganj,0,20,3,0,1,0,64,25,6,1,0,2,2,0,0,0,16,0,0,0,4,4,0,0,0,0,13,13,0,0,0,0,1,1,1,0,0,0,0,0,0,0,0,218,54,100,9,0,54,1,0,350
State : Uttar Pradesh,52,Mahoba,0,8,4,0,0,0,30,71,12,2,0,57,30,27,0,0,0,0,0,0,49,34,15,8,8,0,135,102,33,0,0,0,2,0,0,0,0,0,0,0,0,0,0,54,15,39,0,0,0,0,0,361
State : Uttar Pradesh,53,Mainpuri,2,41,5,0,0,0,126,199,0,0,0,199,69,130,0,0,0,0,0,0,36,12,24,0,0,0,167,59,108,0,0,0,0,0,0,0,0,0,0,1,0,0,0,0,0,0,0,0,0,0,0,577
State : Uttar Pradesh,54,Mathura,0,44,11,1,1,0,208,198,0,0,0,198,166,32,0,0,0,0,0,0,84,59,25,20,16,4,305,282,23,0,0,0,0,0,0,0,0,0,0,0,0,0,0,22,0,22,0,0,0,0,0,894
State : Uttar Pradesh,55,Mau,0,19,0,0,0,0,110,139,0,0,0,139,130,9,0,0,0,0,0,0,29,17,12,0,0,0,100,65,35,0,0,0,0,0,0,0,0,0,0,0,0,0,0,0,0,0,0,0,0,0,0,397
State : Uttar Pradesh,56,Meerut,0,40,0,0,1,0,601,314,68,0,0,246,187,59,0,0,0,0,0,0,129,105,24,36,30,6,379,331,48,0,0,0,0,7,0,7,0,0,0,0,0,0,0,73,24,48,0,0,0,1,0,1580
State : Uttar Pradesh,57,Mirzapur,1,31,2,0,0,0,37,17,2,0,0,15,3,12,0,0,0,0,0,0,30,27,3,3,3,0,12,7,5,0,0,0,0,0,0,0,0,0,0,0,0,0,0,8,3,5,0,0,0,0,0,141
State : Uttar Pradesh,58,Moradabad,3,30,0,1,1,0,346,257,4,1,0,252,141,111,0,0,0,0,0,0,99,49,50,25,12,13,334,249,85,0,0,0,0,2,2,0,0,0,0,0,0,0,0,144,50,82,3,1,8,0,0,1242
State : Uttar Pradesh,59,Muzaffarnagar,2,26,0,0,2,0,166,271,0,0,0,271,178,93,0,0,0,0,0,0,61,59,2,2,0,2,170,167,3,0,0,0,0,0,0,0,0,0,0,0,0,0,0,20,17,3,0,0,0,0,0,720
State : Uttar Pradesh,60,Pilibhit,0,30,0,3,2,0,200,171,0,7,0,164,164,0,0,0,0,0,0,0,76,71,5,28,28,0,128,128,0,0,0,0,8,0,0,0,0,0,0,0,0,0,0,185,0,179,6,0,0,0,0,831
State : Uttar Pradesh,61,Pratapgarh,0,27,3,7,0,0,147,184,13,0,0,171,84,87,0,0,0,0,0,0,69,41,28,3,2,1,88,70,18,0,0,0,0,0,0,0,0,0,0,0,0,0,0,38,28,10,0,0,0,0,0,566
State : Uttar Pradesh,62,Raibareilly,0,29,0,0,0,0,65,184,50,0,0,134,0,134,0,0,0,0,0,0,47,47,0,0,0,0,81,81,0,0,0,0,21,0,0,0,0,0,0,0,0,0,0,103,47,56,0,0,0,0,0,530
State : Uttar Pradesh,63,Rampur,0,20,3,2,0,0,0,161,0,0,0,161,107,54,0,0,0,0,0,0,91,91,0,15,15,0,127,127,0,0,0,0,443,0,0,0,0,0,0,0,2,0,2,35,13,22,0,0,0,0,0,899
State : Uttar Pradesh,64,Saharanpur,2,25,0,1,1,1,125,153,133,0,0,20,0,20,0,0,0,0,0,0,50,33,17,21,21,0,164,105,59,0,0,0,0,0,0,0,0,0,0,0,0,0,0,70,34,35,0,0,1,0,0,613
State : Uttar Pradesh,65,Sambhal,1,32,0,0,4,0,159,177,0,0,0,177,78,99,0,0,0,1,0,0,70,37,33,8,6,2,153,123,30,0,0,0,36,0,0,0,0,0,0,0,8,2,6,59,29,30,0,0,0,0,0,708
State : Uttar Pradesh,66,Sant Kabirnagar,0,27,1,0,0,0,55,124,0,0,0,124,21,103,0,0,0,0,0,0,63,34,29,2,2,0,86,45,41,0,0,0,0,0,0,0,0,0,0,0,0,0,0,80,41,39,0,0,0,0,0,438
State : Uttar Pradesh,67,Shahjahanpur,2,48,3,0,0,0,247,206,0,0,0,206,155,51,0,0,0,0,0,0,53,53,0,0,0,0,142,142,0,9,9,0,0,1,0,0,0,1,0,0,0,0,0,91,21,70,0,0,0,0,0,802
State : Uttar Pradesh,68,Shamli,1,17,0,0,0,0,123,98,0,0,0,98,81,17,0,0,0,0,0,0,35,27,8,0,0,0,94,94,0,0,0,0,0,0,0,0,0,0,0,0,0,0,0,34,13,21,0,0,0,0,0,402
State : Uttar Pradesh,69,Shrawasti,0,17,2,0,0,0,6,54,0,0,0,54,50,4,0,0,0,0,0,0,15,8,7,8,6,2,60,50,10,0,0,0,118,0,0,0,0,0,0,0,0,0,0,19,7,12,0,0,0,0,0,299
State : Uttar Pradesh,70,Sidharthnagar,0,16,0,0,1,0,6,141,3,0,0,138,34,104,0,0,0,0,0,0,26,12,14,0,0,0,74,74,0,0,0,0,0,0,0,0,0,0,0,49,0,0,0,38,14,24,0,0,0,0,0,351
State : Uttar Pradesh,71,Sitapur,0,75,0,0,0,0,230,280,0,0,0,280,280,0,0,0,0,0,0,0,106,38,68,0,0,0,271,271,0,0,0,0,0,0,0,0,0,0,0,0,0,0,0,199,62,137,0,0,0,0,0,1161
State : Uttar Pradesh,72,Sonbhadra,0,19,0,0,0,0,4,63,10,0,0,53,11,42,0,0,0,0,0,0,68,28,40,0,0,0,52,37,15,0,0,0,51,0,0,0,0,0,0,0,0,0,0,0,0,0,0,0,0,0,0,257
State : Uttar Pradesh,73,Bhadohi,0,19,7,0,0,0,3,38,0,0,0,38,4,34,0,0,0,0,0,0,13,7,6,1,0,1,29,23,6,0,0,0,85,0,0,0,0,0,0,0,0,0,0,8,0,8,0,0,0,0,0,203
State : Uttar Pradesh,74,Sultanpur,1,23,4,0,0,0,21,187,0,0,0,187,82,105,0,0,0,0,0,0,35,18,17,32,13,19,121,105,16,0,0,0,124,0,0,0,0,0,0,0,0,0,0,0,0,0,0,0,0,0,0,548
State : Uttar Pradesh,75,Unnao,0,50,0,0,1,0,232,311,42,7,1,261,149,112,0,0,0,0,0,0,58,18,40,2,2,0,160,64,96,0,0,0,0,0,0,0,0,0,0,0,0,0,0,136,40,96,0,0,0,0,0,950
State : Uttar Pradesh,76,Varanasi,0,20,0,0,0,0,522,361,0,2,0,359,155,204,0,0,0,2,0,0,95,42,53,0,0,0,370,192,178,0,0,0,0,0,0,0,0,0,0,0,10,10,0,233,54,175,3,1,0,0,0,1613
State : Uttar Pradesh,,Total,64,2524,280,64,41,4,12653,14993,2201,43,2,12382,8823,3559,4,0,361,10,0,0,4246,2742,1504,601,462,139,12607,9743,2864,91,91,0,2938,25,13,8,3,1,0,51,28,17,11,4791,1580,3010,84,4,109,4,0,56011
State : Uttar Pradesh,1,Almora,0,2,0,0,0,0,0,17,0,0,0,1,1,0,0,0,16,0,0,0,10,6,4,0,0,0,3,3,0,0,0,0,0,0,0,0,0,0,0,0,0,0,0,0,0,0,0,0,0,0,0,32
State : Uttar Pradesh,2,Bageshwar,0,2,0,0,0,0,0,17,0,0,0,1,1,0,0,0,16,0,0,0,10,6,4,0,0,0,3,0,3,0,0,0,0,0,0,0,0,0,0,0,0,0,0,0,0,0,0,0,0,0,0,32
State : Uttar Pradesh,3,Chamoli,0,2,2,0,0,0,0,3,3,0,0,0,0,0,0,0,0,0,0,0,4,4,0,0,0,0,2,2,0,0,0,0,2,0,0,0,0,0,0,0,0,0,0,2,2,0,0,0,0,0,0,17
State : Uttar Pradesh,4,Champawat,0,2,1,0,0,0,3,14,2,0,0,1,1,0,0,0,11,0,0,0,12,2,10,1,0,1,7,5,2,0,0,0,0,1,0,0,0,1,0,0,0,0,0,0,0,0,0,0,0,0,0,41
State : Uttar Pradesh,5,Dehradun,0,13,2,0,0,0,137,72,0,0,1,35,29,6,30,0,6,2,0,0,87,57,30,2,1,1,60,45,15,1,1,0,0,4,0,0,4,0,0,0,18,0,18,0,0,0,0,0,0,0,0,398
State : Uttar Pradesh,6,Haridwar,1,16,3,0,2,0,105,108,108,0,0,0,0,0,0,0,0,0,0,0,118,53,65,7,6,1,165,165,0,0,0,0,0,0,0,0,0,0,0,0,0,0,0,70,70,0,0,0,0,0,0,595
State : Uttar Pradesh,7,Nainital,0,7,6,0,0,0,40,72,9,0,0,2,2,0,1,0,60,0,0,0,47,16,31,0,0,0,80,58,22,3,3,0,1,0,0,0,0,0,0,0,0,0,0,0,0,0,0,0,0,0,0,256
State : Uttar Pradesh,8,Pauri Garhwal,0,1,2,0,0,0,13,18,0,0,0,0,0,0,0,0,18,0,0,0,10,4,6,0,0,0,4,4,0,0,0,0,2,0,0,0,0,0,0,0,0,0,0,11,7,4,0,0,0,0,0,61
State : Uttar Pradesh,9,Pithoragarh,0,1,0,0,1,0,4,1,0,0,0,0,0,0,1,0,0,1,0,0,4,4,0,0,0,0,1,1,0,0,0,0,0,1,0,0,1,0,0,0,0,0,0,3,3,0,0,0,0,0,0,17
State : Uttar Pradesh,10,Rudra Prayag,0,1,0,0,0,0,0,0,0,0,0,0,0,0,0,0,0,0,0,0,1,1,0,0,0,0,1,1,0,0,0,0,0,0,0,0,0,0,0,0,0,0,0,2,2,0,0,0,0,0,0,5
State : Uttar Pradesh,11,Tehri Garhwal,0,2,1,0,0,0,2,12,0,0,0,0,0,0,0,0,12,0,0,0,9,9,0,9,9,0,2,2,0,0,0,0,0,0,0,0,0,0,0,0,0,0,0,7,7,0,0,0,0,0,0,44
State : Uttar Pradesh,12,Udhamsingh Nagar,0,11,3,0,0,0,84,20,20,0,0,0,0,0,0,0,0,0,0,0,55,55,0,0,0,0,101,101,0,0,0,0,45,0,0,0,0,0,0,0,0,0,0,82,82,0,0,0,0,0,0,401
State : Uttar Pradesh,13,Uttarkashi,0,0,0,0,0,0,6,14,4,0,0,1,1,0,2,0,7,0,0,0,7,7,0,0,0,0,3,3,0,0,0,0,0,0,0,0,0,0,0,0,2,2,0,7,7,0,0,0,0,0,0,39
State : Uttar Pradesh,14,GRP,0,0,0,0,0,0,0,3,1,0,0,0,0,0,0,0,2,0,0,0,0,0,0,0,0,0,3,3,0,0,0,0,0,0,0,0,0,0,0,0,0,0,0,0,0,0,0,0,0,0,0,6
State : Uttar Pradesh,,Total,1,60,20,0,3,0,394,371,147,0,1,41,35,6,34,0,148,3,0,0,374,224,150,19,16,3,435,393,42,4,4,0,50,6,0,0,5,1,0,0,20,2,18,184,180,4,0,0,0,0,0,1944
State : West Bengal,1,Alipurduar,0,4,14,0,1,0,218,93,77,0,0,8,4,4,2,0,6,6,0,0,34,34,0,25,25,0,76,76,0,0,0,0,0,0,0,0,0,0,0,0,0,0,0,61,41,17,3,0,0,0,0,532
State : West Bengal,2,Asansol-Durgapur PC,0,17,9,11,0,0,411,78,54,1,2,13,5,8,8,0,0,0,0,0,18,18,0,13,13,0,57,57,0,2,2,0,0,0,0,0,0,0,0,0,1,0,1,36,19,14,3,0,0,0,0,653
State : West Bengal,3,Bankura,0,19,18,0,1,0,205,44,23,0,0,17,0,17,2,0,2,1,1,0,12,12,0,21,21,0,59,59,0,15,15,0,0,0,0,0,0,0,0,0,0,0,0,35,23,11,1,0,0,0,0,431
State : West Bengal,4,Barrackpur PC,0,19,26,2,1,3,1176,169,55,0,0,74,37,37,7,1,32,4,4,0,17,17,0,21,21,0,590,590,0,23,23,0,0,3,0,0,0,0,3,0,0,0,0,54,33,18,3,0,0,0,0,2112
State : West Bengal,5,Bidhannagar PC,0,8,6,0,5,1,269,34,17,0,1,11,0,11,4,0,1,6,0,0,6,6,0,5,5,0,73,73,0,5,5,0,0,1,0,0,1,0,0,0,0,0,0,20,11,7,2,0,0,0,0,439
State : West Bengal,6,Birbhum,0,16,24,0,4,0,233,48,20,0,0,25,2,23,3,0,0,0,1,0,36,36,0,32,32,0,61,61,0,1,0,1,0,1,0,0,1,0,0,0,2,0,2,87,33,26,25,0,3,0,0,546
State : West Bengal,7,Coochbehar,0,27,31,8,0,0,572,263,24,0,2,0,0,0,17,0,220,0,0,0,56,56,0,57,57,0,88,88,0,0,0,0,0,0,0,0,0,0,0,0,0,0,0,26,13,11,2,0,0,0,0,1128
State : West Bengal,8,Dakshin Dinajpur,0,16,0,0,0,0,178,118,36,0,0,10,2,8,13,0,59,0,0,0,14,14,0,18,18,0,61,61,0,3,3,0,0,2,0,0,0,0,2,0,3,3,0,23,18,5,0,0,0,0,0,436
State : West Bengal,9,Darjeeling,0,6,0,0,0,0,86,39,22,0,0,6,1,5,11,0,0,0,0,0,7,7,0,4,4,0,71,71,0,2,2,0,0,0,0,0,0,0,0,0,0,0,0,45,23,13,6,0,3,0,0,260
State : West Bengal,10,Hooghly Rural Police,0,25,20,0,0,0,594,99,87,0,1,11,3,8,0,0,0,0,0,0,16,16,0,27,27,0,123,123,0,0,0,0,0,5,0,0,0,0,5,0,0,0,0,26,6,20,0,0,0,0,0,935
State : West Bengal,11,Howrah GRP,0,0,1,0,0,0,0,0,0,0,0,0,0,0,0,0,0,2,0,0,1,1,0,0,0,0,13,13,0,0,0,0,0,0,0,0,0,0,0,0,0,0,0,2,1,1,0,0,0,0,0,19
State : West Bengal,12,Howrah PC,0,4,9,0,0,0,236,158,99,0,1,7,7,0,0,0,51,2,1,0,7,7,0,5,5,0,99,99,0,18,18,0,0,1,1,0,0,0,0,0,12,0,12,31,9,20,2,0,0,0,0,583
State : West Bengal,13,Howrah Rural,1,5,6,0,0,1,782,75,67,1,0,7,4,3,0,0,0,2,1,0,18,18,0,25,25,0,120,120,0,1,1,0,0,1,0,0,0,0,1,0,0,0,0,57,39,14,4,0,0,0,0,1095
State : West Bengal,14,Jalpaiguri,0,18,0,0,0,0,145,146,95,0,0,6,6,0,15,0,30,6,0,0,50,50,0,0,0,0,85,85,0,1,1,0,0,2,0,0,0,0,2,0,2,0,2,119,78,0,1,0,40,0,0,574
State : West Bengal,15,Jhargram,0,7,4,0,0,0,73,53,44,0,0,6,0,6,1,0,2,0,0,0,9,9,0,5,5,0,42,42,0,0,0,0,0,1,0,0,0,0,1,0,0,0,0,34,20,11,2,0,1,0,0,228
State : West Bengal,16,Kharagpur GRP,0,1,3,0,0,0,2,0,0,0,0,0,0,0,0,0,0,0,0,0,0,0,0,0,0,0,7,7,0,0,0,0,0,0,0,0,0,0,0,0,0,0,0,0,0,0,0,0,0,0,0,13
State : West Bengal,17,Kolkata,0,13,37,0,1,1,871,259,175,0,5,16,16,0,45,1,17,4,1,0,15,15,0,0,0,0,309,309,0,249,249,0,0,9,0,0,0,0,9,0,25,0,25,181,83,70,10,2,16,0,0,1975
State : West Bengal,18,Malda,0,23,43,7,1,0,266,34,18,0,0,16,12,4,0,0,0,4,0,0,104,104,0,93,93,0,165,165,0,11,11,0,0,0,0,0,0,0,0,0,3,0,3,211,114,52,13,0,32,0,0,965
State : West Bengal,19,Murshidabad,0,42,13,1,1,1,1573,313,184,0,0,105,74,31,0,0,24,7,2,0,166,166,0,344,344,0,189,189,0,17,17,0,0,11,0,0,0,0,11,0,0,0,0,204,112,56,30,0,6,0,0,2884
State : West Bengal,20,Nadia,0,50,24,0,2,0,898,271,155,0,0,86,19,67,1,0,29,2,0,0,74,74,0,103,103,0,131,131,0,3,3,0,0,8,0,0,0,0,8,0,0,0,0,90,42,36,0,0,12,0,0,1656
State : West Bengal,21,Paschim Medinipur,0,17,7,0,3,0,449,190,49,0,2,0,0,0,0,0,139,0,0,0,57,57,0,34,34,0,336,336,0,16,16,0,0,5,0,0,0,0,5,1,0,0,0,97,59,32,6,0,0,0,0,1212
State : West Bengal,22,Purab Medinipur,0,14,17,1,3,0,709,170,132,0,1,23,17,6,11,0,3,6,6,0,46,46,0,35,33,2,96,96,0,3,3,0,0,0,0,0,0,0,0,0,0,0,0,49,19,29,1,0,0,0,0,1155
State : West Bengal,23,Purulia,0,11,8,0,0,0,162,28,10,0,0,18,1,17,0,0,0,0,0,0,21,21,0,7,7,0,141,141,0,5,5,0,0,0,0,0,0,0,0,0,0,0,0,46,22,17,7,0,0,0,0,429
State : West Bengal,24,Sealdah GRP,0,0,0,0,1,0,2,6,2,0,0,1,1,0,1,0,2,0,1,0,2,2,0,1,1,0,20,20,0,1,1,0,0,0,0,0,0,0,0,0,0,0,0,1,1,0,0,0,0,0,0,35
State : West Bengal,25,Siliguri GRP,0,0,0,0,0,0,0,0,0,0,0,0,0,0,0,0,0,0,0,0,0,0,0,0,0,0,10,9,1,0,0,0,0,0,0,0,0,0,0,0,0,0,0,0,0,0,0,0,0,0,0,10
State : West Bengal,26,Siliguri PC,0,3,0,0,1,0,625,75,50,0,0,0,0,0,0,0,25,3,0,0,16,16,0,4,4,0,111,111,0,13,13,0,0,0,0,0,0,0,0,0,0,0,0,53,22,26,5,0,0,0,0,904
State : West Bengal,27,Uttar Dinajpur,0,6,14,4,0,0,271,213,39,0,0,28,4,24,6,0,140,2,1,0,54,54,0,63,56,7,22,22,0,1,1,0,0,2,0,2,0,0,0,0,9,1,8,50,32,8,1,0,9,0,0,712
State : West Bengal,28,Baruipur Police,0,24,7,0,1,0,1500,380,203,0,0,114,37,77,24,0,39,0,1,0,45,45,0,72,72,0,105,105,0,9,9,0,0,0,0,0,0,0,0,0,0,0,0,74,73,0,1,0,0,0,0,2218
State : West Bengal,29,Chandannagar PC,1,14,12,0,0,0,459,42,9,0,0,26,4,22,0,0,7,0,0,0,7,7,0,9,9,0,55,55,0,4,4,0,0,3,0,0,0,0,3,2,3,0,3,25,16,9,0,0,0,0,0,636
State : West Bengal,30,Diamond Harbour Police,0,10,0,0,3,0,728,131,87,0,2,7,0,7,35,0,0,2,3,0,42,42,0,20,20,0,177,177,0,9,9,0,0,2,0,0,0,0,2,0,0,0,0,74,42,19,11,0,2,0,0,1201
State : West Bengal,31,Kalimpong,0,0,0,0,0,0,13,4,4,0,0,0,0,0,0,0,0,0,0,0,3,3,0,1,1,0,19,19,0,0,0,0,0,0,0,0,0,0,0,0,0,0,0,14,10,3,0,0,1,0,0,54
State : West Bengal,32,Purba Bardhaman,0,35,28,0,1,0,471,190,106,0,0,40,19,21,2,0,42,0,0,0,29,29,0,78,78,0,120,120,0,0,0,0,0,7,0,0,0,0,7,0,0,0,0,60,32,27,1,0,0,0,0,1019
State : West Bengal,33,Sundarban Police,0,6,4,2,3,1,631,68,6,2,0,29,9,20,3,0,28,4,7,0,16,16,0,25,25,0,33,33,0,8,8,0,0,0,0,0,0,0,0,0,0,0,0,51,28,20,3,0,0,0,0,859
State : West Bengal,34,Barasat,1,25,41,0,2,2,1342,279,218,0,1,27,5,22,3,0,30,4,8,0,60,60,0,67,67,0,126,126,0,28,28,0,0,3,2,0,0,0,1,0,0,0,0,129,90,24,15,0,0,0,0,2117
State : West Bengal,35,Basirhat,0,14,17,0,0,0,650,162,113,0,2,32,0,32,2,0,13,4,0,0,26,26,0,11,11,0,42,42,0,0,0,0,0,0,0,0,0,0,0,0,0,0,0,41,24,10,7,0,0,0,0,967
State : West Bengal,,Total,3,499,443,36,35,10,16800,4232,2280,4,20,769,289,480,216,2,941,71,38,0,1084,1084,0,1225,1216,9,3832,3831,1,448,447,1,0,67,3,2,2,0,60,3,60,4,56,2106,1188,626,165,2,125,0,0,30992
UT : A&N Islands,1,South Andaman,0,1,0,0,0,0,1,3,0,0,0,1,0,1,0,0,2,0,0,0,7,7,0,0,0,0,24,20,4,6,6,0,0,0,0,0,0,0,0,0,0,0,0,29,22,6,1,0,0,0,0,71
UT : A&N Islands,2,North & Middle Andaman,0,0,0,0,0,0,3,0,0,0,0,0,0,0,0,0,0,0,0,0,5,5,0,0,0,0,14,14,0,5,5,0,0,0,0,0,0,0,0,0,0,0,0,26,23,3,0,0,0,0,0,53
UT : A&N Islands,3,Nicobar,0,0,0,0,0,0,0,0,0,0,0,0,0,0,0,0,0,0,0,0,1,0,1,0,0,0,0,0,0,0,0,0,0,0,0,0,0,0,0,0,0,0,0,7,2,3,2,0,0,0,0,8
UT : A&N Islands,,Total,0,1,0,0,0,0,4,3,0,0,0,1,0,1,0,0,2,0,0,0,13,12,1,0,0,0,38,34,4,11,11,0,0,0,0,0,0,0,0,0,0,0,0,62,47,12,3,0,0,0,0,132
UT : Chandigarh,1,Chandigarh,0,1,8,0,0,0,121,138,88,0,0,33,10,23,0,0,17,0,0,0,65,20,45,3,2,1,100,74,26,12,12,0,0,0,0,0,0,0,0,0,3,2,1,2,0,0,2,0,0,0,0,453
UT : Chandigarh,,Total,0,1,8,0,0,0,121,138,88,0,0,33,10,23,0,0,17,0,0,0,65,20,45,3,2,1,100,74,26,12,12,0,0,0,0,0,0,0,0,0,3,2,1,2,0,0,2,0,0,0,0,453
UT : D&N Haveli,1,D&N Haveli,0,0,0,0,0,0,4,0,0,0,0,0,0,0,0,0,0,0,0,0,1,1,0,0,0,0,3,3,0,0,0,0,0,0,0,0,0,0,0,0,0,0,0,12,6,2,4,0,0,0,0,20
UT : D&N Haveli,,Total,0,0,0,0,0,0,4,0,0,0,0,0,0,0,0,0,0,0,0,0,1,1,0,0,0,0,3,3,0,0,0,0,0,0,0,0,0,0,0,0,0,0,0,12,6,2,4,0,0,0,0,20
UT : Daman & Diu,1,Daman,0,0,0,0,0,0,4,0,0,0,0,0,0,0,0,0,0,0,0,0,5,3,2,0,0,0,3,2,1,1,1,0,0,0,0,0,0,0,0,0,0,0,0,5,3,1,1,0,0,0,0,18
UT : Daman & Diu,2,Diu,0,0,2,0,0,0,1,0,0,0,0,0,0,0,0,0,0,0,0,0,2,2,0,0,0,0,3,3,0,0,0,0,0,0,0,0,0,0,0,0,0,0,0,0,0,0,0,0,0,0,0,8
UT : Daman & Diu,,Total,0,0,2,0,0,0,5,0,0,0,0,0,0,0,0,0,0,0,0,0,7,5,2,0,0,0,6,5,1,1,1,0,0,0,0,0,0,0,0,0,0,0,0,5,3,1,1,0,0,0,0,26
UT : Delhi UT,1,Central,0,2,0,0,1,0,73,169,153,0,0,0,0,0,0,0,16,7,0,0,76,76,0,0,0,0,175,175,0,32,32,0,0,1,0,0,0,0,1,0,4,4,0,60,46,14,0,0,0,0,0,600
UT : Delhi UT,2,Crime Branch,0,0,0,0,0,0,0,0,0,0,0,0,0,0,0,0,0,0,0,0,2,2,0,0,0,0,2,2,0,1,1,0,0,0,0,0,0,0,0,0,0,0,0,0,0,0,0,0,0,0,0,5
UT : Delhi UT,3,East,0,4,3,0,0,1,208,218,191,0,0,0,0,0,0,0,27,1,0,0,106,106,0,1,1,0,149,149,0,31,31,0,0,0,0,0,0,0,0,0,2,0,2,122,69,49,4,0,0,0,1,847
UT : Delhi UT,4,EOW,0,0,0,0,0,0,0,0,0,0,0,0,0,0,0,0,0,0,0,0,0,0,0,0,0,0,6,6,0,0,0,0,0,0,0,0,0,0,0,0,3,1,2,0,0,0,0,0,0,0,0,9
UT : Delhi UT,5,IGI Airport,0,0,0,0,0,0,0,1,0,0,0,0,0,0,0,0,1,0,0,0,1,1,0,0,0,0,12,12,0,3,3,0,0,0,0,0,0,0,0,0,0,0,0,0,0,0,0,0,0,0,0,17
UT : Delhi UT,6,Metro,0,0,0,0,0,0,0,8,6,0,0,0,0,0,0,0,2,0,0,0,0,0,0,0,0,0,23,23,0,0,0,0,0,0,0,0,0,0,0,0,0,0,0,0,0,0,0,0,0,0,0,31
UT : Delhi UT,7,New Delhi,0,1,0,0,0,0,14,27,26,0,0,0,0,0,0,0,1,0,0,0,10,10,0,0,0,0,54,54,0,11,11,0,0,0,0,0,0,0,0,0,0,0,0,13,7,4,2,0,0,0,0,130
UT : Delhi UT,8,North,0,2,1,0,0,0,123,155,150,0,0,0,0,0,0,0,5,0,0,0,35,35,0,1,1,0,126,126,0,32,32,0,0,0,0,0,0,0,0,0,0,0,0,69,38,31,0,0,0,0,0,544
UT : Delhi UT,9,North-East,1,24,7,0,1,3,294,409,361,0,0,0,0,0,0,0,48,0,0,0,99,99,0,0,0,0,213,213,0,19,19,0,0,1,0,0,0,0,1,0,2,0,2,180,93,86,1,0,0,0,0,1253
UT : Delhi UT,10,North-West,2,7,5,0,0,1,305,353,347,0,0,0,0,0,0,0,6,3,0,0,116,116,0,5,0,5,309,309,0,38,38,0,0,0,0,0,0,0,0,0,2,2,0,152,120,32,0,0,0,0,0,1298
UT : Delhi UT,11,Outer,0,19,6,1,2,4,141,483,451,0,0,3,3,0,0,0,29,2,0,0,115,115,0,4,4,0,132,132,0,35,35,0,0,1,0,0,0,0,1,0,0,0,0,164,99,61,4,0,0,0,0,1109
UT : Delhi UT,12,RAILWAY,0,0,0,0,0,0,0,15,15,0,0,0,0,0,0,0,0,0,0,0,2,2,0,0,0,0,5,5,0,1,1,0,0,0,0,0,0,0,0,0,0,0,0,2,2,0,0,0,0,0,0,25
UT : Delhi UT,13,South,0,9,8,0,2,0,173,319,285,0,0,0,0,0,0,0,34,0,0,0,123,123,0,1,1,0,303,303,0,89,89,0,2,0,0,0,0,0,0,0,1,1,0,113,62,45,6,0,0,0,0,1143
UT : Delhi UT,14,South-East,0,7,3,1,0,0,129,326,315,0,0,0,0,0,0,0,11,0,0,0,102,102,0,0,0,0,304,304,0,94,94,0,2,0,0,0,0,0,0,1,1,1,0,113,81,25,6,0,0,1,0,1083
UT : Delhi UT,15,South-West,0,8,2,0,1,0,93,156,112,1,0,0,0,0,0,0,43,0,0,0,86,86,0,3,3,0,204,204,0,52,52,0,4,0,0,0,0,0,0,0,1,0,1,117,54,62,1,0,0,0,0,727
UT : Delhi UT,16,Spl Cell,0,0,0,0,0,0,0,0,0,0,0,0,0,0,0,0,0,0,0,0,0,0,0,0,0,0,0,0,0,0,0,0,0,0,0,0,0,0,0,0,0,0,0,0,0,0,0,0,0,0,0,0
UT : Delhi UT,17,SPUWAC,0,0,0,0,0,0,164,0,0,0,0,0,0,0,0,0,0,0,0,0,0,0,0,0,0,0,0,0,0,0,0,0,0,0,0,0,0,0,0,0,0,0,0,0,0,0,0,0,0,0,0,164
UT : Delhi UT,18,Vigilance,0,0,0,0,0,0,0,0,0,0,0,0,0,0,0,0,0,0,0,0,0,0,0,0,0,0,0,0,0,0,0,0,0,0,0,0,0,0,0,0,0,0,0,0,0,0,0,0,0,0,0,0
UT : Delhi UT,19,West,0,5,3,0,1,1,290,212,206,0,0,0,0,0,0,0,6,0,0,0,79,79,0,1,1,0,183,183,0,32,32,0,1,1,0,0,0,0,1,1,3,3,0,99,60,34,4,0,0,1,0,912
UT : Delhi UT,20,Rohini,3,18,8,0,0,0,312,401,385,0,0,0,0,0,0,0,16,0,0,0,120,120,0,3,2,1,264,264,0,70,70,0,0,0,0,0,0,0,0,0,0,0,0,171,104,64,2,0,0,1,0,1370
UT : Delhi UT,21,Shahdara,0,5,2,0,0,0,141,170,156,0,0,7,6,1,0,0,7,0,0,0,62,62,0,0,0,0,175,175,0,34,34,0,2,2,0,0,0,0,2,0,0,0,0,74,36,37,1,0,0,0,0,667
UT : Delhi UT,22,Dwarka,0,9,11,0,0,0,275,361,299,0,0,0,0,0,0,0,62,0,0,0,95,95,0,1,1,0,235,235,0,45,45,0,0,0,0,0,0,0,0,0,1,1,0,109,58,47,4,0,0,0,0,1142
UT : Delhi UT,,Total,6,120,59,2,8,10,2735,3783,3458,1,0,10,9,1,0,0,314,13,0,0,1229,1229,0,20,14,6,2874,2874,0,619,619,0,11,6,0,0,0,0,6,2,20,13,7,1558,929,591,35,0,0,3,1,13076
UT : Lakshadweep,1,Lakshadweep,0,0,0,0,0,0,2,0,0,0,0,0,0,0,0,0,0,0,0,0,0,0,0,0,0,0,0,0,0,0,0,0,0,0,0,0,0,0,0,0,0,0,0,4,3,1,0,0,0,0,0,6
UT : Lakshadweep,,Total,0,0,0,0,0,0,2,0,0,0,0,0,0,0,0,0,0,0,0,0,0,0,0,0,0,0,0,0,0,0,0,0,0,0,0,0,0,0,0,0,0,0,0,4,3,1,0,0,0,0,0,6
UT : Lakshadweep,1,Karaikal,0,1,2,0,0,0,3,2,2,0,0,0,0,0,0,0,0,0,0,0,2,2,0,0,0,0,11,11,0,1,1,0,0,0,0,0,0,0,0,0,0,0,0,10,7,2,1,0,0,0,0,32
UT : Lakshadweep,2,Puducherry,4,1,3,0,0,0,2,7,7,0,0,0,0,0,0,0,0,0,0,0,5,5,0,3,3,0,22,22,0,3,3,0,10,0,0,0,0,0,0,0,0,0,0,55,34,6,15,0,0,0,0,115
UT : Lakshadweep,,Total,4,2,5,0,0,0,5,9,9,0,0,0,0,0,0,0,0,0,0,0,7,7,0,3,3,0,33,33,0,4,4,0,10,0,0,0,0,0,0,0,0,0,0,65,41,8,16,0,0,0,0,147
