section,sl_no,District,A. Offences under I.T.Act | Tampering computer source documents (Sec.65),A. Offences under I.T.Act | Computer Related Offences | Computer Related Offences (Total) (Col.5+Col.8+Col.9+Col.10+Col.11),A. Offences under I.T.Act | Computer Related Offences | Computer Related Offences (Sec.66) | Computer Related Offences (Sec.66) (Total) (Col.6+Col.7),A. Offences under I.T.Act | Computer Related Offences | Computer Related Offences (Sec.66) | Ransom-ware,A. Offences under I.T.Act | Computer Related Offences | Computer Related Offences (Sec.66) | Offences other than Ransom-ware,A. Offences under I.T.Act | Computer Related Offences | Dishonestly receiving stolen computer resource or communication device (Sec.66B),A. Offences under I.T.Act | Computer Related Offences | Identity Theft (Sec.66C),A. Offences under I.T.Act | Computer Related Offences | Cheating by personation by using computer resource (Sec.66D),A. Offences under I.T.Act | Computer Related Offences | Violation of Privacy (Sec.66E),A. Offences under I.T.Act | Cyber Terrorism (Sec.66 F),A. Offences under I.T.Act | Publication/transmission of obscene / sexually explicit act in electronic form (Sec. 67) | Publication/ transmission of obscene / sexually explicit act in electronic form (Total) (Col.14+15+16+17+18),A. Offences under I.T.Act | Publication/transmission of obscene / sexually explicit act in electronic form (Sec. 67) | Publishing or transmitting obscene material in Electronic Form,A. Offences under I.T.Act | Publication/transmission of obscene / sexually explicit act in electronic form (Sec. 67) | Publishing or transmitting of material containing Sexually explicit act in electronic form (Sec.67A),A. Offences under I.T.Act | Publication/transmission of obscene / sexually explicit act in electronic form (Sec. 67) | Publishing or transmitting of material depicting children in Sexually explicit act in electronic form (Sec.67B),A. Offences under I.T.Act | Publication/transmission of obscene / sexually explicit act in electronic form (Sec. 67) | Preservation and retention of information by intermediaries (Sec.67C),A. Offences under I.T.Act | Publication/transmission of obscene / sexually explicit act in electronic form (Sec. 67) | Other Sections 67 IT Act,A. Offences under I.T.Act | Interception or Monitoring or decryption of Information (Sec.69),A. Offences under I.T.Act | Un-authorized access/attempt to access to protected computer system (Sec.70),A. Offences under I.T.Act | Abetment to Commit Offences (Sec.84 B),A. Offences under I.T.Act | Attempt to Commit Offences (Sec.84C),A. Offences under I.T.Act | Other Sections of IT Act,A. Offences under I.T.Act | Total Offences under I.T. Act (Col.3+Col.4+Col.12+Col.13+Col.19+Col.20+Col.21+Col.22+Col.23),B. Offences under IPC (Involving Communication Devices as Medium/Target) r/w IT Act. | Abetment of Suicide (Online) (Sec.305/306 IPC),B. Offences under IPC (Involving Communication Devices as Medium/Target) r/w IT Act. | Cyber Stalking/ Bullying of Women/ Children (Sec.354D IPC),B. Offences under IPC (Involving Communication Devices as Medium/Target) r/w IT Act. | Data theft (Sec.379 to 381),"B. Offences under IPC (Involving Communication Devices as Medium/Target) r/w IT Act. | Fraud (Sec.420 r/w Sec.465,468-471 IPC) | Fraud (Sec.420 r/w Sec.465,468-471 IPC) (Total) (Col.29 to 33)","B. Offences under IPC (Involving Communication Devices as Medium/Target) r/w IT Act. | Fraud (Sec.420 r/w Sec.465,468-471 IPC) | Credit Card/Debit Card","B. Offences under IPC (Involving Communication Devices as Medium/Target) r/w IT Act. | Fraud (Sec.420 r/w Sec.465,468-471 IPC) | ATMs","B. Offences under IPC (Involving Communication Devices as Medium/Target) r/w IT Act. | Fraud (Sec.420 r/w Sec.465,468-471 IPC) | Online Banking Fraud","B. Offences under IPC (Involving Communication Devices as Medium/Target) r/w IT Act. | Fraud (Sec.420 r/w Sec.465,468-471 IPC) | OTP Frauds","B. Offences under IPC (Involving Communication Devices as Medium/Target) r/w IT Act. | Fraud (Sec.420 r/w Sec.465,468-471 IPC) | Others",B. Offences under IPC (Involving Communication Devices as Medium/Target) r/w IT Act. | Cheating (Sec.420),"B. Offences under IPC (Involving Communication Devices as Medium/Target) r/w IT Act. | Forgery (Sec.465, 468 & 471)",B. Offences under IPC (Involving Communication Devices as Medium/Target) r/w IT Act. | Defamation/ Morphing (Sec.469 IPC r/w IPC and Indecent representation of women Act),B. Offences under IPC (Involving Communication Devices as Medium/Target) r/w IT Act. | Fake Profile (r/w IPC/SLL),B. Offences under IPC (Involving Communication Devices as Medium/Target) r/w IT Act. | Counterfeiting | Counterfeiting (Total) (Col.39+Col.40),B. Offences under IPC (Involving Communication Devices as Medium/Target) r/w IT Act. | Counterfeiting | Currency (Sec.489A to 489E),B. Offences under IPC (Involving Communication Devices as Medium/Target) r/w IT Act. | Counterfeiting | Stamps (Sec.255),"B. Offences under IPC (Involving Communication Devices as Medium/Target) r/w IT Act. | Cyber Blackmailing/Threatening (Sec.506,503,384 IPC r/w IPC/SLL)",B. Offences under IPC (Involving Communication Devices as Medium/Target) r/w IT Act. | Fake News on Social Media (Sec.505),B. Offences under IPC (Involving Communication Devices as Medium/Target) r/w IT Act. | Other Offences (r/w IT Act),"B. Offences under IPC (Involving Communication Devices as Medium/Target) r/w IT Act. | Total Offences under IPC r/w IT Act (Col 25 to 28,34 to 38, 41 to 43)",C. Offences under SLL (Involving Communication Devices as Medium/Target) r/w IT Act. | Gambling Act (Online Gambling),C. Offences under SLL (Involving Communication Devices as Medium/Target) r/w IT Act. | Lotteries Act (Online Lotteries),"C. Offences under SLL (Involving Communication Devices as Medium/Target) r/w IT Act. | Copy Right Act, 1957'","C. Offences under SLL (Involving Communication Devices as Medium/Target) r/w IT Act. | Trade Marks Act, 1999",C. Offences under SLL (Involving Communication Devices as Medium/Target) r/w IT Act. | Other SLL Crimes,C. Offences under SLL (Involving Communication Devices as Medium/Target) r/w IT Act. | Total Offences under SLL r/w IT Act (Total of Col.45 to 49),Total Cyber Crimes (A+B+C)
State : Andhra Pradesh,1,Anantapur,0,4,4,0,4,0,0,0,0,0,0,0,0,0,0,0,0,0,0,0,0,4,0,7,3,0,0,0,0,0,0,15,0,0,0,0,0,0,7,0,9,41,0,0,0,0,0,0,45
State : Andhra Pradesh,2,Chittoor,0,0,0,0,0,0,0,0,0,0,1,1,0,0,0,0,0,0,0,0,1,2,0,0,0,1,0,1,0,0,0,0,0,0,0,0,0,0,0,0,1,2,0,0,0,0,0,0,4
State : Andhra Pradesh,3,Cuddapah,0,41,8,0,8,22,1,0,10,0,1,0,0,1,0,0,0,0,0,0,0,42,0,0,0,0,0,0,0,0,0,6,0,0,0,0,0,0,0,0,0,6,0,0,0,0,0,0,48
State : Andhra Pradesh,4,East Godavari,0,0,0,0,0,0,0,0,0,0,0,0,0,0,0,0,0,0,0,0,0,0,0,10,0,18,0,0,6,12,0,0,1,0,2,0,0,0,0,0,8,39,0,0,0,0,0,0,39
State : Andhra Pradesh,5,Guntakal Railway,0,0,0,0,0,0,0,0,0,0,0,0,0,0,0,0,0,0,0,0,0,0,0,0,0,0,0,0,0,0,0,0,0,0,0,0,0,0,0,0,0,0,0,0,0,0,0,0,0
State : Andhra Pradesh,6,Guntur,0,4,0,0,0,0,3,1,0,0,0,0,0,0,0,0,0,0,0,0,1,5,0,2,0,18,3,3,1,9,2,0,1,0,0,0,0,0,3,0,5,29,0,0,0,0,0,0,34
State : Andhra Pradesh,7,Guntur Urban,0,4,0,0,0,0,4,0,0,0,1,0,0,0,1,0,0,0,0,0,1,6,0,0,0,39,17,0,0,16,6,0,0,0,0,0,0,0,2,0,0,41,0,0,0,0,0,0,47
State : Andhra Pradesh,8,Krishna,0,1,0,0,0,0,0,1,0,0,0,0,0,0,0,0,0,0,0,0,0,1,0,0,0,3,0,1,2,0,0,7,0,0,0,0,0,0,0,0,0,10,0,0,0,0,0,0,11
State : Andhra Pradesh,9,Kurnool,0,0,0,0,0,0,0,0,0,0,0,0,0,0,0,0,0,0,0,0,53,53,0,0,0,0,0,0,0,0,0,0,0,0,0,0,0,0,0,0,0,0,0,0,0,0,0,0,53
State : Andhra Pradesh,10,Nellore,0,0,0,0,0,0,0,0,0,0,0,0,0,0,0,0,0,0,0,0,0,0,0,0,0,0,0,0,0,0,0,0,0,0,0,0,0,0,0,0,0,0,0,0,0,0,0,0,0
State : Andhra Pradesh,11,Prakasham,0,21,0,0,0,0,11,10,0,0,2,1,1,0,0,0,0,0,0,0,9,32,0,0,0,0,0,0,0,0,0,0,0,0,0,0,0,0,0,0,0,0,0,0,0,0,0,0,32
State : Andhra Pradesh,12,Rajahmundry,0,0,0,0,0,0,0,0,0,0,0,0,0,0,0,0,0,0,0,0,0,0,0,0,0,0,0,0,0,0,0,5,0,0,0,0,0,0,0,0,0,5,0,0,0,0,0,0,5
State : Andhra Pradesh,13,Srikakulam,0,6,0,0,0,0,5,1,0,0,0,0,0,0,0,0,0,0,0,0,7,13,0,0,0,16,0,16,0,0,0,0,0,0,0,0,0,0,0,3,0,19,0,0,0,0,0,0,32
State : Andhra Pradesh,14,Tirupathi Urban,2,1,0,0,0,0,0,1,0,0,0,0,0,0,0,0,0,0,0,0,0,3,0,4,0,15,0,0,8,7,0,0,0,0,0,0,0,0,0,0,7,26,0,0,0,0,0,0,29
State : Andhra Pradesh,15,Vijayawada City,0,8,1,0,1,0,7,0,0,0,0,0,0,0,0,0,0,0,0,0,0,8,0,11,2,3,0,0,0,0,3,145,0,0,0,0,0,0,9,0,8,178,0,0,0,0,0,0,186
State : Andhra Pradesh,16,Vijayawada Railway,0,0,0,0,0,0,0,0,0,0,0,0,0,0,0,0,0,0,0,0,0,0,0,0,0,0,0,0,0,0,0,0,0,0,0,0,0,0,0,0,0,0,0,0,0,0,0,0,0
State : Andhra Pradesh,17,Visakha Rural,0,1,0,0,0,0,0,0,1,0,0,0,0,0,0,0,0,0,0,0,0,1,0,0,0,1,1,0,0,0,0,0,0,0,0,0,0,0,0,0,0,1,0,0,0,0,0,0,2
State : Andhra Pradesh,18,Visakhapatnam,0,207,0,0,0,0,186,21,0,0,0,0,0,0,0,0,0,0,0,0,45,252,0,10,0,25,4,2,0,12,7,18,0,0,1,0,0,0,0,0,3,57,0,0,0,0,0,0,309
State : Andhra Pradesh,19,Vizianagaram,0,0,0,0,0,0,0,0,0,0,0,0,0,0,0,0,0,0,0,0,3,3,0,0,0,13,0,5,0,6,2,0,0,0,0,0,0,0,0,0,0,13,0,0,0,0,0,0,16
State : Andhra Pradesh,20,West Godavari,0,0,0,0,0,0,0,0,0,0,1,1,0,0,0,0,0,0,0,0,0,1,0,4,3,14,1,10,3,0,0,5,1,0,0,0,0,0,1,0,10,38,0,0,0,0,0,0,39
State : Andhra Pradesh,,Total,2,298,13,0,13,22,217,35,11,0,6,3,1,1,1,0,0,0,0,0,120,426,0,48,8,166,26,38,20,62,20,201,3,0,3,0,0,0,22,3,51,505,0,0,0,0,0,0,931
State: Arunachal Pradesh,1,Anjaw,0,0,0,0,0,0,0,0,0,0,0,0,0,0,0,0,0,0,0,0,0,0,0,0,0,0,0,0,0,0,0,0,0,0,0,0,0,0,0,0,0,0,0,0,0,0,0,0,0
State: Arunachal Pradesh,2,Changlang,0,0,0,0,0,0,0,0,0,0,0,0,0,0,0,0,0,0,0,0,0,0,0,0,0,0,0,0,0,0,0,0,0,0,0,0,0,0,0,0,0,0,0,0,0,0,0,0,0
State: Arunachal Pradesh,3,Crime Branch,0,1,0,0,0,0,1,0,0,0,0,0,0,0,0,0,0,0,0,0,0,1,0,0,0,0,0,0,0,0,0,0,0,0,0,0,0,0,0,0,0,0,0,0,0,0,0,0,1
State: Arunachal Pradesh,4,Dibang Valley,0,0,0,0,0,0,0,0,0,0,0,0,0,0,0,0,0,0,0,0,0,0,0,0,0,0,0,0,0,0,0,0,0,0,0,0,0,0,0,0,0,0,0,0,0,0,0,0,0
State: Arunachal Pradesh,5,Kameng East,0,0,0,0,0,0,0,0,0,0,0,0,0,0,0,0,0,0,0,0,0,0,0,0,0,0,0,0,0,0,0,0,0,0,0,0,0,0,0,0,0,0,0,0,0,0,0,0,0
State: Arunachal Pradesh,6,Kameng West,0,0,0,0,0,0,0,0,0,0,0,0,0,0,0,0,0,0,0,0,0,0,0,0,0,0,0,0,0,0,0,0,0,0,0,0,0,0,0,0,0,0,0,0,0,0,0,0,0
State: Arunachal Pradesh,7,Kurung Kumey,0,0,0,0,0,0,0,0,0,0,0,0,0,0,0,0,0,0,0,0,0,0,0,0,0,0,0,0,0,0,0,0,0,0,0,0,0,0,0,0,0,0,0,0,0,0,0,0,0
State: Arunachal Pradesh,8,Lohit,0,0,0,0,0,0,0,0,0,0,0,0,0,0,0,0,0,0,0,0,0,0,0,0,0,0,0,0,0,0,0,0,0,0,0,0,0,0,0,0,0,0,0,0,0,0,0,0,0
State: Arunachal Pradesh,9,Longding,0,0,0,0,0,0,0,0,0,0,0,0,0,0,0,0,0,0,0,0,0,0,0,0,0,0,0,0,0,0,0,0,0,0,0,0,0,0,0,0,0,0,0,0,0,0,0,0,0
State: Arunachal Pradesh,10,Lower Dibang Valley,0,0,0,0,0,0,0,0,0,0,0,0,0,0,0,0,0,0,0,0,0,0,0,0,0,0,0,0,0,0,0,0,0,0,0,0,0,0,0,0,0,0,0,0,0,0,0,0,0
State: Arunachal Pradesh,11,Papum Pare City,0,0,0,0,0,0,0,0,0,0,0,0,0,0,0,0,0,0,0,0,0,0,0,0,0,0,0,0,0,0,0,0,0,0,0,0,0,0,0,0,0,0,0,0,0,0,0,0,0
State: Arunachal Pradesh,12,Papum Pare Rural,0,0,0,0,0,0,0,0,0,0,0,0,0,0,0,0,0,0,0,0,0,0,0,0,0,0,0,0,0,0,0,0,0,0,0,0,0,0,0,0,0,0,0,0,0,0,0,0,0
State: Arunachal Pradesh,13,Siang East,0,0,0,0,0,0,0,0,0,0,0,0,0,0,0,0,0,0,0,0,0,0,0,0,0,0,0,0,0,0,0,0,0,0,0,0,0,0,0,0,0,0,0,0,0,0,0,0,0
State: Arunachal Pradesh,14,Siang Upper,0,0,0,0,0,0,0,0,0,0,0,0,0,0,0,0,0,0,0,0,0,0,0,0,0,0,0,0,0,0,0,0,0,0,0,0,0,0,0,0,0,0,0,0,0,0,0,0,0
State: Arunachal Pradesh,15,Siang West,0,0,0,0,0,0,0,0,0,0,0,0,0,0,0,0,0,0,0,0,0,0,0,0,0,0,0,0,0,0,0,0,0,0,0,0,0,0,0,0,0,0,0,0,0,0,0,0,0
State: Arunachal Pradesh,16,Subansiri Lower,0,0,0,0,0,0,0,0,0,0,0,0,0,0,0,0,0,0,0,0,0,0,0,0,0,0,0,0,0,0,0,0,0,0,0,0,0,0,0,0,0,0,0,0,0,0,0,0,0
State: Arunachal Pradesh,17,Subansiri Upper,0,0,0,0,0,0,0,0,0,0,0,0,0,0,0,0,0,0,0,0,0,0,0,0,0,0,0,0,0,0,0,0,0,0,0,0,0,0,0,0,0,0,0,0,0,0,0,0,0
State: Arunachal Pradesh,18,Tawang,0,0,0,0,0,0,0,0,0,0,0,0,0,0,0,0,0,0,0,0,0,0,0,0,0,0,0,0,0,0,0,0,0,0,0,0,0,0,0,0,0,0,0,0,0,0,0,0,0
State: Arunachal Pradesh,19,Tirap,0,0,0,0,0,0,0,0,0,0,0,0,0,0,0,0,0,0,0,0,0,0,0,0,0,0,0,0,0,0,0,0,0,0,0,0,0,0,0,0,0,0,0,0,0,0,0,0,0
State: Arunachal Pradesh,20,Namsai,0,0,0,0,0,0,0,0,0,0,0,0,0,0,0,0,0,0,0,0,0,0,0,0,0,0,0,0,0,0,0,0,0,0,0,0,0,0,0,0,0,0,0,0,0,0,0,0,0
State: Arunachal Pradesh,21,Siang,0,0,0,0,0,0,0,0,0,0,0,0,0,0,0,0,0,0,0,0,0,0,0,0,0,0,0,0,0,0,0,0,0,0,0,0,0,0,0,0,0,0,0,0,0,0,0,0,0
State: Arunachal Pradesh,22,Kamle,0,0,0,0,0,0,0,0,0,0,0,0,0,0,0,0,0,0,0,0,0,0,0,0,0,0,0,0,0,0,0,0,0,0,0,0,0,0,0,0,0,0,0,0,0,0,0,0,0
State: Arunachal Pradesh,24,Lower Siang,0,0,0,0,0,0,0,0,0,0,0,0,0,0,0,0,0,0,0,0,0,0,0,0,0,0,0,0,0,0,0,0,0,0,0,0,0,0,0,0,0,0,0,0,0,0,0,0,0
State: Arunachal Pradesh,,Total,0,1,0,0,0,0,1,0,0,0,0,0,0,0,0,0,0,0,0,0,0,1,0,0,0,0,0,0,0,0,0,0,0,0,0,0,0,0,0,0,0,0,0,0,0,0,0,0,1
State: Assam,1,BIEO,0,0,0,0,0,0,0,0,0,0,0,0,0,0,0,0,0,0,0,0,0,0,0,0,0,0,0,0,0,0,0,0,0,0,0,0,0,0,0,0,0,0,0,0,0,0,0,0,0
State: Assam,2,Barpeta,0,0,0,0,0,0,0,0,0,0,0,0,0,0,0,0,0,0,0,0,0,0,0,0,0,0,0,0,0,0,0,0,0,0,0,0,0,0,70,0,0,70,0,0,0,0,0,0,70
State: Assam,3,Baksa,0,1,0,0,0,0,0,1,0,0,10,7,3,0,0,0,0,0,0,0,1,12,0,0,0,0,0,0,0,0,0,0,0,0,0,0,0,0,0,3,0,3,0,0,0,0,0,0,15
State: Assam,4,Bongaigaon,0,39,0,0,0,0,0,39,0,0,0,0,0,0,0,0,0,0,0,0,0,39,0,0,0,0,0,0,0,0,0,0,0,0,0,0,0,0,0,0,0,0,0,0,0,0,0,0,39
State: Assam,5,CID,0,5,0,0,0,0,5,0,0,0,0,0,0,0,0,0,0,0,0,0,0,5,0,0,0,0,0,0,0,0,0,0,0,0,0,0,0,0,0,0,0,0,0,0,0,0,0,0,5
State: Assam,6,Cachar,0,0,0,0,0,0,0,0,0,0,70,0,0,0,0,70,0,0,0,0,0,70,0,0,0,0,0,0,0,0,0,0,0,0,0,0,0,0,0,0,0,0,0,0,0,0,0,0,70
State: Assam,7,Chirang,0,11,11,0,11,0,0,0,0,0,0,0,0,0,0,0,0,0,0,0,0,11,0,0,0,0,0,0,0,0,0,0,0,0,0,0,0,0,0,0,0,0,0,0,0,0,0,0,11
State: Assam,8,Darrang,0,0,0,0,0,0,0,0,0,0,41,0,41,0,0,0,0,0,0,0,0,41,0,0,0,0,0,0,0,0,0,0,0,0,0,0,0,0,0,36,0,36,0,0,0,0,0,0,77
State: Assam,9,Dhemaji,0,3,0,0,0,0,3,0,0,1,0,0,0,0,0,0,0,0,0,0,19,23,0,0,0,0,0,0,0,0,0,0,0,0,0,0,0,0,0,0,0,0,0,0,0,0,0,0,23
State: Assam,10,Dhubri,0,0,0,0,0,0,0,0,0,0,0,0,0,0,0,0,0,0,0,0,0,0,0,0,0,0,0,0,0,0,0,0,0,0,0,0,0,0,0,0,0,0,0,0,0,0,0,0,0
State: Assam,11,Dibrugarh,0,22,0,0,0,0,4,15,3,0,13,10,2,1,0,0,0,0,0,0,19,54,0,0,0,0,0,0,0,0,0,0,0,0,0,0,0,0,0,3,0,3,0,0,0,0,0,0,57
State: Assam,12,GRP,0,0,0,0,0,0,0,0,0,0,0,0,0,0,0,0,0,0,0,0,0,0,0,0,0,0,0,0,0,0,0,0,0,0,0,0,0,0,0,0,0,0,0,0,0,0,0,0,0
State: Assam,13,Goalpara,0,20,0,0,0,0,0,20,0,0,0,0,0,0,0,0,0,0,0,0,0,20,0,0,0,0,0,0,0,0,0,0,0,0,0,0,0,0,0,0,0,0,0,0,0,0,0,0,20
State: Assam,14,Golaghat,0,22,0,0,0,0,20,2,0,0,8,0,8,0,0,0,0,0,0,0,0,30,0,0,0,0,0,0,0,0,0,0,0,0,0,0,0,0,0,0,0,0,0,0,0,0,0,0,30
State: Assam,15,Guwahati City,0,234,0,0,0,2,15,198,19,3,10,0,10,0,0,0,0,0,0,0,0,247,0,0,0,0,0,0,0,0,0,0,0,0,0,0,0,0,0,10,0,10,0,0,0,0,0,0,257
State: Assam,16,Hailakandi,0,7,3,0,3,0,0,4,0,0,10,0,1,0,0,9,0,0,0,0,0,17,0,0,0,0,0,0,0,0,0,0,0,0,0,0,0,0,0,0,0,0,0,0,0,0,0,0,17
State: Assam,17,Hamren,0,0,0,0,0,0,0,0,0,0,0,0,0,0,0,0,0,0,0,0,0,0,0,0,0,0,0,0,0,0,0,0,0,0,0,0,0,0,0,0,0,0,0,0,0,0,0,0,0
State: Assam,18,Jorhat,0,69,0,0,0,0,0,69,0,0,0,0,0,0,0,0,0,0,0,0,0,69,0,0,0,0,0,0,0,0,0,0,0,0,0,0,0,0,0,0,0,0,0,0,0,0,0,0,69
State: Assam,19,Kamrup,0,28,10,0,10,4,10,3,1,0,14,14,0,0,0,0,0,0,0,0,0,42,0,0,0,0,0,0,0,0,0,0,0,0,0,0,0,0,0,0,0,0,0,0,0,0,0,0,42
State: Assam,20,Karbi Anglong,0,5,0,0,0,0,1,3,1,0,4,4,0,0,0,0,0,0,0,0,0,9,0,1,0,0,0,0,0,0,0,0,1,0,0,0,0,0,0,4,0,6,0,0,0,0,0,0,15
State: Assam,21,Karimganj,0,0,0,0,0,0,0,0,0,0,0,0,0,0,0,0,0,0,0,0,0,0,0,10,0,0,0,0,0,0,0,0,0,2,0,0,0,0,0,0,0,12,0,0,0,0,0,0,12
State: Assam,22,Kokrajhar,0,0,0,0,0,0,0,0,0,0,0,0,0,0,0,0,0,0,0,0,0,0,0,0,0,0,0,0,0,0,0,0,0,0,0,0,0,0,0,0,0,0,0,0,0,0,0,0,0
State: Assam,23,Lakhimpur,0,13,13,0,13,0,0,0,0,0,0,0,0,0,0,0,0,0,0,0,0,13,0,0,0,0,0,0,0,0,0,0,0,0,0,0,0,0,0,0,0,0,0,0,1,0,0,1,14
State: Assam,24,Morigaon,0,0,0,0,0,0,0,0,0,0,0,0,0,0,0,0,0,0,0,0,0,0,0,0,0,0,0,0,0,0,0,0,0,0,0,0,0,0,0,0,0,0,0,0,0,0,0,0,0
State: Assam,25,Dima Hasao,0,0,0,0,0,0,0,0,0,0,0,0,0,0,0,0,0,0,0,0,0,0,0,0,0,0,0,0,0,0,0,0,0,0,0,0,0,0,0,0,0,0,0,0,0,0,0,0,0
State: Assam,26,Nagaon,0,58,0,0,0,0,15,9,34,0,0,0,0,0,0,0,0,0,0,0,0,58,0,0,0,0,0,0,0,0,0,0,0,0,0,0,0,0,0,0,0,0,0,0,0,0,0,0,58
State: Assam,27,Nalbari,0,0,0,0,0,0,0,0,0,0,18,0,0,0,0,18,0,0,0,0,0,18,0,0,0,0,0,0,0,0,0,0,0,0,0,0,0,0,0,0,0,0,0,0,0,0,0,0,18
State: Assam,28,RPO,0,0,0,0,0,0,0,0,0,0,0,0,0,0,0,0,0,0,0,0,0,0,0,0,0,0,0,0,0,0,0,0,0,0,0,0,0,0,0,0,0,0,0,0,0,0,0,0,0
State: Assam,29,SOU,0,0,0,0,0,0,0,0,0,0,0,0,0,0,0,0,0,0,0,0,0,0,0,0,0,0,0,0,0,0,0,0,0,0,0,0,0,0,0,0,0,0,0,0,0,0,0,0,0
State: Assam,30,STF,0,0,0,0,0,0,0,0,0,0,0,0,0,0,0,0,0,0,0,0,0,0,0,0,0,0,0,0,0,0,0,0,0,0,0,0,0,0,0,0,0,0,0,0,0,0,0,0,0
State: Assam,31,Sibsagar,0,6,0,0,0,0,4,0,2,0,27,0,12,7,0,8,0,0,0,0,0,33,0,0,0,0,0,0,0,0,0,0,0,0,0,0,0,0,0,0,0,0,0,0,0,0,0,0,33
State: Assam,32,Sonitpur,0,39,0,0,0,0,0,39,0,0,0,0,0,0,0,0,0,0,0,0,0,39,0,0,0,0,0,0,0,0,0,0,0,0,0,0,0,0,0,0,0,0,0,0,0,0,0,0,39
State: Assam,33,Tinsukia,0,3,0,0,0,0,3,0,0,0,15,0,5,0,0,10,0,0,0,0,5,23,0,0,0,0,0,0,0,0,0,0,0,0,0,0,0,0,0,0,13,13,0,0,0,0,0,0,36
State: Assam,34,Udalguri,0,0,0,0,0,0,0,0,0,0,0,0,0,0,0,0,0,0,0,0,13,13,0,0,0,0,0,0,0,0,0,0,0,0,0,0,0,0,0,0,0,0,0,0,0,0,0,0,13
State: Assam,35,Sadia,0,0,0,0,0,0,0,0,0,0,0,0,0,0,0,0,0,0,0,0,0,0,0,0,0,0,0,0,0,0,0,0,0,0,0,0,0,0,0,0,0,0,0,0,0,0,0,0,0
State: Assam,36,Majuli,0,0,0,0,0,0,0,0,0,0,7,0,0,0,0,7,0,0,0,0,0,7,0,0,0,0,0,0,0,0,0,0,0,0,0,0,0,0,0,0,0,0,0,0,0,0,0,0,7
State: Assam,37,Biswanath,0,0,0,0,0,0,0,0,0,0,15,15,0,0,0,0,0,0,0,0,0,15,0,0,0,0,0,0,0,0,0,0,0,0,0,0,0,0,0,0,0,0,0,0,0,0,0,0,15
State: Assam,38,Hojai,0,6,2,0,2,1,1,2,0,0,2,0,2,0,0,0,0,0,0,0,0,8,0,1,1,5,0,5,0,0,0,18,0,0,0,0,0,0,0,0,0,25,0,0,0,0,0,0,33
State: Assam,39,South Salmara,0,0,0,0,0,0,0,0,0,0,13,13,0,0,0,0,0,0,0,0,0,13,0,0,0,0,0,0,0,0,0,0,0,0,0,0,0,0,0,0,0,0,0,0,0,0,0,0,13
State: Assam,40,Charaideo,0,1,0,0,0,0,1,0,0,0,11,0,8,0,0,3,0,0,0,0,0,12,0,0,0,0,0,0,0,0,0,0,0,0,0,0,0,0,0,0,0,0,0,0,0,0,0,0,12
State: Assam,,Total,0,592,39,0,39,7,82,404,60,4,288,63,92,8,0,125,0,0,0,0,57,941,0,12,1,5,0,5,0,0,0,18,1,2,0,0,0,0,70,56,13,178,0,0,1,0,0,1,1120
State: Bihar,1,Araria,0,0,0,0,0,0,0,0,0,0,0,0,0,0,0,0,0,0,0,0,0,0,0,0,0,15,8,7,0,0,0,0,0,0,0,0,0,0,0,0,0,15,0,0,0,0,0,0,15
State: Bihar,2,Arwal,0,0,0,0,0,0,0,0,0,0,0,0,0,0,0,0,0,0,0,0,0,0,0,0,0,0,0,0,0,0,0,0,0,0,0,0,0,0,0,0,0,0,0,0,0,0,0,0,0
State: Bihar,3,Aurangabad,0,0,0,0,0,0,0,0,0,0,0,0,0,0,0,0,0,0,0,0,0,0,0,0,0,0,0,0,0,0,0,0,0,0,0,0,0,0,0,0,0,0,0,0,0,0,0,0,0
State: Bihar,4,Bagaha,0,0,0,0,0,0,0,0,0,0,0,0,0,0,0,0,0,0,0,0,0,0,0,0,0,7,0,7,0,0,0,0,0,0,0,0,0,0,0,0,0,7,0,0,0,0,0,0,7
State: Bihar,5,Banka,0,0,0,0,0,0,0,0,0,0,0,0,0,0,0,0,0,0,0,0,0,0,0,0,0,0,0,0,0,0,0,0,0,0,0,0,0,0,0,0,0,0,0,0,0,0,0,0,0
State: Bihar,6,Begusarai,0,0,0,0,0,0,0,0,0,0,0,0,0,0,0,0,0,0,0,0,0,0,0,0,0,0,0,0,0,0,0,0,0,0,0,0,0,0,0,0,0,0,0,0,0,0,0,0,0
State: Bihar,7,Bettiah,0,0,0,0,0,0,0,0,0,0,1,0,1,0,0,0,0,0,0,0,0,1,0,0,0,3,0,3,0,0,0,0,0,0,0,0,0,0,0,0,0,3,0,0,0,0,0,0,4
State: Bihar,8,Bhabhua,0,0,0,0,0,0,0,0,0,0,0,0,0,0,0,0,0,0,0,0,0,0,0,0,0,19,0,19,0,0,0,0,0,0,0,0,0,0,0,0,0,19,0,0,0,0,0,0,19
State: Bihar,9,Bhagalpur,0,0,0,0,0,0,0,0,0,0,0,0,0,0,0,0,0,0,0,0,0,0,0,0,0,0,0,0,0,0,0,0,0,0,0,0,0,0,0,0,0,0,0,0,0,0,0,0,0
State: Bihar,10,Bhojpur,0,0,0,0,0,0,0,0,0,0,0,0,0,0,0,0,0,0,0,0,0,0,0,0,0,0,0,0,0,0,0,0,0,0,0,0,0,0,0,0,0,0,0,0,0,0,0,0,0
State: Bihar,11,Buxar,0,0,0,0,0,0,0,0,0,0,0,0,0,0,0,0,0,0,0,0,0,0,0,0,0,9,0,9,0,0,0,0,0,0,0,0,0,0,0,0,0,9,0,0,0,0,0,0,9
State: Bihar,12,Darbhanga,0,0,0,0,0,0,0,0,0,0,0,0,0,0,0,0,0,0,0,0,0,0,0,0,0,9,0,9,0,0,0,0,0,0,0,0,0,0,0,0,0,9,0,0,0,0,0,0,9
State: Bihar,13,Gaya,0,0,0,0,0,0,0,0,0,0,0,0,0,0,0,0,0,0,0,0,0,0,0,0,0,15,0,15,0,0,0,0,0,0,0,0,0,0,0,0,0,15,0,0,0,0,0,0,15
State: Bihar,14,Gopalganj,0,0,0,0,0,0,0,0,0,0,0,0,0,0,0,0,0,0,0,0,0,0,0,0,0,5,0,0,0,5,0,0,0,0,0,0,0,0,0,0,0,5,0,0,0,0,0,0,5
State: Bihar,15,Jamalpur Railway,0,0,0,0,0,0,0,0,0,0,0,0,0,0,0,0,0,0,0,0,0,0,0,0,0,0,0,0,0,0,0,0,0,0,0,0,0,0,0,0,0,0,0,0,0,0,0,0,0
State: Bihar,16,Jamui,0,0,0,0,0,0,0,0,0,0,0,0,0,0,0,0,0,0,0,0,0,0,0,0,0,0,0,0,0,0,0,0,0,0,0,0,0,0,0,0,0,0,0,0,0,0,0,0,0
State: Bihar,17,Jehanabad,0,0,0,0,0,0,0,0,0,0,0,0,0,0,0,0,0,0,0,0,0,0,0,2,0,25,14,11,0,0,0,0,0,0,0,0,0,0,0,0,0,27,0,0,0,0,0,0,27
State: Bihar,18,Katihar,0,0,0,0,0,0,0,0,0,0,0,0,0,0,0,0,0,0,0,0,0,0,0,0,0,78,31,47,0,0,0,0,0,0,0,0,0,0,0,0,0,78,0,0,0,0,0,0,78
State: Bihar,19,Katihar Railway,0,0,0,0,0,0,0,0,0,0,0,0,0,0,0,0,0,0,0,0,0,0,0,0,0,0,0,0,0,0,0,0,0,0,0,0,0,0,0,0,0,0,0,0,0,0,0,0,0
State: Bihar,20,Khagaria,0,0,0,0,0,0,0,0,0,0,0,0,0,0,0,0,0,0,0,0,0,0,0,0,0,9,0,9,0,0,0,0,0,0,0,0,0,0,0,0,0,9,0,0,0,0,0,0,9
State: Bihar,21,Kishanganj,0,0,0,0,0,0,0,0,0,0,0,0,0,0,0,0,0,0,0,0,0,0,0,0,0,0,0,0,0,0,0,0,0,0,0,0,0,0,0,0,0,0,0,0,0,0,0,0,0
State: Bihar,22,Lakhisarai,0,0,0,0,0,0,0,0,0,0,0,0,0,0,0,0,0,0,0,0,0,0,0,0,0,0,0,0,0,0,0,0,0,0,0,0,0,0,0,0,0,0,0,0,0,0,0,0,0
State: Bihar,23,Madhepura,0,0,0,0,0,0,0,0,0,0,1,0,1,0,0,0,0,0,0,0,0,1,0,0,0,0,0,0,0,0,0,0,0,0,0,0,0,0,0,0,0,0,0,0,0,0,0,0,1
State: Bihar,24,Madhubani,0,0,0,0,0,0,0,0,0,0,0,0,0,0,0,0,0,0,0,0,0,0,0,0,0,29,0,29,0,0,0,0,0,0,0,0,0,0,0,0,0,29,0,0,0,0,0,0,29
State: Bihar,25,Motihari,0,0,0,0,0,0,0,0,0,0,0,0,0,0,0,0,0,0,0,0,0,0,0,0,0,0,0,0,0,0,0,0,0,0,0,0,0,0,0,0,0,0,0,0,0,0,0,0,0
State: Bihar,26,Munger,0,0,0,0,0,0,0,0,0,0,0,0,0,0,0,0,0,0,0,0,0,0,0,0,0,0,0,0,0,0,0,0,0,0,0,0,0,0,0,0,0,0,0,0,0,0,0,0,0
State: Bihar,27,Muzaffarpur,0,0,0,0,0,0,0,0,0,0,0,0,0,0,0,0,0,0,0,0,0,0,0,0,0,0,0,0,0,0,0,0,0,0,0,0,0,0,0,0,0,0,0,0,0,0,0,0,0
State: Bihar,28,Muzaffarpur Railway,0,0,0,0,0,0,0,0,0,0,0,0,0,0,0,0,0,0,0,0,0,0,0,0,0,0,0,0,0,0,0,0,0,0,0,0,0,0,0,0,0,0,0,0,0,0,0,0,0
State: Bihar,29,Nalanda,0,0,0,0,0,0,0,0,0,0,0,0,0,0,0,0,0,0,0,0,0,0,0,0,0,2,0,2,0,0,0,0,0,0,0,0,0,0,0,0,0,2,0,0,0,0,0,0,2
State: Bihar,30,Naugachia,0,0,0,0,0,0,0,0,0,0,0,0,0,0,0,0,0,0,0,0,0,0,0,0,0,0,0,0,0,0,0,0,0,0,0,0,0,0,0,0,0,0,0,0,0,0,0,0,0
State: Bihar,31,Nawadah,0,0,0,0,0,0,0,0,0,0,0,0,0,0,0,0,0,0,0,0,0,0,0,0,0,0,0,0,0,0,0,0,0,0,0,0,0,0,0,0,0,0,0,0,0,0,0,0,0
State: Bihar,32,Patna,0,0,0,0,0,0,0,0,0,0,0,0,0,0,0,0,0,0,0,0,0,0,0,0,0,85,0,85,0,0,0,0,0,0,0,0,0,0,0,0,0,85,0,0,0,0,0,0,85
State: Bihar,33,Patna Railway,0,0,0,0,0,0,0,0,0,0,0,0,0,0,0,0,0,0,0,0,0,0,0,0,0,0,0,0,0,0,0,0,0,0,0,0,0,0,0,0,0,0,0,0,0,0,0,0,0
State: Bihar,34,Purnea,0,0,0,0,0,0,0,0,0,0,0,0,0,0,0,0,0,0,0,0,0,0,0,0,0,0,0,0,0,0,0,0,0,0,0,0,0,0,0,0,0,0,0,0,0,0,0,0,0
State: Bihar,35,Rohtas,0,0,0,0,0,0,0,0,0,0,0,0,0,0,0,0,0,0,0,0,0,0,0,0,0,66,32,34,0,0,0,0,0,0,0,0,0,0,0,0,0,66,0,0,0,0,0,0,66
State: Bihar,36,Saharsa,0,0,0,0,0,0,0,0,0,0,0,0,0,0,0,0,0,0,0,0,0,0,0,0,0,0,0,0,0,0,0,0,0,0,0,0,0,0,0,0,0,0,0,0,0,0,0,0,0
State: Bihar,37,Samastipur,0,0,0,0,0,0,0,0,0,0,1,0,1,0,0,0,0,0,0,0,0,1,0,0,0,29,0,29,0,0,0,0,0,0,0,0,0,0,0,0,0,29,0,0,0,0,0,0,30
State: Bihar,38,Saran,0,0,0,0,0,0,0,0,0,0,0,0,0,0,0,0,0,0,0,0,0,0,0,0,0,11,11,0,0,0,0,0,0,0,0,0,0,0,0,0,0,11,0,0,0,0,0,0,11
State: Bihar,39,Sheikhpura,0,0,0,0,0,0,0,0,0,0,0,0,0,0,0,0,0,0,0,0,0,0,0,0,0,0,0,0,0,0,0,0,0,0,0,0,0,0,0,0,0,0,0,0,0,0,0,0,0
State: Bihar,40,Sheohar,0,0,0,0,0,0,0,0,0,0,0,0,0,0,0,0,0,0,0,0,0,0,0,0,0,0,0,0,0,0,0,0,0,0,0,0,0,0,0,0,0,0,0,0,0,0,0,0,0
State: Bihar,41,Sitamarhi,0,0,0,0,0,0,0,0,0,0,0,0,0,0,0,0,0,0,0,0,0,0,0,0,0,0,0,0,0,0,0,0,0,0,0,0,0,0,0,0,0,0,0,0,0,0,0,0,0
State: Bihar,42,Siwan,0,0,0,0,0,0,0,0,0,0,1,0,1,0,0,0,0,0,0,0,0,1,0,0,0,9,0,9,0,0,0,0,0,0,0,0,0,0,0,0,0,9,0,0,0,0,0,0,10
State: Bihar,43,Supaul,0,0,0,0,0,0,0,0,0,0,0,0,0,0,0,0,0,0,0,0,0,0,0,0,0,0,0,0,0,0,0,0,0,0,0,0,0,0,0,0,0,0,0,0,0,0,0,0,0
State: Bihar,44,Vaishali,0,0,0,0,0,0,0,0,0,0,0,0,0,0,0,0,0,0,0,0,0,0,0,0,0,0,0,0,0,0,0,0,0,0,0,0,0,0,0,0,0,0,0,0,0,0,0,0,0
State: Bihar,45,Economic Offences Unit,0,0,0,0,0,0,0,0,0,0,0,0,0,0,0,0,0,0,0,0,0,0,0,0,0,2,0,0,2,0,0,0,0,0,0,0,0,0,0,0,0,2,0,0,0,0,0,0,2
State: Bihar,46,Anti Terrorist Squad,0,0,0,0,0,0,0,0,0,0,0,0,0,0,0,0,0,0,0,0,0,0,0,0,0,0,0,0,0,0,0,0,0,0,0,0,0,0,0,0,0,0,0,0,0,0,0,0,0
State: Bihar,,Total,0,0,0,0,0,0,0,0,0,0,4,0,4,0,0,0,0,0,0,0,0,4,0,2,0,427,96,324,2,5,0,0,0,0,0,0,0,0,0,0,0,429,0,0,0,0,0,0,433
State: Chhattisgarh,1,Balod,0,1,0,0,0,0,1,0,0,0,0,0,0,0,0,0,0,0,0,0,0,1,0,1,0,22,0,1,13,7,1,0,0,1,0,0,0,0,0,0,1,25,0,0,0,0,0,0,26
State: Chhattisgarh,2,Balodbazar,0,2,2,0,2,0,0,0,0,0,0,0,0,0,0,0,0,0,0,0,0,2,0,0,0,0,0,0,0,0,0,0,0,0,0,0,0,0,0,0,0,0,0,0,0,0,0,0,2
State: Chhattisgarh,3,Balrampur,0,0,0,0,0,0,0,0,0,0,0,0,0,0,0,0,0,0,0,0,0,0,0,0,0,0,0,0,0,0,0,0,0,0,0,0,0,0,0,0,0,0,0,0,0,0,0,0,0
State: Chhattisgarh,4,Bemetra,0,0,0,0,0,0,0,0,0,0,4,0,0,0,0,4,0,0,0,0,0,4,0,0,0,0,0,0,0,0,0,0,0,0,0,0,0,0,0,0,0,0,0,0,0,0,0,0,4
State: Chhattisgarh,5,Bilaspur,0,4,0,0,0,4,0,0,0,0,1,0,1,0,0,0,0,0,0,0,19,24,0,0,0,0,0,0,0,0,0,0,0,0,0,0,0,0,0,0,0,0,0,0,0,0,0,0,24
State: Chhattisgarh,6,Bizapur,0,0,0,0,0,0,0,0,0,0,0,0,0,0,0,0,0,0,0,0,1,1,0,0,0,0,0,0,0,0,0,0,0,0,0,0,0,0,0,0,0,0,0,0,0,0,0,0,1
State: Chhattisgarh,7,Dantewara,0,0,0,0,0,0,0,0,0,0,1,1,0,0,0,0,0,0,0,0,0,1,0,0,0,0,0,0,0,0,0,3,0,0,0,0,0,0,0,0,3,6,0,0,0,0,0,0,7
State: Chhattisgarh,8,Dhamtari,0,0,0,0,0,0,0,0,0,0,0,0,0,0,0,0,0,0,0,0,0,0,0,1,0,0,0,0,0,0,0,9,0,0,0,0,0,0,1,0,4,15,0,0,0,0,0,0,15
State: Chhattisgarh,9,Durg,0,0,0,0,0,0,0,0,0,0,4,0,4,0,0,0,0,0,0,0,0,4,0,0,0,0,0,0,0,0,0,0,0,0,0,0,0,0,0,0,0,0,0,0,0,0,0,0,4
State: Chhattisgarh,10,Gariyaband,0,0,0,0,0,0,0,0,0,0,0,0,0,0,0,0,0,0,0,0,1,1,0,0,0,0,0,0,0,0,0,0,0,0,0,0,0,0,0,0,1,1,0,0,0,0,0,0,2
State: Chhattisgarh,11,GRP Raipur,0,0,0,0,0,0,0,0,0,0,1,0,1,0,0,0,0,0,0,0,0,1,0,0,0,0,0,0,0,0,0,0,0,0,0,0,0,0,0,0,0,0,0,0,0,0,0,0,1
State: Chhattisgarh,12,Jagdalpur,0,0,0,0,0,0,0,0,0,0,0,0,0,0,0,0,0,0,0,0,0,0,0,0,0,0,0,0,0,0,0,0,0,0,0,0,0,0,0,0,0,0,0,0,0,0,0,0,0
State: Chhattisgarh,13,Janjgir,0,0,0,0,0,0,0,0,0,0,0,0,0,0,0,0,0,0,0,0,0,0,0,0,0,0,0,0,0,0,0,0,0,0,0,0,0,0,0,0,0,0,0,0,0,0,0,0,0
State: Chhattisgarh,14,Jashpur,0,0,0,0,0,0,0,0,0,0,0,0,0,0,0,0,0,0,0,0,0,0,0,0,0,2,0,2,0,0,0,0,0,0,0,0,0,0,0,0,2,4,0,0,0,0,0,0,4
State: Chhattisgarh,15,Kabirdham,0,0,0,0,0,0,0,0,0,0,0,0,0,0,0,0,0,0,0,0,0,0,0,0,0,0,0,0,0,0,0,0,0,0,0,0,0,0,0,0,0,0,0,0,0,0,0,0,0
State: Chhattisgarh,16,Kanker,0,0,0,0,0,0,0,0,0,0,0,0,0,0,0,0,0,0,0,0,0,0,0,0,0,6,0,6,0,0,0,0,0,0,0,0,0,0,0,0,7,13,0,0,0,0,0,0,13
State: Chhattisgarh,17,Kondagaon,0,0,0,0,0,0,0,0,0,0,0,0,0,0,0,0,0,0,0,0,0,0,0,1,0,2,0,0,1,1,0,0,0,0,0,0,0,0,0,0,0,3,0,0,0,0,0,0,3
State: Chhattisgarh,18,Korba,0,0,0,0,0,0,0,0,0,0,0,0,0,0,0,0,0,0,0,0,0,0,0,0,0,0,0,0,0,0,0,0,0,0,0,0,0,0,0,0,0,0,0,0,0,0,0,0,0
State: Chhattisgarh,20,Koriya,0,3,0,0,0,0,0,3,0,0,0,0,0,0,0,0,0,0,0,0,0,3,0,0,0,0,0,0,0,0,0,0,0,0,0,0,0,0,0,0,0,0,0,0,0,0,0,0,3
State: Chhattisgarh,21,Mahasamund,0,0,0,0,0,0,0,0,0,0,0,0,0,0,0,0,0,0,0,0,0,0,0,0,0,0,0,0,0,0,0,0,0,0,0,0,0,0,0,0,0,0,0,0,0,0,0,0,0
State: Chhattisgarh,22,Mungali,0,0,0,0,0,0,0,0,0,0,0,0,0,0,0,0,0,0,0,0,0,0,0,0,0,0,0,0,0,0,0,0,0,0,0,0,0,0,0,0,0,0,0,0,0,0,0,0,0
State: Chhattisgarh,23,Narayanpur,0,0,0,0,0,0,0,0,0,0,0,0,0,0,0,0,0,0,0,0,0,0,0,0,0,0,0,0,0,0,0,0,0,0,0,0,0,0,0,0,0,0,0,0,0,0,0,0,0
State: Chhattisgarh,24,Raigarh,0,9,3,0,3,0,1,5,0,0,6,0,2,0,0,4,0,0,0,0,1,16,0,0,0,0,0,0,0,0,0,0,0,0,0,0,0,0,0,0,0,0,0,0,0,0,0,0,16
State: Chhattisgarh,25,Raipur,0,9,3,3,0,0,3,3,0,0,6,1,5,0,0,0,0,0,0,0,0,15,0,8,0,0,0,0,0,0,0,0,0,0,3,0,0,0,0,0,15,26,0,0,0,0,0,0,41
State: Chhattisgarh,26,Rajnandgaon,0,0,0,0,0,0,0,0,0,0,1,1,0,0,0,0,0,0,0,0,0,1,0,0,0,0,0,0,0,0,0,0,0,0,0,0,0,0,0,0,0,0,0,0,0,0,0,0,1
State: Chhattisgarh,27,Sarguja,0,0,0,0,0,0,0,0,0,0,0,0,0,0,0,0,0,0,0,0,0,0,0,0,0,0,0,0,0,0,0,0,0,0,0,0,0,0,0,0,0,0,0,0,0,0,1,1,1
State: Chhattisgarh,28,Sukma,0,0,0,0,0,0,0,0,0,0,0,0,0,0,0,0,0,0,0,0,0,0,0,0,0,0,0,0,0,0,0,0,0,0,0,0,0,0,0,0,0,0,0,0,0,0,0,0,0
State: Chhattisgarh,29,Surajpur,0,0,0,0,0,0,0,0,0,0,0,0,0,0,0,0,0,0,0,0,0,0,0,0,0,1,0,0,0,0,1,0,0,0,0,0,0,0,0,0,2,3,0,0,0,0,0,0,3
State: Chhattisgarh,,Total,0,28,8,3,5,4,5,11,0,0,24,3,13,0,0,8,0,0,0,0,22,74,0,11,0,33,0,9,14,8,2,12,0,1,3,0,0,0,1,0,35,96,0,0,0,0,1,1,171
State: Goa,1,North Goa,0,0,0,0,0,0,0,0,0,0,0,0,0,0,0,0,0,0,0,0,0,0,0,0,0,0,0,0,0,0,0,2,0,0,0,0,0,0,0,0,0,2,0,0,0,0,0,0,2
State: Goa,2,South Goa,0,0,0,0,0,0,0,0,0,0,0,0,0,0,0,0,0,0,0,0,0,0,0,0,0,0,0,0,0,0,0,0,0,0,0,0,0,0,0,0,0,0,0,0,0,0,0,0,0
State: Goa,3,CID,0,4,0,0,0,0,4,0,0,0,1,1,0,0,0,0,0,0,0,0,0,5,0,0,0,0,0,0,0,0,0,6,0,0,0,0,0,0,0,0,0,6,0,0,0,0,0,0,11
State: Goa,,Total,0,4,0,0,0,0,4,0,0,0,1,1,0,0,0,0,0,0,0,0,0,5,0,0,0,0,0,0,0,0,0,8,0,0,0,0,0,0,0,0,0,8,0,0,0,0,0,0,13
State: Gujarat,1,Ahmedabad City,1,15,0,0,0,0,9,5,1,0,7,7,0,0,0,0,0,0,0,0,3,26,0,5,0,46,2,2,25,4,13,9,5,0,0,0,0,0,3,0,16,84,1,0,0,0,1,2,112
State: Gujarat,2,Ahmedabad Rural,0,2,2,0,2,0,0,0,0,0,0,0,0,0,0,0,0,0,0,0,3,5,0,0,0,0,0,0,0,0,0,1,0,0,0,0,0,0,0,0,5,6,0,0,0,0,0,0,11
State: Gujarat,3,Amreli,0,0,0,0,0,0,0,0,0,0,2,1,0,0,0,1,0,0,0,0,0,2,0,0,0,1,0,1,0,0,0,0,0,0,0,0,0,0,0,0,1,2,0,0,0,0,1,1,5
State: Gujarat,4,Anand,0,0,0,0,0,0,0,0,0,0,0,0,0,0,0,0,0,0,0,0,0,0,0,0,0,0,0,0,0,0,0,0,0,0,0,0,0,0,0,0,0,0,0,0,0,0,0,0,0
State: Gujarat,5,Arvalli,0,0,0,0,0,0,0,0,0,0,0,0,0,0,0,0,0,0,0,0,0,0,0,0,0,0,0,0,0,0,0,0,0,0,0,0,0,0,0,0,0,0,0,0,0,0,0,0,0
State: Gujarat,6,Banaskantha,0,1,0,0,0,0,1,0,0,0,3,3,0,0,0,0,0,0,0,0,0,4,0,0,0,0,0,0,0,0,0,0,0,0,0,0,0,0,0,0,0,0,0,0,0,0,0,0,4
State: Gujarat,7,Bharuch,0,3,0,0,0,0,2,0,1,0,2,2,0,0,0,0,0,0,0,0,0,5,0,0,0,1,0,0,1,0,0,0,0,0,0,0,0,0,0,1,0,2,0,0,0,0,0,0,7
State: Gujarat,8,Bhavnagar,0,1,0,0,0,0,0,1,0,0,1,1,0,0,0,0,0,0,0,0,0,2,0,0,0,0,0,0,0,0,0,0,0,0,0,0,0,0,0,0,0,0,0,0,0,0,0,0,2
State: Gujarat,9,Botad,0,0,0,0,0,0,0,0,0,0,1,0,1,0,0,0,0,0,0,0,0,1,0,0,0,0,0,0,0,0,0,0,0,0,0,0,0,0,0,0,0,0,0,0,0,0,0,0,1
State: Gujarat,10,Chhotaudepur,0,0,0,0,0,0,0,0,0,0,0,0,0,0,0,0,0,0,0,0,0,0,0,0,0,0,0,0,0,0,0,1,0,0,1,0,0,0,1,0,0,3,0,0,0,0,0,0,3
State: Gujarat,11,CID Crime,0,0,0,0,0,0,0,0,0,0,0,0,0,0,0,0,0,0,0,0,0,0,0,0,0,0,0,0,0,0,0,0,0,0,0,0,0,0,0,0,0,0,0,0,0,0,0,0,0
State: Gujarat,12,Dahod,0,2,0,0,0,0,0,2,0,0,2,0,2,0,0,0,0,0,0,0,0,4,0,0,0,0,0,0,0,0,0,0,0,0,0,0,0,0,0,0,0,0,0,0,0,0,0,0,4
State: Gujarat,13,Dang,0,0,0,0,0,0,0,0,0,0,0,0,0,0,0,0,0,0,0,0,0,0,0,0,0,0,0,0,0,0,0,0,0,0,0,0,0,0,0,0,0,0,0,0,0,0,0,0,0
State: Gujarat,14,Devbhumi Dwarka,0,0,0,0,0,0,0,0,0,0,0,0,0,0,0,0,0,0,0,0,0,0,0,0,0,5,0,5,0,0,0,0,0,0,0,0,0,0,0,0,0,5,0,0,0,0,0,0,5
State: Gujarat,15,Gandhinagar,0,3,0,0,0,0,0,3,0,0,3,1,0,0,2,0,0,0,0,0,0,6,0,0,0,15,0,3,3,3,6,0,3,0,3,0,0,0,0,0,1,22,0,0,0,0,0,0,28
State: Gujarat,16,Gir Somnath,0,0,0,0,0,0,0,0,0,0,1,1,0,0,0,0,0,0,0,0,1,2,0,1,0,0,0,0,0,0,0,3,0,0,0,0,0,0,0,0,0,4,0,0,0,0,0,0,6
State: Gujarat,17,Jamnagar,0,2,2,0,2,0,0,0,0,0,1,1,0,0,0,0,0,0,0,0,0,3,0,0,0,5,0,3,2,0,0,0,0,0,0,0,0,0,0,0,0,5,0,0,0,0,0,0,8
State: Gujarat,18,Junagadh,0,1,0,0,0,0,0,1,0,0,0,0,0,0,0,0,0,0,0,0,0,1,0,0,0,3,0,3,0,0,0,0,0,0,0,0,0,0,0,0,1,4,0,0,0,0,0,0,5
State: Gujarat,19,Kachchh East(G),0,0,0,0,0,0,0,0,0,0,0,0,0,0,0,0,0,0,0,0,0,0,0,0,0,0,0,0,0,0,0,0,1,0,3,0,0,0,0,0,0,4,0,0,0,0,0,0,4
State: Gujarat,20,Kachchh West(B),0,0,0,0,0,0,0,0,0,0,1,1,0,0,0,0,0,0,0,0,0,1,0,1,0,5,0,1,0,2,2,0,0,0,5,0,0,0,0,0,0,11,0,0,3,0,0,3,15
State: Gujarat,21,Kheda,0,0,0,0,0,0,0,0,0,0,0,0,0,0,0,0,0,0,0,0,0,0,0,0,0,0,0,0,0,0,0,0,0,0,0,0,0,0,0,0,0,0,0,0,0,0,0,0,0
State: Gujarat,22,Mahisagar,0,0,0,0,0,0,0,0,0,0,0,0,0,0,0,0,0,0,0,0,0,0,0,0,0,0,0,0,0,0,0,0,0,0,0,0,0,0,0,0,1,1,0,0,0,0,0,0,1
State: Gujarat,23,Mehsana,0,2,1,0,1,0,0,1,0,0,2,0,1,1,0,0,0,0,0,0,1,5,0,1,0,4,0,4,0,0,0,0,0,0,0,0,0,0,0,0,0,5,0,0,0,0,0,0,10
State: Gujarat,24,Morbi,0,0,0,0,0,0,0,0,0,0,0,0,0,0,0,0,0,0,0,0,0,0,0,0,0,0,0,0,0,0,0,0,0,0,0,0,0,0,1,0,1,2,0,0,0,0,0,0,2
State: Gujarat,25,Narmada,0,0,0,0,0,0,0,0,0,0,1,0,1,0,0,0,0,0,0,0,0,1,0,0,0,0,0,0,0,0,0,0,0,0,0,0,0,0,0,0,0,0,0,0,0,0,0,0,1
State: Gujarat,26,Navsari,0,0,0,0,0,0,0,0,0,0,0,0,0,0,0,0,0,0,0,0,0,0,0,0,0,2,0,0,0,1,1,1,0,0,0,0,0,0,0,0,3,6,0,0,0,0,0,0,6
State: Gujarat,27,Panchmahal,0,0,0,0,0,0,0,0,0,0,0,0,0,0,0,0,0,0,0,0,0,0,0,2,0,1,0,1,0,0,0,1,0,0,0,0,0,0,1,0,0,5,5,0,0,0,0,5,10
State: Gujarat,28,Patan,0,1,0,0,0,0,1,0,0,0,1,1,0,0,0,0,0,0,0,0,0,2,0,0,0,0,0,0,0,0,0,0,0,0,0,0,0,0,0,0,0,0,0,0,0,0,0,0,2
State: Gujarat,29,Porbandar,0,5,0,0,0,0,5,0,0,0,0,0,0,0,0,0,0,0,0,0,0,5,0,1,0,0,0,0,0,0,0,0,0,0,0,0,0,0,0,0,0,1,0,0,0,0,0,0,6
State: Gujarat,30,Rajkot City,0,0,0,0,0,0,0,0,0,0,0,0,0,0,0,0,0,0,0,0,0,0,0,1,0,0,0,0,0,0,0,4,0,1,0,0,0,0,0,0,1,7,0,0,0,0,0,0,7
State: Gujarat,31,Rajkot Rural,1,8,0,0,0,1,6,1,0,0,0,0,0,0,0,0,0,0,0,0,0,9,0,1,0,0,0,0,0,0,0,0,0,0,0,0,0,0,0,0,0,1,0,0,0,0,0,0,10
State: Gujarat,32,Sabarkantha,0,1,0,0,0,0,1,0,0,0,0,0,0,0,0,0,0,0,0,0,0,1,0,0,0,27,0,14,11,0,2,1,0,0,1,0,0,0,0,0,2,31,0,0,0,0,0,0,32
State: Gujarat,33,Surat City,0,5,0,0,0,0,1,4,0,0,1,1,0,0,0,0,0,0,0,0,0,6,0,1,5,4,0,4,0,0,0,74,2,0,0,0,0,0,2,0,11,99,0,0,0,0,0,0,105
State: Gujarat,34,Surat Rural,0,0,0,0,0,0,0,0,0,0,1,0,0,0,0,1,0,0,0,0,0,1,0,0,0,0,0,0,0,0,0,2,0,0,0,0,0,0,1,0,3,6,0,0,0,0,0,0,7
State: Gujarat,35,Surendranagar,0,0,0,0,0,0,0,0,0,0,1,1,0,0,0,0,0,0,0,0,0,1,0,0,0,0,0,0,0,0,0,0,0,0,0,0,0,0,0,0,8,8,0,0,0,0,0,0,9
State: Gujarat,36,Tapi,0,0,0,0,0,0,0,0,0,0,0,0,0,0,0,0,0,0,0,0,0,0,0,0,0,0,0,0,0,0,0,0,0,0,0,0,0,0,0,0,0,0,0,0,0,0,0,0,0
State: Gujarat,37,Vadodara City,0,4,3,0,3,0,1,0,0,0,0,0,0,0,0,0,0,0,0,0,0,4,0,0,0,0,0,0,0,0,0,0,6,0,0,0,0,0,0,0,0,6,0,0,0,0,0,0,10
State: Gujarat,38,Vadodara Rural,0,1,0,0,0,0,0,1,0,0,0,0,0,0,0,0,0,0,0,0,1,2,0,1,0,0,0,0,0,0,0,2,0,0,3,0,0,0,0,0,1,7,0,0,0,0,0,0,9
State: Gujarat,39,Valsad,0,0,0,0,0,0,0,0,0,0,5,5,0,0,0,0,0,0,0,0,0,5,0,0,0,4,0,0,0,4,0,0,0,0,0,0,0,0,0,0,0,4,0,0,0,0,0,0,9
State: Gujarat,40,W.Rly Ahmedabad,0,0,0,0,0,0,0,0,0,0,0,0,0,0,0,0,0,0,0,0,0,0,0,0,0,0,0,0,0,0,0,0,0,0,0,0,0,0,2,0,0,2,0,0,0,0,0,0,2
State: Gujarat,41,W.Rly Vadodara,0,0,0,0,0,0,0,0,0,0,0,0,0,0,0,0,0,0,0,0,0,0,0,0,0,0,0,0,0,0,0,0,0,0,0,0,0,0,0,0,0,0,0,0,0,0,0,0,0
State: Gujarat,,Total,2,57,8,0,8,1,27,19,2,0,36,26,5,1,2,2,0,0,0,0,9,104,0,15,5,123,2,41,42,14,24,99,17,1,16,0,0,0,11,1,55,343,6,0,3,0,2,11,458
State: Haryana,1,Ambala,0,0,0,0,0,0,0,0,0,0,0,0,0,0,0,0,0,0,0,0,0,0,0,0,0,49,0,49,0,0,0,0,0,0,0,0,0,0,0,0,0,49,0,0,0,0,0,0,49
State: Haryana,2,Bhiwani,0,1,0,0,0,0,1,0,0,0,0,0,0,0,0,0,0,0,0,0,0,1,0,0,0,0,0,0,0,0,0,0,0,0,0,0,0,0,0,0,0,0,0,0,0,0,0,0,1
State: Haryana,3,Faridabad,0,32,4,0,4,0,5,20,3,0,4,3,1,0,0,0,0,0,0,0,0,36,0,3,0,1,0,1,0,0,0,0,6,0,0,0,0,0,0,0,8,18,1,0,0,0,0,1,55
State: Haryana,4,Fatehabad,0,0,0,0,0,0,0,0,0,0,4,2,2,0,0,0,0,0,0,0,0,4,0,0,0,0,0,0,0,0,0,0,0,0,0,0,0,0,0,0,0,0,0,0,0,0,0,0,4
State: Haryana,5,GRP,0,0,0,0,0,0,0,0,0,0,0,0,0,0,0,0,0,0,0,0,0,0,0,0,0,0,0,0,0,0,0,0,0,0,0,0,0,0,0,0,0,0,0,0,0,0,0,0,0
State: Haryana,6,Gurugram,1,225,63,0,63,5,31,126,0,0,17,13,4,0,0,0,0,0,0,3,1,247,0,12,0,0,0,0,0,0,0,0,0,0,0,0,0,0,1,4,0,17,0,0,0,0,0,0,264
State: Haryana,7,Hissar,0,0,0,0,0,0,0,0,0,0,4,4,0,0,0,0,0,0,0,0,0,4,0,0,0,1,0,0,1,0,0,0,0,0,0,0,0,0,1,0,5,7,0,0,0,0,0,0,11
State: Haryana,8,Jhajjar,0,0,0,0,0,0,0,0,0,0,4,0,0,0,0,4,0,0,0,0,0,4,0,0,0,0,0,0,0,0,0,0,0,0,0,0,0,0,0,0,0,0,0,0,0,0,0,0,4
State: Haryana,9,Jind,0,0,0,0,0,0,0,0,0,0,1,0,0,0,0,1,0,0,0,0,4,5,0,0,0,0,0,0,0,0,0,0,0,0,0,0,0,0,0,0,0,0,0,0,0,0,0,0,5
State: Haryana,10,Kaithal,0,0,0,0,0,0,0,0,0,0,1,0,1,0,0,0,0,0,0,0,0,1,0,0,0,0,0,0,0,0,0,0,1,0,0,0,0,0,0,0,2,3,0,0,0,0,0,0,4
State: Haryana,11,Karnal,0,0,0,0,0,0,0,0,0,0,3,1,2,0,0,0,0,0,0,0,3,6,0,1,0,0,0,0,0,0,0,0,0,0,0,0,0,0,1,0,0,2,0,0,0,0,0,0,8
State: Haryana,12,Kurukshetra,0,0,0,0,0,0,0,0,0,0,2,0,0,0,0,2,0,0,0,0,0,2,0,0,0,0,0,0,0,0,0,0,0,0,0,0,0,0,0,0,0,0,0,0,0,0,0,0,2
State: Haryana,13,Mahendergarh,0,2,1,0,1,0,0,0,1,0,5,0,0,0,0,5,0,0,0,0,1,8,0,0,0,0,0,0,0,0,0,0,0,0,0,0,0,0,0,0,0,0,0,0,0,0,0,0,8
State: Haryana,14,Mewat,0,0,0,0,0,0,0,0,0,0,2,0,2,0,0,0,0,0,0,0,0,2,0,0,0,0,0,0,0,0,0,0,0,0,0,0,0,0,0,0,0,0,0,0,0,0,0,0,2
State: Haryana,15,Palwal,0,2,0,0,0,0,0,2,0,0,2,0,0,0,0,2,0,0,0,0,0,4,0,0,0,0,0,0,0,0,0,0,0,0,0,0,0,0,0,0,0,0,0,0,0,0,0,0,4
State: Haryana,16,Panchkula,0,0,0,0,0,0,0,0,0,0,9,0,0,0,0,9,0,0,0,0,0,9,0,0,0,0,0,0,0,0,0,0,0,0,0,0,0,0,0,0,0,0,0,0,0,0,0,0,9
State: Haryana,17,Panipat,0,2,1,0,1,0,0,1,0,0,2,2,0,0,0,0,0,0,0,0,1,5,0,3,0,2,0,2,0,0,0,0,0,0,0,0,0,0,0,0,0,5,0,0,0,0,0,0,10
State: Haryana,18,Rewari,0,4,0,0,0,1,1,2,0,0,1,0,0,0,0,1,0,0,0,0,0,5,0,1,0,0,0,0,0,0,0,0,0,0,0,0,0,0,0,0,0,1,0,0,0,0,0,0,6
State: Haryana,19,Rohtak,0,0,0,0,0,0,0,0,0,0,4,0,0,0,0,4,0,0,0,0,0,4,0,0,0,0,0,0,0,0,0,0,0,0,0,0,0,0,0,0,0,0,0,0,0,0,0,0,4
State: Haryana,20,Sirsa,0,0,0,0,0,0,0,0,0,0,0,0,0,0,0,0,0,0,0,0,1,1,0,2,0,0,0,0,0,0,0,0,0,0,0,0,0,0,0,0,0,2,0,0,0,0,0,0,3
State: Haryana,21,Sonipat,1,7,6,0,6,0,1,0,0,0,4,4,0,0,0,0,0,0,0,0,2,14,0,1,0,0,0,0,0,0,0,0,0,0,0,0,0,0,0,0,0,1,0,0,0,0,0,0,15
State: Haryana,22,Yamunanagar,0,6,4,1,3,0,1,1,0,0,8,3,5,0,0,0,0,0,0,0,0,14,0,1,0,0,0,0,0,0,0,3,1,0,1,0,0,0,3,1,0,10,1,0,0,0,0,1,25
State: Haryana,23,Irrigation & Power,0,0,0,0,0,0,0,0,0,0,0,0,0,0,0,0,0,0,0,0,0,0,0,0,0,0,0,0,0,0,0,0,0,0,0,0,0,0,0,0,0,0,0,0,0,0,0,0,0
State: Haryana,24,Charkhi Dadri,0,0,0,0,0,0,0,0,0,0,5,5,0,0,0,0,0,0,0,0,0,5,0,0,0,0,0,0,0,0,0,0,0,0,0,0,0,0,0,0,0,0,0,0,0,0,0,0,5
State: Haryana,25,Hansi,0,0,0,0,0,0,0,0,0,0,1,1,0,0,0,0,0,0,0,0,0,1,0,3,0,0,0,0,0,0,0,0,0,0,0,0,0,0,1,0,1,5,0,0,0,0,0,0,6
State: Haryana,,Total,2,281,79,1,78,6,40,152,4,0,83,38,17,0,0,28,0,0,0,3,13,382,0,27,0,53,0,52,1,0,0,3,8,0,1,0,0,0,7,5,16,120,2,0,0,0,0,2,504
State: Himachal Pradesh,1,Baddi,0,3,3,0,3,0,0,0,0,0,1,0,0,0,0,1,0,0,0,0,0,4,0,0,0,0,0,0,0,0,0,0,0,0,0,0,0,0,0,0,0,0,0,0,0,0,0,0,4
State: Himachal Pradesh,2,Bilaspur,0,0,0,0,0,0,0,0,0,0,3,0,0,3,0,0,0,0,0,0,0,3,0,0,0,0,0,0,0,0,0,0,0,0,0,0,0,0,0,0,0,0,0,0,0,0,0,0,3
State: Himachal Pradesh,3,Chamba,0,1,0,0,0,0,0,0,1,0,0,0,0,0,0,0,0,0,0,0,0,1,0,0,0,0,0,0,0,0,0,0,0,0,0,0,0,0,0,0,0,0,0,0,0,0,0,0,1
State: Himachal Pradesh,4,CID,0,0,0,0,0,0,0,0,0,0,0,0,0,0,0,0,0,0,0,0,0,0,0,0,0,0,0,0,0,0,0,0,0,0,0,0,0,0,0,0,0,0,0,0,0,0,0,0,0
State: Himachal Pradesh,5,GRP,0,0,0,0,0,0,0,0,0,0,0,0,0,0,0,0,0,0,0,0,0,0,0,0,0,0,0,0,0,0,0,0,0,0,0,0,0,0,0,0,0,0,0,0,0,0,0,0,0
State: Himachal Pradesh,6,Hamirpur,0,1,0,0,0,0,1,0,0,0,0,0,0,0,0,0,0,0,0,0,0,1,0,0,0,0,0,0,0,0,0,0,0,0,0,0,0,0,0,0,0,0,0,0,0,0,0,0,1
State: Himachal Pradesh,7,Kangra,0,6,6,0,6,0,0,0,0,0,6,0,6,0,0,0,0,0,0,0,4,16,0,0,0,0,0,0,0,0,0,0,0,0,0,0,0,0,0,2,0,2,0,0,4,0,0,4,22
State: Himachal Pradesh,8,Kinnaur,0,0,0,0,0,0,0,0,0,0,0,0,0,0,0,0,0,0,0,0,0,0,0,0,0,0,0,0,0,0,0,0,0,0,0,0,0,0,0,0,0,0,0,0,0,0,0,0,0
State: Himachal Pradesh,9,Kullu,0,0,0,0,0,0,0,0,0,0,0,0,0,0,0,0,0,0,0,0,0,0,0,1,0,0,0,0,0,0,0,0,0,0,0,0,0,0,0,0,0,1,0,0,0,0,0,0,1
State: Himachal Pradesh,10,Lahaul & Spiti,0,0,0,0,0,0,0,0,0,0,0,0,0,0,0,0,0,0,0,0,0,0,0,0,0,0,0,0,0,0,0,0,0,0,0,0,0,0,0,0,0,0,0,0,0,0,0,0,0
State: Himachal Pradesh,11,Mandi,0,3,2,0,2,0,1,0,0,2,0,0,0,0,0,0,0,0,0,0,0,5,0,0,0,0,0,0,0,0,0,0,0,0,0,0,0,0,0,0,0,0,0,0,0,0,0,0,5
State: Himachal Pradesh,12,Shimla,0,3,0,0,0,0,1,2,0,3,0,0,0,0,0,0,0,0,0,0,0,6,0,0,0,0,0,0,0,0,0,0,0,0,0,0,0,0,0,0,0,0,0,0,0,0,0,0,6
State: Himachal Pradesh,13,Sirmaur,0,0,0,0,0,0,0,0,0,0,1,0,0,0,0,1,0,0,0,0,0,1,0,0,0,0,0,0,0,0,0,0,0,0,0,0,0,0,0,0,0,0,0,0,0,0,0,0,1
State: Himachal Pradesh,14,Solan,0,3,0,0,0,0,3,0,0,0,3,0,0,0,0,3,0,0,0,0,2,8,0,0,0,0,0,0,0,0,0,0,0,0,0,0,0,0,0,0,0,0,0,0,0,0,0,0,8
State: Himachal Pradesh,15,Una,0,0,0,0,0,0,0,0,0,0,1,0,0,0,0,1,0,0,0,0,0,1,0,0,0,0,0,0,0,0,0,0,0,0,0,0,0,0,0,0,0,0,0,0,0,0,0,0,1
State: Himachal Pradesh,16,Cyber,0,2,0,0,0,0,0,2,0,0,1,1,0,0,0,0,0,0,0,0,0,3,0,0,0,0,0,0,0,0,0,0,0,0,0,0,0,0,0,0,0,0,0,0,0,0,0,0,3
State: Himachal Pradesh,,Total,0,22,11,0,11,0,6,4,1,5,16,1,6,3,0,6,0,0,0,0,6,49,0,1,0,0,0,0,0,0,0,0,0,0,0,0,0,0,0,2,0,3,0,0,4,0,0,4,56
State: Jammu & Kashmir,1,Anantnag,0,0,0,0,0,0,0,0,0,0,0,0,0,0,0,0,0,0,0,0,0,0,0,0,0,0,0,0,0,0,0,0,0,0,0,0,0,0,0,0,0,0,0,0,0,0,0,0,0
State: Jammu & Kashmir,2,Awantipora,0,0,0,0,0,0,0,0,0,0,0,0,0,0,0,0,0,0,0,0,0,0,0,0,0,0,0,0,0,0,0,0,0,0,0,0,0,0,0,0,0,0,0,0,0,0,0,0,0
State: Jammu & Kashmir,3,Bandipora,0,0,0,0,0,0,0,0,0,0,0,0,0,0,0,0,0,0,0,0,0,0,0,0,0,0,0,0,0,0,0,0,0,0,0,0,0,0,0,0,0,0,0,0,0,0,0,0,0
State: Jammu & Kashmir,4,Baramulla,0,0,0,0,0,0,0,0,0,0,1,0,0,0,0,1,0,0,0,0,0,1,0,0,0,0,0,0,0,0,0,0,0,0,0,0,0,0,0,0,0,0,0,0,0,0,0,0,1
State: Jammu & Kashmir,5,Budgam,0,0,0,0,0,0,0,0,0,0,0,0,0,0,0,0,0,0,0,0,0,0,0,0,0,0,0,0,0,0,0,0,0,0,0,0,0,0,0,0,0,0,0,0,0,0,0,0,0
State: Jammu & Kashmir,6,Crime Jammu,0,0,0,0,0,0,0,0,0,0,0,0,0,0,0,0,0,0,0,0,0,0,0,1,0,0,0,0,0,0,0,0,0,0,0,0,0,0,1,0,1,3,0,0,0,0,0,0,3
State: Jammu & Kashmir,7,Crime Srinagar,0,0,0,0,0,0,0,0,0,0,0,0,0,0,0,0,0,0,0,0,0,0,0,0,0,0,0,0,0,0,0,0,0,0,0,0,0,0,0,0,0,0,0,0,0,0,0,0,0
State: Jammu & Kashmir,8,Doda,0,0,0,0,0,0,0,0,0,0,0,0,0,0,0,0,0,0,0,0,0,0,0,0,0,0,0,0,0,0,0,0,0,0,0,0,0,0,0,0,0,0,0,0,0,0,0,0,0
State: Jammu & Kashmir,9,Ganderbal,0,0,0,0,0,0,0,0,0,0,0,0,0,0,0,0,0,0,0,0,0,0,0,0,0,0,0,0,0,0,0,0,0,0,0,0,0,0,0,0,0,0,0,0,0,0,0,0,0
State: Jammu & Kashmir,10,Handwara,0,7,7,0,7,0,0,0,0,0,0,0,0,0,0,0,0,0,0,0,0,7,0,0,0,0,0,0,0,0,0,0,0,0,0,0,0,0,0,0,0,0,0,0,0,0,0,0,7
State: Jammu & Kashmir,11,Jammu,0,0,0,0,0,0,0,0,0,0,0,0,0,0,0,0,0,0,0,0,0,0,0,0,0,0,0,0,0,0,0,0,0,0,0,0,0,0,0,0,0,0,0,0,11,0,0,11,11
State: Jammu & Kashmir,12,Kargil,0,0,0,0,0,0,0,0,0,0,0,0,0,0,0,0,0,0,0,0,0,0,0,0,0,0,0,0,0,0,0,0,0,0,0,0,0,0,0,0,0,0,0,0,0,0,1,1,1
State: Jammu & Kashmir,13,Kathua,0,0,0,0,0,0,0,0,0,0,2,0,0,0,0,2,0,0,0,0,0,2,0,0,0,0,0,0,0,0,0,0,0,0,0,0,0,0,0,0,0,0,0,0,0,0,0,0,2
State: Jammu & Kashmir,14,Kishtwar,0,0,0,0,0,0,0,0,0,0,0,0,0,0,0,0,0,0,0,0,0,0,0,0,0,0,0,0,0,0,0,0,0,0,0,0,0,0,0,0,0,0,0,0,0,0,0,0,0
State: Jammu & Kashmir,15,Kulgam,0,0,0,0,0,0,0,0,0,0,0,0,0,0,0,0,0,0,0,0,0,0,0,0,0,0,0,0,0,0,0,0,0,0,0,0,0,0,0,0,0,0,0,0,0,0,0,0,0
State: Jammu & Kashmir,16,Kupwara,0,0,0,0,0,0,0,0,0,0,0,0,0,0,0,0,0,0,0,0,0,0,0,0,0,0,0,0,0,0,0,0,0,0,0,0,0,0,0,0,0,0,0,0,0,0,0,0,0
State: Jammu & Kashmir,17,Leh,0,0,0,0,0,0,0,0,0,0,0,0,0,0,0,0,0,0,0,0,0,0,0,0,0,0,0,0,0,0,0,0,0,0,0,0,0,0,0,0,0,0,0,0,0,0,0,0,0
State: Jammu & Kashmir,18,Poonch,0,1,0,0,0,0,0,1,0,0,2,0,2,0,0,0,0,0,0,0,0,3,0,0,0,3,0,3,0,0,0,0,1,0,0,0,0,0,0,1,0,5,0,0,0,0,0,0,8
State: Jammu & Kashmir,19,Pulwama,0,0,0,0,0,0,0,0,0,0,0,0,0,0,0,0,0,0,0,0,0,0,0,0,0,0,0,0,0,0,0,0,0,0,0,0,0,0,0,0,0,0,0,0,0,0,0,0,0
State: Jammu & Kashmir,20,Railways Jammu,0,0,0,0,0,0,0,0,0,0,0,0,0,0,0,0,0,0,0,0,0,0,0,0,0,0,0,0,0,0,0,0,0,0,0,0,0,0,0,0,0,0,0,0,0,0,0,0,0
State: Jammu & Kashmir,21,Railways Kashmir,0,0,0,0,0,0,0,0,0,0,0,0,0,0,0,0,0,0,0,0,0,0,0,0,0,0,0,0,0,0,0,0,0,0,0,0,0,0,0,0,0,0,0,0,0,0,0,0,0
State: Jammu & Kashmir,22,Railways Katra,0,0,0,0,0,0,0,0,0,0,0,0,0,0,0,0,0,0,0,0,0,0,0,0,0,0,0,0,0,0,0,0,0,0,0,0,0,0,0,0,0,0,0,0,0,0,0,0,0
State: Jammu & Kashmir,23,Rajouri,0,0,0,0,0,0,0,0,0,0,0,0,0,0,0,0,0,0,0,0,0,0,0,0,0,0,0,0,0,0,0,0,0,0,0,0,0,0,0,0,0,0,0,0,0,0,0,0,0
State: Jammu & Kashmir,24,Ramban,0,0,0,0,0,0,0,0,0,0,0,0,0,0,0,0,0,0,0,0,0,0,0,0,0,0,0,0,0,0,0,0,0,0,0,0,0,0,0,0,2,2,0,0,0,0,0,0,2
State: Jammu & Kashmir,25,Reasi,0,0,0,0,0,0,0,0,0,0,0,0,0,0,0,0,0,0,0,0,0,0,0,0,0,0,0,0,0,0,0,0,0,0,0,0,0,0,0,0,0,0,0,0,0,0,0,0,0
State: Jammu & Kashmir,26,Samba,0,0,0,0,0,0,0,0,0,0,0,0,0,0,0,0,0,0,0,0,0,0,0,0,0,0,0,0,0,0,0,0,0,0,0,0,0,0,0,0,0,0,0,0,0,0,0,0,0
State: Jammu & Kashmir,27,Shopian,0,0,0,0,0,0,0,0,0,0,0,0,0,0,0,0,0,0,0,0,0,0,0,0,0,0,0,0,0,0,0,0,0,0,0,0,0,0,0,0,0,0,0,0,0,0,0,0,0
State: Jammu & Kashmir,28,Sopore,0,0,0,0,0,0,0,0,0,0,0,0,0,0,0,0,0,0,0,0,10,10,0,0,0,0,0,0,0,0,0,0,0,0,0,0,0,0,0,0,0,0,0,0,0,0,0,0,10
State: Jammu & Kashmir,29,Srinagar,0,9,7,0,7,1,0,1,0,0,1,1,0,0,0,0,0,0,0,0,0,10,0,0,0,0,0,0,0,0,0,0,0,0,0,0,0,0,0,0,0,0,0,0,0,0,0,0,10
State: Jammu & Kashmir,30,Udhampur,0,6,0,0,0,0,6,0,0,0,0,0,0,0,0,0,0,0,0,0,2,8,0,0,0,0,0,0,0,0,0,0,0,0,0,0,0,0,0,0,0,0,0,0,0,0,0,0,8
State: Jammu & Kashmir,,Total,0,23,14,0,14,1,6,2,0,0,6,1,2,0,0,3,0,0,0,0,12,41,0,1,0,3,0,3,0,0,0,0,1,0,0,0,0,0,1,1,3,10,0,0,11,0,1,12,63
State: Jharkhand,1,Bokaro,0,0,0,0,0,0,0,0,0,0,0,0,0,0,0,0,0,0,0,0,22,22,0,0,0,0,0,0,0,0,0,0,0,0,0,0,0,0,0,0,0,0,0,0,0,0,0,0,22
State: Jharkhand,2,Chaibasa,0,17,0,0,0,0,12,5,0,0,0,0,0,0,0,0,0,0,0,0,0,17,0,0,0,0,0,0,0,0,0,0,0,0,0,0,0,0,0,0,0,0,0,0,0,0,0,0,17
State: Jharkhand,3,Chatra,0,10,0,0,0,0,0,10,0,0,0,0,0,0,0,0,0,0,0,0,0,10,0,0,0,0,0,0,0,0,0,0,0,0,0,0,0,0,0,0,0,0,0,0,0,0,0,0,10
State: Jharkhand,4,Deoghar,0,57,57,0,57,0,0,0,0,0,0,0,0,0,0,0,0,0,0,0,0,57,0,0,0,0,0,0,0,0,0,0,0,0,0,0,0,0,0,0,0,0,0,0,0,0,0,0,57
State: Jharkhand,5,Dhanbad,0,14,0,0,0,5,9,0,0,0,0,0,0,0,0,0,0,0,0,0,1,15,0,0,0,0,0,0,0,0,0,0,0,0,0,0,0,0,0,0,0,0,0,0,0,0,0,0,15
State: Jharkhand,6,Dhanbad Railway,0,0,0,0,0,0,0,0,0,0,0,0,0,0,0,0,0,0,0,0,0,0,0,0,0,0,0,0,0,0,0,0,0,0,0,0,0,0,0,0,0,0,0,0,0,0,0,0,0
State: Jharkhand,7,Dumka,0,22,22,0,22,0,0,0,0,0,0,0,0,0,0,0,0,0,0,0,0,22,0,0,0,0,0,0,0,0,0,0,0,0,0,0,0,0,0,0,0,0,0,0,0,0,0,0,22
State: Jharkhand,8,Garhwa,0,0,0,0,0,0,0,0,0,0,0,0,0,0,0,0,0,0,0,0,0,0,0,0,0,0,0,0,0,0,0,0,0,0,0,0,0,0,0,0,0,0,0,0,0,0,0,0,0
State: Jharkhand,9,Giridih,0,73,0,0,0,0,73,0,0,0,0,0,0,0,0,0,0,0,0,0,0,73,0,0,0,0,0,0,0,0,0,0,0,0,0,0,0,0,0,3,0,3,0,0,0,0,0,0,76
State: Jharkhand,10,Godda,0,0,0,0,0,0,0,0,0,0,0,0,0,0,0,0,0,0,0,0,0,0,0,0,0,0,0,0,0,0,0,0,0,0,0,0,0,0,0,0,0,0,0,0,0,0,0,0,0
State: Jharkhand,11,Gumla,0,9,0,0,0,0,8,1,0,0,1,0,1,0,0,0,0,0,0,0,1,11,0,0,0,0,0,0,0,0,0,0,0,0,0,0,0,0,0,0,0,0,0,0,0,0,0,0,11
State: Jharkhand,12,Hazaribagh,0,70,0,0,0,0,67,3,0,0,0,0,0,0,0,0,0,0,0,0,0,70,0,0,0,0,0,0,0,0,0,0,0,0,0,0,0,0,0,0,0,0,0,0,0,0,0,0,70
State: Jharkhand,13,Jamshedpur,0,52,0,0,0,26,26,0,0,0,0,0,0,0,0,0,0,0,0,0,0,52,0,0,0,0,0,0,0,0,0,0,0,0,0,0,0,0,0,0,0,0,0,0,0,0,0,0,52
State: Jharkhand,14,Jamshedpur Railway,0,0,0,0,0,0,0,0,0,0,0,0,0,0,0,0,0,0,0,0,0,0,0,0,0,0,0,0,0,0,0,0,0,0,0,0,0,0,0,0,0,0,0,0,0,0,0,0,0
State: Jharkhand,15,Jamtara,0,81,0,0,0,0,81,0,0,0,0,0,0,0,0,0,0,0,0,0,0,81,0,0,0,0,0,0,0,0,0,0,0,0,0,0,0,0,0,0,0,0,0,0,0,0,0,0,81
State: Jharkhand,16,Khunti,0,4,2,2,0,2,0,0,0,0,0,0,0,0,0,0,0,0,0,0,0,4,0,0,0,0,0,0,0,0,0,0,0,0,0,0,0,0,0,0,0,0,0,0,0,0,0,0,4
State: Jharkhand,17,Koderma,0,0,0,0,0,0,0,0,0,0,0,0,0,0,0,0,0,0,0,0,0,0,0,0,0,22,0,22,0,0,0,0,0,0,0,0,0,0,0,0,0,22,0,0,0,0,0,0,22
State: Jharkhand,18,Latehar,0,10,1,0,1,0,0,9,0,0,1,1,0,0,0,0,0,0,0,0,0,11,0,0,0,0,0,0,0,0,0,0,0,0,0,0,0,0,0,0,0,0,0,0,0,0,0,0,11
State: Jharkhand,19,Lohardagga,0,0,0,0,0,0,0,0,0,0,0,0,0,0,0,0,0,0,0,0,0,0,0,0,0,0,0,0,0,0,0,0,0,0,0,0,0,0,0,0,0,0,0,0,0,0,0,0,0
State: Jharkhand,20,Pakur,0,10,10,10,0,0,0,0,0,0,0,0,0,0,0,0,0,0,0,0,0,10,0,0,0,0,0,0,0,0,0,0,0,0,0,0,0,0,0,0,0,0,0,0,0,0,0,0,10
State: Jharkhand,21,Palamu,0,0,0,0,0,0,0,0,0,0,0,0,0,0,0,0,0,0,0,0,0,0,0,0,0,0,0,0,0,0,0,0,0,0,0,0,0,0,0,0,0,0,0,0,0,0,0,0,0
State: Jharkhand,22,Ramgarh,0,0,0,0,0,0,0,0,0,0,0,0,0,0,0,0,0,0,0,0,0,0,0,0,0,0,0,0,0,0,0,0,0,0,0,0,0,0,0,0,0,0,0,0,5,0,0,5,5
State: Jharkhand,23,Ranchi,6,28,5,2,3,11,4,8,0,0,0,0,0,0,0,0,0,0,0,0,0,34,0,0,6,50,14,17,19,0,0,8,21,0,6,0,0,0,12,0,0,103,16,11,9,6,13,55,192
State: Jharkhand,24,Sahebganj,0,7,7,7,0,0,0,0,0,0,0,0,0,0,0,0,0,0,0,0,0,7,0,0,0,0,0,0,0,0,0,0,0,0,0,0,0,0,0,0,0,0,0,0,0,0,0,0,7
State: Jharkhand,25,Saraikela,0,17,0,0,0,0,16,1,0,0,6,6,0,0,0,0,0,0,0,0,3,26,0,2,0,0,0,0,0,0,0,0,0,0,0,0,0,0,0,0,0,2,0,0,0,0,0,0,28
State: Jharkhand,26,Simdega,0,8,0,0,0,8,0,0,0,0,0,0,0,0,0,0,0,0,0,0,0,8,0,0,0,0,0,0,0,0,0,0,0,0,0,0,0,0,0,0,0,0,0,0,0,0,0,0,8
State: Jharkhand,,Total,6,489,104,21,83,52,296,37,0,0,8,7,1,0,0,0,0,0,0,0,27,530,0,2,6,72,14,39,19,0,0,8,21,0,6,0,0,0,12,3,0,130,16,11,14,6,13,60,720
State: Karnataka,1,Bagalkot,0,5,0,0,0,0,1,2,2,0,3,3,0,0,0,0,0,0,0,0,0,8,0,0,0,0,0,0,0,0,0,0,0,0,0,0,0,0,0,0,0,0,0,0,0,0,0,0,8
State: Karnataka,2,Bengaluru City,5,2657,76,1,75,18,2178,363,22,0,78,52,24,0,1,1,0,0,0,0,3,2743,0,0,0,0,0,0,0,0,0,0,0,0,0,0,0,0,0,0,0,0,0,0,0,0,0,0,2743
State: Karnataka,3,Bengaluru District,0,24,0,0,0,0,10,14,0,0,0,0,0,0,0,0,0,0,0,0,0,24,0,0,0,0,0,0,0,0,0,0,0,0,0,0,0,0,0,0,0,0,0,0,0,0,0,0,24
State: Karnataka,4,Belagavi District,0,7,1,0,1,2,2,2,0,0,0,0,0,0,0,0,0,0,0,0,4,11,0,0,0,0,0,0,0,0,0,0,0,0,0,0,0,0,0,0,0,0,0,0,0,0,0,0,11
State: Karnataka,5,Ballari,0,10,3,0,3,0,6,1,0,0,1,0,1,0,0,0,0,0,0,0,0,11,0,0,0,0,0,0,0,0,0,1,0,0,0,0,0,0,0,0,0,1,0,0,0,0,0,0,12
State: Karnataka,6,Bidar,0,2,0,0,0,0,1,1,0,0,1,0,1,0,0,0,0,0,0,0,0,3,0,0,0,0,0,0,0,0,0,0,0,0,0,0,0,0,0,0,0,0,0,0,0,0,0,0,3
State: Karnataka,7,Vijayapura,0,9,0,0,0,0,0,9,0,0,0,0,0,0,0,0,0,0,0,0,0,9,0,0,0,7,0,0,7,0,0,0,0,0,0,0,0,0,0,0,0,7,1,0,0,0,0,1,17
State: Karnataka,8,Chikkaballapura,0,8,0,0,0,0,1,7,0,0,4,4,0,0,0,0,0,0,0,0,1,13,0,0,0,0,0,0,0,0,0,0,0,0,0,0,0,0,0,0,0,0,0,0,0,0,0,0,13
State: Karnataka,9,Chamarajnagar,0,0,0,0,0,0,0,0,0,0,5,0,5,0,0,0,0,0,0,0,0,5,0,0,0,0,0,0,0,0,0,0,0,0,0,0,0,0,0,0,0,0,0,0,0,0,0,0,5
State: Karnataka,10,Chikkamagaluru,0,15,3,0,3,1,2,6,3,0,3,3,0,0,0,0,0,0,0,0,1,19,0,0,0,0,0,0,0,0,0,0,0,0,0,0,0,0,0,0,0,0,0,0,0,0,0,0,19
State: Karnataka,11,Chitradurga,0,16,3,0,3,1,3,8,1,0,2,0,2,0,0,0,0,0,0,0,0,18,0,0,0,0,0,0,0,0,0,0,0,0,0,0,0,0,0,0,0,0,0,0,0,0,0,0,18
State: Karnataka,12,Dakshina Kannada,1,2,0,0,0,0,0,2,0,0,4,4,0,0,0,0,0,0,0,0,0,7,0,0,0,0,0,0,0,0,0,0,0,0,0,0,0,0,0,0,0,0,0,0,0,0,0,0,7
State: Karnataka,13,Davanagere,0,11,0,0,0,0,5,6,0,0,3,1,0,0,0,2,0,0,0,0,4,18,0,0,0,0,0,0,0,0,0,0,0,0,0,0,0,0,0,0,0,0,0,0,0,0,0,0,18
State: Karnataka,14,Dharwad,0,0,0,0,0,0,0,0,0,0,0,0,0,0,0,0,0,0,0,0,0,0,0,0,0,0,0,0,0,0,0,0,0,0,0,0,0,0,0,0,0,0,0,0,0,0,0,0,0
State: Karnataka,15,Gadag,0,2,0,0,0,0,0,2,0,0,0,0,0,0,0,0,0,0,0,0,0,2,0,0,0,0,0,0,0,0,0,0,0,0,0,0,0,0,0,0,0,0,0,0,0,0,0,0,2
State: Karnataka,16,Kalaburgi,0,8,3,0,3,1,0,4,0,0,2,0,1,0,1,0,0,0,0,0,13,23,0,0,0,0,0,0,0,0,0,1,0,0,3,0,0,0,0,0,2,6,0,0,0,0,1,1,30
State: Karnataka,17,Hassan,0,10,5,0,5,0,0,5,0,0,1,0,1,0,0,0,0,0,0,0,0,11,0,0,0,0,0,0,0,0,0,0,0,0,0,0,0,0,0,0,0,0,0,0,0,0,0,0,11
State: Karnataka,18,Haveri,0,4,0,0,0,0,0,4,0,0,0,0,0,0,0,0,0,0,0,0,0,4,0,0,0,0,0,0,0,0,0,0,0,0,0,0,0,0,0,0,0,0,0,0,0,0,0,0,4
State: Karnataka,19,Hubballi Dharwad City,0,17,2,0,2,0,5,10,0,0,4,3,1,0,0,0,0,0,0,0,0,21,0,0,0,0,0,0,0,0,0,0,0,0,0,0,0,0,0,0,0,0,0,0,0,0,0,0,21
State: Karnataka,20,K.G.F.,0,3,0,0,0,0,1,2,0,0,1,1,0,0,0,0,0,0,0,0,0,4,0,0,0,0,0,0,0,0,0,0,0,0,0,0,0,0,0,0,0,0,0,0,0,0,0,0,4
State: Karnataka,21,Kodagu,0,1,0,0,0,0,1,0,0,0,2,1,1,0,0,0,0,0,0,0,2,5,0,0,0,0,0,0,0,0,0,0,0,0,0,0,0,0,0,0,0,0,0,0,0,0,0,0,5
State: Karnataka,22,Kolar,0,2,0,0,0,0,2,0,0,0,2,0,2,0,0,0,0,0,0,0,0,4,0,0,0,0,0,0,0,0,0,0,0,0,0,0,0,0,0,0,0,0,0,0,0,0,0,0,4
State: Karnataka,23,Koppal,0,0,0,0,0,0,0,0,0,0,2,2,0,0,0,0,0,0,0,0,0,2,0,0,0,0,0,0,0,0,0,0,0,0,0,0,0,0,0,0,0,0,0,0,0,0,0,0,2
State: Karnataka,24,Mandya,0,7,0,0,0,4,0,3,0,0,0,0,0,0,0,0,0,0,0,0,0,7,0,0,0,0,0,0,0,0,0,0,0,0,0,0,0,0,0,0,0,0,0,0,0,0,0,0,7
State: Karnataka,25,Mangaluru City,0,40,1,0,1,0,22,9,8,0,2,2,0,0,0,0,0,0,0,0,3,45,0,1,0,0,0,0,0,0,0,0,0,0,0,0,0,0,0,0,0,1,0,0,0,0,0,0,46
State: Karnataka,26,Mysuru City,1,18,5,5,0,0,6,7,0,0,2,2,0,0,0,0,0,0,0,0,0,21,0,0,0,0,0,0,0,0,0,0,0,0,0,0,0,0,0,0,0,0,0,0,0,0,0,0,21
State: Karnataka,27,Mysuru District,0,5,0,0,0,0,1,4,0,0,3,3,0,0,0,0,0,0,0,0,0,8,0,0,0,0,0,0,0,0,0,0,0,0,0,0,0,0,0,0,0,0,0,0,0,0,0,0,8
State: Karnataka,28,Raichur,0,3,0,0,0,0,2,1,0,0,0,0,0,0,0,0,0,0,0,0,0,3,0,0,0,0,0,0,0,0,0,0,0,0,0,0,0,0,0,0,0,0,0,0,0,0,0,0,3
State: Karnataka,29,K.Railways,0,0,0,0,0,0,0,0,0,0,0,0,0,0,0,0,0,0,0,0,0,0,0,0,0,0,0,0,0,0,0,0,0,0,0,0,0,0,0,0,0,0,0,0,0,0,0,0,0
State: Karnataka,30,Ramanagara,0,4,1,1,0,0,3,0,0,0,5,5,0,0,0,0,0,0,0,0,0,9,0,0,0,0,0,0,0,0,0,0,0,0,0,0,0,0,0,0,0,0,0,0,0,0,0,0,9
State: Karnataka,31,Shimoga,0,16,0,0,0,0,6,9,1,0,11,2,1,0,0,8,0,0,0,0,3,30,0,0,0,0,0,0,0,0,0,0,0,0,0,0,0,0,0,0,0,0,0,0,0,0,0,0,30
State: Karnataka,32,Tumakuru,0,2,0,0,0,0,0,1,1,0,9,0,0,0,0,9,0,0,0,0,0,11,0,0,0,0,0,0,0,0,0,0,0,0,0,0,0,0,0,0,0,0,0,0,0,0,0,0,11
State: Karnataka,33,Udupi,0,10,0,0,0,0,2,8,0,0,1,1,0,0,0,0,0,0,0,0,0,11,0,0,0,0,0,0,0,0,0,0,0,0,0,0,0,0,0,0,0,0,0,0,0,0,0,0,11
State: Karnataka,34,Uttara Kannada,0,16,0,0,0,4,12,0,0,0,2,0,2,0,0,0,0,0,0,0,0,18,0,0,0,4,0,2,2,0,0,0,0,0,0,0,0,0,0,0,1,5,0,0,0,0,0,0,23
State: Karnataka,35,Yadgiri,0,7,0,0,0,0,6,1,0,0,0,0,0,0,0,0,0,0,0,0,0,7,0,0,0,0,0,0,0,0,0,0,0,0,0,0,0,0,0,0,0,0,0,0,0,0,0,0,7
State: Karnataka,36,Belagavi City,0,11,8,0,8,0,0,3,0,0,4,1,0,0,0,3,0,0,0,0,2,17,0,0,0,0,0,0,0,0,0,0,0,0,0,0,0,0,0,0,0,0,0,0,0,0,0,0,17
State: Karnataka,,Total,7,2952,111,7,104,31,2278,494,38,0,157,90,42,0,2,23,0,0,0,0,36,3152,0,1,0,11,0,2,9,0,0,2,0,0,3,0,0,0,0,0,3,20,1,0,0,0,1,2,3174
State: Kerala,1,Alapuzha,0,4,0,0,0,0,0,1,3,0,3,3,0,0,0,0,0,0,0,0,0,7,0,0,0,1,0,0,0,1,0,1,0,0,0,0,0,0,0,0,0,2,0,0,3,0,0,3,12
State: Kerala,2,Ernakulam Commr.,3,7,3,0,3,0,3,1,0,0,5,4,1,0,0,0,0,0,0,0,0,15,0,0,0,0,0,0,0,0,0,5,0,0,1,0,0,0,0,1,17,24,0,0,0,0,0,0,39
State: Kerala,3,Ernakulam Rural,0,2,0,0,0,0,0,2,0,0,1,0,0,0,0,1,0,0,0,0,5,8,0,0,0,0,0,0,0,0,0,0,0,0,0,0,0,0,0,2,3,5,0,0,1,0,0,1,14
State: Kerala,4,Idukki,0,6,0,0,0,0,1,1,4,0,7,4,3,0,0,0,0,0,0,0,1,14,0,0,0,0,0,0,0,0,0,0,0,0,0,0,0,0,0,1,0,1,0,0,0,0,0,0,15
State: Kerala,5,Kannur,0,4,0,0,0,0,0,3,1,0,4,1,2,0,0,1,0,0,0,0,1,9,0,0,0,0,0,0,0,0,0,0,0,0,1,0,0,0,0,0,0,1,0,0,0,0,0,0,10
State: Kerala,6,Kasargod,0,0,0,0,0,0,0,0,0,0,0,0,0,0,0,0,0,0,0,0,3,3,0,0,0,0,0,0,0,0,0,0,0,0,0,0,0,0,0,0,0,0,0,0,0,0,0,0,3
State: Kerala,7,Kollam Commr.,0,12,0,0,0,0,0,0,12,0,0,0,0,0,0,0,0,0,0,0,0,12,0,0,0,0,0,0,0,0,0,0,0,0,0,0,0,0,0,0,0,0,0,0,0,0,0,0,12
State: Kerala,8,Kollam Rural,0,0,0,0,0,0,0,0,0,0,7,0,0,0,0,7,0,0,0,0,0,7,0,0,0,0,0,0,0,0,0,0,0,0,0,0,0,0,0,0,0,0,0,0,10,0,0,10,17
State: Kerala,9,Kottayam,0,2,0,0,0,0,0,2,0,0,4,4,0,0,0,0,0,0,0,0,2,8,0,0,0,0,0,0,0,0,0,0,0,0,0,0,0,0,0,0,0,0,0,0,0,0,0,0,8
State: Kerala,10,Kozhikode Commr.,0,4,1,0,1,0,0,2,1,0,1,0,1,0,0,0,0,0,0,0,0,5,0,3,0,1,0,0,0,1,0,0,1,0,0,0,0,0,0,0,2,7,0,0,0,0,0,0,12
State: Kerala,11,Kozhikode Rural,0,2,0,0,0,0,1,1,0,0,1,0,1,0,0,0,0,0,0,0,1,4,0,0,0,0,0,0,0,0,0,0,0,0,0,0,0,0,0,0,0,0,0,0,0,0,0,0,4
State: Kerala,12,Malappuram,0,6,0,0,0,0,2,1,3,1,5,5,0,0,0,0,0,0,0,0,2,14,0,1,0,0,0,0,0,0,0,0,1,0,0,0,0,0,1,0,0,3,0,0,0,0,0,0,17
State: Kerala,13,Palakkad,0,1,0,0,0,0,0,1,0,0,0,0,0,0,0,0,0,0,0,0,1,2,0,0,0,1,0,0,0,1,0,9,0,0,0,0,0,0,0,0,0,10,0,0,0,0,0,0,12
State: Kerala,14,Pathanamthitta,0,4,0,0,0,0,0,0,4,0,2,2,0,0,0,0,0,0,0,0,0,6,0,0,0,0,0,0,0,0,0,0,0,0,0,0,0,0,0,0,0,0,0,0,0,0,0,0,6
State: Kerala,15,Railways,0,0,0,0,0,0,0,0,0,0,0,0,0,0,0,0,0,0,0,0,0,0,0,0,0,0,0,0,0,0,0,0,0,0,0,0,0,0,0,0,0,0,0,0,0,0,0,0,0
State: Kerala,16,Thrissur Commr.,0,6,1,0,1,0,2,1,2,0,1,0,1,0,0,0,0,0,0,0,1,8,0,0,0,0,0,0,0,0,0,1,0,0,0,0,0,0,5,0,1,7,0,0,0,0,0,0,15
State: Kerala,17,Thrissur Rural,2,0,0,0,0,0,0,0,0,0,1,0,0,0,0,1,0,0,0,0,0,3,0,2,0,0,0,0,0,0,0,0,0,0,1,0,0,0,0,0,1,4,0,0,0,0,0,0,7
State: Kerala,18,Trivandrum Commr.,0,28,2,0,2,1,8,15,2,0,5,0,5,0,0,0,0,0,0,0,0,33,0,1,0,15,0,7,4,4,0,6,0,0,0,0,0,0,3,5,0,30,0,0,0,0,0,0,63
State: Kerala,19,Trivandrum Rural,0,5,0,0,0,0,0,4,1,0,3,1,2,0,0,0,0,0,0,0,1,9,0,0,0,0,0,0,0,0,0,1,0,0,0,0,0,0,0,0,2,3,0,0,0,0,0,0,12
State: Kerala,20,Wayanadu,1,0,0,0,0,0,0,0,0,0,0,0,0,0,0,0,0,0,0,0,0,1,0,0,0,0,0,0,0,0,0,0,0,0,0,0,0,0,0,0,0,0,0,0,0,0,0,0,1
State: Kerala,21,Crime Branch,2,18,8,0,8,0,2,6,2,0,9,5,3,1,0,0,0,2,0,0,0,31,0,1,0,2,0,0,2,0,0,0,1,0,0,0,0,0,0,3,2,9,0,0,1,0,0,1,41
State: Kerala,,Total,8,111,15,0,15,1,19,41,35,1,59,29,19,1,0,10,0,2,0,0,18,199,0,8,0,20,0,7,6,7,0,23,3,0,3,0,0,0,9,12,28,106,0,0,15,0,0,15,320
State: Madhya Pradesh,1,Agar,0,0,0,0,0,0,0,0,0,0,0,0,0,0,0,0,0,0,0,0,0,0,0,0,0,0,0,0,0,0,0,0,0,0,0,0,0,0,0,0,0,0,0,0,0,0,0,0,0
State: Madhya Pradesh,2,Alirajpur,0,0,0,0,0,0,0,0,0,0,0,0,0,0,0,0,0,0,0,0,0,0,0,0,0,0,0,0,0,0,0,0,0,0,0,0,0,0,0,1,0,1,0,0,0,0,0,0,1
State: Madhya Pradesh,3,Anuppur,0,0,0,0,0,0,0,0,0,0,0,0,0,0,0,0,0,0,0,0,0,0,0,0,0,0,0,0,0,0,0,3,0,0,0,0,0,0,0,0,2,5,0,0,0,0,0,0,5
State: Madhya Pradesh,4,Ashok Nagar,0,0,0,0,0,0,0,0,0,0,0,0,0,0,0,0,0,0,0,0,0,0,0,0,0,0,0,0,0,0,0,0,0,0,0,0,0,0,0,0,0,0,0,0,0,0,0,0,0
State: Madhya Pradesh,5,Balaghat,0,0,0,0,0,0,0,0,0,0,0,0,0,0,0,0,0,0,0,0,0,0,0,0,0,0,0,0,0,0,0,0,0,0,0,0,0,0,0,0,0,0,0,0,0,0,0,0,0
State: Madhya Pradesh,6,Barwani,0,0,0,0,0,0,0,0,0,0,0,0,0,0,0,0,0,0,0,0,0,0,0,0,0,0,0,0,0,0,0,0,0,0,0,0,0,0,0,0,2,2,0,0,0,0,0,0,2
State: Madhya Pradesh,7,Betul,0,0,0,0,0,0,0,0,0,0,0,0,0,0,0,0,0,0,0,0,0,0,0,0,0,0,0,0,0,0,0,0,0,0,0,0,0,0,0,0,0,0,0,0,0,0,0,0,0
State: Madhya Pradesh,8,Bhind,0,0,0,0,0,0,0,0,0,0,0,0,0,0,0,0,0,0,0,0,0,0,0,0,0,0,0,0,0,0,0,0,0,0,0,0,0,0,0,0,0,0,0,0,0,0,0,0,0
State: Madhya Pradesh,9,Bhopal,0,6,3,0,3,0,1,0,2,0,7,0,4,2,0,1,0,0,0,0,1,14,0,0,0,0,0,0,0,0,0,0,0,0,0,0,0,0,0,6,0,6,0,0,0,0,0,0,20
State: Madhya Pradesh,10,Bhopal Railway,0,0,0,0,0,0,0,0,0,0,0,0,0,0,0,0,0,0,0,0,0,0,0,0,0,0,0,0,0,0,0,0,0,0,0,0,0,0,0,0,0,0,0,0,0,0,0,0,0
State: Madhya Pradesh,11,Burhanpur,0,0,0,0,0,0,0,0,0,0,0,0,0,0,0,0,0,0,0,0,0,0,0,0,0,0,0,0,0,0,0,0,0,0,0,0,0,0,0,0,0,0,0,0,0,0,0,0,0
State: Madhya Pradesh,12,Chhatarpur,0,0,0,0,0,0,0,0,0,0,0,0,0,0,0,0,0,0,0,0,0,0,0,0,0,0,0,0,0,0,0,1,0,0,0,0,0,0,0,2,0,3,0,0,0,0,0,0,3
State: Madhya Pradesh,13,Chhindwara,0,0,0,0,0,0,0,0,0,0,0,0,0,0,0,0,0,0,0,0,0,0,0,0,0,0,0,0,0,0,0,0,0,0,0,0,0,0,0,0,0,0,0,0,0,0,0,0,0
State: Madhya Pradesh,14,Damoh,0,4,0,0,0,0,0,0,4,0,0,0,0,0,0,0,0,0,0,0,0,4,0,0,0,0,0,0,0,0,0,0,0,0,0,0,0,0,0,0,0,0,0,0,0,0,0,0,4
State: Madhya Pradesh,15,Datia,0,0,0,0,0,0,0,0,0,0,0,0,0,0,0,0,0,0,0,0,0,0,0,0,0,1,0,0,1,0,0,0,0,0,0,0,0,0,4,0,0,5,0,0,0,0,0,0,5
State: Madhya Pradesh,16,Dewas,0,0,0,0,0,0,0,0,0,0,0,0,0,0,0,0,0,0,0,0,0,0,0,0,0,0,0,0,0,0,0,0,0,0,0,0,0,0,0,0,0,0,0,0,0,0,0,0,0
State: Madhya Pradesh,17,Dhar,0,8,0,0,0,4,1,3,0,0,11,1,0,0,0,10,0,0,0,0,6,25,0,0,0,0,0,0,0,0,0,0,0,0,0,0,0,0,0,0,0,0,0,0,0,0,0,0,25
State: Madhya Pradesh,18,Dindori,0,0,0,0,0,0,0,0,0,0,0,0,0,0,0,0,0,0,0,0,0,0,0,0,0,0,0,0,0,0,0,0,0,0,0,0,0,0,0,0,1,1,0,0,2,0,0,2,3
State: Madhya Pradesh,19,Guna,0,0,0,0,0,0,0,0,0,0,0,0,0,0,0,0,0,0,0,0,0,0,0,0,0,0,0,0,0,0,0,0,0,0,0,0,0,0,0,0,0,0,0,0,0,0,0,0,0
State: Madhya Pradesh,20,Gwalior,0,16,13,0,13,0,2,1,0,0,6,5,0,1,0,0,0,0,0,0,0,22,0,0,0,0,0,0,0,0,0,0,0,0,0,0,0,0,0,0,0,0,0,0,0,0,0,0,22
State: Madhya Pradesh,21,Harda,0,0,0,0,0,0,0,0,0,0,0,0,0,0,0,0,0,0,0,0,1,1,0,0,0,1,0,0,0,1,0,0,0,0,0,0,0,0,0,0,0,1,0,0,0,0,0,0,2
State: Madhya Pradesh,22,Hoshangabad,0,0,0,0,0,0,0,0,0,0,0,0,0,0,0,0,0,0,0,0,0,0,0,0,0,0,0,0,0,0,0,0,0,0,0,0,0,0,0,0,0,0,0,0,0,0,0,0,0
State: Madhya Pradesh,23,Indore,0,0,0,0,0,0,0,0,0,0,0,0,0,0,0,0,0,0,0,0,0,0,0,3,0,9,1,4,4,0,0,10,4,0,0,0,0,0,1,0,13,40,0,0,0,0,0,0,40
State: Madhya Pradesh,24,Indore Railway,0,0,0,0,0,0,0,0,0,0,0,0,0,0,0,0,0,0,0,0,0,0,0,0,0,0,0,0,0,0,0,0,0,0,0,0,0,0,0,0,0,0,0,0,0,0,0,0,0
State: Madhya Pradesh,25,Jabalpur,0,0,0,0,0,0,0,0,0,0,1,1,0,0,0,0,0,0,0,0,1,2,0,6,0,14,0,14,0,0,0,0,0,0,0,0,0,0,0,0,11,31,6,0,0,0,0,6,39
State: Madhya Pradesh,26,Jabalpur Railway,0,0,0,0,0,0,0,0,0,0,0,0,0,0,0,0,0,0,0,0,0,0,0,0,0,0,0,0,0,0,0,0,0,0,0,0,0,0,0,0,0,0,0,0,0,0,0,0,0
State: Madhya Pradesh,27,Jhabua,0,1,0,0,0,0,1,0,0,0,0,0,0,0,0,0,0,0,0,0,0,1,0,0,0,0,0,0,0,0,0,0,0,0,0,0,0,0,0,0,0,0,0,0,0,0,0,0,1
State: Madhya Pradesh,28,Katni,0,0,0,0,0,0,0,0,0,0,0,0,0,0,0,0,0,0,0,0,0,0,0,0,0,0,0,0,0,0,0,0,0,0,0,0,0,0,0,0,0,0,0,0,0,0,0,0,0
State: Madhya Pradesh,29,Khandwa,0,0,0,0,0,0,0,0,0,0,1,1,0,0,0,0,0,0,0,0,0,1,0,0,0,0,0,0,0,0,0,0,0,0,0,0,0,0,0,0,0,0,0,0,0,0,0,0,1
State: Madhya Pradesh,30,Khargone,0,0,0,0,0,0,0,0,0,0,2,2,0,0,0,0,0,0,0,0,0,2,0,1,0,5,0,2,3,0,0,1,0,0,0,0,0,0,0,1,8,16,0,0,1,0,0,1,19
State: Madhya Pradesh,31,Mandla,0,0,0,0,0,0,0,0,0,0,0,0,0,0,0,0,0,0,0,0,0,0,0,0,0,0,0,0,0,0,0,0,0,0,0,0,0,0,0,0,0,0,0,0,0,0,0,0,0
State: Madhya Pradesh,32,Mandsaur,0,0,0,0,0,0,0,0,0,0,0,0,0,0,0,0,0,0,0,0,0,0,0,1,0,1,0,0,1,0,0,0,0,0,0,0,0,0,0,0,3,5,0,0,0,0,0,0,5
State: Madhya Pradesh,33,Morena,0,0,0,0,0,0,0,0,0,0,0,0,0,0,0,0,0,0,0,0,0,0,0,0,0,0,0,0,0,0,0,0,0,0,0,0,0,0,0,0,0,0,0,0,0,0,0,0,0
State: Madhya Pradesh,34,Narsinghpur,0,0,0,0,0,0,0,0,0,0,6,3,3,0,0,0,0,0,0,0,0,6,0,3,0,0,0,0,0,0,0,0,0,0,0,0,0,0,0,0,0,3,0,0,0,0,0,0,9
State: Madhya Pradesh,35,Neemuch,0,0,0,0,0,0,0,0,0,0,0,0,0,0,0,0,0,0,0,0,2,2,0,0,0,3,0,0,0,0,3,0,0,0,0,0,0,0,0,0,0,3,0,0,0,0,0,0,5
State: Madhya Pradesh,36,Panna,0,1,0,0,0,0,0,0,1,0,0,0,0,0,0,0,0,0,0,0,0,1,0,0,0,0,0,0,0,0,0,0,0,0,0,0,0,0,0,0,0,0,0,0,0,0,0,0,1
State: Madhya Pradesh,37,Raisen,0,2,0,0,0,0,0,2,0,0,0,0,0,0,0,0,0,0,0,0,0,2,0,0,0,0,0,0,0,0,0,0,0,0,0,0,0,0,0,0,0,0,0,0,0,0,0,0,2
State: Madhya Pradesh,38,Rajgarh,0,1,0,0,0,0,0,0,1,0,2,0,1,1,0,0,0,0,0,0,0,3,0,0,0,1,0,1,0,0,0,0,0,0,0,0,0,0,0,1,0,2,0,0,0,0,0,0,5
State: Madhya Pradesh,39,Ratlam,0,0,0,0,0,0,0,0,0,0,0,0,0,0,0,0,0,0,0,0,0,0,0,0,0,5,5,0,0,0,0,2,0,1,0,0,0,0,0,1,0,9,4,0,0,0,0,4,13
State: Madhya Pradesh,40,Rewa,0,7,6,0,6,0,0,1,0,0,6,4,0,0,0,2,0,0,0,0,0,13,0,0,0,0,0,0,0,0,0,0,0,0,0,0,0,0,0,0,0,0,0,0,0,0,0,0,13
State: Madhya Pradesh,41,Sagar,0,1,0,0,0,0,0,1,0,0,0,0,0,0,0,0,0,0,0,0,0,1,0,3,1,0,0,0,0,0,0,2,0,0,0,0,0,0,4,2,2,14,0,0,0,0,0,0,15
State: Madhya Pradesh,42,Satna,0,0,0,0,0,0,0,0,0,0,0,0,0,0,0,0,0,0,0,0,0,0,0,0,0,0,0,0,0,0,0,0,0,0,0,0,0,0,0,0,0,0,0,0,0,0,0,0,0
State: Madhya Pradesh,43,Seoni,0,0,0,0,0,0,0,0,0,0,0,0,0,0,0,0,0,0,0,0,1,1,0,3,0,1,0,1,0,0,0,0,0,0,0,0,0,0,0,0,3,7,0,0,0,0,0,0,8
State: Madhya Pradesh,44,Shahdol,0,0,0,0,0,0,0,0,0,0,0,0,0,0,0,0,0,0,0,0,0,0,0,0,0,7,0,7,0,0,0,0,0,0,0,0,0,0,0,1,1,9,0,0,0,0,0,0,9
State: Madhya Pradesh,45,Shajapur,0,1,0,0,0,0,1,0,0,0,0,0,0,0,0,0,0,0,0,0,0,1,0,2,0,0,0,0,0,0,0,2,0,0,0,0,0,0,0,0,3,7,0,0,0,0,0,0,8
State: Madhya Pradesh,46,Sheopur,0,0,0,0,0,0,0,0,0,0,0,0,0,0,0,0,0,0,0,0,0,0,0,0,0,0,0,0,0,0,0,0,0,0,0,0,0,0,0,0,0,0,0,0,0,0,0,0,0
State: Madhya Pradesh,47,Shivpuri,0,0,0,0,0,0,0,0,0,0,0,0,0,0,0,0,0,0,0,0,0,0,0,0,0,0,0,0,0,0,0,0,0,0,0,0,0,0,0,0,0,0,0,0,0,0,0,0,0
State: Madhya Pradesh,48,Sidhi,0,0,0,0,0,0,0,0,0,0,0,0,0,0,0,0,0,0,0,0,0,0,0,0,0,0,0,0,0,0,0,0,0,0,0,0,0,0,0,0,0,0,0,0,0,0,0,0,0
State: Madhya Pradesh,49,Sehore,0,0,0,0,0,0,0,0,0,0,0,0,0,0,0,0,0,0,0,0,0,0,0,0,0,0,0,0,0,0,0,0,0,0,0,0,0,0,0,0,0,0,0,0,0,0,0,0,0
State: Madhya Pradesh,50,Singrauli,0,0,0,0,0,0,0,0,0,0,0,0,0,0,0,0,0,0,0,0,0,0,0,0,0,10,0,10,0,0,0,0,0,0,0,0,0,0,1,1,1,13,0,0,0,0,0,0,13
State: Madhya Pradesh,51,Tikamgarh,0,0,0,0,0,0,0,0,0,0,0,0,0,0,0,0,0,0,0,0,1,1,0,3,0,2,0,0,0,0,2,3,0,0,0,0,0,0,4,0,6,18,0,0,0,0,0,0,19
State: Madhya Pradesh,52,Ujjain,0,0,0,0,0,0,0,0,0,0,1,0,1,0,0,0,0,0,0,0,0,1,0,0,1,6,0,6,0,0,0,0,0,1,0,0,0,0,1,1,28,38,0,0,0,0,0,0,39
State: Madhya Pradesh,53,Umaria,0,2,0,0,0,0,0,2,0,0,0,0,0,0,0,0,0,0,0,0,0,2,0,0,0,0,0,0,0,0,0,0,0,0,0,0,0,0,0,0,0,0,0,0,0,0,0,0,2
State: Madhya Pradesh,54,Vidisha,0,0,0,0,0,0,0,0,0,0,0,0,0,0,0,0,0,0,0,0,0,0,0,0,0,0,0,0,0,0,0,0,0,0,0,0,0,0,0,0,0,0,0,0,0,0,0,0,0
State: Madhya Pradesh,55,Cyber Crime Cell,0,98,4,4,0,1,30,62,1,0,34,20,10,3,0,1,0,0,0,0,0,132,0,0,0,0,0,0,0,0,0,0,0,0,0,0,0,0,0,0,0,0,0,0,0,0,0,0,132
State: Madhya Pradesh,,Total,0,148,26,4,22,5,36,72,9,0,77,37,19,7,0,14,0,0,0,0,13,238,0,25,2,66,6,45,9,1,5,24,4,2,0,0,0,0,15,17,84,239,10,0,3,0,0,13,490
State: Maharashtra,1,Ahmednagar,0,3,0,0,0,0,3,0,0,0,0,0,0,0,0,0,0,0,0,0,0,3,0,0,0,1,0,0,1,0,0,0,0,0,0,0,0,0,0,0,2,3,0,0,0,0,0,0,6
State: Maharashtra,2,Akola,0,0,0,0,0,0,0,0,0,0,0,0,0,0,0,0,0,0,0,0,0,0,0,4,0,0,0,0,0,0,0,3,0,0,0,0,0,0,0,0,5,12,0,0,0,0,0,0,12
State: Maharashtra,3,Amravati Commr.,0,21,0,0,0,2,8,11,0,0,2,1,1,0,0,0,0,0,0,0,0,23,0,6,0,2,0,2,0,0,0,1,2,0,0,0,0,0,1,0,7,19,0,0,0,0,0,0,42
State: Maharashtra,4,Amravati Rural,0,10,0,0,0,0,0,0,10,0,6,0,6,0,0,0,0,0,0,0,0,16,0,2,0,53,6,38,6,0,3,0,0,0,0,0,0,0,0,2,1,58,0,0,0,0,0,0,74
State: Maharashtra,5,Aurangabad Commr.,0,28,3,3,0,0,21,4,0,0,0,0,0,0,0,0,0,0,0,0,0,28,0,27,1,109,0,64,45,0,0,0,0,0,0,0,0,0,0,0,4,141,0,0,0,0,0,0,169
State: Maharashtra,6,Aurangabad Rural,0,1,0,0,0,0,0,1,0,0,1,1,0,0,0,0,0,0,0,0,0,2,0,1,0,19,0,6,1,9,3,6,0,0,0,0,0,0,0,0,4,30,0,0,0,0,0,0,32
State: Maharashtra,7,Beed,0,2,0,0,0,1,1,0,0,0,1,0,1,0,0,0,0,0,0,0,0,3,0,1,0,4,0,4,0,0,0,4,0,0,0,0,0,0,0,1,5,15,0,0,0,0,0,0,18
State: Maharashtra,8,Bhandara,0,1,0,0,0,0,0,0,1,0,0,0,0,0,0,0,0,0,0,0,0,1,0,2,3,25,0,24,1,0,0,6,0,0,0,0,0,0,0,0,8,44,0,0,0,0,1,1,46
State: Maharashtra,9,Buldhana,0,2,1,0,1,0,0,1,0,0,2,2,0,0,0,0,0,0,0,0,0,4,0,0,0,10,0,1,0,8,1,0,0,0,0,0,0,0,0,0,4,14,0,0,0,0,0,0,18
State: Maharashtra,10,Chandrapur,0,2,0,0,0,0,2,0,0,0,2,2,0,0,0,0,0,0,0,0,0,4,0,0,0,25,1,13,5,2,4,0,0,0,0,0,0,0,0,0,18,43,0,0,0,0,0,0,47
State: Maharashtra,11,Dhule,0,2,1,1,0,0,1,0,0,0,3,0,0,0,0,3,0,0,0,0,0,5,0,2,0,13,0,8,3,2,0,0,0,0,0,0,0,0,0,0,5,20,0,0,0,0,0,0,25
State: Maharashtra,12,Gadchiroli,0,0,0,0,0,0,0,0,0,0,0,0,0,0,0,0,0,0,0,0,0,0,0,0,0,4,0,1,0,0,3,0,0,0,0,0,0,0,0,0,2,6,0,0,0,0,0,0,6
State: Maharashtra,13,Gondia,0,0,0,0,0,0,0,0,0,0,0,0,0,0,0,0,0,0,0,0,1,1,0,5,0,0,0,0,0,0,0,8,0,0,0,0,0,0,0,0,1,14,0,0,0,0,0,0,15
State: Maharashtra,14,Hingoli,0,0,0,0,0,0,0,0,0,0,0,0,0,0,0,0,0,0,0,0,0,0,0,1,0,2,0,2,0,0,0,0,0,0,0,0,0,0,0,0,2,5,0,0,0,0,0,0,5
State: Maharashtra,15,Jalgaon,0,1,0,0,0,0,0,1,0,0,2,0,2,0,0,0,0,0,0,0,0,3,0,0,0,3,0,2,0,0,1,4,0,0,0,0,0,0,2,0,5,14,0,0,0,0,1,1,18
State: Maharashtra,16,Jalna,0,0,0,0,0,0,0,0,0,0,5,3,1,0,0,1,0,0,0,0,0,5,0,0,0,5,1,2,0,0,2,0,0,0,2,0,0,0,2,0,1,10,0,0,0,0,0,0,15
State: Maharashtra,17,Kolhapur,0,0,0,0,0,0,0,0,0,0,1,1,0,0,0,0,0,0,0,0,0,1,0,1,0,8,4,1,0,0,3,7,1,0,0,0,0,0,0,0,11,28,0,0,7,0,0,7,36
State: Maharashtra,18,Latur,0,2,0,0,0,0,0,2,0,0,0,0,0,0,0,0,0,0,0,0,0,2,0,1,0,10,0,3,4,1,2,0,0,0,0,0,0,0,0,0,6,17,0,0,0,0,0,0,19
State: Maharashtra,19,Mumbai Commr.,1,27,4,0,4,0,7,14,2,0,10,4,5,0,0,1,0,0,0,0,2,40,0,132,14,446,81,185,51,20,109,578,9,0,2,0,0,0,2,2,131,1316,0,0,6,0,0,6,1362
State: Maharashtra,20,Mumbai Railway,0,0,0,0,0,0,0,0,0,0,0,0,0,0,0,0,0,0,0,0,0,0,0,1,10,0,0,0,0,0,0,4,0,0,0,0,0,0,0,0,5,20,0,0,0,0,0,0,20
State: Maharashtra,21,Nagpur Commr.,0,9,1,0,1,1,3,4,0,0,2,0,0,0,0,2,0,0,0,0,0,11,0,12,0,20,1,6,13,0,0,24,0,0,0,0,0,0,1,0,14,71,0,0,0,0,0,0,82
State: Maharashtra,22,Nagpur Railway,0,0,0,0,0,0,0,0,0,0,0,0,0,0,0,0,0,0,0,0,0,0,0,1,0,0,0,0,0,0,0,0,0,0,0,0,0,0,0,0,0,1,0,0,0,0,0,0,1
State: Maharashtra,23,Nagpur Rural,0,10,0,0,0,0,10,0,0,0,1,0,0,0,0,1,0,0,0,0,0,11,0,7,0,9,1,5,0,2,1,10,0,0,0,0,0,0,0,0,2,28,0,0,0,0,0,0,39
State: Maharashtra,24,Nanded,0,1,0,0,0,0,0,1,0,0,0,0,0,0,0,0,0,0,0,0,0,1,0,0,1,1,0,1,0,0,0,2,1,0,0,0,0,0,0,0,3,8,0,0,0,0,0,0,9
State: Maharashtra,25,Nandurbar,0,1,0,0,0,0,0,0,1,0,0,0,0,0,0,0,0,0,0,0,0,1,0,0,0,1,0,1,0,0,0,1,0,0,0,0,0,0,0,0,0,2,0,0,0,0,0,0,3
State: Maharashtra,26,Nasik Commr.,0,30,0,0,0,0,15,14,1,0,6,3,3,0,0,0,0,0,0,0,0,36,0,11,0,39,1,6,23,9,0,9,0,0,0,0,0,0,0,2,2,63,1,0,0,0,0,1,100
State: Maharashtra,27,Nasik Rural,0,2,0,0,0,0,2,0,0,0,3,0,2,1,0,0,0,0,0,0,0,5,0,0,1,7,0,6,1,0,0,11,0,0,0,0,0,0,0,1,3,23,0,0,2,1,1,4,32
State: Maharashtra,28,Navi Mumbai,0,7,2,2,0,0,2,3,0,0,2,0,2,0,0,0,0,0,0,0,1,10,0,4,1,19,0,11,1,0,7,15,1,1,0,0,0,0,0,0,19,60,0,0,1,0,1,2,72
State: Maharashtra,29,Osmanabad,0,1,0,0,0,0,0,1,0,0,0,0,0,0,0,0,0,0,0,0,0,1,0,1,0,9,0,6,1,1,1,0,0,0,0,0,0,0,0,0,2,12,0,0,0,0,0,0,13
State: Maharashtra,30,Palghar,0,4,0,0,0,0,4,0,0,0,6,5,0,0,1,0,0,0,0,0,2,12,0,6,0,32,1,15,14,0,2,0,0,0,0,0,0,0,0,0,12,50,0,0,0,0,0,0,62
State: Maharashtra,31,Parbhani,0,1,1,0,1,0,0,0,0,0,0,0,0,0,0,0,0,0,0,0,0,1,0,4,0,0,0,0,0,0,0,3,0,0,0,0,0,0,0,0,5,12,0,0,0,0,0,0,13
State: Maharashtra,32,Pune Commr.,3,78,2,1,1,1,48,26,1,0,6,5,1,0,0,0,0,0,0,1,0,88,0,25,0,141,20,25,43,10,43,54,0,0,0,0,0,0,0,1,9,230,0,0,0,0,0,0,318
State: Maharashtra,33,Pune Railway,0,0,0,0,0,0,0,0,0,0,0,0,0,0,0,0,0,0,0,0,0,0,0,0,0,0,0,0,0,0,0,0,0,0,0,0,0,0,0,0,0,0,0,0,0,0,0,0,0
State: Maharashtra,34,Pune Rural,1,35,1,0,1,1,27,6,0,0,3,3,0,0,0,0,0,0,0,0,0,39,0,2,0,129,8,20,97,0,4,0,0,0,0,0,0,0,0,0,0,131,0,0,0,0,0,0,170
State: Maharashtra,35,Raigad,0,2,0,0,0,0,2,0,0,0,0,0,0,0,0,0,0,0,0,0,1,3,0,3,1,41,0,14,12,14,1,0,0,0,0,0,0,0,0,0,6,51,0,0,0,0,0,0,54
State: Maharashtra,36,Ratnagiri,0,2,0,0,0,0,2,0,0,0,0,0,0,0,0,0,0,0,0,0,0,2,0,3,0,41,0,41,0,0,0,0,0,0,0,0,0,0,0,1,1,46,0,0,0,0,0,0,48
State: Maharashtra,37,Sangli,0,6,0,0,0,0,5,1,0,0,3,2,1,0,0,0,0,0,0,0,0,9,0,6,0,1,0,1,0,0,0,5,0,0,0,0,0,0,0,0,11,23,0,0,0,0,0,0,32
State: Maharashtra,38,Satara,0,8,3,0,3,0,2,1,2,0,3,0,0,0,0,3,0,0,0,0,0,11,0,1,0,0,0,0,0,0,0,22,1,0,0,0,0,0,0,0,9,33,0,0,0,0,0,0,44
State: Maharashtra,39,Sindhudurg,0,2,0,0,0,0,2,0,0,0,1,0,1,0,0,0,0,0,0,0,0,3,0,0,0,9,0,3,6,0,0,0,0,0,0,0,0,0,0,1,3,13,0,0,0,0,0,0,16
State: Maharashtra,40,Solapur Commr.,0,13,13,0,13,0,0,0,0,0,0,0,0,0,0,0,0,0,0,0,0,13,0,2,0,0,0,0,0,0,0,6,0,0,0,0,0,0,0,0,3,11,0,0,0,0,0,0,24
State: Maharashtra,41,Solapur Rural,0,0,0,0,0,0,0,0,0,0,2,2,0,0,0,0,0,0,0,0,0,2,0,3,0,0,0,0,0,0,0,10,0,0,0,0,0,0,0,0,5,18,0,0,0,0,0,0,20
State: Maharashtra,42,Thane Commr.,0,94,0,0,0,1,30,59,4,0,5,3,1,0,1,0,1,0,0,0,57,157,0,15,2,109,16,57,15,3,18,14,0,0,0,0,0,0,2,0,18,160,1,0,0,0,3,4,321
State: Maharashtra,43,Thane Rural,0,7,0,0,0,1,5,1,0,0,0,0,0,0,0,0,0,0,0,0,4,11,0,3,0,19,0,16,1,0,2,5,2,0,0,0,0,0,0,0,7,36,0,0,0,0,0,0,47
State: Maharashtra,44,Wardha,0,9,0,0,0,0,2,7,0,0,1,1,0,0,0,0,0,0,0,0,0,10,0,5,0,44,0,0,1,39,4,0,0,0,0,0,0,0,0,0,2,51,0,0,0,0,0,0,61
State: Maharashtra,45,Washim,0,0,0,0,0,0,0,0,0,0,0,0,0,0,0,0,0,0,0,0,0,0,0,1,0,5,0,2,0,2,1,2,0,0,0,0,0,0,0,0,0,8,0,0,0,0,0,0,8
State: Maharashtra,46,Yavatmal,0,7,3,0,3,4,0,0,0,0,1,1,0,0,0,0,0,0,0,0,0,8,0,0,0,11,0,6,0,0,5,7,0,0,0,0,0,0,0,0,4,22,0,0,0,0,0,0,30
State: Maharashtra,,Total,5,431,35,7,28,12,204,158,22,0,80,39,27,1,2,11,1,0,0,1,68,586,0,301,34,1426,141,598,345,122,220,821,17,1,4,0,0,0,10,11,367,2992,2,0,16,1,7,26,3604
State: Manipur,1,Bishnupur,0,0,0,0,0,0,0,0,0,0,0,0,0,0,0,0,0,0,0,0,0,0,0,0,0,0,0,0,0,0,0,0,0,0,0,0,0,0,0,0,0,0,0,0,0,0,0,0,0
State: Manipur,2,Chandel,0,0,0,0,0,0,0,0,0,0,0,0,0,0,0,0,0,0,0,0,0,0,0,0,0,0,0,0,0,0,0,0,0,0,0,0,0,0,0,0,0,0,0,0,0,0,0,0,0
State: Manipur,3,Churachandpur,0,0,0,0,0,0,0,0,0,0,0,0,0,0,0,0,0,0,0,0,0,0,0,0,0,0,0,0,0,0,0,0,0,0,0,0,0,0,0,0,0,0,0,0,0,0,0,0,0
State: Manipur,4,CID,0,1,0,0,0,0,1,0,0,0,1,1,0,0,0,0,0,0,0,0,0,2,0,7,5,5,0,0,1,0,4,25,1,0,0,0,0,0,1,0,6,50,0,0,0,0,0,0,52
State: Manipur,5,Imphal East,0,2,0,0,0,2,0,0,0,0,0,0,0,0,0,0,0,0,0,0,0,2,0,0,0,0,0,0,0,0,0,0,0,0,0,0,0,0,0,0,0,0,0,0,0,0,0,0,2
State: Manipur,6,Imphal West,0,2,0,0,0,2,0,0,0,0,2,0,2,0,0,0,0,0,0,0,0,4,0,0,1,0,0,0,0,0,0,3,2,0,0,0,0,0,0,0,9,15,0,0,0,0,0,0,19
State: Manipur,7,Senapati,0,0,0,0,0,0,0,0,0,0,0,0,0,0,0,0,0,0,0,0,0,0,0,0,0,0,0,0,0,0,0,0,0,0,0,0,0,0,0,0,0,0,0,0,0,0,0,0,0
State: Manipur,8,Tamenglong,0,0,0,0,0,0,0,0,0,0,0,0,0,0,0,0,0,0,0,0,0,0,0,0,0,0,0,0,0,0,0,0,0,0,0,0,0,0,0,0,0,0,0,0,0,0,0,0,0
State: Manipur,9,Thoubal,0,0,0,0,0,0,0,0,0,0,1,1,0,0,0,0,0,0,0,0,0,1,0,0,0,0,0,0,0,0,0,0,0,0,0,0,0,0,0,0,0,0,0,0,0,0,0,0,1
State: Manipur,10,Ukhrul,0,0,0,0,0,0,0,0,0,0,0,0,0,0,0,0,0,0,0,0,0,0,0,0,0,0,0,0,0,0,0,0,0,0,0,0,0,0,0,0,0,0,0,0,0,0,0,0,0
State: Manipur,,Total,0,5,0,0,0,4,1,0,0,0,4,2,2,0,0,0,0,0,0,0,0,9,0,7,6,5,0,0,1,0,4,28,3,0,0,0,0,0,1,0,15,65,0,0,0,0,0,0,74
State: Meghalaya,1,Garo Hills East,0,0,0,0,0,0,0,0,0,0,0,0,0,0,0,0,0,0,0,0,0,0,0,0,0,0,0,0,0,0,0,0,0,0,0,0,0,0,0,0,0,0,0,0,0,0,0,0,0
State: Meghalaya,2,Garo Hills North,0,0,0,0,0,0,0,0,0,0,0,0,0,0,0,0,0,0,0,0,0,0,0,0,0,0,0,0,0,0,0,0,0,0,0,0,0,0,0,0,0,0,0,0,0,0,0,0,0
State: Meghalaya,3,Garo Hills South,0,0,0,0,0,0,0,0,0,0,0,0,0,0,0,0,0,0,0,0,0,0,0,0,0,0,0,0,0,0,0,0,0,0,0,0,0,0,0,0,0,0,0,0,0,0,0,0,0
State: Meghalaya,4,Garo Hills South West,0,0,0,0,0,0,0,0,0,0,0,0,0,0,0,0,0,0,0,0,0,0,0,0,0,0,0,0,0,0,0,0,0,0,0,0,0,0,0,0,0,0,0,0,0,0,0,0,0
State: Meghalaya,5,Garo Hills West,0,0,0,0,0,0,0,0,0,0,0,0,0,0,0,0,0,0,0,0,0,0,0,0,0,0,0,0,0,0,0,0,0,0,0,0,0,0,0,0,0,0,0,0,0,0,0,0,0
State: Meghalaya,6,Jaintia Hills West,0,0,0,0,0,0,0,0,0,0,0,0,0,0,0,0,0,0,0,0,0,0,0,0,0,0,0,0,0,0,0,0,0,0,0,0,0,0,0,0,0,0,0,0,0,0,0,0,0
State: Meghalaya,7,Jaintia Hills East,0,0,0,0,0,0,0,0,0,0,0,0,0,0,0,0,0,0,0,0,0,0,0,0,0,0,0,0,0,0,0,0,0,0,0,0,0,0,0,0,0,0,0,0,0,0,0,0,0
State: Meghalaya,8,Khasi Hills East,0,25,2,0,2,0,17,6,0,0,4,4,0,0,0,0,0,0,0,0,0,29,0,0,0,2,0,2,0,0,0,0,0,0,0,0,0,0,1,0,0,3,0,0,0,0,0,0,32
State: Meghalaya,9,Khasi Hills South West,0,0,0,0,0,0,0,0,0,0,1,0,1,0,0,0,0,0,0,0,0,1,0,0,0,0,0,0,0,0,0,0,0,0,0,0,0,0,0,0,0,0,0,0,0,0,0,0,1
State: Meghalaya,10,Khasi Hills West,0,1,0,0,0,0,1,0,0,0,1,0,1,0,0,0,0,0,0,0,0,2,0,0,0,0,0,0,0,0,0,0,0,0,0,0,0,0,0,0,0,0,0,0,0,0,0,0,2
State: Meghalaya,11,Ri-Bhoi,0,2,0,0,0,0,2,0,0,0,0,0,0,0,0,0,0,0,0,0,1,3,0,0,0,1,0,0,1,0,0,0,0,0,0,0,0,0,0,0,0,1,0,0,0,0,0,0,4
State: Meghalaya,,Total,0,28,2,0,2,0,20,6,0,0,6,4,2,0,0,0,0,0,0,0,1,35,0,0,0,3,0,2,1,0,0,0,0,0,0,0,0,0,1,0,0,4,0,0,0,0,0,0,39
State: Mizoram,1,Aizawl,3,4,0,0,0,0,3,0,1,0,0,0,0,0,0,0,0,0,0,0,2,9,0,0,0,0,0,0,0,0,0,0,0,0,0,0,0,0,0,0,0,0,0,0,0,0,0,0,9
State: Mizoram,2,Champhai,0,0,0,0,0,0,0,0,0,0,0,0,0,0,0,0,0,0,0,0,0,0,0,0,0,0,0,0,0,0,0,0,0,0,0,0,0,0,0,0,0,0,0,0,0,0,0,0,0
State: Mizoram,3,Kolasib,0,0,0,0,0,0,0,0,0,0,0,0,0,0,0,0,0,0,0,0,0,0,0,0,0,0,0,0,0,0,0,0,0,0,0,0,0,0,0,0,0,0,0,0,0,0,0,0,0
State: Mizoram,4,Lawngtlai,0,0,0,0,0,0,0,0,0,0,0,0,0,0,0,0,0,0,0,0,0,0,0,0,0,0,0,0,0,0,0,0,0,0,0,0,0,0,0,0,0,0,0,0,0,0,0,0,0
State: Mizoram,5,Lunglei,0,0,0,0,0,0,0,0,0,0,0,0,0,0,0,0,0,0,0,0,0,0,0,0,0,0,0,0,0,0,0,0,0,0,0,0,0,0,0,0,0,0,0,0,0,0,0,0,0
State: Mizoram,6,Mamit,0,0,0,0,0,0,0,0,0,0,0,0,0,0,0,0,0,0,0,0,0,0,0,0,0,0,0,0,0,0,0,0,0,0,0,0,0,0,0,0,0,0,0,0,0,0,0,0,0
State: Mizoram,7,Saiha,0,1,0,0,0,0,1,0,0,0,0,0,0,0,0,0,0,0,0,0,0,1,0,0,0,0,0,0,0,0,0,0,0,0,0,0,0,0,0,0,0,0,0,0,0,0,0,0,1
State: Mizoram,8,Serchhip,0,0,0,0,0,0,0,0,0,0,0,0,0,0,0,0,0,0,0,0,0,0,0,0,0,0,0,0,0,0,0,0,0,0,0,0,0,0,0,0,0,0,0,0,0,0,0,0,0
State: Mizoram,10,Spl Narcotic,0,0,0,0,0,0,0,0,0,0,0,0,0,0,0,0,0,0,0,0,0,0,0,0,0,0,0,0,0,0,0,0,0,0,0,0,0,0,0,0,0,0,0,0,0,0,0,0,0
State: Mizoram,,Total,3,5,0,0,0,0,4,0,1,0,0,0,0,0,0,0,0,0,0,0,2,10,0,0,0,0,0,0,0,0,0,0,0,0,0,0,0,0,0,0,0,0,0,0,0,0,0,0,10
State: Nagaland,1,Dimapur,0,0,0,0,0,0,0,0,0,0,0,0,0,0,0,0,0,0,0,0,0,0,0,0,0,0,0,0,0,0,0,0,0,0,0,0,0,0,0,0,0,0,0,0,0,0,0,0,0
State: Nagaland,2,Kiphire,0,0,0,0,0,0,0,0,0,0,0,0,0,0,0,0,0,0,0,0,0,0,0,0,0,0,0,0,0,0,0,0,0,0,0,0,0,0,0,0,0,0,0,0,0,0,0,0,0
State: Nagaland,3,Kohima,0,0,0,0,0,0,0,0,0,0,0,0,0,0,0,0,0,0,0,0,0,0,0,0,0,0,0,0,0,0,0,0,0,0,0,0,0,0,0,0,0,0,0,0,0,0,0,0,0
State: Nagaland,4,Longleng,0,0,0,0,0,0,0,0,0,0,0,0,0,0,0,0,0,0,0,0,0,0,0,0,0,0,0,0,0,0,0,0,0,0,0,0,0,0,0,0,0,0,0,0,0,0,0,0,0
State: Nagaland,5,Mokokchung,0,0,0,0,0,0,0,0,0,0,0,0,0,0,0,0,0,0,0,0,0,0,0,0,0,0,0,0,0,0,0,0,0,0,0,0,0,0,0,0,0,0,0,0,0,0,0,0,0
State: Nagaland,6,Mon,0,0,0,0,0,0,0,0,0,0,0,0,0,0,0,0,0,0,0,0,0,0,0,0,0,0,0,0,0,0,0,0,0,0,0,0,0,0,0,0,0,0,0,0,0,0,0,0,0
State: Nagaland,7,Peren,0,0,0,0,0,0,0,0,0,0,0,0,0,0,0,0,0,0,0,0,0,0,0,0,0,0,0,0,0,0,0,0,0,0,0,0,0,0,0,0,0,0,0,0,0,0,0,0,0
State: Nagaland,8,Phek,0,0,0,0,0,0,0,0,0,0,0,0,0,0,0,0,0,0,0,0,0,0,0,0,0,0,0,0,0,0,0,0,0,0,0,0,0,0,0,0,0,0,0,0,0,0,0,0,0
State: Nagaland,9,Tuensang,0,0,0,0,0,0,0,0,0,0,0,0,0,0,0,0,0,0,0,0,0,0,0,0,0,0,0,0,0,0,0,0,0,0,0,0,0,0,0,0,0,0,0,0,0,0,0,0,0
State: Nagaland,10,Wokha,0,0,0,0,0,0,0,0,0,0,0,0,0,0,0,0,0,0,0,0,0,0,0,0,0,0,0,0,0,0,0,0,0,0,0,0,0,0,0,0,0,0,0,0,0,0,0,0,0
State: Nagaland,11,Zunheboto,0,0,0,0,0,0,0,0,0,0,0,0,0,0,0,0,0,0,0,0,0,0,0,0,0,0,0,0,0,0,0,0,0,0,0,0,0,0,0,0,0,0,0,0,0,0,0,0,0
State: Nagaland,,Total,0,0,0,0,0,0,0,0,0,0,0,0,0,0,0,0,0,0,0,0,0,0,0,0,0,0,0,0,0,0,0,0,0,0,0,0,0,0,0,0,0,0,0,0,0,0,0,0,0
State: Odisha,1,Angul,0,0,0,0,0,0,0,0,0,0,0,0,0,0,0,0,0,0,0,0,0,0,0,6,0,14,0,12,2,0,0,0,0,0,0,0,0,0,0,0,2,22,0,0,0,0,0,0,22
State: Odisha,2,Balasore,0,0,0,0,0,0,0,0,0,0,11,0,11,0,0,0,0,0,0,0,4,15,0,0,0,11,0,11,0,0,0,0,0,0,0,0,0,0,0,0,0,11,0,0,0,0,0,0,26
State: Odisha,3,Baragarh,0,0,0,0,0,0,0,0,0,0,0,0,0,0,0,0,0,0,0,0,0,0,0,0,7,0,0,0,0,0,0,7,0,1,0,0,0,0,0,0,0,15,0,0,0,0,0,0,15
State: Odisha,4,Berhampur,0,0,0,0,0,0,0,0,0,0,0,0,0,0,0,0,0,0,0,0,0,0,0,0,10,0,0,0,0,0,0,19,0,0,0,0,0,0,0,0,6,35,0,0,0,0,0,0,35
State: Odisha,5,Bhadrak,0,0,0,0,0,0,0,0,0,0,0,0,0,0,0,0,0,0,0,0,0,0,0,0,0,12,2,5,5,0,0,0,2,0,0,0,0,0,4,0,0,18,0,0,0,0,0,0,18
State: Odisha,6,Bolangir,0,0,0,0,0,0,0,0,0,0,0,0,0,0,0,0,0,0,0,0,0,0,0,0,0,24,0,4,1,0,19,0,0,0,0,0,0,0,0,0,0,24,0,0,0,0,0,0,24
State: Odisha,7,Boudh,0,0,0,0,0,0,0,0,0,0,0,0,0,0,0,0,0,0,0,0,0,0,0,0,0,3,0,0,2,0,1,0,0,0,0,0,0,0,0,0,0,3,0,0,0,0,0,0,3
State: Odisha,8,Cuttack,0,0,0,0,0,0,0,0,0,0,0,0,0,0,0,0,0,0,0,0,0,0,0,0,0,23,0,23,0,0,0,0,0,0,0,0,0,0,4,0,0,27,0,0,0,0,0,0,27
State: Odisha,9,DCP BBSR,0,0,0,0,0,0,0,0,0,0,0,0,0,0,0,0,0,0,0,0,0,0,0,0,0,0,0,0,0,0,0,90,0,0,0,0,0,0,0,0,0,90,0,0,0,0,0,0,90
State: Odisha,10,DCP CTC,0,0,0,0,0,0,0,0,0,0,0,0,0,0,0,0,0,0,0,0,0,0,0,0,0,0,0,0,0,0,0,43,0,0,0,0,0,0,0,0,8,51,0,0,0,0,0,0,51
State: Odisha,11,Deogarh,0,0,0,0,0,0,0,0,0,0,0,0,0,0,0,0,0,0,0,0,0,0,0,0,0,12,0,12,0,0,0,0,0,0,0,0,0,0,2,0,0,14,0,0,0,0,0,0,14
State: Odisha,12,Dhenkanal,0,0,0,0,0,0,0,0,0,0,0,0,0,0,0,0,0,0,0,0,0,0,0,0,0,0,0,0,0,0,0,11,0,0,0,0,0,0,0,0,0,11,0,0,0,0,0,0,11
State: Odisha,13,Gajapati,0,0,0,0,0,0,0,0,0,0,0,0,0,0,0,0,0,0,0,0,0,0,0,0,0,6,2,3,1,0,0,0,0,0,0,0,0,0,0,0,2,8,0,0,0,0,0,0,8
State: Odisha,14,Ganjam,0,0,0,0,0,0,0,0,0,0,0,0,0,0,0,0,0,0,0,0,0,0,0,0,0,15,0,12,3,0,0,0,0,0,0,0,0,0,0,0,14,29,0,0,0,0,0,0,29
State: Odisha,15,Jagatsinghpur,0,0,0,0,0,0,0,0,0,0,0,0,0,0,0,0,0,0,0,0,0,0,0,0,0,0,0,0,0,0,0,14,0,0,0,0,0,0,0,0,0,14,0,0,0,0,0,0,14
State: Odisha,16,Jajpur,0,0,0,0,0,0,0,0,0,0,0,0,0,0,0,0,0,0,0,0,0,0,0,0,0,32,0,8,24,0,0,0,0,0,0,0,0,0,14,0,0,46,0,0,0,0,0,0,46
State: Odisha,17,Jharsuguda,0,0,0,0,0,0,0,0,0,0,0,0,0,0,0,0,0,0,0,0,0,0,0,0,0,5,1,1,2,0,1,0,0,0,0,0,0,0,6,0,0,11,0,0,0,0,0,0,11
State: Odisha,18,Kalahandi,0,0,0,0,0,0,0,0,0,0,1,0,1,0,0,0,0,0,0,0,7,8,0,0,0,0,0,0,0,0,0,0,0,0,0,0,0,0,0,0,0,0,0,0,0,0,0,0,8
State: Odisha,19,Kandhamal,0,0,0,0,0,0,0,0,0,0,0,0,0,0,0,0,0,0,0,0,0,0,0,0,0,7,0,5,2,0,0,1,0,0,0,0,0,0,4,0,0,12,0,0,0,0,0,0,12
State: Odisha,20,Kendrapara,0,0,0,0,0,0,0,0,0,0,0,0,0,0,0,0,0,0,0,0,1,1,0,0,0,0,0,0,0,0,0,17,0,0,0,0,0,0,0,0,0,17,0,0,0,0,0,0,18
State: Odisha,21,Keonjhar,0,0,0,0,0,0,0,0,0,0,10,0,10,0,0,0,0,0,0,0,0,10,0,0,0,11,0,7,4,0,0,0,0,0,0,0,0,0,0,0,0,11,0,0,0,0,0,0,21
State: Odisha,22,Khurda,0,0,0,0,0,0,0,0,0,0,0,0,0,0,0,0,0,0,0,0,0,0,0,0,0,9,0,9,0,0,0,0,0,0,0,0,0,0,0,0,0,9,0,0,0,0,0,0,9
State: Odisha,23,Koraput,0,0,0,0,0,0,0,0,0,0,0,0,0,0,0,0,0,0,0,0,0,0,0,0,0,35,0,24,11,0,0,0,0,0,0,0,0,0,7,0,0,42,0,0,0,0,0,0,42
State: Odisha,24,Malkangiri,0,0,0,0,0,0,0,0,0,0,0,0,0,0,0,0,0,0,0,0,0,0,0,0,0,8,0,3,5,0,0,0,0,0,0,0,0,0,4,0,0,12,0,0,0,0,0,0,12
State: Odisha,25,Mayurbhanj,0,0,0,0,0,0,0,0,0,0,0,0,0,0,0,0,0,0,0,0,0,0,0,0,0,15,2,6,5,0,2,0,0,0,0,0,0,0,0,0,10,25,0,0,0,0,0,0,25
State: Odisha,26,Nayagarh,3,8,0,0,0,2,1,5,0,0,4,0,2,0,2,0,0,0,0,0,0,15,0,0,0,0,0,0,0,0,0,0,0,0,0,0,0,0,0,0,0,0,0,0,0,0,0,0,15
State: Odisha,27,Nabarangpur,0,0,0,0,0,0,0,0,0,0,2,2,0,0,0,0,0,0,0,0,0,2,0,0,0,0,0,0,0,0,0,0,0,0,0,0,0,0,0,0,26,26,0,0,0,0,0,0,28
State: Odisha,28,Nuapada,0,0,0,0,0,0,0,0,0,0,0,0,0,0,0,0,0,0,0,0,0,0,0,0,0,7,0,0,7,0,0,0,0,4,0,0,0,0,0,0,0,11,0,0,0,0,0,0,11
State: Odisha,29,Puri,0,0,0,0,0,0,0,0,0,0,0,0,0,0,0,0,0,0,0,0,0,0,0,0,0,5,0,4,1,0,0,0,0,0,0,0,0,0,10,0,0,15,0,0,0,0,0,0,15
State: Odisha,30,Rayagada,0,9,0,0,0,0,0,9,0,0,0,0,0,0,0,0,0,0,0,0,0,9,0,0,0,0,0,0,0,0,0,0,0,0,0,0,0,0,0,0,0,0,0,0,0,0,0,0,9
State: Odisha,31,Rourkela,0,0,0,0,0,0,0,0,0,0,0,0,0,0,0,0,0,0,0,0,0,0,0,0,0,34,0,7,26,0,1,0,0,0,0,0,0,0,7,13,0,54,0,0,0,0,0,0,54
State: Odisha,32,Sambalpur,0,0,0,0,0,0,0,0,0,0,0,0,0,0,0,0,0,0,0,0,0,0,0,0,0,25,0,10,15,0,0,0,0,0,0,0,0,0,10,0,0,35,0,0,0,0,0,0,35
State: Odisha,33,Sonepur,0,0,0,0,0,0,0,0,0,0,0,0,0,0,0,0,0,0,0,0,0,0,0,0,0,0,0,0,0,0,0,1,0,0,0,0,0,0,0,0,0,1,0,0,0,0,0,0,1
State: Odisha,34,SRP(Cuttack),0,0,0,0,0,0,0,0,0,0,0,0,0,0,0,0,0,0,0,0,0,0,0,0,0,0,0,0,0,0,0,0,0,0,0,0,0,0,0,0,0,0,0,0,0,0,0,0,0
State: Odisha,35,SRP(Rourkela),0,0,0,0,0,0,0,0,0,0,0,0,0,0,0,0,0,0,0,0,0,0,0,0,0,0,0,0,0,0,0,0,0,0,0,0,0,0,0,0,0,0,0,0,0,0,0,0,0
State: Odisha,36,Sundargarh,0,0,0,0,0,0,0,0,0,0,0,0,0,0,0,0,0,0,0,0,0,0,0,0,3,20,0,2,0,0,18,0,0,0,0,0,0,0,0,0,11,34,1,0,0,0,0,1,35
State: Odisha,37,CID CB,0,0,0,0,0,0,0,0,0,0,0,0,0,0,0,0,0,0,0,0,0,0,0,0,0,0,0,0,0,0,0,30,0,0,0,0,0,0,0,0,0,30,0,0,0,0,0,0,30
State: Odisha,,Total,3,17,0,0,0,2,1,14,0,0,28,2,24,0,2,0,0,0,0,0,12,60,0,6,20,333,7,168,116,0,42,233,2,5,0,0,0,0,72,13,79,763,1,0,0,0,0,1,824
State:Punjab,1,Amritsar Rural,0,1,1,0,1,0,0,0,0,0,4,2,2,0,0,0,0,0,0,0,0,5,0,0,0,0,0,0,0,0,0,0,0,0,0,0,0,0,0,1,0,1,0,0,0,0,0,0,6
State:Punjab,2,Barnala,0,1,0,0,0,0,0,1,0,0,1,0,1,0,0,0,0,0,0,0,0,2,0,0,0,0,0,0,0,0,0,0,0,0,0,0,0,0,0,0,0,0,0,0,0,0,0,0,2
State:Punjab,3,Batala,0,0,0,0,0,0,0,0,0,0,0,0,0,0,0,0,0,0,0,0,0,0,0,0,0,0,0,0,0,0,0,0,0,0,0,0,0,0,0,0,0,0,0,0,0,0,0,0,0
State:Punjab,4,Bathinda,0,0,0,0,0,0,0,0,0,0,0,0,0,0,0,0,0,0,0,0,5,5,0,0,0,0,0,0,0,0,0,0,0,0,0,0,0,0,0,0,0,0,0,0,2,0,0,2,7
State:Punjab,5,CP Amritsar,0,3,2,0,2,0,0,1,0,0,2,2,0,0,0,0,0,0,0,0,0,5,0,0,0,1,0,0,1,0,0,5,0,0,0,0,0,0,1,0,6,13,0,0,0,0,0,0,18
State:Punjab,6,CP Jalandhar,0,7,5,0,5,0,2,0,0,0,7,6,1,0,0,0,0,0,0,0,0,14,0,0,0,2,1,1,0,0,0,3,0,0,0,0,0,0,0,0,0,5,0,0,0,0,0,0,19
State:Punjab,7,CP Ludhiana,0,1,0,0,0,0,1,0,0,0,1,0,1,0,0,0,0,0,0,0,3,5,0,2,1,0,0,0,0,0,0,14,0,0,0,0,0,0,2,0,9,28,0,0,0,0,0,0,33
State:Punjab,8,Faridkot,0,1,0,0,0,0,0,1,0,0,0,0,0,0,0,0,0,0,0,0,0,1,0,0,0,0,0,0,0,0,0,0,0,0,0,0,0,0,0,0,0,0,0,0,0,0,0,0,1
State:Punjab,9,Fatehgarh Sahib,0,0,0,0,0,0,0,0,0,0,0,0,0,0,0,0,0,0,0,0,0,0,0,0,0,0,0,0,0,0,0,0,0,0,0,0,0,0,0,0,0,0,0,0,0,0,0,0,0
State:Punjab,10,Fazilka,0,0,0,0,0,0,0,0,0,0,0,0,0,0,0,0,0,0,0,0,4,4,0,2,0,0,0,0,0,0,0,0,0,0,0,1,1,0,0,0,0,3,2,0,0,0,0,2,9
State:Punjab,11,Ferozepur,0,2,0,0,0,0,0,2,0,0,1,1,0,0,0,0,0,0,0,0,0,3,0,0,0,0,0,0,0,0,0,0,0,0,0,0,0,0,0,0,0,0,0,0,0,0,0,0,3
State:Punjab,12,GRP,0,0,0,0,0,0,0,0,0,0,0,0,0,0,0,0,0,0,0,0,0,0,0,0,0,0,0,0,0,0,0,0,0,0,0,0,0,0,0,0,1,1,0,0,0,0,0,0,1
State:Punjab,13,Gurdaspur,0,0,0,0,0,0,0,0,0,0,0,0,0,0,0,0,0,0,0,0,0,0,0,0,0,0,0,0,0,0,0,0,0,0,0,0,0,0,0,0,0,0,0,0,0,0,0,0,0
State:Punjab,14,Hoshiarpur,0,1,0,0,0,0,1,0,0,0,0,0,0,0,0,0,0,0,0,0,0,1,0,0,0,0,0,0,0,0,0,0,0,0,2,0,0,0,0,0,0,2,0,0,0,0,0,0,3
State:Punjab,15,Jalandhar Rural,0,1,1,0,1,0,0,0,0,0,2,2,0,0,0,0,0,0,0,0,0,3,0,0,0,0,0,0,0,0,0,1,0,0,0,0,0,0,0,0,0,1,0,0,0,0,0,0,4
State:Punjab,16,Kapurthala,0,0,0,0,0,0,0,0,0,0,0,0,0,0,0,0,0,0,0,0,0,0,0,0,0,2,1,0,1,0,0,0,0,0,4,0,0,0,2,0,4,12,0,0,0,0,0,0,12
State:Punjab,17,Khanna,0,0,0,0,0,0,0,0,0,0,0,0,0,0,0,0,0,0,0,0,0,0,0,0,0,0,0,0,0,0,0,0,0,0,0,0,0,0,0,0,0,0,0,0,0,0,0,0,0
State:Punjab,18,Ludhiana Rural,0,0,0,0,0,0,0,0,0,0,4,0,4,0,0,0,0,0,0,0,0,4,0,3,0,0,0,0,0,0,0,0,0,0,2,0,0,0,0,0,0,5,0,0,0,0,0,0,9
State:Punjab,19,Mansa,0,0,0,0,0,0,0,0,0,0,0,0,0,0,0,0,0,0,0,0,0,0,0,0,0,0,0,0,0,0,0,0,0,0,0,0,0,0,0,0,4,4,0,0,0,0,0,0,4
State:Punjab,20,Moga,0,0,0,0,0,0,0,0,0,0,1,0,0,0,0,1,0,0,0,0,0,1,0,0,0,0,0,0,0,0,0,0,0,0,0,0,0,0,1,0,1,2,0,0,0,0,1,1,4
State:Punjab,21,Muktsar,0,0,0,0,0,0,0,0,0,0,0,0,0,0,0,0,0,0,0,0,0,0,0,0,0,0,0,0,0,0,0,0,0,0,0,0,0,0,0,0,0,0,0,0,0,0,0,0,0
State:Punjab,22,Pathankot,0,1,0,0,0,0,1,0,0,0,4,0,2,0,1,1,0,0,0,0,0,5,0,0,0,0,0,0,0,0,0,0,0,0,0,0,0,0,0,1,0,1,0,0,0,0,0,0,6
State:Punjab,23,Patiala,0,0,0,0,0,0,0,0,0,0,6,0,0,0,0,6,0,0,0,0,0,6,0,0,0,0,0,0,0,0,0,0,0,0,0,0,0,0,0,0,0,0,0,0,0,0,0,0,6
State:Punjab,24,Ropar,0,0,0,0,0,0,0,0,0,0,0,0,0,0,0,0,0,0,0,0,0,0,0,0,0,0,0,0,0,0,0,0,0,0,0,0,0,0,0,0,0,0,0,0,0,0,0,0,0
State:Punjab,25,Sangrur,0,0,0,0,0,0,0,0,0,0,8,0,0,0,0,8,0,0,0,0,0,8,0,0,0,0,0,0,0,0,0,0,0,0,0,0,0,0,0,0,0,0,0,0,0,0,0,0,8
State:Punjab,26,SAS Nagar,1,7,0,0,0,0,2,5,0,0,0,0,0,0,0,0,0,0,0,0,0,8,0,0,0,0,0,0,0,0,0,0,0,0,0,0,0,0,2,0,0,2,0,0,0,0,0,0,10
State:Punjab,27,SBS Nagar,0,0,0,0,0,0,0,0,0,0,3,2,1,0,0,0,0,0,0,0,0,3,0,0,0,0,0,0,0,0,0,0,0,0,0,0,0,0,0,0,0,0,0,0,0,0,0,0,3
State:Punjab,28,Tarn Taran,0,0,0,0,0,0,0,0,0,0,1,0,0,1,0,0,0,0,0,0,0,1,0,0,0,0,0,0,0,0,0,0,0,0,0,0,0,0,0,0,0,0,0,0,0,0,0,0,1
State:Punjab,29,Bureau of Investigation,1,6,0,0,0,0,3,3,0,0,0,0,0,0,0,0,0,0,0,0,0,7,0,0,0,0,0,0,0,0,0,0,0,0,0,0,0,0,0,0,0,0,0,0,0,0,0,0,7
State:Punjab,30,Intelligence Wing,0,0,0,0,0,0,0,0,0,0,0,0,0,0,0,0,0,0,0,0,0,0,0,0,0,0,0,0,0,0,0,0,0,0,0,0,0,0,0,0,0,0,0,0,0,0,0,0,0
State:Punjab,31,NRI Wing,0,0,0,0,0,0,0,0,0,0,0,0,0,0,0,0,0,0,0,0,0,0,0,0,0,0,0,0,0,0,0,0,0,0,0,0,0,0,0,0,0,0,0,0,0,0,0,0,0
State:Punjab,32,Special Task Force,0,0,0,0,0,0,0,0,0,0,0,0,0,0,0,0,0,0,0,0,0,0,0,0,0,0,0,0,0,0,0,0,0,0,0,0,0,0,0,0,0,0,0,0,0,0,0,0,0
State:Punjab,,Total,2,32,9,0,9,0,10,13,0,0,45,15,12,1,1,16,0,0,0,0,12,91,0,7,1,5,2,1,2,0,0,23,0,0,8,1,1,0,8,2,25,80,2,0,2,0,1,5,176
State:Rajasthan,1,Ajmer,0,8,3,1,2,0,5,0,0,0,1,0,1,0,0,0,0,0,0,0,0,9,0,1,0,9,0,2,1,2,4,1,0,0,0,0,0,0,0,0,1,12,0,0,0,0,0,0,21
State:Rajasthan,2,Alwar,0,2,0,0,0,2,0,0,0,0,0,0,0,0,0,0,0,0,0,0,0,2,0,0,0,0,0,0,0,0,0,0,0,0,0,0,0,0,0,0,0,0,0,0,0,0,0,0,2
State:Rajasthan,3,Banswara,0,0,0,0,0,0,0,0,0,0,0,0,0,0,0,0,0,0,0,0,0,0,0,0,0,1,0,1,0,0,0,0,0,0,0,0,0,0,0,0,3,4,0,0,0,0,0,0,4
State:Rajasthan,4,Baran,0,1,0,0,0,0,0,1,0,0,1,1,0,0,0,0,0,0,0,0,0,2,0,0,0,0,0,0,0,0,0,0,0,0,0,0,0,0,0,0,0,0,0,0,0,0,0,0,2
State:Rajasthan,5,Barmer,0,1,0,0,0,0,0,1,0,0,2,2,0,0,0,0,0,0,0,0,0,3,0,0,0,0,0,0,0,0,0,8,0,0,0,0,0,0,0,0,6,14,0,0,0,0,0,0,17
State:Rajasthan,6,Bharatpur,0,2,0,0,0,0,0,2,0,0,6,2,0,0,0,4,0,0,0,0,6,14,0,0,0,4,0,0,0,0,4,0,0,0,0,0,0,0,2,0,0,6,0,0,0,0,0,0,20
State:Rajasthan,7,Bhilwara,0,22,22,0,22,0,0,0,0,0,0,0,0,0,0,0,0,0,0,0,0,22,0,0,0,6,0,3,2,0,1,0,0,0,0,0,0,0,3,0,7,16,0,0,0,0,1,1,39
State:Rajasthan,8,Bikaner,0,0,0,0,0,0,0,0,0,0,0,0,0,0,0,0,0,0,0,0,18,18,0,0,0,0,0,0,0,0,0,0,0,0,0,0,0,0,0,0,0,0,0,0,0,0,0,0,18
State:Rajasthan,9,Bundi,0,0,0,0,0,0,0,0,0,0,1,0,0,0,0,1,0,0,0,0,0,1,0,0,0,0,0,0,0,0,0,0,0,0,0,0,0,0,0,0,0,0,0,0,0,0,0,0,1
State:Rajasthan,10,Chittorgarh,0,0,0,0,0,0,0,0,0,0,0,0,0,0,0,0,0,0,0,0,3,3,0,0,0,0,0,0,0,0,0,0,0,0,0,0,0,0,0,0,0,0,0,0,0,0,0,0,3
State:Rajasthan,11,Churu,0,0,0,0,0,0,0,0,0,0,0,0,0,0,0,0,0,0,0,0,6,6,0,0,0,0,0,0,0,0,0,0,0,0,0,0,0,0,0,0,0,0,0,0,0,0,0,0,6
State:Rajasthan,12,Dausa,0,0,0,0,0,0,0,0,0,0,0,0,0,0,0,0,0,0,0,0,0,0,0,0,0,0,0,0,0,0,0,47,0,0,0,0,0,0,0,0,0,47,0,0,0,0,0,0,47
State:Rajasthan,13,Dholpur,0,1,0,0,0,0,1,0,0,0,0,0,0,0,0,0,0,0,0,0,0,1,0,0,0,0,0,0,0,0,0,0,0,0,0,0,0,0,0,0,0,0,0,0,0,0,0,0,1
State:Rajasthan,14,Dungarpur,0,0,0,0,0,0,0,0,0,0,0,0,0,0,0,0,0,0,0,0,2,2,0,0,0,0,0,0,0,0,0,0,0,0,0,0,0,0,0,0,0,0,0,0,0,0,0,0,2
State:Rajasthan,15,GRP Ajmer,0,0,0,0,0,0,0,0,0,0,0,0,0,0,0,0,0,0,0,0,1,1,0,0,0,0,0,0,0,0,0,0,0,0,0,0,0,0,0,0,0,0,0,0,0,0,0,0,1
State:Rajasthan,16,GRP Jodhpur,0,0,0,0,0,0,0,0,0,0,0,0,0,0,0,0,0,0,0,0,0,0,0,0,0,0,0,0,0,0,0,0,0,0,0,0,0,0,0,0,0,0,0,0,0,0,0,0,0
State:Rajasthan,17,Ganganagar,2,0,0,0,0,0,0,0,0,0,3,0,0,0,0,3,0,0,0,0,1,6,0,1,1,3,2,0,0,0,1,2,0,0,0,0,0,0,0,0,2,9,0,0,4,0,0,4,19
State:Rajasthan,18,Hanumangarh,0,1,0,0,0,0,0,1,0,0,0,0,0,0,0,0,0,0,0,0,4,5,0,0,0,0,0,0,0,0,0,1,0,0,0,0,0,0,0,0,3,4,0,0,0,0,0,0,9
State:Rajasthan,19,Jaipur East,0,67,17,0,17,0,16,34,0,0,3,3,0,0,0,0,0,0,0,0,0,70,0,0,2,18,8,5,5,0,0,30,0,0,1,0,0,0,1,0,2,54,0,0,0,0,0,0,124
State:Rajasthan,20,Jaipur North,0,24,0,0,0,3,20,1,0,0,2,2,0,0,0,0,0,0,0,0,121,147,0,0,0,24,7,3,5,9,0,0,0,0,0,0,0,0,0,0,0,24,0,0,0,0,0,0,171
State:Rajasthan,21,Jaipur Rural,0,44,0,0,0,19,4,21,0,0,2,0,1,1,0,0,0,0,0,0,49,95,0,0,0,7,0,0,0,4,3,0,0,0,0,0,0,0,0,0,2,9,0,0,0,0,0,0,104
State:Rajasthan,22,Jaipur South,0,55,0,0,0,0,30,25,0,0,0,0,0,0,0,0,0,0,0,0,145,200,0,0,0,0,0,0,0,0,0,0,0,0,0,0,0,0,0,0,0,0,0,0,0,0,0,0,200
State:Rajasthan,23,Jaipur West,0,42,1,0,1,0,41,0,0,0,1,1,0,0,0,0,0,0,0,0,147,190,0,0,0,0,0,0,0,0,0,0,0,0,0,0,0,0,0,0,0,0,0,0,0,0,0,0,190
State:Rajasthan,24,Jaisalmer,0,0,0,0,0,0,0,0,0,0,1,0,0,1,0,0,0,0,0,0,0,1,0,1,0,0,0,0,0,0,0,8,0,0,0,0,0,0,0,0,5,14,0,0,0,0,0,0,15
State:Rajasthan,25,Jalore,0,0,0,0,0,0,0,0,0,0,0,0,0,0,0,0,0,0,0,0,7,7,0,0,0,0,0,0,0,0,0,0,0,0,0,0,0,0,0,0,0,0,0,0,0,0,0,0,7
State:Rajasthan,26,Jhalawar,0,0,0,0,0,0,0,0,0,0,0,0,0,0,0,0,0,0,0,0,0,0,0,0,0,0,0,0,0,0,0,0,0,0,0,0,0,0,0,0,3,3,0,0,0,0,0,0,3
State:Rajasthan,27,Jhunjhunu,0,5,0,0,0,0,5,0,0,0,0,0,0,0,0,0,0,0,0,0,0,5,0,0,0,0,0,0,0,0,0,0,0,0,0,0,0,0,0,0,3,3,0,0,0,0,0,0,8
State:Rajasthan,28,Jodhpur East,0,8,0,0,0,8,0,0,0,0,3,3,0,0,0,0,0,0,0,0,11,22,0,0,0,0,0,0,0,0,0,6,5,0,0,0,0,0,0,0,13,24,0,0,0,0,0,0,46
State:Rajasthan,29,Jodhpur West,0,9,9,0,9,0,0,0,0,0,3,3,0,0,0,0,0,0,0,0,0,12,0,0,0,0,0,0,0,0,0,23,0,0,0,0,0,0,0,0,10,33,0,0,0,0,0,0,45
State:Rajasthan,30,Jodhpur Rural,0,0,0,0,0,0,0,0,0,0,0,0,0,0,0,0,0,0,0,0,0,0,0,0,0,0,0,0,0,0,0,0,0,0,0,0,0,0,0,0,0,0,0,0,0,0,0,0,0
State:Rajasthan,31,Karauli,0,0,0,0,0,0,0,0,0,0,0,0,0,0,0,0,0,0,0,0,2,2,0,0,0,0,0,0,0,0,0,0,0,0,0,0,0,0,0,0,0,0,0,0,0,0,0,0,2
State:Rajasthan,32,Kota City,0,6,4,0,4,0,1,0,1,0,3,2,1,0,0,0,0,0,0,0,0,9,0,1,0,7,0,1,5,1,0,0,0,0,0,0,0,0,0,0,7,15,0,0,0,0,0,0,24
State:Rajasthan,33,Kota Rural,0,0,0,0,0,0,0,0,0,0,0,0,0,0,0,0,0,0,0,0,6,6,0,0,0,0,0,0,0,0,0,0,0,0,0,0,0,0,0,0,0,0,0,0,0,0,0,0,6
State:Rajasthan,34,Nagaur,0,2,0,0,0,0,1,0,1,0,0,0,0,0,0,0,0,0,0,0,1,3,0,0,0,0,0,0,0,0,0,0,0,0,0,0,0,0,0,0,0,0,0,0,2,0,0,2,5
State:Rajasthan,35,Pali,0,2,0,0,0,0,2,0,0,0,3,0,3,0,0,0,0,0,0,0,0,5,0,0,0,0,0,0,0,0,0,0,0,0,0,0,0,0,0,0,0,0,0,0,0,0,0,0,5
State:Rajasthan,36,Pratapgarh,0,0,0,0,0,0,0,0,0,0,1,1,0,0,0,0,0,0,0,0,1,2,0,0,0,0,0,0,0,0,0,0,0,0,0,0,0,0,0,0,0,0,0,0,0,0,0,0,2
State:Rajasthan,37,Rajsamand,0,0,0,0,0,0,0,0,0,0,2,2,0,0,0,0,0,0,0,0,0,2,0,0,0,0,0,0,0,0,0,0,0,0,0,0,0,0,0,0,0,0,0,0,0,0,0,0,2
State:Rajasthan,38,Sawai Madhopur,0,7,5,0,5,2,0,0,0,0,0,0,0,0,0,0,0,0,0,0,9,16,0,3,0,0,0,0,0,0,0,14,0,0,0,0,0,0,2,0,6,25,0,0,0,0,0,0,41
State:Rajasthan,39,Sikar,0,2,2,0,2,0,0,0,0,0,2,2,0,0,0,0,0,0,0,0,0,4,0,5,0,12,12,0,0,0,0,0,0,0,0,0,0,0,0,0,6,23,0,0,0,0,0,0,27
State:Rajasthan,40,Sirohi,0,0,0,0,0,0,0,0,0,0,1,1,0,0,0,0,0,0,0,0,0,1,0,0,0,0,0,0,0,0,0,0,0,0,0,0,0,0,0,0,0,0,0,0,0,0,0,0,1
State:Rajasthan,41,Tonk,0,5,0,0,0,0,0,5,0,0,6,6,0,0,0,0,0,0,0,0,0,11,0,0,0,0,0,0,0,0,0,7,0,0,0,0,0,0,0,0,0,7,0,0,0,0,0,0,18
State:Rajasthan,42,Udaipur,0,3,0,0,0,0,3,0,0,0,3,0,3,0,0,0,0,0,0,0,3,9,0,0,0,0,0,0,0,0,0,0,0,0,0,0,0,0,0,0,0,0,0,0,0,0,0,0,9
State:Rajasthan,44,Jaipur Metro,0,0,0,0,0,0,0,0,0,0,0,0,0,0,0,0,0,0,0,0,0,0,0,0,0,0,0,0,0,0,0,0,0,0,0,0,0,0,0,0,0,0,0,0,0,0,0,0,0
State:Rajasthan,45,SCRB,0,35,0,0,0,0,1,34,0,0,1,0,1,0,0,0,0,0,0,0,0,36,0,0,0,0,0,0,0,0,0,0,0,0,0,0,0,0,0,0,0,0,0,0,0,0,0,0,36
State:Rajasthan,46,SOG,0,0,0,0,0,0,0,0,0,0,0,0,0,0,0,0,0,0,0,0,0,0,0,0,0,1,0,0,0,0,1,0,0,0,0,0,0,0,0,0,0,1,0,0,0,0,0,0,1
State:Rajasthan,47,SSB,0,0,0,0,0,0,0,0,0,0,0,0,0,0,0,0,0,0,0,0,0,0,0,0,0,0,0,0,0,0,0,0,0,0,0,0,0,0,0,0,0,0,0,0,0,0,0,0,0
State:Rajasthan,,Total,2,354,63,1,62,34,130,125,2,0,51,31,10,2,0,8,0,0,0,0,543,950,0,12,3,92,29,15,18,16,14,147,5,0,1,0,0,0,8,0,79,347,0,0,6,0,1,7,1304
State:Sikkim,1,East,0,0,0,0,0,0,0,0,0,0,1,1,0,0,0,0,0,0,0,0,0,1,0,0,0,0,0,0,0,0,0,0,0,0,0,0,0,0,0,0,0,0,0,0,0,0,0,0,1
State:Sikkim,2,North,0,0,0,0,0,0,0,0,0,0,0,0,0,0,0,0,0,0,0,0,0,0,0,0,0,0,0,0,0,0,0,0,0,0,0,0,0,0,0,0,0,0,0,0,0,0,0,0,0
State:Sikkim,3,South,0,0,0,0,0,0,0,0,0,0,0,0,0,0,0,0,0,0,0,0,0,0,0,0,0,0,0,0,0,0,0,0,0,0,0,0,0,0,0,0,0,0,0,0,0,0,0,0,0
State:Sikkim,4,West,0,0,0,0,0,0,0,0,0,0,0,0,0,0,0,0,0,0,0,0,0,0,0,0,0,0,0,0,0,0,0,0,0,0,0,0,0,0,0,0,0,0,0,0,0,0,0,0,0
State:Sikkim,,Total,0,0,0,0,0,0,0,0,0,0,1,1,0,0,0,0,0,0,0,0,0,1,0,0,0,0,0,0,0,0,0,0,0,0,0,0,0,0,0,0,0,0,0,0,0,0,0,0,1
State:Tamil Nadu,1,Ariyalur,0,0,0,0,0,0,0,0,0,0,0,0,0,0,0,0,0,0,0,0,0,0,0,0,0,0,0,0,0,0,0,0,0,0,0,0,0,0,0,0,0,0,0,0,0,0,0,0,0
State:Tamil Nadu,2,Chennai,0,35,7,6,1,1,10,17,0,0,7,3,0,1,0,3,0,0,0,0,0,42,0,0,0,1,0,0,0,0,1,1,2,0,0,0,0,0,0,0,5,9,0,0,1,0,0,1,52
State:Tamil Nadu,3,Coimbatore,0,0,0,0,0,0,0,0,0,0,0,0,0,0,0,0,0,0,0,0,0,0,0,0,0,0,0,0,0,0,0,0,0,0,0,0,0,0,0,0,0,0,0,0,0,0,0,0,0
State:Tamil Nadu,4,Coimbatore City,0,0,0,0,0,0,0,0,0,0,0,0,0,0,0,0,0,0,0,0,0,0,0,0,0,3,0,1,2,0,0,13,0,0,0,0,0,0,0,0,2,18,0,0,0,0,1,1,19
State:Tamil Nadu,5,Cuddalore,0,1,0,0,0,0,0,0,1,0,0,0,0,0,0,0,0,0,0,0,0,1,0,0,0,0,0,0,0,0,0,0,0,0,0,0,0,0,0,0,0,0,0,0,0,0,0,0,1
State:Tamil Nadu,6,Dharmapuri,1,0,0,0,0,0,0,0,0,0,0,0,0,0,0,0,0,0,0,0,2,3,0,0,0,0,0,0,0,0,0,0,0,0,0,0,0,0,0,0,0,0,0,0,0,0,0,0,3
State:Tamil Nadu,7,Dindigul,0,1,0,0,0,0,0,0,1,0,0,0,0,0,0,0,0,0,0,0,0,1,0,0,1,0,0,0,0,0,0,0,0,0,0,0,0,0,1,0,0,2,0,0,0,0,0,0,3
State:Tamil Nadu,8,Erode,0,0,0,0,0,0,0,0,0,0,0,0,0,0,0,0,0,0,0,0,0,0,0,0,0,0,0,0,0,0,0,0,0,0,0,0,0,0,0,0,0,0,0,0,0,0,0,0,0
State:Tamil Nadu,9,Kanchipuram,0,0,0,0,0,0,0,0,0,0,0,0,0,0,0,0,0,0,0,0,0,0,0,0,0,0,0,0,0,0,0,0,0,0,0,0,0,0,0,0,0,0,0,0,0,0,0,0,0
State:Tamil Nadu,10,Kanyakumari,0,4,4,0,4,0,0,0,0,0,4,0,4,0,0,0,0,0,0,0,0,8,0,0,0,0,0,0,0,0,0,0,0,0,0,0,0,0,0,0,0,0,0,0,0,0,0,0,8
State:Tamil Nadu,11,Karur,0,0,0,0,0,0,0,0,0,0,0,0,0,0,0,0,0,0,0,0,1,1,0,0,0,0,0,0,0,0,0,0,0,0,0,0,0,0,0,0,0,0,0,0,0,0,0,0,1
State:Tamil Nadu,12,Krishnagiri,0,0,0,0,0,0,0,0,0,0,0,0,0,0,0,0,0,0,0,0,1,1,0,0,0,0,0,0,0,0,0,0,0,0,0,0,0,0,0,0,0,0,0,0,0,0,0,0,1
State:Tamil Nadu,13,Madurai,0,2,1,0,1,0,1,0,0,1,6,0,0,0,0,6,0,0,0,0,3,12,0,0,0,0,0,0,0,0,0,0,0,0,0,0,0,0,0,0,0,0,0,0,0,0,0,0,12
State:Tamil Nadu,14,Madurai City,0,0,0,0,0,0,0,0,0,0,3,3,0,0,0,0,0,0,0,0,0,3,0,0,0,0,0,0,0,0,0,0,0,0,0,0,0,0,0,0,0,0,0,0,0,0,0,0,3
State:Tamil Nadu,15,Nagapattinam,0,0,0,0,0,0,0,0,0,0,0,0,0,0,0,0,0,0,0,0,0,0,0,0,0,0,0,0,0,0,0,0,0,0,0,0,0,0,0,0,0,0,0,0,0,0,0,0,0
State:Tamil Nadu,16,Namakkal,0,1,0,0,0,0,0,1,0,0,0,0,0,0,0,0,0,0,0,0,0,1,0,0,0,0,0,0,0,0,0,0,0,0,0,0,0,0,0,0,0,0,0,0,0,0,0,0,1
State:Tamil Nadu,17,Nilgiris,0,0,0,0,0,0,0,0,0,0,0,0,0,0,0,0,0,0,0,0,0,0,0,0,0,0,0,0,0,0,0,0,0,0,0,0,0,0,0,0,0,0,0,0,0,0,0,0,0
State:Tamil Nadu,18,Perambalur,0,1,0,0,0,0,1,0,0,0,0,0,0,0,0,0,0,0,0,0,0,1,0,0,0,0,0,0,0,0,0,0,0,0,0,0,0,0,0,0,0,0,0,0,0,0,0,0,1
State:Tamil Nadu,19,Pudukottai,0,0,0,0,0,0,0,0,0,0,3,0,3,0,0,0,0,0,0,0,0,3,0,0,0,0,0,0,0,0,0,0,0,0,0,0,0,0,0,0,0,0,0,0,0,0,0,0,3
State:Tamil Nadu,20,Ramnathapuram,0,0,0,0,0,0,0,0,0,0,4,4,0,0,0,0,0,0,0,0,0,4,0,1,0,2,0,0,2,0,0,0,0,0,0,0,0,0,0,1,1,5,0,0,0,0,0,0,9
State:Tamil Nadu,21,Railway Chennai,0,0,0,0,0,0,0,0,0,0,0,0,0,0,0,0,0,0,0,0,0,0,0,0,0,0,0,0,0,0,0,0,0,0,0,0,0,0,0,0,0,0,0,0,0,0,0,0,0
State:Tamil Nadu,22,Railway Trichy,0,0,0,0,0,0,0,0,0,0,0,0,0,0,0,0,0,0,0,0,0,0,0,0,0,0,0,0,0,0,0,0,0,0,0,0,0,0,0,0,0,0,0,0,0,0,0,0,0
State:Tamil Nadu,23,Salem,0,0,0,0,0,0,0,0,0,0,4,0,0,0,0,4,0,0,0,0,0,4,0,0,0,0,0,0,0,0,0,0,0,0,0,0,0,0,0,0,0,0,0,0,0,0,0,0,4
State:Tamil Nadu,24,Salem City,0,1,0,0,0,0,1,0,0,0,2,0,0,0,0,2,0,0,0,0,0,3,0,0,0,0,0,0,0,0,0,0,0,0,0,0,0,0,0,0,0,0,0,0,0,0,0,0,3
State:Tamil Nadu,25,Sivagangai,0,0,0,0,0,0,0,0,0,0,2,0,2,0,0,0,0,0,0,0,1,3,0,0,0,0,0,0,0,0,0,0,0,0,0,0,0,0,0,0,0,0,0,0,0,0,0,0,3
State:Tamil Nadu,26,Thanjavur,0,1,0,0,0,0,0,0,1,0,0,0,0,0,0,0,0,0,0,0,0,1,0,0,0,0,0,0,0,0,0,0,0,0,0,0,0,0,0,0,0,0,0,0,0,0,0,0,1
State:Tamil Nadu,27,Theni,0,0,0,0,0,0,0,0,0,0,0,0,0,0,0,0,0,0,0,0,0,0,0,0,0,0,0,0,0,0,0,0,0,0,0,0,0,0,0,0,0,0,0,0,0,0,0,0,0
State:Tamil Nadu,28,Thirunelveli,0,4,1,0,1,0,0,2,1,0,5,4,1,0,0,0,0,0,0,0,1,10,0,0,0,0,0,0,0,0,0,0,0,0,0,0,0,0,0,0,0,0,0,0,0,0,0,0,10
State:Tamil Nadu,29,Thirunelveli City,0,1,0,0,0,0,0,1,0,0,1,0,0,0,0,1,0,0,0,0,0,2,0,0,0,0,0,0,0,0,0,0,0,0,0,0,0,0,0,0,0,0,0,0,0,0,0,0,2
State:Tamil Nadu,30,Thiruvallur,0,0,0,0,0,0,0,0,0,0,0,0,0,0,0,0,0,0,0,0,2,2,0,0,0,0,0,0,0,0,0,0,0,0,0,0,0,0,0,0,0,0,0,0,0,0,0,0,2
State:Tamil Nadu,31,Thiruvannamalai,0,0,0,0,0,0,0,0,0,0,0,0,0,0,0,0,0,0,0,0,0,0,0,0,0,0,0,0,0,0,0,0,0,0,0,0,0,0,0,0,0,0,0,0,0,0,0,0,0
State:Tamil Nadu,32,Thiruvarur,0,3,0,0,0,0,0,2,1,0,1,0,0,0,0,1,0,0,0,0,0,4,0,0,0,0,0,0,0,0,0,0,0,0,0,0,0,0,0,0,0,0,0,0,0,0,0,0,4
State:Tamil Nadu,33,Thoothukudi,0,2,2,0,2,0,0,0,0,0,13,8,5,0,0,0,0,0,0,0,0,15,0,0,0,8,0,1,0,7,0,0,0,0,0,0,0,0,0,0,0,8,0,0,0,0,0,0,23
State:Tamil Nadu,34,Tiruppur,0,0,0,0,0,0,0,0,0,0,0,0,0,0,0,0,0,0,0,0,0,0,0,0,0,0,0,0,0,0,0,0,0,0,0,0,0,0,0,0,0,0,0,0,0,0,0,0,0
State:Tamil Nadu,35,Tiruppur City,0,2,2,0,2,0,0,0,0,0,1,0,0,1,0,0,0,0,0,0,0,3,0,0,0,0,0,0,0,0,0,0,0,0,0,0,0,0,0,0,0,0,0,0,0,0,0,0,3
State:Tamil Nadu,36,Trichy,0,2,0,0,0,0,0,1,1,0,1,0,1,0,0,0,0,0,0,0,0,3,0,0,0,0,0,0,0,0,0,0,0,0,0,0,0,0,0,1,0,1,0,0,0,0,0,0,4
State:Tamil Nadu,37,Trichy City,0,34,0,0,0,0,15,19,0,0,0,0,0,0,0,0,0,0,0,0,0,34,0,0,0,0,0,0,0,0,0,0,0,0,0,0,0,0,0,0,0,0,0,0,0,0,0,0,34
State:Tamil Nadu,38,Vellore,0,0,0,0,0,0,0,0,0,0,0,0,0,0,0,0,0,0,0,0,0,0,0,0,0,0,0,0,0,0,0,0,0,0,0,0,0,0,0,0,0,0,0,0,0,0,0,0,0
State:Tamil Nadu,39,Villupuram,0,0,0,0,0,0,0,0,0,0,4,0,0,0,0,4,0,0,0,0,0,4,0,0,0,5,0,0,5,0,0,0,0,0,0,0,0,0,0,1,0,6,0,0,0,0,0,0,10
State:Tamil Nadu,40,Virudhunagar,0,0,0,0,0,0,0,0,0,0,1,0,0,0,0,1,0,0,0,0,0,1,0,0,0,0,0,0,0,0,0,0,0,0,0,0,0,0,0,0,0,0,0,0,0,0,0,0,1
State:Tamil Nadu,41,Cyber Cell,0,1,0,0,0,0,0,1,0,0,2,0,2,0,0,0,0,0,0,0,0,3,0,1,0,2,0,0,2,0,0,1,0,0,0,0,0,0,0,0,0,4,0,0,0,0,0,0,7
State:Tamil Nadu,42,Other Units,0,0,0,0,0,0,0,0,0,0,0,0,0,0,0,0,0,0,0,0,0,0,0,0,0,0,0,0,0,0,0,0,0,0,0,0,0,0,0,0,0,0,0,0,0,0,0,0,0
State:Tamil Nadu,,Total,1,96,17,6,11,1,28,44,6,1,64,22,18,2,0,22,0,0,0,0,11,173,0,2,1,21,0,2,11,7,1,15,2,0,0,0,0,0,1,3,8,53,0,0,1,0,1,2,228
State:Telangana,1,Cyberabad Commissionerate,2,7,1,0,1,1,2,2,1,0,2,2,0,0,0,0,0,0,0,0,0,11,0,21,0,102,6,9,58,24,5,56,0,0,14,0,0,0,11,0,40,244,0,0,0,0,0,0,255
State:Telangana,2,Hyderabad Commissionerate,0,282,4,1,3,0,0,278,0,0,32,0,30,0,0,2,0,0,0,0,14,328,0,0,0,0,0,0,0,0,0,0,0,0,0,0,0,0,0,0,0,0,0,0,0,0,0,0,328
State:Telangana,3,Karimnagar Commissionerate,0,0,0,0,0,0,0,0,0,0,5,0,2,0,0,3,0,0,0,0,0,5,0,0,0,0,0,0,0,0,0,0,0,0,0,0,0,0,0,2,0,2,0,0,0,0,0,0,7
State:Telangana,4,Khammam Commissionerate,0,0,0,0,0,0,0,0,0,0,0,0,0,0,0,0,0,0,0,0,0,0,0,1,0,20,0,6,7,7,0,4,0,0,0,0,0,0,0,0,0,25,0,0,0,0,0,0,25
State:Telangana,5,Nizamabad Commissionerate,0,0,0,0,0,0,0,0,0,0,0,0,0,0,0,0,0,0,0,0,0,0,0,2,0,0,0,0,0,0,0,6,0,0,0,0,0,0,3,0,2,13,0,0,0,0,0,0,13
State:Telangana,6,Rachakonda Commissionerate,0,9,0,0,0,0,0,9,0,0,0,0,0,0,0,0,0,0,0,0,0,9,0,0,201,136,38,22,46,30,0,0,0,0,16,0,0,0,0,4,0,357,0,0,0,0,0,0,366
State:Telangana,7,Ramagundam Commissionerate,0,3,0,0,0,0,1,2,0,0,0,0,0,0,0,0,0,0,0,0,0,3,0,1,0,0,0,0,0,0,0,22,0,0,0,0,0,0,0,0,7,30,0,0,0,0,0,0,33
State:Telangana,8,Siddipet Commissionerate,9,0,0,0,0,0,0,0,0,0,0,0,0,0,0,0,0,0,0,0,0,9,0,0,0,0,0,0,0,0,0,0,0,0,0,0,0,0,0,0,0,0,0,0,0,0,0,0,9
State:Telangana,9,Warangal Commissionerate,0,0,0,0,0,0,0,0,0,0,0,0,0,0,0,0,0,0,0,0,0,0,0,0,0,0,0,0,0,0,0,0,0,0,0,0,0,0,0,0,32,32,0,0,0,0,0,0,32
State:Telangana,10,Adilabad,0,0,0,0,0,0,0,0,0,0,0,0,0,0,0,0,0,0,0,0,0,0,0,0,0,0,0,0,0,0,0,0,0,0,0,0,0,0,0,0,0,0,0,0,0,0,0,0,0
State:Telangana,11,Bhadradri Kothagudem,6,0,0,0,0,0,0,0,0,0,0,0,0,0,0,0,0,0,0,0,0,6,0,0,0,0,0,0,0,0,0,0,0,0,0,0,0,0,0,0,0,0,0,0,0,0,0,0,6
State:Telangana,12,Jagityal,0,2,0,0,0,1,0,1,0,0,0,0,0,0,0,0,0,0,0,0,0,2,0,0,0,0,0,0,0,0,0,0,0,0,0,0,0,0,0,0,0,0,0,0,0,0,0,0,2
State:Telangana,13,Jayashankar Bhupalpalli,0,0,0,0,0,0,0,0,0,0,0,0,0,0,0,0,0,0,0,0,0,0,0,0,0,0,0,0,0,0,0,4,0,0,0,0,0,0,0,0,6,10,0,0,0,0,0,0,10
State:Telangana,14,Jogulamba Gadwal,0,23,0,0,0,0,3,20,0,0,1,1,0,0,0,0,0,0,0,0,0,24,0,0,0,0,0,0,0,0,0,0,0,0,0,0,0,0,0,0,0,0,0,0,1,0,0,1,25
State:Telangana,15,Kamareddy,0,13,0,0,0,1,10,2,0,0,0,0,0,0,0,0,0,0,0,0,1,14,0,0,0,0,0,0,0,0,0,0,0,0,0,0,0,0,0,0,0,0,0,0,0,0,0,0,14
State:Telangana,16,Kumaram Bheem Asifabad,0,0,0,0,0,0,0,0,0,0,0,0,0,0,0,0,0,0,0,0,0,0,0,1,0,0,0,0,0,0,0,1,0,0,0,0,0,0,3,0,3,8,0,0,0,0,0,0,8
State:Telangana,17,Mahabubabad,0,2,0,0,0,0,0,2,0,0,3,0,3,0,0,0,0,0,0,0,0,5,0,0,0,0,0,0,0,0,0,0,0,0,0,0,0,0,0,0,0,0,0,0,0,0,0,0,5
State:Telangana,18,Mahabubnagar,0,6,0,0,0,0,0,6,0,0,0,0,0,0,0,0,0,0,0,0,0,6,0,0,0,0,0,0,0,0,0,0,0,0,0,0,0,0,0,0,0,0,0,0,0,0,0,0,6
State:Telangana,19,Medak,0,0,0,0,0,0,0,0,0,0,0,0,0,0,0,0,0,0,0,0,0,0,0,0,0,9,0,9,0,0,0,0,0,0,0,0,0,0,0,0,0,9,0,0,0,0,0,0,9
State:Telangana,20,Nagarkurnool,0,0,0,0,0,0,0,0,0,0,0,0,0,0,0,0,0,0,0,0,0,0,0,0,0,7,0,7,0,0,0,0,0,0,0,0,0,0,0,0,0,7,0,0,0,0,0,0,7
State:Telangana,21,Nalgonda,0,10,2,0,2,0,6,2,0,0,8,8,0,0,0,0,0,0,0,0,5,23,0,0,0,0,0,0,0,0,0,0,0,0,0,0,0,0,0,0,0,0,0,0,0,0,0,0,23
State:Telangana,22,Nirmal,0,0,0,0,0,0,0,0,0,0,0,0,0,0,0,0,0,0,0,0,0,0,0,0,0,0,0,0,0,0,0,0,0,0,0,0,0,0,0,2,2,4,0,0,0,0,0,0,4
State:Telangana,23,Rajanna Siricilla,0,0,0,0,0,0,0,0,0,0,0,0,0,0,0,0,0,0,0,0,0,0,0,0,0,3,0,3,0,0,0,0,0,0,0,0,0,0,0,0,0,3,0,0,0,0,1,1,4
State:Telangana,24,Sangareddy,0,5,3,0,3,0,0,2,0,0,1,1,0,0,0,0,0,0,0,0,0,6,0,0,0,0,0,0,0,0,0,0,0,0,0,0,0,0,0,0,0,0,0,0,0,0,0,0,6
State:Telangana,25,Suryapet,0,0,0,0,0,0,0,0,0,0,0,0,0,0,0,0,0,0,0,0,1,1,0,0,0,0,0,0,0,0,0,0,0,0,0,0,0,0,0,0,0,0,0,0,0,0,0,0,1
State:Telangana,26,Vikarabad,0,0,0,0,0,0,0,0,0,0,2,2,0,0,0,0,0,0,0,0,0,2,0,0,0,0,0,0,0,0,0,4,0,0,0,0,0,0,4,0,0,8,0,0,0,0,0,0,10
State:Telangana,27,Wanaparthy,0,0,0,0,0,0,0,0,0,0,1,1,0,0,0,0,0,0,0,0,0,1,0,0,0,0,0,0,0,0,0,0,0,0,0,0,0,0,0,0,0,0,0,0,0,0,0,0,1
State:Telangana,28,Railway Police Secunderabad,0,0,0,0,0,0,0,0,0,0,0,0,0,0,0,0,0,0,0,0,0,0,0,0,0,0,0,0,0,0,0,0,0,0,0,0,0,0,0,0,0,0,0,0,0,0,0,0,0
State:Telangana,,Total,17,362,10,1,9,3,22,326,1,0,55,15,35,0,0,5,0,0,0,0,21,455,0,26,201,277,44,56,111,61,5,97,0,0,30,0,0,0,21,8,92,752,0,0,1,0,1,2,1209
State:Tripura,1,Dhalai,0,0,0,0,0,0,0,0,0,0,0,0,0,0,0,0,0,0,0,0,0,0,0,0,0,0,0,0,0,0,0,0,0,0,0,0,0,0,0,0,0,0,0,0,0,0,0,0,0
State:Tripura,2,Gomati,0,0,0,0,0,0,0,0,0,0,0,0,0,0,0,0,0,0,0,0,0,0,0,0,0,0,0,0,0,0,0,0,0,0,0,0,0,0,0,0,0,0,0,0,0,0,0,0,0
State:Tripura,3,GRP,0,0,0,0,0,0,0,0,0,0,0,0,0,0,0,0,0,0,0,0,0,0,0,0,0,0,0,0,0,0,0,0,0,0,0,0,0,0,0,0,0,0,0,0,0,0,0,0,0
State:Tripura,4,Kowai,0,0,0,0,0,0,0,0,0,0,0,0,0,0,0,0,0,0,0,0,0,0,0,0,0,3,0,0,0,0,3,0,0,0,0,0,0,0,0,0,0,3,0,0,0,0,0,0,3
State:Tripura,5,North,0,0,0,0,0,0,0,0,0,0,0,0,0,0,0,0,0,0,0,0,0,0,0,0,0,0,0,0,0,0,0,0,0,0,0,0,0,0,0,0,1,1,0,0,0,0,0,0,1
State:Tripura,6,Sipahijala,0,0,0,0,0,0,0,0,0,0,0,0,0,0,0,0,0,0,0,0,0,0,0,0,0,0,0,0,0,0,0,0,0,0,0,0,0,0,0,0,0,0,0,0,0,0,0,0,0
State:Tripura,7,South,0,0,0,0,0,0,0,0,0,0,0,0,0,0,0,0,0,0,0,0,0,0,0,0,0,0,0,0,0,0,0,0,0,0,0,0,0,0,0,0,0,0,0,0,0,0,0,0,0
State:Tripura,8,Unakoti,0,0,0,0,0,0,0,0,0,0,0,0,0,0,0,0,0,0,0,0,0,0,0,0,0,0,0,0,0,0,0,0,0,0,0,0,0,0,0,0,1,1,0,0,0,0,0,0,1
State:Tripura,9,West,0,2,2,0,2,0,0,0,0,0,0,0,0,0,0,0,0,0,0,0,0,2,0,0,0,0,0,0,0,0,0,0,0,0,0,0,0,0,0,0,0,0,0,0,0,0,0,0,2
State:Tripura,,Total,0,2,2,0,2,0,0,0,0,0,0,0,0,0,0,0,0,0,0,0,0,2,0,0,0,3,0,0,0,0,3,0,0,0,0,0,0,0,0,0,2,5,0,0,0,0,0,0,7
State:Uttar Pradesh,1,Agra,3,30,0,0,0,1,14,13,2,1,3,0,2,1,0,0,0,0,0,0,44,81,0,0,0,0,0,0,0,0,0,0,0,0,0,0,0,0,0,0,0,0,0,0,0,0,0,0,81
State:Uttar Pradesh,2,Aligarh,87,0,0,0,0,0,0,0,0,0,0,0,0,0,0,0,0,0,0,0,0,87,0,0,0,0,0,0,0,0,0,0,0,0,0,0,0,0,0,0,0,0,0,0,0,0,0,0,87
State:Uttar Pradesh,3,Prayagraj,0,255,255,0,255,0,0,0,0,0,14,14,0,0,0,0,0,0,0,0,0,269,0,0,0,0,0,0,0,0,0,0,0,0,0,0,0,0,0,0,0,0,0,0,0,0,0,0,269
State:Uttar Pradesh,4,Ambedkar Nagar,0,15,0,0,0,0,0,15,0,0,0,0,0,0,0,0,0,0,0,0,0,15,0,0,0,0,0,0,0,0,0,0,0,0,0,0,0,0,0,0,0,0,0,0,0,0,0,0,15
State:Uttar Pradesh,5,Amethi,0,76,76,0,76,0,0,0,0,0,0,0,0,0,0,0,0,0,0,0,0,76,0,0,0,0,0,0,0,0,0,10,0,0,0,0,0,0,0,0,0,10,0,0,0,0,0,0,86
State:Uttar Pradesh,6,Amroha,0,21,0,0,0,0,21,0,0,0,0,0,0,0,0,0,0,0,0,0,0,21,0,0,0,0,0,0,0,0,0,0,0,0,0,0,0,0,0,0,0,0,0,0,0,0,0,0,21
State:Uttar Pradesh,7,Auraiya,0,10,0,0,0,10,0,0,0,0,1,1,0,0,0,0,0,0,0,0,0,11,0,0,0,0,0,0,0,0,0,11,0,0,0,0,0,0,0,0,7,18,0,0,0,0,0,0,29
State:Uttar Pradesh,8,Azamgarh,10,68,31,0,31,2,2,30,3,0,25,25,0,0,0,0,0,0,0,0,4,107,0,0,0,0,0,0,0,0,0,0,0,0,0,0,0,0,0,0,0,0,0,0,0,0,0,0,107
State:Uttar Pradesh,9,Badaun,0,37,37,0,37,0,0,0,0,0,0,0,0,0,0,0,0,0,0,0,0,37,0,0,0,0,0,0,0,0,0,0,0,0,0,0,0,0,0,0,0,0,0,0,0,0,0,0,37
State:Uttar Pradesh,10,Baghpat,0,19,16,0,16,3,0,0,0,0,3,3,0,0,0,0,0,0,0,0,0,22,0,0,0,0,0,0,0,0,0,0,0,0,0,0,0,0,0,0,0,0,0,0,0,0,0,0,22
State:Uttar Pradesh,11,Bahraich,0,0,0,0,0,0,0,0,0,0,0,0,0,0,0,0,0,0,0,0,20,20,0,0,0,19,0,0,0,0,19,0,0,0,0,0,0,0,0,0,0,19,0,0,0,0,0,0,39
State:Uttar Pradesh,12,Ballia,4,24,17,0,17,0,7,0,0,0,2,2,0,0,0,0,0,0,0,0,0,30,0,0,0,0,0,0,0,0,0,0,0,0,0,0,0,0,0,0,0,0,0,0,0,0,0,0,30
State:Uttar Pradesh,13,Balrampur,0,21,0,0,0,18,0,0,3,0,0,0,0,0,0,0,0,0,0,0,0,21,0,0,0,0,0,0,0,0,0,0,0,0,0,0,0,0,0,0,0,0,0,0,0,0,0,0,21
State:Uttar Pradesh,14,Banda,0,27,27,0,27,0,0,0,0,0,0,0,0,0,0,0,0,0,0,0,0,27,0,0,0,0,0,0,0,0,0,0,0,0,0,0,0,0,0,0,0,0,0,0,0,0,0,0,27
State:Uttar Pradesh,15,Barabanki,0,25,25,0,25,0,0,0,0,0,0,0,0,0,0,0,0,0,0,0,0,25,0,0,0,0,0,0,0,0,0,0,0,0,0,0,0,0,0,0,0,0,0,0,0,0,0,0,25
State:Uttar Pradesh,16,Bareilly,0,28,28,0,28,0,0,0,0,0,19,0,0,0,0,19,0,0,0,0,0,47,0,0,0,0,0,0,0,0,0,0,0,0,0,0,0,0,0,0,0,0,0,0,0,0,0,0,47
State:Uttar Pradesh,17,Basti,0,60,60,0,60,0,0,0,0,0,0,0,0,0,0,0,0,0,0,0,0,60,0,0,0,0,0,0,0,0,0,0,0,0,0,0,0,0,0,0,0,0,0,0,0,0,0,0,60
State:Uttar Pradesh,18,Bijnor,0,44,29,0,29,0,0,0,15,0,0,0,0,0,0,0,0,0,0,0,0,44,0,0,0,0,0,0,0,0,0,0,0,0,0,0,0,0,0,0,0,0,0,0,0,0,0,0,44
State:Uttar Pradesh,19,Bulandshahar,0,8,0,0,0,0,0,1,7,0,25,25,0,0,0,0,0,0,0,0,37,70,0,0,0,0,0,0,0,0,0,0,0,0,0,0,0,0,0,0,0,0,0,0,0,0,0,0,70
State:Uttar Pradesh,20,Chandoli,0,20,7,6,1,1,4,7,1,0,0,0,0,0,0,0,0,0,0,0,2,22,0,0,0,0,0,0,0,0,0,0,0,0,0,0,0,0,0,0,0,0,0,0,2,0,0,2,24
State:Uttar Pradesh,21,Chitrakoot,15,0,0,0,0,0,0,0,0,0,0,0,0,0,0,0,0,0,0,0,0,15,0,0,0,0,0,0,0,0,0,0,0,0,0,0,0,0,0,0,0,0,0,0,0,0,0,0,15
State:Uttar Pradesh,22,Deoria,0,65,65,0,65,0,0,0,0,0,0,0,0,0,0,0,0,0,0,0,0,65,0,0,0,0,0,0,0,0,0,0,0,0,0,0,0,0,0,0,0,0,0,0,0,0,0,0,65
State:Uttar Pradesh,23,Etah,0,27,0,0,0,27,0,0,0,0,0,0,0,0,0,0,0,0,0,0,0,27,0,0,0,0,0,0,0,0,0,0,0,0,0,0,0,0,0,0,0,0,0,0,0,0,0,0,27
State:Uttar Pradesh,24,Etawah,0,48,39,0,39,1,8,0,0,0,0,0,0,0,0,0,0,0,0,0,0,48,0,2,0,0,0,0,0,0,0,28,0,0,0,0,0,0,0,0,0,30,0,0,0,0,0,0,78
State:Uttar Pradesh,25,Ayodhya,0,33,22,0,22,0,0,8,3,0,6,3,3,0,0,0,0,0,0,0,0,39,0,0,0,0,0,0,0,0,0,0,0,0,0,0,0,0,0,0,0,0,0,0,0,0,0,0,39
State:Uttar Pradesh,26,Fatehgarh,0,25,7,0,7,15,2,0,1,0,3,3,0,0,0,0,0,0,0,0,0,28,0,2,0,0,0,0,0,0,0,13,0,0,0,0,0,0,0,0,0,15,0,0,0,0,0,0,43
State:Uttar Pradesh,27,Fatehpur,0,31,26,26,0,5,0,0,0,0,8,8,0,0,0,0,0,0,0,0,0,39,0,0,0,0,0,0,0,0,0,0,0,0,0,0,0,0,0,0,0,0,0,0,0,0,0,0,39
State:Uttar Pradesh,28,Firozabad,0,3,0,0,0,1,1,1,0,0,6,1,5,0,0,0,0,0,0,0,44,53,0,1,0,0,0,0,0,0,0,3,0,0,0,0,0,0,1,1,0,6,0,0,0,0,0,0,59
State:Uttar Pradesh,29,GRP,0,1,1,0,1,0,0,0,0,0,2,0,0,0,0,2,0,0,0,0,0,3,0,0,0,0,0,0,0,0,0,0,0,0,0,0,0,0,0,0,0,0,0,0,0,0,0,0,3
State:Uttar Pradesh,30,Gautambudh Nagar,0,224,224,0,224,0,0,0,0,0,0,0,0,0,0,0,0,0,0,0,0,224,0,0,0,0,0,0,0,0,0,0,0,0,0,0,0,0,0,0,0,0,0,0,0,0,0,0,224
State:Uttar Pradesh,31,Ghaziabad,0,145,145,145,0,0,0,0,0,0,0,0,0,0,0,0,0,0,0,0,0,145,0,0,0,0,0,0,0,0,0,0,0,0,0,0,0,0,0,0,0,0,0,0,0,0,0,0,145
State:Uttar Pradesh,32,Ghazipur,7,68,0,0,0,0,9,59,0,0,3,3,0,0,0,0,0,0,0,0,6,84,0,0,0,0,0,0,0,0,0,0,0,0,0,0,0,0,0,0,0,0,0,0,0,0,0,0,84
State:Uttar Pradesh,33,Gonda,0,0,0,0,0,0,0,0,0,0,0,0,0,0,0,0,0,0,0,0,23,23,0,0,0,0,0,0,0,0,0,0,0,0,0,0,0,0,0,0,0,0,0,0,0,0,0,0,23
State:Uttar Pradesh,34,Gorakhpur,0,188,188,0,188,0,0,0,0,0,0,0,0,0,0,0,0,0,0,0,0,188,0,0,0,0,0,0,0,0,0,0,0,0,0,0,0,0,0,0,0,0,0,0,0,0,0,0,188
State:Uttar Pradesh,35,Hamirpur,0,4,0,0,0,0,1,3,0,0,0,0,0,0,0,0,0,0,0,0,0,4,0,0,0,0,0,0,0,0,0,0,0,0,0,0,0,0,0,0,0,0,0,0,0,0,0,0,4
State:Uttar Pradesh,36,Hapur,0,19,17,0,17,0,0,2,0,0,0,0,0,0,0,0,0,0,0,0,0,19,0,0,0,0,0,0,0,0,0,0,0,0,0,0,0,0,0,0,0,0,0,0,0,0,0,0,19
State:Uttar Pradesh,37,Hardoi,0,0,0,0,0,0,0,0,0,0,0,0,0,0,0,0,0,0,0,0,18,18,0,0,0,0,0,0,0,0,0,0,0,0,0,0,0,0,0,0,0,0,0,0,0,0,0,0,18
State:Uttar Pradesh,38,Hathras,0,30,30,0,30,0,0,0,0,0,0,0,0,0,0,0,0,0,0,0,0,30,0,0,0,0,0,0,0,0,0,0,0,0,0,0,0,0,0,0,0,0,0,0,0,0,0,0,30
State:Uttar Pradesh,39,Jalaun,0,16,0,0,0,0,0,16,0,0,0,0,0,0,0,0,0,0,0,0,0,16,0,0,0,0,0,0,0,0,0,0,0,0,0,0,0,0,0,0,0,0,0,0,0,0,0,0,16
State:Uttar Pradesh,40,Jaunpur,0,26,26,0,26,0,0,0,0,0,0,0,0,0,0,0,0,0,0,0,0,26,0,0,0,0,0,0,0,0,0,0,0,0,0,0,0,0,0,0,0,0,0,0,0,0,0,0,26
State:Uttar Pradesh,41,Jhansi,0,41,32,0,32,0,0,9,0,0,12,0,0,0,0,12,0,0,0,0,0,53,0,0,0,0,0,0,0,0,0,0,0,0,0,0,0,0,0,0,0,0,0,0,0,0,0,0,53
State:Uttar Pradesh,42,Kannauj,0,21,21,0,21,0,0,0,0,0,0,0,0,0,0,0,0,0,0,0,0,21,0,0,0,0,0,0,0,0,0,0,0,0,0,0,0,0,0,0,0,0,0,0,0,0,0,0,21
State:Uttar Pradesh,43,Kanpur Dehat,0,85,85,0,85,0,0,0,0,0,0,0,0,0,0,0,0,0,0,0,0,85,0,0,0,1,0,0,0,1,0,2,0,0,0,0,0,0,0,0,0,3,0,0,0,0,0,0,88
State:Uttar Pradesh,44,Kanpur Nagar,0,217,176,0,176,0,41,0,0,0,31,31,0,0,0,0,0,0,0,0,0,248,0,0,0,0,0,0,0,0,0,0,0,0,0,0,0,0,0,0,0,0,0,0,0,0,0,0,248
State:Uttar Pradesh,45,Kasganj,0,0,0,0,0,0,0,0,0,0,26,26,0,0,0,0,0,0,0,0,0,26,0,0,0,0,0,0,0,0,0,0,0,0,0,0,0,0,0,0,0,0,0,0,0,0,0,0,26
State:Uttar Pradesh,46,Kaushambi,0,73,73,0,73,0,0,0,0,0,0,0,0,0,0,0,0,0,0,0,0,73,0,0,0,0,0,0,0,0,0,0,0,0,0,0,0,0,0,0,0,0,0,0,0,0,0,0,73
State:Uttar Pradesh,47,Khiri,0,71,71,0,71,0,0,0,0,0,0,0,0,0,0,0,0,0,0,0,0,71,0,0,0,4,4,0,0,0,0,0,0,0,0,0,0,0,0,0,15,19,0,0,0,0,0,0,90
State:Uttar Pradesh,48,Kushi Nagar,0,38,0,0,0,38,0,0,0,0,0,0,0,0,0,0,0,0,0,0,0,38,0,2,3,23,0,0,23,0,0,0,0,0,0,0,0,0,0,7,2,37,0,0,0,0,0,0,75
State:Uttar Pradesh,49,Lalitpur,0,1,1,0,1,0,0,0,0,0,1,1,0,0,0,0,0,0,0,0,0,2,0,0,0,7,0,5,1,1,0,0,0,0,8,0,0,0,2,1,0,18,0,0,0,0,0,0,20
State:Uttar Pradesh,50,Lucknow,16,546,471,0,471,8,53,13,1,0,47,40,6,1,0,0,3,0,0,0,0,612,0,0,0,0,0,0,0,0,0,0,0,0,0,0,0,0,0,10,0,10,3,0,2,4,0,9,631
State:Uttar Pradesh,51,Maharajganj,0,17,16,0,16,1,0,0,0,0,12,12,0,0,0,0,0,0,0,0,0,29,0,0,0,0,0,0,0,0,0,0,0,0,0,0,0,0,0,0,0,0,0,0,0,0,0,0,29
State:Uttar Pradesh,52,Mahoba,0,12,12,0,12,0,0,0,0,0,0,0,0,0,0,0,0,0,0,0,0,12,0,0,0,0,0,0,0,0,0,0,0,0,0,0,0,0,0,0,0,0,0,0,0,0,0,0,12
State:Uttar Pradesh,53,Mainpuri,0,78,78,0,78,0,0,0,0,0,0,0,0,0,0,0,0,0,0,0,0,78,0,0,0,0,0,0,0,0,0,0,0,0,0,0,0,0,0,0,15,15,0,0,0,0,0,0,93
State:Uttar Pradesh,54,Mathura,1,25,21,0,21,0,0,4,0,0,17,17,0,0,0,0,0,0,0,0,0,43,0,0,0,0,0,0,0,0,0,0,0,0,0,0,0,0,0,0,0,0,0,0,0,0,0,0,43
State:Uttar Pradesh,55,Mau,0,83,83,0,83,0,0,0,0,0,0,0,0,0,0,0,0,0,0,0,0,83,0,0,0,0,0,0,0,0,0,0,0,0,0,0,0,0,0,0,0,0,0,0,0,0,0,0,83
State:Uttar Pradesh,56,Meerut,0,0,0,0,0,0,0,0,0,0,57,57,0,0,0,0,0,0,0,0,0,57,0,0,0,23,0,10,8,5,0,0,0,0,0,0,0,0,0,0,0,23,0,0,0,0,0,0,80
State:Uttar Pradesh,57,Mirzapur,11,0,0,0,0,0,0,0,0,0,0,0,0,0,0,0,0,0,0,0,18,29,0,0,0,0,0,0,0,0,0,0,0,0,0,0,0,0,0,0,0,0,0,0,0,0,0,0,29
State:Uttar Pradesh,58,Moradabad,0,59,10,0,10,10,18,21,0,0,17,17,0,0,0,0,0,0,0,0,0,76,0,0,0,0,0,0,0,0,0,0,0,0,0,0,0,0,0,0,0,0,0,0,0,0,0,0,76
State:Uttar Pradesh,59,Muzaffarnagar,0,24,24,24,0,0,0,0,0,0,6,6,0,0,0,0,0,0,0,0,0,30,0,0,0,0,0,0,0,0,0,0,0,0,0,0,0,0,0,0,0,0,0,0,0,0,0,0,30
State:Uttar Pradesh,60,Pilibhit,1,29,29,29,0,0,0,0,0,0,11,11,0,0,0,0,0,0,0,0,0,41,0,0,0,0,0,0,0,0,0,0,0,0,0,0,0,0,3,0,0,3,0,0,0,0,0,0,44
State:Uttar Pradesh,61,Pratapgarh,0,21,14,0,14,4,0,3,0,0,0,0,0,0,0,0,0,0,0,0,0,21,0,0,0,0,0,0,0,0,0,0,0,0,0,0,0,0,0,0,0,0,0,0,0,0,0,0,21
State:Uttar Pradesh,62,Raibareilly,0,32,32,0,32,0,0,0,0,0,0,0,0,0,0,0,0,0,0,0,0,32,0,0,0,0,0,0,0,0,0,0,0,0,0,0,0,0,0,0,0,0,0,0,0,0,0,0,32
State:Uttar Pradesh,63,Rampur,0,19,7,0,7,0,0,12,0,0,21,21,0,0,0,0,0,0,0,0,0,40,0,0,0,0,0,0,0,0,0,0,0,0,0,0,0,0,0,0,0,0,0,0,0,0,0,0,40
State:Uttar Pradesh,64,Saharanpur,0,58,20,0,20,18,10,10,0,0,0,0,0,0,0,0,0,0,0,0,0,58,0,0,0,0,0,0,0,0,0,0,0,0,0,0,0,0,0,0,0,0,0,0,0,0,0,0,58
State:Uttar Pradesh,65,Sambhal,0,10,10,8,2,0,0,0,0,0,4,2,2,0,0,0,0,0,0,0,0,14,0,0,0,8,0,5,0,0,3,3,0,0,0,0,0,0,5,1,0,17,0,0,0,0,0,0,31
State:Uttar Pradesh,66,Sant Kabirnagar,0,0,0,0,0,0,0,0,0,0,0,0,0,0,0,0,0,0,0,0,22,22,0,0,0,0,0,0,0,0,0,0,0,0,0,0,0,0,0,0,0,0,0,0,0,0,0,0,22
State:Uttar Pradesh,67,Shahjahanpur,0,14,14,0,14,0,0,0,0,0,26,0,0,0,0,26,0,0,0,0,0,40,0,0,0,0,0,0,0,0,0,0,0,0,0,0,0,0,0,0,0,0,0,0,0,0,0,0,40
State:Uttar Pradesh,68,Shamli,0,0,0,0,0,0,0,0,0,0,18,18,0,0,0,0,0,0,0,0,14,32,0,0,0,0,0,0,0,0,0,0,0,0,0,0,0,0,0,0,0,0,0,0,0,0,0,0,32
State:Uttar Pradesh,69,Shrawasti,0,0,0,0,0,0,0,0,0,0,1,1,0,0,0,0,0,0,0,0,0,1,0,0,0,9,0,0,0,0,9,0,0,0,0,0,0,0,0,0,0,9,0,0,0,0,0,0,10
State:Uttar Pradesh,70,Sidharthnagar,0,0,0,0,0,0,0,0,0,0,0,0,0,0,0,0,0,0,0,0,39,39,0,0,0,0,0,0,0,0,0,0,0,0,0,0,0,0,0,0,0,0,0,0,0,0,0,0,39
State:Uttar Pradesh,71,Sitapur,1,10,8,0,8,0,2,0,0,0,3,3,0,0,0,0,0,0,0,0,2,16,0,0,0,0,0,0,0,0,0,0,0,0,0,0,0,0,0,0,0,0,0,0,0,0,0,0,16
State:Uttar Pradesh,72,Sonbhadra,0,0,0,0,0,0,0,0,0,0,47,47,0,0,0,0,0,0,0,0,0,47,0,0,0,0,0,0,0,0,0,0,0,0,0,0,0,0,0,0,0,0,0,0,0,0,0,0,47
State:Uttar Pradesh,73,Bhadohi,0,20,20,0,20,0,0,0,0,0,0,0,0,0,0,0,0,0,0,0,0,20,0,0,0,0,0,0,0,0,0,0,0,0,0,0,0,0,0,0,0,0,0,0,0,0,0,0,20
State:Uttar Pradesh,74,Sultanpur,0,59,59,0,59,0,0,0,0,0,0,0,0,0,0,0,0,0,0,0,0,59,0,0,0,12,0,8,4,0,0,0,0,0,0,0,0,0,0,0,0,12,0,0,0,0,0,0,71
State:Uttar Pradesh,75,Unnao,1,31,28,0,28,0,2,1,0,0,10,10,0,0,0,0,0,0,0,0,0,42,0,0,0,0,0,0,0,0,0,0,0,0,0,0,0,0,0,0,0,0,0,0,0,0,0,0,42
State:Uttar Pradesh,76,Varanasi,10,74,17,7,10,8,18,20,11,0,30,13,2,14,1,0,0,0,0,0,0,114,0,0,16,164,22,92,33,11,6,10,1,0,0,0,0,0,14,1,0,206,0,0,0,0,0,0,320
State:Uttar Pradesh,,Total,167,3509,2830,245,2585,171,213,248,47,1,517,421,20,16,1,59,3,0,0,0,293,4490,0,7,19,270,26,120,69,18,37,80,1,0,8,0,0,0,25,21,39,470,3,0,4,4,0,11,4971
State:Uttarakhand,1,Almora,0,1,1,0,1,0,0,0,0,0,0,0,0,0,0,0,0,0,0,0,0,1,0,0,0,0,0,0,0,0,0,0,0,0,0,0,0,0,0,0,0,0,0,0,0,0,0,0,1
State:Uttarakhand,2,Bageshwar,0,1,1,0,1,0,0,0,0,0,0,0,0,0,0,0,0,0,0,0,0,1,0,0,0,0,0,0,0,0,0,0,0,0,0,0,0,0,0,0,0,0,0,0,0,0,0,0,1
State:Uttarakhand,3,Chamoli,1,3,2,2,0,0,0,1,0,0,1,1,0,0,0,0,0,0,0,0,0,5,0,0,0,0,0,0,0,0,0,0,0,0,0,0,0,0,0,0,0,0,0,0,0,0,0,0,5
State:Uttarakhand,4,Champawat,0,7,5,0,5,0,2,0,0,0,0,0,0,0,0,0,0,0,0,0,0,7,0,0,0,0,0,0,0,0,0,0,0,0,0,0,0,0,0,0,0,0,0,0,0,0,0,0,7
State:Uttarakhand,5,Dehradun,1,28,0,0,0,0,8,18,2,0,15,0,1,0,0,14,0,0,0,0,0,44,0,0,0,0,0,0,0,0,0,0,0,0,0,0,0,0,0,0,0,0,0,0,2,0,0,2,46
State:Uttarakhand,6,Haridwar,0,44,44,0,44,0,0,0,0,0,0,0,0,0,0,0,0,0,0,0,0,44,0,0,0,0,0,0,0,0,0,0,0,0,0,0,0,0,0,0,0,0,0,0,0,0,0,0,44
State:Uttarakhand,7,Nainital,3,2,1,0,1,0,1,0,0,0,2,2,0,0,0,0,0,0,0,0,0,7,0,0,0,0,0,0,0,0,0,0,0,0,0,0,0,0,0,0,0,0,0,0,0,0,0,0,7
State:Uttarakhand,8,Pauri Garhwal,0,0,0,0,0,0,0,0,0,0,0,0,0,0,0,0,0,0,0,0,0,0,0,0,0,1,0,1,0,0,0,0,0,0,0,0,0,0,0,0,0,1,0,0,0,0,0,0,1
State:Uttarakhand,9,Pithoragarh,0,0,0,0,0,0,0,0,0,0,0,0,0,0,0,0,0,0,0,0,0,0,0,0,0,0,0,0,0,0,0,0,0,0,0,0,0,0,0,0,0,0,0,0,0,0,0,0,0
State:Uttarakhand,10,Rudra Prayag,0,1,0,0,0,0,0,1,0,0,0,0,0,0,0,0,0,0,0,0,0,1,0,0,0,0,0,0,0,0,0,0,0,0,0,0,0,0,0,0,0,0,0,0,0,0,0,0,1
State:Uttarakhand,11,Tehri Garhwal,0,8,4,0,4,0,0,4,0,0,0,0,0,0,0,0,0,0,0,0,0,8,0,0,0,0,0,0,0,0,0,0,0,0,0,0,0,0,0,0,0,0,0,0,0,0,0,0,8
State:Uttarakhand,12,Udhamsingh Nagar,0,0,0,0,0,0,0,0,0,0,0,0,0,0,0,0,0,0,0,0,0,0,0,0,0,0,0,0,0,0,0,0,0,0,0,0,0,0,0,0,0,0,0,0,0,0,0,0,0
State:Uttarakhand,13,Uttarkashi,0,0,0,0,0,0,0,0,0,0,2,0,2,0,0,0,0,0,0,0,0,2,0,0,0,0,0,0,0,0,0,0,0,0,0,0,0,0,0,1,0,1,0,0,0,0,0,0,3
State:Uttarakhand,14,GRP,0,0,0,0,0,0,0,0,0,0,0,0,0,0,0,0,0,0,0,0,0,0,0,0,0,0,0,0,0,0,0,0,0,0,0,0,0,0,0,0,0,0,0,0,0,0,0,0,0
State:Uttarakhand,,Total,5,95,58,2,56,0,11,24,2,0,20,3,3,0,0,14,0,0,0,0,0,120,0,0,0,1,0,1,0,0,0,0,0,0,0,0,0,0,0,1,0,2,0,0,2,0,0,2,124
State:West Bengal,1,Alipurduar,0,0,0,0,0,0,0,0,0,0,0,0,0,0,0,0,0,0,0,0,12,12,0,0,0,0,0,0,0,0,0,0,0,0,0,0,0,0,0,0,0,0,0,0,0,0,0,0,12
State:West Bengal,2,Asansol-Durgapur PC,0,0,0,0,0,0,0,0,0,0,1,0,1,0,0,0,0,0,0,0,0,1,0,1,0,0,0,0,0,0,0,24,6,0,0,0,0,0,4,0,9,44,0,0,0,0,0,0,45
State:West Bengal,3,Bankura,0,0,0,0,0,0,0,0,0,0,0,0,0,0,0,0,0,0,0,0,1,1,0,0,0,0,0,0,0,0,0,0,0,0,0,0,0,0,0,0,0,0,0,0,0,0,0,0,1
State:West Bengal,4,Barrackpur PC,0,0,0,0,0,0,0,0,0,0,0,0,0,0,0,0,0,0,0,0,0,0,0,0,0,0,0,0,0,0,0,2,1,0,0,0,0,0,0,0,6,9,0,0,0,0,0,0,9
State:West Bengal,5,Bidhannagar PC,0,0,0,0,0,0,0,0,0,0,0,0,0,0,0,0,0,0,0,0,5,5,0,0,0,0,0,0,0,0,0,0,0,0,0,0,0,0,0,0,0,0,0,0,0,0,0,0,5
State:West Bengal,6,Birbhum,0,3,0,0,0,0,3,0,0,0,0,0,0,0,0,0,0,0,0,0,0,3,0,0,0,5,0,4,1,0,0,0,0,0,0,0,0,0,3,2,7,17,0,0,0,0,0,0,20
State:West Bengal,7,Coochbehar,0,0,0,0,0,0,0,0,0,0,0,0,0,0,0,0,0,0,0,0,0,0,0,0,0,0,0,0,0,0,0,0,0,0,0,0,0,0,0,1,0,1,0,0,0,0,0,0,1
State:West Bengal,8,Dakshin Dinajpur,0,0,0,0,0,0,0,0,0,0,5,1,4,0,0,0,0,0,0,0,0,5,0,0,0,0,0,0,0,0,0,0,0,0,0,0,0,0,0,3,2,5,0,0,0,0,0,0,10
State:West Bengal,9,Darjeeling,0,1,1,0,1,0,0,0,0,0,0,0,0,0,0,0,0,0,0,0,0,1,0,0,0,0,0,0,0,0,0,0,0,0,0,0,0,0,0,0,1,1,0,0,0,0,0,0,2
State:West Bengal,10,Hooghly Rural Police,0,0,0,0,0,0,0,0,0,0,0,0,0,0,0,0,0,0,0,0,4,4,0,0,0,0,0,0,0,0,0,0,0,0,0,0,0,0,0,0,0,0,0,0,0,0,0,0,4
State:West Bengal,11,Howrah GRP,0,0,0,0,0,0,0,0,0,0,0,0,0,0,0,0,0,0,0,0,0,0,0,0,0,0,0,0,0,0,0,0,0,0,0,0,0,0,0,0,0,0,0,0,0,0,0,0,0
State:West Bengal,12,Howrah PC,0,0,0,0,0,0,0,0,0,0,0,0,0,0,0,0,0,0,0,0,22,22,0,0,0,0,0,0,0,0,0,0,0,0,0,0,0,0,0,0,0,0,0,0,0,0,0,0,22
State:West Bengal,13,Howrah Rural,0,3,0,0,0,0,1,0,2,0,0,0,0,0,0,0,0,0,0,0,5,8,0,0,0,0,0,0,0,0,0,0,0,0,0,0,0,0,0,0,0,0,0,0,0,0,0,0,8
State:West Bengal,14,Jalpaiguri,0,4,0,0,0,0,1,3,0,1,0,0,0,0,0,0,0,0,0,0,0,5,0,0,0,0,0,0,0,0,0,0,0,0,0,0,0,0,2,0,0,2,0,0,0,0,0,0,7
State:West Bengal,15,Jhargram,0,0,0,0,0,0,0,0,0,0,0,0,0,0,0,0,0,0,0,0,0,0,0,0,0,0,0,0,0,0,0,0,0,0,0,0,0,0,1,0,0,1,0,0,0,0,0,0,1
State:West Bengal,16,Kharagpur GRP,0,0,0,0,0,0,0,0,0,0,0,0,0,0,0,0,0,0,0,0,0,0,0,0,0,0,0,0,0,0,0,0,0,0,0,0,0,0,0,0,0,0,0,0,0,0,0,0,0
State:West Bengal,17,Kolkata,1,38,11,0,11,0,23,4,0,0,55,55,0,0,0,0,0,0,0,0,91,185,0,3,0,0,0,0,0,0,0,0,0,0,0,0,0,0,0,0,8,11,0,0,0,0,0,0,196
State:West Bengal,18,Malda,0,2,0,0,0,0,0,2,0,0,0,0,0,0,0,0,0,0,0,0,1,3,0,0,0,0,0,0,0,0,0,0,0,0,0,0,0,0,0,0,0,0,0,0,0,0,0,0,3
State:West Bengal,19,Murshidabad,0,2,0,0,0,0,2,0,0,0,4,2,2,0,0,0,0,0,0,0,0,6,0,3,0,0,0,0,0,0,0,3,1,0,0,0,0,0,0,0,9,16,0,0,0,0,0,0,22
State:West Bengal,20,Nadia,0,0,0,0,0,0,0,0,0,0,0,0,0,0,0,0,0,0,0,0,12,12,0,0,0,0,0,0,0,0,0,0,0,0,0,0,0,0,0,0,0,0,0,0,0,0,0,0,12
State:West Bengal,21,Paschim Medinipur,0,0,0,0,0,0,0,0,0,0,0,0,0,0,0,0,0,0,0,0,2,2,0,0,0,0,0,0,0,0,0,0,0,0,0,0,0,0,0,0,0,0,0,0,0,0,0,0,2
State:West Bengal,22,Purab Medinipur,0,0,0,0,0,0,0,0,0,0,0,0,0,0,0,0,0,0,0,0,3,3,0,0,0,0,0,0,0,0,0,0,0,0,0,0,0,0,0,0,0,0,0,0,0,0,0,0,3
State:West Bengal,23,Purulia,0,4,0,0,0,0,1,2,1,0,1,1,0,0,0,0,0,0,0,0,0,5,0,0,0,0,0,0,0,0,0,0,0,0,0,0,0,0,0,0,0,0,0,0,0,0,0,0,5
State:West Bengal,24,Sealdah GRP,0,0,0,0,0,0,0,0,0,0,0,0,0,0,0,0,0,0,0,0,0,0,0,0,0,0,0,0,0,0,0,0,0,0,0,0,0,0,0,0,0,0,0,0,0,0,0,0,0
State:West Bengal,25,Siliguri GRP,0,0,0,0,0,0,0,0,0,0,0,0,0,0,0,0,0,0,0,0,0,0,0,0,0,0,0,0,0,0,0,0,0,0,0,0,0,0,0,0,0,0,0,0,0,0,0,0,0
State:West Bengal,26,Siliguri PC,0,5,4,2,2,0,0,1,0,0,3,1,0,0,0,2,0,0,0,0,15,23,0,1,0,15,2,0,1,8,4,4,1,0,0,0,0,0,0,0,0,21,0,0,0,0,0,0,44
State:West Bengal,27,Uttar Dinajpur,0,5,0,0,0,0,4,1,0,0,9,8,1,0,0,0,0,0,0,0,0,14,0,0,0,0,0,0,0,0,0,0,0,0,0,0,0,0,0,1,0,1,0,0,0,0,0,0,15
State:West Bengal,28,Baruipur Police,0,0,0,0,0,0,0,0,0,0,0,0,0,0,0,0,0,0,0,0,7,7,0,0,0,0,0,0,0,0,0,2,0,0,0,0,0,0,0,0,7,9,0,0,0,0,0,0,16
State:West Bengal,29,Chandannagar PC,0,0,0,0,0,0,0,0,0,0,0,0,0,0,0,0,0,0,0,0,8,8,0,0,0,0,0,0,0,0,0,0,0,0,0,0,0,0,0,0,0,0,0,0,0,0,0,0,8
State:West Bengal,30,Diamond Harbour Police,0,1,0,0,0,0,0,1,0,0,0,0,0,0,0,0,0,0,0,0,0,1,0,0,0,2,0,2,0,0,0,0,0,0,0,0,0,0,0,0,13,15,0,0,0,0,0,0,16
State:West Bengal,31,Kalimpong,0,0,0,0,0,0,0,0,0,0,0,0,0,0,0,0,0,0,0,0,0,0,0,1,0,0,0,0,0,0,0,0,0,0,0,0,0,0,0,0,0,1,0,0,0,0,0,0,1
State:West Bengal,32,Purba Bardhaman,0,10,6,0,6,0,0,4,0,0,0,0,0,0,0,0,0,0,0,0,0,10,0,0,0,0,0,0,0,0,0,0,0,0,0,0,0,0,0,0,0,0,0,0,0,0,0,0,10
State:West Bengal,33,Sundarban Police,0,0,0,0,0,0,0,0,0,0,0,0,0,0,0,0,0,0,0,0,10,10,0,0,0,0,0,0,0,0,0,0,0,0,0,0,0,0,0,0,10,10,0,0,6,0,0,6,26
State:West Bengal,34,Barasat,0,25,12,0,12,0,10,2,1,0,12,12,0,0,0,0,0,0,0,0,0,37,0,0,0,0,0,0,0,0,0,0,0,0,0,0,0,0,0,0,0,0,0,0,0,0,0,0,37
State:West Bengal,35,Basirhat,0,0,0,0,0,0,0,0,0,0,0,0,0,0,0,0,0,0,0,0,5,5,0,0,0,0,0,0,0,0,0,0,0,0,0,0,0,0,0,0,0,0,0,0,0,0,0,0,5
State:West Bengal,,Total,1,103,34,2,32,0,45,20,4,1,90,80,8,0,0,2,0,0,0,0,203,398,0,9,0,22,2,6,2,8,4,35,9,0,0,0,0,0,10,7,72,164,0,0,6,0,0,6,568
UT:A&N Islands,1,South Andaman,0,2,0,0,0,0,2,0,0,0,1,1,0,0,0,0,0,0,0,0,0,3,0,0,0,0,0,0,0,0,0,0,0,0,0,0,0,0,0,0,0,0,0,0,0,0,0,0,3
UT:A&N Islands,2,North & Middle Andaman,0,0,0,0,0,0,0,0,0,0,0,0,0,0,0,0,0,0,0,0,0,0,0,0,0,0,0,0,0,0,0,0,0,0,0,0,0,0,0,0,0,0,0,0,0,0,0,0,0
UT:A&N Islands,3,Nicobar,0,0,0,0,0,0,0,0,0,0,0,0,0,0,0,0,0,0,0,0,0,0,0,0,0,0,0,0,0,0,0,0,0,0,0,0,0,0,0,0,0,0,0,0,0,0,0,0,0
UT:A&N Islands,,Total,0,2,0,0,0,0,2,0,0,0,1,1,0,0,0,0,0,0,0,0,0,3,0,0,0,0,0,0,0,0,0,0,0,0,0,0,0,0,0,0,0,0,0,0,0,0,0,0,3
UT:Chandigarh,1,Chandigarh,0,14,1,0,1,0,2,11,0,0,3,1,2,0,0,0,0,0,0,0,0,17,0,2,0,6,0,0,4,0,2,4,0,0,0,0,0,0,1,0,2,15,0,0,0,0,0,0,32
UT:Chandigarh,,Total,0,14,1,0,1,0,2,11,0,0,3,1,2,0,0,0,0,0,0,0,0,17,0,2,0,6,0,0,4,0,2,4,0,0,0,0,0,0,1,0,2,15,0,0,0,0,0,0,32
UT:D&N Haveli,1,D&N Haveli,0,0,0,0,0,0,0,0,0,0,0,0,0,0,0,0,0,0,0,0,0,0,0,1,0,0,0,0,0,0,0,0,0,0,0,0,0,0,0,0,0,1,0,0,0,0,0,0,1
UT:D&N Haveli,,Total,0,0,0,0,0,0,0,0,0,0,0,0,0,0,0,0,0,0,0,0,0,0,0,1,0,0,0,0,0,0,0,0,0,0,0,0,0,0,0,0,0,1,0,0,0,0,0,0,1
UT:Daman & Diu,1,Daman,0,0,0,0,0,0,0,0,0,0,0,0,0,0,0,0,0,0,0,0,0,0,0,0,0,0,0,0,0,0,0,0,0,0,0,0,0,0,0,0,0,0,0,0,0,0,0,0,0
UT:Daman & Diu,2,Diu,0,0,0,0,0,0,0,0,0,0,0,0,0,0,0,0,0,0,0,0,0,0,0,0,0,0,0,0,0,0,0,0,0,0,0,0,0,0,0,0,0,0,0,0,0,0,0,0,0
UT:Daman & Diu,,Total,0,0,0,0,0,0,0,0,0,0,0,0,0,0,0,0,0,0,0,0,0,0,0,0,0,0,0,0,0,0,0,0,0,0,0,0,0,0,0,0,0,0,0,0,0,0,0,0,0
UT:Delhi UT,1,Central,0,1,0,0,0,0,1,0,0,0,6,2,2,2,0,0,0,0,0,0,0,7,0,0,0,0,0,0,0,0,0,0,0,0,0,0,0,0,0,0,0,0,0,0,0,0,0,0,7
UT:Delhi UT,2,Crime Branch,0,0,0,0,0,0,0,0,0,0,0,0,0,0,0,0,0,0,0,0,0,0,0,0,0,0,0,0,0,0,0,6,2,0,0,0,0,0,1,0,2,11,2,0,0,0,0,2,13
UT:Delhi UT,3,East,0,1,0,0,0,0,1,0,0,0,3,2,1,0,0,0,0,0,0,0,0,4,0,0,0,0,0,0,0,0,0,0,0,0,0,0,0,0,1,0,0,1,0,0,0,0,0,0,5
UT:Delhi UT,4,EOW,0,14,9,0,9,0,4,1,0,0,4,0,4,0,0,0,0,0,0,0,0,18,0,0,0,0,0,0,0,0,0,0,0,0,0,0,0,0,0,1,0,1,0,0,0,0,0,0,19
UT:Delhi UT,5,IGI Airport,0,0,0,0,0,0,0,0,0,0,0,0,0,0,0,0,0,0,0,0,0,0,0,0,0,0,0,0,0,0,0,0,0,0,0,0,0,0,0,0,0,0,0,0,0,0,0,0,0
UT:Delhi UT,6,Metro,0,0,0,0,0,0,0,0,0,0,0,0,0,0,0,0,0,0,0,0,0,0,0,0,0,0,0,0,0,0,0,0,0,0,0,0,0,0,0,0,0,0,0,0,0,0,0,0,0
UT:Delhi UT,7,New Delhi,0,0,0,0,0,0,0,0,0,0,0,0,0,0,0,0,0,0,0,0,0,0,0,0,0,4,0,0,0,0,4,0,0,0,0,0,0,0,0,0,2,6,0,0,0,0,0,0,6
UT:Delhi UT,8,North,0,2,0,0,0,1,1,0,0,0,1,1,0,0,0,0,0,0,0,0,0,3,0,0,0,0,0,0,0,0,0,0,0,0,0,0,0,0,0,0,2,2,0,0,0,0,0,0,5
UT:Delhi UT,9,North-East,0,0,0,0,0,0,0,0,0,0,2,2,0,0,0,0,0,0,0,0,0,2,0,0,0,0,0,0,0,0,0,0,0,0,0,0,0,0,2,0,0,2,0,0,0,0,0,0,4
UT:Delhi UT,10,North-West,0,2,1,0,1,0,1,0,0,0,2,0,2,0,0,0,0,0,0,0,0,4,0,0,0,4,0,0,1,3,0,0,0,0,0,0,0,0,0,0,2,6,0,0,0,0,0,0,10
UT:Delhi UT,11,Outer,0,0,0,0,0,0,0,0,0,0,0,0,0,0,0,0,0,0,0,0,0,0,0,0,0,0,0,0,0,0,0,0,0,0,0,0,0,0,0,0,0,0,0,0,0,0,0,0,0
UT:Delhi UT,12,RAILWAY,0,0,0,0,0,0,0,0,0,0,0,0,0,0,0,0,0,0,0,0,0,0,0,0,0,0,0,0,0,0,0,0,0,0,0,0,0,0,0,0,0,0,0,0,0,0,0,0,0
UT:Delhi UT,13,South,0,6,2,0,2,0,2,2,0,0,4,0,3,1,0,0,0,0,0,0,2,12,0,1,0,0,0,0,0,0,0,0,0,0,0,0,0,0,0,0,0,1,0,0,0,0,0,0,13
UT:Delhi UT,14,South-East,0,5,0,0,0,0,3,2,0,0,4,3,1,0,0,0,0,0,0,0,0,9,0,2,0,3,0,0,0,0,3,0,0,0,0,0,0,0,0,1,1,7,0,0,0,0,0,0,16
UT:Delhi UT,15,South-West,0,6,5,0,5,0,0,0,1,0,2,1,0,0,0,1,0,0,0,0,0,8,0,2,0,0,0,0,0,0,0,1,0,0,0,0,0,0,1,0,3,7,0,0,0,0,0,0,15
UT:Delhi UT,16,Spl Cell,0,2,0,0,0,0,0,2,0,0,0,0,0,0,0,0,0,0,0,0,0,2,0,0,0,0,0,0,0,0,0,0,0,0,0,0,0,0,0,0,0,0,0,0,0,0,0,0,2
UT:Delhi UT,17,SPUWAC,0,0,0,0,0,0,0,0,0,0,0,0,0,0,0,0,0,0,0,0,0,0,0,0,0,0,0,0,0,0,0,0,0,0,0,0,0,0,0,0,0,0,0,0,0,0,0,0,0
UT:Delhi UT,18,Vigilance,0,0,0,0,0,0,0,0,0,0,0,0,0,0,0,0,0,0,0,0,0,0,0,0,0,0,0,0,0,0,0,0,0,0,0,0,0,0,0,0,0,0,0,0,0,0,0,0,0
UT:Delhi UT,19,West,0,4,2,0,2,2,0,0,0,0,3,0,3,0,0,0,0,0,0,0,2,9,0,1,0,0,0,0,0,0,0,6,0,0,0,0,0,0,0,1,4,12,0,0,0,0,0,0,21
UT:Delhi UT,20,Rohini,0,1,0,0,0,0,0,0,1,0,0,0,0,0,0,0,0,0,0,0,0,1,0,1,0,0,0,0,0,0,0,0,0,0,0,0,0,0,0,0,2,3,0,0,0,0,0,0,4
UT:Delhi UT,21,Shahdara,0,0,0,0,0,0,0,0,0,0,2,1,0,0,0,1,0,0,0,0,0,2,0,0,0,12,0,9,1,2,0,1,0,0,0,0,0,0,0,1,0,14,0,0,0,0,0,0,16
UT:Delhi UT,22,Dwarka,0,2,0,0,0,0,1,1,0,0,1,0,1,0,0,0,0,0,0,0,0,3,0,2,0,0,0,0,0,0,0,1,0,0,0,0,0,0,0,0,0,3,0,0,0,0,0,0,6
UT:Delhi UT,,Total,0,46,19,0,19,3,14,8,2,0,34,12,17,3,0,2,0,0,0,0,4,84,0,9,0,23,0,9,2,5,7,15,2,0,0,0,0,0,5,4,18,76,2,0,0,0,0,2,162
UT:Lakshadweep,1,Lakshadweep,0,0,0,0,0,0,0,0,0,0,0,0,0,0,0,0,0,0,0,0,0,0,0,0,0,0,0,0,0,0,0,0,0,0,0,0,0,0,0,0,0,0,0,0,0,0,0,0,0
UT:Lakshadweep,,Total,0,0,0,0,0,0,0,0,0,0,0,0,0,0,0,0,0,0,0,0,0,0,0,0,0,0,0,0,0,0,0,0,0,0,0,0,0,0,0,0,0,0,0,0,0,0,0,0,0
UT:Puducherry,1,Karaikal,0,0,0,0,0,0,0,0,0,0,0,0,0,0,0,0,0,0,0,0,0,0,0,0,0,0,0,0,0,0,0,0,0,0,0,0,0,0,0,0,0,0,0,0,0,0,0,0,0
UT:Puducherry,2,Puducherry,0,1,0,0,0,0,0,1,0,0,4,0,0,0,0,4,0,0,0,0,0,5,0,0,0,0,0,0,0,0,0,0,0,0,0,0,0,0,0,0,0,0,0,0,0,0,0,0,5
UT:Puducherry,,Total,0,1,0,0,0,0,0,1,0,0,4,0,0,0,0,4,0,0,0,0,0,5,0,0,0,0,0,0,0,0,0,0,0,0,0,0,0,0,0,0,0,0,0,0,0,0,0,0,5
