section,sl_no,Crime Head,PART III: A. STATUS OF PERSONS ARRESTED DURING THE YEAR | Persons to whom Notice Issued during the year (but not Arrested) (Sec.41 CrPC) | Male,PART III: A. STATUS OF PERSONS ARRESTED DURING THE YEAR | Persons to whom Notice Issued during the year (but not Arrested) (Sec.41 CrPC) | Female,PART III: A. STATUS OF PERSONS ARRESTED DURING THE YEAR | Persons to whom Notice Issued during the year (but not Arrested) (Sec.41 CrPC) | Transgender,PART III: A. STATUS OF PERSONS ARRESTED DURING THE YEAR | Persons to whom Notice Issued during the year (but not Arrested) (Sec.41 CrPC) | Total,PART III: A. STATUS OF PERSONS ARRESTED DURING THE YEAR | Persons Arrested | Persons Arrested out of Cases Registered from Previous Years | Male,PART III: A. STATUS OF PERSONS ARRESTED DURING THE YEAR | Persons Arrested | Persons Arrested out of Cases Registered from Previous Years | Female,PART III: A. STATUS OF PERSONS ARRESTED DURING THE YEAR | Persons Arrested | Persons Arrested out of Cases Registered from Previous Years | Transgender,PART III: A. STATUS OF PERSONS ARRESTED DURING THE YEAR | Persons Arrested | Persons Arrested out of Cases Registered from Previous Years | Total,PART III: A. STATUS OF PERSONS ARRESTED DURING THE YEAR | Persons Arrested | Persons Arrested in Cases Registered during the year | Male,PART III: A. STATUS OF PERSONS ARRESTED DURING THE YEAR | Persons Arrested | Persons Arrested in Cases Registered during the year | Female,PART III: A. STATUS OF PERSONS ARRESTED DURING THE YEAR | Persons Arrested | Persons Arrested in Cases Registered during the year | Transgender,PART III: A. STATUS OF PERSONS ARRESTED DURING THE YEAR | Persons Arrested | Persons Arrested in Cases Registered during the year | Total,PART III: A. STATUS OF PERSONS ARRESTED DURING THE YEAR | Persons Arrested | Total Persons Arrested during the year | Male,PART III: A. STATUS OF PERSONS ARRESTED DURING THE YEAR | Persons Arrested | Total Persons Arrested during the year | Female,PART III: A. STATUS OF PERSONS ARRESTED DURING THE YEAR | Persons Arrested | Total Persons Arrested during the year | Transgender,PART III: A. STATUS OF PERSONS ARRESTED DURING THE YEAR | Persons Arrested | Total Persons Arrested during the year | Total,PART III: A. STATUS OF PERSONS ARRESTED DURING THE YEAR | Accused Died at Investigation Stage | Male,PART III: A. STATUS OF PERSONS ARRESTED DURING THE YEAR | Accused Died at Investigation Stage | Female,PART III: A. STATUS OF PERSONS ARRESTED DURING THE YEAR | Accused Died at Investigation Stage | Transgender,PART III: A. STATUS OF PERSONS ARRESTED DURING THE YEAR | Accused Died at Investigation Stage | Total,PART III: A. STATUS OF PERSONS ARRESTED DURING THE YEAR | Persons Transferred to Other State/Agency | Male,PART III: A. STATUS OF PERSONS ARRESTED DURING THE YEAR | Persons Transferred to Other State/Agency | Female,PART III: A. STATUS OF PERSONS ARRESTED DURING THE YEAR | Persons Transferred to Other State/Agency | Transgender,PART III: A. STATUS OF PERSONS ARRESTED DURING THE YEAR | Persons Transferred to Other State/Agency | Total,PART III: A. STATUS OF PERSONS ARRESTED DURING THE YEAR | Arrested Persons Granted Bail during the year | By Police (including Persons released before trial u/s 169 Cr.PC) | Male,PART III: A. STATUS OF PERSONS ARRESTED DURING THE YEAR | Arrested Persons Granted Bail during the year | By Police (including Persons released before trial u/s 169 Cr.PC) | Female,PART III: A. STATUS OF PERSONS ARRESTED DURING THE YEAR | Arrested Persons Granted Bail during the year | By Police (including Persons released before trial u/s 169 Cr.PC) | Transgender,PART III: A. STATUS OF PERSONS ARRESTED DURING THE YEAR | Arrested Persons Granted Bail during the year | By Police (including Persons released before trial u/s 169 Cr.PC) | Total,PART III: A. STATUS OF PERSONS ARRESTED DURING THE YEAR | Arrested Persons Granted Bail during the year | By Court | Male,PART III: A. STATUS OF PERSONS ARRESTED DURING THE YEAR | Arrested Persons Granted Bail during the year | By Court | Female,PART III: A. STATUS OF PERSONS ARRESTED DURING THE YEAR | Arrested Persons Granted Bail during the year | By Court | Transgender,PART III: A. STATUS OF PERSONS ARRESTED DURING THE YEAR | Arrested Persons Granted Bail during the year | By Court | Total,PART III: A. STATUS OF PERSONS ARRESTED DURING THE YEAR | Arrested Persons Granted Bail during the year | Total | Male,PART III: A. STATUS OF PERSONS ARRESTED DURING THE YEAR | Arrested Persons Granted Bail during the year | Total | Female,PART III: A. STATUS OF PERSONS ARRESTED DURING THE YEAR | Arrested Persons Granted Bail during the year | Total | Transgender,PART III: A. STATUS OF PERSONS ARRESTED DURING THE YEAR | Arrested Persons Granted Bail during the year | Total | Total,PART III: A. STATUS OF PERSONS ARRESTED DURING THE YEAR | Arrested Persons in Judicial Custody at end of year | Male,PART III: A. STATUS OF PERSONS ARRESTED DURING THE YEAR | Arrested Persons in Judicial Custody at end of year | Female,PART III: A. STATUS OF PERSONS ARRESTED DURING THE YEAR | Arrested Persons in Judicial Custody at end of year | Transgender,PART III: A. STATUS OF PERSONS ARRESTED DURING THE YEAR | Arrested Persons in Judicial Custody at end of year | Total,PART III: A. STATUS OF PERSONS ARRESTED DURING THE YEAR | Persons against whose Cases Final Reports have been submitted | Male,PART III: A. STATUS OF PERSONS ARRESTED DURING THE YEAR | Persons against whose Cases Final Reports have been submitted | Female,PART III: A. STATUS OF PERSONS ARRESTED DURING THE YEAR | Persons against whose Cases Final Reports have been submitted | Transgender,PART III: A. STATUS OF PERSONS ARRESTED DURING THE YEAR | Persons against whose Cases Final Reports have been submitted | Total,PART III: A. STATUS OF PERSONS ARRESTED DURING THE YEAR | No. of Persons Chargesheeted during the year | Persons Arrested and Chargesheeted | Male,PART III: A. STATUS OF PERSONS ARRESTED DURING THE YEAR | No. of Persons Chargesheeted during the year | Persons Arrested and Chargesheeted | Female,PART III: A. STATUS OF PERSONS ARRESTED DURING THE YEAR | No. of Persons Chargesheeted during the year | Persons Arrested and Chargesheeted | Transgender,PART III: A. STATUS OF PERSONS ARRESTED DURING THE YEAR | No. of Persons Chargesheeted during the year | Persons Arrested and Chargesheeted | Total,PART III: A. STATUS OF PERSONS ARRESTED DURING THE YEAR | No. of Persons Chargesheeted during the year | Persons Not Arrested but Chargesheeted | Male,PART III: A. STATUS OF PERSONS ARRESTED DURING THE YEAR | No. of Persons Chargesheeted during the year | Persons Not Arrested but Chargesheeted | Female,PART III: A. STATUS OF PERSONS ARRESTED DURING THE YEAR | No. of Persons Chargesheeted during the year | Persons Not Arrested but Chargesheeted | Transgender,PART III: A. STATUS OF PERSONS ARRESTED DURING THE YEAR | No. of Persons Chargesheeted during the year | Persons Not Arrested but Chargesheeted | Total,PART III: A. STATUS OF PERSONS ARRESTED DURING THE YEAR | No. of Persons Chargesheeted during the year | Total Chargesheeted | Male,PART III: A. STATUS OF PERSONS ARRESTED DURING THE YEAR | No. of Persons Chargesheeted during the year | Total Chargesheeted | Female,PART III: A. STATUS OF PERSONS ARRESTED DURING THE YEAR | No. of Persons Chargesheeted during the year | Total Chargesheeted | Transgender,PART III: A. STATUS OF PERSONS ARRESTED DURING THE YEAR | No. of Persons Chargesheeted during the year | Total Chargesheeted | Total,PART III: B. TRIAL OF PERSONS (including Pending Trial from previous years) | Persons whose Cases Pending Trial from Previous Years | Male,PART III: B. TRIAL OF PERSONS (including Pending Trial from previous years) | Persons whose Cases Pending Trial from Previous Years | Female,PART III: B. TRIAL OF PERSONS (including Pending Trial from previous years) | Persons whose Cases Pending Trial from Previous Years | Transgender,PART III: B. TRIAL OF PERSONS (including Pending Trial from previous years) | Persons whose Cases Pending Trial from Previous Years | Total,PART III: B. TRIAL OF PERSONS (including Pending Trial from previous years) | Total Persons under Trial (Persons pending trial from Prev. year + Persons Chargesheeted during the year) | Male,PART III: B. TRIAL OF PERSONS (including Pending Trial from previous years) | Total Persons under Trial (Persons pending trial from Prev. year + Persons Chargesheeted during the year) | Female,PART III: B. TRIAL OF PERSONS (including Pending Trial from previous years) | Total Persons under Trial (Persons pending trial from Prev. year + Persons Chargesheeted during the year) | Transgender,PART III: B. TRIAL OF PERSONS (including Pending Trial from previous years) | Total Persons under Trial (Persons pending trial from Prev. year + Persons Chargesheeted during the year) | Total,PART III: B. TRIAL OF PERSONS (including Pending Trial from previous years) | Persons whose cases disposed off Without Trial | Persons against whom cases were Abated | Male,PART III: B. TRIAL OF PERSONS (including Pending Trial from previous years) | Persons whose cases disposed off Without Trial | Persons against whom cases were Abated | Female,PART III: B. TRIAL OF PERSONS (including Pending Trial from previous years) | Persons whose cases disposed off Without Trial | Persons against whom cases were Abated | Transgender,PART III: B. TRIAL OF PERSONS (including Pending Trial from previous years) | Persons whose cases disposed off Without Trial | Persons against whom cases were Abated | Total,PART III: B. TRIAL OF PERSONS (including Pending Trial from previous years) | Persons whose cases disposed off Without Trial | Persons against whom cases were withdrawn | Male,PART III: B. TRIAL OF PERSONS (including Pending Trial from previous years) | Persons whose cases disposed off Without Trial | Persons against whom cases were withdrawn | Female,PART III: B. TRIAL OF PERSONS (including Pending Trial from previous years) | Persons whose cases disposed off Without Trial | Persons against whom cases were withdrawn | Transgender,PART III: B. TRIAL OF PERSONS (including Pending Trial from previous years) | Persons whose cases disposed off Without Trial | Persons against whom cases were withdrawn | Total,PART III: B. TRIAL OF PERSONS (including Pending Trial from previous years) | Persons whose cases disposed off Without Trial | Persons against whom cases were compounded/ Compromised by Courts | Male,PART III: B. TRIAL OF PERSONS (including Pending Trial from previous years) | Persons whose cases disposed off Without Trial | Persons against whom cases were compounded/ Compromised by Courts | Female,PART III: B. TRIAL OF PERSONS (including Pending Trial from previous years) | Persons whose cases disposed off Without Trial | Persons against whom cases were compounded/ Compromised by Courts | Transgender,PART III: B. TRIAL OF PERSONS (including Pending Trial from previous years) | Persons whose cases disposed off Without Trial | Persons against whom cases were compounded/ Compromised by Courts | Total,PART III: B. TRIAL OF PERSONS (including Pending Trial from previous years) | Persons whose cases disposed off Without Trial | Persons whose cases disposed of under Plea Bargaining | Male,PART III: B. TRIAL OF PERSONS (including Pending Trial from previous years) | Persons whose cases disposed off Without Trial | Persons whose cases disposed of under Plea Bargaining | Female,PART III: B. TRIAL OF PERSONS (including Pending Trial from previous years) | Persons whose cases disposed off Without Trial | Persons whose cases disposed of under Plea Bargaining | Transgender,PART III: B. TRIAL OF PERSONS (including Pending Trial from previous years) | Persons whose cases disposed off Without Trial | Persons whose cases disposed of under Plea Bargaining | Total,PART III: B. TRIAL OF PERSONS (including Pending Trial from previous years) | Persons whose cases disposed off Without Trial | Persons whose cases were quashed by Higher Courts | Male,PART III: B. TRIAL OF PERSONS (including Pending Trial from previous years) | Persons whose cases disposed off Without Trial | Persons whose cases were quashed by Higher Courts | Female,PART III: B. TRIAL OF PERSONS (including Pending Trial from previous years) | Persons whose cases disposed off Without Trial | Persons whose cases were quashed by Higher Courts | Transgender,PART III: B. TRIAL OF PERSONS (including Pending Trial from previous years) | Persons whose cases disposed off Without Trial | Persons whose cases were quashed by Higher Courts | Total,PART III: B. TRIAL OF PERSONS (including Pending Trial from previous years) | Persons whose cases disposed off Without Trial | Total Persons disposed off without Trial | Male,PART III: B. TRIAL OF PERSONS (including Pending Trial from previous years) | Persons whose cases disposed off Without Trial | Total Persons disposed off without Trial | Female,PART III: B. TRIAL OF PERSONS (including Pending Trial from previous years) | Persons whose cases disposed off Without Trial | Total Persons disposed off without Trial | Transgender,PART III: B. TRIAL OF PERSONS (including Pending Trial from previous years) | Persons whose cases disposed off Without Trial | Total Persons disposed off without Trial | Total,PART III: B. TRIAL OF PERSONS (including Pending Trial from previous years) | Persons whose cases Stayed by Courts/ LPC/ Sent to Record Room | Male,PART III: B. TRIAL OF PERSONS (including Pending Trial from previous years) | Persons whose cases Stayed by Courts/ LPC/ Sent to Record Room | Female,PART III: B. TRIAL OF PERSONS (including Pending Trial from previous years) | Persons whose cases Stayed by Courts/ LPC/ Sent to Record Room | Transgender,PART III: B. TRIAL OF PERSONS (including Pending Trial from previous years) | Persons whose cases Stayed by Courts/ LPC/ Sent to Record Room | Total,PART III: B. TRIAL OF PERSONS (including Pending Trial from previous years) | Persons whose cases were Tried by Courts | Persons Convicted | Male,PART III: B. TRIAL OF PERSONS (including Pending Trial from previous years) | Persons whose cases were Tried by Courts | Persons Convicted | Female,PART III: B. TRIAL OF PERSONS (including Pending Trial from previous years) | Persons whose cases were Tried by Courts | Persons Convicted | Transgender,PART III: B. TRIAL OF PERSONS (including Pending Trial from previous years) | Persons whose cases were Tried by Courts | Persons Convicted | Total,PART III: B. TRIAL OF PERSONS (including Pending Trial from previous years) | Persons whose cases were Tried by Courts | Persons Discharged | Male,PART III: B. TRIAL OF PERSONS (including Pending Trial from previous years) | Persons whose cases were Tried by Courts | Persons Discharged | Female,PART III: B. TRIAL OF PERSONS (including Pending Trial from previous years) | Persons whose cases were Tried by Courts | Persons Discharged | Transgender,PART III: B. TRIAL OF PERSONS (including Pending Trial from previous years) | Persons whose cases were Tried by Courts | Persons Discharged | Total,PART III: B. TRIAL OF PERSONS (including Pending Trial from previous years) | Persons whose cases were Tried by Courts | Persons Acquitted | Male,PART III: B. TRIAL OF PERSONS (including Pending Trial from previous years) | Persons whose cases were Tried by Courts | Persons Acquitted | Female,PART III: B. TRIAL OF PERSONS (including Pending Trial from previous years) | Persons whose cases were Tried by Courts | Persons Acquitted | Transgender,PART III: B. TRIAL OF PERSONS (including Pending Trial from previous years) | Persons whose cases were Tried by Courts | Persons Acquitted | Total,PART III: B. TRIAL OF PERSONS (including Pending Trial from previous years) | Persons whose cases were Tried by Courts | Persons in whose cases Trials were completed | Male,PART III: B. TRIAL OF PERSONS (including Pending Trial from previous years) | Persons whose cases were Tried by Courts | Persons in whose cases Trials were completed | Female,PART III: B. TRIAL OF PERSONS (including Pending Trial from previous years) | Persons whose cases were Tried by Courts | Persons in whose cases Trials were completed | Transgender,PART III: B. TRIAL OF PERSONS (including Pending Trial from previous years) | Persons whose cases were Tried by Courts | Persons in whose cases Trials were completed | Total,PART III: B. TRIAL OF PERSONS (including Pending Trial from previous years) | Persons whose Cases Pending Trial at End of the Year | Male,PART III: B. TRIAL OF PERSONS (including Pending Trial from previous years) | Persons whose Cases Pending Trial at End of the Year | Female,PART III: B. TRIAL OF PERSONS (including Pending Trial from previous years) | Persons whose Cases Pending Trial at End of the Year | Transgender,PART III: B. TRIAL OF PERSONS (including Pending Trial from previous years) | Persons whose Cases Pending Trial at End of the Year | Total
,1,Murder,4851,323,0,5174,10498,521,0,11019,41451,3318,1,44770,51949,3839,1,55789,89,10,0,99,152,5,0,157,131,7,0,138,14455,1510,0,15965,14586,1517,0,16103,37122,2307,1,39430,2964,224,0,3188,45490,3375,2,48867,846,85,1,932,46336,3460,3,49799,486815,24036,9,510860,533151,27496,12,560659,335,27,0,362,5,0,0,5,287,0,0,287,0,0,0,0,3,1,0,4,630,28,0,658,167,1,0,168,11073,515,0,11588,824,58,0,882,14836,1022,0,15858,26733,1595,0,28328,505788,25873,12,531673
,2,Culpable Homicide not amounting to Murder,605,30,0,635,1246,35,0,1281,5102,223,0,5325,6348,258,0,6606,2,0,0,2,13,0,0,13,9,0,0,9,1975,114,0,2089,1984,114,0,2098,4349,144,0,4493,541,23,0,564,5570,208,0,5778,212,10,0,222,5782,218,0,6000,44192,1285,0,45477,49974,1503,0,51477,33,0,0,33,2,1,0,3,28,2,0,30,0,0,0,0,6,0,0,6,69,3,0,72,6,0,0,6,1072,35,0,1107,131,2,0,133,1524,52,0,1576,2727,89,0,2816,47178,1411,0,48589
,3,Causing Death by Negligence,65772,415,0,66187,19453,63,0,19516,88722,505,0,89227,108175,568,0,108743,888,0,0,888,100,0,0,100,22828,196,0,23024,36210,157,0,36367,59038,353,0,59391,48149,215,0,48364,10378,38,0,10416,102261,490,0,102751,35019,260,0,35279,137280,750,0,138030,774691,3446,0,778137,911971,4196,0,916167,2484,5,0,2489,37,0,0,37,1398,27,0,1425,74,0,0,74,90,1,0,91,4083,33,0,4116,147,0,0,147,19364,55,0,19419,3221,15,0,3236,39934,106,0,40040,62519,176,0,62695,845369,3987,0,849356
,,3.1 Deaths due to Negligence relating to Road Accidents,62478,375,0,62853,17134,53,0,17187,84076,455,0,84531,101210,508,0,101718,882,0,0,882,86,0,0,86,22257,186,0,22443,34338,129,0,34467,56595,315,0,56910,43647,193,0,43840,9594,30,0,9624,95742,435,0,96177,33591,244,0,33835,129333,679,0,130012,723011,2993,0,726004,852344,3672,0,856016,2413,5,0,2418,36,0,0,36,1320,27,0,1347,74,0,0,74,75,1,0,76,3918,33,0,3951,146,0,0,146,17997,53,0,18050,2969,14,0,2983,37836,90,0,37926,58802,157,0,58959,789624,3482,0,793106
,,3.1A Hit and Run,20548,153,0,20701,3972,14,0,3986,20800,107,0,20907,24772,121,0,24893,95,0,0,95,2,0,0,2,2031,14,0,2045,6450,18,0,6468,8481,32,0,8513,16194,89,0,16283,3841,11,0,3852,23699,92,0,23791,12452,176,0,12628,36151,268,0,36419,216178,888,0,217066,252329,1156,0,253485,279,0,0,279,1,0,0,1,457,17,0,474,36,0,0,36,31,0,0,31,804,17,0,821,49,0,0,49,8072,31,0,8103,1017,14,0,1031,7520,22,0,7542,16609,67,0,16676,234916,1072,0,235988
,,3.1B Other Accidents,41930,222,0,42152,13162,39,0,13201,63276,348,0,63624,76438,387,0,76825,787,0,0,787,84,0,0,84,20236,172,0,20398,27888,111,0,27999,48114,283,0,48397,27453,104,0,27557,5753,19,0,5772,72043,343,0,72386,21139,68,0,21207,93182,411,0,93593,506833,2105,0,508938,600015,2516,0,602531,2134,5,0,2139,35,0,0,35,863,10,0,873,38,0,0,38,44,1,0,45,3114,16,0,3130,97,0,0,97,9925,22,0,9947,1952,0,0,1952,30316,68,0,30384,42193,90,0,42283,554708,2410,0,557118
,,3.2 Deaths due to Negligence relating to Rail Accidents,20,0,0,20,9,0,0,9,8,0,0,8,17,0,0,17,0,0,0,0,0,0,0,0,0,0,0,0,5,0,0,5,5,0,0,5,12,0,0,12,6,0,0,6,10,0,0,10,4,0,0,4,14,0,0,14,1329,0,0,1329,1343,0,0,1343,0,0,0,0,0,0,0,0,0,0,0,0,0,0,0,0,0,0,0,0,0,0,0,0,0,0,0,0,0,0,0,0,1,0,0,1,3,0,0,3,4,0,0,4,1339,0,0,1339
,,3.3 Deaths due to Medical Negligence,56,5,0,61,51,8,0,59,57,6,0,63,108,14,0,122,0,0,0,0,2,0,0,2,5,1,0,6,52,6,0,58,57,7,0,64,49,7,0,56,23,4,0,27,87,13,0,100,23,4,0,27,110,17,0,127,617,49,0,666,727,66,0,793,0,0,0,0,0,0,0,0,0,0,0,0,0,0,0,0,0,0,0,0,0,0,0,0,0,0,0,0,7,2,0,9,0,0,0,0,15,0,0,15,22,2,0,24,705,64,0,769
,,3.4 Deaths due to Negligence of Civic Bodies,20,0,0,20,20,0,0,20,64,0,0,64,84,0,0,84,0,0,0,0,0,0,0,0,20,0,0,20,50,0,0,50,70,0,0,70,14,0,0,14,4,0,0,4,66,0,0,66,8,0,0,8,74,0,0,74,385,3,0,388,459,3,0,462,0,0,0,0,0,0,0,0,0,0,0,0,0,0,0,0,0,0,0,0,0,0,0,0,0,0,0,0,1,0,0,1,0,0,0,0,26,0,0,26,27,0,0,27,432,3,0,435
,,3.5 Deaths due to other Negligence,3198,35,0,3233,2239,2,0,2241,4517,44,0,4561,6756,46,0,6802,6,0,0,6,12,0,0,12,546,9,0,555,1765,22,0,1787,2311,31,0,2342,4427,15,0,4442,751,4,0,755,6356,42,0,6398,1393,12,0,1405,7749,54,0,7803,49349,401,0,49750,57098,455,0,57553,71,0,0,71,1,0,0,1,78,0,0,78,0,0,0,0,15,0,0,15,165,0,0,165,1,0,0,1,1359,0,0,1359,251,1,0,252,2054,16,0,2070,3664,17,0,3681,53269,438,0,53707
,4,Dowry Deaths,1202,345,0,1547,2675,496,0,3171,8826,2235,0,11061,11501,2731,0,14232,1,0,0,1,7,0,0,7,13,7,0,20,2101,683,0,2784,2114,690,0,2804,9379,2041,0,11420,1410,347,0,1757,10948,2304,0,13252,550,138,0,688,11498,2442,0,13940,111064,21022,0,132086,122562,23464,0,146026,5,0,0,5,0,0,0,0,27,3,0,30,0,0,0,0,2,1,0,3,34,4,0,38,16,3,0,19,2165,426,0,2591,400,148,0,548,4937,918,0,5855,7502,1492,0,8994,115026,21968,0,136994
,5,Abetment of Suicide,2114,399,0,2513,3258,537,0,3795,9844,2276,0,12120,13102,2813,0,15915,3,0,0,3,9,0,0,9,164,27,0,191,6276,1610,0,7886,6440,1637,0,8077,6650,1176,0,7826,911,155,0,1066,11157,2314,0,13471,886,145,0,1031,12043,2459,0,14502,65249,14169,2,79420,77292,16628,2,93922,57,1,0,58,1,0,0,1,114,10,0,124,2,0,0,2,20,4,0,24,194,15,0,209,11,2,0,13,866,113,0,979,217,37,0,254,4778,853,0,5631,5861,1003,0,6864,71237,15610,2,86849
,6,Attempt to Commit Murder,16360,962,0,17322,21100,1249,0,22349,80011,4554,5,84570,101111,5803,5,106919,28,1,0,29,21,0,0,21,444,59,0,503,42600,3070,4,45674,43044,3129,4,46177,58018,2673,1,60692,3779,287,0,4066,93732,5645,15,99392,9705,1175,0,10880,103437,6820,15,110272,736312,30860,1,767173,839749,37680,16,877445,283,5,0,288,43,4,0,47,970,64,0,1034,39,2,0,41,191,6,0,197,1526,81,0,1607,120,7,0,127,8570,348,0,8918,1512,74,0,1586,29113,1539,0,30652,39195,1961,0,41156,799028,35638,16,834682
,7,Attempt to commit Culpable Homicide,3013,260,0,3273,1965,69,0,2034,14306,436,0,14742,16271,505,0,16776,1,0,0,1,3,0,0,3,71,11,0,82,7279,194,0,7473,7350,205,0,7555,8917,300,0,9217,471,23,0,494,15426,469,0,15895,2394,187,0,2581,17820,656,0,18476,72103,2471,0,74574,89923,3127,0,93050,57,0,0,57,10,0,0,10,64,2,0,66,12,0,0,12,287,1,0,288,430,3,0,433,10,0,0,10,1033,25,0,1058,781,5,0,786,2686,54,0,2740,4500,84,0,4584,84993,3040,0,88033
,8,Attempt to Commit Suicide,836,282,0,1118,354,103,0,457,574,334,0,908,928,437,0,1365,6,1,0,7,0,0,0,0,170,96,0,266,489,281,0,770,659,377,0,1036,263,59,0,322,204,162,0,366,974,399,0,1373,309,48,0,357,1283,447,0,1730,8501,1010,1,9512,9784,1457,1,11242,32,14,0,46,9,1,0,10,37,11,0,48,8,16,0,24,0,0,0,0,86,42,0,128,6,0,0,6,509,167,0,676,42,5,0,47,384,97,0,481,935,269,0,1204,8763,1146,1,9910
,9,"Miscarriage, Infanticide, Foeticide and Abandonment",243,86,0,329,140,30,0,170,337,127,0,464,477,157,0,634,0,0,0,0,2,0,0,2,9,8,0,17,196,90,0,286,205,98,0,303,270,59,0,329,80,30,0,110,474,133,0,607,61,32,0,93,535,165,0,700,2314,849,0,3163,2849,1014,0,3863,1,0,0,1,0,0,0,0,0,0,0,0,0,0,0,0,1,2,0,3,2,2,0,4,1,0,0,1,19,13,0,32,8,2,0,10,89,37,0,126,116,52,0,168,2731,960,0,3691
,10,Hurt,526737,54105,19,580861,100419,7659,0,108078,484933,42032,61,527026,585352,49691,61,635104,73,0,0,73,65,0,0,65,90550,11042,35,101627,198550,18629,5,217184,289100,29671,40,318811,296114,20020,21,316155,49337,3505,0,52842,614037,49368,60,663465,318156,28128,13,346297,932193,77496,73,1009762,5004522,289051,29,5293602,5936715,366547,102,6303364,1696,63,0,1759,3597,500,0,4097,89014,9456,0,98470,11752,1602,0,13354,1580,83,0,1663,107639,11704,0,119343,830,38,0,868,116273,6305,0,122578,26937,1772,0,28709,194731,16033,9,210773,337941,24110,9,362060,5491135,330733,93,5821961
,,10.1 Simple Hurt,445214,47320,18,492552,82415,6696,0,89111,398204,36591,58,434853,480619,43287,58,523964,62,0,0,62,37,0,0,37,87258,10803,35,98096,160796,15781,5,176582,248054,26584,40,274678,232466,16703,18,249187,44050,3190,0,47240,507974,43030,57,551061,261647,23805,13,285465,769621,66835,70,836526,3635925,237062,21,3873008,4405546,303897,91,4709534,1269,60,0,1329,3469,486,0,3955,80779,8984,0,89763,11395,1577,0,12972,1329,73,0,1402,98241,11180,0,109421,755,38,0,793,96075,5731,0,101806,25078,1683,0,26761,153461,14024,9,167494,274614,21438,9,296061,4032691,271279,82,4304052
,,10.1A Voluntarily Causing Simple Hurt,245316,22820,8,268144,42694,3479,0,46173,227562,20294,10,247866,270256,23773,10,294039,33,0,0,33,7,0,0,7,52246,6122,4,58372,71336,6331,0,77667,123582,12453,4,136039,146634,11320,6,157960,28460,2141,0,30601,286487,23706,8,310201,160251,13884,10,174145,446738,37590,18,484346,2094913,122456,12,2217381,2541651,160046,30,2701727,399,7,0,406,3126,444,0,3570,31286,2634,0,33920,9674,1520,0,11194,709,33,0,742,45194,4638,0,49832,309,36,0,345,59553,4056,0,63609,20233,1435,0,21668,64218,6357,0,70575,144004,11848,0,155852,2352453,143560,30,2496043
,,10.1B Voluntarily causing hurt by Dangerous weapons or means,175036,23234,10,198280,31146,2870,0,34016,138273,14328,47,152648,169419,17198,47,186664,24,0,0,24,30,0,0,30,32002,4027,31,36060,71550,8539,5,80094,103552,12566,36,116154,65813,4632,11,70456,12430,928,0,13358,181129,17654,24,198807,89123,9462,3,98588,270252,27116,27,297395,1285641,104866,7,1390514,1555893,131982,34,1687909,683,51,0,734,304,40,0,344,47183,6281,0,53464,1626,36,0,1662,517,39,0,556,50313,6447,0,56760,387,2,0,389,27033,1452,0,28485,4187,212,0,4399,75776,7212,9,82997,106996,8876,9,115881,1398584,116659,25,1515268
,,10.1C Voluntarily Causing hurt/Force to deter public servant from his duty,9318,736,0,10054,5389,259,0,5648,18606,1079,1,19686,23995,1338,1,25334,1,0,0,1,0,0,0,0,1439,118,0,1557,12629,726,0,13355,14068,844,0,14912,9926,494,1,10421,1818,96,0,1914,22659,1171,25,23855,3898,264,0,4162,26557,1435,25,28017,149514,5969,2,155485,176071,7404,27,183502,129,2,0,131,36,2,0,38,594,32,0,626,13,0,0,13,85,1,0,86,857,37,0,894,33,0,0,33,3409,160,0,3569,478,32,0,510,9332,370,0,9702,13219,562,0,13781,161995,6805,27,168827
,,10.1D Causing Hurt by act endangering life/safety of others,9192,225,0,9417,1696,28,0,1724,6695,622,0,7317,8391,650,0,9041,2,0,0,2,0,0,0,0,1385,530,0,1915,1979,29,0,2008,3364,559,0,3923,5025,91,0,5116,629,11,0,640,9512,201,0,9713,4364,128,0,4492,13876,329,0,14205,50569,1682,0,52251,64445,2011,0,66456,50,0,0,50,3,0,0,3,1362,30,0,1392,54,21,0,75,13,0,0,13,1482,51,0,1533,10,0,0,10,4672,31,0,4703,67,2,0,69,2434,50,0,2484,7173,83,0,7256,55790,1877,0,57667
,,10.1E Other Simple Hurt,6352,305,0,6657,1490,60,0,1550,7068,268,0,7336,8558,328,0,8886,2,0,0,2,0,0,0,0,186,6,0,192,3302,156,0,3458,3488,162,0,3650,5068,166,0,5234,713,14,0,727,8187,298,0,8485,4011,67,0,4078,12198,365,0,12563,55288,2089,0,57377,67486,2454,0,69940,8,0,0,8,0,0,0,0,354,7,0,361,28,0,0,28,5,0,0,5,395,7,0,402,16,0,0,16,1408,32,0,1440,113,2,0,115,1701,35,0,1736,3222,69,0,3291,63869,2378,0,66247
,,10.2 Grievous Hurt,81523,6785,1,88309,18004,963,0,18967,86729,5441,3,92173,104733,6404,3,111140,11,0,0,11,28,0,0,28,3292,239,0,3531,37754,2848,0,40602,41046,3087,0,44133,63648,3317,3,66968,5287,315,0,5602,106063,6338,3,112404,56509,4323,0,60832,162572,10661,3,173236,1368597,51989,8,1420594,1531169,62650,11,1593830,427,3,0,430,128,14,0,142,8235,472,0,8707,357,25,0,382,251,10,0,261,9398,524,0,9922,75,0,0,75,20198,574,0,20772,1859,89,0,1948,41270,2009,0,43279,63327,2672,0,65999,1458444,59454,11,1517909
,,10.2A Voluntarily causing grievous hurt,70963,6130,0,77093,11290,622,0,11912,58798,3847,3,62648,70088,4469,3,74560,6,0,0,6,17,0,0,17,2081,175,0,2256,20751,1693,0,22444,22832,1868,0,24700,47233,2601,3,49837,3666,260,0,3926,73413,4650,3,78066,51914,3972,0,55886,125327,8622,3,133952,1016672,38022,0,1054694,1141999,46644,3,1188646,278,2,0,280,120,14,0,134,5712,317,0,6029,347,25,0,372,126,7,0,133,6583,365,0,6948,45,0,0,45,15984,470,0,16454,1250,81,0,1331,25699,1372,0,27071,42933,1923,0,44856,1092483,44356,3,1136842
,,10.2B Voluntarily causing grievous hurt by dangerous weapons or means,7551,580,0,8131,5304,306,0,5610,23692,1424,0,25116,28996,1730,0,30726,3,0,0,3,11,0,0,11,517,42,0,559,15327,1069,0,16396,15844,1111,0,16955,13138,619,0,13757,1173,51,0,1224,27288,1499,0,28787,3287,335,0,3622,30575,1834,0,32409,300396,12666,8,313070,330971,14500,8,345479,106,1,0,107,6,0,0,6,1913,151,0,2064,10,0,0,10,122,3,0,125,2157,155,0,2312,25,0,0,25,2509,77,0,2586,568,8,0,576,14224,609,0,14833,17301,694,0,17995,311513,13651,8,325172
,,10.2C Acid Attack,26,0,0,26,30,3,0,33,223,20,0,243,253,23,0,276,0,0,0,0,0,0,0,0,0,0,0,0,82,16,0,98,82,16,0,98,171,7,0,178,29,0,0,29,239,21,0,260,8,0,0,8,247,21,0,268,1494,123,0,1617,1741,144,0,1885,0,0,0,0,0,0,0,0,1,0,0,1,0,0,0,0,0,0,0,0,1,0,0,1,0,0,0,0,28,1,0,29,0,0,0,0,44,2,0,46,72,3,0,75,1668,141,0,1809
,,10.2D Attempt to Acid Attack,34,3,0,37,24,2,0,26,54,7,0,61,78,9,0,87,0,0,0,0,0,0,0,0,1,0,0,1,32,8,0,40,33,8,0,41,45,1,0,46,1,0,0,1,67,8,0,75,6,1,0,7,73,9,0,82,361,21,0,382,434,30,0,464,0,0,0,0,0,0,0,0,0,0,0,0,0,0,0,0,1,0,0,1,1,0,0,1,0,0,0,0,7,0,0,7,0,0,0,0,13,2,0,15,20,2,0,22,413,28,0,441
,,10.2E Voluntarily Causing Grievous hurt/Force to deter public servant from his duty,542,20,1,563,575,16,0,591,1658,43,0,1701,2233,59,0,2292,0,0,0,0,0,0,0,0,48,3,0,51,772,19,0,791,820,22,0,842,1413,37,0,1450,82,0,0,82,2066,71,0,2137,218,5,0,223,2284,76,0,2360,17324,309,0,17633,19608,385,0,19993,3,0,0,3,2,0,0,2,32,0,0,32,0,0,0,0,0,0,0,0,37,0,0,37,4,0,0,4,875,7,0,882,16,0,0,16,565,5,0,570,1456,12,0,1468,18115,373,0,18488
,,10.2F Causing Grevious Hurt by act endangering life/safety of others,1919,39,0,1958,600,4,0,604,1732,51,0,1783,2332,55,0,2387,2,0,0,2,0,0,0,0,630,13,0,643,694,38,0,732,1324,51,0,1375,1006,4,0,1010,282,3,0,285,2352,71,0,2423,957,9,0,966,3309,80,0,3389,18145,402,0,18547,21454,482,0,21936,38,0,0,38,0,0,0,0,571,4,0,575,0,0,0,0,2,0,0,2,611,4,0,615,1,0,0,1,606,16,0,622,24,0,0,24,619,11,0,630,1249,27,0,1276,19594,451,0,20045
,,10.2G Other Grevious Hurt,488,13,0,501,181,10,0,191,572,49,0,621,753,59,0,812,0,0,0,0,0,0,0,0,15,6,0,21,96,5,0,101,111,11,0,122,642,48,0,690,54,1,0,55,638,18,0,656,119,1,0,120,757,19,0,776,14205,446,0,14651,14962,465,0,15427,2,0,0,2,0,0,0,0,6,0,0,6,0,0,0,0,0,0,0,0,8,0,0,8,0,0,0,0,189,3,0,192,1,0,0,1,106,8,0,114,296,11,0,307,14658,454,0,15112
,11,Wrongful Restraint/Confinement,12582,862,0,13444,1878,96,0,1974,10737,1554,0,12291,12615,1650,0,14265,0,0,0,0,0,0,0,0,3332,960,0,4292,5421,563,0,5984,8753,1523,0,10276,3862,127,0,3989,807,102,0,909,13343,1682,0,15025,6951,390,0,7341,20294,2072,0,22366,117672,5835,5,123512,137966,7907,5,145878,51,4,0,55,70,2,0,72,3878,370,0,4248,692,8,0,700,27,1,0,28,4718,385,0,5103,2,0,0,2,2636,161,0,2797,446,21,0,467,5557,345,0,5902,8639,527,0,9166,124609,6995,5,131609
,12,Assault on Women with Intent to Outrage her Modesty,43483,3566,4,47053,14578,755,0,15333,69278,4734,0,74012,83856,5489,0,89345,8,0,0,8,20,0,0,20,4213,701,0,4914,41528,3877,0,45405,45741,4578,0,50319,38087,911,0,38998,7499,637,0,8136,79778,5201,9,84988,22161,1267,0,23428,101939,6468,9,108416,641393,25947,0,667340,743332,32415,9,775756,320,3,0,323,46,3,0,49,8299,715,0,9014,334,26,0,360,357,13,0,370,9356,760,0,10116,50,1,0,51,11344,140,0,11484,2128,89,0,2217,28977,1725,0,30702,42449,1954,0,44403,691527,29701,9,721237
,,12.1 Assault on Women with Intent to Outrage her Modesty,25560,2562,0,28122,8109,472,0,8581,37821,3252,0,41073,45930,3724,0,49654,7,0,0,7,7,0,0,7,2802,510,0,3312,24867,2546,0,27413,27669,3056,0,30725,18247,668,0,18915,4512,461,0,4973,43284,3629,0,46913,12881,865,0,13746,56165,4494,0,60659,382278,17723,0,400001,438443,22217,0,460660,203,3,0,206,41,3,0,44,5455,539,0,5994,295,24,0,319,220,10,0,230,6214,579,0,6793,38,1,0,39,6905,121,0,7026,1129,77,0,1206,18890,1239,0,20129,26924,1437,0,28361,405305,20201,0,425506
,,12.2 Sexual Harassment,7852,442,4,8298,2807,149,0,2956,14933,442,0,15375,17740,591,0,18331,0,0,0,0,5,0,0,5,586,27,0,613,7010,460,0,7470,7596,487,0,8083,10139,104,0,10243,1311,33,0,1344,16837,510,9,17356,4239,187,0,4426,21076,697,9,21782,136225,3166,0,139391,157301,3863,9,161173,66,0,0,66,3,0,0,3,1222,85,0,1307,29,2,0,31,80,1,0,81,1400,88,0,1488,3,0,0,3,2863,9,0,2872,732,6,0,738,5464,154,0,5618,9059,169,0,9228,146842,3606,9,150457
,,12.2A at Work or Office Premises,229,13,0,242,53,1,0,54,290,10,0,300,343,11,0,354,0,0,0,0,1,0,0,1,86,2,0,88,162,8,0,170,248,10,0,258,94,1,0,95,18,2,0,20,338,15,0,353,131,4,0,135,469,19,0,488,4047,91,0,4138,4516,110,0,4626,2,0,0,2,2,0,0,2,43,6,0,49,0,0,0,0,7,1,0,8,54,7,0,61,0,0,0,0,27,0,0,27,5,0,0,5,106,6,0,112,138,6,0,144,4324,97,0,4421
,,12.2B In Public Transport System,226,17,0,243,39,0,0,39,286,0,0,286,325,0,0,325,0,0,0,0,2,0,0,2,19,0,0,19,155,0,0,155,174,0,0,174,149,0,0,149,19,0,0,19,350,12,0,362,131,5,0,136,481,17,0,498,3709,26,0,3735,4190,43,0,4233,1,0,0,1,0,0,0,0,33,9,0,42,0,0,0,0,5,0,0,5,39,9,0,48,0,0,0,0,86,0,0,86,14,0,0,14,142,0,0,142,242,0,0,242,3909,34,0,3943
,,12.2C In Shelter Homes for women and Children,424,33,0,457,106,10,0,116,274,16,0,290,380,26,0,406,0,0,0,0,0,0,0,0,29,0,0,29,247,26,0,273,276,26,0,302,104,0,0,104,30,0,0,30,541,31,0,572,104,12,0,116,645,43,0,688,2915,98,0,3013,3560,141,0,3701,2,0,0,2,0,0,0,0,45,5,0,50,2,0,0,2,0,0,0,0,49,5,0,54,0,0,0,0,82,0,0,82,10,0,0,10,121,4,0,125,213,4,0,217,3298,132,0,3430
,,12.2D Other Places,6973,379,4,7356,2609,138,0,2747,14083,416,0,14499,16692,554,0,17246,0,0,0,0,2,0,0,2,452,25,0,477,6446,426,0,6872,6898,451,0,7349,9792,103,0,9895,1244,31,0,1275,15608,452,9,16069,3873,166,0,4039,19481,618,9,20108,125554,2951,0,128505,145035,3569,9,148613,61,0,0,61,1,0,0,1,1101,65,0,1166,27,2,0,29,68,0,0,68,1258,67,0,1325,3,0,0,3,2668,9,0,2677,703,6,0,709,5095,144,0,5239,8466,159,0,8625,135311,3343,9,138663
,,12.3 Assault or use of Criminal Force on women with intent to Disrobe,4785,310,0,5095,1768,110,0,1878,8845,866,0,9711,10613,976,0,11589,0,0,0,0,2,0,0,2,469,145,0,614,4692,732,0,5424,5161,877,0,6038,5450,99,0,5549,1274,123,0,1397,9945,796,0,10741,2421,137,0,2558,12366,933,0,13299,70000,3965,0,73965,82366,4898,0,87264,17,0,0,17,0,0,0,0,272,43,0,315,6,0,0,6,27,2,0,29,322,45,0,367,0,0,0,0,920,5,0,925,97,5,0,102,2417,258,0,2675,3434,268,0,3702,78610,4585,0,83195
,,12.4 Voyeurism,770,42,0,812,282,3,0,285,988,25,0,1013,1270,28,0,1298,0,0,0,0,2,0,0,2,34,0,0,34,644,21,0,665,678,21,0,699,590,7,0,597,76,5,0,81,1293,33,0,1326,361,14,0,375,1654,47,0,1701,7845,155,0,8000,9499,202,0,9701,4,0,0,4,0,0,0,0,151,7,0,158,0,0,0,0,3,0,0,3,158,7,0,165,1,0,0,1,100,0,0,100,16,0,0,16,247,5,0,252,363,5,0,368,8978,190,0,9168
,,12.5 Stalking,4516,210,0,4726,1612,21,0,1633,6691,149,0,6840,8303,170,0,8473,1,0,0,1,4,0,0,4,322,19,0,341,4315,118,0,4433,4637,137,0,4774,3661,33,0,3694,326,15,0,341,8419,233,0,8652,2259,64,0,2323,10678,297,0,10975,45045,938,0,45983,55723,1235,0,56958,30,0,0,30,2,0,0,2,1199,41,0,1240,4,0,0,4,27,0,0,27,1262,41,0,1303,8,0,0,8,556,5,0,561,154,1,0,155,1959,69,0,2028,2669,75,0,2744,51792,1119,0,52911
,13,Kidnapping and Abduction,25287,585,0,25872,16307,360,0,16667,46307,1471,2,47780,62614,1831,2,64447,14,0,0,14,18,0,0,18,151,10,0,161,18881,693,0,19574,19032,703,0,19735,43550,1128,2,44680,15776,674,5,16455,51782,1483,2,53267,5360,266,0,5626,57142,1749,2,58893,423807,12306,0,436113,480949,14055,2,495006,50,1,0,51,60,0,0,60,681,28,0,709,23,6,0,29,211,0,0,211,1025,35,0,1060,57,0,0,57,6897,116,0,7013,1162,45,0,1207,12677,299,0,12976,20736,460,0,21196,459188,13560,2,472750
,,13.1 Kidnapping and Abduction,15564,422,0,15986,5691,146,0,5837,18648,712,2,19362,24339,858,2,25199,13,0,0,13,11,0,0,11,101,5,0,106,8614,352,0,8966,8715,357,0,9072,15600,501,2,16103,6280,373,0,6653,20699,761,2,21462,3747,228,0,3975,24446,989,2,25437,134134,4582,0,138716,158580,5571,2,164153,36,1,0,37,16,0,0,16,308,17,0,325,16,1,0,17,131,0,0,131,507,19,0,526,18,0,0,18,2540,51,0,2591,664,22,0,686,4605,130,0,4735,7809,203,0,8012,150264,5349,2,155615
,,13.1A Missing Children Deemed as Kidnapped,9294,218,0,9512,1770,58,0,1828,6380,222,0,6602,8150,280,0,8430,11,0,0,11,8,0,0,8,21,0,0,21,2347,103,0,2450,2368,103,0,2471,5763,177,0,5940,1953,54,0,2007,6923,230,0,7153,1385,83,0,1468,8308,313,0,8621,32027,907,0,32934,40335,1220,0,41555,2,0,0,2,2,0,0,2,51,1,0,52,6,0,0,6,106,0,0,106,167,1,0,168,5,0,0,5,453,9,0,462,220,6,0,226,1320,18,0,1338,1993,33,0,2026,38175,1186,0,39361
,,13.1B Other Kidnapping & Abduction,6270,204,0,6474,3921,88,0,4009,12268,490,2,12760,16189,578,2,16769,2,0,0,2,3,0,0,3,80,5,0,85,6267,249,0,6516,6347,254,0,6601,9837,324,2,10163,4327,319,0,4646,13776,531,2,14309,2362,145,0,2507,16138,676,2,16816,102107,3675,0,105782,118245,4351,2,122598,34,1,0,35,14,0,0,14,257,16,0,273,10,1,0,11,25,0,0,25,340,18,0,358,13,0,0,13,2087,42,0,2129,444,16,0,460,3285,112,0,3397,5816,170,0,5986,112089,4163,2,116254
,,13.2 Kidnapping and Abduction for the Purpose of Begging,69,1,0,70,9,0,0,9,72,3,0,75,81,3,0,84,0,0,0,0,0,0,0,0,0,0,0,0,8,1,0,9,8,1,0,9,73,2,0,75,34,1,0,35,43,2,0,45,2,0,0,2,45,2,0,47,222,28,0,250,267,30,0,297,0,0,0,0,0,0,0,0,0,0,0,0,0,0,0,0,0,0,0,0,0,0,0,0,0,0,0,0,0,0,0,0,0,0,0,0,15,0,0,15,15,0,0,15,252,30,0,282
,,13.3 Kidnapping and Abduction in order to Murder,125,1,0,126,248,2,0,250,492,5,0,497,740,7,0,747,0,0,0,0,1,0,0,1,3,2,0,5,201,2,0,203,204,4,0,208,535,3,0,538,165,0,0,165,582,5,0,587,23,0,0,23,605,5,0,610,20111,107,0,20218,20716,112,0,20828,1,0,0,1,0,0,0,0,0,0,0,0,0,0,0,0,0,0,0,0,1,0,0,1,0,0,0,0,54,0,0,54,7,0,0,7,60,0,0,60,121,0,0,121,20594,112,0,20706
,,13.4 Kidnapping for Ransom,232,9,0,241,290,7,0,297,1115,37,0,1152,1405,44,0,1449,1,0,0,1,3,0,0,3,0,0,0,0,665,31,0,696,665,31,0,696,736,13,0,749,104,2,0,106,1101,36,0,1137,48,5,0,53,1149,41,0,1190,8800,172,0,8972,9949,213,0,10162,0,0,0,0,2,0,0,2,0,0,0,0,0,0,0,0,12,0,0,12,14,0,0,14,0,0,0,0,127,0,0,127,16,0,0,16,199,3,0,202,342,3,0,345,9593,210,0,9803
,,13.5 Kidnapping and Abduction of Women to compel her for marriage,5247,74,0,5321,6692,138,0,6830,15977,450,0,16427,22669,588,0,23257,0,0,0,0,2,0,0,2,9,0,0,9,4774,160,0,4934,4783,160,0,4943,17884,428,0,18312,7143,255,0,7398,18135,438,0,18573,727,14,0,741,18862,452,0,19314,166562,4855,0,171417,185424,5307,0,190731,11,0,0,11,3,0,0,3,194,10,0,204,1,0,0,1,26,0,0,26,235,10,0,245,14,0,0,14,3239,61,0,3300,209,17,0,226,4234,107,0,4341,7682,185,0,7867,177507,5112,0,182619
,,13.6 Procuration of Minor Girls,1068,17,0,1085,538,11,0,549,856,18,0,874,1394,29,0,1423,0,0,0,0,1,0,0,1,0,0,0,0,348,16,0,364,348,16,0,364,1045,13,0,1058,715,5,0,720,1199,21,0,1220,55,1,0,56,1254,22,0,1276,10104,210,0,10314,11358,232,0,11590,1,0,0,1,8,0,0,8,23,0,0,23,0,0,0,0,3,0,0,3,35,0,0,35,5,0,0,5,120,1,0,121,8,0,0,8,833,8,0,841,961,9,0,970,10362,223,0,10585
,,13.7 Importation of Girls from Foreign Country,0,0,0,0,0,0,0,0,2,0,0,2,2,0,0,2,0,0,0,0,0,0,0,0,0,0,0,0,0,0,0,0,0,0,0,0,2,0,0,2,0,0,0,0,3,0,0,3,0,0,0,0,3,0,0,3,387,15,0,402,390,15,0,405,0,0,0,0,0,0,0,0,0,0,0,0,0,0,0,0,0,0,0,0,0,0,0,0,0,0,0,0,0,0,0,0,0,0,0,0,0,0,0,0,0,0,0,0,390,15,0,405
,,13.8 Other Kidnapping & Abducion,2982,61,0,3043,2839,56,0,2895,9145,246,0,9391,11984,302,0,12286,0,0,0,0,0,0,0,0,38,3,0,41,4271,131,0,4402,4309,134,0,4443,7675,168,0,7843,1335,38,5,1378,10020,220,0,10240,758,18,0,776,10778,238,0,11016,83487,2337,0,85824,94265,2575,0,96840,1,0,0,1,31,0,0,31,156,1,0,157,6,5,0,11,39,0,0,39,233,6,0,239,20,0,0,20,817,3,0,820,258,6,0,264,2731,51,0,2782,3806,60,0,3866,90226,2509,0,92735
,14,Human Trafficking,328,47,0,375,549,63,1,613,1685,446,2,2133,2234,509,3,2746,0,0,0,0,0,0,0,0,7,5,0,12,1033,237,1,1271,1040,242,1,1283,1194,267,2,1463,106,20,0,126,1918,436,3,2357,65,11,0,76,1983,447,3,2433,9104,2023,1,11128,11087,2470,4,13561,3,0,0,3,0,0,0,0,12,0,0,12,0,0,0,0,3,0,0,3,18,0,0,18,1,0,0,1,126,29,0,155,20,6,0,26,317,71,0,388,463,106,0,569,10606,2364,4,12974
,15,Exploitation of Trafficked Person,116,31,0,147,53,17,0,70,292,83,0,375,345,100,0,445,0,0,0,0,0,0,0,0,6,4,0,10,253,74,0,327,259,78,0,337,86,22,0,108,2,1,0,3,331,94,0,425,45,4,0,49,376,98,0,474,1258,244,0,1502,1634,342,0,1976,0,0,0,0,0,0,0,0,0,0,0,0,0,0,0,0,0,0,0,0,0,0,0,0,0,0,0,0,9,2,0,11,0,0,0,0,112,30,0,142,121,32,0,153,1513,310,0,1823
,16,Selling of Minors for Prostitution,2,0,0,2,3,0,0,3,13,6,0,19,16,6,0,22,0,0,0,0,0,0,0,0,0,0,0,0,3,1,0,4,3,1,0,4,13,5,0,18,1,0,0,1,6,0,0,6,6,5,0,11,12,5,0,17,800,146,0,946,812,151,0,963,0,0,0,0,0,0,0,0,0,0,0,0,0,0,0,0,0,0,0,0,0,0,0,0,0,0,0,0,5,2,0,7,0,0,0,0,7,0,0,7,12,2,0,14,800,149,0,949
,17,Buying of Minors for Prostitution,0,0,0,0,0,0,0,0,6,0,0,6,6,0,0,6,0,0,0,0,0,0,0,0,0,0,0,0,0,0,0,0,0,0,0,0,6,0,0,6,0,0,0,0,6,0,0,6,0,0,0,0,6,0,0,6,317,8,0,325,323,8,0,331,0,0,0,0,0,0,0,0,0,0,0,0,0,0,0,0,0,0,0,0,0,0,0,0,0,0,0,0,0,0,0,0,0,0,0,0,0,0,0,0,0,0,0,0,323,8,0,331
,18,Rape,5026,143,0,5169,7115,97,0,7212,28105,736,2,28843,35220,833,2,36055,4,0,0,4,53,1,0,54,40,14,0,54,10431,460,2,10893,10471,474,2,10947,24692,358,0,25050,3193,81,0,3274,31822,726,2,32550,1153,47,0,1200,32975,773,2,33750,224659,4432,0,229091,257634,5205,2,262841,345,0,0,345,260,0,0,260,637,8,0,645,9,0,0,9,153,7,0,160,1404,15,0,1419,67,3,0,70,6009,28,0,6037,1529,17,0,1546,14377,302,0,14679,21915,347,0,22262,234315,4843,2,239160
,19,Attempt to Commit Rape,809,14,0,823,617,6,0,623,2305,32,0,2337,2922,38,0,2960,0,0,0,0,2,0,0,2,2,0,0,2,1000,16,0,1016,1002,16,0,1018,1918,22,0,1940,462,4,0,466,2786,44,0,2830,320,8,0,328,3106,52,0,3158,22264,218,0,22482,25370,270,0,25640,4,0,0,4,2,0,0,2,20,0,0,20,3,2,0,5,1,0,0,1,30,2,0,32,1,0,0,1,232,1,0,233,55,2,0,57,985,10,0,995,1272,13,0,1285,24068,255,0,24323
,20,Unnatural Offences,103,19,2,124,172,17,0,189,998,79,1,1078,1170,96,1,1267,0,0,0,0,2,0,0,2,3,0,0,3,429,45,1,475,432,45,1,478,736,51,0,787,69,0,0,69,1068,79,1,1148,36,12,0,48,1104,91,1,1196,6976,185,0,7161,8080,276,1,8357,5,0,0,5,1,0,0,1,1,0,0,1,0,0,0,0,12,1,0,13,19,1,0,20,5,0,0,5,175,3,0,178,19,1,0,20,300,14,0,314,494,18,0,512,7567,257,1,7825
,A,Offences Affecting the Human Body (Total),709469,62474,25,771968,202380,12173,1,214554,893832,65181,74,959087,1096212,77354,75,1173641,1117,12,0,1129,467,6,0,473,122143,13147,35,135325,389110,32304,13,421427,511253,45451,48,556752,583375,31885,27,615287,97990,6313,5,104308,1082909,74450,94,1157453,404235,32218,14,436467,1487144,106668,108,1593920,8754013,439543,48,9193604,10241157,546211,156,10787524,5761,123,0,5884,4143,511,0,4654,105467,10696,0,116163,12948,1662,0,14610,2944,121,0,3065,131263,13113,0,144376,1497,55,0,1552,188377,8484,0,196861,39432,2299,0,41731,356321,23507,9,379837,584130,34290,9,618429,9525764,498808,147,10024719
,21,Offences against State,18,0,0,18,30,0,0,30,68,1,0,69,98,1,0,99,0,0,0,0,4,0,0,4,0,0,0,0,28,0,0,28,28,0,0,28,66,1,0,67,22,0,0,22,44,0,0,44,0,0,0,0,44,0,0,44,1002,23,0,1025,1046,23,0,1069,0,0,0,0,0,0,0,0,0,0,0,0,0,0,0,0,3,0,0,3,3,0,0,3,0,0,0,0,1,0,0,1,9,0,0,9,37,0,0,37,47,0,0,47,996,23,0,1019
,,21.1 Sedition,1,0,0,1,10,0,0,10,27,1,0,28,37,1,0,38,0,0,0,0,0,0,0,0,0,0,0,0,15,0,0,15,15,0,0,15,22,1,0,23,7,0,0,7,22,0,0,22,0,0,0,0,22,0,0,22,348,20,0,368,370,20,0,390,0,0,0,0,0,0,0,0,0,0,0,0,0,0,0,0,3,0,0,3,3,0,0,3,0,0,0,0,0,0,0,0,9,0,0,9,6,0,0,6,15,0,0,15,352,20,0,372
,,21.2 Others,17,0,0,17,20,0,0,20,41,0,0,41,61,0,0,61,0,0,0,0,4,0,0,4,0,0,0,0,13,0,0,13,13,0,0,13,44,0,0,44,15,0,0,15,22,0,0,22,0,0,0,0,22,0,0,22,654,3,0,657,676,3,0,679,0,0,0,0,0,0,0,0,0,0,0,0,0,0,0,0,0,0,0,0,0,0,0,0,0,0,0,0,1,0,0,1,0,0,0,0,31,0,0,31,32,0,0,32,644,3,0,647
,B,Offences against the State (Total),18,0,0,18,30,0,0,30,68,1,0,69,98,1,0,99,0,0,0,0,4,0,0,4,0,0,0,0,28,0,0,28,28,0,0,28,66,1,0,67,22,0,0,22,44,0,0,44,0,0,0,0,44,0,0,44,1002,23,0,1025,1046,23,0,1069,0,0,0,0,0,0,0,0,0,0,0,0,0,0,0,0,3,0,0,3,3,0,0,3,0,0,0,0,1,0,0,1,9,0,0,9,37,0,0,37,47,0,0,47,996,23,0,1019
,22,Unlawful Assembly,27739,2908,22,30669,4077,418,0,4495,60474,11181,0,71655,64551,11599,0,76150,0,0,0,0,0,0,0,0,37994,7694,0,45688,11058,1689,0,12747,49052,9383,0,58435,15499,2216,0,17715,8351,1242,0,9593,33097,3644,7,36748,17174,1819,15,19008,50271,5463,22,55756,328170,38105,0,366275,378441,43568,22,422031,3,0,0,3,3156,1480,0,4636,1317,94,0,1411,49,6,0,55,779,46,0,825,5304,1626,0,6930,2,0,0,2,14164,581,7,14752,3916,498,0,4414,16896,1748,0,18644,34976,2827,7,37810,338161,39115,15,377291
,23,Riots,74928,7866,4,82798,31915,1590,0,33505,91667,8522,67,100256,123582,10112,67,133761,15,0,0,15,59,0,0,59,16612,2135,6,18753,48841,4365,19,53225,65453,6500,25,71978,58055,3612,42,61709,9177,941,6,10124,114441,9040,49,123530,40107,4530,4,44641,154548,13570,53,168171,2686366,100861,17,2787244,2840914,114431,70,2955415,28,0,0,28,679,61,0,740,8169,712,0,8881,869,49,0,918,929,43,0,972,10674,865,0,11539,173,7,0,180,25189,675,0,25864,5833,145,0,5978,69281,5302,0,74583,100303,6122,0,106425,2729937,107444,70,2837451
,,23.1 Communal/Religious,660,37,0,697,1073,7,0,1080,950,30,0,980,2023,37,0,2060,0,0,0,0,4,0,0,4,6,0,0,6,470,10,0,480,476,10,0,486,1543,27,0,1570,11,0,0,11,1898,35,0,1933,415,8,0,423,2313,43,0,2356,31775,768,0,32543,34088,811,0,34899,0,0,0,0,0,0,0,0,0,0,0,0,0,0,0,0,0,0,0,0,0,0,0,0,0,0,0,0,34,2,0,36,170,0,0,170,742,15,0,757,946,17,0,963,33142,794,0,33936
,,23.2 Sectarian,406,15,0,421,202,9,0,211,265,13,0,278,467,22,0,489,0,0,0,0,0,0,0,0,124,6,0,130,197,11,0,208,321,17,0,338,146,5,0,151,0,0,0,0,416,24,0,440,160,0,0,160,576,24,0,600,7320,247,0,7567,7896,271,0,8167,0,0,0,0,0,0,0,0,0,0,0,0,0,0,0,0,0,0,0,0,0,0,0,0,0,0,0,0,5,0,0,5,0,0,0,0,259,14,0,273,264,14,0,278,7632,257,0,7889
,,23.3 Industrial,120,5,0,125,31,0,0,31,301,18,0,319,332,18,0,350,0,0,0,0,0,0,0,0,58,0,0,58,148,16,0,164,206,16,0,222,126,2,0,128,0,0,0,0,302,11,0,313,109,5,0,114,411,16,0,427,7614,449,0,8063,8025,465,0,8490,0,0,0,0,0,0,0,0,40,0,0,40,60,0,0,60,0,0,0,0,100,0,0,100,0,0,0,0,32,0,0,32,0,0,0,0,181,6,0,187,213,6,0,219,7712,459,0,8171
,,23.4 Political,3244,136,0,3380,862,20,0,882,2790,233,0,3023,3652,253,0,3905,0,0,0,0,44,0,0,44,1627,180,0,1807,1460,57,0,1517,3087,237,0,3324,521,16,0,537,142,1,0,143,3284,219,0,3503,1495,43,0,1538,4779,262,0,5041,53611,1134,0,54745,58390,1396,0,59786,0,0,0,0,118,3,0,121,177,5,0,182,0,0,0,0,102,0,0,102,397,8,0,405,0,0,0,0,362,0,0,362,45,0,0,45,2738,31,0,2769,3145,31,0,3176,54848,1357,0,56205
,,23.5 Caste Conflict,254,29,0,283,202,4,0,206,920,49,0,969,1122,53,0,1175,0,0,0,0,0,0,0,0,13,0,0,13,693,30,0,723,706,30,0,736,416,23,0,439,24,0,0,24,1001,60,0,1061,158,10,0,168,1159,70,0,1229,39430,1146,0,40576,40589,1216,0,41805,0,0,0,0,0,0,0,0,37,0,0,37,0,0,0,0,8,0,0,8,45,0,0,45,0,0,0,0,342,6,0,348,20,0,0,20,628,32,0,660,990,38,0,1028,39554,1178,0,40732
,,23.6 Agrarian,2296,319,0,2615,909,23,0,932,1737,233,0,1970,2646,256,0,2902,0,0,0,0,0,0,0,0,318,92,0,410,973,90,0,1063,1291,182,0,1473,1355,74,0,1429,194,21,0,215,2654,183,0,2837,1033,156,0,1189,3687,339,0,4026,53868,3313,0,57181,57555,3652,0,61207,1,0,0,1,0,0,0,0,46,5,0,51,0,0,0,0,0,0,0,0,47,5,0,52,0,0,0,0,1119,20,0,1139,12,0,0,12,1278,155,0,1433,2409,175,0,2584,55099,3472,0,58571
,,23.7 Students,494,23,0,517,142,0,0,142,708,13,0,721,850,13,0,863,0,0,0,0,1,0,0,1,301,0,0,301,247,11,0,258,548,11,0,559,301,2,0,303,30,0,0,30,754,13,0,767,327,14,0,341,1081,27,0,1108,14665,135,0,14800,15746,162,0,15908,0,0,0,0,0,0,0,0,26,0,0,26,0,0,0,0,172,3,0,175,198,3,0,201,0,0,0,0,184,0,0,184,0,0,0,0,421,2,0,423,605,2,0,607,14943,157,0,15100
,,23.8 Money Dispute,1179,143,0,1322,690,50,0,740,1694,134,0,1828,2384,184,0,2568,0,0,0,0,0,0,0,0,328,43,0,371,1271,106,0,1377,1599,149,0,1748,785,35,0,820,86,7,0,93,1783,101,0,1884,575,50,0,625,2358,151,0,2509,74679,1784,0,76463,77037,1935,0,78972,4,0,0,4,11,0,0,11,67,6,0,73,0,0,0,0,5,0,0,5,87,6,0,93,0,0,0,0,130,2,0,132,30,0,0,30,883,53,0,936,1043,55,0,1098,75907,1874,0,77781
,,23.9 Water Dispute,451,83,0,534,149,14,0,163,570,65,0,635,719,79,0,798,0,0,0,0,0,0,0,0,76,10,0,86,311,52,0,363,387,62,0,449,332,17,0,349,56,0,0,56,576,63,0,639,316,64,0,380,892,127,0,1019,25693,1542,0,27235,26585,1669,0,28254,0,0,0,0,5,0,0,5,41,1,0,42,0,0,0,0,0,0,0,0,46,1,0,47,0,0,0,0,45,4,0,49,0,0,0,0,348,41,0,389,393,45,0,438,26146,1623,0,27769
,,23.10 Land/Property Dispute,12858,2047,0,14905,5661,384,0,6045,14636,2025,0,16661,20297,2409,0,22706,0,0,0,0,0,0,0,0,2693,545,0,3238,9861,1165,0,11026,12554,1710,0,14264,7743,699,0,8442,2390,323,0,2713,17960,1889,0,19849,6898,1138,0,8036,24858,3027,0,27885,595051,16182,0,611233,619909,19209,0,639118,0,0,0,0,44,13,0,57,1041,73,0,1114,15,3,0,18,37,0,0,37,1137,89,0,1226,0,0,0,0,1425,98,0,1523,280,7,0,287,9221,1118,0,10339,10926,1223,0,12149,607846,17897,0,625743
,,23.11 Family Disputes,4885,596,0,5481,2537,229,0,2766,6442,697,0,7139,8979,926,0,9905,0,0,0,0,0,0,0,0,792,98,0,890,3917,514,0,4431,4709,612,0,5321,4270,314,0,4584,548,46,0,594,7625,731,0,8356,2018,304,0,2322,9643,1035,0,10678,138196,7838,0,146034,147839,8873,0,156712,0,0,0,0,8,5,0,13,548,70,0,618,0,0,0,0,78,9,0,87,634,84,0,718,0,0,0,0,1499,67,0,1566,17,6,0,23,3602,429,0,4031,5118,502,0,5620,142087,8287,0,150374
,,23.12 Enmity/Rivalry,8911,734,0,9645,4019,150,0,4169,9899,694,0,10593,13918,844,0,14762,0,0,0,0,6,0,0,6,4439,282,0,4721,6066,393,0,6459,10505,675,0,11180,3407,169,0,3576,358,35,0,393,12532,682,0,13214,5589,567,0,6156,18121,1249,0,19370,127671,5586,0,133257,145792,6835,0,152627,9,0,0,9,74,3,0,77,731,25,0,756,0,0,0,0,199,2,0,201,1013,30,0,1043,51,0,0,51,1865,48,0,1913,121,2,0,123,6152,357,0,6509,8138,407,0,8545,136641,6398,0,143039
,,23.13 Electricity/Power Supply Disputes,50,3,0,53,7,0,0,7,18,0,0,18,25,0,0,25,0,0,0,0,0,0,0,0,0,0,0,0,10,0,0,10,10,0,0,10,15,0,0,15,3,0,0,3,33,0,0,33,39,3,0,42,72,3,0,75,1483,50,0,1533,1555,53,0,1608,0,0,0,0,0,0,0,0,0,0,0,0,0,0,0,0,0,0,0,0,0,0,0,0,0,0,0,0,0,0,0,0,0,0,0,0,17,0,0,17,17,0,0,17,1538,53,0,1591
,,23.14 Rioting while in Aandolan/Morcha,3660,197,0,3857,156,0,0,156,2461,180,0,2641,2617,180,0,2797,0,0,0,0,0,0,0,0,779,38,0,817,798,37,0,835,1577,75,0,1652,1040,105,0,1145,152,3,0,155,2727,148,0,2875,2094,180,0,2274,4821,328,0,5149,70385,1538,0,71923,75206,1866,0,77072,0,0,0,0,36,0,0,36,22,0,0,22,0,0,0,0,75,0,0,75,133,0,0,133,9,2,0,11,1887,25,0,1912,9,6,0,15,1287,44,0,1331,3183,75,0,3258,71890,1791,0,73681
,,23.15 Rioting/Attacks on Police Personnel or Govt Servants,2178,25,0,2203,2964,16,0,2980,1742,76,0,1818,4706,92,0,4798,0,0,0,0,0,0,0,0,489,0,0,489,3220,45,0,3265,3709,45,0,3754,997,47,0,1044,1397,9,0,1406,4407,61,0,4468,654,23,0,677,5061,84,0,5145,51705,1290,0,52995,56766,1374,0,58140,0,0,0,0,13,7,0,20,825,8,0,833,36,0,0,36,12,0,0,12,886,15,0,901,0,0,0,0,234,2,0,236,660,0,0,660,1660,8,0,1668,2554,10,0,2564,53326,1349,0,54675
,,23.16 Other Riots,33282,3474,4,36760,12311,684,0,12995,46534,4062,67,50663,58845,4746,67,63658,15,0,0,15,4,0,0,4,4569,841,6,5416,19199,1828,19,21046,23768,2669,25,26462,35058,2077,42,37177,3786,496,6,4288,56489,4820,49,61358,18227,1965,4,20196,74716,6785,53,81554,1393220,57859,17,1451096,1467936,64644,70,1532650,14,0,0,14,370,30,0,400,4568,519,0,5087,758,46,0,804,241,29,0,270,5951,624,0,6575,113,5,0,118,16026,401,0,16427,4469,124,0,4593,39864,2997,0,42861,60359,3522,0,63881,1401626,60498,70,1462194
,24,Offences promoting enmity between different groups,966,10,0,976,620,6,0,626,1425,29,0,1454,2045,35,0,2080,1,0,0,1,51,0,0,51,127,0,0,127,1005,2,0,1007,1132,2,0,1134,861,33,0,894,131,0,0,131,1559,35,0,1594,275,5,0,280,1834,40,0,1874,8147,129,0,8276,9981,169,0,10150,3,0,0,3,1,0,0,1,44,1,0,45,0,0,0,0,7,0,0,7,55,1,0,56,0,0,0,0,112,12,0,124,29,0,0,29,233,3,0,236,374,15,0,389,9552,153,0,9705
,,24.1 Promoting enmity between groups,948,10,0,958,607,6,0,613,1339,6,0,1345,1946,12,0,1958,1,0,0,1,51,0,0,51,126,0,0,126,985,2,0,987,1111,2,0,1113,783,10,0,793,124,0,0,124,1479,15,0,1494,269,5,0,274,1748,20,0,1768,7873,129,0,8002,9621,149,0,9770,3,0,0,3,1,0,0,1,44,1,0,45,0,0,0,0,7,0,0,7,55,1,0,56,0,0,0,0,97,0,0,97,29,0,0,29,219,3,0,222,345,3,0,348,9221,145,0,9366
,,"24.2 Imputation, assertions prejudicial to national integration",18,0,0,18,13,0,0,13,86,23,0,109,99,23,0,122,0,0,0,0,0,0,0,0,1,0,0,1,20,0,0,20,21,0,0,21,78,23,0,101,7,0,0,7,80,20,0,100,6,0,0,6,86,20,0,106,274,0,0,274,360,20,0,380,0,0,0,0,0,0,0,0,0,0,0,0,0,0,0,0,0,0,0,0,0,0,0,0,0,0,0,0,15,12,0,27,0,0,0,0,14,0,0,14,29,12,0,41,331,8,0,339
,25,Affray,9759,1916,0,11675,3213,501,0,3714,14420,1461,0,15881,17633,1962,0,19595,0,0,0,0,0,0,0,0,9164,1044,0,10208,5246,511,0,5757,14410,1555,0,15965,3223,407,0,3630,254,15,0,269,17699,2258,0,19957,3518,469,0,3987,21217,2727,0,23944,52276,3236,1,55513,73493,5963,1,79457,3,0,0,3,2,0,0,2,569,59,0,628,8,0,0,8,6,1,0,7,588,60,0,648,2,0,0,2,14210,2243,0,16453,222,18,0,240,1460,98,0,1558,15892,2359,0,18251,57013,3544,1,60558
,C,Offences against Public Tranquillity (Total),113392,12700,26,126118,39825,2515,0,42340,167986,21193,67,189246,207811,23708,67,231586,16,0,0,16,110,0,0,110,63897,10873,6,74776,66150,6567,19,72736,130047,17440,25,147512,77638,6268,42,83948,17913,2198,6,20117,166796,14977,56,181829,61074,6823,19,67916,227870,21800,75,249745,3074959,142331,18,3217308,3302829,164131,93,3467053,37,0,0,37,3838,1541,0,5379,10099,866,0,10965,926,55,0,981,1721,90,0,1811,16621,2552,0,19173,177,7,0,184,53675,3511,7,57193,10000,661,0,10661,87870,7151,0,95021,151545,11323,7,162875,3134663,150256,86,3285005
,26,Theft,90600,1716,7,92323,50829,804,1,51634,245985,4598,12,250595,296814,5402,13,302229,22,0,0,22,503,0,0,503,5161,70,0,5231,120743,3245,9,123997,125904,3315,9,129228,170385,2087,4,172476,28490,245,1,28736,248036,4168,19,252223,21517,470,0,21987,269553,4638,19,274210,1673724,26851,14,1700589,1943277,31489,33,1974799,512,3,0,515,1333,40,0,1373,25353,834,1,26188,973,15,0,988,119,6,0,125,28290,898,1,29189,675,45,0,720,45231,547,0,45778,5352,129,0,5481,50904,868,2,51774,101487,1544,2,103033,1813500,29047,30,1842577
,,26.1 Auto/Motor Vehicle Theft,35981,159,2,36142,20665,50,0,20715,85391,204,0,85595,106056,254,0,106310,7,0,0,7,60,0,0,60,1070,3,0,1073,43843,147,0,43990,44913,150,0,45063,61076,104,0,61180,12289,18,0,12307,92487,250,0,92737,6523,10,0,6533,99010,260,0,99270,503697,1003,0,504700,602707,1263,0,603970,146,0,0,146,285,0,0,285,8628,69,0,8697,82,0,0,82,23,0,0,23,9164,69,0,9233,190,0,0,190,15400,36,0,15436,1882,3,0,1885,16755,25,0,16780,34037,64,0,34101,559506,1130,0,560636
,,26.2 Other Thefts,54619,1557,5,56181,30164,754,1,30919,160594,4394,12,165000,190758,5148,13,195919,15,0,0,15,443,0,0,443,4091,67,0,4158,76900,3098,9,80007,80991,3165,9,84165,109309,1983,4,111296,16201,227,1,16429,155549,3918,19,159486,14994,460,0,15454,170543,4378,19,174940,1170027,25848,14,1195889,1340570,30226,33,1370829,366,3,0,369,1048,40,0,1088,16725,765,1,17491,891,15,0,906,96,6,0,102,19126,829,1,19956,485,45,0,530,29831,511,0,30342,3470,126,0,3596,34149,843,2,34994,67450,1480,2,68932,1253994,27917,30,1281941
,27,Burglary,23836,213,0,24049,16616,178,0,16794,68433,783,0,69216,85049,961,0,86010,3,0,0,3,7,1,0,8,371,8,0,379,38767,604,0,39371,39138,612,0,39750,45901,348,0,46249,7611,34,0,7645,72383,922,0,73305,4740,56,0,4796,77123,978,0,78101,593393,6663,0,600056,670516,7641,0,678157,188,2,0,190,57,3,0,60,2487,68,0,2555,77,3,0,80,34,8,0,42,2843,84,0,2927,355,3,0,358,11818,113,0,11931,1522,28,0,1550,19100,240,0,19340,32440,381,0,32821,635233,7176,0,642409
,,27.1 Day Time,3545,72,0,3617,2686,47,0,2733,10894,285,0,11179,13580,332,0,13912,1,0,0,1,1,0,0,1,73,3,0,76,6723,211,0,6934,6796,214,0,7010,6782,118,0,6900,1496,14,0,1510,11102,312,0,11414,621,14,0,635,11723,326,0,12049,107622,2272,0,109894,119345,2598,0,121943,37,1,0,38,16,1,0,17,498,25,0,523,0,0,0,0,6,1,0,7,557,28,0,585,78,1,0,79,1791,38,0,1829,220,7,0,227,3177,62,0,3239,5188,107,0,5295,113600,2463,0,116063
,,27.2 Night,20291,141,0,20432,13930,131,0,14061,57539,498,0,58037,71469,629,0,72098,2,0,0,2,6,1,0,7,298,5,0,303,32044,393,0,32437,32342,398,0,32740,39119,230,0,39349,6115,20,0,6135,61281,610,0,61891,4119,42,0,4161,65400,652,0,66052,485771,4391,0,490162,551171,5043,0,556214,151,1,0,152,41,2,0,43,1989,43,0,2032,77,3,0,80,28,7,0,35,2286,56,0,2342,277,2,0,279,10027,75,0,10102,1302,21,0,1323,15923,178,0,16101,27252,274,0,27526,521633,4713,0,526346
,28,Extortion & Blackmailing,3693,104,3,3800,3045,85,0,3130,11514,390,3,11907,14559,475,3,15037,3,0,0,3,6,0,0,6,245,8,0,253,6921,255,3,7179,7166,263,3,7432,7384,212,0,7596,1180,17,0,1197,12158,400,6,12564,1283,35,0,1318,13441,435,6,13882,67955,1665,14,69634,81396,2100,20,83516,67,0,0,67,34,0,0,34,364,6,0,370,90,0,0,90,36,2,0,38,591,8,0,599,7,0,0,7,1164,10,0,1174,264,0,0,264,3304,48,3,3355,4732,58,3,4793,76073,2034,17,78124
,29,Robbery,6612,100,0,6712,8718,80,0,8798,35624,459,19,36102,44342,539,19,44900,5,0,0,5,28,0,0,28,134,2,0,136,17031,304,16,17351,17165,306,16,17487,27144,233,3,27380,1903,12,0,1915,38752,466,19,39237,1052,12,33,1097,39804,478,52,40334,385051,2947,30,388028,424855,3425,82,428362,88,1,0,89,34,0,0,34,274,3,2,279,28,1,0,29,27,0,0,27,451,5,2,458,84,0,0,84,6532,25,0,6557,979,6,0,985,9454,108,0,9562,16965,139,0,17104,407439,3281,80,410800
,30,Attempt to Commit Dacoity/Robbery,293,5,0,298,151,0,0,151,921,14,0,935,1072,14,0,1086,1,0,0,1,0,0,0,0,2,0,0,2,341,10,0,351,343,10,0,353,728,4,0,732,21,0,0,21,966,15,2,983,16,0,0,16,982,15,2,999,6558,54,0,6612,7540,69,2,7611,0,0,0,0,0,0,0,0,9,0,0,9,0,0,0,0,0,0,0,0,9,0,0,9,3,6,0,9,283,1,0,284,0,0,0,0,195,1,0,196,478,2,0,480,7053,67,2,7122
,31,Dacoity,1080,5,0,1085,3369,29,0,3398,8551,86,0,8637,11920,115,0,12035,2,0,0,2,53,0,0,53,16,0,0,16,4715,75,0,4790,4731,75,0,4806,7134,40,0,7174,322,0,0,322,10147,94,0,10241,145,2,0,147,10292,96,0,10388,182112,1762,7,183881,192404,1858,7,194269,10,0,0,10,11,0,0,11,48,0,0,48,0,0,0,0,5,0,0,5,74,0,0,74,86,0,0,86,1211,1,0,1212,97,0,0,97,4708,41,0,4749,6016,42,0,6058,186314,1816,7,188137
,,31.1 Dacoity,1078,5,0,1083,3340,29,0,3369,8516,86,0,8602,11856,115,0,11971,2,0,0,2,53,0,0,53,16,0,0,16,4702,75,0,4777,4718,75,0,4793,7083,40,0,7123,322,0,0,322,10092,94,0,10186,145,2,0,147,10237,96,0,10333,179601,1740,7,181348,189838,1836,7,191681,10,0,0,10,11,0,0,11,48,0,0,48,0,0,0,0,5,0,0,5,74,0,0,74,86,0,0,86,1189,1,0,1190,97,0,0,97,4685,41,0,4726,5971,42,0,6013,183793,1794,7,185594
,,31.2 Dacoity with Murder,2,0,0,2,29,0,0,29,35,0,0,35,64,0,0,64,0,0,0,0,0,0,0,0,0,0,0,0,13,0,0,13,13,0,0,13,51,0,0,51,0,0,0,0,55,0,0,55,0,0,0,0,55,0,0,55,2511,22,0,2533,2566,22,0,2588,0,0,0,0,0,0,0,0,0,0,0,0,0,0,0,0,0,0,0,0,0,0,0,0,0,0,0,0,22,0,0,22,0,0,0,0,23,0,0,23,45,0,0,45,2521,22,0,2543
,32,Making Preparation and Assembly for committing Dacoity,630,0,0,630,2280,0,0,2280,21972,27,4,22003,24252,27,4,24283,0,0,0,0,0,0,0,0,40,0,0,40,5792,8,0,5800,5832,8,0,5840,18420,19,4,18443,114,0,0,114,22589,23,0,22612,983,0,0,983,23572,23,0,23595,135615,298,0,135913,159187,321,0,159508,7,0,0,7,7,0,0,7,0,0,0,0,0,0,0,0,1,0,0,1,15,0,0,15,71,0,0,71,447,0,0,447,77,0,0,77,2349,2,0,2351,2873,2,0,2875,156299,319,0,156618
,33,Criminal Misappropriation,90,6,0,96,34,0,0,34,99,4,0,103,133,4,0,137,1,0,0,1,0,0,0,0,4,0,0,4,71,2,0,73,75,2,0,77,57,2,0,59,15,1,0,16,112,5,0,117,29,2,0,31,141,7,0,148,1839,18,0,1857,1980,25,0,2005,0,0,0,0,0,0,0,0,11,3,0,14,0,0,0,0,0,0,0,0,11,3,0,14,0,0,0,0,1,0,0,1,0,0,0,0,31,0,0,31,32,0,0,32,1937,22,0,1959
,34,Criminal Breach of Trust,12833,412,0,13245,6929,180,0,7109,12972,405,0,13377,19901,585,0,20486,2,0,0,2,24,0,0,24,176,22,0,198,6771,312,0,7083,6947,334,0,7281,12928,251,0,13179,2925,48,0,2973,17611,525,0,18136,8087,185,0,8272,25698,710,0,26408,216316,4650,1,220967,242014,5360,1,247375,72,1,0,73,25,0,0,25,825,40,0,865,22,0,0,22,62,1,0,63,1006,42,0,1048,64,3,0,67,2671,14,0,2685,372,12,0,384,5108,152,0,5260,8151,178,0,8329,232857,5140,1,237998
,35,Dishonestly Receiving/Dealing-in Stolen Property,1758,42,0,1800,2326,24,0,2350,15609,109,0,15718,17935,133,0,18068,1,0,0,1,0,0,0,0,25,3,0,28,3513,63,0,3576,3538,66,0,3604,14396,67,0,14463,822,5,0,827,16219,106,0,16325,741,17,0,758,16960,123,0,17083,57897,387,0,58284,74857,510,0,75367,8,0,0,8,0,0,0,0,6,0,0,6,0,0,0,0,6,0,0,6,20,0,0,20,56,0,0,56,3564,12,0,3576,146,0,0,146,1452,21,0,1473,5162,33,0,5195,69675,477,0,70152
,D,Offences against Property (Total),141425,2603,10,144038,94297,1380,1,95678,421680,6875,38,428593,515977,8255,39,524271,40,0,0,40,621,1,0,622,6174,113,0,6287,204665,4878,28,209571,210839,4991,28,215858,304477,3263,11,307751,43403,362,1,43766,438973,6724,46,445743,38593,779,33,39405,477566,7503,79,485148,3320460,45295,66,3365821,3798026,52798,145,3850969,952,7,0,959,1501,43,0,1544,29377,954,3,30334,1190,19,0,1209,290,17,0,307,33310,1040,3,34353,1401,57,0,1458,72922,723,0,73645,8809,175,0,8984,96605,1481,5,98091,178336,2379,5,180720,3586380,49379,137,3635896
,36,Counterfeiting,255,8,0,263,272,5,0,277,1015,27,0,1042,1287,32,0,1319,0,0,0,0,8,0,0,8,4,0,0,4,500,16,0,516,504,16,0,520,775,16,0,791,61,0,0,61,1045,28,0,1073,28,0,0,28,1073,28,0,1101,18375,270,0,18645,19448,298,0,19746,3,0,0,3,0,0,0,0,17,0,0,17,0,0,0,0,3,0,0,3,23,0,0,23,32,0,0,32,138,2,0,140,10,0,0,10,293,3,0,296,441,5,0,446,18984,293,0,19277
,,36.1 Counterfeit Coin,9,0,0,9,3,0,0,3,12,0,0,12,15,0,0,15,0,0,0,0,0,0,0,0,3,0,0,3,7,0,0,7,10,0,0,10,5,0,0,5,1,0,0,1,16,0,0,16,3,0,0,3,19,0,0,19,1712,2,0,1714,1731,2,0,1733,0,0,0,0,0,0,0,0,0,0,0,0,0,0,0,0,0,0,0,0,0,0,0,0,8,0,0,8,1,0,0,1,1,0,0,1,7,0,0,7,9,0,0,9,1722,2,0,1724
,,36.2 Counterfeiting Government Stamp,0,0,0,0,0,0,0,0,2,0,0,2,2,0,0,2,0,0,0,0,0,0,0,0,0,0,0,0,2,0,0,2,2,0,0,2,0,0,0,0,0,0,0,0,2,0,0,2,0,0,0,0,2,0,0,2,31,0,0,31,33,0,0,33,0,0,0,0,0,0,0,0,0,0,0,0,0,0,0,0,0,0,0,0,0,0,0,0,0,0,0,0,0,0,0,0,0,0,0,0,0,0,0,0,0,0,0,0,33,0,0,33
,,36.3 Counterfeiting of Seal or Mark,8,0,0,8,9,0,0,9,6,0,0,6,15,0,0,15,0,0,0,0,0,0,0,0,0,0,0,0,2,0,0,2,2,0,0,2,13,0,0,13,1,0,0,1,14,0,0,14,0,0,0,0,14,0,0,14,68,0,0,68,82,0,0,82,0,0,0,0,0,0,0,0,0,0,0,0,0,0,0,0,0,0,0,0,0,0,0,0,0,0,0,0,0,0,0,0,0,0,0,0,3,0,0,3,3,0,0,3,79,0,0,79
,,36.4 Counterfeit Currency & Bank notes,238,8,0,246,260,5,0,265,995,27,0,1022,1255,32,0,1287,0,0,0,0,8,0,0,8,1,0,0,1,489,16,0,505,490,16,0,506,757,16,0,773,59,0,0,59,1013,28,0,1041,25,0,0,25,1038,28,0,1066,16564,268,0,16832,17602,296,0,17898,3,0,0,3,0,0,0,0,17,0,0,17,0,0,0,0,3,0,0,3,23,0,0,23,24,0,0,24,137,2,0,139,9,0,0,9,283,3,0,286,429,5,0,434,17150,291,0,17441
,37,"Forgery, Cheating & Fraud",64677,4569,0,69246,55067,3266,0,58333,84684,4419,2,89105,139751,7685,2,147438,35,1,0,36,708,12,0,720,4839,711,0,5550,64360,3969,2,68331,69199,4680,2,73881,69809,2992,0,72801,17396,495,0,17891,122501,6257,1,128759,28562,1486,0,30048,151063,7743,1,158807,834412,29377,0,863789,985475,37120,1,1022596,438,5,0,443,116,5,0,121,8215,472,0,8687,128,8,0,136,645,41,0,686,9542,531,0,10073,586,80,0,666,13725,319,0,14044,1929,126,0,2055,25791,1146,0,26937,41445,1591,0,43036,934488,34998,1,969487
,,37.1 Fraud,8476,583,0,9059,9390,234,0,9624,11747,535,0,12282,21137,769,0,21906,4,0,0,4,26,5,0,31,1152,93,0,1245,6854,341,0,7195,8006,434,0,8440,13101,330,0,13431,3588,71,0,3659,17557,598,0,18155,2059,96,0,2155,19616,694,0,20310,109433,3484,0,112917,129049,4178,0,133227,49,0,0,49,17,0,0,17,1255,54,0,1309,27,3,0,30,75,11,0,86,1423,68,0,1491,36,2,0,38,1983,40,0,2023,304,4,0,308,3456,89,0,3545,5743,133,0,5876,121883,3977,0,125860
,,37.1A Bank,1205,31,0,1236,618,19,0,637,782,61,0,843,1400,80,0,1480,0,0,0,0,1,1,0,2,19,0,0,19,505,49,0,554,524,49,0,573,875,30,0,905,1031,6,0,1037,1150,43,0,1193,115,4,0,119,1265,47,0,1312,6133,297,0,6430,7398,344,0,7742,2,0,0,2,0,0,0,0,42,0,0,42,0,0,0,0,1,0,0,1,45,0,0,45,0,0,0,0,67,0,0,67,6,0,0,6,165,3,0,168,238,3,0,241,7115,341,0,7456
,,37.1B ATMs,361,5,0,366,942,3,0,945,930,20,0,950,1872,23,0,1895,0,0,0,0,0,0,0,0,10,0,0,10,389,8,0,397,399,8,0,407,1473,15,0,1488,167,0,0,167,1511,7,0,1518,44,0,0,44,1555,7,0,1562,7401,107,0,7508,8956,114,0,9070,2,0,0,2,0,0,0,0,35,0,0,35,0,0,0,0,2,0,0,2,39,0,0,39,2,0,0,2,188,0,0,188,14,0,0,14,167,0,0,167,369,0,0,369,8548,114,0,8662
,,37.1C Credit Card/Debit Card,526,19,0,545,675,2,0,677,816,22,0,838,1491,24,0,1515,0,0,0,0,0,0,0,0,7,0,0,7,503,15,0,518,510,15,0,525,981,9,0,990,249,0,0,249,1195,19,0,1214,231,4,0,235,1426,23,0,1449,3758,60,0,3818,5184,83,0,5267,2,0,0,2,0,0,0,0,104,0,0,104,0,0,0,0,0,0,0,0,106,0,0,106,0,0,0,0,44,0,0,44,0,0,0,0,137,0,0,137,181,0,0,181,4897,83,0,4980
,,37.1D Other Frauds,6384,528,0,6912,7155,210,0,7365,9219,432,0,9651,16374,642,0,17016,4,0,0,4,25,4,0,29,1116,93,0,1209,5457,269,0,5726,6573,362,0,6935,9772,276,0,10048,2141,65,0,2206,13701,529,0,14230,1669,88,0,1757,15370,617,0,15987,92141,3020,0,95161,107511,3637,0,111148,43,0,0,43,17,0,0,17,1074,54,0,1128,27,3,0,30,72,11,0,83,1233,68,0,1301,34,2,0,36,1684,40,0,1724,284,4,0,288,2987,86,0,3073,4955,130,0,5085,101323,3439,0,104762
,,37.2 Cheating,50246,3610,0,53856,37772,2752,0,40524,59004,3252,2,62258,96776,6004,2,102782,21,1,0,22,660,6,0,666,3520,600,0,4120,50132,3141,2,53275,53652,3741,2,57395,42443,2256,0,44699,10243,306,0,10549,85671,4826,1,90498,23486,1281,0,24767,109157,6107,1,115265,629298,22760,0,652058,738455,28867,1,767323,350,5,0,355,65,1,0,66,6665,406,0,7071,78,5,0,83,496,28,0,524,7654,445,0,8099,532,78,0,610,8529,232,0,8761,1391,104,0,1495,20018,997,0,21015,29938,1333,0,31271,700863,27089,1,727953
,,37.3 Forgery,5955,376,0,6331,7905,280,0,8185,13933,632,0,14565,21838,912,0,22750,10,0,0,10,22,1,0,23,167,18,0,185,7374,487,0,7861,7541,505,0,8046,14265,406,0,14671,3565,118,0,3683,19273,833,0,20106,3017,109,0,3126,22290,942,0,23232,95681,3133,0,98814,117971,4075,0,122046,39,0,0,39,34,4,0,38,295,12,0,307,23,0,0,23,74,2,0,76,465,18,0,483,18,0,0,18,3213,47,0,3260,234,18,0,252,2317,60,0,2377,5764,125,0,5889,111742,3932,0,115674
,E,Offences Relating to Documents & Property Marks (Total),64932,4577,0,69509,55339,3271,0,58610,85699,4446,2,90147,141038,7717,2,148757,35,1,0,36,716,12,0,728,4843,711,0,5554,64860,3985,2,68847,69703,4696,2,74401,70584,3008,0,73592,17457,495,0,17952,123546,6285,1,129832,28590,1486,0,30076,152136,7771,1,159908,852787,29647,0,882434,1004923,37418,1,1042342,441,5,0,446,116,5,0,121,8232,472,0,8704,128,8,0,136,648,41,0,689,9565,531,0,10096,618,80,0,698,13863,321,0,14184,1939,126,0,2065,26084,1149,0,27233,41886,1596,0,43482,953472,35291,1,988764
,38,Offences relating to Elections,2195,32,0,2227,460,11,0,471,803,20,0,823,1263,31,0,1294,0,0,0,0,0,0,0,0,163,6,0,169,525,21,0,546,688,27,0,715,575,4,0,579,874,2,0,876,1405,22,0,1427,684,19,0,703,2089,41,0,2130,12708,173,0,12881,14797,214,0,15011,9,0,0,9,6,0,0,6,12,0,0,12,0,0,0,0,11,0,0,11,38,0,0,38,1,0,0,1,463,1,0,464,29,2,0,31,695,4,0,699,1187,7,0,1194,13572,207,0,13779
,39,Disobedience to order duly promulgated by Public Servant,50519,1213,0,51732,24455,331,0,24786,63155,1997,0,65152,87610,2328,0,89938,2,0,0,2,2,0,0,2,25500,1515,0,27015,22045,313,0,22358,47545,1828,0,49373,40061,500,0,40561,5215,82,0,5297,90253,1327,0,91580,34236,446,0,34682,124489,1773,0,126262,731885,20562,0,752447,856374,22335,0,878709,761,0,0,761,11645,86,0,11731,3470,40,0,3510,1461,11,0,1472,23231,135,0,23366,40568,272,0,40840,55,1,0,56,90175,1099,0,91274,28605,282,0,28887,55413,754,0,56167,174193,2135,0,176328,641613,19928,0,661541
,40,Harbouring an Offender,27,0,0,27,9,3,0,12,92,3,0,95,101,6,0,107,0,0,0,0,0,0,0,0,15,1,0,16,14,3,0,17,29,4,0,33,72,2,0,74,6,0,0,6,67,3,0,70,16,0,0,16,83,3,0,86,721,7,0,728,804,10,0,814,0,0,0,0,0,0,0,0,0,0,0,0,0,0,0,0,0,0,0,0,0,0,0,0,0,0,0,0,16,0,0,16,4,0,0,4,24,1,0,25,44,1,0,45,760,9,0,769
,41,Offences relating to Adulteration or Sale of Food/Drugs,6328,237,0,6565,1951,51,0,2002,2072,57,0,2129,4023,108,0,4131,0,0,0,0,96,0,0,96,1894,85,0,1979,1831,4,0,1835,3725,89,0,3814,202,19,0,221,102,2,0,104,5749,157,0,5906,1970,57,0,2027,7719,214,0,7933,7976,146,0,8122,15695,360,0,16055,15,0,0,15,0,0,0,0,575,12,0,587,17,0,0,17,125,1,0,126,732,13,0,745,0,0,0,0,5353,107,0,5460,6,0,0,6,709,8,0,717,6068,115,0,6183,8895,232,0,9127
,42,Rash Driving on Public way,215374,1921,1,217296,33418,149,0,33567,288171,2186,0,290357,321589,2335,0,323924,30,0,0,30,19,0,0,19,190906,1780,0,192686,59599,265,0,59864,250505,2045,0,252550,71035,290,0,71325,14839,130,0,14969,336771,2450,0,339221,132001,795,1,132797,468772,3245,1,472018,1337768,11852,0,1349620,1806540,15097,1,1821638,1110,3,0,1113,869,6,0,875,14595,93,0,14688,845,19,0,864,389,9,0,398,17808,130,0,17938,268,0,0,268,313855,1247,1,315103,8045,31,0,8076,46881,164,0,47045,368781,1442,1,370224,1419951,13525,0,1433476
,,42.1 Rash Driving on Public Way,84047,615,1,84663,2611,3,0,2614,144794,660,0,145454,147405,663,0,148068,3,0,0,3,1,0,0,1,108154,567,0,108721,23091,23,0,23114,131245,590,0,131835,16156,73,0,16229,3343,13,0,3356,166910,739,0,167649,52329,206,1,52536,219239,945,1,220185,344499,2817,0,347316,563738,3762,1,567501,217,0,0,217,51,0,0,51,2577,3,0,2580,15,0,0,15,246,0,0,246,3106,3,0,3109,51,0,0,51,176470,351,1,176822,3213,6,0,3219,9714,23,0,9737,189397,380,1,189778,371235,3379,0,374614
,,42.2 Causing Hurt by Rash/Negligent Driving on Public Way,74515,662,0,75177,17539,62,0,17601,68380,640,0,69020,85919,702,0,86621,27,0,0,27,5,0,0,5,32939,409,0,33348,23097,161,0,23258,56036,570,0,56606,29851,132,0,29983,7442,88,0,7530,82898,744,0,83642,44807,308,0,45115,127705,1052,0,128757,528863,4935,0,533798,656568,5987,0,662555,483,3,0,486,435,6,0,441,7803,54,0,7857,692,19,0,711,98,9,0,107,9511,91,0,9602,96,0,0,96,69072,551,0,69623,2817,16,0,2833,18993,78,0,19071,90882,645,0,91527,556175,5251,0,561426
,,42.3 Causing Grievous Hurt by Rash/Negligent Driving on Public,56812,644,0,57456,13268,84,0,13352,74997,886,0,75883,88265,970,0,89235,0,0,0,0,13,0,0,13,49813,804,0,50617,13411,81,0,13492,63224,885,0,64109,25028,85,0,25113,4054,29,0,4083,86963,967,0,87930,34865,281,0,35146,121828,1248,0,123076,464406,4100,0,468506,586234,5348,0,591582,410,0,0,410,383,0,0,383,4215,36,0,4251,138,0,0,138,45,0,0,45,5191,36,0,5227,121,0,0,121,68313,345,0,68658,2015,9,0,2024,18174,63,0,18237,88502,417,0,88919,492541,4895,0,497436
,43,Obstruction on Public way,57219,992,0,58211,1346,5,0,1351,43100,343,0,43443,44446,348,0,44794,0,0,0,0,2,0,0,2,23014,170,0,23184,11267,67,0,11334,34281,237,0,34518,10163,111,0,10274,1226,22,0,1248,51690,1103,0,52793,45456,105,0,45561,97146,1208,0,98354,169772,3400,0,173172,266918,4608,0,271526,24,0,0,24,117,1,0,118,878,3,0,881,443,2,0,445,42,0,0,42,1504,6,0,1510,67,0,0,67,77878,339,0,78217,759,0,0,759,6151,91,0,6242,84788,430,0,85218,180626,4172,0,184798
,44,Sale of obscene Books/Objects,29,0,0,29,14,0,0,14,23,0,0,23,37,0,0,37,0,0,0,0,0,0,0,0,1,0,0,1,15,0,0,15,16,0,0,16,21,0,0,21,5,0,0,5,36,0,0,36,8,0,0,8,44,0,0,44,1529,32,0,1561,1573,32,0,1605,1,0,0,1,0,0,0,0,1,0,0,1,0,0,0,0,0,0,0,0,2,0,0,2,0,0,0,0,20,0,0,20,7,0,0,7,39,0,0,39,66,0,0,66,1505,32,0,1537
,45,Obscene Acts and Songs at Public Places,28720,3223,6,31949,2547,147,0,2694,16672,1393,12,18077,19219,1540,12,20771,2,0,0,2,0,0,0,0,5247,476,12,5735,3336,432,0,3768,8583,908,12,9503,10634,632,0,11266,905,49,0,954,22780,1665,15,24460,15232,1638,2,16872,38012,3303,17,41332,198926,17114,7,216047,236938,20417,24,257379,70,3,0,73,20,0,0,20,6445,336,0,6781,61,10,0,71,16,0,0,16,6612,349,0,6961,59,1,0,60,12605,342,5,12952,6391,161,0,6552,9761,491,0,10252,28757,994,5,29756,201569,19074,19,220662
,46,Offences relating to Religion,866,34,0,900,442,4,0,446,1342,43,0,1385,1784,47,0,1831,2,0,0,2,2,0,0,2,143,23,0,166,693,11,0,704,836,34,0,870,944,13,0,957,161,0,0,161,1356,18,0,1374,468,9,0,477,1824,27,0,1851,10497,173,0,10670,12321,200,0,12521,5,0,0,5,16,0,0,16,16,1,0,17,1,0,0,1,6,0,0,6,44,1,0,45,2,0,0,2,156,0,0,156,23,0,0,23,443,6,0,449,622,6,0,628,11655,193,0,11848
,47,Cheating by Impersonation,200,5,0,205,159,1,0,160,272,6,0,278,431,7,0,438,0,0,0,0,0,0,0,0,38,1,0,39,70,1,0,71,108,2,0,110,323,5,0,328,113,0,0,113,381,5,0,386,80,1,0,81,461,6,0,467,3316,108,0,3424,3777,114,0,3891,1,0,0,1,0,0,0,0,15,0,0,15,0,0,0,0,2,0,0,2,18,0,0,18,0,0,0,0,293,7,0,300,6,0,0,6,71,0,0,71,370,7,0,377,3389,107,0,3496
,48,Offences related to Mischief,1878,28,0,1906,522,4,0,526,2596,105,0,2701,3118,109,0,3227,1,0,0,1,0,0,0,0,438,11,0,449,1727,70,0,1797,2165,81,0,2246,952,28,0,980,175,1,0,176,3095,105,0,3200,1090,15,0,1105,4185,120,0,4305,17958,414,0,18372,22143,534,0,22677,7,0,0,7,1,0,0,1,196,3,0,199,24,0,0,24,11,0,0,11,239,3,0,242,0,0,0,0,468,1,0,469,40,0,0,40,812,25,0,837,1320,26,0,1346,20584,505,0,21089
,49,Arson,5155,191,0,5346,1771,26,0,1797,5566,128,0,5694,7337,154,0,7491,0,0,0,0,0,0,0,0,332,11,0,343,3063,92,0,3155,3395,103,0,3498,3942,51,0,3993,1072,12,0,1084,6751,145,0,6896,1982,57,0,2039,8733,202,0,8935,89282,1751,0,91033,98015,1953,0,99968,32,0,0,32,12,0,0,12,418,10,0,428,3,0,0,3,6,0,0,6,471,10,0,481,10,0,0,10,837,8,0,845,528,2,0,530,3009,52,0,3061,4374,62,0,4436,93170,1881,0,95051
,50,Criminal Trespass,44196,4540,1,48737,8147,515,0,8662,30812,2758,1,33571,38959,3273,1,42233,3,0,0,3,0,0,0,0,3708,399,0,4107,18287,1794,1,20082,21995,2193,1,24189,16961,1080,0,18041,4776,413,0,5189,45028,3797,1,48826,26771,2389,5,29165,71799,6186,6,77991,302701,22895,0,325596,374500,29081,6,403587,95,3,0,98,283,28,0,311,8871,843,0,9714,135,5,0,140,157,19,0,176,9541,898,0,10439,60,5,0,65,9732,442,0,10174,1617,122,0,1739,14824,1094,0,15918,26173,1658,0,27831,338786,26525,6,365317
,51,Cruelty by Husband or his Relatives,152521,49898,7,202426,25900,5634,0,31534,91235,22326,0,113561,117135,27960,0,145095,6,0,0,6,76,14,0,90,7591,3738,0,11329,36090,9992,0,46082,43681,13730,0,57411,73372,14216,0,87588,18955,3226,0,22181,131688,32457,0,164145,96090,27738,0,123828,227778,60195,0,287973,1138997,248910,0,1387907,1366775,309105,0,1675880,305,43,0,348,329,78,0,407,22906,5649,0,28555,1544,213,0,1757,2439,757,0,3196,27523,6740,0,34263,143,61,0,204,12757,1625,0,14382,4163,634,0,4797,62309,13382,0,75691,79229,15641,0,94870,1260023,286724,0,1546747
,52,Circulate False/Fake News/Rumours,584,9,0,593,189,2,0,191,473,4,0,477,662,6,0,668,0,0,0,0,0,0,0,0,22,2,0,24,272,1,0,273,294,3,0,297,368,3,0,371,92,0,0,92,690,10,0,700,281,4,0,285,971,14,0,985,2225,48,0,2273,3196,62,0,3258,1,1,0,2,1,0,0,1,44,0,0,44,0,0,0,0,0,0,0,0,46,1,0,47,1,0,0,1,80,4,0,84,21,0,0,21,103,4,0,107,204,8,0,212,2946,53,0,2999
,53,Criminal Intimidation,177962,15497,6,193465,8048,410,0,8458,89420,8717,13,98150,97468,9127,13,106608,0,0,0,0,6,0,0,6,12149,2101,0,14250,43240,4602,13,47855,55389,6703,13,62105,42073,2424,0,44497,10259,1079,0,11338,105201,9507,13,114721,130784,9128,10,139922,235985,18635,23,254643,793796,55370,2,849168,1029781,74005,25,1103811,223,0,0,223,137,1,0,138,12076,781,0,12857,3944,534,0,4478,156,14,0,170,16536,1330,0,17866,229,3,0,232,28886,998,0,29884,3761,218,0,3979,40697,3176,6,43879,73344,4392,6,77742,939901,68283,19,1008203
,54,Insult to the Modesty of Women,6677,865,3,7545,2135,69,0,2204,5204,506,0,5710,7339,575,0,7914,2,0,0,2,3,0,0,3,762,82,0,844,3885,402,0,4287,4647,484,0,5131,2687,91,0,2778,425,28,0,453,7547,653,0,8200,3188,180,0,3368,10735,833,0,11568,59569,1538,0,61107,70304,2371,0,72675,31,0,0,31,5,0,0,5,2256,189,0,2445,3,0,0,3,31,0,0,31,2326,189,0,2515,5,0,0,5,695,15,0,710,380,13,0,393,2461,103,0,2564,3536,131,0,3667,64442,2051,0,66493
,F,Miscellaneous IPC Crimes(Total),750450,78685,24,829159,111513,7362,0,118875,641008,40592,26,681626,752521,47954,26,800501,48,0,0,48,206,14,0,220,271923,10401,12,282336,205959,18070,14,224043,477882,28471,26,506379,274385,19469,0,293854,59200,5046,0,64246,810488,53424,29,863941,490337,42581,18,532936,1300825,96005,47,1396877,4879626,384493,9,5264128,6180451,480498,56,6661005,2690,53,0,2743,13441,200,0,13641,72774,7960,0,80734,8481,794,0,9275,26622,935,0,27557,124008,9942,0,133950,900,71,0,971,554269,6235,6,560510,54385,1465,0,55850,244402,19355,6,263763,853056,27055,12,880123,5203387,443501,44,5646932
,55,Other IPC crimes,251768,13799,4,265571,74262,2630,0,76892,257889,14679,7,272575,332151,17309,7,349467,30,0,0,30,138,0,0,138,42332,2994,0,45326,95036,5539,7,100582,137368,8533,7,145908,194615,8776,0,203391,96383,1850,0,98233,342683,15544,7,358234,116194,7514,4,123712,458877,23058,11,481946,3483406,150394,3,3633803,3942283,173452,14,4115749,1116,14,0,1130,67405,315,0,67720,27911,1108,0,29019,3738,146,0,3884,4583,145,1,4729,104753,1728,1,106482,482,0,0,482,147560,5224,3,152787,31332,2155,0,33487,111937,5275,0,117212,290829,12654,3,303486,3546701,159070,10,3705781
,56,Total Cognizable IPC crimes,2031454,174838,89,2206381,577646,29331,2,606979,2468162,152967,214,2621343,3045808,182298,216,3228322,1286,13,0,1299,2262,33,0,2295,511312,38239,53,549604,1025808,71343,83,1097234,1537120,109582,136,1646838,1505140,72670,80,1577890,332368,16264,12,348644,2965439,171404,233,3137076,1139023,91401,88,1230512,4104462,262805,321,4367588,24366253,1191726,144,25558123,28470715,1454531,465,29925711,10997,202,0,11199,90444,2615,0,93059,253860,22056,3,275919,27411,2684,0,30095,36811,1349,1,38161,419523,28906,4,448433,5075,270,0,5345,1030667,24498,16,1055181,145906,6881,0,152787,923256,57918,20,981194,2099829,89297,36,2189162,25951363,1336328,425,27288116
,1,The Dowry Prohibition Act,14910,3339,0,18249,5015,995,0,6010,13907,3317,0,17224,18922,4312,0,23234,0,0,0,0,37,4,0,41,609,192,0,801,6922,2294,0,9216,7531,2486,0,10017,11354,1822,0,13176,3884,773,0,4657,16934,3560,0,20494,9774,2004,0,11778,26708,5564,0,32272,125830,21742,0,147572,152538,27306,0,179844,8,0,0,8,3,1,0,4,780,90,0,870,0,0,0,0,127,47,0,174,918,138,0,1056,21,12,0,33,2835,337,0,3172,249,22,0,271,4592,1057,0,5649,7676,1416,0,9092,143944,25752,0,169696
,2,The Immoral Traffic (Prevention) Act,747,282,0,1029,653,205,0,858,2448,949,0,3397,3101,1154,0,4255,0,0,0,0,0,0,0,0,122,38,0,160,1594,566,0,2160,1716,604,0,2320,1385,550,0,1935,86,54,0,140,2618,860,0,3478,295,101,0,396,2913,961,0,3874,40962,11283,0,52245,43875,12244,0,56119,6,0,0,6,7,2,0,9,52,2,0,54,0,0,0,0,3,0,0,3,68,4,0,72,40,2,0,42,371,77,0,448,12,2,0,14,931,275,0,1206,1314,354,0,1668,42493,11886,0,54379
,3,The Protection of Women from Domestic Violence Act,106,62,0,168,69,8,0,77,347,30,0,377,416,38,0,454,0,0,0,0,0,0,0,0,68,5,0,73,250,25,0,275,318,30,0,348,98,8,0,106,16,3,0,19,419,42,0,461,65,11,0,76,484,53,0,537,2918,142,0,3060,3402,195,0,3597,2,0,0,2,0,0,0,0,3,0,0,3,0,0,0,0,6,0,0,6,11,0,0,11,0,0,0,0,11,0,0,11,0,0,0,0,46,3,0,49,57,3,0,60,3334,192,0,3526
,4,The Indecent Representation of Women (Prohibition) Act,28,0,0,28,8,4,0,12,27,2,0,29,35,6,0,41,0,0,0,0,0,0,0,0,0,0,0,0,21,6,0,27,21,6,0,27,14,0,0,14,6,3,0,9,37,6,0,43,4,0,0,4,41,6,0,47,712,6,0,718,753,12,0,765,0,0,0,0,0,0,0,0,0,0,0,0,0,0,0,0,0,0,0,0,0,0,0,0,0,0,0,0,1,0,0,1,0,0,0,0,5,2,0,7,6,2,0,8,747,10,0,757
,A,Crime Against Women – Related Acts,15791,3683,0,19474,5745,1212,0,6957,16729,4298,0,21027,22474,5510,0,27984,0,0,0,0,37,4,0,41,799,235,0,1034,8787,2891,0,11678,9586,3126,0,12712,12851,2380,0,15231,3992,833,0,4825,20008,4468,0,24476,10138,2116,0,12254,30146,6584,0,36730,170422,33173,0,203595,200568,39757,0,240325,16,0,0,16,10,3,0,13,835,92,0,927,0,0,0,0,136,47,0,183,997,142,0,1139,61,14,0,75,3218,414,0,3632,261,24,0,285,5574,1337,0,6911,9053,1775,0,10828,190518,37840,0,228358
,5,The Protection of Children from Sexual Offences Act,10540,293,0,10833,9884,159,0,10043,64252,1456,1,65709,74136,1615,1,75752,139,7,0,146,118,0,0,118,95,5,0,100,28125,1003,1,29129,28220,1008,1,29229,45659,600,0,46259,3594,95,0,3689,69099,1395,4,70498,4126,104,0,4230,73225,1499,4,74728,262340,4453,2,266795,335565,5952,6,341523,229,1,0,230,52,0,0,52,390,3,0,393,3,0,0,3,92,3,0,95,766,7,0,773,31,2,0,33,10344,85,0,10429,1154,9,0,1163,21413,427,0,21840,32911,521,0,33432,301888,5424,6,307318
,6,The Juvenile Justice (Care and Protection of Children) Act,741,55,9,805,215,29,0,244,1378,152,0,1530,1593,181,0,1774,0,0,0,0,2,1,0,3,72,6,0,78,1086,142,0,1228,1158,148,0,1306,433,32,0,465,36,2,0,38,1501,125,0,1626,479,57,0,536,1980,182,0,2162,10331,927,0,11258,12311,1109,0,13420,1,0,0,1,1,0,0,1,9,0,0,9,0,0,0,0,16,0,0,16,27,0,0,27,2,0,0,2,332,18,0,350,9,2,0,11,194,17,0,211,535,37,0,572,11749,1072,0,12821
,7,The Prohibition of Child Marriage Act,712,191,0,903,350,49,0,399,1303,290,0,1593,1653,339,0,1992,0,0,0,0,9,2,0,11,38,17,0,55,880,261,0,1141,918,278,0,1196,726,59,0,785,123,15,0,138,1347,280,0,1627,355,116,0,471,1702,396,0,2098,5803,1329,0,7132,7505,1725,0,9230,0,0,0,0,0,0,0,0,27,16,0,43,0,0,0,0,1,0,0,1,28,16,0,44,0,0,0,0,25,6,0,31,20,3,0,23,288,53,0,341,333,62,0,395,7144,1647,0,8791
,8,The Pre-Natal Diagnostic Techniques (Reg and Prev of Misuse) Act,3,0,0,3,31,5,0,36,103,30,0,133,134,35,0,169,0,0,0,0,0,0,0,0,0,0,0,0,57,12,0,69,57,12,0,69,77,23,0,100,1,0,0,1,98,30,0,128,2,0,0,2,100,30,0,130,1184,136,0,1320,1284,166,0,1450,0,0,0,0,0,0,0,0,0,0,0,0,0,0,0,0,0,0,0,0,0,0,0,0,0,0,0,0,39,1,0,40,0,0,0,0,19,4,0,23,58,5,0,63,1226,161,0,1387
,9,The Child Labour (Prohibition & Regulation) Act,376,27,0,403,77,2,0,79,494,10,0,504,571,12,0,583,0,0,0,0,0,0,0,0,10,2,0,12,256,4,0,260,266,6,0,272,305,6,0,311,30,1,0,31,583,25,0,608,151,10,0,161,734,35,0,769,2712,39,0,2751,3446,74,0,3520,2,0,0,2,1,0,0,1,49,0,0,49,0,0,0,0,0,0,0,0,52,0,0,52,0,0,0,0,198,5,0,203,1,0,0,1,129,0,0,129,328,5,0,333,3066,69,0,3135
,10,The Medical Termination of Pregnancy Act,1,0,0,1,13,0,0,13,22,9,0,31,35,9,0,44,0,0,0,0,0,0,0,0,0,0,0,0,20,4,0,24,20,4,0,24,15,5,0,20,0,0,0,0,34,4,0,38,0,0,0,0,34,4,0,38,337,99,0,436,371,103,0,474,0,0,0,0,0,0,0,0,0,0,0,0,0,0,0,0,3,1,0,4,3,1,0,4,0,0,0,0,2,0,0,2,0,0,0,0,21,3,0,24,23,3,0,26,345,99,0,444
,B,Children Related – Acts,12373,566,9,12948,10570,244,0,10814,67552,1947,1,69500,78122,2191,1,80314,139,7,0,146,129,3,0,132,215,30,0,245,30424,1426,1,31851,30639,1456,1,32096,47215,725,0,47940,3784,113,0,3897,72662,1859,4,74525,5113,287,0,5400,77775,2146,4,79925,282707,6983,2,289692,360482,9129,6,369617,232,1,0,233,54,0,0,54,475,19,0,494,3,0,0,3,112,4,0,116,876,24,0,900,33,2,0,35,10940,115,0,11055,1184,14,0,1198,22064,504,0,22568,34188,633,0,34821,325418,8472,6,333896
,11,The SC/ST (Prevention of Atrocities) Act for Crimes against SCs,3662,213,0,3875,639,33,0,672,5336,193,0,5529,5975,226,0,6201,1,0,0,1,0,0,0,0,19,2,0,21,910,81,0,991,929,83,0,1012,5045,143,0,5188,710,68,0,778,6956,216,0,7172,2158,172,0,2330,9114,388,0,9502,94153,2410,0,96563,103267,2798,0,106065,10,1,0,11,12,0,0,12,0,0,0,0,0,0,0,0,29,4,0,33,51,5,0,56,5,0,0,5,1864,97,0,1961,92,12,0,104,3324,179,0,3503,5280,288,0,5568,97936,2505,0,100441
,12,The SC/ST (Prevention of Atrocities) Act for Crimes against STs,330,15,0,345,189,1,0,190,186,6,0,192,375,7,0,382,0,0,0,0,0,0,0,0,1,0,0,1,229,6,0,235,230,6,0,236,145,1,0,146,37,1,0,38,355,6,0,361,40,3,0,43,395,9,0,404,8164,297,0,8461,8559,306,0,8865,0,0,0,0,0,0,0,0,0,0,0,0,0,0,0,0,6,0,0,6,6,0,0,6,1,0,0,1,29,1,0,30,24,2,0,26,528,22,0,550,581,25,0,606,7972,281,0,8253
,13,The Protection of Civil Rights Act for Crimes against SCs,13,2,0,15,14,0,0,14,11,3,0,14,25,3,0,28,0,0,0,0,2,0,0,2,0,1,0,1,9,2,0,11,9,3,0,12,14,0,0,14,4,1,0,5,21,2,0,23,0,0,0,0,21,2,0,23,2429,35,0,2464,2450,37,0,2487,0,0,0,0,0,0,0,0,0,0,0,0,0,0,0,0,0,0,0,0,0,0,0,0,0,0,0,0,0,0,0,0,0,0,0,0,139,5,0,144,139,5,0,144,2311,32,0,2343
,14,The Protection of Civil Rights Act for Crimes against STs,15,0,0,15,0,0,0,0,0,0,0,0,0,0,0,0,0,0,0,0,0,0,0,0,0,0,0,0,0,0,0,0,0,0,0,0,0,0,0,0,0,0,0,0,0,0,0,0,0,0,0,0,0,0,0,0,220,4,0,224,220,4,0,224,0,0,0,0,0,0,0,0,0,0,0,0,0,0,0,0,0,0,0,0,0,0,0,0,0,0,0,0,2,0,0,2,1,0,0,1,5,1,0,6,8,1,0,9,212,3,0,215
,C,Scheduled Castes and Scheduled Tribes – Related Acts,4020,230,0,4250,842,34,0,876,5533,202,0,5735,6375,236,0,6611,1,0,0,1,2,0,0,2,20,3,0,23,1148,89,0,1237,1168,92,0,1260,5204,144,0,5348,751,70,0,821,7332,224,0,7556,2198,175,0,2373,9530,399,0,9929,104966,2746,0,107712,114496,3145,0,117641,10,1,0,11,12,0,0,12,0,0,0,0,0,0,0,0,35,4,0,39,57,5,0,62,6,0,0,6,1895,98,0,1993,117,14,0,131,3996,207,0,4203,6008,319,0,6327,108431,2821,0,111252
,15,The Prevention of Damage to Public Property Act,3430,47,0,3477,1000,2,0,1002,5426,42,0,5468,6426,44,0,6470,8,0,0,8,2,0,0,2,311,7,0,318,1908,24,0,1932,2219,31,0,2250,4197,13,0,4210,407,1,0,408,5859,39,0,5898,1569,20,0,1589,7428,59,0,7487,44583,695,1,45279,52011,754,1,52766,5,0,0,5,32,0,0,32,47,0,0,47,0,0,0,0,10,0,0,10,94,0,0,94,7,0,0,7,1727,21,0,1748,101,3,0,104,1493,43,0,1536,3321,67,0,3388,48596,687,1,49284
,16,The Unlawful Activities (P) Act,331,2,0,333,1102,2,0,1104,1508,24,0,1532,2610,26,0,2636,1,0,0,1,9,0,0,9,23,0,0,23,731,5,0,736,754,5,0,759,1846,21,0,1867,340,2,0,342,2118,7,0,2125,59,2,0,61,2177,9,0,2186,7250,24,0,7274,9427,33,0,9460,164,2,0,166,0,0,0,0,51,0,0,51,0,0,0,0,2,0,0,2,217,2,0,219,0,0,0,0,41,0,0,41,15,0,0,15,172,0,0,172,228,0,0,228,8982,31,0,9013
,17,The Official Secrets Act,21,0,0,21,10,0,0,10,38,0,0,38,48,0,0,48,0,0,0,0,1,0,0,1,0,0,0,0,4,0,0,4,4,0,0,4,43,0,0,43,0,0,0,0,28,0,0,28,22,0,0,22,50,0,0,50,215,7,0,222,265,7,0,272,0,0,0,0,0,0,0,0,0,0,0,0,0,0,0,0,0,0,0,0,0,0,0,0,0,0,0,0,0,0,0,0,1,0,0,1,2,0,0,2,3,0,0,3,262,7,0,269
,D,Offences against State - Related Acts,3782,49,0,3831,2112,4,0,2116,6972,66,0,7038,9084,70,0,9154,9,0,0,9,12,0,0,12,334,7,0,341,2643,29,0,2672,2977,36,0,3013,6086,34,0,6120,747,3,0,750,8005,46,0,8051,1650,22,0,1672,9655,68,0,9723,52048,726,1,52775,61703,794,1,62498,169,2,0,171,32,0,0,32,98,0,0,98,0,0,0,0,12,0,0,12,311,2,0,313,7,0,0,7,1768,21,0,1789,117,3,0,120,1667,43,0,1710,3552,67,0,3619,57840,725,1,58566
,18,The Arms Act,9593,34,0,9627,7882,11,0,7893,77775,50,0,77825,85657,61,0,85718,33,0,0,33,33,0,0,33,293,0,0,293,17966,26,0,17992,18259,26,0,18285,67332,35,0,67367,2911,1,0,2912,80622,62,0,80684,7428,23,0,7451,88050,85,0,88135,513604,1391,0,514995,601654,1476,0,603130,408,0,0,408,36,0,0,36,50,0,0,50,0,0,0,0,326,2,0,328,820,2,0,822,217,0,0,217,21436,4,0,21440,2407,0,0,2407,9471,8,0,9479,33314,12,0,33326,567520,1462,0,568982
,,18.1 Fire Arms,2449,18,0,2467,6215,5,0,6220,54749,40,0,54789,60964,45,0,61009,20,0,0,20,30,0,0,30,51,0,0,51,11060,19,0,11079,11111,19,0,11130,49803,26,0,49829,1099,1,0,1100,57154,46,0,57200,1985,14,0,1999,59139,60,0,59199,354122,249,0,354371,413261,309,0,413570,216,0,0,216,19,0,0,19,4,0,0,4,0,0,0,0,11,0,0,11,250,0,0,250,182,0,0,182,13884,0,0,13884,933,0,0,933,5329,7,0,5336,20146,7,0,20153,392865,302,0,393167
,,18.1A Legal/Licensed Arms,47,1,0,48,66,0,0,66,323,2,0,325,389,2,0,391,0,0,0,0,0,0,0,0,3,0,0,3,157,2,0,159,160,2,0,162,229,0,0,229,16,0,0,16,350,2,0,352,23,1,0,24,373,3,0,376,9867,8,0,9875,10240,11,0,10251,3,0,0,3,2,0,0,2,0,0,0,0,0,0,0,0,3,0,0,3,8,0,0,8,0,0,0,0,82,0,0,82,2,0,0,2,51,0,0,51,135,0,0,135,10097,11,0,10108
,,18.1B Illegal/Unlicensed Arms,2402,17,0,2419,6149,5,0,6154,54426,38,0,54464,60575,43,0,60618,20,0,0,20,30,0,0,30,48,0,0,48,10903,17,0,10920,10951,17,0,10968,49574,26,0,49600,1083,1,0,1084,56804,44,0,56848,1962,13,0,1975,58766,57,0,58823,344255,241,0,344496,403021,298,0,403319,213,0,0,213,17,0,0,17,4,0,0,4,0,0,0,0,8,0,0,8,242,0,0,242,182,0,0,182,13802,0,0,13802,931,0,0,931,5278,7,0,5285,20011,7,0,20018,382768,291,0,383059
,,18.2 Other Arms,7144,16,0,7160,1667,6,0,1673,23026,10,0,23036,24693,16,0,24709,13,0,0,13,3,0,0,3,242,0,0,242,6906,7,0,6913,7148,7,0,7155,17529,9,0,17538,1812,0,0,1812,23468,16,0,23484,5443,9,0,5452,28911,25,0,28936,159482,1142,0,160624,188393,1167,0,189560,192,0,0,192,17,0,0,17,46,0,0,46,0,0,0,0,315,2,0,317,570,2,0,572,35,0,0,35,7552,4,0,7556,1474,0,0,1474,4142,1,0,4143,13168,5,0,13173,174655,1160,0,175815
,19,The Explosives Act,779,13,0,792,560,7,0,567,2136,12,0,2148,2696,19,0,2715,1,0,0,1,0,0,0,0,275,1,0,276,802,4,0,806,1077,5,0,1082,1618,14,0,1632,73,0,0,73,2582,19,3,2604,316,1,0,317,2898,20,3,2921,16818,93,0,16911,19716,113,3,19832,13,0,0,13,3,0,0,3,1,0,0,1,0,0,0,0,1,0,0,1,18,0,0,18,3,0,0,3,1219,1,0,1220,71,0,0,71,395,8,0,403,1685,9,0,1694,18013,104,3,18120
,20,The Explosive Substances Act,515,17,0,532,930,11,0,941,2098,11,0,2109,3028,22,0,3050,0,0,0,0,34,0,0,34,109,4,0,113,966,13,0,979,1075,17,0,1092,1919,5,0,1924,96,0,0,96,2569,19,0,2588,233,0,0,233,2802,19,0,2821,23133,114,0,23247,25935,133,0,26068,26,0,0,26,0,0,0,0,14,0,0,14,2,0,0,2,4,0,0,4,46,0,0,46,3,0,0,3,581,2,0,583,11,0,0,11,376,1,0,377,968,3,0,971,24921,130,0,25051
,E,Arms/Explosive - Related Acts,10887,64,0,10951,9372,29,0,9401,82009,73,0,82082,91381,102,0,91483,34,0,0,34,67,0,0,67,677,5,0,682,19734,43,0,19777,20411,48,0,20459,70869,54,0,70923,3080,1,0,3081,85773,100,3,85876,7977,24,0,8001,93750,124,3,93877,553555,1598,0,555153,647305,1722,3,649030,447,0,0,447,39,0,0,39,65,0,0,65,2,0,0,2,331,2,0,333,884,2,0,886,223,0,0,223,23236,7,0,23243,2489,0,0,2489,10242,17,0,10259,35967,24,0,35991,610454,1696,3,612153
,21,The Information Technology Act,8498,125,0,8623,4123,38,0,4161,9336,209,1,9546,13459,247,1,13707,2,0,0,2,5,0,0,5,125,5,0,130,2983,159,0,3142,3108,164,0,3272,10344,83,1,10428,2614,14,0,2628,10586,155,0,10741,3923,142,0,4065,14509,297,0,14806,41612,1110,3,42725,56121,1407,3,57531,8,0,0,8,0,0,0,0,3074,145,0,3219,6,3,0,9,18,1,0,19,3106,149,0,3255,6,0,0,6,791,2,0,793,138,0,0,138,830,23,0,853,1759,25,0,1784,51256,1233,3,52492
,22,The Copy Right Act,542,16,0,558,428,2,0,430,1852,12,0,1864,2280,14,0,2294,0,0,0,0,1,0,0,1,174,0,0,174,1133,5,0,1138,1307,5,0,1312,972,9,0,981,83,13,0,96,1951,3,0,1954,363,8,0,371,2314,11,0,2325,39612,106,0,39718,41926,117,0,42043,9,0,0,9,2,0,0,2,45,0,0,45,2,0,0,2,0,0,0,0,58,0,0,58,17,0,0,17,646,0,0,646,49,0,0,49,879,1,0,880,1574,1,0,1575,40294,116,0,40410
,23,The Trade Marks Act,56,0,0,56,30,0,0,30,148,0,0,148,178,0,0,178,0,0,0,0,0,0,0,0,5,0,0,5,46,0,0,46,51,0,0,51,127,0,0,127,22,0,0,22,147,0,0,147,9,0,0,9,156,0,0,156,1125,1,0,1126,1281,1,0,1282,0,0,0,0,0,0,0,0,0,0,0,0,0,0,0,0,0,0,0,0,0,0,0,0,0,0,0,0,12,0,0,12,0,0,0,0,10,0,0,10,22,0,0,22,1259,1,0,1260
,F,Information Technology/Intellectual Property – Related Acts,9096,141,0,9237,4581,40,0,4621,11336,221,1,11558,15917,261,1,16179,2,0,0,2,6,0,0,6,304,5,0,309,4162,164,0,4326,4466,169,0,4635,11443,92,1,11536,2719,27,0,2746,12684,158,0,12842,4295,150,0,4445,16979,308,0,17287,82349,1217,3,83569,99328,1525,3,100856,17,0,0,17,2,0,0,2,3119,145,0,3264,8,3,0,11,18,1,0,19,3164,149,0,3313,23,0,0,23,1449,2,0,1451,187,0,0,187,1719,24,0,1743,3355,26,0,3381,92809,1350,3,94162
,24,The Lotteries (Regulation) Act,795,2,0,797,1131,0,0,1131,5456,11,0,5467,6587,11,0,6598,0,0,0,0,0,0,0,0,3041,8,0,3049,2504,3,0,2507,5545,11,0,5556,1042,0,0,1042,19,0,0,19,5473,5,0,5478,143,0,0,143,5616,5,0,5621,8528,15,0,8543,14144,20,0,14164,4,0,0,4,0,0,0,0,6,0,0,6,0,0,0,0,0,0,0,0,10,0,0,10,2,0,0,2,3697,6,0,3703,53,1,0,54,216,0,0,216,3966,7,0,3973,10168,13,0,10181
,25,The Chit Funds Acts,35,9,0,44,18,5,0,23,50,8,0,58,68,13,0,81,0,0,0,0,0,0,0,0,0,0,0,0,22,9,0,31,22,9,0,31,46,4,0,50,0,0,0,0,72,14,0,86,5,0,0,5,77,14,0,91,828,28,0,856,905,42,0,947,0,0,0,0,0,0,0,0,2,0,0,2,0,0,0,0,2,0,0,2,4,0,0,4,1,0,0,1,62,0,0,62,0,0,0,0,4,0,0,4,66,0,0,66,835,42,0,877
,26,The Negotiable Instruments Act,11,2,0,13,17,0,0,17,15,1,0,16,32,1,0,33,0,0,0,0,0,0,0,0,0,0,0,0,8,1,0,9,8,1,0,9,24,0,0,24,1,0,0,1,32,1,0,33,3,3,0,6,35,4,0,39,260,0,0,260,295,4,0,299,0,0,0,0,0,0,0,0,0,0,0,0,0,0,0,0,0,0,0,0,0,0,0,0,0,0,0,0,0,0,0,0,0,0,0,0,0,0,0,0,0,0,0,0,295,4,0,299
,27,The Benami Transaction (Prohibition) Act,1,0,0,1,0,0,0,0,0,0,0,0,0,0,0,0,0,0,0,0,0,0,0,0,0,0,0,0,0,0,0,0,0,0,0,0,0,0,0,0,0,0,0,0,0,0,0,0,0,0,0,0,0,0,0,0,1,0,0,1,1,0,0,1,0,0,0,0,0,0,0,0,0,0,0,0,0,0,0,0,0,0,0,0,0,0,0,0,0,0,0,0,0,0,0,0,0,0,0,0,0,0,0,0,0,0,0,0,1,0,0,1
,28,The Mines and Minerals (Development and Regulation) Act,5740,15,0,5755,5643,3,0,5646,13813,46,0,13859,19456,49,0,19505,0,0,0,0,0,0,0,0,1254,9,0,1263,11083,39,0,11122,12337,48,0,12385,7119,1,0,7120,680,0,0,680,16186,48,0,16234,3194,3,0,3197,19380,51,0,19431,104051,382,0,104433,123431,433,0,123864,25,0,0,25,40,0,0,40,296,3,0,299,0,0,0,0,13,0,0,13,374,3,0,377,7,0,0,7,5713,16,0,5729,360,0,0,360,2579,2,0,2581,8652,18,0,8670,114405,412,0,114817
,29,Prevention of Corruption Act,112,3,0,115,540,13,0,553,943,33,0,976,1483,46,0,1529,0,0,0,0,0,0,0,0,9,0,0,9,562,17,0,579,571,17,0,588,912,29,0,941,46,0,0,46,903,18,0,921,47,1,0,48,950,19,0,969,11144,218,0,11362,12094,237,0,12331,4,0,0,4,0,0,0,0,0,0,0,0,0,0,0,0,0,0,0,0,4,0,0,4,0,0,0,0,63,0,0,63,24,0,0,24,186,3,0,189,273,3,0,276,11817,234,0,12051
,G,Finance & Economic Acts,6694,31,0,6725,7349,21,0,7370,20277,99,0,20376,27626,120,0,27746,0,0,0,0,0,0,0,0,4304,17,0,4321,14179,69,0,14248,18483,86,0,18569,9143,34,0,9177,746,0,0,746,22666,86,0,22752,3392,7,0,3399,26058,93,0,26151,124812,643,0,125455,150870,736,0,151606,33,0,0,33,40,0,0,40,304,3,0,307,0,0,0,0,15,0,0,15,392,3,0,395,10,0,0,10,9535,22,0,9557,437,1,0,438,2985,5,0,2990,12957,28,0,12985,137521,705,0,138226
,30,Prohibition Act (State),143034,14174,0,157208,62080,4346,0,66426,501637,113977,1,615615,563717,118323,1,682041,22,0,0,22,100,14,0,114,172470,33516,1,205987,290202,79024,0,369226,462672,112540,1,575213,100923,5769,0,106692,4818,165,0,4983,561320,111963,0,673283,105755,8823,0,114578,667075,120786,0,787861,3017129,647759,0,3664888,3684204,768545,0,4452749,1604,41,0,1645,5225,63,0,5288,2143,31,0,2174,0,0,0,0,903,1412,0,2315,9875,1547,0,11422,96,0,0,96,325184,41171,0,366355,18526,1146,0,19672,123950,33168,0,157118,467660,75485,0,543145,3206669,691513,0,3898182
,31,The Excise Act,154924,11634,0,166558,25585,477,0,26062,234630,7373,0,242003,260215,7850,0,268065,34,0,0,34,905,10,0,915,22038,1232,0,23270,67001,1991,0,68992,89039,3223,0,92262,170237,4617,0,174854,20972,1307,0,22279,271127,7738,0,278865,118903,9458,0,128361,390030,17196,0,407226,1019802,32930,0,1052732,1409832,50126,0,1459958,1302,47,0,1349,9199,4,0,9203,3520,126,0,3646,5,0,0,5,611,0,0,611,14637,177,0,14814,336,0,0,336,202077,9684,0,211761,4119,47,0,4166,34611,1208,0,35819,240807,10939,0,251746,1154388,39010,0,1193398
,32,The Narcotic Drugs & Psychotropic Substances Act,20708,311,0,21019,17026,347,0,17373,123634,3799,6,127439,140660,4146,6,144812,14,0,0,14,38,0,0,38,24162,92,0,24254,47155,1607,5,48767,71317,1699,5,73021,69291,2447,1,71739,6002,281,0,6283,121715,2897,7,124619,12600,109,0,12709,134315,3006,7,137328,367861,9164,5,377030,502176,12170,12,514358,388,4,0,392,32,0,0,32,276,0,0,276,1,0,0,1,17,0,0,17,714,4,0,718,128,6,0,134,40187,484,1,40672,2303,17,0,2320,7852,283,0,8135,50342,784,1,51127,451120,11382,11,462513
,,32.1 Possession of drugs for Personal use/Consumption,14804,145,0,14949,9157,145,0,9302,74975,1762,1,76738,84132,1907,1,86040,7,0,0,7,21,0,0,21,23866,80,0,23946,27719,872,1,28592,51585,952,1,52538,32519,955,0,33474,2791,152,0,2943,72938,1263,1,74202,11218,77,0,11295,84156,1340,1,85497,186256,3670,1,189927,270412,5010,2,275424,146,2,0,148,25,0,0,25,157,0,0,157,1,0,0,1,13,0,0,13,342,2,0,344,56,0,0,56,32011,212,1,32224,1892,1,0,1893,3306,126,0,3432,37209,339,1,37549,232861,4669,1,237531
,,32.2 Possession of drugs for Trafficking,5904,166,0,6070,7869,202,0,8071,48659,2037,5,50701,56528,2239,5,58772,7,0,0,7,17,0,0,17,296,12,0,308,19436,735,4,20175,19732,747,4,20483,36772,1492,1,38265,3211,129,0,3340,48777,1634,6,50417,1382,32,0,1414,50159,1666,6,51831,181605,5494,4,187103,231764,7160,10,238934,242,2,0,244,7,0,0,7,119,0,0,119,0,0,0,0,4,0,0,4,372,2,0,374,72,6,0,78,8176,272,0,8448,411,16,0,427,4546,157,0,4703,13133,445,0,13578,218259,6713,10,224982
,H,Liquor & Narcotic Drugs – Related Acts,318666,26119,0,344785,104691,5170,0,109861,859901,125149,7,985057,964592,130319,7,1094918,70,0,0,70,1043,24,0,1067,218670,34840,1,253511,404358,82622,5,486985,623028,117462,6,740496,340451,12833,1,353285,31792,1753,0,33545,954162,122598,7,1076767,237258,18390,0,255648,1191420,140988,7,1332415,4404792,689853,5,5094650,5596212,830841,12,6427065,3294,92,0,3386,14456,67,0,14523,5939,157,0,6096,6,0,0,6,1531,1412,0,2943,25226,1728,0,26954,560,6,0,566,567448,51339,1,618788,24948,1210,0,26158,166413,34659,0,201072,758809,87208,1,846018,4812177,741905,11,5554093
,33,The Forest Act & The Forest Conservation Act,1245,2,0,1247,1102,0,0,1102,2475,2,0,2477,3577,2,0,3579,0,0,0,0,5,0,0,5,20,0,0,20,1448,1,0,1449,1468,1,0,1469,2104,1,0,2105,306,0,0,306,2943,1,0,2944,710,2,0,712,3653,3,0,3656,34261,84,0,34345,37914,87,0,38001,1,0,0,1,3,0,0,3,5,0,0,5,0,0,0,0,0,0,0,0,9,0,0,9,20,0,0,20,873,0,0,873,39,0,0,39,518,1,0,519,1430,1,0,1431,36475,86,0,36561
,34,The Wildlife Protection Act,145,2,0,147,164,1,0,165,757,5,0,762,921,6,0,927,0,0,0,0,5,2,0,7,14,0,0,14,408,1,0,409,422,1,0,423,494,3,0,497,45,0,0,45,794,6,0,800,99,0,0,99,893,6,0,899,7294,46,0,7340,8187,52,0,8239,3,0,0,3,0,0,0,0,7,0,0,7,0,0,0,0,3,0,0,3,13,0,0,13,2,0,0,2,225,0,0,225,27,0,0,27,107,2,0,109,359,2,0,361,7815,50,0,7865
,35,The Environmental (Protection) Act,298,1,0,299,45,0,0,45,160,1,0,161,205,1,0,206,0,0,0,0,0,0,0,0,28,0,0,28,41,0,0,41,69,0,0,69,136,1,0,137,0,0,0,0,177,1,0,178,258,1,0,259,435,2,0,437,3926,14,0,3940,4361,16,0,4377,0,0,0,0,0,0,0,0,0,0,0,0,0,0,0,0,0,0,0,0,0,0,0,0,0,0,0,0,42,0,0,42,0,0,0,0,35,0,0,35,77,0,0,77,4284,16,0,4300
,36,The Air & The Water (Prevention & Control of Pollution) Act,26,0,0,26,3,0,0,3,93,0,0,93,96,0,0,96,0,0,0,0,0,0,0,0,22,0,0,22,38,0,0,38,60,0,0,60,36,0,0,36,0,0,0,0,67,0,0,67,27,0,0,27,94,0,0,94,1233,3,0,1236,1327,3,0,1330,0,0,0,0,0,0,0,0,0,0,0,0,0,0,0,0,0,0,0,0,0,0,0,0,0,0,0,0,77,0,0,77,16,0,0,16,10,0,0,10,103,0,0,103,1224,3,0,1227
,37,The Cigarette and Other Tobacco Products Act,8598,81,0,8679,5595,8,0,5603,38627,1353,0,39980,44222,1361,0,45583,1,0,0,1,9,0,0,9,25704,1046,0,26750,10208,160,0,10368,35912,1206,0,37118,8300,155,0,8455,1203,25,0,1228,38529,830,0,39359,5392,15,0,5407,43921,845,0,44766,57904,653,0,58557,101825,1498,0,103323,22,0,0,22,11,1,0,12,473,2,0,475,0,0,0,0,42,0,0,42,548,3,0,551,5,0,0,5,42358,624,0,42982,208,5,0,213,857,7,0,864,43423,636,0,44059,57854,859,0,58713
,38,Noise Pollution Acts,1988,0,0,1988,4,1,0,5,6294,0,0,6294,6298,1,0,6299,0,0,0,0,0,0,0,0,1558,0,0,1558,3680,0,0,3680,5238,0,0,5238,1060,1,0,1061,630,0,0,630,4658,1,0,4659,3667,0,0,3667,8325,1,0,8326,7990,2,0,7992,16315,3,0,16318,0,0,0,0,13,0,0,13,1,0,0,1,0,0,0,0,0,0,0,0,14,0,0,14,0,0,0,0,6314,0,0,6314,6,0,0,6,29,0,0,29,6349,0,0,6349,9952,3,0,9955
,39,The National Green Tribunal Act,33,0,0,33,1,0,0,1,2,0,0,2,3,0,0,3,0,0,0,0,0,0,0,0,0,0,0,0,0,0,0,0,0,0,0,0,3,0,0,3,0,0,0,0,2,0,0,2,1,0,0,1,3,0,0,3,499,10,0,509,502,10,0,512,0,0,0,0,0,0,0,0,0,0,0,0,0,0,0,0,0,0,0,0,0,0,0,0,0,0,0,0,8,0,0,8,0,0,0,0,5,0,0,5,13,0,0,13,489,10,0,499
,I,Environment & Pollution– Related Acts,12333,86,0,12419,6914,10,0,6924,48408,1361,0,49769,55322,1371,0,56693,1,0,0,1,19,2,0,21,27346,1046,0,28392,15823,162,0,15985,43169,1208,0,44377,12133,161,0,12294,2184,25,0,2209,47170,839,0,48009,10154,18,0,10172,57324,857,0,58181,113107,812,0,113919,170431,1669,0,172100,26,0,0,26,27,1,0,28,486,2,0,488,0,0,0,0,45,0,0,45,584,3,0,587,27,0,0,27,49897,624,0,50521,296,5,0,301,1561,10,0,1571,51754,639,0,52393,118093,1027,0,119120
,40,The Registration of Foreigners Act & The Foreigners Act,399,50,0,449,161,9,0,170,2329,586,1,2916,2490,595,1,3086,0,0,0,0,0,0,0,0,0,1,0,1,191,72,0,263,191,73,0,264,2299,522,1,2822,5,4,0,9,2011,260,0,2271,53,2,0,55,2064,262,0,2326,13803,918,0,14721,15867,1180,0,17047,1,0,0,1,1,0,0,1,0,0,0,0,0,0,0,0,0,0,0,0,2,0,0,2,4,0,0,4,396,51,0,447,11,0,0,11,88,14,0,102,495,65,0,560,15370,1115,0,16485
,41,The Passport Act,180,0,0,180,200,8,0,208,646,112,0,758,846,120,0,966,0,0,0,0,1,0,0,1,10,0,0,10,497,63,0,560,507,63,0,570,338,57,0,395,16,0,0,16,661,83,0,744,106,0,0,106,767,83,0,850,7888,829,1,8718,8655,912,1,9568,4,0,0,4,2,1,0,3,2,0,0,2,0,0,0,0,0,2,0,2,8,3,0,11,1,0,0,1,211,39,0,250,6,0,0,6,109,3,0,112,326,42,0,368,8321,867,1,9189
,42,The Emigration Act,16,1,0,17,18,1,0,19,112,21,0,133,130,22,0,152,0,0,0,0,0,0,0,0,1,0,0,1,78,13,0,91,79,13,0,92,51,9,0,60,3,0,0,3,93,6,0,99,7,0,0,7,100,6,0,106,404,16,0,420,504,22,0,526,0,0,0,0,1,0,0,1,0,0,0,0,0,0,0,0,1,0,0,1,2,0,0,2,2,0,0,2,1,0,0,1,0,0,0,0,20,0,0,20,21,0,0,21,481,22,0,503
,43,The Citizenship Act,1,0,0,1,0,0,0,0,0,0,0,0,0,0,0,0,0,0,0,0,0,0,0,0,0,0,0,0,0,0,0,0,0,0,0,0,0,0,0,0,0,0,0,0,1,0,0,1,0,0,0,0,1,0,0,1,42,1,0,43,43,1,0,44,0,0,0,0,0,0,0,0,0,0,0,0,0,0,0,0,0,0,0,0,0,0,0,0,0,0,0,0,0,0,0,0,0,0,0,0,2,0,0,2,2,0,0,2,41,1,0,42
,J,Foreigner & Passport – Related Acts,596,51,0,647,379,18,0,397,3087,719,1,3807,3466,737,1,4204,0,0,0,0,1,0,0,1,11,1,0,12,766,148,0,914,777,149,0,926,2688,588,1,3277,24,4,0,28,2766,349,0,3115,166,2,0,168,2932,351,0,3283,22137,1764,1,23902,25069,2115,1,27185,5,0,0,5,4,1,0,5,2,0,0,2,0,0,0,0,1,2,0,3,12,3,0,15,7,0,0,7,608,90,0,698,17,0,0,17,219,17,0,236,844,107,0,951,24213,2005,1,26219
,44,The Indian Railways Act,26,0,0,26,71,0,0,71,260,3,0,263,331,3,0,334,0,0,0,0,0,0,0,0,0,0,0,0,19,1,0,20,19,1,0,20,312,2,0,314,12,0,0,12,251,0,0,251,0,0,0,0,251,0,0,251,6095,7,0,6102,6346,7,0,6353,2,0,0,2,8,0,0,8,0,0,0,0,0,0,0,0,0,0,0,0,10,0,0,10,0,0,0,0,106,0,0,106,3,0,0,3,21,0,0,21,130,0,0,130,6206,7,0,6213
,45,The Railway Property (Unlawful Possession) Act,1,0,0,1,0,0,0,0,0,0,0,0,0,0,0,0,0,0,0,0,0,0,0,0,0,0,0,0,0,0,0,0,0,0,0,0,0,0,0,0,0,0,0,0,0,0,0,0,0,0,0,0,0,0,0,0,19,0,0,19,19,0,0,19,0,0,0,0,0,0,0,0,0,0,0,0,0,0,0,0,0,0,0,0,0,0,0,0,0,0,0,0,3,0,0,3,0,0,0,0,0,0,0,0,3,0,0,3,16,0,0,16
,K,Railways – Related Acts,27,0,0,27,71,0,0,71,260,3,0,263,331,3,0,334,0,0,0,0,0,0,0,0,0,0,0,0,19,1,0,20,19,1,0,20,312,2,0,314,12,0,0,12,251,0,0,251,0,0,0,0,251,0,0,251,6114,7,0,6121,6365,7,0,6372,2,0,0,2,8,0,0,8,0,0,0,0,0,0,0,0,0,0,0,0,10,0,0,10,0,0,0,0,109,0,0,109,3,0,0,3,21,0,0,21,133,0,0,133,6222,7,0,6229
,46,The Indian Telegraph Act,8,0,0,8,0,0,0,0,29,0,0,29,29,0,0,29,0,0,0,0,0,0,0,0,0,0,0,0,12,0,0,12,12,0,0,12,17,0,0,17,1,0,0,1,24,0,0,24,2,0,0,2,26,0,0,26,131,1,0,132,157,1,0,158,0,0,0,0,0,0,0,0,0,0,0,0,0,0,0,0,0,0,0,0,0,0,0,0,0,0,0,0,3,0,0,3,0,0,0,0,1,0,0,1,4,0,0,4,153,1,0,154
,47,The Telegraph Wire (Unlawful Possession) Act,0,0,0,0,0,0,0,0,1,0,0,1,1,0,0,1,0,0,0,0,0,0,0,0,0,0,0,0,0,0,0,0,0,0,0,0,1,0,0,1,0,0,0,0,1,0,0,1,0,0,0,0,1,0,0,1,4,0,0,4,5,0,0,5,0,0,0,0,0,0,0,0,0,0,0,0,0,0,0,0,0,0,0,0,0,0,0,0,0,0,0,0,0,0,0,0,0,0,0,0,0,0,0,0,0,0,0,0,5,0,0,5
,48,The Cinematograph Act,14,0,0,14,0,0,0,0,0,0,0,0,0,0,0,0,0,0,0,0,0,0,0,0,0,0,0,0,0,0,0,0,0,0,0,0,0,0,0,0,0,0,0,0,6,0,0,6,9,0,0,9,15,0,0,15,60,0,0,60,75,0,0,75,0,0,0,0,0,0,0,0,0,0,0,0,0,0,0,0,0,0,0,0,0,0,0,0,1,0,0,1,6,0,0,6,0,0,0,0,0,0,0,0,6,0,0,6,69,0,0,69
,49,The Cable Television Networks (Regulation) Act,0,0,0,0,0,0,0,0,0,0,0,0,0,0,0,0,0,0,0,0,0,0,0,0,0,0,0,0,0,0,0,0,0,0,0,0,0,0,0,0,0,0,0,0,0,0,0,0,0,0,0,0,0,0,0,0,120,0,0,120,120,0,0,120,0,0,0,0,0,0,0,0,0,0,0,0,0,0,0,0,0,0,0,0,0,0,0,0,0,0,0,0,0,0,0,0,0,0,0,0,0,0,0,0,0,0,0,0,120,0,0,120
,L,Telegraph/Cinematograph Acts,22,0,0,22,0,0,0,0,30,0,0,30,30,0,0,30,0,0,0,0,0,0,0,0,0,0,0,0,12,0,0,12,12,0,0,12,18,0,0,18,1,0,0,1,31,0,0,31,11,0,0,11,42,0,0,42,315,1,0,316,357,1,0,358,0,0,0,0,0,0,0,0,0,0,0,0,0,0,0,0,0,0,0,0,0,0,0,0,1,0,0,1,9,0,0,9,0,0,0,0,1,0,0,1,10,0,0,10,347,1,0,348
,50,The Essential Commodities Act,2675,39,0,2714,2301,9,0,2310,4748,66,0,4814,7049,75,0,7124,0,0,0,0,15,0,0,15,430,10,0,440,3199,21,0,3220,3629,31,0,3660,3405,44,0,3449,291,0,0,291,6648,90,2,6740,1481,15,0,1496,8129,105,2,8236,80267,544,0,80811,88396,649,2,89047,22,0,0,22,4,0,0,4,16,0,0,16,0,0,0,0,25,0,0,25,67,0,0,67,4,0,0,4,1146,10,0,1156,147,0,0,147,1695,11,0,1706,2988,21,0,3009,85341,628,2,85971
,51,The Prevention of Food Adulteration Act,13,0,0,13,7,0,0,7,28,1,0,29,35,1,0,36,0,0,0,0,0,0,0,0,0,0,0,0,27,1,0,28,27,1,0,28,8,0,0,8,3,0,0,3,31,1,0,32,11,0,0,11,42,1,0,43,354,5,0,359,396,6,0,402,0,0,0,0,0,0,0,0,0,0,0,0,0,0,0,0,0,0,0,0,0,0,0,0,0,0,0,0,2,0,0,2,0,0,0,0,11,0,0,11,13,0,0,13,383,6,0,389
,52,The Food Safety & Standards Act,180,0,0,180,299,2,0,301,208,0,0,208,507,2,0,509,0,0,0,0,0,0,0,0,0,0,0,0,349,0,0,349,349,0,0,349,158,2,0,160,0,0,0,0,510,4,0,514,103,0,0,103,613,4,0,617,1923,4,0,1927,2536,8,0,2544,1,0,0,1,0,0,0,0,0,0,0,0,0,0,0,0,3,0,0,3,4,0,0,4,0,0,0,0,327,2,0,329,24,0,0,24,202,0,0,202,553,2,0,555,1979,6,0,1985
,M,"Food, Drugs and Essential Commodities Acts",2868,39,0,2907,2607,11,0,2618,4984,67,0,5051,7591,78,0,7669,0,0,0,0,15,0,0,15,430,10,0,440,3575,22,0,3597,4005,32,0,4037,3571,46,0,3617,294,0,0,294,7189,95,2,7286,1595,15,0,1610,8784,110,2,8896,82544,553,0,83097,91328,663,2,91993,23,0,0,23,4,0,0,4,16,0,0,16,0,0,0,0,28,0,0,28,71,0,0,71,4,0,0,4,1475,12,0,1487,171,0,0,171,1908,11,0,1919,3554,23,0,3577,87703,640,2,88345
,53,MCOCA/Control of Organised Crimes,12,0,0,12,44,0,0,44,61,1,0,62,105,1,0,106,0,0,0,0,0,0,0,0,0,0,0,0,9,1,0,10,9,1,0,10,96,0,0,96,0,0,0,0,94,1,0,95,0,0,0,0,94,1,0,95,924,8,0,932,1018,9,0,1027,0,0,0,0,0,0,0,0,0,0,0,0,0,0,0,0,0,0,0,0,0,0,0,0,2,0,0,2,8,0,0,8,0,0,0,0,4,0,0,4,12,0,0,12,1006,9,0,1015
,54,The Gambling Act,196550,1303,0,197853,16498,56,0,16554,300007,2006,0,302013,316505,2062,0,318567,6,0,0,6,10,0,0,10,93876,568,0,94444,96142,1050,0,97192,190018,1618,0,191636,126471,444,0,126915,17296,19,0,17315,330853,2408,0,333261,123778,807,0,124585,454631,3215,0,457846,1701028,7443,0,1708471,2155659,10658,0,2166317,195,0,0,195,400,0,0,400,1314,26,0,1340,81,0,0,81,695,0,0,695,2685,26,0,2711,233,17,0,250,309997,1318,0,311315,7126,13,0,7139,45986,702,0,46688,363109,2033,0,365142,1789865,8599,0,1798464
,55,The Electricity Act,173909,11647,0,185556,15380,207,0,15587,57470,737,0,58207,72850,944,0,73794,0,0,0,0,2,0,0,2,1387,118,0,1505,12795,128,0,12923,14182,246,0,14428,58666,698,0,59364,26130,1399,0,27529,50975,826,0,51801,92715,7094,0,99809,143690,7920,0,151610,327297,3079,0,330376,470987,10999,0,481986,2080,14,0,2094,6,0,0,6,80102,6849,0,86951,896,0,0,896,143,1,0,144,83227,6864,0,90091,0,0,0,0,9275,53,0,9328,180,0,0,180,6950,54,0,7004,16405,107,0,16512,371355,4028,0,375383
,56,The Antiques and Art Treasures Act,55,0,0,55,25,0,0,25,13,0,0,13,38,0,0,38,0,0,0,0,0,0,0,0,1,0,0,1,30,0,0,30,31,0,0,31,7,0,0,7,0,0,0,0,34,0,0,34,2,0,0,2,36,0,0,36,800,0,0,800,836,0,0,836,0,0,0,0,0,0,0,0,0,0,0,0,0,0,0,0,4,0,0,4,4,0,0,4,0,0,0,0,0,0,0,0,11,0,0,11,67,0,0,67,78,0,0,78,754,0,0,754
,57,The Representation of the People Act,79,3,0,82,37,0,0,37,287,1,0,288,324,1,0,325,0,0,0,0,0,0,0,0,10,0,0,10,134,1,0,135,144,1,0,145,180,0,0,180,10,0,0,10,235,0,0,235,32,2,0,34,267,2,0,269,4895,73,0,4968,5162,75,0,5237,0,0,0,0,0,0,0,0,2,0,0,2,1,0,0,1,2,0,0,2,5,0,0,5,0,0,0,0,46,0,0,46,0,0,0,0,110,1,0,111,156,1,0,157,5001,74,0,5075
,58,The Bonded Labour System (Abolition) Act,904,8,0,912,58,0,0,58,1855,112,0,1967,1913,112,0,2025,0,0,0,0,0,0,0,0,0,0,0,0,114,3,0,117,114,3,0,117,1799,109,0,1908,227,2,0,229,1826,121,0,1947,1587,0,0,1587,3413,121,0,3534,8489,118,0,8607,11902,239,0,12141,1,0,0,1,0,0,0,0,0,0,0,0,0,0,0,0,2,0,0,2,3,0,0,3,0,0,0,0,1351,11,0,1362,1,0,0,1,83,0,0,83,1435,11,0,1446,10464,228,0,10692
,,58.1 For Crimes against SCs,869,4,0,873,35,0,0,35,1731,109,0,1840,1766,109,0,1875,0,0,0,0,0,0,0,0,0,0,0,0,30,1,0,31,30,1,0,31,1736,108,0,1844,222,2,0,224,1700,112,0,1812,1584,0,0,1584,3284,112,0,3396,6737,104,0,6841,10021,216,0,10237,1,0,0,1,0,0,0,0,0,0,0,0,0,0,0,0,2,0,0,2,3,0,0,3,0,0,0,0,1350,10,0,1360,1,0,0,1,80,0,0,80,1431,10,0,1441,8587,206,0,8793
,,58.2 For Crimes against STs,13,4,0,17,9,0,0,9,47,2,0,49,56,2,0,58,0,0,0,0,0,0,0,0,0,0,0,0,34,1,0,35,34,1,0,35,22,1,0,23,0,0,0,0,54,8,0,62,3,0,0,3,57,8,0,65,1211,5,0,1216,1268,13,0,1281,0,0,0,0,0,0,0,0,0,0,0,0,0,0,0,0,0,0,0,0,0,0,0,0,0,0,0,0,0,0,0,0,0,0,0,0,0,0,0,0,0,0,0,0,1268,13,0,1281
,,58.3 Against others,22,0,0,22,14,0,0,14,77,1,0,78,91,1,0,92,0,0,0,0,0,0,0,0,0,0,0,0,50,1,0,51,50,1,0,51,41,0,0,41,5,0,0,5,72,1,0,73,0,0,0,0,72,1,0,73,541,9,0,550,613,10,0,623,0,0,0,0,0,0,0,0,0,0,0,0,0,0,0,0,0,0,0,0,0,0,0,0,0,0,0,0,1,1,0,2,0,0,0,0,3,0,0,3,4,1,0,5,609,9,0,618
,59,The Prevention of Insults to National Honour Act,33,0,0,33,6,0,0,6,56,0,0,56,62,0,0,62,0,0,0,0,0,0,0,0,4,0,0,4,24,0,0,24,28,0,0,28,34,0,0,34,5,0,0,5,53,0,0,53,14,0,0,14,67,0,0,67,379,18,0,397,446,18,0,464,0,0,0,0,0,0,0,0,0,0,0,0,0,0,0,0,0,0,0,0,0,0,0,0,0,0,0,0,0,0,0,0,0,0,0,0,4,1,0,5,4,1,0,5,442,17,0,459
,60,Defacement of Public Property Acts,1320,22,0,1342,422,33,0,455,2158,38,0,2196,2580,71,0,2651,0,0,0,0,0,0,0,0,1044,23,0,1067,954,26,0,980,1998,49,0,2047,582,22,0,604,35,0,0,35,2395,67,0,2462,397,11,0,408,2792,78,0,2870,11953,185,0,12138,14745,263,0,15008,7,0,0,7,0,0,0,0,17,0,0,17,0,0,0,0,25,0,0,25,49,0,0,49,1,0,0,1,1576,8,0,1584,38,0,0,38,243,3,0,246,1857,11,0,1868,12839,252,0,13091
,61,The Transplantation of Human Organs Act,0,0,0,0,0,0,0,0,2,0,0,2,2,0,0,2,0,0,0,0,0,0,0,0,0,0,0,0,0,0,0,0,0,0,0,0,2,0,0,2,0,0,0,0,1,0,0,1,0,0,0,0,1,0,0,1,64,1,0,65,65,1,0,66,0,0,0,0,0,0,0,0,0,0,0,0,0,0,0,0,0,0,0,0,0,0,0,0,0,0,0,0,0,0,0,0,0,0,0,0,1,0,0,1,1,0,0,1,64,1,0,65
,62,Transgender Persons (Protection of Rights) Act,0,0,0,0,0,0,0,0,5,0,0,5,5,0,0,5,0,0,0,0,0,0,0,0,0,0,0,0,5,0,0,5,5,0,0,5,0,0,0,0,0,0,0,0,5,0,0,5,0,0,0,0,5,0,0,5,3,0,0,3,8,0,0,8,0,0,0,0,0,0,0,0,0,0,0,0,0,0,0,0,0,0,0,0,0,0,0,0,0,0,0,0,0,0,0,0,0,0,0,0,0,0,0,0,0,0,0,0,8,0,0,8
,63,The Mental Health Act,158,10,0,168,16,0,0,16,23,2,0,25,39,2,0,41,0,0,0,0,0,0,0,0,10,1,0,11,6,0,0,6,16,1,0,17,23,1,0,24,92,1,0,93,12,0,0,12,4,0,0,4,16,0,0,16,19,0,0,19,35,0,0,35,2,0,0,2,0,0,0,0,0,0,0,0,0,0,0,0,0,0,0,0,2,0,0,2,0,0,0,0,1,0,0,1,0,0,0,0,5,0,0,5,6,0,0,6,27,0,0,27
,64,Motor Vehicle Act,25265,5,0,25270,1486,1,0,1487,71157,14,0,71171,72643,15,0,72658,0,0,0,0,0,0,0,0,59823,14,0,59837,12346,1,0,12347,72169,15,0,72184,474,0,0,474,4,0,0,4,80495,14,0,80509,16049,3,0,16052,96544,17,0,96561,393614,104,0,393718,490158,121,0,490279,231,0,0,231,2,0,0,2,35,0,0,35,0,0,0,0,163,0,0,163,431,0,0,431,130,0,0,130,98519,2,0,98521,933,0,0,933,9061,0,0,9061,108513,2,0,108515,381214,119,0,381333
,65,City/Town Police Acts,17201,337,0,17538,2357,10,0,2367,49848,244,0,50092,52205,254,0,52459,1,0,0,1,0,0,0,0,16222,109,0,16331,19527,32,0,19559,35749,141,0,35890,16455,113,0,16568,1126,3,0,1129,52056,468,0,52524,3384,15,0,3399,55440,483,0,55923,160636,2860,0,163496,216076,3343,0,219419,14,0,0,14,66,0,0,66,16,0,0,16,0,0,0,0,10,0,0,10,106,0,0,106,15,0,0,15,47319,396,0,47715,954,0,0,954,2007,4,0,2011,50280,400,0,50680,165690,2943,0,168633
,66,Other State Local Acts,37430,646,0,38076,10851,362,0,11213,99494,2136,1,101631,110345,2498,1,112844,2,0,0,2,8,0,0,8,60670,483,0,61153,33345,1667,1,35013,94015,2150,1,96166,16320,348,0,16668,2278,103,0,2381,111527,1814,0,113341,28591,95,0,28686,140118,1909,0,142027,1014695,16112,1,1030808,1154813,18021,1,1172835,402,1,0,403,326,3,0,329,95,3,0,98,0,0,0,0,133,19,0,152,956,26,0,982,78,0,0,78,171373,322,0,171695,1416,8,0,1424,14452,447,1,14900,187241,777,1,188019,966616,17218,0,983834
,N,Other Regulatory & Enforcement – Acts,452916,13981,0,466897,47180,669,0,47849,582436,5291,1,587728,629616,5960,1,635577,9,0,0,9,20,0,0,20,233047,1316,0,234363,175431,2909,1,178341,408478,4225,1,412704,221109,1735,0,222844,47203,1527,0,48730,630561,5719,0,636280,266553,8027,0,274580,897114,13746,0,910860,3624796,30001,1,3654798,4521910,43747,1,4565658,2932,15,0,2947,800,3,0,803,81581,6878,0,88459,978,0,0,978,1177,20,0,1197,87468,6916,0,94384,459,17,0,476,639465,2110,0,641575,10659,21,0,10680,78973,1212,1,80186,729097,3343,1,732441,3705345,33488,0,3738833
,67,Other SLL Crimes,40219,4069,0,44288,18536,368,0,18904,82087,2024,0,84111,100623,2392,0,103015,1,0,0,1,9,0,0,9,7753,231,0,7984,26905,375,0,27280,34658,606,0,35264,65955,1786,0,67741,4372,366,0,4738,93328,2469,0,95797,21172,466,0,21638,114500,2935,0,117435,1626241,21338,0,1647579,1740741,24273,0,1765014,137,2,0,139,10631,167,0,10798,1087,13,0,1100,38,0,0,38,1492,6,0,1498,13385,188,0,13573,175,0,0,175,50249,702,0,50951,14184,825,0,15009,34116,283,0,34399,98549,1810,0,100359,1628807,22275,0,1651082
,68,Total Cognizable SLL Crimes,890290,49109,9,939408,220949,7830,0,228779,1791601,141520,11,1933132,2012550,149350,11,2161911,266,7,0,273,1360,33,0,1393,493910,37746,1,531657,707966,90950,7,798923,1201876,128696,8,1330580,809048,20614,3,829665,101701,4722,0,106423,1964588,139010,16,2103614,571672,29699,0,601371,2536260,168709,16,2704985,11250905,791415,13,12042333,13787165,960124,29,14747318,7343,113,0,7456,26119,242,0,26361,94007,7309,0,101316,1035,3,0,1038,4933,1498,0,6431,133437,9165,0,142602,1596,39,0,1635,1361301,55556,1,1416858,55070,2117,0,57187,331459,38329,1,369789,1747830,96002,2,1843834,11905898,854957,27,12760882
,69,Total IPC and SLL Crimes,2921744,223947,98,3145789,798595,37161,2,835758,4259763,294487,225,4554475,5058358,331648,227,5390233,1552,20,0,1572,3622,66,0,3688,1005222,75985,54,1081261,1733774,162293,90,1896157,2738996,238278,144,2977418,2314188,93284,83,2407555,434069,20986,12,455067,4930027,310414,249,5240690,1710695,121100,88,1831883,6640722,431514,337,7072573,35617158,1983141,157,37600456,42257880,2414655,494,44673029,18340,315,0,18655,116563,2857,0,119420,347867,29365,3,377235,28446,2687,0,31133,41744,2847,1,44592,552960,38071,4,591035,6671,309,0,6980,2391968,80054,17,2472039,200976,8998,0,209974,1254715,96247,21,1350983,3847659,185299,38,4032996,37857261,2191285,452,40048998
