section,sl_no,State/UT,No. of Cases (3),Air-Crash | No. of Persons Injured | Male,Air-Crash | No. of Persons Injured | Female,Air-Crash | No. of Persons Injured | Total,Air-Crash | No. of Persons Died | Male,Air-Crash | No. of Persons Died | Female,Air-Crash | No. of Persons Died | Total,%Share to Total Deaths (Col. 9/268) 100,No. of Cases (10001),Collapse of Structure (House) | No. of Persons Injured | Male,Collapse of Structure (House) | No. of Persons Injured | Female,Collapse of Structure (House) | No. of Persons Injured | Total,Collapse of Structure (House) | No. of Persons Died | Male,Collapse of Structure (House) | No. of Persons Died | Female,Collapse of Structure (House) | No. of Persons Died | Total,%Share to Total Deaths (Col.16/268) 100,No. of Cases (10002),Collapse of Structure (Building) | No. of Persons Injured | Male,Collapse of Structure (Building) | No. of Persons Injured | Female,Collapse of Structure (Building) | No. of Persons Injured | Total,Collapse of Structure (Building) | No. of Persons Died | Male,Collapse of Structure (Building) | No. of Persons Died | Female,Collapse of Structure (Building) | No. of Persons Died | Total,%Share to Total Deaths (Col.23/268)100,No. of Cases (10003),Collapse of Structure (Dam) | No. of Persons Injured | Male,Collapse of Structure (Dam) | No. of Persons Injured | Female,Collapse of Structure (Dam) | No. of Persons Injured | Total,Collapse of Structure (Dam) | No. of Persons Died | Male,Collapse of Structure (Dam) | No. of Persons Died | Female,Collapse of Structure (Dam) | No. of Persons Died | Total,%Share to Total Deaths (Col.30/268)100,No. of Cases (10004),Collapse of Structure (Bridge) | No. of Persons Injured | Male,Collapse of Structure (Bridge) | No. of Persons Injured | Female,Collapse of Structure (Bridge) | No. of Persons Injured | Total,Collapse of Structure (Bridge) | No. of Persons Died | Male,Collapse of Structure (Bridge) | No. of Persons Died | Female,Collapse of Structure (Bridge) | No. of Persons Died | Total,%Share to Total Deaths (Col.37/268)100,No. of Cases (10005),Collapse of Structure (Other) | No. of Persons Injured | Male,Collapse of Structure (Other) | No. of Persons Injured | Female,Collapse of Structure (Other) | No. of Persons Injured | Total,Collapse of Structure (Other) | No. of Persons Died | Male,Collapse of Structure (Other) | No. of Persons Died | Female,Collapse of Structure (Other) | No. of Persons Died | Total,%Share to Total Deaths (Col.44/268) 100,No. of Persons Injured | No. of Cases,No. of Persons Injured | Male,No. of Persons Injured | Female,No. of Persons Injured | Total,No. of Persons Died | Male,No. of Persons Died | Female,No. of Persons Died | Total,%Share to Total Deaths (10013),No. of Cases (10014),Drowning (Boat Capsize) | No. of Persons Injured | Male,Drowning (Boat Capsize) | No. of Persons Injured | Female,Drowning (Boat Capsize) | No. of Persons Injured | Total,Drowning (Boat Capsize) | No. of Persons Died | Male,Drowning (Boat Capsize) | No. of Persons Died | Female,Drowning (Boat Capsize) | No. of Persons Died | Total,%Share to Total Deaths (Col.51/268)100,No. of Cases (10015),Drowning (Other Cases) | No. of Persons Injured | Male,Drowning (Other Cases) | No. of Persons Injured | Female,Drowning (Other Cases) | No. of Persons Injured | Total,Drowning (Other Cases) | No. of Persons Died | Male,Drowning (Other Cases) | No. of Persons Died | Female,Drowning (Other Cases) | No. of Persons Died | Total,%Share to Total Deaths (Col.58/268)100,No. of Cases (10016),Drowning (Total) | No. of Persons Injured | Male,Drowning (Total) | No. of Persons Injured | Female,Drowning (Total) | No. of Persons Injured | Total,Drowning (Total) | No. of Persons Died | Male,Drowning (Total) | No. of Persons Died | Female,Drowning (Total) | No. of Persons Died | Total,%Share to Total Deaths (10023),No. of Cases (10024),Electrocution | No. of Persons Injured | Male,Electrocution | No. of Persons Injured | Female,Electrocution | No. of Persons Injured | Total,Electrocution | No. of Persons Died | Male,Electrocution | No. of Persons Died | Female,Electrocution | No. of Persons Died | Total,%Share to Total Deaths (Col.65/268) 100,No. of Cases (10025),Explosion (Bomb Explosion) | No. of Persons Injured | Male,Explosion (Bomb Explosion) | No. of Persons Injured | Female,Explosion (Bomb Explosion) | No. of Persons Injured | Total,Explosion (Bomb Explosion) | No. of Persons Died | Male,Explosion (Bomb Explosion) | No. of Persons Died | Female,Explosion (Bomb Explosion) | No. of Persons Died | Total,%Share to Total Deaths (Col.72/268) 100,No. of Cases (10026),"Explosion (Others like Boilers, Gas Cyld. etc.) | No. of Persons Injured | Male","Explosion (Others like Boilers, Gas Cyld. etc.) | No. of Persons Injured | Female","Explosion (Others like Boilers, Gas Cyld. etc.) | No. of Persons Injured | Total","Explosion (Others like Boilers, Gas Cyld. etc.) | No. of Persons Died | Male","Explosion (Others like Boilers, Gas Cyld. etc.) | No. of Persons Died | Female","Explosion (Others like Boilers, Gas Cyld. etc.) | No. of Persons Died | Total",%Share to Total Deaths (Col.79/268) 100,No. of Cases (10027),Explosion (Total) | No. of Persons Injured | Male,Explosion (Total) | No. of Persons Injured | Female,Explosion (Total) | No. of Persons Injured | Total,Explosion (Total) | No. of Persons Died | Male,Explosion (Total) | No. of Persons Died | Female,Explosion (Total) | No. of Persons Died | Total,%Share to Total Deaths (10034),No. of Cases (10035),Fall (from Height) | No. of Persons Injured | Male,Fall (from Height) | No. of Persons Injured | Female,Fall (from Height) | No. of Persons Injured | Total,Fall (from Height) | No. of Persons Died | Male,Fall (from Height) | No. of Persons Died | Female,Fall (from Height) | No. of Persons Died | Total,%Share to Total Deaths (Col.86/268) 100,No. of Cases (10036),Fall (into Pit/Manhole) | No. of Persons Injured | Male,Fall (into Pit/Manhole) | No. of Persons Injured | Female,Fall (into Pit/Manhole) | No. of Persons Injured | Total,Fall (into Pit/Manhole) | No. of Persons Died | Male,Fall (into Pit/Manhole) | No. of Persons Died | Female,Fall (into Pit/Manhole) | No. of Persons Died | Total,%Share to Total Deaths (Col.93/268) 100,No. of Cases (10037),Falls (Total) | No. of Persons Injured | Male,Falls (Total) | No. of Persons Injured | Female,Falls (Total) | No. of Persons Injured | Total,Falls (Total) | No. of Persons Died | Male,Falls (Total) | No. of Persons Died | Female,Falls (Total) | No. of Persons Died | Total,%Share to Total Deaths (10044),No. of Cases (10045),Factory/Machine Accidents | No. of Persons Injured | Male,Factory/Machine Accidents | No. of Persons Injured | Female,Factory/Machine Accidents | No. of Persons Injured | Total,Factory/Machine Accidents | No. of Persons Died | Male,Factory/Machine Accidents | No. of Persons Died | Female,Factory/Machine Accidents | No. of Persons Died | Total,%Share to Total Deaths (Col.100/268) 100,No. of Cases (10046),Fire (Fireworks/Crackers) | No. of Persons Injured | Male,Fire (Fireworks/Crackers) | No. of Persons Injured | Female,Fire (Fireworks/Crackers) | No. of Persons Injured | Total,Fire (Fireworks/Crackers) | No. of Persons Died | Male,Fire (Fireworks/Crackers) | No. of Persons Died | Female,Fire (Fireworks/Crackers) | No. of Persons Died | Total,%Share to Total Deaths (Col.107/268) 100,No. of Cases (10047),Fire (Short-Circuit) | No. of Persons Injured | Male,Fire (Short-Circuit) | No. of Persons Injured | Female,Fire (Short-Circuit) | No. of Persons Injured | Total,Fire (Short-Circuit) | No. of Persons Died | Male,Fire (Short-Circuit) | No. of Persons Died | Female,Fire (Short-Circuit) | No. of Persons Died | Total,%Share to Total Deaths (Col.114/268) 100,No. of Cases (10048),Fire (Cooking Gas Cylinder/Stove Burst) | No. of Persons Injured | Male,Fire (Cooking Gas Cylinder/Stove Burst) | No. of Persons Injured | Female,Fire (Cooking Gas Cylinder/Stove Burst) | No. of Persons Injured | Total,Fire (Cooking Gas Cylinder/Stove Burst) | No. of Persons Died | Male,Fire (Cooking Gas Cylinder/Stove Burst) | No. of Persons Died | Female,Fire (Cooking Gas Cylinder/Stove Burst) | No. of Persons Died | Total,%Share to Total Deaths (Col.121/268)100,No. of Cases (10049),Other Fire Accidents | No. of Persons Injured | Male,Other Fire Accidents | No. of Persons Injured | Female,Other Fire Accidents | No. of Persons Injured | Total,Other Fire Accidents | No. of Persons Died | Male,Other Fire Accidents | No. of Persons Died | Female,Other Fire Accidents | No. of Persons Died | Total,%Share to Total Deaths (Col.128/268) 100,No. of Cases (10050),Fire (Total) | No. of Persons Injured | Male (10051),Fire (Total) | No. of Persons Injured | Female (10052),Fire (Total) | No. of Persons Injured | Total (10053),Fire (Total) | Male,Fire (Total) | No. of Persons Died | Female (10055),Fire (Total) | No. of Persons Died | Total (10056),%Share to Total Deaths (10057),No. of Cases (10058),Fire (Total) | No. of Persons Injured | Male (10059),Fire (Total) | No. of Persons Injured | Female (10060),Fire (Total) | No. of Persons Injured | Total (10061),Fire (Total) | No. of Persons Died | Male,Fire (Total) | No. of Persons Died | Female (10063),Fire (Total) | No. of Persons Died | Total (10064),%Share to Total Deaths (10065),No. of Cases (10066),Fire-Arms | No. of Persons Injured | Male,Fire-Arms | No. of Persons Injured | Female,Fire-Arms | No. of Persons Injured | Total,Fire-Arms | No. of Persons Died | Male,Fire-Arms | No. of Persons Died | Female,Fire-Arms | No. of Persons Died | Total,%Share to Total Deaths (Col.135/268)100,No. of Cases (10067),Sudden Death (Heart Attacks) | No. of Persons Injured | Male,Sudden Death (Heart Attacks) | No. of Persons Injured | Female,Sudden Death (Heart Attacks) | No. of Persons Injured | Total,Sudden Death (Heart Attacks) | No. of Persons Died | Male,Sudden Death (Heart Attacks) | No. of Persons Died | Female,Sudden Death (Heart Attacks) | No. of Persons Died | Total,%Share to Total Deaths (Col.142/268)100,No. of Cases (10068),Sudden Death (Epileptic Fits/Giddiness) | No. of Persons Injured | Male,Sudden Death (Epileptic Fits/Giddiness) | No. of Persons Injured | Female,Sudden Death (Epileptic Fits/Giddiness) | No. of Persons Injured | Total,Sudden Death (Epileptic Fits/Giddiness) | No. of Persons Died | Male,Sudden Death (Epileptic Fits/Giddiness) | No. of Persons Died | Female,Sudden Death (Epileptic Fits/Giddiness) | No. of Persons Died | Total,%Share to Total Deaths (Col.149/268)100,No. of Cases (10069),Sudden Death (Abortion/Child Birth) | No. of Persons Injured | Male,Sudden Death (Abortion/Child Birth) | No. of Persons Injured | Female,Sudden Death (Abortion/Child Birth) | No. of Persons Injured | Total,Sudden Death (Abortion/Child Birth) | No. of Persons Died | Male,Sudden Death (Abortion/Child Birth) | No. of Persons Died | Female,Sudden Death (Abortion/Child Birth) | No. of Persons Died | Total,%Share to Total Deaths (Col.156/268)100,No. of Cases (10070),Sudden Death (Influence of Alcohol) | No. of Persons Injured | Male,Sudden Death (Influence of Alcohol) | No. of Persons Injured | Female,Sudden Death (Influence of Alcohol) | No. of Persons Injured | Total,Sudden Death (Influence of Alcohol) | No. of Persons Died | Male,Sudden Death (Influence of Alcohol) | No. of Persons Died | Female,Sudden Death (Influence of Alcohol) | No. of Persons Died | Total,%Share to Total Deaths (Col.163/268)100,No. of Cases (10071),Sudden Deaths (Total) | No. of Persons Injured | Male (10072),Sudden Deaths (Total) | No. of Persons Injured | Female (10073),Sudden Deaths (Total) | No. of Persons Injured | Total (10074),Sudden Deaths (Total) | No. of Persons Died | Male (10075),Sudden Deaths (Total) | No. of Persons Died | Female (10076),Sudden Deaths (Total) | No. of Persons Died | Total (10077),%Share to Total Deaths (10078),Sudden Deaths (Total) | No. of Cases,Sudden Deaths (Total) | No. of Persons Injured | Male (10080),Sudden Deaths (Total) | No. of Persons Injured | Female (10081),Sudden Deaths (Total) | No. of Persons Injured | Total (10082),Sudden Deaths (Total) | No. of Persons Died | Male (10083),Sudden Deaths (Total) | No. of Persons Died | Female (10084),Sudden Deaths (Total) | No. of Persons Died | Total (10085),Sudden Deaths (Total) | %Share to Total Deaths,No. of Cases (10087),Killed by Animals | No. of Persons Injured | Male,Killed by Animals | No. of Persons Injured | Female,Killed by Animals | No. of Persons Injured | Total,Killed by Animals | No. of Persons Killed | Male,Killed by Animals | No. of Persons Killed | Female,Killed by Animals | No. of Persons Killed | Total,%Share to Total Deaths (Col.170/268)100,No. of Cases (10088),Mines or Quarry Disaster | No. of Persons Injured | Male,Mines or Quarry Disaster | No. of Persons Injured | Female,Mines or Quarry Disaster | No. of Persons Injured | Total,Mines or Quarry Disaster | No. of Persons Died | Male,Mines or Quarry Disaster | No. of Persons Died | Female,Mines or Quarry Disaster | No. of Persons Died | Total,%Share to Total Deaths (Col.177/268)100,No. of Cases (10089),Poisoning (Food/Accidental intake of Insect. etc.) | No. of Persons Injured | Male,Poisoning (Food/Accidental intake of Insect. etc.) | No. of Persons Injured | Female,Poisoning (Food/Accidental intake of Insect. etc.) | No. of Persons Injured | Total,Poisoning (Food/Accidental intake of Insect. etc.) | No. of Persons Died | Male,Poisoning (Food/Accidental intake of Insect. etc.) | No. of Persons Died | Female,Poisoning (Food/Accidental intake of Insect. etc.) | No. of Persons Died | Total,%Share to Total Deaths (Col.184/268)100,No. of Cases (10090),Poisoning (Spurious/Poisonous liquor) | No. of Persons Injured | Male,Poisoning (Spurious/Poisonous liquor) | No. of Persons Injured | Female,Poisoning (Spurious/Poisonous liquor) | No. of Persons Injured | Total,Poisoning (Spurious/Poisonous liquor) | No. of Persons Died | Male,Poisoning (Spurious/Poisonous liquor) | No. of Persons Died | Female,Poisoning (Spurious/Poisonous liquor) | No. of Persons Died | Total,%Share to Total Deaths (Col.191/268)100,No. of Cases (10091),Poisoning (Leakage of gases etc.) | No. of Persons Injured | Male,Poisoning (Leakage of gases etc.) | No. of Persons Injured | Female,Poisoning (Leakage of gases etc.) | No. of Persons Injured | Total,Poisoning (Leakage of gases etc.) | No. of Persons Died | Male,Poisoning (Leakage of gases etc.) | No. of Persons Died | Female,Poisoning (Leakage of gases etc.) | No. of Persons Died | Total,%Share to Total Deaths (Col.198/268) 100,No. of Cases (10092),Poisoning (Snake Bite/Animal Bite) | No. of Persons Injured | Male,Poisoning (Snake Bite/Animal Bite) | No. of Persons Injured | Female,Poisoning (Snake Bite/Animal Bite) | No. of Persons Injured | Total,Poisoning (Snake Bite/Animal Bite) | No. of Persons Died | Male,Poisoning (Snake Bite/Animal Bite) | No. of Persons Died | Female,Poisoning (Snake Bite/Animal Bite) | No. of Persons Died | Total,%Share to Total Deaths (Col.205/268) 100,No. of Cases (10093),Poisoning (Other) | No. of Persons Injured | Male,Poisoning (Other) | No. of Persons Injured | Female,Poisoning (Other) | No. of Persons Injured | Total,Poisoning (Other) | No. of Persons Died | Male,Poisoning (Other) | No. of Persons Died | Female,Poisoning (Other) | No. of Persons Died | Total,%Share to Total Deaths (Col.212/268)100,No. of Cases (10094),Poisoning (Total) | No. of Persons Injured | Male (10095),Poisoning (Total) | No. of Persons Injured | Female (10096),Poisoning (Total) | No. of Persons Injured | Total (10097),Poisoning (Total) | No. of Persons Died | Male (10098),Poisoning (Total) | No. of Persons Died | Female (10099),Poisoning (Total) | No. of Persons Died | Total (10100),% Share to Total Deaths (10101),Poisoning (Total) | No. of Cases,Poisoning (Total) | No. of Persons Injured | Male (10103),Poisoning (Total) | No. of Persons Injured | Female (10104),Poisoning (Total) | No. of Persons Injured | Total (10105),Poisoning (Total) | No. of Persons Died | Male (10106),Poisoning (Total) | No. of Persons Died | Female (10107),Poisoning (Total) | No. of Persons Died | Total (10108),Poisoning (Total) | % Share to Total Deaths,No. of Cases (10110),Stampede | No. of Persons Injured | Male,Stampede | No. of Persons Injured | Female,Stampede | No. of Persons Injured | Total,Stampede | No. of Persons Died | Male,Stampede | No. of Persons Died | Female,Stampede | No. of Persons Died | Total,%Share to Total Deaths (Col.219/268)100,No. of Cases (10111),Suffocation | No. of Persons Injured | Male,Suffocation | No. of Persons Injured | Female,Suffocation | No. of Persons Injured | Total,Suffocation | No. of Persons Died | Male,Suffocation | No. of Persons Died | Female,Suffocation | No. of Persons Died | Total,%Share to Total Deaths (Col.226/268)100,No. of Cases (10112),Traffic Accidents (Road Accidents) | No. of Persons Injured | Male,Traffic Accidents (Road Accidents) | No. of Persons Injured | Female,Traffic Accidents (Road Accidents) | No. of Persons Injured | Total,Traffic Accidents (Road Accidents) | No. of Persons Died | Male,Traffic Accidents (Road Accidents) | No. of Persons Died | Female,Traffic Accidents (Road Accidents) | No. of Persons Died | Total,%Share to Total Deaths (Col.233/268)100,No. of Cases (10113),Traffic Accidents (Rail-Road Accidents) | No. of Persons Injured | Male,Traffic Accidents (Rail-Road Accidents) | No. of Persons Injured | Female,Traffic Accidents (Rail-Road Accidents) | No. of Persons Injured | Total,Traffic Accidents (Rail-Road Accidents) | No. of Persons Died | Male,Traffic Accidents (Rail-Road Accidents) | No. of Persons Died | Female,Traffic Accidents (Rail-Road Accidents) | No. of Persons Died | Total,%Share to Total Deaths (Col.240/268)100,No. of Cases (10114),Traffic Accidents (Other Railway Accidents) | No. of Persons Injured | Male,Traffic Accidents (Other Railway Accidents) | No. of Persons Injured | Female,Traffic Accidents (Other Railway Accidents) | No. of Persons Injured | Total,Traffic Accidents (Other Railway Accidents) | No. of Persons Died | Male,Traffic Accidents (Other Railway Accidents) | No. of Persons Died | Female,Traffic Accidents (Other Railway Accidents) | No. of Persons Died | Total,%Share to Total Deaths (Col.247/268)100,No. of Cases (10115),Traffic Accidents (Total) | No. of Persons Injured | Male,Traffic Accidents (Total) | No. of Persons Injured | Female,Traffic Accidents (Total) | No. of Persons Injured | Total,Traffic Accidents (Total) | No. of Persons Died | Male,Traffic Accidents (Total) | No. of Persons Died | Female,Traffic Accidents (Total) | Total,% Share to Total Deaths (10122),No. of Cases (10123),Other Causes | No. of Persons Injured | Male,Other Causes | No. of Persons Injured | Female,Other Causes | No. of Persons Injured | Total,Other Causes | No. of Persons Died | Male,Other Causes | No. of Persons Died | Female,Other Causes | No. of Persons Died | Total,%Share to Total Deaths (Col.254/268)100,No. of Cases (10124),Causes Not Known | No. of Persons Injured | Male,Causes Not Known | No. of Persons Injured | Female,Causes Not Known | No. of Persons Injured | Total,Causes Not Known | No. of Persons Died | Male,Causes Not Known | No. of Persons Died | Female,Causes Not Known | No. of Persons Died | Total,%Share to Total Deaths (Col.261/268)100,No. of Cases (10125),Total | No. of Persons Injured | Male,Total | No. of Persons Injured | Female,Total | No. of Persons Injured | Total,Total | No. of Persons Killed/Died | Male,Total | No. of Persons Killed/Died | Female,Total | No. of Persons Killed/Died | Total,%age Share,Rate*
STATES:,1,ANDHRA PRADESH,0,0,0,0,0,0,0,0.0,51,2,2,4,37,19,56,0.2,107,4,0,4,84,26,110,0.4,0,0,0,0,0,0,0,0.0,3,0,0,0,3,0,3,0.0,236,19,7,26,187,51,238,0.8,397,25,9,34,311,96,407,1.4,12,2,0,2,13,0,13,0.0,2739,19,9,28,2279,563,2842,9.5,2751,21,9,30,2292,563,2855,9.6,961,2,1,3,810,160,970,3.3,5,1,0,1,5,2,7,0.0,89,5,2,7,51,37,88,0.3,94,6,2,8,56,39,95,0.3,1127,9,5,14,957,170,1127,3.8,124,6,2,8,99,25,124,0.4,1251,15,7,22,1056,195,1251,4.2,38,7,1,8,29,7,36,0.1,5,1,1,2,2,2,4,0.0,345,9,1,10,310,37,347,1.2,441,10,46,56,89,337,426,1.4,1260,18,25,43,505,783,1288,4.3,2051,38,73,111,906,1159,2065,6.9,,,,,,,,,4,0,0,0,1,3,4,0.0,490,0,0,0,368,122,490,1.6,135,0,0,0,85,50,135,0.5,11,0,0,0,0,11,11,0.0,230,0,0,0,220,10,230,0.8,866,0,0,0,673,193,866,2.9,,,,,,,,,29,0,0,0,25,4,29,0.1,9,0,0,0,8,2,10,0.0,274,5,5,10,226,84,310,1.0,76,0,0,0,69,9,78,0.3,2,0,0,0,2,0,2,0.0,750,1,0,1,486,269,755,2.5,1549,32,18,50,1206,368,1574,5.3,2651,38,23,61,1989,730,2719,9.1,,,,,,,,,186,0,0,0,153,33,186,0.6,11,0,0,0,8,4,12,0.0,41066,38536,11006,49542,12528,2630,15158,50.8,675,578,91,669,584,94,678,2.3,1362,0,0,0,1070,300,1370,4.6,43103,39114,11097,50211,14182,3024,17206,57.7,797,21,2,23,624,192,816,2.7,311,1,0,1,239,76,315,1.1,55510,39288,11224,50512,23362,6480,29842,8.1,35.2
STATES:,2,ARUNACHAL PRADESH,0,0,0,0,0,0,0,0.0,1,3,2,5,0,1,1,0.4,0,0,0,0,0,0,0,0.0,0,0,0,0,0,0,0,0.0,1,30,17,47,5,10,15,5.3,5,0,0,0,7,0,7,2.5,7,33,19,52,12,11,23,8.1,0,0,0,0,0,0,0,0.0,17,0,0,0,14,4,18,6.3,17,0,0,0,14,4,18,6.3,8,0,0,0,5,3,8,2.8,0,0,0,0,0,0,0,0.0,0,0,0,0,0,0,0,0.0,0,0,0,0,0,0,0,0.0,23,0,0,0,20,3,23,8.1,1,0,0,0,1,0,1,0.4,24,0,0,0,21,3,24,8.4,1,0,0,0,1,0,1,0.4,0,0,0,0,0,0,0,0.0,5,0,0,0,4,1,5,1.8,0,0,0,0,0,0,0,0.0,7,0,0,0,6,2,8,2.8,12,0,0,0,10,3,13,4.6,,,,,,,,,5,0,0,0,6,0,6,2.1,5,0,0,0,5,0,5,1.8,2,0,0,0,2,0,2,0.7,0,0,0,0,0,0,0,0.0,4,0,0,0,4,0,4,1.4,11,0,0,0,11,0,11,3.9,,,,,,,,,3,0,0,0,3,0,3,1.1,0,0,0,0,0,0,0,0.0,0,0,0,0,0,0,0,0.0,0,0,0,0,0,0,0,0.0,0,0,0,0,0,0,0,0.0,0,0,0,0,0,0,0,0.0,16,0,0,0,13,3,16,5.6,16,0,0,0,13,3,16,5.6,,,,,,,,,0,0,0,0,0,0,0,0.0,0,0,0,0,0,0,0,0.0,263,354,84,438,102,24,126,44.2,0,0,0,0,0,0,0,0.0,0,0,0,0,0,0,0,0.0,263,354,84,438,102,24,126,44.2,21,0,0,0,17,7,24,8.4,12,0,0,0,11,1,12,4.2,400,387,103,490,226,59,285,0.1,20.6
STATES:,3,ASSAM,0,0,0,0,0,0,0,0.0,0,0,0,0,0,0,0,0.0,11,0,0,0,6,5,11,0.2,0,0,0,0,0,0,0,0.0,12,0,0,0,6,6,12,0.3,10,0,0,0,10,0,10,0.2,33,0,0,0,22,11,33,0.7,10,0,0,0,6,4,10,0.2,333,0,0,0,271,87,358,7.5,343,0,0,0,277,91,368,7.7,98,0,0,0,90,9,99,2.1,0,0,0,0,0,0,0,0.0,0,0,0,0,0,0,0,0.0,0,0,0,0,0,0,0,0.0,37,0,0,0,37,0,37,0.8,1,0,0,0,1,0,1,0.0,38,0,0,0,38,0,38,0.8,10,0,0,0,10,0,10,0.2,0,0,0,0,0,0,0,0.0,9,0,0,0,9,0,9,0.2,17,1,0,1,2,14,16,0.3,140,0,0,0,34,106,140,2.9,166,1,0,1,45,120,165,3.5,,,,,,,,,16,2,0,2,18,1,19,0.4,47,0,0,0,36,11,47,1.0,0,0,0,0,0,0,0,0.0,10,0,0,0,0,10,10,0.2,0,0,0,0,0,0,0,0.0,57,0,0,0,36,21,57,1.2,,,,,,,,,104,2,0,2,80,24,104,2.2,0,0,0,0,0,0,0,0.0,32,0,3,3,14,15,29,0.6,0,0,0,0,0,0,0,0.0,1,0,0,0,1,0,1,0.0,7,0,0,0,6,1,7,0.1,100,0,0,0,56,45,101,2.1,140,0,3,3,77,61,138,2.9,,,,,,,,,0,0,0,0,0,0,0,0.0,1,0,0,0,0,1,1,0.0,6569,5548,957,6505,2064,278,2342,49.1,29,0,0,0,26,3,29,0.6,482,0,0,0,429,54,483,10.1,7080,5548,957,6505,2519,335,2854,59.8,136,0,3,3,99,34,133,2.8,758,6,0,6,563,191,754,15.8,8980,5559,963,6522,3874,899,4773,1.3,15.3
STATES:,4,BIHAR,0,0,0,0,0,0,0,0.0,76,18,9,27,36,34,70,0.7,4,4,0,4,2,3,5,0.0,4,0,0,0,4,0,4,0.0,15,9,2,11,14,4,18,0.2,53,13,10,23,24,17,41,0.4,152,44,21,65,80,58,138,1.4,85,13,0,13,93,5,98,1.0,418,49,28,77,297,128,425,4.2,503,62,28,90,390,133,523,5.2,195,32,10,42,181,32,213,2.1,8,8,3,11,6,2,8,0.1,35,0,21,21,7,15,22,0.2,43,8,24,32,13,17,30,0.3,125,18,8,26,94,13,107,1.1,12,4,1,5,9,2,11,0.1,137,22,9,31,103,15,118,1.2,26,6,3,9,20,4,24,0.2,10,2,1,3,2,6,8,0.1,28,5,4,9,12,8,20,0.2,166,27,32,59,21,126,147,1.5,424,60,38,98,206,272,478,4.7,628,94,75,169,241,412,653,6.5,,,,,,,,,23,7,2,9,15,5,20,0.2,95,1,1,2,80,20,100,1.0,41,8,6,14,21,8,29,0.3,9,0,0,0,0,9,9,0.1,136,22,0,22,126,3,129,1.3,281,31,7,38,227,40,267,2.6,,,,,,,,,9,3,0,3,7,1,8,0.1,0,0,0,0,0,0,0,0.0,434,34,30,64,261,161,422,4.2,42,8,2,10,45,5,50,0.5,6,0,3,3,4,3,7,0.1,62,3,0,3,46,15,61,0.6,304,53,27,80,178,114,292,2.9,848,98,62,160,534,298,832,8.3,,,,,,,,,2,0,0,0,0,1,1,0.0,30,10,9,19,25,7,32,0.3,9355,4224,1019,5243,4275,797,5072,50.3,10,3,0,3,8,3,11,0.1,1831,0,0,0,1554,290,1844,18.3,11196,4227,1019,5246,5837,1090,6927,68.7,217,13,18,31,151,66,217,2.2,66,0,0,0,66,10,76,0.8,14356,4657,1287,5944,7890,2189,10079,2.7,9.7
STATES:,5,CHHATTISGARH,0,0,0,0,0,0,0,0.0,31,0,0,0,16,15,31,0.2,5,0,0,0,3,2,5,0.0,7,0,0,0,5,2,7,0.0,2,0,0,0,2,0,2,0.0,49,2,0,2,31,18,49,0.3,94,2,0,2,57,37,94,0.6,232,0,1,1,154,78,232,1.5,1453,0,0,0,1029,424,1453,9.6,1685,0,1,1,1183,502,1685,11.1,491,1,0,1,405,86,491,3.2,37,0,0,0,37,0,37,0.2,9,2,0,2,9,0,9,0.1,46,2,0,2,46,0,46,0.3,371,0,0,0,306,65,371,2.4,104,0,0,0,78,26,104,0.7,475,0,0,0,384,91,475,3.1,42,0,0,0,38,4,42,0.3,22,0,0,0,9,13,22,0.1,6,0,0,0,6,0,6,0.0,32,0,0,0,6,26,32,0.2,933,0,0,0,257,676,933,6.1,993,0,0,0,278,715,993,6.5,,,,,,,,,109,13,0,13,90,6,96,0.6,279,0,0,0,229,50,279,1.8,77,0,0,0,66,11,77,0.5,13,0,0,0,0,13,13,0.1,270,0,0,0,239,31,270,1.8,639,0,0,0,534,105,639,4.2,,,,,,,,,72,0,0,0,45,27,72,0.5,29,0,0,0,21,8,29,0.2,684,0,0,0,414,270,684,4.5,2,0,0,0,2,0,2,0.0,0,0,0,0,0,0,0,0.0,823,0,0,0,438,385,823,5.4,414,0,0,0,272,142,414,2.7,1923,0,0,0,1126,797,1923,12.7,,,,,,,,,51,0,0,0,40,11,51,0.3,608,0,0,0,471,137,608,4.0,9195,5827,784,6611,3027,427,3454,22.8,118,0,0,0,95,23,118,0.8,584,0,0,0,500,108,608,4.0,9897,5827,784,6611,3622,558,4180,27.5,2087,0,0,0,1523,581,2104,13.9,1780,0,0,0,1273,378,1651,10.9,21021,5845,785,6630,11136,4043,15179,4.1,59.4
STATES:,6,GOA,0,0,0,0,0,0,0,0.0,0,0,0,0,0,0,0,0.0,0,0,0,0,0,0,0,0.0,0,0,0,0,0,0,0,0.0,0,0,0,0,0,0,0,0.0,9,0,0,0,9,0,9,1.0,9,0,0,0,9,0,9,1.0,1,0,0,0,1,0,1,0.1,147,0,0,0,135,12,147,17.1,148,0,0,0,136,12,148,17.2,21,0,0,0,19,2,21,2.4,0,0,0,0,0,0,0,0.0,2,6,0,6,2,0,2,0.2,2,6,0,6,2,0,2,0.2,94,0,0,0,86,8,94,10.9,19,0,0,0,17,2,19,2.2,113,0,0,0,103,10,113,13.1,3,0,0,0,3,0,3,0.3,0,0,0,0,0,0,0,0.0,0,0,0,0,0,0,0,0.0,5,0,0,0,0,5,5,0.6,32,1,0,1,16,19,35,4.1,37,1,0,1,16,24,40,4.7,,,,,,,,,1,1,0,1,0,0,0,0.0,9,0,0,0,7,2,9,1.0,4,0,0,0,4,0,4,0.5,0,0,0,0,0,0,0,0.0,6,0,0,0,6,0,6,0.7,19,0,0,0,17,2,19,2.2,,,,,,,,,0,0,0,0,0,0,0,0.0,1,0,0,0,3,0,3,0.3,5,0,0,0,3,2,5,0.6,0,0,0,0,0,0,0,0.0,0,0,0,0,0,0,0,0.0,4,0,0,0,4,0,4,0.5,2,0,0,0,2,0,2,0.2,11,0,0,0,9,2,11,1.3,,,,,,,,,0,0,0,0,0,0,0,0.0,0,0,0,0,0,0,0,0.0,4561,1746,498,2244,305,33,338,39.3,0,0,0,0,0,0,0,0.0,42,0,0,0,41,1,42,4.9,4603,1746,498,2244,346,34,380,44.2,63,1,0,1,56,12,68,7.9,43,0,0,0,32,11,43,5.0,5074,1755,498,2253,751,109,860,0.2,59.0
STATES:,7,GUJARAT,0,0,0,0,0,0,0,0.0,63,4,6,10,52,22,74,0.3,46,0,0,0,41,5,46,0.2,3,0,0,0,5,3,8,0.0,3,0,0,0,2,1,3,0.0,102,0,0,0,81,24,105,0.5,217,4,6,10,181,55,236,1.0,17,0,0,0,18,1,19,0.1,1894,7,2,9,1579,355,1934,8.5,1911,7,2,9,1597,356,1953,8.6,596,10,2,12,466,125,591,2.6,0,0,0,0,0,0,0,0.0,7,1,0,1,20,0,20,0.1,7,1,0,1,20,0,20,0.1,1012,10,5,15,840,160,1000,4.4,256,10,2,12,216,29,245,1.1,1268,20,7,27,1056,189,1245,5.5,161,7,0,7,136,18,154,0.7,6,1,2,3,1,2,3,0.0,274,2,0,2,222,59,281,1.2,762,8,21,29,176,559,735,3.2,1546,26,50,76,449,1046,1495,6.6,2588,37,73,110,848,1666,2514,11.1,,,,,,,,,3,0,0,0,1,2,3,0.0,1952,0,0,0,1750,211,1961,8.6,594,0,0,0,489,105,594,2.6,39,0,0,0,0,39,39,0.2,23,0,0,0,21,2,23,0.1,2608,0,0,0,2260,357,2617,11.5,,,,,,,,,43,0,0,0,31,13,44,0.2,3,0,0,0,2,1,3,0.0,491,79,59,138,243,126,369,1.6,217,0,0,0,154,67,221,1.0,56,0,0,0,54,2,56,0.2,569,25,13,38,341,206,547,2.4,341,0,0,0,191,155,346,1.5,1674,104,72,176,983,556,1539,6.8,,,,,,,,,5,0,0,0,4,1,5,0.0,91,0,0,0,77,16,93,0.4,30199,23222,5250,28472,6680,1326,8006,35.3,42,0,0,0,38,5,43,0.2,1070,0,0,0,929,141,1070,4.7,31311,23222,5250,28472,7647,1472,9119,40.2,1884,9,6,15,1554,351,1905,8.4,622,0,0,0,514,132,646,2.8,44992,23421,5418,28839,17377,5310,22687,6.2,37.6
STATES:,8,HARYANA,1,0,0,0,7,3,10,0.1,7,0,0,0,7,0,7,0.1,4,2,0,2,10,1,11,0.1,0,0,0,0,0,0,0,0.0,0,0,0,0,0,0,0,0.0,26,0,0,0,23,4,27,0.3,37,2,0,2,40,5,45,0.4,0,0,0,0,0,0,0,0.0,574,0,0,0,501,75,576,5.3,574,0,0,0,501,75,576,5.3,346,0,0,0,318,28,346,3.2,1,0,0,0,1,0,1,0.0,10,0,0,0,9,1,10,0.1,11,0,0,0,10,1,11,0.1,223,0,0,0,196,27,223,2.1,67,0,0,0,63,4,67,0.6,290,0,0,0,259,31,290,2.7,50,0,0,0,47,4,51,0.5,0,0,0,0,0,0,0,0.0,34,0,0,0,34,0,34,0.3,170,0,0,0,58,112,170,1.6,166,0,0,0,93,73,166,1.5,370,0,0,0,185,185,370,3.4,,,,,,,,,3,0,0,0,3,0,3,0.0,554,0,0,0,505,49,554,5.1,72,0,0,0,60,12,72,0.7,17,0,0,0,0,17,17,0.2,309,0,0,0,306,3,309,2.9,952,0,0,0,871,81,952,8.8,,,,,,,,,12,0,0,0,10,2,12,0.1,2,0,0,0,2,0,2,0.0,352,0,0,0,252,100,352,3.3,7,0,0,0,5,2,7,0.1,8,0,0,0,5,3,8,0.1,83,0,0,0,72,11,83,0.8,252,0,0,0,204,48,252,2.3,702,0,0,0,538,164,702,6.5,,,,,,,,,17,0,0,0,16,1,17,0.2,45,0,0,0,40,5,45,0.4,10553,8622,933,9555,4265,416,4681,43.5,0,0,0,0,0,0,0,0.0,1252,0,0,0,1128,124,1252,11.6,11805,8622,933,9555,5393,540,5933,55.1,1092,0,0,0,1054,184,1238,11.5,166,0,0,0,130,36,166,1.5,16475,8624,933,9557,9424,1345,10769,2.9,42.5
STATES:,9,HIMACHAL PRADESH,0,0,0,0,0,0,0,0.0,5,0,0,0,4,1,5,0.2,2,4,3,7,3,0,3,0.1,0,0,0,0,0,0,0,0.0,0,0,0,0,0,0,0,0.0,4,0,0,0,3,1,4,0.2,11,4,3,7,10,2,12,0.5,0,0,0,0,0,0,0,0.0,155,0,0,0,120,36,156,6.2,155,0,0,0,120,36,156,6.2,16,1,0,1,14,1,15,0.6,0,0,0,0,0,0,0,0.0,0,0,0,0,0,0,0,0.0,0,0,0,0,0,0,0,0.0,340,0,0,0,297,43,340,13.5,1,0,0,0,1,0,1,0.0,341,0,0,0,298,43,341,13.6,9,0,0,0,9,0,9,0.4,0,0,0,0,0,0,0,0.0,16,0,0,0,12,4,16,0.6,7,0,1,1,1,6,7,0.3,46,0,0,0,25,24,49,2.0,69,0,1,1,38,34,72,2.9,,,,,,,,,4,0,0,0,4,0,4,0.2,166,0,0,0,153,13,166,6.6,2,0,0,0,2,0,2,0.1,4,0,0,0,0,4,4,0.2,76,0,0,0,76,0,76,3.0,248,0,0,0,231,17,248,9.9,,,,,,,,,4,0,0,0,4,0,4,0.2,0,0,0,0,0,0,0,0.0,106,0,0,0,61,45,106,4.2,1,0,0,0,1,0,1,0.0,0,0,0,0,0,0,0,0.0,17,0,0,0,10,7,17,0.7,54,0,0,0,35,19,54,2.1,178,0,0,0,107,71,178,7.1,,,,,,,,,0,0,0,0,0,0,0,0.0,11,0,0,0,10,1,11,0.4,3099,4500,936,5436,926,157,1083,43.1,0,0,0,0,0,0,0,0.0,27,0,0,0,22,5,27,1.1,3126,4500,936,5436,948,162,1110,44.2,294,0,0,0,236,58,294,11.7,58,0,0,0,43,15,58,2.3,4524,4505,940,5445,2072,440,2512,0.7,36.6
STATES:,10,JAMMU & KASHMIR,0,0,0,0,0,0,0,0.0,6,0,0,0,4,2,6,0.3,0,0,0,0,0,0,0,0.0,0,0,0,0,0,0,0,0.0,0,0,0,0,0,0,0,0.0,11,6,2,8,8,1,9,0.5,17,6,2,8,12,3,15,0.9,0,0,0,0,0,0,0,0.0,46,2,0,2,36,14,50,2.8,46,2,0,2,36,14,50,2.8,17,3,0,3,14,3,17,1.0,19,55,3,58,12,0,12,0.7,1,0,0,0,1,0,1,0.1,20,55,3,58,13,0,13,0.7,65,3,1,4,64,18,82,4.7,1,0,0,0,0,1,1,0.1,66,3,1,4,64,19,83,4.7,13,8,0,8,9,1,10,0.6,2,1,1,2,0,0,0,0.0,9,6,1,7,6,2,8,0.5,8,1,3,4,1,4,5,0.3,11,3,1,4,8,2,10,0.6,30,11,6,17,15,8,23,1.3,,,,,,,,,18,5,0,5,15,1,16,0.9,63,0,0,0,56,7,63,3.6,2,0,0,0,2,0,2,0.1,2,0,0,0,0,2,2,0.1,13,5,0,5,13,0,13,0.7,80,5,0,5,71,9,80,4.6,,,,,,,,,5,0,0,0,5,0,5,0.3,2,0,0,0,2,0,2,0.1,5,0,0,0,4,1,5,0.3,19,2,8,10,5,3,8,0.5,2,0,0,0,2,1,3,0.2,3,0,0,0,1,2,3,0.2,40,3,2,5,9,17,26,1.5,69,5,10,15,21,24,45,2.6,,,,,,,,,0,0,0,0,0,0,0,0.0,0,0,0,0,0,0,0,0.0,6665,8279,1813,10092,986,154,1140,64.9,50,0,0,0,44,6,50,2.8,20,0,0,0,19,1,20,1.1,6735,8279,1813,10092,1049,161,1210,68.9,129,5,1,6,93,31,124,7.1,45,11,3,14,52,12,64,3.6,7292,8398,1839,10237,1471,286,1757,0.5,14.0
STATES:,11,JHARKHAND,2,0,0,0,2,0,2,0.0,17,6,1,7,12,5,17,0.3,1,1,0,1,1,0,1,0.0,20,0,0,0,17,3,20,0.4,0,0,0,0,0,0,0,0.0,23,0,0,0,20,5,25,0.5,61,7,1,8,50,13,63,1.2,10,0,0,0,7,3,10,0.2,366,12,9,21,307,70,377,7.0,376,12,9,21,314,73,387,7.2,75,5,0,5,61,14,75,1.4,0,0,0,0,0,0,0,0.0,13,1,1,2,2,11,13,0.2,13,1,1,2,2,11,13,0.2,126,4,1,5,111,15,126,2.4,63,5,0,5,50,10,60,1.1,189,9,1,10,161,25,186,3.5,24,1,0,1,24,0,24,0.4,15,0,0,0,6,9,15,0.3,15,0,0,0,12,3,15,0.3,43,1,2,3,7,36,43,0.8,271,17,8,25,89,184,273,5.1,344,18,10,28,114,232,346,6.5,,,,,,,,,18,0,0,0,7,11,18,0.3,80,3,0,3,61,19,80,1.5,23,0,0,0,22,1,23,0.4,2,0,0,0,0,2,2,0.0,81,5,0,5,79,3,82,1.5,186,8,0,8,162,25,187,3.5,,,,,,,,,55,7,2,9,45,10,55,1.0,54,9,4,13,37,18,55,1.0,169,9,3,12,104,76,180,3.4,20,0,0,0,19,1,20,0.4,1,0,0,0,1,0,1,0.0,43,1,1,2,28,15,43,0.8,121,2,2,4,108,16,124,2.3,354,12,6,18,260,108,368,6.9,,,,,,,,,0,0,0,0,0,0,0,0.0,61,0,0,0,34,29,63,1.2,3901,3052,547,3599,1686,367,2053,38.4,10,1,0,1,8,2,10,0.2,621,7,5,12,497,115,612,11.4,4532,3060,552,3612,2191,484,2675,50.0,412,12,8,20,331,88,419,7.8,611,317,68,385,330,84,414,7.7,7367,3478,662,4140,4125,1225,5350,1.5,16.2
STATES:,12,KARNATAKA,0,0,0,0,0,0,0,0.0,17,0,0,0,11,7,18,0.1,7,2,0,2,6,3,9,0.0,0,0,0,0,0,0,0,0.0,0,0,0,0,0,0,0,0.0,116,2,0,2,89,26,115,0.5,140,4,0,4,106,36,142,0.6,31,1,0,1,13,3,16,0.1,1979,23,7,30,1580,497,2077,9.2,2010,24,7,31,1593,500,2093,9.2,397,8,3,11,340,65,405,1.8,0,0,0,0,0,0,0,0.0,6,0,0,0,7,2,9,0.0,6,0,0,0,7,2,9,0.0,484,28,10,38,446,63,509,2.2,14,7,2,9,22,3,25,0.1,498,35,12,47,468,66,534,2.4,64,51,1,52,39,5,44,0.2,1,1,0,1,4,1,5,0.0,34,4,0,4,34,8,42,0.2,355,6,4,10,96,290,386,1.7,1203,25,23,48,482,877,1359,6.0,1593,36,27,63,616,1176,1792,7.9,,,,,,,,,17,5,4,9,20,11,31,0.1,617,7,7,14,553,91,644,2.8,114,4,10,14,106,33,139,0.6,12,0,0,0,0,12,12,0.1,268,3,10,13,268,36,304,1.3,1011,14,27,41,927,172,1099,4.9,,,,,,,,,51,1,4,5,63,3,66,0.3,3,0,0,0,4,0,4,0.0,269,2,4,6,190,71,261,1.2,155,2,7,9,128,56,184,0.8,24,0,0,0,20,4,24,0.1,876,3,2,5,572,308,880,3.9,1370,32,9,41,1108,329,1437,6.3,2694,39,22,61,2018,768,2786,12.3,,,,,,,,,13,11,12,23,4,0,4,0.0,13,0,1,1,12,7,19,0.1,44696,48308,11255,59563,7756,1202,8958,39.6,28,26,2,28,12,1,13,0.1,1648,0,0,0,1422,244,1666,7.4,46372,48334,11257,59591,9190,1447,10637,47.0,1250,102,105,207,1322,352,1674,7.4,1081,75,72,147,1011,295,1306,5.8,57213,48739,11554,60293,17740,4905,22645,6.2,37.0
STATES:,13,KERALA,0,0,0,0,0,0,0,0.0,20,3,2,5,14,7,21,0.2,28,4,0,4,27,3,30,0.3,0,0,0,0,0,0,0,0.0,0,0,0,0,0,0,0,0.0,32,0,0,0,28,5,33,0.3,80,7,2,9,69,15,84,0.8,8,1,0,1,9,0,9,0.1,1659,0,0,0,1321,361,1682,15.2,1667,1,0,1,1330,361,1691,15.2,274,0,0,0,234,43,277,2.5,0,0,0,0,0,0,0,0.0,6,7,0,7,13,0,13,0.1,6,7,0,7,13,0,13,0.1,634,0,0,0,591,45,636,5.7,61,0,0,0,47,15,62,0.6,695,0,0,0,638,60,698,6.3,22,0,0,0,17,5,22,0.2,4,0,0,0,2,3,5,0.0,14,0,0,0,12,4,16,0.1,48,0,0,0,10,42,52,0.5,223,0,0,0,83,142,225,2.0,289,0,0,0,107,191,298,2.7,,,,,,,,,0,0,0,0,0,0,0,0.0,1797,0,0,0,1573,228,1801,16.2,146,0,0,0,109,37,146,1.3,8,0,0,0,0,8,8,0.1,103,0,0,0,103,0,103,0.9,2054,0,0,0,1785,273,2058,18.6,,,,,,,,,39,0,0,0,31,8,39,0.4,6,0,0,0,6,0,6,0.1,18,0,0,0,9,9,18,0.2,3,0,0,0,3,0,3,0.0,0,0,0,0,0,0,0,0.0,68,0,0,0,49,19,68,0.6,119,0,0,0,84,35,119,1.1,208,0,0,0,145,63,208,1.9,,,,,,,,,1,0,0,0,102,0,102,0.9,6,0,0,0,9,1,10,0.1,35216,32330,9049,41379,3508,637,4145,37.4,46,0,0,0,42,5,47,0.4,390,2,0,2,334,60,394,3.6,35652,32332,9049,41381,3884,702,4586,41.3,510,0,2,2,397,113,510,4.6,488,0,0,0,408,81,489,4.4,41997,32347,9053,41400,9175,1916,11091,3.0,33.2
STATES:,14,MADHYA PRADESH,0,0,0,0,0,0,0,0.0,95,5,3,8,63,31,94,0.3,16,7,1,8,11,5,16,0.0,2,1,0,1,1,1,2,0.0,13,0,0,0,11,2,13,0.0,139,13,4,17,82,40,122,0.3,265,26,8,34,168,79,247,0.7,48,0,0,0,35,21,56,0.2,4861,21,13,34,3363,1494,4857,13.6,4909,21,13,34,3398,1515,4913,13.7,1352,12,15,27,1147,201,1348,3.8,8,3,0,3,11,3,14,0.0,22,0,0,0,11,11,22,0.1,30,3,0,3,22,14,36,0.1,680,7,1,8,545,132,677,1.9,251,0,0,0,200,51,251,0.7,931,7,1,8,745,183,928,2.6,80,2,0,2,63,15,78,0.2,13,1,0,1,10,3,13,0.0,44,0,1,1,41,4,45,0.1,187,2,3,5,35,152,187,0.5,3139,19,11,30,974,2176,3150,8.8,3383,22,15,37,1060,2335,3395,9.5,,,,,,,,,220,37,4,41,157,22,179,0.5,852,0,0,0,730,122,852,2.4,164,2,2,4,126,40,166,0.5,196,0,0,0,0,195,195,0.5,488,0,0,0,471,15,486,1.4,1700,2,2,4,1327,372,1699,4.8,,,,,,,,,86,1,0,1,61,24,85,0.2,116,1,2,3,80,39,119,0.3,2410,15,7,22,1548,902,2450,6.9,15,0,0,0,13,2,15,0.0,6,0,0,0,6,0,6,0.0,2136,7,2,9,1164,995,2159,6.0,576,0,0,0,324,251,575,1.6,5143,22,9,31,3055,2150,5205,14.6,,,,,,,,,9,0,0,0,6,3,9,0.0,617,0,0,0,437,180,617,1.7,30573,26424,5660,32084,7028,1228,8256,23.1,55,0,0,0,50,5,55,0.2,1615,7,3,10,1388,236,1624,4.5,32243,26431,5663,32094,8466,1469,9935,27.8,4049,128,12,140,3011,1051,4062,11.4,2887,5,2,7,1977,914,2891,8.1,58020,26720,5746,32466,25180,10566,35746,9.7,49.2
STATES:,15,MAHARASHTRA,1,0,0,0,2,0,2,0.0,96,10,7,17,67,35,102,0.2,41,12,2,14,28,7,35,0.1,2,0,0,0,2,0,2,0.0,1,0,0,0,1,0,1,0.0,112,17,6,23,74,22,96,0.2,252,39,15,54,172,64,236,0.4,16,0,1,1,23,6,29,0.0,4910,53,33,86,3647,1273,4920,8.2,4926,53,34,87,3670,1279,4949,8.2,1425,134,33,167,1088,181,1269,2.1,3,117,6,123,27,0,27,0.0,9,0,0,0,8,1,9,0.0,12,117,6,123,35,1,36,0.1,2428,449,142,591,1570,264,1834,3.1,1197,670,141,811,311,90,401,0.7,3625,1119,283,1402,1881,354,2235,3.7,446,310,32,342,94,12,106,0.2,27,16,8,24,2,1,3,0.0,331,50,20,70,211,52,263,0.4,560,11,12,23,114,427,541,0.9,6674,625,1316,1941,1196,3609,4805,8.0,7592,702,1356,2058,1523,4089,5612,9.3,,,,,,,,,2,2,0,2,0,0,0,0.0,9926,2453,1710,4163,4994,777,5771,9.6,2376,317,103,420,1541,417,1958,3.3,384,0,40,40,0,345,345,0.6,1544,358,1,359,1167,18,1185,2.0,14230,3128,1854,4982,7702,1557,9259,15.4,,,,,,,,,278,88,41,129,117,41,158,0.3,14,0,0,0,13,2,15,0.0,2787,1162,993,2155,574,230,804,1.3,2,0,0,0,0,2,2,0.0,5,0,0,0,6,1,7,0.0,5686,2527,2099,4626,637,424,1061,1.8,1655,603,545,1148,323,196,519,0.9,10135,4292,3637,7929,1540,853,2393,4.0,,,,,,,,,0,0,0,0,0,0,0,0.0,83,2,1,3,56,26,82,0.1,47120,37138,8236,45374,11825,1855,13680,22.8,53,7,3,10,37,6,43,0.1,8584,3128,487,3615,4429,552,4981,8.3,55757,40273,8726,48999,16291,2413,18704,31.1,18844,2847,1337,4184,11051,3399,14450,24.1,544,15,3,18,434,105,539,0.9,118166,53121,17358,70479,45669,14376,60045,16.4,53.4
STATES:,16,MANIPUR,0,0,0,0,0,0,0,0.0,0,0,0,0,0,0,0,0.0,0,0,0,0,0,0,0,0.0,0,0,0,0,0,0,0,0.0,0,0,0,0,0,0,0,0.0,11,0,0,0,11,0,11,3.4,11,0,0,0,11,0,11,3.4,1,0,0,0,1,0,1,0.3,12,0,0,0,10,2,12,3.7,13,0,0,0,11,2,13,4.0,12,0,0,0,9,3,12,3.7,40,40,12,52,8,0,8,2.5,0,0,0,0,0,0,0,0.0,40,40,12,52,8,0,8,2.5,4,0,0,0,3,1,4,1.2,0,0,0,0,0,0,0,0.0,4,0,0,0,3,1,4,1.2,0,0,0,0,0,0,0,0.0,0,0,0,0,0,0,0,0.0,0,0,0,0,0,0,0,0.0,0,0,0,0,0,0,0,0.0,2,0,0,0,3,1,4,1.2,2,0,0,0,3,1,4,1.2,,,,,,,,,4,0,0,0,4,0,4,1.2,2,0,0,0,2,0,2,0.6,0,0,0,0,0,0,0,0.0,2,0,0,0,0,2,2,0.6,0,0,0,0,0,0,0,0.0,4,0,0,0,2,2,4,1.2,,,,,,,,,0,0,0,0,0,0,0,0.0,1,0,0,0,1,0,1,0.3,5,0,0,0,0,5,5,1.6,0,0,0,0,0,0,0,0.0,0,0,0,0,0,0,0,0.0,0,0,0,0,0,0,0,0.0,4,0,0,0,1,3,4,1.2,9,0,0,0,1,8,9,2.8,,,,,,,,,0,0,0,0,0,0,0,0.0,3,0,0,0,3,0,3,0.9,691,964,140,1104,137,19,156,48.6,0,0,0,0,0,0,0,0.0,0,0,0,0,0,0,0,0.0,691,964,140,1104,137,19,156,48.6,46,0,0,0,36,10,46,14.3,46,0,0,0,43,3,46,14.3,886,1004,152,1156,272,49,321,0.1,11.8
STATES:,17,MEGHALAYA,0,0,0,0,0,0,0,0.0,0,0,0,0,0,0,0,0.0,1,0,0,0,1,0,1,0.2,0,0,0,0,0,0,0,0.0,0,0,0,0,0,0,0,0.0,5,0,0,0,4,1,5,0.9,6,0,0,0,5,1,6,1.1,2,0,0,0,1,1,2,0.4,46,0,0,0,42,5,47,8.6,48,0,0,0,43,6,49,9.0,12,2,0,2,12,0,12,2.2,0,0,0,0,0,0,0,0.0,1,0,0,0,4,0,4,0.7,1,0,0,0,4,0,4,0.7,14,0,0,0,13,1,14,2.6,8,4,0,4,5,2,7,1.3,22,4,0,4,18,3,21,3.8,6,3,0,3,5,1,6,1.1,0,0,0,0,0,0,0,0.0,1,0,0,0,2,0,2,0.4,0,0,0,0,0,0,0,0.0,9,0,0,0,7,5,12,2.2,10,0,0,0,9,5,14,2.6,,,,,,,,,8,0,0,0,6,2,8,1.5,25,0,0,0,21,4,25,4.6,9,0,0,0,9,1,10,1.8,1,0,0,0,0,1,1,0.2,9,0,0,0,9,0,9,1.6,44,0,0,0,39,6,45,8.2,,,,,,,,,9,0,0,0,7,2,9,1.6,14,0,0,0,12,2,14,2.6,0,0,0,0,0,0,0,0.0,0,0,0,0,0,0,0,0.0,8,0,0,0,6,0,6,1.1,1,0,0,0,1,0,1,0.2,1,0,0,0,1,0,1,0.2,10,0,0,0,8,0,8,1.5,,,,,,,,,0,0,0,0,0,0,0,0.0,1,0,0,0,1,0,1,0.2,261,202,56,258,202,27,229,41.9,0,0,0,0,0,0,0,0.0,0,0,0,0,0,0,0,0.0,261,202,56,258,202,27,229,41.9,58,1,0,1,45,15,60,11.0,60,0,0,0,56,4,60,11.0,570,212,56,268,472,74,546,0.1,18.4
STATES:,18,MIZORAM,0,0,0,0,0,0,0,0.0,0,0,0,0,0,0,0,0.0,0,0,0,0,0,0,0,0.0,0,0,0,0,0,0,0,0.0,0,0,0,0,0,0,0,0.0,0,0,0,0,0,0,0,0.0,0,0,0,0,0,0,0,0.0,4,0,0,0,6,2,8,3.1,37,0,0,0,33,4,37,14.2,41,0,0,0,39,6,45,17.3,2,0,0,0,1,1,2,0.8,1,0,0,0,1,0,1,0.4,0,0,0,0,0,0,0,0.0,1,0,0,0,1,0,1,0.4,19,0,0,0,15,4,19,7.3,2,0,0,0,2,0,2,0.8,21,0,0,0,17,4,21,8.1,0,0,0,0,0,0,0,0.0,0,0,0,0,0,0,0,0.0,0,0,0,0,0,0,0,0.0,0,0,0,0,0,0,0,0.0,5,0,0,0,4,2,6,2.3,5,0,0,0,4,2,6,2.3,,,,,,,,,2,0,0,0,2,0,2,0.8,11,0,0,0,10,1,11,4.2,0,0,0,0,0,0,0,0.0,1,0,0,0,0,1,1,0.4,1,0,0,0,1,0,1,0.4,13,0,0,0,11,2,13,5.0,,,,,,,,,0,0,0,0,0,0,0,0.0,1,0,0,0,1,0,1,0.4,1,0,0,0,1,0,1,0.4,0,0,0,0,0,0,0,0.0,0,0,0,0,0,0,0,0.0,0,0,0,0,0,0,0,0.0,13,0,0,0,11,3,14,5.4,14,0,0,0,12,3,15,5.8,,,,,,,,,0,0,0,0,0,0,0,0.0,0,0,0,0,0,0,0,0.0,97,167,48,215,59,22,81,31.2,0,0,0,0,0,0,0,0.0,0,0,0,0,0,0,0,0.0,97,167,48,215,59,22,81,31.2,53,0,0,0,43,10,53,20.4,20,0,0,0,17,3,20,7.7,270,167,48,215,207,53,260,0.1,23.8
STATES:,19,NAGALAND,0,0,0,0,0,0,0,0.0,0,0,0,0,0,0,0,0.0,0,0,0,0,0,0,0,0.0,0,0,0,0,0,0,0,0.0,0,0,0,0,0,0,0,0.0,0,0,0,0,0,0,0,0.0,0,0,0,0,0,0,0,0.0,0,0,0,0,0,0,0,0.0,8,0,0,0,7,2,9,13.2,8,0,0,0,7,2,9,13.2,2,0,0,0,2,0,2,2.9,0,0,0,0,0,0,0,0.0,0,0,0,0,0,0,0,0.0,0,0,0,0,0,0,0,0.0,4,0,0,0,4,0,4,5.9,0,0,0,0,0,0,0,0.0,4,0,0,0,4,0,4,5.9,0,0,0,0,0,0,0,0.0,0,0,0,0,0,0,0,0.0,0,0,0,0,0,0,0,0.0,0,0,0,0,0,0,0,0.0,2,0,0,0,2,3,5,7.4,2,0,0,0,2,3,5,7.4,,,,,,,,,6,0,0,0,6,0,6,8.8,1,0,0,0,1,0,1,1.5,0,0,0,0,0,0,0,0.0,0,0,0,0,0,0,0,0.0,0,0,0,0,0,0,0,0.0,1,0,0,0,1,0,1,1.5,,,,,,,,,0,0,0,0,0,0,0,0.0,0,0,0,0,0,0,0,0.0,0,0,0,0,0,0,0,0.0,0,0,0,0,0,0,0,0.0,1,0,0,0,2,0,2,2.9,0,0,0,0,0,0,0,0.0,0,0,0,0,0,0,0,0.0,1,0,0,0,2,0,2,2.9,,,,,,,,,0,0,0,0,0,0,0,0.0,0,0,0,0,0,0,0,0.0,32,90,4,94,32,4,36,52.9,3,0,0,0,3,0,3,4.4,0,0,0,0,0,0,0,0.0,35,90,4,94,35,4,39,57.4,0,0,0,0,0,0,0,0.0,0,0,0,0,0,0,0,0.0,59,90,4,94,59,9,68,0.0,3.4
STATES:,20,ODISHA,0,0,0,0,0,0,0,0.0,2,3,1,4,2,0,2,0.0,2,0,0,0,1,1,2,0.0,0,0,0,0,0,0,0,0.0,0,0,0,0,0,0,0,0.0,9,0,0,0,8,1,9,0.1,13,3,1,4,11,2,13,0.1,33,0,0,0,24,11,35,0.3,543,5,6,11,416,125,541,5.1,576,5,6,11,440,136,576,5.4,184,3,1,4,159,25,184,1.7,0,0,0,0,0,0,0,0.0,2,0,0,0,2,0,2,0.0,2,0,0,0,2,0,2,0.0,358,19,2,21,283,73,356,3.3,39,0,0,0,33,6,39,0.4,397,19,2,21,316,79,395,3.7,68,4,1,5,52,12,64,0.6,7,0,0,0,7,0,7,0.1,98,12,9,21,66,27,93,0.9,13,0,0,0,5,8,13,0.1,301,6,4,10,109,188,297,2.8,419,18,13,31,187,223,410,3.8,,,,,,,,,4,0,0,0,4,0,4,0.0,87,0,0,0,63,24,87,0.8,21,0,0,0,11,10,21,0.2,8,0,0,0,0,8,8,0.1,41,4,3,7,40,1,41,0.4,157,4,3,7,114,43,157,1.5,,,,,,,,,61,7,21,28,47,14,61,0.6,0,0,0,0,0,0,0,0.0,236,2,3,5,103,130,233,2.2,2,0,0,0,2,0,2,0.0,0,0,0,0,0,0,0,0.0,548,6,3,9,361,185,546,5.1,535,17,12,29,303,232,535,5.0,1321,25,18,43,769,547,1316,12.3,,,,,,,,,0,0,0,0,0,0,0,0.0,1,0,0,0,1,0,1,0.0,9398,8392,2210,10602,3198,599,3797,35.5,218,0,0,0,191,27,218,2.0,200,2,5,7,161,44,205,1.9,9816,8394,2215,10609,3550,670,4220,39.4,1410,27,19,46,994,420,1414,13.2,1888,33,27,60,1363,528,1891,17.7,16317,8542,2327,10869,8009,2699,10708,2.9,25.5
STATES:,21,PUNJAB,0,0,0,0,0,0,0,0.0,20,0,0,0,13,9,22,0.2,3,2,0,2,2,0,2,0.0,0,0,0,0,0,0,0,0.0,0,0,0,0,0,0,0,0.0,41,0,0,0,38,4,42,0.4,64,2,0,2,53,13,66,0.7,3,0,0,0,3,0,3,0.0,498,0,0,0,441,60,501,5.3,501,0,0,0,444,60,504,5.3,271,0,0,0,258,13,271,2.8,0,0,0,0,0,0,0,0.0,7,0,0,0,5,2,7,0.1,7,0,0,0,5,2,7,0.1,151,1,1,2,141,11,152,1.6,36,0,0,0,33,3,36,0.4,187,1,1,2,174,14,188,2.0,44,0,0,0,41,3,44,0.5,14,0,0,0,4,10,14,0.1,59,2,0,2,57,2,59,0.6,175,0,0,0,29,146,175,1.8,139,0,0,0,77,62,139,1.5,387,2,0,2,167,220,387,4.1,,,,,,,,,21,0,0,0,20,1,21,0.2,535,0,0,0,493,42,535,5.6,68,0,0,0,59,9,68,0.7,3,0,0,0,0,3,3,0.0,253,0,0,0,253,0,253,2.7,859,0,0,0,805,54,859,9.0,,,,,,,,,10,0,0,0,10,0,10,0.1,8,0,0,0,8,0,8,0.1,318,0,0,0,214,104,318,3.3,105,0,0,0,82,23,105,1.1,8,0,0,0,7,2,9,0.1,57,0,0,0,44,13,57,0.6,245,0,0,0,189,56,245,2.6,733,0,0,0,536,198,734,7.7,,,,,,,,,0,0,0,0,0,0,0,0.0,19,0,0,0,19,3,22,0.2,6496,3346,735,4081,4284,613,4897,51.4,17,0,0,0,29,5,34,0.4,934,0,0,0,814,103,917,9.6,7447,3346,735,4081,5127,721,5848,61.4,410,0,0,0,362,50,412,4.3,131,0,0,0,125,26,151,1.6,11099,3351,736,4087,8154,1378,9532,2.6,34.4
STATES:,22,RAJASTHAN,1,0,0,0,4,0,4,0.0,91,4,3,7,65,35,100,0.5,1,0,0,0,1,0,1,0.0,1,0,0,0,1,0,1,0.0,6,0,0,0,4,2,6,0.0,70,12,6,18,58,13,71,0.3,169,16,9,25,129,50,179,0.9,2,0,0,0,3,0,3,0.0,1554,2,1,3,1188,460,1648,8.0,1556,2,1,3,1191,460,1651,8.1,720,10,6,16,625,98,723,3.5,0,0,0,0,0,0,0,0.0,17,1,0,1,17,3,20,0.1,17,1,0,1,17,3,20,0.1,528,1,0,1,485,97,582,2.8,163,4,0,4,130,33,163,0.8,691,5,0,5,615,130,745,3.6,106,5,0,5,102,9,111,0.5,1,0,0,0,0,1,1,0.0,35,4,2,6,26,8,34,0.2,160,0,2,2,45,116,161,0.8,643,6,2,8,246,408,654,3.2,839,10,6,16,317,533,850,4.2,,,,,,,,,6,0,0,0,6,0,6,0.0,491,0,0,0,428,63,491,2.4,153,1,0,1,119,33,152,0.7,23,0,0,0,0,23,23,0.1,206,0,0,0,206,3,209,1.0,873,1,0,1,753,122,875,4.3,,,,,,,,,31,2,1,3,25,6,31,0.2,68,7,0,7,62,13,75,0.4,824,4,1,5,539,288,827,4.0,0,0,0,0,0,0,0,0.0,0,0,0,0,0,0,0,0.0,506,0,0,0,347,160,507,2.5,347,5,0,5,258,98,356,1.7,1677,9,1,10,1144,546,1690,8.3,,,,,,,,,0,0,0,0,0,0,0,0.0,43,0,0,0,35,8,43,0.2,23245,23542,5124,28666,7978,1254,9232,45.1,3,0,0,0,5,0,5,0.0,313,0,0,0,289,42,331,1.6,23561,23542,5124,28666,8272,1296,9568,46.7,2464,10,4,14,1936,553,2489,12.2,1419,1,0,1,1091,327,1418,6.9,34241,23621,5152,28773,16324,4154,20478,5.6,29.8
STATES:,23,SIKKIM,0,0,0,0,0,0,0,0.0,82,45,35,80,2,0,2,1.0,50,30,20,50,0,0,0,0.0,0,0,0,0,0,0,0,0.0,0,0,0,0,0,0,0,0.0,0,0,0,0,0,0,0,0.0,132,75,55,130,2,0,2,1.0,0,0,0,0,0,0,0,0.0,28,0,0,0,20,8,28,13.9,28,0,0,0,20,8,28,13.9,5,0,0,0,5,0,5,2.5,0,0,0,0,0,0,0,0.0,0,0,0,0,0,0,0,0.0,0,0,0,0,0,0,0,0.0,40,0,0,0,36,4,40,19.8,0,0,0,0,0,0,0,0.0,40,0,0,0,36,4,40,19.8,0,0,0,0,0,0,0,0.0,0,0,0,0,0,0,0,0.0,0,0,0,0,0,0,0,0.0,0,0,0,0,0,0,0,0.0,6,0,0,0,0,6,6,3.0,6,0,0,0,0,6,6,3.0,,,,,,,,,0,0,0,0,0,0,0,0.0,0,0,0,0,0,0,0,0.0,1,0,0,0,1,0,1,0.5,0,0,0,0,0,0,0,0.0,4,0,0,0,4,0,4,2.0,5,0,0,0,5,0,5,2.5,,,,,,,,,0,0,0,0,0,0,0,0.0,0,0,0,0,0,0,0,0.0,0,0,0,0,0,0,0,0.0,0,0,0,0,0,0,0,0.0,0,0,0,0,0,0,0,0.0,0,0,0,0,0,0,0,0.0,10,0,0,0,5,5,10,5.0,10,0,0,0,5,5,10,5.0,,,,,,,,,0,0,0,0,0,0,0,0.0,0,0,0,0,0,0,0,0.0,129,239,82,321,87,19,106,52.5,0,0,0,0,0,0,0,0.0,0,0,0,0,0,0,0,0.0,129,239,82,321,87,19,106,52.5,0,0,0,0,0,0,0,0.0,0,0,0,0,0,0,0,0.0,355,314,137,451,160,42,202,0.1,33.2
STATES:,24,TAMIL NADU,0,0,0,0,0,0,0,0.0,71,0,1,1,44,28,72,0.2,59,1,0,1,49,12,61,0.2,0,0,0,0,0,0,0,0.0,8,0,0,0,8,0,8,0.0,147,2,0,2,198,98,296,0.9,285,3,1,4,299,138,437,1.3,12,0,0,0,77,39,116,0.4,1699,24,1,25,1480,357,1837,5.5,1711,24,1,25,1557,396,1953,5.9,491,7,0,7,459,55,514,1.6,0,0,0,0,0,0,0,0.0,7,0,0,0,39,5,44,0.1,7,0,0,0,39,5,44,0.1,595,13,3,16,570,70,640,1.9,77,1,0,1,88,8,96,0.3,672,14,3,17,658,78,736,2.2,42,0,0,0,51,3,54,0.2,38,8,0,8,21,22,43,0.1,82,7,0,7,59,23,82,0.2,632,5,9,14,105,481,586,1.8,1594,13,16,29,566,1091,1657,5.0,2346,33,25,58,751,1617,2368,7.2,,,,,,,,,1,0,0,0,1,0,1,0.0,1383,101,18,119,840,131,971,2.9,265,7,5,12,539,94,633,1.9,29,0,0,0,0,29,29,0.1,414,19,1,20,131,19,150,0.5,2091,127,24,151,1510,273,1783,5.4,,,,,,,,,27,0,0,0,272,35,307,0.9,4,0,0,0,6,0,6,0.0,231,21,8,29,128,40,168,0.5,386,3,0,3,305,176,481,1.5,7,0,0,0,18,5,23,0.1,670,0,0,0,351,184,535,1.6,1388,20,8,28,983,484,1467,4.4,2682,44,16,60,1785,889,2674,8.1,,,,,,,,,21,0,0,0,84,25,109,0.3,1245,1272,249,1521,12,1,13,0.0,65873,52020,22225,74245,13155,2267,15422,46.6,17,75,15,90,25,2,27,0.1,1830,32,5,37,1563,275,1838,5.6,67720,52127,22245,74372,14743,2544,17287,52.2,2660,47,2,49,1890,844,2734,8.3,1369,0,0,0,1754,332,2086,6.3,83374,53698,22566,76264,25871,7235,33106,9.0,45.9
STATES:,25,TRIPURA,0,0,0,0,0,0,0,0.0,0,0,0,0,0,0,0,0.0,0,0,0,0,0,0,0,0.0,0,0,0,0,0,0,0,0.0,1,0,0,0,1,0,1,0.2,0,0,0,0,0,0,0,0.0,1,0,0,0,1,0,1,0.2,0,0,0,0,0,0,0,0.0,45,0,0,0,31,14,45,7.6,45,0,0,0,31,14,45,7.6,14,0,0,0,13,1,14,2.4,0,0,0,0,0,0,0,0.0,0,0,0,0,0,0,0,0.0,0,0,0,0,0,0,0,0.0,14,0,0,0,12,2,14,2.4,0,0,0,0,0,0,0,0.0,14,0,0,0,12,2,14,2.4,2,0,0,0,2,0,2,0.3,0,0,0,0,0,0,0,0.0,6,0,0,0,6,0,6,1.0,1,0,0,0,0,1,1,0.2,8,0,0,0,2,7,9,1.5,15,0,0,0,8,8,16,2.7,,,,,,,,,0,0,0,0,0,0,0,0.0,21,0,0,0,19,2,21,3.6,1,0,0,0,0,1,1,0.2,0,0,0,0,0,0,0,0.0,5,0,0,0,5,0,5,0.8,27,0,0,0,24,3,27,4.6,,,,,,,,,0,0,0,0,0,0,0,0.0,0,0,0,0,0,0,0,0.0,0,0,0,0,0,0,0,0.0,0,0,0,0,0,0,0,0.0,0,0,0,0,0,0,0,0.0,1,0,0,0,0,1,1,0.2,0,0,0,0,0,0,0,0.0,1,0,0,0,0,1,1,0.2,,,,,,,,,0,0,0,0,0,0,0,0.0,4,0,0,0,2,2,4,0.7,834,794,234,1028,205,40,245,41.5,0,0,0,0,0,0,0,0.0,0,0,0,0,0,0,0,0.0,834,794,234,1028,205,40,245,41.5,129,0,0,0,99,30,129,21.8,93,0,0,0,57,36,93,15.7,1179,794,234,1028,454,137,591,0.2,16.1
STATES:,26,UTTAR PRADESH,0,0,0,0,0,0,0,0.0,286,66,14,80,200,97,297,1.1,44,10,7,17,35,15,50,0.2,3,2,1,3,0,0,0,0.0,2,0,0,0,2,0,2,0.0,116,27,8,35,79,33,112,0.4,451,105,30,135,316,145,461,1.6,119,4,3,7,109,34,143,0.5,925,63,13,76,810,157,967,3.4,1044,67,16,83,919,191,1110,3.9,613,59,9,68,575,102,677,2.4,11,1,1,2,6,4,10,0.0,25,4,6,10,10,21,31,0.1,36,5,7,12,16,25,41,0.1,256,31,5,36,198,42,240,0.8,92,15,4,19,63,20,83,0.3,348,46,9,55,261,62,323,1.1,100,21,7,28,86,14,100,0.4,96,35,18,53,33,39,72,0.3,58,16,6,22,30,21,51,0.2,108,12,20,32,35,77,112,0.4,916,53,25,78,338,595,933,3.3,1178,116,69,185,436,732,1168,4.1,,,,,,,,,792,218,46,264,545,167,712,2.5,287,8,5,13,226,61,287,1.0,76,4,0,4,56,18,74,0.3,80,0,3,3,0,77,77,0.3,193,20,0,20,186,7,193,0.7,636,32,8,40,468,163,631,2.2,,,,,,,,,40,0,1,1,28,10,38,0.1,31,4,2,6,17,11,28,0.1,863,24,13,37,528,359,887,3.1,35,10,0,10,35,8,43,0.2,18,0,0,0,20,4,24,0.1,204,36,11,47,133,32,165,0.6,276,76,18,94,186,83,269,1.0,1396,146,42,188,902,486,1388,4.9,,,,,,,,,6,1,2,3,2,1,3,0.0,297,3,2,5,178,132,310,1.1,24513,12984,2350,15334,12673,2323,14996,53.1,483,96,16,112,374,108,482,1.7,3938,61,14,75,2608,536,3144,11.1,28934,13141,2380,15521,15655,2967,18622,65.9,1351,88,32,120,1042,332,1374,4.9,1352,76,27,103,975,287,1262,4.5,38605,14128,2689,16817,22421,5827,28248,7.7,14.2
STATES:,27,UTTARAKHAND,0,0,0,0,0,0,0,0.0,7,11,6,17,9,12,21,1.0,1,1,0,1,2,0,2,0.1,0,0,0,0,0,0,0,0.0,1,0,0,0,1,0,1,0.0,19,1,0,1,12,10,22,1.0,28,13,6,19,24,22,46,2.2,0,0,0,0,0,0,0,0.0,228,53,35,88,180,69,249,11.7,228,53,35,88,180,69,249,11.7,30,6,0,6,27,7,34,1.6,0,0,0,0,0,0,0,0.0,6,1,2,3,3,4,7,0.3,6,1,2,3,3,4,7,0.3,81,4,3,7,74,14,88,4.1,14,1,0,1,15,0,15,0.7,95,5,3,8,89,14,103,4.8,8,0,0,0,7,1,8,0.4,0,0,0,0,0,0,0,0.0,7,0,0,0,6,1,7,0.3,23,5,3,8,3,14,17,0.8,35,6,9,15,10,17,27,1.3,65,11,12,23,19,32,51,2.4,,,,,,,,,9,0,1,1,11,3,14,0.7,136,11,4,15,98,23,121,5.7,2,0,0,0,2,0,2,0.1,14,0,0,0,0,14,14,0.7,18,0,0,0,17,1,18,0.8,170,11,4,15,117,38,155,7.3,,,,,,,,,23,5,7,12,17,12,29,1.4,0,0,0,0,0,0,0,0.0,82,4,4,8,42,38,80,3.8,6,0,0,0,6,0,6,0.3,0,0,0,0,0,0,0,0.0,1,0,0,0,1,0,1,0.0,66,2,1,3,46,47,93,4.4,155,6,5,11,95,85,180,8.5,,,,,,,,,2,0,0,0,1,1,2,0.1,1,0,0,0,1,1,2,0.1,1495,1453,259,1712,775,147,922,43.3,5,0,0,0,4,1,5,0.2,54,0,0,0,44,12,56,2.6,1554,1453,259,1712,823,160,983,46.2,146,0,0,0,139,31,170,8.0,92,1,0,1,77,20,97,4.6,2612,1565,334,1899,1630,500,2130,0.6,21.1
STATES:,28,WEST BENGAL,0,0,0,0,0,0,0,0.0,16,6,4,10,5,5,10,0.1,8,2,1,3,3,0,3,0.0,0,0,0,0,0,0,0,0.0,34,0,0,0,16,18,34,0.2,43,14,5,19,22,6,28,0.2,101,22,10,32,46,29,75,0.4,26,14,7,21,19,9,28,0.2,671,88,41,129,495,192,687,3.8,697,102,48,150,514,201,715,4.0,152,16,5,21,135,21,156,0.9,24,10,2,12,7,2,9,0.1,27,12,4,16,21,7,28,0.2,51,22,6,28,28,9,37,0.2,129,14,4,18,108,27,135,0.8,11,1,0,1,9,2,11,0.1,140,15,4,19,117,29,146,0.8,34,12,1,13,28,5,33,0.2,40,25,12,37,10,3,13,0.1,73,27,7,34,37,5,42,0.2,73,10,8,18,10,57,67,0.4,353,103,58,161,139,282,421,2.4,539,165,85,250,196,347,543,3.0,,,,,,,,,50,15,4,19,31,1,32,0.2,916,141,61,202,507,237,744,4.2,30,0,0,0,19,11,30,0.2,43,0,15,15,0,26,26,0.1,90,36,0,36,41,1,42,0.2,1079,177,76,253,567,275,842,4.7,,,,,,,,,62,2,1,3,48,11,59,0.3,3,0,0,0,3,0,3,0.0,404,38,15,53,277,118,395,2.2,3,3,1,4,178,3,181,1.0,0,0,0,0,0,0,0,0.0,256,27,17,44,118,112,230,1.3,1437,99,86,185,752,553,1305,7.3,2100,167,119,286,1325,786,2111,11.8,,,,,,,,,1,0,1,1,0,0,0,0.0,2,0,0,0,1,1,2,0.0,14468,12294,3257,15551,4608,1038,5646,31.6,516,32,9,41,381,106,487,2.7,2364,21,7,28,1913,452,2365,13.2,17348,12347,3273,15620,6902,1596,8498,47.5,892,51,20,71,657,484,1141,6.4,3170,810,497,1307,2449,1039,3488,19.5,26421,13923,4150,18073,13047,4834,17881,4.9,19.6
STATES:,,TOTAL (STATES),5,0,0,0,15,3,18,0.0,1060,186,96,282,663,365,1028,0.3,441,86,34,120,316,88,404,0.1,42,3,1,4,35,9,44,0.0,102,39,19,58,76,43,119,0.0,1388,128,48,176,1106,380,1486,0.4,3033,442,198,640,2196,885,3081,0.9,672,35,12,47,615,217,832,0.2,27845,421,198,619,21632,6848,28480,8.0,28517,456,210,666,22247,7065,29312,8.2,8780,311,85,396,7472,1279,8751,2.4,157,235,27,262,121,13,134,0.0,301,40,36,76,241,120,361,0.1,458,275,63,338,362,133,495,0.1,9962,611,191,802,8102,1372,9474,2.6,2614,728,152,880,1493,332,1825,0.5,12576,1339,343,1682,9595,1704,11299,3.2,1399,437,46,483,913,123,1036,0.3,301,91,43,134,113,115,228,0.1,1583,144,51,195,1214,269,1483,0.4,3986,99,166,265,848,3036,3884,1.1,20088,981,1586,2567,5926,12658,18584,5.2,25958,1315,1846,3161,8101,16078,24179,6.8,,,,,,,,,1346,305,61,366,973,236,1209,0.3,20827,2725,1806,4531,13808,2310,16118,4.5,4378,343,126,469,3450,891,4341,1.2,911,0,58,58,0,851,851,0.2,4785,472,15,487,3992,153,4145,1.2,30901,3540,2005,5545,21250,4205,25455,7.1,,,,,,,,,1053,118,78,196,981,247,1228,0.3,369,21,8,29,288,96,384,0.1,11000,1399,1148,2547,5735,3174,8909,2.5,1096,28,18,46,1052,357,1409,0.4,153,0,3,3,154,25,179,0.1,13371,2636,2148,4784,5210,3344,8554,2.4,11235,944,728,1672,6848,3302,10150,2.8,36855,5007,4045,9052,18999,10202,29201,8.2,,,,,,,,,314,12,15,27,412,77,489,0.1,3193,1287,262,1549,1432,562,1994,0.6,430563,364597,94751,459348,114354,19903,134257,37.5,2378,818,136,954,1956,402,2358,0.7,29161,3260,526,3786,21154,3695,24849,6.9,462102,368675,95413,464088,137464,24000,161464,45.1,41404,3362,1571,4933,28762,9298,38060,10.6,19112,1351,699,2050,15090,4946,20036,5.6,677375,388253,106948,495201,276552,81139,357691,97.4,30.1
UNION TERRITORIES:,29,A & N ISLANDS,0,0,0,0,0,0,0,0.0,0,0,0,0,0,0,0,0.0,0,0,0,0,0,0,0,0.0,0,0,0,0,0,0,0,0.0,0,0,0,0,0,0,0,0.0,0,0,0,0,0,0,0,0.0,0,0,0,0,0,0,0,0.0,4,0,0,0,4,2,6,3.0,41,0,0,0,33,8,41,20.2,45,0,0,0,37,10,47,23.2,4,0,0,0,4,0,4,2.0,0,0,0,0,0,0,0,0.0,0,0,0,0,0,0,0,0.0,0,0,0,0,0,0,0,0.0,6,0,0,0,6,0,6,3.0,2,0,0,0,2,0,2,1.0,8,0,0,0,8,0,8,3.9,1,0,0,0,1,0,1,0.5,0,0,0,0,0,0,0,0.0,0,0,0,0,0,0,0,0.0,1,0,0,0,0,1,1,0.5,,,,,,,,,14,0,0,0,2,12,14,6.9,,,,,,,,,0,0,0,0,0,0,0,0,41,0,0,0,41,0,41,20.2,2,0,0,0,2,0,2,1.0,0,0,0,0,0,0,0,0.0,0,0,0,0,0,0,0,0.0,43,0,0,0,43,0,43,21.2,,,,,,,,,0,0,0,0,0,0,0,0.0,1,0,0,0,1,0,1,0.5,0,0,0,0,0,0,0,0.0,0,0,0,0,0,0,0,0.0,0,0,0,0,0,0,0,0.0,0,0,0,0,0,0,0,0.0,0,0,0,0,0,0,0,0.0,0,0,0,0,0,0,0,0.0,,,,,,,,,0,0,0,0,0,0,0,0.0,1,0,0,0,1,0,1,0.5,235,215,84,299,15,2,17,8.4,0,0,0,0,0,0,0,0.0,0,0,0,0,0,0,0,0.0,235,215,84,299,15,2,17,8.4,62,0,0,0,55,7,62,30.5,5,0,0,0,4,1,5,2.5,419,215,84,299,171,32,203,0.1,53.4
UNION TERRITORIES:,30,CHANDIGARH,0,0,0,0,0,0,0,0.0,0,0,0,0,0,0,0,0.0,0,0,0,0,0,0,0,0.0,0,0,0,0,0,0,0,0.0,0,0,0,0,0,0,0,0.0,0,0,0,0,0,0,0,0.0,0,0,0,0,0,0,0,0.0,0,0,0,0,0,0,0,0.0,4,0,0,0,3,1,4,0.9,4,0,0,0,3,1,4,0.9,7,0,0,0,7,0,7,1.7,0,0,0,0,0,0,0,0.0,0,0,0,0,0,0,0,0.0,0,0,0,0,0,0,0,0.0,20,0,0,0,15,5,20,4.7,0,0,0,0,0,0,0,0.0,20,0,0,0,15,5,20,4.7,0,0,0,0,0,0,0,0.0,0,0,0,0,0,0,0,0.0,0,0,0,0,0,0,0,0.0,8,0,0,0,1,7,8,1.9,7,0,0,0,1,6,7,1.7,15,0,0,0,2,13,15,3.5,,,,,,,,,0,0,0,0,0,0,0,0,52,0,0,0,50,2,52,12.3,1,0,0,0,1,0,1,0.2,0,0,0,0,0,0,0,0.0,19,0,0,0,19,0,19,4.5,72,0,0,0,70,2,72,17,,,,,,,,,1,0,0,0,1,0,1,0.2,0,0,0,0,0,0,0,0.0,1,0,0,0,0,1,1,0.2,5,0,0,0,2,3,5,1.2,0,0,0,0,0,0,0,0.0,1,0,0,0,1,0,1,0.2,4,0,0,0,3,1,4,0.9,11,0,0,0,6,5,11,2.6,,,,,,,,,0,0,0,0,0,0,0,0.0,1,0,0,0,0,1,1,0.2,441,295,75,370,114,22,136,32.2,0,0,0,0,0,0,0,0.0,0,0,0,0,0,0,0,0.0,441,295,75,370,114,22,136,32.2,118,0,0,0,104,14,118,27.9,38,0,0,0,36,2,38,9.0,728,295,75,370,358,65,423,0.1,40.1
UNION TERRITORIES:,31,D & N HAVELI,0,0,0,0,0,0,0,0.0,0,0,0,0,0,0,0,0.0,0,0,0,0,0,0,0,0.0,0,0,0,0,0,0,0,0.0,0,0,0,0,0,0,0,0.0,0,0,0,0,0,0,0,0.0,0,0,0,0,0,0,0,0.0,0,0,0,0,0,0,0,0.0,12,0,0,0,11,1,12,8.2,12,0,0,0,11,1,12,8.2,4,0,0,0,4,0,4,2.7,0,0,0,0,0,0,0,0.0,0,0,0,0,0,0,0,0.0,0,0,0,0,0,0,0,0.0,6,0,0,0,6,0,6,4.1,0,0,0,0,0,0,0,0.0,6,0,0,0,6,0,6,4.1,1,0,0,0,1,0,1,0.7,0,0,0,0,0,0,0,0.0,1,0,0,0,1,0,1,0.7,4,0,0,0,0,4,4,2.7,0,0,0,0,0,0,0,0.0,5,0,0,0,1,4,5,3.4,,,,,,,,,0,0,0,0,0,0,0,0.0,9,0,0,0,6,3,9,6.1,2,0,0,0,1,1,2,1.4,0,0,0,0,0,0,0,0.0,5,0,0,0,5,0,5,3.4,16,0,0,0,12,4,16,10.9,,,,,,,,,0,0,0,0,0,0,0,0.0,0,0,0,0,0,0,0,0.0,0,0,0,0,0,0,0,0.0,0,0,0,0,0,0,0,0.0,0,0,0,0,0,0,0,0.0,2,0,0,0,1,1,2,1.4,0,0,0,0,0,0,0,0.0,2,0,0,0,1,1,2,1.4,,,,,,,,,0,0,0,0,0,0,0,0.0,0,0,0,0,0,0,0,0.0,103,162,48,210,54,9,63,42.9,0,0,0,0,0,0,0,0.0,0,0,0,0,0,0,0,0.0,103,162,48,210,54,9,63,42.9,25,0,0,0,25,2,27,18.4,11,0,0,0,10,1,11,7.5,185,162,48,210,125,22,147,0.0,42.9
UNION TERRITORIES:,32,DAMAN & DIU,0,0,0,0,0,0,0,0.0,0,0,0,0,0,0,0,0.0,0,0,0,0,0,0,0,0.0,0,0,0,0,0,0,0,0.0,0,0,0,0,0,0,0,0.0,0,0,0,0,0,0,0,0.0,0,0,0,0,0,0,0,0.0,9,0,0,0,9,0,9,8.8,18,0,0,0,18,0,18,17.6,27,0,0,0,27,0,27,26.5,5,0,0,0,4,1,5,4.9,0,0,0,0,0,0,0,0.0,0,0,0,0,0,0,0,0.0,0,0,0,0,0,0,0,0.0,10,0,0,0,10,0,10,9.8,0,0,0,0,0,0,0,0.0,10,0,0,0,10,0,10,9.8,0,0,0,0,0,0,0,0.0,0,0,0,0,0,0,0,0.0,3,0,0,0,3,0,3,2.9,3,0,0,0,0,3,3,2.9,5,0,0,0,1,4,5,4.9,11,0,0,0,4,7,11,10.8,,,,,,,,,0,0,0,0,0,0,0,0.0,6,0,0,0,6,0,6,5.9,1,0,0,0,1,0,1,1.0,0,0,0,0,0,0,0,0.0,1,0,0,0,1,0,1,1.0,8,0,0,0,8,0,8,7.8,,,,,,,,,0,0,0,0,0,0,0,0.0,0,0,0,0,0,0,0,0.0,1,0,0,0,1,0,1,1.0,0,0,0,0,0,0,0,0.0,0,0,0,0,0,0,0,0.0,0,0,0,0,0,0,0,0.0,0,0,0,0,0,0,0,0.0,1,0,0,0,1,0,1,1.0,,,,,,,,,0,0,0,0,0,0,0,0.0,0,0,0,0,0,0,0,0.0,21,8,1,9,20,1,21,20.6,0,0,0,0,0,0,0,0.0,0,0,0,0,0,0,0,0.0,21,8,1,9,20,1,21,20.6,16,0,0,0,16,0,16,15.7,3,0,0,0,3,0,3,2.9,102,8,1,9,93,9,102,0.0,42.0
UNION TERRITORIES:,33,DELHI (UT),0,0,0,0,0,0,0,0.0,23,34,11,45,10,5,15,0.2,10,24,5,29,14,6,20,0.3,0,0,0,0,0,0,0,0.0,0,0,0,0,0,0,0,0.0,49,31,9,40,31,4,35,0.5,82,89,25,114,55,15,70,0.9,0,0,0,0,0,0,0,0.0,182,0,0,0,169,27,196,2.6,182,0,0,0,169,27,196,2.6,161,28,0,28,128,20,148,2.0,2,73,4,77,14,1,15,0.2,21,16,2,18,20,2,22,0.3,23,89,6,95,34,3,37,0.5,428,33,3,36,361,94,455,6.0,22,6,2,8,18,2,20,0.3,450,39,5,44,379,96,475,6.3,189,163,3,166,49,2,51,0.7,10,1,0,1,4,5,9,0.1,38,8,1,9,31,4,35,0.5,93,14,2,16,30,74,104,1.4,155,59,2,61,85,76,161,2.1,296,82,5,87,150,159,309,4.1,,,,,,,,,55,21,1,22,35,6,41,0.5,263,0,0,0,252,24,276,3.7,24,0,0,0,26,1,27,0.4,27,0,0,0,0,30,30,0.4,143,0,0,0,151,0,151,2.0,457,0,0,0,429,55,484,6.4,,,,,,,,,3,0,0,0,2,1,3,0.0,0,0,0,0,0,0,0,0.0,69,0,10,10,43,16,59,0.8,27,6,0,6,14,7,21,0.3,2,0,0,0,1,1,2,0.0,20,2,0,2,11,7,18,0.2,137,14,0,14,95,48,143,1.9,255,22,10,32,164,79,243,3.2,,,,,,,,,0,0,0,0,0,0,0,0.0,13,0,0,0,8,5,13,0.2,7280,5835,1035,6870,1879,228,2107,28.0,7,0,0,0,7,1,8,0.1,1409,355,37,392,915,102,1017,13.5,8696,6190,1072,7262,2801,331,3132,41.6,1286,165,16,181,908,270,1178,15.6,1075,21,0,21,897,253,1150,15.3,13223,6909,1143,8052,6208,1322,7530,2.1,44.9
UNION TERRITORIES:,34,LAKSHADWEEP,0,0,0,0,0,0,0,0.0,0,0,0,0,0,0,0,0.0,0,0,0,0,0,0,0,0.0,0,0,0,0,0,0,0,0.0,0,0,0,0,0,0,0,0.0,0,0,0,0,0,0,0,0.0,0,0,0,0,0,0,0,0.0,2,0,0,0,2,0,2,28.6,3,0,0,0,3,0,3,42.9,5,0,0,0,5,0,5,71.4,0,0,0,0,0,0,0,0.0,0,0,0,0,0,0,0,0.0,0,0,0,0,0,0,0,0.0,0,0,0,0,0,0,0,0.0,1,0,0,0,1,0,1,14.3,0,0,0,0,0,0,0,0.0,1,0,0,0,1,0,1,14.3,0,0,0,0,0,0,0,0.0,0,0,0,0,0,0,0,0.0,0,0,0,0,0,0,0,0.0,1,0,0,0,0,1,1,14.3,0,0,0,0,0,0,0,0.0,1,0,0,0,0,1,1,14.3,,,,,,,,,0,0,0,0,0,0,0,0.0,0,0,0,0,0,0,0,0.0,0,0,0,0,0,0,0,0.0,0,0,0,0,0,0,0,0.0,0,0,0,0,0,0,0,0.0,0,0,0,0,0,0,0,0.0,,,,,,,,,0,0,0,0,0,0,0,0.0,0,0,0,0,0,0,0,0.0,0,0,0,0,0,0,0,0.0,0,0,0,0,0,0,0,0.0,0,0,0,0,0,0,0,0.0,0,0,0,0,0,0,0,0.0,0,0,0,0,0,0,0,0.0,0,0,0,0,0,0,0,0.0,,,,,,,,,0,0,0,0,0,0,0,0.0,0,0,0,0,0,0,0,0.0,0,0,0,0,0,0,0,0.0,0,0,0,0,0,0,0,0.0,0,0,0,0,0,0,0,0.0,0,0,0,0,0,0,0,0.0,0,0,0,0,0,0,0,0.0,0,0,0,0,0,0,0,0.0,7,0,0,0,6,1,7,0.0,10.9
UNION TERRITORIES:,35,PUDUCHERRY,0,0,0,0,0,0,0,0.0,7,1,2,3,3,4,7,0.6,0,0,0,0,0,0,0,0.0,0,0,0,0,0,0,0,0.0,0,0,0,0,0,0,0,0.0,3,0,0,0,2,1,3,0.3,10,1,2,3,5,5,10,0.9,0,0,0,0,0,0,0,0.0,105,0,0,0,97,8,105,9.6,105,0,0,0,97,8,105,9.6,26,0,0,0,21,5,26,2.4,0,0,0,0,0,0,0,0.0,0,0,0,0,0,0,0,0.0,0,0,0,0,0,0,0,0.0,50,2,0,2,44,4,48,4.4,0,0,0,0,0,0,0,0.0,50,2,0,2,44,4,48,4.4,7,5,0,5,2,0,2,0.2,1,0,1,1,0,0,0,0.0,1,0,0,0,0,1,1,0.1,0,0,0,0,0,0,0,0.0,41,1,0,1,7,34,41,3.8,43,1,1,2,7,35,42,3.8,,,,,,,,,0,0,0,0,0,0,0,0.0,63,0,0,0,58,5,63,5.8,282,0,0,0,251,31,282,25.8,0,0,0,0,0,0,0,0.0,226,0,0,0,224,2,226,20.7,571,0,0,0,533,38,571,52.3,,,,,,,,,1,0,0,0,1,0,1,0.1,0,0,0,0,0,0,0,0.0,2,0,0,0,1,1,2,0.2,0,0,0,0,0,0,0,0.0,1,241,254,495,0,0,0,0.0,15,0,0,0,9,6,15,1.4,3,0,0,0,2,1,3,0.3,21,241,254,495,12,8,20,1.8,,,,,,,,,0,0,0,0,0,0,0,0.0,1,4,0,4,4,0,4,0.4,1480,1335,354,1689,193,40,233,21.4,0,0,0,0,0,0,0,0.0,6,0,0,0,6,0,6,0.5,1486,1335,354,1689,199,40,239,21.9,19,7,0,7,12,0,12,1.1,11,0,0,0,8,3,11,1.0,2351,1596,611,2207,945,146,1091,0.3,87.7
UNION TERRITORIES:,,TOTAL (UTs),0,0,0,0,0,0,0,0.0,30,35,13,48,13,9,22,0.2,10,24,5,29,14,6,20,0.2,0,0,0,0,0,0,0,0.0,0,0,0,0,0,0,0,0.0,52,31,9,40,33,5,38,0.4,92,90,27,117,60,20,80,0.8,15,0,0,0,15,2,17,0.2,365,0,0,0,334,45,379,4.0,380,0,0,0,349,47,396,4.2,207,28,0,28,168,26,194,2.0,2,73,4,77,14,1,15,0.2,21,16,2,18,20,2,22,0.2,23,89,6,95,34,3,37,0.4,521,35,3,38,443,103,546,5.7,24,6,2,8,20,2,22,0.2,545,41,5,46,463,105,568,6.0,198,168,3,171,53,2,55,0.6,11,1,1,2,4,5,9,0.1,43,8,1,9,35,5,40,0.4,110,14,2,16,31,90,121,1.3,221,60,2,62,96,131,227,2.4,385,83,6,89,166,231,397,4.2,,,,,,,,,55,21,1,22,35,6,41,0.4,434,0,0,0,413,34,447,4.7,312,0,0,0,282,33,315,3.3,27,0,0,0,0,30,30,0.3,394,0,0,0,400,2,402,4.2,1167,0,0,0,1095,99,1194,12.6,,,,,,,,,5,0,0,0,4,1,5,0.1,1,0,0,0,1,0,1,0.0,73,0,10,10,45,18,63,0.7,32,6,0,6,16,10,26,0.3,3,241,254,495,1,1,2,0.0,38,2,0,2,22,14,36,0.4,144,14,0,14,100,50,150,1.6,290,263,264,527,184,93,277,2.9,,,,,,,,,0,0,0,0,0,0,0,0.0,16,4,0,4,13,6,19,0.2,9560,7850,1597,9447,2275,302,2577,27.1,7,0,0,0,7,1,8,0.1,1415,355,37,392,921,102,1023,10.8,10982,8205,1634,9839,3203,405,3608,38.0,1526,172,16,188,1120,293,1413,14.9,1143,21,0,21,958,260,1218,12.8,17015,9185,1962,11147,7906,1597,9503,2.6,47.3
UNION TERRITORIES:,,TOTAL (ALL INDIA),5,0,0,0,15,3,18,0.0,1090,221,109,330,676,374,1050,0.3,451,110,39,149,330,94,424,0.1,42,3,1,4,35,9,44,0.0,102,39,19,58,76,43,119,0.0,1440,159,57,216,1139,385,1524,0.4,3125,532,225,757,2256,905,3161,0.9,687,35,12,47,630,219,849,0.2,28210,421,198,619,21966,6893,28859,7.9,28897,456,210,666,22596,7112,29708,8.1,8987,339,85,424,7640,1305,8945,2.4,159,308,31,339,135,14,149,0.0,322,56,38,94,261,122,383,0.1,481,364,69,433,396,136,532,0.1,10483,646,194,840,8545,1475,10020,2.7,2638,734,154,888,1513,334,1847,0.5,13121,1380,348,1728,10058,1809,11867,3.2,1597,605,49,654,966,125,1091,0.3,312,92,44,136,117,120,237,0.1,1626,152,52,204,1249,274,1523,0.4,4096,113,168,281,879,3126,4005,1.1,20309,1041,1588,2629,6022,12789,18811,5.1,26343,1398,1852,3250,8267,16309,24576,6.7,,,,,,,,,1401,326,62,388,1008,242,1250,0.3,21261,2725,1806,4531,14221,2344,16565,4.5,4690,343,126,469,3732,924,4656,1.3,938,0,58,58,0,881,881,0.2,5179,472,15,487,4392,155,4547,1.2,32068,3540,2005,5545,22345,4304,26649,7.3,,,,,,,,,1058,118,78,196,985,248,1233,0.3,370,21,8,29,289,96,385,0.1,11073,1399,1158,2557,5780,3192,8972,2.4,1128,34,18,52,1068,367,1435,0.4,156,241,257,498,155,26,181,0.0,13409,2638,2148,4786,5232,3358,8590,2.3,11379,958,728,1686,6948,3352,10300,2.8,37145,5270,4309,9579,19183,10295,29478,8.0,,,,,,,,,314,12,15,27,412,77,489,0.1,3209,1291,262,1553,1445,568,2013,0.5,440123,372447,96348,468795,116629,20205,136834,37.3,2385,818,136,954,1963,403,2366,0.6,30576,3615,563,4178,22075,3797,25872,7.0,473084,376880,97047,473927,140667,24405,165072,45.0,42930,3534,1587,5121,29882,9591,39473,10.7,20255,1372,699,2071,16048,5206,21254,5.8,694390,397438,108910,506348,284458,82736,367194,100.0,30.3
CITIES:,36,AGRA,0,0,0,0,0,0,0,0.0,2,1,0,1,3,1,4,0.4,0,0,0,0,0,0,0,0.0,0,0,0,0,0,0,0,0.0,0,0,0,0,0,0,0,0.0,2,0,0,0,2,0,2,0.2,4,1,0,1,5,1,6,0.7,3,0,0,0,3,0,3,0.3,33,0,0,0,30,5,35,3.9,36,0,0,0,33,5,38,4.2,32,0,0,0,29,3,32,3.6,1,0,1,1,1,0,1,0.1,1,0,0,0,1,1,2,0.2,2,0,1,1,2,1,3,0.3,2,0,0,0,2,0,2,0.2,0,0,0,0,0,0,0,0.0,2,0,0,0,2,0,2,0.2,0,0,0,0,0,0,0,0.0,2,0,0,0,2,0,2,0.2,0,0,0,0,0,0,0,0.0,2,0,0,0,0,2,2,0.2,78,20,0,20,30,28,58,6.5,,,,,,,,,82,20,0,20,32,30,62,6.9,9,0,0,0,8,1,9,1.0,4,0,0,0,3,1,4,0.4,0,0,0,0,0,0,0,0.0,1,0,0,0,0,1,1,0.1,6,0,0,0,6,0,6,0.7,,,,,,,,,11,0,0,0,9,2,11,1.2,0,0,0,0,0,0,0,0.0,1,0,0,0,0,1,1,0.1,11,0,0,0,6,5,11,1.2,0,0,0,0,0,0,0,0.0,0,0,0,0,0,0,0,0.0,1,0,0,0,1,0,1,0.1,0,0,0,0,0,0,0,0.0,,,,,,,,,12,0,0,0,7,5,12,1.3,0,0,0,0,0,0,0,0.0,0,0,0,0,0,0,0,0.0,1207,862,105,967,539,67,606,67.6,3,0,0,0,2,1,3,0.3,44,0,0,0,36,8,44,4.9,1254,862,105,967,577,76,653,72.8,49,0,0,0,26,23,49,5.5,19,0,0,0,19,0,19,2.1,1513,883,106,989,749,148,897,1.5,51.4
CITIES:,37,AHMEDABAD,0,0,0,0,0,0,0,0.0,5,0,0,0,3,2,5,0.3,14,0,0,0,14,0,14,0.8,0,0,0,0,0,0,0,0.0,1,0,0,0,1,0,1,0.1,27,0,0,0,17,10,27,1.6,47,0,0,0,35,12,47,2.8,3,0,0,0,2,1,3,0.2,150,0,0,0,118,32,150,9.0,153,0,0,0,120,33,153,9.2,26,0,0,0,24,2,26,1.6,0,0,0,0,0,0,0,0.0,2,0,0,0,2,0,2,0.1,2,0,0,0,2,0,2,0.1,113,0,0,0,90,23,113,6.8,9,0,0,0,8,1,9,0.5,122,0,0,0,98,24,122,7.3,8,0,0,0,8,0,8,0.5,0,0,0,0,0,0,0,0.0,27,0,0,0,25,2,27,1.6,64,0,0,0,10,54,64,3.8,110,0,0,0,47,63,110,6.6,,,,,,,,,201,0,0,0,82,119,201,12.0,0,0,0,0,0,0,0,0.0,107,0,0,0,100,7,107,6.4,40,0,0,0,32,8,40,2.4,10,0,0,0,0,10,10,0.6,0,0,0,0,0,0,0,0.0,,,,,,,,,157,0,0,0,132,25,157,9.4,0,0,0,0,0,0,0,0.0,0,0,0,0,0,0,0,0.0,0,0,0,0,0,0,0,0.0,36,0,0,0,29,7,36,2.2,0,0,0,0,0,0,0,0.0,2,0,0,0,1,1,2,0.1,67,0,0,0,37,30,67,4.0,,,,,,,,,105,0,0,0,67,38,105,6.3,0,0,0,0,0,0,0,0.0,14,0,0,0,14,0,14,0.8,2020,2002,34,2036,207,20,227,13.6,23,0,0,0,21,2,23,1.4,0,0,0,0,0,0,0,0.0,2043,2002,34,2036,228,22,250,15.0,475,0,0,0,389,86,475,28.4,111,0,0,0,91,20,111,6.6,3464,2002,34,2036,1290,381,1671,2.8,26.3
CITIES:,38,ALLAHABAD,0,0,0,0,0,0,0,0.0,1,0,0,0,1,0,1,0.4,0,0,0,0,0,0,0,0.0,0,0,0,0,0,0,0,0.0,0,0,0,0,0,0,0,0.0,1,0,0,0,1,0,1,0.4,2,0,0,0,2,0,2,0.9,0,0,0,0,0,0,0,0.0,8,0,0,0,7,1,8,3.5,8,0,0,0,7,1,8,3.5,7,0,0,0,7,0,7,3.1,1,0,0,0,1,0,1,0.4,1,0,0,0,0,2,2,0.9,2,0,0,0,1,2,3,1.3,6,0,0,0,7,0,7,3.1,2,0,0,0,2,0,2,0.9,8,0,0,0,9,0,9,3.9,0,0,0,0,0,0,0,0.0,1,0,0,0,0,1,1,0.4,1,0,0,0,1,0,1,0.4,1,6,1,7,4,1,5,2.2,26,0,0,0,7,19,26,11.4,,,,,,,,,29,6,1,7,12,21,33,14.4,6,0,0,0,6,1,7,3.1,4,0,0,0,4,0,4,1.7,2,0,0,0,2,0,2,0.9,2,0,0,0,0,2,2,0.9,3,0,0,0,3,0,3,1.3,,,,,,,,,11,0,0,0,9,2,11,4.8,0,0,0,0,0,0,0,0.0,0,0,0,0,0,0,0,0.0,11,0,0,0,8,3,11,4.8,0,0,0,0,0,0,0,0.0,0,0,0,0,0,0,0,0.0,0,0,0,0,0,0,0,0.0,1,0,0,0,1,0,1,0.4,,,,,,,,,12,0,0,0,9,3,12,5.2,0,0,0,0,0,0,0,0.0,0,0,0,0,0,0,0,0.0,158,61,20,81,65,16,81,35.4,0,0,0,0,0,0,0,0.0,31,0,0,0,28,3,31,13.5,189,61,20,81,93,19,112,48.9,0,0,0,0,0,0,0,0.0,25,0,0,0,24,1,25,10.9,299,67,21,88,179,50,229,0.4,18.8
CITIES:,39,AMRITSAR,0,0,0,0,0,0,0,0.0,5,0,0,0,1,4,5,2.5,0,0,0,0,0,0,0,0.0,0,0,0,0,0,0,0,0.0,0,0,0,0,0,0,0,0.0,0,0,0,0,0,0,0,0.0,5,0,0,0,1,4,5,2.5,0,0,0,0,0,0,0,0.0,11,0,0,0,8,3,11,5.5,11,0,0,0,8,3,11,5.5,10,0,0,0,8,2,10,5.0,0,0,0,0,0,0,0,0.0,0,0,0,0,0,0,0,0.0,0,0,0,0,0,0,0,0.0,0,0,0,0,0,0,0,0.0,0,0,0,0,0,0,0,0.0,0,0,0,0,0,0,0,0.0,0,0,0,0,0,0,0,0.0,0,0,0,0,0,0,0,0.0,0,0,0,0,0,0,0,0.0,0,0,0,0,0,0,0,0.0,19,0,0,0,6,13,19,9.5,,,,,,,,,19,0,0,0,6,13,19,9.5,0,0,0,0,0,0,0,0.0,12,0,0,0,11,1,12,6.0,0,0,0,0,0,0,0,0.0,0,0,0,0,0,0,0,0.0,23,0,0,0,23,0,23,11.5,,,,,,,,,35,0,0,0,34,1,35,17.5,0,0,0,0,0,0,0,0.0,0,0,0,0,0,0,0,0.0,24,0,0,0,14,10,24,12.0,0,0,0,0,0,0,0,0.0,0,0,0,0,0,0,0,0.0,0,0,0,0,0,0,0,0.0,0,0,0,0,0,0,0,0.0,,,,,,,,,24,0,0,0,14,10,24,12.0,0,0,0,0,0,0,0,0.0,0,0,0,0,0,0,0,0.0,129,83,6,89,72,8,80,40.0,0,0,0,0,0,0,0,0.0,0,0,0,0,0,0,0,0.0,129,83,6,89,72,8,80,40.0,16,0,0,0,16,0,16,8.0,0,0,0,0,0,0,0,0.0,249,83,6,89,159,41,200,0.3,16.9
CITIES:,40,ASANSOL,0,0,0,0,0,0,0,0.0,0,0,0,0,0,0,0,0.0,2,0,0,0,2,0,2,0.2,0,0,0,0,0,0,0,0.0,0,0,0,0,0,0,0,0.0,5,0,0,0,5,0,5,0.4,7,0,0,0,7,0,7,0.6,0,0,0,0,0,0,0,0.0,35,0,0,0,43,11,54,4.6,35,0,0,0,43,11,54,4.6,5,0,0,0,8,0,8,0.7,0,0,0,0,0,0,0,0.0,0,0,0,0,0,0,0,0.0,0,0,0,0,0,0,0,0.0,9,0,0,0,7,2,9,0.8,1,0,0,0,1,1,2,0.2,10,0,0,0,8,3,11,0.9,0,0,0,0,0,0,0,0.0,0,0,0,0,0,0,0,0.0,1,0,0,0,1,0,1,0.1,17,0,0,0,2,19,21,1.8,79,0,0,0,18,65,83,7.1,,,,,,,,,97,0,0,0,21,84,105,9.0,7,0,0,0,8,0,8,0.7,27,0,0,0,27,6,33,2.8,1,0,0,0,1,0,1,0.1,2,0,0,0,0,2,2,0.2,0,0,0,0,0,0,0,0.0,,,,,,,,,30,0,0,0,28,8,36,3.1,0,0,0,0,0,0,0,0.0,2,0,0,0,2,0,2,0.2,18,0,0,0,12,6,18,1.5,0,0,0,0,0,0,0,0.0,0,0,0,0,0,0,0,0.0,12,0,0,0,5,7,12,1.0,75,0,0,0,47,32,79,6.8,,,,,,,,,105,0,0,0,64,45,109,9.3,0,0,0,0,0,0,0,0.0,0,0,0,0,0,0,0,0.0,313,57,11,68,290,56,346,29.6,55,26,5,31,34,1,35,3.0,3,2,1,3,7,1,8,0.7,371,85,17,102,331,58,389,33.3,77,0,0,0,81,28,109,9.3,293,0,0,0,253,77,330,28.3,1039,85,17,102,854,314,1168,2.0,94.0
CITIES:,41,AURANGABAD,0,0,0,0,0,0,0,0.0,0,0,0,0,0,0,0,0.0,0,0,0,0,0,0,0,0.0,0,0,0,0,0,0,0,0.0,0,0,0,0,0,0,0,0.0,8,3,2,5,2,1,3,0.4,8,3,2,5,2,1,3,0.4,0,0,0,0,0,0,0,0.0,47,9,2,11,33,3,36,4.7,47,9,2,11,33,3,36,4.7,92,41,18,59,20,5,25,3.3,0,0,0,0,0,0,0,0.0,0,0,0,0,0,0,0,0.0,0,0,0,0,0,0,0,0.0,156,95,34,129,21,6,27,3.6,10,3,3,6,2,2,4,0.5,166,98,37,135,23,8,31,4.1,243,218,20,238,5,0,5,0.7,0,0,0,0,0,0,0,0.0,0,0,0,0,0,0,0,0.0,0,0,0,0,0,0,0,0.0,376,85,165,250,36,96,132,17.4,,,,,,,,,376,85,165,250,36,96,132,17.4,0,0,0,0,0,0,0,0.0,197,53,28,81,101,15,116,15.3,212,86,27,113,83,18,101,13.3,28,0,22,22,0,6,6,0.8,96,73,0,73,23,0,23,3.0,,,,,,,,,533,212,77,289,207,39,246,32.4,16,12,4,16,0,0,0,0.0,0,0,0,0,0,0,0,0.0,317,158,142,300,14,3,17,2.2,0,0,0,0,0,0,0,0.0,0,0,0,0,0,0,0,0.0,20,6,8,14,2,4,6,0.8,0,0,0,0,0,0,0,0.0,,,,,,,,,337,164,150,314,16,7,23,3.0,0,0,0,0,0,0,0,0.0,0,0,0,0,0,0,0,0.0,1698,1299,385,1684,162,28,190,25.0,0,0,0,0,0,0,0,0.0,23,0,0,0,16,7,23,3.0,1721,1299,385,1684,178,35,213,28.0,279,156,78,234,36,10,46,6.1,0,0,0,0,0,0,0,0.0,3818,2297,938,3235,556,204,760,1.3,63.9
CITIES:,42,BENGALURU,0,0,0,0,0,0,0,0.0,2,0,0,0,1,1,2,0.1,2,2,0,2,3,1,4,0.1,0,0,0,0,0,0,0,0.0,0,0,0,0,0,0,0,0.0,6,0,0,0,5,1,6,0.2,10,2,0,2,9,3,12,0.4,20,1,0,1,2,0,2,0.1,38,11,7,18,66,12,78,2.4,58,12,7,19,68,12,80,2.4,23,4,3,7,26,8,34,1.0,0,0,0,0,0,0,0,0.0,4,0,0,0,6,1,7,0.2,4,0,0,0,6,1,7,0.2,115,27,10,37,118,23,141,4.3,5,7,2,9,13,3,16,0.5,120,34,12,46,131,26,157,4.8,2,0,0,0,2,0,2,0.1,1,1,0,1,4,1,5,0.2,5,4,0,4,8,4,12,0.4,79,6,4,10,28,81,109,3.3,108,23,21,44,87,167,254,7.8,,,,,,,,,193,34,25,59,127,253,380,11.6,15,5,4,9,18,11,29,0.9,86,7,7,14,108,7,115,3.5,21,4,10,14,34,11,45,1.4,2,0,0,0,0,2,2,0.1,35,3,10,13,52,27,79,2.4,,,,,,,,,144,14,27,41,194,47,241,7.4,3,1,4,5,17,1,18,0.6,2,0,0,0,3,0,3,0.1,27,0,3,3,19,8,27,0.8,18,2,7,9,35,12,47,1.4,0,0,0,0,0,0,0,0.0,24,3,2,5,19,9,28,0.9,204,28,8,36,175,70,245,7.5,,,,,,,,,273,33,20,53,248,99,347,10.6,9,11,12,23,0,0,0,0.0,1,0,1,1,5,2,7,0.2,6031,3843,1109,4952,608,112,720,22.0,0,0,0,0,0,0,0,0.0,0,0,0,0,0,0,0,0.0,6031,3843,1109,4952,608,112,720,22.0,457,102,105,207,648,198,846,25.9,163,64,67,131,250,138,388,11.9,7508,4159,1396,5555,2360,911,3271,5.5,38.5
CITIES:,43,BHOPAL,0,0,0,0,0,0,0,0.0,1,0,0,0,1,0,1,0.2,0,0,0,0,0,0,0,0.0,0,0,0,0,0,0,0,0.0,0,0,0,0,0,0,0,0.0,0,0,0,0,0,0,0,0.0,1,0,0,0,1,0,1,0.2,0,0,0,0,0,0,0,0.0,27,0,0,0,23,4,27,5.3,27,0,0,0,23,4,27,5.3,19,0,0,0,16,3,19,3.7,0,0,0,0,0,0,0,0.0,2,0,0,0,2,0,2,0.4,2,0,0,0,2,0,2,0.4,22,0,0,0,22,0,22,4.3,0,0,0,0,0,0,0,0.0,22,0,0,0,22,0,22,4.3,5,0,0,0,4,1,5,1.0,0,0,0,0,0,0,0,0.0,0,0,0,0,0,0,0,0.0,19,0,0,0,2,17,19,3.7,9,0,0,0,7,2,9,1.8,,,,,,,,,28,0,0,0,9,19,28,5.4,1,0,0,0,1,0,1,0.2,102,0,0,0,90,12,102,19.8,2,0,0,0,2,0,2,0.4,3,0,0,0,0,3,3,0.6,3,0,0,0,3,0,3,0.6,,,,,,,,,110,0,0,0,95,15,110,21.4,0,0,0,0,0,0,0,0.0,0,0,0,0,0,0,0,0.0,0,0,0,0,0,0,0,0.0,0,0,0,0,0,0,0,0.0,0,0,0,0,0,0,0,0.0,3,0,0,0,3,0,3,0.6,8,0,0,0,6,2,8,1.6,,,,,,,,,11,0,0,0,9,2,11,2.1,0,0,0,0,0,0,0,0.0,0,0,0,0,0,0,0,0.0,2851,2295,312,2607,198,46,244,47.5,10,0,0,0,9,1,10,1.9,0,0,0,0,0,0,0,0.0,2861,2295,312,2607,207,47,254,49.4,3,0,0,0,3,0,3,0.6,31,0,0,0,29,2,31,6.0,3121,2295,312,2607,421,93,514,0.9,27.3
CITIES:,44,CHANDIGARH (CITY),0,0,0,0,0,0,0,0.0,0,0,0,0,0,0,0,0.0,0,0,0,0,0,0,0,0.0,0,0,0,0,0,0,0,0.0,0,0,0,0,0,0,0,0.0,0,0,0,0,0,0,0,0.0,0,0,0,0,0,0,0,0.0,0,0,0,0,0,0,0,0.0,4,0,0,0,3,1,4,1.0,4,0,0,0,3,1,4,1.0,6,0,0,0,6,0,6,1.5,0,0,0,0,0,0,0,0.0,0,0,0,0,0,0,0,0.0,0,0,0,0,0,0,0,0.0,19,0,0,0,14,5,19,4.7,0,0,0,0,0,0,0,0.0,19,0,0,0,14,5,19,4.7,0,0,0,0,0,0,0,0.0,0,0,0,0,0,0,0,0.0,0,0,0,0,0,0,0,0.0,7,0,0,0,1,6,7,1.7,7,0,0,0,1,6,7,1.7,,,,,,,,,14,0,0,0,2,12,14,3.5,0,0,0,0,0,0,0,0.0,47,0,0,0,45,2,47,11.7,1,0,0,0,1,0,1,0.2,0,0,0,0,0,0,0,0.0,19,0,0,0,19,0,19,4.7,,,,,,,,,67,0,0,0,65,2,67,16.7,1,0,0,0,1,0,1,0.2,0,0,0,0,0,0,0,0.0,1,0,0,0,0,1,1,0.2,4,0,0,0,2,2,4,1.0,0,0,0,0,0,0,0,0.0,0,0,0,0,0,0,0,0.0,4,0,0,0,3,1,4,1.0,,,,,,,,,9,0,0,0,5,4,9,2.2,0,0,0,0,0,0,0,0.0,1,0,0,0,0,1,1,0.2,423,279,73,352,110,22,132,32.9,0,0,0,0,0,0,0,0.0,0,0,0,0,0,0,0,0.0,423,279,73,352,110,22,132,32.9,111,0,0,0,97,14,111,27.7,37,0,0,0,35,2,37,9.2,692,279,73,352,338,63,401,0.7,39.1
CITIES:,45,CHENNAI,0,0,0,0,0,0,0,0.0,2,0,1,1,1,1,2,0.0,15,1,0,1,11,3,14,0.3,0,0,0,0,0,0,0,0.0,0,0,0,0,0,0,0,0.0,5,0,0,0,4,1,5,0.1,22,1,1,2,16,5,21,0.5,3,0,0,0,4,0,4,0.1,238,21,1,22,214,34,248,5.9,241,21,1,22,218,34,252,6.0,64,4,0,4,59,3,62,1.5,0,0,0,0,0,0,0,0.0,0,0,0,0,0,0,0,0.0,0,0,0,0,0,0,0,0.0,189,13,3,16,162,29,191,4.5,17,0,0,0,14,3,17,0.4,206,13,3,16,176,32,208,4.9,4,0,0,0,4,0,4,0.1,20,0,0,0,8,12,20,0.5,17,7,0,7,10,2,12,0.3,91,2,5,7,14,82,96,2.3,240,6,9,15,142,93,235,5.6,,,,,,,,,368,15,14,29,174,189,363,8.6,0,0,0,0,0,0,0,0.0,449,101,18,119,385,63,448,10.6,80,7,5,12,67,14,81,1.9,18,0,0,0,0,18,18,0.4,280,19,1,20,253,28,281,6.7,,,,,,,,,827,127,24,151,705,123,828,19.6,1,0,0,0,1,0,1,0.0,0,0,0,0,0,0,0,0.0,64,21,8,29,47,19,66,1.6,23,3,0,3,15,5,20,0.5,1,0,0,0,1,0,1,0.0,10,0,0,0,6,4,10,0.2,92,20,7,27,69,19,88,2.1,,,,,,,,,190,44,15,59,138,47,185,4.4,0,0,0,0,0,0,0,0.0,11,0,0,0,8,3,11,0.3,9845,6280,1618,7898,1196,203,1399,33.2,0,0,0,0,0,0,0,0.0,0,0,0,0,0,0,0,0.0,9845,6280,1618,7898,1196,203,1399,33.2,715,44,2,46,598,115,713,16.9,168,0,0,0,138,30,168,4.0,12662,6549,1678,8227,3431,784,4215,7.1,48.5
CITIES:,46,COIMBATORE,0,0,0,0,0,0,0,0.0,2,0,0,0,2,0,2,0.4,1,0,0,0,0,1,1,0.2,0,0,0,0,0,0,0,0.0,0,0,0,0,0,0,0,0.0,0,0,0,0,0,0,0,0.0,3,0,0,0,2,1,3,0.6,0,0,0,0,0,0,0,0.0,10,0,0,0,9,1,10,2.1,10,0,0,0,9,1,10,2.1,14,0,0,0,14,0,14,2.9,0,0,0,0,0,0,0,0.0,0,0,0,0,0,0,0,0.0,0,0,0,0,0,0,0,0.0,19,0,0,0,17,2,19,4.0,3,0,0,0,1,2,3,0.6,22,0,0,0,18,4,22,4.6,1,0,0,0,1,0,1,0.2,0,0,0,0,0,0,0,0.0,0,0,0,0,0,0,0,0.0,8,0,0,0,4,4,8,1.7,18,0,0,0,2,16,18,3.8,,,,,,,,,26,0,0,0,6,20,26,5.5,1,0,0,0,1,0,1,0.2,55,0,0,0,50,5,55,11.6,20,0,0,0,18,2,20,4.2,0,0,0,0,0,0,0,0.0,26,0,0,0,26,0,26,5.5,,,,,,,,,101,0,0,0,94,7,101,21.3,0,0,0,0,0,0,0,0.0,0,0,0,0,0,0,0,0.0,1,0,0,0,1,0,1,0.2,0,0,0,0,0,0,0,0.0,0,0,0,0,0,0,0,0.0,4,0,0,0,3,1,4,0.8,1,0,0,0,1,0,1,0.2,,,,,,,,,6,0,0,0,5,1,6,1.3,0,0,0,0,0,0,0,0.0,0,0,0,0,0,0,0,0.0,1131,837,208,1045,196,47,243,51.2,0,0,0,0,0,0,0,0.0,0,0,0,0,0,0,0,0.0,1131,837,208,1045,196,47,243,51.2,47,0,0,0,44,3,47,9.9,1,0,0,0,1,0,1,0.2,1363,837,208,1045,391,84,475,0.8,22.1
CITIES:,47,DELHI (CITY),0,0,0,0,0,0,0,0.0,15,9,8,17,4,5,9,0.1,8,22,5,27,13,6,19,0.3,0,0,0,0,0,0,0,0.0,0,0,0,0,0,0,0,0.0,45,22,9,31,29,3,32,0.5,68,53,22,75,46,14,60,1.0,0,0,0,0,0,0,0,0.0,127,0,0,0,129,11,140,2.3,127,0,0,0,129,11,140,2.3,103,19,0,19,85,11,96,1.5,2,73,4,77,14,1,15,0.2,8,12,2,14,8,1,9,0.1,10,85,6,91,22,2,24,0.4,364,31,3,34,310,82,392,6.3,19,5,2,7,15,1,16,0.3,383,36,5,41,325,83,408,6.6,105,102,1,103,29,0,29,0.5,10,1,0,1,4,5,9,0.1,31,8,1,9,24,4,28,0.5,82,11,1,12,25,69,94,1.5,126,53,2,55,72,62,134,2.2,,,,,,,,,249,73,4,77,125,140,265,4.3,39,16,1,17,25,5,30,0.5,244,0,0,0,233,24,257,4.1,19,0,0,0,22,0,22,0.4,19,0,0,0,0,22,22,0.4,132,0,0,0,140,0,140,2.3,,,,,,,,,414,0,0,0,395,46,441,7.1,2,0,0,0,2,0,2,0.0,0,0,0,0,0,0,0,0.0,65,0,10,10,40,15,55,0.9,27,6,0,6,14,7,21,0.3,1,0,0,0,0,1,1,0.0,7,2,0,2,3,2,5,0.1,72,14,0,14,55,16,71,1.1,,,,,,,,,172,22,10,32,112,41,153,2.5,0,0,0,0,0,0,0,0.0,12,0,0,0,8,4,12,0.2,6065,4735,868,5603,1503,176,1679,27.1,2,0,0,0,3,0,3,0.0,1409,355,37,392,915,102,1017,16.4,7476,5090,905,5995,2421,278,2699,43.5,1014,165,16,181,680,186,866,14.0,907,6,0,6,768,212,980,15.8,11081,5667,970,6637,5172,1033,6205,10.5,38.0
CITIES:,48,DHANBAD,0,0,0,0,0,0,0,0.0,1,3,2,5,0,1,1,0.9,1,1,0,1,0,1,1,0.9,0,0,0,0,0,0,0,0.0,0,0,0,0,0,0,0,0.0,1,1,0,1,0,1,1,0.9,3,5,2,7,0,3,3,2.6,0,0,0,0,0,0,0,0.0,0,0,0,0,0,0,0,0.0,0,0,0,0,0,0,0,0.0,1,1,0,1,1,1,2,1.7,0,0,0,0,0,0,0,0.0,1,0,0,0,0,1,1,0.9,1,0,0,0,0,1,1,0.9,0,0,0,0,0,0,0,0.0,1,1,0,1,1,0,1,0.9,1,1,0,1,1,0,1,0.9,0,0,0,0,0,0,0,0.0,0,0,0,0,0,0,0,0.0,0,0,0,0,0,0,0,0.0,1,0,0,0,0,1,1,0.9,0,0,0,0,0,0,0,0.0,,,,,,,,,1,0,0,0,0,1,1,0.9,0,0,0,0,0,0,0,0.0,15,0,0,0,10,5,15,13.0,0,0,0,0,0,0,0,0.0,1,0,0,0,0,1,1,0.9,0,0,0,0,0,0,0,0.0,,,,,,,,,16,0,0,0,10,6,16,13.9,0,0,0,0,0,0,0,0.0,1,1,0,1,1,0,1,0.9,2,1,1,2,2,0,2,1.7,0,0,0,0,0,0,0,0.0,0,0,0,0,0,0,0,0.0,1,0,0,0,1,0,1,0.9,1,0,1,1,1,0,1,0.9,,,,,,,,,4,1,2,3,4,0,4,3.5,0,0,0,0,0,0,0,0.0,2,0,0,0,1,1,2,1.7,138,68,15,83,63,19,82,71.3,0,0,0,0,0,0,0,0.0,0,0,0,0,0,0,0,0.0,138,68,15,83,63,19,82,71.3,0,0,0,0,0,0,0,0.0,2,0,0,0,2,0,2,1.7,170,77,19,96,83,32,115,0.2,9.6
CITIES:,49,DURG BHILAINAGAR,0,0,0,0,0,0,0,0.0,1,0,0,0,1,0,1,0.1,0,0,0,0,0,0,0,0.0,0,0,0,0,0,0,0,0.0,0,0,0,0,0,0,0,0.0,0,0,0,0,0,0,0,0.0,1,0,0,0,1,0,1,0.1,0,0,0,0,0,0,0,0.0,43,0,0,0,39,4,43,5.9,43,0,0,0,39,4,43,5.9,23,0,0,0,20,3,23,3.2,0,0,0,0,0,0,0,0.0,1,0,0,0,1,0,1,0.1,1,0,0,0,1,0,1,0.1,5,0,0,0,4,1,5,0.7,0,0,0,0,0,0,0,0.0,5,0,0,0,4,1,5,0.7,6,0,0,0,6,0,6,0.8,0,0,0,0,0,0,0,0.0,0,0,0,0,0,0,0,0.0,0,0,0,0,0,0,0,0.0,73,0,0,0,10,63,73,10.0,,,,,,,,,73,0,0,0,10,63,73,10.0,0,0,0,0,0,0,0,0.0,0,0,0,0,0,0,0,0.0,0,0,0,0,0,0,0,0.0,0,0,0,0,0,0,0,0.0,2,0,0,0,2,0,2,0.3,,,,,,,,,2,0,0,0,2,0,2,0.3,0,0,0,0,0,0,0,0.0,0,0,0,0,0,0,0,0.0,13,0,0,0,10,3,13,1.8,0,0,0,0,0,0,0,0.0,0,0,0,0,0,0,0,0.0,6,0,0,0,4,2,6,0.8,0,0,0,0,0,0,0,0.0,,,,,,,,,19,0,0,0,14,5,19,2.6,0,0,0,0,0,0,0,0.0,0,0,0,0,0,0,0,0.0,260,0,0,0,229,31,260,35.7,0,0,0,0,0,0,0,0.0,36,0,0,0,30,6,36,4.9,296,0,0,0,259,37,296,40.7,0,0,0,0,0,0,0,0.0,259,0,0,0,225,34,259,35.6,728,0,0,0,581,147,728,1.2,68.4
CITIES:,50,FARIDABAD,1,0,0,0,7,3,10,1.8,0,0,0,0,0,0,0,0.0,0,0,0,0,0,0,0,0.0,0,0,0,0,0,0,0,0.0,0,0,0,0,0,0,0,0.0,8,0,0,0,7,1,8,1.4,8,0,0,0,7,1,8,1.4,0,0,0,0,0,0,0,0.0,44,0,0,0,40,4,44,7.7,44,0,0,0,40,4,44,7.7,30,0,0,0,26,4,30,5.3,0,0,0,0,0,0,0,0.0,0,0,0,0,0,0,0,0.0,0,0,0,0,0,0,0,0.0,53,0,0,0,45,8,53,9.3,1,0,0,0,1,0,1,0.2,54,0,0,0,46,8,54,9.5,12,0,0,0,12,0,12,2.1,0,0,0,0,0,0,0,0.0,0,0,0,0,0,0,0,0.0,8,0,0,0,3,5,8,1.4,4,0,0,0,4,0,4,0.7,,,,,,,,,12,0,0,0,7,5,12,2.1,0,0,0,0,0,0,0,0.0,23,0,0,0,19,4,23,4.0,7,0,0,0,7,0,7,1.2,0,0,0,0,0,0,0,0.0,25,0,0,0,25,0,25,4.4,,,,,,,,,55,0,0,0,51,4,55,9.7,3,0,0,0,3,0,3,0.5,0,0,0,0,0,0,0,0.0,7,0,0,0,4,3,7,1.2,0,0,0,0,0,0,0,0.0,0,0,0,0,0,0,0,0.0,0,0,0,0,0,0,0,0.0,12,0,0,0,6,6,12,2.1,,,,,,,,,19,0,0,0,10,9,19,3.3,0,0,0,0,0,0,0,0.0,0,0,0,0,0,0,0,0.0,767,459,46,505,257,30,287,50.5,0,0,0,0,0,0,0,0.0,0,0,0,0,0,0,0,0.0,767,459,46,505,257,30,287,50.5,34,0,0,0,32,2,34,6.0,0,0,0,0,0,0,0,0.0,1039,459,46,505,498,70,568,1.0,40.4
CITIES:,51,GHAZIABAD,0,0,0,0,0,0,0,0.0,0,0,0,0,0,0,0,0.0,1,0,0,0,1,0,1,0.1,0,0,0,0,0,0,0,0.0,0,0,0,0,0,0,0,0.0,0,0,0,0,0,0,0,0.0,1,0,0,0,1,0,1,0.1,0,0,0,0,0,0,0,0.0,23,0,0,0,14,9,23,2.6,23,0,0,0,14,9,23,2.6,11,0,0,0,11,0,11,1.2,0,0,0,0,0,0,0,0.0,0,0,0,0,0,0,0,0.0,0,0,0,0,0,0,0,0.0,11,0,0,0,10,1,11,1.2,1,0,0,0,1,0,1,0.1,12,0,0,0,11,1,12,1.4,5,0,0,0,5,0,5,0.6,0,0,0,0,0,0,0,0.0,1,0,0,0,1,0,1,0.1,0,0,0,0,0,0,0,0.0,7,0,0,0,4,3,7,0.8,,,,,,,,,8,0,0,0,5,3,8,0.9,0,0,0,0,0,0,0,0.0,11,0,0,0,11,0,11,1.2,1,0,0,0,0,1,1,0.1,0,0,0,0,0,0,0,0.0,11,0,0,0,11,0,11,1.2,,,,,,,,,23,0,0,0,22,1,23,2.6,2,0,0,0,2,0,2,0.2,0,0,0,0,0,0,0,0.0,40,0,0,0,19,21,40,4.5,0,0,0,0,0,0,0,0.0,0,0,0,0,0,0,0,0.0,1,0,0,0,0,1,1,0.1,0,0,0,0,0,0,0,0.0,,,,,,,,,41,0,0,0,19,22,41,4.6,0,0,0,0,0,0,0,0.0,0,0,0,0,0,0,0,0.0,864,415,81,496,542,93,635,71.5,69,0,0,0,62,7,69,7.8,50,0,0,0,41,9,50,5.6,983,415,81,496,645,109,754,84.9,1,0,0,0,1,0,1,0.1,7,0,0,0,5,2,7,0.8,1117,415,81,496,741,147,888,1.5,37.6
CITIES:,52,GWALIOR,0,0,0,0,0,0,0,0.0,4,0,0,0,3,1,4,2.3,0,0,0,0,0,0,0,0.0,0,0,0,0,0,0,0,0.0,0,0,0,0,0,0,0,0.0,0,0,0,0,0,0,0,0.0,4,0,0,0,3,1,4,2.3,0,0,0,0,0,0,0,0.0,1,0,0,0,1,0,1,0.6,1,0,0,0,1,0,1,0.6,12,2,0,2,10,2,12,6.8,0,0,0,0,0,0,0,0.0,0,0,0,0,0,0,0,0.0,0,0,0,0,0,0,0,0.0,3,0,0,0,3,0,3,1.7,1,0,0,0,1,0,1,0.6,4,0,0,0,4,0,4,2.3,1,0,0,0,1,0,1,0.6,0,0,0,0,0,0,0,0.0,0,0,0,0,0,0,0,0.0,0,0,0,0,0,0,0,0.0,1,0,0,0,1,0,1,0.6,,,,,,,,,1,0,0,0,1,0,1,0.6,1,0,0,0,1,0,1,0.6,0,0,0,0,0,0,0,0.0,0,0,0,0,0,0,0,0.0,0,0,0,0,0,0,0,0.0,1,0,0,0,1,0,1,0.6,,,,,,,,,1,0,0,0,1,0,1,0.6,0,0,0,0,0,0,0,0.0,0,0,0,0,0,0,0,0.0,0,0,0,0,0,0,0,0.0,0,0,0,0,0,0,0,0.0,0,0,0,0,0,0,0,0.0,0,0,0,0,0,0,0,0.0,0,0,0,0,0,0,0,0.0,,,,,,,,,0,0,0,0,0,0,0,0.0,0,0,0,0,0,0,0,0.0,0,0,0,0,0,0,0,0.0,1272,997,192,1189,132,12,144,81.8,7,0,0,0,7,0,7,4.0,0,0,0,0,0,0,0,0.0,1279,997,192,1189,139,12,151,85.8,0,0,0,0,0,0,0,0.0,0,0,0,0,0,0,0,0.0,1304,999,192,1191,161,15,176,0.3,16.0
CITIES:,53,HYDERABAD,0,0,0,0,0,0,0,0.0,6,0,0,0,6,0,6,0.4,4,0,0,0,3,1,4,0.3,0,0,0,0,0,0,0,0.0,0,0,0,0,0,0,0,0.0,12,3,2,5,9,1,10,0.7,22,3,2,5,18,2,20,1.5,2,1,0,1,1,0,1,0.1,30,5,0,5,25,7,32,2.4,32,6,0,6,26,7,33,2.4,25,2,1,3,22,2,24,1.8,0,0,0,0,0,0,0,0.0,4,0,0,0,2,2,4,0.3,4,0,0,0,2,2,4,0.3,93,3,4,7,69,24,93,6.8,25,0,0,0,20,5,25,1.8,118,3,4,7,89,29,118,8.7,0,0,0,0,0,0,0,0.0,2,0,0,0,1,1,2,0.1,31,1,0,1,29,2,31,2.3,98,2,11,13,17,68,85,6.3,67,3,0,3,22,48,70,5.2,,,,,,,,,198,6,11,17,69,119,188,13.8,0,0,0,0,0,0,0,0.0,51,0,0,0,39,12,51,3.8,50,0,0,0,38,12,50,3.7,1,0,0,0,0,1,1,0.1,34,0,0,0,32,2,34,2.5,,,,,,,,,136,0,0,0,109,27,136,10.0,0,0,0,0,0,0,0,0.0,0,0,0,0,0,0,0,0.0,51,3,0,3,38,17,55,4.1,14,0,0,0,11,3,14,1.0,1,0,0,0,1,0,1,0.1,2,1,0,1,1,0,1,0.1,54,14,2,16,45,10,55,4.1,,,,,,,,,122,18,2,20,96,30,126,9.3,0,0,0,0,0,0,0,0.0,3,0,0,0,2,1,3,0.2,2663,2075,322,2397,417,60,477,35.1,0,0,0,0,0,0,0,0.0,1,0,0,0,1,0,1,0.1,2664,2075,322,2397,418,60,478,35.2,171,20,2,22,132,39,171,12.6,58,1,0,1,46,11,57,4.2,3553,2134,344,2478,1029,329,1358,2.3,17.5
CITIES:,54,INDORE,0,0,0,0,0,0,0,0.0,7,0,0,0,4,3,7,0.5,2,0,0,0,1,1,2,0.1,0,0,0,0,0,0,0,0.0,1,0,0,0,1,0,1,0.1,1,0,0,0,1,0,1,0.1,11,0,0,0,7,4,11,0.8,0,0,0,0,0,0,0,0.0,40,0,0,0,32,8,40,2.8,40,0,0,0,32,8,40,2.8,31,0,0,0,28,3,31,2.2,0,0,0,0,0,0,0,0.0,0,0,0,0,0,0,0,0.0,0,0,0,0,0,0,0,0.0,56,0,0,0,43,13,56,3.9,6,0,0,0,6,0,6,0.4,62,0,0,0,49,13,62,4.3,6,0,0,0,6,0,6,0.4,8,0,0,0,7,1,8,0.6,0,0,0,0,0,0,0,0.0,14,0,0,0,2,12,14,1.0,163,0,0,0,38,125,163,11.4,,,,,,,,,185,0,0,0,47,138,185,13.0,10,0,0,0,6,4,10,0.7,43,0,0,0,40,3,43,3.0,9,0,0,0,7,2,9,0.6,1,0,0,0,0,1,1,0.1,33,0,0,0,32,1,33,2.3,,,,,,,,,86,0,0,0,79,7,86,6.0,1,0,0,0,1,0,1,0.1,0,0,0,0,0,0,0,0.0,161,0,0,0,103,58,161,11.3,0,0,0,0,0,0,0,0.0,1,0,0,0,1,0,1,0.1,10,0,0,0,7,3,10,0.7,0,0,0,0,0,0,0,0.0,,,,,,,,,172,0,0,0,111,61,172,12.0,0,0,0,0,0,0,0,0.0,1,0,0,0,1,0,1,0.1,288,21,14,35,234,54,288,20.2,0,0,0,0,0,0,0,0.0,34,0,0,0,33,1,34,2.4,322,21,14,35,267,55,322,22.5,432,0,0,0,315,117,432,30.3,69,0,0,0,56,13,69,4.8,1428,21,14,35,1005,423,1428,2.4,65.9
CITIES:,55,JABALPUR,0,0,0,0,0,0,0,0.0,8,0,0,0,5,3,8,1.2,2,0,0,0,1,1,2,0.3,0,0,0,0,0,0,0,0.0,0,0,0,0,0,0,0,0.0,8,0,0,0,7,1,8,1.2,18,0,0,0,13,5,18,2.7,7,0,0,0,6,1,7,1.0,31,0,0,0,28,3,31,4.6,38,0,0,0,34,4,38,5.6,26,0,0,0,23,3,26,3.9,0,0,0,0,0,0,0,0.0,4,0,0,0,3,1,4,0.6,4,0,0,0,3,1,4,0.6,28,0,0,0,24,4,28,4.2,8,0,0,0,7,1,8,1.2,36,0,0,0,31,5,36,5.3,0,0,0,0,0,0,0,0.0,1,0,0,0,1,0,1,0.1,4,0,0,0,4,0,4,0.6,10,0,0,0,4,6,10,1.5,88,0,0,0,33,55,88,13.1,,,,,,,,,103,0,0,0,42,61,103,15.3,3,0,0,0,3,0,3,0.4,33,0,0,0,30,3,33,4.9,10,0,0,0,10,0,10,1.5,8,0,0,0,0,8,8,1.2,15,0,0,0,15,0,15,2.2,,,,,,,,,66,0,0,0,55,11,66,9.8,2,0,0,0,1,1,2,0.3,1,0,0,0,1,0,1,0.1,54,0,0,0,28,26,54,8.0,0,0,0,0,0,0,0,0.0,0,0,0,0,0,0,0,0.0,6,0,0,0,1,5,6,0.9,65,0,0,0,41,24,65,9.6,,,,,,,,,125,0,0,0,70,55,125,18.5,0,0,0,0,0,0,0,0.0,31,0,0,0,19,12,31,4.6,109,113,17,130,94,15,109,16.2,2,7,3,10,2,0,2,0.3,5,0,0,0,4,1,5,0.7,116,120,20,140,100,16,116,17.2,0,0,0,0,0,0,0,0.0,105,0,0,0,81,24,105,15.6,674,120,20,140,476,198,674,1.1,53.2
CITIES:,56,JAIPUR,0,0,0,0,0,0,0,0.0,6,0,0,0,2,5,7,0.3,0,0,0,0,0,0,0,0.0,0,0,0,0,0,0,0,0.0,0,0,0,0,0,0,0,0.0,7,0,0,0,4,3,7,0.3,13,0,0,0,6,8,14,0.7,0,0,0,0,0,0,0,0.0,20,0,0,0,14,6,20,1.0,20,0,0,0,14,6,20,1.0,60,0,0,0,52,8,60,2.9,0,0,0,0,0,0,0,0.0,0,0,0,0,0,0,0,0.0,0,0,0,0,0,0,0,0.0,138,0,0,0,103,35,138,6.6,21,0,0,0,15,6,21,1.0,159,0,0,0,118,41,159,7.6,3,0,0,0,2,1,3,0.1,0,0,0,0,0,0,0,0.0,1,0,0,0,1,0,1,0.0,36,0,0,0,17,20,37,1.8,46,0,0,0,15,31,46,2.2,,,,,,,,,83,0,0,0,33,51,84,4.0,1,0,0,0,1,0,1,0.0,51,0,0,0,49,2,51,2.4,32,0,0,0,30,2,32,1.5,0,0,0,0,0,0,0,0.0,47,0,0,0,47,0,47,2.2,,,,,,,,,130,0,0,0,126,4,130,6.2,3,0,0,0,3,0,3,0.1,4,0,0,0,3,1,4,0.2,35,0,0,0,28,7,35,1.7,0,0,0,0,0,0,0,0.0,0,0,0,0,0,0,0,0.0,15,0,0,0,10,5,15,0.7,28,0,0,0,22,6,28,1.3,,,,,,,,,78,0,0,0,60,18,78,3.7,0,0,0,0,0,0,0,0.0,4,0,0,0,4,0,4,0.2,3036,2425,529,2954,731,102,833,39.8,0,0,0,0,0,0,0,0.0,31,3,0,3,27,6,33,1.6,3067,2428,529,2957,758,108,866,41.4,423,0,0,0,368,58,426,20.3,241,0,0,0,211,31,242,11.6,4289,2428,529,2957,1759,335,2094,3.5,68.1
CITIES:,57,JAMSHEDPUR,0,0,0,0,0,0,0,0.0,0,0,0,0,0,0,0,0.0,0,0,0,0,0,0,0,0.0,0,0,0,0,0,0,0,0.0,0,0,0,0,0,0,0,0.0,0,0,0,0,0,0,0,0.0,0,0,0,0,0,0,0,0.0,0,0,0,0,0,0,0,0.0,21,0,0,0,19,2,21,6.5,21,0,0,0,19,2,21,6.5,0,0,0,0,0,0,0,0.0,0,0,0,0,0,0,0,0.0,0,0,0,0,0,0,0,0.0,0,0,0,0,0,0,0,0.0,29,0,0,0,26,3,29,9.0,16,0,0,0,14,2,16,4.9,45,0,0,0,40,5,45,13.9,2,0,0,0,2,0,2,0.6,0,0,0,0,0,0,0,0.0,7,0,0,0,6,1,7,2.2,2,0,0,0,1,1,2,0.6,48,0,0,0,12,36,48,14.8,,,,,,,,,57,0,0,0,19,38,57,17.6,0,0,0,0,0,0,0,0.0,6,0,0,0,6,0,6,1.9,6,0,0,0,6,0,6,1.9,0,0,0,0,0,0,0,0.0,20,0,0,0,20,0,20,6.2,,,,,,,,,32,0,0,0,32,0,32,9.9,0,0,0,0,0,0,0,0.0,1,0,0,0,2,0,2,0.6,4,0,0,0,2,2,4,1.2,0,0,0,0,0,0,0,0.0,0,0,0,0,0,0,0,0.0,0,0,0,0,0,0,0,0.0,0,0,0,0,0,0,0,0.0,,,,,,,,,4,0,0,0,2,2,4,1.2,0,0,0,0,0,0,0,0.0,0,0,0,0,0,0,0,0.0,290,178,29,207,92,24,116,35.8,0,0,0,0,0,0,0,0.0,0,0,0,0,0,0,0,0.0,290,178,29,207,92,24,116,35.8,31,0,0,0,25,6,31,9.6,14,0,0,0,9,5,14,4.3,497,178,29,207,242,82,324,0.5,24.2
CITIES:,58,JODHPUR,0,0,0,0,0,0,0,0.0,5,0,0,0,5,0,5,0.8,0,0,0,0,0,0,0,0.0,0,0,0,0,0,0,0,0.0,0,0,0,0,0,0,0,0.0,5,0,0,0,5,0,5,0.8,10,0,0,0,10,0,10,1.6,0,0,0,0,0,0,0,0.0,24,0,0,0,21,3,24,3.8,24,0,0,0,21,3,24,3.8,19,0,0,0,19,0,19,3.0,0,0,0,0,0,0,0,0.0,2,0,0,0,4,0,4,0.6,2,0,0,0,4,0,4,0.6,16,0,0,0,15,1,16,2.6,2,0,0,0,2,0,2,0.3,18,0,0,0,17,1,18,2.9,5,0,0,0,5,0,5,0.8,0,0,0,0,0,0,0,0.0,2,0,0,0,1,1,2,0.3,16,0,0,0,0,16,16,2.6,25,0,0,0,7,18,25,4.0,,,,,,,,,43,0,0,0,8,35,43,6.9,0,0,0,0,0,0,0,0.0,30,0,0,0,29,1,30,4.8,12,0,0,0,9,3,12,1.9,4,0,0,0,0,4,4,0.6,7,0,0,0,7,0,7,1.1,,,,,,,,,53,0,0,0,45,8,53,8.5,0,0,0,0,0,0,0,0.0,0,0,0,0,0,0,0,0.0,25,0,0,0,15,10,25,4.0,0,0,0,0,0,0,0,0.0,0,0,0,0,0,0,0,0.0,0,0,0,0,0,0,0,0.0,6,0,0,0,5,1,6,1.0,,,,,,,,,31,0,0,0,20,11,31,5.0,0,0,0,0,0,0,0,0.0,0,0,0,0,0,0,0,0.0,526,479,46,525,250,14,264,42.2,0,0,0,0,0,0,0,0.0,0,0,0,0,0,0,0,0.0,526,479,46,525,250,14,264,42.2,73,0,0,0,56,17,73,11.7,81,0,0,0,70,11,81,13.0,885,479,46,525,525,100,625,1.1,54.9
CITIES:,59,KANNUR,0,0,0,0,0,0,0,0.0,0,0,0,0,0,0,0,0.0,1,1,0,1,1,0,1,0.6,0,0,0,0,0,0,0,0.0,0,0,0,0,0,0,0,0.0,0,0,0,0,0,0,0,0.0,1,1,0,1,1,0,1,0.6,1,1,0,1,1,0,1,0.6,25,0,0,0,23,6,29,18.1,26,1,0,1,24,6,30,18.8,2,0,0,0,2,0,2,1.3,0,0,0,0,0,0,0,0.0,0,0,0,0,0,0,0,0.0,0,0,0,0,0,0,0,0.0,6,0,0,0,6,0,6,3.8,0,0,0,0,0,0,0,0.0,6,0,0,0,6,0,6,3.8,0,0,0,0,0,0,0,0.0,0,0,0,0,0,0,0,0.0,0,0,0,0,0,0,0,0.0,0,0,0,0,0,0,0,0.0,5,0,0,0,0,5,5,3.1,,,,,,,,,5,0,0,0,0,5,5,3.1,0,0,0,0,0,0,0,0.0,8,0,0,0,7,1,8,5.0,0,0,0,0,0,0,0,0.0,0,0,0,0,0,0,0,0.0,1,0,0,0,1,0,1,0.6,,,,,,,,,9,0,0,0,8,1,9,5.6,0,0,0,0,0,0,0,0.0,0,0,0,0,0,0,0,0.0,0,0,0,0,0,0,0,0.0,0,0,0,0,0,0,0,0.0,0,0,0,0,0,0,0,0.0,0,0,0,0,0,0,0,0.0,0,0,0,0,0,0,0,0.0,,,,,,,,,0,0,0,0,0,0,0,0.0,0,0,0,0,0,0,0,0.0,0,0,0,0,0,0,0,0.0,557,581,252,833,51,4,55,34.4,0,0,0,0,0,0,0,0.0,37,0,0,0,33,4,37,23.1,594,581,252,833,84,8,92,57.5,6,0,0,0,5,1,6,3.8,9,0,0,0,9,0,9,5.6,658,583,252,835,139,21,160,0.3,9.7
CITIES:,60,KANPUR,0,0,0,0,0,0,0,0.0,52,0,0,0,35,17,52,2.4,0,0,0,0,0,0,0,0.0,0,0,0,0,0,0,0,0.0,0,0,0,0,0,0,0,0.0,9,0,0,0,5,4,9,0.4,61,0,0,0,40,21,61,2.8,0,0,0,0,0,0,0,0.0,55,0,0,0,54,1,55,2.5,55,0,0,0,54,1,55,2.5,49,0,0,0,41,8,49,2.2,0,0,0,0,0,0,0,0.0,1,0,0,0,1,0,1,0.0,1,0,0,0,1,0,1,0.0,29,0,0,0,21,8,29,1.3,3,0,0,0,3,0,3,0.1,32,0,0,0,24,8,32,1.5,4,0,0,0,3,1,4,0.2,0,0,0,0,0,0,0,0.0,1,0,0,0,1,0,1,0.0,8,0,0,0,0,8,8,0.4,260,0,0,0,65,195,260,11.8,,,,,,,,,269,0,0,0,66,203,269,12.2,11,0,0,0,9,2,11,0.5,14,0,0,0,13,1,14,0.6,3,0,0,0,2,1,3,0.1,2,0,0,0,0,2,2,0.1,16,0,0,0,16,0,16,0.7,,,,,,,,,35,0,0,0,31,4,35,1.6,1,0,0,0,1,0,1,0.0,1,0,0,0,1,0,1,0.0,160,0,0,0,107,53,160,7.3,0,0,0,0,0,0,0,0.0,3,0,0,0,3,0,3,0.1,0,0,0,0,0,0,0,0.0,4,0,0,0,3,1,4,0.2,,,,,,,,,167,0,0,0,113,54,167,7.6,0,0,0,0,0,0,0,0.0,236,0,0,0,137,99,236,10.7,850,40,6,46,688,116,804,36.6,0,0,0,0,0,0,0,0.0,139,0,0,0,120,19,139,6.3,989,40,6,46,808,135,943,42.9,0,0,0,0,0,0,0,0.0,334,0,0,0,287,47,334,15.2,2245,40,6,46,1616,583,2199,3.7,75.3
CITIES:,61,KOCHI,0,0,0,0,0,0,0,0.0,0,0,0,0,0,0,0,0.0,1,0,0,0,1,0,1,0.2,0,0,0,0,0,0,0,0.0,0,0,0,0,0,0,0,0.0,3,0,0,0,3,0,3,0.6,4,0,0,0,4,0,4,0.8,0,0,0,0,0,0,0,0.0,64,0,0,0,61,4,65,13.3,64,0,0,0,61,4,65,13.3,15,0,0,0,15,0,15,3.1,0,0,0,0,0,0,0,0.0,0,0,0,0,0,0,0,0.0,0,0,0,0,0,0,0,0.0,27,0,0,0,26,1,27,5.5,0,0,0,0,0,0,0,0.0,27,0,0,0,26,1,27,5.5,0,0,0,0,0,0,0,0.0,0,0,0,0,0,0,0,0.0,1,0,0,0,1,0,1,0.2,10,0,0,0,3,8,11,2.3,3,0,0,0,1,2,3,0.6,,,,,,,,,14,0,0,0,5,10,15,3.1,0,0,0,0,0,0,0,0.0,68,0,0,0,66,2,68,14.0,6,0,0,0,5,1,6,1.2,0,0,0,0,0,0,0,0.0,7,0,0,0,7,0,7,1.4,,,,,,,,,81,0,0,0,78,3,81,16.6,0,0,0,0,0,0,0,0.0,0,0,0,0,0,0,0,0.0,0,0,0,0,0,0,0,0.0,0,0,0,0,0,0,0,0.0,0,0,0,0,0,0,0,0.0,0,0,0,0,0,0,0,0.0,6,0,0,0,5,1,6,1.2,,,,,,,,,6,0,0,0,5,1,6,1.2,0,0,0,0,0,0,0,0.0,0,0,0,0,0,0,0,0.0,1986,1536,471,2007,151,31,182,37.4,4,0,0,0,2,2,4,0.8,28,0,0,0,26,4,30,6.2,2018,1536,471,2007,179,37,216,44.4,27,0,0,0,22,5,27,5.5,31,0,0,0,26,5,31,6.4,2287,1536,471,2007,421,66,487,0.8,23.0
CITIES:,62,KOLKATA,0,0,0,0,0,0,0,0.0,2,0,0,0,2,0,2,0.2,0,0,0,0,0,0,0,0.0,0,0,0,0,0,0,0,0.0,0,0,0,0,0,0,0,0.0,2,0,0,0,2,0,2,0.2,4,0,0,0,4,0,4,0.5,1,0,0,0,1,0,1,0.1,9,0,0,0,5,4,9,1.0,10,0,0,0,6,4,10,1.2,5,0,0,0,5,0,5,0.6,0,0,0,0,0,0,0,0.0,0,0,0,0,0,0,0,0.0,0,0,0,0,0,0,0,0.0,25,0,0,0,27,8,35,4.1,3,0,0,0,3,0,3,0.3,28,0,0,0,30,8,38,4.4,1,0,0,0,1,0,1,0.1,0,0,0,0,0,0,0,0.0,1,0,0,0,1,0,1,0.1,23,0,0,0,4,19,23,2.7,13,42,31,73,54,50,104,12.1,,,,,,,,,37,42,31,73,59,69,128,14.9,1,0,0,0,1,0,1,0.1,23,0,0,0,18,5,23,2.7,0,0,0,0,0,0,0,0.0,1,0,0,0,0,1,1,0.1,12,2,0,2,10,0,10,1.2,,,,,,,,,36,2,0,2,28,6,34,4.0,0,0,0,0,0,0,0,0.0,0,0,0,0,0,0,0,0.0,4,0,0,0,3,1,4,0.5,0,0,0,0,0,0,0,0.0,0,0,0,0,0,0,0,0.0,0,0,0,0,0,0,0,0.0,20,0,0,0,9,11,20,2.3,,,,,,,,,24,0,0,0,12,12,24,2.8,0,0,0,0,0,0,0,0.0,0,0,0,0,0,0,0,0.0,2803,2095,910,3005,359,59,418,48.7,0,0,0,0,0,0,0,0.0,0,0,0,0,0,0,0,0.0,2803,2095,910,3005,359,59,418,48.7,0,0,0,0,0,0,0,0.0,195,0,0,0,157,38,195,22.7,3144,2139,941,3080,662,196,858,1.5,6.1
CITIES:,63,KOLLAM,0,0,0,0,0,0,0,0.0,0,0,0,0,0,0,0,0.0,0,0,0,0,0,0,0,0.0,0,0,0,0,0,0,0,0.0,0,0,0,0,0,0,0,0.0,0,0,0,0,0,0,0,0.0,0,0,0,0,0,0,0,0.0,1,0,0,0,2,0,2,0.4,69,0,0,0,62,11,73,15.5,70,0,0,0,64,11,75,16.0,8,0,0,0,7,1,8,1.7,0,0,0,0,0,0,0,0.0,0,0,0,0,0,0,0,0.0,0,0,0,0,0,0,0,0.0,11,0,0,0,15,1,16,3.4,5,0,0,0,1,4,5,1.1,16,0,0,0,16,5,21,4.5,2,0,0,0,2,0,2,0.4,0,0,0,0,0,0,0,0.0,1,0,0,0,1,0,1,0.2,1,0,0,0,0,1,1,0.2,8,0,0,0,1,7,8,1.7,,,,,,,,,10,0,0,0,2,8,10,2.1,0,0,0,0,0,0,0,0.0,38,0,0,0,36,6,42,8.9,1,0,0,0,1,0,1,0.2,0,0,0,0,0,0,0,0.0,5,0,0,0,5,0,5,1.1,,,,,,,,,44,0,0,0,42,6,48,10.2,2,0,0,0,2,0,2,0.4,0,0,0,0,0,0,0,0.0,0,0,0,0,0,0,0,0.0,0,0,0,0,0,0,0,0.0,0,0,0,0,0,0,0,0.0,2,0,0,0,2,0,2,0.4,1,0,0,0,0,1,1,0.2,,,,,,,,,3,0,0,0,2,1,3,0.6,0,0,0,0,0,0,0,0.0,0,0,0,0,0,0,0,0.0,1668,1482,329,1811,191,30,221,47.0,5,0,0,0,5,0,5,1.1,17,0,0,0,14,3,17,3.6,1690,1482,329,1811,210,33,243,51.7,15,0,0,0,15,0,15,3.2,43,0,0,0,39,4,43,9.1,1903,1482,329,1811,401,69,470,0.8,42.3
CITIES:,64,KOTA,0,0,0,0,0,0,0,0.0,0,0,0,0,0,0,0,0.0,0,0,0,0,0,0,0,0.0,0,0,0,0,0,0,0,0.0,0,0,0,0,0,0,0,0.0,0,0,0,0,0,0,0,0.0,0,0,0,0,0,0,0,0.0,0,0,0,0,0,0,0,0.0,58,0,0,0,45,13,58,11.6,58,0,0,0,45,13,58,11.6,8,0,0,0,6,2,8,1.6,0,0,0,0,0,0,0,0.0,0,0,0,0,0,0,0,0.0,0,0,0,0,0,0,0,0.0,6,0,0,0,5,1,6,1.2,0,0,0,0,0,0,0,0.0,6,0,0,0,5,1,6,1.2,0,0,0,0,0,0,0,0.0,0,0,0,0,0,0,0,0.0,0,0,0,0,0,0,0,0.0,0,0,0,0,0,0,0,0.0,19,0,0,0,4,15,19,3.8,,,,,,,,,19,0,0,0,4,15,19,3.8,0,0,0,0,0,0,0,0.0,0,0,0,0,0,0,0,0.0,0,0,0,0,0,0,0,0.0,0,0,0,0,0,0,0,0.0,4,0,0,0,4,0,4,0.8,,,,,,,,,4,0,0,0,4,0,4,0.8,0,0,0,0,0,0,0,0.0,0,0,0,0,0,0,0,0.0,0,0,0,0,0,0,0,0.0,0,0,0,0,0,0,0,0.0,0,0,0,0,0,0,0,0.0,0,0,0,0,0,0,0,0.0,20,0,0,0,11,9,20,4.0,,,,,,,,,20,0,0,0,11,9,20,4.0,0,0,0,0,0,0,0,0.0,0,0,0,0,0,0,0,0.0,616,558,130,688,99,14,113,22.6,0,0,0,0,0,0,0,0.0,0,0,0,0,0,0,0,0.0,616,558,130,688,99,14,113,22.6,123,0,0,0,70,53,123,24.6,150,0,0,0,111,39,150,29.9,1004,558,130,688,355,146,501,0.8,50.0
CITIES:,65,KOZHIKODE,0,0,0,0,0,0,0,0.0,1,0,0,0,0,1,1,0.2,0,0,0,0,0,0,0,0.0,0,0,0,0,0,0,0,0.0,0,0,0,0,0,0,0,0.0,1,0,0,0,1,0,1,0.2,2,0,0,0,1,1,2,0.5,0,0,0,0,0,0,0,0.0,63,0,0,0,47,16,63,14.8,63,0,0,0,47,16,63,14.8,6,0,0,0,5,1,6,1.4,0,0,0,0,0,0,0,0.0,1,0,0,0,1,0,1,0.2,1,0,0,0,1,0,1,0.2,24,0,0,0,22,2,24,5.6,0,0,0,0,0,0,0,0.0,24,0,0,0,22,2,24,5.6,1,0,0,0,1,0,1,0.2,0,0,0,0,0,0,0,0.0,0,0,0,0,0,0,0,0.0,1,0,0,0,0,1,1,0.2,10,0,0,0,3,7,10,2.3,,,,,,,,,11,0,0,0,3,8,11,2.6,0,0,0,0,0,0,0,0.0,51,0,0,0,45,6,51,12.0,13,0,0,0,11,2,13,3.1,0,0,0,0,0,0,0,0.0,2,0,0,0,2,0,2,0.5,,,,,,,,,66,0,0,0,58,8,66,15.5,0,0,0,0,0,0,0,0.0,1,0,0,0,1,0,1,0.2,0,0,0,0,0,0,0,0.0,0,0,0,0,0,0,0,0.0,0,0,0,0,0,0,0,0.0,2,0,0,0,2,0,2,0.5,0,0,0,0,0,0,0,0.0,,,,,,,,,2,0,0,0,2,0,2,0.5,0,0,0,0,0,0,0,0.0,1,0,0,0,1,0,1,0.2,1269,999,394,1393,120,28,148,34.7,0,0,0,0,0,0,0,0.0,22,1,0,1,20,2,22,5.2,1291,1000,394,1394,140,30,170,39.9,69,0,0,0,50,19,69,16.2,8,0,0,0,7,2,9,2.1,1546,1000,394,1394,339,87,426,0.7,21.0
CITIES:,66,LUCKNOW,0,0,0,0,0,0,0,0.0,3,0,0,0,2,1,3,0.5,0,0,0,0,0,0,0,0.0,0,0,0,0,0,0,0,0.0,0,0,0,0,0,0,0,0.0,0,0,0,0,0,0,0,0.0,3,0,0,0,2,1,3,0.5,0,0,0,0,0,0,0,0.0,5,0,0,0,5,0,5,0.9,5,0,0,0,5,0,5,0.9,4,0,0,0,4,0,4,0.7,0,0,0,0,0,0,0,0.0,0,0,0,0,0,0,0,0.0,0,0,0,0,0,0,0,0.0,2,0,0,0,2,0,2,0.4,0,0,0,0,0,0,0,0.0,2,0,0,0,2,0,2,0.4,0,0,0,0,0,0,0,0.0,0,0,0,0,0,0,0,0.0,0,0,0,0,0,0,0,0.0,1,0,0,0,0,1,1,0.2,0,0,0,0,0,0,0,0.0,,,,,,,,,1,0,0,0,0,1,1,0.2,0,0,0,0,0,0,0,0.0,0,0,0,0,0,0,0,0.0,0,0,0,0,0,0,0,0.0,0,0,0,0,0,0,0,0.0,0,0,0,0,0,0,0,0.0,,,,,,,,,0,0,0,0,0,0,0,0.0,0,0,0,0,0,0,0,0.0,0,0,0,0,0,0,0,0.0,0,0,0,0,0,0,0,0.0,0,0,0,0,0,0,0,0.0,0,0,0,0,0,0,0,0.0,3,0,0,0,3,0,3,0.5,2,0,0,0,2,0,2,0.4,,,,,,,,,5,0,0,0,5,0,5,0.9,0,0,0,0,0,0,0,0.0,0,0,0,0,0,0,0,0.0,1228,664,89,753,473,46,519,91.2,0,0,0,0,0,0,0,0.0,0,0,0,0,0,0,0,0.0,1228,664,89,753,473,46,519,91.2,0,0,0,0,0,0,0,0.0,30,0,0,0,26,4,30,5.3,1278,664,89,753,517,52,569,1.0,19.6
CITIES:,67,LUDHIANA,0,0,0,0,0,0,0,0.0,2,0,0,0,1,1,2,0.3,0,0,0,0,0,0,0,0.0,0,0,0,0,0,0,0,0.0,0,0,0,0,0,0,0,0.0,1,0,0,0,2,0,2,0.3,3,0,0,0,3,1,4,0.5,0,0,0,0,0,0,0,0.0,28,0,0,0,28,2,30,4.1,28,0,0,0,28,2,30,4.1,28,0,0,0,26,2,28,3.8,0,0,0,0,0,0,0,0.0,0,0,0,0,0,0,0,0.0,0,0,0,0,0,0,0,0.0,27,0,0,0,27,0,27,3.7,6,0,0,0,6,0,6,0.8,33,0,0,0,33,0,33,4.5,11,0,0,0,10,1,11,1.5,0,0,0,0,0,0,0,0.0,0,0,0,0,0,0,0,0.0,31,0,0,0,6,25,31,4.2,8,0,0,0,4,4,8,1.1,,,,,,,,,39,0,0,0,10,29,39,5.3,1,0,0,0,1,0,1,0.1,38,0,0,0,35,3,38,5.2,6,0,0,0,6,0,6,0.8,1,0,0,0,0,1,1,0.1,17,0,0,0,17,0,17,2.3,,,,,,,,,62,0,0,0,58,4,62,8.4,0,0,0,0,0,0,0,0.0,0,0,0,0,0,0,0,0.0,40,0,0,0,21,19,40,5.4,27,0,0,0,24,3,27,3.7,3,0,0,0,4,0,4,0.5,1,0,0,0,1,0,1,0.1,0,0,0,0,0,0,0,0.0,,,,,,,,,71,0,0,0,50,22,72,9.8,0,0,0,0,0,0,0,0.0,2,0,0,0,2,0,2,0.3,277,0,0,0,262,32,294,40.1,0,0,0,0,0,0,0,0.0,0,0,0,0,0,0,0,0.0,277,0,0,0,262,32,294,40.1,139,0,0,0,125,14,139,18.9,19,0,0,0,15,4,19,2.6,713,0,0,0,623,111,734,1.2,45.5
CITIES:,68,MADURAI,0,0,0,0,0,0,0,0.0,0,0,0,0,0,0,0,0.0,0,0,0,0,0,0,0,0.0,0,0,0,0,0,0,0,0.0,0,0,0,0,0,0,0,0.0,0,0,0,0,0,0,0,0.0,0,0,0,0,0,0,0,0.0,0,0,0,0,0,0,0,0.0,4,0,0,0,4,0,4,1.5,4,0,0,0,4,0,4,1.5,9,0,0,0,6,3,9,3.4,0,0,0,0,0,0,0,0.0,0,0,0,0,0,0,0,0.0,0,0,0,0,0,0,0,0.0,22,0,0,0,19,3,22,8.3,1,0,0,0,1,0,1,0.4,23,0,0,0,20,3,23,8.7,0,0,0,0,0,0,0,0.0,0,0,0,0,0,0,0,0.0,9,0,0,0,6,3,9,3.4,3,0,0,0,1,2,3,1.1,26,0,0,0,5,21,26,9.8,,,,,,,,,38,0,0,0,12,26,38,14.4,0,0,0,0,0,0,0,0.0,21,0,0,0,18,3,21,8.0,3,0,0,0,2,1,3,1.1,0,0,0,0,0,0,0,0.0,11,0,0,0,11,0,11,4.2,,,,,,,,,35,0,0,0,31,4,35,13.3,0,0,0,0,0,0,0,0.0,0,0,0,0,0,0,0,0.0,0,0,0,0,0,0,0,0.0,0,0,0,0,0,0,0,0.0,0,0,0,0,0,0,0,0.0,0,0,0,0,0,0,0,0.0,0,0,0,0,0,0,0,0.0,,,,,,,,,0,0,0,0,0,0,0,0.0,0,0,0,0,0,0,0,0.0,0,0,0,0,0,0,0,0.0,685,523,135,658,96,23,119,45.1,0,0,0,0,0,0,0,0.0,0,0,0,0,0,0,0,0.0,685,523,135,658,96,23,119,45.1,36,0,0,0,27,9,36,13.6,0,0,0,0,0,0,0,0.0,830,523,135,658,196,68,264,0.4,18.1
CITIES:,69,MALAPPURAM,0,0,0,0,0,0,0,0.0,0,0,0,0,0,0,0,0.0,2,0,0,0,1,1,2,1.6,0,0,0,0,0,0,0,0.0,0,0,0,0,0,0,0,0.0,0,0,0,0,0,0,0,0.0,2,0,0,0,1,1,2,1.6,0,0,0,0,0,0,0,0.0,13,0,0,0,7,6,13,10.3,13,0,0,0,7,6,13,10.3,4,0,0,0,2,2,4,3.2,0,0,0,0,0,0,0,0.0,0,0,0,0,0,0,0,0.0,0,0,0,0,0,0,0,0.0,2,0,0,0,2,0,2,1.6,2,0,0,0,1,1,2,1.6,4,0,0,0,3,1,4,3.2,0,0,0,0,0,0,0,0.0,0,0,0,0,0,0,0,0.0,0,0,0,0,0,0,0,0.0,0,0,0,0,0,0,0,0.0,4,0,0,0,2,2,4,3.2,,,,,,,,,4,0,0,0,2,2,4,3.2,0,0,0,0,0,0,0,0.0,23,0,0,0,22,1,23,18.3,0,0,0,0,0,0,0,0.0,0,0,0,0,0,0,0,0.0,2,0,0,0,2,0,2,1.6,,,,,,,,,25,0,0,0,24,1,25,19.8,3,0,0,0,2,1,3,2.4,0,0,0,0,0,0,0,0.0,2,0,0,0,1,1,2,1.6,0,0,0,0,0,0,0,0.0,0,0,0,0,0,0,0,0.0,4,0,0,0,3,1,4,3.2,0,0,0,0,0,0,0,0.0,,,,,,,,,6,0,0,0,4,2,6,4.8,0,0,0,0,0,0,0,0.0,1,0,0,0,1,0,1,0.8,490,438,182,620,31,20,51,40.5,0,0,0,0,0,0,0,0.0,0,0,0,0,0,0,0,0.0,490,438,182,620,31,20,51,40.5,0,0,0,0,0,0,0,0.0,13,0,0,0,12,1,13,10.3,565,438,182,620,89,37,126,0.2,7.4
CITIES:,70,MEERUT,0,0,0,0,0,0,0,0.0,20,16,2,18,18,3,21,2.1,1,2,1,3,0,1,1,0.1,0,0,0,0,0,0,0,0.0,0,0,0,0,0,0,0,0.0,18,16,2,18,10,7,17,1.7,39,34,5,39,28,11,39,3.9,0,0,0,0,0,0,0,0.0,18,10,2,12,12,5,17,1.7,18,10,2,12,12,5,17,1.7,11,4,1,5,9,6,15,1.5,0,0,0,0,0,0,0,0.0,0,0,0,0,0,0,0,0.0,0,0,0,0,0,0,0,0.0,16,14,1,15,14,3,17,1.7,15,9,3,12,6,1,7,0.7,31,23,4,27,20,4,24,2.4,18,7,5,12,17,6,23,2.3,7,5,5,10,4,2,6,0.6,2,1,1,2,1,0,1,0.1,9,1,5,6,3,8,11,1.1,9,7,5,12,8,5,13,1.3,,,,,,,,,27,14,16,30,16,15,31,3.1,263,105,12,117,204,65,269,27.0,22,0,0,0,17,4,21,2.1,2,1,0,1,1,0,1,0.1,5,0,0,0,0,5,5,0.5,45,9,0,9,40,0,40,4.0,,,,,,,,,74,10,0,10,58,9,67,6.7,0,0,0,0,0,0,0,0.0,0,0,0,0,0,0,0,0.0,12,4,5,9,5,3,8,0.8,4,7,0,7,2,0,2,0.2,0,0,0,0,0,0,0,0.0,0,0,0,0,0,0,0,0.0,84,62,12,74,72,10,82,8.2,,,,,,,,,100,73,17,90,79,13,92,9.2,0,0,0,0,0,0,0,0.0,1,0,0,0,1,0,1,0.1,958,592,65,657,362,49,411,41.2,0,0,0,0,0,0,0,0.0,0,0,0,0,0,0,0,0.0,958,592,65,657,362,49,411,41.2,0,0,0,0,0,0,0,0.0,10,7,5,12,5,3,8,0.8,1550,879,132,1011,811,186,997,1.7,70.0
CITIES:,71,MUMBAI,0,0,0,0,0,0,0,0.0,5,0,0,0,2,3,5,0.1,17,8,2,10,6,1,7,0.1,0,0,0,0,0,0,0,0.0,0,0,0,0,0,0,0,0.0,15,0,0,0,14,1,15,0.2,37,8,2,10,22,5,27,0.3,0,0,0,0,0,0,0,0.0,228,0,0,0,213,15,228,2.9,228,0,0,0,213,15,228,2.9,100,0,0,0,89,11,100,1.3,3,117,6,123,27,0,27,0.3,0,0,0,0,0,0,0,0.0,3,117,6,123,27,0,27,0.3,367,0,0,0,304,63,367,4.7,21,0,0,0,14,7,21,0.3,388,0,0,0,318,70,388,5.0,3,0,0,0,3,0,3,0.0,2,0,0,0,2,0,2,0.0,55,0,0,0,50,5,55,0.7,127,0,0,0,31,96,127,1.6,234,5,0,5,58,176,234,3.0,,,,,,,,,418,5,0,5,141,277,418,5.4,0,0,0,0,0,0,0,0.0,829,0,0,0,709,120,829,10.6,446,0,0,0,363,83,446,5.7,35,0,0,0,0,35,35,0.4,112,0,0,0,111,1,112,1.4,,,,,,,,,1422,0,0,0,1183,239,1422,18.2,2,0,0,0,2,0,2,0.0,0,0,0,0,0,0,0,0.0,76,0,0,0,51,25,76,1.0,0,0,0,0,0,0,0,0.0,0,0,0,0,0,0,0,0.0,9,0,0,0,4,5,9,0.1,0,0,0,0,0,0,0,0.0,,,,,,,,,85,0,0,0,55,30,85,1.1,0,0,0,0,0,0,0,0.0,15,0,0,0,9,6,15,0.2,3525,2397,524,2921,625,118,743,9.5,1,0,0,0,1,0,1,0.0,0,0,0,0,0,0,0,0.0,3526,2397,524,2921,626,118,744,9.5,4347,0,0,0,3354,993,4347,55.6,6,0,0,0,6,0,6,0.1,10580,2527,532,3059,6048,1764,7812,13.2,42.4
CITIES:,72,NAGPUR,0,0,0,0,0,0,0,0.0,1,0,0,0,1,0,1,0.1,0,0,0,0,0,0,0,0.0,0,0,0,0,0,0,0,0.0,0,0,0,0,0,0,0,0.0,0,0,0,0,0,0,0,0.0,1,0,0,0,1,0,1,0.1,0,0,0,0,0,0,0,0.0,70,0,0,0,64,8,72,5.3,70,0,0,0,64,8,72,5.3,19,0,0,0,17,2,19,1.4,0,0,0,0,0,0,0,0.0,0,0,0,0,0,0,0,0.0,0,0,0,0,0,0,0,0.0,67,0,0,0,54,13,67,5.0,1,0,0,0,1,0,1,0.1,68,0,0,0,55,13,68,5.0,5,0,0,0,5,0,5,0.4,0,0,0,0,0,0,0,0.0,2,0,0,0,1,1,2,0.1,0,0,0,0,0,0,0,0.0,165,0,0,0,33,132,165,12.2,,,,,,,,,167,0,0,0,34,133,167,12.4,0,0,0,0,0,0,0,0.0,83,0,0,0,76,7,83,6.2,54,0,0,0,44,10,54,4.0,1,0,0,0,0,1,1,0.1,95,0,0,0,92,3,95,7.0,,,,,,,,,233,0,0,0,212,21,233,17.3,0,0,0,0,0,0,0,0.0,0,0,0,0,0,0,0,0.0,9,0,0,0,6,3,9,0.7,0,0,0,0,0,0,0,0.0,0,0,0,0,0,0,0,0.0,4,0,0,0,4,0,4,0.3,0,0,0,0,0,0,0,0.0,,,,,,,,,13,0,0,0,10,3,13,1.0,0,0,0,0,0,0,0,0.0,0,0,0,0,0,0,0,0.0,1425,890,246,1136,213,39,252,18.7,0,0,0,0,0,0,0,0.0,51,0,0,0,46,5,51,3.8,1476,890,246,1136,259,44,303,22.5,468,0,0,0,401,67,468,34.7,0,0,0,0,0,0,0,0.0,2520,890,246,1136,1058,291,1349,2.3,54.0
CITIES:,73,NASIK,1,0,0,0,2,0,2,0.2,1,1,0,1,0,0,0,0.0,1,1,0,1,0,0,0,0.0,0,0,0,0,0,0,0,0.0,0,0,0,0,0,0,0,0.0,7,3,2,5,1,1,2,0.2,9,5,2,7,1,1,2,0.2,1,0,0,0,2,0,2,0.2,64,12,2,14,40,11,51,5.4,65,12,2,14,42,11,53,5.7,64,46,9,55,6,3,9,1.0,0,0,0,0,0,0,0,0.0,0,0,0,0,0,0,0,0.0,0,0,0,0,0,0,0,0.0,159,116,16,132,19,3,22,2.3,822,662,135,797,23,15,38,4.1,981,778,151,929,42,18,60,6.4,71,65,3,68,3,0,3,0.3,14,8,6,14,0,0,0,0.0,39,28,11,39,0,0,0,0.0,23,9,8,17,5,4,9,1.0,658,222,351,573,31,71,102,10.9,,,,,,,,,734,267,376,643,36,75,111,11.8,2,2,0,2,0,0,0,0.0,242,8,7,15,204,31,235,25.1,0,0,0,0,0,0,0,0.0,4,0,4,4,0,0,0,0.0,71,63,0,63,8,0,8,0.9,,,,,,,,,317,71,11,82,212,31,243,25.9,20,13,6,19,1,0,1,0.1,0,0,0,0,0,0,0,0.0,45,44,48,92,1,0,1,0.1,0,0,0,0,0,0,0,0.0,0,0,0,0,0,0,0,0.0,311,200,102,302,8,1,9,1.0,1166,601,541,1142,29,5,34,3.6,,,,,,,,,1522,845,691,1536,38,6,44,4.7,0,0,0,0,0,0,0,0.0,3,2,1,3,0,0,0,0.0,2873,2491,475,2966,115,29,144,15.4,0,0,0,0,0,0,0,0.0,26,3,0,3,21,2,23,2.5,2899,2494,475,2969,136,31,167,17.8,1127,479,201,680,173,52,225,24.0,23,15,3,18,13,4,17,1.8,7838,5094,1931,7025,705,232,937,1.6,59.9
CITIES:,74,PATNA,0,0,0,0,0,0,0,0.0,20,6,4,10,2,4,6,1.1,0,0,0,0,0,0,0,0.0,0,0,0,0,0,0,0,0.0,0,0,0,0,0,0,0,0.0,25,9,7,16,4,8,12,2.1,45,15,11,26,6,12,18,3.2,0,0,0,0,0,0,0,0.0,61,15,11,26,37,26,63,11.1,61,15,11,26,37,26,63,11.1,15,8,3,11,10,6,16,2.8,3,6,3,9,1,1,2,0.4,6,0,4,4,0,7,7,1.2,9,6,7,13,1,8,9,1.6,20,8,6,14,3,1,4,0.7,0,0,0,0,0,0,0,0.0,20,8,6,14,3,1,4,0.7,5,2,2,4,5,1,6,1.1,0,0,0,0,0,0,0,0,0,0,0,0,0,0,0,0,23,0,12,12,0,16,16,2.8,43,25,15,40,28,9,37,6.5,,,,,,,,,66,25,27,52,28,25,53,9.3,9,4,1,5,3,2,5,0.9,15,0,0,0,10,6,16,2.8,17,3,2,5,6,4,10,1.8,0,0,0,0,0,0,0,0.0,28,6,0,6,21,0,21,3.7,,,,,,,,,60,9,2,11,37,10,47,8.3,0,0,0,0,0,0,0,0.0,0,0,0,0,0,0,0,0,35,7,13,20,5,9,14,2.5,6,2,0,2,10,0,10,1.8,0,0,0,0,0,0,0,0.0,0,0,0,0,0,0,0,0.0,30,8,9,17,13,6,19,3.3,,,,,,,,,71,17,22,39,28,15,43,7.6,0,0,0,0,0,0,0,0.0,6,5,6,11,7,2,9,1.6,730,300,75,375,210,69,279,49.1,0,0,0,0,0,0,0,0.0,0,0,0,0,0,0,0,0.0,730,300,75,375,210,69,279,49.1,0,0,0,0,0,0,0,0.0,13,0,0,0,13,3,16,2.8,1110,414,173,587,388,180,568,1.0,27.7
CITIES:,75,PUNE,0,0,0,0,0,0,0,0.0,4,0,0,0,4,0,4,0.1,20,0,0,0,19,1,20,0.5,0,0,0,0,0,0,0,0.0,0,0,0,0,0,0,0,0.0,5,0,0,0,4,1,5,0.1,29,0,0,0,27,2,29,0.8,0,0,0,0,0,0,0,0.0,152,0,0,0,125,27,152,4.1,152,0,0,0,125,27,152,4.1,30,0,0,0,25,5,30,0.8,0,0,0,0,0,0,0,0.0,0,0,0,0,0,0,0,0.0,0,0,0,0,0,0,0,0.0,139,0,0,0,113,26,139,3.8,80,0,0,0,67,13,80,2.2,219,0,0,0,180,39,219,5.9,3,0,0,0,2,1,3,0.1,0,0,0,0,0,0,0,0.0,26,0,0,0,19,7,26,0.7,45,0,0,0,8,37,45,1.2,207,0,0,0,45,162,207,5.6,,,,,,,,,278,0,0,0,72,206,278,7.5,0,0,0,0,0,0,0,0.0,563,0,0,0,482,81,563,15.3,119,0,0,0,98,21,119,3.2,5,0,0,0,0,5,5,0.1,41,0,0,0,38,3,41,1.1,,,,,,,,,728,0,0,0,618,110,728,19.8,0,0,0,0,0,0,0,0.0,0,0,0,0,0,0,0,0.0,0,0,0,0,0,0,0,0.0,2,0,0,0,0,2,2,0.1,3,0,0,0,2,1,3,0.1,9,0,0,0,7,2,9,0.2,1,0,0,0,0,1,1,0.0,,,,,,,,,15,0,0,0,9,6,15,0.4,0,0,0,0,0,0,0,0.0,5,0,0,0,1,4,5,0.1,1531,1024,312,1336,444,67,511,13.9,10,7,3,10,0,0,0,0.0,55,9,30,39,12,0,12,0.3,1596,1040,345,1385,456,67,523,14.2,1613,0,0,0,1200,413,1613,43.8,89,0,0,0,68,21,89,2.4,4757,1040,345,1385,2783,901,3684,6.2,73.0
CITIES:,76,RAIPUR,0,0,0,0,0,0,0,0.0,7,0,0,0,4,3,7,1.2,0,0,0,0,0,0,0,0.0,0,0,0,0,0,0,0,0.0,0,0,0,0,0,0,0,0.0,1,0,0,0,1,0,1,0.2,8,0,0,0,5,3,8,1.4,0,0,0,0,0,0,0,0.0,28,0,0,0,22,6,28,4.8,28,0,0,0,22,6,28,4.8,14,0,0,0,13,1,14,2.4,1,0,0,0,0,1,1,0.2,0,0,0,0,0,0,0,0.0,1,0,0,0,0,1,1,0.2,19,0,0,0,12,7,19,3.2,9,0,0,0,9,0,9,1.5,28,0,0,0,21,7,28,4.8,3,0,0,0,3,0,3,0.5,0,0,0,0,0,0,0,0.0,1,0,0,0,1,0,1,0.2,13,0,0,0,3,10,13,2.2,38,0,0,0,14,24,38,6.5,,,,,,,,,52,0,0,0,18,34,52,8.9,4,0,0,0,2,2,4,0.7,52,0,0,0,43,9,52,8.9,3,0,0,0,3,0,3,0.5,0,0,0,0,0,0,0,0.0,16,0,0,0,16,0,16,2.7,,,,,,,,,71,0,0,0,62,9,71,12.1,0,0,0,0,0,0,0,0.0,0,0,0,0,0,0,0,0.0,1,0,0,0,0,1,1,0.2,0,0,0,0,0,0,0,0.0,0,0,0,0,0,0,0,0.0,6,0,0,0,5,1,6,1.0,8,0,0,0,6,2,8,1.4,,,,,,,,,15,0,0,0,11,4,15,2.6,0,0,0,0,0,0,0,0.0,13,0,0,0,10,3,13,2.2,1232,760,66,826,143,19,162,27.6,0,0,0,0,0,0,0,0.0,61,0,0,0,54,7,61,10.4,1293,760,66,826,197,26,223,38.1,66,0,0,0,49,17,66,11.3,60,0,0,0,50,10,60,10.2,1656,760,66,826,463,123,586,1.0,52.2
CITIES:,77,RAJKOT,0,0,0,0,0,0,0,0.0,0,0,0,0,0,0,0,0.0,0,0,0,0,0,0,0,0.0,0,0,0,0,0,0,0,0.0,0,0,0,0,0,0,0,0.0,13,0,0,0,11,2,13,1.5,13,0,0,0,11,2,13,1.5,0,0,0,0,0,0,0,0.0,81,0,0,0,63,18,81,9.6,81,0,0,0,63,18,81,9.6,0,0,0,0,0,0,0,0.0,0,0,0,0,0,0,0,0.0,0,0,0,0,0,0,0,0.0,0,0,0,0,0,0,0,0.0,11,0,0,0,10,1,11,1.3,0,0,0,0,0,0,0,0.0,11,0,0,0,10,1,11,1.3,0,0,0,0,0,0,0,0.0,0,0,0,0,0,0,0,0.0,12,0,0,0,9,3,12,1.4,2,0,0,0,0,2,2,0.2,197,0,0,0,48,149,197,23.4,,,,,,,,,211,0,0,0,57,154,211,25.1,0,0,0,0,0,0,0,0.0,270,0,0,0,234,36,270,32.1,41,0,0,0,37,4,41,4.9,0,0,0,0,0,0,0,0.0,0,0,0,0,0,0,0,0.0,,,,,,,,,311,0,0,0,271,40,311,37.0,0,0,0,0,0,0,0,0.0,0,0,0,0,0,0,0,0.0,22,0,0,0,18,4,22,2.6,0,0,0,0,0,0,0,0.0,0,0,0,0,0,0,0,0.0,13,0,0,0,8,5,13,1.5,7,0,0,0,7,0,7,0.8,,,,,,,,,42,0,0,0,33,9,42,5.0,0,0,0,0,0,0,0,0.0,0,0,0,0,0,0,0,0.0,1039,812,230,1042,141,31,172,20.5,0,0,0,0,0,0,0,0.0,0,0,0,0,0,0,0,0.0,1039,812,230,1042,141,31,172,20.5,0,0,0,0,0,0,0,0.0,0,0,0,0,0,0,0,0.0,1708,812,230,1042,586,255,841,1.4,60.5
CITIES:,78,RANCHI,0,0,0,0,0,0,0,0.0,0,0,0,0,0,0,0,0.0,0,0,0,0,0,0,0,0.0,0,0,0,0,0,0,0,0.0,0,0,0,0,0,0,0,0.0,2,0,0,0,2,0,2,0.6,2,0,0,0,2,0,2,0.6,0,0,0,0,0,0,0,0.0,32,0,0,0,30,2,32,9.2,32,0,0,0,30,2,32,9.2,7,0,0,0,7,0,7,2.0,0,0,0,0,0,0,0,0.0,0,0,0,0,0,0,0,0.0,0,0,0,0,0,0,0,0.0,45,0,0,0,38,7,45,12.9,4,0,0,0,4,0,4,1.1,49,0,0,0,42,7,49,14.1,1,0,0,0,1,0,1,0.3,0,0,0,0,0,0,0,0.0,0,0,0,0,0,0,0,0.0,3,0,0,0,2,3,5,1.4,46,0,0,0,16,36,52,14.9,,,,,,,,,49,0,0,0,18,39,57,16.4,1,0,0,0,1,0,1,0.3,4,0,0,0,2,2,4,1.1,15,0,0,0,12,3,15,4.3,1,0,0,0,0,1,1,0.3,16,0,0,0,17,5,22,6.3,,,,,,,,,36,0,0,0,31,11,42,12.1,0,0,0,0,0,0,0,0.0,0,0,0,0,0,0,0,0.0,15,0,0,0,11,4,15,4.3,0,0,0,0,0,0,0,0.0,0,0,0,0,0,0,0,0.0,1,0,0,0,1,0,1,0.3,0,0,0,0,0,0,0,0.0,,,,,,,,,16,0,0,0,12,4,16,4.6,0,0,0,0,0,0,0,0.0,0,0,0,0,0,0,0,0.0,268,98,16,114,117,17,134,38.5,1,0,0,0,1,0,1,0.3,6,0,0,0,5,1,6,1.7,275,98,16,114,123,18,141,40.5,0,0,0,0,0,0,0,0.0,0,0,0,0,0,0,0,0.0,468,98,16,114,267,81,348,0.6,30.9
CITIES:,79,SRINAGAR,0,0,0,0,0,0,0,0.0,0,0,0,0,0,0,0,0.0,0,0,0,0,0,0,0,0.0,0,0,0,0,0,0,0,0.0,0,0,0,0,0,0,0,0.0,0,0,0,0,0,0,0,0.0,0,0,0,0,0,0,0,0.0,0,0,0,0,0,0,0,0.0,0,0,0,0,0,0,0,0.0,0,0,0,0,0,0,0,0.0,0,0,0,0,0,0,0,0.0,1,0,0,0,1,0,1,1.3,0,0,0,0,0,0,0,0.0,1,0,0,0,1,0,1,1.3,0,0,0,0,0,0,0,0.0,0,0,0,0,0,0,0,0.0,0,0,0,0,0,0,0,0.0,0,0,0,0,0,0,0,0.0,0,0,0,0,0,0,0,0.0,0,0,0,0,0,0,0,0.0,0,0,0,0,0,0,0,0.0,0,0,0,0,0,0,0,0.0,,,,,,,,,0,0,0,0,0,0,0,0.0,0,0,0,0,0,0,0,0.0,0,0,0,0,0,0,0,0.0,0,0,0,0,0,0,0,0.0,0,0,0,0,0,0,0,0.0,0,0,0,0,0,0,0,0.0,,,,,,,,,0,0,0,0,0,0,0,0.0,0,0,0,0,0,0,0,0.0,0,0,0,0,0,0,0,0.0,0,0,0,0,0,0,0,0.0,0,0,0,0,0,0,0,0.0,0,0,0,0,0,0,0,0.0,0,0,0,0,0,0,0,0.0,0,0,0,0,0,0,0,0.0,,,,,,,,,0,0,0,0,0,0,0,0.0,0,0,0,0,0,0,0,0.0,0,0,0,0,0,0,0,0.0,492,395,116,511,71,4,75,98.7,0,0,0,0,0,0,0,0.0,0,0,0,0,0,0,0,0.0,492,395,116,511,71,4,75,98.7,0,0,0,0,0,0,0,0.0,0,0,0,0,0,0,0,0.0,493,395,116,511,72,4,76,0.1,6.0
CITIES:,80,SURAT,0,0,0,0,0,0,0,0.0,1,0,0,0,1,0,1,0.1,0,0,0,0,0,0,0,0.0,0,0,0,0,0,0,0,0.0,0,0,0,0,0,0,0,0.0,0,0,0,0,0,0,0,0.0,1,0,0,0,1,0,1,0.1,0,0,0,0,0,0,0,0.0,135,0,0,0,116,19,135,8.7,135,0,0,0,116,19,135,8.7,56,0,0,0,48,8,56,3.6,0,0,0,0,0,0,0,0.0,0,0,0,0,0,0,0,0.0,0,0,0,0,0,0,0,0.0,202,0,0,0,178,24,202,13.1,16,0,0,0,10,6,16,1.0,218,0,0,0,188,30,218,14.1,12,0,0,0,12,0,12,0.8,0,0,0,0,0,0,0,0.0,0,0,0,0,0,0,0,0.0,58,0,0,0,14,44,58,3.8,118,0,0,0,45,73,118,7.6,,,,,,,,,176,0,0,0,59,117,176,11.4,0,0,0,0,0,0,0,0.0,158,0,0,0,150,8,158,10.2,19,0,0,0,19,0,19,1.2,5,0,0,0,0,5,5,0.3,2,0,0,0,1,1,2,0.1,,,,,,,,,184,0,0,0,170,14,184,11.9,2,0,0,0,1,1,2,0.1,0,0,0,0,0,0,0,0.0,81,0,0,0,54,27,81,5.2,1,0,0,0,0,1,1,0.1,0,0,0,0,0,0,0,0.0,6,0,0,0,4,2,6,0.4,53,0,0,0,33,20,53,3.4,,,,,,,,,141,0,0,0,91,50,141,9.1,3,0,0,0,2,1,3,0.2,4,0,0,0,3,1,4,0.3,1223,694,147,841,197,51,248,16.0,0,0,0,0,0,0,0,0.0,12,0,0,0,9,3,12,0.8,1235,694,147,841,206,54,260,16.8,209,0,0,0,191,18,209,13.5,145,0,0,0,116,29,145,9.4,2521,694,147,841,1204,342,1546,2.6,33.7
CITIES:,81,THIRUVANANTHAPURAM,0,0,0,0,0,0,0,0.0,0,0,0,0,0,0,0,0.0,1,0,0,0,1,0,1,0.2,0,0,0,0,0,0,0,0.0,0,0,0,0,0,0,0,0.0,0,0,0,0,0,0,0,0.0,1,0,0,0,1,0,1,0.2,0,0,0,0,0,0,0,0.0,47,0,0,0,42,6,48,8.5,47,0,0,0,42,6,48,8.5,2,0,0,0,2,0,2,0.4,0,0,0,0,0,0,0,0.0,0,0,0,0,0,0,0,0.0,0,0,0,0,0,0,0,0.0,32,0,0,0,31,2,33,5.8,2,0,0,0,1,1,2,0.4,34,0,0,0,32,3,35,6.2,0,0,0,0,0,0,0,0.0,0,0,0,0,0,0,0,0.0,5,0,0,0,5,1,6,1.1,5,0,0,0,1,5,6,1.1,3,0,0,0,0,3,3,0.5,,,,,,,,,13,0,0,0,6,9,15,2.6,0,0,0,0,0,0,0,0.0,116,0,0,0,101,15,116,20.4,2,0,0,0,2,0,2,0.4,0,0,0,0,0,0,0,0.0,23,0,0,0,23,0,23,4.0,,,,,,,,,141,0,0,0,126,15,141,24.8,0,0,0,0,0,0,0,0.0,0,0,0,0,0,0,0,0.0,0,0,0,0,0,0,0,0.0,0,0,0,0,0,0,0,0.0,0,0,0,0,0,0,0,0.0,3,0,0,0,3,0,3,0.5,3,0,0,0,3,0,3,0.5,,,,,,,,,6,0,0,0,6,0,6,1.1,0,0,0,0,0,0,0,0.0,1,0,0,0,1,0,1,0.2,1792,1597,486,2083,116,25,141,24.8,0,0,0,0,0,0,0,0.0,25,0,0,0,19,6,25,4.4,1817,1597,486,2083,135,31,166,29.2,18,0,0,0,14,4,18,3.2,135,0,0,0,111,24,135,23.8,2215,1597,486,2083,476,92,568,1.0,33.7
CITIES:,82,THRISSUR,0,0,0,0,0,0,0,0.0,1,0,0,0,1,0,1,0.3,0,0,0,0,0,0,0,0.0,0,0,0,0,0,0,0,0.0,0,0,0,0,0,0,0,0.0,0,0,0,0,0,0,0,0.0,1,0,0,0,1,0,1,0.3,0,0,0,0,0,0,0,0.0,47,0,0,0,37,10,47,12.2,47,0,0,0,37,10,47,12.2,8,0,0,0,8,1,9,2.3,0,0,0,0,0,0,0,0.0,0,0,0,0,0,0,0,0.0,0,0,0,0,0,0,0,0.0,31,0,0,0,29,2,31,8.0,1,0,0,0,1,0,1,0.3,32,0,0,0,30,2,32,8.3,3,0,0,0,3,0,3,0.8,0,0,0,0,0,0,0,0.0,0,0,0,0,0,0,0,0.0,2,0,0,0,1,2,3,0.8,5,0,0,0,2,5,7,1.8,,,,,,,,,7,0,0,0,3,7,10,2.6,0,0,0,0,0,0,0,0.0,89,0,0,0,76,13,89,23.1,4,0,0,0,4,0,4,1.0,2,0,0,0,0,2,2,0.5,5,0,0,0,5,0,5,1.3,,,,,,,,,100,0,0,0,85,15,100,25.9,0,0,0,0,0,0,0,0.0,0,0,0,0,0,0,0,0.0,0,0,0,0,0,0,0,0.0,0,0,0,0,0,0,0,0.0,0,0,0,0,0,0,0,0.0,0,0,0,0,0,0,0,0.0,0,0,0,0,0,0,0,0.0,,,,,,,,,0,0,0,0,0,0,0,0.0,1,0,0,0,1,0,1,0.3,0,0,0,0,0,0,0,0.0,1262,1026,317,1343,124,17,141,36.5,0,0,0,0,0,0,0,0.0,12,0,0,0,10,2,12,3.1,1274,1026,317,1343,134,19,153,39.6,13,0,0,0,10,3,13,3.4,17,0,0,0,17,0,17,4.4,1503,1026,317,1343,329,57,386,0.7,20.8
CITIES:,83,TIRUCHIRAPPALLI,0,0,0,0,0,0,0,0.0,0,0,0,0,0,0,0,0.0,0,0,0,0,0,0,0,0.0,0,0,0,0,0,0,0,0.0,0,0,0,0,0,0,0,0.0,0,0,0,0,0,0,0,0.0,0,0,0,0,0,0,0,0.0,0,0,0,0,0,0,0,0.0,17,0,0,0,15,2,17,5.9,17,0,0,0,15,2,17,5.9,1,1,0,1,1,0,1,0.3,0,0,0,0,0,0,0,0.0,0,0,0,0,0,0,0,0.0,0,0,0,0,0,0,0,0.0,7,0,0,0,7,0,7,2.4,2,0,0,0,2,0,2,0.7,9,0,0,0,9,0,9,3.1,2,0,0,0,2,0,2,0.7,1,0,0,0,1,0,1,0.3,0,0,0,0,0,4,4,1.4,13,0,0,0,2,13,15,5.2,7,0,1,1,2,4,6,2.1,,,,,,,,,21,0,1,1,5,21,26,9.1,0,0,0,0,0,0,0,0.0,14,0,0,0,12,2,14,4.9,14,0,0,0,13,1,14,4.9,0,0,0,0,0,0,0,0.0,3,0,0,0,3,0,3,1.0,,,,,,,,,31,0,0,0,28,3,31,10.8,0,0,0,0,0,0,0,0.0,0,0,0,0,0,0,0,0.0,0,0,0,0,0,0,0,0.0,2,0,0,0,2,0,2,0.7,1,0,0,0,1,0,1,0.3,1,0,0,0,1,0,1,0.3,1,0,0,0,1,0,1,0.3,,,,,,,,,5,0,0,0,5,0,5,1.7,0,0,0,0,0,0,0,0.0,0,0,0,0,0,0,0,0.0,781,613,151,764,145,28,173,60.5,0,0,0,0,0,0,0,0.0,0,0,0,0,0,0,0,0.0,781,613,151,764,145,28,173,60.5,17,0,0,0,15,2,17,5.9,5,0,0,0,2,3,5,1.7,889,614,152,766,227,59,286,0.5,20.4
CITIES:,84,VADODARA,0,0,0,0,0,0,0,0.0,0,0,0,0,0,0,0,0.0,0,0,0,0,0,0,0,0.0,0,0,0,0,0,0,0,0.0,0,0,0,0,0,0,0,0.0,4,0,0,0,4,0,4,0.6,4,0,0,0,4,0,4,0.6,0,0,0,0,0,0,0,0.0,37,0,0,0,34,4,38,5.6,37,0,0,0,34,4,38,5.6,21,0,0,0,16,5,21,3.1,0,0,0,0,0,0,0,0.0,0,0,0,0,0,0,0,0.0,0,0,0,0,0,0,0,0.0,29,0,0,0,25,4,29,4.3,4,0,0,0,3,1,4,0.6,33,0,0,0,28,5,33,4.9,6,0,0,0,6,0,6,0.9,0,0,0,0,0,0,0,0.0,0,0,0,0,0,0,0,0.0,8,0,0,0,0,8,8,1.2,38,0,0,0,9,29,38,5.6,,,,,,,,,46,0,0,0,9,37,46,6.8,0,0,0,0,0,0,0,0.0,35,0,0,0,35,0,35,5.2,2,0,0,0,1,1,2,0.3,0,0,0,0,0,0,0,0.0,0,0,0,0,0,0,0,0.0,,,,,,,,,37,0,0,0,36,1,37,5.5,2,0,0,0,2,0,2,0.3,1,0,0,0,1,0,1,0.1,0,0,0,0,0,0,0,0.0,0,0,0,0,0,0,0,0.0,0,0,0,0,0,0,0,0.0,3,0,0,0,2,1,3,0.4,0,0,0,0,0,0,0,0.0,,,,,,,,,3,0,0,0,2,1,3,0.4,0,0,0,0,0,0,0,0.0,2,0,0,0,1,1,2,0.3,1343,757,151,908,145,27,172,25.6,11,0,0,0,10,2,12,1.8,0,0,0,0,0,0,0,0.0,1354,757,151,908,155,29,184,27.3,287,0,0,0,263,24,287,42.6,9,0,0,0,6,3,9,1.3,1842,757,151,908,563,110,673,1.1,37.0
CITIES:,85,VARANASI,0,0,0,0,0,0,0,0.0,4,2,2,4,2,2,4,0.8,0,0,0,0,0,0,0,0.0,0,0,0,0,0,0,0,0.0,0,0,0,0,0,0,0,0.0,0,0,0,0,0,0,0,0.0,4,2,2,4,2,2,4,0.8,0,0,0,0,0,0,0,0.0,15,0,0,0,14,2,16,3.2,15,0,0,0,14,2,16,3.2,7,7,1,8,6,0,6,1.2,0,0,0,0,0,0,0,0.0,1,0,0,0,1,0,1,0.2,1,0,0,0,1,0,1,0.2,7,0,0,0,5,2,7,1.4,0,0,0,0,0,0,0,0.0,7,0,0,0,5,2,7,1.4,1,0,0,0,1,0,1,0.2,2,0,0,0,2,2,4,0.8,0,0,0,0,0,0,0,0.0,0,0,0,0,0,0,0,0.0,23,0,0,0,25,21,46,9.3,,,,,,,,,25,0,0,0,27,23,50,10.1,1,0,0,0,1,0,1,0.2,15,0,0,0,13,2,15,3.0,0,0,0,0,0,0,0,0.0,1,0,0,0,0,1,1,0.2,2,0,0,0,8,2,10,2.0,,,,,,,,,18,0,0,0,21,5,26,5.3,0,0,0,0,0,0,0,0.0,0,0,0,0,0,0,0,0.0,35,0,0,0,15,24,39,7.9,3,0,0,0,8,2,10,2.0,0,0,0,0,0,0,0,0.0,0,0,0,0,0,0,0,0.0,5,0,0,0,5,0,5,1.0,,,,,,,,,43,0,0,0,28,26,54,10.9,0,0,0,0,0,0,0,0.0,1,0,0,0,1,1,2,0.4,128,50,7,57,170,64,234,47.4,0,0,0,0,0,0,0,0.0,35,0,0,0,29,6,35,7.1,163,50,7,57,199,70,269,54.5,27,6,0,6,36,12,48,9.7,5,0,0,0,7,2,9,1.8,318,65,10,75,349,145,494,0.8,34.4
CITIES:,86,VASAI VIRAR,0,0,0,0,0,0,0,0.0,0,0,0,0,0,0,0,0.0,0,0,0,0,0,0,0,0.0,0,0,0,0,0,0,0,0.0,0,0,0,0,0,0,0,0.0,0,0,0,0,0,0,0,0.0,0,0,0,0,0,0,0,0.0,0,0,0,0,0,0,0,0.0,77,0,0,0,75,9,84,11.7,77,0,0,0,75,9,84,11.7,22,0,0,0,18,4,22,3.1,0,0,0,0,0,0,0,0.0,0,0,0,0,0,0,0,0.0,0,0,0,0,0,0,0,0.0,24,0,0,0,22,2,24,3.3,0,0,0,0,0,0,0,0.0,24,0,0,0,22,2,24,3.3,1,0,0,0,1,0,1,0.1,0,0,0,0,0,0,0,0.0,0,0,0,0,0,0,0,0.0,0,0,0,0,0,0,0,0.0,64,0,0,0,11,53,64,8.9,,,,,,,,,64,0,0,0,11,53,64,8.9,0,0,0,0,0,0,0,0.0,75,0,0,0,65,10,75,10.4,16,0,0,0,12,4,16,2.2,12,0,0,0,0,12,12,1.7,1,0,0,0,1,0,1,0.1,,,,,,,,,104,0,0,0,78,26,104,14.4,3,0,0,0,1,2,3,0.4,0,0,0,0,0,0,0,0.0,4,0,0,0,1,3,4,0.6,0,0,0,0,0,0,0,0.0,0,0,0,0,0,0,0,0.0,7,0,0,0,3,4,7,1.0,0,0,0,0,0,0,0,0.0,,,,,,,,,11,0,0,0,4,7,11,1.5,0,0,0,0,0,0,0,0.0,0,0,0,0,0,0,0,0.0,770,381,87,468,134,26,160,22.2,0,0,0,0,0,0,0,0.0,0,0,0,0,0,0,0,0.0,770,381,87,468,134,26,160,22.2,247,0,0,0,181,66,247,34.3,0,0,0,0,0,0,0,0.0,1323,381,87,468,525,195,720,1.2,59.0
CITIES:,87,VIJAYAWADA,0,0,0,0,0,0,0,0.0,0,0,0,0,0,0,0,0.0,0,0,0,0,0,0,0,0.0,0,0,0,0,0,0,0,0.0,0,0,0,0,0,0,0,0.0,0,0,0,0,0,0,0,0.0,0,0,0,0,0,0,0,0.0,0,0,0,0,0,0,0,0.0,158,0,0,0,137,21,158,24.5,158,0,0,0,137,21,158,24.5,0,0,0,0,0,0,0,0.0,0,0,0,0,0,0,0,0.0,0,0,0,0,0,0,0,0.0,0,0,0,0,0,0,0,0.0,21,0,0,0,19,2,21,3.3,0,0,0,0,0,0,0,0.0,21,0,0,0,19,2,21,3.3,0,0,0,0,0,0,0,0.0,0,0,0,0,0,0,0,0.0,27,0,0,0,25,2,27,4.2,17,0,0,0,0,17,17,2.6,0,0,0,0,0,0,0,0.0,,,,,,,,,44,0,0,0,25,19,44,6.8,0,0,0,0,0,0,0,0.0,68,0,0,0,56,12,68,10.5,0,0,0,0,0,0,0,0.0,0,0,0,0,0,0,0,0.0,0,0,0,0,0,0,0,0.0,,,,,,,,,68,0,0,0,56,12,68,10.5,0,0,0,0,0,0,0,0.0,0,0,0,0,0,0,0,0.0,0,0,0,0,0,0,0,0.0,0,0,0,0,0,0,0,0.0,0,0,0,0,0,0,0,0.0,39,0,0,0,27,12,39,6.0,0,0,0,0,0,0,0,0.0,,,,,,,,,39,0,0,0,27,12,39,6.0,0,0,0,0,0,0,0,0.0,0,0,0,0,0,0,0,0.0,1413,1137,193,1330,284,32,316,48.9,0,0,0,0,0,0,0,0.0,0,0,0,0,0,0,0,0.0,1413,1137,193,1330,284,32,316,48.9,0,0,0,0,0,0,0,0.0,0,0,0,0,0,0,0,0.0,1743,1137,193,1330,548,98,646,1.1,43.3
CITIES:,88,VISHAKHAPATNAM,0,0,0,0,0,0,0,0.0,2,0,0,0,1,1,2,0.3,0,0,0,0,0,0,0,0.0,0,0,0,0,0,0,0,0.0,0,0,0,0,0,0,0,0.0,2,0,0,0,5,0,5,0.7,4,0,0,0,6,1,7,1.0,0,0,0,0,0,0,0,0.0,56,0,0,0,57,5,62,8.8,56,0,0,0,57,5,62,8.8,18,0,0,0,17,1,18,2.6,0,0,0,0,0,0,0,0.0,0,0,0,0,0,0,0,0.0,0,0,0,0,0,0,0,0.0,59,0,0,0,51,8,59,8.4,1,0,0,0,1,0,1,0.1,60,0,0,0,52,8,60,8.5,2,0,0,0,2,0,2,0.3,0,0,0,0,0,0,0,0.0,3,0,0,0,3,0,3,0.4,10,0,0,0,3,7,10,1.4,22,0,1,1,1,20,21,3.0,,,,,,,,,35,0,1,1,7,27,34,4.8,0,0,0,0,0,0,0,0.0,15,0,0,0,14,1,15,2.1,2,0,0,0,2,0,2,0.3,0,0,0,0,0,0,0,0.0,5,0,0,0,5,0,5,0.7,,,,,,,,,22,0,0,0,21,1,22,3.1,0,0,0,0,0,0,0,0.0,0,0,0,0,0,0,0,0.0,2,0,0,0,1,1,2,0.3,0,0,0,0,0,0,0,0.0,0,0,0,0,0,0,0,0.0,4,0,0,0,3,1,4,0.6,32,0,0,0,33,0,33,4.7,,,,,,,,,38,0,0,0,37,2,39,5.5,0,0,0,0,0,0,0,0.0,0,0,0,0,0,0,0,0.0,1353,1072,214,1286,366,48,414,58.8,2,0,0,0,2,0,2,0.3,0,0,0,0,0,0,0,0.0,1355,1072,214,1286,368,48,416,59.1,32,0,0,0,23,9,32,4.5,12,0,0,0,12,0,12,1.7,1634,1072,215,1287,602,102,704,1.2,40.7
CITIES:,,TOTAL (CITIES),2,0,0,0,9,3,12,0.0,199,38,19,57,119,63,182,0.3,96,38,8,46,78,19,97,0.2,0,0,0,0,0,0,0,0.0,2,0,0,0,2,0,2,0.0,249,57,24,81,167,47,214,0.4,546,133,51,184,366,129,495,0.8,42,3,0,3,24,2,26,0.0,2721,83,25,108,2390,423,2813,4.8,2763,86,25,111,2414,425,2839,4.8,1172,139,36,175,925,135,1060,1.8,12,196,14,210,45,3,48,0.1,39,12,6,18,32,16,48,0.1,51,208,20,228,77,19,96,0.2,2882,307,77,384,2218,456,2674,4.5,1146,687,145,832,281,76,357,0.6,4028,994,222,1216,2499,532,3031,5.1,563,394,31,425,175,12,187,0.3,71,15,11,26,36,25,61,0.1,313,49,13,62,235,42,277,0.5,991,37,47,84,221,801,1022,1.7,3951,491,601,1092,1116,2289,3405,5.8,,,,,,,,,5326,592,672,1264,1608,3157,4765,8.1,386,132,18,150,300,93,393,0.7,4546,169,60,229,3949,560,4509,7.6,1313,101,44,145,1013,209,1222,2.1,175,0,26,26,0,152,152,0.3,1360,175,11,186,1204,73,1277,2.2,,,,,,,,,7394,445,141,586,6166,994,7160,12.1,69,26,14,40,43,6,49,0.1,15,1,0,1,15,2,17,0.0,1474,238,230,468,710,395,1105,1.9,167,20,7,27,152,44,196,0.3,14,0,0,0,13,2,15,0.0,552,212,112,324,158,79,237,0.4,2133,747,580,1327,746,284,1030,1.7,,,,,,,,,4340,1217,929,2146,1779,804,2583,4.4,13,11,12,23,3,1,4,0.0,371,7,8,15,237,141,378,0.6,78651,55865,12816,68681,14830,2418,17248,29.2,205,40,11,51,161,16,177,0.3,2193,373,68,441,1556,208,1764,3.0,81049,56278,12895,69173,16547,2642,19189,32.5,13294,972,404,1376,9771,2683,12454,21.1,3952,93,75,168,3428,859,4287,7.3,125334,61728,15553,77281,46362,12637,58999,100.0,36.6
STATES:,,UNION TERRITORIES:,,,,,,,,,,,,,,,,,,,,,,,,,,,,,,,,,,,,,,,,,,,,,,,,,,,,,,,,,,,,,,,,,,,,,,,,,,,,,,,,,,,,,,,,,,,,,,,,,,,,,,,,,,,,,,,,,,,,,,,,,,,,,,,,,,,,,,,,,,,,,,,,,,,,,,,,,,,,,,,,,,,,,,,,,13,0,0,0,2,11,13,6.4,,,,,,,,,,,,,,,,,,,,,,,,,,,,,,,,,,,,,,,,,,,,,,,,,,,,,,,,,,,,,,,,,,,,,,,,,,,,,,,,,,,,,,,,,,,,,,,,,,,,,,,,,,,,,,,,,,,,,,,,,,,,,,,,,,,,,,,,,,,,,,,,,,,,,,,,,,,,,,,,,,,,,,,,,,,,,,,,,,,,,,,,,,,,,,,,,,,,,,,,,,,,,,,,,,,,,,,,,
