url,publication,year,listing,path,status,bytes,sha256,content_type,error
https://www.ncrb.gov.in/uploads/nationalcrimerecordsbureau/post/1686379292INTRODUCTION1.pdf,cii,1953,year_wise,raw/cii/1953/year_wise/1686379292INTRODUCTION1.pdf,ok,90810,7cc32e86a4c2dda8452cb9e46212fe8fcda0207dd2c1566befcc7845592d7a48,application/pdf,
https://www.ncrb.gov.in/uploads/nationalcrimerecordsbureau/post/1686379857GENERALSITUATIONINTHECOUNTRY.pdf,cii,1953,year_wise,raw/cii/1953/year_wise/1686379857GENERALSITUATIONINTHECOUNTRY.pdf,ok,1425291,10e30f072c2987f82661a07c5017587276fb850ce532f678edf1be3100372cf1,application/pdf,
https://www.ncrb.gov.in/uploads/nationalcrimerecordsbureau/post/1686379941APPENDIX-ALL-TOTALCONGNIZABLECRIME.pdf,cii,1953,year_wise,raw/cii/1953/year_wise/1686379941APPENDIX-ALL-TOTALCONGNIZABLECRIME.pdf,ok,1285017,013e8bc42920c426bf04d5e904a477084a08b3958ded581eb760385afebd25a6,application/pdf,
https://www.ncrb.gov.in/uploads/nationalcrimerecordsbureau/post/1686381370Introduction1954.pdf,cii,1954,year_wise,raw/cii/1954/year_wise/1686381370Introduction1954.pdf,ok,117649,6084d1169d6b214216933f9519f3f13c62f676a520bd4d38b157c047fe5b62a1,application/pdf,
https://www.ncrb.gov.in/uploads/nationalcrimerecordsbureau/post/1686381645GeneralSituationofCountry.pdf,cii,1954,year_wise,raw/cii/1954/year_wise/1686381645GeneralSituationofCountry.pdf,ok,2114664,e76744b985ebbf8c5406eb7da97713c11d355db1047ce84de865ab39b28ce5c4,application/pdf,
https://www.ncrb.gov.in/uploads/nationalcrimerecordsbureau/post/1686381753APPENDICES.pdf,cii,1954,year_wise,raw/cii/1954/year_wise/1686381753APPENDICES.pdf,ok,4448823,3535c3fb7d9a13806b92abf252ebff9de93c31d36c237f38ff6c4a640aa329c5,application/pdf,
https://www.ncrb.gov.in/uploads/nationalcrimerecordsbureau/post/1686382035ECONOMICSITUATIONINTHECOUNTRY.pdf,cii,1955,year_wise,raw/cii/1955/year_wise/1686382035ECONOMICSITUATIONINTHECOUNTRY.pdf,ok,1425933,a90348ff96a61ecc8465e173dd626ac24aebcf721853e3448c3d173545647a1f,application/pdf,
https://www.ncrb.gov.in/uploads/nationalcrimerecordsbureau/post/1686382133APPENDIX0.pdf,cii,1955,year_wise,raw/cii/1955/year_wise/1686382133APPENDIX0.pdf,ok,5178096,11317c7c862f7701528e30c595a0563e0c836092c0371dad5c4524b9f08cbf7c,application/pdf,
https://www.ncrb.gov.in/uploads/nationalcrimerecordsbureau/custom/1678970880SURVEYOFCRIME4.pdf,cii,1956,year_wise,raw/cii/1956/year_wise/1678970880SURVEYOFCRIME4.pdf,ok,1789437,00bc7bbdc56f3f32f56e3a0324e912905912d777c3bf9da09e47d0a6caa0114c,application/pdf,
https://www.ncrb.gov.in/uploads/nationalcrimerecordsbureau/post/1679311524CHARTS1956.pdf,cii,1956,year_wise,raw/cii/1956/year_wise/1679311524CHARTS1956.pdf,ok,613563,76898bfdc0eac475ae14a3e24d90443203d880c2491ee5e2826fbf038761ce6b,application/pdf,
https://www.ncrb.gov.in/uploads/nationalcrimerecordsbureau/post/1679311613APPENDIX-ALL0.pdf,cii,1956,year_wise,raw/cii/1956/year_wise/1679311613APPENDIX-ALL0.pdf,ok,5401532,38d9dce1d61381573dc80d970969bb59078645b3cb93ed0bc2276bf288aa8554,application/pdf,
https://www.ncrb.gov.in/uploads/nationalcrimerecordsbureau/post/1689765622SURVEYOFCRIME2.pdf,cii,1957,year_wise,raw/cii/1957/year_wise/1689765622SURVEYOFCRIME2.pdf,ok,2479229,aabafe2dc9d9f4a06b493e40480cc5acb3df3f4e315c5e262c06791ce40ab3bd,application/pdf,
https://www.ncrb.gov.in/uploads/nationalcrimerecordsbureau/post/1689765715Chart.pdf,cii,1957,year_wise,raw/cii/1957/year_wise/1689765715Chart.pdf,ok,2538237,6af30f3ceddf021349d8ee3ac7866889fc8019fa5a99346cff2a6a1f5d5cc766,application/pdf,
https://www.ncrb.gov.in/uploads/nationalcrimerecordsbureau/post/1689765744appendicesall5.pdf,cii,1957,year_wise,raw/cii/1957/year_wise/1689765744appendicesall5.pdf,ok,23158637,7c30ec9ac66806a2b7259e78309a050d91fc3c257aa574557a69d9bb075363a6,application/pdf,
https://www.ncrb.gov.in/uploads/nationalcrimerecordsbureau/post/1689773342appendicesall3-1958.pdf,cii,1958,year_wise,raw/cii/1958/year_wise/1689773342appendicesall3-1958.pdf,ok,21252180,d35bbadad8fc7f23824e783a174270881e9162b2a2aefcd94076bb12d23f4372,application/pdf,
https://www.ncrb.gov.in/uploads/nationalcrimerecordsbureau/post/1689773436CRIMEININDIA3-1958.pdf,cii,1958,year_wise,raw/cii/1958/year_wise/1689773436CRIMEININDIA3-1958.pdf,ok,2569016,e78a583370bd9a233230b88b7ea9783974f8d57e731f4c590af41d7883d37e5e,application/pdf,
https://www.ncrb.gov.in/uploads/nationalcrimerecordsbureau/post/1689773004appendicesall2.pdf,cii,1959,year_wise,raw/cii/1959/year_wise/1689773004appendicesall2.pdf,ok,21418421,3bf59326965b054b800df2776bcd1e7b263d6c01c4dbd674dfc7641667662fa1,application/pdf,
https://www.ncrb.gov.in/uploads/nationalcrimerecordsbureau/post/1689773778SURVEYOFCRIME1.pdf,cii,1959,year_wise,raw/cii/1959/year_wise/1689773778SURVEYOFCRIME1.pdf,ok,2534626,75ec08bfcd3c531040527d6732f1c0656d864a361719b55762b1049f07f985f3,application/pdf,
https://www.ncrb.gov.in/uploads/nationalcrimerecordsbureau/post/1689771970INTRODUCTION.pdf,cii,1960,year_wise,raw/cii/1960/year_wise/1689771970INTRODUCTION.pdf,ok,124361,3133218dce75a6e54a1d078249973c7aae192e6b61cc8bddc2d7bb33ee1a0c3c,application/pdf,
https://www.ncrb.gov.in/uploads/nationalcrimerecordsbureau/post/1689772159appendicesall1.pdf,cii,1960,year_wise,raw/cii/1960/year_wise/1689772159appendicesall1.pdf,ok,21979505,61c4f3b3b59188c8b7dcb8201aac370612f09988bf33470e1a066541b9ed5c05,application/pdf,
https://www.ncrb.gov.in/uploads/nationalcrimerecordsbureau/post/1689773895SURVEYOFCRIME0.pdf,cii,1960,year_wise,raw/cii/1960/year_wise/1689773895SURVEYOFCRIME0.pdf,ok,2254587,e4039131a78292ce48b3004bd778bfbc1c459748dd80c4f8c793e71bf11193c4,application/pdf,
https://www.ncrb.gov.in/uploads/nationalcrimerecordsbureau/post/1689771827appendicesall0.pdf,cii,1961,year_wise,raw/cii/1961/year_wise/1689771827appendicesall0.pdf,ok,21360619,603ed9164c3beb2f70cc0e25c10c65c762a1069515ff8205289c1a052246f1bb,application/pdf,
https://www.ncrb.gov.in/uploads/nationalcrimerecordsbureau/post/1689774084SurverOfCrime.pdf,cii,1961,year_wise,raw/cii/1961/year_wise/1689774084SurverOfCrime.pdf,ok,12114576,f9e87b72c9599d6eee920b83e3550f13cea3ea506e0a78928544b95fdd932f94,application/pdf,
https://www.ncrb.gov.in/uploads/nationalcrimerecordsbureau/post/1689771154APPENDIX.pdf,cii,1963,year_wise,raw/cii/1963/year_wise/1689771154APPENDIX.pdf,ok,7148188,4a7c77e67ed997afa32eb5dc04fc4474e5985602a2d12ecdcc3f40dedcc89a41,application/pdf,
https://www.ncrb.gov.in/uploads/nationalcrimerecordsbureau/post/1689771170ERRATA1963.pdf,cii,1963,year_wise,raw/cii/1963/year_wise/1689771170ERRATA1963.pdf,ok,192557,805a0dd926392dfd28a29494fb7b8a3a6fef967d263e19b27bf233ac4f82fa37,application/pdf,
https://www.ncrb.gov.in/uploads/nationalcrimerecordsbureau/post/1689774215SURVEYOFCRIME.pdf,cii,1963,year_wise,raw/cii/1963/year_wise/1689774215SURVEYOFCRIME.pdf,ok,3445558,7ff525b36d9ca98f06fa7d9c86b82d6511281525be4271d83b195b59cabf89ed,application/pdf,
https://www.ncrb.gov.in/uploads/2022/July/11/custom/crime-in-india/appendix-1964.pdf,cii,1964,table_chapter,raw/cii/1964/table_chapter/appendix-1964.pdf,ok,7705575,f45dcb582666293544ac26c2e40abd44ebfb046a8ef02df8eee0814973fa15b6,application/pdf,
https://www.ncrb.gov.in/uploads/2022/July/11/custom/crime-in-india/survey-of-crime-1964.pdf,cii,1964,table_chapter,raw/cii/1964/table_chapter/survey-of-crime-1964.pdf,ok,4253931,4d6875466ac51ccded67b3104306e96033d142cbab2b393c2d0805e9d7a5a20e,application/pdf,
https://www.ncrb.gov.in/uploads/nationalcrimerecordsbureau/post/1680077870TABLE-2-1964.pdf,cii,1964,table_content,raw/cii/1964/table_content/1680077870TABLE-2-1964.pdf,ok,161918,c2bd2655d75cca2fbbeaa65f83deefea699e740835c8a248c95ae757740523cc,application/pdf,
https://www.ncrb.gov.in/uploads/nationalcrimerecordsbureau/post/1680077897TABLE-31964.pdf,cii,1964,table_content,raw/cii/1964/table_content/1680077897TABLE-31964.pdf,ok,214383,7081f99917c75348d20e9f0e85dba2234da163142afc9448f4cd17358498f438,application/pdf,
https://www.ncrb.gov.in/uploads/nationalcrimerecordsbureau/post/1680077936TABLE-4-1964.pdf,cii,1964,table_content,raw/cii/1964/table_content/1680077936TABLE-4-1964.pdf,ok,69026,2ab53e27e4bcd2b3ab791982f1bd00a58c7e124ebb23412b20040ed8b3ea7c09,application/pdf,
https://www.ncrb.gov.in/uploads/nationalcrimerecordsbureau/post/1680077961TABLE-4-19640.pdf,cii,1964,table_content,raw/cii/1964/table_content/1680077961TABLE-4-19640.pdf,ok,69026,2ab53e27e4bcd2b3ab791982f1bd00a58c7e124ebb23412b20040ed8b3ea7c09,application/pdf,
https://www.ncrb.gov.in/uploads/nationalcrimerecordsbureau/post/1680077983TABLE-5-1964.pdf,cii,1964,table_content,raw/cii/1964/table_content/1680077983TABLE-5-1964.pdf,ok,238286,a58b983f8ce547ab4e40165a8c442bb71c0f4c5aadd67ee464e40c78148cc1ac,application/pdf,
https://www.ncrb.gov.in/uploads/nationalcrimerecordsbureau/post/1680078006TABLE-6-1964.pdf,cii,1964,table_content,raw/cii/1964/table_content/1680078006TABLE-6-1964.pdf,ok,118934,c6550304e8cff6b559de7d57bfde6a3634cb0ad26e6df3f1db0917c16de8e628,application/pdf,
https://www.ncrb.gov.in/uploads/nationalcrimerecordsbureau/post/1680078042TABLE-7-1964.pdf,cii,1964,table_content,raw/cii/1964/table_content/1680078042TABLE-7-1964.pdf,ok,159704,5d4c2b0dc634bffec45b5bad7e63f807b3b90e367958f7d3c322b67c37c36b30,application/pdf,
https://www.ncrb.gov.in/uploads/nationalcrimerecordsbureau/post/1680078062TABLE-9-1964.pdf,cii,1964,table_content,raw/cii/1964/table_content/1680078062TABLE-9-1964.pdf,ok,227665,0eb104dea4b1d8ed23679ae22326c3401d1ae3a11b7d56b94698ed3fa26975c9,application/pdf,
https://www.ncrb.gov.in/uploads/2022/July/11/custom/crime-in-india/appendix-1965.pdf,cii,1965,table_chapter,raw/cii/1965/table_chapter/appendix-1965.pdf,ok,9034093,31d227cc2cb8c8bd4bcf97cb9f67bb4847f131a0e855ea0d3eb4d89b2b5a0442,application/pdf,
https://www.ncrb.gov.in/uploads/2022/July/11/custom/crime-in-india/survey-of-crime-1965.pdf,cii,1965,table_chapter,raw/cii/1965/table_chapter/survey-of-crime-1965.pdf,ok,3114411,09e0b2e8b0b90c4b320ccd6b1fd48393cbc5c6ea8182835e49a6ef1ebdfe4060,application/pdf,
https://www.ncrb.gov.in/uploads/nationalcrimerecordsbureau/post/1680078414TABLE-21965.pdf,cii,1965,table_content,raw/cii/1965/table_content/1680078414TABLE-21965.pdf,ok,157314,9784c33f484aa0740f7dd2248775d6d97035c435f2c6840549617917bc5f2ff9,application/pdf,
https://www.ncrb.gov.in/uploads/nationalcrimerecordsbureau/post/1680078432TABLE-3-1965.pdf,cii,1965,table_content,raw/cii/1965/table_content/1680078432TABLE-3-1965.pdf,ok,222275,93771d5c5a57226d2c83b2d43ae67159d857286cd8064e7cac5c346d56db86b6,application/pdf,
https://www.ncrb.gov.in/uploads/nationalcrimerecordsbureau/post/1680078960TABLE-4-1965.pdf,cii,1965,table_content,raw/cii/1965/table_content/1680078960TABLE-4-1965.pdf,ok,118078,e2889fd3550ffab8660820458f60b843d761c1afa5cf392ef21deb95d3045690,application/pdf,
https://www.ncrb.gov.in/uploads/nationalcrimerecordsbureau/post/1680078982TABLE-5-1965.pdf,cii,1965,table_content,raw/cii/1965/table_content/1680078982TABLE-5-1965.pdf,ok,175946,77498db43ef8e55a4b25495be222febdecab243deb6a14899f67125bc6d3d862,application/pdf,
https://www.ncrb.gov.in/uploads/nationalcrimerecordsbureau/post/1680079005TABLE-6-1965.pdf,cii,1965,table_content,raw/cii/1965/table_content/1680079005TABLE-6-1965.pdf,ok,84721,bbc4605494ea2c6ff2e24cf8c88b4ed6a7b28a4d7188a1950798b9610fd74a2c,application/pdf,
https://www.ncrb.gov.in/uploads/nationalcrimerecordsbureau/post/1680079029TABLE-7-1965.pdf,cii,1965,table_content,raw/cii/1965/table_content/1680079029TABLE-7-1965.pdf,ok,134687,039c8b4a32fce6d4537f77daac614144dfb61d1d1f057d3a84254ba6f56bb55e,application/pdf,
https://www.ncrb.gov.in/uploads/nationalcrimerecordsbureau/post/1680079050TABLE-8-1965.pdf,cii,1965,table_content,raw/cii/1965/table_content/1680079050TABLE-8-1965.pdf,ok,91233,ca9b36d6cc8c84ad4c08ba9b8f2ff0af06fe6b0cad9f56e0618c8a5c2be54d1c,application/pdf,
https://www.ncrb.gov.in/uploads/nationalcrimerecordsbureau/post/1680079071TABLE-9-1965.pdf,cii,1965,table_content,raw/cii/1965/table_content/1680079071TABLE-9-1965.pdf,ok,168036,5cbb13c1f8b4e50f41af3097cc2f690dfb0bd13586e1f7076e7f4f7cc410c9ec,application/pdf,
https://www.ncrb.gov.in/uploads/2022/July/11/custom/crime-in-india/appendix-1966.pdf,cii,1966,table_chapter,raw/cii/1966/table_chapter/appendix-1966.pdf,ok,8289541,480636acad765635761f21d85b9a84110830d45a0218f3eb2a6c79ae168a7b2e,application/pdf,
https://www.ncrb.gov.in/uploads/2022/July/11/custom/crime-in-india/survey-of-crime-1966.pdf,cii,1966,table_chapter,raw/cii/1966/table_chapter/survey-of-crime-1966.pdf,ok,3284405,78ec118df6660f1a9eec021f2545956a450f350908d7a7f4c6e3c90dcb8ddd89,application/pdf,
https://www.ncrb.gov.in/uploads/2022/July/11/custom/crime-in-india/table-11-1966.pdf,cii,1966,table_content,raw/cii/1966/table_content/table-11-1966.pdf,ok,164811,7a41e264ec263ef76e09d25331a8e195ee76a5a0ed7b5fd7cba018e1f6558064,application/pdf,
https://www.ncrb.gov.in/uploads/2022/July/11/custom/crime-in-india/table-12-1966.pdf,cii,1966,table_content,raw/cii/1966/table_content/table-12-1966.pdf,ok,93005,2e1890bb064add859467687ba92549cacf02213ac98a255971294fd9e60b2a5d,application/pdf,
https://www.ncrb.gov.in/uploads/2022/July/11/custom/crime-in-india/table-2-1966.pdf,cii,1966,table_content,raw/cii/1966/table_content/table-2-1966.pdf,ok,146935,cb8c3cdda8c646fdfbe059d296bdd3c2f75714206dfff5f5c52e3a12b8e0dc40,application/pdf,
https://www.ncrb.gov.in/uploads/2022/July/11/custom/crime-in-india/table-3-1966.pdf,cii,1966,table_content,raw/cii/1966/table_content/table-3-1966.pdf,ok,234059,c32339f50793901534ec306b073d61cf3714bbceb2ae2dc85a10eef2fd1b5159,application/pdf,
https://www.ncrb.gov.in/uploads/2022/July/11/custom/crime-in-india/table-4-1966.pdf,cii,1966,table_content,raw/cii/1966/table_content/table-4-1966.pdf,ok,160321,ea286435b4b72fd20b4b9074a78b26849d69391b521a3b16ab20c3850a11d46e,application/pdf,
https://www.ncrb.gov.in/uploads/2022/July/11/custom/crime-in-india/table-5-1966.pdf,cii,1966,table_content,raw/cii/1966/table_content/table-5-1966.pdf,ok,119068,11c18b24e12947de493c93615242475c71a97c313d55695f02a928edfabfb472,application/pdf,
https://www.ncrb.gov.in/uploads/2022/July/11/custom/crime-in-india/table-6-1966.pdf,cii,1966,table_content,raw/cii/1966/table_content/table-6-1966.pdf,ok,176334,9be887c10837a04cef3e177e8a111188b74f76b1fe2dbb3a636165a67609cce6,application/pdf,
https://www.ncrb.gov.in/uploads/2022/July/11/custom/crime-in-india/table-7-1966.pdf,cii,1966,table_content,raw/cii/1966/table_content/table-7-1966.pdf,ok,123015,32527535726a15023807b038ad3f74b877113dd0500aaea03370e9beb274d483,application/pdf,
https://www.ncrb.gov.in/uploads/2022/July/11/custom/crime-in-india/table-8-1966.pdf,cii,1966,table_content,raw/cii/1966/table_content/table-8-1966.pdf,ok,149267,5bb43671240b4dd836f5ce452b5bd90d5b2c21757c8d75bef3e384fba26b017b,application/pdf,
https://www.ncrb.gov.in/uploads/2022/July/11/custom/crime-in-india/appendix1967.pdf,cii,1967,table_chapter,raw/cii/1967/table_chapter/appendix1967.pdf,ok,36924092,9b16ebf1791397d121cf1ed6ec229bdc5ed3122b6fef05bb76b96a4352a51cd7,application/pdf,
https://www.ncrb.gov.in/uploads/2022/July/11/custom/crime-in-india/survey-of-crime-1967.pdf,cii,1967,table_chapter,raw/cii/1967/table_chapter/survey-of-crime-1967.pdf,ok,27606183,daed9766ba5c8074ec28a6fb10e4779a67dbbe37fefe99d7207f0fe2f82bb8e8,application/pdf,
https://www.ncrb.gov.in/uploads/2022/July/11/custom/crime-in-india/table-10-1967.pdf,cii,1967,table_content,raw/cii/1967/table_content/table-10-1967.pdf,ok,288530,f6417e1a0dbfc5aa1348e3a515e6117aa024f53c6f1526485f582e6b668022e1,application/pdf,
https://www.ncrb.gov.in/uploads/2022/July/11/custom/crime-in-india/table-11-1967.pdf,cii,1967,table_content,raw/cii/1967/table_content/table-11-1967.pdf,ok,257462,efbabcc360363c8c6f18a6bcd1b3f90f97988227ef11129121450b9ba693027f,application/pdf,
https://www.ncrb.gov.in/uploads/2022/July/11/custom/crime-in-india/table-13-1967.pdf,cii,1967,table_content,raw/cii/1967/table_content/table-13-1967.pdf,ok,404821,afb9357ecf7673f9cec8fe4e540b6d7424fdd44af15beb34e9eb7fe70b3c3681,application/pdf,
https://www.ncrb.gov.in/uploads/2022/July/11/custom/crime-in-india/table-3-1967.pdf,cii,1967,table_content,raw/cii/1967/table_content/table-3-1967.pdf,ok,1122409,ede873b4fff5860eb9b1e111d1efcc435e1c567901bfb7c4de0b1be69191a5a1,application/pdf,
https://www.ncrb.gov.in/uploads/2022/July/11/custom/crime-in-india/table-4-1967.pdf,cii,1967,table_content,raw/cii/1967/table_content/table-4-1967.pdf,ok,3530085,91f3cd13847106399fbc65d69c0808b1d7b5c115da7b3b7e476a46fdd51d9533,application/pdf,
https://www.ncrb.gov.in/uploads/2022/July/11/custom/crime-in-india/table-5-1967.pdf,cii,1967,table_content,raw/cii/1967/table_content/table-5-1967.pdf,ok,806591,47aa4d203bac8af76d486bf75a0545f2ee3fe7cf27a23f7f26e223ecd7f52d7e,application/pdf,
https://www.ncrb.gov.in/uploads/2022/July/11/custom/crime-in-india/table-6-1967.pdf,cii,1967,table_content,raw/cii/1967/table_content/table-6-1967.pdf,ok,549894,6482d6e9b42df71cc80ab35f1a90b383c5512abd596e79476accda9701cafea6,application/pdf,
https://www.ncrb.gov.in/uploads/2022/July/11/custom/crime-in-india/table-7-1967.pdf,cii,1967,table_content,raw/cii/1967/table_content/table-7-1967.pdf,ok,587484,e50d367cb55afd34145facc19435fb78944f075148681379c793142b4a597180,application/pdf,
https://www.ncrb.gov.in/uploads/2022/July/11/custom/crime-in-india/table-8-1967.pdf,cii,1967,table_content,raw/cii/1967/table_content/table-8-1967.pdf,ok,869694,8f6188553dd52ba0874b598d90a6fff725ae17ae2aefab24fcffac48c47d6994,application/pdf,
https://www.ncrb.gov.in/uploads/2022/July/11/custom/crime-in-india/table-9-1967.pdf,cii,1967,table_content,raw/cii/1967/table_content/table-9-1967.pdf,ok,649403,e67442f4df2f387047eac0df447060716184b26744ec37884a3cf74c97ecc587,application/pdf,
https://www.ncrb.gov.in/uploads/2022/July/11/custom/crime-in-india/table12-1967.pdf,cii,1967,table_content,raw/cii/1967/table_content/table12-1967.pdf,ok,791764,6531fc8a0bfa2841060b1a9bbae89b165c3c141f3310dc971738ce1c7af9159c,application/pdf,
https://www.ncrb.gov.in/uploads/nationalcrimerecordsbureau/post/1679313847CHAPTER-SURVEYOFCRIME-1968.pdf,cii,1968,table_chapter,raw/cii/1968/table_chapter/1679313847CHAPTER-SURVEYOFCRIME-1968.pdf,ok,3398924,b8a61bda6728e5831dd923cb0c663d912b6ef8a2025b83fec4b5eb047d9e7c0c,application/pdf,
https://www.ncrb.gov.in/uploads/nationalcrimerecordsbureau/post/1679313928APPENDIX-1968.pdf,cii,1968,table_chapter,raw/cii/1968/table_chapter/1679313928APPENDIX-1968.pdf,ok,8310259,493f5b67dabc91244294a7fa7c9fe8dc540a11a27fdfa554f3baea39f06e9d13,application/pdf,
https://www.ncrb.gov.in/uploads/2022/July/11/custom/crime-in-india/table-III-1968.pdf,cii,1968,table_content,raw/cii/1968/table_content/table-III-1968.pdf,ok,233331,6e82dea0d7d9053bfa3b36b3dd4f5ee499f7020eb79243ab3d2bc91cef9c4a09,application/pdf,
https://www.ncrb.gov.in/uploads/2022/July/11/custom/crime-in-india/table-IV-1968.pdf,cii,1968,table_content,raw/cii/1968/table_content/table-IV-1968.pdf,ok,758485,69756bca40e5322283109495907eca4cc73542479286bdedadca8aa02f0241f7,application/pdf,
https://www.ncrb.gov.in/uploads/2022/July/11/custom/crime-in-india/table-IX-1968.pdf,cii,1968,table_content,raw/cii/1968/table_content/table-IX-1968.pdf,ok,138814,4c0bc348cd23efd7a0a94ac3c45e5c2de1fad55fb27faf016038dbefd7186184,application/pdf,
https://www.ncrb.gov.in/uploads/2022/July/11/custom/crime-in-india/table-VI-1968.pdf,cii,1968,table_content,raw/cii/1968/table_content/table-VI-1968.pdf,ok,123529,03a74bd8173f7d1bdfe3bbd0006ded800c16f58b868bbceb4f84fc8251ebfb43,application/pdf,
https://www.ncrb.gov.in/uploads/2022/July/11/custom/crime-in-india/table-VII1968-.pdf,cii,1968,table_content,raw/cii/1968/table_content/table-VII1968-.pdf,ok,198474,d4c8d7e9b7373c1698a19c46fb6d64e108429c17c472f1052c7e852988fd4803,application/pdf,
https://www.ncrb.gov.in/uploads/2022/July/11/custom/crime-in-india/table-VIII-1968.pdf,cii,1968,table_content,raw/cii/1968/table_content/table-VIII-1968.pdf,ok,138682,2447518e8ece91956cbc08ea1cc8bf895963d3f92c1f0201a0b8cecd85e71856,application/pdf,
https://www.ncrb.gov.in/uploads/2022/July/11/custom/crime-in-india/table-XII-1968.pdf,cii,1968,table_content,raw/cii/1968/table_content/table-XII-1968.pdf,ok,189507,d036144942eb5069337c7534901c173d10ea5827231683ce27321cdcc42f0d46,application/pdf,
https://www.ncrb.gov.in/uploads/2022/July/11/custom/crime-in-india/table-XIII-police-strength-in-state1968-1968.pdf,cii,1968,table_content,raw/cii/1968/table_content/table-XIII-police-strength-in-state1968-1968.pdf,ok,122124,90d96342ceef4482d94d7bc434dedc30757709aa1840f7f1812d3594e39d3476,application/pdf,
https://www.ncrb.gov.in/uploads/2022/July/11/custom/crime-in-india/appendix-1969.pdf,cii,1969,table_chapter,raw/cii/1969/table_chapter/appendix-1969.pdf,ok,7921087,a75b83a19ff606bf46a76a58309508479227b481a4bef1e967c9a9a899a65179,application/pdf,
https://www.ncrb.gov.in/uploads/2022/July/11/custom/crime-in-india/chapter-1-1969.pdf,cii,1969,table_chapter,raw/cii/1969/table_chapter/chapter-1-1969.pdf,ok,3304622,0ff48e33b2e6a42442dee162f14193b5f416febd9614542bf051a975e042d61a,application/pdf,
https://www.ncrb.gov.in/uploads/2022/July/11/custom/crime-in-india/chapter-2-1969.pdf,cii,1969,table_chapter,raw/cii/1969/table_chapter/chapter-2-1969.pdf,ok,1296769,b69618a6c473fc9ee30c33046adbe3b2d4f44bc8268129918fa10e3cc3aa1472,application/pdf,
https://www.ncrb.gov.in/uploads/2022/July/11/custom/crime-in-india/chapter-3-1969.pdf,cii,1969,table_chapter,raw/cii/1969/table_chapter/chapter-3-1969.pdf,ok,392553,7a906bcdc7f1193328284f0e1435772f412b31ab06fe14c449942a75ea029bfc,application/pdf,
https://www.ncrb.gov.in/uploads/2022/July/11/custom/crime-in-india/chapter-4-1969.pdf,cii,1969,table_chapter,raw/cii/1969/table_chapter/chapter-4-1969.pdf,ok,222449,0fc89dd93587a3af28ea0f3d86fd5c9087e9a47bfed755f91a8150cfd4d013c7,application/pdf,
https://www.ncrb.gov.in/uploads/2022/July/11/custom/crime-in-india/chapter-5-1969.pdf,cii,1969,table_chapter,raw/cii/1969/table_chapter/chapter-5-1969.pdf,ok,535358,2de234b969ff1d9a163057f932151ead4f0eb8c1e08845a2d18cb6a9b5eab989,application/pdf,
https://www.ncrb.gov.in/uploads/2022/July/11/custom/crime-in-india/table-11-1969.pdf,cii,1969,table_content,raw/cii/1969/table_content/table-11-1969.pdf,ok,73693,0bb172a7e40ab7764acb8d7e601151a413b1cdc617527d04d47e65145a2f479d,application/pdf,
https://www.ncrb.gov.in/uploads/2022/July/11/custom/crime-in-india/table-121969.pdf,cii,1969,table_content,raw/cii/1969/table_content/table-121969.pdf,ok,325345,2904f21953e8c739d6a51c8d2a85c9c9ecc864fe5446bfbc3440b99ebc96831a,application/pdf,
https://www.ncrb.gov.in/uploads/2022/July/11/custom/crime-in-india/table-13-1969.pdf,cii,1969,table_content,raw/cii/1969/table_content/table-13-1969.pdf,ok,171323,a58b64e96584df8a5e21cbbc0b1830cdc0a4fb963418bd5d768701cd257f4957,application/pdf,
https://www.ncrb.gov.in/uploads/2022/July/11/custom/crime-in-india/table-14-1969.pdf,cii,1969,table_content,raw/cii/1969/table_content/table-14-1969.pdf,ok,114313,553192503c0d14b6e578180d417b14029c067047d5f368178107bafea007e6b6,application/pdf,
https://www.ncrb.gov.in/uploads/2022/July/11/custom/crime-in-india/table-15-1969.pdf,cii,1969,table_content,raw/cii/1969/table_content/table-15-1969.pdf,ok,188106,91d5963fc0e8733e339adeca00ca8377e7d6a44f4a1ec36a68ed51f6605590dc,application/pdf,
https://www.ncrb.gov.in/uploads/2022/July/11/custom/crime-in-india/table-16-1969.pdf,cii,1969,table_content,raw/cii/1969/table_content/table-16-1969.pdf,ok,127571,6896d768cc8720abb5b792ef8b070de36c993d61408a57025f57427b1dba58e4,application/pdf,
https://www.ncrb.gov.in/uploads/2022/July/11/custom/crime-in-india/table-19-1969.pdf,cii,1969,table_content,raw/cii/1969/table_content/table-19-1969.pdf,ok,196367,440e7af08badf5d23958ebab9a65f0517e4709a5e0442fdaaee2bf05d5571f2e,application/pdf,
https://www.ncrb.gov.in/uploads/2022/July/11/custom/crime-in-india/table-2-1969.pdf,cii,1969,table_content,raw/cii/1969/table_content/table-2-1969.pdf,ok,169557,2a68d010df9ca90fb8c3ccc79fd847d0e7a2bdcdd7706e8eebe5f02e0180cd9c,application/pdf,
https://www.ncrb.gov.in/uploads/2022/July/11/custom/crime-in-india/table-20-1969.pdf,cii,1969,table_content,raw/cii/1969/table_content/table-20-1969.pdf,ok,137570,7d06bf08eb08085755e780aebe4eb16f0be3a48d438322e45cc7d808ebb41136,application/pdf,
https://www.ncrb.gov.in/uploads/2022/July/11/custom/crime-in-india/table-23-1969.pdf,cii,1969,table_content,raw/cii/1969/table_content/table-23-1969.pdf,ok,171835,19ff37873eb18e8f932f63e91291bc38203e400e57445b402a4d4f432b9fff8d,application/pdf,
https://www.ncrb.gov.in/uploads/2022/July/11/custom/crime-in-india/table-24-1969.pdf,cii,1969,table_content,raw/cii/1969/table_content/table-24-1969.pdf,ok,198554,9d0e2039d1b80ae04fc1cfd335932ccf509b5da0ba0a4831ab225861171a6544,application/pdf,
https://www.ncrb.gov.in/uploads/2022/July/11/custom/crime-in-india/table-25-1969.pdf,cii,1969,table_content,raw/cii/1969/table_content/table-25-1969.pdf,ok,104766,3612b25254b85dd1afd1e2e573030015660cae9081dadaf68728b36860e635c8,application/pdf,
https://www.ncrb.gov.in/uploads/2022/July/11/custom/crime-in-india/table-26-1969.pdf,cii,1969,table_content,raw/cii/1969/table_content/table-26-1969.pdf,ok,86459,0eb0f71cdc93a3d1226e9f3271e5f0122c8518ebde28f12fed5b5b8fca8f180e,application/pdf,
https://www.ncrb.gov.in/uploads/2022/July/11/custom/crime-in-india/table-41969.pdf,cii,1969,table_content,raw/cii/1969/table_content/table-41969.pdf,ok,246602,268da358aad3617abfa6383aeb53585675a0d2006425350e8a06ea2ffc154c2e,application/pdf,
https://www.ncrb.gov.in/uploads/2022/July/11/custom/crime-in-india/table-5-1969.pdf,cii,1969,table_content,raw/cii/1969/table_content/table-5-1969.pdf,ok,740998,39320ee8dd6f7300e067a1948e35588b6c40135406fdc430d096fff33cabf950,application/pdf,
https://www.ncrb.gov.in/uploads/2022/July/11/custom/crime-in-india/appendex-1970.pdf,cii,1970,table_chapter,raw/cii/1970/table_chapter/appendex-1970.pdf,ok,8994392,3ed7da4cec7a8a52c94ec44a60188cb502ba306987e4cb8da95c49a8762233a3,application/pdf,
https://www.ncrb.gov.in/uploads/2022/July/11/custom/crime-in-india/chapter1-1970.pdf,cii,1970,table_chapter,raw/cii/1970/table_chapter/chapter1-1970.pdf,ok,3893667,e7fdfe33c35ad9e7a85d8b4f3e5dca2e70f8d6bfd3fd3b56c473b55a5d144dea,application/pdf,
https://www.ncrb.gov.in/uploads/2022/July/11/custom/crime-in-india/chapter2-1970.pdf,cii,1970,table_chapter,raw/cii/1970/table_chapter/chapter2-1970.pdf,ok,918046,8b4eff935cfd279ec021a83396ccbd704c6c64aa47906d4e7d20d1a8ed089bd8,application/pdf,
https://www.ncrb.gov.in/uploads/2022/July/11/custom/crime-in-india/chapter3-1970.pdf,cii,1970,table_chapter,raw/cii/1970/table_chapter/chapter3-1970.pdf,ok,713941,f358dee7a614abf04d83032d62c6caa76914ae8325a9cd2908d0d89d091cb2a8,application/pdf,
https://www.ncrb.gov.in/uploads/2022/July/11/custom/crime-in-india/chapter4-1970.pdf,cii,1970,table_chapter,raw/cii/1970/table_chapter/chapter4-1970.pdf,ok,128597,8f799a4b243527c755c13894c97546f6090a72db30d00ccf72d96e8ad1071402,application/pdf,
https://www.ncrb.gov.in/uploads/2022/July/11/custom/crime-in-india/chapter5-1970.pdf,cii,1970,table_chapter,raw/cii/1970/table_chapter/chapter5-1970.pdf,ok,73211,556363c8915f772e4fabadf3e2021117ee54084bfc63ca70e0b3d3feae091942,application/pdf,
https://www.ncrb.gov.in/uploads/2022/July/11/custom/crime-in-india/table-12-1970.pdf,cii,1970,table_content,raw/cii/1970/table_content/table-12-1970.pdf,ok,279500,ee5ad116d64490e9f5bdb7f4a22c5e464e1d122e2f2bf17b60cc3f01a0300f1a,application/pdf,
https://www.ncrb.gov.in/uploads/2022/July/11/custom/crime-in-india/table-13-1970.pdf,cii,1970,table_content,raw/cii/1970/table_content/table-13-1970.pdf,ok,181839,ea42493ce8461d4c51b057414cf55015710bcfc47dd49cc544c67ffe108e318c,application/pdf,
https://www.ncrb.gov.in/uploads/2022/July/11/custom/crime-in-india/table-14-1970.pdf,cii,1970,table_content,raw/cii/1970/table_content/table-14-1970.pdf,ok,128158,9e227516222c523deb825f8cfbe89fe595082229ee26d7279d05363c3a6b8d42,application/pdf,
https://www.ncrb.gov.in/uploads/2022/July/11/custom/crime-in-india/table-15-1970.pdf,cii,1970,table_content,raw/cii/1970/table_content/table-15-1970.pdf,ok,204268,fad6dab85d984575e934ca4841c547eb58fa830c36fefb91d24453c00b75a63e,application/pdf,
https://www.ncrb.gov.in/uploads/2022/July/11/custom/crime-in-india/table-16-19670.pdf,cii,1970,table_content,raw/cii/1970/table_content/table-16-19670.pdf,ok,141602,5402c1183ec9c43319c3c876fbbadb0414a3e9bc76659710442ebbc64cd085cb,application/pdf,
https://www.ncrb.gov.in/uploads/2022/July/11/custom/crime-in-india/table-19-1970.pdf,cii,1970,table_content,raw/cii/1970/table_content/table-19-1970.pdf,ok,204513,03da5a078e5cfa346b7130f9be55fffec49501e0a40b587faef9360d6b622bed,application/pdf,
https://www.ncrb.gov.in/uploads/2022/July/11/custom/crime-in-india/table-2-1970.pdf,cii,1970,table_content,raw/cii/1970/table_content/table-2-1970.pdf,ok,190603,c0f1393f7408ebb904802af5db7b76a5888fbc38b96d84120c7d2be706769498,application/pdf,
https://www.ncrb.gov.in/uploads/2022/July/11/custom/crime-in-india/table-20-1970.pdf,cii,1970,table_content,raw/cii/1970/table_content/table-20-1970.pdf,ok,132062,48fe919546a5eb4bc01f36574595c0d0147d3ba8de6c710c738a0cb8bbb5dff6,application/pdf,
https://www.ncrb.gov.in/uploads/2022/July/11/custom/crime-in-india/table-23-1970.pdf,cii,1970,table_content,raw/cii/1970/table_content/table-23-1970.pdf,ok,187369,ac0fc891c40a66839cba7be56835b22e9428b1350bde1cc3f6101625cd9983f2,application/pdf,
https://www.ncrb.gov.in/uploads/2022/July/11/custom/crime-in-india/table-24-1970.pdf,cii,1970,table_content,raw/cii/1970/table_content/table-24-1970.pdf,ok,226276,42113039c038b5697322e07a643f003ba9239e8b805d1dbb1e13830b89aaafc5,application/pdf,
https://www.ncrb.gov.in/uploads/2022/July/11/custom/crime-in-india/table-25-19670.pdf,cii,1970,table_content,raw/cii/1970/table_content/table-25-19670.pdf,ok,117415,4f0abff75fdc8695e0b285b8214a6bd536b4279496f61df126488350778cca7a,application/pdf,
https://www.ncrb.gov.in/uploads/2022/July/11/custom/crime-in-india/table-26-1970.pdf,cii,1970,table_content,raw/cii/1970/table_content/table-26-1970.pdf,ok,101716,b6e2f354ebe520befed087d746705a7ebcea0541a0eedf5fecdde3258f12117a,application/pdf,
https://www.ncrb.gov.in/uploads/2022/July/11/custom/crime-in-india/table-27-1970.pdf,cii,1970,table_content,raw/cii/1970/table_content/table-27-1970.pdf,ok,92774,6d7fa2eaa92385462f5d93e5947975ac5e7e70112962fb940a86cdcb0144eaab,application/pdf,
https://www.ncrb.gov.in/uploads/2022/July/11/custom/crime-in-india/table-4-1970.pdf,cii,1970,table_content,raw/cii/1970/table_content/table-4-1970.pdf,ok,275138,81621a34881bf2d776b834010e04c0e7626ba8185b19764f142a1a0237314d44,application/pdf,
https://www.ncrb.gov.in/uploads/2022/July/11/custom/crime-in-india/table-5-1970.pdf,cii,1970,table_content,raw/cii/1970/table_content/table-5-1970.pdf,ok,767581,b2f01bf94190b970570744f22b5327e34d643db57d3bba7964de62f132d5fd60,application/pdf,
https://www.ncrb.gov.in/uploads/2022/July/11/custom/crime-in-india/survey-of-crime-full-chapter-1971.pdf,cii,1971,table_chapter,raw/cii/1971/table_chapter/survey-of-crime-full-chapter-1971.pdf,ok,7999112,a61b3cbac2069368106142fc6e39a4c10f9f3675004ee8b093b5ac0baf1307a6,application/pdf,
https://www.ncrb.gov.in/uploads/2022/July/11/custom/crime-in-india/table -7-1971.pdf,cii,1971,table_content,raw/cii/1971/table_content/table -7-1971.pdf,ok,1691663,f9fc2ef314efd94d58a3527c06f6cfe79102e1e11549abd8d0e9a1820189a39f,application/pdf,
https://www.ncrb.gov.in/uploads/2022/July/11/custom/crime-in-india/table-15-1971.pdf,cii,1971,table_content,raw/cii/1971/table_content/table-15-1971.pdf,ok,410622,8f9dd5248992a874aa8cda2e9d4a4484019f78323ad1d73996e9fdc995228f10,application/pdf,
https://www.ncrb.gov.in/uploads/2022/July/11/custom/crime-in-india/table-21-1971.pdf,cii,1971,table_content,raw/cii/1971/table_content/table-21-1971.pdf,ok,149990,a98e5e3b3666a5bc8850e3cd2ed39106eaf02ba280567adfe5931432f396890b,application/pdf,
https://www.ncrb.gov.in/uploads/2022/July/11/custom/crime-in-india/table-22-23-1971.pdf,cii,1971,table_content,raw/cii/1971/table_content/table-22-23-1971.pdf,ok,109725,cacabeadb285f52aa49169afcdfa91328a5c35385e8192c65fec0473165a83d7,application/pdf,
https://www.ncrb.gov.in/uploads/2022/July/11/custom/crime-in-india/table-24-1971.pdf,cii,1971,table_content,raw/cii/1971/table_content/table-24-1971.pdf,ok,517480,a0f44dd9c44cb4d375cfb5513dd81fcd014c08038be0633948db103179543a59,application/pdf,
https://www.ncrb.gov.in/uploads/2022/July/11/custom/crime-in-india/table-29-1971.pdf,cii,1971,table_content,raw/cii/1971/table_content/table-29-1971.pdf,ok,152511,81ea30c4c91814b08931e3585424c7a5480ceb99f9a289409f572c24433df05d,application/pdf,
https://www.ncrb.gov.in/uploads/2022/July/11/custom/crime-in-india/table-31-1971.pdf,cii,1971,table_content,raw/cii/1971/table_content/table-31-1971.pdf,ok,268271,a0100d955b2cc76c7b7c59220d4824c321a8fa7eea4789b40de36180f1626441,application/pdf,
https://www.ncrb.gov.in/uploads/2022/July/11/custom/crime-in-india/table-37-1971.pdf,cii,1971,table_content,raw/cii/1971/table_content/table-37-1971.pdf,ok,125380,63f83fef927a6d6948943de16dd2b9226ebcb01c182c211e8a74ff57f23a9f58,application/pdf,
https://www.ncrb.gov.in/uploads/2022/July/11/custom/crime-in-india/table-38-1971.pdf,cii,1971,table_content,raw/cii/1971/table_content/table-38-1971.pdf,ok,140454,c0de188a0cb976fe722240dce4db24af2837fda56e656673f446a56dbb279a7f,application/pdf,
https://www.ncrb.gov.in/uploads/2022/July/11/custom/crime-in-india/table-5-1971.pdf,cii,1971,table_content,raw/cii/1971/table_content/table-5-1971.pdf,ok,605364,ec76be6316a6ed45fdf3cb6225e0baa2f64f3e1062924105c1bca280180658db,application/pdf,
https://www.ncrb.gov.in/uploads/2022/July/11/custom/crime-in-india/table-6-1971.pdf,cii,1971,table_content,raw/cii/1971/table_content/table-6-1971.pdf,ok,93175,e7503a8d993789ca58d48c81ef27282a6f0d2856545d0517293f5a5d9d9a4711,application/pdf,
https://www.ncrb.gov.in/uploads/2022/July/11/custom/crime-in-india/survey-of-crime-1972.pdf,cii,1972,table_chapter,raw/cii/1972/table_chapter/survey-of-crime-1972.pdf,ok,12585114,bf634886bbb668589bdee1acf379c5dc4bf639a8a5ad57cd75d435701d46ac5a,application/pdf,
https://www.ncrb.gov.in/uploads/2022/July/11/custom/crime-in-india/table-10-1972.pdf,cii,1972,table_content,raw/cii/1972/table_content/table-10-1972.pdf,ok,364216,fc184b14256edd94b61f92d0df66198e03150878021fd57aaa96c003982d1ec7,application/pdf,
https://www.ncrb.gov.in/uploads/2022/July/11/custom/crime-in-india/table-19-1972.pdf,cii,1972,table_content,raw/cii/1972/table_content/table-19-1972.pdf,ok,159224,5f081f46d9c5b20b7655ee7f9757880018cff1260c4cd1cb838203a590826e44,application/pdf,
https://www.ncrb.gov.in/uploads/2022/July/11/custom/crime-in-india/table-2-1972.pdf,cii,1972,table_content,raw/cii/1972/table_content/table-2-1972.pdf,ok,152765,cb0cafebd4d2bf4eee2f5d62a28808dad7c8d20971abfcac28ccc4fd3f402dd8,application/pdf,
https://www.ncrb.gov.in/uploads/2022/July/11/custom/crime-in-india/table-22-1972.pdf,cii,1972,table_content,raw/cii/1972/table_content/table-22-1972.pdf,ok,468626,bf92f41fa365144914d916e02dff756b90c1be63cbc4c2c70b4911fbfc7dd1e0,application/pdf,
https://www.ncrb.gov.in/uploads/2022/July/11/custom/crime-in-india/table-24-1972.pdf,cii,1972,table_content,raw/cii/1972/table_content/table-24-1972.pdf,ok,136484,d4c2d6a88b3d6158db33025aaf33098201bebc55e5c2da4b111dd526e65da4a6,application/pdf,
https://www.ncrb.gov.in/uploads/2022/July/11/custom/crime-in-india/table-34-1972.pdf,cii,1972,table_content,raw/cii/1972/table_content/table-34-1972.pdf,ok,185174,afaa2de5e68191b85911c08a3d1515ffae28cdf9902b166f486948bf821420ca,application/pdf,
https://www.ncrb.gov.in/uploads/2022/July/11/custom/crime-in-india/table-39-1972.pdf,cii,1972,table_content,raw/cii/1972/table_content/table-39-1972.pdf,ok,444842,deadcf6e62af8d6a9b7fc8f508973857f8b1bf55434d9c7d8ddb78d016d4e4bd,application/pdf,
https://www.ncrb.gov.in/uploads/2022/July/11/custom/crime-in-india/table-4-1972.pdf,cii,1972,table_content,raw/cii/1972/table_content/table-4-1972.pdf,ok,219127,611fecb678c0db789ce3f9345b96a220ec3a95a14b8d885405b78f3034c97cac,application/pdf,
https://www.ncrb.gov.in/uploads/2022/July/11/custom/crime-in-india/table-40-1972.pdf,cii,1972,table_content,raw/cii/1972/table_content/table-40-1972.pdf,ok,101000,5c1ba6ba9499b3854cc34db44242c7a2a2d61f511b4b126b7ebec52eb8d407c8,application/pdf,
https://www.ncrb.gov.in/uploads/2022/July/11/custom/crime-in-india/table-41-1972.pdf,cii,1972,table_content,raw/cii/1972/table_content/table-41-1972.pdf,ok,105577,286b8bbfc9ca4f62da04dd13a1c0412a7987b5618d39f39e941d09e8581a3a64,application/pdf,
https://www.ncrb.gov.in/uploads/2022/July/11/custom/crime-in-india/table-42-1972.pdf,cii,1972,table_content,raw/cii/1972/table_content/table-42-1972.pdf,ok,105148,0bbed1b7e805c978dc0b570124cbf5f92a115955c2631e66eb635b926ba3861e,application/pdf,
https://www.ncrb.gov.in/uploads/2022/July/11/custom/crime-in-india/table-43-1972.pdf,cii,1972,table_content,raw/cii/1972/table_content/table-43-1972.pdf,missing,,,,HTTP 404
https://www.ncrb.gov.in/uploads/2022/July/11/custom/crime-in-india/table-45.pdf,cii,1972,table_content,raw/cii/1972/table_content/table-45.pdf,ok,565724,34cae72821de5298f4ee95bcad30df575409f3c87afa823192622ae0dd2d94a3,application/pdf,
https://www.ncrb.gov.in/uploads/2022/July/11/custom/crime-in-india/table-5-1972..pdf,cii,1972,table_content,raw/cii/1972/table_content/table-5-1972..pdf,ok,540917,bee1f52cc03a54b6622bfefb82f8de61da05dee9a03f06ef8550e1b4a653bf84,application/pdf,
https://www.ncrb.gov.in/uploads/2022/July/11/custom/crime-in-india/table-50-1972.pdf,cii,1972,table_content,raw/cii/1972/table_content/table-50-1972.pdf,ok,182836,7624de4b90e61847f0010f0eb662a789682670a502802fbc6045b057de674d58,application/pdf,
https://www.ncrb.gov.in/uploads/2022/July/11/custom/crime-in-india/table-51-1972.pdf,cii,1972,table_content,raw/cii/1972/table_content/table-51-1972.pdf,ok,183064,fb61118d338df6fa3432eec84b1d9600ee71b25e5d0c92feeafe1db477186e9a,application/pdf,
https://www.ncrb.gov.in/uploads/2022/July/11/custom/crime-in-india/table-52-1972.pdf,cii,1972,table_content,raw/cii/1972/table_content/table-52-1972.pdf,ok,202794,c5102723fe806b4e6e0e8fb998917975e9c4364677b4ac47eea114caa7822544,application/pdf,
https://www.ncrb.gov.in/uploads/2022/July/11/custom/crime-in-india/table-58-1972.pdf,cii,1972,table_content,raw/cii/1972/table_content/table-58-1972.pdf,ok,115239,383713fb61987d652c7f576e27653d5270d7dea18c46bb01072ceafdd8f6f10b,application/pdf,
https://www.ncrb.gov.in/uploads/2022/July/11/custom/crime-in-india/table-59-1972.pdf,cii,1972,table_content,raw/cii/1972/table_content/table-59-1972.pdf,ok,110735,184b6e739396e7306018fea6b9e1170e8b1ad7d5f9e61db71ae96b02f39ce550,application/pdf,
https://www.ncrb.gov.in/uploads/2022/July/11/custom/crime-in-india/table-6-1972.pdf,cii,1972,table_content,raw/cii/1972/table_content/table-6-1972.pdf,ok,597679,01c4561e2f2130a6310e1bae9890d1461f36ea713f7c2d3ec9862201359896b4,application/pdf,
https://www.ncrb.gov.in/uploads/2022/July/11/custom/crime-in-india/table-60-1972.pdf,cii,1972,table_content,raw/cii/1972/table_content/table-60-1972.pdf,ok,136190,2995059b085abc9fc18838259837e9f252e7b63844a85c3e3d50e565c5ac357c,application/pdf,
https://www.ncrb.gov.in/uploads/2022/July/11/custom/crime-in-india/table-7-1972.pdf,cii,1972,table_content,raw/cii/1972/table_content/table-7-1972.pdf,missing,,,,HTTP 404
https://www.ncrb.gov.in/uploads/2022/July/11/custom/crime-in-india/table-9-1972.pdf,cii,1972,table_content,raw/cii/1972/table_content/table-9-1972.pdf,ok,84754,84aeb7b39ddbf9f8873703cf20057f96ec021b938846642ebe48058f600f525c,application/pdf,
https://www.ncrb.gov.in/uploads/nationalcrimerecordsbureau/post/1689764732ERRATA.pdf,cii,1972,year_wise,raw/cii/1972/year_wise/1689764732ERRATA.pdf,ok,140253,ff2d1aca252b6050d630c66f9c1168c2a24b26aedfda16ad527846b4fdf5b4ed,application/pdf,
https://www.ncrb.gov.in/uploads/2022/July/11/custom/crime-in-india/survey-of-crime.pdf,cii,1973,table_chapter,raw/cii/1973/table_chapter/survey-of-crime.pdf,ok,15573651,44617059c05c8415a11f923ad0e744bb5d1238eb19481e7442a54ee59627c584,application/pdf,
https://www.ncrb.gov.in/uploads/2022/July/11/custom/crime-in-india/table-10-1973.pdf,cii,1973,table_content,raw/cii/1973/table_content/table-10-1973.pdf,ok,456547,550e3a30e9fcbce0b0a1c94f12b0059825b432d553874e3bdcdba766b1983535,application/pdf,
https://www.ncrb.gov.in/uploads/2022/July/11/custom/crime-in-india/table-13-14-1973.pdf,cii,1973,table_content,raw/cii/1973/table_content/table-13-14-1973.pdf,ok,121211,a4938ff439e2ff387fc9b7d245c82bb9644063ac99b26ed1404b65cc306cb5fe,application/pdf,
https://www.ncrb.gov.in/uploads/2022/July/11/custom/crime-in-india/table-2-1973.pdf,cii,1973,table_content,raw/cii/1973/table_content/table-2-1973.pdf,ok,162621,26e379a7dc720c43c24193565fa710d068f5c8f034ca0409fb374a09f2ef45c3,application/pdf,
https://www.ncrb.gov.in/uploads/2022/July/11/custom/crime-in-india/table-21-1973.pdf,cii,1973,table_content,raw/cii/1973/table_content/table-21-1973.pdf,ok,71326,78f82d19866ee4b5c4959608588909b124d0cf0ceb0318771e8dfbe4cc6f80fa,application/pdf,
https://www.ncrb.gov.in/uploads/2022/July/11/custom/crime-in-india/table-22-1973.pdf,cii,1973,table_content,raw/cii/1973/table_content/table-22-1973.pdf,ok,407097,532eb0928e02e99da3a5a0063b0b76009d2b63bf3249e9f43451571780d90bd4,application/pdf,
https://www.ncrb.gov.in/uploads/2022/July/11/custom/crime-in-india/table-24-1973.pdf,cii,1973,table_content,raw/cii/1973/table_content/table-24-1973.pdf,ok,242479,9840e53a8699c522c1695bfd32a656fe23d0bd5695921173d25a19464cc97428,application/pdf,
https://www.ncrb.gov.in/uploads/2022/July/11/custom/crime-in-india/table-34-1973.pdf,cii,1973,table_content,raw/cii/1973/table_content/table-34-1973.pdf,ok,197271,dcb88a1112244a2073900d1ad731c0741b6831942bebceab425705ad611e4cd2,application/pdf,
https://www.ncrb.gov.in/uploads/2022/July/11/custom/crime-in-india/table-39-1973.pdf,cii,1973,table_content,raw/cii/1973/table_content/table-39-1973.pdf,ok,185071,b5e84a199cbd7e63bf3af1bb9bb18a2e577bc5bf8e460ba63fbc6713f16c3e59,application/pdf,
https://www.ncrb.gov.in/uploads/2022/July/11/custom/crime-in-india/table-40-1973.pdf,cii,1973,table_content,raw/cii/1973/table_content/table-40-1973.pdf,ok,106071,cf0b0f1d98c61e60ebd6cc41bc5faee8f9e9655b31de6bed7df68e7925da2e84,application/pdf,
https://www.ncrb.gov.in/uploads/2022/July/11/custom/crime-in-india/table-41-1973.pdf,cii,1973,table_content,raw/cii/1973/table_content/table-41-1973.pdf,ok,106924,ee83a6c4af581acf5a9452c597cc2b7f9b07f9a4087e238d21ad1a4080ad9c31,application/pdf,
https://www.ncrb.gov.in/uploads/2022/July/11/custom/crime-in-india/table-42-1973.pdf,cii,1973,table_content,raw/cii/1973/table_content/table-42-1973.pdf,ok,120025,156f9c7366bf5a1d855da4918bcd6fbdd9f3aaf93694639499a0b41c0bcd2fa3,application/pdf,
https://www.ncrb.gov.in/uploads/2022/July/11/custom/crime-in-india/table-44-1973.pdf,cii,1973,table_content,raw/cii/1973/table_content/table-44-1973.pdf,ok,132160,9e554d2e2dffd2766e3e2e4c42c3cf52d798225887c2bd35fc9e4a862117cde9,application/pdf,
https://www.ncrb.gov.in/uploads/2022/July/11/custom/crime-in-india/table-45-1973.pdf,cii,1973,table_content,raw/cii/1973/table_content/table-45-1973.pdf,ok,545578,0d2480a16cb03908b398972daf3fd818ad97dd835102e7a2478994b5eab236de,application/pdf,
https://www.ncrb.gov.in/uploads/2022/July/11/custom/crime-in-india/table-5-1973.pdf,cii,1973,table_content,raw/cii/1973/table_content/table-5-1973.pdf,ok,473654,43618c3b0bdff6292b1e7ec4f320ae8c8f6905974ec6d40135ccb73b265a741a,application/pdf,
https://www.ncrb.gov.in/uploads/2022/July/11/custom/crime-in-india/table-50-1973.pdf,cii,1973,table_content,raw/cii/1973/table_content/table-50-1973.pdf,ok,228073,0fcbedf2fb31c2ddf20d6258941a58dc1e0a1b56e5c15a133f25dccf06127e0a,application/pdf,
https://www.ncrb.gov.in/uploads/2022/July/11/custom/crime-in-india/table-52-1973.pdf,cii,1973,table_content,raw/cii/1973/table_content/table-52-1973.pdf,ok,241474,b9c2775f2c3801b2822fbb5790c8dd54ce1b10687dd536487fd5d0d28f8e8d2f,application/pdf,
https://www.ncrb.gov.in/uploads/2022/July/11/custom/crime-in-india/table-58-1973.pdf,cii,1973,table_content,raw/cii/1973/table_content/table-58-1973.pdf,ok,119504,51e19bd293c18be358756cf3f6ca8f25ad3d1c9aa770275d559e088509b04bb9,application/pdf,
https://www.ncrb.gov.in/uploads/2022/July/11/custom/crime-in-india/table-59-1973.pdf,cii,1973,table_content,raw/cii/1973/table_content/table-59-1973.pdf,ok,122749,a6cda14f3bb9781f8d60a504199c82a6215eb44bd601b4c651f32ff112b902d2,application/pdf,
https://www.ncrb.gov.in/uploads/2022/July/11/custom/crime-in-india/table-7-1973.pdf,cii,1973,table_content,raw/cii/1973/table_content/table-7-1973.pdf,ok,2285959,b9df701eb8a2616c406c0a3c874e44a9fd8da699a4ddc543c5da7f5c686beba3,application/pdf,
https://www.ncrb.gov.in/uploads/2022/July/11/custom/crime-in-india/table-8-1973.pdf,cii,1973,table_content,raw/cii/1973/table_content/table-8-1973.pdf,ok,58496,bf77b89aeeb7ead32754447ccf2072644a39f88820d59eb88cba9c90d1523fa5,application/pdf,
https://www.ncrb.gov.in/uploads/2022/July/11/custom/crime-in-india/table-9-1973.pdf,cii,1973,table_content,raw/cii/1973/table_content/table-9-1973.pdf,ok,85369,9e1b2c7f5b268de91d71cf0a1a412fdbd0ea7c9a5ca1b6259542b6be75e285a2,application/pdf,
https://www.ncrb.gov.in/uploads/2022/July/11/custom/crime-in-india/chapter-1-1974.pdf,cii,1974,table_chapter,raw/cii/1974/table_chapter/chapter-1-1974.pdf,ok,5093914,7db8fd8185554c5835441416eb85ea78f585faad96710c06f077b56c3f9d9e19,application/pdf,
https://www.ncrb.gov.in/uploads/2022/July/11/custom/crime-in-india/chapter-10-1974.pdf,cii,1974,table_chapter,raw/cii/1974/table_chapter/chapter-10-1974.pdf,ok,117165,1bd0e2f88ab6757e4bb5ecabaa87026c174dd6bfae1867ec85f56ba5ead5aef2,application/pdf,
https://www.ncrb.gov.in/uploads/2022/July/11/custom/crime-in-india/chapter-11-1974.pdf,cii,1974,table_chapter,raw/cii/1974/table_chapter/chapter-11-1974.pdf,ok,305748,42b43d3be6358123bece97901de9834bd2ec814eb97c7cc3c1d8d7d8f310304f,application/pdf,
https://www.ncrb.gov.in/uploads/2022/July/11/custom/crime-in-india/chapter-12-1974.pdf,cii,1974,table_chapter,raw/cii/1974/table_chapter/chapter-12-1974.pdf,ok,421030,026553a6c9cbad2479f5f5f0381ecc27f493c4181dbc7be50435b08ac04ad085,application/pdf,
https://www.ncrb.gov.in/uploads/2022/July/11/custom/crime-in-india/chapter-2-1974.pdf,cii,1974,table_chapter,raw/cii/1974/table_chapter/chapter-2-1974.pdf,ok,2599284,dcf89a5677acbd31c70d83552a6f7db530cd7624cf279e3d108e0bdc267d5d17,application/pdf,
https://www.ncrb.gov.in/uploads/2022/July/11/custom/crime-in-india/chapter-3-1974.pdf,cii,1974,table_chapter,raw/cii/1974/table_chapter/chapter-3-1974.pdf,ok,1300265,7af90a1fbb93304876d86b1f35d6c0e0d9a8f34c612bd0543df24d314549928a,application/pdf,
https://www.ncrb.gov.in/uploads/2022/July/11/custom/crime-in-india/chapter-4-1974.pdf,cii,1974,table_chapter,raw/cii/1974/table_chapter/chapter-4-1974.pdf,ok,403334,58b283871e1ded69f600e20a8fdd075b1d6dbbfa0db97ca70872510987132a99,application/pdf,
https://www.ncrb.gov.in/uploads/2022/July/11/custom/crime-in-india/chapter-5-1974.pdf,cii,1974,table_chapter,raw/cii/1974/table_chapter/chapter-5-1974.pdf,ok,3166258,15df16e856338f770fe2cb49e84effcd380dc840777c0d22ce3e4fc4bdc68441,application/pdf,
https://www.ncrb.gov.in/uploads/2022/July/11/custom/crime-in-india/chapter-6-1974.pdf,cii,1974,table_chapter,raw/cii/1974/table_chapter/chapter-6-1974.pdf,ok,359423,251e90e76e0c72cf85bfc7deebaf4d640a60b3e803fc497e7b23ff5731baae0a,application/pdf,
https://www.ncrb.gov.in/uploads/2022/July/11/custom/crime-in-india/chapter-7-1974.pdf,cii,1974,table_chapter,raw/cii/1974/table_chapter/chapter-7-1974.pdf,ok,538838,7065066204fd300eaac89f853016dbfde4ce119eeeb4f64f55f6c748ed600cd9,application/pdf,
https://www.ncrb.gov.in/uploads/2022/July/11/custom/crime-in-india/chapter-8-1974.pdf,cii,1974,table_chapter,raw/cii/1974/table_chapter/chapter-8-1974.pdf,ok,360530,63879dc27318693f2186dc031d1a6a8a95c2b36c95e9659bc12fda1100d845a7,application/pdf,
https://www.ncrb.gov.in/uploads/2022/July/11/custom/crime-in-india/chapter-9-1974.pdf,cii,1974,table_chapter,raw/cii/1974/table_chapter/chapter-9-1974.pdf,ok,117165,1bd0e2f88ab6757e4bb5ecabaa87026c174dd6bfae1867ec85f56ba5ead5aef2,application/pdf,
https://www.ncrb.gov.in/uploads/2022/July/11/custom/crime-in-india/table-10-1974_0.pdf,cii,1974,table_content,raw/cii/1974/table_content/table-10-1974_0.pdf,ok,485963,a6245cd4be32c52f23492b9c70f23b0b036fd4a0e946acb1f0fd46f69e47f32c,application/pdf,
https://www.ncrb.gov.in/uploads/2022/July/11/custom/crime-in-india/table-22-1974_0.pdf,cii,1974,table_content,raw/cii/1974/table_content/table-22-1974_0.pdf,ok,456825,0c5f5bb75cc5806e8fa0dead75da5792274730b600ea7d7132c1f54a3634ca1d,application/pdf,
https://www.ncrb.gov.in/uploads/2022/July/11/custom/crime-in-india/table-24-1974_0.pdf,cii,1974,table_content,raw/cii/1974/table_content/table-24-1974_0.pdf,ok,264055,121cffa92a1a583c5c32ef123489c85dd969725a41dfcabf266f9d1588c4c165,application/pdf,
https://www.ncrb.gov.in/uploads/2022/July/11/custom/crime-in-india/table-33-1974_0.pdf,cii,1974,table_content,raw/cii/1974/table_content/table-33-1974_0.pdf,ok,127797,cc85d8dca6c27845e6bf8099536b792c7a8e28e6f129468d1263409ca39b3d5b,application/pdf,
https://www.ncrb.gov.in/uploads/2022/July/11/custom/crime-in-india/table-44-1974_0.pdf,cii,1974,table_content,raw/cii/1974/table_content/table-44-1974_0.pdf,ok,131670,88aa29a8b96f79f0f243eb99d3f32df9ed46492fad1dcf360002ba4fb296610d,application/pdf,
https://www.ncrb.gov.in/uploads/2022/July/11/custom/crime-in-india/table-45-1974_1.pdf,cii,1974,table_content,raw/cii/1974/table_content/table-45-1974_1.pdf,ok,506555,aed80c886e2affc89a47c44d3e1596f48f7226b16bad807f78efc27a8dcb77a2,application/pdf,
https://www.ncrb.gov.in/uploads/2022/July/11/custom/crime-in-india/table-46-47-1974_0.pdf,cii,1974,table_content,raw/cii/1974/table_content/table-46-47-1974_0.pdf,ok,114675,7120245eed87f786d759a68ec4e4165c5a90300ac9accbbaca7a4ba62a54c9ea,application/pdf,
https://www.ncrb.gov.in/uploads/2022/July/11/custom/crime-in-india/table-5-1974_0.pdf,cii,1974,table_content,raw/cii/1974/table_content/table-5-1974_0.pdf,ok,295180,de198b7057bb741eb0b9fbbee923e1aebedcd1f61d33930bc6f6fe82c25e701e,application/pdf,
https://www.ncrb.gov.in/uploads/2022/July/11/custom/crime-in-india/table-50-1974_0.pdf,cii,1974,table_content,raw/cii/1974/table_content/table-50-1974_0.pdf,ok,366525,20346775d9b3272ae3897ca63462bd6a37a553dbb2ed7dafff77bf4ee5070d2f,application/pdf,
https://www.ncrb.gov.in/uploads/2022/July/11/custom/crime-in-india/table-51-1974_0.pdf,cii,1974,table_content,raw/cii/1974/table_content/table-51-1974_0.pdf,ok,244749,4080ea50a061b53d5d059e757270affc69c2d8c0ca003500fd2608c80b9b407e,application/pdf,
https://www.ncrb.gov.in/uploads/2022/July/11/custom/crime-in-india/table-52-1974_0.pdf,cii,1974,table_content,raw/cii/1974/table_content/table-52-1974_0.pdf,ok,255794,90b8d7e78f31f43a498e3940c1e3c00d1b29e00ebec9ccf4c79856c021d9fa4d,application/pdf,
https://www.ncrb.gov.in/uploads/2022/July/11/custom/crime-in-india/table-57-1974_0.pdf,cii,1974,table_content,raw/cii/1974/table_content/table-57-1974_0.pdf,ok,51246,1504f5657591968e518bd6080e59926a3ddcb5b9585d65c1d4a7154df68d0f9c,application/pdf,
https://www.ncrb.gov.in/uploads/2022/July/11/custom/crime-in-india/table-6-1974_0.pdf,cii,1974,table_content,raw/cii/1974/table_content/table-6-1974_0.pdf,ok,526555,e019db833ee17d5a38fe6701ecb79e3f0732d88ff57d5e49b015c329ae52c5ac,application/pdf,
https://www.ncrb.gov.in/uploads/2022/July/11/custom/crime-in-india/table-60-1974_0.pdf,cii,1974,table_content,raw/cii/1974/table_content/table-60-1974_0.pdf,ok,136206,5c12a3588246611e84a3ae1d7681fce0ff16a96018ec4aee0540f1103999fb85,application/pdf,
https://www.ncrb.gov.in/uploads/2022/July/11/custom/crime-in-india/table-7-1974_0.pdf,cii,1974,table_content,raw/cii/1974/table_content/table-7-1974_0.pdf,ok,1628211,694780f414e9747d00466994e50fed92bff62611321d8265a492dc97b788e01e,application/pdf,
https://www.ncrb.gov.in/uploads/2022/July/11/custom/crime-in-india/chapter-1--survey-of-crime-1975.pdf,cii,1975,table_chapter,raw/cii/1975/table_chapter/chapter-1--survey-of-crime-1975.pdf,ok,6694642,ad142894e6b9542d7c022a07b4b062ad7ad351a6091aa2d31aef412997a6126e,application/pdf,
https://www.ncrb.gov.in/uploads/2022/July/11/custom/crime-in-india/chapter-10--victims-of-rape-1975.pdf,cii,1975,table_chapter,raw/cii/1975/table_chapter/chapter-10--victims-of-rape-1975.pdf,ok,170823,a165a3e8d7cf730f7b41554ae33f6dcae234c2b03b8d14f7f98f23f5b2f0a60c,application/pdf,
https://www.ncrb.gov.in/uploads/2022/July/11/custom/crime-in-india/chapter-11--police-personnel-killed-or-injured-1975.pdf,cii,1975,table_chapter,raw/cii/1975/table_chapter/chapter-11--police-personnel-killed-or-injured-1975.pdf,ok,358368,7aa2cf380fe46dcb25de4e9dab20cbb3ec4c6c6991d316fd6612a0636e515434,application/pdf,
https://www.ncrb.gov.in/uploads/2022/July/11/custom/crime-in-india/chapter-12--police-strength-1975.pdf,cii,1975,table_chapter,raw/cii/1975/table_chapter/chapter-12--police-strength-1975.pdf,ok,487161,2f25618706ebe9a75d05fb27066196d3a59334985a752d253c3974950f5c231d,application/pdf,
https://www.ncrb.gov.in/uploads/2022/July/11/custom/crime-in-india/chapter-2--disposal-of-crimes-1975.pdf,cii,1975,table_chapter,raw/cii/1975/table_chapter/chapter-2--disposal-of-crimes-1975.pdf,ok,1059845,e40fa0a0f1a012e1265346724534f43973d68e5864118ebdb83da3766620f7a2,application/pdf,
https://www.ncrb.gov.in/uploads/2022/July/11/custom/crime-in-india/chapter-3--persons-arrested-1975.pdf,cii,1975,table_chapter,raw/cii/1975/table_chapter/chapter-3--persons-arrested-1975.pdf,ok,1333946,98eb51405bcace20395200863490200d979549d72868b55419ddae22812e6ddc,application/pdf,
https://www.ncrb.gov.in/uploads/2022/July/11/custom/crime-in-india/chapter-4--disposal-of-persons-arrested-1975.pdf,cii,1975,table_chapter,raw/cii/1975/table_chapter/chapter-4--disposal-of-persons-arrested-1975.pdf,ok,518850,e055fd52fdd56e0d914d3c2520cd2e820b86f37dfe5e7655531759a0b1a22350,application/pdf,
https://www.ncrb.gov.in/uploads/2022/July/11/custom/crime-in-india/chapter-5--juvenile-delinquency-1975.pdf,cii,1975,table_chapter,raw/cii/1975/table_chapter/chapter-5--juvenile-delinquency-1975.pdf,ok,3127162,ee2db5cd96cbd77d711f0579494deb2345c131f68df79475da5d09be6320071e,application/pdf,
https://www.ncrb.gov.in/uploads/2022/July/11/custom/crime-in-india/chapter-6--property-stolen-and-recovered-1975.pdf,cii,1975,table_chapter,raw/cii/1975/table_chapter/chapter-6--property-stolen-and-recovered-1975.pdf,ok,411584,601ebf72b2e1ba6f52b37b86cd0e89485c7f167d22d04560508cd3f76dfb5478,application/pdf,
https://www.ncrb.gov.in/uploads/2022/July/11/custom/crime-in-india/chapter-7--premises-of-dacoity-and-robbery-1975.pdf,cii,1975,table_chapter,raw/cii/1975/table_chapter/chapter-7--premises-of-dacoity-and-robbery-1975.pdf,ok,646337,49263dfdab99973110d0dfb27ed432982127acf51ca4d9387d84e60b50ad5627,application/pdf,
https://www.ncrb.gov.in/uploads/2022/July/11/custom/crime-in-india/chapter-8--motives-of-murder-and-culpable-homicide-not-amounting-to-murder-1975.pdf,cii,1975,table_chapter,raw/cii/1975/table_chapter/chapter-8--motives-of-murder-and-culpable-homicide-not-amounting-to-murder-1975.pdf,ok,385105,1a89d1dc1d6de59ce17988817dd1b369425f94dd5ea7c84c74b2bd1017c05df4,application/pdf,
https://www.ncrb.gov.in/uploads/2022/July/11/custom/crime-in-india/chapter-9--recidivism-1975.pdf,cii,1975,table_chapter,raw/cii/1975/table_chapter/chapter-9--recidivism-1975.pdf,ok,165689,e7c5173bf01bc2813f728891bed1673cbcff7e764ae7607750339c1fa43b46c7,application/pdf,
https://www.ncrb.gov.in/uploads/2022/July/11/custom/crime-in-india/table-10-1975.pdf,cii,1975,table_content,raw/cii/1975/table_content/table-10-1975.pdf,ok,433610,faf86cfe575a93ed9f235d6aff7c03c0e6a802728abdbd876bc21ced6ab6fd5b,application/pdf,
https://www.ncrb.gov.in/uploads/2022/July/11/custom/crime-in-india/table-11-12-1975.pdf,cii,1975,table_content,raw/cii/1975/table_content/table-11-12-1975.pdf,ok,122722,413338a9e860f1711f4e60c78eb6cd2614d7dae1d68867b5eba5314b8b2bebea,application/pdf,
https://www.ncrb.gov.in/uploads/2022/July/11/custom/crime-in-india/table-13-14-1975.pdf,cii,1975,table_content,raw/cii/1975/table_content/table-13-14-1975.pdf,ok,112642,bf715c216c5fa7b5ceb5166006aeeaa3466626cf5328430e1b0c607436e386ab,application/pdf,
https://www.ncrb.gov.in/uploads/2022/July/11/custom/crime-in-india/table-15-16-1975.pdf,cii,1975,table_content,raw/cii/1975/table_content/table-15-16-1975.pdf,ok,124623,4053fd0ec12ea0c6e6cdf9ae14401a5a311338b8429bc38ea484bd2985985422,application/pdf,
https://www.ncrb.gov.in/uploads/2022/July/11/custom/crime-in-india/table-17-18-1975.pdf,cii,1975,table_content,raw/cii/1975/table_content/table-17-18-1975.pdf,ok,117352,c85d1616de38c4dea64c5223e45ccc358ddf44925f624f21fc2f9aa5acfaca55,application/pdf,
https://www.ncrb.gov.in/uploads/2022/July/11/custom/crime-in-india/table-19-1975.pdf,cii,1975,table_content,raw/cii/1975/table_content/table-19-1975.pdf,ok,118081,32feea7e782634eb8fcccc4cce2222ba7d7137a22ff8ead435da94419cee1f57,application/pdf,
https://www.ncrb.gov.in/uploads/2022/July/11/custom/crime-in-india/table-20-21-1975.pdf,cii,1975,table_content,raw/cii/1975/table_content/table-20-21-1975.pdf,ok,99118,f164d9dc6b3135e2f4b9a363a0a8023c4d8aecfdcd35244ce7a5bba22a147af2,application/pdf,
https://www.ncrb.gov.in/uploads/2022/July/11/custom/crime-in-india/table-23-1975.pdf,cii,1975,table_content,raw/cii/1975/table_content/table-23-1975.pdf,ok,69291,3c65e06b3d0fb417c882cfd11fe569f2fc895e17ca2dfac6edd7ec2eba68df91,application/pdf,
https://www.ncrb.gov.in/uploads/2022/July/11/custom/crime-in-india/table-25-1975.pdf,cii,1975,table_content,raw/cii/1975/table_content/table-25-1975.pdf,ok,1005386,a36813f7fc7e9444b8ae3f4210c7fb23046b69dce8c79de8033b1126238faf3a,application/pdf,
https://www.ncrb.gov.in/uploads/2022/July/11/custom/crime-in-india/table-26and27-1975.pdf,cii,1975,table_content,raw/cii/1975/table_content/table-26and27-1975.pdf,ok,145857,766afd38789c18f250a0c8f6f1bf335ab862d74fb2133a41c14b0bc5bb7790c1,application/pdf,
https://www.ncrb.gov.in/uploads/2022/July/11/custom/crime-in-india/table-28and29-1975.pdf,cii,1975,table_content,raw/cii/1975/table_content/table-28and29-1975.pdf,ok,130554,fa075040d483e7038b979b003912071d68fd09593139696470e73ac05fa0339d,application/pdf,
https://www.ncrb.gov.in/uploads/2022/July/11/custom/crime-in-india/table-30-31-1975.pdf,cii,1975,table_content,raw/cii/1975/table_content/table-30-31-1975.pdf,ok,110834,28736645adcef86453d3319e5cb9d9a002056859dded584d00b5f90a642cc31c,application/pdf,
https://www.ncrb.gov.in/uploads/2022/July/11/custom/crime-in-india/table-32-33-1975.pdf,cii,1975,table_content,raw/cii/1975/table_content/table-32-33-1975.pdf,ok,212900,8bcf47c7522cf9401a27cb23d777a1f2ce1a4357ca88ddf19d9b3d44ddf49750,application/pdf,
https://www.ncrb.gov.in/uploads/2022/July/11/custom/crime-in-india/table-34-1975.pdf,cii,1975,table_content,raw/cii/1975/table_content/table-34-1975.pdf,ok,132267,8891786a2c8a58bfc1f95be9e2545ce3eebc95099ee2f92049f0d6092619fe22,application/pdf,
https://www.ncrb.gov.in/uploads/2022/July/11/custom/crime-in-india/table-35-1975.pdf,cii,1975,table_content,raw/cii/1975/table_content/table-35-1975.pdf,ok,110337,d5b20d67f89d544c5c31d4d961477186592347b4e7d1d6b336a0a9b2bd1ec3bd,application/pdf,
https://www.ncrb.gov.in/uploads/2022/July/11/custom/crime-in-india/table-36-37-1975.pdf,cii,1975,table_content,raw/cii/1975/table_content/table-36-37-1975.pdf,ok,99962,d985453053a29f0ac743450f6e3f10a61b7e59271ebc0df89be10a5554412fa2,application/pdf,
https://www.ncrb.gov.in/uploads/2022/July/11/custom/crime-in-india/table-38-1975.pdf,cii,1975,table_content,raw/cii/1975/table_content/table-38-1975.pdf,ok,148692,c23ba6977ac0f399d7d50d0d410581e5932f91296812cf86d2cb42898b19c17e,application/pdf,
https://www.ncrb.gov.in/uploads/2022/July/11/custom/crime-in-india/table-39-1975.pdf,cii,1975,table_content,raw/cii/1975/table_content/table-39-1975.pdf,ok,134357,4d0fbd986eefd69f0e1c908fa0a16fccfda5e9c838e11712f4b34a4fa8bb3ce4,application/pdf,
https://www.ncrb.gov.in/uploads/2022/July/11/custom/crime-in-india/table-3and4-1975.pdf,cii,1975,table_content,raw/cii/1975/table_content/table-3and4-1975.pdf,ok,169905,036ef5e3f15942de6ad5922f147db4649d5f3c045ce3d467b9e0e27fa86ddc4d,application/pdf,
https://www.ncrb.gov.in/uploads/2022/July/11/custom/crime-in-india/table-40-1975.pdf,cii,1975,table_content,raw/cii/1975/table_content/table-40-1975.pdf,ok,122746,587a414b556ba61274e4153b75aeea67256fd0ad314492735e121288a55b907b,application/pdf,
https://www.ncrb.gov.in/uploads/2022/July/11/custom/crime-in-india/table-41-1975.pdf,cii,1975,table_content,raw/cii/1975/table_content/table-41-1975.pdf,ok,106656,490a91cb14675455712a954c7bb9a51048438b2274d4755ec168c3a3f60c80fc,application/pdf,
https://www.ncrb.gov.in/uploads/2022/July/11/custom/crime-in-india/table-42-1975.pdf,cii,1975,table_content,raw/cii/1975/table_content/table-42-1975.pdf,ok,128607,028e9d6e711dd50f7d267673651bafaaa214703b08de3023e635957da506ab01,application/pdf,
https://www.ncrb.gov.in/uploads/2022/July/11/custom/crime-in-india/table-43.pdf,cii,1975,table_content,raw/cii/1975/table_content/table-43.pdf,ok,131660,0494c1e63ae7b76f33cabccfdfbec2e45cb73720ce84aa27c45dd9880cb83466,application/pdf,
https://www.ncrb.gov.in/uploads/2022/July/11/custom/crime-in-india/table-44-1975.pdf,cii,1975,table_content,raw/cii/1975/table_content/table-44-1975.pdf,ok,128606,8f0631a828af49cb5bc164d0ae9ef954ed22a890bab27b243f91e6977a830329,application/pdf,
https://www.ncrb.gov.in/uploads/2022/July/11/custom/crime-in-india/table-45-1975.pdf,cii,1975,table_content,raw/cii/1975/table_content/table-45-1975.pdf,ok,483266,1a02ec61911d69ed7bdea28f35f620aa25f1e6a53fb5f90e6a7afba52c628b5a,application/pdf,
https://www.ncrb.gov.in/uploads/2022/July/11/custom/crime-in-india/table-47-1975.pdf,cii,1975,table_content,raw/cii/1975/table_content/table-47-1975.pdf,ok,114444,fe339104c7a5a21235e4a66a14c057952b5d6499c2f13f09e16c9e1da20801c3,application/pdf,
https://www.ncrb.gov.in/uploads/2022/July/11/custom/crime-in-india/table-48-49-1975.pdf,cii,1975,table_content,raw/cii/1975/table_content/table-48-49-1975.pdf,ok,90529,709918aebd4022d33c0654ffd07c9b4903a76aa9afba4c84215bd5438f9eda43,application/pdf,
https://www.ncrb.gov.in/uploads/2022/July/11/custom/crime-in-india/table-5-1975.pdf,cii,1975,table_content,raw/cii/1975/table_content/table-5-1975.pdf,ok,467540,ee59d99df5b44b5ea6cf075638de22e1a11531e9fb320b710522e75791683952,application/pdf,
https://www.ncrb.gov.in/uploads/2022/July/11/custom/crime-in-india/table-50-1975.pdf,cii,1975,table_content,raw/cii/1975/table_content/table-50-1975.pdf,ok,245050,daff31a92ce755db567ad1bba771a739a72ff97d195cc6f64a50a56f32588feb,application/pdf,
https://www.ncrb.gov.in/uploads/2022/July/11/custom/crime-in-india/table-51-1975.pdf,cii,1975,table_content,raw/cii/1975/table_content/table-51-1975.pdf,ok,268974,716de7ef27fcc71c353f69b6d69369727aadb779c14802154324e767542cc202,application/pdf,
https://www.ncrb.gov.in/uploads/2022/July/11/custom/crime-in-india/table-52-1975.pdf,cii,1975,table_content,raw/cii/1975/table_content/table-52-1975.pdf,ok,242791,2610454c3ca59d7ec84d80ff54581cf2397b860da4025ab18630ed037046efd2,application/pdf,
https://www.ncrb.gov.in/uploads/2022/July/11/custom/crime-in-india/table-53-57-1975.pdf,cii,1975,table_content,raw/cii/1975/table_content/table-53-57-1975.pdf,ok,105560,b34896d8b268db58f0795dd7e3c93fa6794d353fb1a1d26264bc858d434ad7d7,application/pdf,
https://www.ncrb.gov.in/uploads/2022/July/11/custom/crime-in-india/table-55-1975.pdf,cii,1975,table_content,raw/cii/1975/table_content/table-55-1975.pdf,ok,108743,7ec0f758b83274e995a4d236fee6f98f637b6f42f29f12170c78f0e5c39b1b96,application/pdf,
https://www.ncrb.gov.in/uploads/2022/July/11/custom/crime-in-india/table-56-1975.pdf,cii,1975,table_content,raw/cii/1975/table_content/table-56-1975.pdf,ok,140058,7940960c101a773d0883ae4c3aef7f8dc67acd2b2155bf9bd0f85278efbeb0cc,application/pdf,
https://www.ncrb.gov.in/uploads/2022/July/11/custom/crime-in-india/table-57-1975.pdf,cii,1975,table_content,raw/cii/1975/table_content/table-57-1975.pdf,ok,55660,28dde841857076a7af14e5d9c840261762177f84b4963dbcea454ee5c97b26f8,application/pdf,
https://www.ncrb.gov.in/uploads/2022/July/11/custom/crime-in-india/table-58-1975.pdf,cii,1975,table_content,raw/cii/1975/table_content/table-58-1975.pdf,ok,125034,3ccbe80166cda7ea490f72b4d27a98767e0849b86798b766a28a80ac0439726e,application/pdf,
https://www.ncrb.gov.in/uploads/2022/July/11/custom/crime-in-india/table-59-1975.pdf,cii,1975,table_content,raw/cii/1975/table_content/table-59-1975.pdf,ok,116086,766ef561382c57f3b254dc3e503e7fa57f89048f76f7dbece12d5585b5afe04a,application/pdf,
https://www.ncrb.gov.in/uploads/2022/July/11/custom/crime-in-india/table-6-1975.pdf,cii,1975,table_content,raw/cii/1975/table_content/table-6-1975.pdf,ok,516736,a2908cab80cf6f78cb991266569ea2173e5e05b10c47a1fa6ec1e2a5679ee8c5,application/pdf,
https://www.ncrb.gov.in/uploads/2022/July/11/custom/crime-in-india/table-60-1975.pdf,cii,1975,table_content,raw/cii/1975/table_content/table-60-1975.pdf,ok,159761,af7d4f5cb0952b64b697c31b4ed7585ddcc63f4b8c89b7161bf5dbd437265566,application/pdf,
https://www.ncrb.gov.in/uploads/2022/July/11/custom/crime-in-india/table-7-1975.pdf,cii,1975,table_content,raw/cii/1975/table_content/table-7-1975.pdf,ok,1892521,e5a6c61ce9a81914636ea2304e6303677a244c516da32ca7b9115d88b1feb156,application/pdf,
https://www.ncrb.gov.in/uploads/2022/July/11/custom/crime-in-india/table-8-1975.pdf,cii,1975,table_content,raw/cii/1975/table_content/table-8-1975.pdf,ok,56629,1a523c587fb7d8b62db54fbfe36dbe9c3d26b5569600c2ee04c2bd267f385ce1,application/pdf,
https://www.ncrb.gov.in/uploads/2022/July/11/custom/crime-in-india/table-9-1975.pdf,cii,1975,table_content,raw/cii/1975/table_content/table-9-1975.pdf,ok,88178,9bbf3d2f64e10079453d13ca4b3b7fb567d21ee0f67c47aacf9ca32e63615425,application/pdf,
https://www.ncrb.gov.in/uploads/2022/July/11/custom/crime-in-india/table_22-1975.pdf,cii,1975,table_content,raw/cii/1975/table_content/table_22-1975.pdf,ok,291254,f269bf5eb8028db15aa57537510ba47bb64a63d06f6103d124c384aae398f1f0,application/pdf,
https://www.ncrb.gov.in/uploads/2022/July/11/custom/crime-in-india/table_24-1975.pdf,cii,1975,table_content,raw/cii/1975/table_content/table_24-1975.pdf,ok,231712,f35b2b596b56766838866386871976f61d1df0eac03967d36ebcc88277cf8707,application/pdf,
https://www.ncrb.gov.in/uploads/2022/July/11/custom/crime-in-india/chapter-1-(part-1)-survey-of-crime-1976.pdf,cii,1976,table_chapter,raw/cii/1976/table_chapter/chapter-1-(part-1)-survey-of-crime-1976.pdf,ok,6030457,d010e29c130bfe4432bc648ae48fdfe0fc0ff252647d1a8d4a81ec105490df8c,application/pdf,
https://www.ncrb.gov.in/uploads/2022/July/11/custom/crime-in-india/chapter-10-victims-of-rape-1976.pdf,cii,1976,table_chapter,raw/cii/1976/table_chapter/chapter-10-victims-of-rape-1976.pdf,ok,222031,e6f3d041179b2f921975de86944ee6eb32ce1b089d957b13db11d5ab7bb1b726,application/pdf,
https://www.ncrb.gov.in/uploads/2022/July/11/custom/crime-in-india/chapter-11-police-personnel-killed-of-injured-1976.pdf,cii,1976,table_chapter,raw/cii/1976/table_chapter/chapter-11-police-personnel-killed-of-injured-1976.pdf,ok,400275,cdb1872432819513878d15bdd2e75c1e992eb7971a784722379fe26b8486507c,application/pdf,
https://www.ncrb.gov.in/uploads/2022/July/11/custom/crime-in-india/chapter-12-police-strength-1976.pdf,cii,1976,table_chapter,raw/cii/1976/table_chapter/chapter-12-police-strength-1976.pdf,ok,832142,66f900e84459eaedabbf0e9f12ba69f739dcfc250483b94b00a2d1d5c68a6316,application/pdf,
https://www.ncrb.gov.in/uploads/2022/July/11/custom/crime-in-india/chapter-2-disposal-of-crimes-1976.pdf,cii,1976,table_chapter,raw/cii/1976/table_chapter/chapter-2-disposal-of-crimes-1976.pdf,ok,1156388,5a8ba3456a2a3b3f08428ad8c2a2666c937f9e8982c3b8f0044764147b43acff,application/pdf,
https://www.ncrb.gov.in/uploads/2022/July/11/custom/crime-in-india/chapter-3-person's-arrested-1976.pdf,cii,1976,table_chapter,raw/cii/1976/table_chapter/chapter-3-person_s-arrested-1976.pdf,ok,1216774,2b12ae5477c4af082fb59ff945ba6b5ee4e0c4a9f3e6d89502ef1a5082a3e612,application/pdf,
https://www.ncrb.gov.in/uploads/2022/July/11/custom/crime-in-india/chapter-4-disposal-of-persons-arrested-1976.pdf,cii,1976,table_chapter,raw/cii/1976/table_chapter/chapter-4-disposal-of-persons-arrested-1976.pdf,ok,588244,a4b6bb595ca760ead28e05cbcee66373d5e9c2f1fad699c7567eb6f5f7eb43b0,application/pdf,
https://www.ncrb.gov.in/uploads/2022/July/11/custom/crime-in-india/chapter-5-juvenile-delinquency-1976.pdf,cii,1976,table_chapter,raw/cii/1976/table_chapter/chapter-5-juvenile-delinquency-1976.pdf,ok,3358402,c27df7d17be37bb829ddc600d169eaf1bba964b2bed6909e558aaae555980c47,application/pdf,
https://www.ncrb.gov.in/uploads/2022/July/11/custom/crime-in-india/chapter-6-property-stolen-and-recovered-1976.pdf,cii,1976,table_chapter,raw/cii/1976/table_chapter/chapter-6-property-stolen-and-recovered-1976.pdf,ok,419323,6c3e9ff4edf7ba57f5421298c0ed9e8882dd8e78b71eb141f45c7f3868575752,application/pdf,
https://www.ncrb.gov.in/uploads/2022/July/11/custom/crime-in-india/chapter-7-premises-of-docoity-and-robbery-1976.pdf,cii,1976,table_chapter,raw/cii/1976/table_chapter/chapter-7-premises-of-docoity-and-robbery-1976.pdf,ok,632366,fd6b1476e92b75bf796d6118da65d2188d341a3bcf31f10caad7702b630c64d9,application/pdf,
https://www.ncrb.gov.in/uploads/2022/July/11/custom/crime-in-india/chapter-8-motives-of-murder-and-culpa-ble-homicides-not-amounting-to-murder-1976.pdf,cii,1976,table_chapter,raw/cii/1976/table_chapter/chapter-8-motives-of-murder-and-culpa-ble-homicides-not-amounting-to-murder-1976.pdf,ok,478511,11919136bc0ead55a77d4cf688b6ba4b81e9e95d817e000aed9d607838124188,application/pdf,
https://www.ncrb.gov.in/uploads/2022/July/11/custom/crime-in-india/chapter-9-recidivism-1976.pdf,cii,1976,table_chapter,raw/cii/1976/table_chapter/chapter-9-recidivism-1976.pdf,ok,117900,fee55801736646f514ccfe4ec571d6d38c982f59e5957488c031545ac51affdd,application/pdf,
https://www.ncrb.gov.in/uploads/2022/July/11/custom/crime-in-india/table 42-43-1976.pdf,cii,1976,table_content,raw/cii/1976/table_content/table 42-43-1976.pdf,ok,218612,092074c8ca237c24dc12ff9745f5c08e6588acf88fefe5e85602eff1ff2b92b7,application/pdf,
https://www.ncrb.gov.in/uploads/2022/July/11/custom/crime-in-india/table-10-1976.pdf,cii,1976,table_content,raw/cii/1976/table_content/table-10-1976.pdf,ok,387111,f5be4d44c6176eaa661747f0bfb4240ae310677be68e25e71e5bff5e6d00fc11,application/pdf,
https://www.ncrb.gov.in/uploads/2022/July/11/custom/crime-in-india/table-11-12-1976.pdf,cii,1976,table_content,raw/cii/1976/table_content/table-11-12-1976.pdf,ok,150801,4c71b6822355fc330f87d0be42fa48bff46ab0e7ac6cd5a67bf38e1ba7dd8835,application/pdf,
https://www.ncrb.gov.in/uploads/2022/July/11/custom/crime-in-india/table-13-14-1976.pdf,cii,1976,table_content,raw/cii/1976/table_content/table-13-14-1976.pdf,ok,187752,f726b7d9eb5f85ff7d72900a5eb79b23ce480cd866cd44a9ad17556db19ca291,application/pdf,
https://www.ncrb.gov.in/uploads/2022/July/11/custom/crime-in-india/table-16-17-18-1976.pdf,cii,1976,table_content,raw/cii/1976/table_content/table-16-17-18-1976.pdf,ok,190997,3166f48993c95feb0e4d65f564f3b6d4e1bd0405a4f612a0c18fffb238c1191f,application/pdf,
https://www.ncrb.gov.in/uploads/2022/July/11/custom/crime-in-india/table-19-20-21-1976.pdf,cii,1976,table_content,raw/cii/1976/table_content/table-19-20-21-1976.pdf,ok,196274,b678ebf5cba038706ad0468feb5ee9c4d00681bc1c66484724d5b19137099834,application/pdf,
https://www.ncrb.gov.in/uploads/2022/July/11/custom/crime-in-india/table-22-1976.pdf,cii,1976,table_content,raw/cii/1976/table_content/table-22-1976.pdf,ok,287341,5f5532a89abd8f390358f01c9ec25a5367118870497088b8e29e6b141ef8a0d3,application/pdf,
https://www.ncrb.gov.in/uploads/2022/July/11/custom/crime-in-india/table-23-1976.pdf,cii,1976,table_content,raw/cii/1976/table_content/table-23-1976.pdf,ok,75518,b5b09e30b708dedd43ed5fc549e3cc3ef787fc701d359c79f5b13a13e09b0cde,application/pdf,
https://www.ncrb.gov.in/uploads/2022/July/11/custom/crime-in-india/table-24-1976.pdf,cii,1976,table_content,raw/cii/1976/table_content/table-24-1976.pdf,ok,259447,07daafd22f011ef97ffc9cd73d9cc0ae0bf962d94f30088a3cbd872cc343c1ac,application/pdf,
https://www.ncrb.gov.in/uploads/2022/July/11/custom/crime-in-india/table-25-1976.pdf,cii,1976,table_content,raw/cii/1976/table_content/table-25-1976.pdf,ok,119279,2304148a6909895ac120c0d17edc523f7dae023bff02b3ad8c6107700283343e,application/pdf,
https://www.ncrb.gov.in/uploads/2022/July/11/custom/crime-in-india/table-26-27-1976.pdf,cii,1976,table_content,raw/cii/1976/table_content/table-26-27-1976.pdf,ok,161640,fc5f3eb8db0327b925b3c44b9e7e3b38d6cc22a8dbb589832768977e0121f423,application/pdf,
https://www.ncrb.gov.in/uploads/2022/July/11/custom/crime-in-india/table-28-29-1976.pdf,cii,1976,table_content,raw/cii/1976/table_content/table-28-29-1976.pdf,ok,171604,7fa972fe2b405889bdba91364f127303ef0391b3d58d5844cd5341e0a97a6a80,application/pdf,
https://www.ncrb.gov.in/uploads/2022/July/11/custom/crime-in-india/table-3-4-1976.pdf,cii,1976,table_content,raw/cii/1976/table_content/table-3-4-1976.pdf,ok,333975,9f38b89c5ccb4f69299dc918a5b013cc7b2a495bcf7bd3472ab57396e5ad690e,application/pdf,
https://www.ncrb.gov.in/uploads/2022/July/11/custom/crime-in-india/table-31-32-1976.pdf,cii,1976,table_content,raw/cii/1976/table_content/table-31-32-1976.pdf,ok,135944,2a5a4c6524c4687ba62f6ae50cb1e9e249fda9d17f8966aa1b16b92768ea25ed,application/pdf,
https://www.ncrb.gov.in/uploads/2022/July/11/custom/crime-in-india/table-33-1976.pdf,cii,1976,table_content,raw/cii/1976/table_content/table-33-1976.pdf,ok,186761,865bc5065d4ca0f9a5c7401d4511fad6506df2ea58e87bc3dee38a1af51ef64a,application/pdf,
https://www.ncrb.gov.in/uploads/2022/July/11/custom/crime-in-india/table-34-1976.pdf,cii,1976,table_content,raw/cii/1976/table_content/table-34-1976.pdf,ok,194293,5b218c2d41bf337cfbf7fee5b88841e06aaa18b70124572bd4286bf270d74df2,application/pdf,
https://www.ncrb.gov.in/uploads/2022/July/11/custom/crime-in-india/table-35-36-1976.pdf,cii,1976,table_content,raw/cii/1976/table_content/table-35-36-1976.pdf,ok,174677,8c2642f565afb2abeab6f279808b0360ea04dc7a6665ab584b395b7802c18080,application/pdf,
https://www.ncrb.gov.in/uploads/2022/July/11/custom/crime-in-india/table-37-38-1976.pdf,cii,1976,table_content,raw/cii/1976/table_content/table-37-38-1976.pdf,ok,211461,bf6de903a364a4ab479223dee9fcf612c174ad9dc28defa807ae4ec1778c4f21,application/pdf,
https://www.ncrb.gov.in/uploads/2022/July/11/custom/crime-in-india/table-39-1976.pdf,cii,1976,table_content,raw/cii/1976/table_content/table-39-1976.pdf,ok,180846,66076b2d42a01df820d060d90ef7d794cf837fc8c793f9e7f84742d97b42538c,application/pdf,
https://www.ncrb.gov.in/uploads/2022/July/11/custom/crime-in-india/table-40-41-1976.pdf,cii,1976,table_content,raw/cii/1976/table_content/table-40-41-1976.pdf,ok,144312,9286379650acbd95730990f0d604010d1114a0685871a411cdf4492ce45c94d1,application/pdf,
https://www.ncrb.gov.in/uploads/2022/July/11/custom/crime-in-india/table-44-1976.pdf,cii,1976,table_content,raw/cii/1976/table_content/table-44-1976.pdf,ok,169889,9b5b11bd13ea50d7948b3d31b755c78fc551699f1df3d5483111be632372accb,application/pdf,
https://www.ncrb.gov.in/uploads/2022/July/11/custom/crime-in-india/table-45-1976.pdf,cii,1976,table_content,raw/cii/1976/table_content/table-45-1976.pdf,ok,370826,d567768e2905ec76bde11eef346cd78adc2282b31e0e63c2c8ea029fed2e2225,application/pdf,
https://www.ncrb.gov.in/uploads/2022/July/11/custom/crime-in-india/table-48-49-1976.pdf,cii,1976,table_content,raw/cii/1976/table_content/table-48-49-1976.pdf,ok,101646,acb9aeb45a91eb0f154a076f534390829e7f031fdcddedf3b1e928a96bc1e78c,application/pdf,
https://www.ncrb.gov.in/uploads/2022/July/11/custom/crime-in-india/table-5-1976.pdf,cii,1976,table_content,raw/cii/1976/table_content/table-5-1976.pdf,ok,404315,7cc048d66986e7f6399f9bbf8309b5779f4f108908feed87fc3cca02498a5def,application/pdf,
https://www.ncrb.gov.in/uploads/2022/July/11/custom/crime-in-india/table-52-1976.pdf,cii,1976,table_content,raw/cii/1976/table_content/table-52-1976.pdf,ok,300892,04f3ec12295ffc8e3a0dd485d07744af7661966936225966b62454f5ab44d219,application/pdf,
https://www.ncrb.gov.in/uploads/2022/July/11/custom/crime-in-india/table-59-60-1976.pdf,cii,1976,table_content,raw/cii/1976/table_content/table-59-60-1976.pdf,ok,334167,00c6ebf381ee14d1ec31d6fb43a3d18dfefed4d0d24bb2e8d38776a28b009f9e,application/pdf,
https://www.ncrb.gov.in/uploads/2022/July/11/custom/crime-in-india/table-6-1976.pdf,cii,1976,table_content,raw/cii/1976/table_content/table-6-1976.pdf,ok,452339,ea9e0d23be12227edbe223e14ee23e2b00f90cac0e8d0a26bae955ccee3928ac,application/pdf,
https://www.ncrb.gov.in/uploads/2022/July/11/custom/crime-in-india/table-7-1976.pdf,cii,1976,table_content,raw/cii/1976/table_content/table-7-1976.pdf,ok,1822984,693d9ab157adbc088c5223848427acd59ef4493259d5f4bf1d885dba47cc655a,application/pdf,
https://www.ncrb.gov.in/uploads/2022/July/11/custom/crime-in-india/table-8-9-1976.pdf,cii,1976,table_content,raw/cii/1976/table_content/table-8-9-1976.pdf,ok,136599,346c45c6aca45f79ae0e7362d259ac432e392e418db16675241020aafb9813d2,application/pdf,
https://www.ncrb.gov.in/uploads/nationalcrimerecordsbureau/custom/1654063958_errata.pdf,cii,1976,year_wise,raw/cii/1976/year_wise/1654063958_errata.pdf,ok,274182,0d24afec35899bf373751a345214b859464d0f64843316c7fd72b8b92c46eff6,application/pdf,
https://www.ncrb.gov.in/uploads/2022/July/11/custom/crime-in-india/chapter-1-survey-of-crime-1977.pdf,cii,1977,table_chapter,raw/cii/1977/table_chapter/chapter-1-survey-of-crime-1977.pdf,ok,2392828,f3bf4d8a4a7e57097feaa556743b2c4c106a58c27c3a4f08b9ca7286ed176948,application/pdf,
https://www.ncrb.gov.in/uploads/2022/July/11/custom/crime-in-india/chapter-10-victims-of-rape-1977.pdf,cii,1977,table_chapter,raw/cii/1977/table_chapter/chapter-10-victims-of-rape-1977.pdf,ok,260432,3471e1dd9fb27f9cf4c9de76cad1b32ce0f09f20d40da0515e0a8ef0fa8683b4,application/pdf,
https://www.ncrb.gov.in/uploads/2022/July/11/custom/crime-in-india/chapter-11-police-persnnel-killed-or-injured-1977.pdf,cii,1977,table_chapter,raw/cii/1977/table_chapter/chapter-11-police-persnnel-killed-or-injured-1977.pdf,ok,212264,e2b75cef7f4f4886443e502d35c8d0d022ecfbc647369f6f9190ac2ea4d6da95,application/pdf,
https://www.ncrb.gov.in/uploads/2022/July/11/custom/crime-in-india/chapter-12-police-strength-1977.pdf,cii,1977,table_chapter,raw/cii/1977/table_chapter/chapter-12-police-strength-1977.pdf,ok,289318,e0283274f1a5dbf24e7d648c0dfcd04693b3b642fb893cdaf062eaecf87eecea,application/pdf,
https://www.ncrb.gov.in/uploads/2022/July/11/custom/crime-in-india/chapter-2-disposal-of-crimes-1977.pdf,cii,1977,table_chapter,raw/cii/1977/table_chapter/chapter-2-disposal-of-crimes-1977.pdf,ok,658996,5fff5a07eeaaf60376ad373d0413bdcd747b41894dbcec5b145a266759bd8cfb,application/pdf,
https://www.ncrb.gov.in/uploads/2022/July/11/custom/crime-in-india/chapter-3-persons-arrested-1977.pdf,cii,1977,table_chapter,raw/cii/1977/table_chapter/chapter-3-persons-arrested-1977.pdf,ok,386641,fcf939ea7b0e46eb9555d5681c00936fd2c148835af96d61f9400e1f739ebbd7,application/pdf,
https://www.ncrb.gov.in/uploads/2022/July/11/custom/crime-in-india/chapter-4-disposal-of-persons-arrested-1977.pdf,cii,1977,table_chapter,raw/cii/1977/table_chapter/chapter-4-disposal-of-persons-arrested-1977.pdf,ok,222241,a25cb19b99ffb1d29cfc6392603d73b84eef69fdba35b15e9cca2723a9db5c80,application/pdf,
https://www.ncrb.gov.in/uploads/2022/July/11/custom/crime-in-india/chapter-5-(part-1)juvenile-delinquency-1977.pdf,cii,1977,table_chapter,raw/cii/1977/table_chapter/chapter-5-(part-1)juvenile-delinquency-1977.pdf,ok,1385343,f4c2f6a3c860612e93755ae1d1cc840d8b2409334dc0648ba908beb9d017930d,application/pdf,
https://www.ncrb.gov.in/uploads/2022/July/11/custom/crime-in-india/chapter-6-property-stolen-and-recovered-1977.pdf,cii,1977,table_chapter,raw/cii/1977/table_chapter/chapter-6-property-stolen-and-recovered-1977.pdf,ok,221708,64bf281fe57ef4687551eb20d1075960246655b45d7d8c761b5c9da926b13cad,application/pdf,
https://www.ncrb.gov.in/uploads/2022/July/11/custom/crime-in-india/chapter-7-premises-of-docoity-and-robbery-1977.pdf,cii,1977,table_chapter,raw/cii/1977/table_chapter/chapter-7-premises-of-docoity-and-robbery-1977.pdf,ok,159361,2b19aee0f35e971d59378506fdbee4fec1598d2c66832c1baadb37267f47f708,application/pdf,
https://www.ncrb.gov.in/uploads/2022/July/11/custom/crime-in-india/chapter-8t-motives-of-murder-and-cupable-homicide-not-amounting-to-murder-1977.pdf,cii,1977,table_chapter,raw/cii/1977/table_chapter/chapter-8t-motives-of-murder-and-cupable-homicide-not-amounting-to-murder-1977.pdf,ok,176776,628726a0045587e550b2dbb00b2965ba1100109bc97d979621f4b044021a2908,application/pdf,
https://www.ncrb.gov.in/uploads/2022/July/11/custom/crime-in-india/chapter-9-recidivism-1977.pdf,cii,1977,table_chapter,raw/cii/1977/table_chapter/chapter-9-recidivism-1977.pdf,ok,156285,1c0d5497fc6f18533241ad2c1e753d462c81d666bfdab104d7a94cdd5dd1f594,application/pdf,
https://www.ncrb.gov.in/uploads/2022/July/11/custom/crime-in-india/table-10-1977.pdf,cii,1977,table_content,raw/cii/1977/table_content/table-10-1977.pdf,ok,1395755,2ec02eb2ffffb7b5c8bc973d68aabcb5c613c24679e3cbaa000f205752c5847f,application/pdf,
https://www.ncrb.gov.in/uploads/2022/July/11/custom/crime-in-india/table-11-and-12-1977.pdf,cii,1977,table_content,raw/cii/1977/table_content/table-11-and-12-1977.pdf,ok,164662,522fd82ef040483acf6f955251739a56987446f9217e81523f6ee7be52f7dfa7,application/pdf,
https://www.ncrb.gov.in/uploads/2022/July/11/custom/crime-in-india/table-13-and-14-1977.pdf,cii,1977,table_content,raw/cii/1977/table_content/table-13-and-14-1977.pdf,ok,152574,1942b7fcdae4e7a4e279b0503a23da0d6cfbf9a536fb722085884cd701748da1,application/pdf,
https://www.ncrb.gov.in/uploads/2022/July/11/custom/crime-in-india/table-15-and-16-1977.pdf,cii,1977,table_content,raw/cii/1977/table_content/table-15-and-16-1977.pdf,ok,164889,74fb8fc73e5e004c96c278caa313f224d5781df201dc128134916531bc6fe90b,application/pdf,
https://www.ncrb.gov.in/uploads/2022/July/11/custom/crime-in-india/table-17-18-1977.pdf,cii,1977,table_content,raw/cii/1977/table_content/table-17-18-1977.pdf,ok,148631,8cbaceb5db7dc24af0ed6f6e0358ce20a2aa74288585cf728c74541a3ef51c9c,application/pdf,
https://www.ncrb.gov.in/uploads/2022/July/11/custom/crime-in-india/table-19-and-20-and-2-1977.pdf,cii,1977,table_content,raw/cii/1977/table_content/table-19-and-20-and-2-1977.pdf,ok,183879,6c3a3321a3fd05ca409fea3a400610d3146892f39657972fed78469c5a491a1a,application/pdf,
https://www.ncrb.gov.in/uploads/2022/July/11/custom/crime-in-india/table-2-1977.pdf,cii,1977,table_content,raw/cii/1977/table_content/table-2-1977.pdf,ok,154102,f86c4dd9a7e10cc711c4c393fa4fe3b3487942db2d5969ca43aabef20231ab11,application/pdf,
https://www.ncrb.gov.in/uploads/2022/July/11/custom/crime-in-india/table-22-1977.pdf,cii,1977,table_content,raw/cii/1977/table_content/table-22-1977.pdf,ok,548571,6856a556f9cbc2ac24a9b3cd6ba121779e732b5dd083a83e3bac8cb2aa2095cc,application/pdf,
https://www.ncrb.gov.in/uploads/2022/July/11/custom/crime-in-india/table-24-1977.pdf,cii,1977,table_content,raw/cii/1977/table_content/table-24-1977.pdf,ok,390882,bd967a7f3f940e5c07b641d66b98a7866a8db6ad8a8ba6fca358debfc16da8af,application/pdf,
https://www.ncrb.gov.in/uploads/2022/July/11/custom/crime-in-india/table-25-1977.pdf,cii,1977,table_content,raw/cii/1977/table_content/table-25-1977.pdf,ok,113404,edee371ccdf1d6cbcd23842ba8c3214d9ca220fff08e53be500141b8c818152e,application/pdf,
https://www.ncrb.gov.in/uploads/2022/July/11/custom/crime-in-india/table-26-and-27-1977.pdf,cii,1977,table_content,raw/cii/1977/table_content/table-26-and-27-1977.pdf,ok,178290,0f5322ea7de1331b9f2175cfbb4da50a0be57ccaf603edaf33afb8392f8d0763,application/pdf,
https://www.ncrb.gov.in/uploads/2022/July/11/custom/crime-in-india/table-28-29-1977.pdf,cii,1977,table_content,raw/cii/1977/table_content/table-28-29-1977.pdf,ok,140141,454b1b7d50ae13da303b5dfedc9a8dd21782b3642876845c957a502cfe20c9e0,application/pdf,
https://www.ncrb.gov.in/uploads/2022/July/11/custom/crime-in-india/table-31-and-32-1977.pdf,cii,1977,table_content,raw/cii/1977/table_content/table-31-and-32-1977.pdf,ok,139666,0d233d7efc99b29dd19031f2e7e381a08995989c4eb686d7ac9986e19af06217,application/pdf,
https://www.ncrb.gov.in/uploads/2022/July/11/custom/crime-in-india/table-33-1977.pdf,cii,1977,table_content,raw/cii/1977/table_content/table-33-1977.pdf,ok,391498,938db9876e9287d12d0fc5d85e285b6f3f96043f2ed341bb8cdaee7d0fbb6a51,application/pdf,
https://www.ncrb.gov.in/uploads/2022/July/11/custom/crime-in-india/table-34-1977.pdf,cii,1977,table_content,raw/cii/1977/table_content/table-34-1977.pdf,ok,285897,20c24910e0a17ac8576bb13e679a572e8bb6defb22121fc413ee01868e94fc57,application/pdf,
https://www.ncrb.gov.in/uploads/2022/July/11/custom/crime-in-india/table-35-1977.pdf,cii,1977,table_content,raw/cii/1977/table_content/table-35-1977.pdf,ok,151557,b56ddc866dd0ed3a2d8b6d0bbc5443011f1bc297d564c6f078684f372abe9676,application/pdf,
https://www.ncrb.gov.in/uploads/2022/July/11/custom/crime-in-india/table-36-37-1977.pdf,cii,1977,table_content,raw/cii/1977/table_content/table-36-37-1977.pdf,ok,125556,ea04b56ccf03069c784069789140763fa8b34f0c13f487fb46192ff83a4b5c8b,application/pdf,
https://www.ncrb.gov.in/uploads/2022/July/11/custom/crime-in-india/table-38-1977.pdf,cii,1977,table_content,raw/cii/1977/table_content/table-38-1977.pdf,ok,174520,e100a3eeb09cbb368d774a108032ff9623aec4bef8ccbc069534e2c8f876c2e1,application/pdf,
https://www.ncrb.gov.in/uploads/2022/July/11/custom/crime-in-india/table-39-1977.pdf,cii,1977,table_content,raw/cii/1977/table_content/table-39-1977.pdf,ok,177916,adda9e8b3c2aa81db9fa0f30de34a6d846f8ca32723aad02c64255cda6163ebd,application/pdf,
https://www.ncrb.gov.in/uploads/2022/July/11/custom/crime-in-india/table-4-1977.pdf,cii,1977,table_content,raw/cii/1977/table_content/table-4-1977.pdf,ok,290405,d7915504942ca9a1dbe44ce72dd7abbf044be995cbf05343ee073aed0f8ed1d9,application/pdf,
https://www.ncrb.gov.in/uploads/2022/July/11/custom/crime-in-india/table-40-1977.pdf,cii,1977,table_content,raw/cii/1977/table_content/table-40-1977.pdf,ok,126872,caeaf363fde62faf26f7ef0b8e7d3462688881cc04c7078160a62748e98df4cc,application/pdf,
https://www.ncrb.gov.in/uploads/2022/July/11/custom/crime-in-india/table-41-1977.pdf,cii,1977,table_content,raw/cii/1977/table_content/table-41-1977.pdf,ok,128480,116e20260b36f5624c60617d8db89af0803ba08ab89f9467d65845dd4aac2bf6,application/pdf,
https://www.ncrb.gov.in/uploads/2022/July/11/custom/crime-in-india/table-42-1977.pdf,cii,1977,table_content,raw/cii/1977/table_content/table-42-1977.pdf,ok,144672,3ad059695c8765cea64547b0501f5f166b61d1ae7bc5efa1799846c77ce6fe7c,application/pdf,
https://www.ncrb.gov.in/uploads/2022/July/11/custom/crime-in-india/table-43-1977.pdf,cii,1977,table_content,raw/cii/1977/table_content/table-43-1977.pdf,ok,140270,6e70bfc292bf0f03dd95a9ca9a9a08e02570c9ed9d20c7a0bdb375d3d1fa5311,application/pdf,
https://www.ncrb.gov.in/uploads/2022/July/11/custom/crime-in-india/table-44-1977.pdf,cii,1977,table_content,raw/cii/1977/table_content/table-44-1977.pdf,ok,240376,b1fb1207115aa93dec57feb8222d46ff3eebd75ffde716087cb37c90fa425445,application/pdf,
https://www.ncrb.gov.in/uploads/2022/July/11/custom/crime-in-india/table-45-1977.pdf,cii,1977,table_content,raw/cii/1977/table_content/table-45-1977.pdf,ok,516248,0f6611219db542c2973daaa21e441ada971f2817f634a3465f4ef458996e9df6,application/pdf,
https://www.ncrb.gov.in/uploads/2022/July/11/custom/crime-in-india/table-47-1977.pdf,cii,1977,table_content,raw/cii/1977/table_content/table-47-1977.pdf,ok,140429,c650fbb61fde49f506f30973d4f5d9545ba0f0362f8d7a0ebf398f606c7f3389,application/pdf,
https://www.ncrb.gov.in/uploads/2022/July/11/custom/crime-in-india/table-48-and-49-1977.pdf,cii,1977,table_content,raw/cii/1977/table_content/table-48-and-49-1977.pdf,ok,116379,37eafc53a2dff78c80bfa7c5cf018272a9285da9dde0b8a4ddf55af7bb1544de,application/pdf,
https://www.ncrb.gov.in/uploads/2022/July/11/custom/crime-in-india/table-5-1977.pdf,cii,1977,table_content,raw/cii/1977/table_content/table-5-1977.pdf,ok,724590,d48c37f30e3f70e6610cfb1c2b2e47fd6dec2c9a9dd6e0015c580c5cfd9c0546,application/pdf,
https://www.ncrb.gov.in/uploads/2022/July/11/custom/crime-in-india/table-50-1977.pdf,cii,1977,table_content,raw/cii/1977/table_content/table-50-1977.pdf,ok,302476,372f6928782423c322b964c4d49c0bba375bc2c3560ab3f0e1a9a0f062545466,application/pdf,
https://www.ncrb.gov.in/uploads/2022/July/11/custom/crime-in-india/table-51-1977.pdf,cii,1977,table_content,raw/cii/1977/table_content/table-51-1977.pdf,ok,305393,42559004faea3390b329c82ddd276f12b9ba0bf9d9b42b07ecb2fa7b736a7ab0,application/pdf,
https://www.ncrb.gov.in/uploads/2022/July/11/custom/crime-in-india/table-52-1977.pdf,cii,1977,table_content,raw/cii/1977/table_content/table-52-1977.pdf,ok,279690,074d7a616b356931c00249a0bd338d008257db1749165d4234d1fa61fd11f8aa,application/pdf,
https://www.ncrb.gov.in/uploads/2022/July/11/custom/crime-in-india/table-56-1977.pdf,cii,1977,table_content,raw/cii/1977/table_content/table-56-1977.pdf,ok,268523,b203fb3204246a6df705155d6d413be0211282ca6b7b1d8841b8c5e93be8542d,application/pdf,
https://www.ncrb.gov.in/uploads/2022/July/11/custom/crime-in-india/table-58-1977.pdf,cii,1977,table_content,raw/cii/1977/table_content/table-58-1977.pdf,ok,142722,01cf4537c98c42e4e968aac17779d7a2a21fff3c44830b0f862eb89fcd4c5517,application/pdf,
https://www.ncrb.gov.in/uploads/2022/July/11/custom/crime-in-india/table-59-1977.pdf,cii,1977,table_content,raw/cii/1977/table_content/table-59-1977.pdf,ok,132124,a615657c4ee8dff2fdffcc3fec64dfd32dcdeaf559894875bdfb1a16877844dc,application/pdf,
https://www.ncrb.gov.in/uploads/2022/July/11/custom/crime-in-india/table-6-1977.pdf,cii,1977,table_content,raw/cii/1977/table_content/table-6-1977.pdf,ok,1332201,f93650bebfeffeb60e695839347377dc576fa8443a587deb1d6cd1086a23500e,application/pdf,
https://www.ncrb.gov.in/uploads/2022/July/11/custom/crime-in-india/table-60-1977.pdf,cii,1977,table_content,raw/cii/1977/table_content/table-60-1977.pdf,ok,174350,3c0af6e434c97a040fe8ce6652c1b6089aed2fbaec03223c0dc28bf70b42fb5f,application/pdf,
https://www.ncrb.gov.in/uploads/2022/July/11/custom/crime-in-india/table-7-1977.pdf,cii,1977,table_content,raw/cii/1977/table_content/table-7-1977.pdf,ok,1811592,f83e27511bcc785d451cf9d3b72b50e86d45224d531b6017d44067610c2c83ce,application/pdf,
https://www.ncrb.gov.in/uploads/2022/July/11/custom/crime-in-india/table-8-and-9-1977.pdf,cii,1977,table_content,raw/cii/1977/table_content/table-8-and-9-1977.pdf,ok,145029,e1d7a28b2d2aaa29fe375518898c50c862228fa2b9d5c99140b44f2305f7a2ae,application/pdf,
https://www.ncrb.gov.in/uploads/nationalcrimerecordsbureau/custom/1654002114_ERRATA1.pdf,cii,1977,year_wise,raw/cii/1977/year_wise/1654002114_ERRATA1.pdf,ok,487891,117175b11393e0da3dfe8413ba9d427a73c7f59b2fa4d4c2b10f1c65bfa511ea,application/pdf,
https://www.ncrb.gov.in/uploads/2022/July/11/custom/crime-in-india/chapter-1-1978.pdf,cii,1978,table_chapter,raw/cii/1978/table_chapter/chapter-1-1978.pdf,ok,2900244,9dc07b564f4952371bf95be1f1b25cea2d8ac3b647b1c464e7b3cdd742c67ff1,application/pdf,
https://www.ncrb.gov.in/uploads/2022/July/11/custom/crime-in-india/chapter-10-victims-of-rape-1978.pdf,cii,1978,table_chapter,raw/cii/1978/table_chapter/chapter-10-victims-of-rape-1978.pdf,ok,159488,3c78f202c438a8a4aa781180d853c3c2785696ed0217a342b04c395c6c5f4f2f,application/pdf,
https://www.ncrb.gov.in/uploads/2022/July/11/custom/crime-in-india/chapter-11-police-personnel-killed-or-injured-1978.pdf,cii,1978,table_chapter,raw/cii/1978/table_chapter/chapter-11-police-personnel-killed-or-injured-1978.pdf,ok,234244,343ce3782d2d79399ae1eb93c639334ccd53832c6cea3666704074a445d172e1,application/pdf,
https://www.ncrb.gov.in/uploads/2022/July/11/custom/crime-in-india/chapter-12-police-strength-1978.pdf,cii,1978,table_chapter,raw/cii/1978/table_chapter/chapter-12-police-strength-1978.pdf,ok,153526,1aa83560d273d98773851fb0d52c268279e0ea0e620300d4cd8978f252dd268f,application/pdf,
https://www.ncrb.gov.in/uploads/2022/July/11/custom/crime-in-india/chapter-2-disposal-of-crimes-1978.pdf,cii,1978,table_chapter,raw/cii/1978/table_chapter/chapter-2-disposal-of-crimes-1978.pdf,ok,658996,4d52f43d2589eacc452379a1392cc2842ae7394896ee7bc2a303341882287585,application/pdf,
https://www.ncrb.gov.in/uploads/2022/July/11/custom/crime-in-india/chapter-3-persons-arrested-1978.pdf,cii,1978,table_chapter,raw/cii/1978/table_chapter/chapter-3-persons-arrested-1978.pdf,ok,607904,e969c0da7a23f68d95cb1a676a27cfb97a01018d436bbe81f74c0c8c0b5b25d8,application/pdf,
https://www.ncrb.gov.in/uploads/2022/July/11/custom/crime-in-india/chapter-4-disposal-of-persons-arrested-1978.pdf,cii,1978,table_chapter,raw/cii/1978/table_chapter/chapter-4-disposal-of-persons-arrested-1978.pdf,ok,239602,5bf1d26961b21911ec68da6a261d5f6b814c46cd914786f3c2a7a2dde1b67435,application/pdf,
https://www.ncrb.gov.in/uploads/2022/July/11/custom/crime-in-india/chapter-5-1978.pdf,cii,1978,table_chapter,raw/cii/1978/table_chapter/chapter-5-1978.pdf,ok,1648747,1b75534253358df1cdff4f5b2a417a64b9e9c6fb618406baaddeee84ecca8ff3,application/pdf,
https://www.ncrb.gov.in/uploads/2022/July/11/custom/crime-in-india/chapter-6-property-stolen-and-recovered-1978.pdf,cii,1978,table_chapter,raw/cii/1978/table_chapter/chapter-6-property-stolen-and-recovered-1978.pdf,ok,261579,927e26fbfdd38a7c1264c063cf5822ed2485eeef704100dc1ae5fec875b03471,application/pdf,
https://www.ncrb.gov.in/uploads/2022/July/11/custom/crime-in-india/chapter-7-premises-of-dacoity-and-robbery-1978.pdf,cii,1978,table_chapter,raw/cii/1978/table_chapter/chapter-7-premises-of-dacoity-and-robbery-1978.pdf,ok,85976,861df9424543e0da75a9291d40de4a05df97a8287e993658d622a693c79d985d,application/pdf,
https://www.ncrb.gov.in/uploads/2022/July/11/custom/crime-in-india/chapter-8-motives-of-murder-and-culpable-homicide-not-amounting-to-murder-1978.pdf,cii,1978,table_chapter,raw/cii/1978/table_chapter/chapter-8-motives-of-murder-and-culpable-homicide-not-amounting-to-murder-1978.pdf,ok,182238,fbe49974ca386482bf72a74f9d740b3c48230b7a0c257c7b958238d821b897d7,application/pdf,
https://www.ncrb.gov.in/uploads/2022/July/11/custom/crime-in-india/chapter-9-recidivism-1978.pdf,cii,1978,table_chapter,raw/cii/1978/table_chapter/chapter-9-recidivism-1978.pdf,ok,168055,fd5e9a5897eb2f9c4f7c820f1887a91b8d6a1b42d87294d27810b6d91a61a64d,application/pdf,
https://www.ncrb.gov.in/uploads/2022/July/11/custom/crime-in-india/table-10-1978.pdf,cii,1978,table_content,raw/cii/1978/table_content/table-10-1978.pdf,ok,580949,97f569788e9e2e94fd5901d5066e3a7b9b038824d5febda02815fab9c6b9ddf8,application/pdf,
https://www.ncrb.gov.in/uploads/2022/July/11/custom/crime-in-india/table-11-and-12-1978.pdf,cii,1978,table_content,raw/cii/1978/table_content/table-11-and-12-1978.pdf,ok,164662,244385df420559a2fb1977a65b98c8e8d24daf633b25cf1d90ae0fbdba3ffbda,application/pdf,
https://www.ncrb.gov.in/uploads/2022/July/11/custom/crime-in-india/table-13-and-14-1978.pdf,cii,1978,table_content,raw/cii/1978/table_content/table-13-and-14-1978.pdf,ok,152574,34f2834771bd386fcea13ef525982639c135656d024829974166ec09013a2b62,application/pdf,
https://www.ncrb.gov.in/uploads/2022/July/11/custom/crime-in-india/table-15-and-16-1978.pdf,cii,1978,table_content,raw/cii/1978/table_content/table-15-and-16-1978.pdf,ok,164889,b79ea7b2101913b29dc84362a366f7727f574ab478b0ed98b54794f67bac31f0,application/pdf,
https://www.ncrb.gov.in/uploads/2022/July/11/custom/crime-in-india/table-17-and-18-1978.pdf,cii,1978,table_content,raw/cii/1978/table_content/table-17-and-18-1978.pdf,ok,148631,40be3cad7a44eb074056358a6aa54f4bb2edfa2bf0c70b1ee65bbe733c20d162,application/pdf,
https://www.ncrb.gov.in/uploads/2022/July/11/custom/crime-in-india/table-2-1978.pdf,cii,1978,table_content,raw/cii/1978/table_content/table-2-1978.pdf,ok,148718,4e37ec3cb204bad44fe8ac4cb729ec16a021512430c8c236c94b3376895d9fd9,application/pdf,
https://www.ncrb.gov.in/uploads/2022/July/11/custom/crime-in-india/table-21-1978.pdf,cii,1978,table_content,raw/cii/1978/table_content/table-21-1978.pdf,ok,74106,2fce8c18f59525d0475ebe3c3c245ca0b14e46952f0826f865412335640ee7ed,application/pdf,
https://www.ncrb.gov.in/uploads/2022/July/11/custom/crime-in-india/table-22-1978.pdf,cii,1978,table_content,raw/cii/1978/table_content/table-22-1978.pdf,ok,534650,75f86b6d5a439acb84d9294707318a2aff752ae44404bec6509eb758f4a89fbd,application/pdf,
https://www.ncrb.gov.in/uploads/2022/July/11/custom/crime-in-india/table-24-1978.pdf,cii,1978,table_content,raw/cii/1978/table_content/table-24-1978.pdf,ok,366851,bba15ffb948608ffcd8d68ed1ffbaa4b4bb9baadc195b46e7ae3729cb38ecbfd,application/pdf,
https://www.ncrb.gov.in/uploads/2022/July/11/custom/crime-in-india/table-25-1978.pdf,cii,1978,table_content,raw/cii/1978/table_content/table-25-1978.pdf,ok,110732,266a6c179f0a93dfa32d3b412ad4e208121eb136929f6e92f5f7505c53dd48fb,application/pdf,
https://www.ncrb.gov.in/uploads/2022/July/11/custom/crime-in-india/table-26-27-1978.pdf,cii,1978,table_content,raw/cii/1978/table_content/table-26-27-1978.pdf,ok,189302,012e5f0c7491a807eeb26b266ac7fce622821ff69e57c2da3d968e84f09b5e87,application/pdf,
https://www.ncrb.gov.in/uploads/2022/July/11/custom/crime-in-india/table-28-and-29-1978.pdf,cii,1978,table_content,raw/cii/1978/table_content/table-28-and-29-1978.pdf,ok,198020,af8ab54cbb59abc41067fd89aa1b90db5d6918c7a03fbaa43ddb8bc1f5d4e83d,application/pdf,
https://www.ncrb.gov.in/uploads/2022/July/11/custom/crime-in-india/table-30-and-31-and-32-1978.pdf,cii,1978,table_content,raw/cii/1978/table_content/table-30-and-31-and-32-1978.pdf,ok,188779,b868a560e4c62270a1eddaeaae892e51e976e0bbb9d42d83ac5cf5e771ab8ce7,application/pdf,
https://www.ncrb.gov.in/uploads/2022/July/11/custom/crime-in-india/table-33-1978.pdf,cii,1978,table_content,raw/cii/1978/table_content/table-33-1978.pdf,ok,367162,6034a35bb9a1f1743a8fbe707ed24a61cba6907f979ffd038ff1a2a164361ddd,application/pdf,
https://www.ncrb.gov.in/uploads/2022/July/11/custom/crime-in-india/table-34-1978.pdf,cii,1978,table_content,raw/cii/1978/table_content/table-34-1978.pdf,ok,255786,bf54edbb24028d8763a95ea3ebf235ca6aeb1caefb5ecb6df91f5ba3b5403d5a,application/pdf,
https://www.ncrb.gov.in/uploads/2022/July/11/custom/crime-in-india/table-38-1978.pdf,cii,1978,table_content,raw/cii/1978/table_content/table-38-1978.pdf,ok,175855,d8adfcda5901fc85e14c6392a129ef6c17fd7b960a9b19c8ead63073308a2a59,application/pdf,
https://www.ncrb.gov.in/uploads/2022/July/11/custom/crime-in-india/table-39-1978.pdf,cii,1978,table_content,raw/cii/1978/table_content/table-39-1978.pdf,ok,166913,57b88b3d48f82abc55832ec8e65f1070a5ced7a15a94dfe7cb5177893ba1c495,application/pdf,
https://www.ncrb.gov.in/uploads/2022/July/11/custom/crime-in-india/table-4-1978.pdf,cii,1978,table_content,raw/cii/1978/table_content/table-4-1978.pdf,ok,275522,2b80119bbc7abf9595fa1b532d8f0b1a2228e122afa384ac2697d9542d2e72a1,application/pdf,
https://www.ncrb.gov.in/uploads/2022/July/11/custom/crime-in-india/table-40-1978.pdf,cii,1978,table_content,raw/cii/1978/table_content/table-40-1978.pdf,ok,124130,f80da85aa6732d78cf8d7c00b3511f694e3969a2c78cc905e34969e735a0a817,application/pdf,
https://www.ncrb.gov.in/uploads/2022/July/11/custom/crime-in-india/table-41-1978.pdf,cii,1978,table_content,raw/cii/1978/table_content/table-41-1978.pdf,ok,126074,7e0d8421247f983048b750a9691ecff2a25f39e28f6faa6d7930e418bba15ebd,application/pdf,
https://www.ncrb.gov.in/uploads/2022/July/11/custom/crime-in-india/table-42-1978.pdf,cii,1978,table_content,raw/cii/1978/table_content/table-42-1978.pdf,ok,137186,c4765af94fc2e46dc80242c318131c8e01fc8b7ea2a9087b248b38236e3bee01,application/pdf,
https://www.ncrb.gov.in/uploads/2022/July/11/custom/crime-in-india/table-43-1978.pdf,cii,1978,table_content,raw/cii/1978/table_content/table-43-1978.pdf,ok,139100,b976dc29066f56b57e23e9b80fecda45c2469280f9e089bfbf8852c92c9c46a0,application/pdf,
https://www.ncrb.gov.in/uploads/2022/July/11/custom/crime-in-india/table-44-1978.pdf,cii,1978,table_content,raw/cii/1978/table_content/table-44-1978.pdf,ok,242884,180d0f079bbc88f6fa785bc494d28b7340a5b2e2759502b2f5b3cf40f1b88383,application/pdf,
https://www.ncrb.gov.in/uploads/2022/July/11/custom/crime-in-india/table-45-1978.pdf,cii,1978,table_content,raw/cii/1978/table_content/table-45-1978.pdf,ok,540719,10826c995ab2b4fd6b51e1e56a02dd9b3345e6d1003141d30f48e44b5543b215,application/pdf,
https://www.ncrb.gov.in/uploads/2022/July/11/custom/crime-in-india/table-47-1978.pdf,cii,1978,table_content,raw/cii/1978/table_content/table-47-1978.pdf,ok,128961,69975b7cedfed7e6b3fbea0ff50042e2cf5ce027fd40a8e3bd54b44fbf34931f,application/pdf,
https://www.ncrb.gov.in/uploads/2022/July/11/custom/crime-in-india/table-48-1978.pdf,cii,1978,table_content,raw/cii/1978/table_content/table-48-1978.pdf,ok,116414,850fdc0d44b0f559e5af34e25aa8bee8c63836e958632cdcb0b4d399c0d1ad82,application/pdf,
https://www.ncrb.gov.in/uploads/2022/July/11/custom/crime-in-india/table-5-1978.pdf,cii,1978,table_content,raw/cii/1978/table_content/table-5-1978.pdf,ok,720945,af0e217653fa269d1faff4a8cca978e31141738cf6e02838c814b7c722d3c375,application/pdf,
https://www.ncrb.gov.in/uploads/2022/July/11/custom/crime-in-india/table-50-1978.pdf,cii,1978,table_content,raw/cii/1978/table_content/table-50-1978.pdf,ok,303785,abcc33f431aa3bdb956c9b85027cd51365d6c21d123b938b4e17161b75cd4f6c,application/pdf,
https://www.ncrb.gov.in/uploads/2022/July/11/custom/crime-in-india/table-51-1978.pdf,cii,1978,table_content,raw/cii/1978/table_content/table-51-1978.pdf,ok,307446,87e65521a3460ac097480e42ebb845b2e0c90232a1600161b529a83683c7cdd7,application/pdf,
https://www.ncrb.gov.in/uploads/2022/July/11/custom/crime-in-india/table-52-1978.pdf,cii,1978,table_content,raw/cii/1978/table_content/table-52-1978.pdf,ok,453729,66acf2c7c84d486afc955cf437b3e1ae0d9d484fa3ec4039a4a9d42e5fba16a0,application/pdf,
https://www.ncrb.gov.in/uploads/2022/July/11/custom/crime-in-india/table-56-1978.pdf,cii,1978,table_content,raw/cii/1978/table_content/table-56-1978.pdf,ok,249771,1ed39f50d60ed6ca8d997afe2dd3375851bf825d99cf44d4701b75d80c563a3b,application/pdf,
https://www.ncrb.gov.in/uploads/2022/July/11/custom/crime-in-india/table-57-1978.pdf,cii,1978,table_content,raw/cii/1978/table_content/table-57-1978.pdf,ok,60270,e078edd121535b4d5bcb44d3d537356f40a15898e10276b67475ce7260d9588c,application/pdf,
https://www.ncrb.gov.in/uploads/2022/July/11/custom/crime-in-india/table-58-1978.pdf,cii,1978,table_content,raw/cii/1978/table_content/table-58-1978.pdf,ok,148353,4341e715a0de7c53ea0c2a78e0ee36515d9f4e945800e51592827d206165e929,application/pdf,
https://www.ncrb.gov.in/uploads/2022/July/11/custom/crime-in-india/table-59-1978.pdf,cii,1978,table_content,raw/cii/1978/table_content/table-59-1978.pdf,ok,135093,ae795381697f267030b2af426cc60ecc6160b8f004e7df2da47cda9a0c6181ca,application/pdf,
https://www.ncrb.gov.in/uploads/2022/July/11/custom/crime-in-india/table-6-1978.pdf,cii,1978,table_content,raw/cii/1978/table_content/table-6-1978.pdf,ok,620851,d55323298e671150ad559d164dd8a24a0354e08bda2e13dfb901226823166114,application/pdf,
https://www.ncrb.gov.in/uploads/2022/July/11/custom/crime-in-india/table-60-1978.pdf,cii,1978,table_content,raw/cii/1978/table_content/table-60-1978.pdf,ok,199924,7898723bfd40f3a8d23a309ea784597e4aa51c9b8df0e45115c4df0eb24297cb,application/pdf,
https://www.ncrb.gov.in/uploads/2022/July/11/custom/crime-in-india/table-7-1978.pdf,cii,1978,table_content,raw/cii/1978/table_content/table-7-1978.pdf,ok,2150501,32c41e8531bbd4fbd9e01ac447e1f86acde774584347fb661a4a33ba836f513f,application/pdf,
https://www.ncrb.gov.in/uploads/nationalcrimerecordsbureau/custom/1654001907_ERRATA CRIME IN INDIA-1978.pdf,cii,1978,year_wise,raw/cii/1978/year_wise/1654001907_ERRATA CRIME IN INDIA-1978.pdf,ok,63790,f78432fd5ca01b184e331e3aee1f79cf0b5b3f0e27924a4002a735b03c54831d,application/pdf,
https://www.ncrb.gov.in/uploads/2022/July/11/custom/crime-in-india/chapter-1-1979.pdf,cii,1979,table_chapter,raw/cii/1979/table_chapter/chapter-1-1979.pdf,ok,5993384,d53e7aa1bcbad1caa175c54385a5b79f0fe86ad2cf8ca6b2fe2fe450cab728a3,application/pdf,
https://www.ncrb.gov.in/uploads/2022/July/11/custom/crime-in-india/chapter-10-1979.pdf,cii,1979,table_chapter,raw/cii/1979/table_chapter/chapter-10-1979.pdf,ok,156841,0f3754b30ceef1f862cb87887f4868821b48bfeacefdbb4b6a2c66beb3081925,application/pdf,
https://www.ncrb.gov.in/uploads/2022/July/11/custom/crime-in-india/chapter-11-1979.pdf,cii,1979,table_chapter,raw/cii/1979/table_chapter/chapter-11-1979.pdf,ok,503877,94291e80cb945859d8c4fb13e8e7f9b1b83e274a82a46a60e0818a7ce594f0d7,application/pdf,
https://www.ncrb.gov.in/uploads/2022/July/11/custom/crime-in-india/chapter-12-1979.pdf,cii,1979,table_chapter,raw/cii/1979/table_chapter/chapter-12-1979.pdf,ok,614687,12bf4452efb829f44e6a973eda69b65cea696cc454a82dc538d8d788f6f4dad1,application/pdf,
https://www.ncrb.gov.in/uploads/2022/July/11/custom/crime-in-india/chapter-2-1979.pdf,cii,1979,table_chapter,raw/cii/1979/table_chapter/chapter-2-1979.pdf,ok,855979,796653ca41b7947a0530a570ade142b1a822aeda3caef9c12bfc439ac6f0d191,application/pdf,
https://www.ncrb.gov.in/uploads/2022/July/11/custom/crime-in-india/chapter-3-1979.pdf,cii,1979,table_chapter,raw/cii/1979/table_chapter/chapter-3-1979.pdf,ok,1620563,b4755b48ef7eef021902aecfdd33b527f8d5270a4ab398064e478d598f51f2dd,application/pdf,
https://www.ncrb.gov.in/uploads/2022/July/11/custom/crime-in-india/chapter-4-1979.pdf,cii,1979,table_chapter,raw/cii/1979/table_chapter/chapter-4-1979.pdf,ok,690552,7be6f255648e0822f9bdef0afc40b7a153b606bf846a0ef65346081f1f77264f,application/pdf,
https://www.ncrb.gov.in/uploads/2022/July/11/custom/crime-in-india/chapter-5-1979.pdf,cii,1979,table_chapter,raw/cii/1979/table_chapter/chapter-5-1979.pdf,ok,2052673,959f7bfd1bf80cbb341ef026d79e5d9bed7760d13b23a865ed5d5bfb8bdfdab3,application/pdf,
https://www.ncrb.gov.in/uploads/2022/July/11/custom/crime-in-india/chapter-6-1979.pdf,cii,1979,table_chapter,raw/cii/1979/table_chapter/chapter-6-1979.pdf,ok,450684,f552ad187581d2e90a60e11a7008c32b8730a05ee99a1d676294ac558f4f6f51,application/pdf,
https://www.ncrb.gov.in/uploads/2022/July/11/custom/crime-in-india/chapter-7-1979.pdf,cii,1979,table_chapter,raw/cii/1979/table_chapter/chapter-7-1979.pdf,ok,824087,7c9583fc21f1b7b22e1c51f3c0392bcf9785c2d6f22a09f597c6a8179170651c,application/pdf,
https://www.ncrb.gov.in/uploads/2022/July/11/custom/crime-in-india/chapter-8-1979.pdf,cii,1979,table_chapter,raw/cii/1979/table_chapter/chapter-8-1979.pdf,ok,549895,192b8ce57a1570edacf4f9b84129eeb06d88d79a8f4ad30184cd13b38fc921c1,application/pdf,
https://www.ncrb.gov.in/uploads/2022/July/11/custom/crime-in-india/chapter-9-1979.pdf,cii,1979,table_chapter,raw/cii/1979/table_chapter/chapter-9-1979.pdf,ok,164134,24889bbf45a0aab870efbc695c5f409ee78f4d627a5bd751c8dd2c8e6ab0c9c0,application/pdf,
https://www.ncrb.gov.in/uploads/2022/July/11/custom/crime-in-india/table-10-1979.pdf,cii,1979,table_content,raw/cii/1979/table_content/table-10-1979.pdf,ok,486872,7545aa03795a24d75b6f59a1cd383e231e6598dd6808ffaea7a03ec3993a31a0,application/pdf,
https://www.ncrb.gov.in/uploads/2022/July/11/custom/crime-in-india/table-12-and-13-1979.pdf,cii,1979,table_content,raw/cii/1979/table_content/table-12-and-13-1979.pdf,ok,157252,0662052771f90b8f50023175590c8667387bf2a3c40a710805b09a3a430e239a,application/pdf,
https://www.ncrb.gov.in/uploads/2022/July/11/custom/crime-in-india/table-15-16-1979.pdf,cii,1979,table_content,raw/cii/1979/table_content/table-15-16-1979.pdf,ok,172684,35cf188b9d83f231b68953280b68bacb826098ebad1eef4c1c140b7bbf2f5825,application/pdf,
https://www.ncrb.gov.in/uploads/2022/July/11/custom/crime-in-india/table-2-1979.pdf,cii,1979,table_content,raw/cii/1979/table_content/table-2-1979.pdf,ok,149753,674baa5739c7b4a6bb065092352ca74bec4cd32e7ba862f9484f58ed7e98f7a1,application/pdf,
https://www.ncrb.gov.in/uploads/2022/July/11/custom/crime-in-india/table-20-and-21-1979.pdf,cii,1979,table_content,raw/cii/1979/table_content/table-20-and-21-1979.pdf,ok,138446,a9abe57a8664624408e7a3054de3d0178f2ce0f6513054ad250846824ba81cb6,application/pdf,
https://www.ncrb.gov.in/uploads/2022/July/11/custom/crime-in-india/table-22-1979.pdf,cii,1979,table_content,raw/cii/1979/table_content/table-22-1979.pdf,ok,558944,389274c8dd5468f0e3440d4feaae62467e21d7ca4dcfb78fe64cab9ff81f218b,application/pdf,
https://www.ncrb.gov.in/uploads/2022/July/11/custom/crime-in-india/table-23-and-24-1979.pdf,cii,1979,table_content,raw/cii/1979/table_content/table-23-and-24-1979.pdf,ok,425295,d4896d2ecceb97660050e377b2ea3509346c3b0266f7aca9cef3fc7c060365a2,application/pdf,
https://www.ncrb.gov.in/uploads/2022/July/11/custom/crime-in-india/table-25-1979.pdf,cii,1979,table_content,raw/cii/1979/table_content/table-25-1979.pdf,ok,106634,e4bdfc15e6bb98a62df90ef36b6468faeff4404ea5b148568c2d4c139a657cc5,application/pdf,
https://www.ncrb.gov.in/uploads/2022/July/11/custom/crime-in-india/table-26-and-27-1979.pdf,cii,1979,table_content,raw/cii/1979/table_content/table-26-and-27-1979.pdf,ok,180898,2e59097ebd29bb597e185e5d9c33fef77d190e4c712e184fd5ff600180c1ee20,application/pdf,
https://www.ncrb.gov.in/uploads/2022/July/11/custom/crime-in-india/table-28-and-29-1979.pdf,cii,1979,table_content,raw/cii/1979/table_content/table-28-and-29-1979.pdf,ok,192799,9aab7ce436fb02a2986c92bdfd863c4e65576c255be224c7d990d6c3ceb7962d,application/pdf,
https://www.ncrb.gov.in/uploads/2022/July/11/custom/crime-in-india/table-31-and-32-1979.pdf,cii,1979,table_content,raw/cii/1979/table_content/table-31-and-32-1979.pdf,ok,132816,bf8fe1e9f46b49f532859dbf8228dd9c610b78818d5a4297e0177ede7f3bd077,application/pdf,
https://www.ncrb.gov.in/uploads/2022/July/11/custom/crime-in-india/table-33-1979.pdf,cii,1979,table_content,raw/cii/1979/table_content/table-33-1979.pdf,ok,346332,462920b6dc31ecb1497d1c2a933f37be667eb53c22b544b092859a5360b6c36c,application/pdf,
https://www.ncrb.gov.in/uploads/2022/July/11/custom/crime-in-india/table-34-1979.pdf,cii,1979,table_content,raw/cii/1979/table_content/table-34-1979.pdf,ok,256515,be351dacb7cd759ff2b58d87a972ebaef0007464e62e9b28ef3b5d141570dc2d,application/pdf,
https://www.ncrb.gov.in/uploads/2022/July/11/custom/crime-in-india/table-35-1979.pdf,cii,1979,table_content,raw/cii/1979/table_content/table-35-1979.pdf,ok,156707,8d4a8e74c53fc4d0655138c987893915c26460b6eea23ef80847837c5d0c8073,application/pdf,
https://www.ncrb.gov.in/uploads/2022/July/11/custom/crime-in-india/table-38-1979.pdf,cii,1979,table_content,raw/cii/1979/table_content/table-38-1979.pdf,ok,173409,307a42e58645ac13cd9c332b3169a68b3e5b459bf6a2f48094136880040b3583,application/pdf,
https://www.ncrb.gov.in/uploads/2022/July/11/custom/crime-in-india/table-39-1979.pdf,cii,1979,table_content,raw/cii/1979/table_content/table-39-1979.pdf,ok,166392,9546de72d869b3b36fb4edf95784e696a8430224e4b2bd81983c9afcf283763d,application/pdf,
https://www.ncrb.gov.in/uploads/2022/July/11/custom/crime-in-india/table-4-1979.pdf,cii,1979,table_content,raw/cii/1979/table_content/table-4-1979.pdf,ok,283495,f3e4a48dfd9358f058535c38606ccd56e201afeaddcac85d41d6f728ba948522,application/pdf,
https://www.ncrb.gov.in/uploads/2022/July/11/custom/crime-in-india/table-40-1979.pdf,cii,1979,table_content,raw/cii/1979/table_content/table-40-1979.pdf,ok,121003,f5ca25e06e4d14a4438dfc52cdd8de33c30184c427a6f0c2a9f427e63f202503,application/pdf,
https://www.ncrb.gov.in/uploads/2022/July/11/custom/crime-in-india/table-41-1979.pdf,cii,1979,table_content,raw/cii/1979/table_content/table-41-1979.pdf,ok,118883,71c4c352939942fd34509b1b6d1b6f43121e16eaf7f402a83f4b8c6bd6dcac1e,application/pdf,
https://www.ncrb.gov.in/uploads/2022/July/11/custom/crime-in-india/table-42-1979.pdf,cii,1979,table_content,raw/cii/1979/table_content/table-42-1979.pdf,ok,140275,ac5b0e985eb35d9ed0792e217e24c98bfebd807367dbfd1dcc9166e91ed1bb72,application/pdf,
https://www.ncrb.gov.in/uploads/2022/July/11/custom/crime-in-india/table-43-1979.pdf,cii,1979,table_content,raw/cii/1979/table_content/table-43-1979.pdf,ok,136288,317dfb2c9fc651dff834b05135959a0a05e7f827d4ac96c13b02e92895dc7b0c,application/pdf,
https://www.ncrb.gov.in/uploads/2022/July/11/custom/crime-in-india/table-45-1979.pdf,cii,1979,table_content,raw/cii/1979/table_content/table-45-1979.pdf,ok,534457,4ac1519940db421b6cb71b968b78005dbf5a7f33f17433f430db409898b797dc,application/pdf,
https://www.ncrb.gov.in/uploads/2022/July/11/custom/crime-in-india/table-47-1979.pdf,cii,1979,table_content,raw/cii/1979/table_content/table-47-1979.pdf,ok,138688,9374ad4050b61865aedd586ed3a6aaa4070866fd754c8ee00839b618e2488b1d,application/pdf,
https://www.ncrb.gov.in/uploads/2022/July/11/custom/crime-in-india/table-48-and-49-1979.pdf,cii,1979,table_content,raw/cii/1979/table_content/table-48-and-49-1979.pdf,ok,112913,04da5dcd0c3cad2b69017dcdd8ecb1502b8dd0ebb5664c47fd4750cabf2678ed,application/pdf,
https://www.ncrb.gov.in/uploads/2022/July/11/custom/crime-in-india/table-5-1979.pdf,cii,1979,table_content,raw/cii/1979/table_content/table-5-1979.pdf,ok,729785,38468e321828962d9544e3079ba71a93bddde7efa98c3c754f3c55bcbc2ae61e,application/pdf,
https://www.ncrb.gov.in/uploads/2022/July/11/custom/crime-in-india/table-51-1979.pdf,cii,1979,table_content,raw/cii/1979/table_content/table-51-1979.pdf,ok,400527,3bdc54ee65e8adcfd739533569f9f862d3fde89f02e92aee30ca9bf973c839c9,application/pdf,
https://www.ncrb.gov.in/uploads/2022/July/11/custom/crime-in-india/table-52-1979.pdf,cii,1979,table_content,raw/cii/1979/table_content/table-52-1979.pdf,ok,374802,fb6933d259650aca12fbec49731fe49a4b225b85eeddc272eebb2d3d52c575d4,application/pdf,
https://www.ncrb.gov.in/uploads/2022/July/11/custom/crime-in-india/table-56-1979.pdf,cii,1979,table_content,raw/cii/1979/table_content/table-56-1979.pdf,ok,260047,078acca6b6b4ce98a610f57993cbaf93415eb114af1e3747ff14b76d8fe56eeb,application/pdf,
https://www.ncrb.gov.in/uploads/2022/July/11/custom/crime-in-india/table-58-1979.pdf,cii,1979,table_content,raw/cii/1979/table_content/table-58-1979.pdf,ok,156119,fc776cf830cdabbb5386617b391a1f40f6e820db5b23489727e54cc0ef21701d,application/pdf,
https://www.ncrb.gov.in/uploads/2022/July/11/custom/crime-in-india/table-59-1979.pdf,cii,1979,table_content,raw/cii/1979/table_content/table-59-1979.pdf,ok,132341,4222e8f6a8245db27abc3912d374286977d8cbb9d489d2b3aa0b6cba46d28c17,application/pdf,
https://www.ncrb.gov.in/uploads/2022/July/11/custom/crime-in-india/table-6-1979.pdf,cii,1979,table_content,raw/cii/1979/table_content/table-6-1979.pdf,ok,614545,90fcb083b31e37fd95c22647adf7dcdafb860ad7ba5b24f413d19201c96611d5,application/pdf,
https://www.ncrb.gov.in/uploads/2022/July/11/custom/crime-in-india/table-60-1979.pdf,cii,1979,table_content,raw/cii/1979/table_content/table-60-1979.pdf,ok,190358,e8c4b4063787b2fd3886882e13eea00983877aa7a5734ddd4e8eb9f34ccbf0e6,application/pdf,
https://www.ncrb.gov.in/uploads/2022/July/11/custom/crime-in-india/chapter-1-1980.pdf,cii,1980,table_chapter,raw/cii/1980/table_chapter/chapter-1-1980.pdf,ok,4475578,5839d12684ca9e8dd353ba10806b8f9d29188235324a8bde622179bee5ce527e,application/pdf,
https://www.ncrb.gov.in/uploads/2022/July/11/custom/crime-in-india/chapter-10-1980.pdf,cii,1980,table_chapter,raw/cii/1980/table_chapter/chapter-10-1980.pdf,ok,361271,d7949c90fccea681a59dea1be7ee89683530c152165d1c66fd6a33341b1cdacb,application/pdf,
https://www.ncrb.gov.in/uploads/2022/July/11/custom/crime-in-india/chapter-11-1980.pdf,cii,1980,table_chapter,raw/cii/1980/table_chapter/chapter-11-1980.pdf,ok,192426,8b00808740cb3607712880892f942e910a3ba2b92b4912f46484ff52b1346984,application/pdf,
https://www.ncrb.gov.in/uploads/2022/July/11/custom/crime-in-india/chapter-12-1980.pdf,cii,1980,table_chapter,raw/cii/1980/table_chapter/chapter-12-1980.pdf,ok,193139,32afb501b5baa138c96f89bd62bd49e6ce20a9371c904246f07f68b62846b611,application/pdf,
https://www.ncrb.gov.in/uploads/2022/July/11/custom/crime-in-india/chapter-2-1980.pdf,cii,1980,table_chapter,raw/cii/1980/table_chapter/chapter-2-1980.pdf,ok,1663605,c5ed545dc87cf351f64bb870118d98f8804621f63381f18075dd545227d9bb41,application/pdf,
https://www.ncrb.gov.in/uploads/2022/July/11/custom/crime-in-india/chapter-3-1980.pdf,cii,1980,table_chapter,raw/cii/1980/table_chapter/chapter-3-1980.pdf,ok,957933,5f32959dd223373b486755866c73d0ab0bce8e06dc7674a4c14b724cf250bcb3,application/pdf,
https://www.ncrb.gov.in/uploads/2022/July/11/custom/crime-in-india/chapter-4-1980.pdf,cii,1980,table_chapter,raw/cii/1980/table_chapter/chapter-4-1980.pdf,ok,932373,5f7c1a3d35a662302815f82ab35885451aefeb694e4be2dce349c24f2f0f88b7,application/pdf,
https://www.ncrb.gov.in/uploads/2022/July/11/custom/crime-in-india/chapter-5-1980.pdf,cii,1980,table_chapter,raw/cii/1980/table_chapter/chapter-5-1980.pdf,ok,3224389,c9fe8456cb845033f558491c598d95bd5d5c390933112a7ed64ef8ea5f4d841b,application/pdf,
https://www.ncrb.gov.in/uploads/2022/July/11/custom/crime-in-india/chapter-6-1980.pdf,cii,1980,table_chapter,raw/cii/1980/table_chapter/chapter-6-1980.pdf,ok,329803,fa51444ff425d5a03e70bce3c3b658fbbad27d20f9697e71ca5eff3c2671d0a4,application/pdf,
https://www.ncrb.gov.in/uploads/2022/July/11/custom/crime-in-india/chapter-7-1980.pdf,cii,1980,table_chapter,raw/cii/1980/table_chapter/chapter-7-1980.pdf,ok,96700,045e222be997496b827ff2c73a313b6b006317f5273b7a005047188de91aeafa,application/pdf,
https://www.ncrb.gov.in/uploads/2022/July/11/custom/crime-in-india/chapter-8-1980.pdf,cii,1980,table_chapter,raw/cii/1980/table_chapter/chapter-8-1980.pdf,ok,208676,cbb8f550716fbc0f4b8e1d9fb7dc618c68c1393dea5f00858390a56a2d0c4115,application/pdf,
https://www.ncrb.gov.in/uploads/2022/July/11/custom/crime-in-india/chapter-9-1980.pdf,cii,1980,table_chapter,raw/cii/1980/table_chapter/chapter-9-1980.pdf,ok,223621,2537c62428c7316c7a5ef20eb880ec833ac7ea6c069b25a36710424a3380b324,application/pdf,
https://www.ncrb.gov.in/uploads/2022/July/11/custom/crime-in-india/table-10-1980_0.pdf,cii,1980,table_content,raw/cii/1980/table_content/table-10-1980_0.pdf,ok,732822,6b0b0ea5283c9e5ffd7e0955fa2d7d706376c0a0194d746d428e9a98c088ff55,application/pdf,
https://www.ncrb.gov.in/uploads/2022/July/11/custom/crime-in-india/table-18-1980_0.pdf,cii,1980,table_content,raw/cii/1980/table_content/table-18-1980_0.pdf,ok,109008,39a6491cdf4393bb267c27b3a3068429ef761b3bbb6bfe03aad36a3e87b674e1,application/pdf,
https://www.ncrb.gov.in/uploads/2022/July/11/custom/crime-in-india/table-2-1980_0.pdf,cii,1980,table_content,raw/cii/1980/table_content/table-2-1980_0.pdf,ok,158438,6523e9eb5b1fe3ab2cf02672a3173142c178d2479dcf33bb14f985052205104c,application/pdf,
https://www.ncrb.gov.in/uploads/2022/July/11/custom/crime-in-india/table-22-1980_0.pdf,cii,1980,table_content,raw/cii/1980/table_content/table-22-1980_0.pdf,ok,917036,18bee7daab203003d057cbc9f965730a07ad84e44965da935a6237308decafec,application/pdf,
https://www.ncrb.gov.in/uploads/2022/July/11/custom/crime-in-india/table-23-1980_0.pdf,cii,1980,table_content,raw/cii/1980/table_content/table-23-1980_0.pdf,ok,105750,aecc86cf3392151919b63273abc13ba450412beda9fa84cb2e2c37f4eb085d2a,application/pdf,
https://www.ncrb.gov.in/uploads/2022/July/11/custom/crime-in-india/table-24-1980_0.pdf,cii,1980,table_content,raw/cii/1980/table_content/table-24-1980_0.pdf,ok,460715,746d1b4fe4f8481fe54376bb70c2deb776f4696d68e8f8de8985911290ab6c1a,application/pdf,
https://www.ncrb.gov.in/uploads/2022/July/11/custom/crime-in-india/table-33-1980_0.pdf,cii,1980,table_content,raw/cii/1980/table_content/table-33-1980_0.pdf,ok,338400,50c37856cdac324193d0cdde7972b383f5f237b345f02296148f39531acc9c59,application/pdf,
https://www.ncrb.gov.in/uploads/2022/July/11/custom/crime-in-india/table-34-1980_0.pdf,cii,1980,table_content,raw/cii/1980/table_content/table-34-1980_0.pdf,ok,334959,685e2bc99b8f0b7fb536d954892934095f7462f3e64a0e73c986fd63bbda9184,application/pdf,
https://www.ncrb.gov.in/uploads/2022/July/11/custom/crime-in-india/table-35-1980_0.pdf,cii,1980,table_content,raw/cii/1980/table_content/table-35-1980_0.pdf,ok,247146,6ef289a5fffaac16c9098528511a29230468ec568af608afe9c5b07f23dfdc0c,application/pdf,
https://www.ncrb.gov.in/uploads/2022/July/11/custom/crime-in-india/table-38-1980_0.pdf,cii,1980,table_content,raw/cii/1980/table_content/table-38-1980_0.pdf,ok,329414,5de0a2297b0e1d2048cd064be083214d47324dbef7890691c249a518b1a7ece6,application/pdf,
https://www.ncrb.gov.in/uploads/2022/July/11/custom/crime-in-india/table-39-1980_0.pdf,cii,1980,table_content,raw/cii/1980/table_content/table-39-1980_0.pdf,ok,341368,9b10c4508325f1ee7df64e5f0dc098f45f10712630ba0c0ffe7c72c23336223d,application/pdf,
https://www.ncrb.gov.in/uploads/2022/July/11/custom/crime-in-india/table-4-1980_0.pdf,cii,1980,table_content,raw/cii/1980/table_content/table-4-1980_0.pdf,ok,340046,ddffa1fb4bb532e9b07c2a43e3243d30bff3b9a73ec1df4a33201a10d308f854,application/pdf,
https://www.ncrb.gov.in/uploads/2022/July/11/custom/crime-in-india/table-41-1980_0.pdf,cii,1980,table_content,raw/cii/1980/table_content/table-41-1980_0.pdf,ok,182264,1b37cefda4854ffa1bfbcb9900fcdf472d24a01e460197f84fbe4170d34591a4,application/pdf,
https://www.ncrb.gov.in/uploads/2022/July/11/custom/crime-in-india/table-42-1980_0.pdf,cii,1980,table_content,raw/cii/1980/table_content/table-42-1980_0.pdf,ok,211392,3e4e7d724ab341643713698651539b6b11a28c23f32becdc2173e435b8741eda,application/pdf,
https://www.ncrb.gov.in/uploads/2022/July/11/custom/crime-in-india/table-43-1980_0.pdf,cii,1980,table_content,raw/cii/1980/table_content/table-43-1980_0.pdf,ok,232920,8b0eb537fcb013a114265c2fdedd799284314165ecaa476b2305bc5233697887,application/pdf,
https://www.ncrb.gov.in/uploads/2022/July/11/custom/crime-in-india/table-44-1980_0.pdf,cii,1980,table_content,raw/cii/1980/table_content/table-44-1980_0.pdf,ok,383571,3cfebfc57ca44342c5c0aee215c2ff3ab7e1c6b028f225f8d80355a0fdd1f9fe,application/pdf,
https://www.ncrb.gov.in/uploads/2022/July/11/custom/crime-in-india/table-47-1980_0.pdf,cii,1980,table_content,raw/cii/1980/table_content/table-47-1980_0.pdf,ok,223855,4b2174cc970c4f7c25f3da9e5c28352d93a342b5fc65a773c1b340e2955175fb,application/pdf,
https://www.ncrb.gov.in/uploads/2022/July/11/custom/crime-in-india/table-48-1980_0.pdf,cii,1980,table_content,raw/cii/1980/table_content/table-48-1980_0.pdf,ok,96972,e93fac70f1e0d66e0be8bee13e9214fb90097ae18424bd5d4cba20292e68a4cd,application/pdf,
https://www.ncrb.gov.in/uploads/2022/July/11/custom/crime-in-india/table-49-1980_0.pdf,cii,1980,table_content,raw/cii/1980/table_content/table-49-1980_0.pdf,ok,85155,189d7890666966ffcf0257e11d06eb748b47e1744ab0a9d89c33d0ed3a2f061d,application/pdf,
https://www.ncrb.gov.in/uploads/2022/July/11/custom/crime-in-india/table-50-1980_0.pdf,cii,1980,table_content,raw/cii/1980/table_content/table-50-1980_0.pdf,ok,470251,a8c4928045ab726a6a9a8988a66406cf06c81b145ce7409b633adce1004474a9,application/pdf,
https://www.ncrb.gov.in/uploads/2022/July/11/custom/crime-in-india/table-51-1980_0.pdf,cii,1980,table_content,raw/cii/1980/table_content/table-51-1980_0.pdf,ok,509268,2b1e199ed0e9dcbd4a9f9aa59ce4dca0defe181f2931627de6603d612b6bce9b,application/pdf,
https://www.ncrb.gov.in/uploads/2022/July/11/custom/crime-in-india/table-52-1980_0.pdf,cii,1980,table_content,raw/cii/1980/table_content/table-52-1980_0.pdf,ok,418146,231d87961e41690f7c95f7f07af6e06b5b5ea8f678a0cbad038ff4004d910c32,application/pdf,
https://www.ncrb.gov.in/uploads/2022/July/11/custom/crime-in-india/table-56-1980_0.pdf,cii,1980,table_content,raw/cii/1980/table_content/table-56-1980_0.pdf,ok,408940,29e3ca6984387f6f5ccbc0b14aadad45c7b4aae42e069657c10684e8752fed68,application/pdf,
https://www.ncrb.gov.in/uploads/2022/July/11/custom/crime-in-india/table-57-1980_0.pdf,cii,1980,table_content,raw/cii/1980/table_content/table-57-1980_0.pdf,ok,68932,392e4d0f2ba506c439b435ae8240d92f74c9193f5db7fac7e790d552644d065a,application/pdf,
https://www.ncrb.gov.in/uploads/2022/July/11/custom/crime-in-india/table-58-1980_0.pdf,cii,1980,table_content,raw/cii/1980/table_content/table-58-1980_0.pdf,ok,216791,cef7411470ca2627200198bc368a8321c97b9cfd2f3a63cd74f11f60ac891862,application/pdf,
https://www.ncrb.gov.in/uploads/2022/July/11/custom/crime-in-india/table-59-1980_0.pdf,cii,1980,table_content,raw/cii/1980/table_content/table-59-1980_0.pdf,ok,200242,b4bd1f14a198b730d491d5ec430dace6fbb9f48139a1d132d505751268cf4bc0,application/pdf,
https://www.ncrb.gov.in/uploads/2022/July/11/custom/crime-in-india/table-6-1980_0.pdf,cii,1980,table_content,raw/cii/1980/table_content/table-6-1980_0.pdf,ok,969161,df1d346ec74c5361002c14bb7d5263bba2b31b95622d02253b0eb78a503b5cb5,application/pdf,
https://www.ncrb.gov.in/uploads/2022/July/11/custom/crime-in-india/table-60-1980_0.pdf,cii,1980,table_content,raw/cii/1980/table_content/table-60-1980_0.pdf,ok,270452,a63b9c321f04fbab2fb82b3986703895edb351f66f6d0d77ac81eb427fd0616a,application/pdf,
https://www.ncrb.gov.in/uploads/2022/July/11/custom/crime-in-india/table-7-1980_0.pdf,cii,1980,table_content,raw/cii/1980/table_content/table-7-1980_0.pdf,ok,2829011,d40673a194fd5a7c3d4bec50456f63b17e35e6d7a4761f285811979815bd28d6,application/pdf,
https://www.ncrb.gov.in/uploads/2022/July/11/custom/crime-in-india/table-7-A-1980_0.pdf,cii,1980,table_content,raw/cii/1980/table_content/table-7-A-1980_0.pdf,ok,838082,ff86ece472e9c11fdf9c78f8a752f451640d4e595ad06dc1cf79ed870499562c,application/pdf,
https://www.ncrb.gov.in/uploads/2022/July/11/custom/crime-in-india/chapter-1-1981.pdf,cii,1981,table_chapter,raw/cii/1981/table_chapter/chapter-1-1981.pdf,ok,4284562,b4ae2cfcf08a354cab0a759895816b0ae06902a5784b06334339b8f97987ef1a,application/pdf,
https://www.ncrb.gov.in/uploads/2022/July/11/custom/crime-in-india/chapter-10-1981.pdf,cii,1981,table_chapter,raw/cii/1981/table_chapter/chapter-10-1981.pdf,ok,217854,146a68ee331feec5187cd31210a39ca08e211927f3f32123622851b275c41c3c,application/pdf,
https://www.ncrb.gov.in/uploads/2022/July/11/custom/crime-in-india/chapter-11-1981.pdf,cii,1981,table_chapter,raw/cii/1981/table_chapter/chapter-11-1981.pdf,ok,305039,7b49768d1096fb4031c14d2f528cf8ca350c11542cd89bb680f9e79ac3b01ca8,application/pdf,
https://www.ncrb.gov.in/uploads/2022/July/11/custom/crime-in-india/chapter-12-1981.pdf,cii,1981,table_chapter,raw/cii/1981/table_chapter/chapter-12-1981.pdf,ok,165558,77ed77730333fd14965fb5ad0a2cb009ab5d8dd0a8a0673ded2abca3203b33c4,application/pdf,
https://www.ncrb.gov.in/uploads/2022/July/11/custom/crime-in-india/chapter-2-1981.pdf,cii,1981,table_chapter,raw/cii/1981/table_chapter/chapter-2-1981.pdf,ok,1594240,958316d98f9865e5db8c6c9d659dabce4eeafd0cbfb1a352dfb5a5e2e7405303,application/pdf,
https://www.ncrb.gov.in/uploads/2022/July/11/custom/crime-in-india/chapter-3-1981.pdf,cii,1981,table_chapter,raw/cii/1981/table_chapter/chapter-3-1981.pdf,ok,1070884,e92e6d54a1883672415cbeaee871547dd8059fa43878a3540b1a6228e671cca9,application/pdf,
https://www.ncrb.gov.in/uploads/2022/July/11/custom/crime-in-india/chapter-4-1981.pdf,cii,1981,table_chapter,raw/cii/1981/table_chapter/chapter-4-1981.pdf,ok,720924,38947ac9bd4d93d9e315bfe9637f70152f421de0440340228a0e766c28865f3c,application/pdf,
https://www.ncrb.gov.in/uploads/2022/July/11/custom/crime-in-india/chapter-5-1981.pdf,cii,1981,table_chapter,raw/cii/1981/table_chapter/chapter-5-1981.pdf,ok,2054178,5c6cddeb5149c61c573ea0ca1c33111ca7f5b2ddd0b5187761746e241865de2d,application/pdf,
https://www.ncrb.gov.in/uploads/2022/July/11/custom/crime-in-india/chapter-6-1981.pdf,cii,1981,table_chapter,raw/cii/1981/table_chapter/chapter-6-1981.pdf,ok,372736,91d4c51f1daaa4fca6a16751e67ecff91238fb3a34f70157d33b36be3f14421d,application/pdf,
https://www.ncrb.gov.in/uploads/2022/July/11/custom/crime-in-india/chapter-7-1981.pdf,cii,1981,table_chapter,raw/cii/1981/table_chapter/chapter-7-1981.pdf,ok,468696,d443d2335326ae5f1caf282333decfc06669deb3e1bfe0ded363b64c7a5e2859,application/pdf,
https://www.ncrb.gov.in/uploads/2022/July/11/custom/crime-in-india/chapter-8-1981.pdf,cii,1981,table_chapter,raw/cii/1981/table_chapter/chapter-8-1981.pdf,ok,192763,61f42257aa90be8d943a7094fe4fd4bb3f869540b3d4e1c75b21c72ed2273b9f,application/pdf,
https://www.ncrb.gov.in/uploads/2022/July/11/custom/crime-in-india/chapter-9-1981.pdf,cii,1981,table_chapter,raw/cii/1981/table_chapter/chapter-9-1981.pdf,ok,179767,5cbcd5497631a343446cbcc1b7bb047ca7467fb09b8c741295190fd4de182ada,application/pdf,
https://www.ncrb.gov.in/uploads/2022/July/11/custom/crime-in-india/chapter-3_0.pdf,cii,1981,table_content,raw/cii/1981/table_content/chapter-3_0.pdf,missing,,,,HTTP 404
https://www.ncrb.gov.in/uploads/2022/July/11/custom/crime-in-india/table-10-1981.pdf,cii,1981,table_content,raw/cii/1981/table_content/table-10-1981.pdf,ok,844684,ba40dea4c26ca2cae1ed7b9e01046c9b475fd3135526d535225341f5b1596c1a,application/pdf,
https://www.ncrb.gov.in/uploads/2022/July/11/custom/crime-in-india/table-18-1981.pdf,cii,1981,table_content,raw/cii/1981/table_content/table-18-1981.pdf,ok,117552,ca6f9e0d7694cbdb86b484568b8a2e31509c63381f98a3a58f8c57fe5d9d6a1f,application/pdf,
https://www.ncrb.gov.in/uploads/2022/July/11/custom/crime-in-india/table-2-1981.pdf,cii,1981,table_content,raw/cii/1981/table_content/table-2-1981.pdf,ok,151954,33920b8e6a99bffe08850b568ace9724474be056cf2f319d99ee2625831436ea,application/pdf,
https://www.ncrb.gov.in/uploads/2022/July/11/custom/crime-in-india/table-22-1981.pdf,cii,1981,table_content,raw/cii/1981/table_content/table-22-1981.pdf,ok,1042978,c7d73b2960032c9b9963185b56567a886ad4c38987c7f4774ccd15e4ea33b7c1,application/pdf,
https://www.ncrb.gov.in/uploads/2022/July/11/custom/crime-in-india/table-23.pdf,cii,1981,table_content,raw/cii/1981/table_content/table-23.pdf,missing,,,,HTTP 404
https://www.ncrb.gov.in/uploads/2022/July/11/custom/crime-in-india/table-24-1981.pdf,cii,1981,table_content,raw/cii/1981/table_content/table-24-1981.pdf,ok,635675,1a7a7e4122e7235df3e468df4b63b2038e4d10accab26a84dd0442fee2a0788a,application/pdf,
https://www.ncrb.gov.in/uploads/2022/July/11/custom/crime-in-india/table-31-32-1981.pdf,cii,1981,table_content,raw/cii/1981/table_content/table-31-32-1981.pdf,ok,203536,cc8bc015e3e4e7d1b22120e774b7a6646d1a8147af14de4e6a5fece928a4175c,application/pdf,
https://www.ncrb.gov.in/uploads/2022/July/11/custom/crime-in-india/table-33-1981.pdf,cii,1981,table_content,raw/cii/1981/table_content/table-33-1981.pdf,ok,406509,8e53cd1a33bfc5ceb43d04b088dc7784a33e137149fcafda57a01c14f4f1aacf,application/pdf,
https://www.ncrb.gov.in/uploads/2022/July/11/custom/crime-in-india/table-34-1981.pdf,cii,1981,table_content,raw/cii/1981/table_content/table-34-1981.pdf,ok,438475,7391eaf9b222308b5bdcd6d6cf6d92a8b60a9cc51899405d387ebb0ee5c766d3,application/pdf,
https://www.ncrb.gov.in/uploads/2022/July/11/custom/crime-in-india/table-35-1981.pdf,cii,1981,table_content,raw/cii/1981/table_content/table-35-1981.pdf,ok,261879,77c2786e3a5589eacafd9202a9f2c1d4a6f28fb1a8e65bed2307db88b72ae6b8,application/pdf,
https://www.ncrb.gov.in/uploads/2022/July/11/custom/crime-in-india/table-38-1981.pdf,cii,1981,table_content,raw/cii/1981/table_content/table-38-1981.pdf,ok,412226,0c1929e492c04bc9a8d832df03918d19979fb0cd8e17999beb55097e7d0a9fd2,application/pdf,
https://www.ncrb.gov.in/uploads/2022/July/11/custom/crime-in-india/table-39-1981.pdf,cii,1981,table_content,raw/cii/1981/table_content/table-39-1981.pdf,ok,392664,9823830bd7e2b945a200513968a05f71bcb9236746f02f9b8f676c341339abea,application/pdf,
https://www.ncrb.gov.in/uploads/2022/July/11/custom/crime-in-india/table-4-1981.pdf,cii,1981,table_content,raw/cii/1981/table_content/table-4-1981.pdf,ok,321880,e4e22a090d884c9820896891deed509c129517b3ef19635268f0604db83c0a35,application/pdf,
https://www.ncrb.gov.in/uploads/2022/July/11/custom/crime-in-india/table-40-1981.pdf,cii,1981,table_content,raw/cii/1981/table_content/table-40-1981.pdf,ok,206445,7c52b7e7b6018185b04679d1fa0138e60c7ff5ba4dbaefc1103e1f2608096983,application/pdf,
https://www.ncrb.gov.in/uploads/2022/July/11/custom/crime-in-india/table-41-1981.pdf,cii,1981,table_content,raw/cii/1981/table_content/table-41-1981.pdf,ok,199014,c2683b58fe94c58cd74bf88470cf7e7dc5b61f4c07d2932a8d4cda6655626e5a,application/pdf,
https://www.ncrb.gov.in/uploads/2022/July/11/custom/crime-in-india/table-42-1981.pdf,cii,1981,table_content,raw/cii/1981/table_content/table-42-1981.pdf,ok,228044,c30d2d1027182b4506a27df8c52907de1a75b38e7c00a49773614e314885dee1,application/pdf,
https://www.ncrb.gov.in/uploads/2022/July/11/custom/crime-in-india/table-43-1981.pdf,cii,1981,table_content,raw/cii/1981/table_content/table-43-1981.pdf,ok,221987,8b032711015650e8438d9b90478ce8d37ed5dc2261118b730acc118794b218b8,application/pdf,
https://www.ncrb.gov.in/uploads/2022/July/11/custom/crime-in-india/table-44-1981.pdf,cii,1981,table_content,raw/cii/1981/table_content/table-44-1981.pdf,ok,276900,8735726ece0d1ee9a833dee27db3cd983401dbefc416d8443ece705c2701aaa3,application/pdf,
https://www.ncrb.gov.in/uploads/2022/July/11/custom/crime-in-india/table-45-1981.pdf,cii,1981,table_content,raw/cii/1981/table_content/table-45-1981.pdf,ok,644671,7794774706cbfd2195f2a852a56fa24204589dbcd8ef51b937951ba32a3a21c0,application/pdf,
https://www.ncrb.gov.in/uploads/2022/July/11/custom/crime-in-india/table-47-1981.pdf,cii,1981,table_content,raw/cii/1981/table_content/table-47-1981.pdf,ok,153492,192687c6aa7d6cf87d98e9dad76471854585c387ad9c38c949046317721666a0,application/pdf,
https://www.ncrb.gov.in/uploads/2022/July/11/custom/crime-in-india/table-48-and-49-1981.pdf,cii,1981,table_content,raw/cii/1981/table_content/table-48-and-49-1981.pdf,ok,117521,c1da53c12a3c7116411eca31720a7c46398456310d5d03a42813dbfe9328b5c6,application/pdf,
https://www.ncrb.gov.in/uploads/2022/July/11/custom/crime-in-india/table-51_0.pdf,cii,1981,table_content,raw/cii/1981/table_content/table-51_0.pdf,missing,,,,HTTP 404
https://www.ncrb.gov.in/uploads/2022/July/11/custom/crime-in-india/table-56-1981.pdf,cii,1981,table_content,raw/cii/1981/table_content/table-56-1981.pdf,ok,254951,37558534c4b8a8522edb1c9daa4b05ec4ded025208d9ecd09fa0cae8ad47eccd,application/pdf,
https://www.ncrb.gov.in/uploads/2022/July/11/custom/crime-in-india/table-57-1981.pdf,cii,1981,table_content,raw/cii/1981/table_content/table-57-1981.pdf,ok,55483,c70c462c5ff065ef060fc620efd7b188d405c8ee99875aee2ec0f0dbcb52ae3d,application/pdf,
https://www.ncrb.gov.in/uploads/2022/July/11/custom/crime-in-india/table-58-1981.pdf,cii,1981,table_content,raw/cii/1981/table_content/table-58-1981.pdf,ok,148940,05c6c5b69e2e5df28ddf9359d42df96f06c401095fdb3b2b117eaa7261448d7a,application/pdf,
https://www.ncrb.gov.in/uploads/2022/July/11/custom/crime-in-india/table-59-1981.pdf,cii,1981,table_content,raw/cii/1981/table_content/table-59-1981.pdf,ok,150164,6df62e945a9515ae5d1758e3d6f69659c3625147e68310cdedf5efe4441da649,application/pdf,
https://www.ncrb.gov.in/uploads/2022/July/11/custom/crime-in-india/table-6-1981.pdf,cii,1981,table_content,raw/cii/1981/table_content/table-6-1981.pdf,missing,,,,HTTP 404
https://www.ncrb.gov.in/uploads/2022/July/11/custom/crime-in-india/table-60-1981.pdf,cii,1981,table_content,raw/cii/1981/table_content/table-60-1981.pdf,ok,170851,61d509cf51fec5243812d88611ded3f8978c2c0cf7d3823b10572a6b2dd826e1,application/pdf,
https://www.ncrb.gov.in/uploads/2022/July/11/custom/crime-in-india/table-7-and-7(A)-1981.pdf,cii,1981,table_content,raw/cii/1981/table_content/table-7-and-7(A)-1981.pdf,ok,2302916,c5c51fb8abddbc6aa108ddd50ea829f16d04c719d3dd1aa7d0ca317b1d3dea61,application/pdf,
https://www.ncrb.gov.in/uploads/2022/July/11/custom/crime-in-india/table-37-1982.pdf,cii,1982,table_content,raw/cii/1982/table_content/table-37-1982.pdf,ok,96768,c3d719d7d65133a266d1a9cb04635cad8a5388aa3eb2de522737062a1322f0eb,application/pdf,
https://www.ncrb.gov.in/uploads/2022/July/11/custom/crime-in-india/table-38-1982.pdf,cii,1982,table_content,raw/cii/1982/table_content/table-38-1982.pdf,ok,276195,6e24b79c290f7e7f4644e51c7fe3fca5645da8ccd1940070fe9d259837b904e8,application/pdf,
https://www.ncrb.gov.in/uploads/2022/July/11/custom/crime-in-india/table-39-1982.pdf,cii,1982,table_content,raw/cii/1982/table_content/table-39-1982.pdf,ok,279351,2cc93bf287d86bda849d10796acc463eb955cfe5393db90245b3a669967a9641,application/pdf,
https://www.ncrb.gov.in/uploads/2022/July/11/custom/crime-in-india/table-40-1982.pdf,cii,1982,table_content,raw/cii/1982/table_content/table-40-1982.pdf,ok,131878,abdc022ba291cd3f0054f01528cb0854a1a0f5ede75691f394d8b3eb86778050,application/pdf,
https://www.ncrb.gov.in/uploads/2022/July/11/custom/crime-in-india/table-41-1982.pdf,cii,1982,table_content,raw/cii/1982/table_content/table-41-1982.pdf,ok,131586,742cbe436e6f363255d6fce5140a7fbbc5aaec8c51df69e440800db47f0bfc8c,application/pdf,
https://www.ncrb.gov.in/uploads/2022/July/11/custom/crime-in-india/table-42-1982.pdf,cii,1982,table_content,raw/cii/1982/table_content/table-42-1982.pdf,ok,154874,614efeddbfab6f16af42e9367a59e3310b57590fca84a312bf2431b2fc8999e9,application/pdf,
https://www.ncrb.gov.in/uploads/2022/July/11/custom/crime-in-india/table-43-1982.pdf,cii,1982,table_content,raw/cii/1982/table_content/table-43-1982.pdf,ok,144989,e05dd745d5a67ddaea977cf118363c27b1ca6051998d5bf541808fd3fa16d5ec,application/pdf,
https://www.ncrb.gov.in/uploads/2022/July/11/custom/crime-in-india/table-44-1982.pdf,cii,1982,table_content,raw/cii/1982/table_content/table-44-1982.pdf,ok,263975,9234d83ebc79f5f2b2f2e602842d64b6448088746a1d72bd276d5fd4a7741a6f,application/pdf,
https://www.ncrb.gov.in/uploads/2022/July/11/custom/crime-in-india/table-45-1982.pdf,cii,1982,table_content,raw/cii/1982/table_content/table-45-1982.pdf,ok,624507,50f732815a0d2c921414c632b08413cbe74c368f5521aa8d2c30fd7dfb630f44,application/pdf,
https://www.ncrb.gov.in/uploads/2022/July/11/custom/crime-in-india/table-47-1982.pdf,cii,1982,table_content,raw/cii/1982/table_content/table-47-1982.pdf,ok,153983,35b907229e7df16ab67095af9e88316674ad4f46b9e08d70f6c14bff98ad0cb4,application/pdf,
https://www.ncrb.gov.in/uploads/2022/July/11/custom/crime-in-india/table-48-and-49-1982.pdf,cii,1982,table_content,raw/cii/1982/table_content/table-48-and-49-1982.pdf,ok,116948,772d17b340dc5b744ea805815adf2b716f234115d8b0f535d3cef99df548f653,application/pdf,
https://www.ncrb.gov.in/uploads/2022/July/11/custom/crime-in-india/table-50-1982.pdf,cii,1982,table_content,raw/cii/1982/table_content/table-50-1982.pdf,ok,402250,ebc61121f3a806e18910e93e32dab87931ce0c54b6d508921320c039ccee3a67,application/pdf,
https://www.ncrb.gov.in/uploads/2022/July/11/custom/crime-in-india/table-51-1982.pdf,cii,1982,table_content,raw/cii/1982/table_content/table-51-1982.pdf,ok,417932,57dd966846dc03b15d240b28a0c00b43b014b8ccc2b3ec3f63bef0293a1def83,application/pdf,
https://www.ncrb.gov.in/uploads/2022/July/11/custom/crime-in-india/table-52-1982.pdf,cii,1982,table_content,raw/cii/1982/table_content/table-52-1982.pdf,ok,394711,760c60803c74610ff3cfdf3548ea32031df8a3ab4d9824be437748057b6b1752,application/pdf,
