section,sl_no,State/UT,No. of cases (3),Air-Crash | No. of persons injured | Male,Air-Crash | No. of persons injured | Female,Air-Crash | No. of persons injured | Total,Air-Crash | No. of persons died | Male,Air-Crash | No. of persons died | Female,Air-Crash | No. of persons died | Total,%share to total deaths (Col. 9/268) 100,No. of cases (10001),Collapse of structure (House) | No. of persons injured | Male,Collapse of structure (House) | No. of persons injured | Female,Collapse of structure (House) | No. of persons injured | Total,Collapse of structure (House) | No. of persons died | Male,Collapse of structure (House) | No. of persons died | Female,Collapse of structure (House) | No. of persons died | Total,%share to total deaths (Col.16/268) 100,No. of cases (10002),Collapse of structure (Building) | No. of persons injured | Male,Collapse of structure (Building) | No. of persons injured | Female,Collapse of structure (Building) | No. of persons injured | Total,Collapse of structure (Building) | No. of persons died | Male,Collapse of structure (Building) | No. of persons died | Female,Collapse of structure (Building) | No. of persons died | Total,%share to total deaths (Col.23/268)100,No. of cases (10003),Collapse of structure (Dam) | No. of persons injured | Male,Collapse of structure (Dam) | No. of persons injured | Female,Collapse of structure (Dam) | No. of persons injured | Total,Collapse of structure (Dam) | No. of persons died | Male,Collapse of structure (Dam) | No. of persons died | Female,Collapse of structure (Dam) | No. of persons died | Total,%share to total deaths (Col.30/268)100,No. of cases (10004),Collapse of structure (Bridge) | No. of persons injured | Male,Collapse of structure (Bridge) | No. of persons injured | Female,Collapse of structure (Bridge) | No. of persons injured | Total,Collapse of structure (Bridge) | No. of persons died | Male,Collapse of structure (Bridge) | No. of persons died | Female,Collapse of structure (Bridge) | No. of persons died | Total,%share to total deaths (Col.37/268)100,No. of cases (10005),Collapse of structure (Other) | No. of persons injured | Male,Collapse of structure (Other) | No. of persons injured | Female,Collapse of structure (Other) | No. of persons injured | Total,Collapse of structure (Other) | No. of persons died | Male,Collapse of structure (Other) | No. of persons died | Female,Collapse of structure (Other) | No. of persons died | Total,%share to total deaths (Col.44/268) 100,No. of cases (10006),Collapse of structure (Total) | No. of persons injured | Male,Collapse of structure (Total) | No. of persons injured | Female,Collapse of structure (Total) | No. of persons injured | Total,Collapse of structure (Total) | No. of persons died | Male,Collapse of structure (Total) | No. of persons died | Female,Collapse of structure (Total) | No. of persons died | Total,%share to total deaths (10013),No. of cases (10014),Drowning (Boat capsize) | No. of persons injured | Male,Drowning (Boat capsize) | No. of persons injured | Female,Drowning (Boat capsize) | No. of persons injured | Total,Drowning (Boat capsize) | No. of persons died | Male,Drowning (Boat capsize) | No. of persons died | Female,Drowning (Boat capsize) | No. of persons died | Total,%share to total deaths (Col.51/268)100,No. of cases (10015),Drowning (Other cases) | No. of persons injured | Male,Drowning (Other cases) | No. of persons injured | Female,Drowning (Other cases) | No. of persons injured | Total,Drowning (Other cases) | No. of persons died | Male,Drowning (Other cases) | No. of persons died | Female,Drowning (Other cases) | No. of persons died | Total,%share to total deaths (Col.58/268)100,No. of cases (10016),Drowning (Total) | No. of persons injured | Male,Drowning (Total) | No. of persons injured | Female,Drowning (Total) | No. of persons injured | Total,Drowning (Total) | No. of persons died | Male,Drowning (Total) | No. of persons died | Female,Drowning (Total) | No. of persons died | Total,%share to total deaths (10023),No. of cases (10024),Electrocution | No. of persons injured | Male,Electrocution | No. of persons injured | Female,Electrocution | No. of persons injured | Total,Electrocution | No. of persons died | Male,Electrocution | No. of persons died | Female,Electrocution | No. of persons died | Total,%share to total deaths (Col.65/268) 100,No. of cases (10025),Explosion (Bomb explosion) | No. of persons injured | Male,Explosion (Bomb explosion) | No. of persons injured | Female,Explosion (Bomb explosion) | No. of persons injured | Total,Explosion (Bomb explosion) | No. of persons died | Male,Explosion (Bomb explosion) | No. of persons died | Female,Explosion (Bomb explosion) | No. of persons died | Total,%share to total deaths (Col.72/268) 100,No. of cases (10026),"Explosion (Others like boilers, gas cyld. etc.) | No. of persons injured | Male","Explosion (Others like boilers, gas cyld. etc.) | No. of persons injured | Female","Explosion (Others like boilers, gas cyld. etc.) | No. of persons injured | Total","Explosion (Others like boilers, gas cyld. etc.) | No. of persons died | Male","Explosion (Others like boilers, gas cyld. etc.) | No. of persons died | Female","Explosion (Others like boilers, gas cyld. etc.) | No. of persons died | Total",%share to total deaths (Col.79/268) 100,No. of Cases (10027),Explosion (Total) | No. of persons injured | Male,Explosion (Total) | No. of persons injured | Female,Explosion (Total) | No. of persons injured | Total,Explosion (Total) | No. of persons died | Male,Explosion (Total) | No. of persons died | Female,Explosion (Total) | No. of persons died | Total,%Share to Total Deaths,No. of Cases (10035),Fall (from height) | No. of persons injured | Male,Fall (from height) | No. of persons injured | Female,Fall (from height) | No. of persons injured | Total,Fall (from height) | No. of persons died | Male,Fall (from height) | No. of persons died | Female,Fall (from height) | No. of persons died | Total,%share to total deaths (Col.86/268) 100,No. of Cases (10036),Fall (into pit/manhole etc.) | No. of persons injured | Male,Fall (into pit/manhole etc.) | No. of persons injured | Female,Fall (into pit/manhole etc.) | No. of persons injured | Total,Fall (into pit/manhole etc.) | No. of persons died | Male,Fall (into pit/manhole etc.) | No. of persons died | Female,Fall (into pit/manhole etc.) | No. of persons died | Total,%share to total deaths (Col.93/268) 100,No. of cases (10037),Falls (Total) | No. of persons injured | Male,Falls (Total) | No. of persons injured | Female,Falls (Total) | No. of persons injured | Total,Falls (Total) | No. of persons died | Male,Falls (Total) | No. of persons died | Female,Falls (Total) | No. of persons died | Total,%Share to total deaths,No. of cases (10045),Factory/Machine Accidents | No. of persons injured | Male,Factory/Machine Accidents | No. of persons injured | Female,Factory/Machine Accidents | No. of persons injured | Total,Factory/Machine Accidents | No. of persons died | Male,Factory/Machine Accidents | No. of persons died | Female,Factory/Machine Accidents | No. of persons died | Total,%share to total deaths (Col.100/268) 100,No. of cases (10046),Fire (Fireworks/Crackers) | No. of persons injured | Male,Fire (Fireworks/Crackers) | No. of persons injured | Female,Fire (Fireworks/Crackers) | No. of persons injured | Total,Fire (Fireworks/Crackers) | No. of persons died | Male,Fire (Fireworks/Crackers) | No. of persons died | Female,Fire (Fireworks/Crackers) | No. of persons died | Total,%share to total deaths (Col.107/268) 100,No. of cases (10047),Fire (Short-circuit) | No. of persons injured | Male,Fire (Short-circuit) | No. of persons injured | Female,Fire (Short-circuit) | No. of persons injured | Total,Fire (Short-circuit) | No. of persons died | Male,Fire (Short-circuit) | No. of persons died | Female,Fire (Short-circuit) | No. of persons died | Total,%share to total deaths (Col.114/268) 100,No. of cases (10048),Fire (Cooking gas cylinder/Stove burst) | No. of persons injured | Male,Fire (Cooking gas cylinder/Stove burst) | No. of persons injured | Female,Fire (Cooking gas cylinder/Stove burst) | No. of persons injured | Total,Fire (Cooking gas cylinder/Stove burst) | No. of persons died | Male,Fire (Cooking gas cylinder/Stove burst) | No. of persons died | Female,Fire (Cooking gas cylinder/Stove burst) | No. of persons died | Total,%share to total deaths (Col.121/268)100,No. of cases (10049),Other fire accidents | No. of persons injured | Male,Other fire accidents | No. of persons injured | Female,Other fire accidents | No. of persons injured | Total,Other fire accidents | No. of persons died | Male,Other fire accidents | No. of persons died | Female,Other fire accidents | No. of persons died | Total,%share to total deaths (Col.128/268) 100,No. of cases (10050),Fire (Total) | No. of persons injured | Male,Fire (Total) | No. of persons injured | Female,Fire (Total) | No. of persons injured | Total,Fire (Total) | No. of persons died | Male,Fire (Total) | No. of persons died | Female,Fire (Total) | No. of persons died | Total,%share to total deaths (10057),No. of cases (10058),Fire-arms | No. of persons injured | Male,Fire-arms | No. of persons injured | Female,Fire-arms | No. of persons injured | Total,Fire-arms | No. of persons died | Male,Fire-arms | No. of persons died | Female,Fire-arms | No. of persons died | Total,%share to total deaths (Col.135/268)100,No. of cases (10059),Sudden death (Heart attacks) | No. of persons injured | Male,Sudden death (Heart attacks) | No. of persons injured | Female,Sudden death (Heart attacks) | No. of persons injured | Total,Sudden death (Heart attacks) | No. of persons died | Male,Sudden death (Heart attacks) | No. of persons died | Female,Sudden death (Heart attacks) | No. of persons died | Total,%share to total deaths (Col.142/268)100,No. of cases (10060),Sudden death (Epileptic fits/giddiness) | No. of persons injured | Male,Sudden death (Epileptic fits/giddiness) | No. of persons injured | Female,Sudden death (Epileptic fits/giddiness) | No. of persons injured | Total,Sudden death (Epileptic fits/giddiness) | No. of persons died | Male,Sudden death (Epileptic fits/giddiness) | No. of persons died | Female,Sudden death (Epileptic fits/giddiness) | No. of persons died | Total,%share to total deaths (Col.149/268)100,No. of cases (10061),Sudden death (Abortion/Child birth) | No. of persons injured | Male,Sudden death (Abortion/Child birth) | No. of persons injured | Female,Sudden death (Abortion/Child birth) | No. of persons injured | Total,Sudden death (Abortion/Child birth) | No. of persons died | Male,Sudden death (Abortion/Child birth) | No. of persons died | Female,Sudden death (Abortion/Child birth) | No. of persons died | Total,%share to total deaths (Col.156/268)100,No. of cases (10062),Sudden death (Influence of alcohol) | No. of persons injured | Male,Sudden death (Influence of alcohol) | No. of persons injured | Female,Sudden death (Influence of alcohol) | No. of persons injured | Total,Sudden death (Influence of alcohol) | No. of persons died | Male,Sudden death (Influence of alcohol) | No. of persons died | Female,Sudden death (Influence of alcohol) | No. of persons died | Total,%share to total deaths (Col.163/268)100,No. of cases (10063),Sudden deaths (Total) | No. of persons injured | Male,Sudden deaths (Total) | No. of persons injured | Female,Sudden deaths (Total) | No. of persons injured | Total,Sudden deaths (Total) | No. of persons died | Male,Sudden deaths (Total) | No. of persons died | Female,Sudden deaths (Total) | No. of persons died | Total,%share to total deaths (10070),No. of cases (10071),Killed by animals | No. of persons injured | Male,Killed by animals | No. of persons injured | Female,Killed by animals | No. of persons injured | Total,Killed by animals | No. of Persons Killed | Male,Killed by animals | No. of Persons Killed | Female,Killed by animals | No. of Persons Killed | Total,%share to total deaths (Col.170/268)100,No. of cases (10072),Mines or Quarry disaster | No. of persons injured | Male,Mines or Quarry disaster | No. of persons injured | Female,Mines or Quarry disaster | No. of persons injured | Total,Mines or Quarry disaster | No. of persons died | Male,Mines or Quarry disaster | No. of persons died | Female,Mines or Quarry disaster | No. of persons died | Total,%share to total deaths (Col.177/268)100,No. of cases (10073),Poisoning (Food/Accidental intake of insect. etc.) | No. of persons injured | Male,Poisoning (Food/Accidental intake of insect. etc.) | No. of persons injured | Female,Poisoning (Food/Accidental intake of insect. etc.) | No. of persons injured | Total,Poisoning (Food/Accidental intake of insect. etc.) | No. of persons died | Male,Poisoning (Food/Accidental intake of insect. etc.) | No. of persons died | Female,Poisoning (Food/Accidental intake of insect. etc.) | No. of persons died | Total,%share to total deaths (Col.184/268)100,No. of cases (10074),Poisoning (Spurious/Poisonous liquor) | No. of persons injured | Male,Poisoning (Spurious/Poisonous liquor) | No. of persons injured | Female,Poisoning (Spurious/Poisonous liquor) | No. of persons injured | Total,Poisoning (Spurious/Poisonous liquor) | No. of persons died | Male,Poisoning (Spurious/Poisonous liquor) | No. of persons died | Female,Poisoning (Spurious/Poisonous liquor) | No. of persons died | Total,%share to total deaths (Col.191/268)100,No. of cases (10075),"Poisoning (Leakage of gases, etc.) | No. of persons injured | Male","Poisoning (Leakage of gases, etc.) | No. of persons injured | Female","Poisoning (Leakage of gases, etc.) | No. of persons injured | Total","Poisoning (Leakage of gases, etc.) | No. of persons died | Male","Poisoning (Leakage of gases, etc.) | No. of persons died | Female","Poisoning (Leakage of gases, etc.) | No. of persons died | Total",%share to total deaths (Col.198/268) 100,No. of cases (10076),Poisoning (Snake bite/Animal bite) | No. of persons injured | Male,Poisoning (Snake bite/Animal bite) | No. of persons injured | Female,Poisoning (Snake bite/Animal bite) | No. of persons injured | Total,Poisoning (Snake bite/Animal bite) | No. of persons died | Male,Poisoning (Snake bite/Animal bite) | No. of persons died | Female,Poisoning (Snake bite/Animal bite) | No. of persons died | Total,%share to total deaths (Col.205/268) 100,No. of cases (10077),Poisoning (Other) | No. of persons injured | Male,Poisoning (Other) | No. of persons injured | Female,Poisoning (Other) | No. of persons injured | Total,Poisoning (Other) | No. of persons died | Male,Poisoning (Other) | No. of persons died | Female,Poisoning (Other) | No. of persons died | Total,%share to total deaths (Col.212/268)100,No. of cases (10078),Poisoning (Total) | No. of persons injured | Male (10079),Poisoning (Total) | No. of persons injured | Female (10080),Poisoning (Total) | No. of persons injured | Total (10081),Poisoning (Total) | No. of persons died | Male (10082),Poisoning (Total) | No. of persons died | Female (10083),Poisoning (Total) | No. of persons died | Total (10084),% share total deaths,No. of cases (10086),Poisoning (Total) | No. of persons injured | Male (10087),Poisoning (Total) | No. of persons injured | Female (10088),Poisoning (Total) | No. of persons injured | Total (10089),Poisoning (Total) | No. of persons died | Male (10090),Poisoning (Total) | No. of persons died | Female (10091),Poisoning (Total) | No. of persons died | Total (10092),% share to total deaths (10093),No. of cases (10094),Stampede | No. of persons injured | Male,Stampede | No. of persons injured | Female,Stampede | No. of persons injured | Total,Stampede | No. of persons died | Male,Stampede | No. of persons died | Female,Stampede | No. of persons died | Total,%share to total deaths (Col.219/268)100,No. of cases (10095),Suffocation | No. of persons injured | Male,Suffocation | No. of persons injured | Female,Suffocation | No. of persons injured | Total,Suffocation | No. of persons died | Male,Suffocation | No. of persons died | Female,Suffocation | No. of persons died | Total,%share to total deaths (Col.226/268)100,No. of cases (10096),Traffic accidents (Road accidents) | No. of persons injured | Male,Traffic accidents (Road accidents) | No. of persons injured | Female,Traffic accidents (Road accidents) | No. of persons injured | Total,Traffic accidents (Road accidents) | No. of persons died | Male,Traffic accidents (Road accidents) | No. of persons died | Female,Traffic accidents (Road accidents) | No. of persons died | Total,%share to total deaths (Col.233/268)100,No. of cases (10097),Traffic accidents (Rail-Road accidents) | No. of persons injured | Male,Traffic accidents (Rail-Road accidents) | No. of persons injured | Female,Traffic accidents (Rail-Road accidents) | No. of persons injured | Total,Traffic accidents (Rail-Road accidents) | No. of persons died | Male,Traffic accidents (Rail-Road accidents) | No. of persons died | Female,Traffic accidents (Rail-Road accidents) | No. of persons died | Total,%share to total deaths (Col.240/268)100,No. of cases (10098),Traffic accidents (Other railway accidents) | No. of persons injured | Male,Traffic accidents (Other railway accidents) | No. of persons injured | Female,Traffic accidents (Other railway accidents) | No. of persons injured | Total,Traffic accidents (Other railway accidents) | No. of persons died | Male,Traffic accidents (Other railway accidents) | No. of persons died | Female,Traffic accidents (Other railway accidents) | No. of persons died | Total,%share to total deaths (Col.247/268)100,No. of Cases (10099),Traffic accidents (Total) | No. of persons injured | Male (10100),Traffic accidents (Total) | No. of persons injured | Female (10101),Traffic accidents (Total) | No. of persons injured | Total (10102),Traffic accidents (Total) | No. of persons died | Male (10103),Traffic accidents (Total) | No. of persons died | Female (10104),Traffic accidents (Total) | No. of persons died | Total (10105),% Share to Total Deaths,No. of cases (10107),Traffic accidents (Total) | No. of persons injured | Male (10108),Traffic accidents (Total) | No. of persons injured | Female (10109),Traffic accidents (Total) | No. of persons injured | Total (10110),Traffic accidents (Total) | No. of persons died | Male (10111),Traffic accidents (Total) | No. of persons died | Female (10112),Traffic accidents (Total) | No. of persons died | Total (10113),% share to total deaths (10114),No. of cases (10115),Other causes | No. of persons injured | Male,Other causes | No. of persons injured | Female,Other causes | No. of persons injured | Total,Other causes | No. of persons died | Male,Other causes | No. of persons died | Female,Other causes | No. of persons died | Total,%share to total deaths (Col.254/268)100,No. of cases (10116),Causes not known | No. of persons injured | Male,Causes not known | No. of persons injured | Female,Causes not known | No. of persons injured | Total,Causes not known | No. of persons died | Male,Causes not known | No. of persons died | Female,Causes not known | No. of persons died | Total,%share to total deaths (Col.261/268)100,No. of cases (10117),Total | No. of persons injured | Male,Total | No. of persons injured | Female,Total | No. of persons injured | Total,Total | No. of persons killed/died | Male,Total | No. of persons killed/died | Female,Total | No. of persons killed/died | Total,%age share,Rate *
STATES:,1,ANDHRA PRADESH,1,0,0,0,2,0,2,0.0,77,0,0,0,58,21,79,0.3,62,19,2,21,59,19,78,0.3,2,0,0,0,1,1,2,0.0,5,0,0,0,4,1,5,0.0,157,1,0,1,128,42,170,0.6,303,20,2,22,250,84,334,1.1,8,0,0,0,7,2,9,0.0,2609,18,2,20,2214,568,2782,9.2,2617,18,2,20,2221,570,2791,9.3,993,13,2,15,855,153,1008,3.3,1,43,19,62,5,0,5,0.0,39,1,0,1,25,18,43,0.1,40,44,19,63,30,18,48,0.2,1320,35,6,41,1118,200,1318,4.4,145,8,2,10,110,28,138,0.5,1465,43,8,51,1228,228,1456,4.8,54,2,0,2,45,11,56,0.2,32,2,4,6,16,11,27,0.1,364,6,0,6,334,60,394,1.3,401,5,4,9,93,318,411,1.4,933,11,6,17,313,625,938,3.1,1730,24,14,38,756,1014,1770,5.9,15,0,0,0,4,11,15,0.0,334,0,0,0,305,30,335,1.1,245,0,0,0,203,45,248,0.8,14,0,0,0,0,14,14,0.0,264,0,0,0,260,5,265,0.9,857,0,0,0,768,94,862,2.9,38,0,0,0,28,10,38,0.1,15,3,1,4,12,1,13,0.0,186,0,0,0,146,47,193,0.6,82,0,0,0,64,20,84,0.3,7,0,0,0,3,4,7,0.0,674,0,0,0,446,228,674,2.2,1465,4,1,5,1100,367,1467,4.9,2414,4,1,5,1759,666,2425,8.1,,,,,,,,,141,0,0,0,106,35,141,0.5,51,0,0,0,32,19,51,0.2,43048,43257,9265,52522,12343,2304,14647,48.7,2,0,0,0,2,0,2,0.0,2742,572,84,656,2405,354,2759,9.2,45792,43829,9349,53178,14750,2658,17408,57.8,,,,,,,,,1264,1,3,4,1035,242,1277,4.2,400,4,0,4,339,59,398,1.3,58190,44005,9401,53406,24220,5873,30093,8.0,34.8
STATES:,2,ARUNACHAL PRADESH,0,0,0,0,0,0,0,0.0,0,0,0,0,0,0,0,0.0,0,0,0,0,0,0,0,0.0,0,0,0,0,0,0,0,0.0,3,0,0,0,4,1,5,1.5,5,0,0,0,5,0,5,1.5,8,0,0,0,9,1,10,3.0,0,0,0,0,0,0,0,0.0,46,0,0,0,38,8,46,13.9,46,0,0,0,38,8,46,13.9,3,0,0,0,3,0,3,0.9,0,0,0,0,0,0,0,0.0,1,0,0,0,1,0,1,0.3,1,0,0,0,1,0,1,0.3,24,0,0,0,23,1,24,7.2,0,0,0,0,0,0,0,0.0,24,0,0,0,23,1,24,7.2,0,0,0,0,0,0,0,0.0,0,0,0,0,0,0,0,0.0,1,0,0,0,1,0,1,0.3,0,0,0,0,0,0,0,0.0,6,0,0,0,3,7,10,3.0,7,0,0,0,4,7,11,3.3,3,0,0,0,3,0,3,0.9,16,0,0,0,14,2,16,4.8,0,0,0,0,0,0,0,0.0,0,0,0,0,0,0,0,0.0,1,0,0,0,1,0,1,0.3,17,0,0,0,15,2,17,5.1,7,0,0,0,10,4,14,4.2,0,0,0,0,0,0,0,0.0,1,0,0,0,0,1,1,0.3,0,0,0,0,0,0,0,0.0,0,0,0,0,0,0,0,0.0,0,0,0,0,0,0,0,0.0,24,0,0,0,20,4,24,7.2,25,0,0,0,20,5,25,7.5,,,,,,,,,0,0,0,0,0,0,0,0.0,0,0,0,0,0,0,0,0.0,308,227,63,290,130,25,155,46.7,0,0,0,0,0,0,0,0.0,0,0,0,0,0,0,0,0.0,308,227,63,290,130,25,155,46.7,,,,,,,,,2,0,0,0,2,0,2,0.6,23,0,0,0,19,2,21,6.3,474,227,63,290,277,55,332,0.1,26.1
STATES:,3,ASSAM,0,0,0,0,0,0,0,0.0,0,0,0,0,0,0,0,0.0,7,0,0,0,7,0,7,0.1,0,0,0,0,0,0,0,0.0,9,0,0,0,9,3,12,0.2,5,0,0,0,3,2,5,0.1,21,0,0,0,19,5,24,0.5,21,0,0,0,14,10,24,0.5,428,0,0,0,347,96,443,9.1,449,0,0,0,361,106,467,9.6,56,0,0,0,48,10,58,1.2,3,0,0,0,3,2,5,0.1,0,0,0,0,0,0,0,0.0,3,0,0,0,3,2,5,0.1,24,0,0,0,23,1,24,0.5,3,0,0,0,3,0,3,0.1,27,0,0,0,26,1,27,0.6,5,0,0,0,5,0,5,0.1,0,0,0,0,0,0,0,0.0,17,0,0,0,12,5,17,0.4,14,0,0,0,2,12,14,0.3,105,0,0,0,25,88,113,2.3,136,0,0,0,39,105,144,3.0,14,0,0,0,12,2,14,0.3,54,0,0,0,50,4,54,1.1,0,0,0,0,0,0,0,0.0,0,0,0,0,0,0,0,0.0,5,1,0,1,5,0,5,0.1,59,1,0,1,55,4,59,1.2,90,0,0,0,71,19,90,1.9,0,0,0,0,0,0,0,0.0,0,0,0,0,0,0,0,0.0,0,0,0,0,0,0,0,0.0,0,0,0,0,0,0,0,0.0,4,0,0,0,4,0,4,0.1,196,0,0,0,111,85,196,4.0,200,0,0,0,115,85,200,4.1,,,,,,,,,0,0,0,0,0,0,0,0.0,0,0,0,0,0,0,0,0.0,7211,5660,949,6609,2124,317,2441,50.4,14,0,0,0,13,2,15,0.3,450,0,0,0,372,78,450,9.3,7675,5660,949,6609,2509,397,2906,60.0,,,,,,,,,102,0,0,0,73,29,102,2.1,743,0,0,0,590,153,743,15.3,9580,5661,949,6610,3926,918,4844,1.3,15.4
STATES:,4,BIHAR,0,0,0,0,0,0,0,0.0,76,30,14,44,31,15,46,0.5,7,0,1,1,6,4,10,0.1,3,0,0,0,2,1,3,0.0,3,0,0,0,3,0,3,0.0,112,28,16,44,48,23,71,0.7,201,58,31,89,90,43,133,1.3,100,36,24,60,54,33,87,0.9,617,42,21,63,466,133,599,5.9,717,78,45,123,520,166,686,6.8,224,11,3,14,187,37,224,2.2,12,2,0,2,8,2,10,0.1,30,3,12,15,5,11,16,0.2,42,5,12,17,13,13,26,0.3,104,13,8,21,71,19,90,0.9,21,1,0,1,21,1,22,0.2,125,14,8,22,92,20,112,1.1,17,2,1,3,11,3,14,0.1,15,3,2,5,3,4,7,0.1,17,3,0,3,10,6,16,0.2,77,2,11,13,15,66,81,0.8,312,23,18,41,101,205,306,3.0,421,31,31,62,129,281,410,4.0,64,27,4,31,43,4,47,0.5,121,6,5,11,98,12,110,1.1,62,8,4,12,42,8,50,0.5,39,0,0,0,0,39,39,0.4,164,11,4,15,148,8,156,1.5,386,25,13,38,288,67,355,3.5,46,0,0,0,45,1,46,0.5,0,0,0,0,0,0,0,0.0,345,18,7,25,197,154,351,3.5,50,20,0,20,33,6,39,0.4,1,0,0,0,1,0,1,0.0,31,1,0,1,19,11,30,0.3,244,24,12,36,134,74,208,2.0,671,63,19,82,384,245,629,6.2,,,,,,,,,1,0,0,0,1,0,1,0.0,62,0,0,0,40,26,66,0.7,10198,5251,1691,6942,4113,876,4989,49.2,17,9,2,11,12,2,14,0.1,1788,0,0,0,1472,325,1797,17.7,12003,5260,1693,6953,5597,1203,6800,67.0,,,,,,,,,338,51,19,70,262,86,348,3.4,266,94,15,109,164,87,251,2.5,15584,5719,1894,7613,7866,2282,10148,2.7,10.1
STATES:,5,CHHATTISGARH,0,0,0,0,0,0,0,0.0,34,1,0,1,22,15,37,0.2,1,0,0,0,1,0,1,0.0,19,0,0,0,16,3,19,0.1,2,0,0,0,2,0,2,0.0,29,3,0,3,20,9,29,0.2,85,4,0,4,61,27,88,0.6,34,0,0,0,23,12,35,0.2,1623,0,0,0,1228,467,1695,11.0,1657,0,0,0,1251,479,1730,11.2,513,0,0,0,435,78,513,3.3,5,0,0,0,5,0,5,0.0,5,0,0,0,5,0,5,0.0,10,0,0,0,10,0,10,0.1,365,9,0,9,299,66,365,2.4,43,0,0,0,29,14,43,0.3,408,9,0,9,328,80,408,2.6,40,0,0,0,34,6,40,0.3,1,0,0,0,1,0,1,0.0,6,0,0,0,3,3,6,0.0,17,0,0,0,4,13,17,0.1,984,0,0,0,294,693,987,6.4,1008,0,0,0,302,709,1011,6.5,84,0,0,0,76,8,84,0.5,234,0,0,0,199,35,234,1.5,62,0,0,0,49,13,62,0.4,15,0,0,0,0,15,15,0.1,286,0,0,0,259,27,286,1.8,597,0,0,0,507,90,597,3.9,51,0,0,0,32,19,51,0.3,11,0,0,0,7,4,11,0.1,296,0,0,0,172,124,296,1.9,2,0,0,0,2,0,2,0.0,1,0,0,0,0,1,1,0.0,780,0,0,0,429,351,780,5.0,445,0,0,0,295,150,445,2.9,1524,0,0,0,898,626,1524,9.9,,,,,,,,,0,0,0,0,0,0,0,0.0,496,0,0,0,376,120,496,3.2,13657,10114,2389,12503,2980,497,3477,22.5,25,0,0,0,21,4,25,0.2,595,0,0,0,489,106,595,3.8,14277,10114,2389,12503,3490,607,4097,26.5,,,,,,,,,2468,0,0,0,1808,664,2472,16.0,2350,216,57,273,1797,541,2338,15.1,25579,10343,2446,12789,11412,4058,15470,4.1,61.8
STATES:,6,GOA,0,0,0,0,0,0,0,0.0,1,0,0,0,1,0,1,0.1,0,0,0,0,0,0,0,0.0,0,0,0,0,0,0,0,0.0,0,0,0,0,0,0,0,0.0,5,0,0,0,5,1,6,0.8,6,0,0,0,6,1,7,0.9,0,0,0,0,0,0,0,0.0,138,0,0,0,135,18,153,20.5,138,0,0,0,135,18,153,20.5,16,0,0,0,13,3,16,2.1,0,0,0,0,0,0,0,0.0,1,0,0,0,2,0,2,0.3,1,0,0,0,2,0,2,0.3,70,1,0,1,79,5,84,11.3,31,0,0,0,27,4,31,4.2,101,1,0,1,106,9,115,15.4,1,0,0,0,1,0,1,0.1,0,0,0,0,0,0,0,0.0,0,0,0,0,0,0,0,0.0,8,0,0,0,2,5,7,0.9,15,0,0,0,5,13,18,2.4,23,0,0,0,7,18,25,3.4,0,0,0,0,0,0,0,0.0,12,0,0,0,10,2,12,1.6,5,0,0,0,4,1,5,0.7,1,0,0,0,0,1,1,0.1,7,0,0,0,7,0,7,0.9,25,0,0,0,21,4,25,3.4,3,0,0,0,2,1,3,0.4,0,0,0,0,0,0,0,0.0,2,0,0,0,2,0,2,0.3,0,0,0,0,0,0,0,0.0,0,0,0,0,0,0,0,0.0,3,0,0,0,3,0,3,0.4,1,0,0,0,1,0,1,0.1,6,0,0,0,6,0,6,0.8,,,,,,,,,0,0,0,0,0,0,0,0.0,2,0,0,0,1,1,2,0.3,4293,1511,384,1895,243,26,269,36.1,0,0,0,0,0,0,0,0.0,41,0,0,0,38,3,41,5.5,4334,1511,384,1895,281,29,310,41.6,,,,,,,,,53,2,1,3,38,16,54,7.2,27,1,0,1,16,11,27,3.6,4736,1515,385,1900,635,111,746,0.2,39.6
STATES:,7,GUJARAT,0,0,0,0,0,0,0,0.0,86,15,4,19,72,31,103,0.4,20,2,0,2,19,1,20,0.1,4,0,0,0,3,1,4,0.0,9,1,0,1,7,1,8,0.0,85,8,4,12,83,14,97,0.4,204,26,8,34,184,48,232,0.9,13,0,0,0,15,1,16,0.1,1951,2,1,3,1681,312,1993,8.1,1964,2,1,3,1696,313,2009,8.2,615,6,3,9,522,102,624,2.5,0,0,0,0,0,0,0,0.0,29,0,0,0,19,10,29,0.1,29,0,0,0,19,10,29,0.1,1195,16,4,20,1000,182,1182,4.8,315,16,6,22,259,48,307,1.3,1510,32,10,42,1259,230,1489,6.1,145,0,0,0,141,8,149,0.6,66,0,0,0,14,52,66,0.3,337,0,0,0,290,49,339,1.4,570,0,0,0,115,453,568,2.3,1269,23,47,70,356,883,1239,5.1,2242,23,47,70,775,1437,2212,9.0,9,0,0,0,4,5,9,0.0,2898,2,0,2,2572,324,2896,11.8,682,1,0,1,548,136,684,2.8,54,0,0,0,0,54,54,0.2,25,1,0,1,23,1,24,0.1,3659,4,0,4,3143,515,3658,14.9,58,0,0,0,32,26,58,0.2,10,1,0,1,7,3,10,0.0,431,10,4,14,277,146,423,1.7,29,0,0,0,19,10,29,0.1,17,0,0,0,15,4,19,0.1,487,19,16,35,273,182,455,1.9,581,0,3,3,427,152,579,2.4,1545,29,23,52,1011,494,1505,6.1,,,,,,,,,3,0,0,0,3,0,3,0.0,58,0,0,0,48,10,58,0.2,25035,19660,4550,24210,6333,1125,7458,30.5,73,0,0,0,63,10,73,0.3,1212,0,0,0,1053,168,1221,5.0,26320,19660,4550,24210,7449,1303,8752,35.8,,,,,,,,,2655,41,10,51,2046,583,2629,10.7,1051,5,0,5,803,247,1050,4.3,42077,19829,4652,24481,19142,5334,24476,6.5,40.2
STATES:,8,HARYANA,0,0,0,0,0,0,0,0.0,14,0,0,0,13,1,14,0.1,4,0,0,0,2,2,4,0.0,0,0,0,0,0,0,0,0.0,0,0,0,0,0,0,0,0.0,19,0,0,0,16,4,20,0.2,37,0,0,0,31,7,38,0.3,0,0,0,0,0,0,0,0.0,588,0,0,0,498,91,589,5.3,588,0,0,0,498,91,589,5.3,426,0,0,0,395,31,426,3.8,0,0,0,0,0,0,0,0.0,11,0,0,0,6,5,11,0.1,11,0,0,0,6,5,11,0.1,282,0,0,0,246,36,282,2.5,47,0,0,0,41,6,47,0.4,329,0,0,0,287,42,329,3.0,59,0,0,0,57,2,59,0.5,0,0,0,0,0,0,0,0.0,27,0,0,0,25,2,27,0.2,108,0,0,0,31,77,108,1.0,190,0,0,0,107,83,190,1.7,325,0,0,0,163,162,325,2.9,12,0,0,0,10,2,12,0.1,650,0,0,0,594,56,650,5.9,55,0,0,0,48,7,55,0.5,23,0,2,2,0,23,23,0.2,320,0,0,0,320,0,320,2.9,1048,0,2,2,962,86,1048,9.4,15,0,0,0,12,3,15,0.1,3,0,0,0,0,3,3,0.0,404,0,0,0,305,99,404,3.6,3,0,0,0,1,2,3,0.0,1,0,0,0,1,0,1,0.0,61,0,0,0,48,13,61,0.5,264,0,0,0,176,88,264,2.4,733,0,0,0,531,202,733,6.6,,,,,,,,,53,0,0,0,49,4,53,0.5,42,0,0,0,25,17,42,0.4,10473,8207,1360,9567,3926,621,4547,40.9,11,5,0,5,6,1,7,0.1,1331,0,0,0,1189,142,1331,12.0,11815,8212,1360,9572,5121,764,5885,53.0,,,,,,,,,1254,0,0,0,1046,201,1247,11.2,330,0,0,0,233,56,289,2.6,17080,8212,1362,9574,9426,1678,11104,2.9,42.1
STATES:,9,HIMACHAL PRADESH,0,0,0,0,0,0,0,0.0,0,0,0,0,0,0,0,0.0,6,0,0,0,5,1,6,0.2,0,0,0,0,0,0,0,0.0,1,0,0,0,1,0,1,0.0,6,0,0,0,5,1,6,0.2,13,0,0,0,11,2,13,0.5,0,0,0,0,0,0,0,0.0,190,0,0,0,167,24,191,7.1,190,0,0,0,167,24,191,7.1,17,0,0,0,13,4,17,0.6,1,0,0,0,1,0,1,0.0,3,0,0,0,4,0,4,0.1,4,0,0,0,5,0,5,0.2,345,0,0,0,288,57,345,12.8,5,0,0,0,2,3,5,0.2,350,0,0,0,290,60,350,13.0,7,0,0,0,5,2,7,0.3,7,0,0,0,5,2,7,0.3,22,0,0,0,21,1,22,0.8,8,0,0,0,7,1,8,0.3,56,0,0,0,19,38,57,2.1,93,0,0,0,52,42,94,3.5,2,0,0,0,2,0,2,0.1,194,0,0,0,183,11,194,7.2,4,0,0,0,4,0,4,0.1,5,0,0,0,0,5,5,0.2,65,0,0,0,64,1,65,2.4,268,0,0,0,251,17,268,9.9,11,0,0,0,6,5,11,0.4,0,0,0,0,0,0,0,0.0,156,0,0,0,101,55,156,5.8,1,0,0,0,0,1,1,0.0,1,0,0,0,0,1,1,0.0,33,0,0,0,21,12,33,1.2,102,0,0,0,63,39,102,3.8,293,0,0,0,185,108,293,10.9,,,,,,,,,0,0,0,0,0,0,0,0.0,6,0,0,0,7,1,8,0.3,2981,4200,1032,5232,864,192,1056,39.1,0,0,0,0,0,0,0,0.0,20,0,0,0,18,5,23,0.9,3001,4200,1032,5232,882,197,1079,40.0,,,,,,,,,275,31,14,45,228,49,277,10.3,77,0,0,0,62,21,83,3.1,4607,4231,1046,5277,2166,532,2698,0.7,38.9
STATES:,10,JAMMU & KASHMIR,0,0,0,0,0,0,0,0.0,5,2,0,2,5,3,8,0.5,0,0,0,0,0,0,0,0.0,0,0,0,0,0,0,0,0.0,1,0,0,0,1,0,1,0.1,0,0,0,0,0,0,0,0.0,6,2,0,2,6,3,9,0.6,0,0,0,0,0,0,0,0.0,57,1,0,1,41,15,56,3.6,57,1,0,1,41,15,56,3.6,25,1,0,1,24,0,24,1.5,5,15,0,15,5,0,5,0.3,10,19,1,20,5,1,6,0.4,15,34,1,35,10,1,11,0.7,42,0,0,0,40,2,42,2.7,1,0,0,0,1,0,1,0.1,43,0,0,0,41,2,43,2.8,1,0,0,0,1,0,1,0.1,0,1,0,1,0,0,0,0.0,13,0,0,0,10,6,16,1.0,2,2,0,2,1,5,6,0.4,5,0,0,0,4,1,5,0.3,20,3,0,3,15,12,27,1.7,17,35,0,35,23,1,24,1.5,57,0,0,0,55,2,57,3.7,0,0,0,0,0,0,0,0.0,0,0,0,0,0,0,0,0.0,7,0,0,0,7,0,7,0.4,64,0,0,0,62,2,64,4.1,2,2,0,2,1,0,1,0.1,0,0,0,0,0,0,0,0.0,19,2,0,2,9,9,18,1.2,0,0,0,0,0,0,0,0.0,0,0,0,0,0,0,0,0.0,0,0,0,0,0,0,0,0.0,96,8,28,36,14,19,33,2.1,115,10,28,38,23,28,51,3.3,,,,,,,,,0,0,0,0,0,0,0,0.0,1,0,0,0,1,0,1,0.1,6455,6940,1654,8594,819,173,992,63.5,51,0,0,0,42,9,51,3.3,7,0,0,0,7,0,7,0.4,6513,6940,1654,8594,868,182,1050,67.3,,,,,,,,,127,0,0,0,112,12,124,7.9,75,4,0,4,61,14,75,4.8,7081,7032,1683,8715,1289,272,1561,0.4,12.9
STATES:,11,JHARKHAND,0,0,0,0,0,0,0,0.0,18,5,3,8,11,5,16,0.3,10,1,0,1,8,2,10,0.2,3,0,0,0,3,0,3,0.1,0,0,0,0,0,0,0,0.0,60,6,6,12,44,22,66,1.2,91,12,9,21,66,29,95,1.7,13,0,0,0,11,3,14,0.2,399,54,6,60,260,95,355,6.3,412,54,6,60,271,98,369,6.6,113,3,2,5,104,28,132,2.4,0,0,0,0,0,0,0,0.0,8,0,2,2,4,4,8,0.1,8,0,2,2,4,4,8,0.1,102,3,0,3,88,18,106,1.9,106,1,1,2,90,18,108,1.9,208,4,1,5,178,36,214,3.8,31,5,0,5,28,2,30,0.5,16,0,0,0,7,9,16,0.3,25,1,0,1,23,4,27,0.5,46,0,7,7,13,34,47,0.8,278,0,0,0,75,208,283,5.1,365,1,7,8,118,255,373,6.7,2,0,0,0,2,0,2,0.0,114,0,0,0,94,22,116,2.1,32,0,0,0,26,6,32,0.6,21,0,0,0,0,21,21,0.4,150,0,0,0,143,10,153,2.7,317,0,0,0,263,59,322,5.7,49,0,1,1,33,16,49,0.9,23,6,3,9,9,7,16,0.3,173,11,8,19,86,70,156,2.8,35,2,0,2,21,8,29,0.5,2,0,0,0,3,0,3,0.1,45,1,1,2,27,21,48,0.9,88,21,0,21,56,32,88,1.6,343,35,9,44,193,131,324,5.8,,,,,,,,,0,0,0,0,0,0,0,0.0,29,0,0,0,22,9,31,0.6,5161,3416,736,4152,2320,326,2646,47.2,7,0,0,0,6,1,7,0.1,493,0,0,0,424,69,493,8.8,5661,3416,736,4152,2750,396,3146,56.2,,,,,,,,,439,12,5,17,364,86,450,8.0,40,0,0,0,30,10,40,0.7,8131,3548,781,4329,4435,1166,5601,1.5,17.2
STATES:,12,KARNATAKA,0,0,0,0,0,0,0,0.0,23,4,0,4,20,7,27,0.1,8,0,0,0,7,1,8,0.0,0,0,0,0,0,0,0,0.0,0,0,0,0,0,0,0,0.0,62,2,0,2,53,9,62,0.3,93,6,0,6,80,17,97,0.5,5,0,0,0,10,0,10,0.0,1929,0,0,0,1481,505,1986,9.3,1934,0,0,0,1491,505,1996,9.4,436,3,1,4,365,75,440,2.1,0,0,0,0,0,0,0,0.0,7,0,0,0,5,2,7,0.0,7,0,0,0,5,2,7,0.0,459,1,0,1,402,56,458,2.1,10,0,0,0,9,1,10,0.0,469,1,0,1,411,57,468,2.2,30,0,0,0,30,1,31,0.1,1,0,0,0,1,0,1,0.0,32,0,0,0,25,7,32,0.1,260,0,0,0,80,185,265,1.2,1017,0,0,0,344,679,1023,4.8,1310,0,0,0,450,871,1321,6.2,14,0,0,0,11,3,14,0.1,641,0,0,0,571,72,643,3.0,152,0,0,0,131,22,153,0.7,21,0,0,0,0,21,21,0.1,408,0,0,0,402,15,417,2.0,1222,0,0,0,1104,130,1234,5.8,51,0,0,0,41,10,51,0.2,20,0,0,0,19,1,20,0.1,119,0,0,0,85,34,119,0.6,72,0,0,0,47,26,73,0.3,5,0,0,0,3,2,5,0.0,541,0,0,0,340,202,542,2.5,1076,2,2,4,806,284,1090,5.1,1813,2,2,4,1281,548,1829,8.6,,,,,,,,,8,0,0,0,6,2,8,0.0,33,0,0,0,27,6,33,0.2,39591,43387,9406,52793,7713,1331,9044,42.4,23,39,0,39,13,0,13,0.1,1261,0,0,0,915,346,1261,5.9,40875,43426,9406,52832,8641,1677,10318,48.4,,,,,,,,,1647,0,0,0,1277,341,1618,7.6,1836,0,0,0,1469,380,1849,8.7,51798,43438,9409,52847,16708,4626,21334,5.6,35.1
STATES:,13,KERALA,1,0,0,0,1,0,1,0.0,8,2,0,2,7,2,9,0.1,18,6,2,8,11,3,14,0.1,0,0,0,0,0,0,0,0.0,0,0,0,0,0,0,0,0.0,52,2,3,5,41,6,47,0.4,78,10,5,15,59,11,70,0.6,17,2,0,2,15,1,16,0.1,1592,0,0,0,1301,336,1637,14.3,1609,2,0,2,1316,337,1653,14.4,225,4,0,4,202,22,224,2.0,0,0,0,0,0,0,0,0.0,2,0,0,0,2,0,2,0.0,2,0,0,0,2,0,2,0.0,793,10,10,20,711,73,784,6.8,69,0,0,0,56,16,72,0.6,862,10,10,20,767,89,856,7.5,24,3,0,3,16,5,21,0.2,14,3,3,6,15,2,17,0.1,24,1,1,2,19,3,22,0.2,18,0,0,0,4,15,19,0.2,269,5,2,7,90,180,270,2.4,325,9,6,15,128,200,328,2.9,2,1,0,1,1,0,1,0.0,1983,0,0,0,1737,246,1983,17.3,176,0,0,0,137,39,176,1.5,8,0,0,0,0,8,8,0.1,193,0,0,0,192,2,194,1.7,2360,0,0,0,2066,295,2361,20.6,36,4,9,13,26,12,38,0.3,5,1,0,1,5,0,5,0.0,21,0,0,0,13,8,21,0.2,0,0,0,0,0,0,0,0.0,0,0,0,0,0,0,0,0.0,74,0,0,0,47,27,74,0.6,126,0,0,0,85,41,126,1.1,221,0,0,0,145,76,221,1.9,,,,,,,,,0,0,0,0,0,0,0,0.0,8,0,0,0,9,1,10,0.1,35215,30895,9451,40346,3527,731,4258,37.1,47,0,0,0,34,14,48,0.4,427,0,0,0,373,55,428,3.7,35689,30895,9451,40346,3934,800,4734,41.3,,,,,,,,,623,0,0,0,488,135,623,5.4,325,0,0,0,274,51,325,2.8,42395,30939,9481,40420,9439,2034,11473,3.0,32.7
STATES:,14,MADHYA PRADESH,1,0,0,0,1,0,1,0.0,153,4,3,7,99,54,153,0.4,10,0,0,0,9,1,10,0.0,0,0,0,0,0,0,0,0.0,3,0,0,0,3,0,3,0.0,80,0,0,0,62,25,87,0.2,246,4,3,7,173,80,253,0.7,46,0,0,0,39,12,51,0.1,4875,14,11,25,3411,1479,4890,13.4,4921,14,11,25,3450,1491,4941,13.5,2030,12,4,16,1675,359,2034,5.6,3,0,0,0,2,1,3,0.0,34,0,0,0,25,14,39,0.1,37,0,0,0,27,15,42,0.1,810,5,1,6,676,136,812,2.2,233,0,0,0,178,55,233,0.6,1043,5,1,6,854,191,1045,2.9,107,3,0,3,89,16,105,0.3,92,2,1,3,57,35,92,0.3,48,3,1,4,31,13,44,0.1,172,2,0,2,30,144,174,0.5,2818,2,5,7,780,2044,2824,7.7,3130,9,7,16,898,2236,3134,8.6,179,51,4,55,121,14,135,0.4,912,2,0,2,759,160,919,2.5,169,0,0,0,122,49,171,0.5,186,0,0,0,0,186,186,0.5,518,0,0,0,505,17,522,1.4,1785,2,0,2,1386,412,1798,4.9,45,0,0,0,28,17,45,0.1,119,0,4,4,84,38,122,0.3,2007,14,7,21,1177,837,2014,5.5,26,3,0,3,23,3,26,0.1,16,0,0,0,15,1,16,0.0,2385,4,6,10,1336,1054,2390,6.5,232,5,12,17,133,98,231,0.6,4666,26,25,51,2684,1993,4677,12.8,,,,,,,,,279,99,58,157,44,78,122,0.3,730,0,0,0,527,204,731,2.0,34034,27733,5156,32889,7585,1392,8977,24.6,123,3,0,3,104,19,123,0.3,1721,1,1,2,1435,286,1721,4.7,35878,27737,5157,32894,9124,1697,10821,29.6,,,,,,,,,4045,187,17,204,3010,1071,4081,11.2,2464,0,0,0,1922,529,2451,6.7,61705,28149,5291,33440,26097,10441,36538,9.7,48.8
STATES:,15,MAHARASHTRA,1,0,0,0,5,0,5,0.0,87,14,8,22,50,29,79,0.1,149,32,22,54,70,53,123,0.2,0,0,0,0,0,0,0,0.0,3,0,0,0,3,0,3,0.0,372,128,72,200,152,41,193,0.3,611,174,102,276,275,123,398,0.6,12,0,0,0,16,10,26,0.0,4862,132,57,189,3658,1145,4803,7.7,4874,132,57,189,3674,1155,4829,7.8,1754,214,45,259,1312,215,1527,2.5,0,0,0,0,0,0,0,0.0,58,4,0,4,36,23,59,0.1,58,4,0,4,36,23,59,0.1,2101,358,104,462,1425,223,1648,2.7,550,102,23,125,345,82,427,0.7,2651,460,127,587,1770,305,2075,3.3,420,293,39,332,80,12,92,0.1,8,4,0,4,8,4,12,0.0,167,11,2,13,125,29,154,0.2,457,8,31,39,115,318,433,0.7,5262,493,1107,1600,971,2748,3719,6.0,5894,516,1140,1656,1219,3099,4318,6.9,9,2,0,2,6,1,7,0.0,11584,2549,1732,4281,6282,1001,7283,11.7,1993,217,99,316,1299,379,1678,2.7,546,0,51,51,0,502,502,0.8,1847,352,1,353,1478,16,1494,2.4,15970,3118,1883,5001,9059,1898,10957,17.6,306,123,54,177,94,35,129,0.2,15,2,0,2,14,0,14,0.0,2658,952,807,1759,684,266,950,1.5,27,7,0,7,12,8,20,0.0,38,0,0,0,19,20,39,0.1,5620,2570,2071,4641,613,370,983,1.6,707,263,160,423,205,86,291,0.5,9050,3792,3038,6830,1533,750,2283,3.7,,,,,,,,,1,18,0,18,2,0,2,0.0,107,0,1,1,74,34,108,0.2,43863,36037,8995,45032,11513,1732,13245,21.3,39,3,0,3,37,2,39,0.1,8165,2734,451,3185,4477,509,4986,8.0,52067,38774,9446,48220,16027,2243,18270,29.4,,,,,,,,,23828,5294,2200,7494,12745,3799,16544,26.6,620,70,8,78,428,115,543,0.9,118236,52986,18140,71126,48353,13807,62160,16.5,53.5
STATES:,16,MANIPUR,0,0,0,0,0,0,0,0.0,0,0,0,0,0,0,0,0.0,0,0,0,0,0,0,0,0.0,0,0,0,0,0,0,0,0.0,0,0,0,0,0,0,0,0.0,12,0,0,0,11,1,12,3.5,12,0,0,0,11,1,12,3.5,0,0,0,0,0,0,0,0.0,12,0,0,0,10,2,12,3.5,12,0,0,0,10,2,12,3.5,13,0,0,0,12,1,13,3.7,73,114,6,120,14,0,14,4.0,0,0,0,0,0,0,0,0.0,73,114,6,120,14,0,14,4.0,11,0,0,0,12,0,12,3.5,0,0,0,0,0,0,0,0.0,11,0,0,0,12,0,12,3.5,2,0,0,0,2,0,2,0.6,0,0,0,0,0,0,0,0.0,0,0,0,0,0,0,0,0.0,0,0,0,0,0,0,0,0.0,2,0,0,0,0,2,2,0.6,2,0,0,0,0,2,2,0.6,6,0,0,0,5,1,6,1.7,5,0,0,0,4,1,5,1.4,0,0,0,0,0,0,0,0.0,2,0,0,0,0,2,2,0.6,0,0,0,0,0,0,0,0.0,7,0,0,0,4,3,7,2.0,0,0,0,0,0,0,0,0.0,0,0,0,0,0,0,0,0.0,2,0,0,0,0,2,2,0.6,0,0,0,0,0,0,0,0.0,0,0,0,0,0,0,0,0.0,0,0,0,0,0,0,0,0.0,4,0,0,0,1,3,4,1.2,6,0,0,0,1,5,6,1.7,,,,,,,,,0,0,0,0,0,0,0,0.0,2,0,0,0,5,0,5,1.4,671,1024,151,1175,141,24,165,47.6,0,0,0,0,0,0,0,0.0,0,0,0,0,0,0,0,0.0,671,1024,151,1175,141,24,165,47.6,,,,,,,,,33,0,0,0,25,8,33,9.5,58,0,0,0,50,8,58,16.7,908,1138,157,1295,292,55,347,0.1,13.8
STATES:,17,MEGHALAYA,0,0,0,0,0,0,0,0.0,1,0,0,0,1,0,1,0.2,0,0,0,0,0,0,0,0.0,0,0,0,0,0,0,0,0.0,1,3,0,3,1,0,1,0.2,1,0,0,0,1,0,1,0.2,3,3,0,3,3,0,3,0.6,1,0,0,0,1,0,1,0.2,46,3,0,3,36,7,43,8.9,47,3,0,3,37,7,44,9.1,11,0,0,0,11,6,17,3.5,0,0,0,0,0,0,0,0.0,0,0,0,0,0,0,0,0.0,0,0,0,0,0,0,0,0.0,16,0,0,0,14,2,16,3.3,2,0,0,0,1,1,2,0.4,18,0,0,0,15,3,18,3.7,0,0,0,0,0,0,0,0.0,1,0,0,0,1,0,1,0.2,0,0,0,0,0,0,0,0.0,4,0,0,0,0,4,4,0.8,11,0,0,0,9,2,11,2.3,16,0,0,0,10,6,16,3.3,1,0,0,0,1,0,1,0.2,22,0,0,0,17,5,22,4.5,2,0,0,0,2,0,2,0.4,4,0,0,0,0,4,4,0.8,6,0,0,0,6,0,6,1.2,34,0,0,0,25,9,34,7.0,3,0,0,0,2,1,3,0.6,47,5,0,5,61,0,61,12.6,0,0,0,0,0,0,0,0.0,0,0,0,0,0,0,0,0.0,1,0,0,0,4,0,4,0.8,0,0,0,0,0,0,0,0.0,0,0,0,0,0,0,0,0.0,1,0,0,0,4,0,4,0.8,,,,,,,,,0,0,0,0,0,0,0,0.0,1,0,0,0,1,0,1,0.2,194,116,34,150,149,21,170,35.1,0,0,0,0,0,0,0,0.0,0,0,0,0,0,0,0,0.0,194,116,34,150,149,21,170,35.1,,,,,,,,,30,0,0,0,28,11,39,8.1,77,0,0,0,60,13,73,15.1,483,127,34,161,407,77,484,0.1,18.0
STATES:,18,MIZORAM,0,0,0,0,0,0,0,0.0,0,0,0,0,0,0,0,0.0,1,3,6,9,10,7,17,7.1,0,0,0,0,0,0,0,0.0,0,0,0,0,0,0,0,0.0,2,0,0,0,2,0,2,0.8,3,3,6,9,12,7,19,8.0,19,0,0,0,18,1,19,8.0,16,0,0,0,16,2,18,7.6,35,0,0,0,34,3,37,15.5,5,0,0,0,5,0,5,2.1,0,0,0,0,0,0,0,0.0,0,0,0,0,0,0,0,0.0,0,0,0,0,0,0,0,0.0,16,0,0,0,15,1,16,6.7,0,0,0,0,0,0,0,0.0,16,0,0,0,15,1,16,6.7,0,0,0,0,0,0,0,0.0,0,0,0,0,0,0,0,0.0,0,0,0,0,0,0,0,0.0,0,0,0,0,0,0,0,0.0,2,0,0,0,1,1,2,0.8,2,0,0,0,1,1,2,0.8,2,0,0,0,2,0,2,0.8,5,0,0,0,5,0,5,2.1,0,0,0,0,0,0,0,0.0,0,0,0,0,0,0,0,0.0,2,0,0,0,2,0,2,0.8,7,0,0,0,7,0,7,2.9,0,0,0,0,0,0,0,0.0,4,0,0,0,3,1,4,1.7,1,0,0,0,1,0,1,0.4,0,0,0,0,0,0,0,0.0,0,0,0,0,0,0,0,0.0,0,0,0,0,0,0,0,0.0,0,0,0,0,0,0,0,0.0,1,0,0,0,1,0,1,0.4,,,,,,,,,0,0,0,0,0,0,0,0.0,0,0,0,0,0,0,0,0.0,114,166,98,264,78,19,97,40.8,0,0,0,0,0,0,0,0.0,0,0,0,0,0,0,0,0.0,114,166,98,264,78,19,97,40.8,,,,,,,,,24,0,0,0,21,6,27,11.3,21,0,0,0,19,2,21,8.8,234,169,104,273,198,40,238,0.1,23.1
STATES:,19,NAGALAND,0,0,0,0,0,0,0,0.0,0,0,0,0,0,0,0,0.0,0,0,0,0,0,0,0,0.0,0,0,0,0,0,0,0,0.0,0,0,0,0,0,0,0,0.0,0,0,0,0,0,0,0,0.0,0,0,0,0,0,0,0,0.0,0,0,0,0,0,0,0,0.0,5,0,0,0,5,1,6,9.0,5,0,0,0,5,1,6,9.0,2,0,0,0,3,0,3,4.5,0,0,0,0,0,0,0,0.0,0,0,0,0,0,0,0,0.0,0,0,0,0,0,0,0,0.0,3,0,0,0,3,0,3,4.5,0,0,0,0,0,0,0,0.0,3,0,0,0,3,0,3,4.5,0,0,0,0,0,0,0,0.0,0,0,0,0,0,0,0,0.0,0,0,0,0,0,0,0,0.0,0,0,0,0,0,0,0,0.0,0,0,0,0,0,0,0,0.0,0,0,0,0,0,0,0,0.0,1,0,0,0,1,0,1,1.5,1,0,0,0,1,0,1,1.5,0,0,0,0,0,0,0,0.0,0,0,0,0,0,0,0,0.0,0,0,0,0,0,0,0,0.0,1,0,0,0,1,0,1,1.5,1,0,0,0,1,0,1,1.5,0,0,0,0,0,0,0,0.0,0,0,0,0,0,0,0,0.0,0,0,0,0,0,0,0,0.0,0,0,0,0,0,0,0,0.0,0,0,0,0,0,0,0,0.0,0,0,0,0,0,0,0,0.0,0,0,0,0,0,0,0,0.0,,,,,,,,,0,0,0,0,0,0,0,0.0,0,0,0,0,0,0,0,0.0,39,56,17,73,31,4,35,52.2,0,0,0,0,0,0,0,0.0,5,0,0,0,5,0,5,7.5,44,56,17,73,36,4,40,59.7,,,,,,,,,0,0,0,0,0,0,0,0.0,12,0,0,0,8,4,12,17.9,69,56,17,73,58,9,67,0.0,2.9
STATES:,20,ODISHA,0,0,0,0,0,0,0,0.0,16,3,2,5,8,10,18,0.2,2,0,0,0,2,0,2,0.0,0,0,0,0,0,0,0,0.0,0,0,0,0,0,0,0,0.0,39,0,0,0,24,16,40,0.3,57,3,2,5,34,26,60,0.5,38,10,6,16,29,13,42,0.4,663,14,5,19,491,184,675,5.8,701,24,11,35,520,197,717,6.2,180,0,0,0,156,25,181,1.6,0,0,0,0,0,0,0,0.0,0,0,0,0,0,0,0,0.0,0,0,0,0,0,0,0,0.0,460,1,1,2,369,92,461,4.0,64,0,0,0,54,10,64,0.6,524,1,1,2,423,102,525,4.5,37,15,0,15,28,3,31,0.3,35,1,0,1,27,9,36,0.3,120,0,0,0,96,24,120,1.0,26,0,0,0,11,17,28,0.2,388,0,0,0,173,218,391,3.4,569,1,0,1,307,268,575,5.0,0,0,0,0,0,0,0,0.0,147,0,0,0,122,28,150,1.3,79,0,0,0,49,30,79,0.7,8,0,0,0,0,8,8,0.1,20,0,0,0,20,0,20,0.2,254,0,0,0,191,66,257,2.2,105,0,0,0,88,21,109,0.9,0,0,0,0,0,0,0,0.0,139,5,2,7,91,50,141,1.2,10,0,0,0,10,0,10,0.1,8,0,0,0,5,3,8,0.1,516,3,4,7,329,189,518,4.5,1068,0,0,0,708,360,1068,9.2,1741,8,6,14,1143,602,1745,15.1,,,,,,,,,0,0,0,0,0,0,0,0.0,4,0,0,0,5,2,7,0.1,9680,9305,1949,11254,3472,590,4062,35.1,187,0,0,0,165,24,189,1.6,245,0,0,0,209,49,258,2.2,10112,9305,1949,11254,3846,663,4509,38.9,,,,,,,,,966,0,0,0,657,310,967,8.3,1903,0,0,0,1414,489,1903,16.4,17153,9357,1969,11326,8812,2774,11586,3.1,27.9
STATES:,21,PUNJAB,0,0,0,0,0,0,0,0.0,16,1,2,3,14,4,18,0.2,3,0,0,0,2,1,3,0.0,0,0,0,0,0,0,0,0.0,1,0,0,0,1,0,1,0.0,47,0,0,0,39,8,47,0.5,67,1,2,3,56,13,69,0.7,3,0,0,0,3,0,3,0.0,556,4,0,4,481,75,556,5.7,559,4,0,4,484,75,559,5.7,265,6,0,6,248,20,268,2.7,1,0,0,0,1,0,1,0.0,20,8,3,11,6,4,10,0.1,21,8,3,11,7,4,11,0.1,193,1,0,1,174,18,192,2.0,40,2,0,2,36,4,40,0.4,233,3,0,3,210,22,232,2.4,43,3,1,4,38,5,43,0.4,13,0,0,0,7,6,13,0.1,64,5,0,5,60,7,67,0.7,129,4,6,10,33,104,137,1.4,141,8,1,9,70,79,149,1.5,347,17,7,24,170,196,366,3.7,30,4,0,4,26,4,30,0.3,666,0,0,0,604,62,666,6.8,126,0,0,0,110,16,126,1.3,6,0,0,0,0,6,6,0.1,235,0,0,0,234,1,235,2.4,1033,0,0,0,948,85,1033,10.5,17,0,0,0,14,3,17,0.2,2,0,0,0,2,0,2,0.0,366,0,0,0,257,110,367,3.7,44,0,0,0,38,6,44,0.4,3,0,0,0,3,0,3,0.0,63,0,0,0,53,10,63,0.6,407,4,2,6,319,85,404,4.1,883,4,2,6,670,211,881,9.0,,,,,,,,,0,0,0,0,0,0,0,0.0,14,0,0,0,12,2,14,0.1,6323,3641,742,4383,3921,667,4588,46.7,6,0,0,0,7,3,10,0.1,967,0,0,0,869,98,967,9.9,7296,3641,742,4383,4797,768,5565,56.7,,,,,,,,,641,4,1,5,555,88,643,6.6,83,0,0,0,74,9,83,0.8,11534,3695,758,4453,8311,1505,9816,2.6,34.6
STATES:,22,RAJASTHAN,1,0,0,0,1,0,1,0.0,56,5,4,9,49,14,63,0.3,8,1,2,3,7,1,8,0.0,0,0,0,0,0,0,0,0.0,0,0,0,0,0,0,0,0.0,80,9,7,16,59,22,81,0.4,144,15,13,28,115,37,152,0.7,5,0,0,0,5,0,5,0.0,1570,3,2,5,1243,394,1637,7.4,1575,3,2,5,1248,394,1642,7.5,889,8,3,11,764,130,894,4.1,1,0,0,0,1,0,1,0.0,31,1,0,1,20,12,32,0.1,32,1,0,1,21,12,33,0.1,612,0,0,0,523,92,615,2.8,160,2,0,2,134,27,161,0.7,772,2,0,2,657,119,776,3.5,127,0,0,0,112,15,127,0.6,9,0,0,0,9,0,9,0.0,41,2,1,3,30,13,43,0.2,190,3,2,5,43,150,193,0.9,653,7,3,10,302,361,663,3.0,893,12,6,18,384,524,908,4.1,7,0,0,0,7,0,7,0.0,667,0,0,0,569,98,667,3.0,154,0,0,0,116,38,154,0.7,18,0,0,0,0,18,18,0.1,274,0,0,0,270,6,276,1.3,1113,0,0,0,955,160,1115,5.1,52,3,1,4,37,15,52,0.2,67,9,6,15,59,16,75,0.3,648,2,0,2,426,231,657,3.0,0,0,0,0,0,0,0,0.0,0,0,0,0,0,0,0,0.0,561,0,0,0,361,203,564,2.6,465,0,0,0,337,134,471,2.1,1674,2,0,2,1124,568,1692,7.7,,,,,,,,,0,0,0,0,0,0,0,0.0,46,0,0,0,37,11,48,0.2,23586,21914,5323,27237,8468,1256,9724,44.2,41,5,0,5,34,5,39,0.2,300,0,0,0,261,44,305,1.4,23927,21919,5323,27242,8763,1305,10068,45.7,,,,,,,,,2813,0,0,0,2126,700,2826,12.8,1597,9,8,17,1266,336,1602,7.3,35729,21983,5362,27345,17676,4342,22018,5.8,31.3
STATES:,23,SIKKIM,0,0,0,0,0,0,0,0.0,0,0,0,0,0,0,0,0.0,0,0,0,0,0,0,0,0.0,0,0,0,0,0,0,0,0.0,0,0,0,0,0,0,0,0.0,0,0,0,0,0,0,0,0.0,0,0,0,0,0,0,0,0.0,0,0,0,0,0,0,0,0.0,39,0,0,0,31,8,39,12.7,39,0,0,0,31,8,39,12.7,2,0,0,0,2,0,2,0.7,0,0,0,0,0,0,0,0.0,0,0,0,0,0,0,0,0.0,0,0,0,0,0,0,0,0.0,58,0,0,0,46,12,58,19.0,0,0,0,0,0,0,0,0.0,58,0,0,0,46,12,58,19.0,0,0,0,0,0,0,0,0.0,0,0,0,0,0,0,0,0.0,0,0,0,0,0,0,0,0.0,0,0,0,0,0,0,0,0.0,10,0,0,0,4,6,10,3.3,10,0,0,0,4,6,10,3.3,0,0,0,0,0,0,0,0.0,5,0,0,0,4,1,5,1.6,0,0,0,0,0,0,0,0.0,0,0,0,0,0,0,0,0.0,14,0,0,0,13,1,14,4.6,19,0,0,0,17,2,19,6.2,0,0,0,0,0,0,0,0.0,0,0,0,0,0,0,0,0.0,0,0,0,0,0,0,0,0.0,0,0,0,0,0,0,0,0.0,0,0,0,0,0,0,0,0.0,0,0,0,0,0,0,0,0.0,0,0,0,0,0,0,0,0.0,0,0,0,0,0,0,0,0.0,,,,,,,,,0,0,0,0,0,0,0,0.0,0,0,0,0,0,0,0,0.0,244,319,90,409,58,10,68,22.2,0,0,0,0,0,0,0,0.0,0,0,0,0,0,0,0,0.0,244,319,90,409,58,10,68,22.2,,,,,,,,,31,0,0,0,25,6,31,10.1,79,0,0,0,69,10,79,25.8,482,319,90,409,252,54,306,0.1,48.6
STATES:,24,TAMIL NADU,0,0,0,0,0,0,0,0.0,28,1,0,1,20,12,32,0.1,37,6,0,6,28,9,37,0.1,0,0,0,0,0,0,0,0.0,0,0,0,0,0,0,0,0.0,131,31,1,32,76,34,110,0.3,196,38,1,39,124,55,179,0.5,21,6,0,6,19,0,19,0.1,1658,4,3,7,1402,296,1698,5.1,1679,10,3,13,1421,296,1717,5.2,519,0,0,0,460,66,526,1.6,1,0,0,0,1,0,1,0.0,16,2,0,2,10,5,15,0.0,17,2,0,2,11,5,16,0.0,877,14,2,16,757,109,866,2.6,100,0,0,0,88,15,103,0.3,977,14,2,16,845,124,969,2.9,46,11,3,14,29,7,36,0.1,13,8,0,8,18,5,23,0.1,154,1,0,1,126,31,157,0.5,623,6,39,45,144,452,596,1.8,1211,27,15,42,470,723,1193,3.6,2001,42,54,96,758,1211,1969,5.9,0,0,0,0,0,0,0,0.0,1492,0,0,0,1322,171,1493,4.5,705,0,0,0,554,151,705,2.1,45,0,0,0,0,45,45,0.1,432,0,0,0,425,7,432,1.3,2674,0,0,0,2301,374,2675,8.1,51,0,0,0,37,14,51,0.2,5,0,0,0,5,0,5,0.0,210,0,0,0,153,58,211,0.6,0,0,0,0,0,0,0,0.0,4,0,0,0,4,0,4,0.0,610,0,0,0,384,226,610,1.8,1876,0,0,0,1336,553,1889,5.7,2700,0,0,0,1877,837,2714,8.2,,,,,,,,,47,0,0,0,39,8,47,0.1,40,0,0,0,31,11,42,0.1,66238,60309,15372,75681,13438,2125,15563,46.9,0,0,0,0,0,0,0,0.0,1978,60,3,63,1694,277,1971,5.9,68216,60369,15375,75744,15132,2402,17534,52.8,,,,,,,,,3517,3,1,4,2404,1137,3541,10.7,1143,0,0,0,937,220,1157,3.5,83828,60489,15439,75928,26411,6767,33178,8.8,48.5
STATES:,25,TRIPURA,0,0,0,0,0,0,0,0.0,1,0,0,0,1,0,1,0.2,1,0,0,0,3,0,3,0.5,0,0,0,0,0,0,0,0.0,0,0,0,0,0,0,0,0.0,9,0,0,0,7,2,9,1.5,11,0,0,0,11,2,13,2.2,0,0,0,0,0,0,0,0.0,63,0,0,0,41,22,63,10.5,63,0,0,0,41,22,63,10.5,21,0,0,0,17,4,21,3.5,0,0,0,0,0,0,0,0.0,0,0,0,0,0,0,0,0.0,0,0,0,0,0,0,0,0.0,10,0,0,0,8,2,10,1.7,1,0,0,0,0,1,1,0.2,11,0,0,0,8,3,11,1.8,0,0,0,0,0,0,0,0.0,0,0,0,0,0,0,0,0.0,4,0,0,0,4,0,4,0.7,0,0,0,0,0,0,0,0.0,31,0,0,0,8,23,31,5.2,35,0,0,0,12,23,35,5.8,1,0,0,0,1,0,1,0.2,50,0,0,0,39,11,50,8.3,16,0,0,0,13,3,16,2.7,2,0,0,0,0,2,2,0.3,7,0,0,0,7,0,7,1.2,75,0,0,0,59,16,75,12.5,0,0,0,0,0,0,0,0.0,0,0,0,0,0,0,0,0.0,0,0,0,0,0,0,0,0.0,10,0,0,0,5,5,10,1.7,0,0,0,0,0,0,0,0.0,1,0,0,0,0,1,1,0.2,23,0,0,0,13,10,23,3.8,34,0,0,0,18,16,34,5.7,,,,,,,,,0,0,0,0,0,0,0,0.0,0,0,0,0,0,0,0,0.0,818,994,283,1277,198,28,226,37.7,0,0,0,0,0,0,0,0.0,0,0,0,0,0,0,0,0.0,818,994,283,1277,198,28,226,37.7,,,,,,,,,64,0,0,0,48,19,67,11.2,48,0,0,0,39,14,53,8.8,1181,994,283,1277,452,147,599,0.2,16.1
STATES:,26,UTTAR PRADESH,3,4,5,9,7,8,15,0.0,217,58,33,91,132,82,214,0.7,64,17,2,19,38,27,65,0.2,2,0,0,0,1,1,2,0.0,4,21,0,21,7,1,8,0.0,161,22,12,34,121,38,159,0.5,448,118,47,165,299,149,448,1.5,114,13,5,18,118,34,152,0.5,1187,99,22,121,944,235,1179,3.9,1301,112,27,139,1062,269,1331,4.4,639,59,9,68,539,80,619,2.1,7,2,0,2,5,1,6,0.0,43,16,6,22,21,18,39,0.1,50,18,6,24,26,19,45,0.1,337,27,5,32,269,44,313,1.0,133,10,4,14,110,14,124,0.4,470,37,9,46,379,58,437,1.5,63,9,1,10,47,6,53,0.2,93,25,16,41,52,37,89,0.3,66,15,8,23,49,20,69,0.2,124,8,17,25,34,99,133,0.4,1044,39,53,92,302,741,1043,3.5,1327,87,94,181,437,897,1334,4.4,832,265,41,306,595,125,720,2.4,384,14,5,19,306,69,375,1.2,56,4,1,5,50,10,60,0.2,77,0,4,4,0,67,67,0.2,245,23,0,23,228,5,233,0.8,762,41,10,51,584,151,735,2.4,60,8,6,14,40,17,57,0.2,26,2,3,5,17,9,26,0.1,563,30,12,42,333,236,569,1.9,117,9,7,16,84,26,110,0.4,19,0,0,0,19,1,20,0.1,208,16,6,22,143,50,193,0.6,392,47,19,66,250,133,383,1.3,1299,102,44,146,829,446,1275,4.2,,,,,,,,,24,7,4,11,19,4,23,0.1,354,2,2,4,215,175,390,1.3,25975,13989,2755,16744,13076,2554,15630,51.9,701,122,28,150,527,115,642,2.1,3341,200,37,237,2831,536,3367,11.2,30017,14311,2820,17131,16434,3205,19639,65.2,,,,,,,,,1591,242,107,349,1253,381,1634,5.4,1367,97,28,125,1034,322,1356,4.5,40633,15521,3263,18784,23816,6321,30137,8.0,14.4
STATES:,27,UTTARAKHAND,3,0,0,0,20,0,20,0.9,6,0,0,0,2,4,6,0.3,1,0,0,0,1,0,1,0.0,0,0,0,0,0,0,0,0.0,0,0,0,0,0,0,0,0.0,0,0,0,0,0,0,0,0.0,7,0,0,0,3,4,7,0.3,1,0,0,0,2,0,2,0.1,131,20,4,24,116,28,144,6.6,132,20,4,24,118,28,146,6.7,39,22,0,22,54,9,63,2.9,1,0,0,0,1,0,1,0.0,3,2,0,2,7,1,8,0.4,4,2,0,2,8,1,9,0.4,55,2,0,2,61,11,72,3.3,23,7,4,11,7,1,8,0.4,78,9,4,13,68,12,80,3.7,4,1,0,1,3,0,3,0.1,0,0,0,0,0,0,0,0.0,4,0,0,0,3,1,4,0.2,11,0,0,0,6,5,11,0.5,92,1,0,1,39,62,101,4.7,107,1,0,1,48,68,116,5.3,8,2,0,2,5,1,6,0.3,168,5,0,5,142,23,165,7.6,8,0,0,0,5,3,8,0.4,3,0,0,0,0,3,3,0.1,38,0,0,0,42,0,42,1.9,217,5,0,5,189,29,218,10.0,16,0,0,0,9,8,17,0.8,0,0,0,0,0,0,0,0.0,96,3,1,4,70,35,105,4.8,0,0,0,0,0,0,0,0.0,0,0,0,0,0,0,0,0.0,2,0,0,0,1,1,2,0.1,112,4,0,4,64,51,115,5.3,210,7,1,8,135,87,222,10.2,,,,,,,,,0,0,0,0,0,0,0,0.0,7,0,0,0,5,3,8,0.4,1297,1245,258,1503,639,127,766,35.3,0,0,0,0,0,0,0,0.0,67,5,3,8,52,7,59,2.7,1364,1250,261,1511,691,134,825,38.0,,,,,,,,,403,34,7,41,298,90,388,17.9,42,0,0,0,37,5,42,1.9,2641,1353,277,1630,1691,479,2170,0.6,21.1
STATES:,28,WEST BENGAL,0,0,0,0,0,0,0,0.0,1,0,0,0,1,0,1,0.0,2,0,0,0,1,1,2,0.0,0,0,0,0,0,0,0,0.0,0,0,0,0,0,0,0,0.0,27,14,3,17,13,5,18,0.1,30,14,3,17,15,6,21,0.1,5,13,9,22,7,0,7,0.0,815,45,15,60,638,214,852,4.2,820,58,24,82,645,214,859,4.3,172,11,2,13,140,37,177,0.9,62,82,10,92,27,5,32,0.2,2,1,0,1,2,1,3,0.0,64,83,10,93,29,6,35,0.2,166,35,10,45,136,19,155,0.8,10,0,0,0,10,0,10,0.0,176,35,10,45,146,19,165,0.8,18,8,5,13,11,3,14,0.1,27,8,9,17,14,20,34,0.2,60,22,6,28,41,19,60,0.3,60,4,12,16,14,52,66,0.3,845,32,29,61,202,708,910,4.5,992,66,56,122,271,799,1070,5.3,56,20,4,24,38,1,39,0.2,469,86,32,118,342,101,443,2.2,13,7,0,7,7,4,11,0.1,33,0,14,14,0,15,15,0.1,23,2,0,2,22,1,23,0.1,538,95,46,141,371,121,492,2.4,48,0,0,0,33,15,48,0.2,0,0,0,0,0,0,0,0.0,294,18,29,47,182,137,319,1.6,1,0,0,0,7,0,7,0.0,3,0,0,0,2,1,3,0.0,512,25,19,44,382,313,695,3.4,2066,179,41,220,1810,942,2752,13.6,2876,222,89,311,2383,1393,3776,18.7,,,,,,,,,0,0,0,0,0,0,0,0.0,17,0,0,0,12,5,17,0.1,16549,14272,3035,17307,4798,1029,5827,28.9,21,0,0,0,17,4,21,0.1,2784,37,18,55,2218,565,2783,13.8,19354,14309,3053,17362,7033,1598,8631,42.8,,,,,,,,,2308,20,1,21,1597,690,2287,11.3,2498,921,395,1316,1751,782,2533,12.6,29967,15862,3698,19560,14475,5689,20164,5.3,22.1
STATES:,,TOTAL (STATES),11,4,5,9,37,8,45,0.0,924,145,73,218,617,309,926,0.3,421,87,37,124,296,133,429,0.1,33,0,0,0,26,7,33,0.0,45,25,0,25,46,7,53,0.0,1558,254,124,378,1018,325,1343,0.4,2981,511,234,745,2003,781,2784,0.8,476,80,44,124,406,132,538,0.1,28665,455,149,604,22380,6760,29140,7.9,29141,535,193,728,22786,6892,29678,8.0,10203,373,74,447,8564,1495,10059,2.7,176,258,35,293,79,11,90,0.0,353,57,24,81,210,129,339,0.1,529,315,59,374,289,140,429,0.1,10850,531,151,682,8876,1477,10353,2.8,2112,149,40,189,1611,349,1960,0.5,12962,680,191,871,10487,1826,12313,3.3,1281,355,50,405,813,107,920,0.2,443,57,35,92,255,196,451,0.1,1613,70,19,89,1338,303,1641,0.4,3325,44,129,173,797,2529,3326,0.9,17949,671,1286,1957,5067,11421,16488,4.5,23330,842,1469,2311,7457,14449,21906,5.9,1370,407,53,460,999,183,1182,0.3,23885,2664,1774,4438,17000,2549,19549,5.3,4796,237,104,341,3519,960,4479,1.2,1131,0,71,71,0,1059,1059,0.3,5556,390,5,395,5083,123,5206,1.4,35368,3291,1954,5245,25602,4691,30293,8.2,1161,140,71,211,722,272,994,0.3,372,29,17,46,304,83,387,0.1,9137,1065,877,1942,4767,2709,7476,2.0,509,41,7,48,366,121,487,0.1,127,0,0,0,97,38,135,0.0,13211,2639,2123,4762,5259,3464,8723,2.4,12060,561,280,841,8464,3790,12254,3.3,35044,4306,3287,7593,18953,10122,29075,7.9,,,,,,,,,557,124,62,186,269,131,400,0.1,2110,2,3,5,1512,657,2169,0.6,433251,373845,87188,461033,115000,20122,135122,36.6,1388,186,30,216,1103,215,1318,0.4,29940,3609,597,4206,22806,4022,26828,7.3,464579,377640,87815,465455,138909,24359,163268,44.2,,,,,,,,,51541,5922,2386,8308,33571,10760,44331,12.0,19555,1421,511,1932,14965,4490,19455,5.3,692095,396897,98434,495331,288242,81446,369688,97.9,30.7
UNION TERRITORIES:,29,A & N ISLANDS,0,0,0,0,0,0,0,0.0,0,0,0,0,0,0,0,0.0,0,0,0,0,0,0,0,0.0,0,0,0,0,0,0,0,0.0,0,0,0,0,0,0,0,0.0,0,0,0,0,0,0,0,0.0,0,0,0,0,0,0,0,0.0,0,0,0,0,0,0,0,0.0,43,0,0,0,39,7,46,18.4,43,0,0,0,39,7,46,18.4,5,0,0,0,4,2,6,2.4,0,0,0,0,0,0,0,0.0,0,0,0,0,0,0,0,0.0,0,0,0,0,0,0,0,0.0,4,0,0,0,3,1,4,1.6,4,0,0,0,3,1,4,1.6,8,0,0,0,6,2,8,3.2,0,0,0,0,0,0,0,0.0,1,0,0,0,0,1,1,0.4,0,0,0,0,0,0,0,0.0,0,0,0,0,0,0,0,0.0,6,0,0,0,1,5,6,2.4,7,0,0,0,1,6,7,2.8,0,0,0,0,0,0,0,0,31,0,0,0,27,4,31,12.4,4,0,0,0,4,0,4,1.6,0,0,0,0,0,0,0,0.0,0,0,0,0,0,0,0,0.0,35,0,0,0,31,4,35,14,2,0,0,0,2,0,2,0.8,0,0,0,0,0,0,0,0.0,5,0,0,0,3,3,6,2.4,0,0,0,0,0,0,0,0.0,0,0,0,0,0,0,0,0.0,1,0,0,0,1,0,1,0.4,0,0,0,0,0,0,0,0.0,6,0,0,0,4,3,7,2.8,,,,,,,,,0,0,0,0,0,0,0,0.0,3,0,0,0,2,1,3,1.2,200,146,61,207,34,6,40,16.0,0,0,0,0,0,0,0,0.0,0,0,0,0,0,0,0,0.0,200,146,61,207,34,6,40,16.0,,,,,,,,,87,0,0,0,70,17,87,34.8,10,0,0,0,7,2,9,3.6,406,146,61,207,200,50,250,0.1,47.6
UNION TERRITORIES:,30,CHANDIGARH,0,0,0,0,0,0,0,0.0,1,0,0,0,0,1,1,0.3,0,0,0,0,0,0,0,0.0,0,0,0,0,0,0,0,0.0,0,0,0,0,0,0,0,0.0,0,0,0,0,0,0,0,0.0,1,0,0,0,0,1,1,0.3,0,0,0,0,0,0,0,0.0,1,0,0,0,1,0,1,0.3,1,0,0,0,1,0,1,0.3,2,0,0,0,2,0,2,0.5,0,0,0,0,0,0,0,0.0,0,0,0,0,0,0,0,0.0,0,0,0,0,0,0,0,0.0,30,0,0,0,26,4,30,7.7,2,0,0,0,1,1,2,0.5,32,0,0,0,27,5,32,8.2,0,0,0,0,0,0,0,0.0,2,0,0,0,1,1,2,0.5,2,0,0,0,2,0,2,0.5,4,0,0,0,1,3,4,1.0,12,0,0,0,2,10,12,3.1,20,0,0,0,6,14,20,5.1,0,0,0,0,0,0,0,0,47,0,0,0,43,4,47,12.1,4,0,0,0,4,0,4,1.0,4,0,0,0,0,4,4,1.0,20,0,0,0,20,0,20,5.1,75,0,0,0,67,8,75,19.2,1,0,0,0,1,0,1,0.3,0,0,0,0,0,0,0,0.0,2,0,0,0,1,1,2,0.5,3,0,0,0,1,2,3,0.8,1,0,0,0,1,0,1,0.3,1,0,0,0,0,1,1,0.3,7,0,0,0,5,2,7,1.8,14,0,0,0,8,6,14,3.6,,,,,,,,,0,0,0,0,0,0,0,0.0,0,0,0,0,0,0,0,0.0,409,238,97,335,104,18,122,31.3,0,0,0,0,0,0,0,0.0,0,0,0,0,0,0,0,0.0,409,238,97,335,104,18,122,31.3,,,,,,,,,67,0,0,0,53,14,67,17.2,55,0,0,0,46,9,55,14.1,677,238,97,335,315,75,390,0.1,24.3
UNION TERRITORIES:,31,D & N HAVELI,0,0,0,0,0,0,0,0.0,0,0,0,0,0,0,0,0.0,0,0,0,0,0,0,0,0.0,0,0,0,0,0,0,0,0.0,0,0,0,0,0,0,0,0.0,0,0,0,0,0,0,0,0.0,0,0,0,0,0,0,0,0.0,0,0,0,0,0,0,0,0.0,13,0,0,0,10,3,13,13.7,13,0,0,0,10,3,13,13.7,3,0,0,0,3,0,3,3.2,0,0,0,0,0,0,0,0.0,0,0,0,0,0,0,0,0.0,0,0,0,0,0,0,0,0.0,8,0,0,0,7,1,8,8.4,0,0,0,0,0,0,0,0.0,8,0,0,0,7,1,8,8.4,1,0,0,0,1,0,1,1.1,0,0,0,0,0,0,0,0.0,0,0,0,0,0,0,0,0.0,11,0,0,0,4,7,11,11.6,1,0,0,0,0,1,1,1.1,12,0,0,0,4,8,12,12.6,0,0,0,0,0,0,0,0.0,3,0,0,0,3,0,3,3.2,0,0,0,0,0,0,0,0.0,1,0,0,0,0,1,1,1.1,0,0,0,0,0,0,0,0.0,4,0,0,0,3,1,4,4.2,0,0,0,0,0,0,0,0.0,0,0,0,0,0,0,0,0.0,3,0,0,0,1,2,3,3.2,0,0,0,0,0,0,0,0.0,0,0,0,0,0,0,0,0.0,1,0,0,0,1,0,1,1.1,1,0,0,0,1,0,1,1.1,5,0,0,0,3,2,5,5.3,,,,,,,,,0,0,0,0,0,0,0,0.0,0,0,0,0,0,0,0,0.0,91,92,12,104,44,5,49,51.6,0,0,0,0,0,0,0,0.0,0,0,0,0,0,0,0,0.0,91,92,12,104,44,5,49,51.6,,,,,,,,,0,0,0,0,0,0,0,0.0,0,0,0,0,0,0,0,0.0,137,92,12,104,75,20,95,0.0,24.2
UNION TERRITORIES:,32,DAMAN & DIU,0,0,0,0,0,0,0,0.0,0,0,0,0,0,0,0,0.0,0,0,0,0,0,0,0,0.0,0,0,0,0,0,0,0,0.0,0,0,0,0,0,0,0,0.0,0,0,0,0,0,0,0,0.0,0,0,0,0,0,0,0,0.0,0,0,0,0,0,0,0,0.0,26,0,0,0,25,1,26,17.0,26,0,0,0,25,1,26,17.0,4,0,0,0,4,0,4,2.6,0,0,0,0,0,0,0,0.0,0,0,0,0,0,0,0,0.0,0,0,0,0,0,0,0,0.0,4,0,0,0,4,0,4,2.6,1,0,0,0,0,2,2,1.3,5,0,0,0,4,2,6,3.9,0,0,0,0,0,0,0,0.0,0,0,0,0,0,0,0,0.0,0,0,0,0,0,0,0,0.0,14,0,0,0,5,9,14,9.2,2,0,0,0,1,1,2,1.3,16,0,0,0,6,10,16,10.5,0,0,0,0,0,0,0,0.0,8,0,0,0,8,0,8,5.2,3,0,0,0,3,0,3,2.0,3,0,0,0,0,2,2,1.3,2,0,0,0,1,0,1,0.7,16,0,0,0,12,2,14,9.2,0,0,0,0,0,0,0,0.0,0,0,0,0,0,0,0,0.0,0,0,0,0,0,0,0,0.0,3,0,0,0,3,0,3,2.0,0,0,0,0,0,0,0,0.0,0,0,0,0,0,0,0,0.0,0,0,0,0,0,0,0,0.0,3,0,0,0,3,0,3,2.0,,,,,,,,,0,0,0,0,0,0,0,0.0,1,0,0,0,1,0,1,0.7,30,71,4,75,29,2,31,20.3,0,0,0,0,0,0,0,0.0,0,0,0,0,0,0,0,0.0,30,71,4,75,29,2,31,20.3,,,,,,,,,45,0,0,0,36,9,45,29.4,6,0,0,0,4,3,7,4.6,152,71,4,75,124,29,153,0.0,51.5
UNION TERRITORIES:,33,DELHI (UT),0,0,0,0,0,0,0,0.0,24,35,6,41,17,3,20,0.3,3,1,0,1,3,0,3,0.0,0,0,0,0,0,0,0,0.0,0,0,0,0,0,0,0,0.0,63,48,19,67,18,4,22,0.4,90,84,25,109,38,7,45,0.7,46,0,0,0,43,3,46,0.8,113,1,0,1,111,15,126,2.1,159,1,0,1,154,18,172,2.8,125,17,1,18,106,13,119,1.9,0,0,0,0,0,0,0,0.0,21,12,3,15,15,5,20,0.3,21,12,3,15,15,5,20,0.3,408,60,10,70,301,67,368,6.0,15,2,0,2,12,1,13,0.2,423,62,10,72,313,68,381,6.2,228,201,6,207,33,0,33,0.5,10,2,0,2,5,3,8,0.1,46,12,4,16,42,5,47,0.8,41,15,6,21,6,29,35,0.6,95,36,3,39,67,45,112,1.8,192,65,13,78,120,82,202,3.3,43,25,3,28,19,2,21,0.3,220,0,0,0,187,33,220,3.6,3,0,0,0,2,1,3,0.0,11,0,0,0,0,11,11,0.2,65,0,0,0,65,0,65,1.1,299,0,0,0,254,45,299,4.9,4,3,0,3,1,0,1,0.0,0,0,0,0,0,0,0,0.0,52,0,0,0,35,18,53,0.9,5,1,0,1,3,1,4,0.1,1,0,0,0,1,0,1,0.0,18,5,2,7,9,3,12,0.2,68,15,0,15,36,18,54,0.9,144,21,2,23,84,40,124,2.0,,,,,,,,,0,0,0,0,0,0,0,0.0,12,1,0,1,11,3,14,0.2,7569,5627,936,6563,1651,180,1831,29.9,0,0,0,0,0,0,0,0.0,1285,325,34,359,826,100,926,15.1,8854,5952,970,6922,2477,280,2757,45.0,,,,,,,,,1568,214,26,240,1081,293,1374,22.4,560,2,1,3,471,97,568,9.3,12722,6660,1060,7720,5177,953,6130,1.6,31.1
UNION TERRITORIES:,34,LAKSHADWEEP,0,0,0,0,0,0,0,0.0,0,0,0,0,0,0,0,0.0,0,0,0,0,0,0,0,0.0,0,0,0,0,0,0,0,0.0,0,0,0,0,0,0,0,0.0,1,1,0,1,1,0,1,25.0,1,1,0,1,1,0,1,25.0,0,0,0,0,0,0,0,0.0,1,1,0,1,1,0,1,25.0,1,1,0,1,1,0,1,25.0,0,0,0,0,0,0,0,0.0,0,0,0,0,0,0,0,0.0,0,0,0,0,0,0,0,0.0,0,0,0,0,0,0,0,0.0,0,0,0,0,0,0,0,0.0,0,0,0,0,0,0,0,0.0,0,0,0,0,0,0,0,0.0,0,0,0,0,0,0,0,0.0,0,0,0,0,0,0,0,0.0,0,0,0,0,0,0,0,0.0,0,0,0,0,0,0,0,0.0,0,0,0,0,0,0,0,0.0,0,0,0,0,0,0,0,0.0,0,0,0,0,0,0,0,0.0,1,1,0,1,1,0,1,25.0,1,1,0,1,1,0,1,25.0,0,0,0,0,0,0,0,0.0,0,0,0,0,0,0,0,0.0,2,2,0,2,2,0,2,50.0,0,0,0,0,0,0,0,0.0,0,0,0,0,0,0,0,0.0,0,0,0,0,0,0,0,0.0,0,0,0,0,0,0,0,0.0,0,0,0,0,0,0,0,0.0,0,0,0,0,0,0,0,0.0,0,0,0,0,0,0,0,0.0,0,0,0,0,0,0,0,0.0,,,,,,,,,0,0,0,0,0,0,0,0.0,0,0,0,0,0,0,0,0.0,0,0,0,0,0,0,0,0.0,0,0,0,0,0,0,0,0.0,0,0,0,0,0,0,0,0.0,0,0,0,0,0,0,0,0.0,,,,,,,,,0,0,0,0,0,0,0,0.0,0,0,0,0,0,0,0,0.0,4,4,0,4,4,0,4,0.0,5.1
UNION TERRITORIES:,35,PUDUCHERRY,0,0,0,0,0,0,0,0.0,0,0,0,0,0,0,0,0.0,0,0,0,0,0,0,0,0.0,0,0,0,0,0,0,0,0.0,0,0,0,0,0,0,0,0.0,1,0,0,0,1,0,1,0.1,1,0,0,0,1,0,1,0.1,1,0,0,0,1,0,1,0.1,100,0,0,0,94,9,103,9.8,101,0,0,0,95,9,104,9.9,29,4,0,4,22,3,25,2.4,0,0,0,0,0,0,0,0.0,0,0,0,0,0,0,0,0.0,0,0,0,0,0,0,0,0.0,56,1,0,1,48,7,55,5.2,0,0,0,0,0,0,0,0.0,56,1,0,1,48,7,55,5.2,7,6,0,6,1,0,1,0.1,0,0,0,0,0,0,0,0.0,0,0,0,0,0,0,0,0.0,5,0,0,0,0,5,5,0.5,11,2,0,2,4,5,9,0.9,16,2,0,2,4,10,14,1.3,0,0,0,0,0,0,0,0.0,71,0,0,0,66,5,71,6.8,258,0,0,0,217,41,258,24.6,1,0,0,0,0,1,1,0.1,226,0,0,0,220,6,226,21.6,556,0,0,0,503,53,556,53.1,0,0,0,0,0,0,0,0.0,0,0,0,0,0,0,0,0.0,10,0,0,0,4,6,10,1.0,0,0,0,0,0,0,0,0.0,1,3,0,3,2,0,2,0.2,8,0,0,0,5,3,8,0.8,1,0,0,0,1,0,1,0.1,20,3,0,3,12,9,21,2.0,,,,,,,,,0,0,0,0,0,0,0,0.0,0,0,0,0,0,0,0,0.0,1451,1209,356,1565,193,35,228,21.8,0,0,0,0,0,0,0,0.0,11,0,0,0,7,4,11,1.0,1462,1209,356,1565,200,39,239,22.8,,,,,,,,,18,5,0,5,13,0,13,1.2,19,6,0,6,14,5,19,1.8,2285,1236,356,1592,913,135,1048,0.3,68.3
UNION TERRITORIES:,,TOTAL (UTs),0,0,0,0,0,0,0,0.0,25,35,6,41,17,4,21,0.3,3,1,0,1,3,0,3,0.0,0,0,0,0,0,0,0,0.0,0,0,0,0,0,0,0,0.0,65,49,19,68,20,4,24,0.3,93,85,25,110,40,8,48,0.6,47,0,0,0,44,3,47,0.6,297,2,0,2,281,35,316,3.9,344,2,0,2,325,38,363,4.5,168,21,1,22,141,18,159,2.0,0,0,0,0,0,0,0,0.0,21,12,3,15,15,5,20,0.2,21,12,3,15,15,5,20,0.2,510,61,10,71,389,80,469,5.8,22,2,0,2,16,5,21,0.3,532,63,10,73,405,85,490,6.1,236,207,6,213,35,0,35,0.4,13,2,0,2,6,5,11,0.1,48,12,4,16,44,5,49,0.6,75,15,6,21,16,53,69,0.9,127,38,3,41,75,67,142,1.8,263,67,13,80,141,130,271,3.4,43,25,3,28,19,2,21,0.3,381,1,0,1,335,46,381,4.7,273,1,0,1,231,42,273,3.4,20,0,0,0,0,19,19,0.2,313,0,0,0,306,6,312,3.9,987,2,0,2,872,113,985,12.2,7,3,0,3,4,0,4,0.0,0,0,0,0,0,0,0,0.0,72,0,0,0,44,30,74,0.9,11,1,0,1,7,3,10,0.1,3,3,0,3,4,0,4,0.0,29,5,2,7,16,7,23,0.3,77,15,0,15,43,20,63,0.8,192,24,2,26,114,60,174,2.2,,,,,,,,,0,0,0,0,0,0,0,0.0,16,1,0,1,14,4,18,0.2,9750,7383,1466,8849,2055,246,2301,28.5,0,0,0,0,0,0,0,0.0,1296,325,34,359,833,104,937,11.6,11046,7708,1500,9208,2888,350,3238,40.1,,,,,,,,,1785,219,26,245,1253,333,1586,19.7,650,8,1,9,542,116,658,8.2,16383,8447,1590,10037,6808,1262,8070,2.1,33.4
UNION TERRITORIES:,,TOTAL (ALL INDIA),11,4,5,9,37,8,45,0.0,949,180,79,259,634,313,947,0.3,424,88,37,125,299,133,432,0.1,33,0,0,0,26,7,33,0.0,45,25,0,25,46,7,53,0.0,1623,303,143,446,1038,329,1367,0.4,3074,596,259,855,2043,789,2832,0.7,523,80,44,124,450,135,585,0.2,28962,457,149,606,22661,6795,29456,7.8,29485,537,193,730,23111,6930,30041,8.0,10371,394,75,469,8705,1513,10218,2.7,176,258,35,293,79,11,90,0.0,374,69,27,96,225,134,359,0.1,550,327,62,389,304,145,449,0.1,11360,592,161,753,9265,1557,10822,2.9,2134,151,40,191,1627,354,1981,0.5,13494,743,201,944,10892,1911,12803,3.4,1517,562,56,618,848,107,955,0.3,456,59,35,94,261,201,462,0.1,1661,82,23,105,1382,308,1690,0.4,3400,59,135,194,813,2582,3395,0.9,18076,709,1289,1998,5142,11488,16630,4.4,23593,909,1482,2391,7598,14579,22177,5.9,1413,432,56,488,1018,185,1203,0.3,24266,2665,1774,4439,17335,2595,19930,5.3,5069,238,104,342,3750,1002,4752,1.3,1151,0,71,71,0,1078,1078,0.3,5869,390,5,395,5389,129,5518,1.5,36355,3293,1954,5247,26474,4804,31278,8.3,1168,143,71,214,726,272,998,0.3,372,29,17,46,304,83,387,0.1,9209,1065,877,1942,4811,2739,7550,2.0,520,42,7,49,373,124,497,0.1,130,3,0,3,101,38,139,0.0,13240,2644,2125,4769,5275,3471,8746,2.3,12137,576,280,856,8507,3810,12317,3.3,35236,4330,3289,7619,19067,10182,29249,7.7,,,,,,,,,557,124,62,186,269,131,400,0.1,2126,3,3,6,1526,661,2187,0.6,443001,381228,88654,469882,117055,20368,137423,36.4,1388,186,30,216,1103,215,1318,0.3,31236,3934,631,4565,23639,4126,27765,7.3,475625,385348,89315,474663,141797,24709,166506,44.1,,,,,,,,,53326,6141,2412,8553,34824,11093,45917,12.2,20205,1429,512,1941,15507,4606,20113,5.3,708478,405344,100024,505368,295050,82708,377758,100.0,30.7
CITIES:,36,AGRA,0,0,0,0,0,0,0,0.0,7,3,2,5,4,1,5,0.6,6,2,1,3,3,2,5,0.6,0,0,0,0,0,0,0,0.0,0,0,0,0,0,0,0,0.0,4,2,1,3,2,0,2,0.3,17,7,4,11,9,3,12,1.6,0,0,0,0,0,0,0,0.0,28,8,2,10,15,3,18,2.3,28,8,2,10,15,3,18,2.3,6,2,1,3,3,1,4,0.5,0,0,0,0,0,0,0,0.0,8,3,2,5,2,3,5,0.6,8,3,2,5,2,3,5,0.6,9,4,0,4,4,1,5,0.6,10,3,2,5,5,0,5,0.6,19,7,2,9,9,1,10,1.3,0,0,0,0,0,0,0,0.0,0,0,0,0,0,0,0,0.0,7,2,1,3,3,1,4,0.5,8,1,2,3,0,6,6,0.8,17,5,2,7,8,2,10,1.3,32,8,5,13,11,9,20,2.6,28,12,3,15,15,3,18,2.3,16,0,0,0,13,3,16,2.1,0,0,0,0,0,0,0,0.0,3,0,0,0,0,3,3,0.4,0,0,0,0,0,0,0,0.0,19,0,0,0,13,6,19,2.5,0,0,0,0,0,0,0,0.0,8,2,3,5,3,5,8,1.0,33,16,3,19,18,4,22,2.8,0,0,0,0,0,0,0,0.0,0,0,0,0,0,0,0,0.0,5,0,0,0,4,1,5,0.6,0,0,0,0,0,0,0,0.0,,,,,,,,,38,16,3,19,22,5,27,3.5,0,0,0,0,0,0,0,0.0,0,0,0,0,0,0,0,0.0,1021,641,57,698,447,53,500,64.6,32,11,6,17,19,5,24,3.1,89,16,5,21,61,6,67,8.7,,,,,,,,,1142,668,68,736,527,64,591,76.4,27,5,3,8,17,2,19,2.5,29,11,3,14,18,5,23,3.0,1401,749,99,848,664,110,774,1.3,44.3
CITIES:,37,AHMEDABAD,0,0,0,0,0,0,0,0.0,6,0,0,0,5,1,6,0.4,2,0,0,0,2,0,2,0.1,0,0,0,0,0,0,0,0.0,0,0,0,0,0,0,0,0.0,8,0,0,0,7,1,8,0.5,16,0,0,0,14,2,16,1.0,2,0,0,0,1,1,2,0.1,73,0,0,0,55,18,73,4.5,75,0,0,0,56,19,75,4.6,17,0,0,0,14,3,17,1.1,0,0,0,0,0,0,0,0.0,0,0,0,0,0,0,0,0.0,0,0,0,0,0,0,0,0.0,155,0,0,0,128,27,155,9.6,2,0,0,0,1,1,2,0.1,157,0,0,0,129,28,157,9.7,7,0,0,0,5,2,7,0.4,0,0,0,0,0,0,0,0.0,33,0,0,0,29,4,33,2.0,42,0,0,0,12,30,42,2.6,12,0,0,0,11,1,12,0.7,87,0,0,0,52,35,87,5.4,0,0,0,0,0,0,0,0.0,150,0,0,0,133,17,150,9.3,41,0,0,0,31,10,41,2.5,8,0,0,0,0,8,8,0.5,0,0,0,0,0,0,0,0.0,199,0,0,0,164,35,199,12.3,0,0,0,0,0,0,0,0.0,0,0,0,0,0,0,0,0.0,4,0,0,0,4,0,4,0.2,0,0,0,0,0,0,0,0.0,0,0,0,0,0,0,0,0.0,3,0,0,0,3,0,3,0.2,13,0,0,0,10,3,13,0.8,,,,,,,,,20,0,0,0,17,3,20,1.2,0,0,0,0,0,0,0,0.0,0,0,0,0,0,0,0,0.0,2199,1885,314,2199,226,42,268,16.6,38,0,0,0,30,8,38,2.3,0,0,0,0,0,0,0,0.0,,,,,,,,,2237,1885,314,2199,256,50,306,18.9,688,0,0,0,515,173,688,42.5,46,0,0,0,38,8,46,2.8,3549,1885,314,2199,1260,358,1618,2.7,25.5
CITIES:,38,ALLAHABAD,0,0,0,0,0,0,0,0.0,3,0,0,0,3,0,3,1.0,0,0,0,0,0,0,0,0.0,0,0,0,0,0,0,0,0.0,0,0,0,0,0,0,0,0.0,0,0,0,0,0,0,0,0.0,3,0,0,0,3,0,3,1.0,0,0,0,0,0,0,0,0.0,34,0,0,0,31,3,34,11.9,34,0,0,0,31,3,34,11.9,8,0,0,0,8,0,8,2.8,0,0,0,0,0,0,0,0.0,0,0,0,0,0,0,0,0.0,0,0,0,0,0,0,0,0.0,6,0,0,0,6,0,6,2.1,0,0,0,0,0,0,0,0.0,6,0,0,0,6,0,6,2.1,0,0,0,0,0,0,0,0.0,0,0,0,0,0,0,0,0.0,0,0,0,0,0,0,0,0.0,3,0,0,0,2,1,3,1,27,0,0,0,8,20,28,9.8,30,0,0,0,10,21,31,10.8,27,0,0,0,24,3,27,9.4,14,0,0,0,10,4,14,4.9,6,2,0,2,3,1,4,1.4,1,0,0,0,0,1,1,0.3,2,0,0,0,2,0,2,0.7,23,2,0,2,15,6,21,7.3,1,0,0,0,1,0,1,0.3,0,0,0,0,0,0,0,0.0,5,0,0,0,2,3,5,1.7,1,0,0,0,1,0,1,0.3,0,0,0,0,0,0,0,0.0,0,0,0,0,0,0,0,0.0,3,0,0,0,2,1,3,1.0,,,,,,,,,9,0,0,0,5,4,9,3.1,0,0,0,0,0,0,0,0.0,2,0,0,0,2,0,2,0.7,338,161,83,244,55,43,98,34.3,1,0,0,0,1,0,1,0.3,13,0,0,0,12,3,15,5.2,,,,,,,,,352,161,83,244,68,46,114,39.9,0,0,0,0,0,0,0,0.0,30,0,0,0,24,6,30,10.5,525,163,83,246,197,89,286,0.5,23.5
CITIES:,39,AMRITSAR,0,0,0,0,0,0,0,0.0,0,0,0,0,0,0,0,0.0,0,0,0,0,0,0,0,0.0,0,0,0,0,0,0,0,0.0,0,0,0,0,0,0,0,0.0,0,0,0,0,0,0,0,0.0,0,0,0,0,0,0,0,0.0,0,0,0,0,0,0,0,0.0,10,0,0,0,9,1,10,5.0,10,0,0,0,9,1,10,5.0,9,0,0,0,5,4,9,4.5,0,0,0,0,0,0,0,0.0,0,0,0,0,0,0,0,0.0,0,0,0,0,0,0,0,0.0,23,0,0,0,19,4,23,11.4,0,0,0,0,0,0,0,0.0,23,0,0,0,19,4,23,11.4,1,0,0,0,1,0,1,0.5,0,0,0,0,0,0,0,0.0,0,0,0,0,0,0,0,0.0,6,0,0,0,2,4,6,3.0,8,0,0,0,8,0,8,4,14,0,0,0,10,4,14,6.9,0,0,0,0,0,0,0,0.0,17,0,0,0,16,1,17,8.4,0,0,0,0,0,0,0,0.0,0,0,0,0,0,0,0,0.0,16,0,0,0,16,0,16,7.9,33,0,0,0,32,1,33,16.3,0,0,0,0,0,0,0,0.0,0,0,0,0,0,0,0,0.0,9,0,0,0,2,7,9,4.5,0,0,0,0,0,0,0,0.0,0,0,0,0,0,0,0,0.0,4,0,0,0,4,0,4,2.0,0,0,0,0,0,0,0,0.0,,,,,,,,,13,0,0,0,6,7,13,6.4,0,0,0,0,0,0,0,0.0,1,0,0,0,1,0,1,0.5,135,66,10,76,80,18,98,48.5,0,0,0,0,0,0,0,0.0,0,0,0,0,0,0,0,0.0,,,,,,,,,135,66,10,76,80,18,98,48.5,0,0,0,0,0,0,0,0.0,0,0,0,0,0,0,0,0.0,239,66,10,76,163,39,202,0.3,17.1
CITIES:,40,ASANSOL,0,0,0,0,0,0,0,0.0,0,0,0,0,0,0,0,0.0,0,0,0,0,0,0,0,0.0,0,0,0,0,0,0,0,0.0,0,0,0,0,0,0,0,0.0,2,0,0,0,2,0,2,0.2,2,0,0,0,2,0,2,0.2,0,0,0,0,0,0,0,0.0,35,0,0,0,31,6,37,3.3,35,0,0,0,31,6,37,3.3,11,0,0,0,9,2,11,1.0,0,0,0,0,0,0,0,0.0,0,0,0,0,0,0,0,0.0,0,0,0,0,0,0,0,0.0,26,0,0,0,23,3,26,2.3,3,0,0,0,3,0,3,0.3,29,0,0,0,26,3,29,2.6,2,0,0,0,2,0,2,0.2,0,0,0,0,0,0,0,0.0,5,4,0,4,6,0,6,0.5,0,0,0,0,0,0,0,0.0,195,0,0,0,37,158,195,17.5,200,4,0,4,43,158,201,18.0,4,0,0,0,4,0,4,0.4,64,0,0,0,54,10,64,5.7,0,0,0,0,0,0,0,0.0,1,0,0,0,0,1,1,0.1,4,0,0,0,4,0,4,0.4,69,0,0,0,58,11,69,6.2,0,0,0,0,0,0,0,0.0,0,0,0,0,0,0,0,0.0,0,0,0,0,0,0,0,0.0,0,0,0,0,0,0,0,0.0,0,0,0,0,0,0,0,0.0,31,0,0,0,17,14,31,2.8,76,0,0,0,51,25,76,6.8,,,,,,,,,107,0,0,0,68,39,107,9.6,0,0,0,0,0,0,0,0.0,0,0,0,0,0,0,0,0.0,434,344,25,369,198,22,220,19.7,0,0,0,0,0,0,0,0.0,0,0,0,0,0,0,0,0.0,,,,,,,,,434,344,25,369,198,22,220,19.7,435,0,0,0,320,115,435,38.9,0,0,0,0,0,0,0,0.0,1328,348,25,373,761,356,1117,1.9,89.9
CITIES:,41,AURANGABAD,0,0,0,0,0,0,0,0.0,0,0,0,0,0,0,0,0.0,0,0,0,0,0,0,0,0.0,0,0,0,0,0,0,0,0.0,0,0,0,0,0,0,0,0.0,0,0,0,0,0,0,0,0.0,0,0,0,0,0,0,0,0.0,0,0,0,0,0,0,0,0.0,55,17,8,25,27,3,30,3.9,55,17,8,25,27,3,30,3.9,90,55,19,74,15,1,16,2.1,0,0,0,0,0,0,0,0.0,4,4,0,4,0,0,0,0.0,4,4,0,4,0,0,0,0.0,241,148,60,208,24,9,33,4.3,19,11,5,16,2,1,3,0.4,260,159,65,224,26,10,36,4.7,200,186,13,199,1,0,1,0.1,0,0,0,0,0,0,0,0.0,0,0,0,0,0,0,0,0.0,0,0,0,0,0,0,0,0.0,359,87,185,272,26,62,88,11.6,359,87,185,272,26,62,88,11.6,0,0,0,0,0,0,0,0.0,284,66,26,92,166,26,192,25.2,192,72,25,97,76,19,95,12.5,32,0,17,17,0,15,15,2.0,90,72,0,72,18,0,18,2.4,598,210,68,278,260,60,320,42.0,15,10,5,15,0,0,0,0.0,0,0,0,0,0,0,0,0.0,439,246,186,432,11,3,14,1.8,0,0,0,0,0,0,0,0.0,0,0,0,0,0,0,0,0.0,56,39,15,54,0,2,2,0.3,0,0,0,0,0,0,0,0.0,,,,,,,,,495,285,201,486,11,5,16,2.1,0,0,0,0,0,0,0,0.0,0,0,0,0,0,0,0,0.0,2037,1585,462,2047,149,24,173,22.7,0,0,0,0,0,0,0,0.0,28,0,0,0,26,2,28,3.7,,,,,,,,,2065,1585,462,2047,175,26,201,26.4,353,212,88,300,42,11,53,7.0,0,0,0,0,0,0,0,0.0,4494,2810,1114,3924,583,178,761,1.3,64.0
CITIES:,42,BENGALURU,0,0,0,0,0,0,0,0.0,2,4,0,4,2,2,4,0.1,1,0,0,0,1,0,1,0.0,0,0,0,0,0,0,0,0.0,0,0,0,0,0,0,0,0.0,3,0,0,0,2,1,3,0.1,6,4,0,4,5,3,8,0.2,0,0,0,0,0,0,0,0.0,98,0,0,0,75,25,100,3.0,98,0,0,0,75,25,100,3.0,42,0,0,0,31,11,42,1.3,0,0,0,0,0,0,0,0.0,0,0,0,0,0,0,0,0.0,0,0,0,0,0,0,0,0.0,187,0,0,0,159,28,187,5.6,1,0,0,0,1,0,1,0.0,188,0,0,0,160,28,188,5.7,1,0,0,0,1,0,1,0.0,0,0,0,0,0,0,0,0.0,13,0,0,0,9,4,13,0.4,92,0,0,0,27,70,97,2.9,125,0,0,0,45,82,127,3.8,230,0,0,0,81,156,237,7.1,1,0,0,0,1,0,1,0.0,248,0,0,0,228,22,250,7.5,76,0,0,0,68,9,77,2.3,3,0,0,0,0,3,3,0.1,100,0,0,0,106,2,108,3.3,427,0,0,0,402,36,438,13.2,0,0,0,0,0,0,0,0.0,0,0,0,0,0,0,0,0.0,17,0,0,0,12,5,17,0.5,5,0,0,0,5,0,5,0.2,2,0,0,0,0,2,2,0.1,12,0,0,0,7,5,12,0.4,143,0,0,0,97,48,145,4.4,,,,,,,,,179,0,0,0,121,60,181,5.5,0,0,0,0,0,0,0,0.0,33,0,0,0,27,6,33,1.0,5215,3294,1040,4334,601,151,752,22.7,0,0,0,0,0,0,0,0.0,0,0,0,0,0,0,0,0.0,,,,,,,,,5215,3294,1040,4334,601,151,752,22.7,437,0,0,0,368,69,437,13.2,887,0,0,0,763,137,900,27.1,7744,3298,1040,4338,2636,682,3318,5.6,39.0
CITIES:,43,BHOPAL,0,0,0,0,0,0,0,0.0,3,0,0,0,3,0,3,0.4,0,0,0,0,0,0,0,0.0,0,0,0,0,0,0,0,0.0,0,0,0,0,0,0,0,0.0,0,0,0,0,0,0,0,0.0,3,0,0,0,3,0,3,0.4,0,0,0,0,0,0,0,0.0,33,0,0,0,27,6,33,4.0,33,0,0,0,27,6,33,4.0,28,3,0,3,24,4,28,3.4,0,0,0,0,0,0,0,0.0,0,0,0,0,0,0,0,0.0,0,0,0,0,0,0,0,0.0,21,1,0,1,15,6,21,2.5,2,0,0,0,2,0,2,0.2,23,1,0,1,17,6,23,2.8,2,0,0,0,2,0,2,0.2,0,0,0,0,0,0,0,0.0,0,0,0,0,0,0,0,0.0,22,0,0,0,4,18,22,2.7,17,0,0,0,4,13,17,2.1,39,0,0,0,8,31,39,4.7,2,0,0,0,2,0,2,0.2,79,0,0,0,73,6,79,9.6,7,0,0,0,7,0,7,0.8,2,0,0,0,0,2,2,0.2,11,0,0,0,11,0,11,1.3,99,0,0,0,91,8,99,12.0,0,0,0,0,0,0,0,0.0,0,0,0,0,0,0,0,0.0,38,0,0,0,23,15,38,4.6,0,0,0,0,0,0,0,0.0,0,0,0,0,0,0,0,0.0,3,0,0,0,1,2,3,0.4,9,0,0,0,5,4,9,1.1,,,,,,,,,50,0,0,0,29,21,50,6.1,0,0,0,0,0,0,0,0.0,5,0,0,0,5,0,5,0.6,2427,1631,189,1820,168,27,195,23.6,19,0,0,0,16,3,19,2.3,0,0,0,0,0,0,0,0.0,,,,,,,,,2446,1631,189,1820,184,30,214,25.9,271,0,0,0,218,53,271,32.8,57,0,0,0,46,11,57,6.9,3058,1635,189,1824,656,170,826,1.4,43.9
CITIES:,44,CHANDIGARH (CITY),0,0,0,0,0,0,0,0.0,1,0,0,0,0,1,1,0.3,0,0,0,0,0,0,0,0.0,0,0,0,0,0,0,0,0.0,0,0,0,0,0,0,0,0.0,0,0,0,0,0,0,0,0.0,1,0,0,0,0,1,1,0.3,0,0,0,0,0,0,0,0.0,1,0,0,0,1,0,1,0.3,1,0,0,0,1,0,1,0.3,2,0,0,0,2,0,2,0.5,0,0,0,0,0,0,0,0.0,0,0,0,0,0,0,0,0.0,0,0,0,0,0,0,0,0.0,29,0,0,0,25,4,29,7.8,2,0,0,0,1,1,2,0.5,31,0,0,0,26,5,31,8.4,0,0,0,0,0,0,0,0.0,2,0,0,0,1,1,2,0.5,2,0,0,0,2,0,2,0.5,3,0,0,0,0,3,3,0.8,11,0,0,0,2,9,11,3.0,18,0,0,0,5,13,18,4.9,0,0,0,0,0,0,0,0.0,42,0,0,0,38,4,42,11.4,4,0,0,0,4,0,4,1.1,4,0,0,0,0,4,4,1.1,18,0,0,0,18,0,18,4.9,68,0,0,0,60,8,68,18.4,1,0,0,0,1,0,1,0.3,0,0,0,0,0,0,0,0.0,2,0,0,0,1,1,2,0.5,3,0,0,0,1,2,3,0.8,1,0,0,0,1,0,1,0.3,1,0,0,0,0,1,1,0.3,7,0,0,0,5,2,7,1.9,,,,,,,,,14,0,0,0,8,6,14,3.8,0,0,0,0,0,0,0,0.0,0,0,0,0,0,0,0,0.0,397,228,94,322,101,18,119,32.2,0,0,0,0,0,0,0,0.0,0,0,0,0,0,0,0,0.0,,,,,,,,,397,228,94,322,101,18,119,32.2,63,0,0,0,50,13,63,17.0,52,0,0,0,44,8,52,14.1,648,228,94,322,298,72,370,0.6,36.1
CITIES:,45,CHENNAI,0,0,0,0,0,0,0,0.0,3,0,0,0,1,2,3,0.1,1,0,0,0,1,0,1,0.0,0,0,0,0,0,0,0,0.0,0,0,0,0,0,0,0,0.0,14,0,0,0,12,1,13,0.3,18,0,0,0,14,3,17,0.4,0,0,0,0,0,0,0,0.0,265,4,3,7,227,31,258,6.8,265,4,3,7,227,31,258,6.8,61,0,0,0,59,5,64,1.7,0,0,0,0,0,0,0,0.0,4,0,0,0,3,1,4,0.1,4,0,0,0,3,1,4,0.1,220,7,2,9,189,22,211,5.5,3,0,0,0,3,0,3,0.1,223,7,2,9,192,22,214,5.6,6,4,1,5,1,0,1,0.0,0,0,0,0,0,0,0,0.0,23,0,0,0,22,3,25,0.7,76,0,1,1,17,58,75,2.0,134,3,2,5,67,66,133,3.5,233,3,3,6,106,127,233,6.1,0,0,0,0,0,0,0,0.0,449,0,0,0,393,56,449,11.8,86,0,0,0,73,13,86,2.3,5,0,0,0,0,5,5,0.1,212,0,0,0,207,5,212,5.5,752,0,0,0,673,79,752,19.7,1,0,0,0,0,1,1,0.0,0,0,0,0,0,0,0,0.0,40,0,0,0,29,11,40,1.0,0,0,0,0,0,0,0,0.0,4,0,0,0,4,0,4,0.1,14,0,0,0,10,4,14,0.4,93,0,0,0,67,26,93,2.4,,,,,,,,,151,0,0,0,110,41,151,4.0,0,0,0,0,0,0,0,0.0,9,0,0,0,7,2,9,0.2,9705,7869,831,8700,1068,179,1247,32.6,0,0,0,0,0,0,0,0.0,0,0,0,0,0,0,0,0.0,,,,,,,,,9705,7869,831,8700,1068,179,1247,32.6,648,2,1,3,489,159,648,17.0,222,0,0,0,182,40,222,5.8,12298,7889,841,8730,3131,690,3821,6.5,43.9
CITIES:,46,COIMBATORE,0,0,0,0,0,0,0,0.0,0,0,0,0,0,0,0,0.0,0,0,0,0,0,0,0,0.0,0,0,0,0,0,0,0,0.0,0,0,0,0,0,0,0,0.0,0,0,0,0,0,0,0,0.0,0,0,0,0,0,0,0,0.0,0,0,0,0,0,0,0,0.0,16,0,0,0,15,1,16,3.1,16,0,0,0,15,1,16,3.1,10,0,0,0,10,0,10,1.9,0,0,0,0,0,0,0,0.0,0,0,0,0,0,0,0,0.0,0,0,0,0,0,0,0,0.0,27,0,0,0,26,1,27,5.2,2,0,0,0,1,1,2,0.4,29,0,0,0,27,2,29,5.5,0,0,0,0,0,0,0,0.0,0,0,0,0,0,0,0,0.0,1,0,0,0,1,0,1,0.2,4,0,0,0,1,3,4,0.8,11,0,0,0,4,7,11,2.1,16,0,0,0,6,10,16,3.1,0,0,0,0,0,0,0,0.0,62,0,0,0,57,5,62,11.8,14,0,0,0,8,6,14,2.7,1,0,0,0,0,1,1,0.2,29,0,0,0,29,0,29,5.5,106,0,0,0,94,12,106,20.2,0,0,0,0,0,0,0,0.0,0,0,0,0,0,0,0,0.0,1,0,0,0,1,0,1,0.2,0,0,0,0,0,0,0,0.0,0,0,0,0,0,0,0,0.0,3,0,0,0,1,2,3,0.6,1,0,0,0,1,0,1,0.2,,,,,,,,,5,0,0,0,3,2,5,1.0,0,0,0,0,0,0,0,0.0,2,0,0,0,1,1,2,0.4,1300,854,284,1138,212,36,248,47.3,0,0,0,0,0,0,0,0.0,0,0,0,0,0,0,0,0.0,,,,,,,,,1300,854,284,1138,212,36,248,47.3,82,0,0,0,67,15,82,15.6,10,0,0,0,9,1,10,1.9,1576,854,284,1138,444,80,524,0.9,24.4
CITIES:,47,DELHI (CITY),0,0,0,0,0,0,0,0.0,17,30,3,33,15,3,18,0.3,3,1,0,1,3,0,3,0.1,0,0,0,0,0,0,0,0.0,0,0,0,0,0,0,0,0.0,52,39,18,57,14,4,18,0.3,72,70,21,91,32,7,39,0.8,46,0,0,0,43,3,46,0.9,60,1,0,1,62,8,70,1.4,106,1,0,1,105,11,116,2.2,82,14,1,15,74,5,79,1.5,0,0,0,0,0,0,0,0.0,18,12,0,12,14,5,19,0.4,18,12,0,12,14,5,19,0.4,346,60,10,70,250,56,306,5.9,13,2,0,2,10,1,11,0.2,359,62,10,72,260,57,317,6.1,141,118,3,121,26,0,26,0.5,5,2,0,2,2,1,3,0.1,42,12,4,16,39,4,43,0.8,35,13,6,19,6,24,30,0.6,81,32,2,34,62,35,97,1.9,163,59,12,71,109,64,173,3.3,41,24,3,27,18,2,20,0.4,202,0,0,0,170,32,202,3.9,1,0,0,0,1,1,2,0.0,7,0,0,0,0,7,7,0.1,56,0,0,0,56,0,56,1.1,266,0,0,0,227,40,267,5.2,3,3,0,3,0,0,0,0.0,0,0,0,0,0,0,0,0.0,37,0,0,0,24,14,38,0.7,5,1,0,1,3,1,4,0.1,1,0,0,0,1,0,1,0.0,10,5,2,7,3,1,4,0.1,45,14,0,14,22,9,31,0.6,,,,,,,,,98,20,2,22,53,25,78,1.5,0,0,0,0,0,0,0,0.0,10,1,0,1,9,3,12,0.2,6566,4817,820,5637,1377,153,1530,29.6,0,0,0,0,0,0,0,0.0,1285,325,34,359,826,100,926,17.9,,,,,,,,,7851,5142,854,5996,2203,253,2456,47.5,1263,213,26,239,859,211,1070,20.7,495,2,1,3,422,81,503,9.7,10968,5741,933,6674,4411,764,5175,8.8,31.7
CITIES:,48,DHANBAD,0,0,0,0,0,0,0,0.0,1,1,1,2,1,0,1,1.1,1,1,0,1,1,0,1,1.1,0,0,0,0,0,0,0,0.0,0,0,0,0,0,0,0,0.0,0,0,0,0,0,0,0,0.0,2,2,1,3,2,0,2,2.3,0,0,0,0,0,0,0,0.0,1,0,0,0,1,0,1,1.1,1,0,0,0,1,0,1,1.1,0,0,0,0,0,0,0,0.0,0,0,0,0,0,0,0,0.0,0,0,0,0,0,0,0,0.0,0,0,0,0,0,0,0,0.0,0,0,0,0,0,0,0,0.0,2,0,0,0,1,1,2,2.3,2,0,0,0,1,1,2,2.3,0,0,0,0,0,0,0,0.0,0,0,0,0,0,0,0,0.0,0,0,0,0,0,0,0,0.0,1,0,0,0,0,1,1,1.1,0,0,0,0,0,0,0,0.0,1,0,0,0,0,1,1,1.1,0,0,0,0,0,0,0,0.0,16,0,0,0,20,5,25,28.4,0,0,0,0,0,0,0,0.0,1,0,0,0,0,1,1,1.1,0,0,0,0,0,0,0,0.0,17,0,0,0,20,6,26,29.5,0,0,0,0,0,0,0,0.0,1,1,0,1,1,0,1,1.1,2,0,0,0,1,1,2,2.3,0,0,0,0,0,0,0,0.0,0,0,0,0,0,0,0,0.0,0,0,0,0,0,0,0,0.0,1,0,0,0,1,0,1,1.1,,,,,,,,,3,0,0,0,2,1,3,3.4,0,0,0,0,0,0,0,0.0,4,0,0,0,3,1,4,4.5,110,125,10,135,41,6,47,53.4,0,0,0,0,0,0,0,0.0,0,0,0,0,0,0,0,0.0,,,,,,,,,110,125,10,135,41,6,47,53.4,0,0,0,0,0,0,0,0.0,1,0,0,0,1,0,1,1.1,142,128,11,139,72,16,88,0.1,7.4
CITIES:,49,DURG BHILAINAGAR,0,0,0,0,0,0,0,0.0,0,0,0,0,0,0,0,0.0,0,0,0,0,0,0,0,0.0,0,0,0,0,0,0,0,0.0,0,0,0,0,0,0,0,0.0,0,0,0,0,0,0,0,0.0,0,0,0,0,0,0,0,0.0,6,0,0,0,3,3,6,0.7,61,0,0,0,55,6,61,7.3,67,0,0,0,58,9,67,8.0,32,0,0,0,27,5,32,3.8,0,0,0,0,0,0,0,0.0,0,0,0,0,0,0,0,0.0,0,0,0,0,0,0,0,0.0,12,0,0,0,8,4,12,1.4,0,0,0,0,0,0,0,0.0,12,0,0,0,8,4,12,1.4,2,0,0,0,2,0,2,0.2,0,0,0,0,0,0,0,0.0,0,0,0,0,0,0,0,0.0,0,0,0,0,0,0,0,0.0,77,0,0,0,31,46,77,9.2,77,0,0,0,31,46,77,9.2,0,0,0,0,0,0,0,0.0,0,0,0,0,0,0,0,0.0,0,0,0,0,0,0,0,0.0,0,0,0,0,0,0,0,0.0,6,0,0,0,6,0,6,0.7,6,0,0,0,6,0,6,0.7,0,0,0,0,0,0,0,0.0,0,0,0,0,0,0,0,0.0,7,0,0,0,6,1,7,0.8,0,0,0,0,0,0,0,0.0,0,0,0,0,0,0,0,0.0,2,0,0,0,2,0,2,0.2,0,0,0,0,0,0,0,0.0,,,,,,,,,9,0,0,0,8,1,9,1.1,0,0,0,0,0,0,0,0.0,0,0,0,0,0,0,0,0.0,206,0,0,0,184,22,206,24.6,0,0,0,0,0,0,0,0.0,41,0,0,0,32,9,41,4.9,,,,,,,,,247,0,0,0,216,31,247,29.4,1,0,0,0,1,0,1,0.1,386,0,0,0,300,86,386,46.0,839,0,0,0,657,182,839,1.4,78.9
CITIES:,50,FARIDABAD,0,0,0,0,0,0,0,0.0,0,0,0,0,0,0,0,0.0,0,0,0,0,0,0,0,0.0,0,0,0,0,0,0,0,0.0,0,0,0,0,0,0,0,0.0,5,0,0,0,3,2,5,0.9,5,0,0,0,3,2,5,0.9,0,0,0,0,0,0,0,0.0,34,0,0,0,31,3,34,5.8,34,0,0,0,31,3,34,5.8,46,0,0,0,41,5,46,7.8,0,0,0,0,0,0,0,0.0,0,0,0,0,0,0,0,0.0,0,0,0,0,0,0,0,0.0,50,0,0,0,44,6,50,8.5,0,0,0,0,0,0,0,0.0,50,0,0,0,44,6,50,8.5,17,0,0,0,17,0,17,2.9,0,0,0,0,0,0,0,0.0,0,0,0,0,0,0,0,0.0,16,0,0,0,10,6,16,2.7,0,0,0,0,0,0,0,0.0,16,0,0,0,10,6,16,2.7,2,0,0,0,2,0,2,0.3,43,0,0,0,40,3,43,7.3,4,0,0,0,3,1,4,0.7,3,0,0,0,0,3,3,0.5,42,0,0,0,42,0,42,7.2,92,0,0,0,85,7,92,15.7,4,0,0,0,2,2,4,0.7,3,0,0,0,0,3,3,0.5,21,0,0,0,9,12,21,3.6,0,0,0,0,0,0,0,0.0,0,0,0,0,0,0,0,0.0,1,0,0,0,1,0,1,0.2,0,0,0,0,0,0,0,0.0,,,,,,,,,22,0,0,0,10,12,22,3.8,0,0,0,0,0,0,0,0.0,6,0,0,0,3,3,6,1.0,678,468,39,507,168,48,216,36.9,0,0,0,0,0,0,0,0.0,0,0,0,0,0,0,0,0.0,,,,,,,,,678,468,39,507,168,48,216,36.9,78,0,0,0,63,8,71,12.1,2,0,0,0,1,1,2,0.3,1055,468,39,507,480,106,586,1.0,41.7
CITIES:,51,GHAZIABAD,0,0,0,0,0,0,0,0.0,1,0,0,0,1,0,1,0.3,0,0,0,0,0,0,0,0.0,0,0,0,0,0,0,0,0.0,0,0,0,0,0,0,0,0.0,0,0,0,0,0,0,0,0.0,1,0,0,0,1,0,1,0.3,0,0,0,0,0,0,0,0.0,13,0,0,0,13,0,13,3.9,13,0,0,0,13,0,13,3.9,21,0,0,0,20,1,21,6.3,0,0,0,0,0,0,0,0.0,0,0,0,0,0,0,0,0.0,0,0,0,0,0,0,0,0.0,30,0,0,0,27,3,30,9.0,0,0,0,0,0,0,0,0.0,30,0,0,0,27,3,30,9.0,1,0,0,0,1,0,1,0.3,8,0,0,0,5,3,8,2.4,0,0,0,0,0,0,0,0.0,0,0,0,0,0,0,0,0.0,8,0,0,0,5,3,8,2.4,16,0,0,0,10,6,16,4.8,7,0,0,0,5,2,7,2.1,0,0,0,0,0,0,0,0.0,0,0,0,0,0,0,0,0.0,0,0,0,0,0,0,0,0.0,0,0,0,0,0,0,0,0.0,0,0,0,0,0,0,0,0.0,0,0,0,0,0,0,0,0.0,0,0,0,0,0,0,0,0.0,0,0,0,0,0,0,0,0.0,0,0,0,0,0,0,0,0.0,0,0,0,0,0,0,0,0.0,0,0,0,0,0,0,0,0.0,0,0,0,0,0,0,0,0.0,,,,,,,,,0,0,0,0,0,0,0,0.0,0,0,0,0,0,0,0,0.0,0,0,0,0,0,0,0,0.0,226,67,4,71,98,15,113,33.8,21,3,1,4,20,1,21,6.3,78,6,2,8,58,4,62,18.6,,,,,,,,,325,76,7,83,176,20,196,58.7,10,18,5,23,45,4,49,14.7,0,0,0,0,0,0,0,0.0,424,94,12,106,298,36,334,0.6,14.2
CITIES:,52,GWALIOR,0,0,0,0,0,0,0,0.0,0,0,0,0,0,0,0,0.0,0,0,0,0,0,0,0,0.0,0,0,0,0,0,0,0,0.0,0,0,0,0,0,0,0,0.0,0,0,0,0,0,0,0,0.0,0,0,0,0,0,0,0,0.0,0,0,0,0,0,0,0,0.0,11,0,0,0,10,1,11,5.0,11,0,0,0,10,1,11,5.0,10,1,1,2,8,2,10,4.6,0,0,0,0,0,0,0,0.0,1,0,0,0,1,0,1,0.5,1,0,0,0,1,0,1,0.5,9,2,1,3,9,0,9,4.1,3,0,0,0,3,0,3,1.4,12,2,1,3,12,0,12,5.5,0,0,0,0,0,0,0,0.0,0,0,0,0,0,0,0,0.0,0,0,0,0,0,0,0,0.0,5,1,0,1,1,4,5,2.3,2,0,0,0,1,1,2,0.9,7,1,0,1,2,5,7,3.2,0,0,0,0,0,0,0,0.0,1,0,0,0,1,0,1,0.5,1,0,0,0,0,1,1,0.5,0,0,0,0,0,0,0,0.0,4,0,0,0,4,0,4,1.8,6,0,0,0,5,1,6,2.7,0,0,0,0,0,0,0,0.0,1,0,4,4,1,0,1,0.5,0,0,0,0,0,0,0,0.0,0,0,0,0,0,0,0,0.0,0,0,0,0,0,0,0,0.0,1,0,0,0,0,1,1,0.5,0,0,0,0,0,0,0,0.0,,,,,,,,,1,0,0,0,0,1,1,0.5,0,0,0,0,0,0,0,0.0,1,0,0,0,1,0,1,0.5,1220,1080,61,1141,114,14,128,58.4,0,0,0,0,0,0,0,0.0,29,0,0,0,24,5,29,13.2,,,,,,,,,1249,1080,61,1141,138,19,157,71.7,12,0,0,0,9,3,12,5.5,0,0,0,0,0,0,0,0.0,1311,1084,67,1151,187,32,219,0.4,19.9
CITIES:,53,HYDERABAD,0,0,0,0,0,0,0,0.0,2,0,0,0,2,1,3,0.2,2,17,0,17,19,0,19,1.3,0,0,0,0,0,0,0,0.0,0,0,0,0,0,0,0,0.0,24,0,0,0,18,6,24,1.6,28,17,0,17,39,7,46,3.0,1,0,0,0,1,0,1,0.1,73,1,0,1,57,16,73,4.8,74,1,0,1,58,16,74,4.9,23,1,1,2,22,1,23,1.5,1,43,19,62,5,0,5,0.3,5,0,0,0,3,3,6,0.4,6,43,19,62,8,3,11,0.7,111,9,1,10,96,16,112,7.4,22,0,0,0,16,6,22,1.4,133,9,1,10,112,22,134,8.8,1,0,0,0,1,0,1,0.1,10,0,2,2,0,8,8,0.5,19,0,0,0,14,5,19,1.3,87,1,1,2,22,69,91,6.0,43,1,0,1,19,25,44,2.9,159,2,3,5,55,107,162,10.7,0,0,0,0,0,0,0,0.0,51,0,0,0,48,3,51,3.4,56,0,0,0,48,8,56,3.7,0,0,0,0,0,0,0,0.0,43,0,0,0,41,2,43,2.8,150,0,0,0,137,13,150,9.9,0,0,0,0,0,0,0,0.0,0,0,0,0,0,0,0,0.0,12,0,0,0,10,2,12,0.8,4,0,0,0,4,0,4,0.3,0,0,0,0,0,0,0,0.0,1,0,0,0,1,0,1,0.1,166,0,0,0,111,56,167,11.0,,,,,,,,,183,0,0,0,126,58,184,12.1,0,0,0,0,0,0,0,0.0,0,0,0,0,0,0,0,0.0,2439,1884,325,2209,437,59,496,32.6,0,0,0,0,0,0,0,0.0,0,0,0,0,0,0,0,0.0,,,,,,,,,2439,1884,325,2209,437,59,496,32.6,189,0,0,0,144,45,189,12.4,50,0,0,0,38,12,50,3.3,3435,1957,349,2306,1177,343,1520,2.6,19.6
CITIES:,54,INDORE,0,0,0,0,0,0,0,0.0,1,0,0,0,1,0,1,0.1,0,0,0,0,0,0,0,0.0,0,0,0,0,0,0,0,0.0,0,0,0,0,0,0,0,0.0,0,0,0,0,0,0,0,0.0,1,0,0,0,1,0,1,0.1,1,0,0,0,1,0,1,0.1,43,0,0,0,34,9,43,4.2,44,0,0,0,35,9,44,4.3,46,0,0,0,37,9,46,4.5,0,0,0,0,0,0,0,0.0,0,0,0,0,0,0,0,0.0,0,0,0,0,0,0,0,0.0,55,0,0,0,43,12,55,5.3,18,0,0,0,17,1,18,1.7,73,0,0,0,60,13,73,7.1,1,0,0,0,1,0,1,0.1,0,0,0,0,0,0,0,0.0,1,0,0,0,0,1,1,0.1,27,0,0,0,6,21,27,2.6,67,0,0,0,22,45,67,6.5,95,0,0,0,28,67,95,9.2,5,0,0,0,5,0,5,0.5,96,0,0,0,88,8,96,9.3,13,0,0,0,8,5,13,1.3,0,0,0,0,0,0,0,0.0,58,0,0,0,58,0,58,5.6,167,0,0,0,154,13,167,16.2,1,0,0,0,1,0,1,0.1,1,0,0,0,0,1,1,0.1,10,0,0,0,4,6,10,1.0,0,0,0,0,0,0,0,0.0,0,0,0,0,0,0,0,0.0,0,0,0,0,0,0,0,0.0,11,0,0,0,7,4,11,1.1,,,,,,,,,21,0,0,0,11,10,21,2.0,0,0,0,0,0,0,0,0.0,1,0,0,0,1,0,1,0.1,282,32,3,35,236,46,282,27.3,0,0,0,0,0,0,0,0.0,24,0,0,0,23,1,24,2.3,,,,,,,,,306,32,3,35,259,47,306,29.6,197,0,0,0,157,40,197,19.1,74,0,0,0,62,12,74,7.2,1033,32,3,35,812,221,1033,1.8,47.7
CITIES:,55,JABALPUR,0,0,0,0,0,0,0,0.0,7,0,0,0,5,2,7,1.2,3,0,0,0,2,1,3,0.5,0,0,0,0,0,0,0,0.0,0,0,0,0,0,0,0,0.0,6,0,0,0,4,2,6,1.0,16,0,0,0,11,5,16,2.7,8,0,0,0,6,2,8,1.4,46,0,0,0,28,18,46,7.8,54,0,0,0,34,20,54,9.1,45,0,0,0,37,8,45,7.6,2,0,0,0,2,0,2,0.3,1,0,0,0,1,0,1,0.2,3,0,0,0,3,0,3,0.5,42,0,0,0,29,13,42,7.1,13,0,0,0,8,5,13,2.2,55,0,0,0,37,18,55,9.3,5,0,0,0,4,1,5,0.8,1,0,0,0,1,0,1,0.2,7,0,0,0,4,3,7,1.2,23,0,0,0,3,20,23,3.9,27,0,0,0,11,16,27,4.6,58,0,0,0,19,39,58,9.8,3,0,0,0,3,0,3,0.5,23,0,0,0,14,9,23,3.9,17,0,0,0,13,4,17,2.9,13,0,0,0,0,13,13,2.2,27,0,0,0,27,0,27,4.6,80,0,0,0,54,26,80,13.5,0,0,0,0,0,0,0,0.0,0,0,0,0,0,0,0,0.0,47,0,0,0,19,28,47,7.9,0,0,0,0,0,0,0,0.0,0,0,0,0,0,0,0,0.0,31,0,0,0,22,9,31,5.2,0,0,0,0,0,0,0,0.0,,,,,,,,,78,0,0,0,41,37,78,13.2,0,0,0,0,0,0,0,0.0,0,0,0,0,0,0,0,0.0,134,71,32,103,132,13,145,24.5,9,0,0,0,6,3,9,1.5,41,0,0,0,29,12,41,6.9,,,,,,,,,184,71,32,103,167,28,195,32.9,0,0,0,0,0,0,0,0.0,0,0,0,0,0,0,0,0.0,581,71,32,103,410,182,592,1.0,46.7
CITIES:,56,JAIPUR,0,0,0,0,0,0,0,0.0,0,0,0,0,0,0,0,0.0,0,0,0,0,0,0,0,0.0,0,0,0,0,0,0,0,0.0,0,0,0,0,0,0,0,0.0,2,0,0,0,1,1,2,0.1,2,0,0,0,1,1,2,0.1,0,0,0,0,0,0,0,0.0,35,0,0,0,24,11,35,1.6,35,0,0,0,24,11,35,1.6,60,0,0,0,52,8,60,2.7,0,0,0,0,0,0,0,0.0,0,0,0,0,0,0,0,0.0,0,0,0,0,0,0,0,0.0,169,0,0,0,136,33,169,7.6,6,0,0,0,5,1,6,0.3,175,0,0,0,141,34,175,7.8,6,0,0,0,5,1,6,0.3,0,0,0,0,0,0,0,0.0,1,0,0,0,1,0,1,0.0,32,0,0,0,6,26,32,1.4,50,0,0,0,23,27,50,2.2,83,0,0,0,30,53,83,3.7,0,0,0,0,0,0,0,0.0,73,0,0,0,67,6,73,3.3,10,0,0,0,8,2,10,0.4,2,0,0,0,0,2,2,0.1,90,0,0,0,90,0,90,4.0,175,0,0,0,165,10,175,7.8,5,0,0,0,3,2,5,0.2,1,0,0,0,1,0,1,0.0,33,0,0,0,23,10,33,1.5,0,0,0,0,0,0,0,0.0,0,0,0,0,0,0,0,0.0,14,0,0,0,11,3,14,0.6,45,0,0,0,28,17,45,2.0,,,,,,,,,92,0,0,0,62,30,92,4.1,0,0,0,0,0,0,0,0.0,3,0,0,0,2,1,3,0.1,2908,2247,388,2635,690,93,783,35.0,0,0,0,0,0,0,0,0.0,50,0,0,0,39,14,53,2.4,,,,,,,,,2958,2247,388,2635,729,107,836,37.4,312,0,0,0,266,47,313,14.0,451,0,0,0,396,55,451,20.2,4358,2247,388,2635,1877,360,2237,3.8,72.8
CITIES:,57,JAMSHEDPUR,0,0,0,0,0,0,0,0.0,0,0,0,0,0,0,0,0.0,0,0,0,0,0,0,0,0.0,0,0,0,0,0,0,0,0.0,0,0,0,0,0,0,0,0.0,0,0,0,0,0,0,0,0.0,0,0,0,0,0,0,0,0.0,0,0,0,0,0,0,0,0.0,19,0,0,0,18,1,19,7.3,19,0,0,0,18,1,19,7.3,0,0,0,0,0,0,0,0.0,0,0,0,0,0,0,0,0.0,0,0,0,0,0,0,0,0.0,0,0,0,0,0,0,0,0.0,24,0,0,0,24,0,24,9.2,10,0,0,0,8,2,10,3.8,34,0,0,0,32,2,34,13.0,5,0,0,0,5,0,5,1.9,0,0,0,0,0,0,0,0.0,13,0,0,0,12,1,13,5.0,2,0,0,0,0,2,2,0.8,33,0,0,0,8,25,33,12.6,48,0,0,0,20,28,48,18.4,0,0,0,0,0,0,0,0.0,7,0,0,0,6,1,7,2.7,0,0,0,0,0,0,0,0.0,0,0,0,0,0,0,0,0.0,19,0,0,0,19,0,19,7.3,26,0,0,0,25,1,26,10.0,0,0,0,0,0,0,0,0.0,0,0,0,0,0,0,0,0.0,5,0,0,0,4,1,5,1.9,0,0,0,0,0,0,0,0.0,0,0,0,0,0,0,0,0.0,0,0,0,0,0,0,0,0.0,0,0,0,0,0,0,0,0.0,,,,,,,,,5,0,0,0,4,1,5,1.9,0,0,0,0,0,0,0,0.0,0,0,0,0,0,0,0,0.0,250,173,36,209,69,16,85,32.6,0,0,0,0,0,0,0,0.0,0,0,0,0,0,0,0,0.0,,,,,,,,,250,173,36,209,69,16,85,32.6,27,0,0,0,20,7,27,10.3,12,0,0,0,8,4,12,4.6,426,173,36,209,201,60,261,0.4,19.5
CITIES:,58,JODHPUR,0,0,0,0,0,0,0,0.0,16,0,0,0,14,2,16,2.6,5,0,0,0,4,1,5,0.8,0,0,0,0,0,0,0,0.0,0,0,0,0,0,0,0,0.0,0,0,0,0,0,0,0,0.0,21,0,0,0,18,3,21,3.4,0,0,0,0,0,0,0,0.0,29,0,0,0,27,8,35,5.7,29,0,0,0,27,8,35,5.7,23,0,0,0,16,7,23,3.7,0,0,0,0,0,0,0,0.0,0,0,0,0,0,0,0,0.0,0,0,0,0,0,0,0,0.0,2,0,0,0,2,0,2,0.3,7,0,0,0,6,1,7,1.1,9,0,0,0,8,1,9,1.5,4,0,0,0,4,0,4,0.6,0,0,0,0,0,0,0,0.0,0,0,0,0,0,0,0,0.0,11,0,0,0,0,11,11,1.8,15,0,0,0,2,13,15,2.4,26,0,0,0,2,24,26,4.2,0,0,0,0,0,0,0,0.0,20,0,0,0,20,0,20,3.2,13,0,0,0,10,3,13,2.1,1,0,0,0,0,1,1,0.2,10,0,0,0,10,0,10,1.6,44,0,0,0,40,4,44,7.1,0,0,0,0,0,0,0,0.0,1,0,0,0,3,0,3,0.5,12,0,0,0,10,2,12,1.9,0,0,0,0,0,0,0,0.0,0,0,0,0,0,0,0,0.0,1,0,0,0,0,1,1,0.2,0,0,0,0,0,0,0,0.0,,,,,,,,,13,0,0,0,10,3,13,2.1,0,0,0,0,0,0,0,0.0,0,0,0,0,0,0,0,0.0,521,394,85,479,266,25,291,47.2,1,2,0,2,1,0,1,0.2,0,0,0,0,0,0,0,0.0,,,,,,,,,522,396,85,481,267,25,292,47.3,0,0,0,0,0,0,0,0.0,147,0,0,0,121,26,147,23.8,839,396,85,481,516,101,617,1.0,54.2
CITIES:,59,KANNUR,0,0,0,0,0,0,0,0.0,0,0,0,0,0,0,0,0.0,2,0,0,0,2,0,2,1.1,0,0,0,0,0,0,0,0.0,0,0,0,0,0,0,0,0.0,0,0,0,0,0,0,0,0.0,2,0,0,0,2,0,2,1.1,0,0,0,0,0,0,0,0.0,29,0,0,0,22,7,29,15.9,29,0,0,0,22,7,29,15.9,1,0,0,0,1,0,1,0.5,0,0,0,0,0,0,0,0.0,0,0,0,0,0,0,0,0.0,0,0,0,0,0,0,0,0.0,12,0,0,0,11,1,12,6.6,0,0,0,0,0,0,0,0.0,12,0,0,0,11,1,12,6.6,0,0,0,0,0,0,0,0.0,0,0,0,0,0,0,0,0.0,1,0,0,0,1,0,1,0.5,0,0,0,0,0,0,0,0.0,5,0,0,0,0,5,5,2.7,6,0,0,0,1,5,6,3.3,0,0,0,0,0,0,0,0.0,26,0,0,0,23,3,26,14.3,0,0,0,0,0,0,0,0.0,0,0,0,0,0,0,0,0.0,0,0,0,0,0,0,0,0.0,26,0,0,0,23,3,26,14.3,0,0,0,0,0,0,0,0.0,0,0,0,0,0,0,0,0.0,1,0,0,0,1,0,1,0.5,0,0,0,0,0,0,0,0.0,0,0,0,0,0,0,0,0.0,1,0,0,0,0,1,1,0.5,0,0,0,0,0,0,0,0.0,,,,,,,,,2,0,0,0,1,1,2,1.1,0,0,0,0,0,0,0,0.0,0,0,0,0,0,0,0,0.0,593,544,193,737,49,9,58,31.9,0,0,0,0,0,0,0,0.0,34,0,0,0,33,2,35,19.2,,,,,,,,,627,544,193,737,82,11,93,51.1,1,0,0,0,0,1,1,0.5,10,0,0,0,6,4,10,5.5,716,544,193,737,149,33,182,0.3,11.1
CITIES:,60,KANPUR,0,0,0,0,0,0,0,0.0,0,0,0,0,0,0,0,0.0,0,0,0,0,0,0,0,0.0,0,0,0,0,0,0,0,0.0,0,0,0,0,0,0,0,0.0,10,0,0,0,9,1,10,0.6,10,0,0,0,9,1,10,0.6,0,0,0,0,0,0,0,0.0,45,0,0,0,40,5,45,2.8,45,0,0,0,40,5,45,2.8,27,0,0,0,25,2,27,1.7,0,0,0,0,0,0,0,0.0,0,0,0,0,0,0,0,0.0,0,0,0,0,0,0,0,0.0,70,0,0,0,60,10,70,4.3,12,0,0,0,12,0,12,0.7,82,0,0,0,72,10,82,5.0,10,0,0,0,9,1,10,0.6,0,0,0,0,0,0,0,0.0,0,0,0,0,0,0,0,0.0,5,0,0,0,1,4,5,0.3,265,0,0,0,60,195,255,15.6,270,0,0,0,61,199,260,16.0,18,0,0,0,16,2,18,1.1,18,0,0,0,16,2,18,1.1,7,0,0,0,7,0,7,0.4,0,0,0,0,0,0,0,0.0,31,0,0,0,31,0,31,1.9,56,0,0,0,54,2,56,3.4,0,0,0,0,0,0,0,0.0,0,0,0,0,0,0,0,0.0,125,0,0,0,50,75,125,7.7,0,0,0,0,0,0,0,0.0,3,0,0,0,3,0,3,0.2,4,0,0,0,4,0,4,0.2,0,0,0,0,0,0,0,0.0,,,,,,,,,132,0,0,0,57,75,132,8.1,0,0,0,0,0,0,0,0.0,240,0,0,0,130,110,240,14.7,650,0,0,0,465,185,650,39.9,10,0,0,0,9,1,10,0.6,90,0,0,0,65,25,90,5.5,,,,,,,,,750,0,0,0,539,211,750,46.0,0,0,0,0,0,0,0,0.0,0,0,0,0,0,0,0,0.0,1640,0,0,0,1012,618,1630,2.8,55.8
CITIES:,61,KOCHI,0,0,0,0,0,0,0,0.0,0,0,0,0,0,0,0,0.0,0,0,0,0,0,0,0,0.0,0,0,0,0,0,0,0,0.0,0,0,0,0,0,0,0,0.0,0,0,0,0,0,0,0,0.0,0,0,0,0,0,0,0,0.0,0,0,0,0,0,0,0,0.0,50,0,0,0,46,5,51,11.2,50,0,0,0,46,5,51,11.2,9,0,0,0,9,0,9,2.0,0,0,0,0,0,0,0,0.0,0,0,0,0,0,0,0,0.0,0,0,0,0,0,0,0,0.0,34,0,0,0,33,1,34,7.4,0,0,0,0,0,0,0,0.0,34,0,0,0,33,1,34,7.4,1,0,0,0,1,0,1,0.2,2,0,0,0,1,1,2,0.4,2,0,0,0,2,0,2,0.4,2,0,0,0,1,1,2,0.4,9,0,0,0,7,2,9,2.0,15,0,0,0,11,4,15,3.3,0,0,0,0,0,0,0,0.0,92,0,0,0,85,7,92,20.1,1,0,0,0,1,0,1,0.2,0,0,0,0,0,0,0,0.0,12,0,0,0,12,0,12,2.6,105,0,0,0,98,7,105,23.0,0,0,0,0,0,0,0,0.0,0,0,0,0,0,0,0,0.0,0,0,0,0,0,0,0,0.0,0,0,0,0,0,0,0,0.0,0,0,0,0,0,0,0,0.0,0,0,0,0,0,0,0,0.0,3,0,0,0,3,0,3,0.7,,,,,,,,,3,0,0,0,3,0,3,0.7,0,0,0,0,0,0,0,0.0,0,0,0,0,0,0,0,0.0,2248,1610,609,2219,112,39,151,33.0,0,0,0,0,0,0,0,0.0,30,0,0,0,27,3,30,6.6,,,,,,,,,2278,1610,609,2219,139,42,181,39.6,32,0,0,0,30,2,32,7.0,26,0,0,0,24,2,26,5.7,2553,1610,609,2219,394,63,457,0.8,21.6
CITIES:,62,KOLKATA,0,0,0,0,0,0,0,0.0,0,0,0,0,0,0,0,0.0,1,0,0,0,0,1,1,0.1,0,0,0,0,0,0,0,0.0,0,0,0,0,0,0,0,0.0,3,0,0,0,2,1,3,0.4,4,0,0,0,2,2,4,0.5,0,0,0,0,0,0,0,0.0,37,2,1,3,28,6,34,4.2,37,2,1,3,28,6,34,4.2,11,0,0,0,11,0,11,1.3,0,0,0,0,0,0,0,0.0,0,0,0,0,0,0,0,0.0,0,0,0,0,0,0,0,0.0,47,3,0,3,39,5,44,5.4,7,0,0,0,7,0,7,0.9,54,3,0,3,46,5,51,6.2,0,0,0,0,0,0,0,0.0,0,0,0,0,0,0,0,0.0,0,0,0,0,0,0,0,0.0,27,0,0,0,3,24,27,3.3,29,0,0,0,9,20,29,3.5,56,0,0,0,12,44,56,6.8,0,0,0,0,0,0,0,0.0,34,0,0,0,26,8,34,4.2,0,0,0,0,0,0,0,0.0,0,0,0,0,0,0,0,0.0,0,0,0,0,0,0,0,0.0,34,0,0,0,26,8,34,4.2,0,0,0,0,0,0,0,0.0,0,0,0,0,0,0,0,0.0,4,0,0,0,3,1,4,0.5,0,0,0,0,0,0,0,0.0,0,0,0,0,0,0,0,0.0,0,0,0,0,0,0,0,0.0,16,0,0,0,8,8,16,2.0,,,,,,,,,20,0,0,0,11,9,20,2.4,0,0,0,0,0,0,0,0.0,0,0,0,0,0,0,0,0.0,4206,3814,392,4206,346,74,420,51.3,0,0,0,0,0,0,0,0.0,0,0,0,0,0,0,0,0.0,,,,,,,,,4206,3814,392,4206,346,74,420,51.3,0,0,0,0,0,0,0,0.0,188,0,0,0,154,34,188,23.0,4610,3819,393,4212,636,182,818,1.4,5.8
CITIES:,63,KOLLAM,0,0,0,0,0,0,0,0.0,0,0,0,0,0,0,0,0.0,6,4,1,5,1,0,1,0.2,0,0,0,0,0,0,0,0.0,0,0,0,0,0,0,0,0.0,22,2,3,5,15,2,17,3.3,28,6,4,10,16,2,18,3.4,7,2,0,2,5,0,5,1.0,36,0,0,0,36,0,36,6.9,43,2,0,2,41,0,41,7.9,18,4,0,4,14,0,14,2.7,0,0,0,0,0,0,0,0.0,0,0,0,0,0,0,0,0.0,0,0,0,0,0,0,0,0.0,37,8,1,9,27,1,28,5.4,6,0,0,0,4,2,6,1.1,43,8,1,9,31,3,34,6.5,4,3,0,3,1,0,1,0.2,4,1,3,4,0,0,0,0.0,2,1,1,2,0,0,0,0.0,1,0,0,0,0,1,1,0.2,5,0,0,0,0,5,5,1.0,12,2,4,6,0,6,6,1.1,0,0,0,0,0,0,0,0.0,57,0,0,0,45,12,57,10.9,2,0,0,0,1,1,2,0.4,1,0,0,0,0,1,1,0.2,23,0,0,0,23,0,23,4.4,83,0,0,0,69,14,83,15.9,1,0,0,0,1,0,1,0.2,0,0,0,0,0,0,0,0.0,0,0,0,0,0,0,0,0.0,0,0,0,0,0,0,0,0.0,0,0,0,0,0,0,0,0.0,4,0,0,0,2,2,4,0.8,2,0,0,0,2,0,2,0.4,,,,,,,,,6,0,0,0,4,2,6,1.1,0,0,0,0,0,0,0,0.0,2,0,0,0,2,0,2,0.4,1577,1263,396,1659,225,40,265,50.8,0,0,0,0,0,0,0,0.0,23,0,0,0,21,2,23,4.4,,,,,,,,,1600,1263,396,1659,246,42,288,55.2,0,0,0,0,0,0,0,0.0,28,0,0,0,20,8,28,5.4,1868,1288,405,1693,445,77,522,0.9,47.0
CITIES:,64,KOTA,0,0,0,0,0,0,0,0.0,0,0,0,0,0,0,0,0.0,0,0,0,0,0,0,0,0.0,0,0,0,0,0,0,0,0.0,0,0,0,0,0,0,0,0.0,0,0,0,0,0,0,0,0.0,0,0,0,0,0,0,0,0.0,0,0,0,0,0,0,0,0.0,58,0,0,0,40,18,58,10.4,58,0,0,0,40,18,58,10.4,5,0,0,0,4,1,5,0.9,0,0,0,0,0,0,0,0.0,0,0,0,0,0,0,0,0.0,0,0,0,0,0,0,0,0.0,4,0,0,0,3,1,4,0.7,0,0,0,0,0,0,0,0.0,4,0,0,0,3,1,4,0.7,0,0,0,0,0,0,0,0.0,0,0,0,0,0,0,0,0.0,0,0,0,0,0,0,0,0.0,0,0,0,0,0,0,0,0.0,17,0,0,0,4,13,17,3.0,17,0,0,0,4,13,17,3.0,0,0,0,0,0,0,0,0.0,0,0,0,0,0,0,0,0.0,0,0,0,0,0,0,0,0.0,0,0,0,0,0,0,0,0.0,3,0,0,0,3,0,3,0.5,3,0,0,0,3,0,3,0.5,0,0,0,0,0,0,0,0.0,0,0,0,0,0,0,0,0.0,0,0,0,0,0,0,0,0.0,0,0,0,0,0,0,0,0.0,0,0,0,0,0,0,0,0.0,8,0,0,0,7,1,8,1.4,0,0,0,0,0,0,0,0.0,,,,,,,,,8,0,0,0,7,1,8,1.4,0,0,0,0,0,0,0,0.0,0,0,0,0,0,0,0,0.0,706,706,78,784,94,15,109,19.5,0,0,0,0,0,0,0,0.0,0,0,0,0,0,0,0,0.0,,,,,,,,,706,706,78,784,94,15,109,19.5,224,0,0,0,185,39,224,40.1,130,0,0,0,100,30,130,23.3,1155,706,78,784,440,118,558,0.9,55.7
CITIES:,65,KOZHIKODE,0,0,0,0,0,0,0,0.0,0,0,0,0,0,0,0,0.0,0,0,0,0,0,0,0,0.0,0,0,0,0,0,0,0,0.0,0,0,0,0,0,0,0,0.0,0,0,0,0,0,0,0,0.0,0,0,0,0,0,0,0,0.0,0,0,0,0,0,0,0,0.0,41,0,0,0,36,5,41,9.2,41,0,0,0,36,5,41,9.2,6,0,0,0,7,0,7,1.6,0,0,0,0,0,0,0,0.0,0,0,0,0,0,0,0,0.0,0,0,0,0,0,0,0,0.0,17,0,0,0,15,2,17,3.8,6,0,0,0,5,1,6,1.3,23,0,0,0,20,3,23,5.1,1,0,0,0,1,0,1,0.2,0,0,0,0,0,0,0,0.0,0,0,0,0,0,0,0,0.0,0,0,0,0,0,0,0,0.0,8,0,0,0,5,3,8,1.8,8,0,0,0,5,3,8,1.8,0,0,0,0,0,0,0,0.0,65,0,0,0,55,10,65,14.5,3,0,0,0,2,1,3,0.7,0,0,0,0,0,0,0,0.0,1,0,0,0,1,0,1,0.2,69,0,0,0,58,11,69,15.4,0,0,0,0,0,0,0,0.0,0,0,0,0,0,0,0,0.0,1,0,0,0,0,1,1,0.2,0,0,0,0,0,0,0,0.0,0,0,0,0,0,0,0,0.0,0,0,0,0,0,0,0,0.0,0,0,0,0,0,0,0,0.0,,,,,,,,,1,0,0,0,0,1,1,0.2,0,0,0,0,0,0,0,0.0,0,0,0,0,0,0,0,0.0,1151,961,337,1298,151,31,182,40.7,0,0,0,0,0,0,0,0.0,23,0,0,0,19,4,23,5.1,,,,,,,,,1174,961,337,1298,170,35,205,45.9,90,0,0,0,73,17,90,20.1,2,0,0,0,2,0,2,0.4,1415,961,337,1298,372,75,447,0.8,22.0
CITIES:,66,LUCKNOW,0,0,0,0,0,0,0,0.0,0,0,0,0,0,0,0,0.0,0,0,0,0,0,0,0,0.0,0,0,0,0,0,0,0,0.0,0,0,0,0,0,0,0,0.0,2,0,0,0,2,0,2,0.4,2,0,0,0,2,0,2,0.4,0,0,0,0,0,0,0,0.0,3,0,0,0,3,0,3,0.5,3,0,0,0,3,0,3,0.5,4,0,0,0,4,0,4,0.7,0,0,0,0,0,0,0,0.0,0,0,0,0,0,0,0,0.0,0,0,0,0,0,0,0,0.0,0,0,0,0,0,0,0,0.0,2,0,0,0,2,0,2,0.4,2,0,0,0,2,0,2,0.4,0,0,0,0,0,0,0,0.0,0,0,0,0,0,0,0,0.0,0,0,0,0,0,0,0,0.0,0,0,0,0,0,0,0,0.0,0,0,0,0,0,0,0,0.0,0,0,0,0,0,0,0,0.0,0,0,0,0,0,0,0,0.0,0,0,0,0,0,0,0,0.0,0,0,0,0,0,0,0,0.0,0,0,0,0,0,0,0,0.0,0,0,0,0,0,0,0,0.0,0,0,0,0,0,0,0,0.0,0,0,0,0,0,0,0,0.0,0,0,0,0,0,0,0,0.0,0,0,0,0,0,0,0,0.0,0,0,0,0,0,0,0,0.0,0,0,0,0,0,0,0,0.0,4,0,0,0,4,0,4,0.7,0,0,0,0,0,0,0,0.0,,,,,,,,,4,0,0,0,4,0,4,0.7,0,0,0,0,0,0,0,0.0,0,0,0,0,0,0,0,0.0,1230,693,104,797,457,56,513,92.6,0,0,0,0,0,0,0,0.0,0,0,0,0,0,0,0,0.0,,,,,,,,,1230,693,104,797,457,56,513,92.6,6,0,0,0,6,0,6,1.1,20,0,0,0,18,2,20,3.6,1271,693,104,797,496,58,554,0.9,19.1
CITIES:,67,LUDHIANA,0,0,0,0,0,0,0,0.0,2,0,0,0,1,1,2,0.3,0,0,0,0,0,0,0,0.0,0,0,0,0,0,0,0,0.0,0,0,0,0,0,0,0,0.0,1,0,0,0,2,0,2,0.3,3,0,0,0,3,1,4,0.5,0,0,0,0,0,0,0,0.0,28,0,0,0,28,2,30,4.1,28,0,0,0,28,2,30,4.1,28,0,0,0,26,2,28,3.8,0,0,0,0,0,0,0,0.0,0,0,0,0,0,0,0,0.0,0,0,0,0,0,0,0,0.0,27,0,0,0,27,0,27,3.7,6,0,0,0,6,0,6,0.8,33,0,0,0,33,0,33,4.5,11,0,0,0,10,1,11,1.5,0,0,0,0,0,0,0,0.0,0,0,0,0,0,0,0,0.0,31,0,0,0,6,25,31,4.2,8,0,0,0,4,4,8,1.1,39,0,0,0,10,29,39,5.3,1,0,0,0,1,0,1,0.1,38,0,0,0,35,3,38,5.2,6,0,0,0,6,0,6,0.8,1,0,0,0,0,1,1,0.1,17,0,0,0,17,0,17,2.3,62,0,0,0,58,4,62,8.4,0,0,0,0,0,0,0,0.0,0,0,0,0,0,0,0,0.0,40,0,0,0,21,19,40,5.4,27,0,0,0,24,3,27,3.7,3,0,0,0,4,0,4,0.5,1,0,0,0,1,0,1,0.1,0,0,0,0,0,0,0,0.0,,,,,,,,,71,0,0,0,50,22,72,9.8,0,0,0,0,0,0,0,0.0,2,0,0,0,2,0,2,0.3,277,0,0,0,262,32,294,40.1,0,0,0,0,0,0,0,0.0,0,0,0,0,0,0,0,0.0,,,,,,,,,277,0,0,0,262,32,294,40.1,139,0,0,0,125,14,139,18.9,19,0,0,0,15,4,19,2.6,713,0,0,0,623,111,734,1.2,45.5
CITIES:,68,MADURAI,0,0,0,0,0,0,0,0.0,0,0,0,0,0,0,0,0.0,0,0,0,0,0,0,0,0.0,0,0,0,0,0,0,0,0.0,0,0,0,0,0,0,0,0.0,0,0,0,0,0,0,0,0.0,0,0,0,0,0,0,0,0.0,0,0,0,0,0,0,0,0.0,6,0,0,0,6,0,6,1.7,6,0,0,0,6,0,6,1.7,10,0,0,0,8,2,10,2.9,0,0,0,0,0,0,0,0.0,0,0,0,0,0,0,0,0.0,0,0,0,0,0,0,0,0.0,22,0,0,0,18,4,22,6.3,11,0,0,0,10,1,11,3.1,33,0,0,0,28,5,33,9.4,0,0,0,0,0,0,0,0.0,0,0,0,0,0,0,0,0.0,0,0,0,0,0,0,0,0.0,7,0,0,0,5,2,7,2.0,11,0,0,0,5,6,11,3.1,18,0,0,0,10,8,18,5.1,0,0,0,0,0,0,0,0.0,40,0,0,0,32,8,40,11.4,59,0,0,0,52,7,59,16.9,0,0,0,0,0,0,0,0.0,29,0,0,0,29,0,29,8.3,128,0,0,0,113,15,128,36.6,2,0,0,0,1,1,2,0.6,0,0,0,0,0,0,0,0.0,6,0,0,0,3,3,6,1.7,0,0,0,0,0,0,0,0.0,0,0,0,0,0,0,0,0.0,0,0,0,0,0,0,0,0.0,0,0,0,0,0,0,0,0.0,,,,,,,,,6,0,0,0,3,3,6,1.7,1,0,0,0,1,0,1,0.3,1,0,0,0,1,0,1,0.3,695,496,172,668,118,27,145,41.4,0,0,0,0,0,0,0,0.0,0,0,0,0,0,0,0,0.0,,,,,,,,,695,496,172,668,118,27,145,41.4,0,0,0,0,0,0,0,0.0,0,0,0,0,0,0,0,0.0,900,496,172,668,289,61,350,0.6,23.9
CITIES:,69,MALAPPURAM,0,0,0,0,0,0,0,0.0,0,0,0,0,0,0,0,0.0,0,0,0,0,0,0,0,0.0,0,0,0,0,0,0,0,0.0,0,0,0,0,0,0,0,0.0,0,0,0,0,0,0,0,0.0,0,0,0,0,0,0,0,0.0,0,0,0,0,0,0,0,0.0,13,0,0,0,9,4,13,12.0,13,0,0,0,9,4,13,12.0,3,0,0,0,3,0,3,2.8,0,0,0,0,0,0,0,0.0,0,0,0,0,0,0,0,0.0,0,0,0,0,0,0,0,0.0,5,0,0,0,4,1,5,4.6,1,0,0,0,0,1,1,0.9,6,0,0,0,4,2,6,5.6,0,0,0,0,0,0,0,0.0,0,0,0,0,0,0,0,0.0,0,0,0,0,0,0,0,0.0,0,0,0,0,0,0,0,0.0,3,0,0,0,0,3,3,2.8,3,0,0,0,0,3,3,2.8,1,0,0,0,1,0,1,0.9,17,0,0,0,15,2,17,15.7,0,0,0,0,0,0,0,0.0,0,0,0,0,0,0,0,0.0,1,0,0,0,1,0,1,0.9,18,0,0,0,16,2,18,16.7,0,0,0,0,0,0,0,0.0,0,0,0,0,0,0,0,0.0,0,0,0,0,0,0,0,0.0,0,0,0,0,0,0,0,0.0,0,0,0,0,0,0,0,0.0,1,0,0,0,1,0,1,0.9,1,0,0,0,1,0,1,0.9,,,,,,,,,2,0,0,0,2,0,2,1.9,0,0,0,0,0,0,0,0.0,0,0,0,0,0,0,0,0.0,530,525,124,649,50,9,59,54.6,0,0,0,0,0,0,0,0.0,3,0,0,0,3,0,3,2.8,,,,,,,,,533,525,124,649,53,9,62,57.4,0,0,0,0,0,0,0,0.0,0,0,0,0,0,0,0,0.0,579,525,124,649,88,20,108,0.2,6.4
CITIES:,70,MEERUT,0,0,0,0,0,0,0,0.0,9,6,3,9,2,2,4,0.6,0,0,0,0,0,0,0,0.0,0,0,0,0,0,0,0,0.0,0,0,0,0,0,0,0,0.0,9,7,4,11,3,2,5,0.8,18,13,7,20,5,4,9,1.4,0,0,0,0,0,0,0,0.0,12,10,6,16,7,2,9,1.4,12,10,6,16,7,2,9,1.4,20,8,3,11,12,2,14,2.1,0,0,0,0,0,0,0,0.0,0,0,0,0,0,0,0,0.0,0,0,0,0,0,0,0,0.0,17,6,1,7,8,3,11,1.7,0,0,0,0,0,0,0,0.0,17,6,1,7,8,3,11,1.7,6,4,0,4,2,0,2,0.3,10,4,2,6,5,4,9,1.4,3,1,3,4,2,2,4,0.6,15,1,6,7,2,10,12,1.8,12,3,2,5,7,2,9,1.4,40,9,13,22,16,18,34,5.2,171,104,23,127,101,42,143,21.7,27,0,0,0,23,4,27,4.1,0,0,0,0,0,0,0,0.0,0,0,0,0,0,0,0,0.0,30,8,0,8,30,0,30,4.5,57,8,0,8,53,4,57,8.6,10,5,4,9,4,3,7,1.1,0,0,0,0,0,0,0,0.0,0,0,0,0,0,0,0,0.0,0,0,0,0,0,0,0,0.0,0,0,0,0,0,0,0,0.0,10,3,1,4,3,2,5,0.8,38,22,10,32,8,3,11,1.7,,,,,,,,,48,25,11,36,11,5,16,2.4,0,0,0,0,0,0,0,0.0,0,0,0,0,0,0,0,0.0,1142,697,121,818,320,30,350,53.0,0,0,0,0,0,0,0,0.0,0,0,0,0,0,0,0,0.0,,,,,,,,,1142,697,121,818,320,30,350,53.0,0,0,0,0,0,0,0,0.0,18,10,3,13,6,2,8,1.2,1559,899,192,1091,545,115,660,1.1,46.3
CITIES:,71,MUMBAI,0,0,0,0,0,0,0,0.0,5,0,0,0,3,2,5,0.1,118,18,14,32,44,42,86,1.0,0,0,0,0,0,0,0,0.0,2,0,0,0,2,0,2,0.0,10,0,0,0,11,3,14,0.2,135,18,14,32,60,47,107,1.3,0,0,0,0,0,0,0,0.0,185,0,0,0,167,18,185,2.2,185,0,0,0,167,18,185,2.2,82,0,0,0,70,12,82,1.0,0,0,0,0,0,0,0,0.0,25,0,0,0,20,8,28,0.3,25,0,0,0,20,8,28,0.3,279,0,0,0,233,46,279,3.4,17,0,0,0,16,1,17,0.2,296,0,0,0,249,47,296,3.6,4,0,0,0,4,0,4,0.0,1,0,0,0,1,0,1,0.0,76,0,0,0,60,16,76,0.9,72,1,6,7,26,50,76,0.9,151,0,0,0,53,98,151,1.8,300,1,6,7,140,164,304,3.7,4,0,0,0,3,1,4,0.0,1019,0,0,0,855,164,1019,12.4,232,0,0,0,197,35,232,2.8,28,0,0,0,0,28,28,0.3,159,0,0,0,154,5,159,1.9,1438,0,0,0,1206,232,1438,17.5,5,0,0,0,2,3,5,0.1,0,0,0,0,0,0,0,0.0,95,0,0,0,64,31,95,1.2,14,0,0,0,9,5,14,0.2,0,0,0,0,0,0,0,0.0,7,0,0,0,3,4,7,0.1,0,0,0,0,0,0,0,0.0,,,,,,,,,116,0,0,0,76,40,116,1.4,0,0,0,0,0,0,0,0.0,35,0,0,0,24,11,35,0.4,3026,1953,470,2423,556,112,668,8.1,0,0,0,0,0,0,0,0.0,2,0,0,0,2,0,2,0.0,,,,,,,,,3028,1953,470,2423,558,112,670,8.1,4960,0,0,0,3803,1157,4960,60.2,4,0,0,0,2,2,4,0.0,10617,1972,490,2462,6384,1854,8238,14.0,44.7
CITIES:,72,NAGPUR,0,0,0,0,0,0,0,0.0,0,0,0,0,0,0,0,0.0,0,0,0,0,0,0,0,0.0,0,0,0,0,0,0,0,0.0,0,0,0,0,0,0,0,0.0,0,0,0,0,0,0,0,0.0,0,0,0,0,0,0,0,0.0,0,0,0,0,0,0,0,0.0,83,0,0,0,73,10,83,4.9,83,0,0,0,73,10,83,4.9,52,0,0,0,42,10,52,3.0,0,0,0,0,0,0,0,0.0,0,0,0,0,0,0,0,0.0,0,0,0,0,0,0,0,0.0,85,0,0,0,76,9,85,5.0,4,0,0,0,4,0,4,0.2,89,0,0,0,80,9,89,5.2,3,0,0,0,3,0,3,0.2,0,0,0,0,0,0,0,0.0,2,0,0,0,2,0,2,0.1,0,0,0,0,0,0,0,0.0,115,0,0,0,29,86,115,6.7,117,0,0,0,31,86,117,6.9,0,0,0,0,0,0,0,0.0,111,0,0,0,95,16,111,6.5,60,0,0,0,56,4,60,3.5,2,0,0,0,0,2,2,0.1,126,0,0,0,125,1,126,7.4,299,0,0,0,276,23,299,17.5,0,0,0,0,0,0,0,0.0,0,0,0,0,0,0,0,0.0,12,0,0,0,9,3,12,0.7,0,0,0,0,0,0,0,0.0,1,0,0,0,0,1,1,0.1,10,0,0,0,9,1,10,0.6,0,0,0,0,0,0,0,0.0,,,,,,,,,23,0,0,0,18,5,23,1.3,0,0,0,0,0,0,0,0.0,1,0,0,0,0,1,1,0.1,1381,894,248,1142,284,57,341,20.0,0,0,0,0,0,0,0,0.0,62,0,0,0,56,6,62,3.6,,,,,,,,,1443,894,248,1142,340,63,403,23.6,638,0,0,0,546,92,638,37.4,0,0,0,0,0,0,0,0.0,2748,894,248,1142,1409,299,1708,2.9,68.4
CITIES:,73,NASIK,0,0,0,0,0,0,0,0.0,1,0,1,1,0,0,0,0.0,3,3,0,3,0,0,0,0.0,0,0,0,0,0,0,0,0.0,0,0,0,0,0,0,0,0.0,15,13,1,14,0,1,1,0.1,19,16,2,18,0,1,1,0.1,2,0,0,0,1,1,2,0.2,48,10,2,12,26,13,39,3.6,50,10,2,12,27,14,41,3.8,74,56,7,63,11,6,17,1.6,0,0,0,0,0,0,0,0.0,0,0,0,0,0,0,0,0.0,0,0,0,0,0,0,0,0.0,126,100,18,118,14,0,14,1.3,71,67,3,70,3,2,5,0.5,197,167,21,188,17,2,19,1.8,41,39,2,41,1,0,1,0.1,2,2,0,2,0,0,0,0.0,11,9,2,11,0,0,0,0.0,40,7,25,32,2,8,10,0.9,307,147,126,273,18,38,56,5.2,360,165,153,318,20,46,66,6.2,2,2,0,2,0,0,0,0.0,406,44,13,57,299,50,349,32.6,53,22,6,28,20,5,25,2.3,0,0,0,0,0,0,0,0.0,86,77,0,77,9,0,9,0.8,545,143,19,162,328,55,383,35.8,17,15,2,17,1,0,1,0.1,0,0,0,0,0,0,0,0.0,680,396,291,687,11,3,14,1.3,7,7,0,7,0,0,0,0.0,0,0,0,0,0,0,0,0.0,232,150,80,230,4,1,5,0.5,429,263,160,423,8,5,13,1.2,,,,,,,,,1348,816,531,1347,23,9,32,3.0,0,0,0,0,0,0,0,0.0,2,0,1,1,1,0,1,0.1,2999,2460,565,3025,107,31,138,12.9,16,2,0,2,15,0,15,1.4,25,6,1,7,18,0,18,1.7,,,,,,,,,3040,2468,566,3034,140,31,171,16.0,3565,2478,929,3407,256,77,333,31.2,3,0,0,0,2,1,3,0.3,9263,6375,2235,8610,827,242,1069,1.8,68.4
CITIES:,74,PATNA,0,0,0,0,0,0,0,0.0,30,18,2,20,8,2,10,1.9,0,0,0,0,0,0,0,0.0,0,0,0,0,0,0,0,0.0,0,0,0,0,0,0,0,0.0,70,28,14,42,18,10,28,5.2,100,46,16,62,26,12,38,7.0,10,4,1,5,3,2,5,0.9,50,23,12,35,14,1,15,2.8,60,27,13,40,17,3,20,3.7,6,2,2,4,1,1,2,0.4,10,2,0,2,8,0,8,1.5,20,6,6,12,3,5,8,1.5,30,8,6,14,11,5,16,3.0,18,6,6,12,3,3,6,1.1,0,0,0,0,0,0,0,0.0,18,6,6,12,3,3,6,1.1,4,1,1,2,2,0,2,0.4,8,3,2,5,2,1,3,0.6,4,0,0,0,2,2,4,0.7,18,2,10,12,3,3,6,1.1,15,5,5,10,2,2,4,0.7,45,10,17,27,9,8,17,3.1,6,3,1,4,3,1,4,0.7,20,6,4,10,7,3,10,1.9,15,6,4,10,3,2,5,0.9,15,0,0,0,0,15,15,2.8,18,6,4,10,6,2,8,1.5,68,18,12,30,16,22,38,7.0,0,0,0,0,0,0,0,0.0,0,0,0,0,0,0,0,0,8,4,2,6,1,1,2,0.4,5,4,1,5,1,1,2,0.4,0,0,0,0,0,0,0,0.0,0,0,0,0,0,0,0,0.0,60,24,12,36,11,10,21,3.9,,,,,,,,,73,32,15,47,13,12,25,4.6,0,0,0,0,0,0,0,0,16,0,0,0,11,5,16,3.0,899,301,229,530,280,76,356,65.9,0,0,0,0,0,0,0,0.0,0,0,0,0,0,0,0,0.0,,,,,,,,,899,301,229,530,280,76,356,65.9,0,0,0,0,0,0,0,0.0,0,0,0,0,0,0,0,0.0,1325,454,318,772,392,148,540,0.9,26.4
CITIES:,75,PUNE,0,0,0,0,0,0,0,0.0,0,0,0,0,0,0,0,0.0,19,0,0,0,14,6,20,0.5,0,0,0,0,0,0,0,0.0,0,0,0,0,0,0,0,0.0,27,0,0,0,24,4,28,0.7,46,0,0,0,38,10,48,1.2,0,0,0,0,0,0,0,0.0,144,0,0,0,117,29,146,3.5,144,0,0,0,117,29,146,3.5,28,0,0,0,25,3,28,0.7,0,0,0,0,0,0,0,0.0,0,0,0,0,0,0,0,0.0,0,0,0,0,0,0,0,0.0,99,0,0,0,86,13,99,2.4,74,0,0,0,61,13,74,1.8,173,0,0,0,147,26,173,4.2,1,0,0,0,1,0,1,0.0,0,0,0,0,0,0,0,0.0,20,0,0,0,18,2,20,0.5,0,0,0,0,0,0,0,0.0,189,1,0,1,56,138,194,4.7,209,1,0,1,74,140,214,5.2,0,0,0,0,0,0,0,0.0,729,0,0,0,623,106,729,17.6,135,0,0,0,114,21,135,3.3,8,0,0,0,0,8,8,0.2,87,0,0,0,87,0,87,2.1,959,0,0,0,824,135,959,23.2,1,0,0,0,1,0,1,0.0,0,0,0,0,0,0,0,0.0,1,0,0,0,1,0,1,0.0,0,0,0,0,0,0,0,0.0,1,0,0,0,0,1,1,0.0,6,0,0,0,4,2,6,0.1,2,0,0,0,0,2,2,0.0,,,,,,,,,10,0,0,0,5,5,10,0.2,0,0,0,0,0,0,0,0.0,3,0,0,0,2,1,3,0.1,1599,1061,209,1270,410,83,493,11.9,0,0,0,0,0,0,0,0.0,26,0,0,0,22,4,26,0.6,,,,,,,,,1625,1061,209,1270,432,87,519,12.5,2010,0,0,0,1507,532,2039,49.2,0,0,0,0,0,0,0,0.0,5209,1062,209,1271,3173,968,4141,7.0,82.0
CITIES:,76,RAIPUR,0,0,0,0,0,0,0,0.0,1,0,0,0,1,0,1,0.1,0,0,0,0,0,0,0,0.0,0,0,0,0,0,0,0,0.0,0,0,0,0,0,0,0,0.0,4,0,0,0,3,1,4,0.6,5,0,0,0,4,1,5,0.7,0,0,0,0,0,0,0,0.0,35,0,0,0,32,3,35,4.9,35,0,0,0,32,3,35,4.9,23,0,0,0,23,0,23,3.2,0,0,0,0,0,0,0,0.0,0,0,0,0,0,0,0,0.0,0,0,0,0,0,0,0,0.0,26,0,0,0,21,5,26,3.7,3,0,0,0,3,0,3,0.4,29,0,0,0,24,5,29,4.1,15,0,0,0,11,4,15,2.1,0,0,0,0,0,0,0,0.0,2,0,0,0,1,1,2,0.3,6,0,0,0,0,6,6,0.8,52,0,0,0,13,39,52,7.3,60,0,0,0,14,46,60,8.4,2,0,0,0,2,0,2,0.3,45,0,0,0,42,3,45,6.3,1,0,0,0,1,0,1,0.1,0,0,0,0,0,0,0,0.0,25,0,0,0,25,0,25,3.5,71,0,0,0,68,3,71,10.0,1,0,0,0,1,0,1,0.1,0,0,0,0,0,0,0,0.0,5,0,0,0,2,3,5,0.7,0,0,0,0,0,0,0,0.0,0,0,0,0,0,0,0,0.0,3,0,0,0,2,1,3,0.4,6,0,0,0,2,4,6,0.8,,,,,,,,,14,0,0,0,6,8,14,2.0,0,0,0,0,0,0,0,0.0,1,0,0,0,1,0,1,0.1,1353,807,128,935,142,12,154,21.7,0,0,0,0,0,0,0,0.0,54,0,0,0,43,11,54,7.6,,,,,,,,,1407,807,128,935,185,23,208,29.3,148,0,0,0,117,31,148,20.8,99,0,0,0,78,21,99,13.9,1910,807,128,935,566,145,711,1.2,63.3
CITIES:,77,RAJKOT,0,0,0,0,0,0,0,0.0,0,0,0,0,0,0,0,0.0,0,0,0,0,0,0,0,0.0,0,0,0,0,0,0,0,0.0,0,0,0,0,0,0,0,0.0,0,0,0,0,0,0,0,0.0,0,0,0,0,0,0,0,0.0,0,0,0,0,0,0,0,0.0,56,0,0,0,49,7,56,6.6,56,0,0,0,49,7,56,6.6,0,0,0,0,0,0,0,0.0,0,0,0,0,0,0,0,0.0,0,0,0,0,0,0,0,0.0,0,0,0,0,0,0,0,0.0,86,0,0,0,73,13,86,10.2,0,0,0,0,0,0,0,0.0,86,0,0,0,73,13,86,10.2,2,0,0,0,2,0,2,0.2,0,0,0,0,0,0,0,0.0,35,0,0,0,32,3,35,4.1,4,0,0,0,0,4,4,0.5,102,0,0,0,23,79,102,12.1,141,0,0,0,55,86,141,16.7,0,0,0,0,0,0,0,0.0,326,0,0,0,282,44,326,38.6,24,0,0,0,18,6,24,2.8,0,0,0,0,0,0,0,0.0,0,0,0,0,0,0,0,0.0,350,0,0,0,300,50,350,41.4,0,0,0,0,0,0,0,0.0,0,0,0,0,0,0,0,0.0,11,0,0,0,4,7,11,1.3,0,0,0,0,0,0,0,0.0,0,0,0,0,0,0,0,0.0,3,0,0,0,2,1,3,0.4,0,0,0,0,0,0,0,0.0,,,,,,,,,14,0,0,0,6,8,14,1.7,0,0,0,0,0,0,0,0.0,0,0,0,0,0,0,0,0.0,796,580,181,761,107,12,119,14.1,0,0,0,0,0,0,0,0.0,0,0,0,0,0,0,0,0.0,,,,,,,,,796,580,181,761,107,12,119,14.1,0,0,0,0,0,0,0,0.0,77,0,0,0,29,48,77,9.1,1522,580,181,761,621,224,845,1.4,60.7
CITIES:,78,RANCHI,0,0,0,0,0,0,0,0.0,0,0,0,0,0,0,0,0.0,0,0,0,0,0,0,0,0.0,0,0,0,0,0,0,0,0.0,0,0,0,0,0,0,0,0.0,2,0,1,1,2,0,2,1.0,2,0,1,1,2,0,2,1.0,0,0,0,0,0,0,0,0.0,26,0,0,0,20,6,26,12.4,26,0,0,0,20,6,26,12.4,8,0,0,0,6,2,8,3.8,0,0,0,0,0,0,0,0.0,0,0,0,0,0,0,0,0.0,0,0,0,0,0,0,0,0.0,15,2,0,2,13,0,13,6.2,2,0,0,0,1,1,2,1.0,17,2,0,2,14,1,15,7.1,0,0,0,0,0,0,0,0.0,0,0,0,0,0,0,0,0.0,0,0,0,0,0,0,0,0.0,3,0,1,1,0,2,2,1.0,38,0,4,4,9,25,34,16.2,41,0,5,5,9,27,36,17.1,0,0,0,0,0,0,0,0.0,3,0,0,0,3,0,3,1.4,1,0,0,0,1,0,1,0.5,3,0,0,0,0,3,3,1.4,20,0,0,0,18,2,20,9.5,27,0,0,0,22,5,27,12.9,0,0,0,0,0,0,0,0.0,0,0,0,0,0,0,0,0.0,8,0,0,0,5,3,8,3.8,1,0,0,0,1,0,1,0.5,0,0,0,0,0,0,0,0.0,1,0,0,0,1,0,1,0.5,3,0,0,0,3,0,3,1.4,,,,,,,,,13,0,0,0,10,3,13,6.2,0,0,0,0,0,0,0,0.0,0,0,0,0,0,0,0,0.0,232,118,25,143,68,12,80,38.1,0,0,0,0,0,0,0,0.0,0,0,0,0,0,0,0,0.0,,,,,,,,,232,118,25,143,68,12,80,38.1,2,0,0,0,1,1,2,1.0,1,0,0,0,1,0,1,0.5,369,120,31,151,153,57,210,0.4,18.6
CITIES:,79,SRINAGAR,0,0,0,0,0,0,0,0.0,0,0,0,0,0,0,0,0.0,0,0,0,0,0,0,0,0.0,0,0,0,0,0,0,0,0.0,0,0,0,0,0,0,0,0.0,0,0,0,0,0,0,0,0.0,0,0,0,0,0,0,0,0.0,0,0,0,0,0,0,0,0.0,15,0,0,0,14,1,15,9.1,15,0,0,0,14,1,15,9.1,0,0,0,0,0,0,0,0.0,0,0,0,0,0,0,0,0.0,5,16,0,16,0,0,0,0.0,5,16,0,16,0,0,0,0.0,7,0,0,0,7,0,7,4.3,0,0,0,0,0,0,0,0.0,7,0,0,0,7,0,7,4.3,0,0,0,0,0,0,0,0.0,0,0,0,0,0,0,0,0.0,4,0,0,0,4,0,4,2.4,0,0,0,0,0,0,0,0.0,0,0,0,0,0,0,0,0.0,4,0,0,0,4,0,4,2.4,9,32,0,32,10,0,10,6.1,26,0,0,0,25,1,26,15.9,0,0,0,0,0,0,0,0.0,0,0,0,0,0,0,0,0.0,1,0,0,0,1,0,1,0.6,27,0,0,0,26,1,27,16.5,0,0,0,0,0,0,0,0.0,0,0,0,0,0,0,0,0.0,0,0,0,0,0,0,0,0.0,0,0,0,0,0,0,0,0.0,0,0,0,0,0,0,0,0.0,0,0,0,0,0,0,0,0.0,0,0,0,0,0,0,0,0.0,,,,,,,,,0,0,0,0,0,0,0,0.0,0,0,0,0,0,0,0,0.0,1,0,0,0,1,0,1,0.6,473,420,57,477,54,4,58,35.4,0,0,0,0,0,0,0,0.0,0,0,0,0,0,0,0,0.0,,,,,,,,,473,420,57,477,54,4,58,35.4,42,0,0,0,37,5,42,25.6,0,0,0,0,0,0,0,0.0,583,468,57,525,153,11,164,0.3,12.9
CITIES:,80,SURAT,0,0,0,0,0,0,0,0.0,1,0,0,0,1,0,1,0.1,0,0,0,0,0,0,0,0.0,0,0,0,0,0,0,0,0.0,0,0,0,0,0,0,0,0.0,1,0,0,0,0,1,1,0.1,2,0,0,0,1,1,2,0.1,0,0,0,0,0,0,0,0.0,129,0,0,0,114,15,129,6.5,129,0,0,0,114,15,129,6.5,63,0,0,0,59,4,63,3.2,0,0,0,0,0,0,0,0.0,0,0,0,0,0,0,0,0.0,0,0,0,0,0,0,0,0.0,242,0,0,0,193,49,242,12.1,15,0,0,0,12,3,15,0.8,257,0,0,0,205,52,257,12.9,21,0,0,0,21,0,21,1.1,1,0,0,0,0,1,1,0.1,4,0,0,0,3,1,4,0.2,50,0,0,0,13,37,50,2.5,57,0,0,0,21,36,57,2.9,112,0,0,0,37,75,112,5.6,0,0,0,0,0,0,0,0.0,312,0,0,0,263,49,312,15.6,59,0,0,0,52,7,59,3.0,6,0,0,0,0,6,6,0.3,12,0,0,0,12,0,12,0.6,389,0,0,0,327,62,389,19.5,0,0,0,0,0,0,0,0.0,0,0,0,0,0,0,0,0.0,99,0,0,0,76,23,99,5.0,2,0,0,0,2,0,2,0.1,0,0,0,0,0,0,0,0.0,5,0,0,0,2,3,5,0.3,13,0,0,0,10,3,13,0.7,,,,,,,,,119,0,0,0,90,29,119,6.0,3,0,0,0,3,0,3,0.2,4,0,0,0,4,0,4,0.2,971,647,93,740,196,31,227,11.4,0,0,0,0,0,0,0,0.0,11,0,0,0,11,0,11,0.6,,,,,,,,,982,647,93,740,207,31,238,11.9,377,0,0,0,292,85,377,18.9,283,0,0,0,232,51,283,14.2,2741,647,93,740,1592,405,1997,3.4,43.6
CITIES:,81,THIRUVANANTHAPURAM,0,0,0,0,0,0,0,0.0,0,0,0,0,0,0,0,0.0,0,0,0,0,0,0,0,0.0,0,0,0,0,0,0,0,0.0,0,0,0,0,0,0,0,0.0,0,0,0,0,0,0,0,0.0,0,0,0,0,0,0,0,0.0,0,0,0,0,0,0,0,0.0,50,0,0,0,47,3,50,8.2,50,0,0,0,47,3,50,8.2,5,0,0,0,3,2,5,0.8,0,0,0,0,0,0,0,0.0,0,0,0,0,0,0,0,0.0,0,0,0,0,0,0,0,0.0,35,0,0,0,33,2,35,5.7,1,0,0,0,0,1,1,0.2,36,0,0,0,33,3,36,5.9,0,0,0,0,0,0,0,0.0,0,0,0,0,0,0,0,0.0,5,0,0,0,5,0,5,0.8,1,0,0,0,1,0,1,0.2,9,0,0,0,4,5,9,1.5,15,0,0,0,10,5,15,2.4,0,0,0,0,0,0,0,0.0,118,0,0,0,100,18,118,19.2,2,0,0,0,2,0,2,0.3,0,0,0,0,0,0,0,0.0,17,0,0,0,17,0,17,2.8,137,0,0,0,119,18,137,22.3,0,0,0,0,0,0,0,0.0,0,0,0,0,0,0,0,0.0,1,0,0,0,0,1,1,0.2,0,0,0,0,0,0,0,0.0,0,0,0,0,0,0,0,0.0,2,0,0,0,2,0,2,0.3,1,0,0,0,1,0,1,0.2,,,,,,,,,4,0,0,0,3,1,4,0.7,0,0,0,0,0,0,0,0.0,0,0,0,0,0,0,0,0.0,2000,1746,595,2341,156,39,195,31.8,0,0,0,0,0,0,0,0.0,29,0,0,0,25,4,29,4.7,,,,,,,,,2029,1746,595,2341,181,43,224,36.5,1,0,0,0,1,1,2,0.3,140,0,0,0,124,16,140,22.8,2417,1746,595,2341,521,92,613,1.0,36.3
CITIES:,82,THRISSUR,0,0,0,0,0,0,0,0.0,0,0,0,0,0,0,0,0.0,0,0,0,0,0,0,0,0.0,0,0,0,0,0,0,0,0.0,0,0,0,0,0,0,0,0.0,0,0,0,0,0,0,0,0.0,0,0,0,0,0,0,0,0.0,0,0,0,0,0,0,0,0.0,45,0,0,0,40,5,45,11.2,45,0,0,0,40,5,45,11.2,8,0,0,0,7,1,8,2.0,0,0,0,0,0,0,0,0.0,0,0,0,0,0,0,0,0.0,0,0,0,0,0,0,0,0.0,21,0,0,0,21,0,21,5.2,2,0,0,0,1,1,2,0.5,23,0,0,0,22,1,23,5.7,1,0,0,0,1,0,1,0.2,0,0,0,0,0,0,0,0.0,0,0,0,0,0,0,0,0.0,0,0,0,0,0,0,0,0.0,10,0,0,0,3,7,10,2.5,10,0,0,0,3,7,10,2.5,0,0,0,0,0,0,0,0.0,103,0,0,0,90,13,103,25.6,2,0,0,0,2,0,2,0.5,1,0,0,0,0,1,1,0.2,10,0,0,0,10,0,10,2.5,116,0,0,0,102,14,116,28.8,1,0,0,0,1,0,1,0.2,0,0,0,0,0,0,0,0.0,3,0,0,0,1,2,3,0.7,0,0,0,0,0,0,0,0.0,0,0,0,0,0,0,0,0.0,1,0,0,0,1,0,1,0.2,2,0,0,0,2,0,2,0.5,,,,,,,,,6,0,0,0,4,2,6,1.5,0,0,0,0,0,0,0,0.0,1,0,0,0,1,1,2,0.5,1297,1105,295,1400,108,25,133,33.0,0,0,0,0,0,0,0,0.0,9,0,0,0,8,1,9,2.2,,,,,,,,,1306,1105,295,1400,116,26,142,35.2,43,0,0,0,36,7,43,10.7,6,0,0,0,5,1,6,1.5,1566,1105,295,1400,338,65,403,0.7,21.7
CITIES:,83,TIRUCHIRAPPALLI,0,0,0,0,0,0,0,0.0,0,0,0,0,0,0,0,0.0,0,0,0,0,0,0,0,0.0,0,0,0,0,0,0,0,0.0,0,0,0,0,0,0,0,0.0,0,0,0,0,0,0,0,0.0,0,0,0,0,0,0,0,0.0,0,0,0,0,0,0,0,0.0,9,0,0,0,7,2,9,3.0,9,0,0,0,7,2,9,3.0,2,0,0,0,2,0,2,0.7,0,0,0,0,0,0,0,0.0,0,0,0,0,0,0,0,0.0,0,0,0,0,0,0,0,0.0,33,0,0,0,30,3,33,11.0,0,0,0,0,0,0,0,0.0,33,0,0,0,30,3,33,11.0,1,0,0,0,1,0,1,0.3,0,0,0,0,0,0,0,0.0,0,0,0,0,0,0,0,0.0,0,0,0,0,0,0,0,0.0,13,0,0,0,1,12,13,4.3,13,0,0,0,1,12,13,4.3,0,0,0,0,0,0,0,0.0,6,0,0,0,6,0,6,2.0,82,0,0,0,67,15,82,27.2,2,0,0,0,0,2,2,0.7,10,0,0,0,10,0,10,3.3,100,0,0,0,83,17,100,33.2,0,0,0,0,0,0,0,0.0,0,0,0,0,0,0,0,0.0,0,0,0,0,0,0,0,0.0,0,0,0,0,0,0,0,0.0,0,0,0,0,0,0,0,0.0,0,0,0,0,0,0,0,0.0,0,0,0,0,0,0,0,0.0,,,,,,,,,0,0,0,0,0,0,0,0.0,0,0,0,0,0,0,0,0.0,0,0,0,0,0,0,0,0.0,641,554,147,701,112,17,129,42.9,0,0,0,0,0,0,0,0.0,0,0,0,0,0,0,0,0.0,,,,,,,,,641,554,147,701,112,17,129,42.9,14,0,0,0,8,6,14,4.7,0,0,0,0,0,0,0,0.0,813,554,147,701,244,57,301,0.5,29.5
CITIES:,84,VADODARA,0,0,0,0,0,0,0,0.0,2,2,1,3,7,4,11,1.4,1,2,0,2,1,0,1,0.1,0,0,0,0,0,0,0,0.0,0,0,0,0,0,0,0,0.0,3,0,0,0,2,1,3,0.4,6,4,1,5,10,5,15,1.9,0,0,0,0,0,0,0,0.0,41,0,0,0,37,4,41,5.2,41,0,0,0,37,4,41,5.2,19,0,0,0,12,7,19,2.4,0,0,0,0,0,0,0,0.0,0,0,0,0,0,0,0,0.0,0,0,0,0,0,0,0,0.0,36,0,0,0,31,5,36,4.5,2,0,0,0,0,2,2,0.3,38,0,0,0,31,7,38,4.8,4,0,0,0,4,0,4,0.5,0,0,0,0,0,0,0,0.0,0,0,0,0,0,0,0,0.0,5,0,0,0,1,4,5,0.6,23,0,0,0,1,22,23,2.9,28,0,0,0,2,26,28,3.5,0,0,0,0,0,0,0,0.0,114,0,0,0,106,8,114,14.3,0,0,0,0,0,0,0,0.0,0,0,0,0,0,0,0,0.0,2,0,0,0,2,0,2,0.3,116,0,0,0,108,8,116,14.6,0,0,0,0,0,0,0,0.0,0,0,0,0,0,0,0,0.0,0,0,0,0,0,0,0,0.0,0,0,0,0,0,0,0,0.0,0,0,0,0,0,0,0,0.0,2,0,0,0,1,1,2,0.3,0,0,0,0,0,0,0,0.0,,,,,,,,,2,0,0,0,1,1,2,0.3,0,0,0,0,0,0,0,0.0,0,0,0,0,0,0,0,0.0,1170,812,239,1051,155,28,183,23.0,16,0,0,0,15,1,16,2.0,0,0,0,0,0,0,0,0.0,,,,,,,,,1186,812,239,1051,170,29,199,25.0,326,0,0,0,276,52,328,41.2,6,0,0,0,4,2,6,0.8,1772,816,240,1056,655,141,796,1.4,43.8
CITIES:,85,VARANASI,0,0,0,0,0,0,0,0.0,3,0,0,0,3,1,4,0.8,0,0,0,0,0,0,0,0.0,0,0,0,0,0,0,0,0.0,0,0,0,0,0,0,0,0.0,0,0,0,0,0,0,0,0.0,3,0,0,0,3,1,4,0.8,2,0,0,0,2,0,2,0.4,49,8,0,8,36,7,43,8.1,51,8,0,8,38,7,45,8.5,8,2,0,2,6,2,8,1.5,0,0,0,0,0,0,0,0.0,0,0,0,0,0,0,0,0.0,0,0,0,0,0,0,0,0.0,8,0,0,0,7,1,8,1.5,6,1,0,1,6,0,6,1.1,14,1,0,1,13,1,14,2.6,1,0,0,0,1,0,1,0.2,0,0,0,0,0,0,0,0.0,4,0,0,0,4,6,10,1.9,4,1,0,1,1,2,3,0.6,35,9,4,13,7,28,35,6.6,43,10,4,14,12,36,48,9.1,0,0,0,0,0,0,0,0.0,16,0,0,0,16,0,16,3.0,0,0,0,0,0,0,0,0.0,2,0,1,1,0,2,2,0.4,5,0,0,0,5,0,5,0.9,23,0,1,1,21,2,23,4.3,0,0,0,0,0,0,0,0.0,0,0,0,0,0,0,0,0.0,16,0,0,0,16,2,18,3.4,1,0,0,0,1,0,1,0.2,0,0,0,0,0,0,0,0.0,0,0,0,0,0,0,0,0.0,5,0,0,0,6,0,6,1.1,,,,,,,,,22,0,0,0,23,2,25,4.7,0,0,0,0,0,0,0,0.0,4,0,0,0,5,0,5,0.9,357,135,21,156,232,26,258,48.8,0,0,0,0,0,0,0,0.0,63,7,2,9,47,9,56,10.6,,,,,,,,,420,142,23,165,279,35,314,59.4,30,0,0,0,20,10,30,5.7,10,1,0,1,8,4,12,2.3,629,164,28,192,429,100,529,0.9,36.9
CITIES:,86,VASAI VIRAR,0,0,0,0,0,0,0,0.0,0,0,0,0,0,0,0,0.0,1,0,0,0,1,0,1,0.1,0,0,0,0,0,0,0,0.0,0,0,0,0,0,0,0,0.0,4,0,0,0,3,1,4,0.5,5,0,0,0,4,1,5,0.6,0,0,0,0,0,0,0,0.0,71,0,0,0,61,12,73,9.2,71,0,0,0,61,12,73,9.2,17,0,0,0,15,2,17,2.1,0,0,0,0,0,0,0,0.0,0,0,0,0,0,0,0,0.0,0,0,0,0,0,0,0,0.0,32,0,0,0,25,7,32,4.0,1,0,0,0,1,0,1,0.1,33,0,0,0,26,7,33,4.1,1,0,0,0,1,0,1,0.1,0,0,0,0,0,0,0,0.0,0,0,0,0,0,0,0,0.0,41,0,0,0,4,37,41,5.1,22,0,0,0,3,19,22,2.8,63,0,0,0,7,56,63,7.9,0,0,0,0,0,0,0,0.0,96,0,0,0,83,13,96,12.0,31,0,0,0,22,9,31,3.9,18,0,0,0,0,18,18,2.3,18,0,0,0,18,0,18,2.3,163,0,0,0,123,40,163,20.5,0,0,0,0,0,0,0,0.0,0,0,0,0,0,0,0,0.0,4,0,0,0,1,3,4,0.5,0,0,0,0,0,0,0,0.0,0,0,0,0,0,0,0,0.0,6,0,0,0,5,1,6,0.8,4,0,0,0,2,2,4,0.5,,,,,,,,,14,0,0,0,8,6,14,1.8,0,0,0,0,0,0,0,0.0,2,0,0,0,2,0,2,0.3,712,458,117,575,154,19,173,21.7,0,0,0,0,0,0,0,0.0,1,0,0,0,1,0,1,0.1,,,,,,,,,713,458,117,575,155,19,174,21.8,251,0,0,0,187,64,251,31.5,1,0,0,0,1,0,1,0.1,1334,458,117,575,590,207,797,1.4,65.3
CITIES:,87,VIJAYAWADA,0,0,0,0,0,0,0,0.0,0,0,0,0,0,0,0,0.0,0,0,0,0,0,0,0,0.0,0,0,0,0,0,0,0,0.0,0,0,0,0,0,0,0,0.0,6,0,0,0,7,1,8,1.1,6,0,0,0,7,1,8,1.1,0,0,0,0,0,0,0,0.0,114,0,0,0,100,20,120,17.1,114,0,0,0,100,20,120,17.1,0,0,0,0,0,0,0,0.0,0,0,0,0,0,0,0,0.0,0,0,0,0,0,0,0,0.0,0,0,0,0,0,0,0,0.0,35,0,0,0,29,6,35,5.0,0,0,0,0,0,0,0,0.0,35,0,0,0,29,6,35,5.0,0,0,0,0,0,0,0,0.0,0,0,0,0,0,0,0,0.0,28,1,0,1,21,7,28,4.0,14,0,0,0,2,12,14,2.0,19,0,0,0,7,12,19,2.7,61,1,0,1,30,31,61,8.7,0,0,0,0,0,0,0,0.0,5,0,0,0,5,0,5,0.7,1,0,0,0,1,0,1,0.1,0,0,0,0,0,0,0,0.0,3,0,0,0,3,0,3,0.4,9,0,0,0,9,0,9,1.3,0,0,0,0,0,0,0,0.0,0,0,0,0,0,0,0,0.0,0,0,0,0,0,0,0,0.0,2,0,0,0,0,2,2,0.3,0,0,0,0,0,0,0,0.0,11,0,0,0,9,2,11,1.6,0,0,0,0,0,0,0,0.0,,,,,,,,,13,0,0,0,9,4,13,1.9,0,0,0,0,0,0,0,0.0,0,0,0,0,0,0,0,0.0,1422,1127,414,1541,290,52,342,48.9,0,0,0,0,0,0,0,0.0,0,0,0,0,0,0,0,0.0,,,,,,,,,1422,1127,414,1541,290,52,342,48.9,82,0,0,0,75,7,82,11.7,30,0,0,0,30,0,30,4.3,1772,1128,414,1542,579,121,700,1.2,46.9
CITIES:,88,VISHAKHAPATNAM,1,0,0,0,2,0,2,0.2,0,0,0,0,0,0,0,0.0,2,0,0,0,2,0,2,0.2,0,0,0,0,0,0,0,0.0,0,0,0,0,0,0,0,0.0,0,0,0,0,0,0,0,0.0,2,0,0,0,2,0,2,0.2,0,0,0,0,0,0,0,0.0,55,0,0,0,59,4,63,6.5,55,0,0,0,59,4,63,6.5,11,0,0,0,11,0,11,1.1,0,0,0,0,0,0,0,0.0,1,0,0,0,1,0,1,0.1,1,0,0,0,1,0,1,0.1,85,0,0,0,77,8,85,8.7,22,0,0,0,18,4,22,2.3,107,0,0,0,95,12,107,11.0,2,0,0,0,2,0,2,0.2,0,0,0,0,0,0,0,0.0,22,0,0,0,47,2,49,5.0,32,0,0,0,10,23,33,3.4,16,0,0,0,6,10,16,1.6,70,0,0,0,63,35,98,10.1,0,0,0,0,0,0,0,0.0,10,0,0,0,9,1,10,1.0,15,0,0,0,15,0,15,1.5,0,0,0,0,0,0,0,0.0,5,0,0,0,5,0,5,0.5,30,0,0,0,29,1,30,3.1,0,0,0,0,0,0,0,0.0,0,0,0,0,0,0,0,0.0,0,0,0,0,0,0,0,0.0,0,0,0,0,0,0,0,0.0,0,0,0,0,0,0,0,0.0,7,0,0,0,4,3,7,0.7,44,0,0,0,35,11,46,4.7,,,,,,,,,51,0,0,0,39,14,53,5.4,0,0,0,0,0,0,0,0.0,0,0,0,0,0,0,0,0.0,1224,916,197,1113,323,58,381,39.2,0,0,0,0,0,0,0,0.0,0,0,0,0,0,0,0,0.0,,,,,,,,,1224,916,197,1113,323,58,381,39.2,202,0,0,0,167,43,210,21.6,13,0,0,0,12,1,13,1.3,1769,916,197,1113,805,168,973,1.7,56.2
CITIES:,,TOTAL (CITIES),1,0,0,0,2,0,2,0.0,124,64,13,77,83,27,110,0.2,177,48,16,64,101,53,154,0.3,0,0,0,0,0,0,0,0.0,2,0,0,0,2,0,2,0.0,309,91,42,133,168,47,215,0.4,612,203,71,274,354,127,481,0.8,85,6,1,7,66,12,78,0.1,2636,84,34,118,2187,392,2579,4.4,2721,90,35,125,2253,404,2657,4.5,1220,148,35,183,931,143,1074,1.8,13,45,19,64,15,0,15,0.0,92,41,8,49,48,25,73,0.1,105,86,27,113,63,25,88,0.1,3354,356,100,456,2503,447,2950,5.0,409,84,10,94,265,55,320,0.5,3763,440,110,550,2768,502,3270,5.6,536,355,20,375,158,10,168,0.3,54,12,9,21,18,20,38,0.1,392,30,11,41,346,68,414,0.7,873,28,58,86,200,632,832,1.4,2864,293,332,625,761,1570,2331,4.0,4183,363,410,773,1325,2290,3615,6.1,334,177,30,207,216,56,272,0.5,5836,116,43,159,4919,769,5688,9.7,1332,102,35,137,1001,196,1197,2.0,174,0,18,18,0,157,157,0.3,1588,163,4,167,1418,19,1437,2.4,8930,381,100,481,7338,1141,8479,14.4,69,33,11,44,20,12,32,0.1,16,3,7,10,9,9,18,0.0,1894,662,482,1144,482,307,789,1.3,77,12,1,13,52,14,66,0.1,16,0,0,0,13,4,17,0.0,522,197,98,295,158,72,230,0.4,1242,323,182,505,509,243,752,1.3,,,,,,,,,3751,1194,763,1957,1214,640,1854,3.1,4,0,0,0,4,0,4,0.0,392,1,1,2,249,146,395,0.7,78305,57319,11948,69267,13500,2364,15864,26.9,163,18,7,25,132,22,154,0.3,2163,360,44,404,1531,227,1758,3.0,,,,,,,,,80631,57697,11999,69696,15163,2613,17776,30.2,18276,2928,1052,3980,11398,3218,14616,24.8,4065,24,7,31,3346,726,4072,6.9,129609,64123,14678,78801,46811,12062,58873,100.0,36.6
