year,city,age_band,age_as_printed,sex,value,check,source
2004,Agra,0-14,Upto 14 Years,Female,1.0,ok,text
2004,Agra,0-14,Upto 14 Years,Male,4.0,ok,text
2004,Agra,0-14,Upto 14 Years,Total,5.0,ok,text
2004,Agra,15-29,15–29 Years,Female,12.0,ok,text
2004,Agra,15-29,15–29 Years,Male,35.0,ok,text
2004,Agra,15-29,15–29 Years,Total,47.0,ok,text
2004,Agra,30-44,30–44 Years,Female,8.0,ok,text
2004,Agra,30-44,30–44 Years,Male,32.0,ok,text
2004,Agra,30-44,30–44 Years,Total,40.0,ok,text
2004,Agra,45-59,45–59 Years,Female,6.0,ok,text
2004,Agra,45-59,45–59 Years,Male,9.0,ok,text
2004,Agra,45-59,45–59 Years,Total,15.0,ok,text
2004,Agra,60+,60 Years & above,Female,3.0,ok,text
2004,Agra,60+,60 Years & above,Male,5.0,ok,text
2004,Agra,60+,60 Years & above,Total,8.0,ok,text
2004,Agra,all ages,Total,Female,30.0,ok,text
2004,Agra,all ages,Total,Male,85.0,ok,text
2004,Agra,all ages,Total,Total,115.0,ok,text
2004,Ahmedabad,0-14,Upto 14 Years,Female,3.0,ok,text
2004,Ahmedabad,0-14,Upto 14 Years,Male,6.0,ok,text
2004,Ahmedabad,0-14,Upto 14 Years,Total,9.0,ok,text
2004,Ahmedabad,15-29,15–29 Years,Female,89.0,ok,text
2004,Ahmedabad,15-29,15–29 Years,Male,103.0,ok,text
2004,Ahmedabad,15-29,15–29 Years,Total,192.0,ok,text
2004,Ahmedabad,30-44,30–44 Years,Female,50.0,ok,text
2004,Ahmedabad,30-44,30–44 Years,Male,118.0,ok,text
2004,Ahmedabad,30-44,30–44 Years,Total,168.0,ok,text
2004,Ahmedabad,45-59,45–59 Years,Female,15.0,ok,text
2004,Ahmedabad,45-59,45–59 Years,Male,57.0,ok,text
2004,Ahmedabad,45-59,45–59 Years,Total,72.0,ok,text
2004,Ahmedabad,60+,60 Years & above,Female,7.0,ok,text
2004,Ahmedabad,60+,60 Years & above,Male,11.0,ok,text
2004,Ahmedabad,60+,60 Years & above,Total,18.0,ok,text
2004,Ahmedabad,all ages,Total,Female,164.0,ok,text
2004,Ahmedabad,all ages,Total,Male,295.0,ok,text
2004,Ahmedabad,all ages,Total,Total,459.0,ok,text
2004,Prayagraj,0-14,Upto 14 Years,Female,2.0,ok,text
2004,Prayagraj,0-14,Upto 14 Years,Male,0.0,ok,text
2004,Prayagraj,0-14,Upto 14 Years,Total,2.0,ok,text
2004,Prayagraj,15-29,15–29 Years,Female,19.0,ok,text
2004,Prayagraj,15-29,15–29 Years,Male,23.0,ok,text
2004,Prayagraj,15-29,15–29 Years,Total,42.0,ok,text
2004,Prayagraj,30-44,30–44 Years,Female,9.0,ok,text
2004,Prayagraj,30-44,30–44 Years,Male,13.0,ok,text
2004,Prayagraj,30-44,30–44 Years,Total,22.0,ok,text
2004,Prayagraj,45-59,45–59 Years,Female,4.0,ok,text
2004,Prayagraj,45-59,45–59 Years,Male,14.0,ok,text
2004,Prayagraj,45-59,45–59 Years,Total,18.0,ok,text
2004,Prayagraj,60+,60 Years & above,Female,1.0,ok,text
2004,Prayagraj,60+,60 Years & above,Male,1.0,ok,text
2004,Prayagraj,60+,60 Years & above,Total,2.0,ok,text
2004,Prayagraj,all ages,Total,Female,35.0,ok,text
2004,Prayagraj,all ages,Total,Male,51.0,ok,text
2004,Prayagraj,all ages,Total,Total,86.0,ok,text
2004,Amritsar,0-14,Upto 14 Years,Female,0.0,ok,text
2004,Amritsar,0-14,Upto 14 Years,Male,3.0,ok,text
2004,Amritsar,0-14,Upto 14 Years,Total,3.0,ok,text
2004,Amritsar,15-29,15–29 Years,Female,4.0,ok,text
2004,Amritsar,15-29,15–29 Years,Male,3.0,ok,text
2004,Amritsar,15-29,15–29 Years,Total,7.0,ok,text
2004,Amritsar,30-44,30–44 Years,Female,5.0,ok,text
2004,Amritsar,30-44,30–44 Years,Male,6.0,ok,text
2004,Amritsar,30-44,30–44 Years,Total,11.0,ok,text
2004,Amritsar,45-59,45–59 Years,Female,1.0,ok,text
2004,Amritsar,45-59,45–59 Years,Male,6.0,ok,text
2004,Amritsar,45-59,45–59 Years,Total,7.0,ok,text
2004,Amritsar,60+,60 Years & above,Female,2.0,ok,text
2004,Amritsar,60+,60 Years & above,Male,2.0,ok,text
2004,Amritsar,60+,60 Years & above,Total,4.0,ok,text
2004,Amritsar,all ages,Total,Female,12.0,ok,text
2004,Amritsar,all ages,Total,Male,20.0,ok,text
2004,Amritsar,all ages,Total,Total,32.0,ok,text
2004,Asansol,0-14,Upto 14 Years,Female,0.0,ok,text
2004,Asansol,0-14,Upto 14 Years,Male,0.0,ok,text
2004,Asansol,0-14,Upto 14 Years,Total,0.0,ok,text
2004,Asansol,15-29,15–29 Years,Female,9.0,ok,text
2004,Asansol,15-29,15–29 Years,Male,78.0,ok,text
2004,Asansol,15-29,15–29 Years,Total,87.0,ok,text
2004,Asansol,30-44,30–44 Years,Female,4.0,ok,text
2004,Asansol,30-44,30–44 Years,Male,52.0,ok,text
2004,Asansol,30-44,30–44 Years,Total,56.0,ok,text
2004,Asansol,45-59,45–59 Years,Female,5.0,ok,text
2004,Asansol,45-59,45–59 Years,Male,40.0,ok,text
2004,Asansol,45-59,45–59 Years,Total,45.0,ok,text
2004,Asansol,60+,60 Years & above,Female,0.0,ok,text
2004,Asansol,60+,60 Years & above,Male,10.0,ok,text
2004,Asansol,60+,60 Years & above,Total,10.0,ok,text
2004,Asansol,all ages,Total,Female,18.0,ok,text
2004,Asansol,all ages,Total,Male,180.0,ok,text
2004,Asansol,all ages,Total,Total,198.0,ok,text
2004,Bengaluru,0-14,Upto 14 Years,Female,50.0,ok,text
2004,Bengaluru,0-14,Upto 14 Years,Male,16.0,ok,text
2004,Bengaluru,0-14,Upto 14 Years,Total,66.0,ok,text
2004,Bengaluru,15-29,15–29 Years,Female,348.0,ok,text
2004,Bengaluru,15-29,15–29 Years,Male,295.0,ok,text
2004,Bengaluru,15-29,15–29 Years,Total,643.0,ok,text
2004,Bengaluru,30-44,30–44 Years,Female,144.0,ok,text
2004,Bengaluru,30-44,30–44 Years,Male,339.0,ok,text
2004,Bengaluru,30-44,30–44 Years,Total,483.0,ok,text
2004,Bengaluru,45-59,45–59 Years,Female,89.0,ok,text
2004,Bengaluru,45-59,45–59 Years,Male,135.0,ok,text
2004,Bengaluru,45-59,45–59 Years,Total,224.0,ok,text
2004,Bengaluru,60+,60 Years & above,Female,40.0,ok,text
2004,Bengaluru,60+,60 Years & above,Male,72.0,ok,text
2004,Bengaluru,60+,60 Years & above,Total,112.0,ok,text
2004,Bengaluru,all ages,Total,Female,671.0,ok,text
2004,Bengaluru,all ages,Total,Male,857.0,ok,text
2004,Bengaluru,all ages,Total,Total,1528.0,ok,text
2004,Bhopal,0-14,Upto 14 Years,Female,3.0,ok,text
2004,Bhopal,0-14,Upto 14 Years,Male,4.0,ok,text
2004,Bhopal,0-14,Upto 14 Years,Total,7.0,ok,text
2004,Bhopal,15-29,15–29 Years,Female,92.0,ok,text
2004,Bhopal,15-29,15–29 Years,Male,69.0,ok,text
2004,Bhopal,15-29,15–29 Years,Total,161.0,ok,text
2004,Bhopal,30-44,30–44 Years,Female,26.0,ok,text
2004,Bhopal,30-44,30–44 Years,Male,44.0,ok,text
2004,Bhopal,30-44,30–44 Years,Total,70.0,ok,text
2004,Bhopal,45-59,45–59 Years,Female,4.0,ok,text
2004,Bhopal,45-59,45–59 Years,Male,14.0,ok,text
2004,Bhopal,45-59,45–59 Years,Total,18.0,ok,text
2004,Bhopal,60+,60 Years & above,Female,4.0,ok,text
2004,Bhopal,60+,60 Years & above,Male,17.0,ok,text
2004,Bhopal,60+,60 Years & above,Total,21.0,ok,text
2004,Bhopal,all ages,Total,Female,129.0,ok,text
2004,Bhopal,all ages,Total,Male,148.0,ok,text
2004,Bhopal,all ages,Total,Total,277.0,ok,text
2004,Chennai,0-14,Upto 14 Years,Female,43.0,ok,text
2004,Chennai,0-14,Upto 14 Years,Male,12.0,ok,text
2004,Chennai,0-14,Upto 14 Years,Total,55.0,ok,text
2004,Chennai,15-29,15–29 Years,Female,207.0,ok,text
2004,Chennai,15-29,15–29 Years,Male,203.0,ok,text
2004,Chennai,15-29,15–29 Years,Total,410.0,ok,text
2004,Chennai,30-44,30–44 Years,Female,155.0,ok,text
2004,Chennai,30-44,30–44 Years,Male,224.0,ok,text
2004,Chennai,30-44,30–44 Years,Total,379.0,ok,text
2004,Chennai,45-59,45–59 Years,Female,98.0,ok,text
2004,Chennai,45-59,45–59 Years,Male,181.0,ok,text
2004,Chennai,45-59,45–59 Years,Total,279.0,ok,text
2004,Chennai,60+,60 Years & above,Female,30.0,ok,text
2004,Chennai,60+,60 Years & above,Male,43.0,ok,text
2004,Chennai,60+,60 Years & above,Total,73.0,ok,text
2004,Chennai,all ages,Total,Female,533.0,ok,text
2004,Chennai,all ages,Total,Male,663.0,ok,text
2004,Chennai,all ages,Total,Total,1196.0,ok,text
2004,Coimbatore,0-14,Upto 14 Years,Female,1.0,ok,text
2004,Coimbatore,0-14,Upto 14 Years,Male,0.0,ok,text
2004,Coimbatore,0-14,Upto 14 Years,Total,1.0,ok,text
2004,Coimbatore,15-29,15–29 Years,Female,48.0,ok,text
2004,Coimbatore,15-29,15–29 Years,Male,55.0,ok,text
2004,Coimbatore,15-29,15–29 Years,Total,103.0,ok,text
2004,Coimbatore,30-44,30–44 Years,Female,30.0,ok,text
2004,Coimbatore,30-44,30–44 Years,Male,63.0,ok,text
2004,Coimbatore,30-44,30–44 Years,Total,93.0,ok,text
2004,Coimbatore,45-59,45–59 Years,Female,7.0,ok,text
2004,Coimbatore,45-59,45–59 Years,Male,45.0,ok,text
2004,Coimbatore,45-59,45–59 Years,Total,52.0,ok,text
2004,Coimbatore,60+,60 Years & above,Female,10.0,ok,text
2004,Coimbatore,60+,60 Years & above,Male,16.0,ok,text
2004,Coimbatore,60+,60 Years & above,Total,26.0,ok,text
2004,Coimbatore,all ages,Total,Female,96.0,ok,text
2004,Coimbatore,all ages,Total,Male,179.0,ok,text
2004,Coimbatore,all ages,Total,Total,275.0,ok,text
2004,Delhi,0-14,Upto 14 Years,Female,15.0,ok,text
2004,Delhi,0-14,Upto 14 Years,Male,15.0,ok,text
2004,Delhi,0-14,Upto 14 Years,Total,30.0,ok,text
2004,Delhi,15-29,15–29 Years,Female,227.0,ok,text
2004,Delhi,15-29,15–29 Years,Male,268.0,ok,text
2004,Delhi,15-29,15–29 Years,Total,495.0,ok,text
2004,Delhi,30-44,30–44 Years,Female,88.0,ok,text
2004,Delhi,30-44,30–44 Years,Male,235.0,ok,text
2004,Delhi,30-44,30–44 Years,Total,323.0,ok,text
2004,Delhi,45-59,45–59 Years,Female,18.0,ok,text
2004,Delhi,45-59,45–59 Years,Male,76.0,ok,text
2004,Delhi,45-59,45–59 Years,Total,94.0,ok,text
2004,Delhi,60+,60 Years & above,Female,12.0,ok,text
2004,Delhi,60+,60 Years & above,Male,13.0,ok,text
2004,Delhi,60+,60 Years & above,Total,25.0,ok,text
2004,Delhi,all ages,Total,Female,360.0,ok,text
2004,Delhi,all ages,Total,Male,607.0,ok,text
2004,Delhi,all ages,Total,Total,967.0,ok,text
2004,Dhanbad,0-14,Upto 14 Years,Female,5.0,ok,text
2004,Dhanbad,0-14,Upto 14 Years,Male,1.0,ok,text
2004,Dhanbad,0-14,Upto 14 Years,Total,6.0,ok,text
2004,Dhanbad,15-29,15–29 Years,Female,59.0,ok,text
2004,Dhanbad,15-29,15–29 Years,Male,40.0,ok,text
2004,Dhanbad,15-29,15–29 Years,Total,99.0,ok,text
2004,Dhanbad,30-44,30–44 Years,Female,34.0,ok,text
2004,Dhanbad,30-44,30–44 Years,Male,30.0,ok,text
2004,Dhanbad,30-44,30–44 Years,Total,64.0,ok,text
2004,Dhanbad,45-59,45–59 Years,Female,12.0,ok,text
2004,Dhanbad,45-59,45–59 Years,Male,25.0,ok,text
2004,Dhanbad,45-59,45–59 Years,Total,37.0,ok,text
2004,Dhanbad,60+,60 Years & above,Female,4.0,ok,text
2004,Dhanbad,60+,60 Years & above,Male,4.0,ok,text
2004,Dhanbad,60+,60 Years & above,Total,8.0,ok,text
2004,Dhanbad,all ages,Total,Female,114.0,ok,text
2004,Dhanbad,all ages,Total,Male,100.0,ok,text
2004,Dhanbad,all ages,Total,Total,214.0,ok,text
2004,Faridabad,0-14,Upto 14 Years,Female,0.0,ok,text
2004,Faridabad,0-14,Upto 14 Years,Male,0.0,ok,text
2004,Faridabad,0-14,Upto 14 Years,Total,0.0,ok,text
2004,Faridabad,15-29,15–29 Years,Female,9.0,ok,text
2004,Faridabad,15-29,15–29 Years,Male,20.0,ok,text
2004,Faridabad,15-29,15–29 Years,Total,29.0,ok,text
2004,Faridabad,30-44,30–44 Years,Female,2.0,ok,text
2004,Faridabad,30-44,30–44 Years,Male,8.0,ok,text
2004,Faridabad,30-44,30–44 Years,Total,10.0,ok,text
2004,Faridabad,45-59,45–59 Years,Female,1.0,ok,text
2004,Faridabad,45-59,45–59 Years,Male,2.0,ok,text
2004,Faridabad,45-59,45–59 Years,Total,3.0,ok,text
2004,Faridabad,60+,60 Years & above,Female,0.0,ok,text
2004,Faridabad,60+,60 Years & above,Male,0.0,ok,text
2004,Faridabad,60+,60 Years & above,Total,0.0,ok,text
2004,Faridabad,all ages,Total,Female,12.0,ok,text
2004,Faridabad,all ages,Total,Male,30.0,ok,text
2004,Faridabad,all ages,Total,Total,42.0,ok,text
2004,Hyderabad,0-14,Upto 14 Years,Female,7.0,ok,text
2004,Hyderabad,0-14,Upto 14 Years,Male,11.0,ok,text
2004,Hyderabad,0-14,Upto 14 Years,Total,18.0,ok,text
2004,Hyderabad,15-29,15–29 Years,Female,80.0,ok,text
2004,Hyderabad,15-29,15–29 Years,Male,109.0,ok,text
2004,Hyderabad,15-29,15–29 Years,Total,189.0,ok,text
2004,Hyderabad,30-44,30–44 Years,Female,55.0,ok,text
2004,Hyderabad,30-44,30–44 Years,Male,101.0,ok,text
2004,Hyderabad,30-44,30–44 Years,Total,156.0,ok,text
2004,Hyderabad,45-59,45–59 Years,Female,27.0,ok,text
2004,Hyderabad,45-59,45–59 Years,Male,37.0,ok,text
2004,Hyderabad,45-59,45–59 Years,Total,64.0,ok,text
2004,Hyderabad,60+,60 Years & above,Female,4.0,ok,text
2004,Hyderabad,60+,60 Years & above,Male,10.0,ok,text
2004,Hyderabad,60+,60 Years & above,Total,14.0,ok,text
2004,Hyderabad,all ages,Total,Female,173.0,ok,text
2004,Hyderabad,all ages,Total,Male,268.0,ok,text
2004,Hyderabad,all ages,Total,Total,441.0,ok,text
2004,Indore,0-14,Upto 14 Years,Female,4.0,ok,text
2004,Indore,0-14,Upto 14 Years,Male,12.0,ok,text
2004,Indore,0-14,Upto 14 Years,Total,16.0,ok,text
2004,Indore,15-29,15–29 Years,Female,94.0,ok,text
2004,Indore,15-29,15–29 Years,Male,145.0,ok,text
2004,Indore,15-29,15–29 Years,Total,239.0,ok,text
2004,Indore,30-44,30–44 Years,Female,35.0,ok,text
2004,Indore,30-44,30–44 Years,Male,117.0,ok,text
2004,Indore,30-44,30–44 Years,Total,152.0,ok,text
2004,Indore,45-59,45–59 Years,Female,8.0,ok,text
2004,Indore,45-59,45–59 Years,Male,40.0,ok,text
2004,Indore,45-59,45–59 Years,Total,48.0,ok,text
2004,Indore,60+,60 Years & above,Female,4.0,ok,text
2004,Indore,60+,60 Years & above,Male,19.0,ok,text
2004,Indore,60+,60 Years & above,Total,23.0,ok,text
2004,Indore,all ages,Total,Female,145.0,ok,text
2004,Indore,all ages,Total,Male,333.0,ok,text
2004,Indore,all ages,Total,Total,478.0,ok,text
2004,Jabalpur,0-14,Upto 14 Years,Female,2.0,ok,text
2004,Jabalpur,0-14,Upto 14 Years,Male,21.0,ok,text
2004,Jabalpur,0-14,Upto 14 Years,Total,23.0,ok,text
2004,Jabalpur,15-29,15–29 Years,Female,97.0,ok,text
2004,Jabalpur,15-29,15–29 Years,Male,93.0,ok,text
2004,Jabalpur,15-29,15–29 Years,Total,190.0,ok,text
2004,Jabalpur,30-44,30–44 Years,Female,51.0,ok,text
2004,Jabalpur,30-44,30–44 Years,Male,94.0,ok,text
2004,Jabalpur,30-44,30–44 Years,Total,145.0,ok,text
2004,Jabalpur,45-59,45–59 Years,Female,17.0,ok,text
2004,Jabalpur,45-59,45–59 Years,Male,40.0,ok,text
2004,Jabalpur,45-59,45–59 Years,Total,57.0,ok,text
2004,Jabalpur,60+,60 Years & above,Female,6.0,ok,text
2004,Jabalpur,60+,60 Years & above,Male,16.0,ok,text
2004,Jabalpur,60+,60 Years & above,Total,22.0,ok,text
2004,Jabalpur,all ages,Total,Female,173.0,ok,text
2004,Jabalpur,all ages,Total,Male,264.0,ok,text
2004,Jabalpur,all ages,Total,Total,437.0,ok,text
2004,Jaipur,0-14,Upto 14 Years,Female,1.0,ok,text
2004,Jaipur,0-14,Upto 14 Years,Male,2.0,ok,text
2004,Jaipur,0-14,Upto 14 Years,Total,3.0,ok,text
2004,Jaipur,15-29,15–29 Years,Female,50.0,ok,text
2004,Jaipur,15-29,15–29 Years,Male,56.0,ok,text
2004,Jaipur,15-29,15–29 Years,Total,106.0,ok,text
2004,Jaipur,30-44,30–44 Years,Female,42.0,ok,text
2004,Jaipur,30-44,30–44 Years,Male,79.0,ok,text
2004,Jaipur,30-44,30–44 Years,Total,121.0,ok,text
2004,Jaipur,45-59,45–59 Years,Female,11.0,ok,text
2004,Jaipur,45-59,45–59 Years,Male,32.0,ok,text
2004,Jaipur,45-59,45–59 Years,Total,43.0,ok,text
2004,Jaipur,60+,60 Years & above,Female,1.0,ok,text
2004,Jaipur,60+,60 Years & above,Male,5.0,ok,text
2004,Jaipur,60+,60 Years & above,Total,6.0,ok,text
2004,Jaipur,all ages,Total,Female,105.0,ok,text
2004,Jaipur,all ages,Total,Male,174.0,ok,text
2004,Jaipur,all ages,Total,Total,279.0,ok,text
2004,Jamshedpur,0-14,Upto 14 Years,Female,0.0,ok,text
2004,Jamshedpur,0-14,Upto 14 Years,Male,0.0,ok,text
2004,Jamshedpur,0-14,Upto 14 Years,Total,0.0,ok,text
2004,Jamshedpur,15-29,15–29 Years,Female,12.0,ok,text
2004,Jamshedpur,15-29,15–29 Years,Male,15.0,ok,text
2004,Jamshedpur,15-29,15–29 Years,Total,27.0,ok,text
2004,Jamshedpur,30-44,30–44 Years,Female,21.0,ok,text
2004,Jamshedpur,30-44,30–44 Years,Male,17.0,ok,text
2004,Jamshedpur,30-44,30–44 Years,Total,38.0,ok,text
2004,Jamshedpur,45-59,45–59 Years,Female,12.0,ok,text
2004,Jamshedpur,45-59,45–59 Years,Male,18.0,ok,text
2004,Jamshedpur,45-59,45–59 Years,Total,30.0,ok,text
2004,Jamshedpur,60+,60 Years & above,Female,0.0,ok,text
2004,Jamshedpur,60+,60 Years & above,Male,0.0,ok,text
2004,Jamshedpur,60+,60 Years & above,Total,0.0,ok,text
2004,Jamshedpur,all ages,Total,Female,45.0,ok,text
2004,Jamshedpur,all ages,Total,Male,50.0,ok,text
2004,Jamshedpur,all ages,Total,Total,95.0,ok,text
2004,Kanpur,0-14,Upto 14 Years,Female,10.0,ok,text
2004,Kanpur,0-14,Upto 14 Years,Male,3.0,ok,text
2004,Kanpur,0-14,Upto 14 Years,Total,13.0,ok,text
2004,Kanpur,15-29,15–29 Years,Female,85.0,ok,text
2004,Kanpur,15-29,15–29 Years,Male,56.0,ok,text
2004,Kanpur,15-29,15–29 Years,Total,141.0,ok,text
2004,Kanpur,30-44,30–44 Years,Female,73.0,ok,text
2004,Kanpur,30-44,30–44 Years,Male,63.0,ok,text
2004,Kanpur,30-44,30–44 Years,Total,136.0,ok,text
2004,Kanpur,45-59,45–59 Years,Female,45.0,ok,text
2004,Kanpur,45-59,45–59 Years,Male,21.0,ok,text
2004,Kanpur,45-59,45–59 Years,Total,66.0,ok,text
2004,Kanpur,60+,60 Years & above,Female,1.0,ok,text
2004,Kanpur,60+,60 Years & above,Male,3.0,ok,text
2004,Kanpur,60+,60 Years & above,Total,4.0,ok,text
2004,Kanpur,all ages,Total,Female,214.0,ok,text
2004,Kanpur,all ages,Total,Male,146.0,ok,text
2004,Kanpur,all ages,Total,Total,360.0,ok,text
2004,Kochi,0-14,Upto 14 Years,Female,1.0,ok,text
2004,Kochi,0-14,Upto 14 Years,Male,2.0,ok,text
2004,Kochi,0-14,Upto 14 Years,Total,3.0,ok,text
2004,Kochi,15-29,15–29 Years,Female,19.0,ok,text
2004,Kochi,15-29,15–29 Years,Male,39.0,ok,text
2004,Kochi,15-29,15–29 Years,Total,58.0,ok,text
2004,Kochi,30-44,30–44 Years,Female,15.0,ok,text
2004,Kochi,30-44,30–44 Years,Male,45.0,ok,text
2004,Kochi,30-44,30–44 Years,Total,60.0,ok,text
2004,Kochi,45-59,45–59 Years,Female,9.0,ok,text
2004,Kochi,45-59,45–59 Years,Male,51.0,ok,text
2004,Kochi,45-59,45–59 Years,Total,60.0,ok,text
2004,Kochi,60+,60 Years & above,Female,15.0,ok,text
2004,Kochi,60+,60 Years & above,Male,16.0,ok,text
2004,Kochi,60+,60 Years & above,Total,31.0,ok,text
2004,Kochi,all ages,Total,Female,59.0,ok,text
2004,Kochi,all ages,Total,Male,153.0,ok,text
2004,Kochi,all ages,Total,Total,212.0,ok,text
2004,Kolkata,0-14,Upto 14 Years,Female,2.0,ok,text
2004,Kolkata,0-14,Upto 14 Years,Male,1.0,ok,text
2004,Kolkata,0-14,Upto 14 Years,Total,3.0,ok,text
2004,Kolkata,15-29,15–29 Years,Female,38.0,ok,text
2004,Kolkata,15-29,15–29 Years,Male,27.0,ok,text
2004,Kolkata,15-29,15–29 Years,Total,65.0,ok,text
2004,Kolkata,30-44,30–44 Years,Female,17.0,ok,text
2004,Kolkata,30-44,30–44 Years,Male,45.0,ok,text
2004,Kolkata,30-44,30–44 Years,Total,62.0,ok,text
2004,Kolkata,45-59,45–59 Years,Female,14.0,ok,text
2004,Kolkata,45-59,45–59 Years,Male,35.0,ok,text
2004,Kolkata,45-59,45–59 Years,Total,49.0,ok,text
2004,Kolkata,60+,60 Years & above,Female,4.0,ok,text
2004,Kolkata,60+,60 Years & above,Male,18.0,ok,text
2004,Kolkata,60+,60 Years & above,Total,22.0,ok,text
2004,Kolkata,all ages,Total,Female,75.0,ok,text
2004,Kolkata,all ages,Total,Male,126.0,ok,text
2004,Kolkata,all ages,Total,Total,201.0,ok,text
2004,Lucknow,0-14,Upto 14 Years,Female,,mismatch,text
2004,Lucknow,0-14,Upto 14 Years,Male,,mismatch,text
2004,Lucknow,0-14,Upto 14 Years,Total,,mismatch,text
2004,Lucknow,15-29,15–29 Years,Female,,mismatch,text
2004,Lucknow,15-29,15–29 Years,Male,,mismatch,text
2004,Lucknow,15-29,15–29 Years,Total,,mismatch,text
2004,Lucknow,30-44,30–44 Years,Female,,mismatch,text
2004,Lucknow,30-44,30–44 Years,Male,,mismatch,text
2004,Lucknow,30-44,30–44 Years,Total,,mismatch,text
2004,Lucknow,45-59,45–59 Years,Female,,mismatch,text
2004,Lucknow,45-59,45–59 Years,Male,,mismatch,text
2004,Lucknow,45-59,45–59 Years,Total,,mismatch,text
2004,Lucknow,60+,60 Years & above,Female,,mismatch,text
2004,Lucknow,60+,60 Years & above,Male,,mismatch,text
2004,Lucknow,60+,60 Years & above,Total,,mismatch,text
2004,Lucknow,all ages,Total,Female,,mismatch,text
2004,Lucknow,all ages,Total,Male,,mismatch,text
2004,Lucknow,all ages,Total,Total,,mismatch,text
2004,Ludhiana,0-14,Upto 14 Years,Female,0.0,ok,text
2004,Ludhiana,0-14,Upto 14 Years,Male,0.0,ok,text
2004,Ludhiana,0-14,Upto 14 Years,Total,0.0,ok,text
2004,Ludhiana,15-29,15–29 Years,Female,3.0,ok,text
2004,Ludhiana,15-29,15–29 Years,Male,9.0,ok,text
2004,Ludhiana,15-29,15–29 Years,Total,12.0,ok,text
2004,Ludhiana,30-44,30–44 Years,Female,4.0,ok,text
2004,Ludhiana,30-44,30–44 Years,Male,15.0,ok,text
2004,Ludhiana,30-44,30–44 Years,Total,19.0,ok,text
2004,Ludhiana,45-59,45–59 Years,Female,1.0,ok,text
2004,Ludhiana,45-59,45–59 Years,Male,1.0,ok,text
2004,Ludhiana,45-59,45–59 Years,Total,2.0,ok,text
2004,Ludhiana,60+,60 Years & above,Female,0.0,ok,text
2004,Ludhiana,60+,60 Years & above,Male,1.0,ok,text
2004,Ludhiana,60+,60 Years & above,Total,1.0,ok,text
2004,Ludhiana,all ages,Total,Female,8.0,ok,text
2004,Ludhiana,all ages,Total,Male,26.0,ok,text
2004,Ludhiana,all ages,Total,Total,34.0,ok,text
2004,Madurai,0-14,Upto 14 Years,Female,0.0,ok,text
2004,Madurai,0-14,Upto 14 Years,Male,0.0,ok,text
2004,Madurai,0-14,Upto 14 Years,Total,0.0,ok,text
2004,Madurai,15-29,15–29 Years,Female,27.0,ok,text
2004,Madurai,15-29,15–29 Years,Male,20.0,ok,text
2004,Madurai,15-29,15–29 Years,Total,47.0,ok,text
2004,Madurai,30-44,30–44 Years,Female,28.0,ok,text
2004,Madurai,30-44,30–44 Years,Male,47.0,ok,text
2004,Madurai,30-44,30–44 Years,Total,75.0,ok,text
2004,Madurai,45-59,45–59 Years,Female,24.0,ok,text
2004,Madurai,45-59,45–59 Years,Male,25.0,ok,text
2004,Madurai,45-59,45–59 Years,Total,49.0,ok,text
2004,Madurai,60+,60 Years & above,Female,0.0,ok,text
2004,Madurai,60+,60 Years & above,Male,2.0,ok,text
2004,Madurai,60+,60 Years & above,Total,2.0,ok,text
2004,Madurai,all ages,Total,Female,79.0,ok,text
2004,Madurai,all ages,Total,Male,94.0,ok,text
2004,Madurai,all ages,Total,Total,173.0,ok,text
2004,Meerut,0-14,Upto 14 Years,Female,0.0,ok,text
2004,Meerut,0-14,Upto 14 Years,Male,0.0,ok,text
2004,Meerut,0-14,Upto 14 Years,Total,0.0,ok,text
2004,Meerut,15-29,15–29 Years,Female,8.0,ok,text
2004,Meerut,15-29,15–29 Years,Male,4.0,ok,text
2004,Meerut,15-29,15–29 Years,Total,12.0,ok,text
2004,Meerut,30-44,30–44 Years,Female,6.0,ok,text
2004,Meerut,30-44,30–44 Years,Male,9.0,ok,text
2004,Meerut,30-44,30–44 Years,Total,15.0,ok,text
2004,Meerut,45-59,45–59 Years,Female,1.0,ok,text
2004,Meerut,45-59,45–59 Years,Male,8.0,ok,text
2004,Meerut,45-59,45–59 Years,Total,9.0,ok,text
2004,Meerut,60+,60 Years & above,Female,0.0,ok,text
2004,Meerut,60+,60 Years & above,Male,0.0,ok,text
2004,Meerut,60+,60 Years & above,Total,0.0,ok,text
2004,Meerut,all ages,Total,Female,15.0,ok,text
2004,Meerut,all ages,Total,Male,21.0,ok,text
2004,Meerut,all ages,Total,Total,36.0,ok,text
2004,Mumbai,0-14,Upto 14 Years,Female,1.0,ok,text
2004,Mumbai,0-14,Upto 14 Years,Male,5.0,ok,text
2004,Mumbai,0-14,Upto 14 Years,Total,6.0,ok,text
2004,Mumbai,15-29,15–29 Years,Female,235.0,ok,text
2004,Mumbai,15-29,15–29 Years,Male,212.0,ok,text
2004,Mumbai,15-29,15–29 Years,Total,447.0,ok,text
2004,Mumbai,30-44,30–44 Years,Female,150.0,ok,text
2004,Mumbai,30-44,30–44 Years,Male,260.0,ok,text
2004,Mumbai,30-44,30–44 Years,Total,410.0,ok,text
2004,Mumbai,45-59,45–59 Years,Female,57.0,ok,text
2004,Mumbai,45-59,45–59 Years,Male,127.0,ok,text
2004,Mumbai,45-59,45–59 Years,Total,184.0,ok,text
2004,Mumbai,60+,60 Years & above,Female,21.0,ok,text
2004,Mumbai,60+,60 Years & above,Male,38.0,ok,text
2004,Mumbai,60+,60 Years & above,Total,59.0,ok,text
2004,Mumbai,all ages,Total,Female,464.0,ok,text
2004,Mumbai,all ages,Total,Male,642.0,ok,text
2004,Mumbai,all ages,Total,Total,1106.0,ok,text
2004,Nagpur,0-14,Upto 14 Years,Female,3.0,ok,text
2004,Nagpur,0-14,Upto 14 Years,Male,1.0,ok,text
2004,Nagpur,0-14,Upto 14 Years,Total,4.0,ok,text
2004,Nagpur,15-29,15–29 Years,Female,74.0,ok,text
2004,Nagpur,15-29,15–29 Years,Male,95.0,ok,text
2004,Nagpur,15-29,15–29 Years,Total,169.0,ok,text
2004,Nagpur,30-44,30–44 Years,Female,36.0,ok,text
2004,Nagpur,30-44,30–44 Years,Male,114.0,ok,text
2004,Nagpur,30-44,30–44 Years,Total,150.0,ok,text
2004,Nagpur,45-59,45–59 Years,Female,6.0,ok,text
2004,Nagpur,45-59,45–59 Years,Male,61.0,ok,text
2004,Nagpur,45-59,45–59 Years,Total,67.0,ok,text
2004,Nagpur,60+,60 Years & above,Female,6.0,ok,text
2004,Nagpur,60+,60 Years & above,Male,23.0,ok,text
2004,Nagpur,60+,60 Years & above,Total,29.0,ok,text
2004,Nagpur,all ages,Total,Female,125.0,ok,text
2004,Nagpur,all ages,Total,Male,294.0,ok,text
2004,Nagpur,all ages,Total,Total,419.0,ok,text
2004,Nashik,0-14,Upto 14 Years,Female,3.0,ok,text
2004,Nashik,0-14,Upto 14 Years,Male,3.0,ok,text
2004,Nashik,0-14,Upto 14 Years,Total,6.0,ok,text
2004,Nashik,15-29,15–29 Years,Female,41.0,ok,text
2004,Nashik,15-29,15–29 Years,Male,48.0,ok,text
2004,Nashik,15-29,15–29 Years,Total,89.0,ok,text
2004,Nashik,30-44,30–44 Years,Female,20.0,ok,text
2004,Nashik,30-44,30–44 Years,Male,51.0,ok,text
2004,Nashik,30-44,30–44 Years,Total,71.0,ok,text
2004,Nashik,45-59,45–59 Years,Female,3.0,ok,text
2004,Nashik,45-59,45–59 Years,Male,17.0,ok,text
2004,Nashik,45-59,45–59 Years,Total,20.0,ok,text
2004,Nashik,60+,60 Years & above,Female,5.0,ok,text
2004,Nashik,60+,60 Years & above,Male,7.0,ok,text
2004,Nashik,60+,60 Years & above,Total,12.0,ok,text
2004,Nashik,all ages,Total,Female,72.0,ok,text
2004,Nashik,all ages,Total,Male,126.0,ok,text
2004,Nashik,all ages,Total,Total,198.0,ok,text
2004,Patna,0-14,Upto 14 Years,Female,0.0,ok,text
2004,Patna,0-14,Upto 14 Years,Male,1.0,ok,text
2004,Patna,0-14,Upto 14 Years,Total,1.0,ok,text
2004,Patna,15-29,15–29 Years,Female,0.0,ok,text
2004,Patna,15-29,15–29 Years,Male,5.0,ok,text
2004,Patna,15-29,15–29 Years,Total,5.0,ok,text
2004,Patna,30-44,30–44 Years,Female,0.0,ok,text
2004,Patna,30-44,30–44 Years,Male,7.0,ok,text
2004,Patna,30-44,30–44 Years,Total,7.0,ok,text
2004,Patna,45-59,45–59 Years,Female,0.0,ok,text
2004,Patna,45-59,45–59 Years,Male,1.0,ok,text
2004,Patna,45-59,45–59 Years,Total,1.0,ok,text
2004,Patna,60+,60 Years & above,Female,0.0,ok,text
2004,Patna,60+,60 Years & above,Male,0.0,ok,text
2004,Patna,60+,60 Years & above,Total,0.0,ok,text
2004,Patna,all ages,Total,Female,0.0,ok,text
2004,Patna,all ages,Total,Male,14.0,ok,text
2004,Patna,all ages,Total,Total,14.0,ok,text
2004,Pune,0-14,Upto 14 Years,Female,5.0,ok,text
2004,Pune,0-14,Upto 14 Years,Male,1.0,ok,text
2004,Pune,0-14,Upto 14 Years,Total,6.0,ok,text
2004,Pune,15-29,15–29 Years,Female,70.0,ok,text
2004,Pune,15-29,15–29 Years,Male,125.0,ok,text
2004,Pune,15-29,15–29 Years,Total,195.0,ok,text
2004,Pune,30-44,30–44 Years,Female,39.0,ok,text
2004,Pune,30-44,30–44 Years,Male,159.0,ok,text
2004,Pune,30-44,30–44 Years,Total,198.0,ok,text
2004,Pune,45-59,45–59 Years,Female,23.0,ok,text
2004,Pune,45-59,45–59 Years,Male,79.0,ok,text
2004,Pune,45-59,45–59 Years,Total,102.0,ok,text
2004,Pune,60+,60 Years & above,Female,13.0,ok,text
2004,Pune,60+,60 Years & above,Male,36.0,ok,text
2004,Pune,60+,60 Years & above,Total,49.0,ok,text
2004,Pune,all ages,Total,Female,150.0,ok,text
2004,Pune,all ages,Total,Male,400.0,ok,text
2004,Pune,all ages,Total,Total,550.0,ok,text
2004,Rajkot,0-14,Upto 14 Years,Female,3.0,ok,text
2004,Rajkot,0-14,Upto 14 Years,Male,0.0,ok,text
2004,Rajkot,0-14,Upto 14 Years,Total,3.0,ok,text
2004,Rajkot,15-29,15–29 Years,Female,86.0,ok,text
2004,Rajkot,15-29,15–29 Years,Male,61.0,ok,text
2004,Rajkot,15-29,15–29 Years,Total,147.0,ok,text
2004,Rajkot,30-44,30–44 Years,Female,38.0,ok,text
2004,Rajkot,30-44,30–44 Years,Male,42.0,ok,text
2004,Rajkot,30-44,30–44 Years,Total,80.0,ok,text
2004,Rajkot,45-59,45–59 Years,Female,14.0,ok,text
2004,Rajkot,45-59,45–59 Years,Male,39.0,ok,text
2004,Rajkot,45-59,45–59 Years,Total,53.0,ok,text
2004,Rajkot,60+,60 Years & above,Female,11.0,ok,text
2004,Rajkot,60+,60 Years & above,Male,13.0,ok,text
2004,Rajkot,60+,60 Years & above,Total,24.0,ok,text
2004,Rajkot,all ages,Total,Female,152.0,ok,text
2004,Rajkot,all ages,Total,Male,155.0,ok,text
2004,Rajkot,all ages,Total,Total,307.0,ok,text
2004,Surat,0-14,Upto 14 Years,Female,2.0,ok,text
2004,Surat,0-14,Upto 14 Years,Male,3.0,ok,text
2004,Surat,0-14,Upto 14 Years,Total,5.0,ok,text
2004,Surat,15-29,15–29 Years,Female,61.0,ok,text
2004,Surat,15-29,15–29 Years,Male,50.0,ok,text
2004,Surat,15-29,15–29 Years,Total,111.0,ok,text
2004,Surat,30-44,30–44 Years,Female,48.0,ok,text
2004,Surat,30-44,30–44 Years,Male,72.0,ok,text
2004,Surat,30-44,30–44 Years,Total,120.0,ok,text
2004,Surat,45-59,45–59 Years,Female,25.0,ok,text
2004,Surat,45-59,45–59 Years,Male,46.0,ok,text
2004,Surat,45-59,45–59 Years,Total,71.0,ok,text
2004,Surat,60+,60 Years & above,Female,9.0,ok,text
2004,Surat,60+,60 Years & above,Male,16.0,ok,text
2004,Surat,60+,60 Years & above,Total,25.0,ok,text
2004,Surat,all ages,Total,Female,145.0,ok,text
2004,Surat,all ages,Total,Male,187.0,ok,text
2004,Surat,all ages,Total,Total,332.0,ok,text
2004,Vadodara,0-14,Upto 14 Years,Female,0.0,ok,text
2004,Vadodara,0-14,Upto 14 Years,Male,2.0,ok,text
2004,Vadodara,0-14,Upto 14 Years,Total,2.0,ok,text
2004,Vadodara,15-29,15–29 Years,Female,32.0,ok,text
2004,Vadodara,15-29,15–29 Years,Male,40.0,ok,text
2004,Vadodara,15-29,15–29 Years,Total,72.0,ok,text
2004,Vadodara,30-44,30–44 Years,Female,19.0,ok,text
2004,Vadodara,30-44,30–44 Years,Male,45.0,ok,text
2004,Vadodara,30-44,30–44 Years,Total,64.0,ok,text
2004,Vadodara,45-59,45–59 Years,Female,8.0,ok,text
2004,Vadodara,45-59,45–59 Years,Male,15.0,ok,text
2004,Vadodara,45-59,45–59 Years,Total,23.0,ok,text
2004,Vadodara,60+,60 Years & above,Female,4.0,ok,text
2004,Vadodara,60+,60 Years & above,Male,8.0,ok,text
2004,Vadodara,60+,60 Years & above,Total,12.0,ok,text
2004,Vadodara,all ages,Total,Female,63.0,ok,text
2004,Vadodara,all ages,Total,Male,110.0,ok,text
2004,Vadodara,all ages,Total,Total,173.0,ok,text
2004,Varanasi,0-14,Upto 14 Years,Female,1.0,ok,text
2004,Varanasi,0-14,Upto 14 Years,Male,1.0,ok,text
2004,Varanasi,0-14,Upto 14 Years,Total,2.0,ok,text
2004,Varanasi,15-29,15–29 Years,Female,8.0,ok,text
2004,Varanasi,15-29,15–29 Years,Male,7.0,ok,text
2004,Varanasi,15-29,15–29 Years,Total,15.0,ok,text
2004,Varanasi,30-44,30–44 Years,Female,5.0,ok,text
2004,Varanasi,30-44,30–44 Years,Male,5.0,ok,text
2004,Varanasi,30-44,30–44 Years,Total,10.0,ok,text
2004,Varanasi,45-59,45–59 Years,Female,3.0,ok,text
2004,Varanasi,45-59,45–59 Years,Male,8.0,ok,text
2004,Varanasi,45-59,45–59 Years,Total,11.0,ok,text
2004,Varanasi,60+,60 Years & above,Female,6.0,ok,text
2004,Varanasi,60+,60 Years & above,Male,4.0,ok,text
2004,Varanasi,60+,60 Years & above,Total,10.0,ok,text
2004,Varanasi,all ages,Total,Female,23.0,ok,text
2004,Varanasi,all ages,Total,Male,25.0,ok,text
2004,Varanasi,all ages,Total,Total,48.0,ok,text
2004,Vijayawada,0-14,Upto 14 Years,Female,5.0,ok,text
2004,Vijayawada,0-14,Upto 14 Years,Male,0.0,ok,text
2004,Vijayawada,0-14,Upto 14 Years,Total,5.0,ok,text
2004,Vijayawada,15-29,15–29 Years,Female,31.0,ok,text
2004,Vijayawada,15-29,15–29 Years,Male,28.0,ok,text
2004,Vijayawada,15-29,15–29 Years,Total,59.0,ok,text
2004,Vijayawada,30-44,30–44 Years,Female,27.0,ok,text
2004,Vijayawada,30-44,30–44 Years,Male,53.0,ok,text
2004,Vijayawada,30-44,30–44 Years,Total,80.0,ok,text
2004,Vijayawada,45-59,45–59 Years,Female,6.0,ok,text
2004,Vijayawada,45-59,45–59 Years,Male,24.0,ok,text
2004,Vijayawada,45-59,45–59 Years,Total,30.0,ok,text
2004,Vijayawada,60+,60 Years & above,Female,1.0,ok,text
2004,Vijayawada,60+,60 Years & above,Male,11.0,ok,text
2004,Vijayawada,60+,60 Years & above,Total,12.0,ok,text
2004,Vijayawada,all ages,Total,Female,70.0,ok,text
2004,Vijayawada,all ages,Total,Male,116.0,ok,text
2004,Vijayawada,all ages,Total,Total,186.0,ok,text
2004,Visakhapatnam,0-14,Upto 14 Years,Female,2.0,ok,text
2004,Visakhapatnam,0-14,Upto 14 Years,Male,0.0,ok,text
2004,Visakhapatnam,0-14,Upto 14 Years,Total,2.0,ok,text
2004,Visakhapatnam,15-29,15–29 Years,Female,53.0,ok,text
2004,Visakhapatnam,15-29,15–29 Years,Male,46.0,ok,text
2004,Visakhapatnam,15-29,15–29 Years,Total,99.0,ok,text
2004,Visakhapatnam,30-44,30–44 Years,Female,20.0,ok,text
2004,Visakhapatnam,30-44,30–44 Years,Male,69.0,ok,text
2004,Visakhapatnam,30-44,30–44 Years,Total,89.0,ok,text
2004,Visakhapatnam,45-59,45–59 Years,Female,11.0,ok,text
2004,Visakhapatnam,45-59,45–59 Years,Male,30.0,ok,text
2004,Visakhapatnam,45-59,45–59 Years,Total,41.0,ok,text
2004,Visakhapatnam,60+,60 Years & above,Female,2.0,ok,text
2004,Visakhapatnam,60+,60 Years & above,Male,7.0,ok,text
2004,Visakhapatnam,60+,60 Years & above,Total,9.0,ok,text
2004,Visakhapatnam,all ages,Total,Female,88.0,ok,text
2004,Visakhapatnam,all ages,Total,Male,152.0,ok,text
2004,Visakhapatnam,all ages,Total,Total,240.0,ok,text
2005,Agra,0-14,Upto 14 Years,Female,2.0,ok,text
2005,Agra,0-14,Upto 14 Years,Male,1.0,ok,text
2005,Agra,0-14,Upto 14 Years,Total,3.0,ok,text
2005,Agra,15-29,15–29 Years,Female,6.0,ok,text
2005,Agra,15-29,15–29 Years,Male,12.0,ok,text
2005,Agra,15-29,15–29 Years,Total,18.0,ok,text
2005,Agra,30-44,30–44 Years,Female,10.0,ok,text
2005,Agra,30-44,30–44 Years,Male,9.0,ok,text
2005,Agra,30-44,30–44 Years,Total,19.0,ok,text
2005,Agra,45-59,45–59 Years,Female,5.0,ok,text
2005,Agra,45-59,45–59 Years,Male,7.0,ok,text
2005,Agra,45-59,45–59 Years,Total,12.0,ok,text
2005,Agra,60+,60 Years & above,Female,1.0,ok,text
2005,Agra,60+,60 Years & above,Male,1.0,ok,text
2005,Agra,60+,60 Years & above,Total,2.0,ok,text
2005,Agra,all ages,Total,Female,24.0,ok,text
2005,Agra,all ages,Total,Male,30.0,ok,text
2005,Agra,all ages,Total,Total,54.0,ok,text
2005,Ahmedabad,0-14,Upto 14 Years,Female,4.0,ok,text
2005,Ahmedabad,0-14,Upto 14 Years,Male,3.0,ok,text
2005,Ahmedabad,0-14,Upto 14 Years,Total,7.0,ok,text
2005,Ahmedabad,15-29,15–29 Years,Female,92.0,ok,text
2005,Ahmedabad,15-29,15–29 Years,Male,106.0,ok,text
2005,Ahmedabad,15-29,15–29 Years,Total,198.0,ok,text
2005,Ahmedabad,30-44,30–44 Years,Female,55.0,ok,text
2005,Ahmedabad,30-44,30–44 Years,Male,99.0,ok,text
2005,Ahmedabad,30-44,30–44 Years,Total,154.0,ok,text
2005,Ahmedabad,45-59,45–59 Years,Female,13.0,ok,text
2005,Ahmedabad,45-59,45–59 Years,Male,50.0,ok,text
2005,Ahmedabad,45-59,45–59 Years,Total,63.0,ok,text
2005,Ahmedabad,60+,60 Years & above,Female,12.0,ok,text
2005,Ahmedabad,60+,60 Years & above,Male,34.0,ok,text
2005,Ahmedabad,60+,60 Years & above,Total,46.0,ok,text
2005,Ahmedabad,all ages,Total,Female,176.0,ok,text
2005,Ahmedabad,all ages,Total,Male,292.0,ok,text
2005,Ahmedabad,all ages,Total,Total,468.0,ok,text
2005,Prayagraj,0-14,Upto 14 Years,Female,2.0,ok,text
2005,Prayagraj,0-14,Upto 14 Years,Male,0.0,ok,text
2005,Prayagraj,0-14,Upto 14 Years,Total,2.0,ok,text
2005,Prayagraj,15-29,15–29 Years,Female,13.0,ok,text
2005,Prayagraj,15-29,15–29 Years,Male,20.0,ok,text
2005,Prayagraj,15-29,15–29 Years,Total,33.0,ok,text
2005,Prayagraj,30-44,30–44 Years,Female,7.0,ok,text
2005,Prayagraj,30-44,30–44 Years,Male,24.0,ok,text
2005,Prayagraj,30-44,30–44 Years,Total,31.0,ok,text
2005,Prayagraj,45-59,45–59 Years,Female,1.0,ok,text
2005,Prayagraj,45-59,45–59 Years,Male,8.0,ok,text
2005,Prayagraj,45-59,45–59 Years,Total,9.0,ok,text
2005,Prayagraj,60+,60 Years & above,Female,2.0,ok,text
2005,Prayagraj,60+,60 Years & above,Male,2.0,ok,text
2005,Prayagraj,60+,60 Years & above,Total,4.0,ok,text
2005,Prayagraj,all ages,Total,Female,25.0,ok,text
2005,Prayagraj,all ages,Total,Male,54.0,ok,text
2005,Prayagraj,all ages,Total,Total,79.0,ok,text
2005,Amritsar,0-14,Upto 14 Years,Female,0.0,ok,text
2005,Amritsar,0-14,Upto 14 Years,Male,0.0,ok,text
2005,Amritsar,0-14,Upto 14 Years,Total,0.0,ok,text
2005,Amritsar,15-29,15–29 Years,Female,6.0,ok,text
2005,Amritsar,15-29,15–29 Years,Male,6.0,ok,text
2005,Amritsar,15-29,15–29 Years,Total,12.0,ok,text
2005,Amritsar,30-44,30–44 Years,Female,0.0,ok,text
2005,Amritsar,30-44,30–44 Years,Male,4.0,ok,text
2005,Amritsar,30-44,30–44 Years,Total,4.0,ok,text
2005,Amritsar,45-59,45–59 Years,Female,0.0,ok,text
2005,Amritsar,45-59,45–59 Years,Male,7.0,ok,text
2005,Amritsar,45-59,45–59 Years,Total,7.0,ok,text
2005,Amritsar,60+,60 Years & above,Female,1.0,ok,text
2005,Amritsar,60+,60 Years & above,Male,3.0,ok,text
2005,Amritsar,60+,60 Years & above,Total,4.0,ok,text
2005,Amritsar,all ages,Total,Female,7.0,ok,text
2005,Amritsar,all ages,Total,Male,20.0,ok,text
2005,Amritsar,all ages,Total,Total,27.0,ok,text
2005,Asansol,0-14,Upto 14 Years,Female,0.0,ok,text
2005,Asansol,0-14,Upto 14 Years,Male,0.0,ok,text
2005,Asansol,0-14,Upto 14 Years,Total,0.0,ok,text
2005,Asansol,15-29,15–29 Years,Female,74.0,ok,text
2005,Asansol,15-29,15–29 Years,Male,81.0,ok,text
2005,Asansol,15-29,15–29 Years,Total,155.0,ok,text
2005,Asansol,30-44,30–44 Years,Female,36.0,ok,text
2005,Asansol,30-44,30–44 Years,Male,40.0,ok,text
2005,Asansol,30-44,30–44 Years,Total,76.0,ok,text
2005,Asansol,45-59,45–59 Years,Female,9.0,ok,text
2005,Asansol,45-59,45–59 Years,Male,14.0,ok,text
2005,Asansol,45-59,45–59 Years,Total,23.0,ok,text
2005,Asansol,60+,60 Years & above,Female,2.0,ok,text
2005,Asansol,60+,60 Years & above,Male,1.0,ok,text
2005,Asansol,60+,60 Years & above,Total,3.0,ok,text
2005,Asansol,all ages,Total,Female,121.0,ok,text
2005,Asansol,all ages,Total,Male,136.0,ok,text
2005,Asansol,all ages,Total,Total,257.0,ok,text
2005,Bengaluru,0-14,Upto 14 Years,Female,18.0,ok,text
2005,Bengaluru,0-14,Upto 14 Years,Male,18.0,ok,text
2005,Bengaluru,0-14,Upto 14 Years,Total,36.0,ok,text
2005,Bengaluru,15-29,15–29 Years,Female,344.0,ok,text
2005,Bengaluru,15-29,15–29 Years,Male,313.0,ok,text
2005,Bengaluru,15-29,15–29 Years,Total,657.0,ok,text
2005,Bengaluru,30-44,30–44 Years,Female,176.0,ok,text
2005,Bengaluru,30-44,30–44 Years,Male,296.0,ok,text
2005,Bengaluru,30-44,30–44 Years,Total,472.0,ok,text
2005,Bengaluru,45-59,45–59 Years,Female,55.0,ok,text
2005,Bengaluru,45-59,45–59 Years,Male,175.0,ok,text
2005,Bengaluru,45-59,45–59 Years,Total,230.0,ok,text
2005,Bengaluru,60+,60 Years & above,Female,28.0,ok,text
2005,Bengaluru,60+,60 Years & above,Male,47.0,ok,text
2005,Bengaluru,60+,60 Years & above,Total,75.0,ok,text
2005,Bengaluru,all ages,Total,Female,621.0,ok,text
2005,Bengaluru,all ages,Total,Male,849.0,ok,text
2005,Bengaluru,all ages,Total,Total,1470.0,ok,text
2005,Bhopal,0-14,Upto 14 Years,Female,1.0,ok,text
2005,Bhopal,0-14,Upto 14 Years,Male,2.0,ok,text
2005,Bhopal,0-14,Upto 14 Years,Total,3.0,ok,text
2005,Bhopal,15-29,15–29 Years,Female,68.0,ok,text
2005,Bhopal,15-29,15–29 Years,Male,79.0,ok,text
2005,Bhopal,15-29,15–29 Years,Total,147.0,ok,text
2005,Bhopal,30-44,30–44 Years,Female,22.0,ok,text
2005,Bhopal,30-44,30–44 Years,Male,56.0,ok,text
2005,Bhopal,30-44,30–44 Years,Total,78.0,ok,text
2005,Bhopal,45-59,45–59 Years,Female,5.0,ok,text
2005,Bhopal,45-59,45–59 Years,Male,16.0,ok,text
2005,Bhopal,45-59,45–59 Years,Total,21.0,ok,text
2005,Bhopal,60+,60 Years & above,Female,2.0,ok,text
2005,Bhopal,60+,60 Years & above,Male,6.0,ok,text
2005,Bhopal,60+,60 Years & above,Total,8.0,ok,text
2005,Bhopal,all ages,Total,Female,98.0,ok,text
2005,Bhopal,all ages,Total,Male,159.0,ok,text
2005,Bhopal,all ages,Total,Total,257.0,ok,text
2005,Chennai,0-14,Upto 14 Years,Female,22.0,ok,text
2005,Chennai,0-14,Upto 14 Years,Male,6.0,ok,text
2005,Chennai,0-14,Upto 14 Years,Total,28.0,ok,text
2005,Chennai,15-29,15–29 Years,Female,465.0,ok,text
2005,Chennai,15-29,15–29 Years,Male,333.0,ok,text
2005,Chennai,15-29,15–29 Years,Total,798.0,ok,text
2005,Chennai,30-44,30–44 Years,Female,218.0,ok,text
2005,Chennai,30-44,30–44 Years,Male,399.0,ok,text
2005,Chennai,30-44,30–44 Years,Total,617.0,ok,text
2005,Chennai,45-59,45–59 Years,Female,84.0,ok,text
2005,Chennai,45-59,45–59 Years,Male,281.0,ok,text
2005,Chennai,45-59,45–59 Years,Total,365.0,ok,text
2005,Chennai,60+,60 Years & above,Female,17.0,ok,text
2005,Chennai,60+,60 Years & above,Male,97.0,ok,text
2005,Chennai,60+,60 Years & above,Total,114.0,ok,text
2005,Chennai,all ages,Total,Female,806.0,ok,text
2005,Chennai,all ages,Total,Male,1116.0,ok,text
2005,Chennai,all ages,Total,Total,1922.0,ok,text
2005,Coimbatore,0-14,Upto 14 Years,Female,4.0,ok,text
2005,Coimbatore,0-14,Upto 14 Years,Male,2.0,ok,text
2005,Coimbatore,0-14,Upto 14 Years,Total,6.0,ok,text
2005,Coimbatore,15-29,15–29 Years,Female,63.0,ok,text
2005,Coimbatore,15-29,15–29 Years,Male,35.0,ok,text
2005,Coimbatore,15-29,15–29 Years,Total,98.0,ok,text
2005,Coimbatore,30-44,30–44 Years,Female,16.0,ok,text
2005,Coimbatore,30-44,30–44 Years,Male,64.0,ok,text
2005,Coimbatore,30-44,30–44 Years,Total,80.0,ok,text
2005,Coimbatore,45-59,45–59 Years,Female,15.0,ok,text
2005,Coimbatore,45-59,45–59 Years,Male,45.0,ok,text
2005,Coimbatore,45-59,45–59 Years,Total,60.0,ok,text
2005,Coimbatore,60+,60 Years & above,Female,9.0,ok,text
2005,Coimbatore,60+,60 Years & above,Male,14.0,ok,text
2005,Coimbatore,60+,60 Years & above,Total,23.0,ok,text
2005,Coimbatore,all ages,Total,Female,107.0,ok,text
2005,Coimbatore,all ages,Total,Male,160.0,ok,text
2005,Coimbatore,all ages,Total,Total,267.0,ok,text
2005,Delhi,0-14,Upto 14 Years,Female,7.0,ok,text
2005,Delhi,0-14,Upto 14 Years,Male,7.0,ok,text
2005,Delhi,0-14,Upto 14 Years,Total,14.0,ok,text
2005,Delhi,15-29,15–29 Years,Female,236.0,ok,text
2005,Delhi,15-29,15–29 Years,Male,328.0,ok,text
2005,Delhi,15-29,15–29 Years,Total,564.0,ok,text
2005,Delhi,30-44,30–44 Years,Female,127.0,ok,text
2005,Delhi,30-44,30–44 Years,Male,230.0,ok,text
2005,Delhi,30-44,30–44 Years,Total,357.0,ok,text
2005,Delhi,45-59,45–59 Years,Female,20.0,ok,text
2005,Delhi,45-59,45–59 Years,Male,90.0,ok,text
2005,Delhi,45-59,45–59 Years,Total,110.0,ok,text
2005,Delhi,60+,60 Years & above,Female,8.0,ok,text
2005,Delhi,60+,60 Years & above,Male,20.0,ok,text
2005,Delhi,60+,60 Years & above,Total,28.0,ok,text
2005,Delhi,all ages,Total,Female,398.0,ok,text
2005,Delhi,all ages,Total,Male,675.0,ok,text
2005,Delhi,all ages,Total,Total,1073.0,ok,text
2005,Dhanbad,0-14,Upto 14 Years,Female,4.0,ok,text
2005,Dhanbad,0-14,Upto 14 Years,Male,1.0,ok,text
2005,Dhanbad,0-14,Upto 14 Years,Total,5.0,ok,text
2005,Dhanbad,15-29,15–29 Years,Female,36.0,ok,text
2005,Dhanbad,15-29,15–29 Years,Male,30.0,ok,text
2005,Dhanbad,15-29,15–29 Years,Total,66.0,ok,text
2005,Dhanbad,30-44,30–44 Years,Female,22.0,ok,text
2005,Dhanbad,30-44,30–44 Years,Male,25.0,ok,text
2005,Dhanbad,30-44,30–44 Years,Total,47.0,ok,text
2005,Dhanbad,45-59,45–59 Years,Female,9.0,ok,text
2005,Dhanbad,45-59,45–59 Years,Male,11.0,ok,text
2005,Dhanbad,45-59,45–59 Years,Total,20.0,ok,text
2005,Dhanbad,60+,60 Years & above,Female,1.0,ok,text
2005,Dhanbad,60+,60 Years & above,Male,2.0,ok,text
2005,Dhanbad,60+,60 Years & above,Total,3.0,ok,text
2005,Dhanbad,all ages,Total,Female,72.0,ok,text
2005,Dhanbad,all ages,Total,Male,69.0,ok,text
2005,Dhanbad,all ages,Total,Total,141.0,ok,text
2005,Faridabad,0-14,Upto 14 Years,Female,1.0,ok,text
2005,Faridabad,0-14,Upto 14 Years,Male,1.0,ok,text
2005,Faridabad,0-14,Upto 14 Years,Total,2.0,ok,text
2005,Faridabad,15-29,15–29 Years,Female,11.0,ok,text
2005,Faridabad,15-29,15–29 Years,Male,20.0,ok,text
2005,Faridabad,15-29,15–29 Years,Total,31.0,ok,text
2005,Faridabad,30-44,30–44 Years,Female,7.0,ok,text
2005,Faridabad,30-44,30–44 Years,Male,16.0,ok,text
2005,Faridabad,30-44,30–44 Years,Total,23.0,ok,text
2005,Faridabad,45-59,45–59 Years,Female,2.0,ok,text
2005,Faridabad,45-59,45–59 Years,Male,6.0,ok,text
2005,Faridabad,45-59,45–59 Years,Total,8.0,ok,text
2005,Faridabad,60+,60 Years & above,Female,0.0,ok,text
2005,Faridabad,60+,60 Years & above,Male,1.0,ok,text
2005,Faridabad,60+,60 Years & above,Total,1.0,ok,text
2005,Faridabad,all ages,Total,Female,21.0,ok,text
2005,Faridabad,all ages,Total,Male,44.0,ok,text
2005,Faridabad,all ages,Total,Total,65.0,ok,text
2005,Hyderabad,0-14,Upto 14 Years,Female,7.0,ok,text
2005,Hyderabad,0-14,Upto 14 Years,Male,5.0,ok,text
2005,Hyderabad,0-14,Upto 14 Years,Total,12.0,ok,text
2005,Hyderabad,15-29,15–29 Years,Female,125.0,ok,text
2005,Hyderabad,15-29,15–29 Years,Male,136.0,ok,text
2005,Hyderabad,15-29,15–29 Years,Total,261.0,ok,text
2005,Hyderabad,30-44,30–44 Years,Female,72.0,ok,text
2005,Hyderabad,30-44,30–44 Years,Male,134.0,ok,text
2005,Hyderabad,30-44,30–44 Years,Total,206.0,ok,text
2005,Hyderabad,45-59,45–59 Years,Female,26.0,ok,text
2005,Hyderabad,45-59,45–59 Years,Male,57.0,ok,text
2005,Hyderabad,45-59,45–59 Years,Total,83.0,ok,text
2005,Hyderabad,60+,60 Years & above,Female,11.0,ok,text
2005,Hyderabad,60+,60 Years & above,Male,20.0,ok,text
2005,Hyderabad,60+,60 Years & above,Total,31.0,ok,text
2005,Hyderabad,all ages,Total,Female,241.0,ok,text
2005,Hyderabad,all ages,Total,Male,352.0,ok,text
2005,Hyderabad,all ages,Total,Total,593.0,ok,text
2005,Indore,0-14,Upto 14 Years,Female,0.0,ok,text
2005,Indore,0-14,Upto 14 Years,Male,0.0,ok,text
2005,Indore,0-14,Upto 14 Years,Total,0.0,ok,text
2005,Indore,15-29,15–29 Years,Female,15.0,ok,text
2005,Indore,15-29,15–29 Years,Male,2.0,ok,text
2005,Indore,15-29,15–29 Years,Total,17.0,ok,text
2005,Indore,30-44,30–44 Years,Female,5.0,ok,text
2005,Indore,30-44,30–44 Years,Male,1.0,ok,text
2005,Indore,30-44,30–44 Years,Total,6.0,ok,text
2005,Indore,45-59,45–59 Years,Female,0.0,ok,text
2005,Indore,45-59,45–59 Years,Male,2.0,ok,text
2005,Indore,45-59,45–59 Years,Total,2.0,ok,text
2005,Indore,60+,60 Years & above,Female,0.0,ok,text
2005,Indore,60+,60 Years & above,Male,0.0,ok,text
2005,Indore,60+,60 Years & above,Total,0.0,ok,text
2005,Indore,all ages,Total,Female,20.0,ok,text
2005,Indore,all ages,Total,Male,5.0,ok,text
2005,Indore,all ages,Total,Total,25.0,ok,text
2005,Jabalpur,0-14,Upto 14 Years,Female,3.0,ok,text
2005,Jabalpur,0-14,Upto 14 Years,Male,5.0,ok,text
2005,Jabalpur,0-14,Upto 14 Years,Total,8.0,ok,text
2005,Jabalpur,15-29,15–29 Years,Female,65.0,ok,text
2005,Jabalpur,15-29,15–29 Years,Male,72.0,ok,text
2005,Jabalpur,15-29,15–29 Years,Total,137.0,ok,text
2005,Jabalpur,30-44,30–44 Years,Female,32.0,ok,text
2005,Jabalpur,30-44,30–44 Years,Male,61.0,ok,text
2005,Jabalpur,30-44,30–44 Years,Total,93.0,ok,text
2005,Jabalpur,45-59,45–59 Years,Female,15.0,ok,text
2005,Jabalpur,45-59,45–59 Years,Male,45.0,ok,text
2005,Jabalpur,45-59,45–59 Years,Total,60.0,ok,text
2005,Jabalpur,60+,60 Years & above,Female,7.0,ok,text
2005,Jabalpur,60+,60 Years & above,Male,29.0,ok,text
2005,Jabalpur,60+,60 Years & above,Total,36.0,ok,text
2005,Jabalpur,all ages,Total,Female,122.0,ok,text
2005,Jabalpur,all ages,Total,Male,212.0,ok,text
2005,Jabalpur,all ages,Total,Total,334.0,ok,text
2005,Jaipur,0-14,Upto 14 Years,Female,6.0,ok,text
2005,Jaipur,0-14,Upto 14 Years,Male,2.0,ok,text
2005,Jaipur,0-14,Upto 14 Years,Total,8.0,ok,text
2005,Jaipur,15-29,15–29 Years,Female,36.0,ok,text
2005,Jaipur,15-29,15–29 Years,Male,71.0,ok,text
2005,Jaipur,15-29,15–29 Years,Total,107.0,ok,text
2005,Jaipur,30-44,30–44 Years,Female,26.0,ok,text
2005,Jaipur,30-44,30–44 Years,Male,69.0,ok,text
2005,Jaipur,30-44,30–44 Years,Total,95.0,ok,text
2005,Jaipur,45-59,45–59 Years,Female,6.0,ok,text
2005,Jaipur,45-59,45–59 Years,Male,25.0,ok,text
2005,Jaipur,45-59,45–59 Years,Total,31.0,ok,text
2005,Jaipur,60+,60 Years & above,Female,0.0,ok,text
2005,Jaipur,60+,60 Years & above,Male,1.0,ok,text
2005,Jaipur,60+,60 Years & above,Total,1.0,ok,text
2005,Jaipur,all ages,Total,Female,74.0,ok,text
2005,Jaipur,all ages,Total,Male,168.0,ok,text
2005,Jaipur,all ages,Total,Total,242.0,ok,text
2005,Jamshedpur,0-14,Upto 14 Years,Female,0.0,ok,text
2005,Jamshedpur,0-14,Upto 14 Years,Male,0.0,ok,text
2005,Jamshedpur,0-14,Upto 14 Years,Total,0.0,ok,text
2005,Jamshedpur,15-29,15–29 Years,Female,11.0,ok,text
2005,Jamshedpur,15-29,15–29 Years,Male,16.0,ok,text
2005,Jamshedpur,15-29,15–29 Years,Total,27.0,ok,text
2005,Jamshedpur,30-44,30–44 Years,Female,19.0,ok,text
2005,Jamshedpur,30-44,30–44 Years,Male,31.0,ok,text
2005,Jamshedpur,30-44,30–44 Years,Total,50.0,ok,text
2005,Jamshedpur,45-59,45–59 Years,Female,6.0,ok,text
2005,Jamshedpur,45-59,45–59 Years,Male,22.0,ok,text
2005,Jamshedpur,45-59,45–59 Years,Total,28.0,ok,text
2005,Jamshedpur,60+,60 Years & above,Female,0.0,ok,text
2005,Jamshedpur,60+,60 Years & above,Male,0.0,ok,text
2005,Jamshedpur,60+,60 Years & above,Total,0.0,ok,text
2005,Jamshedpur,all ages,Total,Female,36.0,ok,text
2005,Jamshedpur,all ages,Total,Male,69.0,ok,text
2005,Jamshedpur,all ages,Total,Total,105.0,ok,text
2005,Kanpur,0-14,Upto 14 Years,Female,3.0,ok,text
2005,Kanpur,0-14,Upto 14 Years,Male,0.0,ok,text
2005,Kanpur,0-14,Upto 14 Years,Total,3.0,ok,text
2005,Kanpur,15-29,15–29 Years,Female,82.0,ok,text
2005,Kanpur,15-29,15–29 Years,Male,36.0,ok,text
2005,Kanpur,15-29,15–29 Years,Total,118.0,ok,text
2005,Kanpur,30-44,30–44 Years,Female,88.0,ok,text
2005,Kanpur,30-44,30–44 Years,Male,69.0,ok,text
2005,Kanpur,30-44,30–44 Years,Total,157.0,ok,text
2005,Kanpur,45-59,45–59 Years,Female,50.0,ok,text
2005,Kanpur,45-59,45–59 Years,Male,28.0,ok,text
2005,Kanpur,45-59,45–59 Years,Total,78.0,ok,text
2005,Kanpur,60+,60 Years & above,Female,9.0,ok,text
2005,Kanpur,60+,60 Years & above,Male,1.0,ok,text
2005,Kanpur,60+,60 Years & above,Total,10.0,ok,text
2005,Kanpur,all ages,Total,Female,232.0,ok,text
2005,Kanpur,all ages,Total,Male,134.0,ok,text
2005,Kanpur,all ages,Total,Total,366.0,ok,text
2005,Kochi,0-14,Upto 14 Years,Female,3.0,ok,text
2005,Kochi,0-14,Upto 14 Years,Male,1.0,ok,text
2005,Kochi,0-14,Upto 14 Years,Total,4.0,ok,text
2005,Kochi,15-29,15–29 Years,Female,27.0,ok,text
2005,Kochi,15-29,15–29 Years,Male,32.0,ok,text
2005,Kochi,15-29,15–29 Years,Total,59.0,ok,text
2005,Kochi,30-44,30–44 Years,Female,21.0,ok,text
2005,Kochi,30-44,30–44 Years,Male,49.0,ok,text
2005,Kochi,30-44,30–44 Years,Total,70.0,ok,text
2005,Kochi,45-59,45–59 Years,Female,14.0,ok,text
2005,Kochi,45-59,45–59 Years,Male,48.0,ok,text
2005,Kochi,45-59,45–59 Years,Total,62.0,ok,text
2005,Kochi,60+,60 Years & above,Female,7.0,ok,text
2005,Kochi,60+,60 Years & above,Male,22.0,ok,text
2005,Kochi,60+,60 Years & above,Total,29.0,ok,text
2005,Kochi,all ages,Total,Female,72.0,ok,text
2005,Kochi,all ages,Total,Male,152.0,ok,text
2005,Kochi,all ages,Total,Total,224.0,ok,text
2005,Kolkata,0-14,Upto 14 Years,Female,2.0,ok,text
2005,Kolkata,0-14,Upto 14 Years,Male,3.0,ok,text
2005,Kolkata,0-14,Upto 14 Years,Total,5.0,ok,text
2005,Kolkata,15-29,15–29 Years,Female,59.0,ok,text
2005,Kolkata,15-29,15–29 Years,Male,32.0,ok,text
2005,Kolkata,15-29,15–29 Years,Total,91.0,ok,text
2005,Kolkata,30-44,30–44 Years,Female,20.0,ok,text
2005,Kolkata,30-44,30–44 Years,Male,46.0,ok,text
2005,Kolkata,30-44,30–44 Years,Total,66.0,ok,text
2005,Kolkata,45-59,45–59 Years,Female,12.0,ok,text
2005,Kolkata,45-59,45–59 Years,Male,43.0,ok,text
2005,Kolkata,45-59,45–59 Years,Total,55.0,ok,text
2005,Kolkata,60+,60 Years & above,Female,6.0,ok,text
2005,Kolkata,60+,60 Years & above,Male,17.0,ok,text
2005,Kolkata,60+,60 Years & above,Total,23.0,ok,text
2005,Kolkata,all ages,Total,Female,99.0,ok,text
2005,Kolkata,all ages,Total,Male,141.0,ok,text
2005,Kolkata,all ages,Total,Total,240.0,ok,text
2005,Lucknow,0-14,Upto 14 Years,Female,0.0,ok,text
2005,Lucknow,0-14,Upto 14 Years,Male,1.0,ok,text
2005,Lucknow,0-14,Upto 14 Years,Total,1.0,ok,text
2005,Lucknow,15-29,15–29 Years,Female,17.0,ok,text
2005,Lucknow,15-29,15–29 Years,Male,19.0,ok,text
2005,Lucknow,15-29,15–29 Years,Total,36.0,ok,text
2005,Lucknow,30-44,30–44 Years,Female,21.0,ok,text
2005,Lucknow,30-44,30–44 Years,Male,58.0,ok,text
2005,Lucknow,30-44,30–44 Years,Total,79.0,ok,text
2005,Lucknow,45-59,45–59 Years,Female,25.0,ok,text
2005,Lucknow,45-59,45–59 Years,Male,40.0,ok,text
2005,Lucknow,45-59,45–59 Years,Total,65.0,ok,text
2005,Lucknow,60+,60 Years & above,Female,3.0,ok,text
2005,Lucknow,60+,60 Years & above,Male,9.0,ok,text
2005,Lucknow,60+,60 Years & above,Total,12.0,ok,text
2005,Lucknow,all ages,Total,Female,66.0,ok,text
2005,Lucknow,all ages,Total,Male,127.0,ok,text
2005,Lucknow,all ages,Total,Total,193.0,ok,text
2005,Ludhiana,0-14,Upto 14 Years,Female,0.0,ok,text
2005,Ludhiana,0-14,Upto 14 Years,Male,0.0,ok,text
2005,Ludhiana,0-14,Upto 14 Years,Total,0.0,ok,text
2005,Ludhiana,15-29,15–29 Years,Female,6.0,ok,text
2005,Ludhiana,15-29,15–29 Years,Male,15.0,ok,text
2005,Ludhiana,15-29,15–29 Years,Total,21.0,ok,text
2005,Ludhiana,30-44,30–44 Years,Female,2.0,ok,text
2005,Ludhiana,30-44,30–44 Years,Male,6.0,ok,text
2005,Ludhiana,30-44,30–44 Years,Total,8.0,ok,text
2005,Ludhiana,45-59,45–59 Years,Female,2.0,ok,text
2005,Ludhiana,45-59,45–59 Years,Male,2.0,ok,text
2005,Ludhiana,45-59,45–59 Years,Total,4.0,ok,text
2005,Ludhiana,60+,60 Years & above,Female,0.0,ok,text
2005,Ludhiana,60+,60 Years & above,Male,3.0,ok,text
2005,Ludhiana,60+,60 Years & above,Total,3.0,ok,text
2005,Ludhiana,all ages,Total,Female,10.0,ok,text
2005,Ludhiana,all ages,Total,Male,26.0,ok,text
2005,Ludhiana,all ages,Total,Total,36.0,ok,text
2005,Madurai,0-14,Upto 14 Years,Female,0.0,ok,text
2005,Madurai,0-14,Upto 14 Years,Male,0.0,ok,text
2005,Madurai,0-14,Upto 14 Years,Total,0.0,ok,text
2005,Madurai,15-29,15–29 Years,Female,15.0,ok,text
2005,Madurai,15-29,15–29 Years,Male,18.0,ok,text
2005,Madurai,15-29,15–29 Years,Total,33.0,ok,text
2005,Madurai,30-44,30–44 Years,Female,55.0,ok,text
2005,Madurai,30-44,30–44 Years,Male,72.0,ok,text
2005,Madurai,30-44,30–44 Years,Total,127.0,ok,text
2005,Madurai,45-59,45–59 Years,Female,18.0,ok,text
2005,Madurai,45-59,45–59 Years,Male,25.0,ok,text
2005,Madurai,45-59,45–59 Years,Total,43.0,ok,text
2005,Madurai,60+,60 Years & above,Female,4.0,ok,text
2005,Madurai,60+,60 Years & above,Male,3.0,ok,text
2005,Madurai,60+,60 Years & above,Total,7.0,ok,text
2005,Madurai,all ages,Total,Female,92.0,ok,text
2005,Madurai,all ages,Total,Male,118.0,ok,text
2005,Madurai,all ages,Total,Total,210.0,ok,text
2005,Meerut,0-14,Upto 14 Years,Female,0.0,ok,text
2005,Meerut,0-14,Upto 14 Years,Male,0.0,ok,text
2005,Meerut,0-14,Upto 14 Years,Total,0.0,ok,text
2005,Meerut,15-29,15–29 Years,Female,9.0,ok,text
2005,Meerut,15-29,15–29 Years,Male,4.0,ok,text
2005,Meerut,15-29,15–29 Years,Total,13.0,ok,text
2005,Meerut,30-44,30–44 Years,Female,7.0,ok,text
2005,Meerut,30-44,30–44 Years,Male,11.0,ok,text
2005,Meerut,30-44,30–44 Years,Total,18.0,ok,text
2005,Meerut,45-59,45–59 Years,Female,1.0,ok,text
2005,Meerut,45-59,45–59 Years,Male,9.0,ok,text
2005,Meerut,45-59,45–59 Years,Total,10.0,ok,text
2005,Meerut,60+,60 Years & above,Female,0.0,ok,text
2005,Meerut,60+,60 Years & above,Male,0.0,ok,text
2005,Meerut,60+,60 Years & above,Total,0.0,ok,text
2005,Meerut,all ages,Total,Female,17.0,ok,text
2005,Meerut,all ages,Total,Male,24.0,ok,text
2005,Meerut,all ages,Total,Total,41.0,ok,text
2005,Mumbai,0-14,Upto 14 Years,Female,10.0,ok,text
2005,Mumbai,0-14,Upto 14 Years,Male,4.0,ok,text
2005,Mumbai,0-14,Upto 14 Years,Total,14.0,ok,text
2005,Mumbai,15-29,15–29 Years,Female,307.0,ok,text
2005,Mumbai,15-29,15–29 Years,Male,260.0,ok,text
2005,Mumbai,15-29,15–29 Years,Total,567.0,ok,text
2005,Mumbai,30-44,30–44 Years,Female,137.0,ok,text
2005,Mumbai,30-44,30–44 Years,Male,236.0,ok,text
2005,Mumbai,30-44,30–44 Years,Total,373.0,ok,text
2005,Mumbai,45-59,45–59 Years,Female,46.0,ok,text
2005,Mumbai,45-59,45–59 Years,Male,114.0,ok,text
2005,Mumbai,45-59,45–59 Years,Total,160.0,ok,text
2005,Mumbai,60+,60 Years & above,Female,36.0,ok,text
2005,Mumbai,60+,60 Years & above,Male,42.0,ok,text
2005,Mumbai,60+,60 Years & above,Total,78.0,ok,text
2005,Mumbai,all ages,Total,Female,536.0,ok,text
2005,Mumbai,all ages,Total,Male,656.0,ok,text
2005,Mumbai,all ages,Total,Total,1192.0,ok,text
2005,Nagpur,0-14,Upto 14 Years,Female,2.0,ok,text
2005,Nagpur,0-14,Upto 14 Years,Male,4.0,ok,text
2005,Nagpur,0-14,Upto 14 Years,Total,6.0,ok,text
2005,Nagpur,15-29,15–29 Years,Female,67.0,ok,text
2005,Nagpur,15-29,15–29 Years,Male,83.0,ok,text
2005,Nagpur,15-29,15–29 Years,Total,150.0,ok,text
2005,Nagpur,30-44,30–44 Years,Female,31.0,ok,text
2005,Nagpur,30-44,30–44 Years,Male,121.0,ok,text
2005,Nagpur,30-44,30–44 Years,Total,152.0,ok,text
2005,Nagpur,45-59,45–59 Years,Female,11.0,ok,text
2005,Nagpur,45-59,45–59 Years,Male,56.0,ok,text
2005,Nagpur,45-59,45–59 Years,Total,67.0,ok,text
2005,Nagpur,60+,60 Years & above,Female,10.0,ok,text
2005,Nagpur,60+,60 Years & above,Male,31.0,ok,text
2005,Nagpur,60+,60 Years & above,Total,41.0,ok,text
2005,Nagpur,all ages,Total,Female,121.0,ok,text
2005,Nagpur,all ages,Total,Male,295.0,ok,text
2005,Nagpur,all ages,Total,Total,416.0,ok,text
2005,Nashik,0-14,Upto 14 Years,Female,4.0,ok,text
2005,Nashik,0-14,Upto 14 Years,Male,0.0,ok,text
2005,Nashik,0-14,Upto 14 Years,Total,4.0,ok,text
2005,Nashik,15-29,15–29 Years,Female,48.0,ok,text
2005,Nashik,15-29,15–29 Years,Male,44.0,ok,text
2005,Nashik,15-29,15–29 Years,Total,92.0,ok,text
2005,Nashik,30-44,30–44 Years,Female,12.0,ok,text
2005,Nashik,30-44,30–44 Years,Male,55.0,ok,text
2005,Nashik,30-44,30–44 Years,Total,67.0,ok,text
2005,Nashik,45-59,45–59 Years,Female,2.0,ok,text
2005,Nashik,45-59,45–59 Years,Male,34.0,ok,text
2005,Nashik,45-59,45–59 Years,Total,36.0,ok,text
2005,Nashik,60+,60 Years & above,Female,4.0,ok,text
2005,Nashik,60+,60 Years & above,Male,6.0,ok,text
2005,Nashik,60+,60 Years & above,Total,10.0,ok,text
2005,Nashik,all ages,Total,Female,70.0,ok,text
2005,Nashik,all ages,Total,Male,139.0,ok,text
2005,Nashik,all ages,Total,Total,209.0,ok,text
2005,Patna,0-14,Upto 14 Years,Female,4.0,ok,text
2005,Patna,0-14,Upto 14 Years,Male,0.0,ok,text
2005,Patna,0-14,Upto 14 Years,Total,4.0,ok,text
2005,Patna,15-29,15–29 Years,Female,0.0,ok,text
2005,Patna,15-29,15–29 Years,Male,13.0,ok,text
2005,Patna,15-29,15–29 Years,Total,13.0,ok,text
2005,Patna,30-44,30–44 Years,Female,3.0,ok,text
2005,Patna,30-44,30–44 Years,Male,8.0,ok,text
2005,Patna,30-44,30–44 Years,Total,11.0,ok,text
2005,Patna,45-59,45–59 Years,Female,0.0,ok,text
2005,Patna,45-59,45–59 Years,Male,9.0,ok,text
2005,Patna,45-59,45–59 Years,Total,9.0,ok,text
2005,Patna,60+,60 Years & above,Female,1.0,ok,text
2005,Patna,60+,60 Years & above,Male,1.0,ok,text
2005,Patna,60+,60 Years & above,Total,2.0,ok,text
2005,Patna,all ages,Total,Female,8.0,ok,text
2005,Patna,all ages,Total,Male,31.0,ok,text
2005,Patna,all ages,Total,Total,39.0,ok,text
2005,Pune,0-14,Upto 14 Years,Female,5.0,ok,text
2005,Pune,0-14,Upto 14 Years,Male,2.0,ok,text
2005,Pune,0-14,Upto 14 Years,Total,7.0,ok,text
2005,Pune,15-29,15–29 Years,Female,85.0,ok,text
2005,Pune,15-29,15–29 Years,Male,113.0,ok,text
2005,Pune,15-29,15–29 Years,Total,198.0,ok,text
2005,Pune,30-44,30–44 Years,Female,49.0,ok,text
2005,Pune,30-44,30–44 Years,Male,134.0,ok,text
2005,Pune,30-44,30–44 Years,Total,183.0,ok,text
2005,Pune,45-59,45–59 Years,Female,13.0,ok,text
2005,Pune,45-59,45–59 Years,Male,77.0,ok,text
2005,Pune,45-59,45–59 Years,Total,90.0,ok,text
2005,Pune,60+,60 Years & above,Female,9.0,ok,text
2005,Pune,60+,60 Years & above,Male,19.0,ok,text
2005,Pune,60+,60 Years & above,Total,28.0,ok,text
2005,Pune,all ages,Total,Female,161.0,ok,text
2005,Pune,all ages,Total,Male,345.0,ok,text
2005,Pune,all ages,Total,Total,506.0,ok,text
2005,Rajkot,0-14,Upto 14 Years,Female,3.0,ok,text
2005,Rajkot,0-14,Upto 14 Years,Male,1.0,ok,text
2005,Rajkot,0-14,Upto 14 Years,Total,4.0,ok,text
2005,Rajkot,15-29,15–29 Years,Female,55.0,ok,text
2005,Rajkot,15-29,15–29 Years,Male,63.0,ok,text
2005,Rajkot,15-29,15–29 Years,Total,118.0,ok,text
2005,Rajkot,30-44,30–44 Years,Female,32.0,ok,text
2005,Rajkot,30-44,30–44 Years,Male,39.0,ok,text
2005,Rajkot,30-44,30–44 Years,Total,71.0,ok,text
2005,Rajkot,45-59,45–59 Years,Female,14.0,ok,text
2005,Rajkot,45-59,45–59 Years,Male,16.0,ok,text
2005,Rajkot,45-59,45–59 Years,Total,30.0,ok,text
2005,Rajkot,60+,60 Years & above,Female,13.0,ok,text
2005,Rajkot,60+,60 Years & above,Male,14.0,ok,text
2005,Rajkot,60+,60 Years & above,Total,27.0,ok,text
2005,Rajkot,all ages,Total,Female,117.0,ok,text
2005,Rajkot,all ages,Total,Male,133.0,ok,text
2005,Rajkot,all ages,Total,Total,250.0,ok,text
2005,Surat,0-14,Upto 14 Years,Female,2.0,ok,text
2005,Surat,0-14,Upto 14 Years,Male,1.0,ok,text
2005,Surat,0-14,Upto 14 Years,Total,3.0,ok,text
2005,Surat,15-29,15–29 Years,Female,54.0,ok,text
2005,Surat,15-29,15–29 Years,Male,60.0,ok,text
2005,Surat,15-29,15–29 Years,Total,114.0,ok,text
2005,Surat,30-44,30–44 Years,Female,43.0,ok,text
2005,Surat,30-44,30–44 Years,Male,94.0,ok,text
2005,Surat,30-44,30–44 Years,Total,137.0,ok,text
2005,Surat,45-59,45–59 Years,Female,27.0,ok,text
2005,Surat,45-59,45–59 Years,Male,58.0,ok,text
2005,Surat,45-59,45–59 Years,Total,85.0,ok,text
2005,Surat,60+,60 Years & above,Female,6.0,ok,text
2005,Surat,60+,60 Years & above,Male,20.0,ok,text
2005,Surat,60+,60 Years & above,Total,26.0,ok,text
2005,Surat,all ages,Total,Female,132.0,ok,text
2005,Surat,all ages,Total,Male,233.0,ok,text
2005,Surat,all ages,Total,Total,365.0,ok,text
2005,Vadodara,0-14,Upto 14 Years,Female,1.0,ok,text
2005,Vadodara,0-14,Upto 14 Years,Male,2.0,ok,text
2005,Vadodara,0-14,Upto 14 Years,Total,3.0,ok,text
2005,Vadodara,15-29,15–29 Years,Female,24.0,ok,text
2005,Vadodara,15-29,15–29 Years,Male,41.0,ok,text
2005,Vadodara,15-29,15–29 Years,Total,65.0,ok,text
2005,Vadodara,30-44,30–44 Years,Female,29.0,ok,text
2005,Vadodara,30-44,30–44 Years,Male,41.0,ok,text
2005,Vadodara,30-44,30–44 Years,Total,70.0,ok,text
2005,Vadodara,45-59,45–59 Years,Female,6.0,ok,text
2005,Vadodara,45-59,45–59 Years,Male,22.0,ok,text
2005,Vadodara,45-59,45–59 Years,Total,28.0,ok,text
2005,Vadodara,60+,60 Years & above,Female,7.0,ok,text
2005,Vadodara,60+,60 Years & above,Male,6.0,ok,text
2005,Vadodara,60+,60 Years & above,Total,13.0,ok,text
2005,Vadodara,all ages,Total,Female,67.0,ok,text
2005,Vadodara,all ages,Total,Male,112.0,ok,text
2005,Vadodara,all ages,Total,Total,179.0,ok,text
2005,Varanasi,0-14,Upto 14 Years,Female,0.0,ok,text
2005,Varanasi,0-14,Upto 14 Years,Male,0.0,ok,text
2005,Varanasi,0-14,Upto 14 Years,Total,0.0,ok,text
2005,Varanasi,15-29,15–29 Years,Female,6.0,ok,text
2005,Varanasi,15-29,15–29 Years,Male,3.0,ok,text
2005,Varanasi,15-29,15–29 Years,Total,9.0,ok,text
2005,Varanasi,30-44,30–44 Years,Female,5.0,ok,text
2005,Varanasi,30-44,30–44 Years,Male,9.0,ok,text
2005,Varanasi,30-44,30–44 Years,Total,14.0,ok,text
2005,Varanasi,45-59,45–59 Years,Female,4.0,ok,text
2005,Varanasi,45-59,45–59 Years,Male,7.0,ok,text
2005,Varanasi,45-59,45–59 Years,Total,11.0,ok,text
2005,Varanasi,60+,60 Years & above,Female,1.0,ok,text
2005,Varanasi,60+,60 Years & above,Male,4.0,ok,text
2005,Varanasi,60+,60 Years & above,Total,5.0,ok,text
2005,Varanasi,all ages,Total,Female,16.0,ok,text
2005,Varanasi,all ages,Total,Male,23.0,ok,text
2005,Varanasi,all ages,Total,Total,39.0,ok,text
2005,Vijayawada,0-14,Upto 14 Years,Female,4.0,ok,text
2005,Vijayawada,0-14,Upto 14 Years,Male,2.0,ok,text
2005,Vijayawada,0-14,Upto 14 Years,Total,6.0,ok,text
2005,Vijayawada,15-29,15–29 Years,Female,53.0,ok,text
2005,Vijayawada,15-29,15–29 Years,Male,80.0,ok,text
2005,Vijayawada,15-29,15–29 Years,Total,133.0,ok,text
2005,Vijayawada,30-44,30–44 Years,Female,24.0,ok,text
2005,Vijayawada,30-44,30–44 Years,Male,54.0,ok,text
2005,Vijayawada,30-44,30–44 Years,Total,78.0,ok,text
2005,Vijayawada,45-59,45–59 Years,Female,5.0,ok,text
2005,Vijayawada,45-59,45–59 Years,Male,31.0,ok,text
2005,Vijayawada,45-59,45–59 Years,Total,36.0,ok,text
2005,Vijayawada,60+,60 Years & above,Female,4.0,ok,text
2005,Vijayawada,60+,60 Years & above,Male,6.0,ok,text
2005,Vijayawada,60+,60 Years & above,Total,10.0,ok,text
2005,Vijayawada,all ages,Total,Female,90.0,ok,text
2005,Vijayawada,all ages,Total,Male,173.0,ok,text
2005,Vijayawada,all ages,Total,Total,263.0,ok,text
2005,Visakhapatnam,0-14,Upto 14 Years,Female,3.0,ok,text
2005,Visakhapatnam,0-14,Upto 14 Years,Male,1.0,ok,text
2005,Visakhapatnam,0-14,Upto 14 Years,Total,4.0,ok,text
2005,Visakhapatnam,15-29,15–29 Years,Female,29.0,ok,text
2005,Visakhapatnam,15-29,15–29 Years,Male,37.0,ok,text
2005,Visakhapatnam,15-29,15–29 Years,Total,66.0,ok,text
2005,Visakhapatnam,30-44,30–44 Years,Female,14.0,ok,text
2005,Visakhapatnam,30-44,30–44 Years,Male,58.0,ok,text
2005,Visakhapatnam,30-44,30–44 Years,Total,72.0,ok,text
2005,Visakhapatnam,45-59,45–59 Years,Female,6.0,ok,text
2005,Visakhapatnam,45-59,45–59 Years,Male,26.0,ok,text
2005,Visakhapatnam,45-59,45–59 Years,Total,32.0,ok,text
2005,Visakhapatnam,60+,60 Years & above,Female,3.0,ok,text
2005,Visakhapatnam,60+,60 Years & above,Male,7.0,ok,text
2005,Visakhapatnam,60+,60 Years & above,Total,10.0,ok,text
2005,Visakhapatnam,all ages,Total,Female,55.0,ok,text
2005,Visakhapatnam,all ages,Total,Male,129.0,ok,text
2005,Visakhapatnam,all ages,Total,Total,184.0,ok,text
2006,Agra,0-14,Upto 14 Years,Female,2.0,ok,text
2006,Agra,0-14,Upto 14 Years,Male,1.0,ok,text
2006,Agra,0-14,Upto 14 Years,Total,3.0,ok,text
2006,Agra,15-29,15–29 Years,Female,6.0,ok,text
2006,Agra,15-29,15–29 Years,Male,11.0,ok,text
2006,Agra,15-29,15–29 Years,Total,17.0,ok,text
2006,Agra,30-44,30–44 Years,Female,11.0,ok,text
2006,Agra,30-44,30–44 Years,Male,11.0,ok,text
2006,Agra,30-44,30–44 Years,Total,22.0,ok,text
2006,Agra,45-59,45–59 Years,Female,5.0,ok,text
2006,Agra,45-59,45–59 Years,Male,7.0,ok,text
2006,Agra,45-59,45–59 Years,Total,12.0,ok,text
2006,Agra,60+,60 Years & above,Female,0.0,ok,text
2006,Agra,60+,60 Years & above,Male,0.0,ok,text
2006,Agra,60+,60 Years & above,Total,0.0,ok,text
2006,Agra,all ages,Total,Female,24.0,ok,text
2006,Agra,all ages,Total,Male,30.0,ok,text
2006,Agra,all ages,Total,Total,54.0,ok,text
2006,Ahmedabad,0-14,Upto 14 Years,Female,2.0,ok,text
2006,Ahmedabad,0-14,Upto 14 Years,Male,5.0,ok,text
2006,Ahmedabad,0-14,Upto 14 Years,Total,7.0,ok,text
2006,Ahmedabad,15-29,15–29 Years,Female,92.0,ok,text
2006,Ahmedabad,15-29,15–29 Years,Male,107.0,ok,text
2006,Ahmedabad,15-29,15–29 Years,Total,199.0,ok,text
2006,Ahmedabad,30-44,30–44 Years,Female,62.0,ok,text
2006,Ahmedabad,30-44,30–44 Years,Male,117.0,ok,text
2006,Ahmedabad,30-44,30–44 Years,Total,179.0,ok,text
2006,Ahmedabad,45-59,45–59 Years,Female,29.0,ok,text
2006,Ahmedabad,45-59,45–59 Years,Male,56.0,ok,text
2006,Ahmedabad,45-59,45–59 Years,Total,85.0,ok,text
2006,Ahmedabad,60+,60 Years & above,Female,11.0,ok,text
2006,Ahmedabad,60+,60 Years & above,Male,36.0,ok,text
2006,Ahmedabad,60+,60 Years & above,Total,47.0,ok,text
2006,Ahmedabad,all ages,Total,Female,196.0,ok,text
2006,Ahmedabad,all ages,Total,Male,321.0,ok,text
2006,Ahmedabad,all ages,Total,Total,517.0,ok,text
2006,Prayagraj,0-14,Upto 14 Years,Female,0.0,ok,text
2006,Prayagraj,0-14,Upto 14 Years,Male,0.0,ok,text
2006,Prayagraj,0-14,Upto 14 Years,Total,0.0,ok,text
2006,Prayagraj,15-29,15–29 Years,Female,21.0,ok,text
2006,Prayagraj,15-29,15–29 Years,Male,15.0,ok,text
2006,Prayagraj,15-29,15–29 Years,Total,36.0,ok,text
2006,Prayagraj,30-44,30–44 Years,Female,12.0,ok,text
2006,Prayagraj,30-44,30–44 Years,Male,14.0,ok,text
2006,Prayagraj,30-44,30–44 Years,Total,26.0,ok,text
2006,Prayagraj,45-59,45–59 Years,Female,1.0,ok,text
2006,Prayagraj,45-59,45–59 Years,Male,4.0,ok,text
2006,Prayagraj,45-59,45–59 Years,Total,5.0,ok,text
2006,Prayagraj,60+,60 Years & above,Female,2.0,ok,text
2006,Prayagraj,60+,60 Years & above,Male,2.0,ok,text
2006,Prayagraj,60+,60 Years & above,Total,4.0,ok,text
2006,Prayagraj,all ages,Total,Female,36.0,ok,text
2006,Prayagraj,all ages,Total,Male,35.0,ok,text
2006,Prayagraj,all ages,Total,Total,71.0,ok,text
2006,Amritsar,0-14,Upto 14 Years,Female,0.0,ok,text
2006,Amritsar,0-14,Upto 14 Years,Male,0.0,ok,text
2006,Amritsar,0-14,Upto 14 Years,Total,0.0,ok,text
2006,Amritsar,15-29,15–29 Years,Female,1.0,ok,text
2006,Amritsar,15-29,15–29 Years,Male,3.0,ok,text
2006,Amritsar,15-29,15–29 Years,Total,4.0,ok,text
2006,Amritsar,30-44,30–44 Years,Female,2.0,ok,text
2006,Amritsar,30-44,30–44 Years,Male,2.0,ok,text
2006,Amritsar,30-44,30–44 Years,Total,4.0,ok,text
2006,Amritsar,45-59,45–59 Years,Female,1.0,ok,text
2006,Amritsar,45-59,45–59 Years,Male,6.0,ok,text
2006,Amritsar,45-59,45–59 Years,Total,7.0,ok,text
2006,Amritsar,60+,60 Years & above,Female,0.0,ok,text
2006,Amritsar,60+,60 Years & above,Male,0.0,ok,text
2006,Amritsar,60+,60 Years & above,Total,0.0,ok,text
2006,Amritsar,all ages,Total,Female,4.0,ok,text
2006,Amritsar,all ages,Total,Male,11.0,ok,text
2006,Amritsar,all ages,Total,Total,15.0,ok,text
2006,Asansol,0-14,Upto 14 Years,Female,0.0,ok,text
2006,Asansol,0-14,Upto 14 Years,Male,0.0,ok,text
2006,Asansol,0-14,Upto 14 Years,Total,0.0,ok,text
2006,Asansol,15-29,15–29 Years,Female,68.0,ok,text
2006,Asansol,15-29,15–29 Years,Male,72.0,ok,text
2006,Asansol,15-29,15–29 Years,Total,140.0,ok,text
2006,Asansol,30-44,30–44 Years,Female,45.0,ok,text
2006,Asansol,30-44,30–44 Years,Male,69.0,ok,text
2006,Asansol,30-44,30–44 Years,Total,114.0,ok,text
2006,Asansol,45-59,45–59 Years,Female,13.0,ok,text
2006,Asansol,45-59,45–59 Years,Male,30.0,ok,text
2006,Asansol,45-59,45–59 Years,Total,43.0,ok,text
2006,Asansol,60+,60 Years & above,Female,15.0,ok,text
2006,Asansol,60+,60 Years & above,Male,12.0,ok,text
2006,Asansol,60+,60 Years & above,Total,27.0,ok,text
2006,Asansol,all ages,Total,Female,141.0,ok,text
2006,Asansol,all ages,Total,Male,183.0,ok,text
2006,Asansol,all ages,Total,Total,324.0,ok,text
2006,Bengaluru,0-14,Upto 14 Years,Female,28.0,ok,text
2006,Bengaluru,0-14,Upto 14 Years,Male,22.0,ok,text
2006,Bengaluru,0-14,Upto 14 Years,Total,50.0,ok,text
2006,Bengaluru,15-29,15–29 Years,Female,344.0,ok,text
2006,Bengaluru,15-29,15–29 Years,Male,459.0,ok,text
2006,Bengaluru,15-29,15–29 Years,Total,803.0,ok,text
2006,Bengaluru,30-44,30–44 Years,Female,220.0,ok,text
2006,Bengaluru,30-44,30–44 Years,Male,462.0,ok,text
2006,Bengaluru,30-44,30–44 Years,Total,682.0,ok,text
2006,Bengaluru,45-59,45–59 Years,Female,80.0,ok,text
2006,Bengaluru,45-59,45–59 Years,Male,285.0,ok,text
2006,Bengaluru,45-59,45–59 Years,Total,365.0,ok,text
2006,Bengaluru,60+,60 Years & above,Female,34.0,ok,text
2006,Bengaluru,60+,60 Years & above,Male,74.0,ok,text
2006,Bengaluru,60+,60 Years & above,Total,108.0,ok,text
2006,Bengaluru,all ages,Total,Female,706.0,ok,text
2006,Bengaluru,all ages,Total,Male,1302.0,ok,text
2006,Bengaluru,all ages,Total,Total,2008.0,ok,text
2006,Bhopal,0-14,Upto 14 Years,Female,3.0,ok,text
2006,Bhopal,0-14,Upto 14 Years,Male,2.0,ok,text
2006,Bhopal,0-14,Upto 14 Years,Total,5.0,ok,text
2006,Bhopal,15-29,15–29 Years,Female,70.0,ok,text
2006,Bhopal,15-29,15–29 Years,Male,76.0,ok,text
2006,Bhopal,15-29,15–29 Years,Total,146.0,ok,text
2006,Bhopal,30-44,30–44 Years,Female,23.0,ok,text
2006,Bhopal,30-44,30–44 Years,Male,71.0,ok,text
2006,Bhopal,30-44,30–44 Years,Total,94.0,ok,text
2006,Bhopal,45-59,45–59 Years,Female,3.0,ok,text
2006,Bhopal,45-59,45–59 Years,Male,29.0,ok,text
2006,Bhopal,45-59,45–59 Years,Total,32.0,ok,text
2006,Bhopal,60+,60 Years & above,Female,2.0,ok,text
2006,Bhopal,60+,60 Years & above,Male,10.0,ok,text
2006,Bhopal,60+,60 Years & above,Total,12.0,ok,text
2006,Bhopal,all ages,Total,Female,101.0,ok,text
2006,Bhopal,all ages,Total,Male,188.0,ok,text
2006,Bhopal,all ages,Total,Total,289.0,ok,text
2006,Chennai,0-14,Upto 14 Years,Female,18.0,ok,text
2006,Chennai,0-14,Upto 14 Years,Male,18.0,ok,text
2006,Chennai,0-14,Upto 14 Years,Total,36.0,ok,text
2006,Chennai,15-29,15–29 Years,Female,399.0,ok,text
2006,Chennai,15-29,15–29 Years,Male,369.0,ok,text
2006,Chennai,15-29,15–29 Years,Total,768.0,ok,text
2006,Chennai,30-44,30–44 Years,Female,314.0,ok,text
2006,Chennai,30-44,30–44 Years,Male,657.0,ok,text
2006,Chennai,30-44,30–44 Years,Total,971.0,ok,text
2006,Chennai,45-59,45–59 Years,Female,156.0,ok,text
2006,Chennai,45-59,45–59 Years,Male,372.0,ok,text
2006,Chennai,45-59,45–59 Years,Total,528.0,ok,text
2006,Chennai,60+,60 Years & above,Female,39.0,ok,text
2006,Chennai,60+,60 Years & above,Male,85.0,ok,text
2006,Chennai,60+,60 Years & above,Total,124.0,ok,text
2006,Chennai,all ages,Total,Female,926.0,ok,text
2006,Chennai,all ages,Total,Male,1501.0,ok,text
2006,Chennai,all ages,Total,Total,2427.0,ok,text
2006,Coimbatore,0-14,Upto 14 Years,Female,4.0,ok,text
2006,Coimbatore,0-14,Upto 14 Years,Male,1.0,ok,text
2006,Coimbatore,0-14,Upto 14 Years,Total,5.0,ok,text
2006,Coimbatore,15-29,15–29 Years,Female,72.0,ok,text
2006,Coimbatore,15-29,15–29 Years,Male,61.0,ok,text
2006,Coimbatore,15-29,15–29 Years,Total,133.0,ok,text
2006,Coimbatore,30-44,30–44 Years,Female,29.0,ok,text
2006,Coimbatore,30-44,30–44 Years,Male,73.0,ok,text
2006,Coimbatore,30-44,30–44 Years,Total,102.0,ok,text
2006,Coimbatore,45-59,45–59 Years,Female,11.0,ok,text
2006,Coimbatore,45-59,45–59 Years,Male,36.0,ok,text
2006,Coimbatore,45-59,45–59 Years,Total,47.0,ok,text
2006,Coimbatore,60+,60 Years & above,Female,11.0,ok,text
2006,Coimbatore,60+,60 Years & above,Male,19.0,ok,text
2006,Coimbatore,60+,60 Years & above,Total,30.0,ok,text
2006,Coimbatore,all ages,Total,Female,127.0,ok,text
2006,Coimbatore,all ages,Total,Male,190.0,ok,text
2006,Coimbatore,all ages,Total,Total,317.0,ok,text
2006,Delhi,0-14,Upto 14 Years,Female,14.0,ok,text
2006,Delhi,0-14,Upto 14 Years,Male,7.0,ok,text
2006,Delhi,0-14,Upto 14 Years,Total,21.0,ok,text
2006,Delhi,15-29,15–29 Years,Female,300.0,ok,text
2006,Delhi,15-29,15–29 Years,Male,390.0,ok,text
2006,Delhi,15-29,15–29 Years,Total,690.0,ok,text
2006,Delhi,30-44,30–44 Years,Female,125.0,ok,text
2006,Delhi,30-44,30–44 Years,Male,291.0,ok,text
2006,Delhi,30-44,30–44 Years,Total,416.0,ok,text
2006,Delhi,45-59,45–59 Years,Female,25.0,ok,text
2006,Delhi,45-59,45–59 Years,Male,118.0,ok,text
2006,Delhi,45-59,45–59 Years,Total,143.0,ok,text
2006,Delhi,60+,60 Years & above,Female,3.0,ok,text
2006,Delhi,60+,60 Years & above,Male,23.0,ok,text
2006,Delhi,60+,60 Years & above,Total,26.0,ok,text
2006,Delhi,all ages,Total,Female,467.0,ok,text
2006,Delhi,all ages,Total,Male,829.0,ok,text
2006,Delhi,all ages,Total,Total,1296.0,ok,text
2006,Dhanbad,0-14,Upto 14 Years,Female,1.0,ok,text
2006,Dhanbad,0-14,Upto 14 Years,Male,0.0,ok,text
2006,Dhanbad,0-14,Upto 14 Years,Total,1.0,ok,text
2006,Dhanbad,15-29,15–29 Years,Female,19.0,ok,text
2006,Dhanbad,15-29,15–29 Years,Male,6.0,ok,text
2006,Dhanbad,15-29,15–29 Years,Total,25.0,ok,text
2006,Dhanbad,30-44,30–44 Years,Female,8.0,ok,text
2006,Dhanbad,30-44,30–44 Years,Male,9.0,ok,text
2006,Dhanbad,30-44,30–44 Years,Total,17.0,ok,text
2006,Dhanbad,45-59,45–59 Years,Female,5.0,ok,text
2006,Dhanbad,45-59,45–59 Years,Male,11.0,ok,text
2006,Dhanbad,45-59,45–59 Years,Total,16.0,ok,text
2006,Dhanbad,60+,60 Years & above,Female,2.0,ok,text
2006,Dhanbad,60+,60 Years & above,Male,3.0,ok,text
2006,Dhanbad,60+,60 Years & above,Total,5.0,ok,text
2006,Dhanbad,all ages,Total,Female,35.0,ok,text
2006,Dhanbad,all ages,Total,Male,29.0,ok,text
2006,Dhanbad,all ages,Total,Total,64.0,ok,text
2006,Faridabad,0-14,Upto 14 Years,Female,1.0,ok,text
2006,Faridabad,0-14,Upto 14 Years,Male,1.0,ok,text
2006,Faridabad,0-14,Upto 14 Years,Total,2.0,ok,text
2006,Faridabad,15-29,15–29 Years,Female,18.0,ok,text
2006,Faridabad,15-29,15–29 Years,Male,38.0,ok,text
2006,Faridabad,15-29,15–29 Years,Total,56.0,ok,text
2006,Faridabad,30-44,30–44 Years,Female,5.0,ok,text
2006,Faridabad,30-44,30–44 Years,Male,23.0,ok,text
2006,Faridabad,30-44,30–44 Years,Total,28.0,ok,text
2006,Faridabad,45-59,45–59 Years,Female,1.0,ok,text
2006,Faridabad,45-59,45–59 Years,Male,10.0,ok,text
2006,Faridabad,45-59,45–59 Years,Total,11.0,ok,text
2006,Faridabad,60+,60 Years & above,Female,1.0,ok,text
2006,Faridabad,60+,60 Years & above,Male,2.0,ok,text
2006,Faridabad,60+,60 Years & above,Total,3.0,ok,text
2006,Faridabad,all ages,Total,Female,26.0,ok,text
2006,Faridabad,all ages,Total,Male,74.0,ok,text
2006,Faridabad,all ages,Total,Total,100.0,ok,text
2006,Hyderabad,0-14,Upto 14 Years,Female,13.0,ok,text
2006,Hyderabad,0-14,Upto 14 Years,Male,33.0,ok,text
2006,Hyderabad,0-14,Upto 14 Years,Total,46.0,ok,text
2006,Hyderabad,15-29,15–29 Years,Female,112.0,ok,text
2006,Hyderabad,15-29,15–29 Years,Male,131.0,ok,text
2006,Hyderabad,15-29,15–29 Years,Total,243.0,ok,text
2006,Hyderabad,30-44,30–44 Years,Female,71.0,ok,text
2006,Hyderabad,30-44,30–44 Years,Male,137.0,ok,text
2006,Hyderabad,30-44,30–44 Years,Total,208.0,ok,text
2006,Hyderabad,45-59,45–59 Years,Female,22.0,ok,text
2006,Hyderabad,45-59,45–59 Years,Male,49.0,ok,text
2006,Hyderabad,45-59,45–59 Years,Total,71.0,ok,text
2006,Hyderabad,60+,60 Years & above,Female,13.0,ok,text
2006,Hyderabad,60+,60 Years & above,Male,22.0,ok,text
2006,Hyderabad,60+,60 Years & above,Total,35.0,ok,text
2006,Hyderabad,all ages,Total,Female,231.0,ok,text
2006,Hyderabad,all ages,Total,Male,372.0,ok,text
2006,Hyderabad,all ages,Total,Total,603.0,ok,text
2006,Indore,0-14,Upto 14 Years,Female,0.0,ok,text
2006,Indore,0-14,Upto 14 Years,Male,0.0,ok,text
2006,Indore,0-14,Upto 14 Years,Total,0.0,ok,text
2006,Indore,15-29,15–29 Years,Female,30.0,ok,text
2006,Indore,15-29,15–29 Years,Male,0.0,ok,text
2006,Indore,15-29,15–29 Years,Total,30.0,ok,text
2006,Indore,30-44,30–44 Years,Female,3.0,ok,text
2006,Indore,30-44,30–44 Years,Male,6.0,ok,text
2006,Indore,30-44,30–44 Years,Total,9.0,ok,text
2006,Indore,45-59,45–59 Years,Female,0.0,ok,text
2006,Indore,45-59,45–59 Years,Male,0.0,ok,text
2006,Indore,45-59,45–59 Years,Total,0.0,ok,text
2006,Indore,60+,60 Years & above,Female,0.0,ok,text
2006,Indore,60+,60 Years & above,Male,0.0,ok,text
2006,Indore,60+,60 Years & above,Total,0.0,ok,text
2006,Indore,all ages,Total,Female,33.0,ok,text
2006,Indore,all ages,Total,Male,6.0,ok,text
2006,Indore,all ages,Total,Total,39.0,ok,text
2006,Jabalpur,0-14,Upto 14 Years,Female,5.0,ok,text
2006,Jabalpur,0-14,Upto 14 Years,Male,3.0,ok,text
2006,Jabalpur,0-14,Upto 14 Years,Total,8.0,ok,text
2006,Jabalpur,15-29,15–29 Years,Female,53.0,ok,text
2006,Jabalpur,15-29,15–29 Years,Male,55.0,ok,text
2006,Jabalpur,15-29,15–29 Years,Total,108.0,ok,text
2006,Jabalpur,30-44,30–44 Years,Female,54.0,ok,text
2006,Jabalpur,30-44,30–44 Years,Male,83.0,ok,text
2006,Jabalpur,30-44,30–44 Years,Total,137.0,ok,text
2006,Jabalpur,45-59,45–59 Years,Female,17.0,ok,text
2006,Jabalpur,45-59,45–59 Years,Male,67.0,ok,text
2006,Jabalpur,45-59,45–59 Years,Total,84.0,ok,text
2006,Jabalpur,60+,60 Years & above,Female,2.0,ok,text
2006,Jabalpur,60+,60 Years & above,Male,10.0,ok,text
2006,Jabalpur,60+,60 Years & above,Total,12.0,ok,text
2006,Jabalpur,all ages,Total,Female,131.0,ok,text
2006,Jabalpur,all ages,Total,Male,218.0,ok,text
2006,Jabalpur,all ages,Total,Total,349.0,ok,text
2006,Jaipur,0-14,Upto 14 Years,Female,3.0,ok,text
2006,Jaipur,0-14,Upto 14 Years,Male,10.0,ok,text
2006,Jaipur,0-14,Upto 14 Years,Total,13.0,ok,text
2006,Jaipur,15-29,15–29 Years,Female,65.0,ok,text
2006,Jaipur,15-29,15–29 Years,Male,72.0,ok,text
2006,Jaipur,15-29,15–29 Years,Total,137.0,ok,text
2006,Jaipur,30-44,30–44 Years,Female,19.0,ok,text
2006,Jaipur,30-44,30–44 Years,Male,66.0,ok,text
2006,Jaipur,30-44,30–44 Years,Total,85.0,ok,text
2006,Jaipur,45-59,45–59 Years,Female,1.0,ok,text
2006,Jaipur,45-59,45–59 Years,Male,31.0,ok,text
2006,Jaipur,45-59,45–59 Years,Total,32.0,ok,text
2006,Jaipur,60+,60 Years & above,Female,0.0,ok,text
2006,Jaipur,60+,60 Years & above,Male,7.0,ok,text
2006,Jaipur,60+,60 Years & above,Total,7.0,ok,text
2006,Jaipur,all ages,Total,Female,88.0,ok,text
2006,Jaipur,all ages,Total,Male,186.0,ok,text
2006,Jaipur,all ages,Total,Total,274.0,ok,text
2006,Jamshedpur,0-14,Upto 14 Years,Female,1.0,ok,text
2006,Jamshedpur,0-14,Upto 14 Years,Male,2.0,ok,text
2006,Jamshedpur,0-14,Upto 14 Years,Total,3.0,ok,text
2006,Jamshedpur,15-29,15–29 Years,Female,23.0,ok,text
2006,Jamshedpur,15-29,15–29 Years,Male,43.0,ok,text
2006,Jamshedpur,15-29,15–29 Years,Total,66.0,ok,text
2006,Jamshedpur,30-44,30–44 Years,Female,16.0,ok,text
2006,Jamshedpur,30-44,30–44 Years,Male,28.0,ok,text
2006,Jamshedpur,30-44,30–44 Years,Total,44.0,ok,text
2006,Jamshedpur,45-59,45–59 Years,Female,4.0,ok,text
2006,Jamshedpur,45-59,45–59 Years,Male,10.0,ok,text
2006,Jamshedpur,45-59,45–59 Years,Total,14.0,ok,text
2006,Jamshedpur,60+,60 Years & above,Female,0.0,ok,text
2006,Jamshedpur,60+,60 Years & above,Male,0.0,ok,text
2006,Jamshedpur,60+,60 Years & above,Total,0.0,ok,text
2006,Jamshedpur,all ages,Total,Female,44.0,ok,text
2006,Jamshedpur,all ages,Total,Male,83.0,ok,text
2006,Jamshedpur,all ages,Total,Total,127.0,ok,text
2006,Kanpur,0-14,Upto 14 Years,Female,13.0,ok,text
2006,Kanpur,0-14,Upto 14 Years,Male,13.0,ok,text
2006,Kanpur,0-14,Upto 14 Years,Total,26.0,ok,text
2006,Kanpur,15-29,15–29 Years,Female,64.0,ok,text
2006,Kanpur,15-29,15–29 Years,Male,69.0,ok,text
2006,Kanpur,15-29,15–29 Years,Total,133.0,ok,text
2006,Kanpur,30-44,30–44 Years,Female,41.0,ok,text
2006,Kanpur,30-44,30–44 Years,Male,67.0,ok,text
2006,Kanpur,30-44,30–44 Years,Total,108.0,ok,text
2006,Kanpur,45-59,45–59 Years,Female,7.0,ok,text
2006,Kanpur,45-59,45–59 Years,Male,18.0,ok,text
2006,Kanpur,45-59,45–59 Years,Total,25.0,ok,text
2006,Kanpur,60+,60 Years & above,Female,0.0,ok,text
2006,Kanpur,60+,60 Years & above,Male,3.0,ok,text
2006,Kanpur,60+,60 Years & above,Total,3.0,ok,text
2006,Kanpur,all ages,Total,Female,125.0,ok,text
2006,Kanpur,all ages,Total,Male,170.0,ok,text
2006,Kanpur,all ages,Total,Total,295.0,ok,text
2006,Kochi,0-14,Upto 14 Years,Female,0.0,ok,text
2006,Kochi,0-14,Upto 14 Years,Male,5.0,ok,text
2006,Kochi,0-14,Upto 14 Years,Total,5.0,ok,text
2006,Kochi,15-29,15–29 Years,Female,19.0,ok,text
2006,Kochi,15-29,15–29 Years,Male,41.0,ok,text
2006,Kochi,15-29,15–29 Years,Total,60.0,ok,text
2006,Kochi,30-44,30–44 Years,Female,15.0,ok,text
2006,Kochi,30-44,30–44 Years,Male,45.0,ok,text
2006,Kochi,30-44,30–44 Years,Total,60.0,ok,text
2006,Kochi,45-59,45–59 Years,Female,21.0,ok,text
2006,Kochi,45-59,45–59 Years,Male,46.0,ok,text
2006,Kochi,45-59,45–59 Years,Total,67.0,ok,text
2006,Kochi,60+,60 Years & above,Female,8.0,ok,text
2006,Kochi,60+,60 Years & above,Male,34.0,ok,text
2006,Kochi,60+,60 Years & above,Total,42.0,ok,text
2006,Kochi,all ages,Total,Female,63.0,ok,text
2006,Kochi,all ages,Total,Male,171.0,ok,text
2006,Kochi,all ages,Total,Total,234.0,ok,text
2006,Kolkata,0-14,Upto 14 Years,Female,2.0,ok,text
2006,Kolkata,0-14,Upto 14 Years,Male,2.0,ok,text
2006,Kolkata,0-14,Upto 14 Years,Total,4.0,ok,text
2006,Kolkata,15-29,15–29 Years,Female,24.0,ok,text
2006,Kolkata,15-29,15–29 Years,Male,35.0,ok,text
2006,Kolkata,15-29,15–29 Years,Total,59.0,ok,text
2006,Kolkata,30-44,30–44 Years,Female,18.0,ok,text
2006,Kolkata,30-44,30–44 Years,Male,39.0,ok,text
2006,Kolkata,30-44,30–44 Years,Total,57.0,ok,text
2006,Kolkata,45-59,45–59 Years,Female,14.0,ok,text
2006,Kolkata,45-59,45–59 Years,Male,37.0,ok,text
2006,Kolkata,45-59,45–59 Years,Total,51.0,ok,text
2006,Kolkata,60+,60 Years & above,Female,12.0,ok,text
2006,Kolkata,60+,60 Years & above,Male,21.0,ok,text
2006,Kolkata,60+,60 Years & above,Total,33.0,ok,text
2006,Kolkata,all ages,Total,Female,70.0,ok,text
2006,Kolkata,all ages,Total,Male,134.0,ok,text
2006,Kolkata,all ages,Total,Total,204.0,ok,text
2006,Lucknow,0-14,Upto 14 Years,Female,0.0,ok,text
2006,Lucknow,0-14,Upto 14 Years,Male,1.0,ok,text
2006,Lucknow,0-14,Upto 14 Years,Total,1.0,ok,text
2006,Lucknow,15-29,15–29 Years,Female,32.0,ok,text
2006,Lucknow,15-29,15–29 Years,Male,52.0,ok,text
2006,Lucknow,15-29,15–29 Years,Total,84.0,ok,text
2006,Lucknow,30-44,30–44 Years,Female,28.0,ok,text
2006,Lucknow,30-44,30–44 Years,Male,47.0,ok,text
2006,Lucknow,30-44,30–44 Years,Total,75.0,ok,text
2006,Lucknow,45-59,45–59 Years,Female,12.0,ok,text
2006,Lucknow,45-59,45–59 Years,Male,14.0,ok,text
2006,Lucknow,45-59,45–59 Years,Total,26.0,ok,text
2006,Lucknow,60+,60 Years & above,Female,0.0,ok,text
2006,Lucknow,60+,60 Years & above,Male,3.0,ok,text
2006,Lucknow,60+,60 Years & above,Total,3.0,ok,text
2006,Lucknow,all ages,Total,Female,72.0,ok,text
2006,Lucknow,all ages,Total,Male,117.0,ok,text
2006,Lucknow,all ages,Total,Total,189.0,ok,text
2006,Ludhiana,0-14,Upto 14 Years,Female,1.0,ok,text
2006,Ludhiana,0-14,Upto 14 Years,Male,0.0,ok,text
2006,Ludhiana,0-14,Upto 14 Years,Total,1.0,ok,text
2006,Ludhiana,15-29,15–29 Years,Female,9.0,ok,text
2006,Ludhiana,15-29,15–29 Years,Male,25.0,ok,text
2006,Ludhiana,15-29,15–29 Years,Total,34.0,ok,text
2006,Ludhiana,30-44,30–44 Years,Female,5.0,ok,text
2006,Ludhiana,30-44,30–44 Years,Male,14.0,ok,text
2006,Ludhiana,30-44,30–44 Years,Total,19.0,ok,text
2006,Ludhiana,45-59,45–59 Years,Female,1.0,ok,text
2006,Ludhiana,45-59,45–59 Years,Male,10.0,ok,text
2006,Ludhiana,45-59,45–59 Years,Total,11.0,ok,text
2006,Ludhiana,60+,60 Years & above,Female,0.0,ok,text
2006,Ludhiana,60+,60 Years & above,Male,5.0,ok,text
2006,Ludhiana,60+,60 Years & above,Total,5.0,ok,text
2006,Ludhiana,all ages,Total,Female,16.0,ok,text
2006,Ludhiana,all ages,Total,Male,54.0,ok,text
2006,Ludhiana,all ages,Total,Total,70.0,ok,text
2006,Madurai,0-14,Upto 14 Years,Female,0.0,ok,text
2006,Madurai,0-14,Upto 14 Years,Male,0.0,ok,text
2006,Madurai,0-14,Upto 14 Years,Total,0.0,ok,text
2006,Madurai,15-29,15–29 Years,Female,23.0,ok,text
2006,Madurai,15-29,15–29 Years,Male,20.0,ok,text
2006,Madurai,15-29,15–29 Years,Total,43.0,ok,text
2006,Madurai,30-44,30–44 Years,Female,64.0,ok,text
2006,Madurai,30-44,30–44 Years,Male,71.0,ok,text
2006,Madurai,30-44,30–44 Years,Total,135.0,ok,text
2006,Madurai,45-59,45–59 Years,Female,1.0,ok,text
2006,Madurai,45-59,45–59 Years,Male,2.0,ok,text
2006,Madurai,45-59,45–59 Years,Total,3.0,ok,text
2006,Madurai,60+,60 Years & above,Female,0.0,ok,text
2006,Madurai,60+,60 Years & above,Male,0.0,ok,text
2006,Madurai,60+,60 Years & above,Total,0.0,ok,text
2006,Madurai,all ages,Total,Female,88.0,ok,text
2006,Madurai,all ages,Total,Male,93.0,ok,text
2006,Madurai,all ages,Total,Total,181.0,ok,text
2006,Meerut,0-14,Upto 14 Years,Female,0.0,ok,text
2006,Meerut,0-14,Upto 14 Years,Male,0.0,ok,text
2006,Meerut,0-14,Upto 14 Years,Total,0.0,ok,text
2006,Meerut,15-29,15–29 Years,Female,16.0,ok,text
2006,Meerut,15-29,15–29 Years,Male,4.0,ok,text
2006,Meerut,15-29,15–29 Years,Total,20.0,ok,text
2006,Meerut,30-44,30–44 Years,Female,5.0,ok,text
2006,Meerut,30-44,30–44 Years,Male,14.0,ok,text
2006,Meerut,30-44,30–44 Years,Total,19.0,ok,text
2006,Meerut,45-59,45–59 Years,Female,1.0,ok,text
2006,Meerut,45-59,45–59 Years,Male,9.0,ok,text
2006,Meerut,45-59,45–59 Years,Total,10.0,ok,text
2006,Meerut,60+,60 Years & above,Female,0.0,ok,text
2006,Meerut,60+,60 Years & above,Male,0.0,ok,text
2006,Meerut,60+,60 Years & above,Total,0.0,ok,text
2006,Meerut,all ages,Total,Female,22.0,ok,text
2006,Meerut,all ages,Total,Male,27.0,ok,text
2006,Meerut,all ages,Total,Total,49.0,ok,text
2006,Mumbai,0-14,Upto 14 Years,Female,9.0,ok,text
2006,Mumbai,0-14,Upto 14 Years,Male,4.0,ok,text
2006,Mumbai,0-14,Upto 14 Years,Total,13.0,ok,text
2006,Mumbai,15-29,15–29 Years,Female,318.0,ok,text
2006,Mumbai,15-29,15–29 Years,Male,240.0,ok,text
2006,Mumbai,15-29,15–29 Years,Total,558.0,ok,text
2006,Mumbai,30-44,30–44 Years,Female,116.0,ok,text
2006,Mumbai,30-44,30–44 Years,Male,253.0,ok,text
2006,Mumbai,30-44,30–44 Years,Total,369.0,ok,text
2006,Mumbai,45-59,45–59 Years,Female,42.0,ok,text
2006,Mumbai,45-59,45–59 Years,Male,133.0,ok,text
2006,Mumbai,45-59,45–59 Years,Total,175.0,ok,text
2006,Mumbai,60+,60 Years & above,Female,32.0,ok,text
2006,Mumbai,60+,60 Years & above,Male,48.0,ok,text
2006,Mumbai,60+,60 Years & above,Total,80.0,ok,text
2006,Mumbai,all ages,Total,Female,517.0,ok,text
2006,Mumbai,all ages,Total,Male,678.0,ok,text
2006,Mumbai,all ages,Total,Total,1195.0,ok,text
2006,Nagpur,0-14,Upto 14 Years,Female,5.0,ok,text
2006,Nagpur,0-14,Upto 14 Years,Male,1.0,ok,text
2006,Nagpur,0-14,Upto 14 Years,Total,6.0,ok,text
2006,Nagpur,15-29,15–29 Years,Female,64.0,ok,text
2006,Nagpur,15-29,15–29 Years,Male,109.0,ok,text
2006,Nagpur,15-29,15–29 Years,Total,173.0,ok,text
2006,Nagpur,30-44,30–44 Years,Female,29.0,ok,text
2006,Nagpur,30-44,30–44 Years,Male,114.0,ok,text
2006,Nagpur,30-44,30–44 Years,Total,143.0,ok,text
2006,Nagpur,45-59,45–59 Years,Female,13.0,ok,text
2006,Nagpur,45-59,45–59 Years,Male,55.0,ok,text
2006,Nagpur,45-59,45–59 Years,Total,68.0,ok,text
2006,Nagpur,60+,60 Years & above,Female,12.0,ok,text
2006,Nagpur,60+,60 Years & above,Male,22.0,ok,text
2006,Nagpur,60+,60 Years & above,Total,34.0,ok,text
2006,Nagpur,all ages,Total,Female,123.0,ok,text
2006,Nagpur,all ages,Total,Male,301.0,ok,text
2006,Nagpur,all ages,Total,Total,424.0,ok,text
2006,Nashik,0-14,Upto 14 Years,Female,1.0,ok,text
2006,Nashik,0-14,Upto 14 Years,Male,1.0,ok,text
2006,Nashik,0-14,Upto 14 Years,Total,2.0,ok,text
2006,Nashik,15-29,15–29 Years,Female,45.0,ok,text
2006,Nashik,15-29,15–29 Years,Male,62.0,ok,text
2006,Nashik,15-29,15–29 Years,Total,107.0,ok,text
2006,Nashik,30-44,30–44 Years,Female,12.0,ok,text
2006,Nashik,30-44,30–44 Years,Male,45.0,ok,text
2006,Nashik,30-44,30–44 Years,Total,57.0,ok,text
2006,Nashik,45-59,45–59 Years,Female,6.0,ok,text
2006,Nashik,45-59,45–59 Years,Male,27.0,ok,text
2006,Nashik,45-59,45–59 Years,Total,33.0,ok,text
2006,Nashik,60+,60 Years & above,Female,4.0,ok,text
2006,Nashik,60+,60 Years & above,Male,7.0,ok,text
2006,Nashik,60+,60 Years & above,Total,11.0,ok,text
2006,Nashik,all ages,Total,Female,68.0,ok,text
2006,Nashik,all ages,Total,Male,142.0,ok,text
2006,Nashik,all ages,Total,Total,210.0,ok,text
2006,Patna,0-14,Upto 14 Years,Female,1.0,ok,text
2006,Patna,0-14,Upto 14 Years,Male,0.0,ok,text
2006,Patna,0-14,Upto 14 Years,Total,1.0,ok,text
2006,Patna,15-29,15–29 Years,Female,4.0,ok,text
2006,Patna,15-29,15–29 Years,Male,9.0,ok,text
2006,Patna,15-29,15–29 Years,Total,13.0,ok,text
2006,Patna,30-44,30–44 Years,Female,8.0,ok,text
2006,Patna,30-44,30–44 Years,Male,7.0,ok,text
2006,Patna,30-44,30–44 Years,Total,15.0,ok,text
2006,Patna,45-59,45–59 Years,Female,5.0,ok,text
2006,Patna,45-59,45–59 Years,Male,3.0,ok,text
2006,Patna,45-59,45–59 Years,Total,8.0,ok,text
2006,Patna,60+,60 Years & above,Female,0.0,ok,text
2006,Patna,60+,60 Years & above,Male,0.0,ok,text
2006,Patna,60+,60 Years & above,Total,0.0,ok,text
2006,Patna,all ages,Total,Female,18.0,ok,text
2006,Patna,all ages,Total,Male,19.0,ok,text
2006,Patna,all ages,Total,Total,37.0,ok,text
2006,Pune,0-14,Upto 14 Years,Female,3.0,ok,text
2006,Pune,0-14,Upto 14 Years,Male,2.0,ok,text
2006,Pune,0-14,Upto 14 Years,Total,5.0,ok,text
2006,Pune,15-29,15–29 Years,Female,83.0,ok,text
2006,Pune,15-29,15–29 Years,Male,140.0,ok,text
2006,Pune,15-29,15–29 Years,Total,223.0,ok,text
2006,Pune,30-44,30–44 Years,Female,37.0,ok,text
2006,Pune,30-44,30–44 Years,Male,142.0,ok,text
2006,Pune,30-44,30–44 Years,Total,179.0,ok,text
2006,Pune,45-59,45–59 Years,Female,17.0,ok,text
2006,Pune,45-59,45–59 Years,Male,70.0,ok,text
2006,Pune,45-59,45–59 Years,Total,87.0,ok,text
2006,Pune,60+,60 Years & above,Female,8.0,ok,text
2006,Pune,60+,60 Years & above,Male,27.0,ok,text
2006,Pune,60+,60 Years & above,Total,35.0,ok,text
2006,Pune,all ages,Total,Female,148.0,ok,text
2006,Pune,all ages,Total,Male,381.0,ok,text
2006,Pune,all ages,Total,Total,529.0,ok,text
2006,Rajkot,0-14,Upto 14 Years,Female,0.0,ok,text
2006,Rajkot,0-14,Upto 14 Years,Male,0.0,ok,text
2006,Rajkot,0-14,Upto 14 Years,Total,0.0,ok,text
2006,Rajkot,15-29,15–29 Years,Female,75.0,ok,text
2006,Rajkot,15-29,15–29 Years,Male,62.0,ok,text
2006,Rajkot,15-29,15–29 Years,Total,137.0,ok,text
2006,Rajkot,30-44,30–44 Years,Female,34.0,ok,text
2006,Rajkot,30-44,30–44 Years,Male,43.0,ok,text
2006,Rajkot,30-44,30–44 Years,Total,77.0,ok,text
2006,Rajkot,45-59,45–59 Years,Female,14.0,ok,text
2006,Rajkot,45-59,45–59 Years,Male,29.0,ok,text
2006,Rajkot,45-59,45–59 Years,Total,43.0,ok,text
2006,Rajkot,60+,60 Years & above,Female,8.0,ok,text
2006,Rajkot,60+,60 Years & above,Male,12.0,ok,text
2006,Rajkot,60+,60 Years & above,Total,20.0,ok,text
2006,Rajkot,all ages,Total,Female,131.0,ok,text
2006,Rajkot,all ages,Total,Male,146.0,ok,text
2006,Rajkot,all ages,Total,Total,277.0,ok,text
2006,Surat,0-14,Upto 14 Years,Female,3.0,ok,text
2006,Surat,0-14,Upto 14 Years,Male,3.0,ok,text
2006,Surat,0-14,Upto 14 Years,Total,6.0,ok,text
2006,Surat,15-29,15–29 Years,Female,76.0,ok,text
2006,Surat,15-29,15–29 Years,Male,73.0,ok,text
2006,Surat,15-29,15–29 Years,Total,149.0,ok,text
2006,Surat,30-44,30–44 Years,Female,46.0,ok,text
2006,Surat,30-44,30–44 Years,Male,108.0,ok,text
2006,Surat,30-44,30–44 Years,Total,154.0,ok,text
2006,Surat,45-59,45–59 Years,Female,29.0,ok,text
2006,Surat,45-59,45–59 Years,Male,68.0,ok,text
2006,Surat,45-59,45–59 Years,Total,97.0,ok,text
2006,Surat,60+,60 Years & above,Female,7.0,ok,text
2006,Surat,60+,60 Years & above,Male,17.0,ok,text
2006,Surat,60+,60 Years & above,Total,24.0,ok,text
2006,Surat,all ages,Total,Female,161.0,ok,text
2006,Surat,all ages,Total,Male,269.0,ok,text
2006,Surat,all ages,Total,Total,430.0,ok,text
2006,Vadodara,0-14,Upto 14 Years,Female,1.0,ok,text
2006,Vadodara,0-14,Upto 14 Years,Male,0.0,ok,text
2006,Vadodara,0-14,Upto 14 Years,Total,1.0,ok,text
2006,Vadodara,15-29,15–29 Years,Female,34.0,ok,text
2006,Vadodara,15-29,15–29 Years,Male,41.0,ok,text
2006,Vadodara,15-29,15–29 Years,Total,75.0,ok,text
2006,Vadodara,30-44,30–44 Years,Female,20.0,ok,text
2006,Vadodara,30-44,30–44 Years,Male,50.0,ok,text
2006,Vadodara,30-44,30–44 Years,Total,70.0,ok,text
2006,Vadodara,45-59,45–59 Years,Female,8.0,ok,text
2006,Vadodara,45-59,45–59 Years,Male,25.0,ok,text
2006,Vadodara,45-59,45–59 Years,Total,33.0,ok,text
2006,Vadodara,60+,60 Years & above,Female,8.0,ok,text
2006,Vadodara,60+,60 Years & above,Male,6.0,ok,text
2006,Vadodara,60+,60 Years & above,Total,14.0,ok,text
2006,Vadodara,all ages,Total,Female,71.0,ok,text
2006,Vadodara,all ages,Total,Male,122.0,ok,text
2006,Vadodara,all ages,Total,Total,193.0,ok,text
2006,Varanasi,0-14,Upto 14 Years,Female,4.0,ok,text
2006,Varanasi,0-14,Upto 14 Years,Male,0.0,ok,text
2006,Varanasi,0-14,Upto 14 Years,Total,4.0,ok,text
2006,Varanasi,15-29,15–29 Years,Female,10.0,ok,text
2006,Varanasi,15-29,15–29 Years,Male,4.0,ok,text
2006,Varanasi,15-29,15–29 Years,Total,14.0,ok,text
2006,Varanasi,30-44,30–44 Years,Female,10.0,ok,text
2006,Varanasi,30-44,30–44 Years,Male,6.0,ok,text
2006,Varanasi,30-44,30–44 Years,Total,16.0,ok,text
2006,Varanasi,45-59,45–59 Years,Female,4.0,ok,text
2006,Varanasi,45-59,45–59 Years,Male,5.0,ok,text
2006,Varanasi,45-59,45–59 Years,Total,9.0,ok,text
2006,Varanasi,60+,60 Years & above,Female,0.0,ok,text
2006,Varanasi,60+,60 Years & above,Male,4.0,ok,text
2006,Varanasi,60+,60 Years & above,Total,4.0,ok,text
2006,Varanasi,all ages,Total,Female,28.0,ok,text
2006,Varanasi,all ages,Total,Male,19.0,ok,text
2006,Varanasi,all ages,Total,Total,47.0,ok,text
2006,Vijayawada,0-14,Upto 14 Years,Female,4.0,ok,text
2006,Vijayawada,0-14,Upto 14 Years,Male,0.0,ok,text
2006,Vijayawada,0-14,Upto 14 Years,Total,4.0,ok,text
2006,Vijayawada,15-29,15–29 Years,Female,35.0,ok,text
2006,Vijayawada,15-29,15–29 Years,Male,51.0,ok,text
2006,Vijayawada,15-29,15–29 Years,Total,86.0,ok,text
2006,Vijayawada,30-44,30–44 Years,Female,20.0,ok,text
2006,Vijayawada,30-44,30–44 Years,Male,69.0,ok,text
2006,Vijayawada,30-44,30–44 Years,Total,89.0,ok,text
2006,Vijayawada,45-59,45–59 Years,Female,4.0,ok,text
2006,Vijayawada,45-59,45–59 Years,Male,31.0,ok,text
2006,Vijayawada,45-59,45–59 Years,Total,35.0,ok,text
2006,Vijayawada,60+,60 Years & above,Female,3.0,ok,text
2006,Vijayawada,60+,60 Years & above,Male,18.0,ok,text
2006,Vijayawada,60+,60 Years & above,Total,21.0,ok,text
2006,Vijayawada,all ages,Total,Female,66.0,ok,text
2006,Vijayawada,all ages,Total,Male,169.0,ok,text
2006,Vijayawada,all ages,Total,Total,235.0,ok,text
2006,Visakhapatnam,0-14,Upto 14 Years,Female,3.0,ok,text
2006,Visakhapatnam,0-14,Upto 14 Years,Male,1.0,ok,text
2006,Visakhapatnam,0-14,Upto 14 Years,Total,4.0,ok,text
2006,Visakhapatnam,15-29,15–29 Years,Female,28.0,ok,text
2006,Visakhapatnam,15-29,15–29 Years,Male,23.0,ok,text
2006,Visakhapatnam,15-29,15–29 Years,Total,51.0,ok,text
2006,Visakhapatnam,30-44,30–44 Years,Female,14.0,ok,text
2006,Visakhapatnam,30-44,30–44 Years,Male,42.0,ok,text
2006,Visakhapatnam,30-44,30–44 Years,Total,56.0,ok,text
2006,Visakhapatnam,45-59,45–59 Years,Female,15.0,ok,text
2006,Visakhapatnam,45-59,45–59 Years,Male,35.0,ok,text
2006,Visakhapatnam,45-59,45–59 Years,Total,50.0,ok,text
2006,Visakhapatnam,60+,60 Years & above,Female,1.0,ok,text
2006,Visakhapatnam,60+,60 Years & above,Male,9.0,ok,text
2006,Visakhapatnam,60+,60 Years & above,Total,10.0,ok,text
2006,Visakhapatnam,all ages,Total,Female,61.0,ok,text
2006,Visakhapatnam,all ages,Total,Male,110.0,ok,text
2006,Visakhapatnam,all ages,Total,Total,171.0,ok,text
2007,Agra,0-14,Upto 14 Years,Female,1.0,ok,text
2007,Agra,0-14,Upto 14 Years,Male,0.0,ok,text
2007,Agra,0-14,Upto 14 Years,Total,1.0,ok,text
2007,Agra,15-29,15–29 Years,Female,9.0,ok,text
2007,Agra,15-29,15–29 Years,Male,8.0,ok,text
2007,Agra,15-29,15–29 Years,Total,17.0,ok,text
2007,Agra,30-44,30–44 Years,Female,9.0,ok,text
2007,Agra,30-44,30–44 Years,Male,6.0,ok,text
2007,Agra,30-44,30–44 Years,Total,15.0,ok,text
2007,Agra,45-59,45–59 Years,Female,4.0,ok,text
2007,Agra,45-59,45–59 Years,Male,4.0,ok,text
2007,Agra,45-59,45–59 Years,Total,8.0,ok,text
2007,Agra,60+,60 Years & above,Female,2.0,ok,text
2007,Agra,60+,60 Years & above,Male,4.0,ok,text
2007,Agra,60+,60 Years & above,Total,6.0,ok,text
2007,Agra,all ages,Total,Female,25.0,ok,text
2007,Agra,all ages,Total,Male,22.0,ok,text
2007,Agra,all ages,Total,Total,47.0,ok,text
2007,Ahmedabad,0-14,Upto 14 Years,Female,6.0,ok,text
2007,Ahmedabad,0-14,Upto 14 Years,Male,5.0,ok,text
2007,Ahmedabad,0-14,Upto 14 Years,Total,11.0,ok,text
2007,Ahmedabad,15-29,15–29 Years,Female,105.0,ok,text
2007,Ahmedabad,15-29,15–29 Years,Male,111.0,ok,text
2007,Ahmedabad,15-29,15–29 Years,Total,216.0,ok,text
2007,Ahmedabad,30-44,30–44 Years,Female,49.0,ok,text
2007,Ahmedabad,30-44,30–44 Years,Male,113.0,ok,text
2007,Ahmedabad,30-44,30–44 Years,Total,162.0,ok,text
2007,Ahmedabad,45-59,45–59 Years,Female,38.0,ok,text
2007,Ahmedabad,45-59,45–59 Years,Male,59.0,ok,text
2007,Ahmedabad,45-59,45–59 Years,Total,97.0,ok,text
2007,Ahmedabad,60+,60 Years & above,Female,18.0,ok,text
2007,Ahmedabad,60+,60 Years & above,Male,14.0,ok,text
2007,Ahmedabad,60+,60 Years & above,Total,32.0,ok,text
2007,Ahmedabad,all ages,Total,Female,216.0,ok,text
2007,Ahmedabad,all ages,Total,Male,302.0,ok,text
2007,Ahmedabad,all ages,Total,Total,518.0,ok,text
2007,Prayagraj,0-14,Upto 14 Years,Female,2.0,ok,text
2007,Prayagraj,0-14,Upto 14 Years,Male,0.0,ok,text
2007,Prayagraj,0-14,Upto 14 Years,Total,2.0,ok,text
2007,Prayagraj,15-29,15–29 Years,Female,15.0,ok,text
2007,Prayagraj,15-29,15–29 Years,Male,19.0,ok,text
2007,Prayagraj,15-29,15–29 Years,Total,34.0,ok,text
2007,Prayagraj,30-44,30–44 Years,Female,8.0,ok,text
2007,Prayagraj,30-44,30–44 Years,Male,21.0,ok,text
2007,Prayagraj,30-44,30–44 Years,Total,29.0,ok,text
2007,Prayagraj,45-59,45–59 Years,Female,1.0,ok,text
2007,Prayagraj,45-59,45–59 Years,Male,3.0,ok,text
2007,Prayagraj,45-59,45–59 Years,Total,4.0,ok,text
2007,Prayagraj,60+,60 Years & above,Female,2.0,ok,text
2007,Prayagraj,60+,60 Years & above,Male,3.0,ok,text
2007,Prayagraj,60+,60 Years & above,Total,5.0,ok,text
2007,Prayagraj,all ages,Total,Female,28.0,ok,text
2007,Prayagraj,all ages,Total,Male,46.0,ok,text
2007,Prayagraj,all ages,Total,Total,74.0,ok,text
2007,Amritsar,0-14,Upto 14 Years,Female,0.0,ok,text
2007,Amritsar,0-14,Upto 14 Years,Male,0.0,ok,text
2007,Amritsar,0-14,Upto 14 Years,Total,0.0,ok,text
2007,Amritsar,15-29,15–29 Years,Female,0.0,ok,text
2007,Amritsar,15-29,15–29 Years,Male,1.0,ok,text
2007,Amritsar,15-29,15–29 Years,Total,1.0,ok,text
2007,Amritsar,30-44,30–44 Years,Female,4.0,ok,text
2007,Amritsar,30-44,30–44 Years,Male,9.0,ok,text
2007,Amritsar,30-44,30–44 Years,Total,13.0,ok,text
2007,Amritsar,45-59,45–59 Years,Female,3.0,ok,text
2007,Amritsar,45-59,45–59 Years,Male,9.0,ok,text
2007,Amritsar,45-59,45–59 Years,Total,12.0,ok,text
2007,Amritsar,60+,60 Years & above,Female,0.0,ok,text
2007,Amritsar,60+,60 Years & above,Male,0.0,ok,text
2007,Amritsar,60+,60 Years & above,Total,0.0,ok,text
2007,Amritsar,all ages,Total,Female,7.0,ok,text
2007,Amritsar,all ages,Total,Male,19.0,ok,text
2007,Amritsar,all ages,Total,Total,26.0,ok,text
2007,Asansol,0-14,Upto 14 Years,Female,1.0,ok,text
2007,Asansol,0-14,Upto 14 Years,Male,4.0,ok,text
2007,Asansol,0-14,Upto 14 Years,Total,5.0,ok,text
2007,Asansol,15-29,15–29 Years,Female,35.0,ok,text
2007,Asansol,15-29,15–29 Years,Male,22.0,ok,text
2007,Asansol,15-29,15–29 Years,Total,57.0,ok,text
2007,Asansol,30-44,30–44 Years,Female,28.0,ok,text
2007,Asansol,30-44,30–44 Years,Male,41.0,ok,text
2007,Asansol,30-44,30–44 Years,Total,69.0,ok,text
2007,Asansol,45-59,45–59 Years,Female,14.0,ok,text
2007,Asansol,45-59,45–59 Years,Male,26.0,ok,text
2007,Asansol,45-59,45–59 Years,Total,40.0,ok,text
2007,Asansol,60+,60 Years & above,Female,6.0,ok,text
2007,Asansol,60+,60 Years & above,Male,28.0,ok,text
2007,Asansol,60+,60 Years & above,Total,34.0,ok,text
2007,Asansol,all ages,Total,Female,84.0,ok,text
2007,Asansol,all ages,Total,Male,121.0,ok,text
2007,Asansol,all ages,Total,Total,205.0,ok,text
2007,Bengaluru,0-14,Upto 14 Years,Female,44.0,ok,text
2007,Bengaluru,0-14,Upto 14 Years,Male,25.0,ok,text
2007,Bengaluru,0-14,Upto 14 Years,Total,69.0,ok,text
2007,Bengaluru,15-29,15–29 Years,Female,402.0,ok,text
2007,Bengaluru,15-29,15–29 Years,Male,531.0,ok,text
2007,Bengaluru,15-29,15–29 Years,Total,933.0,ok,text
2007,Bengaluru,30-44,30–44 Years,Female,233.0,ok,text
2007,Bengaluru,30-44,30–44 Years,Male,579.0,ok,text
2007,Bengaluru,30-44,30–44 Years,Total,812.0,ok,text
2007,Bengaluru,45-59,45–59 Years,Female,113.0,ok,text
2007,Bengaluru,45-59,45–59 Years,Male,329.0,ok,text
2007,Bengaluru,45-59,45–59 Years,Total,442.0,ok,text
2007,Bengaluru,60+,60 Years & above,Female,63.0,ok,text
2007,Bengaluru,60+,60 Years & above,Male,110.0,ok,text
2007,Bengaluru,60+,60 Years & above,Total,173.0,ok,text
2007,Bengaluru,all ages,Total,Female,855.0,ok,text
2007,Bengaluru,all ages,Total,Male,1574.0,ok,text
2007,Bengaluru,all ages,Total,Total,2429.0,ok,text
2007,Bhopal,0-14,Upto 14 Years,Female,8.0,ok,text
2007,Bhopal,0-14,Upto 14 Years,Male,1.0,ok,text
2007,Bhopal,0-14,Upto 14 Years,Total,9.0,ok,text
2007,Bhopal,15-29,15–29 Years,Female,84.0,ok,text
2007,Bhopal,15-29,15–29 Years,Male,74.0,ok,text
2007,Bhopal,15-29,15–29 Years,Total,158.0,ok,text
2007,Bhopal,30-44,30–44 Years,Female,26.0,ok,text
2007,Bhopal,30-44,30–44 Years,Male,60.0,ok,text
2007,Bhopal,30-44,30–44 Years,Total,86.0,ok,text
2007,Bhopal,45-59,45–59 Years,Female,3.0,ok,text
2007,Bhopal,45-59,45–59 Years,Male,26.0,ok,text
2007,Bhopal,45-59,45–59 Years,Total,29.0,ok,text
2007,Bhopal,60+,60 Years & above,Female,1.0,ok,text
2007,Bhopal,60+,60 Years & above,Male,6.0,ok,text
2007,Bhopal,60+,60 Years & above,Total,7.0,ok,text
2007,Bhopal,all ages,Total,Female,122.0,ok,text
2007,Bhopal,all ages,Total,Male,167.0,ok,text
2007,Bhopal,all ages,Total,Total,289.0,ok,text
2007,Chennai,0-14,Upto 14 Years,Female,10.0,ok,text
2007,Chennai,0-14,Upto 14 Years,Male,12.0,ok,text
2007,Chennai,0-14,Upto 14 Years,Total,22.0,ok,text
2007,Chennai,15-29,15–29 Years,Female,322.0,ok,text
2007,Chennai,15-29,15–29 Years,Male,320.0,ok,text
2007,Chennai,15-29,15–29 Years,Total,642.0,ok,text
2007,Chennai,30-44,30–44 Years,Female,266.0,ok,text
2007,Chennai,30-44,30–44 Years,Male,639.0,ok,text
2007,Chennai,30-44,30–44 Years,Total,905.0,ok,text
2007,Chennai,45-59,45–59 Years,Female,145.0,ok,text
2007,Chennai,45-59,45–59 Years,Male,448.0,ok,text
2007,Chennai,45-59,45–59 Years,Total,593.0,ok,text
2007,Chennai,60+,60 Years & above,Female,36.0,ok,text
2007,Chennai,60+,60 Years & above,Male,115.0,ok,text
2007,Chennai,60+,60 Years & above,Total,151.0,ok,text
2007,Chennai,all ages,Total,Female,779.0,ok,text
2007,Chennai,all ages,Total,Male,1534.0,ok,text
2007,Chennai,all ages,Total,Total,2313.0,ok,text
2007,Coimbatore,0-14,Upto 14 Years,Female,4.0,ok,text
2007,Coimbatore,0-14,Upto 14 Years,Male,0.0,ok,text
2007,Coimbatore,0-14,Upto 14 Years,Total,4.0,ok,text
2007,Coimbatore,15-29,15–29 Years,Female,58.0,ok,text
2007,Coimbatore,15-29,15–29 Years,Male,47.0,ok,text
2007,Coimbatore,15-29,15–29 Years,Total,105.0,ok,text
2007,Coimbatore,30-44,30–44 Years,Female,27.0,ok,text
2007,Coimbatore,30-44,30–44 Years,Male,80.0,ok,text
2007,Coimbatore,30-44,30–44 Years,Total,107.0,ok,text
2007,Coimbatore,45-59,45–59 Years,Female,8.0,ok,text
2007,Coimbatore,45-59,45–59 Years,Male,34.0,ok,text
2007,Coimbatore,45-59,45–59 Years,Total,42.0,ok,text
2007,Coimbatore,60+,60 Years & above,Female,7.0,ok,text
2007,Coimbatore,60+,60 Years & above,Male,16.0,ok,text
2007,Coimbatore,60+,60 Years & above,Total,23.0,ok,text
2007,Coimbatore,all ages,Total,Female,104.0,ok,text
2007,Coimbatore,all ages,Total,Male,177.0,ok,text
2007,Coimbatore,all ages,Total,Total,281.0,ok,text
2007,Delhi,0-14,Upto 14 Years,Female,17.0,ok,text
2007,Delhi,0-14,Upto 14 Years,Male,11.0,ok,text
2007,Delhi,0-14,Upto 14 Years,Total,28.0,ok,text
2007,Delhi,15-29,15–29 Years,Female,301.0,ok,text
2007,Delhi,15-29,15–29 Years,Male,370.0,ok,text
2007,Delhi,15-29,15–29 Years,Total,671.0,ok,text
2007,Delhi,30-44,30–44 Years,Female,99.0,ok,text
2007,Delhi,30-44,30–44 Years,Male,320.0,ok,text
2007,Delhi,30-44,30–44 Years,Total,419.0,ok,text
2007,Delhi,45-59,45–59 Years,Female,13.0,ok,text
2007,Delhi,45-59,45–59 Years,Male,86.0,ok,text
2007,Delhi,45-59,45–59 Years,Total,99.0,ok,text
2007,Delhi,60+,60 Years & above,Female,8.0,ok,text
2007,Delhi,60+,60 Years & above,Male,21.0,ok,text
2007,Delhi,60+,60 Years & above,Total,29.0,ok,text
2007,Delhi,all ages,Total,Female,438.0,ok,text
2007,Delhi,all ages,Total,Male,808.0,ok,text
2007,Delhi,all ages,Total,Total,1246.0,ok,text
2007,Dhanbad,0-14,Upto 14 Years,Female,1.0,ok,text
2007,Dhanbad,0-14,Upto 14 Years,Male,0.0,ok,text
2007,Dhanbad,0-14,Upto 14 Years,Total,1.0,ok,text
2007,Dhanbad,15-29,15–29 Years,Female,12.0,ok,text
2007,Dhanbad,15-29,15–29 Years,Male,6.0,ok,text
2007,Dhanbad,15-29,15–29 Years,Total,18.0,ok,text
2007,Dhanbad,30-44,30–44 Years,Female,11.0,ok,text
2007,Dhanbad,30-44,30–44 Years,Male,17.0,ok,text
2007,Dhanbad,30-44,30–44 Years,Total,28.0,ok,text
2007,Dhanbad,45-59,45–59 Years,Female,5.0,ok,text
2007,Dhanbad,45-59,45–59 Years,Male,22.0,ok,text
2007,Dhanbad,45-59,45–59 Years,Total,27.0,ok,text
2007,Dhanbad,60+,60 Years & above,Female,1.0,ok,text
2007,Dhanbad,60+,60 Years & above,Male,2.0,ok,text
2007,Dhanbad,60+,60 Years & above,Total,3.0,ok,text
2007,Dhanbad,all ages,Total,Female,30.0,ok,text
2007,Dhanbad,all ages,Total,Male,47.0,ok,text
2007,Dhanbad,all ages,Total,Total,77.0,ok,text
2007,Faridabad,0-14,Upto 14 Years,Female,2.0,ok,text
2007,Faridabad,0-14,Upto 14 Years,Male,1.0,ok,text
2007,Faridabad,0-14,Upto 14 Years,Total,3.0,ok,text
2007,Faridabad,15-29,15–29 Years,Female,20.0,ok,text
2007,Faridabad,15-29,15–29 Years,Male,31.0,ok,text
2007,Faridabad,15-29,15–29 Years,Total,51.0,ok,text
2007,Faridabad,30-44,30–44 Years,Female,3.0,ok,text
2007,Faridabad,30-44,30–44 Years,Male,20.0,ok,text
2007,Faridabad,30-44,30–44 Years,Total,23.0,ok,text
2007,Faridabad,45-59,45–59 Years,Female,3.0,ok,text
2007,Faridabad,45-59,45–59 Years,Male,2.0,ok,text
2007,Faridabad,45-59,45–59 Years,Total,5.0,ok,text
2007,Faridabad,60+,60 Years & above,Female,0.0,ok,text
2007,Faridabad,60+,60 Years & above,Male,1.0,ok,text
2007,Faridabad,60+,60 Years & above,Total,1.0,ok,text
2007,Faridabad,all ages,Total,Female,28.0,ok,text
2007,Faridabad,all ages,Total,Male,55.0,ok,text
2007,Faridabad,all ages,Total,Total,83.0,ok,text
2007,Hyderabad,0-14,Upto 14 Years,Female,2.0,ok,text
2007,Hyderabad,0-14,Upto 14 Years,Male,8.0,ok,text
2007,Hyderabad,0-14,Upto 14 Years,Total,10.0,ok,text
2007,Hyderabad,15-29,15–29 Years,Female,131.0,ok,text
2007,Hyderabad,15-29,15–29 Years,Male,148.0,ok,text
2007,Hyderabad,15-29,15–29 Years,Total,279.0,ok,text
2007,Hyderabad,30-44,30–44 Years,Female,83.0,ok,text
2007,Hyderabad,30-44,30–44 Years,Male,178.0,ok,text
2007,Hyderabad,30-44,30–44 Years,Total,261.0,ok,text
2007,Hyderabad,45-59,45–59 Years,Female,42.0,ok,text
2007,Hyderabad,45-59,45–59 Years,Male,99.0,ok,text
2007,Hyderabad,45-59,45–59 Years,Total,141.0,ok,text
2007,Hyderabad,60+,60 Years & above,Female,23.0,ok,text
2007,Hyderabad,60+,60 Years & above,Male,32.0,ok,text
2007,Hyderabad,60+,60 Years & above,Total,55.0,ok,text
2007,Hyderabad,all ages,Total,Female,281.0,ok,text
2007,Hyderabad,all ages,Total,Male,465.0,ok,text
2007,Hyderabad,all ages,Total,Total,746.0,ok,text
2007,Indore,0-14,Upto 14 Years,Female,0.0,ok,text
2007,Indore,0-14,Upto 14 Years,Male,0.0,ok,text
2007,Indore,0-14,Upto 14 Years,Total,0.0,ok,text
2007,Indore,15-29,15–29 Years,Female,20.0,ok,text
2007,Indore,15-29,15–29 Years,Male,1.0,ok,text
2007,Indore,15-29,15–29 Years,Total,21.0,ok,text
2007,Indore,30-44,30–44 Years,Female,7.0,ok,text
2007,Indore,30-44,30–44 Years,Male,4.0,ok,text
2007,Indore,30-44,30–44 Years,Total,11.0,ok,text
2007,Indore,45-59,45–59 Years,Female,0.0,ok,text
2007,Indore,45-59,45–59 Years,Male,0.0,ok,text
2007,Indore,45-59,45–59 Years,Total,0.0,ok,text
2007,Indore,60+,60 Years & above,Female,0.0,ok,text
2007,Indore,60+,60 Years & above,Male,0.0,ok,text
2007,Indore,60+,60 Years & above,Total,0.0,ok,text
2007,Indore,all ages,Total,Female,27.0,ok,text
2007,Indore,all ages,Total,Male,5.0,ok,text
2007,Indore,all ages,Total,Total,32.0,ok,text
2007,Jabalpur,0-14,Upto 14 Years,Female,2.0,ok,text
2007,Jabalpur,0-14,Upto 14 Years,Male,10.0,ok,text
2007,Jabalpur,0-14,Upto 14 Years,Total,12.0,ok,text
2007,Jabalpur,15-29,15–29 Years,Female,55.0,ok,text
2007,Jabalpur,15-29,15–29 Years,Male,63.0,ok,text
2007,Jabalpur,15-29,15–29 Years,Total,118.0,ok,text
2007,Jabalpur,30-44,30–44 Years,Female,23.0,ok,text
2007,Jabalpur,30-44,30–44 Years,Male,49.0,ok,text
2007,Jabalpur,30-44,30–44 Years,Total,72.0,ok,text
2007,Jabalpur,45-59,45–59 Years,Female,6.0,ok,text
2007,Jabalpur,45-59,45–59 Years,Male,55.0,ok,text
2007,Jabalpur,45-59,45–59 Years,Total,61.0,ok,text
2007,Jabalpur,60+,60 Years & above,Female,3.0,ok,text
2007,Jabalpur,60+,60 Years & above,Male,7.0,ok,text
2007,Jabalpur,60+,60 Years & above,Total,10.0,ok,text
2007,Jabalpur,all ages,Total,Female,89.0,ok,text
2007,Jabalpur,all ages,Total,Male,184.0,ok,text
2007,Jabalpur,all ages,Total,Total,273.0,ok,text
2007,Jaipur,0-14,Upto 14 Years,Female,2.0,ok,text
2007,Jaipur,0-14,Upto 14 Years,Male,0.0,ok,text
2007,Jaipur,0-14,Upto 14 Years,Total,2.0,ok,text
2007,Jaipur,15-29,15–29 Years,Female,59.0,ok,text
2007,Jaipur,15-29,15–29 Years,Male,94.0,ok,text
2007,Jaipur,15-29,15–29 Years,Total,153.0,ok,text
2007,Jaipur,30-44,30–44 Years,Female,25.0,ok,text
2007,Jaipur,30-44,30–44 Years,Male,71.0,ok,text
2007,Jaipur,30-44,30–44 Years,Total,96.0,ok,text
2007,Jaipur,45-59,45–59 Years,Female,3.0,ok,text
2007,Jaipur,45-59,45–59 Years,Male,27.0,ok,text
2007,Jaipur,45-59,45–59 Years,Total,30.0,ok,text
2007,Jaipur,60+,60 Years & above,Female,2.0,ok,text
2007,Jaipur,60+,60 Years & above,Male,5.0,ok,text
2007,Jaipur,60+,60 Years & above,Total,7.0,ok,text
2007,Jaipur,all ages,Total,Female,91.0,ok,text
2007,Jaipur,all ages,Total,Male,197.0,ok,text
2007,Jaipur,all ages,Total,Total,288.0,ok,text
2007,Jamshedpur,0-14,Upto 14 Years,Female,1.0,ok,text
2007,Jamshedpur,0-14,Upto 14 Years,Male,3.0,ok,text
2007,Jamshedpur,0-14,Upto 14 Years,Total,4.0,ok,text
2007,Jamshedpur,15-29,15–29 Years,Female,22.0,ok,text
2007,Jamshedpur,15-29,15–29 Years,Male,24.0,ok,text
2007,Jamshedpur,15-29,15–29 Years,Total,46.0,ok,text
2007,Jamshedpur,30-44,30–44 Years,Female,23.0,ok,text
2007,Jamshedpur,30-44,30–44 Years,Male,42.0,ok,text
2007,Jamshedpur,30-44,30–44 Years,Total,65.0,ok,text
2007,Jamshedpur,45-59,45–59 Years,Female,5.0,ok,text
2007,Jamshedpur,45-59,45–59 Years,Male,15.0,ok,text
2007,Jamshedpur,45-59,45–59 Years,Total,20.0,ok,text
2007,Jamshedpur,60+,60 Years & above,Female,0.0,ok,text
2007,Jamshedpur,60+,60 Years & above,Male,0.0,ok,text
2007,Jamshedpur,60+,60 Years & above,Total,0.0,ok,text
2007,Jamshedpur,all ages,Total,Female,51.0,ok,text
2007,Jamshedpur,all ages,Total,Male,84.0,ok,text
2007,Jamshedpur,all ages,Total,Total,135.0,ok,text
2007,Kanpur,0-14,Upto 14 Years,Female,4.0,ok,text
2007,Kanpur,0-14,Upto 14 Years,Male,6.0,ok,text
2007,Kanpur,0-14,Upto 14 Years,Total,10.0,ok,text
2007,Kanpur,15-29,15–29 Years,Female,74.0,ok,text
2007,Kanpur,15-29,15–29 Years,Male,60.0,ok,text
2007,Kanpur,15-29,15–29 Years,Total,134.0,ok,text
2007,Kanpur,30-44,30–44 Years,Female,54.0,ok,text
2007,Kanpur,30-44,30–44 Years,Male,95.0,ok,text
2007,Kanpur,30-44,30–44 Years,Total,149.0,ok,text
2007,Kanpur,45-59,45–59 Years,Female,10.0,ok,text
2007,Kanpur,45-59,45–59 Years,Male,50.0,ok,text
2007,Kanpur,45-59,45–59 Years,Total,60.0,ok,text
2007,Kanpur,60+,60 Years & above,Female,6.0,ok,text
2007,Kanpur,60+,60 Years & above,Male,34.0,ok,text
2007,Kanpur,60+,60 Years & above,Total,40.0,ok,text
2007,Kanpur,all ages,Total,Female,148.0,ok,text
2007,Kanpur,all ages,Total,Male,245.0,ok,text
2007,Kanpur,all ages,Total,Total,393.0,ok,text
2007,Kochi,0-14,Upto 14 Years,Female,3.0,ok,text
2007,Kochi,0-14,Upto 14 Years,Male,1.0,ok,text
2007,Kochi,0-14,Upto 14 Years,Total,4.0,ok,text
2007,Kochi,15-29,15–29 Years,Female,16.0,ok,text
2007,Kochi,15-29,15–29 Years,Male,28.0,ok,text
2007,Kochi,15-29,15–29 Years,Total,44.0,ok,text
2007,Kochi,30-44,30–44 Years,Female,14.0,ok,text
2007,Kochi,30-44,30–44 Years,Male,62.0,ok,text
2007,Kochi,30-44,30–44 Years,Total,76.0,ok,text
2007,Kochi,45-59,45–59 Years,Female,14.0,ok,text
2007,Kochi,45-59,45–59 Years,Male,49.0,ok,text
2007,Kochi,45-59,45–59 Years,Total,63.0,ok,text
2007,Kochi,60+,60 Years & above,Female,7.0,ok,text
2007,Kochi,60+,60 Years & above,Male,23.0,ok,text
2007,Kochi,60+,60 Years & above,Total,30.0,ok,text
2007,Kochi,all ages,Total,Female,54.0,ok,text
2007,Kochi,all ages,Total,Male,163.0,ok,text
2007,Kochi,all ages,Total,Total,217.0,ok,text
2007,Kolkata,0-14,Upto 14 Years,Female,2.0,ok,text
2007,Kolkata,0-14,Upto 14 Years,Male,0.0,ok,text
2007,Kolkata,0-14,Upto 14 Years,Total,2.0,ok,text
2007,Kolkata,15-29,15–29 Years,Female,31.0,ok,text
2007,Kolkata,15-29,15–29 Years,Male,27.0,ok,text
2007,Kolkata,15-29,15–29 Years,Total,58.0,ok,text
2007,Kolkata,30-44,30–44 Years,Female,31.0,ok,text
2007,Kolkata,30-44,30–44 Years,Male,39.0,ok,text
2007,Kolkata,30-44,30–44 Years,Total,70.0,ok,text
2007,Kolkata,45-59,45–59 Years,Female,15.0,ok,text
2007,Kolkata,45-59,45–59 Years,Male,33.0,ok,text
2007,Kolkata,45-59,45–59 Years,Total,48.0,ok,text
2007,Kolkata,60+,60 Years & above,Female,3.0,ok,text
2007,Kolkata,60+,60 Years & above,Male,14.0,ok,text
2007,Kolkata,60+,60 Years & above,Total,17.0,ok,text
2007,Kolkata,all ages,Total,Female,82.0,ok,text
2007,Kolkata,all ages,Total,Male,113.0,ok,text
2007,Kolkata,all ages,Total,Total,195.0,ok,text
2007,Lucknow,0-14,Upto 14 Years,Female,0.0,ok,text
2007,Lucknow,0-14,Upto 14 Years,Male,0.0,ok,text
2007,Lucknow,0-14,Upto 14 Years,Total,0.0,ok,text
2007,Lucknow,15-29,15–29 Years,Female,42.0,ok,text
2007,Lucknow,15-29,15–29 Years,Male,68.0,ok,text
2007,Lucknow,15-29,15–29 Years,Total,110.0,ok,text
2007,Lucknow,30-44,30–44 Years,Female,14.0,ok,text
2007,Lucknow,30-44,30–44 Years,Male,55.0,ok,text
2007,Lucknow,30-44,30–44 Years,Total,69.0,ok,text
2007,Lucknow,45-59,45–59 Years,Female,14.0,ok,text
2007,Lucknow,45-59,45–59 Years,Male,28.0,ok,text
2007,Lucknow,45-59,45–59 Years,Total,42.0,ok,text
2007,Lucknow,60+,60 Years & above,Female,4.0,ok,text
2007,Lucknow,60+,60 Years & above,Male,1.0,ok,text
2007,Lucknow,60+,60 Years & above,Total,5.0,ok,text
2007,Lucknow,all ages,Total,Female,74.0,ok,text
2007,Lucknow,all ages,Total,Male,152.0,ok,text
2007,Lucknow,all ages,Total,Total,226.0,ok,text
2007,Ludhiana,0-14,Upto 14 Years,Female,1.0,ok,text
2007,Ludhiana,0-14,Upto 14 Years,Male,0.0,ok,text
2007,Ludhiana,0-14,Upto 14 Years,Total,1.0,ok,text
2007,Ludhiana,15-29,15–29 Years,Female,11.0,ok,text
2007,Ludhiana,15-29,15–29 Years,Male,26.0,ok,text
2007,Ludhiana,15-29,15–29 Years,Total,37.0,ok,text
2007,Ludhiana,30-44,30–44 Years,Female,5.0,ok,text
2007,Ludhiana,30-44,30–44 Years,Male,15.0,ok,text
2007,Ludhiana,30-44,30–44 Years,Total,20.0,ok,text
2007,Ludhiana,45-59,45–59 Years,Female,0.0,ok,text
2007,Ludhiana,45-59,45–59 Years,Male,4.0,ok,text
2007,Ludhiana,45-59,45–59 Years,Total,4.0,ok,text
2007,Ludhiana,60+,60 Years & above,Female,0.0,ok,text
2007,Ludhiana,60+,60 Years & above,Male,0.0,ok,text
2007,Ludhiana,60+,60 Years & above,Total,0.0,ok,text
2007,Ludhiana,all ages,Total,Female,17.0,ok,text
2007,Ludhiana,all ages,Total,Male,45.0,ok,text
2007,Ludhiana,all ages,Total,Total,62.0,ok,text
2007,Madurai,0-14,Upto 14 Years,Female,3.0,ok,text
2007,Madurai,0-14,Upto 14 Years,Male,0.0,ok,text
2007,Madurai,0-14,Upto 14 Years,Total,3.0,ok,text
2007,Madurai,15-29,15–29 Years,Female,63.0,ok,text
2007,Madurai,15-29,15–29 Years,Male,34.0,ok,text
2007,Madurai,15-29,15–29 Years,Total,97.0,ok,text
2007,Madurai,30-44,30–44 Years,Female,24.0,ok,text
2007,Madurai,30-44,30–44 Years,Male,51.0,ok,text
2007,Madurai,30-44,30–44 Years,Total,75.0,ok,text
2007,Madurai,45-59,45–59 Years,Female,10.0,ok,text
2007,Madurai,45-59,45–59 Years,Male,21.0,ok,text
2007,Madurai,45-59,45–59 Years,Total,31.0,ok,text
2007,Madurai,60+,60 Years & above,Female,11.0,ok,text
2007,Madurai,60+,60 Years & above,Male,14.0,ok,text
2007,Madurai,60+,60 Years & above,Total,25.0,ok,text
2007,Madurai,all ages,Total,Female,111.0,ok,text
2007,Madurai,all ages,Total,Male,120.0,ok,text
2007,Madurai,all ages,Total,Total,231.0,ok,text
2007,Meerut,0-14,Upto 14 Years,Female,0.0,ok,text
2007,Meerut,0-14,Upto 14 Years,Male,0.0,ok,text
2007,Meerut,0-14,Upto 14 Years,Total,0.0,ok,text
2007,Meerut,15-29,15–29 Years,Female,19.0,ok,text
2007,Meerut,15-29,15–29 Years,Male,5.0,ok,text
2007,Meerut,15-29,15–29 Years,Total,24.0,ok,text
2007,Meerut,30-44,30–44 Years,Female,5.0,ok,text
2007,Meerut,30-44,30–44 Years,Male,16.0,ok,text
2007,Meerut,30-44,30–44 Years,Total,21.0,ok,text
2007,Meerut,45-59,45–59 Years,Female,2.0,ok,text
2007,Meerut,45-59,45–59 Years,Male,11.0,ok,text
2007,Meerut,45-59,45–59 Years,Total,13.0,ok,text
2007,Meerut,60+,60 Years & above,Female,0.0,ok,text
2007,Meerut,60+,60 Years & above,Male,0.0,ok,text
2007,Meerut,60+,60 Years & above,Total,0.0,ok,text
2007,Meerut,all ages,Total,Female,26.0,ok,text
2007,Meerut,all ages,Total,Male,32.0,ok,text
2007,Meerut,all ages,Total,Total,58.0,ok,text
2007,Mumbai,0-14,Upto 14 Years,Female,9.0,ok,text
2007,Mumbai,0-14,Upto 14 Years,Male,4.0,ok,text
2007,Mumbai,0-14,Upto 14 Years,Total,13.0,ok,text
2007,Mumbai,15-29,15–29 Years,Female,273.0,ok,text
2007,Mumbai,15-29,15–29 Years,Male,244.0,ok,text
2007,Mumbai,15-29,15–29 Years,Total,517.0,ok,text
2007,Mumbai,30-44,30–44 Years,Female,107.0,ok,text
2007,Mumbai,30-44,30–44 Years,Male,242.0,ok,text
2007,Mumbai,30-44,30–44 Years,Total,349.0,ok,text
2007,Mumbai,45-59,45–59 Years,Female,39.0,ok,text
2007,Mumbai,45-59,45–59 Years,Male,138.0,ok,text
2007,Mumbai,45-59,45–59 Years,Total,177.0,ok,text
2007,Mumbai,60+,60 Years & above,Female,36.0,ok,text
2007,Mumbai,60+,60 Years & above,Male,49.0,ok,text
2007,Mumbai,60+,60 Years & above,Total,85.0,ok,text
2007,Mumbai,all ages,Total,Female,464.0,ok,text
2007,Mumbai,all ages,Total,Male,677.0,ok,text
2007,Mumbai,all ages,Total,Total,1141.0,ok,text
2007,Nagpur,0-14,Upto 14 Years,Female,0.0,ok,text
2007,Nagpur,0-14,Upto 14 Years,Male,2.0,ok,text
2007,Nagpur,0-14,Upto 14 Years,Total,2.0,ok,text
2007,Nagpur,15-29,15–29 Years,Female,56.0,ok,text
2007,Nagpur,15-29,15–29 Years,Male,100.0,ok,text
2007,Nagpur,15-29,15–29 Years,Total,156.0,ok,text
2007,Nagpur,30-44,30–44 Years,Female,20.0,ok,text
2007,Nagpur,30-44,30–44 Years,Male,111.0,ok,text
2007,Nagpur,30-44,30–44 Years,Total,131.0,ok,text
2007,Nagpur,45-59,45–59 Years,Female,9.0,ok,text
2007,Nagpur,45-59,45–59 Years,Male,65.0,ok,text
2007,Nagpur,45-59,45–59 Years,Total,74.0,ok,text
2007,Nagpur,60+,60 Years & above,Female,8.0,ok,text
2007,Nagpur,60+,60 Years & above,Male,26.0,ok,text
2007,Nagpur,60+,60 Years & above,Total,34.0,ok,text
2007,Nagpur,all ages,Total,Female,93.0,ok,text
2007,Nagpur,all ages,Total,Male,304.0,ok,text
2007,Nagpur,all ages,Total,Total,397.0,ok,text
2007,Nashik,0-14,Upto 14 Years,Female,1.0,ok,text
2007,Nashik,0-14,Upto 14 Years,Male,2.0,ok,text
2007,Nashik,0-14,Upto 14 Years,Total,3.0,ok,text
2007,Nashik,15-29,15–29 Years,Female,49.0,ok,text
2007,Nashik,15-29,15–29 Years,Male,35.0,ok,text
2007,Nashik,15-29,15–29 Years,Total,84.0,ok,text
2007,Nashik,30-44,30–44 Years,Female,11.0,ok,text
2007,Nashik,30-44,30–44 Years,Male,45.0,ok,text
2007,Nashik,30-44,30–44 Years,Total,56.0,ok,text
2007,Nashik,45-59,45–59 Years,Female,1.0,ok,text
2007,Nashik,45-59,45–59 Years,Male,15.0,ok,text
2007,Nashik,45-59,45–59 Years,Total,16.0,ok,text
2007,Nashik,60+,60 Years & above,Female,2.0,ok,text
2007,Nashik,60+,60 Years & above,Male,11.0,ok,text
2007,Nashik,60+,60 Years & above,Total,13.0,ok,text
2007,Nashik,all ages,Total,Female,64.0,ok,text
2007,Nashik,all ages,Total,Male,108.0,ok,text
2007,Nashik,all ages,Total,Total,172.0,ok,text
2007,Patna,0-14,Upto 14 Years,Female,0.0,ok,text
2007,Patna,0-14,Upto 14 Years,Male,0.0,ok,text
2007,Patna,0-14,Upto 14 Years,Total,0.0,ok,text
2007,Patna,15-29,15–29 Years,Female,14.0,ok,text
2007,Patna,15-29,15–29 Years,Male,20.0,ok,text
2007,Patna,15-29,15–29 Years,Total,34.0,ok,text
2007,Patna,30-44,30–44 Years,Female,9.0,ok,text
2007,Patna,30-44,30–44 Years,Male,16.0,ok,text
2007,Patna,30-44,30–44 Years,Total,25.0,ok,text
2007,Patna,45-59,45–59 Years,Female,1.0,ok,text
2007,Patna,45-59,45–59 Years,Male,10.0,ok,text
2007,Patna,45-59,45–59 Years,Total,11.0,ok,text
2007,Patna,60+,60 Years & above,Female,24.0,ok,text
2007,Patna,60+,60 Years & above,Male,3.0,ok,text
2007,Patna,60+,60 Years & above,Total,27.0,ok,text
2007,Patna,all ages,Total,Female,48.0,ok,text
2007,Patna,all ages,Total,Male,49.0,ok,text
2007,Patna,all ages,Total,Total,97.0,ok,text
2007,Pune,0-14,Upto 14 Years,Female,4.0,ok,text
2007,Pune,0-14,Upto 14 Years,Male,3.0,ok,text
2007,Pune,0-14,Upto 14 Years,Total,7.0,ok,text
2007,Pune,15-29,15–29 Years,Female,92.0,ok,text
2007,Pune,15-29,15–29 Years,Male,143.0,ok,text
2007,Pune,15-29,15–29 Years,Total,235.0,ok,text
2007,Pune,30-44,30–44 Years,Female,50.0,ok,text
2007,Pune,30-44,30–44 Years,Male,151.0,ok,text
2007,Pune,30-44,30–44 Years,Total,201.0,ok,text
2007,Pune,45-59,45–59 Years,Female,17.0,ok,text
2007,Pune,45-59,45–59 Years,Male,83.0,ok,text
2007,Pune,45-59,45–59 Years,Total,100.0,ok,text
2007,Pune,60+,60 Years & above,Female,6.0,ok,text
2007,Pune,60+,60 Years & above,Male,34.0,ok,text
2007,Pune,60+,60 Years & above,Total,40.0,ok,text
2007,Pune,all ages,Total,Female,169.0,ok,text
2007,Pune,all ages,Total,Male,414.0,ok,text
2007,Pune,all ages,Total,Total,583.0,ok,text
2007,Rajkot,0-14,Upto 14 Years,Female,0.0,ok,text
2007,Rajkot,0-14,Upto 14 Years,Male,0.0,ok,text
2007,Rajkot,0-14,Upto 14 Years,Total,0.0,ok,text
2007,Rajkot,15-29,15–29 Years,Female,80.0,ok,text
2007,Rajkot,15-29,15–29 Years,Male,65.0,ok,text
2007,Rajkot,15-29,15–29 Years,Total,145.0,ok,text
2007,Rajkot,30-44,30–44 Years,Female,45.0,ok,text
2007,Rajkot,30-44,30–44 Years,Male,62.0,ok,text
2007,Rajkot,30-44,30–44 Years,Total,107.0,ok,text
2007,Rajkot,45-59,45–59 Years,Female,21.0,ok,text
2007,Rajkot,45-59,45–59 Years,Male,43.0,ok,text
2007,Rajkot,45-59,45–59 Years,Total,64.0,ok,text
2007,Rajkot,60+,60 Years & above,Female,6.0,ok,text
2007,Rajkot,60+,60 Years & above,Male,18.0,ok,text
2007,Rajkot,60+,60 Years & above,Total,24.0,ok,text
2007,Rajkot,all ages,Total,Female,152.0,ok,text
2007,Rajkot,all ages,Total,Male,188.0,ok,text
2007,Rajkot,all ages,Total,Total,340.0,ok,text
2007,Surat,0-14,Upto 14 Years,Female,5.0,ok,text
2007,Surat,0-14,Upto 14 Years,Male,7.0,ok,text
2007,Surat,0-14,Upto 14 Years,Total,12.0,ok,text
2007,Surat,15-29,15–29 Years,Female,67.0,ok,text
2007,Surat,15-29,15–29 Years,Male,80.0,ok,text
2007,Surat,15-29,15–29 Years,Total,147.0,ok,text
2007,Surat,30-44,30–44 Years,Female,76.0,ok,text
2007,Surat,30-44,30–44 Years,Male,116.0,ok,text
2007,Surat,30-44,30–44 Years,Total,192.0,ok,text
2007,Surat,45-59,45–59 Years,Female,34.0,ok,text
2007,Surat,45-59,45–59 Years,Male,61.0,ok,text
2007,Surat,45-59,45–59 Years,Total,95.0,ok,text
2007,Surat,60+,60 Years & above,Female,14.0,ok,text
2007,Surat,60+,60 Years & above,Male,25.0,ok,text
2007,Surat,60+,60 Years & above,Total,39.0,ok,text
2007,Surat,all ages,Total,Female,196.0,ok,text
2007,Surat,all ages,Total,Male,289.0,ok,text
2007,Surat,all ages,Total,Total,485.0,ok,text
2007,Vadodara,0-14,Upto 14 Years,Female,1.0,ok,text
2007,Vadodara,0-14,Upto 14 Years,Male,0.0,ok,text
2007,Vadodara,0-14,Upto 14 Years,Total,1.0,ok,text
2007,Vadodara,15-29,15–29 Years,Female,32.0,ok,text
2007,Vadodara,15-29,15–29 Years,Male,45.0,ok,text
2007,Vadodara,15-29,15–29 Years,Total,77.0,ok,text
2007,Vadodara,30-44,30–44 Years,Female,22.0,ok,text
2007,Vadodara,30-44,30–44 Years,Male,54.0,ok,text
2007,Vadodara,30-44,30–44 Years,Total,76.0,ok,text
2007,Vadodara,45-59,45–59 Years,Female,8.0,ok,text
2007,Vadodara,45-59,45–59 Years,Male,28.0,ok,text
2007,Vadodara,45-59,45–59 Years,Total,36.0,ok,text
2007,Vadodara,60+,60 Years & above,Female,3.0,ok,text
2007,Vadodara,60+,60 Years & above,Male,7.0,ok,text
2007,Vadodara,60+,60 Years & above,Total,10.0,ok,text
2007,Vadodara,all ages,Total,Female,66.0,ok,text
2007,Vadodara,all ages,Total,Male,134.0,ok,text
2007,Vadodara,all ages,Total,Total,200.0,ok,text
2007,Varanasi,0-14,Upto 14 Years,Female,4.0,ok,text
2007,Varanasi,0-14,Upto 14 Years,Male,0.0,ok,text
2007,Varanasi,0-14,Upto 14 Years,Total,4.0,ok,text
2007,Varanasi,15-29,15–29 Years,Female,16.0,ok,text
2007,Varanasi,15-29,15–29 Years,Male,8.0,ok,text
2007,Varanasi,15-29,15–29 Years,Total,24.0,ok,text
2007,Varanasi,30-44,30–44 Years,Female,6.0,ok,text
2007,Varanasi,30-44,30–44 Years,Male,9.0,ok,text
2007,Varanasi,30-44,30–44 Years,Total,15.0,ok,text
2007,Varanasi,45-59,45–59 Years,Female,5.0,ok,text
2007,Varanasi,45-59,45–59 Years,Male,6.0,ok,text
2007,Varanasi,45-59,45–59 Years,Total,11.0,ok,text
2007,Varanasi,60+,60 Years & above,Female,0.0,ok,text
2007,Varanasi,60+,60 Years & above,Male,4.0,ok,text
2007,Varanasi,60+,60 Years & above,Total,4.0,ok,text
2007,Varanasi,all ages,Total,Female,31.0,ok,text
2007,Varanasi,all ages,Total,Male,27.0,ok,text
2007,Varanasi,all ages,Total,Total,58.0,ok,text
2007,Vijayawada,0-14,Upto 14 Years,Female,5.0,ok,text
2007,Vijayawada,0-14,Upto 14 Years,Male,3.0,ok,text
2007,Vijayawada,0-14,Upto 14 Years,Total,8.0,ok,text
2007,Vijayawada,15-29,15–29 Years,Female,35.0,ok,text
2007,Vijayawada,15-29,15–29 Years,Male,41.0,ok,text
2007,Vijayawada,15-29,15–29 Years,Total,76.0,ok,text
2007,Vijayawada,30-44,30–44 Years,Female,21.0,ok,text
2007,Vijayawada,30-44,30–44 Years,Male,42.0,ok,text
2007,Vijayawada,30-44,30–44 Years,Total,63.0,ok,text
2007,Vijayawada,45-59,45–59 Years,Female,1.0,ok,text
2007,Vijayawada,45-59,45–59 Years,Male,21.0,ok,text
2007,Vijayawada,45-59,45–59 Years,Total,22.0,ok,text
2007,Vijayawada,60+,60 Years & above,Female,3.0,ok,text
2007,Vijayawada,60+,60 Years & above,Male,6.0,ok,text
2007,Vijayawada,60+,60 Years & above,Total,9.0,ok,text
2007,Vijayawada,all ages,Total,Female,65.0,ok,text
2007,Vijayawada,all ages,Total,Male,113.0,ok,text
2007,Vijayawada,all ages,Total,Total,178.0,ok,text
2007,Visakhapatnam,0-14,Upto 14 Years,Female,5.0,ok,text
2007,Visakhapatnam,0-14,Upto 14 Years,Male,1.0,ok,text
2007,Visakhapatnam,0-14,Upto 14 Years,Total,6.0,ok,text
2007,Visakhapatnam,15-29,15–29 Years,Female,30.0,ok,text
2007,Visakhapatnam,15-29,15–29 Years,Male,44.0,ok,text
2007,Visakhapatnam,15-29,15–29 Years,Total,74.0,ok,text
2007,Visakhapatnam,30-44,30–44 Years,Female,30.0,ok,text
2007,Visakhapatnam,30-44,30–44 Years,Male,79.0,ok,text
2007,Visakhapatnam,30-44,30–44 Years,Total,109.0,ok,text
2007,Visakhapatnam,45-59,45–59 Years,Female,7.0,ok,text
2007,Visakhapatnam,45-59,45–59 Years,Male,34.0,ok,text
2007,Visakhapatnam,45-59,45–59 Years,Total,41.0,ok,text
2007,Visakhapatnam,60+,60 Years & above,Female,5.0,ok,text
2007,Visakhapatnam,60+,60 Years & above,Male,6.0,ok,text
2007,Visakhapatnam,60+,60 Years & above,Total,11.0,ok,text
2007,Visakhapatnam,all ages,Total,Female,77.0,ok,text
2007,Visakhapatnam,all ages,Total,Male,164.0,ok,text
2007,Visakhapatnam,all ages,Total,Total,241.0,ok,text
2008,Agra,0-14,Upto 14 Years,Female,1.0,ok,text
2008,Agra,0-14,Upto 14 Years,Male,0.0,ok,text
2008,Agra,0-14,Upto 14 Years,Total,1.0,ok,text
2008,Agra,15-29,15–29 Years,Female,8.0,ok,text
2008,Agra,15-29,15–29 Years,Male,8.0,ok,text
2008,Agra,15-29,15–29 Years,Total,16.0,ok,text
2008,Agra,30-44,30–44 Years,Female,8.0,ok,text
2008,Agra,30-44,30–44 Years,Male,6.0,ok,text
2008,Agra,30-44,30–44 Years,Total,14.0,ok,text
2008,Agra,45-59,45–59 Years,Female,4.0,ok,text
2008,Agra,45-59,45–59 Years,Male,4.0,ok,text
2008,Agra,45-59,45–59 Years,Total,8.0,ok,text
2008,Agra,60+,60 Years & above,Female,1.0,ok,text
2008,Agra,60+,60 Years & above,Male,4.0,ok,text
2008,Agra,60+,60 Years & above,Total,5.0,ok,text
2008,Agra,all ages,Total,Female,22.0,ok,text
2008,Agra,all ages,Total,Male,22.0,ok,text
2008,Agra,all ages,Total,Total,44.0,ok,text
2008,Ahmedabad,0-14,Upto 14 Years,Female,4.0,ok,text
2008,Ahmedabad,0-14,Upto 14 Years,Male,0.0,ok,text
2008,Ahmedabad,0-14,Upto 14 Years,Total,4.0,ok,text
2008,Ahmedabad,15-29,15–29 Years,Female,109.0,ok,text
2008,Ahmedabad,15-29,15–29 Years,Male,127.0,ok,text
2008,Ahmedabad,15-29,15–29 Years,Total,236.0,ok,text
2008,Ahmedabad,30-44,30–44 Years,Female,62.0,ok,text
2008,Ahmedabad,30-44,30–44 Years,Male,109.0,ok,text
2008,Ahmedabad,30-44,30–44 Years,Total,171.0,ok,text
2008,Ahmedabad,45-59,45–59 Years,Female,16.0,ok,text
2008,Ahmedabad,45-59,45–59 Years,Male,52.0,ok,text
2008,Ahmedabad,45-59,45–59 Years,Total,68.0,ok,text
2008,Ahmedabad,60+,60 Years & above,Female,17.0,ok,text
2008,Ahmedabad,60+,60 Years & above,Male,22.0,ok,text
2008,Ahmedabad,60+,60 Years & above,Total,39.0,ok,text
2008,Ahmedabad,all ages,Total,Female,208.0,ok,text
2008,Ahmedabad,all ages,Total,Male,310.0,ok,text
2008,Ahmedabad,all ages,Total,Total,518.0,ok,text
2008,Prayagraj,0-14,Upto 14 Years,Female,0.0,ok,text
2008,Prayagraj,0-14,Upto 14 Years,Male,0.0,ok,text
2008,Prayagraj,0-14,Upto 14 Years,Total,0.0,ok,text
2008,Prayagraj,15-29,15–29 Years,Female,15.0,ok,text
2008,Prayagraj,15-29,15–29 Years,Male,19.0,ok,text
2008,Prayagraj,15-29,15–29 Years,Total,34.0,ok,text
2008,Prayagraj,30-44,30–44 Years,Female,13.0,ok,text
2008,Prayagraj,30-44,30–44 Years,Male,30.0,ok,text
2008,Prayagraj,30-44,30–44 Years,Total,43.0,ok,text
2008,Prayagraj,45-59,45–59 Years,Female,4.0,ok,text
2008,Prayagraj,45-59,45–59 Years,Male,19.0,ok,text
2008,Prayagraj,45-59,45–59 Years,Total,23.0,ok,text
2008,Prayagraj,60+,60 Years & above,Female,0.0,ok,text
2008,Prayagraj,60+,60 Years & above,Male,12.0,ok,text
2008,Prayagraj,60+,60 Years & above,Total,12.0,ok,text
2008,Prayagraj,all ages,Total,Female,32.0,ok,text
2008,Prayagraj,all ages,Total,Male,80.0,ok,text
2008,Prayagraj,all ages,Total,Total,112.0,ok,text
2008,Amritsar,0-14,Upto 14 Years,Female,0.0,ok,text
2008,Amritsar,0-14,Upto 14 Years,Male,0.0,ok,text
2008,Amritsar,0-14,Upto 14 Years,Total,0.0,ok,text
2008,Amritsar,15-29,15–29 Years,Female,11.0,ok,text
2008,Amritsar,15-29,15–29 Years,Male,3.0,ok,text
2008,Amritsar,15-29,15–29 Years,Total,14.0,ok,text
2008,Amritsar,30-44,30–44 Years,Female,2.0,ok,text
2008,Amritsar,30-44,30–44 Years,Male,7.0,ok,text
2008,Amritsar,30-44,30–44 Years,Total,9.0,ok,text
2008,Amritsar,45-59,45–59 Years,Female,1.0,ok,text
2008,Amritsar,45-59,45–59 Years,Male,15.0,ok,text
2008,Amritsar,45-59,45–59 Years,Total,16.0,ok,text
2008,Amritsar,60+,60 Years & above,Female,0.0,ok,text
2008,Amritsar,60+,60 Years & above,Male,5.0,ok,text
2008,Amritsar,60+,60 Years & above,Total,5.0,ok,text
2008,Amritsar,all ages,Total,Female,14.0,ok,text
2008,Amritsar,all ages,Total,Male,30.0,ok,text
2008,Amritsar,all ages,Total,Total,44.0,ok,text
2008,Asansol,0-14,Upto 14 Years,Female,3.0,ok,text
2008,Asansol,0-14,Upto 14 Years,Male,0.0,ok,text
2008,Asansol,0-14,Upto 14 Years,Total,3.0,ok,text
2008,Asansol,15-29,15–29 Years,Female,29.0,ok,text
2008,Asansol,15-29,15–29 Years,Male,34.0,ok,text
2008,Asansol,15-29,15–29 Years,Total,63.0,ok,text
2008,Asansol,30-44,30–44 Years,Female,13.0,ok,text
2008,Asansol,30-44,30–44 Years,Male,43.0,ok,text
2008,Asansol,30-44,30–44 Years,Total,56.0,ok,text
2008,Asansol,45-59,45–59 Years,Female,9.0,ok,text
2008,Asansol,45-59,45–59 Years,Male,15.0,ok,text
2008,Asansol,45-59,45–59 Years,Total,24.0,ok,text
2008,Asansol,60+,60 Years & above,Female,0.0,ok,text
2008,Asansol,60+,60 Years & above,Male,4.0,ok,text
2008,Asansol,60+,60 Years & above,Total,4.0,ok,text
2008,Asansol,all ages,Total,Female,54.0,ok,text
2008,Asansol,all ages,Total,Male,96.0,ok,text
2008,Asansol,all ages,Total,Total,150.0,ok,text
2008,Bengaluru,0-14,Upto 14 Years,Female,20.0,ok,text
2008,Bengaluru,0-14,Upto 14 Years,Male,10.0,ok,text
2008,Bengaluru,0-14,Upto 14 Years,Total,30.0,ok,text
2008,Bengaluru,15-29,15–29 Years,Female,392.0,ok,text
2008,Bengaluru,15-29,15–29 Years,Male,570.0,ok,text
2008,Bengaluru,15-29,15–29 Years,Total,962.0,ok,text
2008,Bengaluru,30-44,30–44 Years,Female,286.0,ok,text
2008,Bengaluru,30-44,30–44 Years,Male,535.0,ok,text
2008,Bengaluru,30-44,30–44 Years,Total,821.0,ok,text
2008,Bengaluru,45-59,45–59 Years,Female,104.0,ok,text
2008,Bengaluru,45-59,45–59 Years,Male,346.0,ok,text
2008,Bengaluru,45-59,45–59 Years,Total,450.0,ok,text
2008,Bengaluru,60+,60 Years & above,Female,38.0,ok,text
2008,Bengaluru,60+,60 Years & above,Male,95.0,ok,text
2008,Bengaluru,60+,60 Years & above,Total,133.0,ok,text
2008,Bengaluru,all ages,Total,Female,840.0,ok,text
2008,Bengaluru,all ages,Total,Male,1556.0,ok,text
2008,Bengaluru,all ages,Total,Total,2396.0,ok,text
2008,Bhopal,0-14,Upto 14 Years,Female,3.0,ok,text
2008,Bhopal,0-14,Upto 14 Years,Male,3.0,ok,text
2008,Bhopal,0-14,Upto 14 Years,Total,6.0,ok,text
2008,Bhopal,15-29,15–29 Years,Female,56.0,ok,text
2008,Bhopal,15-29,15–29 Years,Male,62.0,ok,text
2008,Bhopal,15-29,15–29 Years,Total,118.0,ok,text
2008,Bhopal,30-44,30–44 Years,Female,20.0,ok,text
2008,Bhopal,30-44,30–44 Years,Male,42.0,ok,text
2008,Bhopal,30-44,30–44 Years,Total,62.0,ok,text
2008,Bhopal,45-59,45–59 Years,Female,5.0,ok,text
2008,Bhopal,45-59,45–59 Years,Male,18.0,ok,text
2008,Bhopal,45-59,45–59 Years,Total,23.0,ok,text
2008,Bhopal,60+,60 Years & above,Female,0.0,ok,text
2008,Bhopal,60+,60 Years & above,Male,8.0,ok,text
2008,Bhopal,60+,60 Years & above,Total,8.0,ok,text
2008,Bhopal,all ages,Total,Female,84.0,ok,text
2008,Bhopal,all ages,Total,Male,133.0,ok,text
2008,Bhopal,all ages,Total,Total,217.0,ok,text
2008,Chennai,0-14,Upto 14 Years,Female,16.0,ok,text
2008,Chennai,0-14,Upto 14 Years,Male,2.0,ok,text
2008,Chennai,0-14,Upto 14 Years,Total,18.0,ok,text
2008,Chennai,15-29,15–29 Years,Female,194.0,ok,text
2008,Chennai,15-29,15–29 Years,Male,204.0,ok,text
2008,Chennai,15-29,15–29 Years,Total,398.0,ok,text
2008,Chennai,30-44,30–44 Years,Female,176.0,ok,text
2008,Chennai,30-44,30–44 Years,Male,325.0,ok,text
2008,Chennai,30-44,30–44 Years,Total,501.0,ok,text
2008,Chennai,45-59,45–59 Years,Female,77.0,ok,text
2008,Chennai,45-59,45–59 Years,Male,211.0,ok,text
2008,Chennai,45-59,45–59 Years,Total,288.0,ok,text
2008,Chennai,60+,60 Years & above,Female,28.0,ok,text
2008,Chennai,60+,60 Years & above,Male,76.0,ok,text
2008,Chennai,60+,60 Years & above,Total,104.0,ok,text
2008,Chennai,all ages,Total,Female,491.0,ok,text
2008,Chennai,all ages,Total,Male,818.0,ok,text
2008,Chennai,all ages,Total,Total,1309.0,ok,text
2008,Coimbatore,0-14,Upto 14 Years,Female,3.0,ok,text
2008,Coimbatore,0-14,Upto 14 Years,Male,1.0,ok,text
2008,Coimbatore,0-14,Upto 14 Years,Total,4.0,ok,text
2008,Coimbatore,15-29,15–29 Years,Female,64.0,ok,text
2008,Coimbatore,15-29,15–29 Years,Male,60.0,ok,text
2008,Coimbatore,15-29,15–29 Years,Total,124.0,ok,text
2008,Coimbatore,30-44,30–44 Years,Female,28.0,ok,text
2008,Coimbatore,30-44,30–44 Years,Male,88.0,ok,text
2008,Coimbatore,30-44,30–44 Years,Total,116.0,ok,text
2008,Coimbatore,45-59,45–59 Years,Female,15.0,ok,text
2008,Coimbatore,45-59,45–59 Years,Male,38.0,ok,text
2008,Coimbatore,45-59,45–59 Years,Total,53.0,ok,text
2008,Coimbatore,60+,60 Years & above,Female,13.0,ok,text
2008,Coimbatore,60+,60 Years & above,Male,17.0,ok,text
2008,Coimbatore,60+,60 Years & above,Total,30.0,ok,text
2008,Coimbatore,all ages,Total,Female,123.0,ok,text
2008,Coimbatore,all ages,Total,Male,204.0,ok,text
2008,Coimbatore,all ages,Total,Total,327.0,ok,text
2008,Delhi,0-14,Upto 14 Years,Female,12.0,ok,text
2008,Delhi,0-14,Upto 14 Years,Male,16.0,ok,text
2008,Delhi,0-14,Upto 14 Years,Total,28.0,ok,text
2008,Delhi,15-29,15–29 Years,Female,298.0,ok,text
2008,Delhi,15-29,15–29 Years,Male,314.0,ok,text
2008,Delhi,15-29,15–29 Years,Total,612.0,ok,text
2008,Delhi,30-44,30–44 Years,Female,94.0,ok,text
2008,Delhi,30-44,30–44 Years,Male,243.0,ok,text
2008,Delhi,30-44,30–44 Years,Total,337.0,ok,text
2008,Delhi,45-59,45–59 Years,Female,23.0,ok,text
2008,Delhi,45-59,45–59 Years,Male,81.0,ok,text
2008,Delhi,45-59,45–59 Years,Total,104.0,ok,text
2008,Delhi,60+,60 Years & above,Female,3.0,ok,text
2008,Delhi,60+,60 Years & above,Male,23.0,ok,text
2008,Delhi,60+,60 Years & above,Total,26.0,ok,text
2008,Delhi,all ages,Total,Female,430.0,ok,text
2008,Delhi,all ages,Total,Male,677.0,ok,text
2008,Delhi,all ages,Total,Total,1107.0,ok,text
2008,Dhanbad,0-14,Upto 14 Years,Female,2.0,ok,text
2008,Dhanbad,0-14,Upto 14 Years,Male,0.0,ok,text
2008,Dhanbad,0-14,Upto 14 Years,Total,2.0,ok,text
2008,Dhanbad,15-29,15–29 Years,Female,6.0,ok,text
2008,Dhanbad,15-29,15–29 Years,Male,4.0,ok,text
2008,Dhanbad,15-29,15–29 Years,Total,10.0,ok,text
2008,Dhanbad,30-44,30–44 Years,Female,10.0,ok,text
2008,Dhanbad,30-44,30–44 Years,Male,8.0,ok,text
2008,Dhanbad,30-44,30–44 Years,Total,18.0,ok,text
2008,Dhanbad,45-59,45–59 Years,Female,11.0,ok,text
2008,Dhanbad,45-59,45–59 Years,Male,10.0,ok,text
2008,Dhanbad,45-59,45–59 Years,Total,21.0,ok,text
2008,Dhanbad,60+,60 Years & above,Female,0.0,ok,text
2008,Dhanbad,60+,60 Years & above,Male,1.0,ok,text
2008,Dhanbad,60+,60 Years & above,Total,1.0,ok,text
2008,Dhanbad,all ages,Total,Female,29.0,ok,text
2008,Dhanbad,all ages,Total,Male,23.0,ok,text
2008,Dhanbad,all ages,Total,Total,52.0,ok,text
2008,Faridabad,0-14,Upto 14 Years,Female,1.0,ok,text
2008,Faridabad,0-14,Upto 14 Years,Male,0.0,ok,text
2008,Faridabad,0-14,Upto 14 Years,Total,1.0,ok,text
2008,Faridabad,15-29,15–29 Years,Female,21.0,ok,text
2008,Faridabad,15-29,15–29 Years,Male,45.0,ok,text
2008,Faridabad,15-29,15–29 Years,Total,66.0,ok,text
2008,Faridabad,30-44,30–44 Years,Female,6.0,ok,text
2008,Faridabad,30-44,30–44 Years,Male,27.0,ok,text
2008,Faridabad,30-44,30–44 Years,Total,33.0,ok,text
2008,Faridabad,45-59,45–59 Years,Female,2.0,ok,text
2008,Faridabad,45-59,45–59 Years,Male,10.0,ok,text
2008,Faridabad,45-59,45–59 Years,Total,12.0,ok,text
2008,Faridabad,60+,60 Years & above,Female,0.0,ok,text
2008,Faridabad,60+,60 Years & above,Male,1.0,ok,text
2008,Faridabad,60+,60 Years & above,Total,1.0,ok,text
2008,Faridabad,all ages,Total,Female,30.0,ok,text
2008,Faridabad,all ages,Total,Male,83.0,ok,text
2008,Faridabad,all ages,Total,Total,113.0,ok,text
2008,Hyderabad,0-14,Upto 14 Years,Female,4.0,ok,text
2008,Hyderabad,0-14,Upto 14 Years,Male,3.0,ok,text
2008,Hyderabad,0-14,Upto 14 Years,Total,7.0,ok,text
2008,Hyderabad,15-29,15–29 Years,Female,79.0,ok,text
2008,Hyderabad,15-29,15–29 Years,Male,161.0,ok,text
2008,Hyderabad,15-29,15–29 Years,Total,240.0,ok,text
2008,Hyderabad,30-44,30–44 Years,Female,104.0,ok,text
2008,Hyderabad,30-44,30–44 Years,Male,182.0,ok,text
2008,Hyderabad,30-44,30–44 Years,Total,286.0,ok,text
2008,Hyderabad,45-59,45–59 Years,Female,45.0,ok,text
2008,Hyderabad,45-59,45–59 Years,Male,113.0,ok,text
2008,Hyderabad,45-59,45–59 Years,Total,158.0,ok,text
2008,Hyderabad,60+,60 Years & above,Female,24.0,ok,text
2008,Hyderabad,60+,60 Years & above,Male,28.0,ok,text
2008,Hyderabad,60+,60 Years & above,Total,52.0,ok,text
2008,Hyderabad,all ages,Total,Female,256.0,ok,text
2008,Hyderabad,all ages,Total,Male,487.0,ok,text
2008,Hyderabad,all ages,Total,Total,743.0,ok,text
2008,Indore,0-14,Upto 14 Years,Female,0.0,ok,text
2008,Indore,0-14,Upto 14 Years,Male,0.0,ok,text
2008,Indore,0-14,Upto 14 Years,Total,0.0,ok,text
2008,Indore,15-29,15–29 Years,Female,11.0,ok,text
2008,Indore,15-29,15–29 Years,Male,8.0,ok,text
2008,Indore,15-29,15–29 Years,Total,19.0,ok,text
2008,Indore,30-44,30–44 Years,Female,8.0,ok,text
2008,Indore,30-44,30–44 Years,Male,5.0,ok,text
2008,Indore,30-44,30–44 Years,Total,13.0,ok,text
2008,Indore,45-59,45–59 Years,Female,0.0,ok,text
2008,Indore,45-59,45–59 Years,Male,0.0,ok,text
2008,Indore,45-59,45–59 Years,Total,0.0,ok,text
2008,Indore,60+,60 Years & above,Female,0.0,ok,text
2008,Indore,60+,60 Years & above,Male,0.0,ok,text
2008,Indore,60+,60 Years & above,Total,0.0,ok,text
2008,Indore,all ages,Total,Female,19.0,ok,text
2008,Indore,all ages,Total,Male,13.0,ok,text
2008,Indore,all ages,Total,Total,32.0,ok,text
2008,Jabalpur,0-14,Upto 14 Years,Female,0.0,ok,text
2008,Jabalpur,0-14,Upto 14 Years,Male,0.0,ok,text
2008,Jabalpur,0-14,Upto 14 Years,Total,0.0,ok,text
2008,Jabalpur,15-29,15–29 Years,Female,38.0,ok,text
2008,Jabalpur,15-29,15–29 Years,Male,43.0,ok,text
2008,Jabalpur,15-29,15–29 Years,Total,81.0,ok,text
2008,Jabalpur,30-44,30–44 Years,Female,40.0,ok,text
2008,Jabalpur,30-44,30–44 Years,Male,77.0,ok,text
2008,Jabalpur,30-44,30–44 Years,Total,117.0,ok,text
2008,Jabalpur,45-59,45–59 Years,Female,5.0,ok,text
2008,Jabalpur,45-59,45–59 Years,Male,39.0,ok,text
2008,Jabalpur,45-59,45–59 Years,Total,44.0,ok,text
2008,Jabalpur,60+,60 Years & above,Female,0.0,ok,text
2008,Jabalpur,60+,60 Years & above,Male,31.0,ok,text
2008,Jabalpur,60+,60 Years & above,Total,31.0,ok,text
2008,Jabalpur,all ages,Total,Female,83.0,ok,text
2008,Jabalpur,all ages,Total,Male,190.0,ok,text
2008,Jabalpur,all ages,Total,Total,273.0,ok,text
2008,Jaipur,0-14,Upto 14 Years,Female,5.0,ok,text
2008,Jaipur,0-14,Upto 14 Years,Male,4.0,ok,text
2008,Jaipur,0-14,Upto 14 Years,Total,9.0,ok,text
2008,Jaipur,15-29,15–29 Years,Female,48.0,ok,text
2008,Jaipur,15-29,15–29 Years,Male,86.0,ok,text
2008,Jaipur,15-29,15–29 Years,Total,134.0,ok,text
2008,Jaipur,30-44,30–44 Years,Female,38.0,ok,text
2008,Jaipur,30-44,30–44 Years,Male,80.0,ok,text
2008,Jaipur,30-44,30–44 Years,Total,118.0,ok,text
2008,Jaipur,45-59,45–59 Years,Female,6.0,ok,text
2008,Jaipur,45-59,45–59 Years,Male,26.0,ok,text
2008,Jaipur,45-59,45–59 Years,Total,32.0,ok,text
2008,Jaipur,60+,60 Years & above,Female,2.0,ok,text
2008,Jaipur,60+,60 Years & above,Male,7.0,ok,text
2008,Jaipur,60+,60 Years & above,Total,9.0,ok,text
2008,Jaipur,all ages,Total,Female,99.0,ok,text
2008,Jaipur,all ages,Total,Male,203.0,ok,text
2008,Jaipur,all ages,Total,Total,302.0,ok,text
2008,Jamshedpur,0-14,Upto 14 Years,Female,2.0,ok,text
2008,Jamshedpur,0-14,Upto 14 Years,Male,2.0,ok,text
2008,Jamshedpur,0-14,Upto 14 Years,Total,4.0,ok,text
2008,Jamshedpur,15-29,15–29 Years,Female,12.0,ok,text
2008,Jamshedpur,15-29,15–29 Years,Male,9.0,ok,text
2008,Jamshedpur,15-29,15–29 Years,Total,21.0,ok,text
2008,Jamshedpur,30-44,30–44 Years,Female,16.0,ok,text
2008,Jamshedpur,30-44,30–44 Years,Male,23.0,ok,text
2008,Jamshedpur,30-44,30–44 Years,Total,39.0,ok,text
2008,Jamshedpur,45-59,45–59 Years,Female,3.0,ok,text
2008,Jamshedpur,45-59,45–59 Years,Male,13.0,ok,text
2008,Jamshedpur,45-59,45–59 Years,Total,16.0,ok,text
2008,Jamshedpur,60+,60 Years & above,Female,0.0,ok,text
2008,Jamshedpur,60+,60 Years & above,Male,0.0,ok,text
2008,Jamshedpur,60+,60 Years & above,Total,0.0,ok,text
2008,Jamshedpur,all ages,Total,Female,33.0,ok,text
2008,Jamshedpur,all ages,Total,Male,47.0,ok,text
2008,Jamshedpur,all ages,Total,Total,80.0,ok,text
2008,Kanpur,0-14,Upto 14 Years,Female,7.0,ok,text
2008,Kanpur,0-14,Upto 14 Years,Male,3.0,ok,text
2008,Kanpur,0-14,Upto 14 Years,Total,10.0,ok,text
2008,Kanpur,15-29,15–29 Years,Female,89.0,ok,text
2008,Kanpur,15-29,15–29 Years,Male,96.0,ok,text
2008,Kanpur,15-29,15–29 Years,Total,185.0,ok,text
2008,Kanpur,30-44,30–44 Years,Female,38.0,ok,text
2008,Kanpur,30-44,30–44 Years,Male,91.0,ok,text
2008,Kanpur,30-44,30–44 Years,Total,129.0,ok,text
2008,Kanpur,45-59,45–59 Years,Female,7.0,ok,text
2008,Kanpur,45-59,45–59 Years,Male,29.0,ok,text
2008,Kanpur,45-59,45–59 Years,Total,36.0,ok,text
2008,Kanpur,60+,60 Years & above,Female,5.0,ok,text
2008,Kanpur,60+,60 Years & above,Male,12.0,ok,text
2008,Kanpur,60+,60 Years & above,Total,17.0,ok,text
2008,Kanpur,all ages,Total,Female,146.0,ok,text
2008,Kanpur,all ages,Total,Male,231.0,ok,text
2008,Kanpur,all ages,Total,Total,377.0,ok,text
2008,Kochi,0-14,Upto 14 Years,Female,0.0,ok,text
2008,Kochi,0-14,Upto 14 Years,Male,1.0,ok,text
2008,Kochi,0-14,Upto 14 Years,Total,1.0,ok,text
2008,Kochi,15-29,15–29 Years,Female,27.0,ok,text
2008,Kochi,15-29,15–29 Years,Male,32.0,ok,text
2008,Kochi,15-29,15–29 Years,Total,59.0,ok,text
2008,Kochi,30-44,30–44 Years,Female,13.0,ok,text
2008,Kochi,30-44,30–44 Years,Male,60.0,ok,text
2008,Kochi,30-44,30–44 Years,Total,73.0,ok,text
2008,Kochi,45-59,45–59 Years,Female,15.0,ok,text
2008,Kochi,45-59,45–59 Years,Male,41.0,ok,text
2008,Kochi,45-59,45–59 Years,Total,56.0,ok,text
2008,Kochi,60+,60 Years & above,Female,15.0,ok,text
2008,Kochi,60+,60 Years & above,Male,29.0,ok,text
2008,Kochi,60+,60 Years & above,Total,44.0,ok,text
2008,Kochi,all ages,Total,Female,70.0,ok,text
2008,Kochi,all ages,Total,Male,163.0,ok,text
2008,Kochi,all ages,Total,Total,233.0,ok,text
2008,Kolkata,0-14,Upto 14 Years,Female,0.0,ok,text
2008,Kolkata,0-14,Upto 14 Years,Male,0.0,ok,text
2008,Kolkata,0-14,Upto 14 Years,Total,0.0,ok,text
2008,Kolkata,15-29,15–29 Years,Female,32.0,ok,text
2008,Kolkata,15-29,15–29 Years,Male,27.0,ok,text
2008,Kolkata,15-29,15–29 Years,Total,59.0,ok,text
2008,Kolkata,30-44,30–44 Years,Female,26.0,ok,text
2008,Kolkata,30-44,30–44 Years,Male,23.0,ok,text
2008,Kolkata,30-44,30–44 Years,Total,49.0,ok,text
2008,Kolkata,45-59,45–59 Years,Female,22.0,ok,text
2008,Kolkata,45-59,45–59 Years,Male,24.0,ok,text
2008,Kolkata,45-59,45–59 Years,Total,46.0,ok,text
2008,Kolkata,60+,60 Years & above,Female,3.0,ok,text
2008,Kolkata,60+,60 Years & above,Male,22.0,ok,text
2008,Kolkata,60+,60 Years & above,Total,25.0,ok,text
2008,Kolkata,all ages,Total,Female,83.0,ok,text
2008,Kolkata,all ages,Total,Male,96.0,ok,text
2008,Kolkata,all ages,Total,Total,179.0,ok,text
2008,Lucknow,0-14,Upto 14 Years,Female,0.0,ok,text
2008,Lucknow,0-14,Upto 14 Years,Male,4.0,ok,text
2008,Lucknow,0-14,Upto 14 Years,Total,4.0,ok,text
2008,Lucknow,15-29,15–29 Years,Female,25.0,ok,text
2008,Lucknow,15-29,15–29 Years,Male,32.0,ok,text
2008,Lucknow,15-29,15–29 Years,Total,57.0,ok,text
2008,Lucknow,30-44,30–44 Years,Female,18.0,ok,text
2008,Lucknow,30-44,30–44 Years,Male,31.0,ok,text
2008,Lucknow,30-44,30–44 Years,Total,49.0,ok,text
2008,Lucknow,45-59,45–59 Years,Female,19.0,ok,text
2008,Lucknow,45-59,45–59 Years,Male,33.0,ok,text
2008,Lucknow,45-59,45–59 Years,Total,52.0,ok,text
2008,Lucknow,60+,60 Years & above,Female,6.0,ok,text
2008,Lucknow,60+,60 Years & above,Male,10.0,ok,text
2008,Lucknow,60+,60 Years & above,Total,16.0,ok,text
2008,Lucknow,all ages,Total,Female,68.0,ok,text
2008,Lucknow,all ages,Total,Male,110.0,ok,text
2008,Lucknow,all ages,Total,Total,178.0,ok,text
2008,Ludhiana,0-14,Upto 14 Years,Female,1.0,ok,text
2008,Ludhiana,0-14,Upto 14 Years,Male,1.0,ok,text
2008,Ludhiana,0-14,Upto 14 Years,Total,2.0,ok,text
2008,Ludhiana,15-29,15–29 Years,Female,10.0,ok,text
2008,Ludhiana,15-29,15–29 Years,Male,32.0,ok,text
2008,Ludhiana,15-29,15–29 Years,Total,42.0,ok,text
2008,Ludhiana,30-44,30–44 Years,Female,11.0,ok,text
2008,Ludhiana,30-44,30–44 Years,Male,17.0,ok,text
2008,Ludhiana,30-44,30–44 Years,Total,28.0,ok,text
2008,Ludhiana,45-59,45–59 Years,Female,2.0,ok,text
2008,Ludhiana,45-59,45–59 Years,Male,7.0,ok,text
2008,Ludhiana,45-59,45–59 Years,Total,9.0,ok,text
2008,Ludhiana,60+,60 Years & above,Female,0.0,ok,text
2008,Ludhiana,60+,60 Years & above,Male,0.0,ok,text
2008,Ludhiana,60+,60 Years & above,Total,0.0,ok,text
2008,Ludhiana,all ages,Total,Female,24.0,ok,text
2008,Ludhiana,all ages,Total,Male,57.0,ok,text
2008,Ludhiana,all ages,Total,Total,81.0,ok,text
2008,Madurai,0-14,Upto 14 Years,Female,2.0,ok,text
2008,Madurai,0-14,Upto 14 Years,Male,0.0,ok,text
2008,Madurai,0-14,Upto 14 Years,Total,2.0,ok,text
2008,Madurai,15-29,15–29 Years,Female,53.0,ok,text
2008,Madurai,15-29,15–29 Years,Male,32.0,ok,text
2008,Madurai,15-29,15–29 Years,Total,85.0,ok,text
2008,Madurai,30-44,30–44 Years,Female,26.0,ok,text
2008,Madurai,30-44,30–44 Years,Male,58.0,ok,text
2008,Madurai,30-44,30–44 Years,Total,84.0,ok,text
2008,Madurai,45-59,45–59 Years,Female,12.0,ok,text
2008,Madurai,45-59,45–59 Years,Male,20.0,ok,text
2008,Madurai,45-59,45–59 Years,Total,32.0,ok,text
2008,Madurai,60+,60 Years & above,Female,10.0,ok,text
2008,Madurai,60+,60 Years & above,Male,18.0,ok,text
2008,Madurai,60+,60 Years & above,Total,28.0,ok,text
2008,Madurai,all ages,Total,Female,103.0,ok,text
2008,Madurai,all ages,Total,Male,128.0,ok,text
2008,Madurai,all ages,Total,Total,231.0,ok,text
2008,Meerut,0-14,Upto 14 Years,Female,0.0,ok,text
2008,Meerut,0-14,Upto 14 Years,Male,0.0,ok,text
2008,Meerut,0-14,Upto 14 Years,Total,0.0,ok,text
2008,Meerut,15-29,15–29 Years,Female,24.0,ok,text
2008,Meerut,15-29,15–29 Years,Male,19.0,ok,text
2008,Meerut,15-29,15–29 Years,Total,43.0,ok,text
2008,Meerut,30-44,30–44 Years,Female,4.0,ok,text
2008,Meerut,30-44,30–44 Years,Male,26.0,ok,text
2008,Meerut,30-44,30–44 Years,Total,30.0,ok,text
2008,Meerut,45-59,45–59 Years,Female,3.0,ok,text
2008,Meerut,45-59,45–59 Years,Male,15.0,ok,text
2008,Meerut,45-59,45–59 Years,Total,18.0,ok,text
2008,Meerut,60+,60 Years & above,Female,0.0,ok,text
2008,Meerut,60+,60 Years & above,Male,0.0,ok,text
2008,Meerut,60+,60 Years & above,Total,0.0,ok,text
2008,Meerut,all ages,Total,Female,31.0,ok,text
2008,Meerut,all ages,Total,Male,60.0,ok,text
2008,Meerut,all ages,Total,Total,91.0,ok,text
2008,Mumbai,0-14,Upto 14 Years,Female,7.0,ok,text
2008,Mumbai,0-14,Upto 14 Years,Male,3.0,ok,text
2008,Mumbai,0-14,Upto 14 Years,Total,10.0,ok,text
2008,Mumbai,15-29,15–29 Years,Female,275.0,ok,text
2008,Mumbai,15-29,15–29 Years,Male,253.0,ok,text
2008,Mumbai,15-29,15–29 Years,Total,528.0,ok,text
2008,Mumbai,30-44,30–44 Years,Female,93.0,ok,text
2008,Mumbai,30-44,30–44 Years,Male,223.0,ok,text
2008,Mumbai,30-44,30–44 Years,Total,316.0,ok,text
2008,Mumbai,45-59,45–59 Years,Female,36.0,ok,text
2008,Mumbai,45-59,45–59 Years,Male,141.0,ok,text
2008,Mumbai,45-59,45–59 Years,Total,177.0,ok,text
2008,Mumbai,60+,60 Years & above,Female,33.0,ok,text
2008,Mumbai,60+,60 Years & above,Male,47.0,ok,text
2008,Mumbai,60+,60 Years & above,Total,80.0,ok,text
2008,Mumbai,all ages,Total,Female,444.0,ok,text
2008,Mumbai,all ages,Total,Male,667.0,ok,text
2008,Mumbai,all ages,Total,Total,1111.0,ok,text
2008,Nagpur,0-14,Upto 14 Years,Female,5.0,ok,text
2008,Nagpur,0-14,Upto 14 Years,Male,3.0,ok,text
2008,Nagpur,0-14,Upto 14 Years,Total,8.0,ok,text
2008,Nagpur,15-29,15–29 Years,Female,64.0,ok,text
2008,Nagpur,15-29,15–29 Years,Male,99.0,ok,text
2008,Nagpur,15-29,15–29 Years,Total,163.0,ok,text
2008,Nagpur,30-44,30–44 Years,Female,17.0,ok,text
2008,Nagpur,30-44,30–44 Years,Male,126.0,ok,text
2008,Nagpur,30-44,30–44 Years,Total,143.0,ok,text
2008,Nagpur,45-59,45–59 Years,Female,7.0,ok,text
2008,Nagpur,45-59,45–59 Years,Male,63.0,ok,text
2008,Nagpur,45-59,45–59 Years,Total,70.0,ok,text
2008,Nagpur,60+,60 Years & above,Female,8.0,ok,text
2008,Nagpur,60+,60 Years & above,Male,12.0,ok,text
2008,Nagpur,60+,60 Years & above,Total,20.0,ok,text
2008,Nagpur,all ages,Total,Female,101.0,ok,text
2008,Nagpur,all ages,Total,Male,303.0,ok,text
2008,Nagpur,all ages,Total,Total,404.0,ok,text
2008,Nashik,0-14,Upto 14 Years,Female,0.0,ok,text
2008,Nashik,0-14,Upto 14 Years,Male,1.0,ok,text
2008,Nashik,0-14,Upto 14 Years,Total,1.0,ok,text
2008,Nashik,15-29,15–29 Years,Female,46.0,ok,text
2008,Nashik,15-29,15–29 Years,Male,47.0,ok,text
2008,Nashik,15-29,15–29 Years,Total,93.0,ok,text
2008,Nashik,30-44,30–44 Years,Female,11.0,ok,text
2008,Nashik,30-44,30–44 Years,Male,48.0,ok,text
2008,Nashik,30-44,30–44 Years,Total,59.0,ok,text
2008,Nashik,45-59,45–59 Years,Female,2.0,ok,text
2008,Nashik,45-59,45–59 Years,Male,28.0,ok,text
2008,Nashik,45-59,45–59 Years,Total,30.0,ok,text
2008,Nashik,60+,60 Years & above,Female,2.0,ok,text
2008,Nashik,60+,60 Years & above,Male,5.0,ok,text
2008,Nashik,60+,60 Years & above,Total,7.0,ok,text
2008,Nashik,all ages,Total,Female,61.0,ok,text
2008,Nashik,all ages,Total,Male,129.0,ok,text
2008,Nashik,all ages,Total,Total,190.0,ok,text
2008,Patna,0-14,Upto 14 Years,Female,4.0,ok,text
2008,Patna,0-14,Upto 14 Years,Male,0.0,ok,text
2008,Patna,0-14,Upto 14 Years,Total,4.0,ok,text
2008,Patna,15-29,15–29 Years,Female,10.0,ok,text
2008,Patna,15-29,15–29 Years,Male,13.0,ok,text
2008,Patna,15-29,15–29 Years,Total,23.0,ok,text
2008,Patna,30-44,30–44 Years,Female,6.0,ok,text
2008,Patna,30-44,30–44 Years,Male,22.0,ok,text
2008,Patna,30-44,30–44 Years,Total,28.0,ok,text
2008,Patna,45-59,45–59 Years,Female,2.0,ok,text
2008,Patna,45-59,45–59 Years,Male,7.0,ok,text
2008,Patna,45-59,45–59 Years,Total,9.0,ok,text
2008,Patna,60+,60 Years & above,Female,0.0,ok,text
2008,Patna,60+,60 Years & above,Male,2.0,ok,text
2008,Patna,60+,60 Years & above,Total,2.0,ok,text
2008,Patna,all ages,Total,Female,22.0,ok,text
2008,Patna,all ages,Total,Male,44.0,ok,text
2008,Patna,all ages,Total,Total,66.0,ok,text
2008,Pune,0-14,Upto 14 Years,Female,6.0,ok,text
2008,Pune,0-14,Upto 14 Years,Male,3.0,ok,text
2008,Pune,0-14,Upto 14 Years,Total,9.0,ok,text
2008,Pune,15-29,15–29 Years,Female,134.0,ok,text
2008,Pune,15-29,15–29 Years,Male,171.0,ok,text
2008,Pune,15-29,15–29 Years,Total,305.0,ok,text
2008,Pune,30-44,30–44 Years,Female,40.0,ok,text
2008,Pune,30-44,30–44 Years,Male,143.0,ok,text
2008,Pune,30-44,30–44 Years,Total,183.0,ok,text
2008,Pune,45-59,45–59 Years,Female,11.0,ok,text
2008,Pune,45-59,45–59 Years,Male,78.0,ok,text
2008,Pune,45-59,45–59 Years,Total,89.0,ok,text
2008,Pune,60+,60 Years & above,Female,9.0,ok,text
2008,Pune,60+,60 Years & above,Male,17.0,ok,text
2008,Pune,60+,60 Years & above,Total,26.0,ok,text
2008,Pune,all ages,Total,Female,200.0,ok,text
2008,Pune,all ages,Total,Male,412.0,ok,text
2008,Pune,all ages,Total,Total,612.0,ok,text
2008,Rajkot,0-14,Upto 14 Years,Female,0.0,ok,text
2008,Rajkot,0-14,Upto 14 Years,Male,0.0,ok,text
2008,Rajkot,0-14,Upto 14 Years,Total,0.0,ok,text
2008,Rajkot,15-29,15–29 Years,Female,77.0,ok,text
2008,Rajkot,15-29,15–29 Years,Male,60.0,ok,text
2008,Rajkot,15-29,15–29 Years,Total,137.0,ok,text
2008,Rajkot,30-44,30–44 Years,Female,37.0,ok,text
2008,Rajkot,30-44,30–44 Years,Male,67.0,ok,text
2008,Rajkot,30-44,30–44 Years,Total,104.0,ok,text
2008,Rajkot,45-59,45–59 Years,Female,22.0,ok,text
2008,Rajkot,45-59,45–59 Years,Male,31.0,ok,text
2008,Rajkot,45-59,45–59 Years,Total,53.0,ok,text
2008,Rajkot,60+,60 Years & above,Female,7.0,ok,text
2008,Rajkot,60+,60 Years & above,Male,15.0,ok,text
2008,Rajkot,60+,60 Years & above,Total,22.0,ok,text
2008,Rajkot,all ages,Total,Female,143.0,ok,text
2008,Rajkot,all ages,Total,Male,173.0,ok,text
2008,Rajkot,all ages,Total,Total,316.0,ok,text
2008,Surat,0-14,Upto 14 Years,Female,2.0,ok,text
2008,Surat,0-14,Upto 14 Years,Male,3.0,ok,text
2008,Surat,0-14,Upto 14 Years,Total,5.0,ok,text
2008,Surat,15-29,15–29 Years,Female,60.0,ok,text
2008,Surat,15-29,15–29 Years,Male,88.0,ok,text
2008,Surat,15-29,15–29 Years,Total,148.0,ok,text
2008,Surat,30-44,30–44 Years,Female,71.0,ok,text
2008,Surat,30-44,30–44 Years,Male,118.0,ok,text
2008,Surat,30-44,30–44 Years,Total,189.0,ok,text
2008,Surat,45-59,45–59 Years,Female,36.0,ok,text
2008,Surat,45-59,45–59 Years,Male,74.0,ok,text
2008,Surat,45-59,45–59 Years,Total,110.0,ok,text
2008,Surat,60+,60 Years & above,Female,17.0,ok,text
2008,Surat,60+,60 Years & above,Male,33.0,ok,text
2008,Surat,60+,60 Years & above,Total,50.0,ok,text
2008,Surat,all ages,Total,Female,186.0,ok,text
2008,Surat,all ages,Total,Male,316.0,ok,text
2008,Surat,all ages,Total,Total,502.0,ok,text
2008,Vadodara,0-14,Upto 14 Years,Female,1.0,ok,text
2008,Vadodara,0-14,Upto 14 Years,Male,1.0,ok,text
2008,Vadodara,0-14,Upto 14 Years,Total,2.0,ok,text
2008,Vadodara,15-29,15–29 Years,Female,39.0,ok,text
2008,Vadodara,15-29,15–29 Years,Male,45.0,ok,text
2008,Vadodara,15-29,15–29 Years,Total,84.0,ok,text
2008,Vadodara,30-44,30–44 Years,Female,10.0,ok,text
2008,Vadodara,30-44,30–44 Years,Male,36.0,ok,text
2008,Vadodara,30-44,30–44 Years,Total,46.0,ok,text
2008,Vadodara,45-59,45–59 Years,Female,5.0,ok,text
2008,Vadodara,45-59,45–59 Years,Male,22.0,ok,text
2008,Vadodara,45-59,45–59 Years,Total,27.0,ok,text
2008,Vadodara,60+,60 Years & above,Female,3.0,ok,text
2008,Vadodara,60+,60 Years & above,Male,9.0,ok,text
2008,Vadodara,60+,60 Years & above,Total,12.0,ok,text
2008,Vadodara,all ages,Total,Female,58.0,ok,text
2008,Vadodara,all ages,Total,Male,113.0,ok,text
2008,Vadodara,all ages,Total,Total,171.0,ok,text
2008,Varanasi,0-14,Upto 14 Years,Female,0.0,ok,text
2008,Varanasi,0-14,Upto 14 Years,Male,0.0,ok,text
2008,Varanasi,0-14,Upto 14 Years,Total,0.0,ok,text
2008,Varanasi,15-29,15–29 Years,Female,15.0,ok,text
2008,Varanasi,15-29,15–29 Years,Male,9.0,ok,text
2008,Varanasi,15-29,15–29 Years,Total,24.0,ok,text
2008,Varanasi,30-44,30–44 Years,Female,22.0,ok,text
2008,Varanasi,30-44,30–44 Years,Male,14.0,ok,text
2008,Varanasi,30-44,30–44 Years,Total,36.0,ok,text
2008,Varanasi,45-59,45–59 Years,Female,3.0,ok,text
2008,Varanasi,45-59,45–59 Years,Male,7.0,ok,text
2008,Varanasi,45-59,45–59 Years,Total,10.0,ok,text
2008,Varanasi,60+,60 Years & above,Female,0.0,ok,text
2008,Varanasi,60+,60 Years & above,Male,5.0,ok,text
2008,Varanasi,60+,60 Years & above,Total,5.0,ok,text
2008,Varanasi,all ages,Total,Female,40.0,ok,text
2008,Varanasi,all ages,Total,Male,35.0,ok,text
2008,Varanasi,all ages,Total,Total,75.0,ok,text
2008,Vijayawada,0-14,Upto 14 Years,Female,2.0,ok,text
2008,Vijayawada,0-14,Upto 14 Years,Male,2.0,ok,text
2008,Vijayawada,0-14,Upto 14 Years,Total,4.0,ok,text
2008,Vijayawada,15-29,15–29 Years,Female,43.0,ok,text
2008,Vijayawada,15-29,15–29 Years,Male,56.0,ok,text
2008,Vijayawada,15-29,15–29 Years,Total,99.0,ok,text
2008,Vijayawada,30-44,30–44 Years,Female,24.0,ok,text
2008,Vijayawada,30-44,30–44 Years,Male,57.0,ok,text
2008,Vijayawada,30-44,30–44 Years,Total,81.0,ok,text
2008,Vijayawada,45-59,45–59 Years,Female,7.0,ok,text
2008,Vijayawada,45-59,45–59 Years,Male,33.0,ok,text
2008,Vijayawada,45-59,45–59 Years,Total,40.0,ok,text
2008,Vijayawada,60+,60 Years & above,Female,2.0,ok,text
2008,Vijayawada,60+,60 Years & above,Male,9.0,ok,text
2008,Vijayawada,60+,60 Years & above,Total,11.0,ok,text
2008,Vijayawada,all ages,Total,Female,78.0,ok,text
2008,Vijayawada,all ages,Total,Male,157.0,ok,text
2008,Vijayawada,all ages,Total,Total,235.0,ok,text
2008,Visakhapatnam,0-14,Upto 14 Years,Female,2.0,ok,text
2008,Visakhapatnam,0-14,Upto 14 Years,Male,0.0,ok,text
2008,Visakhapatnam,0-14,Upto 14 Years,Total,2.0,ok,text
2008,Visakhapatnam,15-29,15–29 Years,Female,37.0,ok,text
2008,Visakhapatnam,15-29,15–29 Years,Male,51.0,ok,text
2008,Visakhapatnam,15-29,15–29 Years,Total,88.0,ok,text
2008,Visakhapatnam,30-44,30–44 Years,Female,20.0,ok,text
2008,Visakhapatnam,30-44,30–44 Years,Male,51.0,ok,text
2008,Visakhapatnam,30-44,30–44 Years,Total,71.0,ok,text
2008,Visakhapatnam,45-59,45–59 Years,Female,4.0,ok,text
2008,Visakhapatnam,45-59,45–59 Years,Male,24.0,ok,text
2008,Visakhapatnam,45-59,45–59 Years,Total,28.0,ok,text
2008,Visakhapatnam,60+,60 Years & above,Female,2.0,ok,text
2008,Visakhapatnam,60+,60 Years & above,Male,9.0,ok,text
2008,Visakhapatnam,60+,60 Years & above,Total,11.0,ok,text
2008,Visakhapatnam,all ages,Total,Female,65.0,ok,text
2008,Visakhapatnam,all ages,Total,Male,135.0,ok,text
2008,Visakhapatnam,all ages,Total,Total,200.0,ok,text
2009,Agra,0-14,Upto 14 Years,Female,2.0,ok,text
2009,Agra,0-14,Upto 14 Years,Male,2.0,ok,text
2009,Agra,0-14,Upto 14 Years,Total,4.0,ok,text
2009,Agra,15-29,15–29 Years,Female,21.0,ok,text
2009,Agra,15-29,15–29 Years,Male,21.0,ok,text
2009,Agra,15-29,15–29 Years,Total,42.0,ok,text
2009,Agra,30-44,30–44 Years,Female,9.0,ok,text
2009,Agra,30-44,30–44 Years,Male,29.0,ok,text
2009,Agra,30-44,30–44 Years,Total,38.0,ok,text
2009,Agra,45-59,45–59 Years,Female,1.0,ok,text
2009,Agra,45-59,45–59 Years,Male,23.0,ok,text
2009,Agra,45-59,45–59 Years,Total,24.0,ok,text
2009,Agra,60+,60 Years & above,Female,0.0,ok,text
2009,Agra,60+,60 Years & above,Male,9.0,ok,text
2009,Agra,60+,60 Years & above,Total,9.0,ok,text
2009,Agra,all ages,Total,Female,33.0,ok,text
2009,Agra,all ages,Total,Male,84.0,ok,text
2009,Agra,all ages,Total,Total,117.0,ok,text
2009,Ahmedabad,0-14,Upto 14 Years,Female,7.0,ok,text
2009,Ahmedabad,0-14,Upto 14 Years,Male,5.0,ok,text
2009,Ahmedabad,0-14,Upto 14 Years,Total,12.0,ok,text
2009,Ahmedabad,15-29,15–29 Years,Female,106.0,ok,text
2009,Ahmedabad,15-29,15–29 Years,Male,74.0,ok,text
2009,Ahmedabad,15-29,15–29 Years,Total,180.0,ok,text
2009,Ahmedabad,30-44,30–44 Years,Female,50.0,ok,text
2009,Ahmedabad,30-44,30–44 Years,Male,78.0,ok,text
2009,Ahmedabad,30-44,30–44 Years,Total,128.0,ok,text
2009,Ahmedabad,45-59,45–59 Years,Female,39.0,ok,text
2009,Ahmedabad,45-59,45–59 Years,Male,57.0,ok,text
2009,Ahmedabad,45-59,45–59 Years,Total,96.0,ok,text
2009,Ahmedabad,60+,60 Years & above,Female,19.0,ok,text
2009,Ahmedabad,60+,60 Years & above,Male,16.0,ok,text
2009,Ahmedabad,60+,60 Years & above,Total,35.0,ok,text
2009,Ahmedabad,all ages,Total,Female,221.0,ok,text
2009,Ahmedabad,all ages,Total,Male,230.0,ok,text
2009,Ahmedabad,all ages,Total,Total,451.0,ok,text
2009,Prayagraj,0-14,Upto 14 Years,Female,0.0,ok,text
2009,Prayagraj,0-14,Upto 14 Years,Male,0.0,ok,text
2009,Prayagraj,0-14,Upto 14 Years,Total,0.0,ok,text
2009,Prayagraj,15-29,15–29 Years,Female,16.0,ok,text
2009,Prayagraj,15-29,15–29 Years,Male,17.0,ok,text
2009,Prayagraj,15-29,15–29 Years,Total,33.0,ok,text
2009,Prayagraj,30-44,30–44 Years,Female,11.0,ok,text
2009,Prayagraj,30-44,30–44 Years,Male,16.0,ok,text
2009,Prayagraj,30-44,30–44 Years,Total,27.0,ok,text
2009,Prayagraj,45-59,45–59 Years,Female,4.0,ok,text
2009,Prayagraj,45-59,45–59 Years,Male,5.0,ok,text
2009,Prayagraj,45-59,45–59 Years,Total,9.0,ok,text
2009,Prayagraj,60+,60 Years & above,Female,3.0,ok,text
2009,Prayagraj,60+,60 Years & above,Male,4.0,ok,text
2009,Prayagraj,60+,60 Years & above,Total,7.0,ok,text
2009,Prayagraj,all ages,Total,Female,34.0,ok,text
2009,Prayagraj,all ages,Total,Male,42.0,ok,text
2009,Prayagraj,all ages,Total,Total,76.0,ok,text
2009,Amritsar,0-14,Upto 14 Years,Female,0.0,ok,text
2009,Amritsar,0-14,Upto 14 Years,Male,4.0,ok,text
2009,Amritsar,0-14,Upto 14 Years,Total,4.0,ok,text
2009,Amritsar,15-29,15–29 Years,Female,9.0,ok,text
2009,Amritsar,15-29,15–29 Years,Male,0.0,ok,text
2009,Amritsar,15-29,15–29 Years,Total,9.0,ok,text
2009,Amritsar,30-44,30–44 Years,Female,3.0,ok,text
2009,Amritsar,30-44,30–44 Years,Male,10.0,ok,text
2009,Amritsar,30-44,30–44 Years,Total,13.0,ok,text
2009,Amritsar,45-59,45–59 Years,Female,0.0,ok,text
2009,Amritsar,45-59,45–59 Years,Male,5.0,ok,text
2009,Amritsar,45-59,45–59 Years,Total,5.0,ok,text
2009,Amritsar,60+,60 Years & above,Female,0.0,ok,text
2009,Amritsar,60+,60 Years & above,Male,1.0,ok,text
2009,Amritsar,60+,60 Years & above,Total,1.0,ok,text
2009,Amritsar,all ages,Total,Female,12.0,ok,text
2009,Amritsar,all ages,Total,Male,20.0,ok,text
2009,Amritsar,all ages,Total,Total,32.0,ok,text
2009,Asansol,0-14,Upto 14 Years,Female,8.0,ok,text
2009,Asansol,0-14,Upto 14 Years,Male,6.0,ok,text
2009,Asansol,0-14,Upto 14 Years,Total,14.0,ok,text
2009,Asansol,15-29,15–29 Years,Female,10.0,ok,text
2009,Asansol,15-29,15–29 Years,Male,62.0,ok,text
2009,Asansol,15-29,15–29 Years,Total,72.0,ok,text
2009,Asansol,30-44,30–44 Years,Female,13.0,ok,text
2009,Asansol,30-44,30–44 Years,Male,45.0,ok,text
2009,Asansol,30-44,30–44 Years,Total,58.0,ok,text
2009,Asansol,45-59,45–59 Years,Female,9.0,ok,text
2009,Asansol,45-59,45–59 Years,Male,46.0,ok,text
2009,Asansol,45-59,45–59 Years,Total,55.0,ok,text
2009,Asansol,60+,60 Years & above,Female,3.0,ok,text
2009,Asansol,60+,60 Years & above,Male,20.0,ok,text
2009,Asansol,60+,60 Years & above,Total,23.0,ok,text
2009,Asansol,all ages,Total,Female,43.0,ok,text
2009,Asansol,all ages,Total,Male,179.0,ok,text
2009,Asansol,all ages,Total,Total,222.0,ok,text
2009,Bengaluru,0-14,Upto 14 Years,Female,120.0,ok,text
2009,Bengaluru,0-14,Upto 14 Years,Male,149.0,ok,text
2009,Bengaluru,0-14,Upto 14 Years,Total,269.0,ok,text
2009,Bengaluru,15-29,15–29 Years,Female,284.0,ok,text
2009,Bengaluru,15-29,15–29 Years,Male,416.0,ok,text
2009,Bengaluru,15-29,15–29 Years,Total,700.0,ok,text
2009,Bengaluru,30-44,30–44 Years,Female,170.0,ok,text
2009,Bengaluru,30-44,30–44 Years,Male,381.0,ok,text
2009,Bengaluru,30-44,30–44 Years,Total,551.0,ok,text
2009,Bengaluru,45-59,45–59 Years,Female,110.0,ok,text
2009,Bengaluru,45-59,45–59 Years,Male,277.0,ok,text
2009,Bengaluru,45-59,45–59 Years,Total,387.0,ok,text
2009,Bengaluru,60+,60 Years & above,Female,78.0,ok,text
2009,Bengaluru,60+,60 Years & above,Male,182.0,ok,text
2009,Bengaluru,60+,60 Years & above,Total,260.0,ok,text
2009,Bengaluru,all ages,Total,Female,762.0,ok,text
2009,Bengaluru,all ages,Total,Male,1405.0,ok,text
2009,Bengaluru,all ages,Total,Total,2167.0,ok,text
2009,Bhopal,0-14,Upto 14 Years,Female,4.0,ok,text
2009,Bhopal,0-14,Upto 14 Years,Male,4.0,ok,text
2009,Bhopal,0-14,Upto 14 Years,Total,8.0,ok,text
2009,Bhopal,15-29,15–29 Years,Female,63.0,ok,text
2009,Bhopal,15-29,15–29 Years,Male,61.0,ok,text
2009,Bhopal,15-29,15–29 Years,Total,124.0,ok,text
2009,Bhopal,30-44,30–44 Years,Female,30.0,ok,text
2009,Bhopal,30-44,30–44 Years,Male,31.0,ok,text
2009,Bhopal,30-44,30–44 Years,Total,61.0,ok,text
2009,Bhopal,45-59,45–59 Years,Female,13.0,ok,text
2009,Bhopal,45-59,45–59 Years,Male,38.0,ok,text
2009,Bhopal,45-59,45–59 Years,Total,51.0,ok,text
2009,Bhopal,60+,60 Years & above,Female,5.0,ok,text
2009,Bhopal,60+,60 Years & above,Male,26.0,ok,text
2009,Bhopal,60+,60 Years & above,Total,31.0,ok,text
2009,Bhopal,all ages,Total,Female,115.0,ok,text
2009,Bhopal,all ages,Total,Male,160.0,ok,text
2009,Bhopal,all ages,Total,Total,275.0,ok,text
2009,Chennai,0-14,Upto 14 Years,Female,9.0,ok,text
2009,Chennai,0-14,Upto 14 Years,Male,2.0,ok,text
2009,Chennai,0-14,Upto 14 Years,Total,11.0,ok,text
2009,Chennai,15-29,15–29 Years,Female,246.0,ok,text
2009,Chennai,15-29,15–29 Years,Male,332.0,ok,text
2009,Chennai,15-29,15–29 Years,Total,578.0,ok,text
2009,Chennai,30-44,30–44 Years,Female,157.0,ok,text
2009,Chennai,30-44,30–44 Years,Male,354.0,ok,text
2009,Chennai,30-44,30–44 Years,Total,511.0,ok,text
2009,Chennai,45-59,45–59 Years,Female,76.0,ok,text
2009,Chennai,45-59,45–59 Years,Male,177.0,ok,text
2009,Chennai,45-59,45–59 Years,Total,253.0,ok,text
2009,Chennai,60+,60 Years & above,Female,15.0,ok,text
2009,Chennai,60+,60 Years & above,Male,44.0,ok,text
2009,Chennai,60+,60 Years & above,Total,59.0,ok,text
2009,Chennai,all ages,Total,Female,503.0,ok,text
2009,Chennai,all ages,Total,Male,909.0,ok,text
2009,Chennai,all ages,Total,Total,1412.0,ok,text
2009,Coimbatore,0-14,Upto 14 Years,Female,3.0,ok,text
2009,Coimbatore,0-14,Upto 14 Years,Male,3.0,ok,text
2009,Coimbatore,0-14,Upto 14 Years,Total,6.0,ok,text
2009,Coimbatore,15-29,15–29 Years,Female,67.0,ok,text
2009,Coimbatore,15-29,15–29 Years,Male,67.0,ok,text
2009,Coimbatore,15-29,15–29 Years,Total,134.0,ok,text
2009,Coimbatore,30-44,30–44 Years,Female,42.0,ok,text
2009,Coimbatore,30-44,30–44 Years,Male,87.0,ok,text
2009,Coimbatore,30-44,30–44 Years,Total,129.0,ok,text
2009,Coimbatore,45-59,45–59 Years,Female,18.0,ok,text
2009,Coimbatore,45-59,45–59 Years,Male,43.0,ok,text
2009,Coimbatore,45-59,45–59 Years,Total,61.0,ok,text
2009,Coimbatore,60+,60 Years & above,Female,8.0,ok,text
2009,Coimbatore,60+,60 Years & above,Male,14.0,ok,text
2009,Coimbatore,60+,60 Years & above,Total,22.0,ok,text
2009,Coimbatore,all ages,Total,Female,138.0,ok,text
2009,Coimbatore,all ages,Total,Male,214.0,ok,text
2009,Coimbatore,all ages,Total,Total,352.0,ok,text
2009,Delhi,0-14,Upto 14 Years,Female,19.0,ok,text
2009,Delhi,0-14,Upto 14 Years,Male,14.0,ok,text
2009,Delhi,0-14,Upto 14 Years,Total,33.0,ok,text
2009,Delhi,15-29,15–29 Years,Female,297.0,ok,text
2009,Delhi,15-29,15–29 Years,Male,362.0,ok,text
2009,Delhi,15-29,15–29 Years,Total,659.0,ok,text
2009,Delhi,30-44,30–44 Years,Female,100.0,ok,text
2009,Delhi,30-44,30–44 Years,Male,271.0,ok,text
2009,Delhi,30-44,30–44 Years,Total,371.0,ok,text
2009,Delhi,45-59,45–59 Years,Female,28.0,ok,text
2009,Delhi,45-59,45–59 Years,Male,92.0,ok,text
2009,Delhi,45-59,45–59 Years,Total,120.0,ok,text
2009,Delhi,60+,60 Years & above,Female,5.0,ok,text
2009,Delhi,60+,60 Years & above,Male,27.0,ok,text
2009,Delhi,60+,60 Years & above,Total,32.0,ok,text
2009,Delhi,all ages,Total,Female,449.0,ok,text
2009,Delhi,all ages,Total,Male,766.0,ok,text
2009,Delhi,all ages,Total,Total,1215.0,ok,text
2009,Dhanbad,0-14,Upto 14 Years,Female,3.0,ok,text
2009,Dhanbad,0-14,Upto 14 Years,Male,1.0,ok,text
2009,Dhanbad,0-14,Upto 14 Years,Total,4.0,ok,text
2009,Dhanbad,15-29,15–29 Years,Female,26.0,ok,text
2009,Dhanbad,15-29,15–29 Years,Male,16.0,ok,text
2009,Dhanbad,15-29,15–29 Years,Total,42.0,ok,text
2009,Dhanbad,30-44,30–44 Years,Female,31.0,ok,text
2009,Dhanbad,30-44,30–44 Years,Male,28.0,ok,text
2009,Dhanbad,30-44,30–44 Years,Total,59.0,ok,text
2009,Dhanbad,45-59,45–59 Years,Female,19.0,ok,text
2009,Dhanbad,45-59,45–59 Years,Male,25.0,ok,text
2009,Dhanbad,45-59,45–59 Years,Total,44.0,ok,text
2009,Dhanbad,60+,60 Years & above,Female,1.0,ok,text
2009,Dhanbad,60+,60 Years & above,Male,2.0,ok,text
2009,Dhanbad,60+,60 Years & above,Total,3.0,ok,text
2009,Dhanbad,all ages,Total,Female,80.0,ok,text
2009,Dhanbad,all ages,Total,Male,72.0,ok,text
2009,Dhanbad,all ages,Total,Total,152.0,ok,text
2009,Faridabad,0-14,Upto 14 Years,Female,0.0,ok,text
2009,Faridabad,0-14,Upto 14 Years,Male,0.0,ok,text
2009,Faridabad,0-14,Upto 14 Years,Total,0.0,ok,text
2009,Faridabad,15-29,15–29 Years,Female,25.0,ok,text
2009,Faridabad,15-29,15–29 Years,Male,43.0,ok,text
2009,Faridabad,15-29,15–29 Years,Total,68.0,ok,text
2009,Faridabad,30-44,30–44 Years,Female,7.0,ok,text
2009,Faridabad,30-44,30–44 Years,Male,25.0,ok,text
2009,Faridabad,30-44,30–44 Years,Total,32.0,ok,text
2009,Faridabad,45-59,45–59 Years,Female,5.0,ok,text
2009,Faridabad,45-59,45–59 Years,Male,10.0,ok,text
2009,Faridabad,45-59,45–59 Years,Total,15.0,ok,text
2009,Faridabad,60+,60 Years & above,Female,0.0,ok,text
2009,Faridabad,60+,60 Years & above,Male,5.0,ok,text
2009,Faridabad,60+,60 Years & above,Total,5.0,ok,text
2009,Faridabad,all ages,Total,Female,37.0,ok,text
2009,Faridabad,all ages,Total,Male,83.0,ok,text
2009,Faridabad,all ages,Total,Total,120.0,ok,text
2009,Hyderabad,0-14,Upto 14 Years,Female,13.0,ok,text
2009,Hyderabad,0-14,Upto 14 Years,Male,5.0,ok,text
2009,Hyderabad,0-14,Upto 14 Years,Total,18.0,ok,text
2009,Hyderabad,15-29,15–29 Years,Female,92.0,ok,text
2009,Hyderabad,15-29,15–29 Years,Male,126.0,ok,text
2009,Hyderabad,15-29,15–29 Years,Total,218.0,ok,text
2009,Hyderabad,30-44,30–44 Years,Female,78.0,ok,text
2009,Hyderabad,30-44,30–44 Years,Male,167.0,ok,text
2009,Hyderabad,30-44,30–44 Years,Total,245.0,ok,text
2009,Hyderabad,45-59,45–59 Years,Female,30.0,ok,text
2009,Hyderabad,45-59,45–59 Years,Male,139.0,ok,text
2009,Hyderabad,45-59,45–59 Years,Total,169.0,ok,text
2009,Hyderabad,60+,60 Years & above,Female,13.0,ok,text
2009,Hyderabad,60+,60 Years & above,Male,24.0,ok,text
2009,Hyderabad,60+,60 Years & above,Total,37.0,ok,text
2009,Hyderabad,all ages,Total,Female,226.0,ok,text
2009,Hyderabad,all ages,Total,Male,461.0,ok,text
2009,Hyderabad,all ages,Total,Total,687.0,ok,text
2009,Indore,0-14,Upto 14 Years,Female,1.0,ok,text
2009,Indore,0-14,Upto 14 Years,Male,3.0,ok,text
2009,Indore,0-14,Upto 14 Years,Total,4.0,ok,text
2009,Indore,15-29,15–29 Years,Female,30.0,ok,text
2009,Indore,15-29,15–29 Years,Male,17.0,ok,text
2009,Indore,15-29,15–29 Years,Total,47.0,ok,text
2009,Indore,30-44,30–44 Years,Female,10.0,ok,text
2009,Indore,30-44,30–44 Years,Male,22.0,ok,text
2009,Indore,30-44,30–44 Years,Total,32.0,ok,text
2009,Indore,45-59,45–59 Years,Female,6.0,ok,text
2009,Indore,45-59,45–59 Years,Male,9.0,ok,text
2009,Indore,45-59,45–59 Years,Total,15.0,ok,text
2009,Indore,60+,60 Years & above,Female,0.0,ok,text
2009,Indore,60+,60 Years & above,Male,0.0,ok,text
2009,Indore,60+,60 Years & above,Total,0.0,ok,text
2009,Indore,all ages,Total,Female,47.0,ok,text
2009,Indore,all ages,Total,Male,51.0,ok,text
2009,Indore,all ages,Total,Total,98.0,ok,text
2009,Jabalpur,0-14,Upto 14 Years,Female,20.0,ok,text
2009,Jabalpur,0-14,Upto 14 Years,Male,0.0,ok,text
2009,Jabalpur,0-14,Upto 14 Years,Total,20.0,ok,text
2009,Jabalpur,15-29,15–29 Years,Female,45.0,ok,text
2009,Jabalpur,15-29,15–29 Years,Male,54.0,ok,text
2009,Jabalpur,15-29,15–29 Years,Total,99.0,ok,text
2009,Jabalpur,30-44,30–44 Years,Female,14.0,ok,text
2009,Jabalpur,30-44,30–44 Years,Male,119.0,ok,text
2009,Jabalpur,30-44,30–44 Years,Total,133.0,ok,text
2009,Jabalpur,45-59,45–59 Years,Female,0.0,ok,text
2009,Jabalpur,45-59,45–59 Years,Male,103.0,ok,text
2009,Jabalpur,45-59,45–59 Years,Total,103.0,ok,text
2009,Jabalpur,60+,60 Years & above,Female,0.0,ok,text
2009,Jabalpur,60+,60 Years & above,Male,29.0,ok,text
2009,Jabalpur,60+,60 Years & above,Total,29.0,ok,text
2009,Jabalpur,all ages,Total,Female,79.0,ok,text
2009,Jabalpur,all ages,Total,Male,305.0,ok,text
2009,Jabalpur,all ages,Total,Total,384.0,ok,text
2009,Jaipur,0-14,Upto 14 Years,Female,1.0,ok,text
2009,Jaipur,0-14,Upto 14 Years,Male,2.0,ok,text
2009,Jaipur,0-14,Upto 14 Years,Total,3.0,ok,text
2009,Jaipur,15-29,15–29 Years,Female,59.0,ok,text
2009,Jaipur,15-29,15–29 Years,Male,83.0,ok,text
2009,Jaipur,15-29,15–29 Years,Total,142.0,ok,text
2009,Jaipur,30-44,30–44 Years,Female,23.0,ok,text
2009,Jaipur,30-44,30–44 Years,Male,54.0,ok,text
2009,Jaipur,30-44,30–44 Years,Total,77.0,ok,text
2009,Jaipur,45-59,45–59 Years,Female,6.0,ok,text
2009,Jaipur,45-59,45–59 Years,Male,28.0,ok,text
2009,Jaipur,45-59,45–59 Years,Total,34.0,ok,text
2009,Jaipur,60+,60 Years & above,Female,3.0,ok,text
2009,Jaipur,60+,60 Years & above,Male,5.0,ok,text
2009,Jaipur,60+,60 Years & above,Total,8.0,ok,text
2009,Jaipur,all ages,Total,Female,92.0,ok,text
2009,Jaipur,all ages,Total,Male,172.0,ok,text
2009,Jaipur,all ages,Total,Total,264.0,ok,text
2009,Jamshedpur,0-14,Upto 14 Years,Female,3.0,ok,text
2009,Jamshedpur,0-14,Upto 14 Years,Male,8.0,ok,text
2009,Jamshedpur,0-14,Upto 14 Years,Total,11.0,ok,text
2009,Jamshedpur,15-29,15–29 Years,Female,22.0,ok,text
2009,Jamshedpur,15-29,15–29 Years,Male,39.0,ok,text
2009,Jamshedpur,15-29,15–29 Years,Total,61.0,ok,text
2009,Jamshedpur,30-44,30–44 Years,Female,24.0,ok,text
2009,Jamshedpur,30-44,30–44 Years,Male,40.0,ok,text
2009,Jamshedpur,30-44,30–44 Years,Total,64.0,ok,text
2009,Jamshedpur,45-59,45–59 Years,Female,8.0,ok,text
2009,Jamshedpur,45-59,45–59 Years,Male,26.0,ok,text
2009,Jamshedpur,45-59,45–59 Years,Total,34.0,ok,text
2009,Jamshedpur,60+,60 Years & above,Female,0.0,ok,text
2009,Jamshedpur,60+,60 Years & above,Male,1.0,ok,text
2009,Jamshedpur,60+,60 Years & above,Total,1.0,ok,text
2009,Jamshedpur,all ages,Total,Female,57.0,ok,text
2009,Jamshedpur,all ages,Total,Male,114.0,ok,text
2009,Jamshedpur,all ages,Total,Total,171.0,ok,text
2009,Kanpur,0-14,Upto 14 Years,Female,4.0,ok,text
2009,Kanpur,0-14,Upto 14 Years,Male,3.0,ok,text
2009,Kanpur,0-14,Upto 14 Years,Total,7.0,ok,text
2009,Kanpur,15-29,15–29 Years,Female,86.0,ok,text
2009,Kanpur,15-29,15–29 Years,Male,97.0,ok,text
2009,Kanpur,15-29,15–29 Years,Total,183.0,ok,text
2009,Kanpur,30-44,30–44 Years,Female,45.0,ok,text
2009,Kanpur,30-44,30–44 Years,Male,75.0,ok,text
2009,Kanpur,30-44,30–44 Years,Total,120.0,ok,text
2009,Kanpur,45-59,45–59 Years,Female,9.0,ok,text
2009,Kanpur,45-59,45–59 Years,Male,30.0,ok,text
2009,Kanpur,45-59,45–59 Years,Total,39.0,ok,text
2009,Kanpur,60+,60 Years & above,Female,3.0,ok,text
2009,Kanpur,60+,60 Years & above,Male,14.0,ok,text
2009,Kanpur,60+,60 Years & above,Total,17.0,ok,text
2009,Kanpur,all ages,Total,Female,147.0,ok,text
2009,Kanpur,all ages,Total,Male,219.0,ok,text
2009,Kanpur,all ages,Total,Total,366.0,ok,text
2009,Kochi,0-14,Upto 14 Years,Female,1.0,ok,text
2009,Kochi,0-14,Upto 14 Years,Male,1.0,ok,text
2009,Kochi,0-14,Upto 14 Years,Total,2.0,ok,text
2009,Kochi,15-29,15–29 Years,Female,20.0,ok,text
2009,Kochi,15-29,15–29 Years,Male,29.0,ok,text
2009,Kochi,15-29,15–29 Years,Total,49.0,ok,text
2009,Kochi,30-44,30–44 Years,Female,14.0,ok,text
2009,Kochi,30-44,30–44 Years,Male,59.0,ok,text
2009,Kochi,30-44,30–44 Years,Total,73.0,ok,text
2009,Kochi,45-59,45–59 Years,Female,11.0,ok,text
2009,Kochi,45-59,45–59 Years,Male,53.0,ok,text
2009,Kochi,45-59,45–59 Years,Total,64.0,ok,text
2009,Kochi,60+,60 Years & above,Female,18.0,ok,text
2009,Kochi,60+,60 Years & above,Male,25.0,ok,text
2009,Kochi,60+,60 Years & above,Total,43.0,ok,text
2009,Kochi,all ages,Total,Female,64.0,ok,text
2009,Kochi,all ages,Total,Male,167.0,ok,text
2009,Kochi,all ages,Total,Total,231.0,ok,text
2009,Kolkata,0-14,Upto 14 Years,Female,2.0,ok,text
2009,Kolkata,0-14,Upto 14 Years,Male,0.0,ok,text
2009,Kolkata,0-14,Upto 14 Years,Total,2.0,ok,text
2009,Kolkata,15-29,15–29 Years,Female,38.0,ok,text
2009,Kolkata,15-29,15–29 Years,Male,31.0,ok,text
2009,Kolkata,15-29,15–29 Years,Total,69.0,ok,text
2009,Kolkata,30-44,30–44 Years,Female,30.0,ok,text
2009,Kolkata,30-44,30–44 Years,Male,41.0,ok,text
2009,Kolkata,30-44,30–44 Years,Total,71.0,ok,text
2009,Kolkata,45-59,45–59 Years,Female,7.0,ok,text
2009,Kolkata,45-59,45–59 Years,Male,31.0,ok,text
2009,Kolkata,45-59,45–59 Years,Total,38.0,ok,text
2009,Kolkata,60+,60 Years & above,Female,7.0,ok,text
2009,Kolkata,60+,60 Years & above,Male,13.0,ok,text
2009,Kolkata,60+,60 Years & above,Total,20.0,ok,text
2009,Kolkata,all ages,Total,Female,84.0,ok,text
2009,Kolkata,all ages,Total,Male,116.0,ok,text
2009,Kolkata,all ages,Total,Total,200.0,ok,text
2009,Lucknow,0-14,Upto 14 Years,Female,0.0,ok,text
2009,Lucknow,0-14,Upto 14 Years,Male,0.0,ok,text
2009,Lucknow,0-14,Upto 14 Years,Total,0.0,ok,text
2009,Lucknow,15-29,15–29 Years,Female,29.0,ok,text
2009,Lucknow,15-29,15–29 Years,Male,50.0,ok,text
2009,Lucknow,15-29,15–29 Years,Total,79.0,ok,text
2009,Lucknow,30-44,30–44 Years,Female,21.0,ok,text
2009,Lucknow,30-44,30–44 Years,Male,51.0,ok,text
2009,Lucknow,30-44,30–44 Years,Total,72.0,ok,text
2009,Lucknow,45-59,45–59 Years,Female,7.0,ok,text
2009,Lucknow,45-59,45–59 Years,Male,24.0,ok,text
2009,Lucknow,45-59,45–59 Years,Total,31.0,ok,text
2009,Lucknow,60+,60 Years & above,Female,0.0,ok,text
2009,Lucknow,60+,60 Years & above,Male,3.0,ok,text
2009,Lucknow,60+,60 Years & above,Total,3.0,ok,text
2009,Lucknow,all ages,Total,Female,57.0,ok,text
2009,Lucknow,all ages,Total,Male,128.0,ok,text
2009,Lucknow,all ages,Total,Total,185.0,ok,text
2009,Ludhiana,0-14,Upto 14 Years,Female,0.0,ok,text
2009,Ludhiana,0-14,Upto 14 Years,Male,0.0,ok,text
2009,Ludhiana,0-14,Upto 14 Years,Total,0.0,ok,text
2009,Ludhiana,15-29,15–29 Years,Female,11.0,ok,text
2009,Ludhiana,15-29,15–29 Years,Male,16.0,ok,text
2009,Ludhiana,15-29,15–29 Years,Total,27.0,ok,text
2009,Ludhiana,30-44,30–44 Years,Female,3.0,ok,text
2009,Ludhiana,30-44,30–44 Years,Male,10.0,ok,text
2009,Ludhiana,30-44,30–44 Years,Total,13.0,ok,text
2009,Ludhiana,45-59,45–59 Years,Female,3.0,ok,text
2009,Ludhiana,45-59,45–59 Years,Male,6.0,ok,text
2009,Ludhiana,45-59,45–59 Years,Total,9.0,ok,text
2009,Ludhiana,60+,60 Years & above,Female,0.0,ok,text
2009,Ludhiana,60+,60 Years & above,Male,2.0,ok,text
2009,Ludhiana,60+,60 Years & above,Total,2.0,ok,text
2009,Ludhiana,all ages,Total,Female,17.0,ok,text
2009,Ludhiana,all ages,Total,Male,34.0,ok,text
2009,Ludhiana,all ages,Total,Total,51.0,ok,text
2009,Madurai,0-14,Upto 14 Years,Female,0.0,ok,text
2009,Madurai,0-14,Upto 14 Years,Male,2.0,ok,text
2009,Madurai,0-14,Upto 14 Years,Total,2.0,ok,text
2009,Madurai,15-29,15–29 Years,Female,56.0,ok,text
2009,Madurai,15-29,15–29 Years,Male,54.0,ok,text
2009,Madurai,15-29,15–29 Years,Total,110.0,ok,text
2009,Madurai,30-44,30–44 Years,Female,21.0,ok,text
2009,Madurai,30-44,30–44 Years,Male,48.0,ok,text
2009,Madurai,30-44,30–44 Years,Total,69.0,ok,text
2009,Madurai,45-59,45–59 Years,Female,10.0,ok,text
2009,Madurai,45-59,45–59 Years,Male,36.0,ok,text
2009,Madurai,45-59,45–59 Years,Total,46.0,ok,text
2009,Madurai,60+,60 Years & above,Female,11.0,ok,text
2009,Madurai,60+,60 Years & above,Male,21.0,ok,text
2009,Madurai,60+,60 Years & above,Total,32.0,ok,text
2009,Madurai,all ages,Total,Female,98.0,ok,text
2009,Madurai,all ages,Total,Male,161.0,ok,text
2009,Madurai,all ages,Total,Total,259.0,ok,text
2009,Meerut,0-14,Upto 14 Years,Female,1.0,ok,text
2009,Meerut,0-14,Upto 14 Years,Male,0.0,ok,text
2009,Meerut,0-14,Upto 14 Years,Total,1.0,ok,text
2009,Meerut,15-29,15–29 Years,Female,20.0,ok,text
2009,Meerut,15-29,15–29 Years,Male,16.0,ok,text
2009,Meerut,15-29,15–29 Years,Total,36.0,ok,text
2009,Meerut,30-44,30–44 Years,Female,3.0,ok,text
2009,Meerut,30-44,30–44 Years,Male,21.0,ok,text
2009,Meerut,30-44,30–44 Years,Total,24.0,ok,text
2009,Meerut,45-59,45–59 Years,Female,4.0,ok,text
2009,Meerut,45-59,45–59 Years,Male,14.0,ok,text
2009,Meerut,45-59,45–59 Years,Total,18.0,ok,text
2009,Meerut,60+,60 Years & above,Female,0.0,ok,text
2009,Meerut,60+,60 Years & above,Male,0.0,ok,text
2009,Meerut,60+,60 Years & above,Total,0.0,ok,text
2009,Meerut,all ages,Total,Female,28.0,ok,text
2009,Meerut,all ages,Total,Male,51.0,ok,text
2009,Meerut,all ages,Total,Total,79.0,ok,text
2009,Mumbai,0-14,Upto 14 Years,Female,9.0,ok,text
2009,Mumbai,0-14,Upto 14 Years,Male,5.0,ok,text
2009,Mumbai,0-14,Upto 14 Years,Total,14.0,ok,text
2009,Mumbai,15-29,15–29 Years,Female,263.0,ok,text
2009,Mumbai,15-29,15–29 Years,Male,243.0,ok,text
2009,Mumbai,15-29,15–29 Years,Total,506.0,ok,text
2009,Mumbai,30-44,30–44 Years,Female,95.0,ok,text
2009,Mumbai,30-44,30–44 Years,Male,223.0,ok,text
2009,Mumbai,30-44,30–44 Years,Total,318.0,ok,text
2009,Mumbai,45-59,45–59 Years,Female,42.0,ok,text
2009,Mumbai,45-59,45–59 Years,Male,96.0,ok,text
2009,Mumbai,45-59,45–59 Years,Total,138.0,ok,text
2009,Mumbai,60+,60 Years & above,Female,21.0,ok,text
2009,Mumbai,60+,60 Years & above,Male,54.0,ok,text
2009,Mumbai,60+,60 Years & above,Total,75.0,ok,text
2009,Mumbai,all ages,Total,Female,430.0,ok,text
2009,Mumbai,all ages,Total,Male,621.0,ok,text
2009,Mumbai,all ages,Total,Total,1051.0,ok,text
2009,Nagpur,0-14,Upto 14 Years,Female,4.0,ok,text
2009,Nagpur,0-14,Upto 14 Years,Male,2.0,ok,text
2009,Nagpur,0-14,Upto 14 Years,Total,6.0,ok,text
2009,Nagpur,15-29,15–29 Years,Female,59.0,ok,text
2009,Nagpur,15-29,15–29 Years,Male,96.0,ok,text
2009,Nagpur,15-29,15–29 Years,Total,155.0,ok,text
2009,Nagpur,30-44,30–44 Years,Female,24.0,ok,text
2009,Nagpur,30-44,30–44 Years,Male,114.0,ok,text
2009,Nagpur,30-44,30–44 Years,Total,138.0,ok,text
2009,Nagpur,45-59,45–59 Years,Female,9.0,ok,text
2009,Nagpur,45-59,45–59 Years,Male,55.0,ok,text
2009,Nagpur,45-59,45–59 Years,Total,64.0,ok,text
2009,Nagpur,60+,60 Years & above,Female,7.0,ok,text
2009,Nagpur,60+,60 Years & above,Male,20.0,ok,text
2009,Nagpur,60+,60 Years & above,Total,27.0,ok,text
2009,Nagpur,all ages,Total,Female,103.0,ok,text
2009,Nagpur,all ages,Total,Male,287.0,ok,text
2009,Nagpur,all ages,Total,Total,390.0,ok,text
2009,Nashik,0-14,Upto 14 Years,Female,1.0,ok,text
2009,Nashik,0-14,Upto 14 Years,Male,0.0,ok,text
2009,Nashik,0-14,Upto 14 Years,Total,1.0,ok,text
2009,Nashik,15-29,15–29 Years,Female,36.0,ok,text
2009,Nashik,15-29,15–29 Years,Male,31.0,ok,text
2009,Nashik,15-29,15–29 Years,Total,67.0,ok,text
2009,Nashik,30-44,30–44 Years,Female,17.0,ok,text
2009,Nashik,30-44,30–44 Years,Male,52.0,ok,text
2009,Nashik,30-44,30–44 Years,Total,69.0,ok,text
2009,Nashik,45-59,45–59 Years,Female,4.0,ok,text
2009,Nashik,45-59,45–59 Years,Male,18.0,ok,text
2009,Nashik,45-59,45–59 Years,Total,22.0,ok,text
2009,Nashik,60+,60 Years & above,Female,0.0,ok,text
2009,Nashik,60+,60 Years & above,Male,9.0,ok,text
2009,Nashik,60+,60 Years & above,Total,9.0,ok,text
2009,Nashik,all ages,Total,Female,58.0,ok,text
2009,Nashik,all ages,Total,Male,110.0,ok,text
2009,Nashik,all ages,Total,Total,168.0,ok,text
2009,Patna,0-14,Upto 14 Years,Female,4.0,ok,text
2009,Patna,0-14,Upto 14 Years,Male,2.0,ok,text
2009,Patna,0-14,Upto 14 Years,Total,6.0,ok,text
2009,Patna,15-29,15–29 Years,Female,25.0,ok,text
2009,Patna,15-29,15–29 Years,Male,16.0,ok,text
2009,Patna,15-29,15–29 Years,Total,41.0,ok,text
2009,Patna,30-44,30–44 Years,Female,9.0,ok,text
2009,Patna,30-44,30–44 Years,Male,5.0,ok,text
2009,Patna,30-44,30–44 Years,Total,14.0,ok,text
2009,Patna,45-59,45–59 Years,Female,1.0,ok,text
2009,Patna,45-59,45–59 Years,Male,1.0,ok,text
2009,Patna,45-59,45–59 Years,Total,2.0,ok,text
2009,Patna,60+,60 Years & above,Female,0.0,ok,text
2009,Patna,60+,60 Years & above,Male,0.0,ok,text
2009,Patna,60+,60 Years & above,Total,0.0,ok,text
2009,Patna,all ages,Total,Female,39.0,ok,text
2009,Patna,all ages,Total,Male,24.0,ok,text
2009,Patna,all ages,Total,Total,63.0,ok,text
2009,Pune,0-14,Upto 14 Years,Female,5.0,ok,text
2009,Pune,0-14,Upto 14 Years,Male,2.0,ok,text
2009,Pune,0-14,Upto 14 Years,Total,7.0,ok,text
2009,Pune,15-29,15–29 Years,Female,110.0,ok,text
2009,Pune,15-29,15–29 Years,Male,146.0,ok,text
2009,Pune,15-29,15–29 Years,Total,256.0,ok,text
2009,Pune,30-44,30–44 Years,Female,62.0,ok,text
2009,Pune,30-44,30–44 Years,Male,161.0,ok,text
2009,Pune,30-44,30–44 Years,Total,223.0,ok,text
2009,Pune,45-59,45–59 Years,Female,21.0,ok,text
2009,Pune,45-59,45–59 Years,Male,89.0,ok,text
2009,Pune,45-59,45–59 Years,Total,110.0,ok,text
2009,Pune,60+,60 Years & above,Female,15.0,ok,text
2009,Pune,60+,60 Years & above,Male,37.0,ok,text
2009,Pune,60+,60 Years & above,Total,52.0,ok,text
2009,Pune,all ages,Total,Female,213.0,ok,text
2009,Pune,all ages,Total,Male,435.0,ok,text
2009,Pune,all ages,Total,Total,648.0,ok,text
2009,Rajkot,0-14,Upto 14 Years,Female,0.0,ok,text
2009,Rajkot,0-14,Upto 14 Years,Male,0.0,ok,text
2009,Rajkot,0-14,Upto 14 Years,Total,0.0,ok,text
2009,Rajkot,15-29,15–29 Years,Female,85.0,ok,text
2009,Rajkot,15-29,15–29 Years,Male,56.0,ok,text
2009,Rajkot,15-29,15–29 Years,Total,141.0,ok,text
2009,Rajkot,30-44,30–44 Years,Female,45.0,ok,text
2009,Rajkot,30-44,30–44 Years,Male,72.0,ok,text
2009,Rajkot,30-44,30–44 Years,Total,117.0,ok,text
2009,Rajkot,45-59,45–59 Years,Female,24.0,ok,text
2009,Rajkot,45-59,45–59 Years,Male,30.0,ok,text
2009,Rajkot,45-59,45–59 Years,Total,54.0,ok,text
2009,Rajkot,60+,60 Years & above,Female,13.0,ok,text
2009,Rajkot,60+,60 Years & above,Male,18.0,ok,text
2009,Rajkot,60+,60 Years & above,Total,31.0,ok,text
2009,Rajkot,all ages,Total,Female,167.0,ok,text
2009,Rajkot,all ages,Total,Male,176.0,ok,text
2009,Rajkot,all ages,Total,Total,343.0,ok,text
2009,Surat,0-14,Upto 14 Years,Female,1.0,ok,text
2009,Surat,0-14,Upto 14 Years,Male,4.0,ok,text
2009,Surat,0-14,Upto 14 Years,Total,5.0,ok,text
2009,Surat,15-29,15–29 Years,Female,66.0,ok,text
2009,Surat,15-29,15–29 Years,Male,105.0,ok,text
2009,Surat,15-29,15–29 Years,Total,171.0,ok,text
2009,Surat,30-44,30–44 Years,Female,70.0,ok,text
2009,Surat,30-44,30–44 Years,Male,101.0,ok,text
2009,Surat,30-44,30–44 Years,Total,171.0,ok,text
2009,Surat,45-59,45–59 Years,Female,44.0,ok,text
2009,Surat,45-59,45–59 Years,Male,94.0,ok,text
2009,Surat,45-59,45–59 Years,Total,138.0,ok,text
2009,Surat,60+,60 Years & above,Female,22.0,ok,text
2009,Surat,60+,60 Years & above,Male,23.0,ok,text
2009,Surat,60+,60 Years & above,Total,45.0,ok,text
2009,Surat,all ages,Total,Female,203.0,ok,text
2009,Surat,all ages,Total,Male,327.0,ok,text
2009,Surat,all ages,Total,Total,530.0,ok,text
2009,Vadodara,0-14,Upto 14 Years,Female,3.0,ok,text
2009,Vadodara,0-14,Upto 14 Years,Male,0.0,ok,text
2009,Vadodara,0-14,Upto 14 Years,Total,3.0,ok,text
2009,Vadodara,15-29,15–29 Years,Female,37.0,ok,text
2009,Vadodara,15-29,15–29 Years,Male,38.0,ok,text
2009,Vadodara,15-29,15–29 Years,Total,75.0,ok,text
2009,Vadodara,30-44,30–44 Years,Female,11.0,ok,text
2009,Vadodara,30-44,30–44 Years,Male,49.0,ok,text
2009,Vadodara,30-44,30–44 Years,Total,60.0,ok,text
2009,Vadodara,45-59,45–59 Years,Female,7.0,ok,text
2009,Vadodara,45-59,45–59 Years,Male,23.0,ok,text
2009,Vadodara,45-59,45–59 Years,Total,30.0,ok,text
2009,Vadodara,60+,60 Years & above,Female,3.0,ok,text
2009,Vadodara,60+,60 Years & above,Male,6.0,ok,text
2009,Vadodara,60+,60 Years & above,Total,9.0,ok,text
2009,Vadodara,all ages,Total,Female,61.0,ok,text
2009,Vadodara,all ages,Total,Male,116.0,ok,text
2009,Vadodara,all ages,Total,Total,177.0,ok,text
2009,Varanasi,0-14,Upto 14 Years,Female,2.0,ok,text
2009,Varanasi,0-14,Upto 14 Years,Male,0.0,ok,text
2009,Varanasi,0-14,Upto 14 Years,Total,2.0,ok,text
2009,Varanasi,15-29,15–29 Years,Female,37.0,ok,text
2009,Varanasi,15-29,15–29 Years,Male,14.0,ok,text
2009,Varanasi,15-29,15–29 Years,Total,51.0,ok,text
2009,Varanasi,30-44,30–44 Years,Female,28.0,ok,text
2009,Varanasi,30-44,30–44 Years,Male,15.0,ok,text
2009,Varanasi,30-44,30–44 Years,Total,43.0,ok,text
2009,Varanasi,45-59,45–59 Years,Female,7.0,ok,text
2009,Varanasi,45-59,45–59 Years,Male,9.0,ok,text
2009,Varanasi,45-59,45–59 Years,Total,16.0,ok,text
2009,Varanasi,60+,60 Years & above,Female,7.0,ok,text
2009,Varanasi,60+,60 Years & above,Male,5.0,ok,text
2009,Varanasi,60+,60 Years & above,Total,12.0,ok,text
2009,Varanasi,all ages,Total,Female,81.0,ok,text
2009,Varanasi,all ages,Total,Male,43.0,ok,text
2009,Varanasi,all ages,Total,Total,124.0,ok,text
2009,Vijayawada,0-14,Upto 14 Years,Female,5.0,ok,text
2009,Vijayawada,0-14,Upto 14 Years,Male,0.0,ok,text
2009,Vijayawada,0-14,Upto 14 Years,Total,5.0,ok,text
2009,Vijayawada,15-29,15–29 Years,Female,62.0,ok,text
2009,Vijayawada,15-29,15–29 Years,Male,52.0,ok,text
2009,Vijayawada,15-29,15–29 Years,Total,114.0,ok,text
2009,Vijayawada,30-44,30–44 Years,Female,22.0,ok,text
2009,Vijayawada,30-44,30–44 Years,Male,52.0,ok,text
2009,Vijayawada,30-44,30–44 Years,Total,74.0,ok,text
2009,Vijayawada,45-59,45–59 Years,Female,6.0,ok,text
2009,Vijayawada,45-59,45–59 Years,Male,13.0,ok,text
2009,Vijayawada,45-59,45–59 Years,Total,19.0,ok,text
2009,Vijayawada,60+,60 Years & above,Female,2.0,ok,text
2009,Vijayawada,60+,60 Years & above,Male,5.0,ok,text
2009,Vijayawada,60+,60 Years & above,Total,7.0,ok,text
2009,Vijayawada,all ages,Total,Female,97.0,ok,text
2009,Vijayawada,all ages,Total,Male,122.0,ok,text
2009,Vijayawada,all ages,Total,Total,219.0,ok,text
2009,Visakhapatnam,0-14,Upto 14 Years,Female,0.0,ok,text
2009,Visakhapatnam,0-14,Upto 14 Years,Male,5.0,ok,text
2009,Visakhapatnam,0-14,Upto 14 Years,Total,5.0,ok,text
2009,Visakhapatnam,15-29,15–29 Years,Female,42.0,ok,text
2009,Visakhapatnam,15-29,15–29 Years,Male,61.0,ok,text
2009,Visakhapatnam,15-29,15–29 Years,Total,103.0,ok,text
2009,Visakhapatnam,30-44,30–44 Years,Female,16.0,ok,text
2009,Visakhapatnam,30-44,30–44 Years,Male,58.0,ok,text
2009,Visakhapatnam,30-44,30–44 Years,Total,74.0,ok,text
2009,Visakhapatnam,45-59,45–59 Years,Female,7.0,ok,text
2009,Visakhapatnam,45-59,45–59 Years,Male,23.0,ok,text
2009,Visakhapatnam,45-59,45–59 Years,Total,30.0,ok,text
2009,Visakhapatnam,60+,60 Years & above,Female,3.0,ok,text
2009,Visakhapatnam,60+,60 Years & above,Male,9.0,ok,text
2009,Visakhapatnam,60+,60 Years & above,Total,12.0,ok,text
2009,Visakhapatnam,all ages,Total,Female,68.0,ok,text
2009,Visakhapatnam,all ages,Total,Male,156.0,ok,text
2009,Visakhapatnam,all ages,Total,Total,224.0,ok,text
2010,Agra,0-14,Upto 14 Years,Female,2.0,ok,text
2010,Agra,0-14,Upto 14 Years,Male,4.0,ok,text
2010,Agra,0-14,Upto 14 Years,Total,6.0,ok,text
2010,Agra,15-29,15–29 Years,Female,14.0,ok,text
2010,Agra,15-29,15–29 Years,Male,19.0,ok,text
2010,Agra,15-29,15–29 Years,Total,33.0,ok,text
2010,Agra,30-44,30–44 Years,Female,9.0,ok,text
2010,Agra,30-44,30–44 Years,Male,22.0,ok,text
2010,Agra,30-44,30–44 Years,Total,31.0,ok,text
2010,Agra,45-59,45–59 Years,Female,8.0,ok,text
2010,Agra,45-59,45–59 Years,Male,18.0,ok,text
2010,Agra,45-59,45–59 Years,Total,26.0,ok,text
2010,Agra,60+,60 Years & above,Female,2.0,ok,text
2010,Agra,60+,60 Years & above,Male,9.0,ok,text
2010,Agra,60+,60 Years & above,Total,11.0,ok,text
2010,Agra,all ages,Total,Female,35.0,ok,text
2010,Agra,all ages,Total,Male,72.0,ok,text
2010,Agra,all ages,Total,Total,107.0,ok,text
2010,Ahmedabad,0-14,Upto 14 Years,Female,9.0,ok,text
2010,Ahmedabad,0-14,Upto 14 Years,Male,4.0,ok,text
2010,Ahmedabad,0-14,Upto 14 Years,Total,13.0,ok,text
2010,Ahmedabad,15-29,15–29 Years,Female,88.0,ok,text
2010,Ahmedabad,15-29,15–29 Years,Male,96.0,ok,text
2010,Ahmedabad,15-29,15–29 Years,Total,184.0,ok,text
2010,Ahmedabad,30-44,30–44 Years,Female,52.0,ok,text
2010,Ahmedabad,30-44,30–44 Years,Male,96.0,ok,text
2010,Ahmedabad,30-44,30–44 Years,Total,148.0,ok,text
2010,Ahmedabad,45-59,45–59 Years,Female,31.0,ok,text
2010,Ahmedabad,45-59,45–59 Years,Male,44.0,ok,text
2010,Ahmedabad,45-59,45–59 Years,Total,75.0,ok,text
2010,Ahmedabad,60+,60 Years & above,Female,12.0,ok,text
2010,Ahmedabad,60+,60 Years & above,Male,32.0,ok,text
2010,Ahmedabad,60+,60 Years & above,Total,44.0,ok,text
2010,Ahmedabad,all ages,Total,Female,192.0,ok,text
2010,Ahmedabad,all ages,Total,Male,272.0,ok,text
2010,Ahmedabad,all ages,Total,Total,464.0,ok,text
2010,Prayagraj,0-14,Upto 14 Years,Female,0.0,ok,text
2010,Prayagraj,0-14,Upto 14 Years,Male,1.0,ok,text
2010,Prayagraj,0-14,Upto 14 Years,Total,1.0,ok,text
2010,Prayagraj,15-29,15–29 Years,Female,20.0,ok,text
2010,Prayagraj,15-29,15–29 Years,Male,15.0,ok,text
2010,Prayagraj,15-29,15–29 Years,Total,35.0,ok,text
2010,Prayagraj,30-44,30–44 Years,Female,7.0,ok,text
2010,Prayagraj,30-44,30–44 Years,Male,12.0,ok,text
2010,Prayagraj,30-44,30–44 Years,Total,19.0,ok,text
2010,Prayagraj,45-59,45–59 Years,Female,2.0,ok,text
2010,Prayagraj,45-59,45–59 Years,Male,7.0,ok,text
2010,Prayagraj,45-59,45–59 Years,Total,9.0,ok,text
2010,Prayagraj,60+,60 Years & above,Female,0.0,ok,text
2010,Prayagraj,60+,60 Years & above,Male,3.0,ok,text
2010,Prayagraj,60+,60 Years & above,Total,3.0,ok,text
2010,Prayagraj,all ages,Total,Female,29.0,ok,text
2010,Prayagraj,all ages,Total,Male,38.0,ok,text
2010,Prayagraj,all ages,Total,Total,67.0,ok,text
2010,Amritsar,0-14,Upto 14 Years,Female,0.0,ok,text
2010,Amritsar,0-14,Upto 14 Years,Male,0.0,ok,text
2010,Amritsar,0-14,Upto 14 Years,Total,0.0,ok,text
2010,Amritsar,15-29,15–29 Years,Female,12.0,ok,text
2010,Amritsar,15-29,15–29 Years,Male,8.0,ok,text
2010,Amritsar,15-29,15–29 Years,Total,20.0,ok,text
2010,Amritsar,30-44,30–44 Years,Female,2.0,ok,text
2010,Amritsar,30-44,30–44 Years,Male,4.0,ok,text
2010,Amritsar,30-44,30–44 Years,Total,6.0,ok,text
2010,Amritsar,45-59,45–59 Years,Female,0.0,ok,text
2010,Amritsar,45-59,45–59 Years,Male,1.0,ok,text
2010,Amritsar,45-59,45–59 Years,Total,1.0,ok,text
2010,Amritsar,60+,60 Years & above,Female,1.0,ok,text
2010,Amritsar,60+,60 Years & above,Male,1.0,ok,text
2010,Amritsar,60+,60 Years & above,Total,2.0,ok,text
2010,Amritsar,all ages,Total,Female,15.0,ok,text
2010,Amritsar,all ages,Total,Male,14.0,ok,text
2010,Amritsar,all ages,Total,Total,29.0,ok,text
2010,Asansol,0-14,Upto 14 Years,Female,3.0,ok,text
2010,Asansol,0-14,Upto 14 Years,Male,6.0,ok,text
2010,Asansol,0-14,Upto 14 Years,Total,9.0,ok,text
2010,Asansol,15-29,15–29 Years,Female,22.0,ok,text
2010,Asansol,15-29,15–29 Years,Male,61.0,ok,text
2010,Asansol,15-29,15–29 Years,Total,83.0,ok,text
2010,Asansol,30-44,30–44 Years,Female,23.0,ok,text
2010,Asansol,30-44,30–44 Years,Male,45.0,ok,text
2010,Asansol,30-44,30–44 Years,Total,68.0,ok,text
2010,Asansol,45-59,45–59 Years,Female,10.0,ok,text
2010,Asansol,45-59,45–59 Years,Male,46.0,ok,text
2010,Asansol,45-59,45–59 Years,Total,56.0,ok,text
2010,Asansol,60+,60 Years & above,Female,0.0,ok,text
2010,Asansol,60+,60 Years & above,Male,6.0,ok,text
2010,Asansol,60+,60 Years & above,Total,6.0,ok,text
2010,Asansol,all ages,Total,Female,58.0,ok,text
2010,Asansol,all ages,Total,Male,164.0,ok,text
2010,Asansol,all ages,Total,Total,222.0,ok,text
2010,Bengaluru,0-14,Upto 14 Years,Female,89.0,ok,text
2010,Bengaluru,0-14,Upto 14 Years,Male,29.0,ok,text
2010,Bengaluru,0-14,Upto 14 Years,Total,118.0,ok,text
2010,Bengaluru,15-29,15–29 Years,Female,329.0,ok,text
2010,Bengaluru,15-29,15–29 Years,Male,328.0,ok,text
2010,Bengaluru,15-29,15–29 Years,Total,657.0,ok,text
2010,Bengaluru,30-44,30–44 Years,Female,195.0,ok,text
2010,Bengaluru,30-44,30–44 Years,Male,349.0,ok,text
2010,Bengaluru,30-44,30–44 Years,Total,544.0,ok,text
2010,Bengaluru,45-59,45–59 Years,Female,63.0,ok,text
2010,Bengaluru,45-59,45–59 Years,Male,208.0,ok,text
2010,Bengaluru,45-59,45–59 Years,Total,271.0,ok,text
2010,Bengaluru,60+,60 Years & above,Female,32.0,ok,text
2010,Bengaluru,60+,60 Years & above,Male,156.0,ok,text
2010,Bengaluru,60+,60 Years & above,Total,188.0,ok,text
2010,Bengaluru,all ages,Total,Female,708.0,ok,text
2010,Bengaluru,all ages,Total,Male,1070.0,ok,text
2010,Bengaluru,all ages,Total,Total,1778.0,ok,text
2010,Bhopal,0-14,Upto 14 Years,Female,1.0,ok,text
2010,Bhopal,0-14,Upto 14 Years,Male,2.0,ok,text
2010,Bhopal,0-14,Upto 14 Years,Total,3.0,ok,text
2010,Bhopal,15-29,15–29 Years,Female,40.0,ok,text
2010,Bhopal,15-29,15–29 Years,Male,24.0,ok,text
2010,Bhopal,15-29,15–29 Years,Total,64.0,ok,text
2010,Bhopal,30-44,30–44 Years,Female,30.0,ok,text
2010,Bhopal,30-44,30–44 Years,Male,39.0,ok,text
2010,Bhopal,30-44,30–44 Years,Total,69.0,ok,text
2010,Bhopal,45-59,45–59 Years,Female,18.0,ok,text
2010,Bhopal,45-59,45–59 Years,Male,37.0,ok,text
2010,Bhopal,45-59,45–59 Years,Total,55.0,ok,text
2010,Bhopal,60+,60 Years & above,Female,0.0,ok,text
2010,Bhopal,60+,60 Years & above,Male,23.0,ok,text
2010,Bhopal,60+,60 Years & above,Total,23.0,ok,text
2010,Bhopal,all ages,Total,Female,89.0,ok,text
2010,Bhopal,all ages,Total,Male,125.0,ok,text
2010,Bhopal,all ages,Total,Total,214.0,ok,text
2010,Chennai,0-14,Upto 14 Years,Female,9.0,ok,text
2010,Chennai,0-14,Upto 14 Years,Male,12.0,ok,text
2010,Chennai,0-14,Upto 14 Years,Total,21.0,ok,text
2010,Chennai,15-29,15–29 Years,Female,180.0,ok,text
2010,Chennai,15-29,15–29 Years,Male,292.0,ok,text
2010,Chennai,15-29,15–29 Years,Total,472.0,ok,text
2010,Chennai,30-44,30–44 Years,Female,103.0,ok,text
2010,Chennai,30-44,30–44 Years,Male,365.0,ok,text
2010,Chennai,30-44,30–44 Years,Total,468.0,ok,text
2010,Chennai,45-59,45–59 Years,Female,45.0,ok,text
2010,Chennai,45-59,45–59 Years,Male,214.0,ok,text
2010,Chennai,45-59,45–59 Years,Total,259.0,ok,text
2010,Chennai,60+,60 Years & above,Female,34.0,ok,text
2010,Chennai,60+,60 Years & above,Male,71.0,ok,text
2010,Chennai,60+,60 Years & above,Total,105.0,ok,text
2010,Chennai,all ages,Total,Female,371.0,ok,text
2010,Chennai,all ages,Total,Male,954.0,ok,text
2010,Chennai,all ages,Total,Total,1325.0,ok,text
2010,Coimbatore,0-14,Upto 14 Years,Female,2.0,ok,text
2010,Coimbatore,0-14,Upto 14 Years,Male,0.0,ok,text
2010,Coimbatore,0-14,Upto 14 Years,Total,2.0,ok,text
2010,Coimbatore,15-29,15–29 Years,Female,61.0,ok,text
2010,Coimbatore,15-29,15–29 Years,Male,73.0,ok,text
2010,Coimbatore,15-29,15–29 Years,Total,134.0,ok,text
2010,Coimbatore,30-44,30–44 Years,Female,20.0,ok,text
2010,Coimbatore,30-44,30–44 Years,Male,73.0,ok,text
2010,Coimbatore,30-44,30–44 Years,Total,93.0,ok,text
2010,Coimbatore,45-59,45–59 Years,Female,25.0,ok,text
2010,Coimbatore,45-59,45–59 Years,Male,43.0,ok,text
2010,Coimbatore,45-59,45–59 Years,Total,68.0,ok,text
2010,Coimbatore,60+,60 Years & above,Female,10.0,ok,text
2010,Coimbatore,60+,60 Years & above,Male,19.0,ok,text
2010,Coimbatore,60+,60 Years & above,Total,29.0,ok,text
2010,Coimbatore,all ages,Total,Female,118.0,ok,text
2010,Coimbatore,all ages,Total,Male,208.0,ok,text
2010,Coimbatore,all ages,Total,Total,326.0,ok,text
2010,Delhi,0-14,Upto 14 Years,Female,16.0,ok,text
2010,Delhi,0-14,Upto 14 Years,Male,12.0,ok,text
2010,Delhi,0-14,Upto 14 Years,Total,28.0,ok,text
2010,Delhi,15-29,15–29 Years,Female,313.0,ok,text
2010,Delhi,15-29,15–29 Years,Male,338.0,ok,text
2010,Delhi,15-29,15–29 Years,Total,651.0,ok,text
2010,Delhi,30-44,30–44 Years,Female,114.0,ok,text
2010,Delhi,30-44,30–44 Years,Male,259.0,ok,text
2010,Delhi,30-44,30–44 Years,Total,373.0,ok,text
2010,Delhi,45-59,45–59 Years,Female,34.0,ok,text
2010,Delhi,45-59,45–59 Years,Male,105.0,ok,text
2010,Delhi,45-59,45–59 Years,Total,139.0,ok,text
2010,Delhi,60+,60 Years & above,Female,8.0,ok,text
2010,Delhi,60+,60 Years & above,Male,43.0,ok,text
2010,Delhi,60+,60 Years & above,Total,51.0,ok,text
2010,Delhi,all ages,Total,Female,485.0,ok,text
2010,Delhi,all ages,Total,Male,757.0,ok,text
2010,Delhi,all ages,Total,Total,1242.0,ok,text
2010,Dhanbad,0-14,Upto 14 Years,Female,1.0,ok,text
2010,Dhanbad,0-14,Upto 14 Years,Male,1.0,ok,text
2010,Dhanbad,0-14,Upto 14 Years,Total,2.0,ok,text
2010,Dhanbad,15-29,15–29 Years,Female,16.0,ok,text
2010,Dhanbad,15-29,15–29 Years,Male,6.0,ok,text
2010,Dhanbad,15-29,15–29 Years,Total,22.0,ok,text
2010,Dhanbad,30-44,30–44 Years,Female,7.0,ok,text
2010,Dhanbad,30-44,30–44 Years,Male,17.0,ok,text
2010,Dhanbad,30-44,30–44 Years,Total,24.0,ok,text
2010,Dhanbad,45-59,45–59 Years,Female,4.0,ok,text
2010,Dhanbad,45-59,45–59 Years,Male,8.0,ok,text
2010,Dhanbad,45-59,45–59 Years,Total,12.0,ok,text
2010,Dhanbad,60+,60 Years & above,Female,0.0,ok,text
2010,Dhanbad,60+,60 Years & above,Male,0.0,ok,text
2010,Dhanbad,60+,60 Years & above,Total,0.0,ok,text
2010,Dhanbad,all ages,Total,Female,28.0,ok,text
2010,Dhanbad,all ages,Total,Male,32.0,ok,text
2010,Dhanbad,all ages,Total,Total,60.0,ok,text
2010,Faridabad,0-14,Upto 14 Years,Female,1.0,ok,text
2010,Faridabad,0-14,Upto 14 Years,Male,0.0,ok,text
2010,Faridabad,0-14,Upto 14 Years,Total,1.0,ok,text
2010,Faridabad,15-29,15–29 Years,Female,29.0,ok,text
2010,Faridabad,15-29,15–29 Years,Male,42.0,ok,text
2010,Faridabad,15-29,15–29 Years,Total,71.0,ok,text
2010,Faridabad,30-44,30–44 Years,Female,9.0,ok,text
2010,Faridabad,30-44,30–44 Years,Male,21.0,ok,text
2010,Faridabad,30-44,30–44 Years,Total,30.0,ok,text
2010,Faridabad,45-59,45–59 Years,Female,2.0,ok,text
2010,Faridabad,45-59,45–59 Years,Male,5.0,ok,text
2010,Faridabad,45-59,45–59 Years,Total,7.0,ok,text
2010,Faridabad,60+,60 Years & above,Female,0.0,ok,text
2010,Faridabad,60+,60 Years & above,Male,1.0,ok,text
2010,Faridabad,60+,60 Years & above,Total,1.0,ok,text
2010,Faridabad,all ages,Total,Female,41.0,ok,text
2010,Faridabad,all ages,Total,Male,69.0,ok,text
2010,Faridabad,all ages,Total,Total,110.0,ok,text
2010,Hyderabad,0-14,Upto 14 Years,Female,5.0,ok,text
2010,Hyderabad,0-14,Upto 14 Years,Male,0.0,ok,text
2010,Hyderabad,0-14,Upto 14 Years,Total,5.0,ok,text
2010,Hyderabad,15-29,15–29 Years,Female,126.0,ok,text
2010,Hyderabad,15-29,15–29 Years,Male,137.0,ok,text
2010,Hyderabad,15-29,15–29 Years,Total,263.0,ok,text
2010,Hyderabad,30-44,30–44 Years,Female,99.0,ok,text
2010,Hyderabad,30-44,30–44 Years,Male,175.0,ok,text
2010,Hyderabad,30-44,30–44 Years,Total,274.0,ok,text
2010,Hyderabad,45-59,45–59 Years,Female,56.0,ok,text
2010,Hyderabad,45-59,45–59 Years,Male,136.0,ok,text
2010,Hyderabad,45-59,45–59 Years,Total,192.0,ok,text
2010,Hyderabad,60+,60 Years & above,Female,31.0,ok,text
2010,Hyderabad,60+,60 Years & above,Male,56.0,ok,text
2010,Hyderabad,60+,60 Years & above,Total,87.0,ok,text
2010,Hyderabad,all ages,Total,Female,317.0,ok,text
2010,Hyderabad,all ages,Total,Male,504.0,ok,text
2010,Hyderabad,all ages,Total,Total,821.0,ok,text
2010,Indore,0-14,Upto 14 Years,Female,1.0,ok,text
2010,Indore,0-14,Upto 14 Years,Male,1.0,ok,text
2010,Indore,0-14,Upto 14 Years,Total,2.0,ok,text
2010,Indore,15-29,15–29 Years,Female,53.0,ok,text
2010,Indore,15-29,15–29 Years,Male,45.0,ok,text
2010,Indore,15-29,15–29 Years,Total,98.0,ok,text
2010,Indore,30-44,30–44 Years,Female,13.0,ok,text
2010,Indore,30-44,30–44 Years,Male,22.0,ok,text
2010,Indore,30-44,30–44 Years,Total,35.0,ok,text
2010,Indore,45-59,45–59 Years,Female,1.0,ok,text
2010,Indore,45-59,45–59 Years,Male,7.0,ok,text
2010,Indore,45-59,45–59 Years,Total,8.0,ok,text
2010,Indore,60+,60 Years & above,Female,0.0,ok,text
2010,Indore,60+,60 Years & above,Male,0.0,ok,text
2010,Indore,60+,60 Years & above,Total,0.0,ok,text
2010,Indore,all ages,Total,Female,68.0,ok,text
2010,Indore,all ages,Total,Male,75.0,ok,text
2010,Indore,all ages,Total,Total,143.0,ok,text
2010,Jabalpur,0-14,Upto 14 Years,Female,0.0,ok,text
2010,Jabalpur,0-14,Upto 14 Years,Male,7.0,ok,text
2010,Jabalpur,0-14,Upto 14 Years,Total,7.0,ok,text
2010,Jabalpur,15-29,15–29 Years,Female,114.0,ok,text
2010,Jabalpur,15-29,15–29 Years,Male,112.0,ok,text
2010,Jabalpur,15-29,15–29 Years,Total,226.0,ok,text
2010,Jabalpur,30-44,30–44 Years,Female,52.0,ok,text
2010,Jabalpur,30-44,30–44 Years,Male,76.0,ok,text
2010,Jabalpur,30-44,30–44 Years,Total,128.0,ok,text
2010,Jabalpur,45-59,45–59 Years,Female,14.0,ok,text
2010,Jabalpur,45-59,45–59 Years,Male,54.0,ok,text
2010,Jabalpur,45-59,45–59 Years,Total,68.0,ok,text
2010,Jabalpur,60+,60 Years & above,Female,12.0,ok,text
2010,Jabalpur,60+,60 Years & above,Male,23.0,ok,text
2010,Jabalpur,60+,60 Years & above,Total,35.0,ok,text
2010,Jabalpur,all ages,Total,Female,192.0,ok,text
2010,Jabalpur,all ages,Total,Male,272.0,ok,text
2010,Jabalpur,all ages,Total,Total,464.0,ok,text
2010,Jaipur,0-14,Upto 14 Years,Female,10.0,ok,text
2010,Jaipur,0-14,Upto 14 Years,Male,6.0,ok,text
2010,Jaipur,0-14,Upto 14 Years,Total,16.0,ok,text
2010,Jaipur,15-29,15–29 Years,Female,83.0,ok,text
2010,Jaipur,15-29,15–29 Years,Male,99.0,ok,text
2010,Jaipur,15-29,15–29 Years,Total,182.0,ok,text
2010,Jaipur,30-44,30–44 Years,Female,27.0,ok,text
2010,Jaipur,30-44,30–44 Years,Male,87.0,ok,text
2010,Jaipur,30-44,30–44 Years,Total,114.0,ok,text
2010,Jaipur,45-59,45–59 Years,Female,6.0,ok,text
2010,Jaipur,45-59,45–59 Years,Male,25.0,ok,text
2010,Jaipur,45-59,45–59 Years,Total,31.0,ok,text
2010,Jaipur,60+,60 Years & above,Female,1.0,ok,text
2010,Jaipur,60+,60 Years & above,Male,7.0,ok,text
2010,Jaipur,60+,60 Years & above,Total,8.0,ok,text
2010,Jaipur,all ages,Total,Female,127.0,ok,text
2010,Jaipur,all ages,Total,Male,224.0,ok,text
2010,Jaipur,all ages,Total,Total,351.0,ok,text
2010,Jamshedpur,0-14,Upto 14 Years,Female,3.0,ok,text
2010,Jamshedpur,0-14,Upto 14 Years,Male,10.0,ok,text
2010,Jamshedpur,0-14,Upto 14 Years,Total,13.0,ok,text
2010,Jamshedpur,15-29,15–29 Years,Female,25.0,ok,text
2010,Jamshedpur,15-29,15–29 Years,Male,40.0,ok,text
2010,Jamshedpur,15-29,15–29 Years,Total,65.0,ok,text
2010,Jamshedpur,30-44,30–44 Years,Female,21.0,ok,text
2010,Jamshedpur,30-44,30–44 Years,Male,33.0,ok,text
2010,Jamshedpur,30-44,30–44 Years,Total,54.0,ok,text
2010,Jamshedpur,45-59,45–59 Years,Female,7.0,ok,text
2010,Jamshedpur,45-59,45–59 Years,Male,25.0,ok,text
2010,Jamshedpur,45-59,45–59 Years,Total,32.0,ok,text
2010,Jamshedpur,60+,60 Years & above,Female,0.0,ok,text
2010,Jamshedpur,60+,60 Years & above,Male,1.0,ok,text
2010,Jamshedpur,60+,60 Years & above,Total,1.0,ok,text
2010,Jamshedpur,all ages,Total,Female,56.0,ok,text
2010,Jamshedpur,all ages,Total,Male,109.0,ok,text
2010,Jamshedpur,all ages,Total,Total,165.0,ok,text
2010,Kanpur,0-14,Upto 14 Years,Female,14.0,ok,text
2010,Kanpur,0-14,Upto 14 Years,Male,4.0,ok,text
2010,Kanpur,0-14,Upto 14 Years,Total,18.0,ok,text
2010,Kanpur,15-29,15–29 Years,Female,107.0,ok,text
2010,Kanpur,15-29,15–29 Years,Male,78.0,ok,text
2010,Kanpur,15-29,15–29 Years,Total,185.0,ok,text
2010,Kanpur,30-44,30–44 Years,Female,59.0,ok,text
2010,Kanpur,30-44,30–44 Years,Male,50.0,ok,text
2010,Kanpur,30-44,30–44 Years,Total,109.0,ok,text
2010,Kanpur,45-59,45–59 Years,Female,12.0,ok,text
2010,Kanpur,45-59,45–59 Years,Male,32.0,ok,text
2010,Kanpur,45-59,45–59 Years,Total,44.0,ok,text
2010,Kanpur,60+,60 Years & above,Female,10.0,ok,text
2010,Kanpur,60+,60 Years & above,Male,14.0,ok,text
2010,Kanpur,60+,60 Years & above,Total,24.0,ok,text
2010,Kanpur,all ages,Total,Female,202.0,ok,text
2010,Kanpur,all ages,Total,Male,178.0,ok,text
2010,Kanpur,all ages,Total,Total,380.0,ok,text
2010,Kochi,0-14,Upto 14 Years,Female,0.0,ok,text
2010,Kochi,0-14,Upto 14 Years,Male,4.0,ok,text
2010,Kochi,0-14,Upto 14 Years,Total,4.0,ok,text
2010,Kochi,15-29,15–29 Years,Female,14.0,ok,text
2010,Kochi,15-29,15–29 Years,Male,31.0,ok,text
2010,Kochi,15-29,15–29 Years,Total,45.0,ok,text
2010,Kochi,30-44,30–44 Years,Female,12.0,ok,text
2010,Kochi,30-44,30–44 Years,Male,64.0,ok,text
2010,Kochi,30-44,30–44 Years,Total,76.0,ok,text
2010,Kochi,45-59,45–59 Years,Female,16.0,ok,text
2010,Kochi,45-59,45–59 Years,Male,60.0,ok,text
2010,Kochi,45-59,45–59 Years,Total,76.0,ok,text
2010,Kochi,60+,60 Years & above,Female,12.0,ok,text
2010,Kochi,60+,60 Years & above,Male,33.0,ok,text
2010,Kochi,60+,60 Years & above,Total,45.0,ok,text
2010,Kochi,all ages,Total,Female,54.0,ok,text
2010,Kochi,all ages,Total,Male,192.0,ok,text
2010,Kochi,all ages,Total,Total,246.0,ok,text
2010,Kolkata,0-14,Upto 14 Years,Female,6.0,ok,text
2010,Kolkata,0-14,Upto 14 Years,Male,2.0,ok,text
2010,Kolkata,0-14,Upto 14 Years,Total,8.0,ok,text
2010,Kolkata,15-29,15–29 Years,Female,49.0,ok,text
2010,Kolkata,15-29,15–29 Years,Male,43.0,ok,text
2010,Kolkata,15-29,15–29 Years,Total,92.0,ok,text
2010,Kolkata,30-44,30–44 Years,Female,26.0,ok,text
2010,Kolkata,30-44,30–44 Years,Male,58.0,ok,text
2010,Kolkata,30-44,30–44 Years,Total,84.0,ok,text
2010,Kolkata,45-59,45–59 Years,Female,25.0,ok,text
2010,Kolkata,45-59,45–59 Years,Male,44.0,ok,text
2010,Kolkata,45-59,45–59 Years,Total,69.0,ok,text
2010,Kolkata,60+,60 Years & above,Female,11.0,ok,text
2010,Kolkata,60+,60 Years & above,Male,13.0,ok,text
2010,Kolkata,60+,60 Years & above,Total,24.0,ok,text
2010,Kolkata,all ages,Total,Female,117.0,ok,text
2010,Kolkata,all ages,Total,Male,160.0,ok,text
2010,Kolkata,all ages,Total,Total,277.0,ok,text
2010,Lucknow,0-14,Upto 14 Years,Female,0.0,ok,text
2010,Lucknow,0-14,Upto 14 Years,Male,0.0,ok,text
2010,Lucknow,0-14,Upto 14 Years,Total,0.0,ok,text
2010,Lucknow,15-29,15–29 Years,Female,15.0,ok,text
2010,Lucknow,15-29,15–29 Years,Male,23.0,ok,text
2010,Lucknow,15-29,15–29 Years,Total,38.0,ok,text
2010,Lucknow,30-44,30–44 Years,Female,22.0,ok,text
2010,Lucknow,30-44,30–44 Years,Male,39.0,ok,text
2010,Lucknow,30-44,30–44 Years,Total,61.0,ok,text
2010,Lucknow,45-59,45–59 Years,Female,24.0,ok,text
2010,Lucknow,45-59,45–59 Years,Male,44.0,ok,text
2010,Lucknow,45-59,45–59 Years,Total,68.0,ok,text
2010,Lucknow,60+,60 Years & above,Female,7.0,ok,text
2010,Lucknow,60+,60 Years & above,Male,10.0,ok,text
2010,Lucknow,60+,60 Years & above,Total,17.0,ok,text
2010,Lucknow,all ages,Total,Female,68.0,ok,text
2010,Lucknow,all ages,Total,Male,116.0,ok,text
2010,Lucknow,all ages,Total,Total,184.0,ok,text
2010,Ludhiana,0-14,Upto 14 Years,Female,1.0,ok,text
2010,Ludhiana,0-14,Upto 14 Years,Male,0.0,ok,text
2010,Ludhiana,0-14,Upto 14 Years,Total,1.0,ok,text
2010,Ludhiana,15-29,15–29 Years,Female,8.0,ok,text
2010,Ludhiana,15-29,15–29 Years,Male,25.0,ok,text
2010,Ludhiana,15-29,15–29 Years,Total,33.0,ok,text
2010,Ludhiana,30-44,30–44 Years,Female,9.0,ok,text
2010,Ludhiana,30-44,30–44 Years,Male,20.0,ok,text
2010,Ludhiana,30-44,30–44 Years,Total,29.0,ok,text
2010,Ludhiana,45-59,45–59 Years,Female,0.0,ok,text
2010,Ludhiana,45-59,45–59 Years,Male,5.0,ok,text
2010,Ludhiana,45-59,45–59 Years,Total,5.0,ok,text
2010,Ludhiana,60+,60 Years & above,Female,0.0,ok,text
2010,Ludhiana,60+,60 Years & above,Male,6.0,ok,text
2010,Ludhiana,60+,60 Years & above,Total,6.0,ok,text
2010,Ludhiana,all ages,Total,Female,18.0,ok,text
2010,Ludhiana,all ages,Total,Male,56.0,ok,text
2010,Ludhiana,all ages,Total,Total,74.0,ok,text
2010,Madurai,0-14,Upto 14 Years,Female,2.0,ok,text
2010,Madurai,0-14,Upto 14 Years,Male,1.0,ok,text
2010,Madurai,0-14,Upto 14 Years,Total,3.0,ok,text
2010,Madurai,15-29,15–29 Years,Female,47.0,ok,text
2010,Madurai,15-29,15–29 Years,Male,53.0,ok,text
2010,Madurai,15-29,15–29 Years,Total,100.0,ok,text
2010,Madurai,30-44,30–44 Years,Female,35.0,ok,text
2010,Madurai,30-44,30–44 Years,Male,53.0,ok,text
2010,Madurai,30-44,30–44 Years,Total,88.0,ok,text
2010,Madurai,45-59,45–59 Years,Female,11.0,ok,text
2010,Madurai,45-59,45–59 Years,Male,25.0,ok,text
2010,Madurai,45-59,45–59 Years,Total,36.0,ok,text
2010,Madurai,60+,60 Years & above,Female,7.0,ok,text
2010,Madurai,60+,60 Years & above,Male,8.0,ok,text
2010,Madurai,60+,60 Years & above,Total,15.0,ok,text
2010,Madurai,all ages,Total,Female,102.0,ok,text
2010,Madurai,all ages,Total,Male,140.0,ok,text
2010,Madurai,all ages,Total,Total,242.0,ok,text
2010,Meerut,0-14,Upto 14 Years,Female,0.0,ok,text
2010,Meerut,0-14,Upto 14 Years,Male,0.0,ok,text
2010,Meerut,0-14,Upto 14 Years,Total,0.0,ok,text
2010,Meerut,15-29,15–29 Years,Female,25.0,ok,text
2010,Meerut,15-29,15–29 Years,Male,17.0,ok,text
2010,Meerut,15-29,15–29 Years,Total,42.0,ok,text
2010,Meerut,30-44,30–44 Years,Female,3.0,ok,text
2010,Meerut,30-44,30–44 Years,Male,24.0,ok,text
2010,Meerut,30-44,30–44 Years,Total,27.0,ok,text
2010,Meerut,45-59,45–59 Years,Female,6.0,ok,text
2010,Meerut,45-59,45–59 Years,Male,15.0,ok,text
2010,Meerut,45-59,45–59 Years,Total,21.0,ok,text
2010,Meerut,60+,60 Years & above,Female,0.0,ok,text
2010,Meerut,60+,60 Years & above,Male,0.0,ok,text
2010,Meerut,60+,60 Years & above,Total,0.0,ok,text
2010,Meerut,all ages,Total,Female,34.0,ok,text
2010,Meerut,all ages,Total,Male,56.0,ok,text
2010,Meerut,all ages,Total,Total,90.0,ok,text
2010,Mumbai,0-14,Upto 14 Years,Female,8.0,ok,text
2010,Mumbai,0-14,Upto 14 Years,Male,9.0,ok,text
2010,Mumbai,0-14,Upto 14 Years,Total,17.0,ok,text
2010,Mumbai,15-29,15–29 Years,Female,304.0,ok,text
2010,Mumbai,15-29,15–29 Years,Male,278.0,ok,text
2010,Mumbai,15-29,15–29 Years,Total,582.0,ok,text
2010,Mumbai,30-44,30–44 Years,Female,118.0,ok,text
2010,Mumbai,30-44,30–44 Years,Male,242.0,ok,text
2010,Mumbai,30-44,30–44 Years,Total,360.0,ok,text
2010,Mumbai,45-59,45–59 Years,Female,30.0,ok,text
2010,Mumbai,45-59,45–59 Years,Male,126.0,ok,text
2010,Mumbai,45-59,45–59 Years,Total,156.0,ok,text
2010,Mumbai,60+,60 Years & above,Female,31.0,ok,text
2010,Mumbai,60+,60 Years & above,Male,46.0,ok,text
2010,Mumbai,60+,60 Years & above,Total,77.0,ok,text
2010,Mumbai,all ages,Total,Female,491.0,ok,text
2010,Mumbai,all ages,Total,Male,701.0,ok,text
2010,Mumbai,all ages,Total,Total,1192.0,ok,text
2010,Nagpur,0-14,Upto 14 Years,Female,0.0,ok,text
2010,Nagpur,0-14,Upto 14 Years,Male,1.0,ok,text
2010,Nagpur,0-14,Upto 14 Years,Total,1.0,ok,text
2010,Nagpur,15-29,15–29 Years,Female,62.0,ok,text
2010,Nagpur,15-29,15–29 Years,Male,110.0,ok,text
2010,Nagpur,15-29,15–29 Years,Total,172.0,ok,text
2010,Nagpur,30-44,30–44 Years,Female,45.0,ok,text
2010,Nagpur,30-44,30–44 Years,Male,121.0,ok,text
2010,Nagpur,30-44,30–44 Years,Total,166.0,ok,text
2010,Nagpur,45-59,45–59 Years,Female,10.0,ok,text
2010,Nagpur,45-59,45–59 Years,Male,73.0,ok,text
2010,Nagpur,45-59,45–59 Years,Total,83.0,ok,text
2010,Nagpur,60+,60 Years & above,Female,7.0,ok,text
2010,Nagpur,60+,60 Years & above,Male,29.0,ok,text
2010,Nagpur,60+,60 Years & above,Total,36.0,ok,text
2010,Nagpur,all ages,Total,Female,124.0,ok,text
2010,Nagpur,all ages,Total,Male,334.0,ok,text
2010,Nagpur,all ages,Total,Total,458.0,ok,text
2010,Nashik,0-14,Upto 14 Years,Female,4.0,ok,text
2010,Nashik,0-14,Upto 14 Years,Male,0.0,ok,text
2010,Nashik,0-14,Upto 14 Years,Total,4.0,ok,text
2010,Nashik,15-29,15–29 Years,Female,49.0,ok,text
2010,Nashik,15-29,15–29 Years,Male,50.0,ok,text
2010,Nashik,15-29,15–29 Years,Total,99.0,ok,text
2010,Nashik,30-44,30–44 Years,Female,18.0,ok,text
2010,Nashik,30-44,30–44 Years,Male,45.0,ok,text
2010,Nashik,30-44,30–44 Years,Total,63.0,ok,text
2010,Nashik,45-59,45–59 Years,Female,6.0,ok,text
2010,Nashik,45-59,45–59 Years,Male,17.0,ok,text
2010,Nashik,45-59,45–59 Years,Total,23.0,ok,text
2010,Nashik,60+,60 Years & above,Female,3.0,ok,text
2010,Nashik,60+,60 Years & above,Male,7.0,ok,text
2010,Nashik,60+,60 Years & above,Total,10.0,ok,text
2010,Nashik,all ages,Total,Female,80.0,ok,text
2010,Nashik,all ages,Total,Male,119.0,ok,text
2010,Nashik,all ages,Total,Total,199.0,ok,text
2010,Patna,0-14,Upto 14 Years,Female,4.0,ok,text
2010,Patna,0-14,Upto 14 Years,Male,7.0,ok,text
2010,Patna,0-14,Upto 14 Years,Total,11.0,ok,text
2010,Patna,15-29,15–29 Years,Female,24.0,ok,text
2010,Patna,15-29,15–29 Years,Male,26.0,ok,text
2010,Patna,15-29,15–29 Years,Total,50.0,ok,text
2010,Patna,30-44,30–44 Years,Female,7.0,ok,text
2010,Patna,30-44,30–44 Years,Male,26.0,ok,text
2010,Patna,30-44,30–44 Years,Total,33.0,ok,text
2010,Patna,45-59,45–59 Years,Female,16.0,ok,text
2010,Patna,45-59,45–59 Years,Male,23.0,ok,text
2010,Patna,45-59,45–59 Years,Total,39.0,ok,text
2010,Patna,60+,60 Years & above,Female,3.0,ok,text
2010,Patna,60+,60 Years & above,Male,13.0,ok,text
2010,Patna,60+,60 Years & above,Total,16.0,ok,text
2010,Patna,all ages,Total,Female,54.0,ok,text
2010,Patna,all ages,Total,Male,95.0,ok,text
2010,Patna,all ages,Total,Total,149.0,ok,text
2010,Pune,0-14,Upto 14 Years,Female,11.0,ok,text
2010,Pune,0-14,Upto 14 Years,Male,5.0,ok,text
2010,Pune,0-14,Upto 14 Years,Total,16.0,ok,text
2010,Pune,15-29,15–29 Years,Female,126.0,ok,text
2010,Pune,15-29,15–29 Years,Male,134.0,ok,text
2010,Pune,15-29,15–29 Years,Total,260.0,ok,text
2010,Pune,30-44,30–44 Years,Female,49.0,ok,text
2010,Pune,30-44,30–44 Years,Male,176.0,ok,text
2010,Pune,30-44,30–44 Years,Total,225.0,ok,text
2010,Pune,45-59,45–59 Years,Female,18.0,ok,text
2010,Pune,45-59,45–59 Years,Male,72.0,ok,text
2010,Pune,45-59,45–59 Years,Total,90.0,ok,text
2010,Pune,60+,60 Years & above,Female,11.0,ok,text
2010,Pune,60+,60 Years & above,Male,44.0,ok,text
2010,Pune,60+,60 Years & above,Total,55.0,ok,text
2010,Pune,all ages,Total,Female,215.0,ok,text
2010,Pune,all ages,Total,Male,431.0,ok,text
2010,Pune,all ages,Total,Total,646.0,ok,text
2010,Rajkot,0-14,Upto 14 Years,Female,0.0,ok,text
2010,Rajkot,0-14,Upto 14 Years,Male,0.0,ok,text
2010,Rajkot,0-14,Upto 14 Years,Total,0.0,ok,text
2010,Rajkot,15-29,15–29 Years,Female,81.0,ok,text
2010,Rajkot,15-29,15–29 Years,Male,66.0,ok,text
2010,Rajkot,15-29,15–29 Years,Total,147.0,ok,text
2010,Rajkot,30-44,30–44 Years,Female,49.0,ok,text
2010,Rajkot,30-44,30–44 Years,Male,84.0,ok,text
2010,Rajkot,30-44,30–44 Years,Total,133.0,ok,text
2010,Rajkot,45-59,45–59 Years,Female,28.0,ok,text
2010,Rajkot,45-59,45–59 Years,Male,46.0,ok,text
2010,Rajkot,45-59,45–59 Years,Total,74.0,ok,text
2010,Rajkot,60+,60 Years & above,Female,8.0,ok,text
2010,Rajkot,60+,60 Years & above,Male,23.0,ok,text
2010,Rajkot,60+,60 Years & above,Total,31.0,ok,text
2010,Rajkot,all ages,Total,Female,166.0,ok,text
2010,Rajkot,all ages,Total,Male,219.0,ok,text
2010,Rajkot,all ages,Total,Total,385.0,ok,text
2010,Surat,0-14,Upto 14 Years,Female,3.0,ok,text
2010,Surat,0-14,Upto 14 Years,Male,3.0,ok,text
2010,Surat,0-14,Upto 14 Years,Total,6.0,ok,text
2010,Surat,15-29,15–29 Years,Female,81.0,ok,text
2010,Surat,15-29,15–29 Years,Male,98.0,ok,text
2010,Surat,15-29,15–29 Years,Total,179.0,ok,text
2010,Surat,30-44,30–44 Years,Female,58.0,ok,text
2010,Surat,30-44,30–44 Years,Male,87.0,ok,text
2010,Surat,30-44,30–44 Years,Total,145.0,ok,text
2010,Surat,45-59,45–59 Years,Female,41.0,ok,text
2010,Surat,45-59,45–59 Years,Male,61.0,ok,text
2010,Surat,45-59,45–59 Years,Total,102.0,ok,text
2010,Surat,60+,60 Years & above,Female,11.0,ok,text
2010,Surat,60+,60 Years & above,Male,16.0,ok,text
2010,Surat,60+,60 Years & above,Total,27.0,ok,text
2010,Surat,all ages,Total,Female,194.0,ok,text
2010,Surat,all ages,Total,Male,265.0,ok,text
2010,Surat,all ages,Total,Total,459.0,ok,text
2010,Vadodara,0-14,Upto 14 Years,Female,1.0,ok,text
2010,Vadodara,0-14,Upto 14 Years,Male,0.0,ok,text
2010,Vadodara,0-14,Upto 14 Years,Total,1.0,ok,text
2010,Vadodara,15-29,15–29 Years,Female,16.0,ok,text
2010,Vadodara,15-29,15–29 Years,Male,38.0,ok,text
2010,Vadodara,15-29,15–29 Years,Total,54.0,ok,text
2010,Vadodara,30-44,30–44 Years,Female,22.0,ok,text
2010,Vadodara,30-44,30–44 Years,Male,33.0,ok,text
2010,Vadodara,30-44,30–44 Years,Total,55.0,ok,text
2010,Vadodara,45-59,45–59 Years,Female,5.0,ok,text
2010,Vadodara,45-59,45–59 Years,Male,26.0,ok,text
2010,Vadodara,45-59,45–59 Years,Total,31.0,ok,text
2010,Vadodara,60+,60 Years & above,Female,3.0,ok,text
2010,Vadodara,60+,60 Years & above,Male,10.0,ok,text
2010,Vadodara,60+,60 Years & above,Total,13.0,ok,text
2010,Vadodara,all ages,Total,Female,47.0,ok,text
2010,Vadodara,all ages,Total,Male,107.0,ok,text
2010,Vadodara,all ages,Total,Total,154.0,ok,text
2010,Varanasi,0-14,Upto 14 Years,Female,0.0,ok,text
2010,Varanasi,0-14,Upto 14 Years,Male,0.0,ok,text
2010,Varanasi,0-14,Upto 14 Years,Total,0.0,ok,text
2010,Varanasi,15-29,15–29 Years,Female,37.0,ok,text
2010,Varanasi,15-29,15–29 Years,Male,14.0,ok,text
2010,Varanasi,15-29,15–29 Years,Total,51.0,ok,text
2010,Varanasi,30-44,30–44 Years,Female,30.0,ok,text
2010,Varanasi,30-44,30–44 Years,Male,15.0,ok,text
2010,Varanasi,30-44,30–44 Years,Total,45.0,ok,text
2010,Varanasi,45-59,45–59 Years,Female,13.0,ok,text
2010,Varanasi,45-59,45–59 Years,Male,12.0,ok,text
2010,Varanasi,45-59,45–59 Years,Total,25.0,ok,text
2010,Varanasi,60+,60 Years & above,Female,3.0,ok,text
2010,Varanasi,60+,60 Years & above,Male,3.0,ok,text
2010,Varanasi,60+,60 Years & above,Total,6.0,ok,text
2010,Varanasi,all ages,Total,Female,83.0,ok,text
2010,Varanasi,all ages,Total,Male,44.0,ok,text
2010,Varanasi,all ages,Total,Total,127.0,ok,text
2010,Vijayawada,0-14,Upto 14 Years,Female,2.0,ok,text
2010,Vijayawada,0-14,Upto 14 Years,Male,2.0,ok,text
2010,Vijayawada,0-14,Upto 14 Years,Total,4.0,ok,text
2010,Vijayawada,15-29,15–29 Years,Female,51.0,ok,text
2010,Vijayawada,15-29,15–29 Years,Male,59.0,ok,text
2010,Vijayawada,15-29,15–29 Years,Total,110.0,ok,text
2010,Vijayawada,30-44,30–44 Years,Female,20.0,ok,text
2010,Vijayawada,30-44,30–44 Years,Male,54.0,ok,text
2010,Vijayawada,30-44,30–44 Years,Total,74.0,ok,text
2010,Vijayawada,45-59,45–59 Years,Female,5.0,ok,text
2010,Vijayawada,45-59,45–59 Years,Male,34.0,ok,text
2010,Vijayawada,45-59,45–59 Years,Total,39.0,ok,text
2010,Vijayawada,60+,60 Years & above,Female,4.0,ok,text
2010,Vijayawada,60+,60 Years & above,Male,10.0,ok,text
2010,Vijayawada,60+,60 Years & above,Total,14.0,ok,text
2010,Vijayawada,all ages,Total,Female,82.0,ok,text
2010,Vijayawada,all ages,Total,Male,159.0,ok,text
2010,Vijayawada,all ages,Total,Total,241.0,ok,text
2010,Visakhapatnam,0-14,Upto 14 Years,Female,3.0,ok,text
2010,Visakhapatnam,0-14,Upto 14 Years,Male,0.0,ok,text
2010,Visakhapatnam,0-14,Upto 14 Years,Total,3.0,ok,text
2010,Visakhapatnam,15-29,15–29 Years,Female,38.0,ok,text
2010,Visakhapatnam,15-29,15–29 Years,Male,79.0,ok,text
2010,Visakhapatnam,15-29,15–29 Years,Total,117.0,ok,text
2010,Visakhapatnam,30-44,30–44 Years,Female,22.0,ok,text
2010,Visakhapatnam,30-44,30–44 Years,Male,72.0,ok,text
2010,Visakhapatnam,30-44,30–44 Years,Total,94.0,ok,text
2010,Visakhapatnam,45-59,45–59 Years,Female,14.0,ok,text
2010,Visakhapatnam,45-59,45–59 Years,Male,42.0,ok,text
2010,Visakhapatnam,45-59,45–59 Years,Total,56.0,ok,text
2010,Visakhapatnam,60+,60 Years & above,Female,4.0,ok,text
2010,Visakhapatnam,60+,60 Years & above,Male,10.0,ok,text
2010,Visakhapatnam,60+,60 Years & above,Total,14.0,ok,text
2010,Visakhapatnam,all ages,Total,Female,81.0,ok,text
2010,Visakhapatnam,all ages,Total,Male,203.0,ok,text
2010,Visakhapatnam,all ages,Total,Total,284.0,ok,text
2011,Agra,0-14,Upto 14 Years,Female,0.0,ok,text
2011,Agra,0-14,Upto 14 Years,Male,2.0,ok,text
2011,Agra,0-14,Upto 14 Years,Total,2.0,ok,text
2011,Agra,15-29,15–29 Years,Female,19.0,ok,text
2011,Agra,15-29,15–29 Years,Male,22.0,ok,text
2011,Agra,15-29,15–29 Years,Total,41.0,ok,text
2011,Agra,30-44,30–44 Years,Female,8.0,ok,text
2011,Agra,30-44,30–44 Years,Male,25.0,ok,text
2011,Agra,30-44,30–44 Years,Total,33.0,ok,text
2011,Agra,45-59,45–59 Years,Female,1.0,ok,text
2011,Agra,45-59,45–59 Years,Male,14.0,ok,text
2011,Agra,45-59,45–59 Years,Total,15.0,ok,text
2011,Agra,60+,60 Years & above,Female,1.0,ok,text
2011,Agra,60+,60 Years & above,Male,4.0,ok,text
2011,Agra,60+,60 Years & above,Total,5.0,ok,text
2011,Agra,all ages,Total,Female,29.0,ok,text
2011,Agra,all ages,Total,Male,67.0,ok,text
2011,Agra,all ages,Total,Total,96.0,ok,text
2011,Ahmedabad,0-14,Upto 14 Years,Female,3.0,ok,text
2011,Ahmedabad,0-14,Upto 14 Years,Male,5.0,ok,text
2011,Ahmedabad,0-14,Upto 14 Years,Total,8.0,ok,text
2011,Ahmedabad,15-29,15–29 Years,Female,87.0,ok,text
2011,Ahmedabad,15-29,15–29 Years,Male,125.0,ok,text
2011,Ahmedabad,15-29,15–29 Years,Total,212.0,ok,text
2011,Ahmedabad,30-44,30–44 Years,Female,59.0,ok,text
2011,Ahmedabad,30-44,30–44 Years,Male,84.0,ok,text
2011,Ahmedabad,30-44,30–44 Years,Total,143.0,ok,text
2011,Ahmedabad,45-59,45–59 Years,Female,24.0,ok,text
2011,Ahmedabad,45-59,45–59 Years,Male,49.0,ok,text
2011,Ahmedabad,45-59,45–59 Years,Total,73.0,ok,text
2011,Ahmedabad,60+,60 Years & above,Female,13.0,ok,text
2011,Ahmedabad,60+,60 Years & above,Male,21.0,ok,text
2011,Ahmedabad,60+,60 Years & above,Total,34.0,ok,text
2011,Ahmedabad,all ages,Total,Female,186.0,ok,text
2011,Ahmedabad,all ages,Total,Male,284.0,ok,text
2011,Ahmedabad,all ages,Total,Total,470.0,ok,text
2011,Prayagraj,0-14,Upto 14 Years,Female,1.0,ok,text
2011,Prayagraj,0-14,Upto 14 Years,Male,1.0,ok,text
2011,Prayagraj,0-14,Upto 14 Years,Total,2.0,ok,text
2011,Prayagraj,15-29,15–29 Years,Female,21.0,ok,text
2011,Prayagraj,15-29,15–29 Years,Male,16.0,ok,text
2011,Prayagraj,15-29,15–29 Years,Total,37.0,ok,text
2011,Prayagraj,30-44,30–44 Years,Female,4.0,ok,text
2011,Prayagraj,30-44,30–44 Years,Male,12.0,ok,text
2011,Prayagraj,30-44,30–44 Years,Total,16.0,ok,text
2011,Prayagraj,45-59,45–59 Years,Female,3.0,ok,text
2011,Prayagraj,45-59,45–59 Years,Male,2.0,ok,text
2011,Prayagraj,45-59,45–59 Years,Total,5.0,ok,text
2011,Prayagraj,60+,60 Years & above,Female,1.0,ok,text
2011,Prayagraj,60+,60 Years & above,Male,1.0,ok,text
2011,Prayagraj,60+,60 Years & above,Total,2.0,ok,text
2011,Prayagraj,all ages,Total,Female,30.0,ok,text
2011,Prayagraj,all ages,Total,Male,32.0,ok,text
2011,Prayagraj,all ages,Total,Total,62.0,ok,text
2011,Amritsar,0-14,Upto 14 Years,Female,0.0,ok,text
2011,Amritsar,0-14,Upto 14 Years,Male,0.0,ok,text
2011,Amritsar,0-14,Upto 14 Years,Total,0.0,ok,text
2011,Amritsar,15-29,15–29 Years,Female,7.0,ok,text
2011,Amritsar,15-29,15–29 Years,Male,7.0,ok,text
2011,Amritsar,15-29,15–29 Years,Total,14.0,ok,text
2011,Amritsar,30-44,30–44 Years,Female,8.0,ok,text
2011,Amritsar,30-44,30–44 Years,Male,15.0,ok,text
2011,Amritsar,30-44,30–44 Years,Total,23.0,ok,text
2011,Amritsar,45-59,45–59 Years,Female,1.0,ok,text
2011,Amritsar,45-59,45–59 Years,Male,10.0,ok,text
2011,Amritsar,45-59,45–59 Years,Total,11.0,ok,text
2011,Amritsar,60+,60 Years & above,Female,0.0,ok,text
2011,Amritsar,60+,60 Years & above,Male,3.0,ok,text
2011,Amritsar,60+,60 Years & above,Total,3.0,ok,text
2011,Amritsar,all ages,Total,Female,16.0,ok,text
2011,Amritsar,all ages,Total,Male,35.0,ok,text
2011,Amritsar,all ages,Total,Total,51.0,ok,text
2011,Asansol,0-14,Upto 14 Years,Female,2.0,ok,text
2011,Asansol,0-14,Upto 14 Years,Male,8.0,ok,text
2011,Asansol,0-14,Upto 14 Years,Total,10.0,ok,text
2011,Asansol,15-29,15–29 Years,Female,48.0,ok,text
2011,Asansol,15-29,15–29 Years,Male,43.0,ok,text
2011,Asansol,15-29,15–29 Years,Total,91.0,ok,text
2011,Asansol,30-44,30–44 Years,Female,46.0,ok,text
2011,Asansol,30-44,30–44 Years,Male,56.0,ok,text
2011,Asansol,30-44,30–44 Years,Total,102.0,ok,text
2011,Asansol,45-59,45–59 Years,Female,42.0,ok,text
2011,Asansol,45-59,45–59 Years,Male,48.0,ok,text
2011,Asansol,45-59,45–59 Years,Total,90.0,ok,text
2011,Asansol,60+,60 Years & above,Female,20.0,ok,text
2011,Asansol,60+,60 Years & above,Male,18.0,ok,text
2011,Asansol,60+,60 Years & above,Total,38.0,ok,text
2011,Asansol,all ages,Total,Female,158.0,ok,text
2011,Asansol,all ages,Total,Male,173.0,ok,text
2011,Asansol,all ages,Total,Total,331.0,ok,text
2011,Chhatrapati Sambhajinagar,0-14,Upto 14 Years,Female,0.0,ok,text
2011,Chhatrapati Sambhajinagar,0-14,Upto 14 Years,Male,0.0,ok,text
2011,Chhatrapati Sambhajinagar,0-14,Upto 14 Years,Total,0.0,ok,text
2011,Chhatrapati Sambhajinagar,15-29,15–29 Years,Female,30.0,ok,text
2011,Chhatrapati Sambhajinagar,15-29,15–29 Years,Male,28.0,ok,text
2011,Chhatrapati Sambhajinagar,15-29,15–29 Years,Total,58.0,ok,text
2011,Chhatrapati Sambhajinagar,30-44,30–44 Years,Female,13.0,ok,text
2011,Chhatrapati Sambhajinagar,30-44,30–44 Years,Male,38.0,ok,text
2011,Chhatrapati Sambhajinagar,30-44,30–44 Years,Total,51.0,ok,text
2011,Chhatrapati Sambhajinagar,45-59,45–59 Years,Female,8.0,ok,text
2011,Chhatrapati Sambhajinagar,45-59,45–59 Years,Male,23.0,ok,text
2011,Chhatrapati Sambhajinagar,45-59,45–59 Years,Total,31.0,ok,text
2011,Chhatrapati Sambhajinagar,60+,60 Years & above,Female,1.0,ok,text
2011,Chhatrapati Sambhajinagar,60+,60 Years & above,Male,3.0,ok,text
2011,Chhatrapati Sambhajinagar,60+,60 Years & above,Total,4.0,ok,text
2011,Chhatrapati Sambhajinagar,all ages,Total,Female,52.0,ok,text
2011,Chhatrapati Sambhajinagar,all ages,Total,Male,92.0,ok,text
2011,Chhatrapati Sambhajinagar,all ages,Total,Total,144.0,ok,text
2011,Bengaluru,0-14,Upto 14 Years,Female,54.0,ok,text
2011,Bengaluru,0-14,Upto 14 Years,Male,19.0,ok,text
2011,Bengaluru,0-14,Upto 14 Years,Total,73.0,ok,text
2011,Bengaluru,15-29,15–29 Years,Female,291.0,ok,text
2011,Bengaluru,15-29,15–29 Years,Male,395.0,ok,text
2011,Bengaluru,15-29,15–29 Years,Total,686.0,ok,text
2011,Bengaluru,30-44,30–44 Years,Female,191.0,ok,text
2011,Bengaluru,30-44,30–44 Years,Male,384.0,ok,text
2011,Bengaluru,30-44,30–44 Years,Total,575.0,ok,text
2011,Bengaluru,45-59,45–59 Years,Female,117.0,ok,text
2011,Bengaluru,45-59,45–59 Years,Male,167.0,ok,text
2011,Bengaluru,45-59,45–59 Years,Total,284.0,ok,text
2011,Bengaluru,60+,60 Years & above,Female,24.0,ok,text
2011,Bengaluru,60+,60 Years & above,Male,75.0,ok,text
2011,Bengaluru,60+,60 Years & above,Total,99.0,ok,text
2011,Bengaluru,all ages,Total,Female,677.0,ok,text
2011,Bengaluru,all ages,Total,Male,1040.0,ok,text
2011,Bengaluru,all ages,Total,Total,1717.0,ok,text
2011,Bhopal,0-14,Upto 14 Years,Female,2.0,ok,text
2011,Bhopal,0-14,Upto 14 Years,Male,3.0,ok,text
2011,Bhopal,0-14,Upto 14 Years,Total,5.0,ok,text
2011,Bhopal,15-29,15–29 Years,Female,25.0,ok,text
2011,Bhopal,15-29,15–29 Years,Male,49.0,ok,text
2011,Bhopal,15-29,15–29 Years,Total,74.0,ok,text
2011,Bhopal,30-44,30–44 Years,Female,16.0,ok,text
2011,Bhopal,30-44,30–44 Years,Male,52.0,ok,text
2011,Bhopal,30-44,30–44 Years,Total,68.0,ok,text
2011,Bhopal,45-59,45–59 Years,Female,4.0,ok,text
2011,Bhopal,45-59,45–59 Years,Male,25.0,ok,text
2011,Bhopal,45-59,45–59 Years,Total,29.0,ok,text
2011,Bhopal,60+,60 Years & above,Female,2.0,ok,text
2011,Bhopal,60+,60 Years & above,Male,18.0,ok,text
2011,Bhopal,60+,60 Years & above,Total,20.0,ok,text
2011,Bhopal,all ages,Total,Female,49.0,ok,text
2011,Bhopal,all ages,Total,Male,147.0,ok,text
2011,Bhopal,all ages,Total,Total,196.0,ok,text
2011,Chandigarh,0-14,Upto 14 Years,Female,0.0,ok,text
2011,Chandigarh,0-14,Upto 14 Years,Male,0.0,ok,text
2011,Chandigarh,0-14,Upto 14 Years,Total,0.0,ok,text
2011,Chandigarh,15-29,15–29 Years,Female,27.0,ok,text
2011,Chandigarh,15-29,15–29 Years,Male,23.0,ok,text
2011,Chandigarh,15-29,15–29 Years,Total,50.0,ok,text
2011,Chandigarh,30-44,30–44 Years,Female,13.0,ok,text
2011,Chandigarh,30-44,30–44 Years,Male,19.0,ok,text
2011,Chandigarh,30-44,30–44 Years,Total,32.0,ok,text
2011,Chandigarh,45-59,45–59 Years,Female,3.0,ok,text
2011,Chandigarh,45-59,45–59 Years,Male,12.0,ok,text
2011,Chandigarh,45-59,45–59 Years,Total,15.0,ok,text
2011,Chandigarh,60+,60 Years & above,Female,0.0,ok,text
2011,Chandigarh,60+,60 Years & above,Male,1.0,ok,text
2011,Chandigarh,60+,60 Years & above,Total,1.0,ok,text
2011,Chandigarh,all ages,Total,Female,43.0,ok,text
2011,Chandigarh,all ages,Total,Male,55.0,ok,text
2011,Chandigarh,all ages,Total,Total,98.0,ok,text
2011,Chennai,0-14,Upto 14 Years,Female,3.0,ok,text
2011,Chennai,0-14,Upto 14 Years,Male,21.0,ok,text
2011,Chennai,0-14,Upto 14 Years,Total,24.0,ok,text
2011,Chennai,15-29,15–29 Years,Female,297.0,ok,text
2011,Chennai,15-29,15–29 Years,Male,572.0,ok,text
2011,Chennai,15-29,15–29 Years,Total,869.0,ok,text
2011,Chennai,30-44,30–44 Years,Female,204.0,ok,text
2011,Chennai,30-44,30–44 Years,Male,647.0,ok,text
2011,Chennai,30-44,30–44 Years,Total,851.0,ok,text
2011,Chennai,45-59,45–59 Years,Female,91.0,ok,text
2011,Chennai,45-59,45–59 Years,Male,427.0,ok,text
2011,Chennai,45-59,45–59 Years,Total,518.0,ok,text
2011,Chennai,60+,60 Years & above,Female,47.0,ok,text
2011,Chennai,60+,60 Years & above,Male,129.0,ok,text
2011,Chennai,60+,60 Years & above,Total,176.0,ok,text
2011,Chennai,all ages,Total,Female,642.0,ok,text
2011,Chennai,all ages,Total,Male,1796.0,ok,text
2011,Chennai,all ages,Total,Total,2438.0,ok,text
2011,Coimbatore,0-14,Upto 14 Years,Female,0.0,ok,text
2011,Coimbatore,0-14,Upto 14 Years,Male,0.0,ok,text
2011,Coimbatore,0-14,Upto 14 Years,Total,0.0,ok,text
2011,Coimbatore,15-29,15–29 Years,Female,85.0,ok,text
2011,Coimbatore,15-29,15–29 Years,Male,94.0,ok,text
2011,Coimbatore,15-29,15–29 Years,Total,179.0,ok,text
2011,Coimbatore,30-44,30–44 Years,Female,40.0,ok,text
2011,Coimbatore,30-44,30–44 Years,Male,102.0,ok,text
2011,Coimbatore,30-44,30–44 Years,Total,142.0,ok,text
2011,Coimbatore,45-59,45–59 Years,Female,13.0,ok,text
2011,Coimbatore,45-59,45–59 Years,Male,50.0,ok,text
2011,Coimbatore,45-59,45–59 Years,Total,63.0,ok,text
2011,Coimbatore,60+,60 Years & above,Female,19.0,ok,text
2011,Coimbatore,60+,60 Years & above,Male,27.0,ok,text
2011,Coimbatore,60+,60 Years & above,Total,46.0,ok,text
2011,Coimbatore,all ages,Total,Female,157.0,ok,text
2011,Coimbatore,all ages,Total,Male,273.0,ok,text
2011,Coimbatore,all ages,Total,Total,430.0,ok,text
2011,Delhi,0-14,Upto 14 Years,Female,16.0,ok,text
2011,Delhi,0-14,Upto 14 Years,Male,13.0,ok,text
2011,Delhi,0-14,Upto 14 Years,Total,29.0,ok,text
2011,Delhi,15-29,15–29 Years,Female,272.0,ok,text
2011,Delhi,15-29,15–29 Years,Male,509.0,ok,text
2011,Delhi,15-29,15–29 Years,Total,781.0,ok,text
2011,Delhi,30-44,30–44 Years,Female,109.0,ok,text
2011,Delhi,30-44,30–44 Years,Male,297.0,ok,text
2011,Delhi,30-44,30–44 Years,Total,406.0,ok,text
2011,Delhi,45-59,45–59 Years,Female,33.0,ok,text
2011,Delhi,45-59,45–59 Years,Male,98.0,ok,text
2011,Delhi,45-59,45–59 Years,Total,131.0,ok,text
2011,Delhi,60+,60 Years & above,Female,9.0,ok,text
2011,Delhi,60+,60 Years & above,Male,29.0,ok,text
2011,Delhi,60+,60 Years & above,Total,38.0,ok,text
2011,Delhi,all ages,Total,Female,439.0,ok,text
2011,Delhi,all ages,Total,Male,946.0,ok,text
2011,Delhi,all ages,Total,Total,1385.0,ok,text
2011,Dhanbad,0-14,Upto 14 Years,Female,1.0,ok,text
2011,Dhanbad,0-14,Upto 14 Years,Male,1.0,ok,text
2011,Dhanbad,0-14,Upto 14 Years,Total,2.0,ok,text
2011,Dhanbad,15-29,15–29 Years,Female,18.0,ok,text
2011,Dhanbad,15-29,15–29 Years,Male,8.0,ok,text
2011,Dhanbad,15-29,15–29 Years,Total,26.0,ok,text
2011,Dhanbad,30-44,30–44 Years,Female,9.0,ok,text
2011,Dhanbad,30-44,30–44 Years,Male,23.0,ok,text
2011,Dhanbad,30-44,30–44 Years,Total,32.0,ok,text
2011,Dhanbad,45-59,45–59 Years,Female,4.0,ok,text
2011,Dhanbad,45-59,45–59 Years,Male,14.0,ok,text
2011,Dhanbad,45-59,45–59 Years,Total,18.0,ok,text
2011,Dhanbad,60+,60 Years & above,Female,0.0,ok,text
2011,Dhanbad,60+,60 Years & above,Male,0.0,ok,text
2011,Dhanbad,60+,60 Years & above,Total,0.0,ok,text
2011,Dhanbad,all ages,Total,Female,32.0,ok,text
2011,Dhanbad,all ages,Total,Male,46.0,ok,text
2011,Dhanbad,all ages,Total,Total,78.0,ok,text
2011,Durg-Bhilainagar,0-14,Upto 14 Years,Female,0.0,ok,text
2011,Durg-Bhilainagar,0-14,Upto 14 Years,Male,0.0,ok,text
2011,Durg-Bhilainagar,0-14,Upto 14 Years,Total,0.0,ok,text
2011,Durg-Bhilainagar,15-29,15–29 Years,Female,25.0,ok,text
2011,Durg-Bhilainagar,15-29,15–29 Years,Male,36.0,ok,text
2011,Durg-Bhilainagar,15-29,15–29 Years,Total,61.0,ok,text
2011,Durg-Bhilainagar,30-44,30–44 Years,Female,52.0,ok,text
2011,Durg-Bhilainagar,30-44,30–44 Years,Male,141.0,ok,text
2011,Durg-Bhilainagar,30-44,30–44 Years,Total,193.0,ok,text
2011,Durg-Bhilainagar,45-59,45–59 Years,Female,15.0,ok,text
2011,Durg-Bhilainagar,45-59,45–59 Years,Male,81.0,ok,text
2011,Durg-Bhilainagar,45-59,45–59 Years,Total,96.0,ok,text
2011,Durg-Bhilainagar,60+,60 Years & above,Female,3.0,ok,text
2011,Durg-Bhilainagar,60+,60 Years & above,Male,4.0,ok,text
2011,Durg-Bhilainagar,60+,60 Years & above,Total,7.0,ok,text
2011,Durg-Bhilainagar,all ages,Total,Female,95.0,ok,text
2011,Durg-Bhilainagar,all ages,Total,Male,262.0,ok,text
2011,Durg-Bhilainagar,all ages,Total,Total,357.0,ok,text
2011,Faridabad,0-14,Upto 14 Years,Female,0.0,ok,text
2011,Faridabad,0-14,Upto 14 Years,Male,0.0,ok,text
2011,Faridabad,0-14,Upto 14 Years,Total,0.0,ok,text
2011,Faridabad,15-29,15–29 Years,Female,23.0,ok,text
2011,Faridabad,15-29,15–29 Years,Male,37.0,ok,text
2011,Faridabad,15-29,15–29 Years,Total,60.0,ok,text
2011,Faridabad,30-44,30–44 Years,Female,7.0,ok,text
2011,Faridabad,30-44,30–44 Years,Male,28.0,ok,text
2011,Faridabad,30-44,30–44 Years,Total,35.0,ok,text
2011,Faridabad,45-59,45–59 Years,Female,1.0,ok,text
2011,Faridabad,45-59,45–59 Years,Male,3.0,ok,text
2011,Faridabad,45-59,45–59 Years,Total,4.0,ok,text
2011,Faridabad,60+,60 Years & above,Female,0.0,ok,text
2011,Faridabad,60+,60 Years & above,Male,0.0,ok,text
2011,Faridabad,60+,60 Years & above,Total,0.0,ok,text
2011,Faridabad,all ages,Total,Female,31.0,ok,text
2011,Faridabad,all ages,Total,Male,68.0,ok,text
2011,Faridabad,all ages,Total,Total,99.0,ok,text
2011,Ghaziabad,0-14,Upto 14 Years,Female,0.0,ok,text
2011,Ghaziabad,0-14,Upto 14 Years,Male,0.0,ok,text
2011,Ghaziabad,0-14,Upto 14 Years,Total,0.0,ok,text
2011,Ghaziabad,15-29,15–29 Years,Female,10.0,ok,text
2011,Ghaziabad,15-29,15–29 Years,Male,6.0,ok,text
2011,Ghaziabad,15-29,15–29 Years,Total,16.0,ok,text
2011,Ghaziabad,30-44,30–44 Years,Female,4.0,ok,text
2011,Ghaziabad,30-44,30–44 Years,Male,8.0,ok,text
2011,Ghaziabad,30-44,30–44 Years,Total,12.0,ok,text
2011,Ghaziabad,45-59,45–59 Years,Female,4.0,ok,text
2011,Ghaziabad,45-59,45–59 Years,Male,3.0,ok,text
2011,Ghaziabad,45-59,45–59 Years,Total,7.0,ok,text
2011,Ghaziabad,60+,60 Years & above,Female,0.0,ok,text
2011,Ghaziabad,60+,60 Years & above,Male,0.0,ok,text
2011,Ghaziabad,60+,60 Years & above,Total,0.0,ok,text
2011,Ghaziabad,all ages,Total,Female,18.0,ok,text
2011,Ghaziabad,all ages,Total,Male,17.0,ok,text
2011,Ghaziabad,all ages,Total,Total,35.0,ok,text
2011,Gwalior,0-14,Upto 14 Years,Female,3.0,ok,text
2011,Gwalior,0-14,Upto 14 Years,Male,5.0,ok,text
2011,Gwalior,0-14,Upto 14 Years,Total,8.0,ok,text
2011,Gwalior,15-29,15–29 Years,Female,65.0,ok,text
2011,Gwalior,15-29,15–29 Years,Male,41.0,ok,text
2011,Gwalior,15-29,15–29 Years,Total,106.0,ok,text
2011,Gwalior,30-44,30–44 Years,Female,18.0,ok,text
2011,Gwalior,30-44,30–44 Years,Male,50.0,ok,text
2011,Gwalior,30-44,30–44 Years,Total,68.0,ok,text
2011,Gwalior,45-59,45–59 Years,Female,8.0,ok,text
2011,Gwalior,45-59,45–59 Years,Male,13.0,ok,text
2011,Gwalior,45-59,45–59 Years,Total,21.0,ok,text
2011,Gwalior,60+,60 Years & above,Female,3.0,ok,text
2011,Gwalior,60+,60 Years & above,Male,3.0,ok,text
2011,Gwalior,60+,60 Years & above,Total,6.0,ok,text
2011,Gwalior,all ages,Total,Female,97.0,ok,text
2011,Gwalior,all ages,Total,Male,112.0,ok,text
2011,Gwalior,all ages,Total,Total,209.0,ok,text
2011,Hyderabad,0-14,Upto 14 Years,Female,17.0,ok,text
2011,Hyderabad,0-14,Upto 14 Years,Male,7.0,ok,text
2011,Hyderabad,0-14,Upto 14 Years,Total,24.0,ok,text
2011,Hyderabad,15-29,15–29 Years,Female,123.0,ok,text
2011,Hyderabad,15-29,15–29 Years,Male,155.0,ok,text
2011,Hyderabad,15-29,15–29 Years,Total,278.0,ok,text
2011,Hyderabad,30-44,30–44 Years,Female,81.0,ok,text
2011,Hyderabad,30-44,30–44 Years,Male,130.0,ok,text
2011,Hyderabad,30-44,30–44 Years,Total,211.0,ok,text
2011,Hyderabad,45-59,45–59 Years,Female,36.0,ok,text
2011,Hyderabad,45-59,45–59 Years,Male,111.0,ok,text
2011,Hyderabad,45-59,45–59 Years,Total,147.0,ok,text
2011,Hyderabad,60+,60 Years & above,Female,21.0,ok,text
2011,Hyderabad,60+,60 Years & above,Male,23.0,ok,text
2011,Hyderabad,60+,60 Years & above,Total,44.0,ok,text
2011,Hyderabad,all ages,Total,Female,278.0,ok,text
2011,Hyderabad,all ages,Total,Male,426.0,ok,text
2011,Hyderabad,all ages,Total,Total,704.0,ok,text
2011,Indore,0-14,Upto 14 Years,Female,2.0,ok,text
2011,Indore,0-14,Upto 14 Years,Male,3.0,ok,text
2011,Indore,0-14,Upto 14 Years,Total,5.0,ok,text
2011,Indore,15-29,15–29 Years,Female,61.0,ok,text
2011,Indore,15-29,15–29 Years,Male,80.0,ok,text
2011,Indore,15-29,15–29 Years,Total,141.0,ok,text
2011,Indore,30-44,30–44 Years,Female,24.0,ok,text
2011,Indore,30-44,30–44 Years,Male,57.0,ok,text
2011,Indore,30-44,30–44 Years,Total,81.0,ok,text
2011,Indore,45-59,45–59 Years,Female,11.0,ok,text
2011,Indore,45-59,45–59 Years,Male,26.0,ok,text
2011,Indore,45-59,45–59 Years,Total,37.0,ok,text
2011,Indore,60+,60 Years & above,Female,7.0,ok,text
2011,Indore,60+,60 Years & above,Male,13.0,ok,text
2011,Indore,60+,60 Years & above,Total,20.0,ok,text
2011,Indore,all ages,Total,Female,105.0,ok,text
2011,Indore,all ages,Total,Male,179.0,ok,text
2011,Indore,all ages,Total,Total,284.0,ok,text
2011,Jabalpur,0-14,Upto 14 Years,Female,0.0,ok,text
2011,Jabalpur,0-14,Upto 14 Years,Male,5.0,ok,text
2011,Jabalpur,0-14,Upto 14 Years,Total,5.0,ok,text
2011,Jabalpur,15-29,15–29 Years,Female,46.0,ok,text
2011,Jabalpur,15-29,15–29 Years,Male,75.0,ok,text
2011,Jabalpur,15-29,15–29 Years,Total,121.0,ok,text
2011,Jabalpur,30-44,30–44 Years,Female,45.0,ok,text
2011,Jabalpur,30-44,30–44 Years,Male,75.0,ok,text
2011,Jabalpur,30-44,30–44 Years,Total,120.0,ok,text
2011,Jabalpur,45-59,45–59 Years,Female,19.0,ok,text
2011,Jabalpur,45-59,45–59 Years,Male,52.0,ok,text
2011,Jabalpur,45-59,45–59 Years,Total,71.0,ok,text
2011,Jabalpur,60+,60 Years & above,Female,15.0,ok,text
2011,Jabalpur,60+,60 Years & above,Male,19.0,ok,text
2011,Jabalpur,60+,60 Years & above,Total,34.0,ok,text
2011,Jabalpur,all ages,Total,Female,125.0,ok,text
2011,Jabalpur,all ages,Total,Male,226.0,ok,text
2011,Jabalpur,all ages,Total,Total,351.0,ok,text
2011,Jaipur,0-14,Upto 14 Years,Female,2.0,ok,text
2011,Jaipur,0-14,Upto 14 Years,Male,5.0,ok,text
2011,Jaipur,0-14,Upto 14 Years,Total,7.0,ok,text
2011,Jaipur,15-29,15–29 Years,Female,79.0,ok,text
2011,Jaipur,15-29,15–29 Years,Male,115.0,ok,text
2011,Jaipur,15-29,15–29 Years,Total,194.0,ok,text
2011,Jaipur,30-44,30–44 Years,Female,26.0,ok,text
2011,Jaipur,30-44,30–44 Years,Male,87.0,ok,text
2011,Jaipur,30-44,30–44 Years,Total,113.0,ok,text
2011,Jaipur,45-59,45–59 Years,Female,8.0,ok,text
2011,Jaipur,45-59,45–59 Years,Male,35.0,ok,text
2011,Jaipur,45-59,45–59 Years,Total,43.0,ok,text
2011,Jaipur,60+,60 Years & above,Female,2.0,ok,text
2011,Jaipur,60+,60 Years & above,Male,3.0,ok,text
2011,Jaipur,60+,60 Years & above,Total,5.0,ok,text
2011,Jaipur,all ages,Total,Female,117.0,ok,text
2011,Jaipur,all ages,Total,Male,245.0,ok,text
2011,Jaipur,all ages,Total,Total,362.0,ok,text
2011,Jamshedpur,0-14,Upto 14 Years,Female,3.0,ok,text
2011,Jamshedpur,0-14,Upto 14 Years,Male,1.0,ok,text
2011,Jamshedpur,0-14,Upto 14 Years,Total,4.0,ok,text
2011,Jamshedpur,15-29,15–29 Years,Female,31.0,ok,text
2011,Jamshedpur,15-29,15–29 Years,Male,38.0,ok,text
2011,Jamshedpur,15-29,15–29 Years,Total,69.0,ok,text
2011,Jamshedpur,30-44,30–44 Years,Female,15.0,ok,text
2011,Jamshedpur,30-44,30–44 Years,Male,28.0,ok,text
2011,Jamshedpur,30-44,30–44 Years,Total,43.0,ok,text
2011,Jamshedpur,45-59,45–59 Years,Female,2.0,ok,text
2011,Jamshedpur,45-59,45–59 Years,Male,6.0,ok,text
2011,Jamshedpur,45-59,45–59 Years,Total,8.0,ok,text
2011,Jamshedpur,60+,60 Years & above,Female,0.0,ok,text
2011,Jamshedpur,60+,60 Years & above,Male,4.0,ok,text
2011,Jamshedpur,60+,60 Years & above,Total,4.0,ok,text
2011,Jamshedpur,all ages,Total,Female,51.0,ok,text
2011,Jamshedpur,all ages,Total,Male,77.0,ok,text
2011,Jamshedpur,all ages,Total,Total,128.0,ok,text
2011,Jodhpur,0-14,Upto 14 Years,Female,0.0,ok,text
2011,Jodhpur,0-14,Upto 14 Years,Male,0.0,ok,text
2011,Jodhpur,0-14,Upto 14 Years,Total,0.0,ok,text
2011,Jodhpur,15-29,15–29 Years,Female,5.0,ok,text
2011,Jodhpur,15-29,15–29 Years,Male,9.0,ok,text
2011,Jodhpur,15-29,15–29 Years,Total,14.0,ok,text
2011,Jodhpur,30-44,30–44 Years,Female,12.0,ok,text
2011,Jodhpur,30-44,30–44 Years,Male,27.0,ok,text
2011,Jodhpur,30-44,30–44 Years,Total,39.0,ok,text
2011,Jodhpur,45-59,45–59 Years,Female,13.0,ok,text
2011,Jodhpur,45-59,45–59 Years,Male,29.0,ok,text
2011,Jodhpur,45-59,45–59 Years,Total,42.0,ok,text
2011,Jodhpur,60+,60 Years & above,Female,0.0,ok,text
2011,Jodhpur,60+,60 Years & above,Male,0.0,ok,text
2011,Jodhpur,60+,60 Years & above,Total,0.0,ok,text
2011,Jodhpur,all ages,Total,Female,30.0,ok,text
2011,Jodhpur,all ages,Total,Male,65.0,ok,text
2011,Jodhpur,all ages,Total,Total,95.0,ok,text
2011,Kannur,0-14,Upto 14 Years,Female,0.0,ok,text
2011,Kannur,0-14,Upto 14 Years,Male,0.0,ok,text
2011,Kannur,0-14,Upto 14 Years,Total,0.0,ok,text
2011,Kannur,15-29,15–29 Years,Female,11.0,ok,text
2011,Kannur,15-29,15–29 Years,Male,16.0,ok,text
2011,Kannur,15-29,15–29 Years,Total,27.0,ok,text
2011,Kannur,30-44,30–44 Years,Female,9.0,ok,text
2011,Kannur,30-44,30–44 Years,Male,25.0,ok,text
2011,Kannur,30-44,30–44 Years,Total,34.0,ok,text
2011,Kannur,45-59,45–59 Years,Female,7.0,ok,text
2011,Kannur,45-59,45–59 Years,Male,31.0,ok,text
2011,Kannur,45-59,45–59 Years,Total,38.0,ok,text
2011,Kannur,60+,60 Years & above,Female,14.0,ok,text
2011,Kannur,60+,60 Years & above,Male,18.0,ok,text
2011,Kannur,60+,60 Years & above,Total,32.0,ok,text
2011,Kannur,all ages,Total,Female,41.0,ok,text
2011,Kannur,all ages,Total,Male,90.0,ok,text
2011,Kannur,all ages,Total,Total,131.0,ok,text
2011,Kanpur,0-14,Upto 14 Years,Female,11.0,ok,text
2011,Kanpur,0-14,Upto 14 Years,Male,4.0,ok,text
2011,Kanpur,0-14,Upto 14 Years,Total,15.0,ok,text
2011,Kanpur,15-29,15–29 Years,Female,228.0,ok,text
2011,Kanpur,15-29,15–29 Years,Male,115.0,ok,text
2011,Kanpur,15-29,15–29 Years,Total,343.0,ok,text
2011,Kanpur,30-44,30–44 Years,Female,79.0,ok,text
2011,Kanpur,30-44,30–44 Years,Male,147.0,ok,text
2011,Kanpur,30-44,30–44 Years,Total,226.0,ok,text
2011,Kanpur,45-59,45–59 Years,Female,19.0,ok,text
2011,Kanpur,45-59,45–59 Years,Male,56.0,ok,text
2011,Kanpur,45-59,45–59 Years,Total,75.0,ok,text
2011,Kanpur,60+,60 Years & above,Female,13.0,ok,text
2011,Kanpur,60+,60 Years & above,Male,14.0,ok,text
2011,Kanpur,60+,60 Years & above,Total,27.0,ok,text
2011,Kanpur,all ages,Total,Female,350.0,ok,text
2011,Kanpur,all ages,Total,Male,336.0,ok,text
2011,Kanpur,all ages,Total,Total,686.0,ok,text
2011,Kochi,0-14,Upto 14 Years,Female,3.0,ok,text
2011,Kochi,0-14,Upto 14 Years,Male,1.0,ok,text
2011,Kochi,0-14,Upto 14 Years,Total,4.0,ok,text
2011,Kochi,15-29,15–29 Years,Female,21.0,ok,text
2011,Kochi,15-29,15–29 Years,Male,34.0,ok,text
2011,Kochi,15-29,15–29 Years,Total,55.0,ok,text
2011,Kochi,30-44,30–44 Years,Female,15.0,ok,text
2011,Kochi,30-44,30–44 Years,Male,63.0,ok,text
2011,Kochi,30-44,30–44 Years,Total,78.0,ok,text
2011,Kochi,45-59,45–59 Years,Female,9.0,ok,text
2011,Kochi,45-59,45–59 Years,Male,58.0,ok,text
2011,Kochi,45-59,45–59 Years,Total,67.0,ok,text
2011,Kochi,60+,60 Years & above,Female,8.0,ok,text
2011,Kochi,60+,60 Years & above,Male,25.0,ok,text
2011,Kochi,60+,60 Years & above,Total,33.0,ok,text
2011,Kochi,all ages,Total,Female,56.0,ok,text
2011,Kochi,all ages,Total,Male,181.0,ok,text
2011,Kochi,all ages,Total,Total,237.0,ok,text
2011,Kolkata,0-14,Upto 14 Years,Female,4.0,ok,text
2011,Kolkata,0-14,Upto 14 Years,Male,3.0,ok,text
2011,Kolkata,0-14,Upto 14 Years,Total,7.0,ok,text
2011,Kolkata,15-29,15–29 Years,Female,39.0,ok,text
2011,Kolkata,15-29,15–29 Years,Male,39.0,ok,text
2011,Kolkata,15-29,15–29 Years,Total,78.0,ok,text
2011,Kolkata,30-44,30–44 Years,Female,32.0,ok,text
2011,Kolkata,30-44,30–44 Years,Male,52.0,ok,text
2011,Kolkata,30-44,30–44 Years,Total,84.0,ok,text
2011,Kolkata,45-59,45–59 Years,Female,28.0,ok,text
2011,Kolkata,45-59,45–59 Years,Male,34.0,ok,text
2011,Kolkata,45-59,45–59 Years,Total,62.0,ok,text
2011,Kolkata,60+,60 Years & above,Female,12.0,ok,text
2011,Kolkata,60+,60 Years & above,Male,25.0,ok,text
2011,Kolkata,60+,60 Years & above,Total,37.0,ok,text
2011,Kolkata,all ages,Total,Female,115.0,ok,text
2011,Kolkata,all ages,Total,Male,153.0,ok,text
2011,Kolkata,all ages,Total,Total,268.0,ok,text
2011,Kollam,0-14,Upto 14 Years,Female,5.0,ok,text
2011,Kollam,0-14,Upto 14 Years,Male,0.0,ok,text
2011,Kollam,0-14,Upto 14 Years,Total,5.0,ok,text
2011,Kollam,15-29,15–29 Years,Female,26.0,ok,text
2011,Kollam,15-29,15–29 Years,Male,71.0,ok,text
2011,Kollam,15-29,15–29 Years,Total,97.0,ok,text
2011,Kollam,30-44,30–44 Years,Female,33.0,ok,text
2011,Kollam,30-44,30–44 Years,Male,98.0,ok,text
2011,Kollam,30-44,30–44 Years,Total,131.0,ok,text
2011,Kollam,45-59,45–59 Years,Female,25.0,ok,text
2011,Kollam,45-59,45–59 Years,Male,115.0,ok,text
2011,Kollam,45-59,45–59 Years,Total,140.0,ok,text
2011,Kollam,60+,60 Years & above,Female,23.0,ok,text
2011,Kollam,60+,60 Years & above,Male,40.0,ok,text
2011,Kollam,60+,60 Years & above,Total,63.0,ok,text
2011,Kollam,all ages,Total,Female,112.0,ok,text
2011,Kollam,all ages,Total,Male,324.0,ok,text
2011,Kollam,all ages,Total,Total,436.0,ok,text
2011,Kota,0-14,Upto 14 Years,Female,0.0,ok,text
2011,Kota,0-14,Upto 14 Years,Male,0.0,ok,text
2011,Kota,0-14,Upto 14 Years,Total,0.0,ok,text
2011,Kota,15-29,15–29 Years,Female,19.0,ok,text
2011,Kota,15-29,15–29 Years,Male,65.0,ok,text
2011,Kota,15-29,15–29 Years,Total,84.0,ok,text
2011,Kota,30-44,30–44 Years,Female,10.0,ok,text
2011,Kota,30-44,30–44 Years,Male,14.0,ok,text
2011,Kota,30-44,30–44 Years,Total,24.0,ok,text
2011,Kota,45-59,45–59 Years,Female,0.0,ok,text
2011,Kota,45-59,45–59 Years,Male,4.0,ok,text
2011,Kota,45-59,45–59 Years,Total,4.0,ok,text
2011,Kota,60+,60 Years & above,Female,0.0,ok,text
2011,Kota,60+,60 Years & above,Male,0.0,ok,text
2011,Kota,60+,60 Years & above,Total,0.0,ok,text
2011,Kota,all ages,Total,Female,29.0,ok,text
2011,Kota,all ages,Total,Male,83.0,ok,text
2011,Kota,all ages,Total,Total,112.0,ok,text
2011,Kozhikode,0-14,Upto 14 Years,Female,2.0,ok,text
2011,Kozhikode,0-14,Upto 14 Years,Male,2.0,ok,text
2011,Kozhikode,0-14,Upto 14 Years,Total,4.0,ok,text
2011,Kozhikode,15-29,15–29 Years,Female,15.0,ok,text
2011,Kozhikode,15-29,15–29 Years,Male,35.0,ok,text
2011,Kozhikode,15-29,15–29 Years,Total,50.0,ok,text
2011,Kozhikode,30-44,30–44 Years,Female,20.0,ok,text
2011,Kozhikode,30-44,30–44 Years,Male,36.0,ok,text
2011,Kozhikode,30-44,30–44 Years,Total,56.0,ok,text
2011,Kozhikode,45-59,45–59 Years,Female,13.0,ok,text
2011,Kozhikode,45-59,45–59 Years,Male,52.0,ok,text
2011,Kozhikode,45-59,45–59 Years,Total,65.0,ok,text
2011,Kozhikode,60+,60 Years & above,Female,15.0,ok,text
2011,Kozhikode,60+,60 Years & above,Male,20.0,ok,text
2011,Kozhikode,60+,60 Years & above,Total,35.0,ok,text
2011,Kozhikode,all ages,Total,Female,65.0,ok,text
2011,Kozhikode,all ages,Total,Male,145.0,ok,text
2011,Kozhikode,all ages,Total,Total,210.0,ok,text
2011,Lucknow,0-14,Upto 14 Years,Female,0.0,ok,text
2011,Lucknow,0-14,Upto 14 Years,Male,0.0,ok,text
2011,Lucknow,0-14,Upto 14 Years,Total,0.0,ok,text
2011,Lucknow,15-29,15–29 Years,Female,11.0,ok,text
2011,Lucknow,15-29,15–29 Years,Male,26.0,ok,text
2011,Lucknow,15-29,15–29 Years,Total,37.0,ok,text
2011,Lucknow,30-44,30–44 Years,Female,14.0,ok,text
2011,Lucknow,30-44,30–44 Years,Male,54.0,ok,text
2011,Lucknow,30-44,30–44 Years,Total,68.0,ok,text
2011,Lucknow,45-59,45–59 Years,Female,13.0,ok,text
2011,Lucknow,45-59,45–59 Years,Male,65.0,ok,text
2011,Lucknow,45-59,45–59 Years,Total,78.0,ok,text
2011,Lucknow,60+,60 Years & above,Female,4.0,ok,text
2011,Lucknow,60+,60 Years & above,Male,16.0,ok,text
2011,Lucknow,60+,60 Years & above,Total,20.0,ok,text
2011,Lucknow,all ages,Total,Female,42.0,ok,text
2011,Lucknow,all ages,Total,Male,161.0,ok,text
2011,Lucknow,all ages,Total,Total,203.0,ok,text
2011,Ludhiana,0-14,Upto 14 Years,Female,0.0,ok,text
2011,Ludhiana,0-14,Upto 14 Years,Male,0.0,ok,text
2011,Ludhiana,0-14,Upto 14 Years,Total,0.0,ok,text
2011,Ludhiana,15-29,15–29 Years,Female,10.0,ok,text
2011,Ludhiana,15-29,15–29 Years,Male,11.0,ok,text
2011,Ludhiana,15-29,15–29 Years,Total,21.0,ok,text
2011,Ludhiana,30-44,30–44 Years,Female,5.0,ok,text
2011,Ludhiana,30-44,30–44 Years,Male,24.0,ok,text
2011,Ludhiana,30-44,30–44 Years,Total,29.0,ok,text
2011,Ludhiana,45-59,45–59 Years,Female,0.0,ok,text
2011,Ludhiana,45-59,45–59 Years,Male,3.0,ok,text
2011,Ludhiana,45-59,45–59 Years,Total,3.0,ok,text
2011,Ludhiana,60+,60 Years & above,Female,0.0,ok,text
2011,Ludhiana,60+,60 Years & above,Male,1.0,ok,text
2011,Ludhiana,60+,60 Years & above,Total,1.0,ok,text
2011,Ludhiana,all ages,Total,Female,15.0,ok,text
2011,Ludhiana,all ages,Total,Male,39.0,ok,text
2011,Ludhiana,all ages,Total,Total,54.0,ok,text
2011,Madurai,0-14,Upto 14 Years,Female,4.0,ok,text
2011,Madurai,0-14,Upto 14 Years,Male,1.0,ok,text
2011,Madurai,0-14,Upto 14 Years,Total,5.0,ok,text
2011,Madurai,15-29,15–29 Years,Female,59.0,ok,text
2011,Madurai,15-29,15–29 Years,Male,56.0,ok,text
2011,Madurai,15-29,15–29 Years,Total,115.0,ok,text
2011,Madurai,30-44,30–44 Years,Female,35.0,ok,text
2011,Madurai,30-44,30–44 Years,Male,56.0,ok,text
2011,Madurai,30-44,30–44 Years,Total,91.0,ok,text
2011,Madurai,45-59,45–59 Years,Female,8.0,ok,text
2011,Madurai,45-59,45–59 Years,Male,25.0,ok,text
2011,Madurai,45-59,45–59 Years,Total,33.0,ok,text
2011,Madurai,60+,60 Years & above,Female,10.0,ok,text
2011,Madurai,60+,60 Years & above,Male,6.0,ok,text
2011,Madurai,60+,60 Years & above,Total,16.0,ok,text
2011,Madurai,all ages,Total,Female,116.0,ok,text
2011,Madurai,all ages,Total,Male,144.0,ok,text
2011,Madurai,all ages,Total,Total,260.0,ok,text
2011,Malappuram,0-14,Upto 14 Years,Female,1.0,ok,text
2011,Malappuram,0-14,Upto 14 Years,Male,2.0,ok,text
2011,Malappuram,0-14,Upto 14 Years,Total,3.0,ok,text
2011,Malappuram,15-29,15–29 Years,Female,10.0,ok,text
2011,Malappuram,15-29,15–29 Years,Male,5.0,ok,text
2011,Malappuram,15-29,15–29 Years,Total,15.0,ok,text
2011,Malappuram,30-44,30–44 Years,Female,10.0,ok,text
2011,Malappuram,30-44,30–44 Years,Male,12.0,ok,text
2011,Malappuram,30-44,30–44 Years,Total,22.0,ok,text
2011,Malappuram,45-59,45–59 Years,Female,5.0,ok,text
2011,Malappuram,45-59,45–59 Years,Male,9.0,ok,text
2011,Malappuram,45-59,45–59 Years,Total,14.0,ok,text
2011,Malappuram,60+,60 Years & above,Female,2.0,ok,text
2011,Malappuram,60+,60 Years & above,Male,4.0,ok,text
2011,Malappuram,60+,60 Years & above,Total,6.0,ok,text
2011,Malappuram,all ages,Total,Female,28.0,ok,text
2011,Malappuram,all ages,Total,Male,32.0,ok,text
2011,Malappuram,all ages,Total,Total,60.0,ok,text
2011,Meerut,0-14,Upto 14 Years,Female,1.0,ok,text
2011,Meerut,0-14,Upto 14 Years,Male,0.0,ok,text
2011,Meerut,0-14,Upto 14 Years,Total,1.0,ok,text
2011,Meerut,15-29,15–29 Years,Female,17.0,ok,text
2011,Meerut,15-29,15–29 Years,Male,11.0,ok,text
2011,Meerut,15-29,15–29 Years,Total,28.0,ok,text
2011,Meerut,30-44,30–44 Years,Female,9.0,ok,text
2011,Meerut,30-44,30–44 Years,Male,17.0,ok,text
2011,Meerut,30-44,30–44 Years,Total,26.0,ok,text
2011,Meerut,45-59,45–59 Years,Female,5.0,ok,text
2011,Meerut,45-59,45–59 Years,Male,14.0,ok,text
2011,Meerut,45-59,45–59 Years,Total,19.0,ok,text
2011,Meerut,60+,60 Years & above,Female,1.0,ok,text
2011,Meerut,60+,60 Years & above,Male,0.0,ok,text
2011,Meerut,60+,60 Years & above,Total,1.0,ok,text
2011,Meerut,all ages,Total,Female,33.0,ok,text
2011,Meerut,all ages,Total,Male,42.0,ok,text
2011,Meerut,all ages,Total,Total,75.0,ok,text
2011,Mumbai,0-14,Upto 14 Years,Female,7.0,ok,text
2011,Mumbai,0-14,Upto 14 Years,Male,4.0,ok,text
2011,Mumbai,0-14,Upto 14 Years,Total,11.0,ok,text
2011,Mumbai,15-29,15–29 Years,Female,298.0,ok,text
2011,Mumbai,15-29,15–29 Years,Male,253.0,ok,text
2011,Mumbai,15-29,15–29 Years,Total,551.0,ok,text
2011,Mumbai,30-44,30–44 Years,Female,143.0,ok,text
2011,Mumbai,30-44,30–44 Years,Male,221.0,ok,text
2011,Mumbai,30-44,30–44 Years,Total,364.0,ok,text
2011,Mumbai,45-59,45–59 Years,Female,44.0,ok,text
2011,Mumbai,45-59,45–59 Years,Male,113.0,ok,text
2011,Mumbai,45-59,45–59 Years,Total,157.0,ok,text
2011,Mumbai,60+,60 Years & above,Female,30.0,ok,text
2011,Mumbai,60+,60 Years & above,Male,49.0,ok,text
2011,Mumbai,60+,60 Years & above,Total,79.0,ok,text
2011,Mumbai,all ages,Total,Female,522.0,ok,text
2011,Mumbai,all ages,Total,Male,640.0,ok,text
2011,Mumbai,all ages,Total,Total,1162.0,ok,text
2011,Nagpur,0-14,Upto 14 Years,Female,3.0,ok,text
2011,Nagpur,0-14,Upto 14 Years,Male,1.0,ok,text
2011,Nagpur,0-14,Upto 14 Years,Total,4.0,ok,text
2011,Nagpur,15-29,15–29 Years,Female,65.0,ok,text
2011,Nagpur,15-29,15–29 Years,Male,111.0,ok,text
2011,Nagpur,15-29,15–29 Years,Total,176.0,ok,text
2011,Nagpur,30-44,30–44 Years,Female,43.0,ok,text
2011,Nagpur,30-44,30–44 Years,Male,120.0,ok,text
2011,Nagpur,30-44,30–44 Years,Total,163.0,ok,text
2011,Nagpur,45-59,45–59 Years,Female,17.0,ok,text
2011,Nagpur,45-59,45–59 Years,Male,59.0,ok,text
2011,Nagpur,45-59,45–59 Years,Total,76.0,ok,text
2011,Nagpur,60+,60 Years & above,Female,14.0,ok,text
2011,Nagpur,60+,60 Years & above,Male,22.0,ok,text
2011,Nagpur,60+,60 Years & above,Total,36.0,ok,text
2011,Nagpur,all ages,Total,Female,142.0,ok,text
2011,Nagpur,all ages,Total,Male,313.0,ok,text
2011,Nagpur,all ages,Total,Total,455.0,ok,text
2011,Nashik,0-14,Upto 14 Years,Female,2.0,ok,text
2011,Nashik,0-14,Upto 14 Years,Male,0.0,ok,text
2011,Nashik,0-14,Upto 14 Years,Total,2.0,ok,text
2011,Nashik,15-29,15–29 Years,Female,42.0,ok,text
2011,Nashik,15-29,15–29 Years,Male,56.0,ok,text
2011,Nashik,15-29,15–29 Years,Total,98.0,ok,text
2011,Nashik,30-44,30–44 Years,Female,13.0,ok,text
2011,Nashik,30-44,30–44 Years,Male,44.0,ok,text
2011,Nashik,30-44,30–44 Years,Total,57.0,ok,text
2011,Nashik,45-59,45–59 Years,Female,3.0,ok,text
2011,Nashik,45-59,45–59 Years,Male,22.0,ok,text
2011,Nashik,45-59,45–59 Years,Total,25.0,ok,text
2011,Nashik,60+,60 Years & above,Female,1.0,ok,text
2011,Nashik,60+,60 Years & above,Male,14.0,ok,text
2011,Nashik,60+,60 Years & above,Total,15.0,ok,text
2011,Nashik,all ages,Total,Female,61.0,ok,text
2011,Nashik,all ages,Total,Male,136.0,ok,text
2011,Nashik,all ages,Total,Total,197.0,ok,text
2011,Patna,0-14,Upto 14 Years,Female,0.0,ok,text
2011,Patna,0-14,Upto 14 Years,Male,0.0,ok,text
2011,Patna,0-14,Upto 14 Years,Total,0.0,ok,text
2011,Patna,15-29,15–29 Years,Female,9.0,ok,text
2011,Patna,15-29,15–29 Years,Male,9.0,ok,text
2011,Patna,15-29,15–29 Years,Total,18.0,ok,text
2011,Patna,30-44,30–44 Years,Female,5.0,ok,text
2011,Patna,30-44,30–44 Years,Male,9.0,ok,text
2011,Patna,30-44,30–44 Years,Total,14.0,ok,text
2011,Patna,45-59,45–59 Years,Female,5.0,ok,text
2011,Patna,45-59,45–59 Years,Male,2.0,ok,text
2011,Patna,45-59,45–59 Years,Total,7.0,ok,text
2011,Patna,60+,60 Years & above,Female,0.0,ok,text
2011,Patna,60+,60 Years & above,Male,1.0,ok,text
2011,Patna,60+,60 Years & above,Total,1.0,ok,text
2011,Patna,all ages,Total,Female,19.0,ok,text
2011,Patna,all ages,Total,Male,21.0,ok,text
2011,Patna,all ages,Total,Total,40.0,ok,text
2011,Pune,0-14,Upto 14 Years,Female,6.0,ok,text
2011,Pune,0-14,Upto 14 Years,Male,4.0,ok,text
2011,Pune,0-14,Upto 14 Years,Total,10.0,ok,text
2011,Pune,15-29,15–29 Years,Female,126.0,ok,text
2011,Pune,15-29,15–29 Years,Male,186.0,ok,text
2011,Pune,15-29,15–29 Years,Total,312.0,ok,text
2011,Pune,30-44,30–44 Years,Female,51.0,ok,text
2011,Pune,30-44,30–44 Years,Male,162.0,ok,text
2011,Pune,30-44,30–44 Years,Total,213.0,ok,text
2011,Pune,45-59,45–59 Years,Female,18.0,ok,text
2011,Pune,45-59,45–59 Years,Male,78.0,ok,text
2011,Pune,45-59,45–59 Years,Total,96.0,ok,text
2011,Pune,60+,60 Years & above,Female,9.0,ok,text
2011,Pune,60+,60 Years & above,Male,35.0,ok,text
2011,Pune,60+,60 Years & above,Total,44.0,ok,text
2011,Pune,all ages,Total,Female,210.0,ok,text
2011,Pune,all ages,Total,Male,465.0,ok,text
2011,Pune,all ages,Total,Total,675.0,ok,text
2011,Raipur,0-14,Upto 14 Years,Female,7.0,ok,text
2011,Raipur,0-14,Upto 14 Years,Male,2.0,ok,text
2011,Raipur,0-14,Upto 14 Years,Total,9.0,ok,text
2011,Raipur,15-29,15–29 Years,Female,60.0,ok,text
2011,Raipur,15-29,15–29 Years,Male,65.0,ok,text
2011,Raipur,15-29,15–29 Years,Total,125.0,ok,text
2011,Raipur,30-44,30–44 Years,Female,18.0,ok,text
2011,Raipur,30-44,30–44 Years,Male,42.0,ok,text
2011,Raipur,30-44,30–44 Years,Total,60.0,ok,text
2011,Raipur,45-59,45–59 Years,Female,10.0,ok,text
2011,Raipur,45-59,45–59 Years,Male,30.0,ok,text
2011,Raipur,45-59,45–59 Years,Total,40.0,ok,text
2011,Raipur,60+,60 Years & above,Female,4.0,ok,text
2011,Raipur,60+,60 Years & above,Male,8.0,ok,text
2011,Raipur,60+,60 Years & above,Total,12.0,ok,text
2011,Raipur,all ages,Total,Female,99.0,ok,text
2011,Raipur,all ages,Total,Male,147.0,ok,text
2011,Raipur,all ages,Total,Total,246.0,ok,text
2011,Rajkot,0-14,Upto 14 Years,Female,0.0,ok,text
2011,Rajkot,0-14,Upto 14 Years,Male,0.0,ok,text
2011,Rajkot,0-14,Upto 14 Years,Total,0.0,ok,text
2011,Rajkot,15-29,15–29 Years,Female,57.0,ok,text
2011,Rajkot,15-29,15–29 Years,Male,51.0,ok,text
2011,Rajkot,15-29,15–29 Years,Total,108.0,ok,text
2011,Rajkot,30-44,30–44 Years,Female,63.0,ok,text
2011,Rajkot,30-44,30–44 Years,Male,80.0,ok,text
2011,Rajkot,30-44,30–44 Years,Total,143.0,ok,text
2011,Rajkot,45-59,45–59 Years,Female,43.0,ok,text
2011,Rajkot,45-59,45–59 Years,Male,58.0,ok,text
2011,Rajkot,45-59,45–59 Years,Total,101.0,ok,text
2011,Rajkot,60+,60 Years & above,Female,16.0,ok,text
2011,Rajkot,60+,60 Years & above,Male,22.0,ok,text
2011,Rajkot,60+,60 Years & above,Total,38.0,ok,text
2011,Rajkot,all ages,Total,Female,179.0,ok,text
2011,Rajkot,all ages,Total,Male,211.0,ok,text
2011,Rajkot,all ages,Total,Total,390.0,ok,text
2011,Ranchi,0-14,Upto 14 Years,Female,1.0,ok,text
2011,Ranchi,0-14,Upto 14 Years,Male,1.0,ok,text
2011,Ranchi,0-14,Upto 14 Years,Total,2.0,ok,text
2011,Ranchi,15-29,15–29 Years,Female,12.0,ok,text
2011,Ranchi,15-29,15–29 Years,Male,20.0,ok,text
2011,Ranchi,15-29,15–29 Years,Total,32.0,ok,text
2011,Ranchi,30-44,30–44 Years,Female,12.0,ok,text
2011,Ranchi,30-44,30–44 Years,Male,13.0,ok,text
2011,Ranchi,30-44,30–44 Years,Total,25.0,ok,text
2011,Ranchi,45-59,45–59 Years,Female,4.0,ok,text
2011,Ranchi,45-59,45–59 Years,Male,6.0,ok,text
2011,Ranchi,45-59,45–59 Years,Total,10.0,ok,text
2011,Ranchi,60+,60 Years & above,Female,2.0,ok,text
2011,Ranchi,60+,60 Years & above,Male,5.0,ok,text
2011,Ranchi,60+,60 Years & above,Total,7.0,ok,text
2011,Ranchi,all ages,Total,Female,31.0,ok,text
2011,Ranchi,all ages,Total,Male,45.0,ok,text
2011,Ranchi,all ages,Total,Total,76.0,ok,text
2011,Srinagar,0-14,Upto 14 Years,Female,0.0,ok,text
2011,Srinagar,0-14,Upto 14 Years,Male,0.0,ok,text
2011,Srinagar,0-14,Upto 14 Years,Total,0.0,ok,text
2011,Srinagar,15-29,15–29 Years,Female,2.0,ok,text
2011,Srinagar,15-29,15–29 Years,Male,1.0,ok,text
2011,Srinagar,15-29,15–29 Years,Total,3.0,ok,text
2011,Srinagar,30-44,30–44 Years,Female,1.0,ok,text
2011,Srinagar,30-44,30–44 Years,Male,3.0,ok,text
2011,Srinagar,30-44,30–44 Years,Total,4.0,ok,text
2011,Srinagar,45-59,45–59 Years,Female,1.0,ok,text
2011,Srinagar,45-59,45–59 Years,Male,0.0,ok,text
2011,Srinagar,45-59,45–59 Years,Total,1.0,ok,text
2011,Srinagar,60+,60 Years & above,Female,0.0,ok,text
2011,Srinagar,60+,60 Years & above,Male,0.0,ok,text
2011,Srinagar,60+,60 Years & above,Total,0.0,ok,text
2011,Srinagar,all ages,Total,Female,4.0,ok,text
2011,Srinagar,all ages,Total,Male,4.0,ok,text
2011,Srinagar,all ages,Total,Total,8.0,ok,text
2011,Surat,0-14,Upto 14 Years,Female,5.0,ok,text
2011,Surat,0-14,Upto 14 Years,Male,3.0,ok,text
2011,Surat,0-14,Upto 14 Years,Total,8.0,ok,text
2011,Surat,15-29,15–29 Years,Female,87.0,ok,text
2011,Surat,15-29,15–29 Years,Male,109.0,ok,text
2011,Surat,15-29,15–29 Years,Total,196.0,ok,text
2011,Surat,30-44,30–44 Years,Female,58.0,ok,text
2011,Surat,30-44,30–44 Years,Male,116.0,ok,text
2011,Surat,30-44,30–44 Years,Total,174.0,ok,text
2011,Surat,45-59,45–59 Years,Female,45.0,ok,text
2011,Surat,45-59,45–59 Years,Male,60.0,ok,text
2011,Surat,45-59,45–59 Years,Total,105.0,ok,text
2011,Surat,60+,60 Years & above,Female,18.0,ok,text
2011,Surat,60+,60 Years & above,Male,21.0,ok,text
2011,Surat,60+,60 Years & above,Total,39.0,ok,text
2011,Surat,all ages,Total,Female,213.0,ok,text
2011,Surat,all ages,Total,Male,309.0,ok,text
2011,Surat,all ages,Total,Total,522.0,ok,text
2011,Thiruvananthapuram,0-14,Upto 14 Years,Female,5.0,ok,text
2011,Thiruvananthapuram,0-14,Upto 14 Years,Male,2.0,ok,text
2011,Thiruvananthapuram,0-14,Upto 14 Years,Total,7.0,ok,text
2011,Thiruvananthapuram,15-29,15–29 Years,Female,27.0,ok,text
2011,Thiruvananthapuram,15-29,15–29 Years,Male,51.0,ok,text
2011,Thiruvananthapuram,15-29,15–29 Years,Total,78.0,ok,text
2011,Thiruvananthapuram,30-44,30–44 Years,Female,13.0,ok,text
2011,Thiruvananthapuram,30-44,30–44 Years,Male,64.0,ok,text
2011,Thiruvananthapuram,30-44,30–44 Years,Total,77.0,ok,text
2011,Thiruvananthapuram,45-59,45–59 Years,Female,15.0,ok,text
2011,Thiruvananthapuram,45-59,45–59 Years,Male,76.0,ok,text
2011,Thiruvananthapuram,45-59,45–59 Years,Total,91.0,ok,text
2011,Thiruvananthapuram,60+,60 Years & above,Female,17.0,ok,text
2011,Thiruvananthapuram,60+,60 Years & above,Male,38.0,ok,text
2011,Thiruvananthapuram,60+,60 Years & above,Total,55.0,ok,text
2011,Thiruvananthapuram,all ages,Total,Female,77.0,ok,text
2011,Thiruvananthapuram,all ages,Total,Male,231.0,ok,text
2011,Thiruvananthapuram,all ages,Total,Total,308.0,ok,text
2011,Thrissur,0-14,Upto 14 Years,Female,1.0,ok,text
2011,Thrissur,0-14,Upto 14 Years,Male,3.0,ok,text
2011,Thrissur,0-14,Upto 14 Years,Total,4.0,ok,text
2011,Thrissur,15-29,15–29 Years,Female,19.0,ok,text
2011,Thrissur,15-29,15–29 Years,Male,33.0,ok,text
2011,Thrissur,15-29,15–29 Years,Total,52.0,ok,text
2011,Thrissur,30-44,30–44 Years,Female,20.0,ok,text
2011,Thrissur,30-44,30–44 Years,Male,53.0,ok,text
2011,Thrissur,30-44,30–44 Years,Total,73.0,ok,text
2011,Thrissur,45-59,45–59 Years,Female,12.0,ok,text
2011,Thrissur,45-59,45–59 Years,Male,60.0,ok,text
2011,Thrissur,45-59,45–59 Years,Total,72.0,ok,text
2011,Thrissur,60+,60 Years & above,Female,27.0,ok,text
2011,Thrissur,60+,60 Years & above,Male,52.0,ok,text
2011,Thrissur,60+,60 Years & above,Total,79.0,ok,text
2011,Thrissur,all ages,Total,Female,79.0,ok,text
2011,Thrissur,all ages,Total,Male,201.0,ok,text
2011,Thrissur,all ages,Total,Total,280.0,ok,text
2011,Tiruchirappalli,0-14,Upto 14 Years,Female,3.0,ok,text
2011,Tiruchirappalli,0-14,Upto 14 Years,Male,1.0,ok,text
2011,Tiruchirappalli,0-14,Upto 14 Years,Total,4.0,ok,text
2011,Tiruchirappalli,15-29,15–29 Years,Female,43.0,ok,text
2011,Tiruchirappalli,15-29,15–29 Years,Male,42.0,ok,text
2011,Tiruchirappalli,15-29,15–29 Years,Total,85.0,ok,text
2011,Tiruchirappalli,30-44,30–44 Years,Female,20.0,ok,text
2011,Tiruchirappalli,30-44,30–44 Years,Male,48.0,ok,text
2011,Tiruchirappalli,30-44,30–44 Years,Total,68.0,ok,text
2011,Tiruchirappalli,45-59,45–59 Years,Female,9.0,ok,text
2011,Tiruchirappalli,45-59,45–59 Years,Male,35.0,ok,text
2011,Tiruchirappalli,45-59,45–59 Years,Total,44.0,ok,text
2011,Tiruchirappalli,60+,60 Years & above,Female,11.0,ok,text
2011,Tiruchirappalli,60+,60 Years & above,Male,13.0,ok,text
2011,Tiruchirappalli,60+,60 Years & above,Total,24.0,ok,text
2011,Tiruchirappalli,all ages,Total,Female,86.0,ok,text
2011,Tiruchirappalli,all ages,Total,Male,139.0,ok,text
2011,Tiruchirappalli,all ages,Total,Total,225.0,ok,text
2011,Vadodara,0-14,Upto 14 Years,Female,5.0,ok,text
2011,Vadodara,0-14,Upto 14 Years,Male,0.0,ok,text
2011,Vadodara,0-14,Upto 14 Years,Total,5.0,ok,text
2011,Vadodara,15-29,15–29 Years,Female,33.0,ok,text
2011,Vadodara,15-29,15–29 Years,Male,58.0,ok,text
2011,Vadodara,15-29,15–29 Years,Total,91.0,ok,text
2011,Vadodara,30-44,30–44 Years,Female,18.0,ok,text
2011,Vadodara,30-44,30–44 Years,Male,37.0,ok,text
2011,Vadodara,30-44,30–44 Years,Total,55.0,ok,text
2011,Vadodara,45-59,45–59 Years,Female,5.0,ok,text
2011,Vadodara,45-59,45–59 Years,Male,30.0,ok,text
2011,Vadodara,45-59,45–59 Years,Total,35.0,ok,text
2011,Vadodara,60+,60 Years & above,Female,3.0,ok,text
2011,Vadodara,60+,60 Years & above,Male,4.0,ok,text
2011,Vadodara,60+,60 Years & above,Total,7.0,ok,text
2011,Vadodara,all ages,Total,Female,64.0,ok,text
2011,Vadodara,all ages,Total,Male,129.0,ok,text
2011,Vadodara,all ages,Total,Total,193.0,ok,text
2011,Varanasi,0-14,Upto 14 Years,Female,0.0,ok,text
2011,Varanasi,0-14,Upto 14 Years,Male,0.0,ok,text
2011,Varanasi,0-14,Upto 14 Years,Total,0.0,ok,text
2011,Varanasi,15-29,15–29 Years,Female,14.0,ok,text
2011,Varanasi,15-29,15–29 Years,Male,7.0,ok,text
2011,Varanasi,15-29,15–29 Years,Total,21.0,ok,text
2011,Varanasi,30-44,30–44 Years,Female,12.0,ok,text
2011,Varanasi,30-44,30–44 Years,Male,13.0,ok,text
2011,Varanasi,30-44,30–44 Years,Total,25.0,ok,text
2011,Varanasi,45-59,45–59 Years,Female,0.0,ok,text
2011,Varanasi,45-59,45–59 Years,Male,12.0,ok,text
2011,Varanasi,45-59,45–59 Years,Total,12.0,ok,text
2011,Varanasi,60+,60 Years & above,Female,0.0,ok,text
2011,Varanasi,60+,60 Years & above,Male,6.0,ok,text
2011,Varanasi,60+,60 Years & above,Total,6.0,ok,text
2011,Varanasi,all ages,Total,Female,26.0,ok,text
2011,Varanasi,all ages,Total,Male,38.0,ok,text
2011,Varanasi,all ages,Total,Total,64.0,ok,text
2011,Vasai Virar,0-14,Upto 14 Years,Female,3.0,ok,text
2011,Vasai Virar,0-14,Upto 14 Years,Male,3.0,ok,text
2011,Vasai Virar,0-14,Upto 14 Years,Total,6.0,ok,text
2011,Vasai Virar,15-29,15–29 Years,Female,28.0,ok,text
2011,Vasai Virar,15-29,15–29 Years,Male,41.0,ok,text
2011,Vasai Virar,15-29,15–29 Years,Total,69.0,ok,text
2011,Vasai Virar,30-44,30–44 Years,Female,18.0,ok,text
2011,Vasai Virar,30-44,30–44 Years,Male,34.0,ok,text
2011,Vasai Virar,30-44,30–44 Years,Total,52.0,ok,text
2011,Vasai Virar,45-59,45–59 Years,Female,3.0,ok,text
2011,Vasai Virar,45-59,45–59 Years,Male,11.0,ok,text
2011,Vasai Virar,45-59,45–59 Years,Total,14.0,ok,text
2011,Vasai Virar,60+,60 Years & above,Female,0.0,ok,text
2011,Vasai Virar,60+,60 Years & above,Male,7.0,ok,text
2011,Vasai Virar,60+,60 Years & above,Total,7.0,ok,text
2011,Vasai Virar,all ages,Total,Female,52.0,ok,text
2011,Vasai Virar,all ages,Total,Male,96.0,ok,text
2011,Vasai Virar,all ages,Total,Total,148.0,ok,text
2011,Vijayawada,0-14,Upto 14 Years,Female,6.0,ok,text
2011,Vijayawada,0-14,Upto 14 Years,Male,1.0,ok,text
2011,Vijayawada,0-14,Upto 14 Years,Total,7.0,ok,text
2011,Vijayawada,15-29,15–29 Years,Female,38.0,ok,text
2011,Vijayawada,15-29,15–29 Years,Male,86.0,ok,text
2011,Vijayawada,15-29,15–29 Years,Total,124.0,ok,text
2011,Vijayawada,30-44,30–44 Years,Female,18.0,ok,text
2011,Vijayawada,30-44,30–44 Years,Male,50.0,ok,text
2011,Vijayawada,30-44,30–44 Years,Total,68.0,ok,text
2011,Vijayawada,45-59,45–59 Years,Female,6.0,ok,text
2011,Vijayawada,45-59,45–59 Years,Male,19.0,ok,text
2011,Vijayawada,45-59,45–59 Years,Total,25.0,ok,text
2011,Vijayawada,60+,60 Years & above,Female,2.0,ok,text
2011,Vijayawada,60+,60 Years & above,Male,4.0,ok,text
2011,Vijayawada,60+,60 Years & above,Total,6.0,ok,text
2011,Vijayawada,all ages,Total,Female,70.0,ok,text
2011,Vijayawada,all ages,Total,Male,160.0,ok,text
2011,Vijayawada,all ages,Total,Total,230.0,ok,text
2011,Visakhapatnam,0-14,Upto 14 Years,Female,0.0,ok,text
2011,Visakhapatnam,0-14,Upto 14 Years,Male,0.0,ok,text
2011,Visakhapatnam,0-14,Upto 14 Years,Total,0.0,ok,text
2011,Visakhapatnam,15-29,15–29 Years,Female,21.0,ok,text
2011,Visakhapatnam,15-29,15–29 Years,Male,41.0,ok,text
2011,Visakhapatnam,15-29,15–29 Years,Total,62.0,ok,text
2011,Visakhapatnam,30-44,30–44 Years,Female,9.0,ok,text
2011,Visakhapatnam,30-44,30–44 Years,Male,60.0,ok,text
2011,Visakhapatnam,30-44,30–44 Years,Total,69.0,ok,text
2011,Visakhapatnam,45-59,45–59 Years,Female,26.0,ok,text
2011,Visakhapatnam,45-59,45–59 Years,Male,40.0,ok,text
2011,Visakhapatnam,45-59,45–59 Years,Total,66.0,ok,text
2011,Visakhapatnam,60+,60 Years & above,Female,2.0,ok,text
2011,Visakhapatnam,60+,60 Years & above,Male,10.0,ok,text
2011,Visakhapatnam,60+,60 Years & above,Total,12.0,ok,text
2011,Visakhapatnam,all ages,Total,Female,58.0,ok,text
2011,Visakhapatnam,all ages,Total,Male,151.0,ok,text
2011,Visakhapatnam,all ages,Total,Total,209.0,ok,text
2012,Agra,0-14,Upto 14 years,Female,0.0,ok,text
2012,Agra,0-14,Upto 14 years,Male,1.0,ok,text
2012,Agra,0-14,Upto 14 years,Total,1.0,ok,text
2012,Agra,15-29,15–29 years,Female,6.0,ok,text
2012,Agra,15-29,15–29 years,Male,8.0,ok,text
2012,Agra,15-29,15–29 years,Total,14.0,ok,text
2012,Agra,30-44,30–44 years,Female,7.0,ok,text
2012,Agra,30-44,30–44 years,Male,3.0,ok,text
2012,Agra,30-44,30–44 years,Total,10.0,ok,text
2012,Agra,45-59,45–59 years,Female,3.0,ok,text
2012,Agra,45-59,45–59 years,Male,3.0,ok,text
2012,Agra,45-59,45–59 years,Total,6.0,ok,text
2012,Agra,60+,60 years & above,Female,0.0,ok,text
2012,Agra,60+,60 years & above,Male,0.0,ok,text
2012,Agra,60+,60 years & above,Total,0.0,ok,text
2012,Agra,all ages,Total,Female,16.0,ok,text
2012,Agra,all ages,Total,Male,15.0,ok,text
2012,Agra,all ages,Total,Total,31.0,ok,text
2012,Ahmedabad,0-14,Upto 14 years,Female,5.0,ok,text
2012,Ahmedabad,0-14,Upto 14 years,Male,2.0,ok,text
2012,Ahmedabad,0-14,Upto 14 years,Total,7.0,ok,text
2012,Ahmedabad,15-29,15–29 years,Female,118.0,ok,text
2012,Ahmedabad,15-29,15–29 years,Male,152.0,ok,text
2012,Ahmedabad,15-29,15–29 years,Total,270.0,ok,text
2012,Ahmedabad,30-44,30–44 years,Female,90.0,ok,text
2012,Ahmedabad,30-44,30–44 years,Male,113.0,ok,text
2012,Ahmedabad,30-44,30–44 years,Total,203.0,ok,text
2012,Ahmedabad,45-59,45–59 years,Female,32.0,ok,text
2012,Ahmedabad,45-59,45–59 years,Male,68.0,ok,text
2012,Ahmedabad,45-59,45–59 years,Total,100.0,ok,text
2012,Ahmedabad,60+,60 years & above,Female,10.0,ok,text
2012,Ahmedabad,60+,60 years & above,Male,24.0,ok,text
2012,Ahmedabad,60+,60 years & above,Total,34.0,ok,text
2012,Ahmedabad,all ages,Total,Female,255.0,ok,text
2012,Ahmedabad,all ages,Total,Male,359.0,ok,text
2012,Ahmedabad,all ages,Total,Total,614.0,ok,text
2012,Prayagraj,0-14,Upto 14 years,Female,3.0,ok,text
2012,Prayagraj,0-14,Upto 14 years,Male,1.0,ok,text
2012,Prayagraj,0-14,Upto 14 years,Total,4.0,ok,text
2012,Prayagraj,15-29,15–29 years,Female,60.0,ok,text
2012,Prayagraj,15-29,15–29 years,Male,14.0,ok,text
2012,Prayagraj,15-29,15–29 years,Total,74.0,ok,text
2012,Prayagraj,30-44,30–44 years,Female,7.0,ok,text
2012,Prayagraj,30-44,30–44 years,Male,1.0,ok,text
2012,Prayagraj,30-44,30–44 years,Total,8.0,ok,text
2012,Prayagraj,45-59,45–59 years,Female,0.0,ok,text
2012,Prayagraj,45-59,45–59 years,Male,1.0,ok,text
2012,Prayagraj,45-59,45–59 years,Total,1.0,ok,text
2012,Prayagraj,60+,60 years & above,Female,0.0,ok,text
2012,Prayagraj,60+,60 years & above,Male,0.0,ok,text
2012,Prayagraj,60+,60 years & above,Total,0.0,ok,text
2012,Prayagraj,all ages,Total,Female,70.0,ok,text
2012,Prayagraj,all ages,Total,Male,17.0,ok,text
2012,Prayagraj,all ages,Total,Total,87.0,ok,text
2012,Amritsar,0-14,Upto 14 years,Female,0.0,ok,text
2012,Amritsar,0-14,Upto 14 years,Male,1.0,ok,text
2012,Amritsar,0-14,Upto 14 years,Total,1.0,ok,text
2012,Amritsar,15-29,15–29 years,Female,14.0,ok,text
2012,Amritsar,15-29,15–29 years,Male,14.0,ok,text
2012,Amritsar,15-29,15–29 years,Total,28.0,ok,text
2012,Amritsar,30-44,30–44 years,Female,7.0,ok,text
2012,Amritsar,30-44,30–44 years,Male,15.0,ok,text
2012,Amritsar,30-44,30–44 years,Total,22.0,ok,text
2012,Amritsar,45-59,45–59 years,Female,3.0,ok,text
2012,Amritsar,45-59,45–59 years,Male,6.0,ok,text
2012,Amritsar,45-59,45–59 years,Total,9.0,ok,text
2012,Amritsar,60+,60 years & above,Female,0.0,ok,text
2012,Amritsar,60+,60 years & above,Male,0.0,ok,text
2012,Amritsar,60+,60 years & above,Total,0.0,ok,text
2012,Amritsar,all ages,Total,Female,24.0,ok,text
2012,Amritsar,all ages,Total,Male,36.0,ok,text
2012,Amritsar,all ages,Total,Total,60.0,ok,text
2012,Asansol,0-14,Upto 14 years,Female,0.0,ok,text
2012,Asansol,0-14,Upto 14 years,Male,0.0,ok,text
2012,Asansol,0-14,Upto 14 years,Total,0.0,ok,text
2012,Asansol,15-29,15–29 years,Female,9.0,ok,text
2012,Asansol,15-29,15–29 years,Male,8.0,ok,text
2012,Asansol,15-29,15–29 years,Total,17.0,ok,text
2012,Asansol,30-44,30–44 years,Female,1.0,ok,text
2012,Asansol,30-44,30–44 years,Male,2.0,ok,text
2012,Asansol,30-44,30–44 years,Total,3.0,ok,text
2012,Asansol,45-59,45–59 years,Female,1.0,ok,text
2012,Asansol,45-59,45–59 years,Male,3.0,ok,text
2012,Asansol,45-59,45–59 years,Total,4.0,ok,text
2012,Asansol,60+,60 years & above,Female,0.0,ok,text
2012,Asansol,60+,60 years & above,Male,0.0,ok,text
2012,Asansol,60+,60 years & above,Total,0.0,ok,text
2012,Asansol,all ages,Total,Female,11.0,ok,text
2012,Asansol,all ages,Total,Male,13.0,ok,text
2012,Asansol,all ages,Total,Total,24.0,ok,text
2012,Chhatrapati Sambhajinagar,0-14,Upto 14 years,Female,2.0,ok,text
2012,Chhatrapati Sambhajinagar,0-14,Upto 14 years,Male,2.0,ok,text
2012,Chhatrapati Sambhajinagar,0-14,Upto 14 years,Total,4.0,ok,text
2012,Chhatrapati Sambhajinagar,15-29,15–29 years,Female,22.0,ok,text
2012,Chhatrapati Sambhajinagar,15-29,15–29 years,Male,35.0,ok,text
2012,Chhatrapati Sambhajinagar,15-29,15–29 years,Total,57.0,ok,text
2012,Chhatrapati Sambhajinagar,30-44,30–44 years,Female,11.0,ok,text
2012,Chhatrapati Sambhajinagar,30-44,30–44 years,Male,38.0,ok,text
2012,Chhatrapati Sambhajinagar,30-44,30–44 years,Total,49.0,ok,text
2012,Chhatrapati Sambhajinagar,45-59,45–59 years,Female,4.0,ok,text
2012,Chhatrapati Sambhajinagar,45-59,45–59 years,Male,15.0,ok,text
2012,Chhatrapati Sambhajinagar,45-59,45–59 years,Total,19.0,ok,text
2012,Chhatrapati Sambhajinagar,60+,60 years & above,Female,1.0,ok,text
2012,Chhatrapati Sambhajinagar,60+,60 years & above,Male,5.0,ok,text
2012,Chhatrapati Sambhajinagar,60+,60 years & above,Total,6.0,ok,text
2012,Chhatrapati Sambhajinagar,all ages,Total,Female,40.0,ok,text
2012,Chhatrapati Sambhajinagar,all ages,Total,Male,95.0,ok,text
2012,Chhatrapati Sambhajinagar,all ages,Total,Total,135.0,ok,text
2012,Bengaluru,0-14,Upto 14 years,Female,24.0,ok,text
2012,Bengaluru,0-14,Upto 14 years,Male,10.0,ok,text
2012,Bengaluru,0-14,Upto 14 years,Total,34.0,ok,text
2012,Bengaluru,15-29,15–29 years,Female,472.0,ok,text
2012,Bengaluru,15-29,15–29 years,Male,480.0,ok,text
2012,Bengaluru,15-29,15–29 years,Total,952.0,ok,text
2012,Bengaluru,30-44,30–44 years,Female,204.0,ok,text
2012,Bengaluru,30-44,30–44 years,Male,392.0,ok,text
2012,Bengaluru,30-44,30–44 years,Total,596.0,ok,text
2012,Bengaluru,45-59,45–59 years,Female,70.0,ok,text
2012,Bengaluru,45-59,45–59 years,Male,209.0,ok,text
2012,Bengaluru,45-59,45–59 years,Total,279.0,ok,text
2012,Bengaluru,60+,60 years & above,Female,43.0,ok,text
2012,Bengaluru,60+,60 years & above,Male,85.0,ok,text
2012,Bengaluru,60+,60 years & above,Total,128.0,ok,text
2012,Bengaluru,all ages,Total,Female,813.0,ok,text
2012,Bengaluru,all ages,Total,Male,1176.0,ok,text
2012,Bengaluru,all ages,Total,Total,1989.0,ok,text
2012,Bhopal,0-14,Upto 14 years,Female,6.0,ok,text
2012,Bhopal,0-14,Upto 14 years,Male,6.0,ok,text
2012,Bhopal,0-14,Upto 14 years,Total,12.0,ok,text
2012,Bhopal,15-29,15–29 years,Female,74.0,ok,text
2012,Bhopal,15-29,15–29 years,Male,65.0,ok,text
2012,Bhopal,15-29,15–29 years,Total,139.0,ok,text
2012,Bhopal,30-44,30–44 years,Female,19.0,ok,text
2012,Bhopal,30-44,30–44 years,Male,53.0,ok,text
2012,Bhopal,30-44,30–44 years,Total,72.0,ok,text
2012,Bhopal,45-59,45–59 years,Female,4.0,ok,text
2012,Bhopal,45-59,45–59 years,Male,25.0,ok,text
2012,Bhopal,45-59,45–59 years,Total,29.0,ok,text
2012,Bhopal,60+,60 years & above,Female,14.0,ok,text
2012,Bhopal,60+,60 years & above,Male,9.0,ok,text
2012,Bhopal,60+,60 years & above,Total,23.0,ok,text
2012,Bhopal,all ages,Total,Female,117.0,ok,text
2012,Bhopal,all ages,Total,Male,158.0,ok,text
2012,Bhopal,all ages,Total,Total,275.0,ok,text
2012,Chandigarh,0-14,Upto 14 years,Female,0.0,ok,text
2012,Chandigarh,0-14,Upto 14 years,Male,2.0,ok,text
2012,Chandigarh,0-14,Upto 14 years,Total,2.0,ok,text
2012,Chandigarh,15-29,15–29 years,Female,26.0,ok,text
2012,Chandigarh,15-29,15–29 years,Male,28.0,ok,text
2012,Chandigarh,15-29,15–29 years,Total,54.0,ok,text
2012,Chandigarh,30-44,30–44 years,Female,7.0,ok,text
2012,Chandigarh,30-44,30–44 years,Male,31.0,ok,text
2012,Chandigarh,30-44,30–44 years,Total,38.0,ok,text
2012,Chandigarh,45-59,45–59 years,Female,0.0,ok,text
2012,Chandigarh,45-59,45–59 years,Male,8.0,ok,text
2012,Chandigarh,45-59,45–59 years,Total,8.0,ok,text
2012,Chandigarh,60+,60 years & above,Female,1.0,ok,text
2012,Chandigarh,60+,60 years & above,Male,1.0,ok,text
2012,Chandigarh,60+,60 years & above,Total,2.0,ok,text
2012,Chandigarh,all ages,Total,Female,34.0,ok,text
2012,Chandigarh,all ages,Total,Male,70.0,ok,text
2012,Chandigarh,all ages,Total,Total,104.0,ok,text
2012,Chennai,0-14,Upto 14 years,Female,12.0,ok,text
2012,Chennai,0-14,Upto 14 years,Male,10.0,ok,text
2012,Chennai,0-14,Upto 14 years,Total,22.0,ok,text
2012,Chennai,15-29,15–29 years,Female,437.0,ok,text
2012,Chennai,15-29,15–29 years,Male,571.0,ok,text
2012,Chennai,15-29,15–29 years,Total,1008.0,ok,text
2012,Chennai,30-44,30–44 years,Female,166.0,ok,text
2012,Chennai,30-44,30–44 years,Male,533.0,ok,text
2012,Chennai,30-44,30–44 years,Total,699.0,ok,text
2012,Chennai,45-59,45–59 years,Female,53.0,ok,text
2012,Chennai,45-59,45–59 years,Male,272.0,ok,text
2012,Chennai,45-59,45–59 years,Total,325.0,ok,text
2012,Chennai,60+,60 years & above,Female,38.0,ok,text
2012,Chennai,60+,60 years & above,Male,91.0,ok,text
2012,Chennai,60+,60 years & above,Total,129.0,ok,text
2012,Chennai,all ages,Total,Female,706.0,ok,text
2012,Chennai,all ages,Total,Male,1477.0,ok,text
2012,Chennai,all ages,Total,Total,2183.0,ok,text
2012,Coimbatore,0-14,Upto 14 years,Female,0.0,ok,text
2012,Coimbatore,0-14,Upto 14 years,Male,1.0,ok,text
2012,Coimbatore,0-14,Upto 14 years,Total,1.0,ok,text
2012,Coimbatore,15-29,15–29 years,Female,50.0,ok,text
2012,Coimbatore,15-29,15–29 years,Male,82.0,ok,text
2012,Coimbatore,15-29,15–29 years,Total,132.0,ok,text
2012,Coimbatore,30-44,30–44 years,Female,45.0,ok,text
2012,Coimbatore,30-44,30–44 years,Male,90.0,ok,text
2012,Coimbatore,30-44,30–44 years,Total,135.0,ok,text
2012,Coimbatore,45-59,45–59 years,Female,12.0,ok,text
2012,Coimbatore,45-59,45–59 years,Male,69.0,ok,text
2012,Coimbatore,45-59,45–59 years,Total,81.0,ok,text
2012,Coimbatore,60+,60 years & above,Female,13.0,ok,text
2012,Coimbatore,60+,60 years & above,Male,34.0,ok,text
2012,Coimbatore,60+,60 years & above,Total,47.0,ok,text
2012,Coimbatore,all ages,Total,Female,120.0,ok,text
2012,Coimbatore,all ages,Total,Male,276.0,ok,text
2012,Coimbatore,all ages,Total,Total,396.0,ok,text
2012,Delhi,0-14,Upto 14 years,Female,22.0,ok,text
2012,Delhi,0-14,Upto 14 years,Male,17.0,ok,text
2012,Delhi,0-14,Upto 14 years,Total,39.0,ok,text
2012,Delhi,15-29,15–29 years,Female,297.0,ok,text
2012,Delhi,15-29,15–29 years,Male,451.0,ok,text
2012,Delhi,15-29,15–29 years,Total,748.0,ok,text
2012,Delhi,30-44,30–44 years,Female,122.0,ok,text
2012,Delhi,30-44,30–44 years,Male,326.0,ok,text
2012,Delhi,30-44,30–44 years,Total,448.0,ok,text
2012,Delhi,45-59,45–59 years,Female,33.0,ok,text
2012,Delhi,45-59,45–59 years,Male,92.0,ok,text
2012,Delhi,45-59,45–59 years,Total,125.0,ok,text
2012,Delhi,60+,60 years & above,Female,10.0,ok,text
2012,Delhi,60+,60 years & above,Male,27.0,ok,text
2012,Delhi,60+,60 years & above,Total,37.0,ok,text
2012,Delhi,all ages,Total,Female,484.0,ok,text
2012,Delhi,all ages,Total,Male,913.0,ok,text
2012,Delhi,all ages,Total,Total,1397.0,ok,text
2012,Dhanbad,0-14,Upto 14 years,Female,0.0,ok,text
2012,Dhanbad,0-14,Upto 14 years,Male,1.0,ok,text
2012,Dhanbad,0-14,Upto 14 years,Total,1.0,ok,text
2012,Dhanbad,15-29,15–29 years,Female,19.0,ok,text
2012,Dhanbad,15-29,15–29 years,Male,9.0,ok,text
2012,Dhanbad,15-29,15–29 years,Total,28.0,ok,text
2012,Dhanbad,30-44,30–44 years,Female,10.0,ok,text
2012,Dhanbad,30-44,30–44 years,Male,25.0,ok,text
2012,Dhanbad,30-44,30–44 years,Total,35.0,ok,text
2012,Dhanbad,45-59,45–59 years,Female,6.0,ok,text
2012,Dhanbad,45-59,45–59 years,Male,16.0,ok,text
2012,Dhanbad,45-59,45–59 years,Total,22.0,ok,text
2012,Dhanbad,60+,60 years & above,Female,0.0,ok,text
2012,Dhanbad,60+,60 years & above,Male,0.0,ok,text
2012,Dhanbad,60+,60 years & above,Total,0.0,ok,text
2012,Dhanbad,all ages,Total,Female,35.0,ok,text
2012,Dhanbad,all ages,Total,Male,51.0,ok,text
2012,Dhanbad,all ages,Total,Total,86.0,ok,text
2012,Durg-Bhilainagar,0-14,Upto 14 years,Female,0.0,ok,text
2012,Durg-Bhilainagar,0-14,Upto 14 years,Male,0.0,ok,text
2012,Durg-Bhilainagar,0-14,Upto 14 years,Total,0.0,ok,text
2012,Durg-Bhilainagar,15-29,15–29 years,Female,28.0,ok,text
2012,Durg-Bhilainagar,15-29,15–29 years,Male,22.0,ok,text
2012,Durg-Bhilainagar,15-29,15–29 years,Total,50.0,ok,text
2012,Durg-Bhilainagar,30-44,30–44 years,Female,44.0,ok,text
2012,Durg-Bhilainagar,30-44,30–44 years,Male,86.0,ok,text
2012,Durg-Bhilainagar,30-44,30–44 years,Total,130.0,ok,text
2012,Durg-Bhilainagar,45-59,45–59 years,Female,21.0,ok,text
2012,Durg-Bhilainagar,45-59,45–59 years,Male,73.0,ok,text
2012,Durg-Bhilainagar,45-59,45–59 years,Total,94.0,ok,text
2012,Durg-Bhilainagar,60+,60 years & above,Female,10.0,ok,text
2012,Durg-Bhilainagar,60+,60 years & above,Male,19.0,ok,text
2012,Durg-Bhilainagar,60+,60 years & above,Total,29.0,ok,text
2012,Durg-Bhilainagar,all ages,Total,Female,103.0,ok,text
2012,Durg-Bhilainagar,all ages,Total,Male,200.0,ok,text
2012,Durg-Bhilainagar,all ages,Total,Total,303.0,ok,text
2012,Faridabad,0-14,Upto 14 years,Female,0.0,ok,text
2012,Faridabad,0-14,Upto 14 years,Male,2.0,ok,text
2012,Faridabad,0-14,Upto 14 years,Total,2.0,ok,text
2012,Faridabad,15-29,15–29 years,Female,44.0,ok,text
2012,Faridabad,15-29,15–29 years,Male,55.0,ok,text
2012,Faridabad,15-29,15–29 years,Total,99.0,ok,text
2012,Faridabad,30-44,30–44 years,Female,14.0,ok,text
2012,Faridabad,30-44,30–44 years,Male,41.0,ok,text
2012,Faridabad,30-44,30–44 years,Total,55.0,ok,text
2012,Faridabad,45-59,45–59 years,Female,2.0,ok,text
2012,Faridabad,45-59,45–59 years,Male,6.0,ok,text
2012,Faridabad,45-59,45–59 years,Total,8.0,ok,text
2012,Faridabad,60+,60 years & above,Female,1.0,ok,text
2012,Faridabad,60+,60 years & above,Male,3.0,ok,text
2012,Faridabad,60+,60 years & above,Total,4.0,ok,text
2012,Faridabad,all ages,Total,Female,61.0,ok,text
2012,Faridabad,all ages,Total,Male,107.0,ok,text
2012,Faridabad,all ages,Total,Total,168.0,ok,text
2012,Ghaziabad,0-14,Upto 14 years,Female,0.0,ok,text
2012,Ghaziabad,0-14,Upto 14 years,Male,0.0,ok,text
2012,Ghaziabad,0-14,Upto 14 years,Total,0.0,ok,text
2012,Ghaziabad,15-29,15–29 years,Female,16.0,ok,text
2012,Ghaziabad,15-29,15–29 years,Male,15.0,ok,text
2012,Ghaziabad,15-29,15–29 years,Total,31.0,ok,text
2012,Ghaziabad,30-44,30–44 years,Female,12.0,ok,text
2012,Ghaziabad,30-44,30–44 years,Male,18.0,ok,text
2012,Ghaziabad,30-44,30–44 years,Total,30.0,ok,text
2012,Ghaziabad,45-59,45–59 years,Female,0.0,ok,text
2012,Ghaziabad,45-59,45–59 years,Male,9.0,ok,text
2012,Ghaziabad,45-59,45–59 years,Total,9.0,ok,text
2012,Ghaziabad,60+,60 years & above,Female,0.0,ok,text
2012,Ghaziabad,60+,60 years & above,Male,2.0,ok,text
2012,Ghaziabad,60+,60 years & above,Total,2.0,ok,text
2012,Ghaziabad,all ages,Total,Female,28.0,ok,text
2012,Ghaziabad,all ages,Total,Male,44.0,ok,text
2012,Ghaziabad,all ages,Total,Total,72.0,ok,text
2012,Gwalior,0-14,Upto 14 years,Female,2.0,ok,text
2012,Gwalior,0-14,Upto 14 years,Male,0.0,ok,text
2012,Gwalior,0-14,Upto 14 years,Total,2.0,ok,text
2012,Gwalior,15-29,15–29 years,Female,67.0,ok,text
2012,Gwalior,15-29,15–29 years,Male,47.0,ok,text
2012,Gwalior,15-29,15–29 years,Total,114.0,ok,text
2012,Gwalior,30-44,30–44 years,Female,24.0,ok,text
2012,Gwalior,30-44,30–44 years,Male,44.0,ok,text
2012,Gwalior,30-44,30–44 years,Total,68.0,ok,text
2012,Gwalior,45-59,45–59 years,Female,7.0,ok,text
2012,Gwalior,45-59,45–59 years,Male,13.0,ok,text
2012,Gwalior,45-59,45–59 years,Total,20.0,ok,text
2012,Gwalior,60+,60 years & above,Female,1.0,ok,text
2012,Gwalior,60+,60 years & above,Male,3.0,ok,text
2012,Gwalior,60+,60 years & above,Total,4.0,ok,text
2012,Gwalior,all ages,Total,Female,101.0,ok,text
2012,Gwalior,all ages,Total,Male,107.0,ok,text
2012,Gwalior,all ages,Total,Total,208.0,ok,text
2012,Hyderabad,0-14,Upto 14 years,Female,2.0,ok,text
2012,Hyderabad,0-14,Upto 14 years,Male,0.0,ok,text
2012,Hyderabad,0-14,Upto 14 years,Total,2.0,ok,text
2012,Hyderabad,15-29,15–29 years,Female,104.0,ok,text
2012,Hyderabad,15-29,15–29 years,Male,139.0,ok,text
2012,Hyderabad,15-29,15–29 years,Total,243.0,ok,text
2012,Hyderabad,30-44,30–44 years,Female,70.0,ok,text
2012,Hyderabad,30-44,30–44 years,Male,183.0,ok,text
2012,Hyderabad,30-44,30–44 years,Total,253.0,ok,text
2012,Hyderabad,45-59,45–59 years,Female,32.0,ok,text
2012,Hyderabad,45-59,45–59 years,Male,75.0,ok,text
2012,Hyderabad,45-59,45–59 years,Total,107.0,ok,text
2012,Hyderabad,60+,60 years & above,Female,13.0,ok,text
2012,Hyderabad,60+,60 years & above,Male,33.0,ok,text
2012,Hyderabad,60+,60 years & above,Total,46.0,ok,text
2012,Hyderabad,all ages,Total,Female,221.0,ok,text
2012,Hyderabad,all ages,Total,Male,430.0,ok,text
2012,Hyderabad,all ages,Total,Total,651.0,ok,text
2012,Indore,0-14,Upto 14 years,Female,7.0,ok,text
2012,Indore,0-14,Upto 14 years,Male,1.0,ok,text
2012,Indore,0-14,Upto 14 years,Total,8.0,ok,text
2012,Indore,15-29,15–29 years,Female,107.0,ok,text
2012,Indore,15-29,15–29 years,Male,120.0,ok,text
2012,Indore,15-29,15–29 years,Total,227.0,ok,text
2012,Indore,30-44,30–44 years,Female,27.0,ok,text
2012,Indore,30-44,30–44 years,Male,95.0,ok,text
2012,Indore,30-44,30–44 years,Total,122.0,ok,text
2012,Indore,45-59,45–59 years,Female,7.0,ok,text
2012,Indore,45-59,45–59 years,Male,46.0,ok,text
2012,Indore,45-59,45–59 years,Total,53.0,ok,text
2012,Indore,60+,60 years & above,Female,8.0,ok,text
2012,Indore,60+,60 years & above,Male,16.0,ok,text
2012,Indore,60+,60 years & above,Total,24.0,ok,text
2012,Indore,all ages,Total,Female,156.0,ok,text
2012,Indore,all ages,Total,Male,278.0,ok,text
2012,Indore,all ages,Total,Total,434.0,ok,text
2012,Jabalpur,0-14,Upto 14 years,Female,5.0,ok,text
2012,Jabalpur,0-14,Upto 14 years,Male,3.0,ok,text
2012,Jabalpur,0-14,Upto 14 years,Total,8.0,ok,text
2012,Jabalpur,15-29,15–29 years,Female,88.0,ok,text
2012,Jabalpur,15-29,15–29 years,Male,105.0,ok,text
2012,Jabalpur,15-29,15–29 years,Total,193.0,ok,text
2012,Jabalpur,30-44,30–44 years,Female,53.0,ok,text
2012,Jabalpur,30-44,30–44 years,Male,126.0,ok,text
2012,Jabalpur,30-44,30–44 years,Total,179.0,ok,text
2012,Jabalpur,45-59,45–59 years,Female,35.0,ok,text
2012,Jabalpur,45-59,45–59 years,Male,93.0,ok,text
2012,Jabalpur,45-59,45–59 years,Total,128.0,ok,text
2012,Jabalpur,60+,60 years & above,Female,18.0,ok,text
2012,Jabalpur,60+,60 years & above,Male,46.0,ok,text
2012,Jabalpur,60+,60 years & above,Total,64.0,ok,text
2012,Jabalpur,all ages,Total,Female,199.0,ok,text
2012,Jabalpur,all ages,Total,Male,373.0,ok,text
2012,Jabalpur,all ages,Total,Total,572.0,ok,text
2012,Jaipur,0-14,Upto 14 years,Female,7.0,ok,text
2012,Jaipur,0-14,Upto 14 years,Male,3.0,ok,text
2012,Jaipur,0-14,Upto 14 years,Total,10.0,ok,text
2012,Jaipur,15-29,15–29 years,Female,65.0,ok,text
2012,Jaipur,15-29,15–29 years,Male,104.0,ok,text
2012,Jaipur,15-29,15–29 years,Total,169.0,ok,text
2012,Jaipur,30-44,30–44 years,Female,32.0,ok,text
2012,Jaipur,30-44,30–44 years,Male,81.0,ok,text
2012,Jaipur,30-44,30–44 years,Total,113.0,ok,text
2012,Jaipur,45-59,45–59 years,Female,9.0,ok,text
2012,Jaipur,45-59,45–59 years,Male,32.0,ok,text
2012,Jaipur,45-59,45–59 years,Total,41.0,ok,text
2012,Jaipur,60+,60 years & above,Female,1.0,ok,text
2012,Jaipur,60+,60 years & above,Male,4.0,ok,text
2012,Jaipur,60+,60 years & above,Total,5.0,ok,text
2012,Jaipur,all ages,Total,Female,114.0,ok,text
2012,Jaipur,all ages,Total,Male,224.0,ok,text
2012,Jaipur,all ages,Total,Total,338.0,ok,text
2012,Jamshedpur,0-14,Upto 14 years,Female,0.0,ok,text
2012,Jamshedpur,0-14,Upto 14 years,Male,1.0,ok,text
2012,Jamshedpur,0-14,Upto 14 years,Total,1.0,ok,text
2012,Jamshedpur,15-29,15–29 years,Female,32.0,ok,text
2012,Jamshedpur,15-29,15–29 years,Male,39.0,ok,text
2012,Jamshedpur,15-29,15–29 years,Total,71.0,ok,text
2012,Jamshedpur,30-44,30–44 years,Female,16.0,ok,text
2012,Jamshedpur,30-44,30–44 years,Male,32.0,ok,text
2012,Jamshedpur,30-44,30–44 years,Total,48.0,ok,text
2012,Jamshedpur,45-59,45–59 years,Female,0.0,ok,text
2012,Jamshedpur,45-59,45–59 years,Male,7.0,ok,text
2012,Jamshedpur,45-59,45–59 years,Total,7.0,ok,text
2012,Jamshedpur,60+,60 years & above,Female,0.0,ok,text
2012,Jamshedpur,60+,60 years & above,Male,6.0,ok,text
2012,Jamshedpur,60+,60 years & above,Total,6.0,ok,text
2012,Jamshedpur,all ages,Total,Female,48.0,ok,text
2012,Jamshedpur,all ages,Total,Male,85.0,ok,text
2012,Jamshedpur,all ages,Total,Total,133.0,ok,text
2012,Jodhpur,0-14,Upto 14 years,Female,0.0,ok,text
2012,Jodhpur,0-14,Upto 14 years,Male,5.0,ok,text
2012,Jodhpur,0-14,Upto 14 years,Total,5.0,ok,text
2012,Jodhpur,15-29,15–29 years,Female,24.0,ok,text
2012,Jodhpur,15-29,15–29 years,Male,35.0,ok,text
2012,Jodhpur,15-29,15–29 years,Total,59.0,ok,text
2012,Jodhpur,30-44,30–44 years,Female,13.0,ok,text
2012,Jodhpur,30-44,30–44 years,Male,22.0,ok,text
2012,Jodhpur,30-44,30–44 years,Total,35.0,ok,text
2012,Jodhpur,45-59,45–59 years,Female,1.0,ok,text
2012,Jodhpur,45-59,45–59 years,Male,7.0,ok,text
2012,Jodhpur,45-59,45–59 years,Total,8.0,ok,text
2012,Jodhpur,60+,60 years & above,Female,0.0,ok,text
2012,Jodhpur,60+,60 years & above,Male,2.0,ok,text
2012,Jodhpur,60+,60 years & above,Total,2.0,ok,text
2012,Jodhpur,all ages,Total,Female,38.0,ok,text
2012,Jodhpur,all ages,Total,Male,71.0,ok,text
2012,Jodhpur,all ages,Total,Total,109.0,ok,text
2012,Kannur,0-14,Upto 14 years,Female,1.0,ok,text
2012,Kannur,0-14,Upto 14 years,Male,0.0,ok,text
2012,Kannur,0-14,Upto 14 years,Total,1.0,ok,text
2012,Kannur,15-29,15–29 years,Female,8.0,ok,text
2012,Kannur,15-29,15–29 years,Male,27.0,ok,text
2012,Kannur,15-29,15–29 years,Total,35.0,ok,text
2012,Kannur,30-44,30–44 years,Female,7.0,ok,text
2012,Kannur,30-44,30–44 years,Male,32.0,ok,text
2012,Kannur,30-44,30–44 years,Total,39.0,ok,text
2012,Kannur,45-59,45–59 years,Female,7.0,ok,text
2012,Kannur,45-59,45–59 years,Male,41.0,ok,text
2012,Kannur,45-59,45–59 years,Total,48.0,ok,text
2012,Kannur,60+,60 years & above,Female,9.0,ok,text
2012,Kannur,60+,60 years & above,Male,21.0,ok,text
2012,Kannur,60+,60 years & above,Total,30.0,ok,text
2012,Kannur,all ages,Total,Female,32.0,ok,text
2012,Kannur,all ages,Total,Male,121.0,ok,text
2012,Kannur,all ages,Total,Total,153.0,ok,text
2012,Kanpur,0-14,Upto 14 years,Female,7.0,ok,text
2012,Kanpur,0-14,Upto 14 years,Male,11.0,ok,text
2012,Kanpur,0-14,Upto 14 years,Total,18.0,ok,text
2012,Kanpur,15-29,15–29 years,Female,202.0,ok,text
2012,Kanpur,15-29,15–29 years,Male,141.0,ok,text
2012,Kanpur,15-29,15–29 years,Total,343.0,ok,text
2012,Kanpur,30-44,30–44 years,Female,100.0,ok,text
2012,Kanpur,30-44,30–44 years,Male,113.0,ok,text
2012,Kanpur,30-44,30–44 years,Total,213.0,ok,text
2012,Kanpur,45-59,45–59 years,Female,21.0,ok,text
2012,Kanpur,45-59,45–59 years,Male,54.0,ok,text
2012,Kanpur,45-59,45–59 years,Total,75.0,ok,text
2012,Kanpur,60+,60 years & above,Female,12.0,ok,text
2012,Kanpur,60+,60 years & above,Male,16.0,ok,text
2012,Kanpur,60+,60 years & above,Total,28.0,ok,text
2012,Kanpur,all ages,Total,Female,342.0,ok,text
2012,Kanpur,all ages,Total,Male,335.0,ok,text
2012,Kanpur,all ages,Total,Total,677.0,ok,text
2012,Kochi,0-14,Upto 14 years,Female,2.0,ok,text
2012,Kochi,0-14,Upto 14 years,Male,0.0,ok,text
2012,Kochi,0-14,Upto 14 years,Total,2.0,ok,text
2012,Kochi,15-29,15–29 years,Female,20.0,ok,text
2012,Kochi,15-29,15–29 years,Male,30.0,ok,text
2012,Kochi,15-29,15–29 years,Total,50.0,ok,text
2012,Kochi,30-44,30–44 years,Female,10.0,ok,text
2012,Kochi,30-44,30–44 years,Male,66.0,ok,text
2012,Kochi,30-44,30–44 years,Total,76.0,ok,text
2012,Kochi,45-59,45–59 years,Female,12.0,ok,text
2012,Kochi,45-59,45–59 years,Male,59.0,ok,text
2012,Kochi,45-59,45–59 years,Total,71.0,ok,text
2012,Kochi,60+,60 years & above,Female,7.0,ok,text
2012,Kochi,60+,60 years & above,Male,20.0,ok,text
2012,Kochi,60+,60 years & above,Total,27.0,ok,text
2012,Kochi,all ages,Total,Female,51.0,ok,text
2012,Kochi,all ages,Total,Male,175.0,ok,text
2012,Kochi,all ages,Total,Total,226.0,ok,text
2012,Kolkata,0-14,Upto 14 years,Female,5.0,ok,text
2012,Kolkata,0-14,Upto 14 years,Male,4.0,ok,text
2012,Kolkata,0-14,Upto 14 years,Total,9.0,ok,text
2012,Kolkata,15-29,15–29 years,Female,91.0,ok,text
2012,Kolkata,15-29,15–29 years,Male,60.0,ok,text
2012,Kolkata,15-29,15–29 years,Total,151.0,ok,text
2012,Kolkata,30-44,30–44 years,Female,34.0,ok,text
2012,Kolkata,30-44,30–44 years,Male,61.0,ok,text
2012,Kolkata,30-44,30–44 years,Total,95.0,ok,text
2012,Kolkata,45-59,45–59 years,Female,22.0,ok,text
2012,Kolkata,45-59,45–59 years,Male,49.0,ok,text
2012,Kolkata,45-59,45–59 years,Total,71.0,ok,text
2012,Kolkata,60+,60 years & above,Female,16.0,ok,text
2012,Kolkata,60+,60 years & above,Male,29.0,ok,text
2012,Kolkata,60+,60 years & above,Total,45.0,ok,text
2012,Kolkata,all ages,Total,Female,168.0,ok,text
2012,Kolkata,all ages,Total,Male,203.0,ok,text
2012,Kolkata,all ages,Total,Total,371.0,ok,text
2012,Kollam,0-14,Upto 14 years,Female,0.0,ok,text
2012,Kollam,0-14,Upto 14 years,Male,1.0,ok,text
2012,Kollam,0-14,Upto 14 years,Total,1.0,ok,text
2012,Kollam,15-29,15–29 years,Female,14.0,ok,text
2012,Kollam,15-29,15–29 years,Male,55.0,ok,text
2012,Kollam,15-29,15–29 years,Total,69.0,ok,text
2012,Kollam,30-44,30–44 years,Female,19.0,ok,text
2012,Kollam,30-44,30–44 years,Male,91.0,ok,text
2012,Kollam,30-44,30–44 years,Total,110.0,ok,text
2012,Kollam,45-59,45–59 years,Female,43.0,ok,text
2012,Kollam,45-59,45–59 years,Male,143.0,ok,text
2012,Kollam,45-59,45–59 years,Total,186.0,ok,text
2012,Kollam,60+,60 years & above,Female,19.0,ok,text
2012,Kollam,60+,60 years & above,Male,65.0,ok,text
2012,Kollam,60+,60 years & above,Total,84.0,ok,text
2012,Kollam,all ages,Total,Female,95.0,ok,text
2012,Kollam,all ages,Total,Male,355.0,ok,text
2012,Kollam,all ages,Total,Total,450.0,ok,text
2012,Kota,0-14,Upto 14 years,Female,0.0,ok,text
2012,Kota,0-14,Upto 14 years,Male,0.0,ok,text
2012,Kota,0-14,Upto 14 years,Total,0.0,ok,text
2012,Kota,15-29,15–29 years,Female,27.0,ok,text
2012,Kota,15-29,15–29 years,Male,32.0,ok,text
2012,Kota,15-29,15–29 years,Total,59.0,ok,text
2012,Kota,30-44,30–44 years,Female,0.0,ok,text
2012,Kota,30-44,30–44 years,Male,11.0,ok,text
2012,Kota,30-44,30–44 years,Total,11.0,ok,text
2012,Kota,45-59,45–59 years,Female,0.0,ok,text
2012,Kota,45-59,45–59 years,Male,0.0,ok,text
2012,Kota,45-59,45–59 years,Total,0.0,ok,text
2012,Kota,60+,60 years & above,Female,0.0,ok,text
2012,Kota,60+,60 years & above,Male,0.0,ok,text
2012,Kota,60+,60 years & above,Total,0.0,ok,text
2012,Kota,all ages,Total,Female,27.0,ok,text
2012,Kota,all ages,Total,Male,43.0,ok,text
2012,Kota,all ages,Total,Total,70.0,ok,text
2012,Kozhikode,0-14,Upto 14 years,Female,3.0,ok,text
2012,Kozhikode,0-14,Upto 14 years,Male,0.0,ok,text
2012,Kozhikode,0-14,Upto 14 years,Total,3.0,ok,text
2012,Kozhikode,15-29,15–29 years,Female,25.0,ok,text
2012,Kozhikode,15-29,15–29 years,Male,32.0,ok,text
2012,Kozhikode,15-29,15–29 years,Total,57.0,ok,text
2012,Kozhikode,30-44,30–44 years,Female,14.0,ok,text
2012,Kozhikode,30-44,30–44 years,Male,53.0,ok,text
2012,Kozhikode,30-44,30–44 years,Total,67.0,ok,text
2012,Kozhikode,45-59,45–59 years,Female,18.0,ok,text
2012,Kozhikode,45-59,45–59 years,Male,52.0,ok,text
2012,Kozhikode,45-59,45–59 years,Total,70.0,ok,text
2012,Kozhikode,60+,60 years & above,Female,21.0,ok,text
2012,Kozhikode,60+,60 years & above,Male,31.0,ok,text
2012,Kozhikode,60+,60 years & above,Total,52.0,ok,text
2012,Kozhikode,all ages,Total,Female,81.0,ok,text
2012,Kozhikode,all ages,Total,Male,168.0,ok,text
2012,Kozhikode,all ages,Total,Total,249.0,ok,text
2012,Lucknow,0-14,Upto 14 years,Female,0.0,ok,text
2012,Lucknow,0-14,Upto 14 years,Male,0.0,ok,text
2012,Lucknow,0-14,Upto 14 years,Total,0.0,ok,text
2012,Lucknow,15-29,15–29 years,Female,8.0,ok,text
2012,Lucknow,15-29,15–29 years,Male,8.0,ok,text
2012,Lucknow,15-29,15–29 years,Total,16.0,ok,text
2012,Lucknow,30-44,30–44 years,Female,20.0,ok,text
2012,Lucknow,30-44,30–44 years,Male,58.0,ok,text
2012,Lucknow,30-44,30–44 years,Total,78.0,ok,text
2012,Lucknow,45-59,45–59 years,Female,22.0,ok,text
2012,Lucknow,45-59,45–59 years,Male,85.0,ok,text
2012,Lucknow,45-59,45–59 years,Total,107.0,ok,text
2012,Lucknow,60+,60 years & above,Female,5.0,ok,text
2012,Lucknow,60+,60 years & above,Male,19.0,ok,text
2012,Lucknow,60+,60 years & above,Total,24.0,ok,text
2012,Lucknow,all ages,Total,Female,55.0,ok,text
2012,Lucknow,all ages,Total,Male,170.0,ok,text
2012,Lucknow,all ages,Total,Total,225.0,ok,text
2012,Ludhiana,0-14,Upto 14 years,Female,1.0,ok,text
2012,Ludhiana,0-14,Upto 14 years,Male,1.0,ok,text
2012,Ludhiana,0-14,Upto 14 years,Total,2.0,ok,text
2012,Ludhiana,15-29,15–29 years,Female,17.0,ok,text
2012,Ludhiana,15-29,15–29 years,Male,33.0,ok,text
2012,Ludhiana,15-29,15–29 years,Total,50.0,ok,text
2012,Ludhiana,30-44,30–44 years,Female,5.0,ok,text
2012,Ludhiana,30-44,30–44 years,Male,26.0,ok,text
2012,Ludhiana,30-44,30–44 years,Total,31.0,ok,text
2012,Ludhiana,45-59,45–59 years,Female,1.0,ok,text
2012,Ludhiana,45-59,45–59 years,Male,12.0,ok,text
2012,Ludhiana,45-59,45–59 years,Total,13.0,ok,text
2012,Ludhiana,60+,60 years & above,Female,0.0,ok,text
2012,Ludhiana,60+,60 years & above,Male,2.0,ok,text
2012,Ludhiana,60+,60 years & above,Total,2.0,ok,text
2012,Ludhiana,all ages,Total,Female,24.0,ok,text
2012,Ludhiana,all ages,Total,Male,74.0,ok,text
2012,Ludhiana,all ages,Total,Total,98.0,ok,text
2012,Madurai,0-14,Upto 14 years,Female,4.0,ok,text
2012,Madurai,0-14,Upto 14 years,Male,0.0,ok,text
2012,Madurai,0-14,Upto 14 years,Total,4.0,ok,text
2012,Madurai,15-29,15–29 years,Female,54.0,ok,text
2012,Madurai,15-29,15–29 years,Male,54.0,ok,text
2012,Madurai,15-29,15–29 years,Total,108.0,ok,text
2012,Madurai,30-44,30–44 years,Female,20.0,ok,text
2012,Madurai,30-44,30–44 years,Male,61.0,ok,text
2012,Madurai,30-44,30–44 years,Total,81.0,ok,text
2012,Madurai,45-59,45–59 years,Female,7.0,ok,text
2012,Madurai,45-59,45–59 years,Male,49.0,ok,text
2012,Madurai,45-59,45–59 years,Total,56.0,ok,text
2012,Madurai,60+,60 years & above,Female,7.0,ok,text
2012,Madurai,60+,60 years & above,Male,24.0,ok,text
2012,Madurai,60+,60 years & above,Total,31.0,ok,text
2012,Madurai,all ages,Total,Female,92.0,ok,text
2012,Madurai,all ages,Total,Male,188.0,ok,text
2012,Madurai,all ages,Total,Total,280.0,ok,text
2012,Malappuram,0-14,Upto 14 years,Female,0.0,ok,text
2012,Malappuram,0-14,Upto 14 years,Male,0.0,ok,text
2012,Malappuram,0-14,Upto 14 years,Total,0.0,ok,text
2012,Malappuram,15-29,15–29 years,Female,4.0,ok,text
2012,Malappuram,15-29,15–29 years,Male,6.0,ok,text
2012,Malappuram,15-29,15–29 years,Total,10.0,ok,text
2012,Malappuram,30-44,30–44 years,Female,5.0,ok,text
2012,Malappuram,30-44,30–44 years,Male,14.0,ok,text
2012,Malappuram,30-44,30–44 years,Total,19.0,ok,text
2012,Malappuram,45-59,45–59 years,Female,4.0,ok,text
2012,Malappuram,45-59,45–59 years,Male,13.0,ok,text
2012,Malappuram,45-59,45–59 years,Total,17.0,ok,text
2012,Malappuram,60+,60 years & above,Female,0.0,ok,text
2012,Malappuram,60+,60 years & above,Male,4.0,ok,text
2012,Malappuram,60+,60 years & above,Total,4.0,ok,text
2012,Malappuram,all ages,Total,Female,13.0,ok,text
2012,Malappuram,all ages,Total,Male,37.0,ok,text
2012,Malappuram,all ages,Total,Total,50.0,ok,text
2012,Meerut,0-14,Upto 14 years,Female,1.0,ok,text
2012,Meerut,0-14,Upto 14 years,Male,0.0,ok,text
2012,Meerut,0-14,Upto 14 years,Total,1.0,ok,text
2012,Meerut,15-29,15–29 years,Female,20.0,ok,text
2012,Meerut,15-29,15–29 years,Male,16.0,ok,text
2012,Meerut,15-29,15–29 years,Total,36.0,ok,text
2012,Meerut,30-44,30–44 years,Female,3.0,ok,text
2012,Meerut,30-44,30–44 years,Male,17.0,ok,text
2012,Meerut,30-44,30–44 years,Total,20.0,ok,text
2012,Meerut,45-59,45–59 years,Female,4.0,ok,text
2012,Meerut,45-59,45–59 years,Male,13.0,ok,text
2012,Meerut,45-59,45–59 years,Total,17.0,ok,text
2012,Meerut,60+,60 years & above,Female,0.0,ok,text
2012,Meerut,60+,60 years & above,Male,0.0,ok,text
2012,Meerut,60+,60 years & above,Total,0.0,ok,text
2012,Meerut,all ages,Total,Female,28.0,ok,text
2012,Meerut,all ages,Total,Male,46.0,ok,text
2012,Meerut,all ages,Total,Total,74.0,ok,text
2012,Mumbai,0-14,Upto 14 years,Female,17.0,ok,text
2012,Mumbai,0-14,Upto 14 years,Male,6.0,ok,text
2012,Mumbai,0-14,Upto 14 years,Total,23.0,ok,text
2012,Mumbai,15-29,15–29 years,Female,332.0,ok,text
2012,Mumbai,15-29,15–29 years,Male,311.0,ok,text
2012,Mumbai,15-29,15–29 years,Total,643.0,ok,text
2012,Mumbai,30-44,30–44 years,Female,124.0,ok,text
2012,Mumbai,30-44,30–44 years,Male,270.0,ok,text
2012,Mumbai,30-44,30–44 years,Total,394.0,ok,text
2012,Mumbai,45-59,45–59 years,Female,39.0,ok,text
2012,Mumbai,45-59,45–59 years,Male,119.0,ok,text
2012,Mumbai,45-59,45–59 years,Total,158.0,ok,text
2012,Mumbai,60+,60 years & above,Female,22.0,ok,text
2012,Mumbai,60+,60 years & above,Male,56.0,ok,text
2012,Mumbai,60+,60 years & above,Total,78.0,ok,text
2012,Mumbai,all ages,Total,Female,534.0,ok,text
2012,Mumbai,all ages,Total,Male,762.0,ok,text
2012,Mumbai,all ages,Total,Total,1296.0,ok,text
2012,Nagpur,0-14,Upto 14 years,Female,5.0,ok,text
2012,Nagpur,0-14,Upto 14 years,Male,6.0,ok,text
2012,Nagpur,0-14,Upto 14 years,Total,11.0,ok,text
2012,Nagpur,15-29,15–29 years,Female,87.0,ok,text
2012,Nagpur,15-29,15–29 years,Male,135.0,ok,text
2012,Nagpur,15-29,15–29 years,Total,222.0,ok,text
2012,Nagpur,30-44,30–44 years,Female,30.0,ok,text
2012,Nagpur,30-44,30–44 years,Male,118.0,ok,text
2012,Nagpur,30-44,30–44 years,Total,148.0,ok,text
2012,Nagpur,45-59,45–59 years,Female,10.0,ok,text
2012,Nagpur,45-59,45–59 years,Male,80.0,ok,text
2012,Nagpur,45-59,45–59 years,Total,90.0,ok,text
2012,Nagpur,60+,60 years & above,Female,5.0,ok,text
2012,Nagpur,60+,60 years & above,Male,25.0,ok,text
2012,Nagpur,60+,60 years & above,Total,30.0,ok,text
2012,Nagpur,all ages,Total,Female,137.0,ok,text
2012,Nagpur,all ages,Total,Male,364.0,ok,text
2012,Nagpur,all ages,Total,Total,501.0,ok,text
2012,Nashik,0-14,Upto 14 years,Female,1.0,ok,text
2012,Nashik,0-14,Upto 14 years,Male,2.0,ok,text
2012,Nashik,0-14,Upto 14 years,Total,3.0,ok,text
2012,Nashik,15-29,15–29 years,Female,59.0,ok,text
2012,Nashik,15-29,15–29 years,Male,70.0,ok,text
2012,Nashik,15-29,15–29 years,Total,129.0,ok,text
2012,Nashik,30-44,30–44 years,Female,22.0,ok,text
2012,Nashik,30-44,30–44 years,Male,55.0,ok,text
2012,Nashik,30-44,30–44 years,Total,77.0,ok,text
2012,Nashik,45-59,45–59 years,Female,6.0,ok,text
2012,Nashik,45-59,45–59 years,Male,30.0,ok,text
2012,Nashik,45-59,45–59 years,Total,36.0,ok,text
2012,Nashik,60+,60 years & above,Female,2.0,ok,text
2012,Nashik,60+,60 years & above,Male,14.0,ok,text
2012,Nashik,60+,60 years & above,Total,16.0,ok,text
2012,Nashik,all ages,Total,Female,90.0,ok,text
2012,Nashik,all ages,Total,Male,171.0,ok,text
2012,Nashik,all ages,Total,Total,261.0,ok,text
2012,Patna,0-14,Upto 14 years,Female,0.0,ok,text
2012,Patna,0-14,Upto 14 years,Male,0.0,ok,text
2012,Patna,0-14,Upto 14 years,Total,0.0,ok,text
2012,Patna,15-29,15–29 years,Female,11.0,ok,text
2012,Patna,15-29,15–29 years,Male,8.0,ok,text
2012,Patna,15-29,15–29 years,Total,19.0,ok,text
2012,Patna,30-44,30–44 years,Female,12.0,ok,text
2012,Patna,30-44,30–44 years,Male,12.0,ok,text
2012,Patna,30-44,30–44 years,Total,24.0,ok,text
2012,Patna,45-59,45–59 years,Female,4.0,ok,text
2012,Patna,45-59,45–59 years,Male,5.0,ok,text
2012,Patna,45-59,45–59 years,Total,9.0,ok,text
2012,Patna,60+,60 years & above,Female,0.0,ok,text
2012,Patna,60+,60 years & above,Male,0.0,ok,text
2012,Patna,60+,60 years & above,Total,0.0,ok,text
2012,Patna,all ages,Total,Female,27.0,ok,text
2012,Patna,all ages,Total,Male,25.0,ok,text
2012,Patna,all ages,Total,Total,52.0,ok,text
2012,Pune,0-14,Upto 14 years,Female,7.0,ok,text
2012,Pune,0-14,Upto 14 years,Male,6.0,ok,text
2012,Pune,0-14,Upto 14 years,Total,13.0,ok,text
2012,Pune,15-29,15–29 years,Female,134.0,ok,text
2012,Pune,15-29,15–29 years,Male,195.0,ok,text
2012,Pune,15-29,15–29 years,Total,329.0,ok,text
2012,Pune,30-44,30–44 years,Female,44.0,ok,text
2012,Pune,30-44,30–44 years,Male,173.0,ok,text
2012,Pune,30-44,30–44 years,Total,217.0,ok,text
2012,Pune,45-59,45–59 years,Female,20.0,ok,text
2012,Pune,45-59,45–59 years,Male,92.0,ok,text
2012,Pune,45-59,45–59 years,Total,112.0,ok,text
2012,Pune,60+,60 years & above,Female,11.0,ok,text
2012,Pune,60+,60 years & above,Male,30.0,ok,text
2012,Pune,60+,60 years & above,Total,41.0,ok,text
2012,Pune,all ages,Total,Female,216.0,ok,text
2012,Pune,all ages,Total,Male,496.0,ok,text
2012,Pune,all ages,Total,Total,712.0,ok,text
2012,Raipur,0-14,Upto 14 years,Female,2.0,ok,text
2012,Raipur,0-14,Upto 14 years,Male,2.0,ok,text
2012,Raipur,0-14,Upto 14 years,Total,4.0,ok,text
2012,Raipur,15-29,15–29 years,Female,48.0,ok,text
2012,Raipur,15-29,15–29 years,Male,64.0,ok,text
2012,Raipur,15-29,15–29 years,Total,112.0,ok,text
2012,Raipur,30-44,30–44 years,Female,12.0,ok,text
2012,Raipur,30-44,30–44 years,Male,48.0,ok,text
2012,Raipur,30-44,30–44 years,Total,60.0,ok,text
2012,Raipur,45-59,45–59 years,Female,7.0,ok,text
2012,Raipur,45-59,45–59 years,Male,23.0,ok,text
2012,Raipur,45-59,45–59 years,Total,30.0,ok,text
2012,Raipur,60+,60 years & above,Female,5.0,ok,text
2012,Raipur,60+,60 years & above,Male,7.0,ok,text
2012,Raipur,60+,60 years & above,Total,12.0,ok,text
2012,Raipur,all ages,Total,Female,74.0,ok,text
2012,Raipur,all ages,Total,Male,144.0,ok,text
2012,Raipur,all ages,Total,Total,218.0,ok,text
2012,Rajkot,0-14,Upto 14 years,Female,0.0,ok,text
2012,Rajkot,0-14,Upto 14 years,Male,3.0,ok,text
2012,Rajkot,0-14,Upto 14 years,Total,3.0,ok,text
2012,Rajkot,15-29,15–29 years,Female,81.0,ok,text
2012,Rajkot,15-29,15–29 years,Male,72.0,ok,text
2012,Rajkot,15-29,15–29 years,Total,153.0,ok,text
2012,Rajkot,30-44,30–44 years,Female,65.0,ok,text
2012,Rajkot,30-44,30–44 years,Male,100.0,ok,text
2012,Rajkot,30-44,30–44 years,Total,165.0,ok,text
2012,Rajkot,45-59,45–59 years,Female,43.0,ok,text
2012,Rajkot,45-59,45–59 years,Male,44.0,ok,text
2012,Rajkot,45-59,45–59 years,Total,87.0,ok,text
2012,Rajkot,60+,60 years & above,Female,4.0,ok,text
2012,Rajkot,60+,60 years & above,Male,12.0,ok,text
2012,Rajkot,60+,60 years & above,Total,16.0,ok,text
2012,Rajkot,all ages,Total,Female,193.0,ok,text
2012,Rajkot,all ages,Total,Male,231.0,ok,text
2012,Rajkot,all ages,Total,Total,424.0,ok,text
2012,Ranchi,0-14,Upto 14 years,Female,3.0,ok,text
2012,Ranchi,0-14,Upto 14 years,Male,2.0,ok,text
2012,Ranchi,0-14,Upto 14 years,Total,5.0,ok,text
2012,Ranchi,15-29,15–29 years,Female,13.0,ok,text
2012,Ranchi,15-29,15–29 years,Male,13.0,ok,text
2012,Ranchi,15-29,15–29 years,Total,26.0,ok,text
2012,Ranchi,30-44,30–44 years,Female,12.0,ok,text
2012,Ranchi,30-44,30–44 years,Male,20.0,ok,text
2012,Ranchi,30-44,30–44 years,Total,32.0,ok,text
2012,Ranchi,45-59,45–59 years,Female,5.0,ok,text
2012,Ranchi,45-59,45–59 years,Male,9.0,ok,text
2012,Ranchi,45-59,45–59 years,Total,14.0,ok,text
2012,Ranchi,60+,60 years & above,Female,2.0,ok,text
2012,Ranchi,60+,60 years & above,Male,6.0,ok,text
2012,Ranchi,60+,60 years & above,Total,8.0,ok,text
2012,Ranchi,all ages,Total,Female,35.0,ok,text
2012,Ranchi,all ages,Total,Male,50.0,ok,text
2012,Ranchi,all ages,Total,Total,85.0,ok,text
2012,Srinagar,0-14,Upto 14 years,Female,0.0,ok,text
2012,Srinagar,0-14,Upto 14 years,Male,0.0,ok,text
2012,Srinagar,0-14,Upto 14 years,Total,0.0,ok,text
2012,Srinagar,15-29,15–29 years,Female,2.0,ok,text
2012,Srinagar,15-29,15–29 years,Male,0.0,ok,text
2012,Srinagar,15-29,15–29 years,Total,2.0,ok,text
2012,Srinagar,30-44,30–44 years,Female,4.0,ok,text
2012,Srinagar,30-44,30–44 years,Male,1.0,ok,text
2012,Srinagar,30-44,30–44 years,Total,5.0,ok,text
2012,Srinagar,45-59,45–59 years,Female,1.0,ok,text
2012,Srinagar,45-59,45–59 years,Male,4.0,ok,text
2012,Srinagar,45-59,45–59 years,Total,5.0,ok,text
2012,Srinagar,60+,60 years & above,Female,0.0,ok,text
2012,Srinagar,60+,60 years & above,Male,0.0,ok,text
2012,Srinagar,60+,60 years & above,Total,0.0,ok,text
2012,Srinagar,all ages,Total,Female,7.0,ok,text
2012,Srinagar,all ages,Total,Male,5.0,ok,text
2012,Srinagar,all ages,Total,Total,12.0,ok,text
2012,Surat,0-14,Upto 14 years,Female,3.0,ok,text
2012,Surat,0-14,Upto 14 years,Male,3.0,ok,text
2012,Surat,0-14,Upto 14 years,Total,6.0,ok,text
2012,Surat,15-29,15–29 years,Female,97.0,ok,text
2012,Surat,15-29,15–29 years,Male,127.0,ok,text
2012,Surat,15-29,15–29 years,Total,224.0,ok,text
2012,Surat,30-44,30–44 years,Female,64.0,ok,text
2012,Surat,30-44,30–44 years,Male,113.0,ok,text
2012,Surat,30-44,30–44 years,Total,177.0,ok,text
2012,Surat,45-59,45–59 years,Female,46.0,ok,text
2012,Surat,45-59,45–59 years,Male,61.0,ok,text
2012,Surat,45-59,45–59 years,Total,107.0,ok,text
2012,Surat,60+,60 years & above,Female,17.0,ok,text
2012,Surat,60+,60 years & above,Male,22.0,ok,text
2012,Surat,60+,60 years & above,Total,39.0,ok,text
2012,Surat,all ages,Total,Female,227.0,ok,text
2012,Surat,all ages,Total,Male,326.0,ok,text
2012,Surat,all ages,Total,Total,553.0,ok,text
2012,Thiruvananthapuram,0-14,Upto 14 years,Female,1.0,ok,text
2012,Thiruvananthapuram,0-14,Upto 14 years,Male,4.0,ok,text
2012,Thiruvananthapuram,0-14,Upto 14 years,Total,5.0,ok,text
2012,Thiruvananthapuram,15-29,15–29 years,Female,31.0,ok,text
2012,Thiruvananthapuram,15-29,15–29 years,Male,62.0,ok,text
2012,Thiruvananthapuram,15-29,15–29 years,Total,93.0,ok,text
2012,Thiruvananthapuram,30-44,30–44 years,Female,14.0,ok,text
2012,Thiruvananthapuram,30-44,30–44 years,Male,82.0,ok,text
2012,Thiruvananthapuram,30-44,30–44 years,Total,96.0,ok,text
2012,Thiruvananthapuram,45-59,45–59 years,Female,17.0,ok,text
2012,Thiruvananthapuram,45-59,45–59 years,Male,81.0,ok,text
2012,Thiruvananthapuram,45-59,45–59 years,Total,98.0,ok,text
2012,Thiruvananthapuram,60+,60 years & above,Female,11.0,ok,text
2012,Thiruvananthapuram,60+,60 years & above,Male,38.0,ok,text
2012,Thiruvananthapuram,60+,60 years & above,Total,49.0,ok,text
2012,Thiruvananthapuram,all ages,Total,Female,74.0,ok,text
2012,Thiruvananthapuram,all ages,Total,Male,267.0,ok,text
2012,Thiruvananthapuram,all ages,Total,Total,341.0,ok,text
2012,Thrissur,0-14,Upto 14 years,Female,0.0,ok,text
2012,Thrissur,0-14,Upto 14 years,Male,1.0,ok,text
2012,Thrissur,0-14,Upto 14 years,Total,1.0,ok,text
2012,Thrissur,15-29,15–29 years,Female,14.0,ok,text
2012,Thrissur,15-29,15–29 years,Male,25.0,ok,text
2012,Thrissur,15-29,15–29 years,Total,39.0,ok,text
2012,Thrissur,30-44,30–44 years,Female,13.0,ok,text
2012,Thrissur,30-44,30–44 years,Male,43.0,ok,text
2012,Thrissur,30-44,30–44 years,Total,56.0,ok,text
2012,Thrissur,45-59,45–59 years,Female,20.0,ok,text
2012,Thrissur,45-59,45–59 years,Male,60.0,ok,text
2012,Thrissur,45-59,45–59 years,Total,80.0,ok,text
2012,Thrissur,60+,60 years & above,Female,21.0,ok,text
2012,Thrissur,60+,60 years & above,Male,34.0,ok,text
2012,Thrissur,60+,60 years & above,Total,55.0,ok,text
2012,Thrissur,all ages,Total,Female,68.0,ok,text
2012,Thrissur,all ages,Total,Male,163.0,ok,text
2012,Thrissur,all ages,Total,Total,231.0,ok,text
2012,Tiruchirappalli,0-14,Upto 14 years,Female,0.0,ok,text
2012,Tiruchirappalli,0-14,Upto 14 years,Male,0.0,ok,text
2012,Tiruchirappalli,0-14,Upto 14 years,Total,0.0,ok,text
2012,Tiruchirappalli,15-29,15–29 years,Female,35.0,ok,text
2012,Tiruchirappalli,15-29,15–29 years,Male,26.0,ok,text
2012,Tiruchirappalli,15-29,15–29 years,Total,61.0,ok,text
2012,Tiruchirappalli,30-44,30–44 years,Female,22.0,ok,text
2012,Tiruchirappalli,30-44,30–44 years,Male,43.0,ok,text
2012,Tiruchirappalli,30-44,30–44 years,Total,65.0,ok,text
2012,Tiruchirappalli,45-59,45–59 years,Female,20.0,ok,text
2012,Tiruchirappalli,45-59,45–59 years,Male,34.0,ok,text
2012,Tiruchirappalli,45-59,45–59 years,Total,54.0,ok,text
2012,Tiruchirappalli,60+,60 years & above,Female,9.0,ok,text
2012,Tiruchirappalli,60+,60 years & above,Male,13.0,ok,text
2012,Tiruchirappalli,60+,60 years & above,Total,22.0,ok,text
2012,Tiruchirappalli,all ages,Total,Female,86.0,ok,text
2012,Tiruchirappalli,all ages,Total,Male,116.0,ok,text
2012,Tiruchirappalli,all ages,Total,Total,202.0,ok,text
2012,Vadodara,0-14,Upto 14 years,Female,2.0,ok,text
2012,Vadodara,0-14,Upto 14 years,Male,0.0,ok,text
2012,Vadodara,0-14,Upto 14 years,Total,2.0,ok,text
2012,Vadodara,15-29,15–29 years,Female,35.0,ok,text
2012,Vadodara,15-29,15–29 years,Male,45.0,ok,text
2012,Vadodara,15-29,15–29 years,Total,80.0,ok,text
2012,Vadodara,30-44,30–44 years,Female,18.0,ok,text
2012,Vadodara,30-44,30–44 years,Male,52.0,ok,text
2012,Vadodara,30-44,30–44 years,Total,70.0,ok,text
2012,Vadodara,45-59,45–59 years,Female,7.0,ok,text
2012,Vadodara,45-59,45–59 years,Male,35.0,ok,text
2012,Vadodara,45-59,45–59 years,Total,42.0,ok,text
2012,Vadodara,60+,60 years & above,Female,4.0,ok,text
2012,Vadodara,60+,60 years & above,Male,10.0,ok,text
2012,Vadodara,60+,60 years & above,Total,14.0,ok,text
2012,Vadodara,all ages,Total,Female,66.0,ok,text
2012,Vadodara,all ages,Total,Male,142.0,ok,text
2012,Vadodara,all ages,Total,Total,208.0,ok,text
2012,Varanasi,0-14,Upto 14 years,Female,1.0,ok,text
2012,Varanasi,0-14,Upto 14 years,Male,0.0,ok,text
2012,Varanasi,0-14,Upto 14 years,Total,1.0,ok,text
2012,Varanasi,15-29,15–29 years,Female,17.0,ok,text
2012,Varanasi,15-29,15–29 years,Male,17.0,ok,text
2012,Varanasi,15-29,15–29 years,Total,34.0,ok,text
2012,Varanasi,30-44,30–44 years,Female,13.0,ok,text
2012,Varanasi,30-44,30–44 years,Male,17.0,ok,text
2012,Varanasi,30-44,30–44 years,Total,30.0,ok,text
2012,Varanasi,45-59,45–59 years,Female,2.0,ok,text
2012,Varanasi,45-59,45–59 years,Male,5.0,ok,text
2012,Varanasi,45-59,45–59 years,Total,7.0,ok,text
2012,Varanasi,60+,60 years & above,Female,1.0,ok,text
2012,Varanasi,60+,60 years & above,Male,2.0,ok,text
2012,Varanasi,60+,60 years & above,Total,3.0,ok,text
2012,Varanasi,all ages,Total,Female,34.0,ok,text
2012,Varanasi,all ages,Total,Male,41.0,ok,text
2012,Varanasi,all ages,Total,Total,75.0,ok,text
2012,Vasai Virar,0-14,Upto 14 years,Female,2.0,ok,text
2012,Vasai Virar,0-14,Upto 14 years,Male,1.0,ok,text
2012,Vasai Virar,0-14,Upto 14 years,Total,3.0,ok,text
2012,Vasai Virar,15-29,15–29 years,Female,38.0,ok,text
2012,Vasai Virar,15-29,15–29 years,Male,35.0,ok,text
2012,Vasai Virar,15-29,15–29 years,Total,73.0,ok,text
2012,Vasai Virar,30-44,30–44 years,Female,7.0,ok,text
2012,Vasai Virar,30-44,30–44 years,Male,35.0,ok,text
2012,Vasai Virar,30-44,30–44 years,Total,42.0,ok,text
2012,Vasai Virar,45-59,45–59 years,Female,7.0,ok,text
2012,Vasai Virar,45-59,45–59 years,Male,32.0,ok,text
2012,Vasai Virar,45-59,45–59 years,Total,39.0,ok,text
2012,Vasai Virar,60+,60 years & above,Female,3.0,ok,text
2012,Vasai Virar,60+,60 years & above,Male,10.0,ok,text
2012,Vasai Virar,60+,60 years & above,Total,13.0,ok,text
2012,Vasai Virar,all ages,Total,Female,57.0,ok,text
2012,Vasai Virar,all ages,Total,Male,113.0,ok,text
2012,Vasai Virar,all ages,Total,Total,170.0,ok,text
2012,Vijayawada,0-14,Upto 14 years,Female,0.0,ok,text
2012,Vijayawada,0-14,Upto 14 years,Male,0.0,ok,text
2012,Vijayawada,0-14,Upto 14 years,Total,0.0,ok,text
2012,Vijayawada,15-29,15–29 years,Female,57.0,ok,text
2012,Vijayawada,15-29,15–29 years,Male,77.0,ok,text
2012,Vijayawada,15-29,15–29 years,Total,134.0,ok,text
2012,Vijayawada,30-44,30–44 years,Female,16.0,ok,text
2012,Vijayawada,30-44,30–44 years,Male,57.0,ok,text
2012,Vijayawada,30-44,30–44 years,Total,73.0,ok,text
2012,Vijayawada,45-59,45–59 years,Female,8.0,ok,text
2012,Vijayawada,45-59,45–59 years,Male,27.0,ok,text
2012,Vijayawada,45-59,45–59 years,Total,35.0,ok,text
2012,Vijayawada,60+,60 years & above,Female,4.0,ok,text
2012,Vijayawada,60+,60 years & above,Male,17.0,ok,text
2012,Vijayawada,60+,60 years & above,Total,21.0,ok,text
2012,Vijayawada,all ages,Total,Female,85.0,ok,text
2012,Vijayawada,all ages,Total,Male,178.0,ok,text
2012,Vijayawada,all ages,Total,Total,263.0,ok,text
2012,Visakhapatnam,0-14,Upto 14 years,Female,1.0,ok,text
2012,Visakhapatnam,0-14,Upto 14 years,Male,0.0,ok,text
2012,Visakhapatnam,0-14,Upto 14 years,Total,1.0,ok,text
2012,Visakhapatnam,15-29,15–29 years,Female,31.0,ok,text
2012,Visakhapatnam,15-29,15–29 years,Male,39.0,ok,text
2012,Visakhapatnam,15-29,15–29 years,Total,70.0,ok,text
2012,Visakhapatnam,30-44,30–44 years,Female,24.0,ok,text
2012,Visakhapatnam,30-44,30–44 years,Male,72.0,ok,text
2012,Visakhapatnam,30-44,30–44 years,Total,96.0,ok,text
2012,Visakhapatnam,45-59,45–59 years,Female,7.0,ok,text
2012,Visakhapatnam,45-59,45–59 years,Male,30.0,ok,text
2012,Visakhapatnam,45-59,45–59 years,Total,37.0,ok,text
2012,Visakhapatnam,60+,60 years & above,Female,2.0,ok,text
2012,Visakhapatnam,60+,60 years & above,Male,18.0,ok,text
2012,Visakhapatnam,60+,60 years & above,Total,20.0,ok,text
2012,Visakhapatnam,all ages,Total,Female,65.0,ok,text
2012,Visakhapatnam,all ages,Total,Male,159.0,ok,text
2012,Visakhapatnam,all ages,Total,Total,224.0,ok,text
2013,Agra,0-14,Upto 14 years,Female,1.0,ok,text
2013,Agra,0-14,Upto 14 years,Male,3.0,ok,text
2013,Agra,0-14,Upto 14 years,Total,4.0,ok,text
2013,Agra,15-29,15–29 years,Female,10.0,ok,text
2013,Agra,15-29,15–29 years,Male,8.0,ok,text
2013,Agra,15-29,15–29 years,Total,18.0,ok,text
2013,Agra,30-44,30–44 years,Female,9.0,ok,text
2013,Agra,30-44,30–44 years,Male,11.0,ok,text
2013,Agra,30-44,30–44 years,Total,20.0,ok,text
2013,Agra,45-59,45–59 years,Female,4.0,ok,text
2013,Agra,45-59,45–59 years,Male,13.0,ok,text
2013,Agra,45-59,45–59 years,Total,17.0,ok,text
2013,Agra,60+,60 years & above,Female,2.0,ok,text
2013,Agra,60+,60 years & above,Male,7.0,ok,text
2013,Agra,60+,60 years & above,Total,9.0,ok,text
2013,Agra,all ages,Total,Female,26.0,ok,text
2013,Agra,all ages,Total,Male,42.0,ok,text
2013,Agra,all ages,Total,Total,68.0,ok,text
2013,Ahmedabad,0-14,Upto 14 years,Female,4.0,ok,text
2013,Ahmedabad,0-14,Upto 14 years,Male,8.0,ok,text
2013,Ahmedabad,0-14,Upto 14 years,Total,12.0,ok,text
2013,Ahmedabad,15-29,15–29 years,Female,147.0,ok,text
2013,Ahmedabad,15-29,15–29 years,Male,127.0,ok,text
2013,Ahmedabad,15-29,15–29 years,Total,274.0,ok,text
2013,Ahmedabad,30-44,30–44 years,Female,64.0,ok,text
2013,Ahmedabad,30-44,30–44 years,Male,170.0,ok,text
2013,Ahmedabad,30-44,30–44 years,Total,234.0,ok,text
2013,Ahmedabad,45-59,45–59 years,Female,19.0,ok,text
2013,Ahmedabad,45-59,45–59 years,Male,86.0,ok,text
2013,Ahmedabad,45-59,45–59 years,Total,105.0,ok,text
2013,Ahmedabad,60+,60 years & above,Female,14.0,ok,text
2013,Ahmedabad,60+,60 years & above,Male,32.0,ok,text
2013,Ahmedabad,60+,60 years & above,Total,46.0,ok,text
2013,Ahmedabad,all ages,Total,Female,248.0,ok,text
2013,Ahmedabad,all ages,Total,Male,423.0,ok,text
2013,Ahmedabad,all ages,Total,Total,671.0,ok,text
2013,Prayagraj,0-14,Upto 14 years,Female,0.0,ok,text
2013,Prayagraj,0-14,Upto 14 years,Male,5.0,ok,text
2013,Prayagraj,0-14,Upto 14 years,Total,5.0,ok,text
2013,Prayagraj,15-29,15–29 years,Female,68.0,ok,text
2013,Prayagraj,15-29,15–29 years,Male,41.0,ok,text
2013,Prayagraj,15-29,15–29 years,Total,109.0,ok,text
2013,Prayagraj,30-44,30–44 years,Female,13.0,ok,text
2013,Prayagraj,30-44,30–44 years,Male,63.0,ok,text
2013,Prayagraj,30-44,30–44 years,Total,76.0,ok,text
2013,Prayagraj,45-59,45–59 years,Female,3.0,ok,text
2013,Prayagraj,45-59,45–59 years,Male,42.0,ok,text
2013,Prayagraj,45-59,45–59 years,Total,45.0,ok,text
2013,Prayagraj,60+,60 years & above,Female,2.0,ok,text
2013,Prayagraj,60+,60 years & above,Male,18.0,ok,text
2013,Prayagraj,60+,60 years & above,Total,20.0,ok,text
2013,Prayagraj,all ages,Total,Female,86.0,ok,text
2013,Prayagraj,all ages,Total,Male,169.0,ok,text
2013,Prayagraj,all ages,Total,Total,255.0,ok,text
2013,Amritsar,0-14,Upto 14 years,Female,0.0,ok,text
2013,Amritsar,0-14,Upto 14 years,Male,0.0,ok,text
2013,Amritsar,0-14,Upto 14 years,Total,0.0,ok,text
2013,Amritsar,15-29,15–29 years,Female,8.0,ok,text
2013,Amritsar,15-29,15–29 years,Male,12.0,ok,text
2013,Amritsar,15-29,15–29 years,Total,20.0,ok,text
2013,Amritsar,30-44,30–44 years,Female,7.0,ok,text
2013,Amritsar,30-44,30–44 years,Male,17.0,ok,text
2013,Amritsar,30-44,30–44 years,Total,24.0,ok,text
2013,Amritsar,45-59,45–59 years,Female,2.0,ok,text
2013,Amritsar,45-59,45–59 years,Male,8.0,ok,text
2013,Amritsar,45-59,45–59 years,Total,10.0,ok,text
2013,Amritsar,60+,60 years & above,Female,0.0,ok,text
2013,Amritsar,60+,60 years & above,Male,0.0,ok,text
2013,Amritsar,60+,60 years & above,Total,0.0,ok,text
2013,Amritsar,all ages,Total,Female,17.0,ok,text
2013,Amritsar,all ages,Total,Male,37.0,ok,text
2013,Amritsar,all ages,Total,Total,54.0,ok,text
2013,Asansol,0-14,Upto 14 years,Female,3.0,ok,text
2013,Asansol,0-14,Upto 14 years,Male,22.0,ok,text
2013,Asansol,0-14,Upto 14 years,Total,25.0,ok,text
2013,Asansol,15-29,15–29 years,Female,48.0,ok,text
2013,Asansol,15-29,15–29 years,Male,151.0,ok,text
2013,Asansol,15-29,15–29 years,Total,199.0,ok,text
2013,Asansol,30-44,30–44 years,Female,99.0,ok,text
2013,Asansol,30-44,30–44 years,Male,196.0,ok,text
2013,Asansol,30-44,30–44 years,Total,295.0,ok,text
2013,Asansol,45-59,45–59 years,Female,78.0,ok,text
2013,Asansol,45-59,45–59 years,Male,168.0,ok,text
2013,Asansol,45-59,45–59 years,Total,246.0,ok,text
2013,Asansol,60+,60 years & above,Female,11.0,ok,text
2013,Asansol,60+,60 years & above,Male,43.0,ok,text
2013,Asansol,60+,60 years & above,Total,54.0,ok,text
2013,Asansol,all ages,Total,Female,239.0,ok,text
2013,Asansol,all ages,Total,Male,580.0,ok,text
2013,Asansol,all ages,Total,Total,819.0,ok,text
2013,Chhatrapati Sambhajinagar,0-14,Upto 14 years,Female,1.0,ok,text
2013,Chhatrapati Sambhajinagar,0-14,Upto 14 years,Male,4.0,ok,text
2013,Chhatrapati Sambhajinagar,0-14,Upto 14 years,Total,5.0,ok,text
2013,Chhatrapati Sambhajinagar,15-29,15–29 years,Female,35.0,ok,text
2013,Chhatrapati Sambhajinagar,15-29,15–29 years,Male,71.0,ok,text
2013,Chhatrapati Sambhajinagar,15-29,15–29 years,Total,106.0,ok,text
2013,Chhatrapati Sambhajinagar,30-44,30–44 years,Female,12.0,ok,text
2013,Chhatrapati Sambhajinagar,30-44,30–44 years,Male,48.0,ok,text
2013,Chhatrapati Sambhajinagar,30-44,30–44 years,Total,60.0,ok,text
2013,Chhatrapati Sambhajinagar,45-59,45–59 years,Female,2.0,ok,text
2013,Chhatrapati Sambhajinagar,45-59,45–59 years,Male,20.0,ok,text
2013,Chhatrapati Sambhajinagar,45-59,45–59 years,Total,22.0,ok,text
2013,Chhatrapati Sambhajinagar,60+,60 years & above,Female,2.0,ok,text
2013,Chhatrapati Sambhajinagar,60+,60 years & above,Male,7.0,ok,text
2013,Chhatrapati Sambhajinagar,60+,60 years & above,Total,9.0,ok,text
2013,Chhatrapati Sambhajinagar,all ages,Total,Female,52.0,ok,text
2013,Chhatrapati Sambhajinagar,all ages,Total,Male,150.0,ok,text
2013,Chhatrapati Sambhajinagar,all ages,Total,Total,202.0,ok,text
2013,Bengaluru,0-14,Upto 14 years,Female,16.0,ok,text
2013,Bengaluru,0-14,Upto 14 years,Male,20.0,ok,text
2013,Bengaluru,0-14,Upto 14 years,Total,36.0,ok,text
2013,Bengaluru,15-29,15–29 years,Female,421.0,ok,text
2013,Bengaluru,15-29,15–29 years,Male,511.0,ok,text
2013,Bengaluru,15-29,15–29 years,Total,932.0,ok,text
2013,Bengaluru,30-44,30–44 years,Female,200.0,ok,text
2013,Bengaluru,30-44,30–44 years,Male,472.0,ok,text
2013,Bengaluru,30-44,30–44 years,Total,672.0,ok,text
2013,Bengaluru,45-59,45–59 years,Female,67.0,ok,text
2013,Bengaluru,45-59,45–59 years,Male,228.0,ok,text
2013,Bengaluru,45-59,45–59 years,Total,295.0,ok,text
2013,Bengaluru,60+,60 years & above,Female,21.0,ok,text
2013,Bengaluru,60+,60 years & above,Male,77.0,ok,text
2013,Bengaluru,60+,60 years & above,Total,98.0,ok,text
2013,Bengaluru,all ages,Total,Female,725.0,ok,text
2013,Bengaluru,all ages,Total,Male,1308.0,ok,text
2013,Bengaluru,all ages,Total,Total,2033.0,ok,text
2013,Bhopal,0-14,Upto 14 years,Female,8.0,ok,text
2013,Bhopal,0-14,Upto 14 years,Male,19.0,ok,text
2013,Bhopal,0-14,Upto 14 years,Total,27.0,ok,text
2013,Bhopal,15-29,15–29 years,Female,65.0,ok,text
2013,Bhopal,15-29,15–29 years,Male,112.0,ok,text
2013,Bhopal,15-29,15–29 years,Total,177.0,ok,text
2013,Bhopal,30-44,30–44 years,Female,30.0,ok,text
2013,Bhopal,30-44,30–44 years,Male,85.0,ok,text
2013,Bhopal,30-44,30–44 years,Total,115.0,ok,text
2013,Bhopal,45-59,45–59 years,Female,8.0,ok,text
2013,Bhopal,45-59,45–59 years,Male,41.0,ok,text
2013,Bhopal,45-59,45–59 years,Total,49.0,ok,text
2013,Bhopal,60+,60 years & above,Female,9.0,ok,text
2013,Bhopal,60+,60 years & above,Male,7.0,ok,text
2013,Bhopal,60+,60 years & above,Total,16.0,ok,text
2013,Bhopal,all ages,Total,Female,120.0,ok,text
2013,Bhopal,all ages,Total,Male,264.0,ok,text
2013,Bhopal,all ages,Total,Total,384.0,ok,text
2013,Chandigarh,0-14,Upto 14 years,Female,0.0,ok,text
2013,Chandigarh,0-14,Upto 14 years,Male,0.0,ok,text
2013,Chandigarh,0-14,Upto 14 years,Total,0.0,ok,text
2013,Chandigarh,15-29,15–29 years,Female,26.0,ok,text
2013,Chandigarh,15-29,15–29 years,Male,27.0,ok,text
2013,Chandigarh,15-29,15–29 years,Total,53.0,ok,text
2013,Chandigarh,30-44,30–44 years,Female,9.0,ok,text
2013,Chandigarh,30-44,30–44 years,Male,17.0,ok,text
2013,Chandigarh,30-44,30–44 years,Total,26.0,ok,text
2013,Chandigarh,45-59,45–59 years,Female,2.0,ok,text
2013,Chandigarh,45-59,45–59 years,Male,11.0,ok,text
2013,Chandigarh,45-59,45–59 years,Total,13.0,ok,text
2013,Chandigarh,60+,60 years & above,Female,0.0,ok,text
2013,Chandigarh,60+,60 years & above,Male,2.0,ok,text
2013,Chandigarh,60+,60 years & above,Total,2.0,ok,text
2013,Chandigarh,all ages,Total,Female,37.0,ok,text
2013,Chandigarh,all ages,Total,Male,57.0,ok,text
2013,Chandigarh,all ages,Total,Total,94.0,ok,text
2013,Chennai,0-14,Upto 14 years,Female,26.0,ok,text
2013,Chennai,0-14,Upto 14 years,Male,19.0,ok,text
2013,Chennai,0-14,Upto 14 years,Total,45.0,ok,text
2013,Chennai,15-29,15–29 years,Female,272.0,ok,text
2013,Chennai,15-29,15–29 years,Male,463.0,ok,text
2013,Chennai,15-29,15–29 years,Total,735.0,ok,text
2013,Chennai,30-44,30–44 years,Female,242.0,ok,text
2013,Chennai,30-44,30–44 years,Male,645.0,ok,text
2013,Chennai,30-44,30–44 years,Total,887.0,ok,text
2013,Chennai,45-59,45–59 years,Female,105.0,ok,text
2013,Chennai,45-59,45–59 years,Male,451.0,ok,text
2013,Chennai,45-59,45–59 years,Total,556.0,ok,text
2013,Chennai,60+,60 years & above,Female,58.0,ok,text
2013,Chennai,60+,60 years & above,Male,169.0,ok,text
2013,Chennai,60+,60 years & above,Total,227.0,ok,text
2013,Chennai,all ages,Total,Female,703.0,ok,text
2013,Chennai,all ages,Total,Male,1747.0,ok,text
2013,Chennai,all ages,Total,Total,2450.0,ok,text
2013,Coimbatore,0-14,Upto 14 years,Female,1.0,ok,text
2013,Coimbatore,0-14,Upto 14 years,Male,4.0,ok,text
2013,Coimbatore,0-14,Upto 14 years,Total,5.0,ok,text
2013,Coimbatore,15-29,15–29 years,Female,53.0,ok,text
2013,Coimbatore,15-29,15–29 years,Male,82.0,ok,text
2013,Coimbatore,15-29,15–29 years,Total,135.0,ok,text
2013,Coimbatore,30-44,30–44 years,Female,21.0,ok,text
2013,Coimbatore,30-44,30–44 years,Male,147.0,ok,text
2013,Coimbatore,30-44,30–44 years,Total,168.0,ok,text
2013,Coimbatore,45-59,45–59 years,Female,5.0,ok,text
2013,Coimbatore,45-59,45–59 years,Male,65.0,ok,text
2013,Coimbatore,45-59,45–59 years,Total,70.0,ok,text
2013,Coimbatore,60+,60 years & above,Female,8.0,ok,text
2013,Coimbatore,60+,60 years & above,Male,28.0,ok,text
2013,Coimbatore,60+,60 years & above,Total,36.0,ok,text
2013,Coimbatore,all ages,Total,Female,88.0,ok,text
2013,Coimbatore,all ages,Total,Male,326.0,ok,text
2013,Coimbatore,all ages,Total,Total,414.0,ok,text
2013,Delhi,0-14,Upto 14 years,Female,21.0,ok,text
2013,Delhi,0-14,Upto 14 years,Male,19.0,ok,text
2013,Delhi,0-14,Upto 14 years,Total,40.0,ok,text
2013,Delhi,15-29,15–29 years,Female,340.0,ok,text
2013,Delhi,15-29,15–29 years,Male,489.0,ok,text
2013,Delhi,15-29,15–29 years,Total,829.0,ok,text
2013,Delhi,30-44,30–44 years,Female,129.0,ok,text
2013,Delhi,30-44,30–44 years,Male,444.0,ok,text
2013,Delhi,30-44,30–44 years,Total,573.0,ok,text
2013,Delhi,45-59,45–59 years,Female,34.0,ok,text
2013,Delhi,45-59,45–59 years,Male,173.0,ok,text
2013,Delhi,45-59,45–59 years,Total,207.0,ok,text
2013,Delhi,60+,60 years & above,Female,9.0,ok,text
2013,Delhi,60+,60 years & above,Male,95.0,ok,text
2013,Delhi,60+,60 years & above,Total,104.0,ok,text
2013,Delhi,all ages,Total,Female,533.0,ok,text
2013,Delhi,all ages,Total,Male,1220.0,ok,text
2013,Delhi,all ages,Total,Total,1753.0,ok,text
2013,Dhanbad,0-14,Upto 14 years,Female,1.0,ok,text
2013,Dhanbad,0-14,Upto 14 years,Male,1.0,ok,text
2013,Dhanbad,0-14,Upto 14 years,Total,2.0,ok,text
2013,Dhanbad,15-29,15–29 years,Female,15.0,ok,text
2013,Dhanbad,15-29,15–29 years,Male,8.0,ok,text
2013,Dhanbad,15-29,15–29 years,Total,23.0,ok,text
2013,Dhanbad,30-44,30–44 years,Female,13.0,ok,text
2013,Dhanbad,30-44,30–44 years,Male,26.0,ok,text
2013,Dhanbad,30-44,30–44 years,Total,39.0,ok,text
2013,Dhanbad,45-59,45–59 years,Female,4.0,ok,text
2013,Dhanbad,45-59,45–59 years,Male,13.0,ok,text
2013,Dhanbad,45-59,45–59 years,Total,17.0,ok,text
2013,Dhanbad,60+,60 years & above,Female,1.0,ok,text
2013,Dhanbad,60+,60 years & above,Male,1.0,ok,text
2013,Dhanbad,60+,60 years & above,Total,2.0,ok,text
2013,Dhanbad,all ages,Total,Female,34.0,ok,text
2013,Dhanbad,all ages,Total,Male,49.0,ok,text
2013,Dhanbad,all ages,Total,Total,83.0,ok,text
2013,Durg-Bhilainagar,0-14,Upto 14 years,Female,4.0,ok,text
2013,Durg-Bhilainagar,0-14,Upto 14 years,Male,7.0,ok,text
2013,Durg-Bhilainagar,0-14,Upto 14 years,Total,11.0,ok,text
2013,Durg-Bhilainagar,15-29,15–29 years,Female,59.0,ok,text
2013,Durg-Bhilainagar,15-29,15–29 years,Male,86.0,ok,text
2013,Durg-Bhilainagar,15-29,15–29 years,Total,145.0,ok,text
2013,Durg-Bhilainagar,30-44,30–44 years,Female,30.0,ok,text
2013,Durg-Bhilainagar,30-44,30–44 years,Male,72.0,ok,text
2013,Durg-Bhilainagar,30-44,30–44 years,Total,102.0,ok,text
2013,Durg-Bhilainagar,45-59,45–59 years,Female,8.0,ok,text
2013,Durg-Bhilainagar,45-59,45–59 years,Male,26.0,ok,text
2013,Durg-Bhilainagar,45-59,45–59 years,Total,34.0,ok,text
2013,Durg-Bhilainagar,60+,60 years & above,Female,0.0,ok,text
2013,Durg-Bhilainagar,60+,60 years & above,Male,0.0,ok,text
2013,Durg-Bhilainagar,60+,60 years & above,Total,0.0,ok,text
2013,Durg-Bhilainagar,all ages,Total,Female,101.0,ok,text
2013,Durg-Bhilainagar,all ages,Total,Male,191.0,ok,text
2013,Durg-Bhilainagar,all ages,Total,Total,292.0,ok,text
2013,Faridabad,0-14,Upto 14 years,Female,1.0,ok,text
2013,Faridabad,0-14,Upto 14 years,Male,0.0,ok,text
2013,Faridabad,0-14,Upto 14 years,Total,1.0,ok,text
2013,Faridabad,15-29,15–29 years,Female,41.0,ok,text
2013,Faridabad,15-29,15–29 years,Male,57.0,ok,text
2013,Faridabad,15-29,15–29 years,Total,98.0,ok,text
2013,Faridabad,30-44,30–44 years,Female,20.0,ok,text
2013,Faridabad,30-44,30–44 years,Male,41.0,ok,text
2013,Faridabad,30-44,30–44 years,Total,61.0,ok,text
2013,Faridabad,45-59,45–59 years,Female,3.0,ok,text
2013,Faridabad,45-59,45–59 years,Male,9.0,ok,text
2013,Faridabad,45-59,45–59 years,Total,12.0,ok,text
2013,Faridabad,60+,60 years & above,Female,0.0,ok,text
2013,Faridabad,60+,60 years & above,Male,0.0,ok,text
2013,Faridabad,60+,60 years & above,Total,0.0,ok,text
2013,Faridabad,all ages,Total,Female,65.0,ok,text
2013,Faridabad,all ages,Total,Male,107.0,ok,text
2013,Faridabad,all ages,Total,Total,172.0,ok,text
2013,Ghaziabad,0-14,Upto 14 years,Female,0.0,ok,text
2013,Ghaziabad,0-14,Upto 14 years,Male,0.0,ok,text
2013,Ghaziabad,0-14,Upto 14 years,Total,0.0,ok,text
2013,Ghaziabad,15-29,15–29 years,Female,31.0,ok,text
2013,Ghaziabad,15-29,15–29 years,Male,33.0,ok,text
2013,Ghaziabad,15-29,15–29 years,Total,64.0,ok,text
2013,Ghaziabad,30-44,30–44 years,Female,16.0,ok,text
2013,Ghaziabad,30-44,30–44 years,Male,55.0,ok,text
2013,Ghaziabad,30-44,30–44 years,Total,71.0,ok,text
2013,Ghaziabad,45-59,45–59 years,Female,0.0,ok,text
2013,Ghaziabad,45-59,45–59 years,Male,25.0,ok,text
2013,Ghaziabad,45-59,45–59 years,Total,25.0,ok,text
2013,Ghaziabad,60+,60 years & above,Female,0.0,ok,text
2013,Ghaziabad,60+,60 years & above,Male,0.0,ok,text
2013,Ghaziabad,60+,60 years & above,Total,0.0,ok,text
2013,Ghaziabad,all ages,Total,Female,47.0,ok,text
2013,Ghaziabad,all ages,Total,Male,113.0,ok,text
2013,Ghaziabad,all ages,Total,Total,160.0,ok,text
2013,Gwalior,0-14,Upto 14 years,Female,6.0,ok,text
2013,Gwalior,0-14,Upto 14 years,Male,2.0,ok,text
2013,Gwalior,0-14,Upto 14 years,Total,8.0,ok,text
2013,Gwalior,15-29,15–29 years,Female,48.0,ok,text
2013,Gwalior,15-29,15–29 years,Male,65.0,ok,text
2013,Gwalior,15-29,15–29 years,Total,113.0,ok,text
2013,Gwalior,30-44,30–44 years,Female,21.0,ok,text
2013,Gwalior,30-44,30–44 years,Male,41.0,ok,text
2013,Gwalior,30-44,30–44 years,Total,62.0,ok,text
2013,Gwalior,45-59,45–59 years,Female,6.0,ok,text
2013,Gwalior,45-59,45–59 years,Male,16.0,ok,text
2013,Gwalior,45-59,45–59 years,Total,22.0,ok,text
2013,Gwalior,60+,60 years & above,Female,1.0,ok,text
2013,Gwalior,60+,60 years & above,Male,5.0,ok,text
2013,Gwalior,60+,60 years & above,Total,6.0,ok,text
2013,Gwalior,all ages,Total,Female,82.0,ok,text
2013,Gwalior,all ages,Total,Male,129.0,ok,text
2013,Gwalior,all ages,Total,Total,211.0,ok,text
2013,Hyderabad,0-14,Upto 14 years,Female,6.0,ok,text
2013,Hyderabad,0-14,Upto 14 years,Male,5.0,ok,text
2013,Hyderabad,0-14,Upto 14 years,Total,11.0,ok,text
2013,Hyderabad,15-29,15–29 years,Female,116.0,ok,text
2013,Hyderabad,15-29,15–29 years,Male,155.0,ok,text
2013,Hyderabad,15-29,15–29 years,Total,271.0,ok,text
2013,Hyderabad,30-44,30–44 years,Female,60.0,ok,text
2013,Hyderabad,30-44,30–44 years,Male,162.0,ok,text
2013,Hyderabad,30-44,30–44 years,Total,222.0,ok,text
2013,Hyderabad,45-59,45–59 years,Female,25.0,ok,text
2013,Hyderabad,45-59,45–59 years,Male,76.0,ok,text
2013,Hyderabad,45-59,45–59 years,Total,101.0,ok,text
2013,Hyderabad,60+,60 years & above,Female,11.0,ok,text
2013,Hyderabad,60+,60 years & above,Male,13.0,ok,text
2013,Hyderabad,60+,60 years & above,Total,24.0,ok,text
2013,Hyderabad,all ages,Total,Female,218.0,ok,text
2013,Hyderabad,all ages,Total,Male,411.0,ok,text
2013,Hyderabad,all ages,Total,Total,629.0,ok,text
2013,Indore,0-14,Upto 14 years,Female,10.0,ok,text
2013,Indore,0-14,Upto 14 years,Male,5.0,ok,text
2013,Indore,0-14,Upto 14 years,Total,15.0,ok,text
2013,Indore,15-29,15–29 years,Female,128.0,ok,text
2013,Indore,15-29,15–29 years,Male,156.0,ok,text
2013,Indore,15-29,15–29 years,Total,284.0,ok,text
2013,Indore,30-44,30–44 years,Female,43.0,ok,text
2013,Indore,30-44,30–44 years,Male,111.0,ok,text
2013,Indore,30-44,30–44 years,Total,154.0,ok,text
2013,Indore,45-59,45–59 years,Female,15.0,ok,text
2013,Indore,45-59,45–59 years,Male,50.0,ok,text
2013,Indore,45-59,45–59 years,Total,65.0,ok,text
2013,Indore,60+,60 years & above,Female,8.0,ok,text
2013,Indore,60+,60 years & above,Male,14.0,ok,text
2013,Indore,60+,60 years & above,Total,22.0,ok,text
2013,Indore,all ages,Total,Female,204.0,ok,text
2013,Indore,all ages,Total,Male,336.0,ok,text
2013,Indore,all ages,Total,Total,540.0,ok,text
2013,Jabalpur,0-14,Upto 14 years,Female,0.0,ok,text
2013,Jabalpur,0-14,Upto 14 years,Male,1.0,ok,text
2013,Jabalpur,0-14,Upto 14 years,Total,1.0,ok,text
2013,Jabalpur,15-29,15–29 years,Female,68.0,ok,text
2013,Jabalpur,15-29,15–29 years,Male,56.0,ok,text
2013,Jabalpur,15-29,15–29 years,Total,124.0,ok,text
2013,Jabalpur,30-44,30–44 years,Female,40.0,ok,text
2013,Jabalpur,30-44,30–44 years,Male,47.0,ok,text
2013,Jabalpur,30-44,30–44 years,Total,87.0,ok,text
2013,Jabalpur,45-59,45–59 years,Female,21.0,ok,text
2013,Jabalpur,45-59,45–59 years,Male,36.0,ok,text
2013,Jabalpur,45-59,45–59 years,Total,57.0,ok,text
2013,Jabalpur,60+,60 years & above,Female,8.0,ok,text
2013,Jabalpur,60+,60 years & above,Male,27.0,ok,text
2013,Jabalpur,60+,60 years & above,Total,35.0,ok,text
2013,Jabalpur,all ages,Total,Female,137.0,ok,text
2013,Jabalpur,all ages,Total,Male,167.0,ok,text
2013,Jabalpur,all ages,Total,Total,304.0,ok,text
2013,Jaipur,0-14,Upto 14 years,Female,4.0,ok,text
2013,Jaipur,0-14,Upto 14 years,Male,5.0,ok,text
2013,Jaipur,0-14,Upto 14 years,Total,9.0,ok,text
2013,Jaipur,15-29,15–29 years,Female,67.0,ok,text
2013,Jaipur,15-29,15–29 years,Male,103.0,ok,text
2013,Jaipur,15-29,15–29 years,Total,170.0,ok,text
2013,Jaipur,30-44,30–44 years,Female,27.0,ok,text
2013,Jaipur,30-44,30–44 years,Male,89.0,ok,text
2013,Jaipur,30-44,30–44 years,Total,116.0,ok,text
2013,Jaipur,45-59,45–59 years,Female,11.0,ok,text
2013,Jaipur,45-59,45–59 years,Male,33.0,ok,text
2013,Jaipur,45-59,45–59 years,Total,44.0,ok,text
2013,Jaipur,60+,60 years & above,Female,8.0,ok,text
2013,Jaipur,60+,60 years & above,Male,6.0,ok,text
2013,Jaipur,60+,60 years & above,Total,14.0,ok,text
2013,Jaipur,all ages,Total,Female,117.0,ok,text
2013,Jaipur,all ages,Total,Male,236.0,ok,text
2013,Jaipur,all ages,Total,Total,353.0,ok,text
2013,Jamshedpur,0-14,Upto 14 years,Female,0.0,ok,text
2013,Jamshedpur,0-14,Upto 14 years,Male,1.0,ok,text
2013,Jamshedpur,0-14,Upto 14 years,Total,1.0,ok,text
2013,Jamshedpur,15-29,15–29 years,Female,32.0,ok,text
2013,Jamshedpur,15-29,15–29 years,Male,39.0,ok,text
2013,Jamshedpur,15-29,15–29 years,Total,71.0,ok,text
2013,Jamshedpur,30-44,30–44 years,Female,16.0,ok,text
2013,Jamshedpur,30-44,30–44 years,Male,32.0,ok,text
2013,Jamshedpur,30-44,30–44 years,Total,48.0,ok,text
2013,Jamshedpur,45-59,45–59 years,Female,0.0,ok,text
2013,Jamshedpur,45-59,45–59 years,Male,7.0,ok,text
2013,Jamshedpur,45-59,45–59 years,Total,7.0,ok,text
2013,Jamshedpur,60+,60 years & above,Female,0.0,ok,text
2013,Jamshedpur,60+,60 years & above,Male,6.0,ok,text
2013,Jamshedpur,60+,60 years & above,Total,6.0,ok,text
2013,Jamshedpur,all ages,Total,Female,48.0,ok,text
2013,Jamshedpur,all ages,Total,Male,85.0,ok,text
2013,Jamshedpur,all ages,Total,Total,133.0,ok,text
2013,Jodhpur,0-14,Upto 14 years,Female,0.0,ok,text
2013,Jodhpur,0-14,Upto 14 years,Male,0.0,ok,text
2013,Jodhpur,0-14,Upto 14 years,Total,0.0,ok,text
2013,Jodhpur,15-29,15–29 years,Female,15.0,ok,text
2013,Jodhpur,15-29,15–29 years,Male,39.0,ok,text
2013,Jodhpur,15-29,15–29 years,Total,54.0,ok,text
2013,Jodhpur,30-44,30–44 years,Female,2.0,ok,text
2013,Jodhpur,30-44,30–44 years,Male,31.0,ok,text
2013,Jodhpur,30-44,30–44 years,Total,33.0,ok,text
2013,Jodhpur,45-59,45–59 years,Female,2.0,ok,text
2013,Jodhpur,45-59,45–59 years,Male,11.0,ok,text
2013,Jodhpur,45-59,45–59 years,Total,13.0,ok,text
2013,Jodhpur,60+,60 years & above,Female,1.0,ok,text
2013,Jodhpur,60+,60 years & above,Male,2.0,ok,text
2013,Jodhpur,60+,60 years & above,Total,3.0,ok,text
2013,Jodhpur,all ages,Total,Female,20.0,ok,text
2013,Jodhpur,all ages,Total,Male,83.0,ok,text
2013,Jodhpur,all ages,Total,Total,103.0,ok,text
2013,Kannur,0-14,Upto 14 years,Female,0.0,ok,text
2013,Kannur,0-14,Upto 14 years,Male,0.0,ok,text
2013,Kannur,0-14,Upto 14 years,Total,0.0,ok,text
2013,Kannur,15-29,15–29 years,Female,12.0,ok,text
2013,Kannur,15-29,15–29 years,Male,12.0,ok,text
2013,Kannur,15-29,15–29 years,Total,24.0,ok,text
2013,Kannur,30-44,30–44 years,Female,9.0,ok,text
2013,Kannur,30-44,30–44 years,Male,33.0,ok,text
2013,Kannur,30-44,30–44 years,Total,42.0,ok,text
2013,Kannur,45-59,45–59 years,Female,10.0,ok,text
2013,Kannur,45-59,45–59 years,Male,44.0,ok,text
2013,Kannur,45-59,45–59 years,Total,54.0,ok,text
2013,Kannur,60+,60 years & above,Female,10.0,ok,text
2013,Kannur,60+,60 years & above,Male,23.0,ok,text
2013,Kannur,60+,60 years & above,Total,33.0,ok,text
2013,Kannur,all ages,Total,Female,41.0,ok,text
2013,Kannur,all ages,Total,Male,112.0,ok,text
2013,Kannur,all ages,Total,Total,153.0,ok,text
2013,Kanpur,0-14,Upto 14 years,Female,9.0,ok,text
2013,Kanpur,0-14,Upto 14 years,Male,11.0,ok,text
2013,Kanpur,0-14,Upto 14 years,Total,20.0,ok,text
2013,Kanpur,15-29,15–29 years,Female,193.0,ok,text
2013,Kanpur,15-29,15–29 years,Male,129.0,ok,text
2013,Kanpur,15-29,15–29 years,Total,322.0,ok,text
2013,Kanpur,30-44,30–44 years,Female,108.0,ok,text
2013,Kanpur,30-44,30–44 years,Male,100.0,ok,text
2013,Kanpur,30-44,30–44 years,Total,208.0,ok,text
2013,Kanpur,45-59,45–59 years,Female,57.0,ok,text
2013,Kanpur,45-59,45–59 years,Male,20.0,ok,text
2013,Kanpur,45-59,45–59 years,Total,77.0,ok,text
2013,Kanpur,60+,60 years & above,Female,15.0,ok,text
2013,Kanpur,60+,60 years & above,Male,6.0,ok,text
2013,Kanpur,60+,60 years & above,Total,21.0,ok,text
2013,Kanpur,all ages,Total,Female,382.0,ok,text
2013,Kanpur,all ages,Total,Male,266.0,ok,text
2013,Kanpur,all ages,Total,Total,648.0,ok,text
2013,Kochi,0-14,Upto 14 years,Female,2.0,ok,text
2013,Kochi,0-14,Upto 14 years,Male,2.0,ok,text
2013,Kochi,0-14,Upto 14 years,Total,4.0,ok,text
2013,Kochi,15-29,15–29 years,Female,10.0,ok,text
2013,Kochi,15-29,15–29 years,Male,38.0,ok,text
2013,Kochi,15-29,15–29 years,Total,48.0,ok,text
2013,Kochi,30-44,30–44 years,Female,8.0,ok,text
2013,Kochi,30-44,30–44 years,Male,59.0,ok,text
2013,Kochi,30-44,30–44 years,Total,67.0,ok,text
2013,Kochi,45-59,45–59 years,Female,4.0,ok,text
2013,Kochi,45-59,45–59 years,Male,54.0,ok,text
2013,Kochi,45-59,45–59 years,Total,58.0,ok,text
2013,Kochi,60+,60 years & above,Female,10.0,ok,text
2013,Kochi,60+,60 years & above,Male,29.0,ok,text
2013,Kochi,60+,60 years & above,Total,39.0,ok,text
2013,Kochi,all ages,Total,Female,34.0,ok,text
2013,Kochi,all ages,Total,Male,182.0,ok,text
2013,Kochi,all ages,Total,Total,216.0,ok,text
2013,Kolkata,0-14,Upto 14 years,Female,6.0,ok,text
2013,Kolkata,0-14,Upto 14 years,Male,6.0,ok,text
2013,Kolkata,0-14,Upto 14 years,Total,12.0,ok,text
2013,Kolkata,15-29,15–29 years,Female,53.0,ok,text
2013,Kolkata,15-29,15–29 years,Male,76.0,ok,text
2013,Kolkata,15-29,15–29 years,Total,129.0,ok,text
2013,Kolkata,30-44,30–44 years,Female,32.0,ok,text
2013,Kolkata,30-44,30–44 years,Male,64.0,ok,text
2013,Kolkata,30-44,30–44 years,Total,96.0,ok,text
2013,Kolkata,45-59,45–59 years,Female,28.0,ok,text
2013,Kolkata,45-59,45–59 years,Male,66.0,ok,text
2013,Kolkata,45-59,45–59 years,Total,94.0,ok,text
2013,Kolkata,60+,60 years & above,Female,11.0,ok,text
2013,Kolkata,60+,60 years & above,Male,35.0,ok,text
2013,Kolkata,60+,60 years & above,Total,46.0,ok,text
2013,Kolkata,all ages,Total,Female,130.0,ok,text
2013,Kolkata,all ages,Total,Male,247.0,ok,text
2013,Kolkata,all ages,Total,Total,377.0,ok,text
2013,Kollam,0-14,Upto 14 years,Female,1.0,ok,text
2013,Kollam,0-14,Upto 14 years,Male,3.0,ok,text
2013,Kollam,0-14,Upto 14 years,Total,4.0,ok,text
2013,Kollam,15-29,15–29 years,Female,24.0,ok,text
2013,Kollam,15-29,15–29 years,Male,66.0,ok,text
2013,Kollam,15-29,15–29 years,Total,90.0,ok,text
2013,Kollam,30-44,30–44 years,Female,19.0,ok,text
2013,Kollam,30-44,30–44 years,Male,120.0,ok,text
2013,Kollam,30-44,30–44 years,Total,139.0,ok,text
2013,Kollam,45-59,45–59 years,Female,13.0,ok,text
2013,Kollam,45-59,45–59 years,Male,126.0,ok,text
2013,Kollam,45-59,45–59 years,Total,139.0,ok,text
2013,Kollam,60+,60 years & above,Female,11.0,ok,text
2013,Kollam,60+,60 years & above,Male,49.0,ok,text
2013,Kollam,60+,60 years & above,Total,60.0,ok,text
2013,Kollam,all ages,Total,Female,68.0,ok,text
2013,Kollam,all ages,Total,Male,364.0,ok,text
2013,Kollam,all ages,Total,Total,432.0,ok,text
2013,Kota,0-14,Upto 14 years,Female,0.0,ok,text
2013,Kota,0-14,Upto 14 years,Male,0.0,ok,text
2013,Kota,0-14,Upto 14 years,Total,0.0,ok,text
2013,Kota,15-29,15–29 years,Female,12.0,ok,text
2013,Kota,15-29,15–29 years,Male,39.0,ok,text
2013,Kota,15-29,15–29 years,Total,51.0,ok,text
2013,Kota,30-44,30–44 years,Female,0.0,ok,text
2013,Kota,30-44,30–44 years,Male,11.0,ok,text
2013,Kota,30-44,30–44 years,Total,11.0,ok,text
2013,Kota,45-59,45–59 years,Female,0.0,ok,text
2013,Kota,45-59,45–59 years,Male,0.0,ok,text
2013,Kota,45-59,45–59 years,Total,0.0,ok,text
2013,Kota,60+,60 years & above,Female,0.0,ok,text
2013,Kota,60+,60 years & above,Male,0.0,ok,text
2013,Kota,60+,60 years & above,Total,0.0,ok,text
2013,Kota,all ages,Total,Female,12.0,ok,text
2013,Kota,all ages,Total,Male,50.0,ok,text
2013,Kota,all ages,Total,Total,62.0,ok,text
2013,Kozhikode,0-14,Upto 14 years,Female,3.0,ok,text
2013,Kozhikode,0-14,Upto 14 years,Male,0.0,ok,text
2013,Kozhikode,0-14,Upto 14 years,Total,3.0,ok,text
2013,Kozhikode,15-29,15–29 years,Female,22.0,ok,text
2013,Kozhikode,15-29,15–29 years,Male,37.0,ok,text
2013,Kozhikode,15-29,15–29 years,Total,59.0,ok,text
2013,Kozhikode,30-44,30–44 years,Female,14.0,ok,text
2013,Kozhikode,30-44,30–44 years,Male,45.0,ok,text
2013,Kozhikode,30-44,30–44 years,Total,59.0,ok,text
2013,Kozhikode,45-59,45–59 years,Female,13.0,ok,text
2013,Kozhikode,45-59,45–59 years,Male,47.0,ok,text
2013,Kozhikode,45-59,45–59 years,Total,60.0,ok,text
2013,Kozhikode,60+,60 years & above,Female,28.0,ok,text
2013,Kozhikode,60+,60 years & above,Male,31.0,ok,text
2013,Kozhikode,60+,60 years & above,Total,59.0,ok,text
2013,Kozhikode,all ages,Total,Female,80.0,ok,text
2013,Kozhikode,all ages,Total,Male,160.0,ok,text
2013,Kozhikode,all ages,Total,Total,240.0,ok,text
2013,Lucknow,0-14,Upto 14 years,Female,0.0,ok,text
2013,Lucknow,0-14,Upto 14 years,Male,0.0,ok,text
2013,Lucknow,0-14,Upto 14 years,Total,0.0,ok,text
2013,Lucknow,15-29,15–29 years,Female,10.0,ok,text
2013,Lucknow,15-29,15–29 years,Male,18.0,ok,text
2013,Lucknow,15-29,15–29 years,Total,28.0,ok,text
2013,Lucknow,30-44,30–44 years,Female,27.0,ok,text
2013,Lucknow,30-44,30–44 years,Male,62.0,ok,text
2013,Lucknow,30-44,30–44 years,Total,89.0,ok,text
2013,Lucknow,45-59,45–59 years,Female,32.0,ok,text
2013,Lucknow,45-59,45–59 years,Male,91.0,ok,text
2013,Lucknow,45-59,45–59 years,Total,123.0,ok,text
2013,Lucknow,60+,60 years & above,Female,1.0,ok,text
2013,Lucknow,60+,60 years & above,Male,4.0,ok,text
2013,Lucknow,60+,60 years & above,Total,5.0,ok,text
2013,Lucknow,all ages,Total,Female,70.0,ok,text
2013,Lucknow,all ages,Total,Male,175.0,ok,text
2013,Lucknow,all ages,Total,Total,245.0,ok,text
2013,Ludhiana,0-14,Upto 14 years,Female,0.0,ok,text
2013,Ludhiana,0-14,Upto 14 years,Male,0.0,ok,text
2013,Ludhiana,0-14,Upto 14 years,Total,0.0,ok,text
2013,Ludhiana,15-29,15–29 years,Female,10.0,ok,text
2013,Ludhiana,15-29,15–29 years,Male,11.0,ok,text
2013,Ludhiana,15-29,15–29 years,Total,21.0,ok,text
2013,Ludhiana,30-44,30–44 years,Female,5.0,ok,text
2013,Ludhiana,30-44,30–44 years,Male,24.0,ok,text
2013,Ludhiana,30-44,30–44 years,Total,29.0,ok,text
2013,Ludhiana,45-59,45–59 years,Female,0.0,ok,text
2013,Ludhiana,45-59,45–59 years,Male,3.0,ok,text
2013,Ludhiana,45-59,45–59 years,Total,3.0,ok,text
2013,Ludhiana,60+,60 years & above,Female,0.0,ok,text
2013,Ludhiana,60+,60 years & above,Male,1.0,ok,text
2013,Ludhiana,60+,60 years & above,Total,1.0,ok,text
2013,Ludhiana,all ages,Total,Female,15.0,ok,text
2013,Ludhiana,all ages,Total,Male,39.0,ok,text
2013,Ludhiana,all ages,Total,Total,54.0,ok,text
2013,Madurai,0-14,Upto 14 years,Female,1.0,ok,text
2013,Madurai,0-14,Upto 14 years,Male,1.0,ok,text
2013,Madurai,0-14,Upto 14 years,Total,2.0,ok,text
2013,Madurai,15-29,15–29 years,Female,41.0,ok,text
2013,Madurai,15-29,15–29 years,Male,46.0,ok,text
2013,Madurai,15-29,15–29 years,Total,87.0,ok,text
2013,Madurai,30-44,30–44 years,Female,34.0,ok,text
2013,Madurai,30-44,30–44 years,Male,79.0,ok,text
2013,Madurai,30-44,30–44 years,Total,113.0,ok,text
2013,Madurai,45-59,45–59 years,Female,6.0,ok,text
2013,Madurai,45-59,45–59 years,Male,31.0,ok,text
2013,Madurai,45-59,45–59 years,Total,37.0,ok,text
2013,Madurai,60+,60 years & above,Female,12.0,ok,text
2013,Madurai,60+,60 years & above,Male,12.0,ok,text
2013,Madurai,60+,60 years & above,Total,24.0,ok,text
2013,Madurai,all ages,Total,Female,94.0,ok,text
2013,Madurai,all ages,Total,Male,169.0,ok,text
2013,Madurai,all ages,Total,Total,263.0,ok,text
2013,Malappuram,0-14,Upto 14 years,Female,0.0,ok,text
2013,Malappuram,0-14,Upto 14 years,Male,0.0,ok,text
2013,Malappuram,0-14,Upto 14 years,Total,0.0,ok,text
2013,Malappuram,15-29,15–29 years,Female,7.0,ok,text
2013,Malappuram,15-29,15–29 years,Male,9.0,ok,text
2013,Malappuram,15-29,15–29 years,Total,16.0,ok,text
2013,Malappuram,30-44,30–44 years,Female,9.0,ok,text
2013,Malappuram,30-44,30–44 years,Male,16.0,ok,text
2013,Malappuram,30-44,30–44 years,Total,25.0,ok,text
2013,Malappuram,45-59,45–59 years,Female,4.0,ok,text
2013,Malappuram,45-59,45–59 years,Male,12.0,ok,text
2013,Malappuram,45-59,45–59 years,Total,16.0,ok,text
2013,Malappuram,60+,60 years & above,Female,1.0,ok,text
2013,Malappuram,60+,60 years & above,Male,3.0,ok,text
2013,Malappuram,60+,60 years & above,Total,4.0,ok,text
2013,Malappuram,all ages,Total,Female,21.0,ok,text
2013,Malappuram,all ages,Total,Male,40.0,ok,text
2013,Malappuram,all ages,Total,Total,61.0,ok,text
2013,Meerut,0-14,Upto 14 years,Female,3.0,ok,text
2013,Meerut,0-14,Upto 14 years,Male,0.0,ok,text
2013,Meerut,0-14,Upto 14 years,Total,3.0,ok,text
2013,Meerut,15-29,15–29 years,Female,13.0,ok,text
2013,Meerut,15-29,15–29 years,Male,20.0,ok,text
2013,Meerut,15-29,15–29 years,Total,33.0,ok,text
2013,Meerut,30-44,30–44 years,Female,4.0,ok,text
2013,Meerut,30-44,30–44 years,Male,13.0,ok,text
2013,Meerut,30-44,30–44 years,Total,17.0,ok,text
2013,Meerut,45-59,45–59 years,Female,4.0,ok,text
2013,Meerut,45-59,45–59 years,Male,5.0,ok,text
2013,Meerut,45-59,45–59 years,Total,9.0,ok,text
2013,Meerut,60+,60 years & above,Female,0.0,ok,text
2013,Meerut,60+,60 years & above,Male,0.0,ok,text
2013,Meerut,60+,60 years & above,Total,0.0,ok,text
2013,Meerut,all ages,Total,Female,24.0,ok,text
2013,Meerut,all ages,Total,Male,38.0,ok,text
2013,Meerut,all ages,Total,Total,62.0,ok,text
2013,Mumbai,0-14,Upto 14 years,Female,12.0,ok,text
2013,Mumbai,0-14,Upto 14 years,Male,11.0,ok,text
2013,Mumbai,0-14,Upto 14 years,Total,23.0,ok,text
2013,Mumbai,15-29,15–29 years,Female,288.0,ok,text
2013,Mumbai,15-29,15–29 years,Male,321.0,ok,text
2013,Mumbai,15-29,15–29 years,Total,609.0,ok,text
2013,Mumbai,30-44,30–44 years,Female,107.0,ok,text
2013,Mumbai,30-44,30–44 years,Male,302.0,ok,text
2013,Mumbai,30-44,30–44 years,Total,409.0,ok,text
2013,Mumbai,45-59,45–59 years,Female,49.0,ok,text
2013,Mumbai,45-59,45–59 years,Male,133.0,ok,text
2013,Mumbai,45-59,45–59 years,Total,182.0,ok,text
2013,Mumbai,60+,60 years & above,Female,35.0,ok,text
2013,Mumbai,60+,60 years & above,Male,64.0,ok,text
2013,Mumbai,60+,60 years & above,Total,99.0,ok,text
2013,Mumbai,all ages,Total,Female,491.0,ok,text
2013,Mumbai,all ages,Total,Male,831.0,ok,text
2013,Mumbai,all ages,Total,Total,1322.0,ok,text
2013,Nagpur,0-14,Upto 14 years,Female,6.0,ok,text
2013,Nagpur,0-14,Upto 14 years,Male,2.0,ok,text
2013,Nagpur,0-14,Upto 14 years,Total,8.0,ok,text
2013,Nagpur,15-29,15–29 years,Female,72.0,ok,text
2013,Nagpur,15-29,15–29 years,Male,121.0,ok,text
2013,Nagpur,15-29,15–29 years,Total,193.0,ok,text
2013,Nagpur,30-44,30–44 years,Female,47.0,ok,text
2013,Nagpur,30-44,30–44 years,Male,119.0,ok,text
2013,Nagpur,30-44,30–44 years,Total,166.0,ok,text
2013,Nagpur,45-59,45–59 years,Female,20.0,ok,text
2013,Nagpur,45-59,45–59 years,Male,91.0,ok,text
2013,Nagpur,45-59,45–59 years,Total,111.0,ok,text
2013,Nagpur,60+,60 years & above,Female,13.0,ok,text
2013,Nagpur,60+,60 years & above,Male,32.0,ok,text
2013,Nagpur,60+,60 years & above,Total,45.0,ok,text
2013,Nagpur,all ages,Total,Female,158.0,ok,text
2013,Nagpur,all ages,Total,Male,365.0,ok,text
2013,Nagpur,all ages,Total,Total,523.0,ok,text
2013,Nashik,0-14,Upto 14 years,Female,4.0,ok,text
2013,Nashik,0-14,Upto 14 years,Male,1.0,ok,text
2013,Nashik,0-14,Upto 14 years,Total,5.0,ok,text
2013,Nashik,15-29,15–29 years,Female,54.0,ok,text
2013,Nashik,15-29,15–29 years,Male,75.0,ok,text
2013,Nashik,15-29,15–29 years,Total,129.0,ok,text
2013,Nashik,30-44,30–44 years,Female,13.0,ok,text
2013,Nashik,30-44,30–44 years,Male,79.0,ok,text
2013,Nashik,30-44,30–44 years,Total,92.0,ok,text
2013,Nashik,45-59,45–59 years,Female,1.0,ok,text
2013,Nashik,45-59,45–59 years,Male,40.0,ok,text
2013,Nashik,45-59,45–59 years,Total,41.0,ok,text
2013,Nashik,60+,60 years & above,Female,3.0,ok,text
2013,Nashik,60+,60 years & above,Male,12.0,ok,text
2013,Nashik,60+,60 years & above,Total,15.0,ok,text
2013,Nashik,all ages,Total,Female,75.0,ok,text
2013,Nashik,all ages,Total,Male,207.0,ok,text
2013,Nashik,all ages,Total,Total,282.0,ok,text
2013,Patna,0-14,Upto 14 years,Female,8.0,ok,text
2013,Patna,0-14,Upto 14 years,Male,4.0,ok,text
2013,Patna,0-14,Upto 14 years,Total,12.0,ok,text
2013,Patna,15-29,15–29 years,Female,27.0,ok,text
2013,Patna,15-29,15–29 years,Male,13.0,ok,text
2013,Patna,15-29,15–29 years,Total,40.0,ok,text
2013,Patna,30-44,30–44 years,Female,17.0,ok,text
2013,Patna,30-44,30–44 years,Male,19.0,ok,text
2013,Patna,30-44,30–44 years,Total,36.0,ok,text
2013,Patna,45-59,45–59 years,Female,1.0,ok,text
2013,Patna,45-59,45–59 years,Male,2.0,ok,text
2013,Patna,45-59,45–59 years,Total,3.0,ok,text
2013,Patna,60+,60 years & above,Female,0.0,ok,text
2013,Patna,60+,60 years & above,Male,2.0,ok,text
2013,Patna,60+,60 years & above,Total,2.0,ok,text
2013,Patna,all ages,Total,Female,53.0,ok,text
2013,Patna,all ages,Total,Male,40.0,ok,text
2013,Patna,all ages,Total,Total,93.0,ok,text
2013,Pune,0-14,Upto 14 years,Female,8.0,ok,text
2013,Pune,0-14,Upto 14 years,Male,8.0,ok,text
2013,Pune,0-14,Upto 14 years,Total,16.0,ok,text
2013,Pune,15-29,15–29 years,Female,153.0,ok,text
2013,Pune,15-29,15–29 years,Male,200.0,ok,text
2013,Pune,15-29,15–29 years,Total,353.0,ok,text
2013,Pune,30-44,30–44 years,Female,65.0,ok,text
2013,Pune,30-44,30–44 years,Male,230.0,ok,text
2013,Pune,30-44,30–44 years,Total,295.0,ok,text
2013,Pune,45-59,45–59 years,Female,27.0,ok,text
2013,Pune,45-59,45–59 years,Male,122.0,ok,text
2013,Pune,45-59,45–59 years,Total,149.0,ok,text
2013,Pune,60+,60 years & above,Female,12.0,ok,text
2013,Pune,60+,60 years & above,Male,55.0,ok,text
2013,Pune,60+,60 years & above,Total,67.0,ok,text
2013,Pune,all ages,Total,Female,265.0,ok,text
2013,Pune,all ages,Total,Male,615.0,ok,text
2013,Pune,all ages,Total,Total,880.0,ok,text
2013,Raipur,0-14,Upto 14 years,Female,4.0,ok,text
2013,Raipur,0-14,Upto 14 years,Male,2.0,ok,text
2013,Raipur,0-14,Upto 14 years,Total,6.0,ok,text
2013,Raipur,15-29,15–29 years,Female,59.0,ok,text
2013,Raipur,15-29,15–29 years,Male,79.0,ok,text
2013,Raipur,15-29,15–29 years,Total,138.0,ok,text
2013,Raipur,30-44,30–44 years,Female,25.0,ok,text
2013,Raipur,30-44,30–44 years,Male,57.0,ok,text
2013,Raipur,30-44,30–44 years,Total,82.0,ok,text
2013,Raipur,45-59,45–59 years,Female,6.0,ok,text
2013,Raipur,45-59,45–59 years,Male,35.0,ok,text
2013,Raipur,45-59,45–59 years,Total,41.0,ok,text
2013,Raipur,60+,60 years & above,Female,3.0,ok,text
2013,Raipur,60+,60 years & above,Male,6.0,ok,text
2013,Raipur,60+,60 years & above,Total,9.0,ok,text
2013,Raipur,all ages,Total,Female,97.0,ok,text
2013,Raipur,all ages,Total,Male,179.0,ok,text
2013,Raipur,all ages,Total,Total,276.0,ok,text
2013,Rajkot,0-14,Upto 14 years,Female,0.0,ok,text
2013,Rajkot,0-14,Upto 14 years,Male,0.0,ok,text
2013,Rajkot,0-14,Upto 14 years,Total,0.0,ok,text
2013,Rajkot,15-29,15–29 years,Female,78.0,ok,text
2013,Rajkot,15-29,15–29 years,Male,94.0,ok,text
2013,Rajkot,15-29,15–29 years,Total,172.0,ok,text
2013,Rajkot,30-44,30–44 years,Female,60.0,ok,text
2013,Rajkot,30-44,30–44 years,Male,119.0,ok,text
2013,Rajkot,30-44,30–44 years,Total,179.0,ok,text
2013,Rajkot,45-59,45–59 years,Female,28.0,ok,text
2013,Rajkot,45-59,45–59 years,Male,42.0,ok,text
2013,Rajkot,45-59,45–59 years,Total,70.0,ok,text
2013,Rajkot,60+,60 years & above,Female,12.0,ok,text
2013,Rajkot,60+,60 years & above,Male,20.0,ok,text
2013,Rajkot,60+,60 years & above,Total,32.0,ok,text
2013,Rajkot,all ages,Total,Female,178.0,ok,text
2013,Rajkot,all ages,Total,Male,275.0,ok,text
2013,Rajkot,all ages,Total,Total,453.0,ok,text
2013,Ranchi,0-14,Upto 14 years,Female,4.0,ok,text
2013,Ranchi,0-14,Upto 14 years,Male,5.0,ok,text
2013,Ranchi,0-14,Upto 14 years,Total,9.0,ok,text
2013,Ranchi,15-29,15–29 years,Female,14.0,ok,text
2013,Ranchi,15-29,15–29 years,Male,31.0,ok,text
2013,Ranchi,15-29,15–29 years,Total,45.0,ok,text
2013,Ranchi,30-44,30–44 years,Female,7.0,ok,text
2013,Ranchi,30-44,30–44 years,Male,23.0,ok,text
2013,Ranchi,30-44,30–44 years,Total,30.0,ok,text
2013,Ranchi,45-59,45–59 years,Female,6.0,ok,text
2013,Ranchi,45-59,45–59 years,Male,11.0,ok,text
2013,Ranchi,45-59,45–59 years,Total,17.0,ok,text
2013,Ranchi,60+,60 years & above,Female,1.0,ok,text
2013,Ranchi,60+,60 years & above,Male,2.0,ok,text
2013,Ranchi,60+,60 years & above,Total,3.0,ok,text
2013,Ranchi,all ages,Total,Female,32.0,ok,text
2013,Ranchi,all ages,Total,Male,72.0,ok,text
2013,Ranchi,all ages,Total,Total,104.0,ok,text
2013,Srinagar,0-14,Upto 14 years,Female,0.0,ok,text
2013,Srinagar,0-14,Upto 14 years,Male,0.0,ok,text
2013,Srinagar,0-14,Upto 14 years,Total,0.0,ok,text
2013,Srinagar,15-29,15–29 years,Female,1.0,ok,text
2013,Srinagar,15-29,15–29 years,Male,2.0,ok,text
2013,Srinagar,15-29,15–29 years,Total,3.0,ok,text
2013,Srinagar,30-44,30–44 years,Female,2.0,ok,text
2013,Srinagar,30-44,30–44 years,Male,2.0,ok,text
2013,Srinagar,30-44,30–44 years,Total,4.0,ok,text
2013,Srinagar,45-59,45–59 years,Female,0.0,ok,text
2013,Srinagar,45-59,45–59 years,Male,0.0,ok,text
2013,Srinagar,45-59,45–59 years,Total,0.0,ok,text
2013,Srinagar,60+,60 years & above,Female,0.0,ok,text
2013,Srinagar,60+,60 years & above,Male,0.0,ok,text
2013,Srinagar,60+,60 years & above,Total,0.0,ok,text
2013,Srinagar,all ages,Total,Female,3.0,ok,text
2013,Srinagar,all ages,Total,Male,4.0,ok,text
2013,Srinagar,all ages,Total,Total,7.0,ok,text
2013,Surat,0-14,Upto 14 years,Female,3.0,ok,text
2013,Surat,0-14,Upto 14 years,Male,5.0,ok,text
2013,Surat,0-14,Upto 14 years,Total,8.0,ok,text
2013,Surat,15-29,15–29 years,Female,99.0,ok,text
2013,Surat,15-29,15–29 years,Male,154.0,ok,text
2013,Surat,15-29,15–29 years,Total,253.0,ok,text
2013,Surat,30-44,30–44 years,Female,61.0,ok,text
2013,Surat,30-44,30–44 years,Male,132.0,ok,text
2013,Surat,30-44,30–44 years,Total,193.0,ok,text
2013,Surat,45-59,45–59 years,Female,37.0,ok,text
2013,Surat,45-59,45–59 years,Male,70.0,ok,text
2013,Surat,45-59,45–59 years,Total,107.0,ok,text
2013,Surat,60+,60 years & above,Female,20.0,ok,text
2013,Surat,60+,60 years & above,Male,22.0,ok,text
2013,Surat,60+,60 years & above,Total,42.0,ok,text
2013,Surat,all ages,Total,Female,220.0,ok,text
2013,Surat,all ages,Total,Male,383.0,ok,text
2013,Surat,all ages,Total,Total,603.0,ok,text
2013,Thiruvananthapuram,0-14,Upto 14 years,Female,1.0,ok,text
2013,Thiruvananthapuram,0-14,Upto 14 years,Male,1.0,ok,text
2013,Thiruvananthapuram,0-14,Upto 14 years,Total,2.0,ok,text
2013,Thiruvananthapuram,15-29,15–29 years,Female,27.0,ok,text
2013,Thiruvananthapuram,15-29,15–29 years,Male,51.0,ok,text
2013,Thiruvananthapuram,15-29,15–29 years,Total,78.0,ok,text
2013,Thiruvananthapuram,30-44,30–44 years,Female,15.0,ok,text
2013,Thiruvananthapuram,30-44,30–44 years,Male,96.0,ok,text
2013,Thiruvananthapuram,30-44,30–44 years,Total,111.0,ok,text
2013,Thiruvananthapuram,45-59,45–59 years,Female,13.0,ok,text
2013,Thiruvananthapuram,45-59,45–59 years,Male,80.0,ok,text
2013,Thiruvananthapuram,45-59,45–59 years,Total,93.0,ok,text
2013,Thiruvananthapuram,60+,60 years & above,Female,19.0,ok,text
2013,Thiruvananthapuram,60+,60 years & above,Male,50.0,ok,text
2013,Thiruvananthapuram,60+,60 years & above,Total,69.0,ok,text
2013,Thiruvananthapuram,all ages,Total,Female,75.0,ok,text
2013,Thiruvananthapuram,all ages,Total,Male,278.0,ok,text
2013,Thiruvananthapuram,all ages,Total,Total,353.0,ok,text
2013,Thrissur,0-14,Upto 14 years,Female,2.0,ok,text
2013,Thrissur,0-14,Upto 14 years,Male,0.0,ok,text
2013,Thrissur,0-14,Upto 14 years,Total,2.0,ok,text
2013,Thrissur,15-29,15–29 years,Female,26.0,ok,text
2013,Thrissur,15-29,15–29 years,Male,25.0,ok,text
2013,Thrissur,15-29,15–29 years,Total,51.0,ok,text
2013,Thrissur,30-44,30–44 years,Female,11.0,ok,text
2013,Thrissur,30-44,30–44 years,Male,44.0,ok,text
2013,Thrissur,30-44,30–44 years,Total,55.0,ok,text
2013,Thrissur,45-59,45–59 years,Female,9.0,ok,text
2013,Thrissur,45-59,45–59 years,Male,62.0,ok,text
2013,Thrissur,45-59,45–59 years,Total,71.0,ok,text
2013,Thrissur,60+,60 years & above,Female,23.0,ok,text
2013,Thrissur,60+,60 years & above,Male,40.0,ok,text
2013,Thrissur,60+,60 years & above,Total,63.0,ok,text
2013,Thrissur,all ages,Total,Female,71.0,ok,text
2013,Thrissur,all ages,Total,Male,171.0,ok,text
2013,Thrissur,all ages,Total,Total,242.0,ok,text
2013,Tiruchirappalli,0-14,Upto 14 years,Female,0.0,ok,text
2013,Tiruchirappalli,0-14,Upto 14 years,Male,0.0,ok,text
2013,Tiruchirappalli,0-14,Upto 14 years,Total,0.0,ok,text
2013,Tiruchirappalli,15-29,15–29 years,Female,26.0,ok,text
2013,Tiruchirappalli,15-29,15–29 years,Male,33.0,ok,text
2013,Tiruchirappalli,15-29,15–29 years,Total,59.0,ok,text
2013,Tiruchirappalli,30-44,30–44 years,Female,17.0,ok,text
2013,Tiruchirappalli,30-44,30–44 years,Male,54.0,ok,text
2013,Tiruchirappalli,30-44,30–44 years,Total,71.0,ok,text
2013,Tiruchirappalli,45-59,45–59 years,Female,9.0,ok,text
2013,Tiruchirappalli,45-59,45–59 years,Male,19.0,ok,text
2013,Tiruchirappalli,45-59,45–59 years,Total,28.0,ok,text
2013,Tiruchirappalli,60+,60 years & above,Female,2.0,ok,text
2013,Tiruchirappalli,60+,60 years & above,Male,9.0,ok,text
2013,Tiruchirappalli,60+,60 years & above,Total,11.0,ok,text
2013,Tiruchirappalli,all ages,Total,Female,54.0,ok,text
2013,Tiruchirappalli,all ages,Total,Male,115.0,ok,text
2013,Tiruchirappalli,all ages,Total,Total,169.0,ok,text
2013,Vadodara,0-14,Upto 14 years,Female,2.0,ok,text
2013,Vadodara,0-14,Upto 14 years,Male,0.0,ok,text
2013,Vadodara,0-14,Upto 14 years,Total,2.0,ok,text
2013,Vadodara,15-29,15–29 years,Female,27.0,ok,text
2013,Vadodara,15-29,15–29 years,Male,50.0,ok,text
2013,Vadodara,15-29,15–29 years,Total,77.0,ok,text
2013,Vadodara,30-44,30–44 years,Female,16.0,ok,text
2013,Vadodara,30-44,30–44 years,Male,48.0,ok,text
2013,Vadodara,30-44,30–44 years,Total,64.0,ok,text
2013,Vadodara,45-59,45–59 years,Female,7.0,ok,text
2013,Vadodara,45-59,45–59 years,Male,34.0,ok,text
2013,Vadodara,45-59,45–59 years,Total,41.0,ok,text
2013,Vadodara,60+,60 years & above,Female,4.0,ok,text
2013,Vadodara,60+,60 years & above,Male,18.0,ok,text
2013,Vadodara,60+,60 years & above,Total,22.0,ok,text
2013,Vadodara,all ages,Total,Female,56.0,ok,text
2013,Vadodara,all ages,Total,Male,150.0,ok,text
2013,Vadodara,all ages,Total,Total,206.0,ok,text
2013,Varanasi,0-14,Upto 14 years,Female,0.0,ok,text
2013,Varanasi,0-14,Upto 14 years,Male,1.0,ok,text
2013,Varanasi,0-14,Upto 14 years,Total,1.0,ok,text
2013,Varanasi,15-29,15–29 years,Female,30.0,ok,text
2013,Varanasi,15-29,15–29 years,Male,30.0,ok,text
2013,Varanasi,15-29,15–29 years,Total,60.0,ok,text
2013,Varanasi,30-44,30–44 years,Female,12.0,ok,text
2013,Varanasi,30-44,30–44 years,Male,25.0,ok,text
2013,Varanasi,30-44,30–44 years,Total,37.0,ok,text
2013,Varanasi,45-59,45–59 years,Female,2.0,ok,text
2013,Varanasi,45-59,45–59 years,Male,16.0,ok,text
2013,Varanasi,45-59,45–59 years,Total,18.0,ok,text
2013,Varanasi,60+,60 years & above,Female,0.0,ok,text
2013,Varanasi,60+,60 years & above,Male,5.0,ok,text
2013,Varanasi,60+,60 years & above,Total,5.0,ok,text
2013,Varanasi,all ages,Total,Female,44.0,ok,text
2013,Varanasi,all ages,Total,Male,77.0,ok,text
2013,Varanasi,all ages,Total,Total,121.0,ok,text
2013,Vasai Virar,0-14,Upto 14 years,Female,2.0,ok,text
2013,Vasai Virar,0-14,Upto 14 years,Male,3.0,ok,text
2013,Vasai Virar,0-14,Upto 14 years,Total,5.0,ok,text
2013,Vasai Virar,15-29,15–29 years,Female,31.0,ok,text
2013,Vasai Virar,15-29,15–29 years,Male,43.0,ok,text
2013,Vasai Virar,15-29,15–29 years,Total,74.0,ok,text
2013,Vasai Virar,30-44,30–44 years,Female,20.0,ok,text
2013,Vasai Virar,30-44,30–44 years,Male,57.0,ok,text
2013,Vasai Virar,30-44,30–44 years,Total,77.0,ok,text
2013,Vasai Virar,45-59,45–59 years,Female,2.0,ok,text
2013,Vasai Virar,45-59,45–59 years,Male,24.0,ok,text
2013,Vasai Virar,45-59,45–59 years,Total,26.0,ok,text
2013,Vasai Virar,60+,60 years & above,Female,2.0,ok,text
2013,Vasai Virar,60+,60 years & above,Male,9.0,ok,text
2013,Vasai Virar,60+,60 years & above,Total,11.0,ok,text
2013,Vasai Virar,all ages,Total,Female,57.0,ok,text
2013,Vasai Virar,all ages,Total,Male,136.0,ok,text
2013,Vasai Virar,all ages,Total,Total,193.0,ok,text
2013,Vijayawada,0-14,Upto 14 years,Female,1.0,ok,text
2013,Vijayawada,0-14,Upto 14 years,Male,1.0,ok,text
2013,Vijayawada,0-14,Upto 14 years,Total,2.0,ok,text
2013,Vijayawada,15-29,15–29 years,Female,42.0,ok,text
2013,Vijayawada,15-29,15–29 years,Male,53.0,ok,text
2013,Vijayawada,15-29,15–29 years,Total,95.0,ok,text
2013,Vijayawada,30-44,30–44 years,Female,28.0,ok,text
2013,Vijayawada,30-44,30–44 years,Male,73.0,ok,text
2013,Vijayawada,30-44,30–44 years,Total,101.0,ok,text
2013,Vijayawada,45-59,45–59 years,Female,6.0,ok,text
2013,Vijayawada,45-59,45–59 years,Male,30.0,ok,text
2013,Vijayawada,45-59,45–59 years,Total,36.0,ok,text
2013,Vijayawada,60+,60 years & above,Female,5.0,ok,text
2013,Vijayawada,60+,60 years & above,Male,9.0,ok,text
2013,Vijayawada,60+,60 years & above,Total,14.0,ok,text
2013,Vijayawada,all ages,Total,Female,82.0,ok,text
2013,Vijayawada,all ages,Total,Male,166.0,ok,text
2013,Vijayawada,all ages,Total,Total,248.0,ok,text
2013,Visakhapatnam,0-14,Upto 14 years,Female,2.0,ok,text
2013,Visakhapatnam,0-14,Upto 14 years,Male,0.0,ok,text
2013,Visakhapatnam,0-14,Upto 14 years,Total,2.0,ok,text
2013,Visakhapatnam,15-29,15–29 years,Female,39.0,ok,text
2013,Visakhapatnam,15-29,15–29 years,Male,57.0,ok,text
2013,Visakhapatnam,15-29,15–29 years,Total,96.0,ok,text
2013,Visakhapatnam,30-44,30–44 years,Female,20.0,ok,text
2013,Visakhapatnam,30-44,30–44 years,Male,76.0,ok,text
2013,Visakhapatnam,30-44,30–44 years,Total,96.0,ok,text
2013,Visakhapatnam,45-59,45–59 years,Female,3.0,ok,text
2013,Visakhapatnam,45-59,45–59 years,Male,46.0,ok,text
2013,Visakhapatnam,45-59,45–59 years,Total,49.0,ok,text
2013,Visakhapatnam,60+,60 years & above,Female,2.0,ok,text
2013,Visakhapatnam,60+,60 years & above,Male,3.0,ok,text
2013,Visakhapatnam,60+,60 years & above,Total,5.0,ok,text
2013,Visakhapatnam,all ages,Total,Female,66.0,ok,text
2013,Visakhapatnam,all ages,Total,Male,182.0,ok,text
2013,Visakhapatnam,all ages,Total,Total,248.0,ok,text
2014,Agra,0-14,below 14 years,Female,0.0,ok,text
2014,Agra,0-14,below 14 years,Male,2.0,ok,text
2014,Agra,0-14,below 14 years,Total,2.0,derived (sum of sexes),text
2014,Agra,0-14,below 14 years,Transgender,0.0,ok,text
2014,Agra,14-17,14 and above – below 18 years,Female,3.0,ok,text
2014,Agra,14-17,14 and above – below 18 years,Male,4.0,ok,text
2014,Agra,14-17,14 and above – below 18 years,Total,7.0,derived (sum of sexes),text
2014,Agra,14-17,14 and above – below 18 years,Transgender,0.0,ok,text
2014,Agra,18-29,18 and above – below 30 years,Female,17.0,ok,text
2014,Agra,18-29,18 and above – below 30 years,Male,30.0,ok,text
2014,Agra,18-29,18 and above – below 30 years,Total,47.0,derived (sum of sexes),text
2014,Agra,18-29,18 and above – below 30 years,Transgender,0.0,ok,text
2014,Agra,30-44,30 and above – below 45 years,Female,8.0,ok,text
2014,Agra,30-44,30 and above – below 45 years,Male,28.0,ok,text
2014,Agra,30-44,30 and above – below 45 years,Total,36.0,derived (sum of sexes),text
2014,Agra,30-44,30 and above – below 45 years,Transgender,0.0,ok,text
2014,Agra,45-59,45 and above – below 60 years,Female,0.0,ok,text
2014,Agra,45-59,45 and above – below 60 years,Male,4.0,ok,text
2014,Agra,45-59,45 and above – below 60 years,Total,4.0,derived (sum of sexes),text
2014,Agra,45-59,45 and above – below 60 years,Transgender,0.0,ok,text
2014,Agra,60+,60 years & above,Female,0.0,ok,text
2014,Agra,60+,60 years & above,Male,0.0,ok,text
2014,Agra,60+,60 years & above,Total,0.0,derived (sum of sexes),text
2014,Agra,60+,60 years & above,Transgender,0.0,ok,text
2014,Agra,all ages,Total,Female,28.0,ok,text
2014,Agra,all ages,Total,Male,68.0,ok,text
2014,Agra,all ages,Total,Total,96.0,no total,text
2014,Agra,all ages,Total,Transgender,0.0,ok,text
2014,Ahmedabad,0-14,below 14 years,Female,3.0,ok,text
2014,Ahmedabad,0-14,below 14 years,Male,0.0,ok,text
2014,Ahmedabad,0-14,below 14 years,Total,3.0,derived (sum of sexes),text
2014,Ahmedabad,0-14,below 14 years,Transgender,0.0,ok,text
2014,Ahmedabad,14-17,14 and above – below 18 years,Female,28.0,ok,text
2014,Ahmedabad,14-17,14 and above – below 18 years,Male,21.0,ok,text
2014,Ahmedabad,14-17,14 and above – below 18 years,Total,49.0,derived (sum of sexes),text
2014,Ahmedabad,14-17,14 and above – below 18 years,Transgender,0.0,ok,text
2014,Ahmedabad,18-29,18 and above – below 30 years,Female,131.0,ok,text
2014,Ahmedabad,18-29,18 and above – below 30 years,Male,200.0,ok,text
2014,Ahmedabad,18-29,18 and above – below 30 years,Total,331.0,derived (sum of sexes),text
2014,Ahmedabad,18-29,18 and above – below 30 years,Transgender,0.0,ok,text
2014,Ahmedabad,30-44,30 and above – below 45 years,Female,83.0,ok,text
2014,Ahmedabad,30-44,30 and above – below 45 years,Male,247.0,ok,text
2014,Ahmedabad,30-44,30 and above – below 45 years,Total,330.0,derived (sum of sexes),text
2014,Ahmedabad,30-44,30 and above – below 45 years,Transgender,0.0,ok,text
2014,Ahmedabad,45-59,45 and above – below 60 years,Female,25.0,ok,text
2014,Ahmedabad,45-59,45 and above – below 60 years,Male,109.0,ok,text
2014,Ahmedabad,45-59,45 and above – below 60 years,Total,134.0,derived (sum of sexes),text
2014,Ahmedabad,45-59,45 and above – below 60 years,Transgender,0.0,ok,text
2014,Ahmedabad,60+,60 years & above,Female,15.0,ok,text
2014,Ahmedabad,60+,60 years & above,Male,28.0,ok,text
2014,Ahmedabad,60+,60 years & above,Total,43.0,derived (sum of sexes),text
2014,Ahmedabad,60+,60 years & above,Transgender,0.0,ok,text
2014,Ahmedabad,all ages,Total,Female,285.0,ok,text
2014,Ahmedabad,all ages,Total,Male,605.0,ok,text
2014,Ahmedabad,all ages,Total,Total,890.0,no total,text
2014,Ahmedabad,all ages,Total,Transgender,0.0,ok,text
2014,Prayagraj,0-14,below 14 years,Female,0.0,ok,text
2014,Prayagraj,0-14,below 14 years,Male,0.0,ok,text
2014,Prayagraj,0-14,below 14 years,Total,0.0,derived (sum of sexes),text
2014,Prayagraj,0-14,below 14 years,Transgender,0.0,ok,text
2014,Prayagraj,14-17,14 and above – below 18 years,Female,2.0,ok,text
2014,Prayagraj,14-17,14 and above – below 18 years,Male,3.0,ok,text
2014,Prayagraj,14-17,14 and above – below 18 years,Total,5.0,derived (sum of sexes),text
2014,Prayagraj,14-17,14 and above – below 18 years,Transgender,0.0,ok,text
2014,Prayagraj,18-29,18 and above – below 30 years,Female,21.0,ok,text
2014,Prayagraj,18-29,18 and above – below 30 years,Male,21.0,ok,text
2014,Prayagraj,18-29,18 and above – below 30 years,Total,42.0,derived (sum of sexes),text
2014,Prayagraj,18-29,18 and above – below 30 years,Transgender,0.0,ok,text
2014,Prayagraj,30-44,30 and above – below 45 years,Female,12.0,ok,text
2014,Prayagraj,30-44,30 and above – below 45 years,Male,19.0,ok,text
2014,Prayagraj,30-44,30 and above – below 45 years,Total,31.0,derived (sum of sexes),text
2014,Prayagraj,30-44,30 and above – below 45 years,Transgender,0.0,ok,text
2014,Prayagraj,45-59,45 and above – below 60 years,Female,0.0,ok,text
2014,Prayagraj,45-59,45 and above – below 60 years,Male,11.0,ok,text
2014,Prayagraj,45-59,45 and above – below 60 years,Total,11.0,derived (sum of sexes),text
2014,Prayagraj,45-59,45 and above – below 60 years,Transgender,0.0,ok,text
2014,Prayagraj,60+,60 years & above,Female,1.0,ok,text
2014,Prayagraj,60+,60 years & above,Male,1.0,ok,text
2014,Prayagraj,60+,60 years & above,Total,2.0,derived (sum of sexes),text
2014,Prayagraj,60+,60 years & above,Transgender,0.0,ok,text
2014,Prayagraj,all ages,Total,Female,36.0,ok,text
2014,Prayagraj,all ages,Total,Male,55.0,ok,text
2014,Prayagraj,all ages,Total,Total,91.0,no total,text
2014,Prayagraj,all ages,Total,Transgender,0.0,ok,text
2014,Amritsar,0-14,below 14 years,Female,0.0,ok,text
2014,Amritsar,0-14,below 14 years,Male,0.0,ok,text
2014,Amritsar,0-14,below 14 years,Total,0.0,derived (sum of sexes),text
2014,Amritsar,0-14,below 14 years,Transgender,0.0,ok,text
2014,Amritsar,14-17,14 and above – below 18 years,Female,4.0,ok,text
2014,Amritsar,14-17,14 and above – below 18 years,Male,3.0,ok,text
2014,Amritsar,14-17,14 and above – below 18 years,Total,7.0,derived (sum of sexes),text
2014,Amritsar,14-17,14 and above – below 18 years,Transgender,0.0,ok,text
2014,Amritsar,18-29,18 and above – below 30 years,Female,8.0,ok,text
2014,Amritsar,18-29,18 and above – below 30 years,Male,5.0,ok,text
2014,Amritsar,18-29,18 and above – below 30 years,Total,13.0,derived (sum of sexes),text
2014,Amritsar,18-29,18 and above – below 30 years,Transgender,0.0,ok,text
2014,Amritsar,30-44,30 and above – below 45 years,Female,4.0,ok,text
2014,Amritsar,30-44,30 and above – below 45 years,Male,11.0,ok,text
2014,Amritsar,30-44,30 and above – below 45 years,Total,15.0,derived (sum of sexes),text
2014,Amritsar,30-44,30 and above – below 45 years,Transgender,0.0,ok,text
2014,Amritsar,45-59,45 and above – below 60 years,Female,1.0,ok,text
2014,Amritsar,45-59,45 and above – below 60 years,Male,0.0,ok,text
2014,Amritsar,45-59,45 and above – below 60 years,Total,1.0,derived (sum of sexes),text
2014,Amritsar,45-59,45 and above – below 60 years,Transgender,0.0,ok,text
2014,Amritsar,60+,60 years & above,Female,0.0,ok,text
2014,Amritsar,60+,60 years & above,Male,0.0,ok,text
2014,Amritsar,60+,60 years & above,Total,0.0,derived (sum of sexes),text
2014,Amritsar,60+,60 years & above,Transgender,0.0,ok,text
2014,Amritsar,all ages,Total,Female,17.0,ok,text
2014,Amritsar,all ages,Total,Male,19.0,ok,text
2014,Amritsar,all ages,Total,Total,36.0,no total,text
2014,Amritsar,all ages,Total,Transgender,0.0,ok,text
2014,Asansol,0-14,below 14 years,Female,2.0,ok,text
2014,Asansol,0-14,below 14 years,Male,2.0,ok,text
2014,Asansol,0-14,below 14 years,Total,4.0,derived (sum of sexes),text
2014,Asansol,0-14,below 14 years,Transgender,0.0,ok,text
2014,Asansol,14-17,14 and above – below 18 years,Female,14.0,ok,text
2014,Asansol,14-17,14 and above – below 18 years,Male,12.0,ok,text
2014,Asansol,14-17,14 and above – below 18 years,Total,26.0,derived (sum of sexes),text
2014,Asansol,14-17,14 and above – below 18 years,Transgender,0.0,ok,text
2014,Asansol,18-29,18 and above – below 30 years,Female,54.0,ok,text
2014,Asansol,18-29,18 and above – below 30 years,Male,71.0,ok,text
2014,Asansol,18-29,18 and above – below 30 years,Total,125.0,derived (sum of sexes),text
2014,Asansol,18-29,18 and above – below 30 years,Transgender,0.0,ok,text
2014,Asansol,30-44,30 and above – below 45 years,Female,31.0,ok,text
2014,Asansol,30-44,30 and above – below 45 years,Male,81.0,ok,text
2014,Asansol,30-44,30 and above – below 45 years,Total,112.0,derived (sum of sexes),text
2014,Asansol,30-44,30 and above – below 45 years,Transgender,0.0,ok,text
2014,Asansol,45-59,45 and above – below 60 years,Female,15.0,ok,text
2014,Asansol,45-59,45 and above – below 60 years,Male,53.0,ok,text
2014,Asansol,45-59,45 and above – below 60 years,Total,68.0,derived (sum of sexes),text
2014,Asansol,45-59,45 and above – below 60 years,Transgender,0.0,ok,text
2014,Asansol,60+,60 years & above,Female,11.0,ok,text
2014,Asansol,60+,60 years & above,Male,42.0,ok,text
2014,Asansol,60+,60 years & above,Total,53.0,derived (sum of sexes),text
2014,Asansol,60+,60 years & above,Transgender,0.0,ok,text
2014,Asansol,all ages,Total,Female,127.0,ok,text
2014,Asansol,all ages,Total,Male,261.0,ok,text
2014,Asansol,all ages,Total,Total,388.0,no total,text
2014,Asansol,all ages,Total,Transgender,0.0,ok,text
2014,Chhatrapati Sambhajinagar,0-14,below 14 years,Female,0.0,ok,text
2014,Chhatrapati Sambhajinagar,0-14,below 14 years,Male,1.0,ok,text
2014,Chhatrapati Sambhajinagar,0-14,below 14 years,Total,1.0,derived (sum of sexes),text
2014,Chhatrapati Sambhajinagar,0-14,below 14 years,Transgender,0.0,ok,text
2014,Chhatrapati Sambhajinagar,14-17,14 and above – below 18 years,Female,7.0,ok,text
2014,Chhatrapati Sambhajinagar,14-17,14 and above – below 18 years,Male,6.0,ok,text
2014,Chhatrapati Sambhajinagar,14-17,14 and above – below 18 years,Total,13.0,derived (sum of sexes),text
2014,Chhatrapati Sambhajinagar,14-17,14 and above – below 18 years,Transgender,0.0,ok,text
2014,Chhatrapati Sambhajinagar,18-29,18 and above – below 30 years,Female,17.0,ok,text
2014,Chhatrapati Sambhajinagar,18-29,18 and above – below 30 years,Male,43.0,ok,text
2014,Chhatrapati Sambhajinagar,18-29,18 and above – below 30 years,Total,60.0,derived (sum of sexes),text
2014,Chhatrapati Sambhajinagar,18-29,18 and above – below 30 years,Transgender,0.0,ok,text
2014,Chhatrapati Sambhajinagar,30-44,30 and above – below 45 years,Female,3.0,ok,text
2014,Chhatrapati Sambhajinagar,30-44,30 and above – below 45 years,Male,42.0,ok,text
2014,Chhatrapati Sambhajinagar,30-44,30 and above – below 45 years,Total,45.0,derived (sum of sexes),text
2014,Chhatrapati Sambhajinagar,30-44,30 and above – below 45 years,Transgender,0.0,ok,text
2014,Chhatrapati Sambhajinagar,45-59,45 and above – below 60 years,Female,3.0,ok,text
2014,Chhatrapati Sambhajinagar,45-59,45 and above – below 60 years,Male,17.0,ok,text
2014,Chhatrapati Sambhajinagar,45-59,45 and above – below 60 years,Total,20.0,derived (sum of sexes),text
2014,Chhatrapati Sambhajinagar,45-59,45 and above – below 60 years,Transgender,0.0,ok,text
2014,Chhatrapati Sambhajinagar,60+,60 years & above,Female,1.0,ok,text
2014,Chhatrapati Sambhajinagar,60+,60 years & above,Male,7.0,ok,text
2014,Chhatrapati Sambhajinagar,60+,60 years & above,Total,8.0,derived (sum of sexes),text
2014,Chhatrapati Sambhajinagar,60+,60 years & above,Transgender,0.0,ok,text
2014,Chhatrapati Sambhajinagar,all ages,Total,Female,31.0,ok,text
2014,Chhatrapati Sambhajinagar,all ages,Total,Male,116.0,ok,text
2014,Chhatrapati Sambhajinagar,all ages,Total,Total,147.0,no total,text
2014,Chhatrapati Sambhajinagar,all ages,Total,Transgender,0.0,ok,text
2014,Bengaluru,0-14,below 14 years,Female,6.0,ok,text
2014,Bengaluru,0-14,below 14 years,Male,8.0,ok,text
2014,Bengaluru,0-14,below 14 years,Total,14.0,derived (sum of sexes),text
2014,Bengaluru,0-14,below 14 years,Transgender,0.0,ok,text
2014,Bengaluru,14-17,14 and above – below 18 years,Female,75.0,ok,text
2014,Bengaluru,14-17,14 and above – below 18 years,Male,43.0,ok,text
2014,Bengaluru,14-17,14 and above – below 18 years,Total,118.0,derived (sum of sexes),text
2014,Bengaluru,14-17,14 and above – below 18 years,Transgender,0.0,ok,text
2014,Bengaluru,18-29,18 and above – below 30 years,Female,331.0,ok,text
2014,Bengaluru,18-29,18 and above – below 30 years,Male,475.0,ok,text
2014,Bengaluru,18-29,18 and above – below 30 years,Total,807.0,derived (sum of sexes),text
2014,Bengaluru,18-29,18 and above – below 30 years,Transgender,1.0,ok,text
2014,Bengaluru,30-44,30 and above – below 45 years,Female,150.0,ok,text
2014,Bengaluru,30-44,30 and above – below 45 years,Male,467.0,ok,text
2014,Bengaluru,30-44,30 and above – below 45 years,Total,618.0,derived (sum of sexes),text
2014,Bengaluru,30-44,30 and above – below 45 years,Transgender,1.0,ok,text
2014,Bengaluru,45-59,45 and above – below 60 years,Female,58.0,ok,text
2014,Bengaluru,45-59,45 and above – below 60 years,Male,194.0,ok,text
2014,Bengaluru,45-59,45 and above – below 60 years,Total,252.0,derived (sum of sexes),text
2014,Bengaluru,45-59,45 and above – below 60 years,Transgender,0.0,ok,text
2014,Bengaluru,60+,60 years & above,Female,26.0,ok,text
2014,Bengaluru,60+,60 years & above,Male,71.0,ok,text
2014,Bengaluru,60+,60 years & above,Total,97.0,derived (sum of sexes),text
2014,Bengaluru,60+,60 years & above,Transgender,0.0,ok,text
2014,Bengaluru,all ages,Total,Female,646.0,ok,text
2014,Bengaluru,all ages,Total,Male,1258.0,ok,text
2014,Bengaluru,all ages,Total,Total,1906.0,no total,text
2014,Bengaluru,all ages,Total,Transgender,2.0,ok,text
2014,Bhopal,0-14,below 14 years,Female,0.0,ok,text
2014,Bhopal,0-14,below 14 years,Male,0.0,ok,text
2014,Bhopal,0-14,below 14 years,Total,0.0,derived (sum of sexes),text
2014,Bhopal,0-14,below 14 years,Transgender,0.0,ok,text
2014,Bhopal,14-17,14 and above – below 18 years,Female,0.0,ok,text
2014,Bhopal,14-17,14 and above – below 18 years,Male,0.0,ok,text
2014,Bhopal,14-17,14 and above – below 18 years,Total,0.0,derived (sum of sexes),text
2014,Bhopal,14-17,14 and above – below 18 years,Transgender,0.0,ok,text
2014,Bhopal,18-29,18 and above – below 30 years,Female,24.0,ok,text
2014,Bhopal,18-29,18 and above – below 30 years,Male,0.0,ok,text
2014,Bhopal,18-29,18 and above – below 30 years,Total,24.0,derived (sum of sexes),text
2014,Bhopal,18-29,18 and above – below 30 years,Transgender,0.0,ok,text
2014,Bhopal,30-44,30 and above – below 45 years,Female,16.0,ok,text
2014,Bhopal,30-44,30 and above – below 45 years,Male,0.0,ok,text
2014,Bhopal,30-44,30 and above – below 45 years,Total,16.0,derived (sum of sexes),text
2014,Bhopal,30-44,30 and above – below 45 years,Transgender,0.0,ok,text
2014,Bhopal,45-59,45 and above – below 60 years,Female,0.0,ok,text
2014,Bhopal,45-59,45 and above – below 60 years,Male,0.0,ok,text
2014,Bhopal,45-59,45 and above – below 60 years,Total,0.0,derived (sum of sexes),text
2014,Bhopal,45-59,45 and above – below 60 years,Transgender,0.0,ok,text
2014,Bhopal,60+,60 years & above,Female,0.0,ok,text
2014,Bhopal,60+,60 years & above,Male,0.0,ok,text
2014,Bhopal,60+,60 years & above,Total,0.0,derived (sum of sexes),text
2014,Bhopal,60+,60 years & above,Transgender,0.0,ok,text
2014,Bhopal,all ages,Total,Female,40.0,ok,text
2014,Bhopal,all ages,Total,Male,0.0,ok,text
2014,Bhopal,all ages,Total,Total,40.0,no total,text
2014,Bhopal,all ages,Total,Transgender,0.0,ok,text
2014,Chandigarh,0-14,below 14 years,Female,0.0,ok,text
2014,Chandigarh,0-14,below 14 years,Male,0.0,ok,text
2014,Chandigarh,0-14,below 14 years,Total,0.0,derived (sum of sexes),text
2014,Chandigarh,0-14,below 14 years,Transgender,0.0,ok,text
2014,Chandigarh,14-17,14 and above – below 18 years,Female,7.0,ok,text
2014,Chandigarh,14-17,14 and above – below 18 years,Male,4.0,ok,text
2014,Chandigarh,14-17,14 and above – below 18 years,Total,11.0,derived (sum of sexes),text
2014,Chandigarh,14-17,14 and above – below 18 years,Transgender,0.0,ok,text
2014,Chandigarh,18-29,18 and above – below 30 years,Female,21.0,ok,text
2014,Chandigarh,18-29,18 and above – below 30 years,Male,27.0,ok,text
2014,Chandigarh,18-29,18 and above – below 30 years,Total,48.0,derived (sum of sexes),text
2014,Chandigarh,18-29,18 and above – below 30 years,Transgender,0.0,ok,text
2014,Chandigarh,30-44,30 and above – below 45 years,Female,8.0,ok,text
2014,Chandigarh,30-44,30 and above – below 45 years,Male,23.0,ok,text
2014,Chandigarh,30-44,30 and above – below 45 years,Total,31.0,derived (sum of sexes),text
2014,Chandigarh,30-44,30 and above – below 45 years,Transgender,0.0,ok,text
2014,Chandigarh,45-59,45 and above – below 60 years,Female,3.0,ok,text
2014,Chandigarh,45-59,45 and above – below 60 years,Male,11.0,ok,text
2014,Chandigarh,45-59,45 and above – below 60 years,Total,14.0,derived (sum of sexes),text
2014,Chandigarh,45-59,45 and above – below 60 years,Transgender,0.0,ok,text
2014,Chandigarh,60+,60 years & above,Female,0.0,ok,text
2014,Chandigarh,60+,60 years & above,Male,1.0,ok,text
2014,Chandigarh,60+,60 years & above,Total,1.0,derived (sum of sexes),text
2014,Chandigarh,60+,60 years & above,Transgender,0.0,ok,text
2014,Chandigarh,all ages,Total,Female,39.0,ok,text
2014,Chandigarh,all ages,Total,Male,66.0,ok,text
2014,Chandigarh,all ages,Total,Total,105.0,no total,text
2014,Chandigarh,all ages,Total,Transgender,0.0,ok,text
2014,Chennai,0-14,below 14 years,Female,7.0,ok,text
2014,Chennai,0-14,below 14 years,Male,4.0,ok,text
2014,Chennai,0-14,below 14 years,Total,11.0,derived (sum of sexes),text
2014,Chennai,0-14,below 14 years,Transgender,0.0,ok,text
2014,Chennai,14-17,14 and above – below 18 years,Female,48.0,ok,text
2014,Chennai,14-17,14 and above – below 18 years,Male,27.0,ok,text
2014,Chennai,14-17,14 and above – below 18 years,Total,75.0,derived (sum of sexes),text
2014,Chennai,14-17,14 and above – below 18 years,Transgender,0.0,ok,text
2014,Chennai,18-29,18 and above – below 30 years,Female,266.0,ok,text
2014,Chennai,18-29,18 and above – below 30 years,Male,482.0,ok,text
2014,Chennai,18-29,18 and above – below 30 years,Total,750.0,derived (sum of sexes),text
2014,Chennai,18-29,18 and above – below 30 years,Transgender,2.0,ok,text
2014,Chennai,30-44,30 and above – below 45 years,Female,192.0,ok,text
2014,Chennai,30-44,30 and above – below 45 years,Male,625.0,ok,text
2014,Chennai,30-44,30 and above – below 45 years,Total,817.0,derived (sum of sexes),text
2014,Chennai,30-44,30 and above – below 45 years,Transgender,0.0,ok,text
2014,Chennai,45-59,45 and above – below 60 years,Female,56.0,ok,text
2014,Chennai,45-59,45 and above – below 60 years,Male,348.0,ok,text
2014,Chennai,45-59,45 and above – below 60 years,Total,404.0,derived (sum of sexes),text
2014,Chennai,45-59,45 and above – below 60 years,Transgender,0.0,ok,text
2014,Chennai,60+,60 years & above,Female,42.0,ok,text
2014,Chennai,60+,60 years & above,Male,115.0,ok,text
2014,Chennai,60+,60 years & above,Total,157.0,derived (sum of sexes),text
2014,Chennai,60+,60 years & above,Transgender,0.0,ok,text
2014,Chennai,all ages,Total,Female,611.0,ok,text
2014,Chennai,all ages,Total,Male,1601.0,ok,text
2014,Chennai,all ages,Total,Total,2214.0,no total,text
2014,Chennai,all ages,Total,Transgender,2.0,ok,text
2014,Coimbatore,0-14,below 14 years,Female,2.0,ok,text
2014,Coimbatore,0-14,below 14 years,Male,0.0,ok,text
2014,Coimbatore,0-14,below 14 years,Total,2.0,derived (sum of sexes),text
2014,Coimbatore,0-14,below 14 years,Transgender,0.0,ok,text
2014,Coimbatore,14-17,14 and above – below 18 years,Female,15.0,ok,text
2014,Coimbatore,14-17,14 and above – below 18 years,Male,7.0,ok,text
2014,Coimbatore,14-17,14 and above – below 18 years,Total,22.0,derived (sum of sexes),text
2014,Coimbatore,14-17,14 and above – below 18 years,Transgender,0.0,ok,text
2014,Coimbatore,18-29,18 and above – below 30 years,Female,41.0,ok,text
2014,Coimbatore,18-29,18 and above – below 30 years,Male,82.0,ok,text
2014,Coimbatore,18-29,18 and above – below 30 years,Total,123.0,derived (sum of sexes),text
2014,Coimbatore,18-29,18 and above – below 30 years,Transgender,0.0,ok,text
2014,Coimbatore,30-44,30 and above – below 45 years,Female,48.0,ok,text
2014,Coimbatore,30-44,30 and above – below 45 years,Male,121.0,ok,text
2014,Coimbatore,30-44,30 and above – below 45 years,Total,169.0,derived (sum of sexes),text
2014,Coimbatore,30-44,30 and above – below 45 years,Transgender,0.0,ok,text
2014,Coimbatore,45-59,45 and above – below 60 years,Female,20.0,ok,text
2014,Coimbatore,45-59,45 and above – below 60 years,Male,58.0,ok,text
2014,Coimbatore,45-59,45 and above – below 60 years,Total,78.0,derived (sum of sexes),text
2014,Coimbatore,45-59,45 and above – below 60 years,Transgender,0.0,ok,text
2014,Coimbatore,60+,60 years & above,Female,17.0,ok,text
2014,Coimbatore,60+,60 years & above,Male,16.0,ok,text
2014,Coimbatore,60+,60 years & above,Total,33.0,derived (sum of sexes),text
2014,Coimbatore,60+,60 years & above,Transgender,0.0,ok,text
2014,Coimbatore,all ages,Total,Female,143.0,ok,text
2014,Coimbatore,all ages,Total,Male,284.0,ok,text
2014,Coimbatore,all ages,Total,Total,427.0,no total,text
2014,Coimbatore,all ages,Total,Transgender,0.0,ok,text
2014,Delhi,0-14,below 14 years,Female,19.0,ok,text
2014,Delhi,0-14,below 14 years,Male,17.0,ok,text
2014,Delhi,0-14,below 14 years,Total,36.0,derived (sum of sexes),text
2014,Delhi,0-14,below 14 years,Transgender,0.0,ok,text
2014,Delhi,14-17,14 and above – below 18 years,Female,76.0,ok,text
2014,Delhi,14-17,14 and above – below 18 years,Male,111.0,ok,text
2014,Delhi,14-17,14 and above – below 18 years,Total,187.0,derived (sum of sexes),text
2014,Delhi,14-17,14 and above – below 18 years,Transgender,0.0,ok,text
2014,Delhi,18-29,18 and above – below 30 years,Female,303.0,ok,text
2014,Delhi,18-29,18 and above – below 30 years,Male,533.0,ok,text
2014,Delhi,18-29,18 and above – below 30 years,Total,836.0,derived (sum of sexes),text
2014,Delhi,18-29,18 and above – below 30 years,Transgender,0.0,ok,text
2014,Delhi,30-44,30 and above – below 45 years,Female,130.0,ok,text
2014,Delhi,30-44,30 and above – below 45 years,Male,368.0,ok,text
2014,Delhi,30-44,30 and above – below 45 years,Total,498.0,derived (sum of sexes),text
2014,Delhi,30-44,30 and above – below 45 years,Transgender,0.0,ok,text
2014,Delhi,45-59,45 and above – below 60 years,Female,29.0,ok,text
2014,Delhi,45-59,45 and above – below 60 years,Male,187.0,ok,text
2014,Delhi,45-59,45 and above – below 60 years,Total,216.0,derived (sum of sexes),text
2014,Delhi,45-59,45 and above – below 60 years,Transgender,0.0,ok,text
2014,Delhi,60+,60 years & above,Female,24.0,ok,text
2014,Delhi,60+,60 years & above,Male,50.0,ok,text
2014,Delhi,60+,60 years & above,Total,74.0,derived (sum of sexes),text
2014,Delhi,60+,60 years & above,Transgender,0.0,ok,text
2014,Delhi,all ages,Total,Female,581.0,ok,text
2014,Delhi,all ages,Total,Male,1266.0,ok,text
2014,Delhi,all ages,Total,Total,1847.0,no total,text
2014,Delhi,all ages,Total,Transgender,0.0,ok,text
2014,Dhanbad,0-14,below 14 years,Female,0.0,ok,text
2014,Dhanbad,0-14,below 14 years,Male,0.0,ok,text
2014,Dhanbad,0-14,below 14 years,Total,0.0,derived (sum of sexes),text
2014,Dhanbad,0-14,below 14 years,Transgender,0.0,ok,text
2014,Dhanbad,14-17,14 and above – below 18 years,Female,2.0,ok,text
2014,Dhanbad,14-17,14 and above – below 18 years,Male,2.0,ok,text
2014,Dhanbad,14-17,14 and above – below 18 years,Total,4.0,derived (sum of sexes),text
2014,Dhanbad,14-17,14 and above – below 18 years,Transgender,0.0,ok,text
2014,Dhanbad,18-29,18 and above – below 30 years,Female,15.0,ok,text
2014,Dhanbad,18-29,18 and above – below 30 years,Male,11.0,ok,text
2014,Dhanbad,18-29,18 and above – below 30 years,Total,26.0,derived (sum of sexes),text
2014,Dhanbad,18-29,18 and above – below 30 years,Transgender,0.0,ok,text
2014,Dhanbad,30-44,30 and above – below 45 years,Female,14.0,ok,text
2014,Dhanbad,30-44,30 and above – below 45 years,Male,18.0,ok,text
2014,Dhanbad,30-44,30 and above – below 45 years,Total,32.0,derived (sum of sexes),text
2014,Dhanbad,30-44,30 and above – below 45 years,Transgender,0.0,ok,text
2014,Dhanbad,45-59,45 and above – below 60 years,Female,9.0,ok,text
2014,Dhanbad,45-59,45 and above – below 60 years,Male,11.0,ok,text
2014,Dhanbad,45-59,45 and above – below 60 years,Total,20.0,derived (sum of sexes),text
2014,Dhanbad,45-59,45 and above – below 60 years,Transgender,0.0,ok,text
2014,Dhanbad,60+,60 years & above,Female,0.0,ok,text
2014,Dhanbad,60+,60 years & above,Male,0.0,ok,text
2014,Dhanbad,60+,60 years & above,Total,0.0,derived (sum of sexes),text
2014,Dhanbad,60+,60 years & above,Transgender,0.0,ok,text
2014,Dhanbad,all ages,Total,Female,40.0,ok,text
2014,Dhanbad,all ages,Total,Male,42.0,ok,text
2014,Dhanbad,all ages,Total,Total,82.0,no total,text
2014,Dhanbad,all ages,Total,Transgender,0.0,ok,text
2014,Durg-Bhilainagar,0-14,below 14 years,Female,0.0,ok,text
2014,Durg-Bhilainagar,0-14,below 14 years,Male,0.0,ok,text
2014,Durg-Bhilainagar,0-14,below 14 years,Total,0.0,derived (sum of sexes),text
2014,Durg-Bhilainagar,0-14,below 14 years,Transgender,0.0,ok,text
2014,Durg-Bhilainagar,14-17,14 and above – below 18 years,Female,10.0,ok,text
2014,Durg-Bhilainagar,14-17,14 and above – below 18 years,Male,12.0,ok,text
2014,Durg-Bhilainagar,14-17,14 and above – below 18 years,Total,22.0,derived (sum of sexes),text
2014,Durg-Bhilainagar,14-17,14 and above – below 18 years,Transgender,0.0,ok,text
2014,Durg-Bhilainagar,18-29,18 and above – below 30 years,Female,43.0,ok,text
2014,Durg-Bhilainagar,18-29,18 and above – below 30 years,Male,107.0,ok,text
2014,Durg-Bhilainagar,18-29,18 and above – below 30 years,Total,150.0,derived (sum of sexes),text
2014,Durg-Bhilainagar,18-29,18 and above – below 30 years,Transgender,0.0,ok,text
2014,Durg-Bhilainagar,30-44,30 and above – below 45 years,Female,26.0,ok,text
2014,Durg-Bhilainagar,30-44,30 and above – below 45 years,Male,68.0,ok,text
2014,Durg-Bhilainagar,30-44,30 and above – below 45 years,Total,94.0,derived (sum of sexes),text
2014,Durg-Bhilainagar,30-44,30 and above – below 45 years,Transgender,0.0,ok,text
2014,Durg-Bhilainagar,45-59,45 and above – below 60 years,Female,11.0,ok,text
2014,Durg-Bhilainagar,45-59,45 and above – below 60 years,Male,34.0,ok,text
2014,Durg-Bhilainagar,45-59,45 and above – below 60 years,Total,45.0,derived (sum of sexes),text
2014,Durg-Bhilainagar,45-59,45 and above – below 60 years,Transgender,0.0,ok,text
2014,Durg-Bhilainagar,60+,60 years & above,Female,0.0,ok,text
2014,Durg-Bhilainagar,60+,60 years & above,Male,0.0,ok,text
2014,Durg-Bhilainagar,60+,60 years & above,Total,0.0,derived (sum of sexes),text
2014,Durg-Bhilainagar,60+,60 years & above,Transgender,0.0,ok,text
2014,Durg-Bhilainagar,all ages,Total,Female,90.0,ok,text
2014,Durg-Bhilainagar,all ages,Total,Male,221.0,ok,text
2014,Durg-Bhilainagar,all ages,Total,Total,311.0,no total,text
2014,Durg-Bhilainagar,all ages,Total,Transgender,0.0,ok,text
2014,Faridabad,0-14,below 14 years,Female,0.0,ok,text
2014,Faridabad,0-14,below 14 years,Male,0.0,ok,text
2014,Faridabad,0-14,below 14 years,Total,0.0,derived (sum of sexes),text
2014,Faridabad,0-14,below 14 years,Transgender,0.0,ok,text
2014,Faridabad,14-17,14 and above – below 18 years,Female,0.0,ok,text
2014,Faridabad,14-17,14 and above – below 18 years,Male,1.0,ok,text
2014,Faridabad,14-17,14 and above – below 18 years,Total,1.0,derived (sum of sexes),text
2014,Faridabad,14-17,14 and above – below 18 years,Transgender,0.0,ok,text
2014,Faridabad,18-29,18 and above – below 30 years,Female,24.0,ok,text
2014,Faridabad,18-29,18 and above – below 30 years,Male,34.0,ok,text
2014,Faridabad,18-29,18 and above – below 30 years,Total,58.0,derived (sum of sexes),text
2014,Faridabad,18-29,18 and above – below 30 years,Transgender,0.0,ok,text
2014,Faridabad,30-44,30 and above – below 45 years,Female,15.0,ok,text
2014,Faridabad,30-44,30 and above – below 45 years,Male,31.0,ok,text
2014,Faridabad,30-44,30 and above – below 45 years,Total,46.0,derived (sum of sexes),text
2014,Faridabad,30-44,30 and above – below 45 years,Transgender,0.0,ok,text
2014,Faridabad,45-59,45 and above – below 60 years,Female,5.0,ok,text
2014,Faridabad,45-59,45 and above – below 60 years,Male,18.0,ok,text
2014,Faridabad,45-59,45 and above – below 60 years,Total,23.0,derived (sum of sexes),text
2014,Faridabad,45-59,45 and above – below 60 years,Transgender,0.0,ok,text
2014,Faridabad,60+,60 years & above,Female,0.0,ok,text
2014,Faridabad,60+,60 years & above,Male,0.0,ok,text
2014,Faridabad,60+,60 years & above,Total,0.0,derived (sum of sexes),text
2014,Faridabad,60+,60 years & above,Transgender,0.0,ok,text
2014,Faridabad,all ages,Total,Female,44.0,ok,text
2014,Faridabad,all ages,Total,Male,84.0,ok,text
2014,Faridabad,all ages,Total,Total,128.0,no total,text
2014,Faridabad,all ages,Total,Transgender,0.0,ok,text
2014,Ghaziabad,0-14,below 14 years,Female,6.0,ok,text
2014,Ghaziabad,0-14,below 14 years,Male,2.0,ok,text
2014,Ghaziabad,0-14,below 14 years,Total,8.0,derived (sum of sexes),text
2014,Ghaziabad,0-14,below 14 years,Transgender,0.0,ok,text
2014,Ghaziabad,14-17,14 and above – below 18 years,Female,3.0,ok,text
2014,Ghaziabad,14-17,14 and above – below 18 years,Male,20.0,ok,text
2014,Ghaziabad,14-17,14 and above – below 18 years,Total,23.0,derived (sum of sexes),text
2014,Ghaziabad,14-17,14 and above – below 18 years,Transgender,0.0,ok,text
2014,Ghaziabad,18-29,18 and above – below 30 years,Female,28.0,ok,text
2014,Ghaziabad,18-29,18 and above – below 30 years,Male,62.0,ok,text
2014,Ghaziabad,18-29,18 and above – below 30 years,Total,91.0,derived (sum of sexes),text
2014,Ghaziabad,18-29,18 and above – below 30 years,Transgender,1.0,ok,text
2014,Ghaziabad,30-44,30 and above – below 45 years,Female,15.0,ok,text
2014,Ghaziabad,30-44,30 and above – below 45 years,Male,48.0,ok,text
2014,Ghaziabad,30-44,30 and above – below 45 years,Total,63.0,derived (sum of sexes),text
2014,Ghaziabad,30-44,30 and above – below 45 years,Transgender,0.0,ok,text
2014,Ghaziabad,45-59,45 and above – below 60 years,Female,4.0,ok,text
2014,Ghaziabad,45-59,45 and above – below 60 years,Male,23.0,ok,text
2014,Ghaziabad,45-59,45 and above – below 60 years,Total,27.0,derived (sum of sexes),text
2014,Ghaziabad,45-59,45 and above – below 60 years,Transgender,0.0,ok,text
2014,Ghaziabad,60+,60 years & above,Female,1.0,ok,text
2014,Ghaziabad,60+,60 years & above,Male,4.0,ok,text
2014,Ghaziabad,60+,60 years & above,Total,5.0,derived (sum of sexes),text
2014,Ghaziabad,60+,60 years & above,Transgender,0.0,ok,text
2014,Ghaziabad,all ages,Total,Female,57.0,ok,text
2014,Ghaziabad,all ages,Total,Male,159.0,ok,text
2014,Ghaziabad,all ages,Total,Total,217.0,no total,text
2014,Ghaziabad,all ages,Total,Transgender,1.0,ok,text
2014,Gwalior,0-14,below 14 years,Female,0.0,ok,text
2014,Gwalior,0-14,below 14 years,Male,2.0,ok,text
2014,Gwalior,0-14,below 14 years,Total,2.0,derived (sum of sexes),text
2014,Gwalior,0-14,below 14 years,Transgender,0.0,ok,text
2014,Gwalior,14-17,14 and above – below 18 years,Female,15.0,ok,text
2014,Gwalior,14-17,14 and above – below 18 years,Male,20.0,ok,text
2014,Gwalior,14-17,14 and above – below 18 years,Total,35.0,derived (sum of sexes),text
2014,Gwalior,14-17,14 and above – below 18 years,Transgender,0.0,ok,text
2014,Gwalior,18-29,18 and above – below 30 years,Female,50.0,ok,text
2014,Gwalior,18-29,18 and above – below 30 years,Male,60.0,ok,text
2014,Gwalior,18-29,18 and above – below 30 years,Total,110.0,derived (sum of sexes),text
2014,Gwalior,18-29,18 and above – below 30 years,Transgender,0.0,ok,text
2014,Gwalior,30-44,30 and above – below 45 years,Female,23.0,ok,text
2014,Gwalior,30-44,30 and above – below 45 years,Male,34.0,ok,text
2014,Gwalior,30-44,30 and above – below 45 years,Total,57.0,derived (sum of sexes),text
2014,Gwalior,30-44,30 and above – below 45 years,Transgender,0.0,ok,text
2014,Gwalior,45-59,45 and above – below 60 years,Female,10.0,ok,text
2014,Gwalior,45-59,45 and above – below 60 years,Male,17.0,ok,text
2014,Gwalior,45-59,45 and above – below 60 years,Total,27.0,derived (sum of sexes),text
2014,Gwalior,45-59,45 and above – below 60 years,Transgender,0.0,ok,text
2014,Gwalior,60+,60 years & above,Female,3.0,ok,text
2014,Gwalior,60+,60 years & above,Male,1.0,ok,text
2014,Gwalior,60+,60 years & above,Total,4.0,derived (sum of sexes),text
2014,Gwalior,60+,60 years & above,Transgender,0.0,ok,text
2014,Gwalior,all ages,Total,Female,101.0,ok,text
2014,Gwalior,all ages,Total,Male,134.0,ok,text
2014,Gwalior,all ages,Total,Total,235.0,no total,text
2014,Gwalior,all ages,Total,Transgender,0.0,ok,text
2014,Hyderabad,0-14,below 14 years,Female,6.0,ok,text
2014,Hyderabad,0-14,below 14 years,Male,3.0,ok,text
2014,Hyderabad,0-14,below 14 years,Total,9.0,derived (sum of sexes),text
2014,Hyderabad,0-14,below 14 years,Transgender,0.0,ok,text
2014,Hyderabad,14-17,14 and above – below 18 years,Female,17.0,ok,text
2014,Hyderabad,14-17,14 and above – below 18 years,Male,16.0,ok,text
2014,Hyderabad,14-17,14 and above – below 18 years,Total,33.0,derived (sum of sexes),text
2014,Hyderabad,14-17,14 and above – below 18 years,Transgender,0.0,ok,text
2014,Hyderabad,18-29,18 and above – below 30 years,Female,102.0,ok,text
2014,Hyderabad,18-29,18 and above – below 30 years,Male,171.0,ok,text
2014,Hyderabad,18-29,18 and above – below 30 years,Total,273.0,derived (sum of sexes),text
2014,Hyderabad,18-29,18 and above – below 30 years,Transgender,0.0,ok,text
2014,Hyderabad,30-44,30 and above – below 45 years,Female,66.0,ok,text
2014,Hyderabad,30-44,30 and above – below 45 years,Male,207.0,ok,text
2014,Hyderabad,30-44,30 and above – below 45 years,Total,273.0,derived (sum of sexes),text
2014,Hyderabad,30-44,30 and above – below 45 years,Transgender,0.0,ok,text
2014,Hyderabad,45-59,45 and above – below 60 years,Female,27.0,ok,text
2014,Hyderabad,45-59,45 and above – below 60 years,Male,96.0,ok,text
2014,Hyderabad,45-59,45 and above – below 60 years,Total,123.0,derived (sum of sexes),text
2014,Hyderabad,45-59,45 and above – below 60 years,Transgender,0.0,ok,text
2014,Hyderabad,60+,60 years & above,Female,13.0,ok,text
2014,Hyderabad,60+,60 years & above,Male,17.0,ok,text
2014,Hyderabad,60+,60 years & above,Total,30.0,derived (sum of sexes),text
2014,Hyderabad,60+,60 years & above,Transgender,0.0,ok,text
2014,Hyderabad,all ages,Total,Female,231.0,ok,text
2014,Hyderabad,all ages,Total,Male,510.0,ok,text
2014,Hyderabad,all ages,Total,Total,741.0,no total,text
2014,Hyderabad,all ages,Total,Transgender,0.0,ok,text
2014,Indore,0-14,below 14 years,Female,2.0,ok,text
2014,Indore,0-14,below 14 years,Male,2.0,ok,text
2014,Indore,0-14,below 14 years,Total,4.0,derived (sum of sexes),text
2014,Indore,0-14,below 14 years,Transgender,0.0,ok,text
2014,Indore,14-17,14 and above – below 18 years,Female,26.0,ok,text
2014,Indore,14-17,14 and above – below 18 years,Male,8.0,ok,text
2014,Indore,14-17,14 and above – below 18 years,Total,34.0,derived (sum of sexes),text
2014,Indore,14-17,14 and above – below 18 years,Transgender,0.0,ok,text
2014,Indore,18-29,18 and above – below 30 years,Female,107.0,ok,text
2014,Indore,18-29,18 and above – below 30 years,Male,138.0,ok,text
2014,Indore,18-29,18 and above – below 30 years,Total,245.0,derived (sum of sexes),text
2014,Indore,18-29,18 and above – below 30 years,Transgender,0.0,ok,text
2014,Indore,30-44,30 and above – below 45 years,Female,26.0,ok,text
2014,Indore,30-44,30 and above – below 45 years,Male,117.0,ok,text
2014,Indore,30-44,30 and above – below 45 years,Total,143.0,derived (sum of sexes),text
2014,Indore,30-44,30 and above – below 45 years,Transgender,0.0,ok,text
2014,Indore,45-59,45 and above – below 60 years,Female,14.0,ok,text
2014,Indore,45-59,45 and above – below 60 years,Male,56.0,ok,text
2014,Indore,45-59,45 and above – below 60 years,Total,70.0,derived (sum of sexes),text
2014,Indore,45-59,45 and above – below 60 years,Transgender,0.0,ok,text
2014,Indore,60+,60 years & above,Female,3.0,ok,text
2014,Indore,60+,60 years & above,Male,13.0,ok,text
2014,Indore,60+,60 years & above,Total,16.0,derived (sum of sexes),text
2014,Indore,60+,60 years & above,Transgender,0.0,ok,text
2014,Indore,all ages,Total,Female,178.0,ok,text
2014,Indore,all ages,Total,Male,334.0,ok,text
2014,Indore,all ages,Total,Total,512.0,no total,text
2014,Indore,all ages,Total,Transgender,0.0,ok,text
2014,Jabalpur,0-14,below 14 years,Female,1.0,ok,text
2014,Jabalpur,0-14,below 14 years,Male,0.0,ok,text
2014,Jabalpur,0-14,below 14 years,Total,1.0,derived (sum of sexes),text
2014,Jabalpur,0-14,below 14 years,Transgender,0.0,ok,text
2014,Jabalpur,14-17,14 and above – below 18 years,Female,5.0,ok,text
2014,Jabalpur,14-17,14 and above – below 18 years,Male,10.0,ok,text
2014,Jabalpur,14-17,14 and above – below 18 years,Total,15.0,derived (sum of sexes),text
2014,Jabalpur,14-17,14 and above – below 18 years,Transgender,0.0,ok,text
2014,Jabalpur,18-29,18 and above – below 30 years,Female,96.0,ok,text
2014,Jabalpur,18-29,18 and above – below 30 years,Male,103.0,ok,text
2014,Jabalpur,18-29,18 and above – below 30 years,Total,199.0,derived (sum of sexes),text
2014,Jabalpur,18-29,18 and above – below 30 years,Transgender,0.0,ok,text
2014,Jabalpur,30-44,30 and above – below 45 years,Female,11.0,ok,text
2014,Jabalpur,30-44,30 and above – below 45 years,Male,41.0,ok,text
2014,Jabalpur,30-44,30 and above – below 45 years,Total,52.0,derived (sum of sexes),text
2014,Jabalpur,30-44,30 and above – below 45 years,Transgender,0.0,ok,text
2014,Jabalpur,45-59,45 and above – below 60 years,Female,2.0,ok,text
2014,Jabalpur,45-59,45 and above – below 60 years,Male,7.0,ok,text
2014,Jabalpur,45-59,45 and above – below 60 years,Total,9.0,derived (sum of sexes),text
2014,Jabalpur,45-59,45 and above – below 60 years,Transgender,0.0,ok,text
2014,Jabalpur,60+,60 years & above,Female,0.0,ok,text
2014,Jabalpur,60+,60 years & above,Male,1.0,ok,text
2014,Jabalpur,60+,60 years & above,Total,1.0,derived (sum of sexes),text
2014,Jabalpur,60+,60 years & above,Transgender,0.0,ok,text
2014,Jabalpur,all ages,Total,Female,115.0,ok,text
2014,Jabalpur,all ages,Total,Male,162.0,ok,text
2014,Jabalpur,all ages,Total,Total,277.0,no total,text
2014,Jabalpur,all ages,Total,Transgender,0.0,ok,text
2014,Jaipur,0-14,below 14 years,Female,2.0,ok,text
2014,Jaipur,0-14,below 14 years,Male,1.0,ok,text
2014,Jaipur,0-14,below 14 years,Total,3.0,derived (sum of sexes),text
2014,Jaipur,0-14,below 14 years,Transgender,0.0,ok,text
2014,Jaipur,14-17,14 and above – below 18 years,Female,12.0,ok,text
2014,Jaipur,14-17,14 and above – below 18 years,Male,2.0,ok,text
2014,Jaipur,14-17,14 and above – below 18 years,Total,14.0,derived (sum of sexes),text
2014,Jaipur,14-17,14 and above – below 18 years,Transgender,0.0,ok,text
2014,Jaipur,18-29,18 and above – below 30 years,Female,52.0,ok,text
2014,Jaipur,18-29,18 and above – below 30 years,Male,129.0,ok,text
2014,Jaipur,18-29,18 and above – below 30 years,Total,181.0,derived (sum of sexes),text
2014,Jaipur,18-29,18 and above – below 30 years,Transgender,0.0,ok,text
2014,Jaipur,30-44,30 and above – below 45 years,Female,24.0,ok,text
2014,Jaipur,30-44,30 and above – below 45 years,Male,102.0,ok,text
2014,Jaipur,30-44,30 and above – below 45 years,Total,126.0,derived (sum of sexes),text
2014,Jaipur,30-44,30 and above – below 45 years,Transgender,0.0,ok,text
2014,Jaipur,45-59,45 and above – below 60 years,Female,7.0,ok,text
2014,Jaipur,45-59,45 and above – below 60 years,Male,36.0,ok,text
2014,Jaipur,45-59,45 and above – below 60 years,Total,43.0,derived (sum of sexes),text
2014,Jaipur,45-59,45 and above – below 60 years,Transgender,0.0,ok,text
2014,Jaipur,60+,60 years & above,Female,1.0,ok,text
2014,Jaipur,60+,60 years & above,Male,12.0,ok,text
2014,Jaipur,60+,60 years & above,Total,13.0,derived (sum of sexes),text
2014,Jaipur,60+,60 years & above,Transgender,0.0,ok,text
2014,Jaipur,all ages,Total,Female,98.0,ok,text
2014,Jaipur,all ages,Total,Male,282.0,ok,text
2014,Jaipur,all ages,Total,Total,380.0,no total,text
2014,Jaipur,all ages,Total,Transgender,0.0,ok,text
2014,Jamshedpur,0-14,below 14 years,Female,4.0,ok,text
2014,Jamshedpur,0-14,below 14 years,Male,1.0,ok,text
2014,Jamshedpur,0-14,below 14 years,Total,5.0,derived (sum of sexes),text
2014,Jamshedpur,0-14,below 14 years,Transgender,0.0,ok,text
2014,Jamshedpur,14-17,14 and above – below 18 years,Female,6.0,ok,text
2014,Jamshedpur,14-17,14 and above – below 18 years,Male,1.0,ok,text
2014,Jamshedpur,14-17,14 and above – below 18 years,Total,7.0,derived (sum of sexes),text
2014,Jamshedpur,14-17,14 and above – below 18 years,Transgender,0.0,ok,text
2014,Jamshedpur,18-29,18 and above – below 30 years,Female,22.0,ok,text
2014,Jamshedpur,18-29,18 and above – below 30 years,Male,41.0,ok,text
2014,Jamshedpur,18-29,18 and above – below 30 years,Total,63.0,derived (sum of sexes),text
2014,Jamshedpur,18-29,18 and above – below 30 years,Transgender,0.0,ok,text
2014,Jamshedpur,30-44,30 and above – below 45 years,Female,11.0,ok,text
2014,Jamshedpur,30-44,30 and above – below 45 years,Male,22.0,ok,text
2014,Jamshedpur,30-44,30 and above – below 45 years,Total,33.0,derived (sum of sexes),text
2014,Jamshedpur,30-44,30 and above – below 45 years,Transgender,0.0,ok,text
2014,Jamshedpur,45-59,45 and above – below 60 years,Female,0.0,ok,text
2014,Jamshedpur,45-59,45 and above – below 60 years,Male,22.0,ok,text
2014,Jamshedpur,45-59,45 and above – below 60 years,Total,22.0,derived (sum of sexes),text
2014,Jamshedpur,45-59,45 and above – below 60 years,Transgender,0.0,ok,text
2014,Jamshedpur,60+,60 years & above,Female,0.0,ok,text
2014,Jamshedpur,60+,60 years & above,Male,4.0,ok,text
2014,Jamshedpur,60+,60 years & above,Total,4.0,derived (sum of sexes),text
2014,Jamshedpur,60+,60 years & above,Transgender,0.0,ok,text
2014,Jamshedpur,all ages,Total,Female,43.0,ok,text
2014,Jamshedpur,all ages,Total,Male,91.0,ok,text
2014,Jamshedpur,all ages,Total,Total,134.0,no total,text
2014,Jamshedpur,all ages,Total,Transgender,0.0,ok,text
2014,Jodhpur,0-14,below 14 years,Female,2.0,ok,text
2014,Jodhpur,0-14,below 14 years,Male,2.0,ok,text
2014,Jodhpur,0-14,below 14 years,Total,4.0,derived (sum of sexes),text
2014,Jodhpur,0-14,below 14 years,Transgender,0.0,ok,text
2014,Jodhpur,14-17,14 and above – below 18 years,Female,4.0,ok,text
2014,Jodhpur,14-17,14 and above – below 18 years,Male,2.0,ok,text
2014,Jodhpur,14-17,14 and above – below 18 years,Total,6.0,derived (sum of sexes),text
2014,Jodhpur,14-17,14 and above – below 18 years,Transgender,0.0,ok,text
2014,Jodhpur,18-29,18 and above – below 30 years,Female,8.0,ok,text
2014,Jodhpur,18-29,18 and above – below 30 years,Male,39.0,ok,text
2014,Jodhpur,18-29,18 and above – below 30 years,Total,47.0,derived (sum of sexes),text
2014,Jodhpur,18-29,18 and above – below 30 years,Transgender,0.0,ok,text
2014,Jodhpur,30-44,30 and above – below 45 years,Female,8.0,ok,text
2014,Jodhpur,30-44,30 and above – below 45 years,Male,30.0,ok,text
2014,Jodhpur,30-44,30 and above – below 45 years,Total,38.0,derived (sum of sexes),text
2014,Jodhpur,30-44,30 and above – below 45 years,Transgender,0.0,ok,text
2014,Jodhpur,45-59,45 and above – below 60 years,Female,8.0,ok,text
2014,Jodhpur,45-59,45 and above – below 60 years,Male,12.0,ok,text
2014,Jodhpur,45-59,45 and above – below 60 years,Total,20.0,derived (sum of sexes),text
2014,Jodhpur,45-59,45 and above – below 60 years,Transgender,0.0,ok,text
2014,Jodhpur,60+,60 years & above,Female,0.0,ok,text
2014,Jodhpur,60+,60 years & above,Male,2.0,ok,text
2014,Jodhpur,60+,60 years & above,Total,2.0,derived (sum of sexes),text
2014,Jodhpur,60+,60 years & above,Transgender,0.0,ok,text
2014,Jodhpur,all ages,Total,Female,30.0,ok,text
2014,Jodhpur,all ages,Total,Male,87.0,ok,text
2014,Jodhpur,all ages,Total,Total,117.0,no total,text
2014,Jodhpur,all ages,Total,Transgender,0.0,ok,text
2014,Kannur,0-14,below 14 years,Female,0.0,ok,text
2014,Kannur,0-14,below 14 years,Male,0.0,ok,text
2014,Kannur,0-14,below 14 years,Total,0.0,derived (sum of sexes),text
2014,Kannur,0-14,below 14 years,Transgender,0.0,ok,text
2014,Kannur,14-17,14 and above – below 18 years,Female,2.0,ok,text
2014,Kannur,14-17,14 and above – below 18 years,Male,2.0,ok,text
2014,Kannur,14-17,14 and above – below 18 years,Total,4.0,derived (sum of sexes),text
2014,Kannur,14-17,14 and above – below 18 years,Transgender,0.0,ok,text
2014,Kannur,18-29,18 and above – below 30 years,Female,10.0,ok,text
2014,Kannur,18-29,18 and above – below 30 years,Male,14.0,ok,text
2014,Kannur,18-29,18 and above – below 30 years,Total,24.0,derived (sum of sexes),text
2014,Kannur,18-29,18 and above – below 30 years,Transgender,0.0,ok,text
2014,Kannur,30-44,30 and above – below 45 years,Female,8.0,ok,text
2014,Kannur,30-44,30 and above – below 45 years,Male,24.0,ok,text
2014,Kannur,30-44,30 and above – below 45 years,Total,32.0,derived (sum of sexes),text
2014,Kannur,30-44,30 and above – below 45 years,Transgender,0.0,ok,text
2014,Kannur,45-59,45 and above – below 60 years,Female,7.0,ok,text
2014,Kannur,45-59,45 and above – below 60 years,Male,44.0,ok,text
2014,Kannur,45-59,45 and above – below 60 years,Total,51.0,derived (sum of sexes),text
2014,Kannur,45-59,45 and above – below 60 years,Transgender,0.0,ok,text
2014,Kannur,60+,60 years & above,Female,12.0,ok,text
2014,Kannur,60+,60 years & above,Male,31.0,ok,text
2014,Kannur,60+,60 years & above,Total,43.0,derived (sum of sexes),text
2014,Kannur,60+,60 years & above,Transgender,0.0,ok,text
2014,Kannur,all ages,Total,Female,39.0,ok,text
2014,Kannur,all ages,Total,Male,115.0,ok,text
2014,Kannur,all ages,Total,Total,154.0,no total,text
2014,Kannur,all ages,Total,Transgender,0.0,ok,text
2014,Kanpur,0-14,below 14 years,Female,3.0,ok,text
2014,Kanpur,0-14,below 14 years,Male,0.0,ok,text
2014,Kanpur,0-14,below 14 years,Total,3.0,derived (sum of sexes),text
2014,Kanpur,0-14,below 14 years,Transgender,0.0,ok,text
2014,Kanpur,14-17,14 and above – below 18 years,Female,9.0,ok,text
2014,Kanpur,14-17,14 and above – below 18 years,Male,7.0,ok,text
2014,Kanpur,14-17,14 and above – below 18 years,Total,16.0,derived (sum of sexes),text
2014,Kanpur,14-17,14 and above – below 18 years,Transgender,0.0,ok,text
2014,Kanpur,18-29,18 and above – below 30 years,Female,27.0,ok,text
2014,Kanpur,18-29,18 and above – below 30 years,Male,28.0,ok,text
2014,Kanpur,18-29,18 and above – below 30 years,Total,55.0,derived (sum of sexes),text
2014,Kanpur,18-29,18 and above – below 30 years,Transgender,0.0,ok,text
2014,Kanpur,30-44,30 and above – below 45 years,Female,17.0,ok,text
2014,Kanpur,30-44,30 and above – below 45 years,Male,22.0,ok,text
2014,Kanpur,30-44,30 and above – below 45 years,Total,39.0,derived (sum of sexes),text
2014,Kanpur,30-44,30 and above – below 45 years,Transgender,0.0,ok,text
2014,Kanpur,45-59,45 and above – below 60 years,Female,9.0,ok,text
2014,Kanpur,45-59,45 and above – below 60 years,Male,12.0,ok,text
2014,Kanpur,45-59,45 and above – below 60 years,Total,21.0,derived (sum of sexes),text
2014,Kanpur,45-59,45 and above – below 60 years,Transgender,0.0,ok,text
2014,Kanpur,60+,60 years & above,Female,0.0,ok,text
2014,Kanpur,60+,60 years & above,Male,4.0,ok,text
2014,Kanpur,60+,60 years & above,Total,4.0,derived (sum of sexes),text
2014,Kanpur,60+,60 years & above,Transgender,0.0,ok,text
2014,Kanpur,all ages,Total,Female,65.0,ok,text
2014,Kanpur,all ages,Total,Male,73.0,ok,text
2014,Kanpur,all ages,Total,Total,138.0,no total,text
2014,Kanpur,all ages,Total,Transgender,0.0,ok,text
2014,Kochi,0-14,below 14 years,Female,0.0,ok,text
2014,Kochi,0-14,below 14 years,Male,2.0,ok,text
2014,Kochi,0-14,below 14 years,Total,2.0,derived (sum of sexes),text
2014,Kochi,0-14,below 14 years,Transgender,0.0,ok,text
2014,Kochi,14-17,14 and above – below 18 years,Female,7.0,ok,text
2014,Kochi,14-17,14 and above – below 18 years,Male,3.0,ok,text
2014,Kochi,14-17,14 and above – below 18 years,Total,10.0,derived (sum of sexes),text
2014,Kochi,14-17,14 and above – below 18 years,Transgender,0.0,ok,text
2014,Kochi,18-29,18 and above – below 30 years,Female,17.0,ok,text
2014,Kochi,18-29,18 and above – below 30 years,Male,32.0,ok,text
2014,Kochi,18-29,18 and above – below 30 years,Total,49.0,derived (sum of sexes),text
2014,Kochi,18-29,18 and above – below 30 years,Transgender,0.0,ok,text
2014,Kochi,30-44,30 and above – below 45 years,Female,17.0,ok,text
2014,Kochi,30-44,30 and above – below 45 years,Male,49.0,ok,text
2014,Kochi,30-44,30 and above – below 45 years,Total,66.0,derived (sum of sexes),text
2014,Kochi,30-44,30 and above – below 45 years,Transgender,0.0,ok,text
2014,Kochi,45-59,45 and above – below 60 years,Female,10.0,ok,text
2014,Kochi,45-59,45 and above – below 60 years,Male,52.0,ok,text
2014,Kochi,45-59,45 and above – below 60 years,Total,62.0,derived (sum of sexes),text
2014,Kochi,45-59,45 and above – below 60 years,Transgender,0.0,ok,text
2014,Kochi,60+,60 years & above,Female,10.0,ok,text
2014,Kochi,60+,60 years & above,Male,24.0,ok,text
2014,Kochi,60+,60 years & above,Total,34.0,derived (sum of sexes),text
2014,Kochi,60+,60 years & above,Transgender,0.0,ok,text
2014,Kochi,all ages,Total,Female,61.0,ok,text
2014,Kochi,all ages,Total,Male,162.0,ok,text
2014,Kochi,all ages,Total,Total,223.0,no total,text
2014,Kochi,all ages,Total,Transgender,0.0,ok,text
2014,Kolkata,0-14,below 14 years,Female,2.0,ok,text
2014,Kolkata,0-14,below 14 years,Male,0.0,ok,text
2014,Kolkata,0-14,below 14 years,Total,2.0,derived (sum of sexes),text
2014,Kolkata,0-14,below 14 years,Transgender,0.0,ok,text
2014,Kolkata,14-17,14 and above – below 18 years,Female,21.0,ok,text
2014,Kolkata,14-17,14 and above – below 18 years,Male,14.0,ok,text
2014,Kolkata,14-17,14 and above – below 18 years,Total,35.0,derived (sum of sexes),text
2014,Kolkata,14-17,14 and above – below 18 years,Transgender,0.0,ok,text
2014,Kolkata,18-29,18 and above – below 30 years,Female,28.0,ok,text
2014,Kolkata,18-29,18 and above – below 30 years,Male,69.0,ok,text
2014,Kolkata,18-29,18 and above – below 30 years,Total,97.0,derived (sum of sexes),text
2014,Kolkata,18-29,18 and above – below 30 years,Transgender,0.0,ok,text
2014,Kolkata,30-44,30 and above – below 45 years,Female,26.0,ok,text
2014,Kolkata,30-44,30 and above – below 45 years,Male,96.0,ok,text
2014,Kolkata,30-44,30 and above – below 45 years,Total,122.0,derived (sum of sexes),text
2014,Kolkata,30-44,30 and above – below 45 years,Transgender,0.0,ok,text
2014,Kolkata,45-59,45 and above – below 60 years,Female,25.0,ok,text
2014,Kolkata,45-59,45 and above – below 60 years,Male,47.0,ok,text
2014,Kolkata,45-59,45 and above – below 60 years,Total,72.0,derived (sum of sexes),text
2014,Kolkata,45-59,45 and above – below 60 years,Transgender,0.0,ok,text
2014,Kolkata,60+,60 years & above,Female,10.0,ok,text
2014,Kolkata,60+,60 years & above,Male,22.0,ok,text
2014,Kolkata,60+,60 years & above,Total,32.0,derived (sum of sexes),text
2014,Kolkata,60+,60 years & above,Transgender,0.0,ok,text
2014,Kolkata,all ages,Total,Female,112.0,ok,text
2014,Kolkata,all ages,Total,Male,248.0,ok,text
2014,Kolkata,all ages,Total,Total,360.0,no total,text
2014,Kolkata,all ages,Total,Transgender,0.0,ok,text
2014,Kollam,0-14,below 14 years,Female,0.0,ok,text
2014,Kollam,0-14,below 14 years,Male,0.0,ok,text
2014,Kollam,0-14,below 14 years,Total,0.0,derived (sum of sexes),text
2014,Kollam,0-14,below 14 years,Transgender,0.0,ok,text
2014,Kollam,14-17,14 and above – below 18 years,Female,6.0,ok,text
2014,Kollam,14-17,14 and above – below 18 years,Male,3.0,ok,text
2014,Kollam,14-17,14 and above – below 18 years,Total,9.0,derived (sum of sexes),text
2014,Kollam,14-17,14 and above – below 18 years,Transgender,0.0,ok,text
2014,Kollam,18-29,18 and above – below 30 years,Female,23.0,ok,text
2014,Kollam,18-29,18 and above – below 30 years,Male,62.0,ok,text
2014,Kollam,18-29,18 and above – below 30 years,Total,85.0,derived (sum of sexes),text
2014,Kollam,18-29,18 and above – below 30 years,Transgender,0.0,ok,text
2014,Kollam,30-44,30 and above – below 45 years,Female,24.0,ok,text
2014,Kollam,30-44,30 and above – below 45 years,Male,114.0,ok,text
2014,Kollam,30-44,30 and above – below 45 years,Total,138.0,derived (sum of sexes),text
2014,Kollam,30-44,30 and above – below 45 years,Transgender,0.0,ok,text
2014,Kollam,45-59,45 and above – below 60 years,Female,28.0,ok,text
2014,Kollam,45-59,45 and above – below 60 years,Male,119.0,ok,text
2014,Kollam,45-59,45 and above – below 60 years,Total,147.0,derived (sum of sexes),text
2014,Kollam,45-59,45 and above – below 60 years,Transgender,0.0,ok,text
2014,Kollam,60+,60 years & above,Female,22.0,ok,text
2014,Kollam,60+,60 years & above,Male,46.0,ok,text
2014,Kollam,60+,60 years & above,Total,68.0,derived (sum of sexes),text
2014,Kollam,60+,60 years & above,Transgender,0.0,ok,text
2014,Kollam,all ages,Total,Female,103.0,ok,text
2014,Kollam,all ages,Total,Male,344.0,ok,text
2014,Kollam,all ages,Total,Total,447.0,no total,text
2014,Kollam,all ages,Total,Transgender,0.0,ok,text
2014,Kota,0-14,below 14 years,Female,0.0,ok,text
2014,Kota,0-14,below 14 years,Male,0.0,ok,text
2014,Kota,0-14,below 14 years,Total,0.0,derived (sum of sexes),text
2014,Kota,0-14,below 14 years,Transgender,0.0,ok,text
2014,Kota,14-17,14 and above – below 18 years,Female,3.0,ok,text
2014,Kota,14-17,14 and above – below 18 years,Male,7.0,ok,text
2014,Kota,14-17,14 and above – below 18 years,Total,10.0,derived (sum of sexes),text
2014,Kota,14-17,14 and above – below 18 years,Transgender,0.0,ok,text
2014,Kota,18-29,18 and above – below 30 years,Female,22.0,ok,text
2014,Kota,18-29,18 and above – below 30 years,Male,57.0,ok,text
2014,Kota,18-29,18 and above – below 30 years,Total,79.0,derived (sum of sexes),text
2014,Kota,18-29,18 and above – below 30 years,Transgender,0.0,ok,text
2014,Kota,30-44,30 and above – below 45 years,Female,2.0,ok,text
2014,Kota,30-44,30 and above – below 45 years,Male,9.0,ok,text
2014,Kota,30-44,30 and above – below 45 years,Total,11.0,derived (sum of sexes),text
2014,Kota,30-44,30 and above – below 45 years,Transgender,0.0,ok,text
2014,Kota,45-59,45 and above – below 60 years,Female,0.0,ok,text
2014,Kota,45-59,45 and above – below 60 years,Male,0.0,ok,text
2014,Kota,45-59,45 and above – below 60 years,Total,0.0,derived (sum of sexes),text
2014,Kota,45-59,45 and above – below 60 years,Transgender,0.0,ok,text
2014,Kota,60+,60 years & above,Female,0.0,ok,text
2014,Kota,60+,60 years & above,Male,0.0,ok,text
2014,Kota,60+,60 years & above,Total,0.0,derived (sum of sexes),text
2014,Kota,60+,60 years & above,Transgender,0.0,ok,text
2014,Kota,all ages,Total,Female,27.0,ok,text
2014,Kota,all ages,Total,Male,73.0,ok,text
2014,Kota,all ages,Total,Total,100.0,no total,text
2014,Kota,all ages,Total,Transgender,0.0,ok,text
2014,Kozhikode,0-14,below 14 years,Female,0.0,ok,text
2014,Kozhikode,0-14,below 14 years,Male,1.0,ok,text
2014,Kozhikode,0-14,below 14 years,Total,1.0,derived (sum of sexes),text
2014,Kozhikode,0-14,below 14 years,Transgender,0.0,ok,text
2014,Kozhikode,14-17,14 and above – below 18 years,Female,5.0,ok,text
2014,Kozhikode,14-17,14 and above – below 18 years,Male,2.0,ok,text
2014,Kozhikode,14-17,14 and above – below 18 years,Total,7.0,derived (sum of sexes),text
2014,Kozhikode,14-17,14 and above – below 18 years,Transgender,0.0,ok,text
2014,Kozhikode,18-29,18 and above – below 30 years,Female,13.0,ok,text
2014,Kozhikode,18-29,18 and above – below 30 years,Male,28.0,ok,text
2014,Kozhikode,18-29,18 and above – below 30 years,Total,41.0,derived (sum of sexes),text
2014,Kozhikode,18-29,18 and above – below 30 years,Transgender,0.0,ok,text
2014,Kozhikode,30-44,30 and above – below 45 years,Female,15.0,ok,text
2014,Kozhikode,30-44,30 and above – below 45 years,Male,40.0,ok,text
2014,Kozhikode,30-44,30 and above – below 45 years,Total,55.0,derived (sum of sexes),text
2014,Kozhikode,30-44,30 and above – below 45 years,Transgender,0.0,ok,text
2014,Kozhikode,45-59,45 and above – below 60 years,Female,12.0,ok,text
2014,Kozhikode,45-59,45 and above – below 60 years,Male,26.0,ok,text
2014,Kozhikode,45-59,45 and above – below 60 years,Total,38.0,derived (sum of sexes),text
2014,Kozhikode,45-59,45 and above – below 60 years,Transgender,0.0,ok,text
2014,Kozhikode,60+,60 years & above,Female,21.0,ok,text
2014,Kozhikode,60+,60 years & above,Male,38.0,ok,text
2014,Kozhikode,60+,60 years & above,Total,59.0,derived (sum of sexes),text
2014,Kozhikode,60+,60 years & above,Transgender,0.0,ok,text
2014,Kozhikode,all ages,Total,Female,66.0,ok,text
2014,Kozhikode,all ages,Total,Male,135.0,ok,text
2014,Kozhikode,all ages,Total,Total,201.0,no total,text
2014,Kozhikode,all ages,Total,Transgender,0.0,ok,text
2014,Lucknow,0-14,below 14 years,Female,2.0,ok,text
2014,Lucknow,0-14,below 14 years,Male,0.0,ok,text
2014,Lucknow,0-14,below 14 years,Total,2.0,derived (sum of sexes),text
2014,Lucknow,0-14,below 14 years,Transgender,0.0,ok,text
2014,Lucknow,14-17,14 and above – below 18 years,Female,3.0,ok,text
2014,Lucknow,14-17,14 and above – below 18 years,Male,5.0,ok,text
2014,Lucknow,14-17,14 and above – below 18 years,Total,8.0,derived (sum of sexes),text
2014,Lucknow,14-17,14 and above – below 18 years,Transgender,0.0,ok,text
2014,Lucknow,18-29,18 and above – below 30 years,Female,21.0,ok,text
2014,Lucknow,18-29,18 and above – below 30 years,Male,32.0,ok,text
2014,Lucknow,18-29,18 and above – below 30 years,Total,53.0,derived (sum of sexes),text
2014,Lucknow,18-29,18 and above – below 30 years,Transgender,0.0,ok,text
2014,Lucknow,30-44,30 and above – below 45 years,Female,15.0,ok,text
2014,Lucknow,30-44,30 and above – below 45 years,Male,46.0,ok,text
2014,Lucknow,30-44,30 and above – below 45 years,Total,61.0,derived (sum of sexes),text
2014,Lucknow,30-44,30 and above – below 45 years,Transgender,0.0,ok,text
2014,Lucknow,45-59,45 and above – below 60 years,Female,4.0,ok,text
2014,Lucknow,45-59,45 and above – below 60 years,Male,29.0,ok,text
2014,Lucknow,45-59,45 and above – below 60 years,Total,34.0,derived (sum of sexes),text
2014,Lucknow,45-59,45 and above – below 60 years,Transgender,1.0,ok,text
2014,Lucknow,60+,60 years & above,Female,1.0,ok,text
2014,Lucknow,60+,60 years & above,Male,3.0,ok,text
2014,Lucknow,60+,60 years & above,Total,4.0,derived (sum of sexes),text
2014,Lucknow,60+,60 years & above,Transgender,0.0,ok,text
2014,Lucknow,all ages,Total,Female,46.0,ok,text
2014,Lucknow,all ages,Total,Male,115.0,ok,text
2014,Lucknow,all ages,Total,Total,162.0,no total,text
2014,Lucknow,all ages,Total,Transgender,1.0,ok,text
2014,Ludhiana,0-14,below 14 years,Female,1.0,ok,text
2014,Ludhiana,0-14,below 14 years,Male,0.0,ok,text
2014,Ludhiana,0-14,below 14 years,Total,1.0,derived (sum of sexes),text
2014,Ludhiana,0-14,below 14 years,Transgender,0.0,ok,text
2014,Ludhiana,14-17,14 and above – below 18 years,Female,3.0,ok,text
2014,Ludhiana,14-17,14 and above – below 18 years,Male,1.0,ok,text
2014,Ludhiana,14-17,14 and above – below 18 years,Total,4.0,derived (sum of sexes),text
2014,Ludhiana,14-17,14 and above – below 18 years,Transgender,0.0,ok,text
2014,Ludhiana,18-29,18 and above – below 30 years,Female,14.0,ok,text
2014,Ludhiana,18-29,18 and above – below 30 years,Male,30.0,ok,text
2014,Ludhiana,18-29,18 and above – below 30 years,Total,44.0,derived (sum of sexes),text
2014,Ludhiana,18-29,18 and above – below 30 years,Transgender,0.0,ok,text
2014,Ludhiana,30-44,30 and above – below 45 years,Female,7.0,ok,text
2014,Ludhiana,30-44,30 and above – below 45 years,Male,28.0,ok,text
2014,Ludhiana,30-44,30 and above – below 45 years,Total,35.0,derived (sum of sexes),text
2014,Ludhiana,30-44,30 and above – below 45 years,Transgender,0.0,ok,text
2014,Ludhiana,45-59,45 and above – below 60 years,Female,3.0,ok,text
2014,Ludhiana,45-59,45 and above – below 60 years,Male,9.0,ok,text
2014,Ludhiana,45-59,45 and above – below 60 years,Total,12.0,derived (sum of sexes),text
2014,Ludhiana,45-59,45 and above – below 60 years,Transgender,0.0,ok,text
2014,Ludhiana,60+,60 years & above,Female,0.0,ok,text
2014,Ludhiana,60+,60 years & above,Male,2.0,ok,text
2014,Ludhiana,60+,60 years & above,Total,2.0,derived (sum of sexes),text
2014,Ludhiana,60+,60 years & above,Transgender,0.0,ok,text
2014,Ludhiana,all ages,Total,Female,28.0,ok,text
2014,Ludhiana,all ages,Total,Male,70.0,ok,text
2014,Ludhiana,all ages,Total,Total,98.0,no total,text
2014,Ludhiana,all ages,Total,Transgender,0.0,ok,text
2014,Madurai,0-14,below 14 years,Female,0.0,ok,text
2014,Madurai,0-14,below 14 years,Male,0.0,ok,text
2014,Madurai,0-14,below 14 years,Total,0.0,derived (sum of sexes),text
2014,Madurai,0-14,below 14 years,Transgender,0.0,ok,text
2014,Madurai,14-17,14 and above – below 18 years,Female,3.0,ok,text
2014,Madurai,14-17,14 and above – below 18 years,Male,7.0,ok,text
2014,Madurai,14-17,14 and above – below 18 years,Total,10.0,derived (sum of sexes),text
2014,Madurai,14-17,14 and above – below 18 years,Transgender,0.0,ok,text
2014,Madurai,18-29,18 and above – below 30 years,Female,28.0,ok,text
2014,Madurai,18-29,18 and above – below 30 years,Male,39.0,ok,text
2014,Madurai,18-29,18 and above – below 30 years,Total,68.0,derived (sum of sexes),text
2014,Madurai,18-29,18 and above – below 30 years,Transgender,1.0,ok,text
2014,Madurai,30-44,30 and above – below 45 years,Female,15.0,ok,text
2014,Madurai,30-44,30 and above – below 45 years,Male,65.0,ok,text
2014,Madurai,30-44,30 and above – below 45 years,Total,80.0,derived (sum of sexes),text
2014,Madurai,30-44,30 and above – below 45 years,Transgender,0.0,ok,text
2014,Madurai,45-59,45 and above – below 60 years,Female,4.0,ok,text
2014,Madurai,45-59,45 and above – below 60 years,Male,33.0,ok,text
2014,Madurai,45-59,45 and above – below 60 years,Total,37.0,derived (sum of sexes),text
2014,Madurai,45-59,45 and above – below 60 years,Transgender,0.0,ok,text
2014,Madurai,60+,60 years & above,Female,5.0,ok,text
2014,Madurai,60+,60 years & above,Male,13.0,ok,text
2014,Madurai,60+,60 years & above,Total,18.0,derived (sum of sexes),text
2014,Madurai,60+,60 years & above,Transgender,0.0,ok,text
2014,Madurai,all ages,Total,Female,55.0,ok,text
2014,Madurai,all ages,Total,Male,157.0,ok,text
2014,Madurai,all ages,Total,Total,213.0,no total,text
2014,Madurai,all ages,Total,Transgender,1.0,ok,text
2014,Malappuram,0-14,below 14 years,Female,1.0,ok,text
2014,Malappuram,0-14,below 14 years,Male,0.0,ok,text
2014,Malappuram,0-14,below 14 years,Total,1.0,derived (sum of sexes),text
2014,Malappuram,0-14,below 14 years,Transgender,0.0,ok,text
2014,Malappuram,14-17,14 and above – below 18 years,Female,0.0,ok,text
2014,Malappuram,14-17,14 and above – below 18 years,Male,2.0,ok,text
2014,Malappuram,14-17,14 and above – below 18 years,Total,2.0,derived (sum of sexes),text
2014,Malappuram,14-17,14 and above – below 18 years,Transgender,0.0,ok,text
2014,Malappuram,18-29,18 and above – below 30 years,Female,6.0,ok,text
2014,Malappuram,18-29,18 and above – below 30 years,Male,6.0,ok,text
2014,Malappuram,18-29,18 and above – below 30 years,Total,12.0,derived (sum of sexes),text
2014,Malappuram,18-29,18 and above – below 30 years,Transgender,0.0,ok,text
2014,Malappuram,30-44,30 and above – below 45 years,Female,5.0,ok,text
2014,Malappuram,30-44,30 and above – below 45 years,Male,15.0,ok,text
2014,Malappuram,30-44,30 and above – below 45 years,Total,20.0,derived (sum of sexes),text
2014,Malappuram,30-44,30 and above – below 45 years,Transgender,0.0,ok,text
2014,Malappuram,45-59,45 and above – below 60 years,Female,2.0,ok,text
2014,Malappuram,45-59,45 and above – below 60 years,Male,11.0,ok,text
2014,Malappuram,45-59,45 and above – below 60 years,Total,13.0,derived (sum of sexes),text
2014,Malappuram,45-59,45 and above – below 60 years,Transgender,0.0,ok,text
2014,Malappuram,60+,60 years & above,Female,4.0,ok,text
2014,Malappuram,60+,60 years & above,Male,4.0,ok,text
2014,Malappuram,60+,60 years & above,Total,8.0,derived (sum of sexes),text
2014,Malappuram,60+,60 years & above,Transgender,0.0,ok,text
2014,Malappuram,all ages,Total,Female,18.0,ok,text
2014,Malappuram,all ages,Total,Male,38.0,ok,text
2014,Malappuram,all ages,Total,Total,56.0,no total,text
2014,Malappuram,all ages,Total,Transgender,0.0,ok,text
2014,Meerut,0-14,below 14 years,Female,0.0,ok,text
2014,Meerut,0-14,below 14 years,Male,0.0,ok,text
2014,Meerut,0-14,below 14 years,Total,0.0,derived (sum of sexes),text
2014,Meerut,0-14,below 14 years,Transgender,0.0,ok,text
2014,Meerut,14-17,14 and above – below 18 years,Female,2.0,ok,text
2014,Meerut,14-17,14 and above – below 18 years,Male,0.0,ok,text
2014,Meerut,14-17,14 and above – below 18 years,Total,2.0,derived (sum of sexes),text
2014,Meerut,14-17,14 and above – below 18 years,Transgender,0.0,ok,text
2014,Meerut,18-29,18 and above – below 30 years,Female,11.0,ok,text
2014,Meerut,18-29,18 and above – below 30 years,Male,9.0,ok,text
2014,Meerut,18-29,18 and above – below 30 years,Total,20.0,derived (sum of sexes),text
2014,Meerut,18-29,18 and above – below 30 years,Transgender,0.0,ok,text
2014,Meerut,30-44,30 and above – below 45 years,Female,2.0,ok,text
2014,Meerut,30-44,30 and above – below 45 years,Male,3.0,ok,text
2014,Meerut,30-44,30 and above – below 45 years,Total,5.0,derived (sum of sexes),text
2014,Meerut,30-44,30 and above – below 45 years,Transgender,0.0,ok,text
2014,Meerut,45-59,45 and above – below 60 years,Female,0.0,ok,text
2014,Meerut,45-59,45 and above – below 60 years,Male,2.0,ok,text
2014,Meerut,45-59,45 and above – below 60 years,Total,2.0,derived (sum of sexes),text
2014,Meerut,45-59,45 and above – below 60 years,Transgender,0.0,ok,text
2014,Meerut,60+,60 years & above,Female,0.0,ok,text
2014,Meerut,60+,60 years & above,Male,0.0,ok,text
2014,Meerut,60+,60 years & above,Total,0.0,derived (sum of sexes),text
2014,Meerut,60+,60 years & above,Transgender,0.0,ok,text
2014,Meerut,all ages,Total,Female,15.0,ok,text
2014,Meerut,all ages,Total,Male,14.0,ok,text
2014,Meerut,all ages,Total,Total,29.0,no total,text
2014,Meerut,all ages,Total,Transgender,0.0,ok,text
2014,Mumbai,0-14,below 14 years,Female,14.0,ok,text
2014,Mumbai,0-14,below 14 years,Male,7.0,ok,text
2014,Mumbai,0-14,below 14 years,Total,21.0,derived (sum of sexes),text
2014,Mumbai,0-14,below 14 years,Transgender,0.0,ok,text
2014,Mumbai,14-17,14 and above – below 18 years,Female,51.0,ok,text
2014,Mumbai,14-17,14 and above – below 18 years,Male,27.0,ok,text
2014,Mumbai,14-17,14 and above – below 18 years,Total,78.0,derived (sum of sexes),text
2014,Mumbai,14-17,14 and above – below 18 years,Transgender,0.0,ok,text
2014,Mumbai,18-29,18 and above – below 30 years,Female,219.0,ok,text
2014,Mumbai,18-29,18 and above – below 30 years,Male,269.0,ok,text
2014,Mumbai,18-29,18 and above – below 30 years,Total,489.0,derived (sum of sexes),text
2014,Mumbai,18-29,18 and above – below 30 years,Transgender,1.0,ok,text
2014,Mumbai,30-44,30 and above – below 45 years,Female,108.0,ok,text
2014,Mumbai,30-44,30 and above – below 45 years,Male,279.0,ok,text
2014,Mumbai,30-44,30 and above – below 45 years,Total,388.0,derived (sum of sexes),text
2014,Mumbai,30-44,30 and above – below 45 years,Transgender,1.0,ok,text
2014,Mumbai,45-59,45 and above – below 60 years,Female,41.0,ok,text
2014,Mumbai,45-59,45 and above – below 60 years,Male,100.0,ok,text
2014,Mumbai,45-59,45 and above – below 60 years,Total,141.0,derived (sum of sexes),text
2014,Mumbai,45-59,45 and above – below 60 years,Transgender,0.0,ok,text
2014,Mumbai,60+,60 years & above,Female,16.0,ok,text
2014,Mumbai,60+,60 years & above,Male,63.0,ok,text
2014,Mumbai,60+,60 years & above,Total,79.0,derived (sum of sexes),text
2014,Mumbai,60+,60 years & above,Transgender,0.0,ok,text
2014,Mumbai,all ages,Total,Female,449.0,ok,text
2014,Mumbai,all ages,Total,Male,745.0,ok,text
2014,Mumbai,all ages,Total,Total,1196.0,no total,text
2014,Mumbai,all ages,Total,Transgender,2.0,ok,text
2014,Nagpur,0-14,below 14 years,Female,2.0,ok,text
2014,Nagpur,0-14,below 14 years,Male,1.0,ok,text
2014,Nagpur,0-14,below 14 years,Total,3.0,derived (sum of sexes),text
2014,Nagpur,0-14,below 14 years,Transgender,0.0,ok,text
2014,Nagpur,14-17,14 and above – below 18 years,Female,15.0,ok,text
2014,Nagpur,14-17,14 and above – below 18 years,Male,4.0,ok,text
2014,Nagpur,14-17,14 and above – below 18 years,Total,19.0,derived (sum of sexes),text
2014,Nagpur,14-17,14 and above – below 18 years,Transgender,0.0,ok,text
2014,Nagpur,18-29,18 and above – below 30 years,Female,51.0,ok,text
2014,Nagpur,18-29,18 and above – below 30 years,Male,134.0,ok,text
2014,Nagpur,18-29,18 and above – below 30 years,Total,185.0,derived (sum of sexes),text
2014,Nagpur,18-29,18 and above – below 30 years,Transgender,0.0,ok,text
2014,Nagpur,30-44,30 and above – below 45 years,Female,29.0,ok,text
2014,Nagpur,30-44,30 and above – below 45 years,Male,157.0,ok,text
2014,Nagpur,30-44,30 and above – below 45 years,Total,186.0,derived (sum of sexes),text
2014,Nagpur,30-44,30 and above – below 45 years,Transgender,0.0,ok,text
2014,Nagpur,45-59,45 and above – below 60 years,Female,11.0,ok,text
2014,Nagpur,45-59,45 and above – below 60 years,Male,80.0,ok,text
2014,Nagpur,45-59,45 and above – below 60 years,Total,91.0,derived (sum of sexes),text
2014,Nagpur,45-59,45 and above – below 60 years,Transgender,0.0,ok,text
2014,Nagpur,60+,60 years & above,Female,5.0,ok,text
2014,Nagpur,60+,60 years & above,Male,24.0,ok,text
2014,Nagpur,60+,60 years & above,Total,29.0,derived (sum of sexes),text
2014,Nagpur,60+,60 years & above,Transgender,0.0,ok,text
2014,Nagpur,all ages,Total,Female,113.0,ok,text
2014,Nagpur,all ages,Total,Male,400.0,ok,text
2014,Nagpur,all ages,Total,Total,513.0,no total,text
2014,Nagpur,all ages,Total,Transgender,0.0,ok,text
2014,Nashik,0-14,below 14 years,Female,1.0,ok,text
2014,Nashik,0-14,below 14 years,Male,0.0,ok,text
2014,Nashik,0-14,below 14 years,Total,1.0,derived (sum of sexes),text
2014,Nashik,0-14,below 14 years,Transgender,0.0,ok,text
2014,Nashik,14-17,14 and above – below 18 years,Female,8.0,ok,text
2014,Nashik,14-17,14 and above – below 18 years,Male,3.0,ok,text
2014,Nashik,14-17,14 and above – below 18 years,Total,11.0,derived (sum of sexes),text
2014,Nashik,14-17,14 and above – below 18 years,Transgender,0.0,ok,text
2014,Nashik,18-29,18 and above – below 30 years,Female,50.0,ok,text
2014,Nashik,18-29,18 and above – below 30 years,Male,73.0,ok,text
2014,Nashik,18-29,18 and above – below 30 years,Total,123.0,derived (sum of sexes),text
2014,Nashik,18-29,18 and above – below 30 years,Transgender,0.0,ok,text
2014,Nashik,30-44,30 and above – below 45 years,Female,16.0,ok,text
2014,Nashik,30-44,30 and above – below 45 years,Male,64.0,ok,text
2014,Nashik,30-44,30 and above – below 45 years,Total,80.0,derived (sum of sexes),text
2014,Nashik,30-44,30 and above – below 45 years,Transgender,0.0,ok,text
2014,Nashik,45-59,45 and above – below 60 years,Female,9.0,ok,text
2014,Nashik,45-59,45 and above – below 60 years,Male,31.0,ok,text
2014,Nashik,45-59,45 and above – below 60 years,Total,40.0,derived (sum of sexes),text
2014,Nashik,45-59,45 and above – below 60 years,Transgender,0.0,ok,text
2014,Nashik,60+,60 years & above,Female,9.0,ok,text
2014,Nashik,60+,60 years & above,Male,11.0,ok,text
2014,Nashik,60+,60 years & above,Total,20.0,derived (sum of sexes),text
2014,Nashik,60+,60 years & above,Transgender,0.0,ok,text
2014,Nashik,all ages,Total,Female,93.0,ok,text
2014,Nashik,all ages,Total,Male,182.0,ok,text
2014,Nashik,all ages,Total,Total,275.0,no total,text
2014,Nashik,all ages,Total,Transgender,0.0,ok,text
2014,Patna,0-14,below 14 years,Female,0.0,ok,text
2014,Patna,0-14,below 14 years,Male,0.0,ok,text
2014,Patna,0-14,below 14 years,Total,0.0,derived (sum of sexes),text
2014,Patna,0-14,below 14 years,Transgender,0.0,ok,text
2014,Patna,14-17,14 and above – below 18 years,Female,2.0,ok,text
2014,Patna,14-17,14 and above – below 18 years,Male,8.0,ok,text
2014,Patna,14-17,14 and above – below 18 years,Total,10.0,derived (sum of sexes),text
2014,Patna,14-17,14 and above – below 18 years,Transgender,0.0,ok,text
2014,Patna,18-29,18 and above – below 30 years,Female,31.0,ok,text
2014,Patna,18-29,18 and above – below 30 years,Male,11.0,ok,text
2014,Patna,18-29,18 and above – below 30 years,Total,42.0,derived (sum of sexes),text
2014,Patna,18-29,18 and above – below 30 years,Transgender,0.0,ok,text
2014,Patna,30-44,30 and above – below 45 years,Female,28.0,ok,text
2014,Patna,30-44,30 and above – below 45 years,Male,7.0,ok,text
2014,Patna,30-44,30 and above – below 45 years,Total,35.0,derived (sum of sexes),text
2014,Patna,30-44,30 and above – below 45 years,Transgender,0.0,ok,text
2014,Patna,45-59,45 and above – below 60 years,Female,0.0,ok,text
2014,Patna,45-59,45 and above – below 60 years,Male,4.0,ok,text
2014,Patna,45-59,45 and above – below 60 years,Total,4.0,derived (sum of sexes),text
2014,Patna,45-59,45 and above – below 60 years,Transgender,0.0,ok,text
2014,Patna,60+,60 years & above,Female,0.0,ok,text
2014,Patna,60+,60 years & above,Male,0.0,ok,text
2014,Patna,60+,60 years & above,Total,0.0,derived (sum of sexes),text
2014,Patna,60+,60 years & above,Transgender,0.0,ok,text
2014,Patna,all ages,Total,Female,61.0,ok,text
2014,Patna,all ages,Total,Male,30.0,ok,text
2014,Patna,all ages,Total,Total,91.0,no total,text
2014,Patna,all ages,Total,Transgender,0.0,ok,text
2014,Pune,0-14,below 14 years,Female,11.0,ok,text
2014,Pune,0-14,below 14 years,Male,3.0,ok,text
2014,Pune,0-14,below 14 years,Total,14.0,derived (sum of sexes),text
2014,Pune,0-14,below 14 years,Transgender,0.0,ok,text
2014,Pune,14-17,14 and above – below 18 years,Female,29.0,ok,text
2014,Pune,14-17,14 and above – below 18 years,Male,19.0,ok,text
2014,Pune,14-17,14 and above – below 18 years,Total,48.0,derived (sum of sexes),text
2014,Pune,14-17,14 and above – below 18 years,Transgender,0.0,ok,text
2014,Pune,18-29,18 and above – below 30 years,Female,112.0,ok,text
2014,Pune,18-29,18 and above – below 30 years,Male,207.0,ok,text
2014,Pune,18-29,18 and above – below 30 years,Total,319.0,derived (sum of sexes),text
2014,Pune,18-29,18 and above – below 30 years,Transgender,0.0,ok,text
2014,Pune,30-44,30 and above – below 45 years,Female,58.0,ok,text
2014,Pune,30-44,30 and above – below 45 years,Male,222.0,ok,text
2014,Pune,30-44,30 and above – below 45 years,Total,280.0,derived (sum of sexes),text
2014,Pune,30-44,30 and above – below 45 years,Transgender,0.0,ok,text
2014,Pune,45-59,45 and above – below 60 years,Female,21.0,ok,text
2014,Pune,45-59,45 and above – below 60 years,Male,129.0,ok,text
2014,Pune,45-59,45 and above – below 60 years,Total,150.0,derived (sum of sexes),text
2014,Pune,45-59,45 and above – below 60 years,Transgender,0.0,ok,text
2014,Pune,60+,60 years & above,Female,13.0,ok,text
2014,Pune,60+,60 years & above,Male,28.0,ok,text
2014,Pune,60+,60 years & above,Total,41.0,derived (sum of sexes),text
2014,Pune,60+,60 years & above,Transgender,0.0,ok,text
2014,Pune,all ages,Total,Female,244.0,ok,text
2014,Pune,all ages,Total,Male,608.0,ok,text
2014,Pune,all ages,Total,Total,852.0,no total,text
2014,Pune,all ages,Total,Transgender,0.0,ok,text
2014,Raipur,0-14,below 14 years,Female,2.0,ok,text
2014,Raipur,0-14,below 14 years,Male,0.0,ok,text
2014,Raipur,0-14,below 14 years,Total,2.0,derived (sum of sexes),text
2014,Raipur,0-14,below 14 years,Transgender,0.0,ok,text
2014,Raipur,14-17,14 and above – below 18 years,Female,13.0,ok,text
2014,Raipur,14-17,14 and above – below 18 years,Male,9.0,ok,text
2014,Raipur,14-17,14 and above – below 18 years,Total,22.0,derived (sum of sexes),text
2014,Raipur,14-17,14 and above – below 18 years,Transgender,0.0,ok,text
2014,Raipur,18-29,18 and above – below 30 years,Female,48.0,ok,text
2014,Raipur,18-29,18 and above – below 30 years,Male,88.0,ok,text
2014,Raipur,18-29,18 and above – below 30 years,Total,136.0,derived (sum of sexes),text
2014,Raipur,18-29,18 and above – below 30 years,Transgender,0.0,ok,text
2014,Raipur,30-44,30 and above – below 45 years,Female,24.0,ok,text
2014,Raipur,30-44,30 and above – below 45 years,Male,61.0,ok,text
2014,Raipur,30-44,30 and above – below 45 years,Total,85.0,derived (sum of sexes),text
2014,Raipur,30-44,30 and above – below 45 years,Transgender,0.0,ok,text
2014,Raipur,45-59,45 and above – below 60 years,Female,9.0,ok,text
2014,Raipur,45-59,45 and above – below 60 years,Male,39.0,ok,text
2014,Raipur,45-59,45 and above – below 60 years,Total,48.0,derived (sum of sexes),text
2014,Raipur,45-59,45 and above – below 60 years,Transgender,0.0,ok,text
2014,Raipur,60+,60 years & above,Female,5.0,ok,text
2014,Raipur,60+,60 years & above,Male,2.0,ok,text
2014,Raipur,60+,60 years & above,Total,7.0,derived (sum of sexes),text
2014,Raipur,60+,60 years & above,Transgender,0.0,ok,text
2014,Raipur,all ages,Total,Female,101.0,ok,text
2014,Raipur,all ages,Total,Male,199.0,ok,text
2014,Raipur,all ages,Total,Total,300.0,no total,text
2014,Raipur,all ages,Total,Transgender,0.0,ok,text
2014,Rajkot,0-14,below 14 years,Female,1.0,ok,text
2014,Rajkot,0-14,below 14 years,Male,3.0,ok,text
2014,Rajkot,0-14,below 14 years,Total,4.0,derived (sum of sexes),text
2014,Rajkot,0-14,below 14 years,Transgender,0.0,ok,text
2014,Rajkot,14-17,14 and above – below 18 years,Female,3.0,ok,text
2014,Rajkot,14-17,14 and above – below 18 years,Male,5.0,ok,text
2014,Rajkot,14-17,14 and above – below 18 years,Total,8.0,derived (sum of sexes),text
2014,Rajkot,14-17,14 and above – below 18 years,Transgender,0.0,ok,text
2014,Rajkot,18-29,18 and above – below 30 years,Female,64.0,ok,text
2014,Rajkot,18-29,18 and above – below 30 years,Male,101.0,ok,text
2014,Rajkot,18-29,18 and above – below 30 years,Total,165.0,derived (sum of sexes),text
2014,Rajkot,18-29,18 and above – below 30 years,Transgender,0.0,ok,text
2014,Rajkot,30-44,30 and above – below 45 years,Female,41.0,ok,text
2014,Rajkot,30-44,30 and above – below 45 years,Male,86.0,ok,text
2014,Rajkot,30-44,30 and above – below 45 years,Total,127.0,derived (sum of sexes),text
2014,Rajkot,30-44,30 and above – below 45 years,Transgender,0.0,ok,text
2014,Rajkot,45-59,45 and above – below 60 years,Female,39.0,ok,text
2014,Rajkot,45-59,45 and above – below 60 years,Male,33.0,ok,text
2014,Rajkot,45-59,45 and above – below 60 years,Total,72.0,derived (sum of sexes),text
2014,Rajkot,45-59,45 and above – below 60 years,Transgender,0.0,ok,text
2014,Rajkot,60+,60 years & above,Female,9.0,ok,text
2014,Rajkot,60+,60 years & above,Male,12.0,ok,text
2014,Rajkot,60+,60 years & above,Total,21.0,derived (sum of sexes),text
2014,Rajkot,60+,60 years & above,Transgender,0.0,ok,text
2014,Rajkot,all ages,Total,Female,157.0,ok,text
2014,Rajkot,all ages,Total,Male,240.0,ok,text
2014,Rajkot,all ages,Total,Total,397.0,no total,text
2014,Rajkot,all ages,Total,Transgender,0.0,ok,text
2014,Ranchi,0-14,below 14 years,Female,0.0,ok,text
2014,Ranchi,0-14,below 14 years,Male,0.0,ok,text
2014,Ranchi,0-14,below 14 years,Total,0.0,derived (sum of sexes),text
2014,Ranchi,0-14,below 14 years,Transgender,0.0,ok,text
2014,Ranchi,14-17,14 and above – below 18 years,Female,44.0,ok,text
2014,Ranchi,14-17,14 and above – below 18 years,Male,29.0,ok,text
2014,Ranchi,14-17,14 and above – below 18 years,Total,73.0,derived (sum of sexes),text
2014,Ranchi,14-17,14 and above – below 18 years,Transgender,0.0,ok,text
2014,Ranchi,18-29,18 and above – below 30 years,Female,20.0,ok,text
2014,Ranchi,18-29,18 and above – below 30 years,Male,11.0,ok,text
2014,Ranchi,18-29,18 and above – below 30 years,Total,31.0,derived (sum of sexes),text
2014,Ranchi,18-29,18 and above – below 30 years,Transgender,0.0,ok,text
2014,Ranchi,30-44,30 and above – below 45 years,Female,0.0,ok,text
2014,Ranchi,30-44,30 and above – below 45 years,Male,0.0,ok,text
2014,Ranchi,30-44,30 and above – below 45 years,Total,0.0,derived (sum of sexes),text
2014,Ranchi,30-44,30 and above – below 45 years,Transgender,0.0,ok,text
2014,Ranchi,45-59,45 and above – below 60 years,Female,0.0,ok,text
2014,Ranchi,45-59,45 and above – below 60 years,Male,0.0,ok,text
2014,Ranchi,45-59,45 and above – below 60 years,Total,0.0,derived (sum of sexes),text
2014,Ranchi,45-59,45 and above – below 60 years,Transgender,0.0,ok,text
2014,Ranchi,60+,60 years & above,Female,0.0,ok,text
2014,Ranchi,60+,60 years & above,Male,0.0,ok,text
2014,Ranchi,60+,60 years & above,Total,0.0,derived (sum of sexes),text
2014,Ranchi,60+,60 years & above,Transgender,0.0,ok,text
2014,Ranchi,all ages,Total,Female,64.0,ok,text
2014,Ranchi,all ages,Total,Male,40.0,ok,text
2014,Ranchi,all ages,Total,Total,104.0,no total,text
2014,Ranchi,all ages,Total,Transgender,0.0,ok,text
2014,Srinagar,0-14,below 14 years,Female,0.0,ok,text
2014,Srinagar,0-14,below 14 years,Male,0.0,ok,text
2014,Srinagar,0-14,below 14 years,Total,0.0,derived (sum of sexes),text
2014,Srinagar,0-14,below 14 years,Transgender,0.0,ok,text
2014,Srinagar,14-17,14 and above – below 18 years,Female,0.0,ok,text
2014,Srinagar,14-17,14 and above – below 18 years,Male,0.0,ok,text
2014,Srinagar,14-17,14 and above – below 18 years,Total,0.0,derived (sum of sexes),text
2014,Srinagar,14-17,14 and above – below 18 years,Transgender,0.0,ok,text
2014,Srinagar,18-29,18 and above – below 30 years,Female,7.0,ok,text
2014,Srinagar,18-29,18 and above – below 30 years,Male,0.0,ok,text
2014,Srinagar,18-29,18 and above – below 30 years,Total,7.0,derived (sum of sexes),text
2014,Srinagar,18-29,18 and above – below 30 years,Transgender,0.0,ok,text
2014,Srinagar,30-44,30 and above – below 45 years,Female,0.0,ok,text
2014,Srinagar,30-44,30 and above – below 45 years,Male,2.0,ok,text
2014,Srinagar,30-44,30 and above – below 45 years,Total,2.0,derived (sum of sexes),text
2014,Srinagar,30-44,30 and above – below 45 years,Transgender,0.0,ok,text
2014,Srinagar,45-59,45 and above – below 60 years,Female,0.0,ok,text
2014,Srinagar,45-59,45 and above – below 60 years,Male,0.0,ok,text
2014,Srinagar,45-59,45 and above – below 60 years,Total,0.0,derived (sum of sexes),text
2014,Srinagar,45-59,45 and above – below 60 years,Transgender,0.0,ok,text
2014,Srinagar,60+,60 years & above,Female,0.0,ok,text
2014,Srinagar,60+,60 years & above,Male,0.0,ok,text
2014,Srinagar,60+,60 years & above,Total,0.0,derived (sum of sexes),text
2014,Srinagar,60+,60 years & above,Transgender,0.0,ok,text
2014,Srinagar,all ages,Total,Female,7.0,ok,text
2014,Srinagar,all ages,Total,Male,2.0,ok,text
2014,Srinagar,all ages,Total,Total,9.0,no total,text
2014,Srinagar,all ages,Total,Transgender,0.0,ok,text
2014,Surat,0-14,below 14 years,Female,5.0,ok,text
2014,Surat,0-14,below 14 years,Male,3.0,ok,text
2014,Surat,0-14,below 14 years,Total,8.0,derived (sum of sexes),text
2014,Surat,0-14,below 14 years,Transgender,0.0,ok,text
2014,Surat,14-17,14 and above – below 18 years,Female,21.0,ok,text
2014,Surat,14-17,14 and above – below 18 years,Male,15.0,ok,text
2014,Surat,14-17,14 and above – below 18 years,Total,36.0,derived (sum of sexes),text
2014,Surat,14-17,14 and above – below 18 years,Transgender,0.0,ok,text
2014,Surat,18-29,18 and above – below 30 years,Female,110.0,ok,text
2014,Surat,18-29,18 and above – below 30 years,Male,140.0,ok,text
2014,Surat,18-29,18 and above – below 30 years,Total,250.0,derived (sum of sexes),text
2014,Surat,18-29,18 and above – below 30 years,Transgender,0.0,ok,text
2014,Surat,30-44,30 and above – below 45 years,Female,61.0,ok,text
2014,Surat,30-44,30 and above – below 45 years,Male,168.0,ok,text
2014,Surat,30-44,30 and above – below 45 years,Total,229.0,derived (sum of sexes),text
2014,Surat,30-44,30 and above – below 45 years,Transgender,0.0,ok,text
2014,Surat,45-59,45 and above – below 60 years,Female,20.0,ok,text
2014,Surat,45-59,45 and above – below 60 years,Male,77.0,ok,text
2014,Surat,45-59,45 and above – below 60 years,Total,97.0,derived (sum of sexes),text
2014,Surat,45-59,45 and above – below 60 years,Transgender,0.0,ok,text
2014,Surat,60+,60 years & above,Female,9.0,ok,text
2014,Surat,60+,60 years & above,Male,25.0,ok,text
2014,Surat,60+,60 years & above,Total,34.0,derived (sum of sexes),text
2014,Surat,60+,60 years & above,Transgender,0.0,ok,text
2014,Surat,all ages,Total,Female,226.0,ok,text
2014,Surat,all ages,Total,Male,428.0,ok,text
2014,Surat,all ages,Total,Total,654.0,no total,text
2014,Surat,all ages,Total,Transgender,0.0,ok,text
2014,Thiruvananthapuram,0-14,below 14 years,Female,1.0,ok,text
2014,Thiruvananthapuram,0-14,below 14 years,Male,0.0,ok,text
2014,Thiruvananthapuram,0-14,below 14 years,Total,1.0,derived (sum of sexes),text
2014,Thiruvananthapuram,0-14,below 14 years,Transgender,0.0,ok,text
2014,Thiruvananthapuram,14-17,14 and above – below 18 years,Female,8.0,ok,text
2014,Thiruvananthapuram,14-17,14 and above – below 18 years,Male,5.0,ok,text
2014,Thiruvananthapuram,14-17,14 and above – below 18 years,Total,13.0,derived (sum of sexes),text
2014,Thiruvananthapuram,14-17,14 and above – below 18 years,Transgender,0.0,ok,text
2014,Thiruvananthapuram,18-29,18 and above – below 30 years,Female,20.0,ok,text
2014,Thiruvananthapuram,18-29,18 and above – below 30 years,Male,52.0,ok,text
2014,Thiruvananthapuram,18-29,18 and above – below 30 years,Total,72.0,derived (sum of sexes),text
2014,Thiruvananthapuram,18-29,18 and above – below 30 years,Transgender,0.0,ok,text
2014,Thiruvananthapuram,30-44,30 and above – below 45 years,Female,16.0,ok,text
2014,Thiruvananthapuram,30-44,30 and above – below 45 years,Male,70.0,ok,text
2014,Thiruvananthapuram,30-44,30 and above – below 45 years,Total,86.0,derived (sum of sexes),text
2014,Thiruvananthapuram,30-44,30 and above – below 45 years,Transgender,0.0,ok,text
2014,Thiruvananthapuram,45-59,45 and above – below 60 years,Female,13.0,ok,text
2014,Thiruvananthapuram,45-59,45 and above – below 60 years,Male,79.0,ok,text
2014,Thiruvananthapuram,45-59,45 and above – below 60 years,Total,92.0,derived (sum of sexes),text
2014,Thiruvananthapuram,45-59,45 and above – below 60 years,Transgender,0.0,ok,text
2014,Thiruvananthapuram,60+,60 years & above,Female,13.0,ok,text
2014,Thiruvananthapuram,60+,60 years & above,Male,50.0,ok,text
2014,Thiruvananthapuram,60+,60 years & above,Total,63.0,derived (sum of sexes),text
2014,Thiruvananthapuram,60+,60 years & above,Transgender,0.0,ok,text
2014,Thiruvananthapuram,all ages,Total,Female,71.0,ok,text
2014,Thiruvananthapuram,all ages,Total,Male,256.0,ok,text
2014,Thiruvananthapuram,all ages,Total,Total,327.0,no total,text
2014,Thiruvananthapuram,all ages,Total,Transgender,0.0,ok,text
2014,Thrissur,0-14,below 14 years,Female,0.0,ok,text
2014,Thrissur,0-14,below 14 years,Male,0.0,ok,text
2014,Thrissur,0-14,below 14 years,Total,0.0,derived (sum of sexes),text
2014,Thrissur,0-14,below 14 years,Transgender,0.0,ok,text
2014,Thrissur,14-17,14 and above – below 18 years,Female,3.0,ok,text
2014,Thrissur,14-17,14 and above – below 18 years,Male,1.0,ok,text
2014,Thrissur,14-17,14 and above – below 18 years,Total,4.0,derived (sum of sexes),text
2014,Thrissur,14-17,14 and above – below 18 years,Transgender,0.0,ok,text
2014,Thrissur,18-29,18 and above – below 30 years,Female,9.0,ok,text
2014,Thrissur,18-29,18 and above – below 30 years,Male,21.0,ok,text
2014,Thrissur,18-29,18 and above – below 30 years,Total,30.0,derived (sum of sexes),text
2014,Thrissur,18-29,18 and above – below 30 years,Transgender,0.0,ok,text
2014,Thrissur,30-44,30 and above – below 45 years,Female,9.0,ok,text
2014,Thrissur,30-44,30 and above – below 45 years,Male,48.0,ok,text
2014,Thrissur,30-44,30 and above – below 45 years,Total,57.0,derived (sum of sexes),text
2014,Thrissur,30-44,30 and above – below 45 years,Transgender,0.0,ok,text
2014,Thrissur,45-59,45 and above – below 60 years,Female,12.0,ok,text
2014,Thrissur,45-59,45 and above – below 60 years,Male,69.0,ok,text
2014,Thrissur,45-59,45 and above – below 60 years,Total,81.0,derived (sum of sexes),text
2014,Thrissur,45-59,45 and above – below 60 years,Transgender,0.0,ok,text
2014,Thrissur,60+,60 years & above,Female,18.0,ok,text
2014,Thrissur,60+,60 years & above,Male,43.0,ok,text
2014,Thrissur,60+,60 years & above,Total,61.0,derived (sum of sexes),text
2014,Thrissur,60+,60 years & above,Transgender,0.0,ok,text
2014,Thrissur,all ages,Total,Female,51.0,ok,text
2014,Thrissur,all ages,Total,Male,182.0,ok,text
2014,Thrissur,all ages,Total,Total,233.0,no total,text
2014,Thrissur,all ages,Total,Transgender,0.0,ok,text
2014,Tiruchirappalli,0-14,below 14 years,Female,0.0,ok,text
2014,Tiruchirappalli,0-14,below 14 years,Male,0.0,ok,text
2014,Tiruchirappalli,0-14,below 14 years,Total,0.0,derived (sum of sexes),text
2014,Tiruchirappalli,0-14,below 14 years,Transgender,0.0,ok,text
2014,Tiruchirappalli,14-17,14 and above – below 18 years,Female,5.0,ok,text
2014,Tiruchirappalli,14-17,14 and above – below 18 years,Male,4.0,ok,text
2014,Tiruchirappalli,14-17,14 and above – below 18 years,Total,9.0,derived (sum of sexes),text
2014,Tiruchirappalli,14-17,14 and above – below 18 years,Transgender,0.0,ok,text
2014,Tiruchirappalli,18-29,18 and above – below 30 years,Female,7.0,ok,text
2014,Tiruchirappalli,18-29,18 and above – below 30 years,Male,30.0,ok,text
2014,Tiruchirappalli,18-29,18 and above – below 30 years,Total,37.0,derived (sum of sexes),text
2014,Tiruchirappalli,18-29,18 and above – below 30 years,Transgender,0.0,ok,text
2014,Tiruchirappalli,30-44,30 and above – below 45 years,Female,9.0,ok,text
2014,Tiruchirappalli,30-44,30 and above – below 45 years,Male,28.0,ok,text
2014,Tiruchirappalli,30-44,30 and above – below 45 years,Total,37.0,derived (sum of sexes),text
2014,Tiruchirappalli,30-44,30 and above – below 45 years,Transgender,0.0,ok,text
2014,Tiruchirappalli,45-59,45 and above – below 60 years,Female,16.0,ok,text
2014,Tiruchirappalli,45-59,45 and above – below 60 years,Male,22.0,ok,text
2014,Tiruchirappalli,45-59,45 and above – below 60 years,Total,38.0,derived (sum of sexes),text
2014,Tiruchirappalli,45-59,45 and above – below 60 years,Transgender,0.0,ok,text
2014,Tiruchirappalli,60+,60 years & above,Female,6.0,ok,text
2014,Tiruchirappalli,60+,60 years & above,Male,12.0,ok,text
2014,Tiruchirappalli,60+,60 years & above,Total,18.0,derived (sum of sexes),text
2014,Tiruchirappalli,60+,60 years & above,Transgender,0.0,ok,text
2014,Tiruchirappalli,all ages,Total,Female,43.0,ok,text
2014,Tiruchirappalli,all ages,Total,Male,96.0,ok,text
2014,Tiruchirappalli,all ages,Total,Total,139.0,no total,text
2014,Tiruchirappalli,all ages,Total,Transgender,0.0,ok,text
2014,Vadodara,0-14,below 14 years,Female,0.0,ok,text
2014,Vadodara,0-14,below 14 years,Male,0.0,ok,text
2014,Vadodara,0-14,below 14 years,Total,0.0,derived (sum of sexes),text
2014,Vadodara,0-14,below 14 years,Transgender,0.0,ok,text
2014,Vadodara,14-17,14 and above – below 18 years,Female,13.0,ok,text
2014,Vadodara,14-17,14 and above – below 18 years,Male,10.0,ok,text
2014,Vadodara,14-17,14 and above – below 18 years,Total,23.0,derived (sum of sexes),text
2014,Vadodara,14-17,14 and above – below 18 years,Transgender,0.0,ok,text
2014,Vadodara,18-29,18 and above – below 30 years,Female,23.0,ok,text
2014,Vadodara,18-29,18 and above – below 30 years,Male,59.0,ok,text
2014,Vadodara,18-29,18 and above – below 30 years,Total,82.0,derived (sum of sexes),text
2014,Vadodara,18-29,18 and above – below 30 years,Transgender,0.0,ok,text
2014,Vadodara,30-44,30 and above – below 45 years,Female,19.0,ok,text
2014,Vadodara,30-44,30 and above – below 45 years,Male,47.0,ok,text
2014,Vadodara,30-44,30 and above – below 45 years,Total,66.0,derived (sum of sexes),text
2014,Vadodara,30-44,30 and above – below 45 years,Transgender,0.0,ok,text
2014,Vadodara,45-59,45 and above – below 60 years,Female,12.0,ok,text
2014,Vadodara,45-59,45 and above – below 60 years,Male,31.0,ok,text
2014,Vadodara,45-59,45 and above – below 60 years,Total,43.0,derived (sum of sexes),text
2014,Vadodara,45-59,45 and above – below 60 years,Transgender,0.0,ok,text
2014,Vadodara,60+,60 years & above,Female,6.0,ok,text
2014,Vadodara,60+,60 years & above,Male,5.0,ok,text
2014,Vadodara,60+,60 years & above,Total,11.0,derived (sum of sexes),text
2014,Vadodara,60+,60 years & above,Transgender,0.0,ok,text
2014,Vadodara,all ages,Total,Female,73.0,ok,text
2014,Vadodara,all ages,Total,Male,152.0,ok,text
2014,Vadodara,all ages,Total,Total,225.0,no total,text
2014,Vadodara,all ages,Total,Transgender,0.0,ok,text
2014,Varanasi,0-14,below 14 years,Female,0.0,ok,text
2014,Varanasi,0-14,below 14 years,Male,1.0,ok,text
2014,Varanasi,0-14,below 14 years,Total,1.0,derived (sum of sexes),text
2014,Varanasi,0-14,below 14 years,Transgender,0.0,ok,text
2014,Varanasi,14-17,14 and above – below 18 years,Female,2.0,ok,text
2014,Varanasi,14-17,14 and above – below 18 years,Male,5.0,ok,text
2014,Varanasi,14-17,14 and above – below 18 years,Total,7.0,derived (sum of sexes),text
2014,Varanasi,14-17,14 and above – below 18 years,Transgender,0.0,ok,text
2014,Varanasi,18-29,18 and above – below 30 years,Female,22.0,ok,text
2014,Varanasi,18-29,18 and above – below 30 years,Male,23.0,ok,text
2014,Varanasi,18-29,18 and above – below 30 years,Total,45.0,derived (sum of sexes),text
2014,Varanasi,18-29,18 and above – below 30 years,Transgender,0.0,ok,text
2014,Varanasi,30-44,30 and above – below 45 years,Female,2.0,ok,text
2014,Varanasi,30-44,30 and above – below 45 years,Male,11.0,ok,text
2014,Varanasi,30-44,30 and above – below 45 years,Total,13.0,derived (sum of sexes),text
2014,Varanasi,30-44,30 and above – below 45 years,Transgender,0.0,ok,text
2014,Varanasi,45-59,45 and above – below 60 years,Female,2.0,ok,text
2014,Varanasi,45-59,45 and above – below 60 years,Male,10.0,ok,text
2014,Varanasi,45-59,45 and above – below 60 years,Total,12.0,derived (sum of sexes),text
2014,Varanasi,45-59,45 and above – below 60 years,Transgender,0.0,ok,text
2014,Varanasi,60+,60 years & above,Female,2.0,ok,text
2014,Varanasi,60+,60 years & above,Male,6.0,ok,text
2014,Varanasi,60+,60 years & above,Total,8.0,derived (sum of sexes),text
2014,Varanasi,60+,60 years & above,Transgender,0.0,ok,text
2014,Varanasi,all ages,Total,Female,30.0,ok,text
2014,Varanasi,all ages,Total,Male,56.0,ok,text
2014,Varanasi,all ages,Total,Total,86.0,no total,text
2014,Varanasi,all ages,Total,Transgender,0.0,ok,text
2014,Vasai Virar,0-14,below 14 years,Female,1.0,ok,text
2014,Vasai Virar,0-14,below 14 years,Male,3.0,ok,text
2014,Vasai Virar,0-14,below 14 years,Total,4.0,derived (sum of sexes),text
2014,Vasai Virar,0-14,below 14 years,Transgender,0.0,ok,text
2014,Vasai Virar,14-17,14 and above – below 18 years,Female,6.0,ok,text
2014,Vasai Virar,14-17,14 and above – below 18 years,Male,2.0,ok,text
2014,Vasai Virar,14-17,14 and above – below 18 years,Total,8.0,derived (sum of sexes),text
2014,Vasai Virar,14-17,14 and above – below 18 years,Transgender,0.0,ok,text
2014,Vasai Virar,18-29,18 and above – below 30 years,Female,32.0,ok,text
2014,Vasai Virar,18-29,18 and above – below 30 years,Male,50.0,ok,text
2014,Vasai Virar,18-29,18 and above – below 30 years,Total,83.0,derived (sum of sexes),text
2014,Vasai Virar,18-29,18 and above – below 30 years,Transgender,1.0,ok,text
2014,Vasai Virar,30-44,30 and above – below 45 years,Female,21.0,ok,text
2014,Vasai Virar,30-44,30 and above – below 45 years,Male,42.0,ok,text
2014,Vasai Virar,30-44,30 and above – below 45 years,Total,63.0,derived (sum of sexes),text
2014,Vasai Virar,30-44,30 and above – below 45 years,Transgender,0.0,ok,text
2014,Vasai Virar,45-59,45 and above – below 60 years,Female,9.0,ok,text
2014,Vasai Virar,45-59,45 and above – below 60 years,Male,23.0,ok,text
2014,Vasai Virar,45-59,45 and above – below 60 years,Total,32.0,derived (sum of sexes),text
2014,Vasai Virar,45-59,45 and above – below 60 years,Transgender,0.0,ok,text
2014,Vasai Virar,60+,60 years & above,Female,2.0,ok,text
2014,Vasai Virar,60+,60 years & above,Male,8.0,ok,text
2014,Vasai Virar,60+,60 years & above,Total,10.0,derived (sum of sexes),text
2014,Vasai Virar,60+,60 years & above,Transgender,0.0,ok,text
2014,Vasai Virar,all ages,Total,Female,71.0,ok,text
2014,Vasai Virar,all ages,Total,Male,128.0,ok,text
2014,Vasai Virar,all ages,Total,Total,200.0,no total,text
2014,Vasai Virar,all ages,Total,Transgender,1.0,ok,text
2014,Vijayawada,0-14,below 14 years,Female,0.0,ok,text
2014,Vijayawada,0-14,below 14 years,Male,0.0,ok,text
2014,Vijayawada,0-14,below 14 years,Total,0.0,derived (sum of sexes),text
2014,Vijayawada,0-14,below 14 years,Transgender,0.0,ok,text
2014,Vijayawada,14-17,14 and above – below 18 years,Female,3.0,ok,text
2014,Vijayawada,14-17,14 and above – below 18 years,Male,5.0,ok,text
2014,Vijayawada,14-17,14 and above – below 18 years,Total,8.0,derived (sum of sexes),text
2014,Vijayawada,14-17,14 and above – below 18 years,Transgender,0.0,ok,text
2014,Vijayawada,18-29,18 and above – below 30 years,Female,42.0,ok,text
2014,Vijayawada,18-29,18 and above – below 30 years,Male,67.0,ok,text
2014,Vijayawada,18-29,18 and above – below 30 years,Total,109.0,derived (sum of sexes),text
2014,Vijayawada,18-29,18 and above – below 30 years,Transgender,0.0,ok,text
2014,Vijayawada,30-44,30 and above – below 45 years,Female,24.0,ok,text
2014,Vijayawada,30-44,30 and above – below 45 years,Male,87.0,ok,text
2014,Vijayawada,30-44,30 and above – below 45 years,Total,111.0,derived (sum of sexes),text
2014,Vijayawada,30-44,30 and above – below 45 years,Transgender,0.0,ok,text
2014,Vijayawada,45-59,45 and above – below 60 years,Female,10.0,ok,text
2014,Vijayawada,45-59,45 and above – below 60 years,Male,35.0,ok,text
2014,Vijayawada,45-59,45 and above – below 60 years,Total,45.0,derived (sum of sexes),text
2014,Vijayawada,45-59,45 and above – below 60 years,Transgender,0.0,ok,text
2014,Vijayawada,60+,60 years & above,Female,5.0,ok,text
2014,Vijayawada,60+,60 years & above,Male,11.0,ok,text
2014,Vijayawada,60+,60 years & above,Total,16.0,derived (sum of sexes),text
2014,Vijayawada,60+,60 years & above,Transgender,0.0,ok,text
2014,Vijayawada,all ages,Total,Female,84.0,ok,text
2014,Vijayawada,all ages,Total,Male,205.0,ok,text
2014,Vijayawada,all ages,Total,Total,289.0,no total,text
2014,Vijayawada,all ages,Total,Transgender,0.0,ok,text
2014,Visakhapatnam,0-14,below 14 years,Female,1.0,ok,text
2014,Visakhapatnam,0-14,below 14 years,Male,0.0,ok,text
2014,Visakhapatnam,0-14,below 14 years,Total,1.0,derived (sum of sexes),text
2014,Visakhapatnam,0-14,below 14 years,Transgender,0.0,ok,text
2014,Visakhapatnam,14-17,14 and above – below 18 years,Female,3.0,ok,text
2014,Visakhapatnam,14-17,14 and above – below 18 years,Male,4.0,ok,text
2014,Visakhapatnam,14-17,14 and above – below 18 years,Total,7.0,derived (sum of sexes),text
2014,Visakhapatnam,14-17,14 and above – below 18 years,Transgender,0.0,ok,text
2014,Visakhapatnam,18-29,18 and above – below 30 years,Female,19.0,ok,text
2014,Visakhapatnam,18-29,18 and above – below 30 years,Male,42.0,ok,text
2014,Visakhapatnam,18-29,18 and above – below 30 years,Total,61.0,derived (sum of sexes),text
2014,Visakhapatnam,18-29,18 and above – below 30 years,Transgender,0.0,ok,text
2014,Visakhapatnam,30-44,30 and above – below 45 years,Female,16.0,ok,text
2014,Visakhapatnam,30-44,30 and above – below 45 years,Male,70.0,ok,text
2014,Visakhapatnam,30-44,30 and above – below 45 years,Total,86.0,derived (sum of sexes),text
2014,Visakhapatnam,30-44,30 and above – below 45 years,Transgender,0.0,ok,text
2014,Visakhapatnam,45-59,45 and above – below 60 years,Female,15.0,ok,text
2014,Visakhapatnam,45-59,45 and above – below 60 years,Male,19.0,ok,text
2014,Visakhapatnam,45-59,45 and above – below 60 years,Total,34.0,derived (sum of sexes),text
2014,Visakhapatnam,45-59,45 and above – below 60 years,Transgender,0.0,ok,text
2014,Visakhapatnam,60+,60 years & above,Female,2.0,ok,text
2014,Visakhapatnam,60+,60 years & above,Male,17.0,ok,text
2014,Visakhapatnam,60+,60 years & above,Total,19.0,derived (sum of sexes),text
2014,Visakhapatnam,60+,60 years & above,Transgender,0.0,ok,text
2014,Visakhapatnam,all ages,Total,Female,56.0,ok,text
2014,Visakhapatnam,all ages,Total,Male,152.0,ok,text
2014,Visakhapatnam,all ages,Total,Total,208.0,no total,text
2014,Visakhapatnam,all ages,Total,Transgender,0.0,ok,text
2015,Agra,0-14,below 14 years,Female,0.0,ok,text
2015,Agra,0-14,below 14 years,Male,0.0,ok,text
2015,Agra,0-14,below 14 years,Total,0.0,derived (sum of sexes),text
2015,Agra,0-14,below 14 years,Transgender,0.0,ok,text
2015,Agra,14-17,14 and above – below 18 years,Female,2.0,ok,text
2015,Agra,14-17,14 and above – below 18 years,Male,4.0,ok,text
2015,Agra,14-17,14 and above – below 18 years,Total,6.0,derived (sum of sexes),text
2015,Agra,14-17,14 and above – below 18 years,Transgender,0.0,ok,text
2015,Agra,18-29,18 and above – below 30 years,Female,25.0,ok,text
2015,Agra,18-29,18 and above – below 30 years,Male,36.0,ok,text
2015,Agra,18-29,18 and above – below 30 years,Total,61.0,derived (sum of sexes),text
2015,Agra,18-29,18 and above – below 30 years,Transgender,0.0,ok,text
2015,Agra,30-44,30 and above – below 45 years,Female,12.0,ok,text
2015,Agra,30-44,30 and above – below 45 years,Male,30.0,ok,text
2015,Agra,30-44,30 and above – below 45 years,Total,42.0,derived (sum of sexes),text
2015,Agra,30-44,30 and above – below 45 years,Transgender,0.0,ok,text
2015,Agra,45-59,45 and above – below 60 years,Female,2.0,ok,text
2015,Agra,45-59,45 and above – below 60 years,Male,5.0,ok,text
2015,Agra,45-59,45 and above – below 60 years,Total,7.0,derived (sum of sexes),text
2015,Agra,45-59,45 and above – below 60 years,Transgender,0.0,ok,text
2015,Agra,60+,60 years & above,Female,0.0,ok,text
2015,Agra,60+,60 years & above,Male,0.0,ok,text
2015,Agra,60+,60 years & above,Total,0.0,derived (sum of sexes),text
2015,Agra,60+,60 years & above,Transgender,0.0,ok,text
2015,Agra,all ages,Total,Female,41.0,ok,text
2015,Agra,all ages,Total,Male,75.0,ok,text
2015,Agra,all ages,Total,Total,116.0,no total,text
2015,Agra,all ages,Total,Transgender,0.0,ok,text
2015,Ahmedabad,0-14,below 14 years,Female,6.0,ok,text
2015,Ahmedabad,0-14,below 14 years,Male,0.0,ok,text
2015,Ahmedabad,0-14,below 14 years,Total,6.0,derived (sum of sexes),text
2015,Ahmedabad,0-14,below 14 years,Transgender,0.0,ok,text
2015,Ahmedabad,14-17,14 and above – below 18 years,Female,50.0,ok,text
2015,Ahmedabad,14-17,14 and above – below 18 years,Male,21.0,ok,text
2015,Ahmedabad,14-17,14 and above – below 18 years,Total,71.0,derived (sum of sexes),text
2015,Ahmedabad,14-17,14 and above – below 18 years,Transgender,0.0,ok,text
2015,Ahmedabad,18-29,18 and above – below 30 years,Female,117.0,ok,text
2015,Ahmedabad,18-29,18 and above – below 30 years,Male,214.0,ok,text
2015,Ahmedabad,18-29,18 and above – below 30 years,Total,331.0,derived (sum of sexes),text
2015,Ahmedabad,18-29,18 and above – below 30 years,Transgender,0.0,ok,text
2015,Ahmedabad,30-44,30 and above – below 45 years,Female,59.0,ok,text
2015,Ahmedabad,30-44,30 and above – below 45 years,Male,238.0,ok,text
2015,Ahmedabad,30-44,30 and above – below 45 years,Total,297.0,derived (sum of sexes),text
2015,Ahmedabad,30-44,30 and above – below 45 years,Transgender,0.0,ok,text
2015,Ahmedabad,45-59,45 and above – below 60 years,Female,26.0,ok,text
2015,Ahmedabad,45-59,45 and above – below 60 years,Male,88.0,ok,text
2015,Ahmedabad,45-59,45 and above – below 60 years,Total,114.0,derived (sum of sexes),text
2015,Ahmedabad,45-59,45 and above – below 60 years,Transgender,0.0,ok,text
2015,Ahmedabad,60+,60 years & above,Female,16.0,ok,text
2015,Ahmedabad,60+,60 years & above,Male,34.0,ok,text
2015,Ahmedabad,60+,60 years & above,Total,50.0,derived (sum of sexes),text
2015,Ahmedabad,60+,60 years & above,Transgender,0.0,ok,text
2015,Ahmedabad,all ages,Total,Female,274.0,ok,text
2015,Ahmedabad,all ages,Total,Male,595.0,ok,text
2015,Ahmedabad,all ages,Total,Total,869.0,no total,text
2015,Ahmedabad,all ages,Total,Transgender,0.0,ok,text
2015,Prayagraj,0-14,below 14 years,Female,0.0,ok,text
2015,Prayagraj,0-14,below 14 years,Male,0.0,ok,text
2015,Prayagraj,0-14,below 14 years,Total,0.0,derived (sum of sexes),text
2015,Prayagraj,0-14,below 14 years,Transgender,0.0,ok,text
2015,Prayagraj,14-17,14 and above – below 18 years,Female,6.0,ok,text
2015,Prayagraj,14-17,14 and above – below 18 years,Male,3.0,ok,text
2015,Prayagraj,14-17,14 and above – below 18 years,Total,9.0,derived (sum of sexes),text
2015,Prayagraj,14-17,14 and above – below 18 years,Transgender,0.0,ok,text
2015,Prayagraj,18-29,18 and above – below 30 years,Female,21.0,ok,text
2015,Prayagraj,18-29,18 and above – below 30 years,Male,23.0,ok,text
2015,Prayagraj,18-29,18 and above – below 30 years,Total,44.0,derived (sum of sexes),text
2015,Prayagraj,18-29,18 and above – below 30 years,Transgender,0.0,ok,text
2015,Prayagraj,30-44,30 and above – below 45 years,Female,5.0,ok,text
2015,Prayagraj,30-44,30 and above – below 45 years,Male,21.0,ok,text
2015,Prayagraj,30-44,30 and above – below 45 years,Total,26.0,derived (sum of sexes),text
2015,Prayagraj,30-44,30 and above – below 45 years,Transgender,0.0,ok,text
2015,Prayagraj,45-59,45 and above – below 60 years,Female,2.0,ok,text
2015,Prayagraj,45-59,45 and above – below 60 years,Male,16.0,ok,text
2015,Prayagraj,45-59,45 and above – below 60 years,Total,18.0,derived (sum of sexes),text
2015,Prayagraj,45-59,45 and above – below 60 years,Transgender,0.0,ok,text
2015,Prayagraj,60+,60 years & above,Female,0.0,ok,text
2015,Prayagraj,60+,60 years & above,Male,1.0,ok,text
2015,Prayagraj,60+,60 years & above,Total,1.0,derived (sum of sexes),text
2015,Prayagraj,60+,60 years & above,Transgender,0.0,ok,text
2015,Prayagraj,all ages,Total,Female,34.0,ok,text
2015,Prayagraj,all ages,Total,Male,64.0,ok,text
2015,Prayagraj,all ages,Total,Total,98.0,no total,text
2015,Prayagraj,all ages,Total,Transgender,0.0,ok,text
2015,Amritsar,0-14,below 14 years,Female,0.0,ok,text
2015,Amritsar,0-14,below 14 years,Male,0.0,ok,text
2015,Amritsar,0-14,below 14 years,Total,0.0,derived (sum of sexes),text
2015,Amritsar,0-14,below 14 years,Transgender,0.0,ok,text
2015,Amritsar,14-17,14 and above – below 18 years,Female,1.0,ok,text
2015,Amritsar,14-17,14 and above – below 18 years,Male,0.0,ok,text
2015,Amritsar,14-17,14 and above – below 18 years,Total,1.0,derived (sum of sexes),text
2015,Amritsar,14-17,14 and above – below 18 years,Transgender,0.0,ok,text
2015,Amritsar,18-29,18 and above – below 30 years,Female,5.0,ok,text
2015,Amritsar,18-29,18 and above – below 30 years,Male,9.0,ok,text
2015,Amritsar,18-29,18 and above – below 30 years,Total,14.0,derived (sum of sexes),text
2015,Amritsar,18-29,18 and above – below 30 years,Transgender,0.0,ok,text
2015,Amritsar,30-44,30 and above – below 45 years,Female,4.0,ok,text
2015,Amritsar,30-44,30 and above – below 45 years,Male,17.0,ok,text
2015,Amritsar,30-44,30 and above – below 45 years,Total,21.0,derived (sum of sexes),text
2015,Amritsar,30-44,30 and above – below 45 years,Transgender,0.0,ok,text
2015,Amritsar,45-59,45 and above – below 60 years,Female,0.0,ok,text
2015,Amritsar,45-59,45 and above – below 60 years,Male,5.0,ok,text
2015,Amritsar,45-59,45 and above – below 60 years,Total,5.0,derived (sum of sexes),text
2015,Amritsar,45-59,45 and above – below 60 years,Transgender,0.0,ok,text
2015,Amritsar,60+,60 years & above,Female,0.0,ok,text
2015,Amritsar,60+,60 years & above,Male,1.0,ok,text
2015,Amritsar,60+,60 years & above,Total,1.0,derived (sum of sexes),text
2015,Amritsar,60+,60 years & above,Transgender,0.0,ok,text
2015,Amritsar,all ages,Total,Female,10.0,ok,text
2015,Amritsar,all ages,Total,Male,32.0,ok,text
2015,Amritsar,all ages,Total,Total,42.0,no total,text
2015,Amritsar,all ages,Total,Transgender,0.0,ok,text
2015,Asansol,0-14,below 14 years,Female,0.0,ok,text
2015,Asansol,0-14,below 14 years,Male,0.0,ok,text
2015,Asansol,0-14,below 14 years,Total,0.0,derived (sum of sexes),text
2015,Asansol,0-14,below 14 years,Transgender,0.0,ok,text
2015,Asansol,14-17,14 and above – below 18 years,Female,17.0,ok,text
2015,Asansol,14-17,14 and above – below 18 years,Male,13.0,ok,text
2015,Asansol,14-17,14 and above – below 18 years,Total,30.0,derived (sum of sexes),text
2015,Asansol,14-17,14 and above – below 18 years,Transgender,0.0,ok,text
2015,Asansol,18-29,18 and above – below 30 years,Female,98.0,ok,text
2015,Asansol,18-29,18 and above – below 30 years,Male,125.0,ok,text
2015,Asansol,18-29,18 and above – below 30 years,Total,223.0,derived (sum of sexes),text
2015,Asansol,18-29,18 and above – below 30 years,Transgender,0.0,ok,text
2015,Asansol,30-44,30 and above – below 45 years,Female,33.0,ok,text
2015,Asansol,30-44,30 and above – below 45 years,Male,38.0,ok,text
2015,Asansol,30-44,30 and above – below 45 years,Total,71.0,derived (sum of sexes),text
2015,Asansol,30-44,30 and above – below 45 years,Transgender,0.0,ok,text
2015,Asansol,45-59,45 and above – below 60 years,Female,0.0,ok,text
2015,Asansol,45-59,45 and above – below 60 years,Male,8.0,ok,text
2015,Asansol,45-59,45 and above – below 60 years,Total,8.0,derived (sum of sexes),text
2015,Asansol,45-59,45 and above – below 60 years,Transgender,0.0,ok,text
2015,Asansol,60+,60 years & above,Female,0.0,ok,text
2015,Asansol,60+,60 years & above,Male,9.0,ok,text
2015,Asansol,60+,60 years & above,Total,9.0,derived (sum of sexes),text
2015,Asansol,60+,60 years & above,Transgender,0.0,ok,text
2015,Asansol,all ages,Total,Female,148.0,ok,text
2015,Asansol,all ages,Total,Male,193.0,ok,text
2015,Asansol,all ages,Total,Total,341.0,no total,text
2015,Asansol,all ages,Total,Transgender,0.0,ok,text
2015,Chhatrapati Sambhajinagar,0-14,below 14 years,Female,0.0,ok,text
2015,Chhatrapati Sambhajinagar,0-14,below 14 years,Male,0.0,ok,text
2015,Chhatrapati Sambhajinagar,0-14,below 14 years,Total,0.0,derived (sum of sexes),text
2015,Chhatrapati Sambhajinagar,0-14,below 14 years,Transgender,0.0,ok,text
2015,Chhatrapati Sambhajinagar,14-17,14 and above – below 18 years,Female,2.0,ok,text
2015,Chhatrapati Sambhajinagar,14-17,14 and above – below 18 years,Male,0.0,ok,text
2015,Chhatrapati Sambhajinagar,14-17,14 and above – below 18 years,Total,2.0,derived (sum of sexes),text
2015,Chhatrapati Sambhajinagar,14-17,14 and above – below 18 years,Transgender,0.0,ok,text
2015,Chhatrapati Sambhajinagar,18-29,18 and above – below 30 years,Female,15.0,ok,text
2015,Chhatrapati Sambhajinagar,18-29,18 and above – below 30 years,Male,63.0,ok,text
2015,Chhatrapati Sambhajinagar,18-29,18 and above – below 30 years,Total,78.0,derived (sum of sexes),text
2015,Chhatrapati Sambhajinagar,18-29,18 and above – below 30 years,Transgender,0.0,ok,text
2015,Chhatrapati Sambhajinagar,30-44,30 and above – below 45 years,Female,3.0,ok,text
2015,Chhatrapati Sambhajinagar,30-44,30 and above – below 45 years,Male,46.0,ok,text
2015,Chhatrapati Sambhajinagar,30-44,30 and above – below 45 years,Total,49.0,derived (sum of sexes),text
2015,Chhatrapati Sambhajinagar,30-44,30 and above – below 45 years,Transgender,0.0,ok,text
2015,Chhatrapati Sambhajinagar,45-59,45 and above – below 60 years,Female,5.0,ok,text
2015,Chhatrapati Sambhajinagar,45-59,45 and above – below 60 years,Male,22.0,ok,text
2015,Chhatrapati Sambhajinagar,45-59,45 and above – below 60 years,Total,27.0,derived (sum of sexes),text
2015,Chhatrapati Sambhajinagar,45-59,45 and above – below 60 years,Transgender,0.0,ok,text
2015,Chhatrapati Sambhajinagar,60+,60 years & above,Female,0.0,ok,text
2015,Chhatrapati Sambhajinagar,60+,60 years & above,Male,5.0,ok,text
2015,Chhatrapati Sambhajinagar,60+,60 years & above,Total,5.0,derived (sum of sexes),text
2015,Chhatrapati Sambhajinagar,60+,60 years & above,Transgender,0.0,ok,text
2015,Chhatrapati Sambhajinagar,all ages,Total,Female,25.0,ok,text
2015,Chhatrapati Sambhajinagar,all ages,Total,Male,136.0,ok,text
2015,Chhatrapati Sambhajinagar,all ages,Total,Total,161.0,no total,text
2015,Chhatrapati Sambhajinagar,all ages,Total,Transgender,0.0,ok,text
2015,Bengaluru,0-14,below 14 years,Female,15.0,ok,text
2015,Bengaluru,0-14,below 14 years,Male,6.0,ok,text
2015,Bengaluru,0-14,below 14 years,Total,21.0,derived (sum of sexes),text
2015,Bengaluru,0-14,below 14 years,Transgender,0.0,ok,text
2015,Bengaluru,14-17,14 and above – below 18 years,Female,49.0,ok,text
2015,Bengaluru,14-17,14 and above – below 18 years,Male,49.0,ok,text
2015,Bengaluru,14-17,14 and above – below 18 years,Total,98.0,derived (sum of sexes),text
2015,Bengaluru,14-17,14 and above – below 18 years,Transgender,0.0,ok,text
2015,Bengaluru,18-29,18 and above – below 30 years,Female,299.0,ok,text
2015,Bengaluru,18-29,18 and above – below 30 years,Male,438.0,ok,text
2015,Bengaluru,18-29,18 and above – below 30 years,Total,737.0,derived (sum of sexes),text
2015,Bengaluru,18-29,18 and above – below 30 years,Transgender,0.0,ok,text
2015,Bengaluru,30-44,30 and above – below 45 years,Female,162.0,ok,text
2015,Bengaluru,30-44,30 and above – below 45 years,Male,479.0,ok,text
2015,Bengaluru,30-44,30 and above – below 45 years,Total,641.0,derived (sum of sexes),text
2015,Bengaluru,30-44,30 and above – below 45 years,Transgender,0.0,ok,text
2015,Bengaluru,45-59,45 and above – below 60 years,Female,61.0,ok,text
2015,Bengaluru,45-59,45 and above – below 60 years,Male,199.0,ok,text
2015,Bengaluru,45-59,45 and above – below 60 years,Total,260.0,derived (sum of sexes),text
2015,Bengaluru,45-59,45 and above – below 60 years,Transgender,0.0,ok,text
2015,Bengaluru,60+,60 years & above,Female,32.0,ok,text
2015,Bengaluru,60+,60 years & above,Male,66.0,ok,text
2015,Bengaluru,60+,60 years & above,Total,98.0,derived (sum of sexes),text
2015,Bengaluru,60+,60 years & above,Transgender,0.0,ok,text
2015,Bengaluru,all ages,Total,Female,618.0,ok,text
2015,Bengaluru,all ages,Total,Male,1237.0,ok,text
2015,Bengaluru,all ages,Total,Total,1855.0,no total,text
2015,Bengaluru,all ages,Total,Transgender,0.0,ok,text
2015,Bhopal,0-14,below 14 years,Female,0.0,ok,text
2015,Bhopal,0-14,below 14 years,Male,0.0,ok,text
2015,Bhopal,0-14,below 14 years,Total,0.0,derived (sum of sexes),text
2015,Bhopal,0-14,below 14 years,Transgender,0.0,ok,text
2015,Bhopal,14-17,14 and above – below 18 years,Female,14.0,ok,text
2015,Bhopal,14-17,14 and above – below 18 years,Male,11.0,ok,text
2015,Bhopal,14-17,14 and above – below 18 years,Total,25.0,derived (sum of sexes),text
2015,Bhopal,14-17,14 and above – below 18 years,Transgender,0.0,ok,text
2015,Bhopal,18-29,18 and above – below 30 years,Female,29.0,ok,text
2015,Bhopal,18-29,18 and above – below 30 years,Male,67.0,ok,text
2015,Bhopal,18-29,18 and above – below 30 years,Total,96.0,derived (sum of sexes),text
2015,Bhopal,18-29,18 and above – below 30 years,Transgender,0.0,ok,text
2015,Bhopal,30-44,30 and above – below 45 years,Female,34.0,ok,text
2015,Bhopal,30-44,30 and above – below 45 years,Male,95.0,ok,text
2015,Bhopal,30-44,30 and above – below 45 years,Total,129.0,derived (sum of sexes),text
2015,Bhopal,30-44,30 and above – below 45 years,Transgender,0.0,ok,text
2015,Bhopal,45-59,45 and above – below 60 years,Female,10.0,ok,text
2015,Bhopal,45-59,45 and above – below 60 years,Male,62.0,ok,text
2015,Bhopal,45-59,45 and above – below 60 years,Total,72.0,derived (sum of sexes),text
2015,Bhopal,45-59,45 and above – below 60 years,Transgender,0.0,ok,text
2015,Bhopal,60+,60 years & above,Female,9.0,ok,text
2015,Bhopal,60+,60 years & above,Male,47.0,ok,text
2015,Bhopal,60+,60 years & above,Total,56.0,derived (sum of sexes),text
2015,Bhopal,60+,60 years & above,Transgender,0.0,ok,text
2015,Bhopal,all ages,Total,Female,96.0,ok,text
2015,Bhopal,all ages,Total,Male,282.0,ok,text
2015,Bhopal,all ages,Total,Total,378.0,no total,text
2015,Bhopal,all ages,Total,Transgender,0.0,ok,text
2015,Chandigarh,0-14,below 14 years,Female,0.0,ok,text
2015,Chandigarh,0-14,below 14 years,Male,1.0,ok,text
2015,Chandigarh,0-14,below 14 years,Total,1.0,derived (sum of sexes),text
2015,Chandigarh,0-14,below 14 years,Transgender,0.0,ok,text
2015,Chandigarh,14-17,14 and above – below 18 years,Female,13.0,ok,text
2015,Chandigarh,14-17,14 and above – below 18 years,Male,8.0,ok,text
2015,Chandigarh,14-17,14 and above – below 18 years,Total,21.0,derived (sum of sexes),text
2015,Chandigarh,14-17,14 and above – below 18 years,Transgender,0.0,ok,text
2015,Chandigarh,18-29,18 and above – below 30 years,Female,13.0,ok,text
2015,Chandigarh,18-29,18 and above – below 30 years,Male,23.0,ok,text
2015,Chandigarh,18-29,18 and above – below 30 years,Total,36.0,derived (sum of sexes),text
2015,Chandigarh,18-29,18 and above – below 30 years,Transgender,0.0,ok,text
2015,Chandigarh,30-44,30 and above – below 45 years,Female,16.0,ok,text
2015,Chandigarh,30-44,30 and above – below 45 years,Male,28.0,ok,text
2015,Chandigarh,30-44,30 and above – below 45 years,Total,44.0,derived (sum of sexes),text
2015,Chandigarh,30-44,30 and above – below 45 years,Transgender,0.0,ok,text
2015,Chandigarh,45-59,45 and above – below 60 years,Female,5.0,ok,text
2015,Chandigarh,45-59,45 and above – below 60 years,Male,11.0,ok,text
2015,Chandigarh,45-59,45 and above – below 60 years,Total,16.0,derived (sum of sexes),text
2015,Chandigarh,45-59,45 and above – below 60 years,Transgender,0.0,ok,text
2015,Chandigarh,60+,60 years & above,Female,0.0,ok,text
2015,Chandigarh,60+,60 years & above,Male,3.0,ok,text
2015,Chandigarh,60+,60 years & above,Total,3.0,derived (sum of sexes),text
2015,Chandigarh,60+,60 years & above,Transgender,0.0,ok,text
2015,Chandigarh,all ages,Total,Female,47.0,ok,text
2015,Chandigarh,all ages,Total,Male,74.0,ok,text
2015,Chandigarh,all ages,Total,Total,121.0,no total,text
2015,Chandigarh,all ages,Total,Transgender,0.0,ok,text
2015,Chennai,0-14,below 14 years,Female,8.0,ok,text
2015,Chennai,0-14,below 14 years,Male,9.0,ok,text
2015,Chennai,0-14,below 14 years,Total,17.0,derived (sum of sexes),text
2015,Chennai,0-14,below 14 years,Transgender,0.0,ok,text
2015,Chennai,14-17,14 and above – below 18 years,Female,50.0,ok,text
2015,Chennai,14-17,14 and above – below 18 years,Male,27.0,ok,text
2015,Chennai,14-17,14 and above – below 18 years,Total,77.0,derived (sum of sexes),text
2015,Chennai,14-17,14 and above – below 18 years,Transgender,0.0,ok,text
2015,Chennai,18-29,18 and above – below 30 years,Female,264.0,ok,text
2015,Chennai,18-29,18 and above – below 30 years,Male,493.0,ok,text
2015,Chennai,18-29,18 and above – below 30 years,Total,758.0,derived (sum of sexes),text
2015,Chennai,18-29,18 and above – below 30 years,Transgender,1.0,ok,text
2015,Chennai,30-44,30 and above – below 45 years,Female,183.0,ok,text
2015,Chennai,30-44,30 and above – below 45 years,Male,635.0,ok,text
2015,Chennai,30-44,30 and above – below 45 years,Total,818.0,derived (sum of sexes),text
2015,Chennai,30-44,30 and above – below 45 years,Transgender,0.0,ok,text
2015,Chennai,45-59,45 and above – below 60 years,Female,75.0,ok,text
2015,Chennai,45-59,45 and above – below 60 years,Male,385.0,ok,text
2015,Chennai,45-59,45 and above – below 60 years,Total,460.0,derived (sum of sexes),text
2015,Chennai,45-59,45 and above – below 60 years,Transgender,0.0,ok,text
2015,Chennai,60+,60 years & above,Female,40.0,ok,text
2015,Chennai,60+,60 years & above,Male,104.0,ok,text
2015,Chennai,60+,60 years & above,Total,144.0,derived (sum of sexes),text
2015,Chennai,60+,60 years & above,Transgender,0.0,ok,text
2015,Chennai,all ages,Total,Female,620.0,ok,text
2015,Chennai,all ages,Total,Male,1653.0,ok,text
2015,Chennai,all ages,Total,Total,2274.0,no total,text
2015,Chennai,all ages,Total,Transgender,1.0,ok,text
2015,Coimbatore,0-14,below 14 years,Female,0.0,ok,text
2015,Coimbatore,0-14,below 14 years,Male,0.0,ok,text
2015,Coimbatore,0-14,below 14 years,Total,0.0,derived (sum of sexes),text
2015,Coimbatore,0-14,below 14 years,Transgender,0.0,ok,text
2015,Coimbatore,14-17,14 and above – below 18 years,Female,4.0,ok,text
2015,Coimbatore,14-17,14 and above – below 18 years,Male,8.0,ok,text
2015,Coimbatore,14-17,14 and above – below 18 years,Total,12.0,derived (sum of sexes),text
2015,Coimbatore,14-17,14 and above – below 18 years,Transgender,0.0,ok,text
2015,Coimbatore,18-29,18 and above – below 30 years,Female,37.0,ok,text
2015,Coimbatore,18-29,18 and above – below 30 years,Male,75.0,ok,text
2015,Coimbatore,18-29,18 and above – below 30 years,Total,112.0,derived (sum of sexes),text
2015,Coimbatore,18-29,18 and above – below 30 years,Transgender,0.0,ok,text
2015,Coimbatore,30-44,30 and above – below 45 years,Female,40.0,ok,text
2015,Coimbatore,30-44,30 and above – below 45 years,Male,140.0,ok,text
2015,Coimbatore,30-44,30 and above – below 45 years,Total,180.0,derived (sum of sexes),text
2015,Coimbatore,30-44,30 and above – below 45 years,Transgender,0.0,ok,text
2015,Coimbatore,45-59,45 and above – below 60 years,Female,16.0,ok,text
2015,Coimbatore,45-59,45 and above – below 60 years,Male,79.0,ok,text
2015,Coimbatore,45-59,45 and above – below 60 years,Total,95.0,derived (sum of sexes),text
2015,Coimbatore,45-59,45 and above – below 60 years,Transgender,0.0,ok,text
2015,Coimbatore,60+,60 years & above,Female,21.0,ok,text
2015,Coimbatore,60+,60 years & above,Male,34.0,ok,text
2015,Coimbatore,60+,60 years & above,Total,55.0,derived (sum of sexes),text
2015,Coimbatore,60+,60 years & above,Transgender,0.0,ok,text
2015,Coimbatore,all ages,Total,Female,118.0,ok,text
2015,Coimbatore,all ages,Total,Male,336.0,ok,text
2015,Coimbatore,all ages,Total,Total,454.0,no total,text
2015,Coimbatore,all ages,Total,Transgender,0.0,ok,text
2015,Delhi,0-14,below 14 years,Female,15.0,ok,text
2015,Delhi,0-14,below 14 years,Male,21.0,ok,text
2015,Delhi,0-14,below 14 years,Total,36.0,derived (sum of sexes),text
2015,Delhi,0-14,below 14 years,Transgender,0.0,ok,text
2015,Delhi,14-17,14 and above – below 18 years,Female,54.0,ok,text
2015,Delhi,14-17,14 and above – below 18 years,Male,65.0,ok,text
2015,Delhi,14-17,14 and above – below 18 years,Total,119.0,derived (sum of sexes),text
2015,Delhi,14-17,14 and above – below 18 years,Transgender,0.0,ok,text
2015,Delhi,18-29,18 and above – below 30 years,Female,281.0,ok,text
2015,Delhi,18-29,18 and above – below 30 years,Male,425.0,ok,text
2015,Delhi,18-29,18 and above – below 30 years,Total,706.0,derived (sum of sexes),text
2015,Delhi,18-29,18 and above – below 30 years,Transgender,0.0,ok,text
2015,Delhi,30-44,30 and above – below 45 years,Female,151.0,ok,text
2015,Delhi,30-44,30 and above – below 45 years,Male,343.0,ok,text
2015,Delhi,30-44,30 and above – below 45 years,Total,494.0,derived (sum of sexes),text
2015,Delhi,30-44,30 and above – below 45 years,Transgender,0.0,ok,text
2015,Delhi,45-59,45 and above – below 60 years,Female,28.0,ok,text
2015,Delhi,45-59,45 and above – below 60 years,Male,123.0,ok,text
2015,Delhi,45-59,45 and above – below 60 years,Total,151.0,derived (sum of sexes),text
2015,Delhi,45-59,45 and above – below 60 years,Transgender,0.0,ok,text
2015,Delhi,60+,60 years & above,Female,9.0,ok,text
2015,Delhi,60+,60 years & above,Male,38.0,ok,text
2015,Delhi,60+,60 years & above,Total,47.0,derived (sum of sexes),text
2015,Delhi,60+,60 years & above,Transgender,0.0,ok,text
2015,Delhi,all ages,Total,Female,538.0,ok,text
2015,Delhi,all ages,Total,Male,1015.0,ok,text
2015,Delhi,all ages,Total,Total,1553.0,no total,text
2015,Delhi,all ages,Total,Transgender,0.0,ok,text
2015,Dhanbad,0-14,below 14 years,Female,0.0,ok,text
2015,Dhanbad,0-14,below 14 years,Male,0.0,ok,text
2015,Dhanbad,0-14,below 14 years,Total,0.0,derived (sum of sexes),text
2015,Dhanbad,0-14,below 14 years,Transgender,0.0,ok,text
2015,Dhanbad,14-17,14 and above – below 18 years,Female,2.0,ok,text
2015,Dhanbad,14-17,14 and above – below 18 years,Male,2.0,ok,text
2015,Dhanbad,14-17,14 and above – below 18 years,Total,4.0,derived (sum of sexes),text
2015,Dhanbad,14-17,14 and above – below 18 years,Transgender,0.0,ok,text
2015,Dhanbad,18-29,18 and above – below 30 years,Female,8.0,ok,text
2015,Dhanbad,18-29,18 and above – below 30 years,Male,12.0,ok,text
2015,Dhanbad,18-29,18 and above – below 30 years,Total,20.0,derived (sum of sexes),text
2015,Dhanbad,18-29,18 and above – below 30 years,Transgender,0.0,ok,text
2015,Dhanbad,30-44,30 and above – below 45 years,Female,6.0,ok,text
2015,Dhanbad,30-44,30 and above – below 45 years,Male,10.0,ok,text
2015,Dhanbad,30-44,30 and above – below 45 years,Total,16.0,derived (sum of sexes),text
2015,Dhanbad,30-44,30 and above – below 45 years,Transgender,0.0,ok,text
2015,Dhanbad,45-59,45 and above – below 60 years,Female,2.0,ok,text
2015,Dhanbad,45-59,45 and above – below 60 years,Male,4.0,ok,text
2015,Dhanbad,45-59,45 and above – below 60 years,Total,6.0,derived (sum of sexes),text
2015,Dhanbad,45-59,45 and above – below 60 years,Transgender,0.0,ok,text
2015,Dhanbad,60+,60 years & above,Female,0.0,ok,text
2015,Dhanbad,60+,60 years & above,Male,0.0,ok,text
2015,Dhanbad,60+,60 years & above,Total,0.0,derived (sum of sexes),text
2015,Dhanbad,60+,60 years & above,Transgender,0.0,ok,text
2015,Dhanbad,all ages,Total,Female,18.0,ok,text
2015,Dhanbad,all ages,Total,Male,28.0,ok,text
2015,Dhanbad,all ages,Total,Total,46.0,no total,text
2015,Dhanbad,all ages,Total,Transgender,0.0,ok,text
2015,Durg-Bhilainagar,0-14,below 14 years,Female,1.0,ok,text
2015,Durg-Bhilainagar,0-14,below 14 years,Male,1.0,ok,text
2015,Durg-Bhilainagar,0-14,below 14 years,Total,2.0,derived (sum of sexes),text
2015,Durg-Bhilainagar,0-14,below 14 years,Transgender,0.0,ok,text
2015,Durg-Bhilainagar,14-17,14 and above – below 18 years,Female,15.0,ok,text
2015,Durg-Bhilainagar,14-17,14 and above – below 18 years,Male,13.0,ok,text
2015,Durg-Bhilainagar,14-17,14 and above – below 18 years,Total,28.0,derived (sum of sexes),text
2015,Durg-Bhilainagar,14-17,14 and above – below 18 years,Transgender,0.0,ok,text
2015,Durg-Bhilainagar,18-29,18 and above – below 30 years,Female,52.0,ok,text
2015,Durg-Bhilainagar,18-29,18 and above – below 30 years,Male,111.0,ok,text
2015,Durg-Bhilainagar,18-29,18 and above – below 30 years,Total,163.0,derived (sum of sexes),text
2015,Durg-Bhilainagar,18-29,18 and above – below 30 years,Transgender,0.0,ok,text
2015,Durg-Bhilainagar,30-44,30 and above – below 45 years,Female,21.0,ok,text
2015,Durg-Bhilainagar,30-44,30 and above – below 45 years,Male,106.0,ok,text
2015,Durg-Bhilainagar,30-44,30 and above – below 45 years,Total,127.0,derived (sum of sexes),text
2015,Durg-Bhilainagar,30-44,30 and above – below 45 years,Transgender,0.0,ok,text
2015,Durg-Bhilainagar,45-59,45 and above – below 60 years,Female,8.0,ok,text
2015,Durg-Bhilainagar,45-59,45 and above – below 60 years,Male,42.0,ok,text
2015,Durg-Bhilainagar,45-59,45 and above – below 60 years,Total,50.0,derived (sum of sexes),text
2015,Durg-Bhilainagar,45-59,45 and above – below 60 years,Transgender,0.0,ok,text
2015,Durg-Bhilainagar,60+,60 years & above,Female,0.0,ok,text
2015,Durg-Bhilainagar,60+,60 years & above,Male,0.0,ok,text
2015,Durg-Bhilainagar,60+,60 years & above,Total,0.0,derived (sum of sexes),text
2015,Durg-Bhilainagar,60+,60 years & above,Transgender,0.0,ok,text
2015,Durg-Bhilainagar,all ages,Total,Female,97.0,ok,text
2015,Durg-Bhilainagar,all ages,Total,Male,273.0,ok,text
2015,Durg-Bhilainagar,all ages,Total,Total,370.0,no total,text
2015,Durg-Bhilainagar,all ages,Total,Transgender,0.0,ok,text
2015,Faridabad,0-14,below 14 years,Female,3.0,ok,text
2015,Faridabad,0-14,below 14 years,Male,7.0,ok,text
2015,Faridabad,0-14,below 14 years,Total,10.0,derived (sum of sexes),text
2015,Faridabad,0-14,below 14 years,Transgender,0.0,ok,text
2015,Faridabad,14-17,14 and above – below 18 years,Female,8.0,ok,text
2015,Faridabad,14-17,14 and above – below 18 years,Male,6.0,ok,text
2015,Faridabad,14-17,14 and above – below 18 years,Total,14.0,derived (sum of sexes),text
2015,Faridabad,14-17,14 and above – below 18 years,Transgender,0.0,ok,text
2015,Faridabad,18-29,18 and above – below 30 years,Female,34.0,ok,text
2015,Faridabad,18-29,18 and above – below 30 years,Male,64.0,ok,text
2015,Faridabad,18-29,18 and above – below 30 years,Total,98.0,derived (sum of sexes),text
2015,Faridabad,18-29,18 and above – below 30 years,Transgender,0.0,ok,text
2015,Faridabad,30-44,30 and above – below 45 years,Female,17.0,ok,text
2015,Faridabad,30-44,30 and above – below 45 years,Male,77.0,ok,text
2015,Faridabad,30-44,30 and above – below 45 years,Total,94.0,derived (sum of sexes),text
2015,Faridabad,30-44,30 and above – below 45 years,Transgender,0.0,ok,text
2015,Faridabad,45-59,45 and above – below 60 years,Female,3.0,ok,text
2015,Faridabad,45-59,45 and above – below 60 years,Male,26.0,ok,text
2015,Faridabad,45-59,45 and above – below 60 years,Total,29.0,derived (sum of sexes),text
2015,Faridabad,45-59,45 and above – below 60 years,Transgender,0.0,ok,text
2015,Faridabad,60+,60 years & above,Female,4.0,ok,text
2015,Faridabad,60+,60 years & above,Male,7.0,ok,text
2015,Faridabad,60+,60 years & above,Total,11.0,derived (sum of sexes),text
2015,Faridabad,60+,60 years & above,Transgender,0.0,ok,text
2015,Faridabad,all ages,Total,Female,69.0,ok,text
2015,Faridabad,all ages,Total,Male,187.0,ok,text
2015,Faridabad,all ages,Total,Total,256.0,no total,text
2015,Faridabad,all ages,Total,Transgender,0.0,ok,text
2015,Ghaziabad,0-14,below 14 years,Female,4.0,ok,text
2015,Ghaziabad,0-14,below 14 years,Male,4.0,ok,text
2015,Ghaziabad,0-14,below 14 years,Total,8.0,derived (sum of sexes),text
2015,Ghaziabad,0-14,below 14 years,Transgender,0.0,ok,text
2015,Ghaziabad,14-17,14 and above – below 18 years,Female,9.0,ok,text
2015,Ghaziabad,14-17,14 and above – below 18 years,Male,9.0,ok,text
2015,Ghaziabad,14-17,14 and above – below 18 years,Total,18.0,derived (sum of sexes),text
2015,Ghaziabad,14-17,14 and above – below 18 years,Transgender,0.0,ok,text
2015,Ghaziabad,18-29,18 and above – below 30 years,Female,34.0,ok,text
2015,Ghaziabad,18-29,18 and above – below 30 years,Male,61.0,ok,text
2015,Ghaziabad,18-29,18 and above – below 30 years,Total,95.0,derived (sum of sexes),text
2015,Ghaziabad,18-29,18 and above – below 30 years,Transgender,0.0,ok,text
2015,Ghaziabad,30-44,30 and above – below 45 years,Female,16.0,ok,text
2015,Ghaziabad,30-44,30 and above – below 45 years,Male,39.0,ok,text
2015,Ghaziabad,30-44,30 and above – below 45 years,Total,55.0,derived (sum of sexes),text
2015,Ghaziabad,30-44,30 and above – below 45 years,Transgender,0.0,ok,text
2015,Ghaziabad,45-59,45 and above – below 60 years,Female,4.0,ok,text
2015,Ghaziabad,45-59,45 and above – below 60 years,Male,16.0,ok,text
2015,Ghaziabad,45-59,45 and above – below 60 years,Total,20.0,derived (sum of sexes),text
2015,Ghaziabad,45-59,45 and above – below 60 years,Transgender,0.0,ok,text
2015,Ghaziabad,60+,60 years & above,Female,1.0,ok,text
2015,Ghaziabad,60+,60 years & above,Male,7.0,ok,text
2015,Ghaziabad,60+,60 years & above,Total,8.0,derived (sum of sexes),text
2015,Ghaziabad,60+,60 years & above,Transgender,0.0,ok,text
2015,Ghaziabad,all ages,Total,Female,68.0,ok,text
2015,Ghaziabad,all ages,Total,Male,136.0,ok,text
2015,Ghaziabad,all ages,Total,Total,204.0,no total,text
2015,Ghaziabad,all ages,Total,Transgender,0.0,ok,text
2015,Gwalior,0-14,below 14 years,Female,1.0,ok,text
2015,Gwalior,0-14,below 14 years,Male,2.0,ok,text
2015,Gwalior,0-14,below 14 years,Total,3.0,derived (sum of sexes),text
2015,Gwalior,0-14,below 14 years,Transgender,0.0,ok,text
2015,Gwalior,14-17,14 and above – below 18 years,Female,6.0,ok,text
2015,Gwalior,14-17,14 and above – below 18 years,Male,2.0,ok,text
2015,Gwalior,14-17,14 and above – below 18 years,Total,8.0,derived (sum of sexes),text
2015,Gwalior,14-17,14 and above – below 18 years,Transgender,0.0,ok,text
2015,Gwalior,18-29,18 and above – below 30 years,Female,37.0,ok,text
2015,Gwalior,18-29,18 and above – below 30 years,Male,57.0,ok,text
2015,Gwalior,18-29,18 and above – below 30 years,Total,94.0,derived (sum of sexes),text
2015,Gwalior,18-29,18 and above – below 30 years,Transgender,0.0,ok,text
2015,Gwalior,30-44,30 and above – below 45 years,Female,18.0,ok,text
2015,Gwalior,30-44,30 and above – below 45 years,Male,56.0,ok,text
2015,Gwalior,30-44,30 and above – below 45 years,Total,74.0,derived (sum of sexes),text
2015,Gwalior,30-44,30 and above – below 45 years,Transgender,0.0,ok,text
2015,Gwalior,45-59,45 and above – below 60 years,Female,12.0,ok,text
2015,Gwalior,45-59,45 and above – below 60 years,Male,21.0,ok,text
2015,Gwalior,45-59,45 and above – below 60 years,Total,33.0,derived (sum of sexes),text
2015,Gwalior,45-59,45 and above – below 60 years,Transgender,0.0,ok,text
2015,Gwalior,60+,60 years & above,Female,6.0,ok,text
2015,Gwalior,60+,60 years & above,Male,14.0,ok,text
2015,Gwalior,60+,60 years & above,Total,20.0,derived (sum of sexes),text
2015,Gwalior,60+,60 years & above,Transgender,0.0,ok,text
2015,Gwalior,all ages,Total,Female,80.0,ok,text
2015,Gwalior,all ages,Total,Male,152.0,ok,text
2015,Gwalior,all ages,Total,Total,232.0,no total,text
2015,Gwalior,all ages,Total,Transgender,0.0,ok,text
2015,Hyderabad,0-14,below 14 years,Female,0.0,ok,text
2015,Hyderabad,0-14,below 14 years,Male,6.0,ok,text
2015,Hyderabad,0-14,below 14 years,Total,6.0,derived (sum of sexes),text
2015,Hyderabad,0-14,below 14 years,Transgender,0.0,ok,text
2015,Hyderabad,14-17,14 and above – below 18 years,Female,17.0,ok,text
2015,Hyderabad,14-17,14 and above – below 18 years,Male,18.0,ok,text
2015,Hyderabad,14-17,14 and above – below 18 years,Total,35.0,derived (sum of sexes),text
2015,Hyderabad,14-17,14 and above – below 18 years,Transgender,0.0,ok,text
2015,Hyderabad,18-29,18 and above – below 30 years,Female,77.0,ok,text
2015,Hyderabad,18-29,18 and above – below 30 years,Male,165.0,ok,text
2015,Hyderabad,18-29,18 and above – below 30 years,Total,242.0,derived (sum of sexes),text
2015,Hyderabad,18-29,18 and above – below 30 years,Transgender,0.0,ok,text
2015,Hyderabad,30-44,30 and above – below 45 years,Female,55.0,ok,text
2015,Hyderabad,30-44,30 and above – below 45 years,Male,205.0,ok,text
2015,Hyderabad,30-44,30 and above – below 45 years,Total,260.0,derived (sum of sexes),text
2015,Hyderabad,30-44,30 and above – below 45 years,Transgender,0.0,ok,text
2015,Hyderabad,45-59,45 and above – below 60 years,Female,29.0,ok,text
2015,Hyderabad,45-59,45 and above – below 60 years,Male,99.0,ok,text
2015,Hyderabad,45-59,45 and above – below 60 years,Total,128.0,derived (sum of sexes),text
2015,Hyderabad,45-59,45 and above – below 60 years,Transgender,0.0,ok,text
2015,Hyderabad,60+,60 years & above,Female,12.0,ok,text
2015,Hyderabad,60+,60 years & above,Male,45.0,ok,text
2015,Hyderabad,60+,60 years & above,Total,57.0,derived (sum of sexes),text
2015,Hyderabad,60+,60 years & above,Transgender,0.0,ok,text
2015,Hyderabad,all ages,Total,Female,190.0,ok,text
2015,Hyderabad,all ages,Total,Male,538.0,ok,text
2015,Hyderabad,all ages,Total,Total,728.0,no total,text
2015,Hyderabad,all ages,Total,Transgender,0.0,ok,text
2015,Indore,0-14,below 14 years,Female,5.0,ok,text
2015,Indore,0-14,below 14 years,Male,3.0,ok,text
2015,Indore,0-14,below 14 years,Total,8.0,derived (sum of sexes),text
2015,Indore,0-14,below 14 years,Transgender,0.0,ok,text
2015,Indore,14-17,14 and above – below 18 years,Female,32.0,ok,text
2015,Indore,14-17,14 and above – below 18 years,Male,26.0,ok,text
2015,Indore,14-17,14 and above – below 18 years,Total,58.0,derived (sum of sexes),text
2015,Indore,14-17,14 and above – below 18 years,Transgender,0.0,ok,text
2015,Indore,18-29,18 and above – below 30 years,Female,94.0,ok,text
2015,Indore,18-29,18 and above – below 30 years,Male,127.0,ok,text
2015,Indore,18-29,18 and above – below 30 years,Total,221.0,derived (sum of sexes),text
2015,Indore,18-29,18 and above – below 30 years,Transgender,0.0,ok,text
2015,Indore,30-44,30 and above – below 45 years,Female,38.0,ok,text
2015,Indore,30-44,30 and above – below 45 years,Male,113.0,ok,text
2015,Indore,30-44,30 and above – below 45 years,Total,151.0,derived (sum of sexes),text
2015,Indore,30-44,30 and above – below 45 years,Transgender,0.0,ok,text
2015,Indore,45-59,45 and above – below 60 years,Female,9.0,ok,text
2015,Indore,45-59,45 and above – below 60 years,Male,66.0,ok,text
2015,Indore,45-59,45 and above – below 60 years,Total,75.0,derived (sum of sexes),text
2015,Indore,45-59,45 and above – below 60 years,Transgender,0.0,ok,text
2015,Indore,60+,60 years & above,Female,2.0,ok,text
2015,Indore,60+,60 years & above,Male,13.0,ok,text
2015,Indore,60+,60 years & above,Total,15.0,derived (sum of sexes),text
2015,Indore,60+,60 years & above,Transgender,0.0,ok,text
2015,Indore,all ages,Total,Female,180.0,ok,text
2015,Indore,all ages,Total,Male,348.0,ok,text
2015,Indore,all ages,Total,Total,528.0,no total,text
2015,Indore,all ages,Total,Transgender,0.0,ok,text
2015,Jabalpur,0-14,below 14 years,Female,1.0,ok,text
2015,Jabalpur,0-14,below 14 years,Male,0.0,ok,text
2015,Jabalpur,0-14,below 14 years,Total,1.0,derived (sum of sexes),text
2015,Jabalpur,0-14,below 14 years,Transgender,0.0,ok,text
2015,Jabalpur,14-17,14 and above – below 18 years,Female,3.0,ok,text
2015,Jabalpur,14-17,14 and above – below 18 years,Male,6.0,ok,text
2015,Jabalpur,14-17,14 and above – below 18 years,Total,9.0,derived (sum of sexes),text
2015,Jabalpur,14-17,14 and above – below 18 years,Transgender,0.0,ok,text
2015,Jabalpur,18-29,18 and above – below 30 years,Female,97.0,ok,text
2015,Jabalpur,18-29,18 and above – below 30 years,Male,89.0,ok,text
2015,Jabalpur,18-29,18 and above – below 30 years,Total,186.0,derived (sum of sexes),text
2015,Jabalpur,18-29,18 and above – below 30 years,Transgender,0.0,ok,text
2015,Jabalpur,30-44,30 and above – below 45 years,Female,17.0,ok,text
2015,Jabalpur,30-44,30 and above – below 45 years,Male,28.0,ok,text
2015,Jabalpur,30-44,30 and above – below 45 years,Total,45.0,derived (sum of sexes),text
2015,Jabalpur,30-44,30 and above – below 45 years,Transgender,0.0,ok,text
2015,Jabalpur,45-59,45 and above – below 60 years,Female,2.0,ok,text
2015,Jabalpur,45-59,45 and above – below 60 years,Male,1.0,ok,text
2015,Jabalpur,45-59,45 and above – below 60 years,Total,3.0,derived (sum of sexes),text
2015,Jabalpur,45-59,45 and above – below 60 years,Transgender,0.0,ok,text
2015,Jabalpur,60+,60 years & above,Female,0.0,ok,text
2015,Jabalpur,60+,60 years & above,Male,1.0,ok,text
2015,Jabalpur,60+,60 years & above,Total,1.0,derived (sum of sexes),text
2015,Jabalpur,60+,60 years & above,Transgender,0.0,ok,text
2015,Jabalpur,all ages,Total,Female,120.0,ok,text
2015,Jabalpur,all ages,Total,Male,125.0,ok,text
2015,Jabalpur,all ages,Total,Total,245.0,no total,text
2015,Jabalpur,all ages,Total,Transgender,0.0,ok,text
2015,Jaipur,0-14,below 14 years,Female,2.0,ok,text
2015,Jaipur,0-14,below 14 years,Male,0.0,ok,text
2015,Jaipur,0-14,below 14 years,Total,2.0,derived (sum of sexes),text
2015,Jaipur,0-14,below 14 years,Transgender,0.0,ok,text
2015,Jaipur,14-17,14 and above – below 18 years,Female,11.0,ok,text
2015,Jaipur,14-17,14 and above – below 18 years,Male,8.0,ok,text
2015,Jaipur,14-17,14 and above – below 18 years,Total,19.0,derived (sum of sexes),text
2015,Jaipur,14-17,14 and above – below 18 years,Transgender,0.0,ok,text
2015,Jaipur,18-29,18 and above – below 30 years,Female,46.0,ok,text
2015,Jaipur,18-29,18 and above – below 30 years,Male,110.0,ok,text
2015,Jaipur,18-29,18 and above – below 30 years,Total,156.0,derived (sum of sexes),text
2015,Jaipur,18-29,18 and above – below 30 years,Transgender,0.0,ok,text
2015,Jaipur,30-44,30 and above – below 45 years,Female,37.0,ok,text
2015,Jaipur,30-44,30 and above – below 45 years,Male,96.0,ok,text
2015,Jaipur,30-44,30 and above – below 45 years,Total,133.0,derived (sum of sexes),text
2015,Jaipur,30-44,30 and above – below 45 years,Transgender,0.0,ok,text
2015,Jaipur,45-59,45 and above – below 60 years,Female,4.0,ok,text
2015,Jaipur,45-59,45 and above – below 60 years,Male,35.0,ok,text
2015,Jaipur,45-59,45 and above – below 60 years,Total,39.0,derived (sum of sexes),text
2015,Jaipur,45-59,45 and above – below 60 years,Transgender,0.0,ok,text
2015,Jaipur,60+,60 years & above,Female,1.0,ok,text
2015,Jaipur,60+,60 years & above,Male,4.0,ok,text
2015,Jaipur,60+,60 years & above,Total,5.0,derived (sum of sexes),text
2015,Jaipur,60+,60 years & above,Transgender,0.0,ok,text
2015,Jaipur,all ages,Total,Female,101.0,ok,text
2015,Jaipur,all ages,Total,Male,253.0,ok,text
2015,Jaipur,all ages,Total,Total,354.0,no total,text
2015,Jaipur,all ages,Total,Transgender,0.0,ok,text
2015,Jamshedpur,0-14,below 14 years,Female,2.0,ok,text
2015,Jamshedpur,0-14,below 14 years,Male,0.0,ok,text
2015,Jamshedpur,0-14,below 14 years,Total,2.0,derived (sum of sexes),text
2015,Jamshedpur,0-14,below 14 years,Transgender,0.0,ok,text
2015,Jamshedpur,14-17,14 and above – below 18 years,Female,6.0,ok,text
2015,Jamshedpur,14-17,14 and above – below 18 years,Male,14.0,ok,text
2015,Jamshedpur,14-17,14 and above – below 18 years,Total,20.0,derived (sum of sexes),text
2015,Jamshedpur,14-17,14 and above – below 18 years,Transgender,0.0,ok,text
2015,Jamshedpur,18-29,18 and above – below 30 years,Female,21.0,ok,text
2015,Jamshedpur,18-29,18 and above – below 30 years,Male,24.0,ok,text
2015,Jamshedpur,18-29,18 and above – below 30 years,Total,45.0,derived (sum of sexes),text
2015,Jamshedpur,18-29,18 and above – below 30 years,Transgender,0.0,ok,text
2015,Jamshedpur,30-44,30 and above – below 45 years,Female,8.0,ok,text
2015,Jamshedpur,30-44,30 and above – below 45 years,Male,21.0,ok,text
2015,Jamshedpur,30-44,30 and above – below 45 years,Total,29.0,derived (sum of sexes),text
2015,Jamshedpur,30-44,30 and above – below 45 years,Transgender,0.0,ok,text
2015,Jamshedpur,45-59,45 and above – below 60 years,Female,1.0,ok,text
2015,Jamshedpur,45-59,45 and above – below 60 years,Male,11.0,ok,text
2015,Jamshedpur,45-59,45 and above – below 60 years,Total,12.0,derived (sum of sexes),text
2015,Jamshedpur,45-59,45 and above – below 60 years,Transgender,0.0,ok,text
2015,Jamshedpur,60+,60 years & above,Female,1.0,ok,text
2015,Jamshedpur,60+,60 years & above,Male,4.0,ok,text
2015,Jamshedpur,60+,60 years & above,Total,5.0,derived (sum of sexes),text
2015,Jamshedpur,60+,60 years & above,Transgender,0.0,ok,text
2015,Jamshedpur,all ages,Total,Female,39.0,ok,text
2015,Jamshedpur,all ages,Total,Male,74.0,ok,text
2015,Jamshedpur,all ages,Total,Total,113.0,no total,text
2015,Jamshedpur,all ages,Total,Transgender,0.0,ok,text
2015,Jodhpur,0-14,below 14 years,Female,0.0,ok,text
2015,Jodhpur,0-14,below 14 years,Male,2.0,ok,text
2015,Jodhpur,0-14,below 14 years,Total,2.0,derived (sum of sexes),text
2015,Jodhpur,0-14,below 14 years,Transgender,0.0,ok,text
2015,Jodhpur,14-17,14 and above – below 18 years,Female,0.0,ok,text
2015,Jodhpur,14-17,14 and above – below 18 years,Male,0.0,ok,text
2015,Jodhpur,14-17,14 and above – below 18 years,Total,0.0,derived (sum of sexes),text
2015,Jodhpur,14-17,14 and above – below 18 years,Transgender,0.0,ok,text
2015,Jodhpur,18-29,18 and above – below 30 years,Female,7.0,ok,text
2015,Jodhpur,18-29,18 and above – below 30 years,Male,35.0,ok,text
2015,Jodhpur,18-29,18 and above – below 30 years,Total,42.0,derived (sum of sexes),text
2015,Jodhpur,18-29,18 and above – below 30 years,Transgender,0.0,ok,text
2015,Jodhpur,30-44,30 and above – below 45 years,Female,6.0,ok,text
2015,Jodhpur,30-44,30 and above – below 45 years,Male,34.0,ok,text
2015,Jodhpur,30-44,30 and above – below 45 years,Total,40.0,derived (sum of sexes),text
2015,Jodhpur,30-44,30 and above – below 45 years,Transgender,0.0,ok,text
2015,Jodhpur,45-59,45 and above – below 60 years,Female,1.0,ok,text
2015,Jodhpur,45-59,45 and above – below 60 years,Male,13.0,ok,text
2015,Jodhpur,45-59,45 and above – below 60 years,Total,14.0,derived (sum of sexes),text
2015,Jodhpur,45-59,45 and above – below 60 years,Transgender,0.0,ok,text
2015,Jodhpur,60+,60 years & above,Female,0.0,ok,text
2015,Jodhpur,60+,60 years & above,Male,3.0,ok,text
2015,Jodhpur,60+,60 years & above,Total,3.0,derived (sum of sexes),text
2015,Jodhpur,60+,60 years & above,Transgender,0.0,ok,text
2015,Jodhpur,all ages,Total,Female,14.0,ok,text
2015,Jodhpur,all ages,Total,Male,87.0,ok,text
2015,Jodhpur,all ages,Total,Total,101.0,no total,text
2015,Jodhpur,all ages,Total,Transgender,0.0,ok,text
2015,Kannur,0-14,below 14 years,Female,0.0,ok,text
2015,Kannur,0-14,below 14 years,Male,1.0,ok,text
2015,Kannur,0-14,below 14 years,Total,1.0,derived (sum of sexes),text
2015,Kannur,0-14,below 14 years,Transgender,0.0,ok,text
2015,Kannur,14-17,14 and above – below 18 years,Female,3.0,ok,text
2015,Kannur,14-17,14 and above – below 18 years,Male,0.0,ok,text
2015,Kannur,14-17,14 and above – below 18 years,Total,3.0,derived (sum of sexes),text
2015,Kannur,14-17,14 and above – below 18 years,Transgender,0.0,ok,text
2015,Kannur,18-29,18 and above – below 30 years,Female,5.0,ok,text
2015,Kannur,18-29,18 and above – below 30 years,Male,9.0,ok,text
2015,Kannur,18-29,18 and above – below 30 years,Total,14.0,derived (sum of sexes),text
2015,Kannur,18-29,18 and above – below 30 years,Transgender,0.0,ok,text
2015,Kannur,30-44,30 and above – below 45 years,Female,7.0,ok,text
2015,Kannur,30-44,30 and above – below 45 years,Male,26.0,ok,text
2015,Kannur,30-44,30 and above – below 45 years,Total,33.0,derived (sum of sexes),text
2015,Kannur,30-44,30 and above – below 45 years,Transgender,0.0,ok,text
2015,Kannur,45-59,45 and above – below 60 years,Female,6.0,ok,text
2015,Kannur,45-59,45 and above – below 60 years,Male,49.0,ok,text
2015,Kannur,45-59,45 and above – below 60 years,Total,55.0,derived (sum of sexes),text
2015,Kannur,45-59,45 and above – below 60 years,Transgender,0.0,ok,text
2015,Kannur,60+,60 years & above,Female,16.0,ok,text
2015,Kannur,60+,60 years & above,Male,29.0,ok,text
2015,Kannur,60+,60 years & above,Total,45.0,derived (sum of sexes),text
2015,Kannur,60+,60 years & above,Transgender,0.0,ok,text
2015,Kannur,all ages,Total,Female,37.0,ok,text
2015,Kannur,all ages,Total,Male,114.0,ok,text
2015,Kannur,all ages,Total,Total,151.0,no total,text
2015,Kannur,all ages,Total,Transgender,0.0,ok,text
2015,Kanpur,0-14,below 14 years,Female,2.0,ok,text
2015,Kanpur,0-14,below 14 years,Male,0.0,ok,text
2015,Kanpur,0-14,below 14 years,Total,2.0,derived (sum of sexes),text
2015,Kanpur,0-14,below 14 years,Transgender,0.0,ok,text
2015,Kanpur,14-17,14 and above – below 18 years,Female,17.0,ok,text
2015,Kanpur,14-17,14 and above – below 18 years,Male,12.0,ok,text
2015,Kanpur,14-17,14 and above – below 18 years,Total,29.0,derived (sum of sexes),text
2015,Kanpur,14-17,14 and above – below 18 years,Transgender,0.0,ok,text
2015,Kanpur,18-29,18 and above – below 30 years,Female,55.0,ok,text
2015,Kanpur,18-29,18 and above – below 30 years,Male,56.0,ok,text
2015,Kanpur,18-29,18 and above – below 30 years,Total,111.0,derived (sum of sexes),text
2015,Kanpur,18-29,18 and above – below 30 years,Transgender,0.0,ok,text
2015,Kanpur,30-44,30 and above – below 45 years,Female,30.0,ok,text
2015,Kanpur,30-44,30 and above – below 45 years,Male,57.0,ok,text
2015,Kanpur,30-44,30 and above – below 45 years,Total,87.0,derived (sum of sexes),text
2015,Kanpur,30-44,30 and above – below 45 years,Transgender,0.0,ok,text
2015,Kanpur,45-59,45 and above – below 60 years,Female,9.0,ok,text
2015,Kanpur,45-59,45 and above – below 60 years,Male,26.0,ok,text
2015,Kanpur,45-59,45 and above – below 60 years,Total,35.0,derived (sum of sexes),text
2015,Kanpur,45-59,45 and above – below 60 years,Transgender,0.0,ok,text
2015,Kanpur,60+,60 years & above,Female,0.0,ok,text
2015,Kanpur,60+,60 years & above,Male,3.0,ok,text
2015,Kanpur,60+,60 years & above,Total,3.0,derived (sum of sexes),text
2015,Kanpur,60+,60 years & above,Transgender,0.0,ok,text
2015,Kanpur,all ages,Total,Female,113.0,ok,text
2015,Kanpur,all ages,Total,Male,154.0,ok,text
2015,Kanpur,all ages,Total,Total,267.0,no total,text
2015,Kanpur,all ages,Total,Transgender,0.0,ok,text
2015,Kochi,0-14,below 14 years,Female,0.0,ok,text
2015,Kochi,0-14,below 14 years,Male,1.0,ok,text
2015,Kochi,0-14,below 14 years,Total,1.0,derived (sum of sexes),text
2015,Kochi,0-14,below 14 years,Transgender,0.0,ok,text
2015,Kochi,14-17,14 and above – below 18 years,Female,2.0,ok,text
2015,Kochi,14-17,14 and above – below 18 years,Male,3.0,ok,text
2015,Kochi,14-17,14 and above – below 18 years,Total,5.0,derived (sum of sexes),text
2015,Kochi,14-17,14 and above – below 18 years,Transgender,0.0,ok,text
2015,Kochi,18-29,18 and above – below 30 years,Female,14.0,ok,text
2015,Kochi,18-29,18 and above – below 30 years,Male,34.0,ok,text
2015,Kochi,18-29,18 and above – below 30 years,Total,48.0,derived (sum of sexes),text
2015,Kochi,18-29,18 and above – below 30 years,Transgender,0.0,ok,text
2015,Kochi,30-44,30 and above – below 45 years,Female,13.0,ok,text
2015,Kochi,30-44,30 and above – below 45 years,Male,53.0,ok,text
2015,Kochi,30-44,30 and above – below 45 years,Total,66.0,derived (sum of sexes),text
2015,Kochi,30-44,30 and above – below 45 years,Transgender,0.0,ok,text
2015,Kochi,45-59,45 and above – below 60 years,Female,11.0,ok,text
2015,Kochi,45-59,45 and above – below 60 years,Male,64.0,ok,text
2015,Kochi,45-59,45 and above – below 60 years,Total,75.0,derived (sum of sexes),text
2015,Kochi,45-59,45 and above – below 60 years,Transgender,0.0,ok,text
2015,Kochi,60+,60 years & above,Female,8.0,ok,text
2015,Kochi,60+,60 years & above,Male,32.0,ok,text
2015,Kochi,60+,60 years & above,Total,40.0,derived (sum of sexes),text
2015,Kochi,60+,60 years & above,Transgender,0.0,ok,text
2015,Kochi,all ages,Total,Female,48.0,ok,text
2015,Kochi,all ages,Total,Male,187.0,ok,text
2015,Kochi,all ages,Total,Total,235.0,no total,text
2015,Kochi,all ages,Total,Transgender,0.0,ok,text
2015,Kolkata,0-14,below 14 years,Female,1.0,ok,text
2015,Kolkata,0-14,below 14 years,Male,1.0,ok,text
2015,Kolkata,0-14,below 14 years,Total,2.0,derived (sum of sexes),text
2015,Kolkata,0-14,below 14 years,Transgender,0.0,ok,text
2015,Kolkata,14-17,14 and above – below 18 years,Female,16.0,ok,text
2015,Kolkata,14-17,14 and above – below 18 years,Male,4.0,ok,text
2015,Kolkata,14-17,14 and above – below 18 years,Total,20.0,derived (sum of sexes),text
2015,Kolkata,14-17,14 and above – below 18 years,Transgender,0.0,ok,text
2015,Kolkata,18-29,18 and above – below 30 years,Female,23.0,ok,text
2015,Kolkata,18-29,18 and above – below 30 years,Male,52.0,ok,text
2015,Kolkata,18-29,18 and above – below 30 years,Total,75.0,derived (sum of sexes),text
2015,Kolkata,18-29,18 and above – below 30 years,Transgender,0.0,ok,text
2015,Kolkata,30-44,30 and above – below 45 years,Female,46.0,ok,text
2015,Kolkata,30-44,30 and above – below 45 years,Male,95.0,ok,text
2015,Kolkata,30-44,30 and above – below 45 years,Total,141.0,derived (sum of sexes),text
2015,Kolkata,30-44,30 and above – below 45 years,Transgender,0.0,ok,text
2015,Kolkata,45-59,45 and above – below 60 years,Female,19.0,ok,text
2015,Kolkata,45-59,45 and above – below 60 years,Male,52.0,ok,text
2015,Kolkata,45-59,45 and above – below 60 years,Total,71.0,derived (sum of sexes),text
2015,Kolkata,45-59,45 and above – below 60 years,Transgender,0.0,ok,text
2015,Kolkata,60+,60 years & above,Female,4.0,ok,text
2015,Kolkata,60+,60 years & above,Male,26.0,ok,text
2015,Kolkata,60+,60 years & above,Total,30.0,derived (sum of sexes),text
2015,Kolkata,60+,60 years & above,Transgender,0.0,ok,text
2015,Kolkata,all ages,Total,Female,109.0,ok,text
2015,Kolkata,all ages,Total,Male,230.0,ok,text
2015,Kolkata,all ages,Total,Total,339.0,no total,text
2015,Kolkata,all ages,Total,Transgender,0.0,ok,text
2015,Kollam,0-14,below 14 years,Female,0.0,ok,text
2015,Kollam,0-14,below 14 years,Male,0.0,ok,text
2015,Kollam,0-14,below 14 years,Total,0.0,derived (sum of sexes),text
2015,Kollam,0-14,below 14 years,Transgender,0.0,ok,text
2015,Kollam,14-17,14 and above – below 18 years,Female,2.0,ok,text
2015,Kollam,14-17,14 and above – below 18 years,Male,11.0,ok,text
2015,Kollam,14-17,14 and above – below 18 years,Total,13.0,derived (sum of sexes),text
2015,Kollam,14-17,14 and above – below 18 years,Transgender,0.0,ok,text
2015,Kollam,18-29,18 and above – below 30 years,Female,8.0,ok,text
2015,Kollam,18-29,18 and above – below 30 years,Male,64.0,ok,text
2015,Kollam,18-29,18 and above – below 30 years,Total,72.0,derived (sum of sexes),text
2015,Kollam,18-29,18 and above – below 30 years,Transgender,0.0,ok,text
2015,Kollam,30-44,30 and above – below 45 years,Female,7.0,ok,text
2015,Kollam,30-44,30 and above – below 45 years,Male,67.0,ok,text
2015,Kollam,30-44,30 and above – below 45 years,Total,74.0,derived (sum of sexes),text
2015,Kollam,30-44,30 and above – below 45 years,Transgender,0.0,ok,text
2015,Kollam,45-59,45 and above – below 60 years,Female,8.0,ok,text
2015,Kollam,45-59,45 and above – below 60 years,Male,71.0,ok,text
2015,Kollam,45-59,45 and above – below 60 years,Total,79.0,derived (sum of sexes),text
2015,Kollam,45-59,45 and above – below 60 years,Transgender,0.0,ok,text
2015,Kollam,60+,60 years & above,Female,29.0,ok,text
2015,Kollam,60+,60 years & above,Male,94.0,ok,text
2015,Kollam,60+,60 years & above,Total,123.0,derived (sum of sexes),text
2015,Kollam,60+,60 years & above,Transgender,0.0,ok,text
2015,Kollam,all ages,Total,Female,54.0,ok,text
2015,Kollam,all ages,Total,Male,307.0,ok,text
2015,Kollam,all ages,Total,Total,361.0,no total,text
2015,Kollam,all ages,Total,Transgender,0.0,ok,text
2015,Kota,0-14,below 14 years,Female,0.0,ok,text
2015,Kota,0-14,below 14 years,Male,0.0,ok,text
2015,Kota,0-14,below 14 years,Total,0.0,derived (sum of sexes),text
2015,Kota,0-14,below 14 years,Transgender,0.0,ok,text
2015,Kota,14-17,14 and above – below 18 years,Female,6.0,ok,text
2015,Kota,14-17,14 and above – below 18 years,Male,15.0,ok,text
2015,Kota,14-17,14 and above – below 18 years,Total,21.0,derived (sum of sexes),text
2015,Kota,14-17,14 and above – below 18 years,Transgender,0.0,ok,text
2015,Kota,18-29,18 and above – below 30 years,Female,22.0,ok,text
2015,Kota,18-29,18 and above – below 30 years,Male,46.0,ok,text
2015,Kota,18-29,18 and above – below 30 years,Total,68.0,derived (sum of sexes),text
2015,Kota,18-29,18 and above – below 30 years,Transgender,0.0,ok,text
2015,Kota,30-44,30 and above – below 45 years,Female,3.0,ok,text
2015,Kota,30-44,30 and above – below 45 years,Male,9.0,ok,text
2015,Kota,30-44,30 and above – below 45 years,Total,12.0,derived (sum of sexes),text
2015,Kota,30-44,30 and above – below 45 years,Transgender,0.0,ok,text
2015,Kota,45-59,45 and above – below 60 years,Female,0.0,ok,text
2015,Kota,45-59,45 and above – below 60 years,Male,3.0,ok,text
2015,Kota,45-59,45 and above – below 60 years,Total,3.0,derived (sum of sexes),text
2015,Kota,45-59,45 and above – below 60 years,Transgender,0.0,ok,text
2015,Kota,60+,60 years & above,Female,0.0,ok,text
2015,Kota,60+,60 years & above,Male,1.0,ok,text
2015,Kota,60+,60 years & above,Total,1.0,derived (sum of sexes),text
2015,Kota,60+,60 years & above,Transgender,0.0,ok,text
2015,Kota,all ages,Total,Female,31.0,ok,text
2015,Kota,all ages,Total,Male,74.0,ok,text
2015,Kota,all ages,Total,Total,105.0,no total,text
2015,Kota,all ages,Total,Transgender,0.0,ok,text
2015,Kozhikode,0-14,below 14 years,Female,1.0,ok,text
2015,Kozhikode,0-14,below 14 years,Male,0.0,ok,text
2015,Kozhikode,0-14,below 14 years,Total,1.0,derived (sum of sexes),text
2015,Kozhikode,0-14,below 14 years,Transgender,0.0,ok,text
2015,Kozhikode,14-17,14 and above – below 18 years,Female,3.0,ok,text
2015,Kozhikode,14-17,14 and above – below 18 years,Male,5.0,ok,text
2015,Kozhikode,14-17,14 and above – below 18 years,Total,8.0,derived (sum of sexes),text
2015,Kozhikode,14-17,14 and above – below 18 years,Transgender,0.0,ok,text
2015,Kozhikode,18-29,18 and above – below 30 years,Female,16.0,ok,text
2015,Kozhikode,18-29,18 and above – below 30 years,Male,24.0,ok,text
2015,Kozhikode,18-29,18 and above – below 30 years,Total,40.0,derived (sum of sexes),text
2015,Kozhikode,18-29,18 and above – below 30 years,Transgender,0.0,ok,text
2015,Kozhikode,30-44,30 and above – below 45 years,Female,16.0,ok,text
2015,Kozhikode,30-44,30 and above – below 45 years,Male,46.0,ok,text
2015,Kozhikode,30-44,30 and above – below 45 years,Total,62.0,derived (sum of sexes),text
2015,Kozhikode,30-44,30 and above – below 45 years,Transgender,0.0,ok,text
2015,Kozhikode,45-59,45 and above – below 60 years,Female,16.0,ok,text
2015,Kozhikode,45-59,45 and above – below 60 years,Male,37.0,ok,text
2015,Kozhikode,45-59,45 and above – below 60 years,Total,53.0,derived (sum of sexes),text
2015,Kozhikode,45-59,45 and above – below 60 years,Transgender,0.0,ok,text
2015,Kozhikode,60+,60 years & above,Female,16.0,ok,text
2015,Kozhikode,60+,60 years & above,Male,27.0,ok,text
2015,Kozhikode,60+,60 years & above,Total,43.0,derived (sum of sexes),text
2015,Kozhikode,60+,60 years & above,Transgender,0.0,ok,text
2015,Kozhikode,all ages,Total,Female,68.0,ok,text
2015,Kozhikode,all ages,Total,Male,139.0,ok,text
2015,Kozhikode,all ages,Total,Total,207.0,no total,text
2015,Kozhikode,all ages,Total,Transgender,0.0,ok,text
2015,Lucknow,0-14,below 14 years,Female,1.0,ok,text
2015,Lucknow,0-14,below 14 years,Male,1.0,ok,text
2015,Lucknow,0-14,below 14 years,Total,2.0,derived (sum of sexes),text
2015,Lucknow,0-14,below 14 years,Transgender,0.0,ok,text
2015,Lucknow,14-17,14 and above – below 18 years,Female,14.0,ok,text
2015,Lucknow,14-17,14 and above – below 18 years,Male,7.0,ok,text
2015,Lucknow,14-17,14 and above – below 18 years,Total,21.0,derived (sum of sexes),text
2015,Lucknow,14-17,14 and above – below 18 years,Transgender,0.0,ok,text
2015,Lucknow,18-29,18 and above – below 30 years,Female,48.0,ok,text
2015,Lucknow,18-29,18 and above – below 30 years,Male,63.0,ok,text
2015,Lucknow,18-29,18 and above – below 30 years,Total,111.0,derived (sum of sexes),text
2015,Lucknow,18-29,18 and above – below 30 years,Transgender,0.0,ok,text
2015,Lucknow,30-44,30 and above – below 45 years,Female,17.0,ok,text
2015,Lucknow,30-44,30 and above – below 45 years,Male,76.0,ok,text
2015,Lucknow,30-44,30 and above – below 45 years,Total,93.0,derived (sum of sexes),text
2015,Lucknow,30-44,30 and above – below 45 years,Transgender,0.0,ok,text
2015,Lucknow,45-59,45 and above – below 60 years,Female,5.0,ok,text
2015,Lucknow,45-59,45 and above – below 60 years,Male,15.0,ok,text
2015,Lucknow,45-59,45 and above – below 60 years,Total,20.0,derived (sum of sexes),text
2015,Lucknow,45-59,45 and above – below 60 years,Transgender,0.0,ok,text
2015,Lucknow,60+,60 years & above,Female,0.0,ok,text
2015,Lucknow,60+,60 years & above,Male,3.0,ok,text
2015,Lucknow,60+,60 years & above,Total,3.0,derived (sum of sexes),text
2015,Lucknow,60+,60 years & above,Transgender,0.0,ok,text
2015,Lucknow,all ages,Total,Female,85.0,ok,text
2015,Lucknow,all ages,Total,Male,165.0,ok,text
2015,Lucknow,all ages,Total,Total,250.0,no total,text
2015,Lucknow,all ages,Total,Transgender,0.0,ok,text
2015,Ludhiana,0-14,below 14 years,Female,0.0,ok,text
2015,Ludhiana,0-14,below 14 years,Male,1.0,ok,text
2015,Ludhiana,0-14,below 14 years,Total,1.0,derived (sum of sexes),text
2015,Ludhiana,0-14,below 14 years,Transgender,0.0,ok,text
2015,Ludhiana,14-17,14 and above – below 18 years,Female,1.0,ok,text
2015,Ludhiana,14-17,14 and above – below 18 years,Male,3.0,ok,text
2015,Ludhiana,14-17,14 and above – below 18 years,Total,4.0,derived (sum of sexes),text
2015,Ludhiana,14-17,14 and above – below 18 years,Transgender,0.0,ok,text
2015,Ludhiana,18-29,18 and above – below 30 years,Female,17.0,ok,text
2015,Ludhiana,18-29,18 and above – below 30 years,Male,30.0,ok,text
2015,Ludhiana,18-29,18 and above – below 30 years,Total,47.0,derived (sum of sexes),text
2015,Ludhiana,18-29,18 and above – below 30 years,Transgender,0.0,ok,text
2015,Ludhiana,30-44,30 and above – below 45 years,Female,11.0,ok,text
2015,Ludhiana,30-44,30 and above – below 45 years,Male,38.0,ok,text
2015,Ludhiana,30-44,30 and above – below 45 years,Total,49.0,derived (sum of sexes),text
2015,Ludhiana,30-44,30 and above – below 45 years,Transgender,0.0,ok,text
2015,Ludhiana,45-59,45 and above – below 60 years,Female,4.0,ok,text
2015,Ludhiana,45-59,45 and above – below 60 years,Male,17.0,ok,text
2015,Ludhiana,45-59,45 and above – below 60 years,Total,21.0,derived (sum of sexes),text
2015,Ludhiana,45-59,45 and above – below 60 years,Transgender,0.0,ok,text
2015,Ludhiana,60+,60 years & above,Female,1.0,ok,text
2015,Ludhiana,60+,60 years & above,Male,3.0,ok,text
2015,Ludhiana,60+,60 years & above,Total,4.0,derived (sum of sexes),text
2015,Ludhiana,60+,60 years & above,Transgender,0.0,ok,text
2015,Ludhiana,all ages,Total,Female,34.0,ok,text
2015,Ludhiana,all ages,Total,Male,92.0,ok,text
2015,Ludhiana,all ages,Total,Total,126.0,no total,text
2015,Ludhiana,all ages,Total,Transgender,0.0,ok,text
2015,Madurai,0-14,below 14 years,Female,0.0,ok,text
2015,Madurai,0-14,below 14 years,Male,1.0,ok,text
2015,Madurai,0-14,below 14 years,Total,1.0,derived (sum of sexes),text
2015,Madurai,0-14,below 14 years,Transgender,0.0,ok,text
2015,Madurai,14-17,14 and above – below 18 years,Female,1.0,ok,text
2015,Madurai,14-17,14 and above – below 18 years,Male,5.0,ok,text
2015,Madurai,14-17,14 and above – below 18 years,Total,6.0,derived (sum of sexes),text
2015,Madurai,14-17,14 and above – below 18 years,Transgender,0.0,ok,text
2015,Madurai,18-29,18 and above – below 30 years,Female,36.0,ok,text
2015,Madurai,18-29,18 and above – below 30 years,Male,56.0,ok,text
2015,Madurai,18-29,18 and above – below 30 years,Total,92.0,derived (sum of sexes),text
2015,Madurai,18-29,18 and above – below 30 years,Transgender,0.0,ok,text
2015,Madurai,30-44,30 and above – below 45 years,Female,43.0,ok,text
2015,Madurai,30-44,30 and above – below 45 years,Male,75.0,ok,text
2015,Madurai,30-44,30 and above – below 45 years,Total,118.0,derived (sum of sexes),text
2015,Madurai,30-44,30 and above – below 45 years,Transgender,0.0,ok,text
2015,Madurai,45-59,45 and above – below 60 years,Female,14.0,ok,text
2015,Madurai,45-59,45 and above – below 60 years,Male,36.0,ok,text
2015,Madurai,45-59,45 and above – below 60 years,Total,50.0,derived (sum of sexes),text
2015,Madurai,45-59,45 and above – below 60 years,Transgender,0.0,ok,text
2015,Madurai,60+,60 years & above,Female,10.0,ok,text
2015,Madurai,60+,60 years & above,Male,17.0,ok,text
2015,Madurai,60+,60 years & above,Total,27.0,derived (sum of sexes),text
2015,Madurai,60+,60 years & above,Transgender,0.0,ok,text
2015,Madurai,all ages,Total,Female,104.0,ok,text
2015,Madurai,all ages,Total,Male,190.0,ok,text
2015,Madurai,all ages,Total,Total,294.0,no total,text
2015,Madurai,all ages,Total,Transgender,0.0,ok,text
2015,Malappuram,0-14,below 14 years,Female,0.0,ok,text
2015,Malappuram,0-14,below 14 years,Male,0.0,ok,text
2015,Malappuram,0-14,below 14 years,Total,0.0,derived (sum of sexes),text
2015,Malappuram,0-14,below 14 years,Transgender,0.0,ok,text
2015,Malappuram,14-17,14 and above – below 18 years,Female,5.0,ok,text
2015,Malappuram,14-17,14 and above – below 18 years,Male,2.0,ok,text
2015,Malappuram,14-17,14 and above – below 18 years,Total,7.0,derived (sum of sexes),text
2015,Malappuram,14-17,14 and above – below 18 years,Transgender,0.0,ok,text
2015,Malappuram,18-29,18 and above – below 30 years,Female,8.0,ok,text
2015,Malappuram,18-29,18 and above – below 30 years,Male,12.0,ok,text
2015,Malappuram,18-29,18 and above – below 30 years,Total,20.0,derived (sum of sexes),text
2015,Malappuram,18-29,18 and above – below 30 years,Transgender,0.0,ok,text
2015,Malappuram,30-44,30 and above – below 45 years,Female,5.0,ok,text
2015,Malappuram,30-44,30 and above – below 45 years,Male,10.0,ok,text
2015,Malappuram,30-44,30 and above – below 45 years,Total,15.0,derived (sum of sexes),text
2015,Malappuram,30-44,30 and above – below 45 years,Transgender,0.0,ok,text
2015,Malappuram,45-59,45 and above – below 60 years,Female,2.0,ok,text
2015,Malappuram,45-59,45 and above – below 60 years,Male,10.0,ok,text
2015,Malappuram,45-59,45 and above – below 60 years,Total,12.0,derived (sum of sexes),text
2015,Malappuram,45-59,45 and above – below 60 years,Transgender,0.0,ok,text
2015,Malappuram,60+,60 years & above,Female,2.0,ok,text
2015,Malappuram,60+,60 years & above,Male,5.0,ok,text
2015,Malappuram,60+,60 years & above,Total,7.0,derived (sum of sexes),text
2015,Malappuram,60+,60 years & above,Transgender,0.0,ok,text
2015,Malappuram,all ages,Total,Female,22.0,ok,text
2015,Malappuram,all ages,Total,Male,39.0,ok,text
2015,Malappuram,all ages,Total,Total,61.0,no total,text
2015,Malappuram,all ages,Total,Transgender,0.0,ok,text
2015,Meerut,0-14,below 14 years,Female,0.0,ok,text
2015,Meerut,0-14,below 14 years,Male,0.0,ok,text
2015,Meerut,0-14,below 14 years,Total,0.0,derived (sum of sexes),text
2015,Meerut,0-14,below 14 years,Transgender,0.0,ok,text
2015,Meerut,14-17,14 and above – below 18 years,Female,0.0,ok,text
2015,Meerut,14-17,14 and above – below 18 years,Male,0.0,ok,text
2015,Meerut,14-17,14 and above – below 18 years,Total,0.0,derived (sum of sexes),text
2015,Meerut,14-17,14 and above – below 18 years,Transgender,0.0,ok,text
2015,Meerut,18-29,18 and above – below 30 years,Female,0.0,ok,text
2015,Meerut,18-29,18 and above – below 30 years,Male,0.0,ok,text
2015,Meerut,18-29,18 and above – below 30 years,Total,0.0,derived (sum of sexes),text
2015,Meerut,18-29,18 and above – below 30 years,Transgender,0.0,ok,text
2015,Meerut,30-44,30 and above – below 45 years,Female,0.0,ok,text
2015,Meerut,30-44,30 and above – below 45 years,Male,1.0,ok,text
2015,Meerut,30-44,30 and above – below 45 years,Total,1.0,derived (sum of sexes),text
2015,Meerut,30-44,30 and above – below 45 years,Transgender,0.0,ok,text
2015,Meerut,45-59,45 and above – below 60 years,Female,0.0,ok,text
2015,Meerut,45-59,45 and above – below 60 years,Male,0.0,ok,text
2015,Meerut,45-59,45 and above – below 60 years,Total,0.0,derived (sum of sexes),text
2015,Meerut,45-59,45 and above – below 60 years,Transgender,0.0,ok,text
2015,Meerut,60+,60 years & above,Female,0.0,ok,text
2015,Meerut,60+,60 years & above,Male,0.0,ok,text
2015,Meerut,60+,60 years & above,Total,0.0,derived (sum of sexes),text
2015,Meerut,60+,60 years & above,Transgender,0.0,ok,text
2015,Meerut,all ages,Total,Female,0.0,ok,text
2015,Meerut,all ages,Total,Male,1.0,ok,text
2015,Meerut,all ages,Total,Total,1.0,no total,text
2015,Meerut,all ages,Total,Transgender,0.0,ok,text
2015,Mumbai,0-14,below 14 years,Female,9.0,ok,text
2015,Mumbai,0-14,below 14 years,Male,9.0,ok,text
2015,Mumbai,0-14,below 14 years,Total,18.0,derived (sum of sexes),text
2015,Mumbai,0-14,below 14 years,Transgender,0.0,ok,text
2015,Mumbai,14-17,14 and above – below 18 years,Female,47.0,ok,text
2015,Mumbai,14-17,14 and above – below 18 years,Male,37.0,ok,text
2015,Mumbai,14-17,14 and above – below 18 years,Total,84.0,derived (sum of sexes),text
2015,Mumbai,14-17,14 and above – below 18 years,Transgender,0.0,ok,text
2015,Mumbai,18-29,18 and above – below 30 years,Female,171.0,ok,text
2015,Mumbai,18-29,18 and above – below 30 years,Male,252.0,ok,text
2015,Mumbai,18-29,18 and above – below 30 years,Total,423.0,derived (sum of sexes),text
2015,Mumbai,18-29,18 and above – below 30 years,Transgender,0.0,ok,text
2015,Mumbai,30-44,30 and above – below 45 years,Female,112.0,ok,text
2015,Mumbai,30-44,30 and above – below 45 years,Male,247.0,ok,text
2015,Mumbai,30-44,30 and above – below 45 years,Total,360.0,derived (sum of sexes),text
2015,Mumbai,30-44,30 and above – below 45 years,Transgender,1.0,ok,text
2015,Mumbai,45-59,45 and above – below 60 years,Female,33.0,ok,text
2015,Mumbai,45-59,45 and above – below 60 years,Male,114.0,ok,text
2015,Mumbai,45-59,45 and above – below 60 years,Total,147.0,derived (sum of sexes),text
2015,Mumbai,45-59,45 and above – below 60 years,Transgender,0.0,ok,text
2015,Mumbai,60+,60 years & above,Female,21.0,ok,text
2015,Mumbai,60+,60 years & above,Male,69.0,ok,text
2015,Mumbai,60+,60 years & above,Total,90.0,derived (sum of sexes),text
2015,Mumbai,60+,60 years & above,Transgender,0.0,ok,text
2015,Mumbai,all ages,Total,Female,393.0,ok,text
2015,Mumbai,all ages,Total,Male,728.0,ok,text
2015,Mumbai,all ages,Total,Total,1122.0,no total,text
2015,Mumbai,all ages,Total,Transgender,1.0,ok,text
2015,Nagpur,0-14,below 14 years,Female,1.0,ok,text
2015,Nagpur,0-14,below 14 years,Male,2.0,ok,text
2015,Nagpur,0-14,below 14 years,Total,3.0,derived (sum of sexes),text
2015,Nagpur,0-14,below 14 years,Transgender,0.0,ok,text
2015,Nagpur,14-17,14 and above – below 18 years,Female,16.0,ok,text
2015,Nagpur,14-17,14 and above – below 18 years,Male,8.0,ok,text
2015,Nagpur,14-17,14 and above – below 18 years,Total,24.0,derived (sum of sexes),text
2015,Nagpur,14-17,14 and above – below 18 years,Transgender,0.0,ok,text
2015,Nagpur,18-29,18 and above – below 30 years,Female,47.0,ok,text
2015,Nagpur,18-29,18 and above – below 30 years,Male,140.0,ok,text
2015,Nagpur,18-29,18 and above – below 30 years,Total,187.0,derived (sum of sexes),text
2015,Nagpur,18-29,18 and above – below 30 years,Transgender,0.0,ok,text
2015,Nagpur,30-44,30 and above – below 45 years,Female,36.0,ok,text
2015,Nagpur,30-44,30 and above – below 45 years,Male,124.0,ok,text
2015,Nagpur,30-44,30 and above – below 45 years,Total,160.0,derived (sum of sexes),text
2015,Nagpur,30-44,30 and above – below 45 years,Transgender,0.0,ok,text
2015,Nagpur,45-59,45 and above – below 60 years,Female,16.0,ok,text
2015,Nagpur,45-59,45 and above – below 60 years,Male,70.0,ok,text
2015,Nagpur,45-59,45 and above – below 60 years,Total,86.0,derived (sum of sexes),text
2015,Nagpur,45-59,45 and above – below 60 years,Transgender,0.0,ok,text
2015,Nagpur,60+,60 years & above,Female,6.0,ok,text
2015,Nagpur,60+,60 years & above,Male,17.0,ok,text
2015,Nagpur,60+,60 years & above,Total,23.0,derived (sum of sexes),text
2015,Nagpur,60+,60 years & above,Transgender,0.0,ok,text
2015,Nagpur,all ages,Total,Female,122.0,ok,text
2015,Nagpur,all ages,Total,Male,361.0,ok,text
2015,Nagpur,all ages,Total,Total,483.0,no total,text
2015,Nagpur,all ages,Total,Transgender,0.0,ok,text
2015,Nashik,0-14,below 14 years,Female,3.0,ok,text
2015,Nashik,0-14,below 14 years,Male,1.0,ok,text
2015,Nashik,0-14,below 14 years,Total,4.0,derived (sum of sexes),text
2015,Nashik,0-14,below 14 years,Transgender,0.0,ok,text
2015,Nashik,14-17,14 and above – below 18 years,Female,7.0,ok,text
2015,Nashik,14-17,14 and above – below 18 years,Male,3.0,ok,text
2015,Nashik,14-17,14 and above – below 18 years,Total,10.0,derived (sum of sexes),text
2015,Nashik,14-17,14 and above – below 18 years,Transgender,0.0,ok,text
2015,Nashik,18-29,18 and above – below 30 years,Female,39.0,ok,text
2015,Nashik,18-29,18 and above – below 30 years,Male,59.0,ok,text
2015,Nashik,18-29,18 and above – below 30 years,Total,98.0,derived (sum of sexes),text
2015,Nashik,18-29,18 and above – below 30 years,Transgender,0.0,ok,text
2015,Nashik,30-44,30 and above – below 45 years,Female,20.0,ok,text
2015,Nashik,30-44,30 and above – below 45 years,Male,75.0,ok,text
2015,Nashik,30-44,30 and above – below 45 years,Total,95.0,derived (sum of sexes),text
2015,Nashik,30-44,30 and above – below 45 years,Transgender,0.0,ok,text
2015,Nashik,45-59,45 and above – below 60 years,Female,5.0,ok,text
2015,Nashik,45-59,45 and above – below 60 years,Male,42.0,ok,text
2015,Nashik,45-59,45 and above – below 60 years,Total,47.0,derived (sum of sexes),text
2015,Nashik,45-59,45 and above – below 60 years,Transgender,0.0,ok,text
2015,Nashik,60+,60 years & above,Female,3.0,ok,text
2015,Nashik,60+,60 years & above,Male,9.0,ok,text
2015,Nashik,60+,60 years & above,Total,12.0,derived (sum of sexes),text
2015,Nashik,60+,60 years & above,Transgender,0.0,ok,text
2015,Nashik,all ages,Total,Female,77.0,ok,text
2015,Nashik,all ages,Total,Male,189.0,ok,text
2015,Nashik,all ages,Total,Total,266.0,no total,text
2015,Nashik,all ages,Total,Transgender,0.0,ok,text
2015,Patna,0-14,below 14 years,Female,0.0,ok,text
2015,Patna,0-14,below 14 years,Male,0.0,ok,text
2015,Patna,0-14,below 14 years,Total,0.0,derived (sum of sexes),text
2015,Patna,0-14,below 14 years,Transgender,0.0,ok,text
2015,Patna,14-17,14 and above – below 18 years,Female,7.0,ok,text
2015,Patna,14-17,14 and above – below 18 years,Male,7.0,ok,text
2015,Patna,14-17,14 and above – below 18 years,Total,14.0,derived (sum of sexes),text
2015,Patna,14-17,14 and above – below 18 years,Transgender,0.0,ok,text
2015,Patna,18-29,18 and above – below 30 years,Female,16.0,ok,text
2015,Patna,18-29,18 and above – below 30 years,Male,8.0,ok,text
2015,Patna,18-29,18 and above – below 30 years,Total,24.0,derived (sum of sexes),text
2015,Patna,18-29,18 and above – below 30 years,Transgender,0.0,ok,text
2015,Patna,30-44,30 and above – below 45 years,Female,4.0,ok,text
2015,Patna,30-44,30 and above – below 45 years,Male,9.0,ok,text
2015,Patna,30-44,30 and above – below 45 years,Total,13.0,derived (sum of sexes),text
2015,Patna,30-44,30 and above – below 45 years,Transgender,0.0,ok,text
2015,Patna,45-59,45 and above – below 60 years,Female,3.0,ok,text
2015,Patna,45-59,45 and above – below 60 years,Male,4.0,ok,text
2015,Patna,45-59,45 and above – below 60 years,Total,7.0,derived (sum of sexes),text
2015,Patna,45-59,45 and above – below 60 years,Transgender,0.0,ok,text
2015,Patna,60+,60 years & above,Female,0.0,ok,text
2015,Patna,60+,60 years & above,Male,0.0,ok,text
2015,Patna,60+,60 years & above,Total,0.0,derived (sum of sexes),text
2015,Patna,60+,60 years & above,Transgender,0.0,ok,text
2015,Patna,all ages,Total,Female,30.0,ok,text
2015,Patna,all ages,Total,Male,28.0,ok,text
2015,Patna,all ages,Total,Total,58.0,no total,text
2015,Patna,all ages,Total,Transgender,0.0,ok,text
2015,Pune,0-14,below 14 years,Female,2.0,ok,text
2015,Pune,0-14,below 14 years,Male,5.0,ok,text
2015,Pune,0-14,below 14 years,Total,7.0,derived (sum of sexes),text
2015,Pune,0-14,below 14 years,Transgender,0.0,ok,text
2015,Pune,14-17,14 and above – below 18 years,Female,27.0,ok,text
2015,Pune,14-17,14 and above – below 18 years,Male,22.0,ok,text
2015,Pune,14-17,14 and above – below 18 years,Total,49.0,derived (sum of sexes),text
2015,Pune,14-17,14 and above – below 18 years,Transgender,0.0,ok,text
2015,Pune,18-29,18 and above – below 30 years,Female,113.0,ok,text
2015,Pune,18-29,18 and above – below 30 years,Male,222.0,ok,text
2015,Pune,18-29,18 and above – below 30 years,Total,335.0,derived (sum of sexes),text
2015,Pune,18-29,18 and above – below 30 years,Transgender,0.0,ok,text
2015,Pune,30-44,30 and above – below 45 years,Female,59.0,ok,text
2015,Pune,30-44,30 and above – below 45 years,Male,236.0,ok,text
2015,Pune,30-44,30 and above – below 45 years,Total,295.0,derived (sum of sexes),text
2015,Pune,30-44,30 and above – below 45 years,Transgender,0.0,ok,text
2015,Pune,45-59,45 and above – below 60 years,Female,20.0,ok,text
2015,Pune,45-59,45 and above – below 60 years,Male,113.0,ok,text
2015,Pune,45-59,45 and above – below 60 years,Total,133.0,derived (sum of sexes),text
2015,Pune,45-59,45 and above – below 60 years,Transgender,0.0,ok,text
2015,Pune,60+,60 years & above,Female,15.0,ok,text
2015,Pune,60+,60 years & above,Male,39.0,ok,text
2015,Pune,60+,60 years & above,Total,54.0,derived (sum of sexes),text
2015,Pune,60+,60 years & above,Transgender,0.0,ok,text
2015,Pune,all ages,Total,Female,236.0,ok,text
2015,Pune,all ages,Total,Male,637.0,ok,text
2015,Pune,all ages,Total,Total,873.0,no total,text
2015,Pune,all ages,Total,Transgender,0.0,ok,text
2015,Raipur,0-14,below 14 years,Female,3.0,ok,text
2015,Raipur,0-14,below 14 years,Male,2.0,ok,text
2015,Raipur,0-14,below 14 years,Total,5.0,derived (sum of sexes),text
2015,Raipur,0-14,below 14 years,Transgender,0.0,ok,text
2015,Raipur,14-17,14 and above – below 18 years,Female,9.0,ok,text
2015,Raipur,14-17,14 and above – below 18 years,Male,7.0,ok,text
2015,Raipur,14-17,14 and above – below 18 years,Total,16.0,derived (sum of sexes),text
2015,Raipur,14-17,14 and above – below 18 years,Transgender,0.0,ok,text
2015,Raipur,18-29,18 and above – below 30 years,Female,37.0,ok,text
2015,Raipur,18-29,18 and above – below 30 years,Male,62.0,ok,text
2015,Raipur,18-29,18 and above – below 30 years,Total,100.0,derived (sum of sexes),text
2015,Raipur,18-29,18 and above – below 30 years,Transgender,1.0,ok,text
2015,Raipur,30-44,30 and above – below 45 years,Female,14.0,ok,text
2015,Raipur,30-44,30 and above – below 45 years,Male,60.0,ok,text
2015,Raipur,30-44,30 and above – below 45 years,Total,74.0,derived (sum of sexes),text
2015,Raipur,30-44,30 and above – below 45 years,Transgender,0.0,ok,text
2015,Raipur,45-59,45 and above – below 60 years,Female,2.0,ok,text
2015,Raipur,45-59,45 and above – below 60 years,Male,31.0,ok,text
2015,Raipur,45-59,45 and above – below 60 years,Total,33.0,derived (sum of sexes),text
2015,Raipur,45-59,45 and above – below 60 years,Transgender,0.0,ok,text
2015,Raipur,60+,60 years & above,Female,2.0,ok,text
2015,Raipur,60+,60 years & above,Male,9.0,ok,text
2015,Raipur,60+,60 years & above,Total,11.0,derived (sum of sexes),text
2015,Raipur,60+,60 years & above,Transgender,0.0,ok,text
2015,Raipur,all ages,Total,Female,67.0,ok,text
2015,Raipur,all ages,Total,Male,171.0,ok,text
2015,Raipur,all ages,Total,Total,239.0,no total,text
2015,Raipur,all ages,Total,Transgender,1.0,ok,text
2015,Rajkot,0-14,below 14 years,Female,1.0,ok,text
2015,Rajkot,0-14,below 14 years,Male,3.0,ok,text
2015,Rajkot,0-14,below 14 years,Total,4.0,derived (sum of sexes),text
2015,Rajkot,0-14,below 14 years,Transgender,0.0,ok,text
2015,Rajkot,14-17,14 and above – below 18 years,Female,3.0,ok,text
2015,Rajkot,14-17,14 and above – below 18 years,Male,6.0,ok,text
2015,Rajkot,14-17,14 and above – below 18 years,Total,9.0,derived (sum of sexes),text
2015,Rajkot,14-17,14 and above – below 18 years,Transgender,0.0,ok,text
2015,Rajkot,18-29,18 and above – below 30 years,Female,67.0,ok,text
2015,Rajkot,18-29,18 and above – below 30 years,Male,108.0,ok,text
2015,Rajkot,18-29,18 and above – below 30 years,Total,175.0,derived (sum of sexes),text
2015,Rajkot,18-29,18 and above – below 30 years,Transgender,0.0,ok,text
2015,Rajkot,30-44,30 and above – below 45 years,Female,44.0,ok,text
2015,Rajkot,30-44,30 and above – below 45 years,Male,90.0,ok,text
2015,Rajkot,30-44,30 and above – below 45 years,Total,134.0,derived (sum of sexes),text
2015,Rajkot,30-44,30 and above – below 45 years,Transgender,0.0,ok,text
2015,Rajkot,45-59,45 and above – below 60 years,Female,39.0,ok,text
2015,Rajkot,45-59,45 and above – below 60 years,Male,36.0,ok,text
2015,Rajkot,45-59,45 and above – below 60 years,Total,75.0,derived (sum of sexes),text
2015,Rajkot,45-59,45 and above – below 60 years,Transgender,0.0,ok,text
2015,Rajkot,60+,60 years & above,Female,5.0,ok,text
2015,Rajkot,60+,60 years & above,Male,12.0,ok,text
2015,Rajkot,60+,60 years & above,Total,17.0,derived (sum of sexes),text
2015,Rajkot,60+,60 years & above,Transgender,0.0,ok,text
2015,Rajkot,all ages,Total,Female,159.0,ok,text
2015,Rajkot,all ages,Total,Male,255.0,ok,text
2015,Rajkot,all ages,Total,Total,414.0,no total,text
2015,Rajkot,all ages,Total,Transgender,0.0,ok,text
2015,Ranchi,0-14,below 14 years,Female,0.0,ok,text
2015,Ranchi,0-14,below 14 years,Male,0.0,ok,text
2015,Ranchi,0-14,below 14 years,Total,0.0,derived (sum of sexes),text
2015,Ranchi,0-14,below 14 years,Transgender,0.0,ok,text
2015,Ranchi,14-17,14 and above – below 18 years,Female,0.0,ok,text
2015,Ranchi,14-17,14 and above – below 18 years,Male,0.0,ok,text
2015,Ranchi,14-17,14 and above – below 18 years,Total,0.0,derived (sum of sexes),text
2015,Ranchi,14-17,14 and above – below 18 years,Transgender,0.0,ok,text
2015,Ranchi,18-29,18 and above – below 30 years,Female,0.0,ok,text
2015,Ranchi,18-29,18 and above – below 30 years,Male,0.0,ok,text
2015,Ranchi,18-29,18 and above – below 30 years,Total,0.0,derived (sum of sexes),text
2015,Ranchi,18-29,18 and above – below 30 years,Transgender,0.0,ok,text
2015,Ranchi,30-44,30 and above – below 45 years,Female,0.0,ok,text
2015,Ranchi,30-44,30 and above – below 45 years,Male,0.0,ok,text
2015,Ranchi,30-44,30 and above – below 45 years,Total,0.0,derived (sum of sexes),text
2015,Ranchi,30-44,30 and above – below 45 years,Transgender,0.0,ok,text
2015,Ranchi,45-59,45 and above – below 60 years,Female,0.0,ok,text
2015,Ranchi,45-59,45 and above – below 60 years,Male,0.0,ok,text
2015,Ranchi,45-59,45 and above – below 60 years,Total,0.0,derived (sum of sexes),text
2015,Ranchi,45-59,45 and above – below 60 years,Transgender,0.0,ok,text
2015,Ranchi,60+,60 years & above,Female,0.0,ok,text
2015,Ranchi,60+,60 years & above,Male,0.0,ok,text
2015,Ranchi,60+,60 years & above,Total,0.0,derived (sum of sexes),text
2015,Ranchi,60+,60 years & above,Transgender,0.0,ok,text
2015,Ranchi,all ages,Total,Female,0.0,ok,text
2015,Ranchi,all ages,Total,Male,0.0,ok,text
2015,Ranchi,all ages,Total,Total,0.0,no total,text
2015,Ranchi,all ages,Total,Transgender,0.0,ok,text
2015,Srinagar,0-14,below 14 years,Female,0.0,ok,text
2015,Srinagar,0-14,below 14 years,Male,0.0,ok,text
2015,Srinagar,0-14,below 14 years,Total,0.0,derived (sum of sexes),text
2015,Srinagar,0-14,below 14 years,Transgender,0.0,ok,text
2015,Srinagar,14-17,14 and above – below 18 years,Female,1.0,ok,text
2015,Srinagar,14-17,14 and above – below 18 years,Male,0.0,ok,text
2015,Srinagar,14-17,14 and above – below 18 years,Total,1.0,derived (sum of sexes),text
2015,Srinagar,14-17,14 and above – below 18 years,Transgender,0.0,ok,text
2015,Srinagar,18-29,18 and above – below 30 years,Female,2.0,ok,text
2015,Srinagar,18-29,18 and above – below 30 years,Male,1.0,ok,text
2015,Srinagar,18-29,18 and above – below 30 years,Total,3.0,derived (sum of sexes),text
2015,Srinagar,18-29,18 and above – below 30 years,Transgender,0.0,ok,text
2015,Srinagar,30-44,30 and above – below 45 years,Female,2.0,ok,text
2015,Srinagar,30-44,30 and above – below 45 years,Male,2.0,ok,text
2015,Srinagar,30-44,30 and above – below 45 years,Total,4.0,derived (sum of sexes),text
2015,Srinagar,30-44,30 and above – below 45 years,Transgender,0.0,ok,text
2015,Srinagar,45-59,45 and above – below 60 years,Female,0.0,ok,text
2015,Srinagar,45-59,45 and above – below 60 years,Male,0.0,ok,text
2015,Srinagar,45-59,45 and above – below 60 years,Total,0.0,derived (sum of sexes),text
2015,Srinagar,45-59,45 and above – below 60 years,Transgender,0.0,ok,text
2015,Srinagar,60+,60 years & above,Female,0.0,ok,text
2015,Srinagar,60+,60 years & above,Male,0.0,ok,text
2015,Srinagar,60+,60 years & above,Total,0.0,derived (sum of sexes),text
2015,Srinagar,60+,60 years & above,Transgender,0.0,ok,text
2015,Srinagar,all ages,Total,Female,5.0,ok,text
2015,Srinagar,all ages,Total,Male,3.0,ok,text
2015,Srinagar,all ages,Total,Total,8.0,no total,text
2015,Srinagar,all ages,Total,Transgender,0.0,ok,text
2015,Surat,0-14,below 14 years,Female,3.0,ok,text
2015,Surat,0-14,below 14 years,Male,4.0,ok,text
2015,Surat,0-14,below 14 years,Total,7.0,derived (sum of sexes),text
2015,Surat,0-14,below 14 years,Transgender,0.0,ok,text
2015,Surat,14-17,14 and above – below 18 years,Female,19.0,ok,text
2015,Surat,14-17,14 and above – below 18 years,Male,12.0,ok,text
2015,Surat,14-17,14 and above – below 18 years,Total,31.0,derived (sum of sexes),text
2015,Surat,14-17,14 and above – below 18 years,Transgender,0.0,ok,text
2015,Surat,18-29,18 and above – below 30 years,Female,102.0,ok,text
2015,Surat,18-29,18 and above – below 30 years,Male,189.0,ok,text
2015,Surat,18-29,18 and above – below 30 years,Total,291.0,derived (sum of sexes),text
2015,Surat,18-29,18 and above – below 30 years,Transgender,0.0,ok,text
2015,Surat,30-44,30 and above – below 45 years,Female,54.0,ok,text
2015,Surat,30-44,30 and above – below 45 years,Male,157.0,ok,text
2015,Surat,30-44,30 and above – below 45 years,Total,211.0,derived (sum of sexes),text
2015,Surat,30-44,30 and above – below 45 years,Transgender,0.0,ok,text
2015,Surat,45-59,45 and above – below 60 years,Female,18.0,ok,text
2015,Surat,45-59,45 and above – below 60 years,Male,73.0,ok,text
2015,Surat,45-59,45 and above – below 60 years,Total,91.0,derived (sum of sexes),text
2015,Surat,45-59,45 and above – below 60 years,Transgender,0.0,ok,text
2015,Surat,60+,60 years & above,Female,4.0,ok,text
2015,Surat,60+,60 years & above,Male,28.0,ok,text
2015,Surat,60+,60 years & above,Total,32.0,derived (sum of sexes),text
2015,Surat,60+,60 years & above,Transgender,0.0,ok,text
2015,Surat,all ages,Total,Female,200.0,ok,text
2015,Surat,all ages,Total,Male,463.0,ok,text
2015,Surat,all ages,Total,Total,663.0,no total,text
2015,Surat,all ages,Total,Transgender,0.0,ok,text
2015,Thiruvananthapuram,0-14,below 14 years,Female,0.0,ok,text
2015,Thiruvananthapuram,0-14,below 14 years,Male,0.0,ok,text
2015,Thiruvananthapuram,0-14,below 14 years,Total,0.0,derived (sum of sexes),text
2015,Thiruvananthapuram,0-14,below 14 years,Transgender,0.0,ok,text
2015,Thiruvananthapuram,14-17,14 and above – below 18 years,Female,5.0,ok,text
2015,Thiruvananthapuram,14-17,14 and above – below 18 years,Male,10.0,ok,text
2015,Thiruvananthapuram,14-17,14 and above – below 18 years,Total,15.0,derived (sum of sexes),text
2015,Thiruvananthapuram,14-17,14 and above – below 18 years,Transgender,0.0,ok,text
2015,Thiruvananthapuram,18-29,18 and above – below 30 years,Female,18.0,ok,text
2015,Thiruvananthapuram,18-29,18 and above – below 30 years,Male,43.0,ok,text
2015,Thiruvananthapuram,18-29,18 and above – below 30 years,Total,61.0,derived (sum of sexes),text
2015,Thiruvananthapuram,18-29,18 and above – below 30 years,Transgender,0.0,ok,text
2015,Thiruvananthapuram,30-44,30 and above – below 45 years,Female,12.0,ok,text
2015,Thiruvananthapuram,30-44,30 and above – below 45 years,Male,63.0,ok,text
2015,Thiruvananthapuram,30-44,30 and above – below 45 years,Total,75.0,derived (sum of sexes),text
2015,Thiruvananthapuram,30-44,30 and above – below 45 years,Transgender,0.0,ok,text
2015,Thiruvananthapuram,45-59,45 and above – below 60 years,Female,23.0,ok,text
2015,Thiruvananthapuram,45-59,45 and above – below 60 years,Male,73.0,ok,text
2015,Thiruvananthapuram,45-59,45 and above – below 60 years,Total,96.0,derived (sum of sexes),text
2015,Thiruvananthapuram,45-59,45 and above – below 60 years,Transgender,0.0,ok,text
2015,Thiruvananthapuram,60+,60 years & above,Female,13.0,ok,text
2015,Thiruvananthapuram,60+,60 years & above,Male,43.0,ok,text
2015,Thiruvananthapuram,60+,60 years & above,Total,56.0,derived (sum of sexes),text
2015,Thiruvananthapuram,60+,60 years & above,Transgender,0.0,ok,text
2015,Thiruvananthapuram,all ages,Total,Female,71.0,ok,text
2015,Thiruvananthapuram,all ages,Total,Male,232.0,ok,text
2015,Thiruvananthapuram,all ages,Total,Total,303.0,no total,text
2015,Thiruvananthapuram,all ages,Total,Transgender,0.0,ok,text
2015,Thrissur,0-14,below 14 years,Female,2.0,ok,text
2015,Thrissur,0-14,below 14 years,Male,1.0,ok,text
2015,Thrissur,0-14,below 14 years,Total,3.0,derived (sum of sexes),text
2015,Thrissur,0-14,below 14 years,Transgender,0.0,ok,text
2015,Thrissur,14-17,14 and above – below 18 years,Female,2.0,ok,text
2015,Thrissur,14-17,14 and above – below 18 years,Male,1.0,ok,text
2015,Thrissur,14-17,14 and above – below 18 years,Total,3.0,derived (sum of sexes),text
2015,Thrissur,14-17,14 and above – below 18 years,Transgender,0.0,ok,text
2015,Thrissur,18-29,18 and above – below 30 years,Female,13.0,ok,text
2015,Thrissur,18-29,18 and above – below 30 years,Male,21.0,ok,text
2015,Thrissur,18-29,18 and above – below 30 years,Total,34.0,derived (sum of sexes),text
2015,Thrissur,18-29,18 and above – below 30 years,Transgender,0.0,ok,text
2015,Thrissur,30-44,30 and above – below 45 years,Female,8.0,ok,text
2015,Thrissur,30-44,30 and above – below 45 years,Male,44.0,ok,text
2015,Thrissur,30-44,30 and above – below 45 years,Total,52.0,derived (sum of sexes),text
2015,Thrissur,30-44,30 and above – below 45 years,Transgender,0.0,ok,text
2015,Thrissur,45-59,45 and above – below 60 years,Female,8.0,ok,text
2015,Thrissur,45-59,45 and above – below 60 years,Male,63.0,ok,text
2015,Thrissur,45-59,45 and above – below 60 years,Total,71.0,derived (sum of sexes),text
2015,Thrissur,45-59,45 and above – below 60 years,Transgender,0.0,ok,text
2015,Thrissur,60+,60 years & above,Female,21.0,ok,text
2015,Thrissur,60+,60 years & above,Male,33.0,ok,text
2015,Thrissur,60+,60 years & above,Total,54.0,derived (sum of sexes),text
2015,Thrissur,60+,60 years & above,Transgender,0.0,ok,text
2015,Thrissur,all ages,Total,Female,54.0,ok,text
2015,Thrissur,all ages,Total,Male,163.0,ok,text
2015,Thrissur,all ages,Total,Total,217.0,no total,text
2015,Thrissur,all ages,Total,Transgender,0.0,ok,text
2015,Tiruchirappalli,0-14,below 14 years,Female,0.0,ok,text
2015,Tiruchirappalli,0-14,below 14 years,Male,1.0,ok,text
2015,Tiruchirappalli,0-14,below 14 years,Total,1.0,derived (sum of sexes),text
2015,Tiruchirappalli,0-14,below 14 years,Transgender,0.0,ok,text
2015,Tiruchirappalli,14-17,14 and above – below 18 years,Female,7.0,ok,text
2015,Tiruchirappalli,14-17,14 and above – below 18 years,Male,2.0,ok,text
2015,Tiruchirappalli,14-17,14 and above – below 18 years,Total,9.0,derived (sum of sexes),text
2015,Tiruchirappalli,14-17,14 and above – below 18 years,Transgender,0.0,ok,text
2015,Tiruchirappalli,18-29,18 and above – below 30 years,Female,30.0,ok,text
2015,Tiruchirappalli,18-29,18 and above – below 30 years,Male,41.0,ok,text
2015,Tiruchirappalli,18-29,18 and above – below 30 years,Total,71.0,derived (sum of sexes),text
2015,Tiruchirappalli,18-29,18 and above – below 30 years,Transgender,0.0,ok,text
2015,Tiruchirappalli,30-44,30 and above – below 45 years,Female,10.0,ok,text
2015,Tiruchirappalli,30-44,30 and above – below 45 years,Male,53.0,ok,text
2015,Tiruchirappalli,30-44,30 and above – below 45 years,Total,63.0,derived (sum of sexes),text
2015,Tiruchirappalli,30-44,30 and above – below 45 years,Transgender,0.0,ok,text
2015,Tiruchirappalli,45-59,45 and above – below 60 years,Female,10.0,ok,text
2015,Tiruchirappalli,45-59,45 and above – below 60 years,Male,23.0,ok,text
2015,Tiruchirappalli,45-59,45 and above – below 60 years,Total,33.0,derived (sum of sexes),text
2015,Tiruchirappalli,45-59,45 and above – below 60 years,Transgender,0.0,ok,text
2015,Tiruchirappalli,60+,60 years & above,Female,4.0,ok,text
2015,Tiruchirappalli,60+,60 years & above,Male,6.0,ok,text
2015,Tiruchirappalli,60+,60 years & above,Total,10.0,derived (sum of sexes),text
2015,Tiruchirappalli,60+,60 years & above,Transgender,0.0,ok,text
2015,Tiruchirappalli,all ages,Total,Female,61.0,ok,text
2015,Tiruchirappalli,all ages,Total,Male,126.0,ok,text
2015,Tiruchirappalli,all ages,Total,Total,187.0,no total,text
2015,Tiruchirappalli,all ages,Total,Transgender,0.0,ok,text
2015,Vadodara,0-14,below 14 years,Female,2.0,ok,text
2015,Vadodara,0-14,below 14 years,Male,0.0,ok,text
2015,Vadodara,0-14,below 14 years,Total,2.0,derived (sum of sexes),text
2015,Vadodara,0-14,below 14 years,Transgender,0.0,ok,text
2015,Vadodara,14-17,14 and above – below 18 years,Female,10.0,ok,text
2015,Vadodara,14-17,14 and above – below 18 years,Male,5.0,ok,text
2015,Vadodara,14-17,14 and above – below 18 years,Total,15.0,derived (sum of sexes),text
2015,Vadodara,14-17,14 and above – below 18 years,Transgender,0.0,ok,text
2015,Vadodara,18-29,18 and above – below 30 years,Female,23.0,ok,text
2015,Vadodara,18-29,18 and above – below 30 years,Male,47.0,ok,text
2015,Vadodara,18-29,18 and above – below 30 years,Total,70.0,derived (sum of sexes),text
2015,Vadodara,18-29,18 and above – below 30 years,Transgender,0.0,ok,text
2015,Vadodara,30-44,30 and above – below 45 years,Female,13.0,ok,text
2015,Vadodara,30-44,30 and above – below 45 years,Male,52.0,ok,text
2015,Vadodara,30-44,30 and above – below 45 years,Total,65.0,derived (sum of sexes),text
2015,Vadodara,30-44,30 and above – below 45 years,Transgender,0.0,ok,text
2015,Vadodara,45-59,45 and above – below 60 years,Female,10.0,ok,text
2015,Vadodara,45-59,45 and above – below 60 years,Male,36.0,ok,text
2015,Vadodara,45-59,45 and above – below 60 years,Total,46.0,derived (sum of sexes),text
2015,Vadodara,45-59,45 and above – below 60 years,Transgender,0.0,ok,text
2015,Vadodara,60+,60 years & above,Female,11.0,ok,text
2015,Vadodara,60+,60 years & above,Male,10.0,ok,text
2015,Vadodara,60+,60 years & above,Total,21.0,derived (sum of sexes),text
2015,Vadodara,60+,60 years & above,Transgender,0.0,ok,text
2015,Vadodara,all ages,Total,Female,69.0,ok,text
2015,Vadodara,all ages,Total,Male,150.0,ok,text
2015,Vadodara,all ages,Total,Total,219.0,no total,text
2015,Vadodara,all ages,Total,Transgender,0.0,ok,text
2015,Varanasi,0-14,below 14 years,Female,1.0,ok,text
2015,Varanasi,0-14,below 14 years,Male,0.0,ok,text
2015,Varanasi,0-14,below 14 years,Total,1.0,derived (sum of sexes),text
2015,Varanasi,0-14,below 14 years,Transgender,0.0,ok,text
2015,Varanasi,14-17,14 and above – below 18 years,Female,2.0,ok,text
2015,Varanasi,14-17,14 and above – below 18 years,Male,5.0,ok,text
2015,Varanasi,14-17,14 and above – below 18 years,Total,7.0,derived (sum of sexes),text
2015,Varanasi,14-17,14 and above – below 18 years,Transgender,0.0,ok,text
2015,Varanasi,18-29,18 and above – below 30 years,Female,29.0,ok,text
2015,Varanasi,18-29,18 and above – below 30 years,Male,29.0,ok,text
2015,Varanasi,18-29,18 and above – below 30 years,Total,58.0,derived (sum of sexes),text
2015,Varanasi,18-29,18 and above – below 30 years,Transgender,0.0,ok,text
2015,Varanasi,30-44,30 and above – below 45 years,Female,3.0,ok,text
2015,Varanasi,30-44,30 and above – below 45 years,Male,23.0,ok,text
2015,Varanasi,30-44,30 and above – below 45 years,Total,26.0,derived (sum of sexes),text
2015,Varanasi,30-44,30 and above – below 45 years,Transgender,0.0,ok,text
2015,Varanasi,45-59,45 and above – below 60 years,Female,2.0,ok,text
2015,Varanasi,45-59,45 and above – below 60 years,Male,14.0,ok,text
2015,Varanasi,45-59,45 and above – below 60 years,Total,16.0,derived (sum of sexes),text
2015,Varanasi,45-59,45 and above – below 60 years,Transgender,0.0,ok,text
2015,Varanasi,60+,60 years & above,Female,3.0,ok,text
2015,Varanasi,60+,60 years & above,Male,10.0,ok,text
2015,Varanasi,60+,60 years & above,Total,13.0,derived (sum of sexes),text
2015,Varanasi,60+,60 years & above,Transgender,0.0,ok,text
2015,Varanasi,all ages,Total,Female,40.0,ok,text
2015,Varanasi,all ages,Total,Male,81.0,ok,text
2015,Varanasi,all ages,Total,Total,121.0,no total,text
2015,Varanasi,all ages,Total,Transgender,0.0,ok,text
2015,Vasai Virar,0-14,below 14 years,Female,0.0,ok,text
2015,Vasai Virar,0-14,below 14 years,Male,3.0,ok,text
2015,Vasai Virar,0-14,below 14 years,Total,3.0,derived (sum of sexes),text
2015,Vasai Virar,0-14,below 14 years,Transgender,0.0,ok,text
2015,Vasai Virar,14-17,14 and above – below 18 years,Female,5.0,ok,text
2015,Vasai Virar,14-17,14 and above – below 18 years,Male,11.0,ok,text
2015,Vasai Virar,14-17,14 and above – below 18 years,Total,16.0,derived (sum of sexes),text
2015,Vasai Virar,14-17,14 and above – below 18 years,Transgender,0.0,ok,text
2015,Vasai Virar,18-29,18 and above – below 30 years,Female,26.0,ok,text
2015,Vasai Virar,18-29,18 and above – below 30 years,Male,31.0,ok,text
2015,Vasai Virar,18-29,18 and above – below 30 years,Total,57.0,derived (sum of sexes),text
2015,Vasai Virar,18-29,18 and above – below 30 years,Transgender,0.0,ok,text
2015,Vasai Virar,30-44,30 and above – below 45 years,Female,16.0,ok,text
2015,Vasai Virar,30-44,30 and above – below 45 years,Male,47.0,ok,text
2015,Vasai Virar,30-44,30 and above – below 45 years,Total,63.0,derived (sum of sexes),text
2015,Vasai Virar,30-44,30 and above – below 45 years,Transgender,0.0,ok,text
2015,Vasai Virar,45-59,45 and above – below 60 years,Female,5.0,ok,text
2015,Vasai Virar,45-59,45 and above – below 60 years,Male,22.0,ok,text
2015,Vasai Virar,45-59,45 and above – below 60 years,Total,27.0,derived (sum of sexes),text
2015,Vasai Virar,45-59,45 and above – below 60 years,Transgender,0.0,ok,text
2015,Vasai Virar,60+,60 years & above,Female,5.0,ok,text
2015,Vasai Virar,60+,60 years & above,Male,5.0,ok,text
2015,Vasai Virar,60+,60 years & above,Total,10.0,derived (sum of sexes),text
2015,Vasai Virar,60+,60 years & above,Transgender,0.0,ok,text
2015,Vasai Virar,all ages,Total,Female,57.0,ok,text
2015,Vasai Virar,all ages,Total,Male,119.0,ok,text
2015,Vasai Virar,all ages,Total,Total,176.0,no total,text
2015,Vasai Virar,all ages,Total,Transgender,0.0,ok,text
2015,Vijayawada,0-14,below 14 years,Female,2.0,ok,text
2015,Vijayawada,0-14,below 14 years,Male,0.0,ok,text
2015,Vijayawada,0-14,below 14 years,Total,2.0,derived (sum of sexes),text
2015,Vijayawada,0-14,below 14 years,Transgender,0.0,ok,text
2015,Vijayawada,14-17,14 and above – below 18 years,Female,8.0,ok,text
2015,Vijayawada,14-17,14 and above – below 18 years,Male,14.0,ok,text
2015,Vijayawada,14-17,14 and above – below 18 years,Total,22.0,derived (sum of sexes),text
2015,Vijayawada,14-17,14 and above – below 18 years,Transgender,0.0,ok,text
2015,Vijayawada,18-29,18 and above – below 30 years,Female,32.0,ok,text
2015,Vijayawada,18-29,18 and above – below 30 years,Male,65.0,ok,text
2015,Vijayawada,18-29,18 and above – below 30 years,Total,97.0,derived (sum of sexes),text
2015,Vijayawada,18-29,18 and above – below 30 years,Transgender,0.0,ok,text
2015,Vijayawada,30-44,30 and above – below 45 years,Female,21.0,ok,text
2015,Vijayawada,30-44,30 and above – below 45 years,Male,98.0,ok,text
2015,Vijayawada,30-44,30 and above – below 45 years,Total,119.0,derived (sum of sexes),text
2015,Vijayawada,30-44,30 and above – below 45 years,Transgender,0.0,ok,text
2015,Vijayawada,45-59,45 and above – below 60 years,Female,11.0,ok,text
2015,Vijayawada,45-59,45 and above – below 60 years,Male,37.0,ok,text
2015,Vijayawada,45-59,45 and above – below 60 years,Total,48.0,derived (sum of sexes),text
2015,Vijayawada,45-59,45 and above – below 60 years,Transgender,0.0,ok,text
2015,Vijayawada,60+,60 years & above,Female,10.0,ok,text
2015,Vijayawada,60+,60 years & above,Male,13.0,ok,text
2015,Vijayawada,60+,60 years & above,Total,23.0,derived (sum of sexes),text
2015,Vijayawada,60+,60 years & above,Transgender,0.0,ok,text
2015,Vijayawada,all ages,Total,Female,84.0,ok,text
2015,Vijayawada,all ages,Total,Male,227.0,ok,text
2015,Vijayawada,all ages,Total,Total,311.0,no total,text
2015,Vijayawada,all ages,Total,Transgender,0.0,ok,text
2015,Visakhapatnam,0-14,below 14 years,Female,0.0,ok,text
2015,Visakhapatnam,0-14,below 14 years,Male,0.0,ok,text
2015,Visakhapatnam,0-14,below 14 years,Total,0.0,derived (sum of sexes),text
2015,Visakhapatnam,0-14,below 14 years,Transgender,0.0,ok,text
2015,Visakhapatnam,14-17,14 and above – below 18 years,Female,6.0,ok,text
2015,Visakhapatnam,14-17,14 and above – below 18 years,Male,4.0,ok,text
2015,Visakhapatnam,14-17,14 and above – below 18 years,Total,10.0,derived (sum of sexes),text
2015,Visakhapatnam,14-17,14 and above – below 18 years,Transgender,0.0,ok,text
2015,Visakhapatnam,18-29,18 and above – below 30 years,Female,24.0,ok,text
2015,Visakhapatnam,18-29,18 and above – below 30 years,Male,46.0,ok,text
2015,Visakhapatnam,18-29,18 and above – below 30 years,Total,70.0,derived (sum of sexes),text
2015,Visakhapatnam,18-29,18 and above – below 30 years,Transgender,0.0,ok,text
2015,Visakhapatnam,30-44,30 and above – below 45 years,Female,15.0,ok,text
2015,Visakhapatnam,30-44,30 and above – below 45 years,Male,49.0,ok,text
2015,Visakhapatnam,30-44,30 and above – below 45 years,Total,64.0,derived (sum of sexes),text
2015,Visakhapatnam,30-44,30 and above – below 45 years,Transgender,0.0,ok,text
2015,Visakhapatnam,45-59,45 and above – below 60 years,Female,4.0,ok,text
2015,Visakhapatnam,45-59,45 and above – below 60 years,Male,23.0,ok,text
2015,Visakhapatnam,45-59,45 and above – below 60 years,Total,27.0,derived (sum of sexes),text
2015,Visakhapatnam,45-59,45 and above – below 60 years,Transgender,0.0,ok,text
2015,Visakhapatnam,60+,60 years & above,Female,1.0,ok,text
2015,Visakhapatnam,60+,60 years & above,Male,5.0,ok,text
2015,Visakhapatnam,60+,60 years & above,Total,6.0,derived (sum of sexes),text
2015,Visakhapatnam,60+,60 years & above,Transgender,0.0,ok,text
2015,Visakhapatnam,all ages,Total,Female,50.0,ok,text
2015,Visakhapatnam,all ages,Total,Male,127.0,ok,text
2015,Visakhapatnam,all ages,Total,Total,177.0,no total,text
2015,Visakhapatnam,all ages,Total,Transgender,0.0,ok,text
