profession_as_printed,sex,age,value,raw,check,year,source,profession,age_band
Housewife,Male,Below 18 years,0.0,0,ok,2021,text,House wife,0-17
Housewife,Male,18 Yr and above – below,0.0,0,ok,2021,text,House wife,18-29
Housewife,Male,30 Yr and above – below,0.0,0,ok,2021,text,House wife,30-44
Housewife,Male,45 Yr and above – below 30 years 45 years 60 years,0.0,0,ok,2021,text,House wife,45-59
Housewife,Male,60 years & above,0.0,0,ok,2021,text,House wife,60+
Housewife,Male,Total,0.0,0,ok,2021,text,House wife,all ages
Housewife,Female,Below 18 years,1.0,1,ok,2021,text,House wife,0-17
Housewife,Female,18 Yr and above – below,1107.0,1107,ok,2021,text,House wife,18-29
Housewife,Female,30 Yr and above – below,1048.0,1048,ok,2021,text,House wife,30-44
Housewife,Female,45 Yr and above – below 30 years 45 years 60 years,625.0,625,ok,2021,text,House wife,45-59
Housewife,Female,60 years & above,440.0,440,ok,2021,text,House wife,60+
Housewife,Female,Total,3221.0,3221,ok,2021,text,House wife,all ages
Housewife,Transgender,Below 18 years,0.0,0,ok,2021,text,House wife,0-17
Housewife,Transgender,18 Yr and above – below,0.0,0,ok,2021,text,House wife,18-29
Housewife,Transgender,30 Yr and above – below,0.0,0,ok,2021,text,House wife,30-44
Housewife,Transgender,45 yr and above – below 30 years 45 years 60 years,0.0,0,ok,2021,text,House wife,45-59
Housewife,Transgender,60 years & above,0.0,0,ok,2021,text,House wife,60+
Housewife,Transgender,Total,0.0,0,ok,2021,text,House wife,all ages
Housewife,Total,,3221.0,3221,no total,2021,text,House wife,all ages
Central/UT Govt. Servants,Male,Below 18 years,0.0,0,ok,2021,text,Government servant,0-17
Central/UT Govt. Servants,Male,18 Yr and above – below,10.0,10,ok,2021,text,Government servant,18-29
Central/UT Govt. Servants,Male,30 Yr and above – below,19.0,19,ok,2021,text,Government servant,30-44
Central/UT Govt. Servants,Male,45 Yr and above – below 30 years 45 years 60 years,24.0,24,ok,2021,text,Government servant,45-59
Central/UT Govt. Servants,Male,60 years & above,1.0,1,ok,2021,text,Government servant,60+
Central/UT Govt. Servants,Male,Total,54.0,54,ok,2021,text,Government servant,all ages
Central/UT Govt. Servants,Female,Below 18 years,0.0,0,ok,2021,text,Government servant,0-17
Central/UT Govt. Servants,Female,18 Yr and above – below,3.0,3,ok,2021,text,Government servant,18-29
Central/UT Govt. Servants,Female,30 Yr and above – below,2.0,2,ok,2021,text,Government servant,30-44
Central/UT Govt. Servants,Female,45 Yr and above – below 30 years 45 years 60 years,0.0,0,ok,2021,text,Government servant,45-59
Central/UT Govt. Servants,Female,60 years & above,2.0,2,ok,2021,text,Government servant,60+
Central/UT Govt. Servants,Female,Total,7.0,7,ok,2021,text,Government servant,all ages
Central/UT Govt. Servants,Transgender,Below 18 years,0.0,0,ok,2021,text,Government servant,0-17
Central/UT Govt. Servants,Transgender,18 Yr and above – below,0.0,0,ok,2021,text,Government servant,18-29
Central/UT Govt. Servants,Transgender,30 Yr and above – below,0.0,0,ok,2021,text,Government servant,30-44
Central/UT Govt. Servants,Transgender,45 yr and above – below 30 years 45 years 60 years,0.0,0,ok,2021,text,Government servant,45-59
Central/UT Govt. Servants,Transgender,60 years & above,0.0,0,ok,2021,text,Government servant,60+
Central/UT Govt. Servants,Transgender,Total,0.0,0,ok,2021,text,Government servant,all ages
Central/UT Govt. Servants,Total,,61.0,61,no total,2021,text,Government servant,all ages
State Govt. Servants,Male,Below 18 years,0.0,0,ok,2021,text,Government servant,0-17
State Govt. Servants,Male,18 Yr and above – below,19.0,19,ok,2021,text,Government servant,18-29
State Govt. Servants,Male,30 Yr and above – below,63.0,63,ok,2021,text,Government servant,30-44
State Govt. Servants,Male,45 Yr and above – below 30 years 45 years 60 years,56.0,56,ok,2021,text,Government servant,45-59
State Govt. Servants,Male,60 years & above,3.0,3,ok,2021,text,Government servant,60+
State Govt. Servants,Male,Total,141.0,141,ok,2021,text,Government servant,all ages
State Govt. Servants,,Below 18 years,0.0,0,no total,2021,text,Government servant,0-17
State Govt. Servants,,18 Yr and above – below,7.0,7,no total,2021,text,Government servant,18-29
State Govt. Servants,,30 Yr and above – below,12.0,12,no total,2021,text,Government servant,30-44
State Govt. Servants,,45 Yr and above – below 30 years 45 years 60 years,7.0,7,no total,2021,text,Government servant,45-59
State Govt. Servants,,60 years & above,0.0,0,no total,2021,text,Government servant,60+
State Govt. Servants,Total,,26.0,26,no total,2021,text,Government servant,all ages
State Govt. Servants,Transgender,Below 18 years,0.0,0,ok,2021,text,Government servant,0-17
State Govt. Servants,Transgender,18 Yr and above – below,0.0,0,ok,2021,text,Government servant,18-29
State Govt. Servants,Transgender,30 Yr and above – below,0.0,0,ok,2021,text,Government servant,30-44
State Govt. Servants,Transgender,45 yr and above – below 30 years 45 years 60 years,0.0,0,ok,2021,text,Government servant,45-59
State Govt. Servants,Transgender,60 years & above,0.0,0,ok,2021,text,Government servant,60+
State Govt. Servants,Transgender,Total,0.0,0,ok,2021,text,Government servant,all ages
State Govt. Servants,Total,,167.0,167,no total,2021,text,Government servant,all ages
Other Statutory Body/etc.,Male,Below 18 years,0.0,0,ok,2021,text,Other / not known,0-17
Other Statutory Body/etc.,Male,18 Yr and above – below,1.0,1,ok,2021,text,Other / not known,18-29
Other Statutory Body/etc.,Male,30 Yr and above – below,17.0,17,ok,2021,text,Other / not known,30-44
Other Statutory Body/etc.,Male,45 Yr and above – below 30 years 45 years 60 years,30.0,30,ok,2021,text,Other / not known,45-59
Other Statutory Body/etc.,Male,60 years & above,2.0,2,ok,2021,text,Other / not known,60+
Other Statutory Body/etc.,Male,Total,50.0,50,ok,2021,text,Other / not known,all ages
Other Statutory Body/etc.,,Below 18 years,0.0,0,no total,2021,text,Other / not known,0-17
Other Statutory Body/etc.,,18 Yr and above – below,2.0,2,no total,2021,text,Other / not known,18-29
Other Statutory Body/etc.,,30 Yr and above – below,2.0,2,no total,2021,text,Other / not known,30-44
Other Statutory Body/etc.,,45 Yr and above – below 30 years 45 years 60 years,2.0,2,no total,2021,text,Other / not known,45-59
Other Statutory Body/etc.,,60 years & above,0.0,0,no total,2021,text,Other / not known,60+
Other Statutory Body/etc.,Total,,6.0,6,no total,2021,text,Other / not known,all ages
Other Statutory Body/etc.,Transgender,Below 18 years,0.0,0,ok,2021,text,Other / not known,0-17
Other Statutory Body/etc.,Transgender,18 Yr and above – below,0.0,0,ok,2021,text,Other / not known,18-29
Other Statutory Body/etc.,Transgender,30 Yr and above – below,0.0,0,ok,2021,text,Other / not known,30-44
Other Statutory Body/etc.,Transgender,45 Yr and above – below 30 years 45 years 60 years,0.0,0,ok,2021,text,Other / not known,45-59
Other Statutory Body/etc.,Transgender,60 years & above,0.0,0,ok,2021,text,Other / not known,60+
Other Statutory Body/etc.,Transgender,Total,0.0,0,ok,2021,text,Other / not known,all ages
Other Statutory Body/etc.,Total,,56.0,56,no total,2021,text,Other / not known,all ages
Private Sector Enterprises,Male,Below 18 years,0.0,0,ok,2021,text,Private sector,0-17
Private Sector Enterprises,Male,18 Yr and above – below,399.0,399,ok,2021,text,Private sector,18-29
Private Sector Enterprises,Male,30 Yr and above – below,422.0,422,ok,2021,text,Private sector,30-44
Private Sector Enterprises,Male,45 Yr and above – below 30 years 45 years 60 years,147.0,147,ok,2021,text,Private sector,45-59
Private Sector Enterprises,Male,60 years & above,54.0,54,ok,2021,text,Private sector,60+
Private Sector Enterprises,Male,Total,1022.0,1022,ok,2021,text,Private sector,all ages
Private Sector Enterprises,Female,Below 18 years,0.0,0,ok,2021,text,Private sector,0-17
Private Sector Enterprises,Female,18 Yr and above – below,116.0,116,ok,2021,text,Private sector,18-29
Private Sector Enterprises,Female,30 Yr and above – below,39.0,39,ok,2021,text,Private sector,30-44
Private Sector Enterprises,Female,45 Yr and above – below 30 years 45 years 60 years,11.0,11,ok,2021,text,Private sector,45-59
Private Sector Enterprises,Female,60 years & above,8.0,8,ok,2021,text,Private sector,60+
Private Sector Enterprises,Female,Total,174.0,174,ok,2021,text,Private sector,all ages
Private Sector Enterprises,Transgender,Below 18 years,0.0,0,ok,2021,text,Private sector,0-17
Private Sector Enterprises,Transgender,18 Yr and above – below,0.0,0,ok,2021,text,Private sector,18-29
Private Sector Enterprises,Transgender,30 Yr and above – below,0.0,0,ok,2021,text,Private sector,30-44
Private Sector Enterprises,Transgender,45 yr and above – below 30 years 45 years 60 years,0.0,0,ok,2021,text,Private sector,45-59
Private Sector Enterprises,Transgender,60 years & above,0.0,0,ok,2021,text,Private sector,60+
Private Sector Enterprises,Transgender,Total,0.0,0,ok,2021,text,Private sector,all ages
Private Sector Enterprises,Total,,1196.0,1196,no total,2021,text,Private sector,all ages
Public Sector Undertaking,Male,Below 18 years,0.0,0,ok,2021,text,Public sector undertaking,0-17
Public Sector Undertaking,Male,18 Yr and above – below,141.0,141,ok,2021,text,Public sector undertaking,18-29
Public Sector Undertaking,Male,30 Yr and above – below,165.0,165,ok,2021,text,Public sector undertaking,30-44
Public Sector Undertaking,Male,45 Yr and above – below 30 years 45 years 60 years,112.0,112,ok,2021,text,Public sector undertaking,45-59
Public Sector Undertaking,Male,60 years & above,34.0,34,ok,2021,text,Public sector undertaking,60+
Public Sector Undertaking,Male,Total,452.0,452,ok,2021,text,Public sector undertaking,all ages
Public Sector Undertaking,Female,Below 18 years,0.0,0,ok,2021,text,Public sector undertaking,0-17
Public Sector Undertaking,Female,18 Yr and above – below,37.0,37,ok,2021,text,Public sector undertaking,18-29
Public Sector Undertaking,Female,30 Yr and above – below,18.0,18,ok,2021,text,Public sector undertaking,30-44
Public Sector Undertaking,Female,45 Yr and above – below 30 years 45 years 60 years,4.0,4,ok,2021,text,Public sector undertaking,45-59
Public Sector Undertaking,Female,60 years & above,1.0,1,ok,2021,text,Public sector undertaking,60+
Public Sector Undertaking,Female,Total,60.0,60,ok,2021,text,Public sector undertaking,all ages
Public Sector Undertaking,Transgender,Below 18 years,0.0,0,ok,2021,text,Public sector undertaking,0-17
Public Sector Undertaking,Transgender,18 Yr and above – below,0.0,0,ok,2021,text,Public sector undertaking,18-29
Public Sector Undertaking,Transgender,30 Yr and above – below,1.0,1,ok,2021,text,Public sector undertaking,30-44
Public Sector Undertaking,Transgender,45 yr and above – below 30 years 45 years 60 years,0.0,0,ok,2021,text,Public sector undertaking,45-59
Public Sector Undertaking,Transgender,60 years & above,0.0,0,ok,2021,text,Public sector undertaking,60+
Public Sector Undertaking,Transgender,Total,1.0,1,ok,2021,text,Public sector undertaking,all ages
Public Sector Undertaking,Total,,513.0,513,no total,2021,text,Public sector undertaking,all ages
Students,Male,Below 18 years,243.0,243,ok,2021,text,Student,0-17
Students,Male,18 Yr and above – below,304.0,304,ok,2021,text,Student,18-29
Students,Male,30 Yr and above – below,0.0,0,ok,2021,text,Student,30-44
Students,Male,45 Yr and above – below 30 years 45 years 60 years,0.0,0,ok,2021,text,Student,45-59
Students,Male,60 years & above,0.0,0,ok,2021,text,Student,60+
Students,Male,Total,547.0,547,ok,2021,text,Student,all ages
Students,Female,Below 18 years,433.0,433,ok,2021,text,Student,0-17
Students,Female,18 Yr and above – below,266.0,266,ok,2021,text,Student,18-29
Students,Female,30 Yr and above – below,0.0,0,ok,2021,text,Student,30-44
Students,Female,45 Yr and above – below 30 years 45 years 60 years,0.0,0,ok,2021,text,Student,45-59
Students,Female,60 years & above,0.0,0,ok,2021,text,Student,60+
Students,Female,Total,699.0,699,ok,2021,text,Student,all ages
Students,Transgender,Below 18 years,0.0,0,ok,2021,text,Student,0-17
Students,Transgender,18 Yr and above – below,0.0,0,ok,2021,text,Student,18-29
Students,Transgender,30 Yr and above – below,0.0,0,ok,2021,text,Student,30-44
Students,Transgender,45 yr and above – below 30 years 45 years 60 years,0.0,0,ok,2021,text,Student,45-59
Students,Transgender,60 years & above,0.0,0,ok,2021,text,Student,60+
Students,Transgender,Total,0.0,0,ok,2021,text,Student,all ages
Students,Total,,1246.0,1246,no total,2021,text,Student,all ages
Unemployed Persons,Male,Below 18 years,7.0,7,ok,2021,text,Unemployed,0-17
Unemployed Persons,Male,18 Yr and above – below,453.0,453,ok,2021,text,Unemployed,18-29
Unemployed Persons,Male,30 Yr and above – below,328.0,328,ok,2021,text,Unemployed,30-44
Unemployed Persons,Male,45 Yr and above – below 30 years 45 years 60 years,252.0,252,ok,2021,text,Unemployed,45-59
Unemployed Persons,Male,60 years & above,305.0,305,ok,2021,text,Unemployed,60+
Unemployed Persons,Male,Total,1345.0,1345,ok,2021,text,Unemployed,all ages
Unemployed Persons,Female,Below 18 years,19.0,19,ok,2021,text,Unemployed,0-17
Unemployed Persons,Female,18 Yr and above – below,165.0,165,ok,2021,text,Unemployed,18-29
Unemployed Persons,Female,30 Yr and above – below,52.0,52,ok,2021,text,Unemployed,30-44
Unemployed Persons,Female,45 Yr and above – below 30 years 45 years 60 years,26.0,26,ok,2021,text,Unemployed,45-59
Unemployed Persons,Female,60 years & above,45.0,45,ok,2021,text,Unemployed,60+
Unemployed Persons,Female,Total,307.0,307,ok,2021,text,Unemployed,all ages
Unemployed Persons,Transgender,Below 18 years,1.0,1,ok,2021,text,Unemployed,0-17
Unemployed Persons,Transgender,18 Yr and above – below,2.0,2,ok,2021,text,Unemployed,18-29
Unemployed Persons,Transgender,30 Yr and above – below,2.0,2,ok,2021,text,Unemployed,30-44
Unemployed Persons,Transgender,45 yr and above – below 30 years 45 years 60 years,0.0,0,ok,2021,text,Unemployed,45-59
Unemployed Persons,Transgender,60 years & above,0.0,0,ok,2021,text,Unemployed,60+
Unemployed Persons,Transgender,Total,5.0,5,ok,2021,text,Unemployed,all ages
Unemployed Persons,Total,,1657.0,1657,no total,2021,text,Unemployed,all ages
Vendor,Male,Below 18 years,0.0,0,ok,2021,text,Other / not known,0-17
Vendor,Male,18 Yr and above – below,113.0,113,ok,2021,text,Other / not known,18-29
Vendor,Male,30 Yr and above – below,161.0,161,ok,2021,text,Other / not known,30-44
Vendor,Male,45 Yr and above – below 30 years 45 years 60 years,97.0,97,ok,2021,text,Other / not known,45-59
Vendor,Male,60 years & above,35.0,35,ok,2021,text,Other / not known,60+
Vendor,Male,Total,406.0,406,ok,2021,text,Other / not known,all ages
Vendor,Female,Below 18 years,0.0,0,ok,2021,text,Other / not known,0-17
Vendor,Female,18 Yr and above – below,16.0,16,ok,2021,text,Other / not known,18-29
Vendor,Female,30 Yr and above – below,13.0,13,ok,2021,text,Other / not known,30-44
Vendor,Female,45 Yr and above – below 30 years 45 years 60 years,13.0,13,ok,2021,text,Other / not known,45-59
Vendor,Female,60 years & above,2.0,2,ok,2021,text,Other / not known,60+
Vendor,Female,Total,44.0,44,ok,2021,text,Other / not known,all ages
Vendor,Transgender,Below 18 years,0.0,0,ok,2021,text,Other / not known,0-17
Vendor,Transgender,18 Yr and above – below,0.0,0,ok,2021,text,Other / not known,18-29
Vendor,Transgender,30 Yr and above – below,0.0,0,ok,2021,text,Other / not known,30-44
Vendor,Transgender,45 yr and above – below 30 years 45 years 60 years,0.0,0,ok,2021,text,Other / not known,45-59
Vendor,Transgender,60 years & above,0.0,0,ok,2021,text,Other / not known,60+
Vendor,Transgender,Total,0.0,0,ok,2021,text,Other / not known,all ages
Vendor,Total,,450.0,450,no total,2021,text,Other / not known,all ages
Tradesmen,Male,Below 18 years,0.0,0,ok,2021,text,Other / not known,0-17
Tradesmen,Male,18 Yr and above – below,45.0,45,ok,2021,text,Other / not known,18-29
Tradesmen,Male,30 Yr and above – below,117.0,117,ok,2021,text,Other / not known,30-44
Tradesmen,Male,45 Yr and above – below 30 years 45 years 60 years,69.0,69,ok,2021,text,Other / not known,45-59
Tradesmen,Male,60 years & above,18.0,18,ok,2021,text,Other / not known,60+
Tradesmen,Male,Total,249.0,249,ok,2021,text,Other / not known,all ages
Tradesmen,Female,Below 18 years,0.0,0,ok,2021,text,Other / not known,0-17
Tradesmen,Female,18 Yr and above – below,2.0,2,ok,2021,text,Other / not known,18-29
Tradesmen,Female,30 Yr and above – below,3.0,3,ok,2021,text,Other / not known,30-44
Tradesmen,Female,45 Yr and above – below 30 years 45 years 60 years,2.0,2,ok,2021,text,Other / not known,45-59
Tradesmen,Female,60 years & above,0.0,0,ok,2021,text,Other / not known,60+
Tradesmen,Female,Total,7.0,7,ok,2021,text,Other / not known,all ages
Tradesmen,Transgender,Below 18 years,0.0,0,ok,2021,text,Other / not known,0-17
Tradesmen,Transgender,18 Yr and above – below,0.0,0,ok,2021,text,Other / not known,18-29
Tradesmen,Transgender,30 Yr and above – below,0.0,0,ok,2021,text,Other / not known,30-44
Tradesmen,Transgender,45 yr and above – below 30 years 45 years 60 years,0.0,0,ok,2021,text,Other / not known,45-59
Tradesmen,Transgender,60 years & above,0.0,0,ok,2021,text,Other / not known,60+
Tradesmen,Transgender,Total,0.0,0,ok,2021,text,Other / not known,all ages
Tradesmen,Total,,256.0,256,no total,2021,text,Other / not known,all ages
Others,Male,Below 18 years,0.0,0,ok,2021,text,Other / not known,0-17
Others,Male,18 Yr and above – below,105.0,105,ok,2021,text,Other / not known,18-29
Others,Male,30 Yr and above – below,152.0,152,ok,2021,text,Other / not known,30-44
Others,Male,45 Yr and above – below 30 years 45 years 60 years,122.0,122,ok,2021,text,Other / not known,45-59
Others,Male,60 years & above,20.0,20,ok,2021,text,Other / not known,60+
Others,Male,Total,399.0,399,ok,2021,text,Other / not known,all ages
Others,Female,Below 18 years,0.0,0,ok,2021,text,Other / not known,0-17
Others,Female,18 Yr and above – below,8.0,8,ok,2021,text,Other / not known,18-29
Others,Female,30 Yr and above – below,14.0,14,ok,2021,text,Other / not known,30-44
Others,Female,45 Yr and above – below 30 years 45 years 60 years,5.0,5,ok,2021,text,Other / not known,45-59
Others,Female,60 years & above,1.0,1,ok,2021,text,Other / not known,60+
Others,Female,Total,28.0,28,ok,2021,text,Other / not known,all ages
Others,Transgender,Below 18 years,0.0,0,ok,2021,text,Other / not known,0-17
Others,Transgender,18 Yr and above – below,0.0,0,ok,2021,text,Other / not known,18-29
Others,Transgender,30 Yr and above – below,0.0,0,ok,2021,text,Other / not known,30-44
Others,Transgender,45 yr and above – below 30 years 45 years 60 years,0.0,0,ok,2021,text,Other / not known,45-59
Others,Transgender,60 years & above,0.0,0,ok,2021,text,Other / not known,60+
Others,Transgender,Total,0.0,0,ok,2021,text,Other / not known,all ages
Others,Total,,427.0,427,no total,2021,text,Other / not known,all ages
Other Self-employed Persons,Male,Below 18 years,0.0,0,ok,2021,text,Self-employed: other,0-17
Other Self-employed Persons,Male,18 Yr and above – below,160.0,160,ok,2021,text,Self-employed: other,18-29
Other Self-employed Persons,Male,30 Yr and above – below,365.0,365,ok,2021,text,Self-employed: other,30-44
Other Self-employed Persons,Male,45 Yr and above – below 30 years 45 years 60 years,206.0,206,ok,2021,text,Self-employed: other,45-59
Other Self-employed Persons,Male,60 years & above,43.0,43,ok,2021,text,Self-employed: other,60+
Other Self-employed Persons,Male,Total,774.0,774,ok,2021,text,Self-employed: other,all ages
Other Self-employed Persons,Female,Below 18 years,0.0,0,ok,2021,text,Self-employed: other,0-17
Other Self-employed Persons,Female,18 Yr and above – below,9.0,9,ok,2021,text,Self-employed: other,18-29
Other Self-employed Persons,Female,30 Yr and above – below,16.0,16,ok,2021,text,Self-employed: other,30-44
Other Self-employed Persons,Female,45 Yr and above – below 30 years 45 years 60 years,3.0,3,ok,2021,text,Self-employed: other,45-59
Other Self-employed Persons,Female,60 years & above,2.0,2,ok,2021,text,Self-employed: other,60+
Other Self-employed Persons,Female,Total,30.0,30,ok,2021,text,Self-employed: other,all ages
Other Self-employed Persons,Transgender,Below 18 years,0.0,0,ok,2021,text,Self-employed: other,0-17
Other Self-employed Persons,Transgender,18 Yr and above – below,0.0,0,ok,2021,text,Self-employed: other,18-29
Other Self-employed Persons,Transgender,30 Yr and above – below,0.0,0,ok,2021,text,Self-employed: other,30-44
Other Self-employed Persons,Transgender,45 yr and above – below 30 years 45 years 60 years,0.0,0,ok,2021,text,Self-employed: other,45-59
Other Self-employed Persons,Transgender,60 years & above,0.0,0,ok,2021,text,Self-employed: other,60+
Other Self-employed Persons,Transgender,Total,0.0,0,ok,2021,text,Self-employed: other,all ages
Other Self-employed Persons,Total,,804.0,804,no total,2021,text,Self-employed: other,all ages
Who cultivate their own land with or without assistance of agricultural labourers,Male,Below 18 years,0.0,0,ok,2021,text,Agricultural labourer,0-17
Who cultivate their own land with or without assistance of agricultural labourers,Male,18 Yr and above – below,1.0,1,ok,2021,text,Agricultural labourer,18-29
Who cultivate their own land with or without assistance of agricultural labourers,Male,30 Yr and above – below,15.0,15,ok,2021,text,Agricultural labourer,30-44
Who cultivate their own land with or without assistance of agricultural labourers,Male,45 Yr and above – below 30 years 45 years 60 years,14.0,14,ok,2021,text,Agricultural labourer,45-59
Who cultivate their own land with or without assistance of agricultural labourers,Male,60 years & above,11.0,11,ok,2021,text,Agricultural labourer,60+
Who cultivate their own land with or without assistance of agricultural labourers,Male,Total,41.0,41,ok,2021,text,Agricultural labourer,all ages
Who cultivate their own land with or without assistance of agricultural labourers,Female,Below 18 years,0.0,0,ok,2021,text,Agricultural labourer,0-17
Who cultivate their own land with or without assistance of agricultural labourers,Female,18 Yr and above – below,0.0,0,ok,2021,text,Agricultural labourer,18-29
Who cultivate their own land with or without assistance of agricultural labourers,Female,30 Yr and above – below,2.0,2,ok,2021,text,Agricultural labourer,30-44
Who cultivate their own land with or without assistance of agricultural labourers,Female,45 Yr and above – below 30 years 45 years 60 years,0.0,0,ok,2021,text,Agricultural labourer,45-59
Who cultivate their own land with or without assistance of agricultural labourers,Female,60 years & above,0.0,0,ok,2021,text,Agricultural labourer,60+
Who cultivate their own land with or without assistance of agricultural labourers,Female,Total,2.0,2,ok,2021,text,Agricultural labourer,all ages
Who cultivate their own land with or without assistance of agricultural labourers,Transgender,Below 18 years,0.0,0,ok,2021,text,Agricultural labourer,0-17
Who cultivate their own land with or without assistance of agricultural labourers,Transgender,18 Yr and above – below,0.0,0,ok,2021,text,Agricultural labourer,18-29
Who cultivate their own land with or without assistance of agricultural labourers,Transgender,30 Yr and above – below,0.0,0,ok,2021,text,Agricultural labourer,30-44
Who cultivate their own land with or without assistance of agricultural labourers,Transgender,45 yr and above – below 30 years 45 years 60 years,0.0,0,ok,2021,text,Agricultural labourer,45-59
Who cultivate their own land with or without assistance of agricultural labourers,Transgender,60 years & above,0.0,0,ok,2021,text,Agricultural labourer,60+
Who cultivate their own land with or without assistance of agricultural labourers,Transgender,Total,0.0,0,ok,2021,text,Agricultural labourer,all ages
Who cultivate their own land with or without assistance of agricultural labourers,Total,,43.0,43,no total,2021,text,Agricultural labourer,all ages
Who cultivate on lease land/work on lease/on other's land (known by different nomenclature) with or without assistance of agricultural labourers,Male,Below 18 years,0.0,0,ok,2021,text,Agricultural labourer,0-17
Who cultivate on lease land/work on lease/on other's land (known by different nomenclature) with or without assistance of agricultural labourers,Male,18 Yr and above – below,1.0,1,ok,2021,text,Agricultural labourer,18-29
Who cultivate on lease land/work on lease/on other's land (known by different nomenclature) with or without assistance of agricultural labourers,Male,30 Yr and above – below,5.0,5,ok,2021,text,Agricultural labourer,30-44
Who cultivate on lease land/work on lease/on other's land (known by different nomenclature) with or without assistance of agricultural labourers,Male,45 Yr and above – below 30 years 45 years 60 years,5.0,5,ok,2021,text,Agricultural labourer,45-59
Who cultivate on lease land/work on lease/on other's land (known by different nomenclature) with or without assistance of agricultural labourers,Male,60 years & above,4.0,4,ok,2021,text,Agricultural labourer,60+
Who cultivate on lease land/work on lease/on other's land (known by different nomenclature) with or without assistance of agricultural labourers,Male,Total,15.0,15,ok,2021,text,Agricultural labourer,all ages
Who cultivate on lease land/work on lease/on other's land (known by different nomenclature) with or without assistance of agricultural labourers,Female,Below 18 years,0.0,0,ok,2021,text,Agricultural labourer,0-17
Who cultivate on lease land/work on lease/on other's land (known by different nomenclature) with or without assistance of agricultural labourers,Female,18 Yr and above – below,2.0,2,ok,2021,text,Agricultural labourer,18-29
Who cultivate on lease land/work on lease/on other's land (known by different nomenclature) with or without assistance of agricultural labourers,Female,30 Yr and above – below,0.0,0,ok,2021,text,Agricultural labourer,30-44
Who cultivate on lease land/work on lease/on other's land (known by different nomenclature) with or without assistance of agricultural labourers,Female,45 Yr and above – below 30 years 45 years 60 years,1.0,1,ok,2021,text,Agricultural labourer,45-59
Who cultivate on lease land/work on lease/on other's land (known by different nomenclature) with or without assistance of agricultural labourers,Female,60 years & above,0.0,0,ok,2021,text,Agricultural labourer,60+
Who cultivate on lease land/work on lease/on other's land (known by different nomenclature) with or without assistance of agricultural labourers,Female,Total,3.0,3,ok,2021,text,Agricultural labourer,all ages
Who cultivate on lease land/work on lease/on other's land (known by different nomenclature) with or without assistance of agricultural labourers,Transgender,Below 18 years,0.0,0,ok,2021,text,Agricultural labourer,0-17
Who cultivate on lease land/work on lease/on other's land (known by different nomenclature) with or without assistance of agricultural labourers,Transgender,18 Yr and above – below,0.0,0,ok,2021,text,Agricultural labourer,18-29
Who cultivate on lease land/work on lease/on other's land (known by different nomenclature) with or without assistance of agricultural labourers,Transgender,30 Yr and above – below,0.0,0,ok,2021,text,Agricultural labourer,30-44
Who cultivate on lease land/work on lease/on other's land (known by different nomenclature) with or without assistance of agricultural labourers,Transgender,45 yr and above – below 30 years 45 years 60 years,0.0,0,ok,2021,text,Agricultural labourer,45-59
Who cultivate on lease land/work on lease/on other's land (known by different nomenclature) with or without assistance of agricultural labourers,Transgender,60 years & above,0.0,0,ok,2021,text,Agricultural labourer,60+
Who cultivate on lease land/work on lease/on other's land (known by different nomenclature) with or without assistance of agricultural labourers,Transgender,Total,0.0,0,ok,2021,text,Agricultural labourer,all ages
Who cultivate on lease land/work on lease/on other's land (known by different nomenclature) with or without assistance of agricultural labourers,Total,,18.0,18,no total,2021,text,Agricultural labourer,all ages
Agricultural Labourers,Male,Below 18 years,0.0,0,ok,2021,text,Agricultural labourer,0-17
Agricultural Labourers,Male,18 Yr and above – below,87.0,87,ok,2021,text,Agricultural labourer,18-29
Agricultural Labourers,Male,30 Yr and above – below,138.0,138,ok,2021,text,Agricultural labourer,30-44
Agricultural Labourers,Male,45 Yr and above – below 30 years 45 years 60 years,153.0,153,ok,2021,text,Agricultural labourer,45-59
Agricultural Labourers,Male,60 years & above,95.0,95,ok,2021,text,Agricultural labourer,60+
Agricultural Labourers,Male,Total,473.0,473,ok,2021,text,Agricultural labourer,all ages
Agricultural Labourers,Female,Below 18 years,1.0,1,ok,2021,text,Agricultural labourer,0-17
Agricultural Labourers,Female,18 Yr and above – below,26.0,26,ok,2021,text,Agricultural labourer,18-29
Agricultural Labourers,Female,30 Yr and above – below,17.0,17,ok,2021,text,Agricultural labourer,30-44
Agricultural Labourers,Female,45 Yr and above – below 30 years 45 years 60 years,12.0,12,ok,2021,text,Agricultural labourer,45-59
Agricultural Labourers,Female,60 years & above,9.0,9,ok,2021,text,Agricultural labourer,60+
Agricultural Labourers,Female,Total,65.0,65,ok,2021,text,Agricultural labourer,all ages
Agricultural Labourers,Transgender,Below 18 years,0.0,0,ok,2021,text,Agricultural labourer,0-17
Agricultural Labourers,Transgender,18 Yr and above – below,0.0,0,ok,2021,text,Agricultural labourer,18-29
Agricultural Labourers,Transgender,30 Yr and above – below,0.0,0,ok,2021,text,Agricultural labourer,30-44
Agricultural Labourers,Transgender,45 yr and above – below 30 years 45 years 60 years,0.0,0,ok,2021,text,Agricultural labourer,45-59
Agricultural Labourers,Transgender,60 years & above,0.0,0,ok,2021,text,Agricultural labourer,60+
Agricultural Labourers,Transgender,Total,0.0,0,ok,2021,text,Agricultural labourer,all ages
Agricultural Labourers,Total,,538.0,538,no total,2021,text,Agricultural labourer,all ages
Daily Wage Earner,Male,Below 18 years,27.0,27,ok,2021,text,Daily wage earner,0-17
Daily Wage Earner,Male,18 Yr and above – below,1663.0,1663,ok,2021,text,Daily wage earner,18-29
Daily Wage Earner,Male,30 Yr and above – below,2280.0,2280,ok,2021,text,Daily wage earner,30-44
Daily Wage Earner,Male,45 Yr and above – below 30 years 45 years 60 years,1863.0,1863,ok,2021,text,Daily wage earner,45-59
Daily Wage Earner,Male,60 years & above,933.0,933,ok,2021,text,Daily wage earner,60+
Daily Wage Earner,Male,Total,6766.0,6766,ok,2021,text,Daily wage earner,all ages
Daily Wage Earner,Female,Below 18 years,36.0,36,ok,2021,text,Daily wage earner,0-17
Daily Wage Earner,Female,18 Yr and above – below,310.0,310,ok,2021,text,Daily wage earner,18-29
Daily Wage Earner,Female,30 Yr and above – below,273.0,273,ok,2021,text,Daily wage earner,30-44
Daily Wage Earner,Female,45 Yr and above – below 30 years 45 years 60 years,164.0,164,ok,2021,text,Daily wage earner,45-59
Daily Wage Earner,Female,60 years & above,122.0,122,ok,2021,text,Daily wage earner,60+
Daily Wage Earner,Female,Total,905.0,905,ok,2021,text,Daily wage earner,all ages
Daily Wage Earner,Transgender,Below 18 years,0.0,0,ok,2021,text,Daily wage earner,0-17
Daily Wage Earner,Transgender,18 Yr and above – below,1.0,1,ok,2021,text,Daily wage earner,18-29
Daily Wage Earner,Transgender,30 Yr and above – below,1.0,1,ok,2021,text,Daily wage earner,30-44
Daily Wage Earner,Transgender,45 yr and above – below 30 years 45 years 60 years,0.0,0,ok,2021,text,Daily wage earner,45-59
Daily Wage Earner,Transgender,60 years & above,0.0,0,ok,2021,text,Daily wage earner,60+
Daily Wage Earner,Transgender,Total,2.0,2,ok,2021,text,Daily wage earner,all ages
Daily Wage Earner,Total,,7673.0,7673,no total,2021,text,Daily wage earner,all ages
Retired Persons,Male,Below 18 years,0.0,0,ok,2021,text,Retired,0-17
Retired Persons,Male,18 Yr and above – below,0.0,0,ok,2021,text,Retired,18-29
Retired Persons,Male,30 Yr and above – below,1.0,1,ok,2021,text,Retired,30-44
Retired Persons,Male,45 Yr and above – below 30 years 45 years 60 years,14.0,14,ok,2021,text,Retired,45-59
Retired Persons,Male,60 years & above,80.0,80,ok,2021,text,Retired,60+
Retired Persons,Male,Total,95.0,95,ok,2021,text,Retired,all ages
Retired Persons,Female,Below 18 years,0.0,0,ok,2021,text,Retired,0-17
Retired Persons,Female,18 Yr and above – below,0.0,0,ok,2021,text,Retired,18-29
Retired Persons,Female,30 Yr and above – below,0.0,0,ok,2021,text,Retired,30-44
Retired Persons,Female,45 Yr and above – below 30 years 45 years 60 years,0.0,0,ok,2021,text,Retired,45-59
Retired Persons,Female,60 years & above,10.0,10,ok,2021,text,Retired,60+
Retired Persons,Female,Total,10.0,10,ok,2021,text,Retired,all ages
Retired Persons,Transgender,Below 18 years,0.0,0,ok,2021,text,Retired,0-17
Retired Persons,Transgender,14 Yr and above – below,0.0,0,ok,2021,text,Retired,14-17
Retired Persons,Transgender,18 Yr and above – below,0.0,0,ok,2021,text,Retired,18-29
Retired Persons,Transgender,30 Yr and above – below,0.0,0,ok,2021,text,Retired,30-44
Retired Persons,Transgender,45 yr and above – below 18 years 30 years 45 years 60 years,0.0,0,ok,2021,text,Retired,45-59
Retired Persons,Transgender,60 years & above,0.0,0,ok,2021,text,Retired,60+
Retired Persons,Transgender,Total,0.0,0,ok,2021,text,Retired,all ages
Retired Persons,Total,,105.0,105,no total,2021,text,Retired,all ages
Other Persons,Male,Below 18 years,22.0,22,ok,2021,text,Other / not known,0-17
Other Persons,Male,18 Yr and above – below,73.0,73,ok,2021,text,Other / not known,18-29
Other Persons,Male,30 Yr and above – below,45.0,45,ok,2021,text,Other / not known,30-44
Other Persons,Male,45 Yr and above – below 30 years 45 years 60 years,60.0,60,ok,2021,text,Other / not known,45-59
Other Persons,Male,60 years & above,161.0,161,ok,2021,text,Other / not known,60+
Other Persons,Male,Total,361.0,361,ok,2021,text,Other / not known,all ages
Other Persons,Female,Below 18 years,34.0,34,ok,2021,text,Other / not known,0-17
Other Persons,Female,18 Yr and above – below,42.0,42,ok,2021,text,Other / not known,18-29
Other Persons,Female,30 Yr and above – below,12.0,12,ok,2021,text,Other / not known,30-44
Other Persons,Female,45 Yr and above – below 30 years 45 years 60 years,8.0,8,ok,2021,text,Other / not known,45-59
Other Persons,Female,60 years & above,35.0,35,ok,2021,text,Other / not known,60+
Other Persons,Female,Total,131.0,131,ok,2021,text,Other / not known,all ages
Other Persons,Transgender,Below 18 years,0.0,0,ok,2021,text,Other / not known,0-17
Other Persons,Transgender,18 Yr and above – below,1.0,1,ok,2021,text,Other / not known,18-29
Other Persons,Transgender,30 Yr and above – below,1.0,1,ok,2021,text,Other / not known,30-44
Other Persons,Transgender,45 yr and above – below 30 years 45 years 60 years,0.0,0,ok,2021,text,Other / not known,45-59
Other Persons,Transgender,60 years & above,0.0,0,ok,2021,text,Other / not known,60+
Other Persons,Transgender,Total,2.0,2,ok,2021,text,Other / not known,all ages
Other Persons,Total,,494.0,494,no total,2021,text,Other / not known,all ages
Housewife,Male,Below 18 years,,-,mismatch,2022,text,House wife,0-17
Housewife,Male,18 Yr and above – below,,-,mismatch,2022,text,House wife,18-29
Housewife,Male,30 Yr and above – below,,-,mismatch,2022,text,House wife,30-44
Housewife,Male,45 Yr and above – below 30 years 45 years 60 years,,-,mismatch,2022,text,House wife,45-59
Housewife,Male,60 years & above,,-,mismatch,2022,text,House wife,60+
Housewife,Male,Total,,-,mismatch,2022,text,House wife,all ages
Housewife,Female,Below 18 years,3.0,3,ok,2022,text,House wife,0-17
Housewife,Female,18 Yr and above – below,1018.0,1018,ok,2022,text,House wife,18-29
Housewife,Female,30 Yr and above – below,1041.0,1041,ok,2022,text,House wife,30-44
Housewife,Female,45 Yr and above – below 30 years 45 years 60 years,582.0,582,ok,2022,text,House wife,45-59
Housewife,Female,60 years & above,449.0,449,ok,2022,text,House wife,60+
Housewife,Female,Total,3093.0,3093,ok,2022,text,House wife,all ages
Housewife,Transgender,Below 18 years,0.0,0,ok,2022,text,House wife,0-17
Housewife,Transgender,18 Yr and above – below,0.0,0,ok,2022,text,House wife,18-29
Housewife,Transgender,30 Yr and above – below,0.0,0,ok,2022,text,House wife,30-44
Housewife,Transgender,45 yr and above – below 30 years 45 years 60 years,0.0,0,ok,2022,text,House wife,45-59
Housewife,Transgender,60 years & above,0.0,0,ok,2022,text,House wife,60+
Housewife,Transgender,Total,0.0,0,ok,2022,text,House wife,all ages
Housewife,Total,,3093.0,3093,no total,2022,text,House wife,all ages
Central/UT Govt. Servants,Male,Below 18 years,0.0,0,ok,2022,text,Government servant,0-17
Central/UT Govt. Servants,Male,18 Yr and above – below,8.0,8,ok,2022,text,Government servant,18-29
Central/UT Govt. Servants,Male,30 Yr and above – below,17.0,17,ok,2022,text,Government servant,30-44
Central/UT Govt. Servants,Male,45 Yr and above – below 30 years 45 years 60 years,18.0,18,ok,2022,text,Government servant,45-59
Central/UT Govt. Servants,Male,60 years & above,0.0,0,ok,2022,text,Government servant,60+
Central/UT Govt. Servants,Male,Total,43.0,43,ok,2022,text,Government servant,all ages
Central/UT Govt. Servants,Female,Below 18 years,0.0,0,ok,2022,text,Government servant,0-17
Central/UT Govt. Servants,Female,18 Yr and above – below,2.0,2,ok,2022,text,Government servant,18-29
Central/UT Govt. Servants,Female,30 Yr and above – below,3.0,3,ok,2022,text,Government servant,30-44
Central/UT Govt. Servants,Female,45 Yr and above – below 30 years 45 years 60 years,0.0,0,ok,2022,text,Government servant,45-59
Central/UT Govt. Servants,Female,60 years & above,1.0,1,ok,2022,text,Government servant,60+
Central/UT Govt. Servants,Female,Total,6.0,6,ok,2022,text,Government servant,all ages
Central/UT Govt. Servants,Transgender,Below 18 years,0.0,0,ok,2022,text,Government servant,0-17
Central/UT Govt. Servants,Transgender,18 Yr and above – below,0.0,0,ok,2022,text,Government servant,18-29
Central/UT Govt. Servants,Transgender,30 Yr and above – below,0.0,0,ok,2022,text,Government servant,30-44
Central/UT Govt. Servants,Transgender,45 yr and above – below 30 years 45 years 60 years,0.0,0,ok,2022,text,Government servant,45-59
Central/UT Govt. Servants,Transgender,60 years & above,0.0,0,ok,2022,text,Government servant,60+
Central/UT Govt. Servants,Transgender,Total,0.0,0,ok,2022,text,Government servant,all ages
Central/UT Govt. Servants,Total,,49.0,49,no total,2022,text,Government servant,all ages
State Govt. Servants,Male,Below 18 years,0.0,0,ok,2022,text,Government servant,0-17
State Govt. Servants,Male,18 Yr and above – below,34.0,34,ok,2022,text,Government servant,18-29
State Govt. Servants,Male,30 Yr and above – below,69.0,69,ok,2022,text,Government servant,30-44
State Govt. Servants,Male,45 Yr and above – below 30 years 45 years 60 years,126.0,126,ok,2022,text,Government servant,45-59
State Govt. Servants,Male,60 years & above,8.0,8,ok,2022,text,Government servant,60+
State Govt. Servants,Male,Total,237.0,237,ok,2022,text,Government servant,all ages
State Govt. Servants,,Below 18 years,0.0,0,no total,2022,text,Government servant,0-17
State Govt. Servants,,18 Yr and above – below,10.0,10,no total,2022,text,Government servant,18-29
State Govt. Servants,,30 Yr and above – below,12.0,12,no total,2022,text,Government servant,30-44
State Govt. Servants,,45 Yr and above – below 30 years 45 years 60 years,8.0,8,no total,2022,text,Government servant,45-59
State Govt. Servants,,60 years & above,1.0,1,no total,2022,text,Government servant,60+
State Govt. Servants,Total,,31.0,31,no total,2022,text,Government servant,all ages
State Govt. Servants,Transgender,Below 18 years,0.0,0,ok,2022,text,Government servant,0-17
State Govt. Servants,Transgender,18 Yr and above – below,0.0,0,ok,2022,text,Government servant,18-29
State Govt. Servants,Transgender,30 Yr and above – below,0.0,0,ok,2022,text,Government servant,30-44
State Govt. Servants,Transgender,45 yr and above – below 30 years 45 years 60 years,0.0,0,ok,2022,text,Government servant,45-59
State Govt. Servants,Transgender,60 years & above,0.0,0,ok,2022,text,Government servant,60+
State Govt. Servants,Transgender,Total,0.0,0,ok,2022,text,Government servant,all ages
State Govt. Servants,Total,,268.0,268,no total,2022,text,Government servant,all ages
Other Statutory Body/etc.,Male,Below 18 years,0.0,0,ok,2022,text,Other / not known,0-17
Other Statutory Body/etc.,Male,18 Yr and above – below,15.0,15,ok,2022,text,Other / not known,18-29
Other Statutory Body/etc.,Male,30 Yr and above – below,17.0,17,ok,2022,text,Other / not known,30-44
Other Statutory Body/etc.,Male,45 Yr and above – below 30 years 45 years 60 years,6.0,6,ok,2022,text,Other / not known,45-59
Other Statutory Body/etc.,Male,60 years & above,3.0,3,ok,2022,text,Other / not known,60+
Other Statutory Body/etc.,Male,Total,41.0,41,ok,2022,text,Other / not known,all ages
Other Statutory Body/etc.,,Below 18 years,0.0,0,no total,2022,text,Other / not known,0-17
Other Statutory Body/etc.,,18 Yr and above – below,3.0,3,no total,2022,text,Other / not known,18-29
Other Statutory Body/etc.,,30 Yr and above – below,3.0,3,no total,2022,text,Other / not known,30-44
Other Statutory Body/etc.,,45 Yr and above – below 30 years 45 years 60 years,0.0,0,no total,2022,text,Other / not known,45-59
Other Statutory Body/etc.,,60 years & above,0.0,0,no total,2022,text,Other / not known,60+
Other Statutory Body/etc.,Total,,6.0,6,no total,2022,text,Other / not known,all ages
Other Statutory Body/etc.,Transgender,Below 18 years,0.0,0,ok,2022,text,Other / not known,0-17
Other Statutory Body/etc.,Transgender,18 Yr and above – below,0.0,0,ok,2022,text,Other / not known,18-29
Other Statutory Body/etc.,Transgender,30 Yr and above – below,0.0,0,ok,2022,text,Other / not known,30-44
Other Statutory Body/etc.,Transgender,45 Yr and above – below 30 years 45 years 60 years,0.0,0,ok,2022,text,Other / not known,45-59
Other Statutory Body/etc.,Transgender,60 years & above,0.0,0,ok,2022,text,Other / not known,60+
Other Statutory Body/etc.,Transgender,Total,0.0,0,ok,2022,text,Other / not known,all ages
Other Statutory Body/etc.,Total,,47.0,47,no total,2022,text,Other / not known,all ages
Private Sector Enterprises,Male,Below 18 years,2.0,2,ok,2022,text,Private sector,0-17
Private Sector Enterprises,Male,18 Yr and above – below,338.0,338,ok,2022,text,Private sector,18-29
Private Sector Enterprises,Male,30 Yr and above – below,320.0,320,ok,2022,text,Private sector,30-44
Private Sector Enterprises,Male,45 Yr and above – below 30 years 45 years 60 years,131.0,131,ok,2022,text,Private sector,45-59
Private Sector Enterprises,Male,60 years & above,22.0,22,ok,2022,text,Private sector,60+
Private Sector Enterprises,Male,Total,813.0,813,ok,2022,text,Private sector,all ages
Private Sector Enterprises,Female,Below 18 years,5.0,5,ok,2022,text,Private sector,0-17
Private Sector Enterprises,Female,18 Yr and above – below,124.0,124,ok,2022,text,Private sector,18-29
Private Sector Enterprises,Female,30 Yr and above – below,61.0,61,ok,2022,text,Private sector,30-44
Private Sector Enterprises,Female,45 Yr and above – below 30 years 45 years 60 years,12.0,12,ok,2022,text,Private sector,45-59
Private Sector Enterprises,Female,60 years & above,0.0,0,ok,2022,text,Private sector,60+
Private Sector Enterprises,Female,Total,202.0,202,ok,2022,text,Private sector,all ages
Private Sector Enterprises,Transgender,Below 18 years,0.0,0,ok,2022,text,Private sector,0-17
Private Sector Enterprises,Transgender,18 Yr and above – below,0.0,0,ok,2022,text,Private sector,18-29
Private Sector Enterprises,Transgender,30 Yr and above – below,0.0,0,ok,2022,text,Private sector,30-44
Private Sector Enterprises,Transgender,45 yr and above – below 30 years 45 years 60 years,0.0,0,ok,2022,text,Private sector,45-59
Private Sector Enterprises,Transgender,60 years & above,0.0,0,ok,2022,text,Private sector,60+
Private Sector Enterprises,Transgender,Total,0.0,0,ok,2022,text,Private sector,all ages
Private Sector Enterprises,Total,,1015.0,1015,no total,2022,text,Private sector,all ages
Public Sector Undertaking,Male,Below 18 years,0.0,0,ok,2022,text,Public sector undertaking,0-17
Public Sector Undertaking,Male,18 Yr and above – below,95.0,95,ok,2022,text,Public sector undertaking,18-29
Public Sector Undertaking,Male,30 Yr and above – below,193.0,193,ok,2022,text,Public sector undertaking,30-44
Public Sector Undertaking,Male,45 Yr and above – below 30 years 45 years 60 years,108.0,108,ok,2022,text,Public sector undertaking,45-59
Public Sector Undertaking,Male,60 years & above,25.0,25,ok,2022,text,Public sector undertaking,60+
Public Sector Undertaking,Male,Total,421.0,421,ok,2022,text,Public sector undertaking,all ages
Public Sector Undertaking,Female,Below 18 years,0.0,0,ok,2022,text,Public sector undertaking,0-17
Public Sector Undertaking,Female,18 Yr and above – below,22.0,22,ok,2022,text,Public sector undertaking,18-29
Public Sector Undertaking,Female,30 Yr and above – below,21.0,21,ok,2022,text,Public sector undertaking,30-44
Public Sector Undertaking,Female,45 Yr and above – below 30 years 45 years 60 years,9.0,9,ok,2022,text,Public sector undertaking,45-59
Public Sector Undertaking,Female,60 years & above,0.0,0,ok,2022,text,Public sector undertaking,60+
Public Sector Undertaking,Female,Total,52.0,52,ok,2022,text,Public sector undertaking,all ages
Public Sector Undertaking,Transgender,Below 18 years,0.0,0,ok,2022,text,Public sector undertaking,0-17
Public Sector Undertaking,Transgender,18 Yr and above – below,0.0,0,ok,2022,text,Public sector undertaking,18-29
Public Sector Undertaking,Transgender,30 Yr and above – below,0.0,0,ok,2022,text,Public sector undertaking,30-44
Public Sector Undertaking,Transgender,45 yr and above – below 30 years 45 years 60 years,0.0,0,ok,2022,text,Public sector undertaking,45-59
Public Sector Undertaking,Transgender,60 years & above,0.0,0,ok,2022,text,Public sector undertaking,60+
Public Sector Undertaking,Transgender,Total,0.0,0,ok,2022,text,Public sector undertaking,all ages
Public Sector Undertaking,Total,,473.0,473,no total,2022,text,Public sector undertaking,all ages
Students,Male,Below 18 years,248.0,248,ok,2022,text,Student,0-17
Students,Male,18 Yr and above – below,335.0,335,ok,2022,text,Student,18-29
Students,Male,30 Yr and above – below,0.0,0,ok,2022,text,Student,30-44
Students,Male,45 Yr and above – below 30 years 45 years 60 years,0.0,0,ok,2022,text,Student,45-59
Students,Male,60 years & above,0.0,0,ok,2022,text,Student,60+
Students,Male,Total,583.0,583,ok,2022,text,Student,all ages
Students,Female,Below 18 years,495.0,495,ok,2022,text,Student,0-17
Students,Female,18 Yr and above – below,336.0,336,ok,2022,text,Student,18-29
Students,Female,30 Yr and above – below,1.0,1,ok,2022,text,Student,30-44
Students,Female,45 Yr and above – below 30 years 45 years 60 years,0.0,0,ok,2022,text,Student,45-59
Students,Female,60 years & above,0.0,0,ok,2022,text,Student,60+
Students,Female,Total,832.0,832,ok,2022,text,Student,all ages
Students,Transgender,Below 18 years,1.0,1,ok,2022,text,Student,0-17
Students,Transgender,18 Yr and above – below,0.0,0,ok,2022,text,Student,18-29
Students,Transgender,30 Yr and above – below,0.0,0,ok,2022,text,Student,30-44
Students,Transgender,45 yr and above – below 30 years 45 years 60 years,0.0,0,ok,2022,text,Student,45-59
Students,Transgender,60 years & above,0.0,0,ok,2022,text,Student,60+
Students,Transgender,Total,1.0,1,ok,2022,text,Student,all ages
Students,Total,,1416.0,1416,no total,2022,text,Student,all ages
Unemployed Persons,Male,Below 18 years,15.0,15,ok,2022,text,Unemployed,0-17
Unemployed Persons,Male,18 Yr and above – below,503.0,503,ok,2022,text,Unemployed,18-29
Unemployed Persons,Male,30 Yr and above – below,267.0,267,ok,2022,text,Unemployed,30-44
Unemployed Persons,Male,45 Yr and above – below 30 years 45 years 60 years,210.0,210,ok,2022,text,Unemployed,45-59
Unemployed Persons,Male,60 years & above,457.0,457,ok,2022,text,Unemployed,60+
Unemployed Persons,Male,Total,1452.0,1452,ok,2022,text,Unemployed,all ages
Unemployed Persons,Female,Below 18 years,26.0,26,ok,2022,text,Unemployed,0-17
Unemployed Persons,Female,18 Yr and above – below,207.0,207,ok,2022,text,Unemployed,18-29
Unemployed Persons,Female,30 Yr and above – below,39.0,39,ok,2022,text,Unemployed,30-44
Unemployed Persons,Female,45 Yr and above – below 30 years 45 years 60 years,32.0,32,ok,2022,text,Unemployed,45-59
Unemployed Persons,Female,60 years & above,112.0,112,ok,2022,text,Unemployed,60+
Unemployed Persons,Female,Total,416.0,416,ok,2022,text,Unemployed,all ages
Unemployed Persons,Transgender,Below 18 years,0.0,0,ok,2022,text,Unemployed,0-17
Unemployed Persons,Transgender,18 Yr and above – below,6.0,6,ok,2022,text,Unemployed,18-29
Unemployed Persons,Transgender,30 Yr and above – below,1.0,1,ok,2022,text,Unemployed,30-44
Unemployed Persons,Transgender,45 yr and above – below 30 years 45 years 60 years,0.0,0,ok,2022,text,Unemployed,45-59
Unemployed Persons,Transgender,60 years & above,0.0,0,ok,2022,text,Unemployed,60+
Unemployed Persons,Transgender,Total,7.0,7,ok,2022,text,Unemployed,all ages
Unemployed Persons,Total,,1875.0,1875,no total,2022,text,Unemployed,all ages
Vendor,Male,Below 18 years,2.0,2,ok,2022,text,Other / not known,0-17
Vendor,Male,18 Yr and above – below,144.0,144,ok,2022,text,Other / not known,18-29
Vendor,Male,30 Yr and above – below,186.0,186,ok,2022,text,Other / not known,30-44
Vendor,Male,45 Yr and above – below 30 years 45 years 60 years,146.0,146,ok,2022,text,Other / not known,45-59
Vendor,Male,60 years & above,62.0,62,ok,2022,text,Other / not known,60+
Vendor,Male,Total,540.0,540,ok,2022,text,Other / not known,all ages
Vendor,Female,Below 18 years,0.0,0,ok,2022,text,Other / not known,0-17
Vendor,Female,18 Yr and above – below,10.0,10,ok,2022,text,Other / not known,18-29
Vendor,Female,30 Yr and above – below,9.0,9,ok,2022,text,Other / not known,30-44
Vendor,Female,45 Yr and above – below 30 years 45 years 60 years,14.0,14,ok,2022,text,Other / not known,45-59
Vendor,Female,60 years & above,5.0,5,ok,2022,text,Other / not known,60+
Vendor,Female,Total,38.0,38,ok,2022,text,Other / not known,all ages
Vendor,Transgender,Below 18 years,0.0,0,ok,2022,text,Other / not known,0-17
Vendor,Transgender,18 Yr and above – below,0.0,0,ok,2022,text,Other / not known,18-29
Vendor,Transgender,30 Yr and above – below,0.0,0,ok,2022,text,Other / not known,30-44
Vendor,Transgender,45 yr and above – below 30 years 45 years 60 years,0.0,0,ok,2022,text,Other / not known,45-59
Vendor,Transgender,60 years & above,0.0,0,ok,2022,text,Other / not known,60+
Vendor,Transgender,Total,0.0,0,ok,2022,text,Other / not known,all ages
Vendor,Total,,578.0,578,no total,2022,text,Other / not known,all ages
Tradesmen,Male,Below 18 years,2.0,2,ok,2022,text,Other / not known,0-17
Tradesmen,Male,18 Yr and above – below,52.0,52,ok,2022,text,Other / not known,18-29
Tradesmen,Male,30 Yr and above – below,94.0,94,ok,2022,text,Other / not known,30-44
Tradesmen,Male,45 Yr and above – below 30 years 45 years 60 years,63.0,63,ok,2022,text,Other / not known,45-59
Tradesmen,Male,60 years & above,18.0,18,ok,2022,text,Other / not known,60+
Tradesmen,Male,Total,229.0,229,ok,2022,text,Other / not known,all ages
Tradesmen,Female,Below 18 years,0.0,0,ok,2022,text,Other / not known,0-17
Tradesmen,Female,18 Yr and above – below,2.0,2,ok,2022,text,Other / not known,18-29
Tradesmen,Female,30 Yr and above – below,0.0,0,ok,2022,text,Other / not known,30-44
Tradesmen,Female,45 Yr and above – below 30 years 45 years 60 years,1.0,1,ok,2022,text,Other / not known,45-59
Tradesmen,Female,60 years & above,0.0,0,ok,2022,text,Other / not known,60+
Tradesmen,Female,Total,3.0,3,ok,2022,text,Other / not known,all ages
Tradesmen,Transgender,Below 18 years,0.0,0,ok,2022,text,Other / not known,0-17
Tradesmen,Transgender,18 Yr and above – below,0.0,0,ok,2022,text,Other / not known,18-29
Tradesmen,Transgender,30 Yr and above – below,0.0,0,ok,2022,text,Other / not known,30-44
Tradesmen,Transgender,45 yr and above – below 30 years 45 years 60 years,0.0,0,ok,2022,text,Other / not known,45-59
Tradesmen,Transgender,60 years & above,0.0,0,ok,2022,text,Other / not known,60+
Tradesmen,Transgender,Total,0.0,0,ok,2022,text,Other / not known,all ages
Tradesmen,Total,,232.0,232,no total,2022,text,Other / not known,all ages
Others,Male,Below 18 years,1.0,1,ok,2022,text,Other / not known,0-17
Others,Male,18 Yr and above – below,118.0,118,ok,2022,text,Other / not known,18-29
Others,Male,30 Yr and above – below,274.0,274,ok,2022,text,Other / not known,30-44
Others,Male,45 Yr and above – below 30 years 45 years 60 years,153.0,153,ok,2022,text,Other / not known,45-59
Others,Male,60 years & above,49.0,49,ok,2022,text,Other / not known,60+
Others,Male,Total,595.0,595,ok,2022,text,Other / not known,all ages
Others,Female,Below 18 years,1.0,1,ok,2022,text,Other / not known,0-17
Others,Female,18 Yr and above – below,10.0,10,ok,2022,text,Other / not known,18-29
Others,Female,30 Yr and above – below,14.0,14,ok,2022,text,Other / not known,30-44
Others,Female,45 Yr and above – below 30 years 45 years 60 years,5.0,5,ok,2022,text,Other / not known,45-59
Others,Female,60 years & above,2.0,2,ok,2022,text,Other / not known,60+
Others,Female,Total,32.0,32,ok,2022,text,Other / not known,all ages
Others,Transgender,Below 18 years,0.0,0,ok,2022,text,Other / not known,0-17
Others,Transgender,18 Yr and above – below,0.0,0,ok,2022,text,Other / not known,18-29
Others,Transgender,30 Yr and above – below,0.0,0,ok,2022,text,Other / not known,30-44
Others,Transgender,45 yr and above – below 30 years 45 years 60 years,0.0,0,ok,2022,text,Other / not known,45-59
Others,Transgender,60 years & above,0.0,0,ok,2022,text,Other / not known,60+
Others,Transgender,Total,0.0,0,ok,2022,text,Other / not known,all ages
Others,Total,,627.0,627,no total,2022,text,Other / not known,all ages
Other Self-employed Persons,Male,Below 18 years,1.0,1,ok,2022,text,Self-employed: other,0-17
Other Self-employed Persons,Male,18 Yr and above – below,248.0,248,ok,2022,text,Self-employed: other,18-29
Other Self-employed Persons,Male,30 Yr and above – below,446.0,446,ok,2022,text,Self-employed: other,30-44
Other Self-employed Persons,Male,45 Yr and above – below 30 years 45 years 60 years,272.0,272,ok,2022,text,Self-employed: other,45-59
Other Self-employed Persons,Male,60 years & above,86.0,86,ok,2022,text,Self-employed: other,60+
Other Self-employed Persons,Male,Total,1053.0,1053,ok,2022,text,Self-employed: other,all ages
Other Self-employed Persons,Female,Below 18 years,1.0,1,ok,2022,text,Self-employed: other,0-17
Other Self-employed Persons,Female,18 Yr and above – below,31.0,31,ok,2022,text,Self-employed: other,18-29
Other Self-employed Persons,Female,30 Yr and above – below,18.0,18,ok,2022,text,Self-employed: other,30-44
Other Self-employed Persons,Female,45 Yr and above – below 30 years 45 years 60 years,5.0,5,ok,2022,text,Self-employed: other,45-59
Other Self-employed Persons,Female,60 years & above,2.0,2,ok,2022,text,Self-employed: other,60+
Other Self-employed Persons,Female,Total,57.0,57,ok,2022,text,Self-employed: other,all ages
Other Self-employed Persons,Transgender,Below 18 years,0.0,0,ok,2022,text,Self-employed: other,0-17
Other Self-employed Persons,Transgender,18 Yr and above – below,0.0,0,ok,2022,text,Self-employed: other,18-29
Other Self-employed Persons,Transgender,30 Yr and above – below,0.0,0,ok,2022,text,Self-employed: other,30-44
Other Self-employed Persons,Transgender,45 yr and above – below 30 years 45 years 60 years,0.0,0,ok,2022,text,Self-employed: other,45-59
Other Self-employed Persons,Transgender,60 years & above,0.0,0,ok,2022,text,Self-employed: other,60+
Other Self-employed Persons,Transgender,Total,0.0,0,ok,2022,text,Self-employed: other,all ages
Other Self-employed Persons,Total,,1110.0,1110,no total,2022,text,Self-employed: other,all ages
Who cultivate their own land with or without assistance of agricultural labourers,Male,Below 18 years,0.0,0,ok,2022,text,Agricultural labourer,0-17
Who cultivate their own land with or without assistance of agricultural labourers,Male,18 Yr and above – below,7.0,7,ok,2022,text,Agricultural labourer,18-29
Who cultivate their own land with or without assistance of agricultural labourers,Male,30 Yr and above – below,20.0,20,ok,2022,text,Agricultural labourer,30-44
Who cultivate their own land with or without assistance of agricultural labourers,Male,45 Yr and above – below 30 years 45 years 60 years,26.0,26,ok,2022,text,Agricultural labourer,45-59
Who cultivate their own land with or without assistance of agricultural labourers,Male,60 years & above,30.0,30,ok,2022,text,Agricultural labourer,60+
Who cultivate their own land with or without assistance of agricultural labourers,Male,Total,83.0,83,ok,2022,text,Agricultural labourer,all ages
Who cultivate their own land with or without assistance of agricultural labourers,Female,Below 18 years,1.0,1,ok,2022,text,Agricultural labourer,0-17
Who cultivate their own land with or without assistance of agricultural labourers,Female,18 Yr and above – below,1.0,1,ok,2022,text,Agricultural labourer,18-29
Who cultivate their own land with or without assistance of agricultural labourers,Female,30 Yr and above – below,2.0,2,ok,2022,text,Agricultural labourer,30-44
Who cultivate their own land with or without assistance of agricultural labourers,Female,45 Yr and above – below 30 years 45 years 60 years,2.0,2,ok,2022,text,Agricultural labourer,45-59
Who cultivate their own land with or without assistance of agricultural labourers,Female,60 years & above,1.0,1,ok,2022,text,Agricultural labourer,60+
Who cultivate their own land with or without assistance of agricultural labourers,Female,Total,7.0,7,ok,2022,text,Agricultural labourer,all ages
Who cultivate their own land with or without assistance of agricultural labourers,Transgender,Below 18 years,0.0,0,ok,2022,text,Agricultural labourer,0-17
Who cultivate their own land with or without assistance of agricultural labourers,Transgender,18 Yr and above – below,0.0,0,ok,2022,text,Agricultural labourer,18-29
Who cultivate their own land with or without assistance of agricultural labourers,Transgender,30 Yr and above – below,0.0,0,ok,2022,text,Agricultural labourer,30-44
Who cultivate their own land with or without assistance of agricultural labourers,Transgender,45 yr and above – below 30 years 45 years 60 years,0.0,0,ok,2022,text,Agricultural labourer,45-59
Who cultivate their own land with or without assistance of agricultural labourers,Transgender,60 years & above,0.0,0,ok,2022,text,Agricultural labourer,60+
Who cultivate their own land with or without assistance of agricultural labourers,Transgender,Total,0.0,0,ok,2022,text,Agricultural labourer,all ages
Who cultivate their own land with or without assistance of agricultural labourers,Total,,90.0,90,no total,2022,text,Agricultural labourer,all ages
Who cultivate on lease land/work on lease/on other's land (known by different nomenclature) with or without assistance of agricultural labourers,Male,Below 18 years,0.0,0,ok,2022,text,Agricultural labourer,0-17
Who cultivate on lease land/work on lease/on other's land (known by different nomenclature) with or without assistance of agricultural labourers,Male,18 Yr and above – below,1.0,1,ok,2022,text,Agricultural labourer,18-29
Who cultivate on lease land/work on lease/on other's land (known by different nomenclature) with or without assistance of agricultural labourers,Male,30 Yr and above – below,12.0,12,ok,2022,text,Agricultural labourer,30-44
Who cultivate on lease land/work on lease/on other's land (known by different nomenclature) with or without assistance of agricultural labourers,Male,45 Yr and above – below 30 years 45 years 60 years,9.0,9,ok,2022,text,Agricultural labourer,45-59
Who cultivate on lease land/work on lease/on other's land (known by different nomenclature) with or without assistance of agricultural labourers,Male,60 years & above,9.0,9,ok,2022,text,Agricultural labourer,60+
Who cultivate on lease land/work on lease/on other's land (known by different nomenclature) with or without assistance of agricultural labourers,Male,Total,31.0,31,ok,2022,text,Agricultural labourer,all ages
Who cultivate on lease land/work on lease/on other's land (known by different nomenclature) with or without assistance of agricultural labourers,Female,Below 18 years,0.0,0,ok,2022,text,Agricultural labourer,0-17
Who cultivate on lease land/work on lease/on other's land (known by different nomenclature) with or without assistance of agricultural labourers,Female,18 Yr and above – below,0.0,0,ok,2022,text,Agricultural labourer,18-29
Who cultivate on lease land/work on lease/on other's land (known by different nomenclature) with or without assistance of agricultural labourers,Female,30 Yr and above – below,0.0,0,ok,2022,text,Agricultural labourer,30-44
Who cultivate on lease land/work on lease/on other's land (known by different nomenclature) with or without assistance of agricultural labourers,Female,45 Yr and above – below 30 years 45 years 60 years,0.0,0,ok,2022,text,Agricultural labourer,45-59
Who cultivate on lease land/work on lease/on other's land (known by different nomenclature) with or without assistance of agricultural labourers,Female,60 years & above,1.0,1,ok,2022,text,Agricultural labourer,60+
Who cultivate on lease land/work on lease/on other's land (known by different nomenclature) with or without assistance of agricultural labourers,Female,Total,1.0,1,ok,2022,text,Agricultural labourer,all ages
Who cultivate on lease land/work on lease/on other's land (known by different nomenclature) with or without assistance of agricultural labourers,Transgender,Below 18 years,0.0,0,ok,2022,text,Agricultural labourer,0-17
Who cultivate on lease land/work on lease/on other's land (known by different nomenclature) with or without assistance of agricultural labourers,Transgender,18 Yr and above – below,0.0,0,ok,2022,text,Agricultural labourer,18-29
Who cultivate on lease land/work on lease/on other's land (known by different nomenclature) with or without assistance of agricultural labourers,Transgender,30 Yr and above – below,0.0,0,ok,2022,text,Agricultural labourer,30-44
Who cultivate on lease land/work on lease/on other's land (known by different nomenclature) with or without assistance of agricultural labourers,Transgender,45 yr and above – below 30 years 45 years 60 years,0.0,0,ok,2022,text,Agricultural labourer,45-59
Who cultivate on lease land/work on lease/on other's land (known by different nomenclature) with or without assistance of agricultural labourers,Transgender,60 years & above,0.0,0,ok,2022,text,Agricultural labourer,60+
Who cultivate on lease land/work on lease/on other's land (known by different nomenclature) with or without assistance of agricultural labourers,Transgender,Total,0.0,0,ok,2022,text,Agricultural labourer,all ages
Who cultivate on lease land/work on lease/on other's land (known by different nomenclature) with or without assistance of agricultural labourers,Total,,32.0,32,no total,2022,text,Agricultural labourer,all ages
Agricultural Labourers,Male,Below 18 years,1.0,1,ok,2022,text,Agricultural labourer,0-17
Agricultural Labourers,Male,18 Yr and above – below,67.0,67,ok,2022,text,Agricultural labourer,18-29
Agricultural Labourers,Male,30 Yr and above – below,149.0,149,ok,2022,text,Agricultural labourer,30-44
Agricultural Labourers,Male,45 Yr and above – below 30 years 45 years 60 years,193.0,193,ok,2022,text,Agricultural labourer,45-59
Agricultural Labourers,Male,60 years & above,157.0,157,ok,2022,text,Agricultural labourer,60+
Agricultural Labourers,Male,Total,567.0,567,ok,2022,text,Agricultural labourer,all ages
Agricultural Labourers,Female,Below 18 years,0.0,0,ok,2022,text,Agricultural labourer,0-17
Agricultural Labourers,Female,18 Yr and above – below,6.0,6,ok,2022,text,Agricultural labourer,18-29
Agricultural Labourers,Female,30 Yr and above – below,10.0,10,ok,2022,text,Agricultural labourer,30-44
Agricultural Labourers,Female,45 Yr and above – below 30 years 45 years 60 years,16.0,16,ok,2022,text,Agricultural labourer,45-59
Agricultural Labourers,Female,60 years & above,7.0,7,ok,2022,text,Agricultural labourer,60+
Agricultural Labourers,Female,Total,39.0,39,ok,2022,text,Agricultural labourer,all ages
Agricultural Labourers,Transgender,Below 18 years,0.0,0,ok,2022,text,Agricultural labourer,0-17
Agricultural Labourers,Transgender,18 Yr and above – below,0.0,0,ok,2022,text,Agricultural labourer,18-29
Agricultural Labourers,Transgender,30 Yr and above – below,0.0,0,ok,2022,text,Agricultural labourer,30-44
Agricultural Labourers,Transgender,45 yr and above – below 30 years 45 years 60 years,0.0,0,ok,2022,text,Agricultural labourer,45-59
Agricultural Labourers,Transgender,60 years & above,0.0,0,ok,2022,text,Agricultural labourer,60+
Agricultural Labourers,Transgender,Total,0.0,0,ok,2022,text,Agricultural labourer,all ages
Agricultural Labourers,Total,,606.0,606,no total,2022,text,Agricultural labourer,all ages
Daily Wage Earner,Male,Below 18 years,23.0,23,ok,2022,text,Daily wage earner,0-17
Daily Wage Earner,Male,18 Yr and above – below,1664.0,1664,ok,2022,text,Daily wage earner,18-29
Daily Wage Earner,Male,30 Yr and above – below,2628.0,2628,ok,2022,text,Daily wage earner,30-44
Daily Wage Earner,Male,45 Yr and above – below 30 years 45 years 60 years,1875.0,1875,ok,2022,text,Daily wage earner,45-59
Daily Wage Earner,Male,60 years & above,1000.0,1000,ok,2022,text,Daily wage earner,60+
Daily Wage Earner,Male,Total,7190.0,7190,ok,2022,text,Daily wage earner,all ages
Daily Wage Earner,Female,Below 18 years,16.0,16,ok,2022,text,Daily wage earner,0-17
Daily Wage Earner,Female,18 Yr and above – below,228.0,228,ok,2022,text,Daily wage earner,18-29
Daily Wage Earner,Female,30 Yr and above – below,204.0,204,ok,2022,text,Daily wage earner,30-44
Daily Wage Earner,Female,45 Yr and above – below 30 years 45 years 60 years,148.0,148,ok,2022,text,Daily wage earner,45-59
Daily Wage Earner,Female,60 years & above,84.0,84,ok,2022,text,Daily wage earner,60+
Daily Wage Earner,Female,Total,680.0,680,ok,2022,text,Daily wage earner,all ages
Daily Wage Earner,Transgender,Below 18 years,0.0,0,ok,2022,text,Daily wage earner,0-17
Daily Wage Earner,Transgender,18 Yr and above – below,6.0,6,ok,2022,text,Daily wage earner,18-29
Daily Wage Earner,Transgender,30 Yr and above – below,0.0,0,ok,2022,text,Daily wage earner,30-44
Daily Wage Earner,Transgender,45 yr and above – below 30 years 45 years 60 years,0.0,0,ok,2022,text,Daily wage earner,45-59
Daily Wage Earner,Transgender,60 years & above,0.0,0,ok,2022,text,Daily wage earner,60+
Daily Wage Earner,Transgender,Total,6.0,6,ok,2022,text,Daily wage earner,all ages
Daily Wage Earner,Total,,7876.0,7876,no total,2022,text,Daily wage earner,all ages
Retired Persons,Male,Below 18 years,0.0,0,ok,2022,text,Retired,0-17
Retired Persons,Male,18 Yr and above – below,0.0,0,ok,2022,text,Retired,18-29
Retired Persons,Male,30 Yr and above – below,3.0,3,ok,2022,text,Retired,30-44
Retired Persons,Male,45 Yr and above – below 30 years 45 years 60 years,15.0,15,ok,2022,text,Retired,45-59
Retired Persons,Male,60 years & above,85.0,85,ok,2022,text,Retired,60+
Retired Persons,Male,Total,103.0,103,ok,2022,text,Retired,all ages
Retired Persons,Female,Below 18 years,0.0,0,ok,2022,text,Retired,0-17
Retired Persons,Female,18 Yr and above – below,0.0,0,ok,2022,text,Retired,18-29
Retired Persons,Female,30 Yr and above – below,0.0,0,ok,2022,text,Retired,30-44
Retired Persons,Female,45 Yr and above – below 30 years 45 years 60 years,3.0,3,ok,2022,text,Retired,45-59
Retired Persons,Female,60 years & above,6.0,6,ok,2022,text,Retired,60+
Retired Persons,Female,Total,9.0,9,ok,2022,text,Retired,all ages
Retired Persons,Transgender,Below 18 years,0.0,0,ok,2022,text,Retired,0-17
Retired Persons,Transgender,18 Yr and above – below,0.0,0,ok,2022,text,Retired,18-29
Retired Persons,Transgender,30 Yr and above – below,0.0,0,ok,2022,text,Retired,30-44
Retired Persons,Transgender,45 yr and above – below 30 years 45 years 60 years,0.0,0,ok,2022,text,Retired,45-59
Retired Persons,Transgender,60 years & above,0.0,0,ok,2022,text,Retired,60+
Retired Persons,Transgender,Total,0.0,0,ok,2022,text,Retired,all ages
Retired Persons,Transgender,Total,112.0,112,ok,2022,text,Retired,all ages
Other Persons,Male,Below 18 years,14.0,14,ok,2022,text,Other / not known,0-17
Other Persons,Male,18 Yr and above – below,29.0,29,ok,2022,text,Other / not known,18-29
Other Persons,Male,30 Yr and above – below,49.0,49,ok,2022,text,Other / not known,30-44
Other Persons,Male,45 Yr and above – below 30 years 45 years 60 years,54.0,54,ok,2022,text,Other / not known,45-59
Other Persons,Male,60 years & above,92.0,92,ok,2022,text,Other / not known,60+
Other Persons,Male,Total,238.0,238,ok,2022,text,Other / not known,all ages
Other Persons,Female,Below 18 years,18.0,18,ok,2022,text,Other / not known,0-17
Other Persons,Female,18 Yr and above – below,33.0,33,ok,2022,text,Other / not known,18-29
Other Persons,Female,30 Yr and above – below,3.0,3,ok,2022,text,Other / not known,30-44
Other Persons,Female,45 Yr and above – below 30 years 45 years 60 years,3.0,3,ok,2022,text,Other / not known,45-59
Other Persons,Female,60 years & above,38.0,38,ok,2022,text,Other / not known,60+
Other Persons,Female,Total,95.0,95,ok,2022,text,Other / not known,all ages
Other Persons,Transgender,Below 18 years,0.0,0,ok,2022,text,Other / not known,0-17
Other Persons,Transgender,18 Yr and above – below,2.0,2,ok,2022,text,Other / not known,18-29
Other Persons,Transgender,30 Yr and above – below,0.0,0,ok,2022,text,Other / not known,30-44
Other Persons,Transgender,45 yr and above – below 30 years 45 years 60 years,0.0,0,ok,2022,text,Other / not known,45-59
Other Persons,Transgender,60 years & above,0.0,0,ok,2022,text,Other / not known,60+
Other Persons,Transgender,Total,2.0,2,ok,2022,text,Other / not known,all ages
Other Persons,Total,,335.0,335,no total,2022,text,Other / not known,all ages
Housewife,Male,Below 18 years,,-,mismatch,2023,text,House wife,0-17
Housewife,Male,18 Yr and above – below,,-,mismatch,2023,text,House wife,18-29
Housewife,Male,30 Yr and above – below,,-,mismatch,2023,text,House wife,30-44
Housewife,Male,45 Yr and above – below 30 years 45 years 60 years,,-,mismatch,2023,text,House wife,45-59
Housewife,Male,60 years & above,,-,mismatch,2023,text,House wife,60+
Housewife,Male,Total,,-,mismatch,2023,text,House wife,all ages
Housewife,Female,Below 18 years,0.0,0,ok,2023,text,House wife,0-17
Housewife,Female,18 Yr and above – below,980.0,980,ok,2023,text,House wife,18-29
Housewife,Female,30 Yr and above – below,1044.0,1044,ok,2023,text,House wife,30-44
Housewife,Female,45 Yr and above – below 30 years 45 years 60 years,564.0,564,ok,2023,text,House wife,45-59
Housewife,Female,60 years & above,492.0,492,ok,2023,text,House wife,60+
Housewife,Female,Total,3080.0,3080,ok,2023,text,House wife,all ages
Housewife,Transgender,Below 18 years,0.0,0,ok,2023,text,House wife,0-17
Housewife,Transgender,18 Yr and above – below,0.0,0,ok,2023,text,House wife,18-29
Housewife,Transgender,30 Yr and above – below,0.0,0,ok,2023,text,House wife,30-44
Housewife,Transgender,45 yr and above – below 30 years 45 years 60 years,0.0,0,ok,2023,text,House wife,45-59
Housewife,Transgender,60 years & above,0.0,0,ok,2023,text,House wife,60+
Housewife,Transgender,Total,0.0,0,ok,2023,text,House wife,all ages
Housewife,Total,,3080.0,3080,no total,2023,text,House wife,all ages
Central/UT Govt. Servants,Male,Below 18 years,0.0,0,ok,2023,text,Government servant,0-17
Central/UT Govt. Servants,Male,18 Yr and above – below,4.0,4,ok,2023,text,Government servant,18-29
Central/UT Govt. Servants,Male,30 Yr and above – below,20.0,20,ok,2023,text,Government servant,30-44
Central/UT Govt. Servants,Male,45 Yr and above – below 30 years 45 years 60 years,13.0,13,ok,2023,text,Government servant,45-59
Central/UT Govt. Servants,Male,60 years & above,2.0,2,ok,2023,text,Government servant,60+
Central/UT Govt. Servants,Male,Total,39.0,39,ok,2023,text,Government servant,all ages
Central/UT Govt. Servants,Female,Below 18 years,0.0,0,ok,2023,text,Government servant,0-17
Central/UT Govt. Servants,Female,18 Yr and above – below,2.0,2,ok,2023,text,Government servant,18-29
Central/UT Govt. Servants,Female,30 Yr and above – below,1.0,1,ok,2023,text,Government servant,30-44
Central/UT Govt. Servants,Female,45 Yr and above – below 30 years 45 years 60 years,0.0,0,ok,2023,text,Government servant,45-59
Central/UT Govt. Servants,Female,60 years & above,0.0,0,ok,2023,text,Government servant,60+
Central/UT Govt. Servants,Female,Total,3.0,3,ok,2023,text,Government servant,all ages
Central/UT Govt. Servants,Transgender,Below 18 years,0.0,0,ok,2023,text,Government servant,0-17
Central/UT Govt. Servants,Transgender,18 Yr and above – below,0.0,0,ok,2023,text,Government servant,18-29
Central/UT Govt. Servants,Transgender,30 Yr and above – below,0.0,0,ok,2023,text,Government servant,30-44
Central/UT Govt. Servants,Transgender,45 yr and above – below 30 years 45 years 60 years,0.0,0,ok,2023,text,Government servant,45-59
Central/UT Govt. Servants,Transgender,60 years & above,0.0,0,ok,2023,text,Government servant,60+
Central/UT Govt. Servants,Transgender,Total,0.0,0,ok,2023,text,Government servant,all ages
Central/UT Govt. Servants,Total,,42.0,42,no total,2023,text,Government servant,all ages
State Govt. Servants,Male,Below 18 years,0.0,0,ok,2023,text,Government servant,0-17
State Govt. Servants,Male,18 Yr and above – below,30.0,30,ok,2023,text,Government servant,18-29
State Govt. Servants,Male,30 Yr and above – below,86.0,86,ok,2023,text,Government servant,30-44
State Govt. Servants,Male,45 Yr and above – below 30 years 45 years 60 years,95.0,95,ok,2023,text,Government servant,45-59
State Govt. Servants,Male,60 years & above,6.0,6,ok,2023,text,Government servant,60+
State Govt. Servants,Male,Total,217.0,217,ok,2023,text,Government servant,all ages
State Govt. Servants,,Below 18 years,0.0,0,no total,2023,text,Government servant,0-17
State Govt. Servants,,18 Yr and above – below,8.0,8,no total,2023,text,Government servant,18-29
State Govt. Servants,,30 Yr and above – below,16.0,16,no total,2023,text,Government servant,30-44
State Govt. Servants,,45 Yr and above – below 30 years 45 years 60 years,11.0,11,no total,2023,text,Government servant,45-59
State Govt. Servants,,60 years & above,2.0,2,no total,2023,text,Government servant,60+
State Govt. Servants,Total,,37.0,37,no total,2023,text,Government servant,all ages
State Govt. Servants,Transgender,Below 18 years,0.0,0,ok,2023,text,Government servant,0-17
State Govt. Servants,Transgender,18 Yr and above – below,0.0,0,ok,2023,text,Government servant,18-29
State Govt. Servants,Transgender,30 Yr and above – below,0.0,0,ok,2023,text,Government servant,30-44
State Govt. Servants,Transgender,45 yr and above – below 30 years 45 years 60 years,0.0,0,ok,2023,text,Government servant,45-59
State Govt. Servants,Transgender,60 years & above,0.0,0,ok,2023,text,Government servant,60+
State Govt. Servants,Transgender,Total,0.0,0,ok,2023,text,Government servant,all ages
State Govt. Servants,Total,,254.0,254,no total,2023,text,Government servant,all ages
Other Statutory Body/etc.,Male,Below 18 years,0.0,0,ok,2023,text,Other / not known,0-17
Other Statutory Body/etc.,Male,18 Yr and above – below,7.0,7,ok,2023,text,Other / not known,18-29
Other Statutory Body/etc.,Male,30 Yr and above – below,6.0,6,ok,2023,text,Other / not known,30-44
Other Statutory Body/etc.,Male,45 Yr and above – below 30 years 45 years 60 years,4.0,4,ok,2023,text,Other / not known,45-59
Other Statutory Body/etc.,Male,60 years & above,0.0,0,ok,2023,text,Other / not known,60+
Other Statutory Body/etc.,Male,Total,17.0,17,ok,2023,text,Other / not known,all ages
Other Statutory Body/etc.,,Below 18 years,0.0,0,no total,2023,text,Other / not known,0-17
Other Statutory Body/etc.,,18 Yr and above – below,1.0,1,no total,2023,text,Other / not known,18-29
Other Statutory Body/etc.,,30 Yr and above – below,2.0,2,no total,2023,text,Other / not known,30-44
Other Statutory Body/etc.,,45 Yr and above – below 30 years 45 years 60 years,1.0,1,no total,2023,text,Other / not known,45-59
Other Statutory Body/etc.,,60 years & above,0.0,0,no total,2023,text,Other / not known,60+
Other Statutory Body/etc.,Total,,4.0,4,no total,2023,text,Other / not known,all ages
Other Statutory Body/etc.,Transgender,Below 18 years,0.0,0,ok,2023,text,Other / not known,0-17
Other Statutory Body/etc.,Transgender,18 Yr and above – below,0.0,0,ok,2023,text,Other / not known,18-29
Other Statutory Body/etc.,Transgender,30 Yr and above – below,0.0,0,ok,2023,text,Other / not known,30-44
Other Statutory Body/etc.,Transgender,45 Yr and above – below 30 years 45 years 60 years,0.0,0,ok,2023,text,Other / not known,45-59
Other Statutory Body/etc.,Transgender,60 years & above,0.0,0,ok,2023,text,Other / not known,60+
Other Statutory Body/etc.,Transgender,Total,0.0,0,ok,2023,text,Other / not known,all ages
Other Statutory Body/etc.,Total,,21.0,21,no total,2023,text,Other / not known,all ages
Private Sector Enterprises,Male,Below 18 years,0.0,0,ok,2023,text,Private sector,0-17
Private Sector Enterprises,Male,18 Yr and above – below,330.0,330,ok,2023,text,Private sector,18-29
Private Sector Enterprises,Male,30 Yr and above – below,291.0,291,ok,2023,text,Private sector,30-44
Private Sector Enterprises,Male,45 Yr and above – below 30 years 45 years 60 years,84.0,84,ok,2023,text,Private sector,45-59
Private Sector Enterprises,Male,60 years & above,20.0,20,ok,2023,text,Private sector,60+
Private Sector Enterprises,Male,Total,725.0,725,ok,2023,text,Private sector,all ages
Private Sector Enterprises,Female,Below 18 years,0.0,0,ok,2023,text,Private sector,0-17
Private Sector Enterprises,Female,18 Yr and above – below,117.0,117,ok,2023,text,Private sector,18-29
Private Sector Enterprises,Female,30 Yr and above – below,41.0,41,ok,2023,text,Private sector,30-44
Private Sector Enterprises,Female,45 Yr and above – below 30 years 45 years 60 years,7.0,7,ok,2023,text,Private sector,45-59
Private Sector Enterprises,Female,60 years & above,2.0,2,ok,2023,text,Private sector,60+
Private Sector Enterprises,Female,Total,167.0,167,ok,2023,text,Private sector,all ages
Private Sector Enterprises,Transgender,Below 18 years,0.0,0,ok,2023,text,Private sector,0-17
Private Sector Enterprises,Transgender,18 Yr and above – below,0.0,0,ok,2023,text,Private sector,18-29
Private Sector Enterprises,Transgender,30 Yr and above – below,0.0,0,ok,2023,text,Private sector,30-44
Private Sector Enterprises,Transgender,45 yr and above – below 30 years 45 years 60 years,0.0,0,ok,2023,text,Private sector,45-59
Private Sector Enterprises,Transgender,60 years & above,0.0,0,ok,2023,text,Private sector,60+
Private Sector Enterprises,Transgender,Total,0.0,0,ok,2023,text,Private sector,all ages
Private Sector Enterprises,Total,,892.0,892,no total,2023,text,Private sector,all ages
Public Sector Undertaking,Male,Below 18 years,0.0,0,ok,2023,text,Public sector undertaking,0-17
Public Sector Undertaking,Male,18 Yr and above – below,107.0,107,ok,2023,text,Public sector undertaking,18-29
Public Sector Undertaking,Male,30 Yr and above – below,165.0,165,ok,2023,text,Public sector undertaking,30-44
Public Sector Undertaking,Male,45 Yr and above – below 30 years 45 years 60 years,96.0,96,ok,2023,text,Public sector undertaking,45-59
Public Sector Undertaking,Male,60 years & above,18.0,18,ok,2023,text,Public sector undertaking,60+
Public Sector Undertaking,Male,Total,386.0,386,ok,2023,text,Public sector undertaking,all ages
Public Sector Undertaking,Female,Below 18 years,0.0,0,ok,2023,text,Public sector undertaking,0-17
Public Sector Undertaking,Female,18 Yr and above – below,15.0,15,ok,2023,text,Public sector undertaking,18-29
Public Sector Undertaking,Female,30 Yr and above – below,21.0,21,ok,2023,text,Public sector undertaking,30-44
Public Sector Undertaking,Female,45 Yr and above – below 30 years 45 years 60 years,12.0,12,ok,2023,text,Public sector undertaking,45-59
Public Sector Undertaking,Female,60 years & above,2.0,2,ok,2023,text,Public sector undertaking,60+
Public Sector Undertaking,Female,Total,50.0,50,ok,2023,text,Public sector undertaking,all ages
Public Sector Undertaking,Transgender,Below 18 years,0.0,0,ok,2023,text,Public sector undertaking,0-17
Public Sector Undertaking,Transgender,18 Yr and above – below,0.0,0,ok,2023,text,Public sector undertaking,18-29
Public Sector Undertaking,Transgender,30 Yr and above – below,0.0,0,ok,2023,text,Public sector undertaking,30-44
Public Sector Undertaking,Transgender,45 yr and above – below 30 years 45 years 60 years,0.0,0,ok,2023,text,Public sector undertaking,45-59
Public Sector Undertaking,Transgender,60 years & above,0.0,0,ok,2023,text,Public sector undertaking,60+
Public Sector Undertaking,Transgender,Total,0.0,0,ok,2023,text,Public sector undertaking,all ages
Public Sector Undertaking,Total,,436.0,436,no total,2023,text,Public sector undertaking,all ages
Students,Male,Below 18 years,291.0,291,ok,2023,text,Student,0-17
Students,Male,18 Yr and above – below,261.0,261,ok,2023,text,Student,18-29
Students,Male,30 Yr and above – below,0.0,0,ok,2023,text,Student,30-44
Students,Male,45 Yr and above – below 30 years 45 years 60 years,0.0,0,ok,2023,text,Student,45-59
Students,Male,60 years & above,0.0,0,ok,2023,text,Student,60+
Students,Male,Total,552.0,552,ok,2023,text,Student,all ages
Students,Female,Below 18 years,474.0,474,ok,2023,text,Student,0-17
Students,Female,18 Yr and above – below,312.0,312,ok,2023,text,Student,18-29
Students,Female,30 Yr and above – below,0.0,0,ok,2023,text,Student,30-44
Students,Female,45 Yr and above – below 30 years 45 years 60 years,0.0,0,ok,2023,text,Student,45-59
Students,Female,60 years & above,0.0,0,ok,2023,text,Student,60+
Students,Female,Total,786.0,786,ok,2023,text,Student,all ages
Students,Transgender,Below 18 years,0.0,0,ok,2023,text,Student,0-17
Students,Transgender,18 Yr and above – below,1.0,1,ok,2023,text,Student,18-29
Students,Transgender,30 Yr and above – below,0.0,0,ok,2023,text,Student,30-44
Students,Transgender,45 yr and above – below 30 years 45 years 60 years,0.0,0,ok,2023,text,Student,45-59
Students,Transgender,60 years & above,0.0,0,ok,2023,text,Student,60+
Students,Transgender,Total,1.0,1,ok,2023,text,Student,all ages
Students,Total,,1339.0,1339,no total,2023,text,Student,all ages
Unemployed Persons,Male,Below 18 years,0.0,0,ok,2023,text,Unemployed,0-17
Unemployed Persons,Male,18 Yr and above – below,542.0,542,ok,2023,text,Unemployed,18-29
Unemployed Persons,Male,30 Yr and above – below,513.0,513,ok,2023,text,Unemployed,30-44
Unemployed Persons,Male,45 Yr and above – below 30 years 45 years 60 years,179.0,179,ok,2023,text,Unemployed,45-59
Unemployed Persons,Male,60 years & above,0.0,0,ok,2023,text,Unemployed,60+
Unemployed Persons,Male,Total,1234.0,1234,ok,2023,text,Unemployed,all ages
Unemployed Persons,Female,Below 18 years,0.0,0,ok,2023,text,Unemployed,0-17
Unemployed Persons,Female,18 Yr and above – below,210.0,210,ok,2023,text,Unemployed,18-29
Unemployed Persons,Female,30 Yr and above – below,31.0,31,ok,2023,text,Unemployed,30-44
Unemployed Persons,Female,45 Yr and above – below 30 years 45 years 60 years,19.0,19,ok,2023,text,Unemployed,45-59
Unemployed Persons,Female,60 years & above,102.0,102,ok,2023,text,Unemployed,60+
Unemployed Persons,Female,Total,362.0,362,ok,2023,text,Unemployed,all ages
Unemployed Persons,Transgender,Below 18 years,0.0,0,ok,2023,text,Unemployed,0-17
Unemployed Persons,Transgender,18 Yr and above – below,5.0,5,ok,2023,text,Unemployed,18-29
Unemployed Persons,Transgender,30 Yr and above – below,0.0,0,ok,2023,text,Unemployed,30-44
Unemployed Persons,Transgender,45 yr and above – below 30 years 45 years 60 years,0.0,0,ok,2023,text,Unemployed,45-59
Unemployed Persons,Transgender,60 years & above,0.0,0,ok,2023,text,Unemployed,60+
Unemployed Persons,Transgender,Total,5.0,5,ok,2023,text,Unemployed,all ages
Unemployed Persons,Total,,1601.0,1601,no total,2023,text,Unemployed,all ages
Vendor,Male,Below 18 years,2.0,2,ok,2023,text,Other / not known,0-17
Vendor,Male,18 Yr and above – below,54.0,54,ok,2023,text,Other / not known,18-29
Vendor,Male,30 Yr and above – below,147.0,147,ok,2023,text,Other / not known,30-44
Vendor,Male,45 Yr and above – below 30 years 45 years 60 years,113.0,113,ok,2023,text,Other / not known,45-59
Vendor,Male,60 years & above,35.0,35,ok,2023,text,Other / not known,60+
Vendor,Male,Total,351.0,351,ok,2023,text,Other / not known,all ages
Vendor,Female,Below 18 years,0.0,0,ok,2023,text,Other / not known,0-17
Vendor,Female,18 Yr and above – below,6.0,6,ok,2023,text,Other / not known,18-29
Vendor,Female,30 Yr and above – below,5.0,5,ok,2023,text,Other / not known,30-44
Vendor,Female,45 Yr and above – below 30 years 45 years 60 years,2.0,2,ok,2023,text,Other / not known,45-59
Vendor,Female,60 years & above,1.0,1,ok,2023,text,Other / not known,60+
Vendor,Female,Total,14.0,14,ok,2023,text,Other / not known,all ages
Vendor,Transgender,Below 18 years,0.0,0,ok,2023,text,Other / not known,0-17
Vendor,Transgender,18 Yr and above – below,0.0,0,ok,2023,text,Other / not known,18-29
Vendor,Transgender,30 Yr and above – below,0.0,0,ok,2023,text,Other / not known,30-44
Vendor,Transgender,45 yr and above – below 30 years 45 years 60 years,0.0,0,ok,2023,text,Other / not known,45-59
Vendor,Transgender,60 years & above,0.0,0,ok,2023,text,Other / not known,60+
Vendor,Transgender,Total,0.0,0,ok,2023,text,Other / not known,all ages
Vendor,Total,,365.0,365,no total,2023,text,Other / not known,all ages
Tradesmen,Male,Below 18 years,2.0,2,ok,2023,text,Other / not known,0-17
Tradesmen,Male,18 Yr and above – below,33.0,33,ok,2023,text,Other / not known,18-29
Tradesmen,Male,30 Yr and above – below,62.0,62,ok,2023,text,Other / not known,30-44
Tradesmen,Male,45 Yr and above – below 30 years 45 years 60 years,37.0,37,ok,2023,text,Other / not known,45-59
Tradesmen,Male,60 years & above,14.0,14,ok,2023,text,Other / not known,60+
Tradesmen,Male,Total,148.0,148,ok,2023,text,Other / not known,all ages
Tradesmen,Female,Below 18 years,0.0,0,ok,2023,text,Other / not known,0-17
Tradesmen,Female,18 Yr and above – below,1.0,1,ok,2023,text,Other / not known,18-29
Tradesmen,Female,30 Yr and above – below,1.0,1,ok,2023,text,Other / not known,30-44
Tradesmen,Female,45 Yr and above – below 30 years 45 years 60 years,1.0,1,ok,2023,text,Other / not known,45-59
Tradesmen,Female,60 years & above,0.0,0,ok,2023,text,Other / not known,60+
Tradesmen,Female,Total,3.0,3,ok,2023,text,Other / not known,all ages
Tradesmen,Transgender,Below 18 years,0.0,0,ok,2023,text,Other / not known,0-17
Tradesmen,Transgender,18 Yr and above – below,0.0,0,ok,2023,text,Other / not known,18-29
Tradesmen,Transgender,30 Yr and above – below,0.0,0,ok,2023,text,Other / not known,30-44
Tradesmen,Transgender,45 yr and above – below 30 years 45 years 60 years,0.0,0,ok,2023,text,Other / not known,45-59
Tradesmen,Transgender,60 years & above,0.0,0,ok,2023,text,Other / not known,60+
Tradesmen,Transgender,Total,0.0,0,ok,2023,text,Other / not known,all ages
Tradesmen,Total,,151.0,151,no total,2023,text,Other / not known,all ages
Others,Male,Below 18 years,0.0,0,ok,2023,text,Other / not known,0-17
Others,Male,18 Yr and above – below,115.0,115,ok,2023,text,Other / not known,18-29
Others,Male,30 Yr and above – below,229.0,229,ok,2023,text,Other / not known,30-44
Others,Male,45 Yr and above – below 30 years 45 years 60 years,157.0,157,ok,2023,text,Other / not known,45-59
Others,Male,60 years & above,50.0,50,ok,2023,text,Other / not known,60+
Others,Male,Total,551.0,551,ok,2023,text,Other / not known,all ages
Others,Female,Below 18 years,0.0,0,ok,2023,text,Other / not known,0-17
Others,Female,18 Yr and above – below,12.0,12,ok,2023,text,Other / not known,18-29
Others,Female,30 Yr and above – below,14.0,14,ok,2023,text,Other / not known,30-44
Others,Female,45 Yr and above – below 30 years 45 years 60 years,4.0,4,ok,2023,text,Other / not known,45-59
Others,Female,60 years & above,0.0,0,ok,2023,text,Other / not known,60+
Others,Female,Total,30.0,30,ok,2023,text,Other / not known,all ages
Others,Transgender,Below 18 years,0.0,0,ok,2023,text,Other / not known,0-17
Others,Transgender,18 Yr and above – below,0.0,0,ok,2023,text,Other / not known,18-29
Others,Transgender,30 Yr and above – below,0.0,0,ok,2023,text,Other / not known,30-44
Others,Transgender,45 yr and above – below 30 years 45 years 60 years,0.0,0,ok,2023,text,Other / not known,45-59
Others,Transgender,60 years & above,0.0,0,ok,2023,text,Other / not known,60+
Others,Transgender,Total,0.0,0,ok,2023,text,Other / not known,all ages
Others,Total,,581.0,581,no total,2023,text,Other / not known,all ages
Other Self-employed Persons,Male,Below 18 years,2.0,2,ok,2023,text,Self-employed: other,0-17
Other Self-employed Persons,Male,18 Yr and above – below,207.0,207,ok,2023,text,Self-employed: other,18-29
Other Self-employed Persons,Male,30 Yr and above – below,397.0,397,ok,2023,text,Self-employed: other,30-44
Other Self-employed Persons,Male,45 Yr and above – below 30 years 45 years 60 years,236.0,236,ok,2023,text,Self-employed: other,45-59
Other Self-employed Persons,Male,60 years & above,72.0,72,ok,2023,text,Self-employed: other,60+
Other Self-employed Persons,Male,Total,914.0,914,ok,2023,text,Self-employed: other,all ages
Other Self-employed Persons,Female,Below 18 years,0.0,0,ok,2023,text,Self-employed: other,0-17
Other Self-employed Persons,Female,18 Yr and above – below,26.0,26,ok,2023,text,Self-employed: other,18-29
Other Self-employed Persons,Female,30 Yr and above – below,18.0,18,ok,2023,text,Self-employed: other,30-44
Other Self-employed Persons,Female,45 Yr and above – below 30 years 45 years 60 years,3.0,3,ok,2023,text,Self-employed: other,45-59
Other Self-employed Persons,Female,60 years & above,1.0,1,ok,2023,text,Self-employed: other,60+
Other Self-employed Persons,Female,Total,48.0,48,ok,2023,text,Self-employed: other,all ages
Other Self-employed Persons,Transgender,Below 18 years,0.0,0,ok,2023,text,Self-employed: other,0-17
Other Self-employed Persons,Transgender,18 Yr and above – below,0.0,0,ok,2023,text,Self-employed: other,18-29
Other Self-employed Persons,Transgender,30 Yr and above – below,0.0,0,ok,2023,text,Self-employed: other,30-44
Other Self-employed Persons,Transgender,45 yr and above – below 30 years 45 years 60 years,0.0,0,ok,2023,text,Self-employed: other,45-59
Other Self-employed Persons,Transgender,60 years & above,0.0,0,ok,2023,text,Self-employed: other,60+
Other Self-employed Persons,Transgender,Total,0.0,0,ok,2023,text,Self-employed: other,all ages
Other Self-employed Persons,Total,,962.0,962,no total,2023,text,Self-employed: other,all ages
Who cultivate their own land with or without assistance of agricultural labourers,Male,Below 18 years,0.0,0,ok,2023,text,Agricultural labourer,0-17
Who cultivate their own land with or without assistance of agricultural labourers,Male,18 Yr and above – below,1.0,1,ok,2023,text,Agricultural labourer,18-29
Who cultivate their own land with or without assistance of agricultural labourers,Male,30 Yr and above – below,12.0,12,ok,2023,text,Agricultural labourer,30-44
Who cultivate their own land with or without assistance of agricultural labourers,Male,45 Yr and above – below 30 years 45 years 60 years,11.0,11,ok,2023,text,Agricultural labourer,45-59
Who cultivate their own land with or without assistance of agricultural labourers,Male,60 years & above,16.0,16,ok,2023,text,Agricultural labourer,60+
Who cultivate their own land with or without assistance of agricultural labourers,Male,Total,40.0,40,ok,2023,text,Agricultural labourer,all ages
Who cultivate their own land with or without assistance of agricultural labourers,Female,Below 18 years,0.0,0,ok,2023,text,Agricultural labourer,0-17
Who cultivate their own land with or without assistance of agricultural labourers,Female,18 Yr and above – below,0.0,0,ok,2023,text,Agricultural labourer,18-29
Who cultivate their own land with or without assistance of agricultural labourers,Female,30 Yr and above – below,2.0,2,ok,2023,text,Agricultural labourer,30-44
Who cultivate their own land with or without assistance of agricultural labourers,Female,45 Yr and above – below 30 years 45 years 60 years,0.0,0,ok,2023,text,Agricultural labourer,45-59
Who cultivate their own land with or without assistance of agricultural labourers,Female,60 years & above,1.0,1,ok,2023,text,Agricultural labourer,60+
Who cultivate their own land with or without assistance of agricultural labourers,Female,Total,3.0,3,ok,2023,text,Agricultural labourer,all ages
Who cultivate their own land with or without assistance of agricultural labourers,Transgender,Below 18 years,0.0,0,ok,2023,text,Agricultural labourer,0-17
Who cultivate their own land with or without assistance of agricultural labourers,Transgender,18 Yr and above – below,0.0,0,ok,2023,text,Agricultural labourer,18-29
Who cultivate their own land with or without assistance of agricultural labourers,Transgender,30 Yr and above – below,0.0,0,ok,2023,text,Agricultural labourer,30-44
Who cultivate their own land with or without assistance of agricultural labourers,Transgender,45 yr and above – below 30 years 45 years 60 years,0.0,0,ok,2023,text,Agricultural labourer,45-59
Who cultivate their own land with or without assistance of agricultural labourers,Transgender,60 years & above,0.0,0,ok,2023,text,Agricultural labourer,60+
Who cultivate their own land with or without assistance of agricultural labourers,Transgender,Total,0.0,0,ok,2023,text,Agricultural labourer,all ages
Who cultivate their own land with or without assistance of agricultural labourers,Total,,43.0,43,no total,2023,text,Agricultural labourer,all ages
Who cultivate on lease land/work on lease/on other's land (known by different nomenclature) with or without assistance of agricultural labourers,Male,Below 18 years,0.0,0,ok,2023,text,Agricultural labourer,0-17
Who cultivate on lease land/work on lease/on other's land (known by different nomenclature) with or without assistance of agricultural labourers,Male,18 Yr and above – below,1.0,1,ok,2023,text,Agricultural labourer,18-29
Who cultivate on lease land/work on lease/on other's land (known by different nomenclature) with or without assistance of agricultural labourers,Male,30 Yr and above – below,4.0,4,ok,2023,text,Agricultural labourer,30-44
Who cultivate on lease land/work on lease/on other's land (known by different nomenclature) with or without assistance of agricultural labourers,Male,45 Yr and above – below 30 years 45 years 60 years,8.0,8,ok,2023,text,Agricultural labourer,45-59
Who cultivate on lease land/work on lease/on other's land (known by different nomenclature) with or without assistance of agricultural labourers,Male,60 years & above,7.0,7,ok,2023,text,Agricultural labourer,60+
Who cultivate on lease land/work on lease/on other's land (known by different nomenclature) with or without assistance of agricultural labourers,Male,Total,20.0,20,ok,2023,text,Agricultural labourer,all ages
Who cultivate on lease land/work on lease/on other's land (known by different nomenclature) with or without assistance of agricultural labourers,Female,Below 18 years,0.0,0,ok,2023,text,Agricultural labourer,0-17
Who cultivate on lease land/work on lease/on other's land (known by different nomenclature) with or without assistance of agricultural labourers,Female,18 Yr and above – below,1.0,1,ok,2023,text,Agricultural labourer,18-29
Who cultivate on lease land/work on lease/on other's land (known by different nomenclature) with or without assistance of agricultural labourers,Female,30 Yr and above – below,0.0,0,ok,2023,text,Agricultural labourer,30-44
Who cultivate on lease land/work on lease/on other's land (known by different nomenclature) with or without assistance of agricultural labourers,Female,45 Yr and above – below 30 years 45 years 60 years,2.0,2,ok,2023,text,Agricultural labourer,45-59
Who cultivate on lease land/work on lease/on other's land (known by different nomenclature) with or without assistance of agricultural labourers,Female,60 years & above,1.0,1,ok,2023,text,Agricultural labourer,60+
Who cultivate on lease land/work on lease/on other's land (known by different nomenclature) with or without assistance of agricultural labourers,Female,Total,4.0,4,ok,2023,text,Agricultural labourer,all ages
Who cultivate on lease land/work on lease/on other's land (known by different nomenclature) with or without assistance of agricultural labourers,Transgender,Below 18 years,0.0,0,ok,2023,text,Agricultural labourer,0-17
Who cultivate on lease land/work on lease/on other's land (known by different nomenclature) with or without assistance of agricultural labourers,Transgender,18 Yr and above – below,0.0,0,ok,2023,text,Agricultural labourer,18-29
Who cultivate on lease land/work on lease/on other's land (known by different nomenclature) with or without assistance of agricultural labourers,Transgender,30 Yr and above – below,0.0,0,ok,2023,text,Agricultural labourer,30-44
Who cultivate on lease land/work on lease/on other's land (known by different nomenclature) with or without assistance of agricultural labourers,Transgender,45 yr and above – below 30 years 45 years 60 years,0.0,0,ok,2023,text,Agricultural labourer,45-59
Who cultivate on lease land/work on lease/on other's land (known by different nomenclature) with or without assistance of agricultural labourers,Transgender,60 years & above,0.0,0,ok,2023,text,Agricultural labourer,60+
Who cultivate on lease land/work on lease/on other's land (known by different nomenclature) with or without assistance of agricultural labourers,Transgender,Total,0.0,0,ok,2023,text,Agricultural labourer,all ages
Who cultivate on lease land/work on lease/on other's land (known by different nomenclature) with or without assistance of agricultural labourers,Total,,24.0,24,no total,2023,text,Agricultural labourer,all ages
Agricultural Labourers,Male,Below 18 years,0.0,0,ok,2023,text,Agricultural labourer,0-17
Agricultural Labourers,Male,18 Yr and above – below,67.0,67,ok,2023,text,Agricultural labourer,18-29
Agricultural Labourers,Male,30 Yr and above – below,135.0,135,ok,2023,text,Agricultural labourer,30-44
Agricultural Labourers,Male,45 Yr and above – below 30 years 45 years 60 years,184.0,184,ok,2023,text,Agricultural labourer,45-59
Agricultural Labourers,Male,60 years & above,141.0,141,ok,2023,text,Agricultural labourer,60+
Agricultural Labourers,Male,Total,527.0,527,ok,2023,text,Agricultural labourer,all ages
Agricultural Labourers,Female,Below 18 years,0.0,0,ok,2023,text,Agricultural labourer,0-17
Agricultural Labourers,Female,18 Yr and above – below,5.0,5,ok,2023,text,Agricultural labourer,18-29
Agricultural Labourers,Female,30 Yr and above – below,15.0,15,ok,2023,text,Agricultural labourer,30-44
Agricultural Labourers,Female,45 Yr and above – below 30 years 45 years 60 years,7.0,7,ok,2023,text,Agricultural labourer,45-59
Agricultural Labourers,Female,60 years & above,10.0,10,ok,2023,text,Agricultural labourer,60+
Agricultural Labourers,Female,Total,37.0,37,ok,2023,text,Agricultural labourer,all ages
Agricultural Labourers,Transgender,Below 18 years,0.0,0,ok,2023,text,Agricultural labourer,0-17
Agricultural Labourers,Transgender,18 Yr and above – below,0.0,0,ok,2023,text,Agricultural labourer,18-29
Agricultural Labourers,Transgender,30 Yr and above – below,0.0,0,ok,2023,text,Agricultural labourer,30-44
Agricultural Labourers,Transgender,45 yr and above – below 30 years 45 years 60 years,0.0,0,ok,2023,text,Agricultural labourer,45-59
Agricultural Labourers,Transgender,60 years & above,0.0,0,ok,2023,text,Agricultural labourer,60+
Agricultural Labourers,Transgender,Total,0.0,0,ok,2023,text,Agricultural labourer,all ages
Agricultural Labourers,Total,,564.0,564,no total,2023,text,Agricultural labourer,all ages
Daily Wage Earner,Male,Below 18 years,34.0,34,ok,2023,text,Daily wage earner,0-17
Daily Wage Earner,Male,18 Yr and above – below,1824.0,1824,ok,2023,text,Daily wage earner,18-29
Daily Wage Earner,Male,30 Yr and above – below,2612.0,2612,ok,2023,text,Daily wage earner,30-44
Daily Wage Earner,Male,45 Yr and above – below 30 years 45 years 60 years,2087.0,2087,ok,2023,text,Daily wage earner,45-59
Daily Wage Earner,Male,60 years & above,1518.0,1518,ok,2023,text,Daily wage earner,60+
Daily Wage Earner,Male,Total,8075.0,8075,ok,2023,text,Daily wage earner,all ages
Daily Wage Earner,Female,Below 18 years,19.0,19,ok,2023,text,Daily wage earner,0-17
Daily Wage Earner,Female,18 Yr and above – below,223.0,223,ok,2023,text,Daily wage earner,18-29
Daily Wage Earner,Female,30 Yr and above – below,236.0,236,ok,2023,text,Daily wage earner,30-44
Daily Wage Earner,Female,45 Yr and above – below 30 years 45 years 60 years,161.0,161,ok,2023,text,Daily wage earner,45-59
Daily Wage Earner,Female,60 years & above,75.0,75,ok,2023,text,Daily wage earner,60+
Daily Wage Earner,Female,Total,714.0,714,ok,2023,text,Daily wage earner,all ages
Daily Wage Earner,Transgender,Below 18 years,0.0,0,ok,2023,text,Daily wage earner,0-17
Daily Wage Earner,Transgender,18 Yr and above – below,3.0,3,ok,2023,text,Daily wage earner,18-29
Daily Wage Earner,Transgender,30 Yr and above – below,2.0,2,ok,2023,text,Daily wage earner,30-44
Daily Wage Earner,Transgender,45 yr and above – below 30 years 45 years 60 years,0.0,0,ok,2023,text,Daily wage earner,45-59
Daily Wage Earner,Transgender,60 years & above,0.0,0,ok,2023,text,Daily wage earner,60+
Daily Wage Earner,Transgender,Total,5.0,5,ok,2023,text,Daily wage earner,all ages
Daily Wage Earner,Total,,8794.0,8794,no total,2023,text,Daily wage earner,all ages
Retired Persons,Male,Below 18 years,0.0,0,ok,2023,text,Retired,0-17
Retired Persons,Male,18 Yr and above – below,0.0,0,ok,2023,text,Retired,18-29
Retired Persons,Male,30 Yr and above – below,0.0,0,ok,2023,text,Retired,30-44
Retired Persons,Male,45 Yr and above – below 30 years 45 years 60 years,16.0,16,ok,2023,text,Retired,45-59
Retired Persons,Male,60 years & above,114.0,114,ok,2023,text,Retired,60+
Retired Persons,Male,Total,130.0,130,ok,2023,text,Retired,all ages
Retired Persons,Female,Below 18 years,0.0,0,ok,2023,text,Retired,0-17
Retired Persons,Female,18 Yr and above – below,0.0,0,ok,2023,text,Retired,18-29
Retired Persons,Female,30 Yr and above – below,0.0,0,ok,2023,text,Retired,30-44
Retired Persons,Female,45 Yr and above – below 30 years 45 years 60 years,1.0,1,ok,2023,text,Retired,45-59
Retired Persons,Female,60 years & above,12.0,12,ok,2023,text,Retired,60+
Retired Persons,Female,Total,13.0,13,ok,2023,text,Retired,all ages
Retired Persons,Transgender,Below 18 years,0.0,0,ok,2023,text,Retired,0-17
Retired Persons,Transgender,18 Yr and above – below,0.0,0,ok,2023,text,Retired,18-29
Retired Persons,Transgender,30 Yr and above – below,0.0,0,ok,2023,text,Retired,30-44
Retired Persons,Transgender,45 yr and above – below 30 years 45 years 60 years,0.0,0,ok,2023,text,Retired,45-59
Retired Persons,Transgender,60 years & above,0.0,0,ok,2023,text,Retired,60+
Retired Persons,Transgender,Total,0.0,0,ok,2023,text,Retired,all ages
Retired Persons,Transgender,Total,143.0,143,ok,2023,text,Retired,all ages
Other Persons,Male,Below 18 years,2.0,2,ok,2023,text,Other / not known,0-17
Other Persons,Male,18 Yr and above – below,1.0,1,ok,2023,text,Other / not known,18-29
Other Persons,Male,30 Yr and above – below,4.0,4,ok,2023,text,Other / not known,30-44
Other Persons,Male,45 Yr and above – below 30 years 45 years 60 years,32.0,32,ok,2023,text,Other / not known,45-59
Other Persons,Male,60 years & above,103.0,103,ok,2023,text,Other / not known,60+
Other Persons,Male,Total,142.0,142,ok,2023,text,Other / not known,all ages
Other Persons,Female,Below 18 years,2.0,2,ok,2023,text,Other / not known,0-17
Other Persons,Female,18 Yr and above – below,19.0,19,ok,2023,text,Other / not known,18-29
Other Persons,Female,30 Yr and above – below,6.0,6,ok,2023,text,Other / not known,30-44
Other Persons,Female,45 Yr and above – below 30 years 45 years 60 years,0.0,0,ok,2023,text,Other / not known,45-59
Other Persons,Female,60 years & above,22.0,22,ok,2023,text,Other / not known,60+
Other Persons,Female,Total,49.0,49,ok,2023,text,Other / not known,all ages
Other Persons,Transgender,Below 18 years,0.0,0,ok,2023,text,Other / not known,0-17
Other Persons,Transgender,18 Yr and above – below,0.0,0,ok,2023,text,Other / not known,18-29
Other Persons,Transgender,30 Yr and above – below,0.0,0,ok,2023,text,Other / not known,30-44
Other Persons,Transgender,45 yr and above – below 30 years 45 years 60 years,0.0,0,ok,2023,text,Other / not known,45-59
Other Persons,Transgender,60 years & above,0.0,0,ok,2023,text,Other / not known,60+
Other Persons,Transgender,Total,0.0,0,ok,2023,text,Other / not known,all ages
Other Persons,Total,,191.0,191,no total,2023,text,Other / not known,all ages
Housewife,Male,Below 18 years,,-,mismatch,2024,text,House wife,0-17
Housewife,Male,18 Yr and above – below,,-,mismatch,2024,text,House wife,18-29
Housewife,Male,30 Yr and above – below,,-,mismatch,2024,text,House wife,30-44
Housewife,Male,45 Yr and above – below 30 years 45 years 60 years,,-,mismatch,2024,text,House wife,45-59
Housewife,Male,60 years & above,,-,mismatch,2024,text,House wife,60+
Housewife,Male,Total,,-,mismatch,2024,text,House wife,all ages
Housewife,Female,Below 18 years,0.0,0,ok,2024,text,House wife,0-17
Housewife,Female,18 Yr and above – below,883.0,883,ok,2024,text,House wife,18-29
Housewife,Female,30 Yr and above – below,923.0,923,ok,2024,text,House wife,30-44
Housewife,Female,45 Yr and above – below 30 years 45 years 60 years,557.0,557,ok,2024,text,House wife,45-59
Housewife,Female,60 years & above,458.0,458,ok,2024,text,House wife,60+
Housewife,Female,Total,2821.0,2821,ok,2024,text,House wife,all ages
Housewife,Transgender,Below 18 years,0.0,0,ok,2024,text,House wife,0-17
Housewife,Transgender,18 Yr and above – below,0.0,0,ok,2024,text,House wife,18-29
Housewife,Transgender,30 Yr and above – below,0.0,0,ok,2024,text,House wife,30-44
Housewife,Transgender,45 yr and above – below 30 years 45 years 60 years,0.0,0,ok,2024,text,House wife,45-59
Housewife,Transgender,60 years & above,0.0,0,ok,2024,text,House wife,60+
Housewife,Transgender,Total,0.0,0,ok,2024,text,House wife,all ages
Housewife,Total,,2821.0,2821,no total,2024,text,House wife,all ages
Central/UT Govt. Servants,Male,Below 18 years,0.0,0,ok,2024,text,Government servant,0-17
Central/UT Govt. Servants,Male,18 Yr and above – below,8.0,8,ok,2024,text,Government servant,18-29
Central/UT Govt. Servants,Male,30 Yr and above – below,28.0,28,ok,2024,text,Government servant,30-44
Central/UT Govt. Servants,Male,45 Yr and above – below 30 years 45 years 60 years,14.0,14,ok,2024,text,Government servant,45-59
Central/UT Govt. Servants,Male,60 years & above,2.0,2,ok,2024,text,Government servant,60+
Central/UT Govt. Servants,Male,Total,52.0,52,ok,2024,text,Government servant,all ages
Central/UT Govt. Servants,Female,Below 18 years,0.0,0,ok,2024,text,Government servant,0-17
Central/UT Govt. Servants,Female,18 Yr and above – below,3.0,3,ok,2024,text,Government servant,18-29
Central/UT Govt. Servants,Female,30 Yr and above – below,3.0,3,ok,2024,text,Government servant,30-44
Central/UT Govt. Servants,Female,45 Yr and above – below 30 years 45 years 60 years,2.0,2,ok,2024,text,Government servant,45-59
Central/UT Govt. Servants,Female,60 years & above,0.0,0,ok,2024,text,Government servant,60+
Central/UT Govt. Servants,Female,Total,8.0,8,ok,2024,text,Government servant,all ages
Central/UT Govt. Servants,Transgender,Below 18 years,0.0,0,ok,2024,text,Government servant,0-17
Central/UT Govt. Servants,Transgender,18 Yr and above – below,0.0,0,ok,2024,text,Government servant,18-29
Central/UT Govt. Servants,Transgender,30 Yr and above – below,0.0,0,ok,2024,text,Government servant,30-44
Central/UT Govt. Servants,Transgender,45 yr and above – below 30 years 45 years 60 years,0.0,0,ok,2024,text,Government servant,45-59
Central/UT Govt. Servants,Transgender,60 years & above,0.0,0,ok,2024,text,Government servant,60+
Central/UT Govt. Servants,Transgender,Total,0.0,0,ok,2024,text,Government servant,all ages
Central/UT Govt. Servants,Total,,60.0,60,no total,2024,text,Government servant,all ages
State Govt. Servants,Male,Below 18 years,0.0,0,ok,2024,text,Government servant,0-17
State Govt. Servants,Male,18 Yr and above – below,23.0,23,ok,2024,text,Government servant,18-29
State Govt. Servants,Male,30 Yr and above – below,94.0,94,ok,2024,text,Government servant,30-44
State Govt. Servants,Male,45 Yr and above – below 30 years 45 years 60 years,75.0,75,ok,2024,text,Government servant,45-59
State Govt. Servants,Male,60 years & above,2.0,2,ok,2024,text,Government servant,60+
State Govt. Servants,Male,Total,194.0,194,ok,2024,text,Government servant,all ages
State Govt. Servants,,Below 18 years,0.0,0,no total,2024,text,Government servant,0-17
State Govt. Servants,,18 Yr and above – below,11.0,11,no total,2024,text,Government servant,18-29
State Govt. Servants,,30 Yr and above – below,21.0,21,no total,2024,text,Government servant,30-44
State Govt. Servants,,45 Yr and above – below 30 years 45 years 60 years,10.0,10,no total,2024,text,Government servant,45-59
State Govt. Servants,,60 years & above,0.0,0,no total,2024,text,Government servant,60+
State Govt. Servants,Total,,42.0,42,no total,2024,text,Government servant,all ages
State Govt. Servants,Transgender,Below 18 years,0.0,0,ok,2024,text,Government servant,0-17
State Govt. Servants,Transgender,18 Yr and above – below,0.0,0,ok,2024,text,Government servant,18-29
State Govt. Servants,Transgender,30 Yr and above – below,0.0,0,ok,2024,text,Government servant,30-44
State Govt. Servants,Transgender,45 yr and above – below 30 years 45 years 60 years,0.0,0,ok,2024,text,Government servant,45-59
State Govt. Servants,Transgender,60 years & above,0.0,0,ok,2024,text,Government servant,60+
State Govt. Servants,Transgender,Total,0.0,0,ok,2024,text,Government servant,all ages
State Govt. Servants,Total,,236.0,236,no total,2024,text,Government servant,all ages
Other Statutory Body/etc.,Male,Below 18 years,0.0,0,ok,2024,text,Other / not known,0-17
Other Statutory Body/etc.,Male,18 Yr and above – below,8.0,8,ok,2024,text,Other / not known,18-29
Other Statutory Body/etc.,Male,30 Yr and above – below,10.0,10,ok,2024,text,Other / not known,30-44
Other Statutory Body/etc.,Male,45 Yr and above – below 30 years 45 years 60 years,5.0,5,ok,2024,text,Other / not known,45-59
Other Statutory Body/etc.,Male,60 years & above,2.0,2,ok,2024,text,Other / not known,60+
Other Statutory Body/etc.,Male,Total,25.0,25,ok,2024,text,Other / not known,all ages
Other Statutory Body/etc.,,Below 18 years,0.0,0,no total,2024,text,Other / not known,0-17
Other Statutory Body/etc.,,18 Yr and above – below,3.0,3,no total,2024,text,Other / not known,18-29
Other Statutory Body/etc.,,30 Yr and above – below,0.0,0,no total,2024,text,Other / not known,30-44
Other Statutory Body/etc.,,45 Yr and above – below 30 years 45 years 60 years,0.0,0,no total,2024,text,Other / not known,45-59
Other Statutory Body/etc.,,60 years & above,0.0,0,no total,2024,text,Other / not known,60+
Other Statutory Body/etc.,Total,,3.0,3,no total,2024,text,Other / not known,all ages
Other Statutory Body/etc.,Transgender,Below 18 years,0.0,0,ok,2024,text,Other / not known,0-17
Other Statutory Body/etc.,Transgender,18 Yr and above – below,0.0,0,ok,2024,text,Other / not known,18-29
Other Statutory Body/etc.,Transgender,30 Yr and above – below,0.0,0,ok,2024,text,Other / not known,30-44
Other Statutory Body/etc.,Transgender,45 Yr and above – below 30 years 45 years 60 years,0.0,0,ok,2024,text,Other / not known,45-59
Other Statutory Body/etc.,Transgender,60 years & above,0.0,0,ok,2024,text,Other / not known,60+
Other Statutory Body/etc.,Transgender,Total,0.0,0,ok,2024,text,Other / not known,all ages
Other Statutory Body/etc.,Total,,28.0,28,no total,2024,text,Other / not known,all ages
Private Sector Enterprises,Male,Below 18 years,0.0,0,ok,2024,text,Private sector,0-17
Private Sector Enterprises,Male,18 Yr and above – below,337.0,337,ok,2024,text,Private sector,18-29
Private Sector Enterprises,Male,30 Yr and above – below,294.0,294,ok,2024,text,Private sector,30-44
Private Sector Enterprises,Male,45 Yr and above – below 30 years 45 years 60 years,107.0,107,ok,2024,text,Private sector,45-59
Private Sector Enterprises,Male,60 years & above,20.0,20,ok,2024,text,Private sector,60+
Private Sector Enterprises,Male,Total,758.0,758,ok,2024,text,Private sector,all ages
Private Sector Enterprises,Female,Below 18 years,1.0,1,ok,2024,text,Private sector,0-17
Private Sector Enterprises,Female,18 Yr and above – below,116.0,116,ok,2024,text,Private sector,18-29
Private Sector Enterprises,Female,30 Yr and above – below,42.0,42,ok,2024,text,Private sector,30-44
Private Sector Enterprises,Female,45 Yr and above – below 30 years 45 years 60 years,7.0,7,ok,2024,text,Private sector,45-59
Private Sector Enterprises,Female,60 years & above,2.0,2,ok,2024,text,Private sector,60+
Private Sector Enterprises,Female,Total,168.0,168,ok,2024,text,Private sector,all ages
Private Sector Enterprises,Transgender,Below 18 years,0.0,0,ok,2024,text,Private sector,0-17
Private Sector Enterprises,Transgender,18 Yr and above – below,0.0,0,ok,2024,text,Private sector,18-29
Private Sector Enterprises,Transgender,30 Yr and above – below,0.0,0,ok,2024,text,Private sector,30-44
Private Sector Enterprises,Transgender,45 yr and above – below 30 years 45 years 60 years,0.0,0,ok,2024,text,Private sector,45-59
Private Sector Enterprises,Transgender,60 years & above,0.0,0,ok,2024,text,Private sector,60+
Private Sector Enterprises,Transgender,Total,0.0,0,ok,2024,text,Private sector,all ages
Private Sector Enterprises,Total,,926.0,926,no total,2024,text,Private sector,all ages
Public Sector Undertaking,Male,Below 18 years,0.0,0,ok,2024,text,Public sector undertaking,0-17
Public Sector Undertaking,Male,18 Yr and above – below,57.0,57,ok,2024,text,Public sector undertaking,18-29
Public Sector Undertaking,Male,30 Yr and above – below,106.0,106,ok,2024,text,Public sector undertaking,30-44
Public Sector Undertaking,Male,45 Yr and above – below 30 years 45 years 60 years,62.0,62,ok,2024,text,Public sector undertaking,45-59
Public Sector Undertaking,Male,60 years & above,12.0,12,ok,2024,text,Public sector undertaking,60+
Public Sector Undertaking,Male,Total,237.0,237,ok,2024,text,Public sector undertaking,all ages
Public Sector Undertaking,Female,Below 18 years,0.0,0,ok,2024,text,Public sector undertaking,0-17
Public Sector Undertaking,Female,18 Yr and above – below,18.0,18,ok,2024,text,Public sector undertaking,18-29
Public Sector Undertaking,Female,30 Yr and above – below,17.0,17,ok,2024,text,Public sector undertaking,30-44
Public Sector Undertaking,Female,45 Yr and above – below 30 years 45 years 60 years,2.0,2,ok,2024,text,Public sector undertaking,45-59
Public Sector Undertaking,Female,60 years & above,1.0,1,ok,2024,text,Public sector undertaking,60+
Public Sector Undertaking,Female,Total,38.0,38,ok,2024,text,Public sector undertaking,all ages
Public Sector Undertaking,Transgender,Below 18 years,0.0,0,ok,2024,text,Public sector undertaking,0-17
Public Sector Undertaking,Transgender,18 Yr and above – below,0.0,0,ok,2024,text,Public sector undertaking,18-29
Public Sector Undertaking,Transgender,30 Yr and above – below,0.0,0,ok,2024,text,Public sector undertaking,30-44
Public Sector Undertaking,Transgender,45 yr and above – below 30 years 45 years 60 years,0.0,0,ok,2024,text,Public sector undertaking,45-59
Public Sector Undertaking,Transgender,60 years & above,0.0,0,ok,2024,text,Public sector undertaking,60+
Public Sector Undertaking,Transgender,Total,0.0,0,ok,2024,text,Public sector undertaking,all ages
Public Sector Undertaking,Total,,275.0,275,no total,2024,text,Public sector undertaking,all ages
Students,Male,Below 18 years,279.0,279,ok,2024,text,Student,0-17
Students,Male,18 Yr and above – below,280.0,280,ok,2024,text,Student,18-29
Students,Male,30 Yr and above – below,3.0,3,ok,2024,text,Student,30-44
Students,Male,45 Yr and above – below 30 years 45 years 60 years,0.0,0,ok,2024,text,Student,45-59
Students,Male,60 years & above,0.0,0,ok,2024,text,Student,60+
Students,Male,Total,562.0,562,ok,2024,text,Student,all ages
Students,Female,Below 18 years,445.0,445,ok,2024,text,Student,0-17
Students,Female,18 Yr and above – below,279.0,279,ok,2024,text,Student,18-29
Students,Female,30 Yr and above – below,1.0,1,ok,2024,text,Student,30-44
Students,Female,45 Yr and above – below 30 years 45 years 60 years,0.0,0,ok,2024,text,Student,45-59
Students,Female,60 years & above,0.0,0,ok,2024,text,Student,60+
Students,Female,Total,725.0,725,ok,2024,text,Student,all ages
Students,Transgender,Below 18 years,0.0,0,ok,2024,text,Student,0-17
Students,Transgender,18 Yr and above – below,0.0,0,ok,2024,text,Student,18-29
Students,Transgender,30 Yr and above – below,0.0,0,ok,2024,text,Student,30-44
Students,Transgender,45 yr and above – below 30 years 45 years 60 years,0.0,0,ok,2024,text,Student,45-59
Students,Transgender,60 years & above,0.0,0,ok,2024,text,Student,60+
Students,Transgender,Total,0.0,0,ok,2024,text,Student,all ages
Students,Total,,1287.0,1287,no total,2024,text,Student,all ages
Unemployed Persons,Male,Below 18 years,5.0,5,ok,2024,text,Unemployed,0-17
Unemployed Persons,Male,18 Yr and above – below,304.0,304,ok,2024,text,Unemployed,18-29
Unemployed Persons,Male,30 Yr and above – below,37.0,37,ok,2024,text,Unemployed,30-44
Unemployed Persons,Male,45 Yr and above – below 30 years 45 years 60 years,4.0,4,ok,2024,text,Unemployed,45-59
Unemployed Persons,Male,60 years & above,11.0,11,ok,2024,text,Unemployed,60+
Unemployed Persons,Male,Total,361.0,361,ok,2024,text,Unemployed,all ages
Unemployed Persons,Female,Below 18 years,12.0,12,ok,2024,text,Unemployed,0-17
Unemployed Persons,Female,18 Yr and above – below,170.0,170,ok,2024,text,Unemployed,18-29
Unemployed Persons,Female,30 Yr and above – below,6.0,6,ok,2024,text,Unemployed,30-44
Unemployed Persons,Female,45 Yr and above – below 30 years 45 years 60 years,1.0,1,ok,2024,text,Unemployed,45-59
Unemployed Persons,Female,60 years & above,1.0,1,ok,2024,text,Unemployed,60+
Unemployed Persons,Female,Total,190.0,190,ok,2024,text,Unemployed,all ages
Unemployed Persons,Transgender,Below 18 years,0.0,0,ok,2024,text,Unemployed,0-17
Unemployed Persons,Transgender,18 Yr and above – below,4.0,4,ok,2024,text,Unemployed,18-29
Unemployed Persons,Transgender,30 Yr and above – below,0.0,0,ok,2024,text,Unemployed,30-44
Unemployed Persons,Transgender,45 yr and above – below 30 years 45 years 60 years,0.0,0,ok,2024,text,Unemployed,45-59
Unemployed Persons,Transgender,60 years & above,0.0,0,ok,2024,text,Unemployed,60+
Unemployed Persons,Transgender,Total,4.0,4,ok,2024,text,Unemployed,all ages
Unemployed Persons,Total,,555.0,555,no total,2024,text,Unemployed,all ages
Vendor,Male,Below 18 years,0.0,0,ok,2024,text,Other / not known,0-17
Vendor,Male,18 Yr and above – below,68.0,68,ok,2024,text,Other / not known,18-29
Vendor,Male,30 Yr and above – below,125.0,125,ok,2024,text,Other / not known,30-44
Vendor,Male,45 Yr and above – below 30 years 45 years 60 years,98.0,98,ok,2024,text,Other / not known,45-59
Vendor,Male,60 years & above,35.0,35,ok,2024,text,Other / not known,60+
Vendor,Male,Total,326.0,326,ok,2024,text,Other / not known,all ages
Vendor,Female,Below 18 years,0.0,0,ok,2024,text,Other / not known,0-17
Vendor,Female,18 Yr and above – below,14.0,14,ok,2024,text,Other / not known,18-29
Vendor,Female,30 Yr and above – below,8.0,8,ok,2024,text,Other / not known,30-44
Vendor,Female,45 Yr and above – below 30 years 45 years 60 years,10.0,10,ok,2024,text,Other / not known,45-59
Vendor,Female,60 years & above,2.0,2,ok,2024,text,Other / not known,60+
Vendor,Female,Total,34.0,34,ok,2024,text,Other / not known,all ages
Vendor,Transgender,Below 18 years,0.0,0,ok,2024,text,Other / not known,0-17
Vendor,Transgender,18 Yr and above – below,0.0,0,ok,2024,text,Other / not known,18-29
Vendor,Transgender,30 Yr and above – below,0.0,0,ok,2024,text,Other / not known,30-44
Vendor,Transgender,45 yr and above – below 30 years 45 years 60 years,0.0,0,ok,2024,text,Other / not known,45-59
Vendor,Transgender,60 years & above,0.0,0,ok,2024,text,Other / not known,60+
Vendor,Transgender,Total,0.0,0,ok,2024,text,Other / not known,all ages
Vendor,Total,,360.0,360,no total,2024,text,Other / not known,all ages
Tradesmen,Male,Below 18 years,0.0,0,ok,2024,text,Other / not known,0-17
Tradesmen,Male,18 Yr and above – below,71.0,71,ok,2024,text,Other / not known,18-29
Tradesmen,Male,30 Yr and above – below,81.0,81,ok,2024,text,Other / not known,30-44
Tradesmen,Male,45 Yr and above – below 30 years 45 years 60 years,52.0,52,ok,2024,text,Other / not known,45-59
Tradesmen,Male,60 years & above,15.0,15,ok,2024,text,Other / not known,60+
Tradesmen,Male,Total,219.0,219,ok,2024,text,Other / not known,all ages
Tradesmen,Female,Below 18 years,0.0,0,ok,2024,text,Other / not known,0-17
Tradesmen,Female,18 Yr and above – below,2.0,2,ok,2024,text,Other / not known,18-29
Tradesmen,Female,30 Yr and above – below,0.0,0,ok,2024,text,Other / not known,30-44
Tradesmen,Female,45 Yr and above – below 30 years 45 years 60 years,0.0,0,ok,2024,text,Other / not known,45-59
Tradesmen,Female,60 years & above,0.0,0,ok,2024,text,Other / not known,60+
Tradesmen,Female,Total,2.0,2,ok,2024,text,Other / not known,all ages
Tradesmen,Transgender,Below 18 years,0.0,0,ok,2024,text,Other / not known,0-17
Tradesmen,Transgender,18 Yr and above – below,0.0,0,ok,2024,text,Other / not known,18-29
Tradesmen,Transgender,30 Yr and above – below,0.0,0,ok,2024,text,Other / not known,30-44
Tradesmen,Transgender,45 yr and above – below 30 years 45 years 60 years,0.0,0,ok,2024,text,Other / not known,45-59
Tradesmen,Transgender,60 years & above,0.0,0,ok,2024,text,Other / not known,60+
Tradesmen,Transgender,Total,0.0,0,ok,2024,text,Other / not known,all ages
Tradesmen,Total,,221.0,221,no total,2024,text,Other / not known,all ages
Others,Male,Below 18 years,0.0,0,ok,2024,text,Other / not known,0-17
Others,Male,18 Yr and above – below,64.0,64,ok,2024,text,Other / not known,18-29
Others,Male,30 Yr and above – below,132.0,132,ok,2024,text,Other / not known,30-44
Others,Male,45 Yr and above – below 30 years 45 years 60 years,90.0,90,ok,2024,text,Other / not known,45-59
Others,Male,60 years & above,25.0,25,ok,2024,text,Other / not known,60+
Others,Male,Total,311.0,311,ok,2024,text,Other / not known,all ages
Others,Female,Below 18 years,0.0,0,ok,2024,text,Other / not known,0-17
Others,Female,18 Yr and above – below,8.0,8,ok,2024,text,Other / not known,18-29
Others,Female,30 Yr and above – below,6.0,6,ok,2024,text,Other / not known,30-44
Others,Female,45 Yr and above – below 30 years 45 years 60 years,6.0,6,ok,2024,text,Other / not known,45-59
Others,Female,60 years & above,6.0,6,ok,2024,text,Other / not known,60+
Others,Female,Total,26.0,26,ok,2024,text,Other / not known,all ages
Others,Transgender,Below 18 years,0.0,0,ok,2024,text,Other / not known,0-17
Others,Transgender,18 Yr and above – below,0.0,0,ok,2024,text,Other / not known,18-29
Others,Transgender,30 Yr and above – below,0.0,0,ok,2024,text,Other / not known,30-44
Others,Transgender,45 yr and above – below 30 years 45 years 60 years,0.0,0,ok,2024,text,Other / not known,45-59
Others,Transgender,60 years & above,0.0,0,ok,2024,text,Other / not known,60+
Others,Transgender,Total,0.0,0,ok,2024,text,Other / not known,all ages
Others,Total,,337.0,337,no total,2024,text,Other / not known,all ages
Other Self-employed Persons,Male,Below 18 years,9.0,9,ok,2024,text,Self-employed: other,0-17
Other Self-employed Persons,Male,18 Yr and above – below,342.0,342,ok,2024,text,Self-employed: other,18-29
Other Self-employed Persons,Male,30 Yr and above – below,540.0,540,ok,2024,text,Self-employed: other,30-44
Other Self-employed Persons,Male,45 Yr and above – below 30 years 45 years 60 years,333.0,333,ok,2024,text,Self-employed: other,45-59
Other Self-employed Persons,Male,60 years & above,143.0,143,ok,2024,text,Self-employed: other,60+
Other Self-employed Persons,Male,Total,1367.0,1367,ok,2024,text,Self-employed: other,all ages
Other Self-employed Persons,Female,Below 18 years,10.0,10,ok,2024,text,Self-employed: other,0-17
Other Self-employed Persons,Female,18 Yr and above – below,72.0,72,ok,2024,text,Self-employed: other,18-29
Other Self-employed Persons,Female,30 Yr and above – below,60.0,60,ok,2024,text,Self-employed: other,30-44
Other Self-employed Persons,Female,45 Yr and above – below 30 years 45 years 60 years,33.0,33,ok,2024,text,Self-employed: other,45-59
Other Self-employed Persons,Female,60 years & above,23.0,23,ok,2024,text,Self-employed: other,60+
Other Self-employed Persons,Female,Total,198.0,198,ok,2024,text,Self-employed: other,all ages
Other Self-employed Persons,Transgender,Below 18 years,0.0,0,ok,2024,text,Self-employed: other,0-17
Other Self-employed Persons,Transgender,18 Yr and above – below,2.0,2,ok,2024,text,Self-employed: other,18-29
Other Self-employed Persons,Transgender,30 Yr and above – below,0.0,0,ok,2024,text,Self-employed: other,30-44
Other Self-employed Persons,Transgender,45 yr and above – below 30 years 45 years 60 years,0.0,0,ok,2024,text,Self-employed: other,45-59
Other Self-employed Persons,Transgender,60 years & above,0.0,0,ok,2024,text,Self-employed: other,60+
Other Self-employed Persons,Transgender,Total,2.0,2,ok,2024,text,Self-employed: other,all ages
Other Self-employed Persons,Total,,1567.0,1567,no total,2024,text,Self-employed: other,all ages
Who cultivate their own land with or without assistance of agricultural labourers,Male,Below 18 years,0.0,0,ok,2024,text,Agricultural labourer,0-17
Who cultivate their own land with or without assistance of agricultural labourers,Male,18 Yr and above – below,1.0,1,ok,2024,text,Agricultural labourer,18-29
Who cultivate their own land with or without assistance of agricultural labourers,Male,30 Yr and above – below,8.0,8,ok,2024,text,Agricultural labourer,30-44
Who cultivate their own land with or without assistance of agricultural labourers,Male,45 Yr and above – below 30 years 45 years 60 years,11.0,11,ok,2024,text,Agricultural labourer,45-59
Who cultivate their own land with or without assistance of agricultural labourers,Male,60 years & above,16.0,16,ok,2024,text,Agricultural labourer,60+
Who cultivate their own land with or without assistance of agricultural labourers,Male,Total,36.0,36,ok,2024,text,Agricultural labourer,all ages
Who cultivate their own land with or without assistance of agricultural labourers,Female,Below 18 years,0.0,0,ok,2024,text,Agricultural labourer,0-17
Who cultivate their own land with or without assistance of agricultural labourers,Female,18 Yr and above – below,0.0,0,ok,2024,text,Agricultural labourer,18-29
Who cultivate their own land with or without assistance of agricultural labourers,Female,30 Yr and above – below,0.0,0,ok,2024,text,Agricultural labourer,30-44
Who cultivate their own land with or without assistance of agricultural labourers,Female,45 Yr and above – below 30 years 45 years 60 years,0.0,0,ok,2024,text,Agricultural labourer,45-59
Who cultivate their own land with or without assistance of agricultural labourers,Female,60 years & above,0.0,0,ok,2024,text,Agricultural labourer,60+
Who cultivate their own land with or without assistance of agricultural labourers,Female,Total,0.0,0,ok,2024,text,Agricultural labourer,all ages
Who cultivate their own land with or without assistance of agricultural labourers,Transgender,Below 18 years,0.0,0,ok,2024,text,Agricultural labourer,0-17
Who cultivate their own land with or without assistance of agricultural labourers,Transgender,18 Yr and above – below,0.0,0,ok,2024,text,Agricultural labourer,18-29
Who cultivate their own land with or without assistance of agricultural labourers,Transgender,30 Yr and above – below,0.0,0,ok,2024,text,Agricultural labourer,30-44
Who cultivate their own land with or without assistance of agricultural labourers,Transgender,45 yr and above – below 30 years 45 years 60 years,0.0,0,ok,2024,text,Agricultural labourer,45-59
Who cultivate their own land with or without assistance of agricultural labourers,Transgender,60 years & above,0.0,0,ok,2024,text,Agricultural labourer,60+
Who cultivate their own land with or without assistance of agricultural labourers,Transgender,Total,0.0,0,ok,2024,text,Agricultural labourer,all ages
Who cultivate their own land with or without assistance of agricultural labourers,Total,,36.0,36,no total,2024,text,Agricultural labourer,all ages
Who cultivate on lease land/work on lease/on other's land (known by different nomenclature) with or without assistance of agricultural labourers,Male,Below 18 years,0.0,0,ok,2024,text,Agricultural labourer,0-17
Who cultivate on lease land/work on lease/on other's land (known by different nomenclature) with or without assistance of agricultural labourers,Male,18 Yr and above – below,0.0,0,ok,2024,text,Agricultural labourer,18-29
Who cultivate on lease land/work on lease/on other's land (known by different nomenclature) with or without assistance of agricultural labourers,Male,30 Yr and above – below,6.0,6,ok,2024,text,Agricultural labourer,30-44
Who cultivate on lease land/work on lease/on other's land (known by different nomenclature) with or without assistance of agricultural labourers,Male,45 Yr and above – below 30 years 45 years 60 years,11.0,11,ok,2024,text,Agricultural labourer,45-59
Who cultivate on lease land/work on lease/on other's land (known by different nomenclature) with or without assistance of agricultural labourers,Male,60 years & above,7.0,7,ok,2024,text,Agricultural labourer,60+
Who cultivate on lease land/work on lease/on other's land (known by different nomenclature) with or without assistance of agricultural labourers,Male,Total,24.0,24,ok,2024,text,Agricultural labourer,all ages
Who cultivate on lease land/work on lease/on other's land (known by different nomenclature) with or without assistance of agricultural labourers,Female,Below 18 years,0.0,0,ok,2024,text,Agricultural labourer,0-17
Who cultivate on lease land/work on lease/on other's land (known by different nomenclature) with or without assistance of agricultural labourers,Female,18 Yr and above – below,0.0,0,ok,2024,text,Agricultural labourer,18-29
Who cultivate on lease land/work on lease/on other's land (known by different nomenclature) with or without assistance of agricultural labourers,Female,30 Yr and above – below,0.0,0,ok,2024,text,Agricultural labourer,30-44
Who cultivate on lease land/work on lease/on other's land (known by different nomenclature) with or without assistance of agricultural labourers,Female,45 Yr and above – below 30 years 45 years 60 years,0.0,0,ok,2024,text,Agricultural labourer,45-59
Who cultivate on lease land/work on lease/on other's land (known by different nomenclature) with or without assistance of agricultural labourers,Female,60 years & above,0.0,0,ok,2024,text,Agricultural labourer,60+
Who cultivate on lease land/work on lease/on other's land (known by different nomenclature) with or without assistance of agricultural labourers,Female,Total,0.0,0,ok,2024,text,Agricultural labourer,all ages
Who cultivate on lease land/work on lease/on other's land (known by different nomenclature) with or without assistance of agricultural labourers,Transgender,Below 18 years,0.0,0,ok,2024,text,Agricultural labourer,0-17
Who cultivate on lease land/work on lease/on other's land (known by different nomenclature) with or without assistance of agricultural labourers,Transgender,18 Yr and above – below,0.0,0,ok,2024,text,Agricultural labourer,18-29
Who cultivate on lease land/work on lease/on other's land (known by different nomenclature) with or without assistance of agricultural labourers,Transgender,30 Yr and above – below,0.0,0,ok,2024,text,Agricultural labourer,30-44
Who cultivate on lease land/work on lease/on other's land (known by different nomenclature) with or without assistance of agricultural labourers,Transgender,45 yr and above – below 30 years 45 years 60 years,0.0,0,ok,2024,text,Agricultural labourer,45-59
Who cultivate on lease land/work on lease/on other's land (known by different nomenclature) with or without assistance of agricultural labourers,Transgender,60 years & above,0.0,0,ok,2024,text,Agricultural labourer,60+
Who cultivate on lease land/work on lease/on other's land (known by different nomenclature) with or without assistance of agricultural labourers,Transgender,Total,0.0,0,ok,2024,text,Agricultural labourer,all ages
Who cultivate on lease land/work on lease/on other's land (known by different nomenclature) with or without assistance of agricultural labourers,Total,,24.0,24,no total,2024,text,Agricultural labourer,all ages
Agricultural Labourers,Male,Below 18 years,1.0,1,ok,2024,text,Agricultural labourer,0-17
Agricultural Labourers,Male,18 Yr and above – below,38.0,38,ok,2024,text,Agricultural labourer,18-29
Agricultural Labourers,Male,30 Yr and above – below,101.0,101,ok,2024,text,Agricultural labourer,30-44
Agricultural Labourers,Male,45 Yr and above – below 30 years 45 years 60 years,152.0,152,ok,2024,text,Agricultural labourer,45-59
Agricultural Labourers,Male,60 years & above,122.0,122,ok,2024,text,Agricultural labourer,60+
Agricultural Labourers,Male,Total,414.0,414,ok,2024,text,Agricultural labourer,all ages
Agricultural Labourers,Female,Below 18 years,0.0,0,ok,2024,text,Agricultural labourer,0-17
Agricultural Labourers,Female,18 Yr and above – below,3.0,3,ok,2024,text,Agricultural labourer,18-29
Agricultural Labourers,Female,30 Yr and above – below,10.0,10,ok,2024,text,Agricultural labourer,30-44
Agricultural Labourers,Female,45 Yr and above – below 30 years 45 years 60 years,12.0,12,ok,2024,text,Agricultural labourer,45-59
Agricultural Labourers,Female,60 years & above,4.0,4,ok,2024,text,Agricultural labourer,60+
Agricultural Labourers,Female,Total,29.0,29,ok,2024,text,Agricultural labourer,all ages
Agricultural Labourers,Transgender,Below 18 years,0.0,0,ok,2024,text,Agricultural labourer,0-17
Agricultural Labourers,Transgender,18 Yr and above – below,0.0,0,ok,2024,text,Agricultural labourer,18-29
Agricultural Labourers,Transgender,30 Yr and above – below,0.0,0,ok,2024,text,Agricultural labourer,30-44
Agricultural Labourers,Transgender,45 yr and above – below 30 years 45 years 60 years,0.0,0,ok,2024,text,Agricultural labourer,45-59
Agricultural Labourers,Transgender,60 years & above,0.0,0,ok,2024,text,Agricultural labourer,60+
Agricultural Labourers,Transgender,Total,0.0,0,ok,2024,text,Agricultural labourer,all ages
Agricultural Labourers,Total,,443.0,443,no total,2024,text,Agricultural labourer,all ages
Daily Wage Earner,Male,Below 18 years,52.0,52,ok,2024,text,Daily wage earner,0-17
Daily Wage Earner,Male,18 Yr and above – below,2092.0,2092,ok,2024,text,Daily wage earner,18-29
Daily Wage Earner,Male,30 Yr and above – below,3464.0,3464,ok,2024,text,Daily wage earner,30-44
Daily Wage Earner,Male,45 Yr and above – below 30 years 45 years 60 years,2492.0,2492,ok,2024,text,Daily wage earner,45-59
Daily Wage Earner,Male,60 years & above,1572.0,1572,ok,2024,text,Daily wage earner,60+
Daily Wage Earner,Male,Total,9672.0,9672,ok,2024,text,Daily wage earner,all ages
Daily Wage Earner,Female,Below 18 years,31.0,31,ok,2024,text,Daily wage earner,0-17
Daily Wage Earner,Female,18 Yr and above – below,240.0,240,ok,2024,text,Daily wage earner,18-29
Daily Wage Earner,Female,30 Yr and above – below,264.0,264,ok,2024,text,Daily wage earner,30-44
Daily Wage Earner,Female,45 Yr and above – below 30 years 45 years 60 years,186.0,186,ok,2024,text,Daily wage earner,45-59
Daily Wage Earner,Female,60 years & above,146.0,146,ok,2024,text,Daily wage earner,60+
Daily Wage Earner,Female,Total,867.0,867,ok,2024,text,Daily wage earner,all ages
Daily Wage Earner,Transgender,Below 18 years,0.0,0,ok,2024,text,Daily wage earner,0-17
Daily Wage Earner,Transgender,18 Yr and above – below,9.0,9,ok,2024,text,Daily wage earner,18-29
Daily Wage Earner,Transgender,30 Yr and above – below,5.0,5,ok,2024,text,Daily wage earner,30-44
Daily Wage Earner,Transgender,45 yr and above – below 30 years 45 years 60 years,3.0,3,ok,2024,text,Daily wage earner,45-59
Daily Wage Earner,Transgender,60 years & above,0.0,0,ok,2024,text,Daily wage earner,60+
Daily Wage Earner,Transgender,Total,17.0,17,ok,2024,text,Daily wage earner,all ages
Daily Wage Earner,Total,,10556.0,10556,no total,2024,text,Daily wage earner,all ages
Retired Persons,Male,Below 18 years,0.0,0,ok,2024,text,Retired,0-17
Retired Persons,Male,18 Yr and above – below,0.0,0,ok,2024,text,Retired,18-29
Retired Persons,Male,30 Yr and above – below,5.0,5,ok,2024,text,Retired,30-44
Retired Persons,Male,45 Yr and above – below 30 years 45 years 60 years,15.0,15,ok,2024,text,Retired,45-59
Retired Persons,Male,60 years & above,111.0,111,ok,2024,text,Retired,60+
Retired Persons,Male,Total,131.0,131,ok,2024,text,Retired,all ages
Retired Persons,Female,Below 18 years,0.0,0,ok,2024,text,Retired,0-17
Retired Persons,Female,18 Yr and above – below,0.0,0,ok,2024,text,Retired,18-29
Retired Persons,Female,30 Yr and above – below,0.0,0,ok,2024,text,Retired,30-44
Retired Persons,Female,45 Yr and above – below 30 years 45 years 60 years,0.0,0,ok,2024,text,Retired,45-59
Retired Persons,Female,60 years & above,6.0,6,ok,2024,text,Retired,60+
Retired Persons,Female,Total,6.0,6,ok,2024,text,Retired,all ages
Retired Persons,Transgender,Below 18 years,0.0,0,ok,2024,text,Retired,0-17
Retired Persons,Transgender,18 Yr and above – below,0.0,0,ok,2024,text,Retired,18-29
Retired Persons,Transgender,30 Yr and above – below,0.0,0,ok,2024,text,Retired,30-44
Retired Persons,Transgender,45 yr and above – below 30 years 45 years 60 years,0.0,0,ok,2024,text,Retired,45-59
Retired Persons,Transgender,60 years & above,0.0,0,ok,2024,text,Retired,60+
Retired Persons,Transgender,Total,0.0,0,ok,2024,text,Retired,all ages
Retired Persons,Transgender,Total,137.0,137,ok,2024,text,Retired,all ages
Other Persons,Male,Below 18 years,2.0,2,ok,2024,text,Other / not known,0-17
Other Persons,Male,18 Yr and above – below,18.0,18,ok,2024,text,Other / not known,18-29
Other Persons,Male,30 Yr and above – below,22.0,22,ok,2024,text,Other / not known,30-44
Other Persons,Male,45 Yr and above – below 30 years 45 years 60 years,10.0,10,ok,2024,text,Other / not known,45-59
Other Persons,Male,60 years & above,29.0,29,ok,2024,text,Other / not known,60+
Other Persons,Male,Total,81.0,81,ok,2024,text,Other / not known,all ages
Other Persons,Female,Below 18 years,3.0,3,ok,2024,text,Other / not known,0-17
Other Persons,Female,18 Yr and above – below,0.0,0,ok,2024,text,Other / not known,18-29
Other Persons,Female,30 Yr and above – below,3.0,3,ok,2024,text,Other / not known,30-44
Other Persons,Female,45 Yr and above – below 30 years 45 years 60 years,2.0,2,ok,2024,text,Other / not known,45-59
Other Persons,Female,60 years & above,6.0,6,ok,2024,text,Other / not known,60+
Other Persons,Female,Total,14.0,14,ok,2024,text,Other / not known,all ages
Other Persons,Transgender,Below 18 years,0.0,0,ok,2024,text,Other / not known,0-17
Other Persons,Transgender,18 Yr and above – below,0.0,0,ok,2024,text,Other / not known,18-29
Other Persons,Transgender,30 Yr and above – below,0.0,0,ok,2024,text,Other / not known,30-44
Other Persons,Transgender,45 yr and above – below 30 years 45 years 60 years,1.0,1,ok,2024,text,Other / not known,45-59
Other Persons,Transgender,60 years & above,0.0,0,ok,2024,text,Other / not known,60+
Other Persons,Transgender,Total,1.0,1,ok,2024,text,Other / not known,all ages
Other Persons,Total,,96.0,96,no total,2024,text,Other / not known,all ages
