means_as_printed,sex,age,value,raw,check,year,source,means,age_band
By Consuming Sleeping Pills,Male,Below 14 years,0.0,0,ok,2021,text,Sleeping pills / drug overdose,0-14
By Consuming Sleeping Pills,Male,14 Yr and above – below 18 years,1.0,1,ok,2021,text,Sleeping pills / drug overdose,14-17
By Consuming Sleeping Pills,Male,18 Yr and above – below 30 years,15.0,15,ok,2021,text,Sleeping pills / drug overdose,18-29
By Consuming Sleeping Pills,Male,30 Yr and above – below 45 years,16.0,16,ok,2021,text,Sleeping pills / drug overdose,30-44
By Consuming Sleeping Pills,Male,45 Yr and above – below 60 years,21.0,21,ok,2021,text,Sleeping pills / drug overdose,45-59
By Consuming Sleeping Pills,Male,60 years & above,17.0,17,ok,2021,text,Sleeping pills / drug overdose,60+
By Consuming Sleeping Pills,Male,Total,70.0,70,ok,2021,text,Sleeping pills / drug overdose,all ages
By Consuming Sleeping Pills,Female,Below 14 years,2.0,2,ok,2021,text,Sleeping pills / drug overdose,0-14
By Consuming Sleeping Pills,Female,14 Yr and above – below 18 years,3.0,3,ok,2021,text,Sleeping pills / drug overdose,14-17
By Consuming Sleeping Pills,Female,18 Yr and above – below 30 years,9.0,9,ok,2021,text,Sleeping pills / drug overdose,18-29
By Consuming Sleeping Pills,Female,30 Yr and above – below 45 years,11.0,11,ok,2021,text,Sleeping pills / drug overdose,30-44
By Consuming Sleeping Pills,Female,45 Yr and above – below 60 years,7.0,7,ok,2021,text,Sleeping pills / drug overdose,45-59
By Consuming Sleeping Pills,Female,60 years & above,5.0,5,ok,2021,text,Sleeping pills / drug overdose,60+
By Consuming Sleeping Pills,Female,Total,37.0,37,ok,2021,text,Sleeping pills / drug overdose,all ages
By Consuming Sleeping Pills,Transgender,Below 14 years,0.0,0,ok,2021,text,Sleeping pills / drug overdose,0-14
By Consuming Sleeping Pills,Transgender,14 Yr and above – below 18 years,0.0,0,ok,2021,text,Sleeping pills / drug overdose,14-17
By Consuming Sleeping Pills,Transgender,18 Yr and above – below 30 years,0.0,0,ok,2021,text,Sleeping pills / drug overdose,18-29
By Consuming Sleeping Pills,Transgender,30 Yr and above – below 45 years,0.0,0,ok,2021,text,Sleeping pills / drug overdose,30-44
By Consuming Sleeping Pills,Transgender,45 Yr and above – below 60 years,0.0,0,ok,2021,text,Sleeping pills / drug overdose,45-59
By Consuming Sleeping Pills,Transgender,60 years & above,0.0,0,ok,2021,text,Sleeping pills / drug overdose,60+
By Consuming Sleeping Pills,Transgender,Total,0.0,0,ok,2021,text,Sleeping pills / drug overdose,all ages
By Consuming Sleeping Pills,Total,,107.0,107,no total,2021,text,Sleeping pills / drug overdose,all ages
By Drowning,Male,Below 14 years,6.0,6,ok,2021,text,Drowning,0-14
By Drowning,Male,14 Yr and above – below 18 years,18.0,18,ok,2021,text,Drowning,14-17
By Drowning,Male,18 Yr and above – below 30 years,133.0,133,ok,2021,text,Drowning,18-29
By Drowning,Male,30 Yr and above – below 45 years,109.0,109,ok,2021,text,Drowning,30-44
By Drowning,Male,45 Yr and above – below 60 years,98.0,98,ok,2021,text,Drowning,45-59
By Drowning,Male,60 years & above,79.0,79,ok,2021,text,Drowning,60+
By Drowning,Male,Total,443.0,443,ok,2021,text,Drowning,all ages
By Drowning,Female,Below 14 years,4.0,4,ok,2021,text,Drowning,0-14
By Drowning,Female,14 Yr and above – below 18 years,27.0,27,ok,2021,text,Drowning,14-17
By Drowning,Female,18 Yr and above – below 30 years,80.0,80,ok,2021,text,Drowning,18-29
By Drowning,Female,30 Yr and above – below 45 years,52.0,52,ok,2021,text,Drowning,30-44
By Drowning,Female,45 Yr and above – below 60 years,30.0,30,ok,2021,text,Drowning,45-59
By Drowning,Female,60 years & above,65.0,65,ok,2021,text,Drowning,60+
By Drowning,Female,Total,258.0,258,ok,2021,text,Drowning,all ages
By Drowning,Transgender,Below 14 years,0.0,0,ok,2021,text,Drowning,0-14
By Drowning,Transgender,14 Yr and above – below 18 years,0.0,0,ok,2021,text,Drowning,14-17
By Drowning,Transgender,18 Yr and above – below 30 years,0.0,0,ok,2021,text,Drowning,18-29
By Drowning,Transgender,30 Yr and above – below 45 years,0.0,0,ok,2021,text,Drowning,30-44
By Drowning,Transgender,45 Yr and above – below 60 years,0.0,0,ok,2021,text,Drowning,45-59
By Drowning,Transgender,60 years & above,0.0,0,ok,2021,text,Drowning,60+
By Drowning,Transgender,Total,0.0,0,ok,2021,text,Drowning,all ages
By Drowning,Total,,701.0,701,no total,2021,text,Drowning,all ages
By Fire/Self Immolation,Male,Below 14 years,0.0,0,ok,2021,text,Fire / self-immolation,0-14
By Fire/Self Immolation,Male,14 Yr and above – below 18 years,10.0,10,ok,2021,text,Fire / self-immolation,14-17
By Fire/Self Immolation,Male,18 Yr and above – below 30 years,83.0,83,ok,2021,text,Fire / self-immolation,18-29
By Fire/Self Immolation,Male,30 Yr and above – below 45 years,157.0,157,ok,2021,text,Fire / self-immolation,30-44
By Fire/Self Immolation,Male,45 Yr and above – below 60 years,104.0,104,ok,2021,text,Fire / self-immolation,45-59
By Fire/Self Immolation,Male,60 years & above,62.0,62,ok,2021,text,Fire / self-immolation,60+
By Fire/Self Immolation,Male,Total,416.0,416,ok,2021,text,Fire / self-immolation,all ages
By Fire/Self Immolation,Female,Below 14 years,7.0,7,ok,2021,text,Fire / self-immolation,0-14
By Fire/Self Immolation,Female,14 Yr and above – below 18 years,24.0,24,ok,2021,text,Fire / self-immolation,14-17
By Fire/Self Immolation,Female,18 Yr and above – below 30 years,154.0,154,ok,2021,text,Fire / self-immolation,18-29
By Fire/Self Immolation,Female,30 Yr and above – below 45 years,152.0,152,ok,2021,text,Fire / self-immolation,30-44
By Fire/Self Immolation,Female,45 Yr and above – below 60 years,89.0,89,ok,2021,text,Fire / self-immolation,45-59
By Fire/Self Immolation,Female,60 years & above,128.0,128,ok,2021,text,Fire / self-immolation,60+
By Fire/Self Immolation,Female,Total,554.0,554,ok,2021,text,Fire / self-immolation,all ages
By Fire/Self Immolation,Transgender,Below 14 years,0.0,0,ok,2021,text,Fire / self-immolation,0-14
By Fire/Self Immolation,Transgender,14 Yr and above – below 18 years,0.0,0,ok,2021,text,Fire / self-immolation,14-17
By Fire/Self Immolation,Transgender,18 Yr and above – below 30 years,0.0,0,ok,2021,text,Fire / self-immolation,18-29
By Fire/Self Immolation,Transgender,30 Yr and above – below 45 years,2.0,2,ok,2021,text,Fire / self-immolation,30-44
By Fire/Self Immolation,Transgender,45 Yr and above – below 60 years,0.0,0,ok,2021,text,Fire / self-immolation,45-59
By Fire/Self Immolation,Transgender,60 years & above,0.0,0,ok,2021,text,Fire / self-immolation,60+
By Fire/Self Immolation,Transgender,Total,2.0,2,ok,2021,text,Fire / self-immolation,all ages
By Fire/Self Immolation,Total,,972.0,972,no total,2021,text,Fire / self-immolation,all ages
By Firearms,Male,Below 14 years,0.0,0,ok,2021,text,Firearms,0-14
By Firearms,Male,14 Yr and above – below 18 years,0.0,0,ok,2021,text,Firearms,14-17
By Firearms,Male,18 Yr and above – below 30 years,2.0,2,ok,2021,text,Firearms,18-29
By Firearms,Male,30 Yr and above – below 45 years,1.0,1,ok,2021,text,Firearms,30-44
By Firearms,Male,45 Yr and above – below 60 years,1.0,1,ok,2021,text,Firearms,45-59
By Firearms,Male,60 years & above,0.0,0,ok,2021,text,Firearms,60+
By Firearms,Male,Total,4.0,4,ok,2021,text,Firearms,all ages
By Firearms,Female,Below 14 years,0.0,0,ok,2021,text,Firearms,0-14
By Firearms,Female,14 Yr and above – below 18 years,0.0,0,ok,2021,text,Firearms,14-17
By Firearms,Female,18 Yr and above – below 30 years,0.0,0,ok,2021,text,Firearms,18-29
By Firearms,Female,30 Yr and above – below 45 years,0.0,0,ok,2021,text,Firearms,30-44
By Firearms,Female,45 Yr and above – below 60 years,0.0,0,ok,2021,text,Firearms,45-59
By Firearms,Female,60 years & above,0.0,0,ok,2021,text,Firearms,60+
By Firearms,Female,Total,0.0,0,ok,2021,text,Firearms,all ages
By Firearms,Transgender,Below 14 years,0.0,0,ok,2021,text,Firearms,0-14
By Firearms,Transgender,14 Yr and above – below 18 years,0.0,0,ok,2021,text,Firearms,14-17
By Firearms,Transgender,18 Yr and above – below 30 years,0.0,0,ok,2021,text,Firearms,18-29
By Firearms,Transgender,30 Yr and above – below 45 years,0.0,0,ok,2021,text,Firearms,30-44
By Firearms,Transgender,45 Yr and above – below 60 years,0.0,0,ok,2021,text,Firearms,45-59
By Firearms,Transgender,60 years & above,0.0,0,ok,2021,text,Firearms,60+
By Firearms,Transgender,Total,0.0,0,ok,2021,text,Firearms,all ages
By Firearms,Total,,4.0,4,no total,2021,text,Firearms,all ages
By Hanging,Male,Below 14 years,19.0,19,ok,2021,text,Hanging,0-14
By Hanging,Male,14 Yr and above – below 18 years,166.0,166,ok,2021,text,Hanging,14-17
By Hanging,Male,18 Yr and above – below 30 years,2142.0,2142,ok,2021,text,Hanging,18-29
By Hanging,Male,30 Yr and above – below 45 years,2425.0,2425,ok,2021,text,Hanging,30-44
By Hanging,Male,45 Yr and above – below 60 years,1605.0,1605,ok,2021,text,Hanging,45-59
By Hanging,Male,60 years & above,647.0,647,ok,2021,text,Hanging,60+
By Hanging,Male,Total,7004.0,7004,ok,2021,text,Hanging,all ages
By Hanging,Female,Below 14 years,27.0,27,ok,2021,text,Hanging,0-14
By Hanging,Female,14 Yr and above – below 18 years,235.0,235,ok,2021,text,Hanging,14-17
By Hanging,Female,18 Yr and above – below 30 years,1176.0,1176,ok,2021,text,Hanging,18-29
By Hanging,Female,30 Yr and above – below 45 years,786.0,786,ok,2021,text,Hanging,30-44
By Hanging,Female,45 Yr and above – below 60 years,349.0,349,ok,2021,text,Hanging,45-59
By Hanging,Female,60 years & above,188.0,188,ok,2021,text,Hanging,60+
By Hanging,Female,Total,2761.0,2761,ok,2021,text,Hanging,all ages
By Hanging,Transgender,Below 14 years,0.0,0,ok,2021,text,Hanging,0-14
By Hanging,Transgender,14 Yr and above – below 18 years,0.0,0,ok,2021,text,Hanging,14-17
By Hanging,Transgender,18 Yr and above – below 30 years,3.0,3,ok,2021,text,Hanging,18-29
By Hanging,Transgender,30 Yr and above – below 45 years,2.0,2,ok,2021,text,Hanging,30-44
By Hanging,Transgender,45 Yr and above – below 60 years,0.0,0,ok,2021,text,Hanging,45-59
By Hanging,Transgender,60 years & above,0.0,0,ok,2021,text,Hanging,60+
By Hanging,Transgender,Total,5.0,5,ok,2021,text,Hanging,all ages
By Hanging,Total,,9770.0,9770,no total,2021,text,Hanging,all ages
By Poison,Male,Below 14 years,5.0,5,ok,2021,text,Poison: other,0-14
By Poison,Male,14 Yr and above – below 18 years,66.0,66,ok,2021,text,Poison: other,14-17
By Poison,Male,18 Yr and above – below 30 years,1105.0,1105,ok,2021,text,Poison: other,18-29
By Poison,Male,30 Yr and above – below 45 years,1492.0,1492,ok,2021,text,Poison: other,30-44
By Poison,Male,45 Yr and above – below 60 years,1355.0,1355,ok,2021,text,Poison: other,45-59
By Poison,Male,60 years & above,959.0,959,ok,2021,text,Poison: other,60+
By Poison,Male,Total,4982.0,4982,ok,2021,text,Poison: other,all ages
By Poison,Female,Below 14 years,20.0,20,ok,2021,text,Poison: other,0-14
By Poison,Female,14 Yr and above – below 18 years,160.0,160,ok,2021,text,Poison: other,14-17
By Poison,Female,18 Yr and above – below 30 years,686.0,686,ok,2021,text,Poison: other,18-29
By Poison,Female,30 Yr and above – below 45 years,514.0,514,ok,2021,text,Poison: other,30-44
By Poison,Female,45 Yr and above – below 60 years,392.0,392,ok,2021,text,Poison: other,45-59
By Poison,Female,60 years & above,284.0,284,ok,2021,text,Poison: other,60+
By Poison,Female,Total,2056.0,2056,ok,2021,text,Poison: other,all ages
By Poison,Transgender,Below 14 years,0.0,0,ok,2021,text,Poison: other,0-14
By Poison,Transgender,14 Yr and above – below 18 years,1.0,1,ok,2021,text,Poison: other,14-17
By Poison,Transgender,18 Yr and above – below 30 years,1.0,1,ok,2021,text,Poison: other,18-29
By Poison,Transgender,30 Yr and above – below 45 years,1.0,1,ok,2021,text,Poison: other,30-44
By Poison,Transgender,45 Yr and above – below 60 years,0.0,0,ok,2021,text,Poison: other,45-59
By Poison,Transgender,60 years & above,0.0,0,ok,2021,text,Poison: other,60+
By Poison,Transgender,Total,3.0,3,ok,2021,text,Poison: other,all ages
By Poison,Total,,7041.0,7041,no total,2021,text,Poison: other,all ages
By Consuming Insecticides,Male,Below 14 years,2.0,2,ok,2021,text,Poison: insecticides,0-14
By Consuming Insecticides,Male,14 Yr and above – below 18 years,54.0,54,ok,2021,text,Poison: insecticides,14-17
By Consuming Insecticides,Male,18 Yr and above – below 30 years,710.0,710,ok,2021,text,Poison: insecticides,18-29
By Consuming Insecticides,Male,30 Yr and above – below 45 years,996.0,996,ok,2021,text,Poison: insecticides,30-44
By Consuming Insecticides,Male,45 Yr and above – below 60 years,935.0,935,ok,2021,text,Poison: insecticides,45-59
By Consuming Insecticides,Male,60 years & above,658.0,658,ok,2021,text,Poison: insecticides,60+
By Consuming Insecticides,Male,Total,3355.0,3355,ok,2021,text,Poison: insecticides,all ages
By Consuming Insecticides,Female,Below 14 years,14.0,14,ok,2021,text,Poison: insecticides,0-14
By Consuming Insecticides,Female,14 Yr and above – below 18 years,113.0,113,ok,2021,text,Poison: insecticides,14-17
By Consuming Insecticides,Female,18 Yr and above – below 30 years,479.0,479,ok,2021,text,Poison: insecticides,18-29
By Consuming Insecticides,Female,30 Yr and above – below 45 years,336.0,336,ok,2021,text,Poison: insecticides,30-44
By Consuming Insecticides,Female,45 Yr and above – below 60 years,270.0,270,ok,2021,text,Poison: insecticides,45-59
By Consuming Insecticides,Female,60 years & above,179.0,179,ok,2021,text,Poison: insecticides,60+
By Consuming Insecticides,Female,Total,1391.0,1391,ok,2021,text,Poison: insecticides,all ages
By Consuming Insecticides,Transgender,Below 14 years,0.0,0,ok,2021,text,Poison: insecticides,0-14
By Consuming Insecticides,Transgender,14 Yr and above – below 18 years,1.0,1,ok,2021,text,Poison: insecticides,14-17
By Consuming Insecticides,Transgender,18 Yr and above – below 30 years,1.0,1,ok,2021,text,Poison: insecticides,18-29
By Consuming Insecticides,Transgender,30 Yr and above – below 45 years,1.0,1,ok,2021,text,Poison: insecticides,30-44
By Consuming Insecticides,Transgender,45 Yr and above – below 60 years,0.0,0,ok,2021,text,Poison: insecticides,45-59
By Consuming Insecticides,Transgender,60 years & above,0.0,0,ok,2021,text,Poison: insecticides,60+
By Consuming Insecticides,Transgender,Total,3.0,3,ok,2021,text,Poison: insecticides,all ages
By Consuming Insecticides,Total,,4749.0,4749,no total,2021,text,Poison: insecticides,all ages
By Consuming other Poison,Male,Below 14 years,3.0,3,ok,2021,text,Poison: other,0-14
By Consuming other Poison,Male,14 Yr and above – below 18 years,12.0,12,ok,2021,text,Poison: other,14-17
By Consuming other Poison,Male,18 Yr and above – below 30 years,395.0,395,ok,2021,text,Poison: other,18-29
By Consuming other Poison,Male,30 Yr and above – below 45 years,496.0,496,ok,2021,text,Poison: other,30-44
By Consuming other Poison,Male,45 Yr and above – below 60 years,420.0,420,ok,2021,text,Poison: other,45-59
By Consuming other Poison,Male,60 years & above,301.0,301,ok,2021,text,Poison: other,60+
By Consuming other Poison,Male,Total,1627.0,1627,ok,2021,text,Poison: other,all ages
By Consuming other Poison,Female,Below 14 years,6.0,6,ok,2021,text,Poison: other,0-14
By Consuming other Poison,Female,14 Yr and above – below 18 years,47.0,47,ok,2021,text,Poison: other,14-17
By Consuming other Poison,Female,18 Yr and above – below 30 years,207.0,207,ok,2021,text,Poison: other,18-29
By Consuming other Poison,Female,30 Yr and above – below 45 years,178.0,178,ok,2021,text,Poison: other,30-44
By Consuming other Poison,Female,45 Yr and above – below 60 years,122.0,122,ok,2021,text,Poison: other,45-59
By Consuming other Poison,Female,60 years & above,105.0,105,ok,2021,text,Poison: other,60+
By Consuming other Poison,Female,Total,665.0,665,ok,2021,text,Poison: other,all ages
By Consuming other Poison,Transgender,Below 14 years,0.0,0,ok,2021,text,Poison: other,0-14
By Consuming other Poison,Transgender,14 Yr and above – below 18 years,0.0,0,ok,2021,text,Poison: other,14-17
By Consuming other Poison,Transgender,18 Yr and above – below 30 years,0.0,0,ok,2021,text,Poison: other,18-29
By Consuming other Poison,Transgender,30 Yr and above – below 45 years,0.0,0,ok,2021,text,Poison: other,30-44
By Consuming other Poison,Transgender,45 Yr and above – below 60 years,0.0,0,ok,2021,text,Poison: other,45-59
By Consuming other Poison,Transgender,60 years & above,0.0,0,ok,2021,text,Poison: other,60+
By Consuming other Poison,Transgender,Total,0.0,0,ok,2021,text,Poison: other,all ages
By Consuming other Poison,Total,,2292.0,2292,no total,2021,text,Poison: other,all ages
By Self inflicting Injury,Male,Below 14 years,0.0,0,ok,2021,text,Self-inflicted injury,0-14
By Self inflicting Injury,Male,14 Yr and above – below 18 years,0.0,0,ok,2021,text,Self-inflicted injury,14-17
By Self inflicting Injury,Male,18 Yr and above – below 30 years,6.0,6,ok,2021,text,Self-inflicted injury,18-29
By Self inflicting Injury,Male,30 Yr and above – below 45 years,15.0,15,ok,2021,text,Self-inflicted injury,30-44
By Self inflicting Injury,Male,45 Yr and above – below 60 years,10.0,10,ok,2021,text,Self-inflicted injury,45-59
By Self inflicting Injury,Male,60 years & above,4.0,4,ok,2021,text,Self-inflicted injury,60+
By Self inflicting Injury,Male,Total,35.0,35,ok,2021,text,Self-inflicted injury,all ages
By Self inflicting Injury,Female,Below 14 years,0.0,0,ok,2021,text,Self-inflicted injury,0-14
By Self inflicting Injury,Female,14 Yr and above – below 18 years,0.0,0,ok,2021,text,Self-inflicted injury,14-17
By Self inflicting Injury,Female,18 Yr and above – below 30 years,1.0,1,ok,2021,text,Self-inflicted injury,18-29
By Self inflicting Injury,Female,30 Yr and above – below 45 years,2.0,2,ok,2021,text,Self-inflicted injury,30-44
By Self inflicting Injury,Female,45 Yr and above – below 60 years,7.0,7,ok,2021,text,Self-inflicted injury,45-59
By Self inflicting Injury,Female,60 years & above,2.0,2,ok,2021,text,Self-inflicted injury,60+
By Self inflicting Injury,Female,Total,12.0,12,ok,2021,text,Self-inflicted injury,all ages
By Self inflicting Injury,Transgender,Below 14 years,0.0,0,ok,2021,text,Self-inflicted injury,0-14
By Self inflicting Injury,Transgender,14 Yr and above – below 18 years,0.0,0,ok,2021,text,Self-inflicted injury,14-17
By Self inflicting Injury,Transgender,18 Yr and above – below 30 years,0.0,0,ok,2021,text,Self-inflicted injury,18-29
By Self inflicting Injury,Transgender,30 Yr and above – below 45 years,0.0,0,ok,2021,text,Self-inflicted injury,30-44
By Self inflicting Injury,Transgender,45 Yr and above – below 60 years,0.0,0,ok,2021,text,Self-inflicted injury,45-59
By Self inflicting Injury,Transgender,60 years & above,0.0,0,ok,2021,text,Self-inflicted injury,60+
By Self inflicting Injury,Transgender,Total,0.0,0,ok,2021,text,Self-inflicted injury,all ages
By Self inflicting Injury,Total,,47.0,47,no total,2021,text,Self-inflicted injury,all ages
By Jumping from building,Male,Below 14 years,0.0,0,ok,2021,text,Jumping from height,0-14
By Jumping from building,Male,14 Yr and above – below 18 years,2.0,2,ok,2021,text,Jumping from height,14-17
By Jumping from building,Male,18 Yr and above – below 30 years,5.0,5,ok,2021,text,Jumping from height,18-29
By Jumping from building,Male,30 Yr and above – below 45 years,10.0,10,ok,2021,text,Jumping from height,30-44
By Jumping from building,Male,45 Yr and above – below 60 years,4.0,4,ok,2021,text,Jumping from height,45-59
By Jumping from building,Male,60 years & above,4.0,4,ok,2021,text,Jumping from height,60+
By Jumping from building,Male,Total,25.0,25,ok,2021,text,Jumping from height,all ages
By Jumping from building,Female,Below 14 years,0.0,0,ok,2021,text,Jumping from height,0-14
By Jumping from building,Female,14 Yr and above – below 18 years,5.0,5,ok,2021,text,Jumping from height,14-17
By Jumping from building,Female,18 Yr and above – below 30 years,3.0,3,ok,2021,text,Jumping from height,18-29
By Jumping from building,Female,30 Yr and above – below 45 years,2.0,2,ok,2021,text,Jumping from height,30-44
By Jumping from building,Female,45 Yr and above – below 60 years,5.0,5,ok,2021,text,Jumping from height,45-59
By Jumping from building,Female,60 years & above,5.0,5,ok,2021,text,Jumping from height,60+
By Jumping from building,Female,Total,20.0,20,ok,2021,text,Jumping from height,all ages
By Jumping from building,Transgender,Below 14 years,0.0,0,ok,2021,text,Jumping from height,0-14
By Jumping from building,Transgender,14 Yr and above – below 18 years,0.0,0,ok,2021,text,Jumping from height,14-17
By Jumping from building,Transgender,18 Yr and above – below 30 years,0.0,0,ok,2021,text,Jumping from height,18-29
By Jumping from building,Transgender,30 Yr and above – below 45 years,0.0,0,ok,2021,text,Jumping from height,30-44
By Jumping from building,Transgender,45 Yr and above – below 60 years,0.0,0,ok,2021,text,Jumping from height,45-59
By Jumping from building,Transgender,60 years & above,0.0,0,ok,2021,text,Jumping from height,60+
By Jumping from building,Transgender,Total,0.0,0,ok,2021,text,Jumping from height,all ages
By Jumping from building,Total,,45.0,45,no total,2021,text,Jumping from height,all ages
By Jumping from other sites,Male,Below 14 years,0.0,0,ok,2021,text,Jumping from height,0-14
By Jumping from other sites,Male,14 Yr and above – below 18 years,0.0,0,ok,2021,text,Jumping from height,14-17
By Jumping from other sites,Male,18 Yr and above – below 30 years,1.0,1,ok,2021,text,Jumping from height,18-29
By Jumping from other sites,Male,30 Yr and above – below 45 years,2.0,2,ok,2021,text,Jumping from height,30-44
By Jumping from other sites,Male,45 Yr and above – below 60 years,0.0,0,ok,2021,text,Jumping from height,45-59
By Jumping from other sites,Male,60 years & above,1.0,1,ok,2021,text,Jumping from height,60+
By Jumping from other sites,Male,Total,4.0,4,ok,2021,text,Jumping from height,all ages
By Jumping from other sites,Female,Below 14 years,0.0,0,ok,2021,text,Jumping from height,0-14
By Jumping from other sites,Female,14 Yr and above – below 18 years,0.0,0,ok,2021,text,Jumping from height,14-17
By Jumping from other sites,Female,18 Yr and above – below 30 years,0.0,0,ok,2021,text,Jumping from height,18-29
By Jumping from other sites,Female,30 Yr and above – below 45 years,0.0,0,ok,2021,text,Jumping from height,30-44
By Jumping from other sites,Female,45 Yr and above – below 60 years,0.0,0,ok,2021,text,Jumping from height,45-59
By Jumping from other sites,Female,60 years & above,0.0,0,ok,2021,text,Jumping from height,60+
By Jumping from other sites,Female,Total,0.0,0,ok,2021,text,Jumping from height,all ages
By Jumping from other sites,Transgender,Below 14 years,0.0,0,ok,2021,text,Jumping from height,0-14
By Jumping from other sites,Transgender,14 Yr and above – below 18 years,0.0,0,ok,2021,text,Jumping from height,14-17
By Jumping from other sites,Transgender,18 Yr and above – below 30 years,0.0,0,ok,2021,text,Jumping from height,18-29
By Jumping from other sites,Transgender,30 Yr and above – below 45 years,0.0,0,ok,2021,text,Jumping from height,30-44
By Jumping from other sites,Transgender,45 Yr and above – below 60 years,0.0,0,ok,2021,text,Jumping from height,45-59
By Jumping from other sites,Transgender,60 years & above,0.0,0,ok,2021,text,Jumping from height,60+
By Jumping from other sites,Transgender,Total,0.0,0,ok,2021,text,Jumping from height,all ages
By Jumping from other sites,Total,,4.0,4,no total,2021,text,Jumping from height,all ages
By Jumping off moving trains/vehicles,Male,Below 14 years,0.0,0,ok,2021,text,Under or off vehicles & trains,0-14
By Jumping off moving trains/vehicles,Male,14 Yr and above – below 18 years,0.0,0,ok,2021,text,Under or off vehicles & trains,14-17
By Jumping off moving trains/vehicles,Male,18 Yr and above – below 30 years,0.0,0,ok,2021,text,Under or off vehicles & trains,18-29
By Jumping off moving trains/vehicles,Male,30 Yr and above – below 45 years,0.0,0,ok,2021,text,Under or off vehicles & trains,30-44
By Jumping off moving trains/vehicles,Male,45 Yr and above – below 60 years,0.0,0,ok,2021,text,Under or off vehicles & trains,45-59
By Jumping off moving trains/vehicles,Male,60 years & above,0.0,0,ok,2021,text,Under or off vehicles & trains,60+
By Jumping off moving trains/vehicles,Male,Total,0.0,0,ok,2021,text,Under or off vehicles & trains,all ages
By Jumping off moving trains/vehicles,Female,Below 14 years,0.0,0,ok,2021,text,Under or off vehicles & trains,0-14
By Jumping off moving trains/vehicles,Female,14 Yr and above – below 18 years,1.0,1,ok,2021,text,Under or off vehicles & trains,14-17
By Jumping off moving trains/vehicles,Female,18 Yr and above – below 30 years,0.0,0,ok,2021,text,Under or off vehicles & trains,18-29
By Jumping off moving trains/vehicles,Female,30 Yr and above – below 45 years,0.0,0,ok,2021,text,Under or off vehicles & trains,30-44
By Jumping off moving trains/vehicles,Female,45 Yr and above – below 60 years,0.0,0,ok,2021,text,Under or off vehicles & trains,45-59
By Jumping off moving trains/vehicles,Female,60 years & above,0.0,0,ok,2021,text,Under or off vehicles & trains,60+
By Jumping off moving trains/vehicles,Female,Total,1.0,1,ok,2021,text,Under or off vehicles & trains,all ages
By Jumping off moving trains/vehicles,Transgender,Below 14 years,0.0,0,ok,2021,text,Under or off vehicles & trains,0-14
By Jumping off moving trains/vehicles,Transgender,14 Yr and above – below 18 years,0.0,0,ok,2021,text,Under or off vehicles & trains,14-17
By Jumping off moving trains/vehicles,Transgender,18 Yr and above – below 30 years,0.0,0,ok,2021,text,Under or off vehicles & trains,18-29
By Jumping off moving trains/vehicles,Transgender,30 Yr and above – below 45 years,0.0,0,ok,2021,text,Under or off vehicles & trains,30-44
By Jumping off moving trains/vehicles,Transgender,45 Yr and above – below 60 years,0.0,0,ok,2021,text,Under or off vehicles & trains,45-59
By Jumping off moving trains/vehicles,Transgender,60 years & above,0.0,0,ok,2021,text,Under or off vehicles & trains,60+
By Jumping off moving trains/vehicles,Transgender,Total,0.0,0,ok,2021,text,Under or off vehicles & trains,all ages
By Jumping off moving trains/vehicles,Total,,1.0,1,no total,2021,text,Under or off vehicles & trains,all ages
By Coming under running vehicles/trains,Male,Below 14 years,0.0,0,ok,2021,text,Under or off vehicles & trains,0-14
By Coming under running vehicles/trains,Male,14 Yr and above – below 18 years,3.0,3,ok,2021,text,Under or off vehicles & trains,14-17
By Coming under running vehicles/trains,Male,18 Yr and above – below 30 years,72.0,72,ok,2021,text,Under or off vehicles & trains,18-29
By Coming under running vehicles/trains,Male,30 Yr and above – below 45 years,51.0,51,ok,2021,text,Under or off vehicles & trains,30-44
By Coming under running vehicles/trains,Male,45 Yr and above – below 60 years,22.0,22,ok,2021,text,Under or off vehicles & trains,45-59
By Coming under running vehicles/trains,Male,60 years & above,25.0,25,ok,2021,text,Under or off vehicles & trains,60+
By Coming under running vehicles/trains,Male,Total,173.0,173,ok,2021,text,Under or off vehicles & trains,all ages
By Coming under running vehicles/trains,Female,Below 14 years,0.0,0,ok,2021,text,Under or off vehicles & trains,0-14
By Coming under running vehicles/trains,Female,14 Yr and above – below 18 years,1.0,1,ok,2021,text,Under or off vehicles & trains,14-17
By Coming under running vehicles/trains,Female,18 Yr and above – below 30 years,8.0,8,ok,2021,text,Under or off vehicles & trains,18-29
By Coming under running vehicles/trains,Female,30 Yr and above – below 45 years,3.0,3,ok,2021,text,Under or off vehicles & trains,30-44
By Coming under running vehicles/trains,Female,45 Yr and above – below 60 years,4.0,4,ok,2021,text,Under or off vehicles & trains,45-59
By Coming under running vehicles/trains,Female,60 years & above,0.0,0,ok,2021,text,Under or off vehicles & trains,60+
By Coming under running vehicles/trains,Female,Total,16.0,16,ok,2021,text,Under or off vehicles & trains,all ages
By Coming under running vehicles/trains,Transgender,Below 14 years,0.0,0,ok,2021,text,Under or off vehicles & trains,0-14
By Coming under running vehicles/trains,Transgender,14 Yr and above – below 18 years,0.0,0,ok,2021,text,Under or off vehicles & trains,14-17
By Coming under running vehicles/trains,Transgender,18 Yr and above – below 30 years,0.0,0,ok,2021,text,Under or off vehicles & trains,18-29
By Coming under running vehicles/trains,Transgender,30 Yr and above – below 45 years,0.0,0,ok,2021,text,Under or off vehicles & trains,30-44
By Coming under running vehicles/trains,Transgender,45 Yr and above – below 60 years,0.0,0,ok,2021,text,Under or off vehicles & trains,45-59
By Coming under running vehicles/trains,Transgender,60 years & above,0.0,0,ok,2021,text,Under or off vehicles & trains,60+
By Coming under running vehicles/trains,Transgender,Total,0.0,0,ok,2021,text,Under or off vehicles & trains,all ages
By Coming under running vehicles/trains,Total,,189.0,189,no total,2021,text,Under or off vehicles & trains,all ages
By touching electric wire,Male,Below 14 years,0.0,0,ok,2021,text,Other / not known,0-14
By touching electric wire,Male,14 Yr and above – below 18 years,3.0,3,ok,2021,text,Other / not known,14-17
By touching electric wire,Male,18 Yr and above – below 30 years,11.0,11,ok,2021,text,Other / not known,18-29
By touching electric wire,Male,30 Yr and above – below 45 years,12.0,12,ok,2021,text,Other / not known,30-44
By touching electric wire,Male,45 Yr and above – below 60 years,4.0,4,ok,2021,text,Other / not known,45-59
By touching electric wire,Male,60 years & above,1.0,1,ok,2021,text,Other / not known,60+
By touching electric wire,Male,Total,31.0,31,ok,2021,text,Other / not known,all ages
By touching electric wire,Female,Below 14 years,0.0,0,ok,2021,text,Other / not known,0-14
By touching electric wire,Female,14 Yr and above – below 18 years,8.0,8,ok,2021,text,Other / not known,14-17
By touching electric wire,Female,18 Yr and above – below 30 years,0.0,0,ok,2021,text,Other / not known,18-29
By touching electric wire,Female,30 Yr and above – below 45 years,0.0,0,ok,2021,text,Other / not known,30-44
By touching electric wire,Female,45 Yr and above – below 60 years,0.0,0,ok,2021,text,Other / not known,45-59
By touching electric wire,Female,60 years & above,0.0,0,ok,2021,text,Other / not known,60+
By touching electric wire,Female,Total,8.0,8,ok,2021,text,Other / not known,all ages
By touching electric wire,Transgender,Below 14 years,0.0,0,ok,2021,text,Other / not known,0-14
By touching electric wire,Transgender,14 Yr and above – below 18 years,0.0,0,ok,2021,text,Other / not known,14-17
By touching electric wire,Transgender,18 Yr and above – below 30 years,0.0,0,ok,2021,text,Other / not known,18-29
By touching electric wire,Transgender,30 Yr and above – below 45 years,0.0,0,ok,2021,text,Other / not known,30-44
By touching electric wire,Transgender,45 Yr and above – below 60 years,0.0,0,ok,2021,text,Other / not known,45-59
By touching electric wire,Transgender,60 years & above,0.0,0,ok,2021,text,Other / not known,60+
By touching electric wire,Transgender,Total,0.0,0,ok,2021,text,Other / not known,all ages
By touching electric wire,Total,,39.0,39,no total,2021,text,Other / not known,all ages
By Other means,Male,Below 14 years,0.0,0,ok,2021,text,Other / not known,0-14
By Other means,Male,14 Yr and above – below 18 years,0.0,0,ok,2021,text,Other / not known,14-17
By Other means,Male,18 Yr and above – below 30 years,0.0,0,ok,2021,text,Other / not known,18-29
By Other means,Male,30 Yr and above – below 45 years,3.0,3,ok,2021,text,Other / not known,30-44
By Other means,Male,45 Yr and above – below 60 years,0.0,0,ok,2021,text,Other / not known,45-59
By Other means,Male,60 years & above,0.0,0,ok,2021,text,Other / not known,60+
By Other means,Male,Total,3.0,3,ok,2021,text,Other / not known,all ages
By Other means,Female,Below 14 years,0.0,0,ok,2021,text,Other / not known,0-14
By Other means,Female,14 Yr and above – below 18 years,0.0,0,ok,2021,text,Other / not known,14-17
By Other means,Female,18 Yr and above – below 30 years,1.0,1,ok,2021,text,Other / not known,18-29
By Other means,Female,30 Yr and above – below 45 years,1.0,1,ok,2021,text,Other / not known,30-44
By Other means,Female,45 Yr and above – below 60 years,0.0,0,ok,2021,text,Other / not known,45-59
By Other means,Female,60 years & above,0.0,0,ok,2021,text,Other / not known,60+
By Other means,Female,Total,2.0,2,ok,2021,text,Other / not known,all ages
By Other means,Transgender,Below 14 years,0.0,0,ok,2021,text,Other / not known,0-14
By Other means,Transgender,14 Yr and above – below 18 years,0.0,0,ok,2021,text,Other / not known,14-17
By Other means,Transgender,18 Yr and above – below 30 years,0.0,0,ok,2021,text,Other / not known,18-29
By Other means,Transgender,30 Yr and above – below 45 years,0.0,0,ok,2021,text,Other / not known,30-44
By Other means,Transgender,45 Yr and above – below 60 years,0.0,0,ok,2021,text,Other / not known,45-59
By Other means,Transgender,60 years & above,0.0,0,ok,2021,text,Other / not known,60+
By Other means,Transgender,Total,0.0,0,ok,2021,text,Other / not known,all ages
By Other means,Total,,5.0,5,no total,2021,text,Other / not known,all ages
By Consuming Sleeping Pills,Male,Below 14 years,0.0,0,ok,2022,text,Sleeping pills / drug overdose,0-14
By Consuming Sleeping Pills,Male,14 Yr and above – below 18 years,0.0,0,ok,2022,text,Sleeping pills / drug overdose,14-17
By Consuming Sleeping Pills,Male,18 Yr and above – below 30 years,11.0,11,ok,2022,text,Sleeping pills / drug overdose,18-29
By Consuming Sleeping Pills,Male,30 Yr and above – below 45 years,27.0,27,ok,2022,text,Sleeping pills / drug overdose,30-44
By Consuming Sleeping Pills,Male,45 Yr and above – below 60 years,14.0,14,ok,2022,text,Sleeping pills / drug overdose,45-59
By Consuming Sleeping Pills,Male,60 years & above,13.0,13,ok,2022,text,Sleeping pills / drug overdose,60+
By Consuming Sleeping Pills,Male,Total,65.0,65,ok,2022,text,Sleeping pills / drug overdose,all ages
By Consuming Sleeping Pills,Female,Below 14 years,0.0,0,ok,2022,text,Sleeping pills / drug overdose,0-14
By Consuming Sleeping Pills,Female,14 Yr and above – below 18 years,3.0,3,ok,2022,text,Sleeping pills / drug overdose,14-17
By Consuming Sleeping Pills,Female,18 Yr and above – below 30 years,6.0,6,ok,2022,text,Sleeping pills / drug overdose,18-29
By Consuming Sleeping Pills,Female,30 Yr and above – below 45 years,14.0,14,ok,2022,text,Sleeping pills / drug overdose,30-44
By Consuming Sleeping Pills,Female,45 Yr and above – below 60 years,11.0,11,ok,2022,text,Sleeping pills / drug overdose,45-59
By Consuming Sleeping Pills,Female,60 years & above,12.0,12,ok,2022,text,Sleeping pills / drug overdose,60+
By Consuming Sleeping Pills,Female,Total,46.0,46,ok,2022,text,Sleeping pills / drug overdose,all ages
By Consuming Sleeping Pills,Transgender,Below 14 years,0.0,0,ok,2022,text,Sleeping pills / drug overdose,0-14
By Consuming Sleeping Pills,Transgender,14 Yr and above – below 18 years,0.0,0,ok,2022,text,Sleeping pills / drug overdose,14-17
By Consuming Sleeping Pills,Transgender,18 Yr and above – below 30 years,0.0,0,ok,2022,text,Sleeping pills / drug overdose,18-29
By Consuming Sleeping Pills,Transgender,30 Yr and above – below 45 years,0.0,0,ok,2022,text,Sleeping pills / drug overdose,30-44
By Consuming Sleeping Pills,Transgender,45 Yr and above – below 60 years,0.0,0,ok,2022,text,Sleeping pills / drug overdose,45-59
By Consuming Sleeping Pills,Transgender,60 years & above,0.0,0,ok,2022,text,Sleeping pills / drug overdose,60+
By Consuming Sleeping Pills,Transgender,Total,0.0,0,ok,2022,text,Sleeping pills / drug overdose,all ages
By Consuming Sleeping Pills,Total,,111.0,111,no total,2022,text,Sleeping pills / drug overdose,all ages
By Drowning,Male,Below 14 years,1.0,1,ok,2022,text,Drowning,0-14
By Drowning,Male,14 Yr and above – below 18 years,5.0,5,ok,2022,text,Drowning,14-17
By Drowning,Male,18 Yr and above – below 30 years,41.0,41,ok,2022,text,Drowning,18-29
By Drowning,Male,30 Yr and above – below 45 years,55.0,55,ok,2022,text,Drowning,30-44
By Drowning,Male,45 Yr and above – below 60 years,59.0,59,ok,2022,text,Drowning,45-59
By Drowning,Male,60 years & above,47.0,47,ok,2022,text,Drowning,60+
By Drowning,Male,Total,208.0,208,ok,2022,text,Drowning,all ages
By Drowning,Female,Below 14 years,4.0,4,ok,2022,text,Drowning,0-14
By Drowning,Female,14 Yr and above – below 18 years,19.0,19,ok,2022,text,Drowning,14-17
By Drowning,Female,18 Yr and above – below 30 years,38.0,38,ok,2022,text,Drowning,18-29
By Drowning,Female,30 Yr and above – below 45 years,33.0,33,ok,2022,text,Drowning,30-44
By Drowning,Female,45 Yr and above – below 60 years,35.0,35,ok,2022,text,Drowning,45-59
By Drowning,Female,60 years & above,79.0,79,ok,2022,text,Drowning,60+
By Drowning,Female,Total,208.0,208,ok,2022,text,Drowning,all ages
By Drowning,Transgender,Below 14 years,0.0,0,ok,2022,text,Drowning,0-14
By Drowning,Transgender,14 Yr and above – below 18 years,0.0,0,ok,2022,text,Drowning,14-17
By Drowning,Transgender,18 Yr and above – below 30 years,0.0,0,ok,2022,text,Drowning,18-29
By Drowning,Transgender,30 Yr and above – below 45 years,0.0,0,ok,2022,text,Drowning,30-44
By Drowning,Transgender,45 Yr and above – below 60 years,0.0,0,ok,2022,text,Drowning,45-59
By Drowning,Transgender,60 years & above,0.0,0,ok,2022,text,Drowning,60+
By Drowning,Transgender,Total,0.0,0,ok,2022,text,Drowning,all ages
By Drowning,Total,,416.0,416,no total,2022,text,Drowning,all ages
By Fire/Self Immolation,Male,Below 14 years,0.0,0,ok,2022,text,Fire / self-immolation,0-14
By Fire/Self Immolation,Male,14 Yr and above – below 18 years,4.0,4,ok,2022,text,Fire / self-immolation,14-17
By Fire/Self Immolation,Male,18 Yr and above – below 30 years,70.0,70,ok,2022,text,Fire / self-immolation,18-29
By Fire/Self Immolation,Male,30 Yr and above – below 45 years,167.0,167,ok,2022,text,Fire / self-immolation,30-44
By Fire/Self Immolation,Male,45 Yr and above – below 60 years,86.0,86,ok,2022,text,Fire / self-immolation,45-59
By Fire/Self Immolation,Male,60 years & above,58.0,58,ok,2022,text,Fire / self-immolation,60+
By Fire/Self Immolation,Male,Total,385.0,385,ok,2022,text,Fire / self-immolation,all ages
By Fire/Self Immolation,Female,Below 14 years,3.0,3,ok,2022,text,Fire / self-immolation,0-14
By Fire/Self Immolation,Female,14 Yr and above – below 18 years,10.0,10,ok,2022,text,Fire / self-immolation,14-17
By Fire/Self Immolation,Female,18 Yr and above – below 30 years,103.0,103,ok,2022,text,Fire / self-immolation,18-29
By Fire/Self Immolation,Female,30 Yr and above – below 45 years,144.0,144,ok,2022,text,Fire / self-immolation,30-44
By Fire/Self Immolation,Female,45 Yr and above – below 60 years,91.0,91,ok,2022,text,Fire / self-immolation,45-59
By Fire/Self Immolation,Female,60 years & above,114.0,114,ok,2022,text,Fire / self-immolation,60+
By Fire/Self Immolation,Female,Total,465.0,465,ok,2022,text,Fire / self-immolation,all ages
By Fire/Self Immolation,Transgender,Below 14 years,0.0,0,ok,2022,text,Fire / self-immolation,0-14
By Fire/Self Immolation,Transgender,14 Yr and above – below 18 years,0.0,0,ok,2022,text,Fire / self-immolation,14-17
By Fire/Self Immolation,Transgender,18 Yr and above – below 30 years,0.0,0,ok,2022,text,Fire / self-immolation,18-29
By Fire/Self Immolation,Transgender,30 Yr and above – below 45 years,0.0,0,ok,2022,text,Fire / self-immolation,30-44
By Fire/Self Immolation,Transgender,45 Yr and above – below 60 years,0.0,0,ok,2022,text,Fire / self-immolation,45-59
By Fire/Self Immolation,Transgender,60 years & above,0.0,0,ok,2022,text,Fire / self-immolation,60+
By Fire/Self Immolation,Transgender,Total,0.0,0,ok,2022,text,Fire / self-immolation,all ages
By Fire/Self Immolation,Total,,850.0,850,no total,2022,text,Fire / self-immolation,all ages
By Firearms,Male,Below 14 years,0.0,0,ok,2022,text,Firearms,0-14
By Firearms,Male,14 Yr and above – below 18 years,0.0,0,ok,2022,text,Firearms,14-17
By Firearms,Male,18 Yr and above – below 30 years,4.0,4,ok,2022,text,Firearms,18-29
By Firearms,Male,30 Yr and above – below 45 years,3.0,3,ok,2022,text,Firearms,30-44
By Firearms,Male,45 Yr and above – below 60 years,2.0,2,ok,2022,text,Firearms,45-59
By Firearms,Male,60 years & above,0.0,0,ok,2022,text,Firearms,60+
By Firearms,Male,Total,9.0,9,ok,2022,text,Firearms,all ages
By Firearms,Female,Below 14 years,0.0,0,ok,2022,text,Firearms,0-14
By Firearms,Female,14 Yr and above – below 18 years,0.0,0,ok,2022,text,Firearms,14-17
By Firearms,Female,18 Yr and above – below 30 years,0.0,0,ok,2022,text,Firearms,18-29
By Firearms,Female,30 Yr and above – below 45 years,0.0,0,ok,2022,text,Firearms,30-44
By Firearms,Female,45 Yr and above – below 60 years,0.0,0,ok,2022,text,Firearms,45-59
By Firearms,Female,60 years & above,0.0,0,ok,2022,text,Firearms,60+
By Firearms,Female,Total,0.0,0,ok,2022,text,Firearms,all ages
By Firearms,Transgender,Below 14 years,0.0,0,ok,2022,text,Firearms,0-14
By Firearms,Transgender,14 Yr and above – below 18 years,0.0,0,ok,2022,text,Firearms,14-17
By Firearms,Transgender,18 Yr and above – below 30 years,0.0,0,ok,2022,text,Firearms,18-29
By Firearms,Transgender,30 Yr and above – below 45 years,0.0,0,ok,2022,text,Firearms,30-44
By Firearms,Transgender,45 Yr and above – below 60 years,0.0,0,ok,2022,text,Firearms,45-59
By Firearms,Transgender,60 years & above,0.0,0,ok,2022,text,Firearms,60+
By Firearms,Transgender,Total,0.0,0,ok,2022,text,Firearms,all ages
By Firearms,Total,,9.0,9,no total,2022,text,Firearms,all ages
By Hanging,Male,Below 14 years,29.0,29,ok,2022,text,Hanging,0-14
By Hanging,Male,14 Yr and above – below 18 years,194.0,194,ok,2022,text,Hanging,14-17
By Hanging,Male,18 Yr and above – below 30 years,2405.0,2405,ok,2022,text,Hanging,18-29
By Hanging,Male,30 Yr and above – below 45 years,2845.0,2845,ok,2022,text,Hanging,30-44
By Hanging,Male,45 Yr and above – below 60 years,1604.0,1604,ok,2022,text,Hanging,45-59
By Hanging,Male,60 years & above,698.0,698,ok,2022,text,Hanging,60+
By Hanging,Male,Total,7775.0,7775,ok,2022,text,Hanging,all ages
By Hanging,Female,Below 14 years,33.0,33,ok,2022,text,Hanging,0-14
By Hanging,Female,14 Yr and above – below 18 years,316.0,316,ok,2022,text,Hanging,14-17
By Hanging,Female,18 Yr and above – below 30 years,1252.0,1252,ok,2022,text,Hanging,18-29
By Hanging,Female,30 Yr and above – below 45 years,788.0,788,ok,2022,text,Hanging,30-44
By Hanging,Female,45 Yr and above – below 60 years,359.0,359,ok,2022,text,Hanging,45-59
By Hanging,Female,60 years & above,169.0,169,ok,2022,text,Hanging,60+
By Hanging,Female,Total,2917.0,2917,ok,2022,text,Hanging,all ages
By Hanging,Transgender,Below 14 years,0.0,0,ok,2022,text,Hanging,0-14
By Hanging,Transgender,14 Yr and above – below 18 years,1.0,1,ok,2022,text,Hanging,14-17
By Hanging,Transgender,18 Yr and above – below 30 years,9.0,9,ok,2022,text,Hanging,18-29
By Hanging,Transgender,30 Yr and above – below 45 years,0.0,0,ok,2022,text,Hanging,30-44
By Hanging,Transgender,45 Yr and above – below 60 years,0.0,0,ok,2022,text,Hanging,45-59
By Hanging,Transgender,60 years & above,0.0,0,ok,2022,text,Hanging,60+
By Hanging,Transgender,Total,10.0,10,ok,2022,text,Hanging,all ages
By Hanging,Total,,10702.0,10702,no total,2022,text,Hanging,all ages
By Poison,Male,Below 14 years,10.0,10,ok,2022,text,Poison: other,0-14
By Poison,Male,14 Yr and above – below 18 years,55.0,55,ok,2022,text,Poison: other,14-17
By Poison,Male,18 Yr and above – below 30 years,1063.0,1063,ok,2022,text,Poison: other,18-29
By Poison,Male,30 Yr and above – below 45 years,1554.0,1554,ok,2022,text,Poison: other,30-44
By Poison,Male,45 Yr and above – below 60 years,1588.0,1588,ok,2022,text,Poison: other,45-59
By Poison,Male,60 years & above,1253.0,1253,ok,2022,text,Poison: other,60+
By Poison,Male,Total,5523.0,5523,ok,2022,text,Poison: other,all ages
By Poison,Female,Below 14 years,8.0,8,ok,2022,text,Poison: other,0-14
By Poison,Female,14 Yr and above – below 18 years,166.0,166,ok,2022,text,Poison: other,14-17
By Poison,Female,18 Yr and above – below 30 years,622.0,622,ok,2022,text,Poison: other,18-29
By Poison,Female,30 Yr and above – below 45 years,449.0,449,ok,2022,text,Poison: other,30-44
By Poison,Female,45 Yr and above – below 60 years,337.0,337,ok,2022,text,Poison: other,45-59
By Poison,Female,60 years & above,326.0,326,ok,2022,text,Poison: other,60+
By Poison,Female,Total,1908.0,1908,ok,2022,text,Poison: other,all ages
By Poison,Transgender,Below 14 years,0.0,0,ok,2022,text,Poison: other,0-14
By Poison,Transgender,14 Yr and above – below 18 years,0.0,0,ok,2022,text,Poison: other,14-17
By Poison,Transgender,18 Yr and above – below 30 years,5.0,5,ok,2022,text,Poison: other,18-29
By Poison,Transgender,30 Yr and above – below 45 years,1.0,1,ok,2022,text,Poison: other,30-44
By Poison,Transgender,45 Yr and above – below 60 years,0.0,0,ok,2022,text,Poison: other,45-59
By Poison,Transgender,60 years & above,0.0,0,ok,2022,text,Poison: other,60+
By Poison,Transgender,Total,6.0,6,ok,2022,text,Poison: other,all ages
By Poison,Total,,7437.0,7437,no total,2022,text,Poison: other,all ages
By Consuming Insecticides,Male,Below 14 years,5.0,5,ok,2022,text,Poison: insecticides,0-14
By Consuming Insecticides,Male,14 Yr and above – below 18 years,12.0,12,ok,2022,text,Poison: insecticides,14-17
By Consuming Insecticides,Male,18 Yr and above – below 30 years,245.0,245,ok,2022,text,Poison: insecticides,18-29
By Consuming Insecticides,Male,30 Yr and above – below 45 years,387.0,387,ok,2022,text,Poison: insecticides,30-44
By Consuming Insecticides,Male,45 Yr and above – below 60 years,415.0,415,ok,2022,text,Poison: insecticides,45-59
By Consuming Insecticides,Male,60 years & above,346.0,346,ok,2022,text,Poison: insecticides,60+
By Consuming Insecticides,Male,Total,1410.0,1410,ok,2022,text,Poison: insecticides,all ages
By Consuming Insecticides,Female,Below 14 years,2.0,2,ok,2022,text,Poison: insecticides,0-14
By Consuming Insecticides,Female,14 Yr and above – below 18 years,29.0,29,ok,2022,text,Poison: insecticides,14-17
By Consuming Insecticides,Female,18 Yr and above – below 30 years,110.0,110,ok,2022,text,Poison: insecticides,18-29
By Consuming Insecticides,Female,30 Yr and above – below 45 years,90.0,90,ok,2022,text,Poison: insecticides,30-44
By Consuming Insecticides,Female,45 Yr and above – below 60 years,76.0,76,ok,2022,text,Poison: insecticides,45-59
By Consuming Insecticides,Female,60 years & above,68.0,68,ok,2022,text,Poison: insecticides,60+
By Consuming Insecticides,Female,Total,375.0,375,ok,2022,text,Poison: insecticides,all ages
By Consuming Insecticides,Transgender,Below 14 years,0.0,0,ok,2022,text,Poison: insecticides,0-14
By Consuming Insecticides,Transgender,14 Yr and above – below 18 years,0.0,0,ok,2022,text,Poison: insecticides,14-17
By Consuming Insecticides,Transgender,18 Yr and above – below 30 years,0.0,0,ok,2022,text,Poison: insecticides,18-29
By Consuming Insecticides,Transgender,30 Yr and above – below 45 years,0.0,0,ok,2022,text,Poison: insecticides,30-44
By Consuming Insecticides,Transgender,45 Yr and above – below 60 years,0.0,0,ok,2022,text,Poison: insecticides,45-59
By Consuming Insecticides,Transgender,60 years & above,0.0,0,ok,2022,text,Poison: insecticides,60+
By Consuming Insecticides,Transgender,Total,0.0,0,ok,2022,text,Poison: insecticides,all ages
By Consuming Insecticides,Total,,1785.0,1785,no total,2022,text,Poison: insecticides,all ages
By Consuming other Poison,Male,Below 14 years,5.0,5,ok,2022,text,Poison: other,0-14
By Consuming other Poison,Male,14 Yr and above – below 18 years,43.0,43,ok,2022,text,Poison: other,14-17
By Consuming other Poison,Male,18 Yr and above – below 30 years,818.0,818,ok,2022,text,Poison: other,18-29
By Consuming other Poison,Male,30 Yr and above – below 45 years,1167.0,1167,ok,2022,text,Poison: other,30-44
By Consuming other Poison,Male,45 Yr and above – below 60 years,1173.0,1173,ok,2022,text,Poison: other,45-59
By Consuming other Poison,Male,60 years & above,907.0,907,ok,2022,text,Poison: other,60+
By Consuming other Poison,Male,Total,4113.0,4113,ok,2022,text,Poison: other,all ages
By Consuming other Poison,Female,Below 14 years,6.0,6,ok,2022,text,Poison: other,0-14
By Consuming other Poison,Female,14 Yr and above – below 18 years,137.0,137,ok,2022,text,Poison: other,14-17
By Consuming other Poison,Female,18 Yr and above – below 30 years,512.0,512,ok,2022,text,Poison: other,18-29
By Consuming other Poison,Female,30 Yr and above – below 45 years,359.0,359,ok,2022,text,Poison: other,30-44
By Consuming other Poison,Female,45 Yr and above – below 60 years,261.0,261,ok,2022,text,Poison: other,45-59
By Consuming other Poison,Female,60 years & above,258.0,258,ok,2022,text,Poison: other,60+
By Consuming other Poison,Female,Total,1533.0,1533,ok,2022,text,Poison: other,all ages
By Consuming other Poison,Transgender,Below 14 years,0.0,0,ok,2022,text,Poison: other,0-14
By Consuming other Poison,Transgender,14 Yr and above – below 18 years,0.0,0,ok,2022,text,Poison: other,14-17
By Consuming other Poison,Transgender,18 Yr and above – below 30 years,5.0,5,ok,2022,text,Poison: other,18-29
By Consuming other Poison,Transgender,30 Yr and above – below 45 years,1.0,1,ok,2022,text,Poison: other,30-44
By Consuming other Poison,Transgender,45 Yr and above – below 60 years,0.0,0,ok,2022,text,Poison: other,45-59
By Consuming other Poison,Transgender,60 years & above,0.0,0,ok,2022,text,Poison: other,60+
By Consuming other Poison,Transgender,Total,6.0,6,ok,2022,text,Poison: other,all ages
By Consuming other Poison,Total,,5652.0,5652,no total,2022,text,Poison: other,all ages
By Self inflicting Injury,Male,Below 14 years,0.0,0,ok,2022,text,Self-inflicted injury,0-14
By Self inflicting Injury,Male,14 Yr and above – below 18 years,0.0,0,ok,2022,text,Self-inflicted injury,14-17
By Self inflicting Injury,Male,18 Yr and above – below 30 years,7.0,7,ok,2022,text,Self-inflicted injury,18-29
By Self inflicting Injury,Male,30 Yr and above – below 45 years,16.0,16,ok,2022,text,Self-inflicted injury,30-44
By Self inflicting Injury,Male,45 Yr and above – below 60 years,9.0,9,ok,2022,text,Self-inflicted injury,45-59
By Self inflicting Injury,Male,60 years & above,8.0,8,ok,2022,text,Self-inflicted injury,60+
By Self inflicting Injury,Male,Total,40.0,40,ok,2022,text,Self-inflicted injury,all ages
By Self inflicting Injury,Female,Below 14 years,0.0,0,ok,2022,text,Self-inflicted injury,0-14
By Self inflicting Injury,Female,14 Yr and above – below 18 years,0.0,0,ok,2022,text,Self-inflicted injury,14-17
By Self inflicting Injury,Female,18 Yr and above – below 30 years,4.0,4,ok,2022,text,Self-inflicted injury,18-29
By Self inflicting Injury,Female,30 Yr and above – below 45 years,4.0,4,ok,2022,text,Self-inflicted injury,30-44
By Self inflicting Injury,Female,45 Yr and above – below 60 years,1.0,1,ok,2022,text,Self-inflicted injury,45-59
By Self inflicting Injury,Female,60 years & above,3.0,3,ok,2022,text,Self-inflicted injury,60+
By Self inflicting Injury,Female,Total,12.0,12,ok,2022,text,Self-inflicted injury,all ages
By Self inflicting Injury,Transgender,Below 14 years,0.0,0,ok,2022,text,Self-inflicted injury,0-14
By Self inflicting Injury,Transgender,14 Yr and above – below 18 years,0.0,0,ok,2022,text,Self-inflicted injury,14-17
By Self inflicting Injury,Transgender,18 Yr and above – below 30 years,0.0,0,ok,2022,text,Self-inflicted injury,18-29
By Self inflicting Injury,Transgender,30 Yr and above – below 45 years,0.0,0,ok,2022,text,Self-inflicted injury,30-44
By Self inflicting Injury,Transgender,45 Yr and above – below 60 years,0.0,0,ok,2022,text,Self-inflicted injury,45-59
By Self inflicting Injury,Transgender,60 years & above,0.0,0,ok,2022,text,Self-inflicted injury,60+
By Self inflicting Injury,Transgender,Total,0.0,0,ok,2022,text,Self-inflicted injury,all ages
By Self inflicting Injury,Total,,52.0,52,no total,2022,text,Self-inflicted injury,all ages
By Jumping from building,Male,Below 14 years,1.0,1,ok,2022,text,Jumping from height,0-14
By Jumping from building,Male,14 Yr and above – below 18 years,2.0,2,ok,2022,text,Jumping from height,14-17
By Jumping from building,Male,18 Yr and above – below 30 years,3.0,3,ok,2022,text,Jumping from height,18-29
By Jumping from building,Male,30 Yr and above – below 45 years,15.0,15,ok,2022,text,Jumping from height,30-44
By Jumping from building,Male,45 Yr and above – below 60 years,9.0,9,ok,2022,text,Jumping from height,45-59
By Jumping from building,Male,60 years & above,6.0,6,ok,2022,text,Jumping from height,60+
By Jumping from building,Male,Total,36.0,36,ok,2022,text,Jumping from height,all ages
By Jumping from building,Female,Below 14 years,0.0,0,ok,2022,text,Jumping from height,0-14
By Jumping from building,Female,14 Yr and above – below 18 years,2.0,2,ok,2022,text,Jumping from height,14-17
By Jumping from building,Female,18 Yr and above – below 30 years,2.0,2,ok,2022,text,Jumping from height,18-29
By Jumping from building,Female,30 Yr and above – below 45 years,3.0,3,ok,2022,text,Jumping from height,30-44
By Jumping from building,Female,45 Yr and above – below 60 years,1.0,1,ok,2022,text,Jumping from height,45-59
By Jumping from building,Female,60 years & above,0.0,0,ok,2022,text,Jumping from height,60+
By Jumping from building,Female,Total,8.0,8,ok,2022,text,Jumping from height,all ages
By Jumping from building,Transgender,Below 14 years,0.0,0,ok,2022,text,Jumping from height,0-14
By Jumping from building,Transgender,14 Yr and above – below 18 years,0.0,0,ok,2022,text,Jumping from height,14-17
By Jumping from building,Transgender,18 Yr and above – below 30 years,0.0,0,ok,2022,text,Jumping from height,18-29
By Jumping from building,Transgender,30 Yr and above – below 45 years,0.0,0,ok,2022,text,Jumping from height,30-44
By Jumping from building,Transgender,45 Yr and above – below 60 years,0.0,0,ok,2022,text,Jumping from height,45-59
By Jumping from building,Transgender,60 years & above,0.0,0,ok,2022,text,Jumping from height,60+
By Jumping from building,Transgender,Total,0.0,0,ok,2022,text,Jumping from height,all ages
By Jumping from building,Total,,44.0,44,no total,2022,text,Jumping from height,all ages
By Jumping from other sites,Male,Below 14 years,0.0,0,ok,2022,text,Jumping from height,0-14
By Jumping from other sites,Male,14 Yr and above – below 18 years,0.0,0,ok,2022,text,Jumping from height,14-17
By Jumping from other sites,Male,18 Yr and above – below 30 years,2.0,2,ok,2022,text,Jumping from height,18-29
By Jumping from other sites,Male,30 Yr and above – below 45 years,4.0,4,ok,2022,text,Jumping from height,30-44
By Jumping from other sites,Male,45 Yr and above – below 60 years,2.0,2,ok,2022,text,Jumping from height,45-59
By Jumping from other sites,Male,60 years & above,0.0,0,ok,2022,text,Jumping from height,60+
By Jumping from other sites,Male,Total,8.0,8,ok,2022,text,Jumping from height,all ages
By Jumping from other sites,Female,Below 14 years,0.0,0,ok,2022,text,Jumping from height,0-14
By Jumping from other sites,Female,14 Yr and above – below 18 years,1.0,1,ok,2022,text,Jumping from height,14-17
By Jumping from other sites,Female,18 Yr and above – below 30 years,0.0,0,ok,2022,text,Jumping from height,18-29
By Jumping from other sites,Female,30 Yr and above – below 45 years,0.0,0,ok,2022,text,Jumping from height,30-44
By Jumping from other sites,Female,45 Yr and above – below 60 years,1.0,1,ok,2022,text,Jumping from height,45-59
By Jumping from other sites,Female,60 years & above,1.0,1,ok,2022,text,Jumping from height,60+
By Jumping from other sites,Female,Total,3.0,3,ok,2022,text,Jumping from height,all ages
By Jumping from other sites,Transgender,Below 14 years,0.0,0,ok,2022,text,Jumping from height,0-14
By Jumping from other sites,Transgender,14 Yr and above – below 18 years,0.0,0,ok,2022,text,Jumping from height,14-17
By Jumping from other sites,Transgender,18 Yr and above – below 30 years,0.0,0,ok,2022,text,Jumping from height,18-29
By Jumping from other sites,Transgender,30 Yr and above – below 45 years,0.0,0,ok,2022,text,Jumping from height,30-44
By Jumping from other sites,Transgender,45 Yr and above – below 60 years,0.0,0,ok,2022,text,Jumping from height,45-59
By Jumping from other sites,Transgender,60 years & above,0.0,0,ok,2022,text,Jumping from height,60+
By Jumping from other sites,Transgender,Total,0.0,0,ok,2022,text,Jumping from height,all ages
By Jumping from other sites,Total,,11.0,11,no total,2022,text,Jumping from height,all ages
By Jumping off moving trains/vehicles,Male,Below 14 years,0.0,0,ok,2022,text,Under or off vehicles & trains,0-14
By Jumping off moving trains/vehicles,Male,14 Yr and above – below 18 years,1.0,1,ok,2022,text,Under or off vehicles & trains,14-17
By Jumping off moving trains/vehicles,Male,18 Yr and above – below 30 years,0.0,0,ok,2022,text,Under or off vehicles & trains,18-29
By Jumping off moving trains/vehicles,Male,30 Yr and above – below 45 years,1.0,1,ok,2022,text,Under or off vehicles & trains,30-44
By Jumping off moving trains/vehicles,Male,45 Yr and above – below 60 years,0.0,0,ok,2022,text,Under or off vehicles & trains,45-59
By Jumping off moving trains/vehicles,Male,60 years & above,0.0,0,ok,2022,text,Under or off vehicles & trains,60+
By Jumping off moving trains/vehicles,Male,Total,2.0,2,ok,2022,text,Under or off vehicles & trains,all ages
By Jumping off moving trains/vehicles,Female,Below 14 years,0.0,0,ok,2022,text,Under or off vehicles & trains,0-14
By Jumping off moving trains/vehicles,Female,14 Yr and above – below 18 years,0.0,0,ok,2022,text,Under or off vehicles & trains,14-17
By Jumping off moving trains/vehicles,Female,18 Yr and above – below 30 years,0.0,0,ok,2022,text,Under or off vehicles & trains,18-29
By Jumping off moving trains/vehicles,Female,30 Yr and above – below 45 years,0.0,0,ok,2022,text,Under or off vehicles & trains,30-44
By Jumping off moving trains/vehicles,Female,45 Yr and above – below 60 years,0.0,0,ok,2022,text,Under or off vehicles & trains,45-59
By Jumping off moving trains/vehicles,Female,60 years & above,0.0,0,ok,2022,text,Under or off vehicles & trains,60+
By Jumping off moving trains/vehicles,Female,Total,0.0,0,ok,2022,text,Under or off vehicles & trains,all ages
By Jumping off moving trains/vehicles,Transgender,Below 14 years,0.0,0,ok,2022,text,Under or off vehicles & trains,0-14
By Jumping off moving trains/vehicles,Transgender,14 Yr and above – below 18 years,0.0,0,ok,2022,text,Under or off vehicles & trains,14-17
By Jumping off moving trains/vehicles,Transgender,18 Yr and above – below 30 years,0.0,0,ok,2022,text,Under or off vehicles & trains,18-29
By Jumping off moving trains/vehicles,Transgender,30 Yr and above – below 45 years,0.0,0,ok,2022,text,Under or off vehicles & trains,30-44
By Jumping off moving trains/vehicles,Transgender,45 Yr and above – below 60 years,0.0,0,ok,2022,text,Under or off vehicles & trains,45-59
By Jumping off moving trains/vehicles,Transgender,60 years & above,0.0,0,ok,2022,text,Under or off vehicles & trains,60+
By Jumping off moving trains/vehicles,Transgender,Total,0.0,0,ok,2022,text,Under or off vehicles & trains,all ages
By Jumping off moving trains/vehicles,Total,,2.0,2,no total,2022,text,Under or off vehicles & trains,all ages
By Coming under running vehicles/trains,Male,Below 14 years,1.0,1,ok,2022,text,Under or off vehicles & trains,0-14
By Coming under running vehicles/trains,Male,14 Yr and above – below 18 years,5.0,5,ok,2022,text,Under or off vehicles & trains,14-17
By Coming under running vehicles/trains,Male,18 Yr and above – below 30 years,46.0,46,ok,2022,text,Under or off vehicles & trains,18-29
By Coming under running vehicles/trains,Male,30 Yr and above – below 45 years,52.0,52,ok,2022,text,Under or off vehicles & trains,30-44
By Coming under running vehicles/trains,Male,45 Yr and above – below 60 years,25.0,25,ok,2022,text,Under or off vehicles & trains,45-59
By Coming under running vehicles/trains,Male,60 years & above,14.0,14,ok,2022,text,Under or off vehicles & trains,60+
By Coming under running vehicles/trains,Male,Total,143.0,143,ok,2022,text,Under or off vehicles & trains,all ages
By Coming under running vehicles/trains,Female,Below 14 years,0.0,0,ok,2022,text,Under or off vehicles & trains,0-14
By Coming under running vehicles/trains,Female,14 Yr and above – below 18 years,1.0,1,ok,2022,text,Under or off vehicles & trains,14-17
By Coming under running vehicles/trains,Female,18 Yr and above – below 30 years,9.0,9,ok,2022,text,Under or off vehicles & trains,18-29
By Coming under running vehicles/trains,Female,30 Yr and above – below 45 years,4.0,4,ok,2022,text,Under or off vehicles & trains,30-44
By Coming under running vehicles/trains,Female,45 Yr and above – below 60 years,2.0,2,ok,2022,text,Under or off vehicles & trains,45-59
By Coming under running vehicles/trains,Female,60 years & above,2.0,2,ok,2022,text,Under or off vehicles & trains,60+
By Coming under running vehicles/trains,Female,Total,18.0,18,ok,2022,text,Under or off vehicles & trains,all ages
By Coming under running vehicles/trains,Transgender,Below 14 years,0.0,0,ok,2022,text,Under or off vehicles & trains,0-14
By Coming under running vehicles/trains,Transgender,14 Yr and above – below 18 years,0.0,0,ok,2022,text,Under or off vehicles & trains,14-17
By Coming under running vehicles/trains,Transgender,18 Yr and above – below 30 years,0.0,0,ok,2022,text,Under or off vehicles & trains,18-29
By Coming under running vehicles/trains,Transgender,30 Yr and above – below 45 years,0.0,0,ok,2022,text,Under or off vehicles & trains,30-44
By Coming under running vehicles/trains,Transgender,45 Yr and above – below 60 years,0.0,0,ok,2022,text,Under or off vehicles & trains,45-59
By Coming under running vehicles/trains,Transgender,60 years & above,0.0,0,ok,2022,text,Under or off vehicles & trains,60+
By Coming under running vehicles/trains,Transgender,Total,0.0,0,ok,2022,text,Under or off vehicles & trains,all ages
By Coming under running vehicles/trains,Total,,161.0,161,no total,2022,text,Under or off vehicles & trains,all ages
By touching electric wire,Male,Below 14 years,0.0,0,ok,2022,text,Other / not known,0-14
By touching electric wire,Male,14 Yr and above – below 18 years,0.0,0,ok,2022,text,Other / not known,14-17
By touching electric wire,Male,18 Yr and above – below 30 years,1.0,1,ok,2022,text,Other / not known,18-29
By touching electric wire,Male,30 Yr and above – below 45 years,2.0,2,ok,2022,text,Other / not known,30-44
By touching electric wire,Male,45 Yr and above – below 60 years,2.0,2,ok,2022,text,Other / not known,45-59
By touching electric wire,Male,60 years & above,1.0,1,ok,2022,text,Other / not known,60+
By touching electric wire,Male,Total,6.0,6,ok,2022,text,Other / not known,all ages
By touching electric wire,Female,Below 14 years,0.0,0,ok,2022,text,Other / not known,0-14
By touching electric wire,Female,14 Yr and above – below 18 years,0.0,0,ok,2022,text,Other / not known,14-17
By touching electric wire,Female,18 Yr and above – below 30 years,0.0,0,ok,2022,text,Other / not known,18-29
By touching electric wire,Female,30 Yr and above – below 45 years,0.0,0,ok,2022,text,Other / not known,30-44
By touching electric wire,Female,45 Yr and above – below 60 years,0.0,0,ok,2022,text,Other / not known,45-59
By touching electric wire,Female,60 years & above,0.0,0,ok,2022,text,Other / not known,60+
By touching electric wire,Female,Total,0.0,0,ok,2022,text,Other / not known,all ages
By touching electric wire,Transgender,Below 14 years,0.0,0,ok,2022,text,Other / not known,0-14
By touching electric wire,Transgender,14 Yr and above – below 18 years,0.0,0,ok,2022,text,Other / not known,14-17
By touching electric wire,Transgender,18 Yr and above – below 30 years,0.0,0,ok,2022,text,Other / not known,18-29
By touching electric wire,Transgender,30 Yr and above – below 45 years,0.0,0,ok,2022,text,Other / not known,30-44
By touching electric wire,Transgender,45 Yr and above – below 60 years,0.0,0,ok,2022,text,Other / not known,45-59
By touching electric wire,Transgender,60 years & above,0.0,0,ok,2022,text,Other / not known,60+
By touching electric wire,Transgender,Total,0.0,0,ok,2022,text,Other / not known,all ages
By touching electric wire,Total,,6.0,6,no total,2022,text,Other / not known,all ages
By Other means,Male,Below 14 years,0.0,0,ok,2022,text,Other / not known,0-14
By Other means,Male,14 Yr and above – below 18 years,1.0,1,ok,2022,text,Other / not known,14-17
By Other means,Male,18 Yr and above – below 30 years,5.0,5,ok,2022,text,Other / not known,18-29
By Other means,Male,30 Yr and above – below 45 years,3.0,3,ok,2022,text,Other / not known,30-44
By Other means,Male,45 Yr and above – below 60 years,5.0,5,ok,2022,text,Other / not known,45-59
By Other means,Male,60 years & above,5.0,5,ok,2022,text,Other / not known,60+
By Other means,Male,Total,19.0,19,ok,2022,text,Other / not known,all ages
By Other means,Female,Below 14 years,0.0,0,ok,2022,text,Other / not known,0-14
By Other means,Female,14 Yr and above – below 18 years,0.0,0,ok,2022,text,Other / not known,14-17
By Other means,Female,18 Yr and above – below 30 years,7.0,7,ok,2022,text,Other / not known,18-29
By Other means,Female,30 Yr and above – below 45 years,2.0,2,ok,2022,text,Other / not known,30-44
By Other means,Female,45 Yr and above – below 60 years,2.0,2,ok,2022,text,Other / not known,45-59
By Other means,Female,60 years & above,3.0,3,ok,2022,text,Other / not known,60+
By Other means,Female,Total,14.0,14,ok,2022,text,Other / not known,all ages
By Other means,Transgender,Below 14 years,0.0,0,ok,2022,text,Other / not known,0-14
By Other means,Transgender,14 Yr and above – below 18 years,0.0,0,ok,2022,text,Other / not known,14-17
By Other means,Transgender,18 Yr and above – below 30 years,0.0,0,ok,2022,text,Other / not known,18-29
By Other means,Transgender,30 Yr and above – below 45 years,0.0,0,ok,2022,text,Other / not known,30-44
By Other means,Transgender,45 Yr and above – below 60 years,0.0,0,ok,2022,text,Other / not known,45-59
By Other means,Transgender,60 years & above,0.0,0,ok,2022,text,Other / not known,60+
By Other means,Transgender,Total,0.0,0,ok,2022,text,Other / not known,all ages
By Other means,Total,,33.0,33,no total,2022,text,Other / not known,all ages
By Consuming Sleeping Pills,Male,Below 14 years,0.0,0,ok,2023,text,Sleeping pills / drug overdose,0-14
By Consuming Sleeping Pills,Male,14 Yr and above – below 18 years,2.0,2,ok,2023,text,Sleeping pills / drug overdose,14-17
By Consuming Sleeping Pills,Male,18 Yr and above – below 30 years,7.0,7,ok,2023,text,Sleeping pills / drug overdose,18-29
By Consuming Sleeping Pills,Male,30 Yr and above – below 45 years,15.0,15,ok,2023,text,Sleeping pills / drug overdose,30-44
By Consuming Sleeping Pills,Male,45 Yr and above – below 60 years,19.0,19,ok,2023,text,Sleeping pills / drug overdose,45-59
By Consuming Sleeping Pills,Male,60 years & above,23.0,23,ok,2023,text,Sleeping pills / drug overdose,60+
By Consuming Sleeping Pills,Male,Total,66.0,66,ok,2023,text,Sleeping pills / drug overdose,all ages
By Consuming Sleeping Pills,Female,Below 14 years,0.0,0,ok,2023,text,Sleeping pills / drug overdose,0-14
By Consuming Sleeping Pills,Female,14 Yr and above – below 18 years,1.0,1,ok,2023,text,Sleeping pills / drug overdose,14-17
By Consuming Sleeping Pills,Female,18 Yr and above – below 30 years,12.0,12,ok,2023,text,Sleeping pills / drug overdose,18-29
By Consuming Sleeping Pills,Female,30 Yr and above – below 45 years,13.0,13,ok,2023,text,Sleeping pills / drug overdose,30-44
By Consuming Sleeping Pills,Female,45 Yr and above – below 60 years,18.0,18,ok,2023,text,Sleeping pills / drug overdose,45-59
By Consuming Sleeping Pills,Female,60 years & above,9.0,9,ok,2023,text,Sleeping pills / drug overdose,60+
By Consuming Sleeping Pills,Female,Total,53.0,53,ok,2023,text,Sleeping pills / drug overdose,all ages
By Consuming Sleeping Pills,Transgender,Below 14 years,0.0,0,ok,2023,text,Sleeping pills / drug overdose,0-14
By Consuming Sleeping Pills,Transgender,14 Yr and above – below 18 years,0.0,0,ok,2023,text,Sleeping pills / drug overdose,14-17
By Consuming Sleeping Pills,Transgender,18 Yr and above – below 30 years,0.0,0,ok,2023,text,Sleeping pills / drug overdose,18-29
By Consuming Sleeping Pills,Transgender,30 Yr and above – below 45 years,0.0,0,ok,2023,text,Sleeping pills / drug overdose,30-44
By Consuming Sleeping Pills,Transgender,45 Yr and above – below 60 years,0.0,0,ok,2023,text,Sleeping pills / drug overdose,45-59
By Consuming Sleeping Pills,Transgender,60 years & above,0.0,0,ok,2023,text,Sleeping pills / drug overdose,60+
By Consuming Sleeping Pills,Transgender,Total,0.0,0,ok,2023,text,Sleeping pills / drug overdose,all ages
By Consuming Sleeping Pills,Total,,119.0,119,no total,2023,text,Sleeping pills / drug overdose,all ages
By Drowning,Male,Below 14 years,3.0,3,ok,2023,text,Drowning,0-14
By Drowning,Male,14 Yr and above – below 18 years,6.0,6,ok,2023,text,Drowning,14-17
By Drowning,Male,18 Yr and above – below 30 years,46.0,46,ok,2023,text,Drowning,18-29
By Drowning,Male,30 Yr and above – below 45 years,69.0,69,ok,2023,text,Drowning,30-44
By Drowning,Male,45 Yr and above – below 60 years,39.0,39,ok,2023,text,Drowning,45-59
By Drowning,Male,60 years & above,46.0,46,ok,2023,text,Drowning,60+
By Drowning,Male,Total,209.0,209,ok,2023,text,Drowning,all ages
By Drowning,Female,Below 14 years,1.0,1,ok,2023,text,Drowning,0-14
By Drowning,Female,14 Yr and above – below 18 years,16.0,16,ok,2023,text,Drowning,14-17
By Drowning,Female,18 Yr and above – below 30 years,45.0,45,ok,2023,text,Drowning,18-29
By Drowning,Female,30 Yr and above – below 45 years,38.0,38,ok,2023,text,Drowning,30-44
By Drowning,Female,45 Yr and above – below 60 years,38.0,38,ok,2023,text,Drowning,45-59
By Drowning,Female,60 years & above,69.0,69,ok,2023,text,Drowning,60+
By Drowning,Female,Total,207.0,207,ok,2023,text,Drowning,all ages
By Drowning,Transgender,Below 14 years,0.0,0,ok,2023,text,Drowning,0-14
By Drowning,Transgender,14 Yr and above – below 18 years,0.0,0,ok,2023,text,Drowning,14-17
By Drowning,Transgender,18 Yr and above – below 30 years,0.0,0,ok,2023,text,Drowning,18-29
By Drowning,Transgender,30 Yr and above – below 45 years,0.0,0,ok,2023,text,Drowning,30-44
By Drowning,Transgender,45 Yr and above – below 60 years,0.0,0,ok,2023,text,Drowning,45-59
By Drowning,Transgender,60 years & above,0.0,0,ok,2023,text,Drowning,60+
By Drowning,Transgender,Total,0.0,0,ok,2023,text,Drowning,all ages
By Drowning,Total,,416.0,416,no total,2023,text,Drowning,all ages
By Fire/Self Immolation,Male,Below 14 years,0.0,0,ok,2023,text,Fire / self-immolation,0-14
By Fire/Self Immolation,Male,14 Yr and above – below 18 years,2.0,2,ok,2023,text,Fire / self-immolation,14-17
By Fire/Self Immolation,Male,18 Yr and above – below 30 years,54.0,54,ok,2023,text,Fire / self-immolation,18-29
By Fire/Self Immolation,Male,30 Yr and above – below 45 years,145.0,145,ok,2023,text,Fire / self-immolation,30-44
By Fire/Self Immolation,Male,45 Yr and above – below 60 years,79.0,79,ok,2023,text,Fire / self-immolation,45-59
By Fire/Self Immolation,Male,60 years & above,46.0,46,ok,2023,text,Fire / self-immolation,60+
By Fire/Self Immolation,Male,Total,326.0,326,ok,2023,text,Fire / self-immolation,all ages
By Fire/Self Immolation,Female,Below 14 years,0.0,0,ok,2023,text,Fire / self-immolation,0-14
By Fire/Self Immolation,Female,14 Yr and above – below 18 years,10.0,10,ok,2023,text,Fire / self-immolation,14-17
By Fire/Self Immolation,Female,18 Yr and above – below 30 years,92.0,92,ok,2023,text,Fire / self-immolation,18-29
By Fire/Self Immolation,Female,30 Yr and above – below 45 years,124.0,124,ok,2023,text,Fire / self-immolation,30-44
By Fire/Self Immolation,Female,45 Yr and above – below 60 years,69.0,69,ok,2023,text,Fire / self-immolation,45-59
By Fire/Self Immolation,Female,60 years & above,87.0,87,ok,2023,text,Fire / self-immolation,60+
By Fire/Self Immolation,Female,Total,382.0,382,ok,2023,text,Fire / self-immolation,all ages
By Fire/Self Immolation,Transgender,Below 14 years,0.0,0,ok,2023,text,Fire / self-immolation,0-14
By Fire/Self Immolation,Transgender,14 Yr and above – below 18 years,0.0,0,ok,2023,text,Fire / self-immolation,14-17
By Fire/Self Immolation,Transgender,18 Yr and above – below 30 years,0.0,0,ok,2023,text,Fire / self-immolation,18-29
By Fire/Self Immolation,Transgender,30 Yr and above – below 45 years,0.0,0,ok,2023,text,Fire / self-immolation,30-44
By Fire/Self Immolation,Transgender,45 Yr and above – below 60 years,0.0,0,ok,2023,text,Fire / self-immolation,45-59
By Fire/Self Immolation,Transgender,60 years & above,0.0,0,ok,2023,text,Fire / self-immolation,60+
By Fire/Self Immolation,Transgender,Total,0.0,0,ok,2023,text,Fire / self-immolation,all ages
By Fire/Self Immolation,Total,,708.0,708,no total,2023,text,Fire / self-immolation,all ages
By Firearms,Male,Below 14 years,0.0,0,ok,2023,text,Firearms,0-14
By Firearms,Male,14 Yr and above – below 18 years,0.0,0,ok,2023,text,Firearms,14-17
By Firearms,Male,18 Yr and above – below 30 years,1.0,1,ok,2023,text,Firearms,18-29
By Firearms,Male,30 Yr and above – below 45 years,2.0,2,ok,2023,text,Firearms,30-44
By Firearms,Male,45 Yr and above – below 60 years,2.0,2,ok,2023,text,Firearms,45-59
By Firearms,Male,60 years & above,1.0,1,ok,2023,text,Firearms,60+
By Firearms,Male,Total,6.0,6,ok,2023,text,Firearms,all ages
By Firearms,Female,Below 14 years,0.0,0,ok,2023,text,Firearms,0-14
By Firearms,Female,14 Yr and above – below 18 years,0.0,0,ok,2023,text,Firearms,14-17
By Firearms,Female,18 Yr and above – below 30 years,0.0,0,ok,2023,text,Firearms,18-29
By Firearms,Female,30 Yr and above – below 45 years,0.0,0,ok,2023,text,Firearms,30-44
By Firearms,Female,45 Yr and above – below 60 years,0.0,0,ok,2023,text,Firearms,45-59
By Firearms,Female,60 years & above,0.0,0,ok,2023,text,Firearms,60+
By Firearms,Female,Total,0.0,0,ok,2023,text,Firearms,all ages
By Firearms,Transgender,Below 14 years,0.0,0,ok,2023,text,Firearms,0-14
By Firearms,Transgender,14 Yr and above – below 18 years,0.0,0,ok,2023,text,Firearms,14-17
By Firearms,Transgender,18 Yr and above – below 30 years,0.0,0,ok,2023,text,Firearms,18-29
By Firearms,Transgender,30 Yr and above – below 45 years,0.0,0,ok,2023,text,Firearms,30-44
By Firearms,Transgender,45 Yr and above – below 60 years,0.0,0,ok,2023,text,Firearms,45-59
By Firearms,Transgender,60 years & above,0.0,0,ok,2023,text,Firearms,60+
By Firearms,Transgender,Total,0.0,0,ok,2023,text,Firearms,all ages
By Firearms,Total,,6.0,6,no total,2023,text,Firearms,all ages
By Hanging,Male,Below 14 years,22.0,22,ok,2023,text,Hanging,0-14
By Hanging,Male,14 Yr and above – below 18 years,230.0,230,ok,2023,text,Hanging,14-17
By Hanging,Male,18 Yr and above – below 30 years,2494.0,2494,ok,2023,text,Hanging,18-29
By Hanging,Male,30 Yr and above – below 45 years,3005.0,3005,ok,2023,text,Hanging,30-44
By Hanging,Male,45 Yr and above – below 60 years,1679.0,1679,ok,2023,text,Hanging,45-59
By Hanging,Male,60 years & above,768.0,768,ok,2023,text,Hanging,60+
By Hanging,Male,Total,8198.0,8198,ok,2023,text,Hanging,all ages
By Hanging,Female,Below 14 years,27.0,27,ok,2023,text,Hanging,0-14
By Hanging,Female,14 Yr and above – below 18 years,320.0,320,ok,2023,text,Hanging,14-17
By Hanging,Female,18 Yr and above – below 30 years,1308.0,1308,ok,2023,text,Hanging,18-29
By Hanging,Female,30 Yr and above – below 45 years,844.0,844,ok,2023,text,Hanging,30-44
By Hanging,Female,45 Yr and above – below 60 years,338.0,338,ok,2023,text,Hanging,45-59
By Hanging,Female,60 years & above,207.0,207,ok,2023,text,Hanging,60+
By Hanging,Female,Total,3044.0,3044,ok,2023,text,Hanging,all ages
By Hanging,Transgender,Below 14 years,0.0,0,ok,2023,text,Hanging,0-14
By Hanging,Transgender,14 Yr and above – below 18 years,0.0,0,ok,2023,text,Hanging,14-17
By Hanging,Transgender,18 Yr and above – below 30 years,7.0,7,ok,2023,text,Hanging,18-29
By Hanging,Transgender,30 Yr and above – below 45 years,2.0,2,ok,2023,text,Hanging,30-44
By Hanging,Transgender,45 Yr and above – below 60 years,0.0,0,ok,2023,text,Hanging,45-59
By Hanging,Transgender,60 years & above,0.0,0,ok,2023,text,Hanging,60+
By Hanging,Transgender,Total,9.0,9,ok,2023,text,Hanging,all ages
By Hanging,Total,,11251.0,11251,no total,2023,text,Hanging,all ages
By Poison,Male,Below 14 years,0.0,0,ok,2023,text,Poison: other,0-14
By Poison,Male,14 Yr and above – below 18 years,59.0,59,ok,2023,text,Poison: other,14-17
By Poison,Male,18 Yr and above – below 30 years,887.0,887,ok,2023,text,Poison: other,18-29
By Poison,Male,30 Yr and above – below 45 years,1355.0,1355,ok,2023,text,Poison: other,30-44
By Poison,Male,45 Yr and above – below 60 years,1480.0,1480,ok,2023,text,Poison: other,45-59
By Poison,Male,60 years & above,1184.0,1184,ok,2023,text,Poison: other,60+
By Poison,Male,Total,4965.0,4965,ok,2023,text,Poison: other,all ages
By Poison,Female,Below 14 years,2.0,2,ok,2023,text,Poison: other,0-14
By Poison,Female,14 Yr and above – below 18 years,111.0,111,ok,2023,text,Poison: other,14-17
By Poison,Female,18 Yr and above – below 30 years,458.0,458,ok,2023,text,Poison: other,18-29
By Poison,Female,30 Yr and above – below 45 years,417.0,417,ok,2023,text,Poison: other,30-44
By Poison,Female,45 Yr and above – below 60 years,328.0,328,ok,2023,text,Poison: other,45-59
By Poison,Female,60 years & above,332.0,332,ok,2023,text,Poison: other,60+
By Poison,Female,Total,1648.0,1648,ok,2023,text,Poison: other,all ages
By Poison,Transgender,Below 14 years,0.0,0,ok,2023,text,Poison: other,0-14
By Poison,Transgender,14 Yr and above – below 18 years,0.0,0,ok,2023,text,Poison: other,14-17
By Poison,Transgender,18 Yr and above – below 30 years,2.0,2,ok,2023,text,Poison: other,18-29
By Poison,Transgender,30 Yr and above – below 45 years,0.0,0,ok,2023,text,Poison: other,30-44
By Poison,Transgender,45 Yr and above – below 60 years,0.0,0,ok,2023,text,Poison: other,45-59
By Poison,Transgender,60 years & above,0.0,0,ok,2023,text,Poison: other,60+
By Poison,Transgender,Total,2.0,2,ok,2023,text,Poison: other,all ages
By Poison,Total,,6615.0,6615,no total,2023,text,Poison: other,all ages
By Consuming Insecticides,Male,Below 14 years,0.0,0,ok,2023,text,Poison: insecticides,0-14
By Consuming Insecticides,Male,14 Yr and above – below 18 years,13.0,13,ok,2023,text,Poison: insecticides,14-17
By Consuming Insecticides,Male,18 Yr and above – below 30 years,212.0,212,ok,2023,text,Poison: insecticides,18-29
By Consuming Insecticides,Male,30 Yr and above – below 45 years,333.0,333,ok,2023,text,Poison: insecticides,30-44
By Consuming Insecticides,Male,45 Yr and above – below 60 years,357.0,357,ok,2023,text,Poison: insecticides,45-59
By Consuming Insecticides,Male,60 years & above,288.0,288,ok,2023,text,Poison: insecticides,60+
By Consuming Insecticides,Male,Total,1203.0,1203,ok,2023,text,Poison: insecticides,all ages
By Consuming Insecticides,Female,Below 14 years,1.0,1,ok,2023,text,Poison: insecticides,0-14
By Consuming Insecticides,Female,14 Yr and above – below 18 years,16.0,16,ok,2023,text,Poison: insecticides,14-17
By Consuming Insecticides,Female,18 Yr and above – below 30 years,83.0,83,ok,2023,text,Poison: insecticides,18-29
By Consuming Insecticides,Female,30 Yr and above – below 45 years,68.0,68,ok,2023,text,Poison: insecticides,30-44
By Consuming Insecticides,Female,45 Yr and above – below 60 years,65.0,65,ok,2023,text,Poison: insecticides,45-59
By Consuming Insecticides,Female,60 years & above,57.0,57,ok,2023,text,Poison: insecticides,60+
By Consuming Insecticides,Female,Total,290.0,290,ok,2023,text,Poison: insecticides,all ages
By Consuming Insecticides,Transgender,Below 14 years,0.0,0,ok,2023,text,Poison: insecticides,0-14
By Consuming Insecticides,Transgender,14 Yr and above – below 18 years,0.0,0,ok,2023,text,Poison: insecticides,14-17
By Consuming Insecticides,Transgender,18 Yr and above – below 30 years,0.0,0,ok,2023,text,Poison: insecticides,18-29
By Consuming Insecticides,Transgender,30 Yr and above – below 45 years,0.0,0,ok,2023,text,Poison: insecticides,30-44
By Consuming Insecticides,Transgender,45 Yr and above – below 60 years,0.0,0,ok,2023,text,Poison: insecticides,45-59
By Consuming Insecticides,Transgender,60 years & above,0.0,0,ok,2023,text,Poison: insecticides,60+
By Consuming Insecticides,Transgender,Total,0.0,0,ok,2023,text,Poison: insecticides,all ages
By Consuming Insecticides,Total,,1493.0,1493,no total,2023,text,Poison: insecticides,all ages
By Consuming other Poison,Male,Below 14 years,0.0,0,ok,2023,text,Poison: other,0-14
By Consuming other Poison,Male,14 Yr and above – below 18 years,46.0,46,ok,2023,text,Poison: other,14-17
By Consuming other Poison,Male,18 Yr and above – below 30 years,675.0,675,ok,2023,text,Poison: other,18-29
By Consuming other Poison,Male,30 Yr and above – below 45 years,1022.0,1022,ok,2023,text,Poison: other,30-44
By Consuming other Poison,Male,45 Yr and above – below 60 years,1123.0,1123,ok,2023,text,Poison: other,45-59
By Consuming other Poison,Male,60 years & above,896.0,896,ok,2023,text,Poison: other,60+
By Consuming other Poison,Male,Total,3762.0,3762,ok,2023,text,Poison: other,all ages
By Consuming other Poison,Female,Below 14 years,1.0,1,ok,2023,text,Poison: other,0-14
By Consuming other Poison,Female,14 Yr and above – below 18 years,95.0,95,ok,2023,text,Poison: other,14-17
By Consuming other Poison,Female,18 Yr and above – below 30 years,375.0,375,ok,2023,text,Poison: other,18-29
By Consuming other Poison,Female,30 Yr and above – below 45 years,349.0,349,ok,2023,text,Poison: other,30-44
By Consuming other Poison,Female,45 Yr and above – below 60 years,263.0,263,ok,2023,text,Poison: other,45-59
By Consuming other Poison,Female,60 years & above,275.0,275,ok,2023,text,Poison: other,60+
By Consuming other Poison,Female,Total,1358.0,1358,ok,2023,text,Poison: other,all ages
By Consuming other Poison,Transgender,Below 14 years,0.0,0,ok,2023,text,Poison: other,0-14
By Consuming other Poison,Transgender,14 Yr and above – below 18 years,0.0,0,ok,2023,text,Poison: other,14-17
By Consuming other Poison,Transgender,18 Yr and above – below 30 years,2.0,2,ok,2023,text,Poison: other,18-29
By Consuming other Poison,Transgender,30 Yr and above – below 45 years,0.0,0,ok,2023,text,Poison: other,30-44
By Consuming other Poison,Transgender,45 Yr and above – below 60 years,0.0,0,ok,2023,text,Poison: other,45-59
By Consuming other Poison,Transgender,60 years & above,0.0,0,ok,2023,text,Poison: other,60+
By Consuming other Poison,Transgender,Total,2.0,2,ok,2023,text,Poison: other,all ages
By Consuming other Poison,Total,,5122.0,5122,no total,2023,text,Poison: other,all ages
By Self inflicting Injury,Male,Below 14 years,0.0,0,ok,2023,text,Self-inflicted injury,0-14
By Self inflicting Injury,Male,14 Yr and above – below 18 years,1.0,1,ok,2023,text,Self-inflicted injury,14-17
By Self inflicting Injury,Male,18 Yr and above – below 30 years,10.0,10,ok,2023,text,Self-inflicted injury,18-29
By Self inflicting Injury,Male,30 Yr and above – below 45 years,18.0,18,ok,2023,text,Self-inflicted injury,30-44
By Self inflicting Injury,Male,45 Yr and above – below 60 years,13.0,13,ok,2023,text,Self-inflicted injury,45-59
By Self inflicting Injury,Male,60 years & above,8.0,8,ok,2023,text,Self-inflicted injury,60+
By Self inflicting Injury,Male,Total,50.0,50,ok,2023,text,Self-inflicted injury,all ages
By Self inflicting Injury,Female,Below 14 years,0.0,0,ok,2023,text,Self-inflicted injury,0-14
By Self inflicting Injury,Female,14 Yr and above – below 18 years,0.0,0,ok,2023,text,Self-inflicted injury,14-17
By Self inflicting Injury,Female,18 Yr and above – below 30 years,3.0,3,ok,2023,text,Self-inflicted injury,18-29
By Self inflicting Injury,Female,30 Yr and above – below 45 years,3.0,3,ok,2023,text,Self-inflicted injury,30-44
By Self inflicting Injury,Female,45 Yr and above – below 60 years,1.0,1,ok,2023,text,Self-inflicted injury,45-59
By Self inflicting Injury,Female,60 years & above,7.0,7,ok,2023,text,Self-inflicted injury,60+
By Self inflicting Injury,Female,Total,14.0,14,ok,2023,text,Self-inflicted injury,all ages
By Self inflicting Injury,Transgender,Below 14 years,0.0,0,ok,2023,text,Self-inflicted injury,0-14
By Self inflicting Injury,Transgender,14 Yr and above – below 18 years,0.0,0,ok,2023,text,Self-inflicted injury,14-17
By Self inflicting Injury,Transgender,18 Yr and above – below 30 years,0.0,0,ok,2023,text,Self-inflicted injury,18-29
By Self inflicting Injury,Transgender,30 Yr and above – below 45 years,0.0,0,ok,2023,text,Self-inflicted injury,30-44
By Self inflicting Injury,Transgender,45 Yr and above – below 60 years,0.0,0,ok,2023,text,Self-inflicted injury,45-59
By Self inflicting Injury,Transgender,60 years & above,0.0,0,ok,2023,text,Self-inflicted injury,60+
By Self inflicting Injury,Transgender,Total,0.0,0,ok,2023,text,Self-inflicted injury,all ages
By Self inflicting Injury,Total,,64.0,64,no total,2023,text,Self-inflicted injury,all ages
By Jumping from building,Male,Below 14 years,0.0,0,ok,2023,text,Jumping from height,0-14
By Jumping from building,Male,14 Yr and above – below 18 years,0.0,0,ok,2023,text,Jumping from height,14-17
By Jumping from building,Male,18 Yr and above – below 30 years,12.0,12,ok,2023,text,Jumping from height,18-29
By Jumping from building,Male,30 Yr and above – below 45 years,12.0,12,ok,2023,text,Jumping from height,30-44
By Jumping from building,Male,45 Yr and above – below 60 years,5.0,5,ok,2023,text,Jumping from height,45-59
By Jumping from building,Male,60 years & above,3.0,3,ok,2023,text,Jumping from height,60+
By Jumping from building,Male,Total,32.0,32,ok,2023,text,Jumping from height,all ages
By Jumping from building,Female,Below 14 years,1.0,1,ok,2023,text,Jumping from height,0-14
By Jumping from building,Female,14 Yr and above – below 18 years,2.0,2,ok,2023,text,Jumping from height,14-17
By Jumping from building,Female,18 Yr and above – below 30 years,8.0,8,ok,2023,text,Jumping from height,18-29
By Jumping from building,Female,30 Yr and above – below 45 years,6.0,6,ok,2023,text,Jumping from height,30-44
By Jumping from building,Female,45 Yr and above – below 60 years,2.0,2,ok,2023,text,Jumping from height,45-59
By Jumping from building,Female,60 years & above,3.0,3,ok,2023,text,Jumping from height,60+
By Jumping from building,Female,Total,22.0,22,ok,2023,text,Jumping from height,all ages
By Jumping from building,Transgender,Below 14 years,0.0,0,ok,2023,text,Jumping from height,0-14
By Jumping from building,Transgender,14 Yr and above – below 18 years,0.0,0,ok,2023,text,Jumping from height,14-17
By Jumping from building,Transgender,18 Yr and above – below 30 years,0.0,0,ok,2023,text,Jumping from height,18-29
By Jumping from building,Transgender,30 Yr and above – below 45 years,0.0,0,ok,2023,text,Jumping from height,30-44
By Jumping from building,Transgender,45 Yr and above – below 60 years,0.0,0,ok,2023,text,Jumping from height,45-59
By Jumping from building,Transgender,60 years & above,0.0,0,ok,2023,text,Jumping from height,60+
By Jumping from building,Transgender,Total,0.0,0,ok,2023,text,Jumping from height,all ages
By Jumping from building,Total,,54.0,54,no total,2023,text,Jumping from height,all ages
By Jumping from other sites,Male,Below 14 years,0.0,0,ok,2023,text,Jumping from height,0-14
By Jumping from other sites,Male,14 Yr and above – below 18 years,0.0,0,ok,2023,text,Jumping from height,14-17
By Jumping from other sites,Male,18 Yr and above – below 30 years,0.0,0,ok,2023,text,Jumping from height,18-29
By Jumping from other sites,Male,30 Yr and above – below 45 years,1.0,1,ok,2023,text,Jumping from height,30-44
By Jumping from other sites,Male,45 Yr and above – below 60 years,1.0,1,ok,2023,text,Jumping from height,45-59
By Jumping from other sites,Male,60 years & above,0.0,0,ok,2023,text,Jumping from height,60+
By Jumping from other sites,Male,Total,2.0,2,ok,2023,text,Jumping from height,all ages
By Jumping from other sites,Female,Below 14 years,0.0,0,ok,2023,text,Jumping from height,0-14
By Jumping from other sites,Female,14 Yr and above – below 18 years,0.0,0,ok,2023,text,Jumping from height,14-17
By Jumping from other sites,Female,18 Yr and above – below 30 years,2.0,2,ok,2023,text,Jumping from height,18-29
By Jumping from other sites,Female,30 Yr and above – below 45 years,0.0,0,ok,2023,text,Jumping from height,30-44
By Jumping from other sites,Female,45 Yr and above – below 60 years,0.0,0,ok,2023,text,Jumping from height,45-59
By Jumping from other sites,Female,60 years & above,1.0,1,ok,2023,text,Jumping from height,60+
By Jumping from other sites,Female,Total,3.0,3,ok,2023,text,Jumping from height,all ages
By Jumping from other sites,Transgender,Below 14 years,0.0,0,ok,2023,text,Jumping from height,0-14
By Jumping from other sites,Transgender,14 Yr and above – below 18 years,0.0,0,ok,2023,text,Jumping from height,14-17
By Jumping from other sites,Transgender,18 Yr and above – below 30 years,0.0,0,ok,2023,text,Jumping from height,18-29
By Jumping from other sites,Transgender,30 Yr and above – below 45 years,0.0,0,ok,2023,text,Jumping from height,30-44
By Jumping from other sites,Transgender,45 Yr and above – below 60 years,0.0,0,ok,2023,text,Jumping from height,45-59
By Jumping from other sites,Transgender,60 years & above,0.0,0,ok,2023,text,Jumping from height,60+
By Jumping from other sites,Transgender,Total,0.0,0,ok,2023,text,Jumping from height,all ages
By Jumping from other sites,Total,,5.0,5,no total,2023,text,Jumping from height,all ages
By Jumping off moving trains/vehicles,Male,Below 14 years,0.0,0,ok,2023,text,Under or off vehicles & trains,0-14
By Jumping off moving trains/vehicles,Male,14 Yr and above – below 18 years,0.0,0,ok,2023,text,Under or off vehicles & trains,14-17
By Jumping off moving trains/vehicles,Male,18 Yr and above – below 30 years,1.0,1,ok,2023,text,Under or off vehicles & trains,18-29
By Jumping off moving trains/vehicles,Male,30 Yr and above – below 45 years,2.0,2,ok,2023,text,Under or off vehicles & trains,30-44
By Jumping off moving trains/vehicles,Male,45 Yr and above – below 60 years,1.0,1,ok,2023,text,Under or off vehicles & trains,45-59
By Jumping off moving trains/vehicles,Male,60 years & above,0.0,0,ok,2023,text,Under or off vehicles & trains,60+
By Jumping off moving trains/vehicles,Male,Total,4.0,4,ok,2023,text,Under or off vehicles & trains,all ages
By Jumping off moving trains/vehicles,Female,Below 14 years,0.0,0,ok,2023,text,Under or off vehicles & trains,0-14
By Jumping off moving trains/vehicles,Female,14 Yr and above – below 18 years,0.0,0,ok,2023,text,Under or off vehicles & trains,14-17
By Jumping off moving trains/vehicles,Female,18 Yr and above – below 30 years,0.0,0,ok,2023,text,Under or off vehicles & trains,18-29
By Jumping off moving trains/vehicles,Female,30 Yr and above – below 45 years,1.0,1,ok,2023,text,Under or off vehicles & trains,30-44
By Jumping off moving trains/vehicles,Female,45 Yr and above – below 60 years,0.0,0,ok,2023,text,Under or off vehicles & trains,45-59
By Jumping off moving trains/vehicles,Female,60 years & above,0.0,0,ok,2023,text,Under or off vehicles & trains,60+
By Jumping off moving trains/vehicles,Female,Total,1.0,1,ok,2023,text,Under or off vehicles & trains,all ages
By Jumping off moving trains/vehicles,Transgender,Below 14 years,0.0,0,ok,2023,text,Under or off vehicles & trains,0-14
By Jumping off moving trains/vehicles,Transgender,14 Yr and above – below 18 years,0.0,0,ok,2023,text,Under or off vehicles & trains,14-17
By Jumping off moving trains/vehicles,Transgender,18 Yr and above – below 30 years,0.0,0,ok,2023,text,Under or off vehicles & trains,18-29
By Jumping off moving trains/vehicles,Transgender,30 Yr and above – below 45 years,0.0,0,ok,2023,text,Under or off vehicles & trains,30-44
By Jumping off moving trains/vehicles,Transgender,45 Yr and above – below 60 years,0.0,0,ok,2023,text,Under or off vehicles & trains,45-59
By Jumping off moving trains/vehicles,Transgender,60 years & above,0.0,0,ok,2023,text,Under or off vehicles & trains,60+
By Jumping off moving trains/vehicles,Transgender,Total,0.0,0,ok,2023,text,Under or off vehicles & trains,all ages
By Jumping off moving trains/vehicles,Total,,5.0,5,no total,2023,text,Under or off vehicles & trains,all ages
By Coming under running vehicles/trains,Male,Below 14 years,0.0,0,ok,2023,text,Under or off vehicles & trains,0-14
By Coming under running vehicles/trains,Male,14 Yr and above – below 18 years,6.0,6,ok,2023,text,Under or off vehicles & trains,14-17
By Coming under running vehicles/trains,Male,18 Yr and above – below 30 years,62.0,62,ok,2023,text,Under or off vehicles & trains,18-29
By Coming under running vehicles/trains,Male,30 Yr and above – below 45 years,45.0,45,ok,2023,text,Under or off vehicles & trains,30-44
By Coming under running vehicles/trains,Male,45 Yr and above – below 60 years,28.0,28,ok,2023,text,Under or off vehicles & trains,45-59
By Coming under running vehicles/trains,Male,60 years & above,30.0,30,ok,2023,text,Under or off vehicles & trains,60+
By Coming under running vehicles/trains,Male,Total,171.0,171,ok,2023,text,Under or off vehicles & trains,all ages
By Coming under running vehicles/trains,Female,Below 14 years,0.0,0,ok,2023,text,Under or off vehicles & trains,0-14
By Coming under running vehicles/trains,Female,14 Yr and above – below 18 years,4.0,4,ok,2023,text,Under or off vehicles & trains,14-17
By Coming under running vehicles/trains,Female,18 Yr and above – below 30 years,7.0,7,ok,2023,text,Under or off vehicles & trains,18-29
By Coming under running vehicles/trains,Female,30 Yr and above – below 45 years,3.0,3,ok,2023,text,Under or off vehicles & trains,30-44
By Coming under running vehicles/trains,Female,45 Yr and above – below 60 years,1.0,1,ok,2023,text,Under or off vehicles & trains,45-59
By Coming under running vehicles/trains,Female,60 years & above,3.0,3,ok,2023,text,Under or off vehicles & trains,60+
By Coming under running vehicles/trains,Female,Total,18.0,18,ok,2023,text,Under or off vehicles & trains,all ages
By Coming under running vehicles/trains,Transgender,Below 14 years,0.0,0,ok,2023,text,Under or off vehicles & trains,0-14
By Coming under running vehicles/trains,Transgender,14 Yr and above – below 18 years,0.0,0,ok,2023,text,Under or off vehicles & trains,14-17
By Coming under running vehicles/trains,Transgender,18 Yr and above – below 30 years,0.0,0,ok,2023,text,Under or off vehicles & trains,18-29
By Coming under running vehicles/trains,Transgender,30 Yr and above – below 45 years,0.0,0,ok,2023,text,Under or off vehicles & trains,30-44
By Coming under running vehicles/trains,Transgender,45 Yr and above – below 60 years,0.0,0,ok,2023,text,Under or off vehicles & trains,45-59
By Coming under running vehicles/trains,Transgender,60 years & above,0.0,0,ok,2023,text,Under or off vehicles & trains,60+
By Coming under running vehicles/trains,Transgender,Total,0.0,0,ok,2023,text,Under or off vehicles & trains,all ages
By Coming under running vehicles/trains,Total,,189.0,189,no total,2023,text,Under or off vehicles & trains,all ages
By touching electric wire,Male,Below 14 years,0.0,0,ok,2023,text,Other / not known,0-14
By touching electric wire,Male,14 Yr and above – below 18 years,0.0,0,ok,2023,text,Other / not known,14-17
By touching electric wire,Male,18 Yr and above – below 30 years,3.0,3,ok,2023,text,Other / not known,18-29
By touching electric wire,Male,30 Yr and above – below 45 years,4.0,4,ok,2023,text,Other / not known,30-44
By touching electric wire,Male,45 Yr and above – below 60 years,1.0,1,ok,2023,text,Other / not known,45-59
By touching electric wire,Male,60 years & above,0.0,0,ok,2023,text,Other / not known,60+
By touching electric wire,Male,Total,8.0,8,ok,2023,text,Other / not known,all ages
By touching electric wire,Female,Below 14 years,0.0,0,ok,2023,text,Other / not known,0-14
By touching electric wire,Female,14 Yr and above – below 18 years,0.0,0,ok,2023,text,Other / not known,14-17
By touching electric wire,Female,18 Yr and above – below 30 years,1.0,1,ok,2023,text,Other / not known,18-29
By touching electric wire,Female,30 Yr and above – below 45 years,0.0,0,ok,2023,text,Other / not known,30-44
By touching electric wire,Female,45 Yr and above – below 60 years,0.0,0,ok,2023,text,Other / not known,45-59
By touching electric wire,Female,60 years & above,0.0,0,ok,2023,text,Other / not known,60+
By touching electric wire,Female,Total,1.0,1,ok,2023,text,Other / not known,all ages
By touching electric wire,Transgender,Below 14 years,0.0,0,ok,2023,text,Other / not known,0-14
By touching electric wire,Transgender,14 Yr and above – below 18 years,0.0,0,ok,2023,text,Other / not known,14-17
By touching electric wire,Transgender,18 Yr and above – below 30 years,0.0,0,ok,2023,text,Other / not known,18-29
By touching electric wire,Transgender,30 Yr and above – below 45 years,0.0,0,ok,2023,text,Other / not known,30-44
By touching electric wire,Transgender,45 Yr and above – below 60 years,0.0,0,ok,2023,text,Other / not known,45-59
By touching electric wire,Transgender,60 years & above,0.0,0,ok,2023,text,Other / not known,60+
By touching electric wire,Transgender,Total,0.0,0,ok,2023,text,Other / not known,all ages
By touching electric wire,Total,,9.0,9,no total,2023,text,Other / not known,all ages
By Other means,Male,Below 14 years,0.0,0,ok,2023,text,Other / not known,0-14
By Other means,Male,14 Yr and above – below 18 years,2.0,2,ok,2023,text,Other / not known,14-17
By Other means,Male,18 Yr and above – below 30 years,7.0,7,ok,2023,text,Other / not known,18-29
By Other means,Male,30 Yr and above – below 45 years,10.0,10,ok,2023,text,Other / not known,30-44
By Other means,Male,45 Yr and above – below 60 years,5.0,5,ok,2023,text,Other / not known,45-59
By Other means,Male,60 years & above,7.0,7,ok,2023,text,Other / not known,60+
By Other means,Male,Total,31.0,31,ok,2023,text,Other / not known,all ages
By Other means,Female,Below 14 years,0.0,0,ok,2023,text,Other / not known,0-14
By Other means,Female,14 Yr and above – below 18 years,0.0,0,ok,2023,text,Other / not known,14-17
By Other means,Female,18 Yr and above – below 30 years,2.0,2,ok,2023,text,Other / not known,18-29
By Other means,Female,30 Yr and above – below 45 years,4.0,4,ok,2023,text,Other / not known,30-44
By Other means,Female,45 Yr and above – below 60 years,0.0,0,ok,2023,text,Other / not known,45-59
By Other means,Female,60 years & above,5.0,5,ok,2023,text,Other / not known,60+
By Other means,Female,Total,11.0,11,ok,2023,text,Other / not known,all ages
By Other means,Transgender,Below 14 years,0.0,0,ok,2023,text,Other / not known,0-14
By Other means,Transgender,14 Yr and above – below 18 years,0.0,0,ok,2023,text,Other / not known,14-17
By Other means,Transgender,18 Yr and above – below 30 years,0.0,0,ok,2023,text,Other / not known,18-29
By Other means,Transgender,30 Yr and above – below 45 years,0.0,0,ok,2023,text,Other / not known,30-44
By Other means,Transgender,45 Yr and above – below 60 years,0.0,0,ok,2023,text,Other / not known,45-59
By Other means,Transgender,60 years & above,0.0,0,ok,2023,text,Other / not known,60+
By Other means,Transgender,Total,0.0,0,ok,2023,text,Other / not known,all ages
By Other means,Total,,42.0,42,no total,2023,text,Other / not known,all ages
By Consuming Sleeping Pills,Male,Below 14 years,0.0,0,ok,2024,text,Sleeping pills / drug overdose,0-14
By Consuming Sleeping Pills,Male,14 Yr and above – below 18 years,1.0,1,ok,2024,text,Sleeping pills / drug overdose,14-17
By Consuming Sleeping Pills,Male,18 Yr and above – below 30 years,4.0,4,ok,2024,text,Sleeping pills / drug overdose,18-29
By Consuming Sleeping Pills,Male,30 Yr and above – below 45 years,14.0,14,ok,2024,text,Sleeping pills / drug overdose,30-44
By Consuming Sleeping Pills,Male,45 Yr and above – below 60 years,31.0,31,ok,2024,text,Sleeping pills / drug overdose,45-59
By Consuming Sleeping Pills,Male,60 years & above,18.0,18,ok,2024,text,Sleeping pills / drug overdose,60+
By Consuming Sleeping Pills,Male,Total,68.0,68,ok,2024,text,Sleeping pills / drug overdose,all ages
By Consuming Sleeping Pills,Female,Below 14 years,0.0,0,ok,2024,text,Sleeping pills / drug overdose,0-14
By Consuming Sleeping Pills,Female,14 Yr and above – below 18 years,2.0,2,ok,2024,text,Sleeping pills / drug overdose,14-17
By Consuming Sleeping Pills,Female,18 Yr and above – below 30 years,15.0,15,ok,2024,text,Sleeping pills / drug overdose,18-29
By Consuming Sleeping Pills,Female,30 Yr and above – below 45 years,15.0,15,ok,2024,text,Sleeping pills / drug overdose,30-44
By Consuming Sleeping Pills,Female,45 Yr and above – below 60 years,10.0,10,ok,2024,text,Sleeping pills / drug overdose,45-59
By Consuming Sleeping Pills,Female,60 years & above,15.0,15,ok,2024,text,Sleeping pills / drug overdose,60+
By Consuming Sleeping Pills,Female,Total,57.0,57,ok,2024,text,Sleeping pills / drug overdose,all ages
By Consuming Sleeping Pills,Transgender,Below 14 years,0.0,0,ok,2024,text,Sleeping pills / drug overdose,0-14
By Consuming Sleeping Pills,Transgender,14 Yr and above – below 18 years,0.0,0,ok,2024,text,Sleeping pills / drug overdose,14-17
By Consuming Sleeping Pills,Transgender,18 Yr and above – below 30 years,0.0,0,ok,2024,text,Sleeping pills / drug overdose,18-29
By Consuming Sleeping Pills,Transgender,30 Yr and above – below 45 years,0.0,0,ok,2024,text,Sleeping pills / drug overdose,30-44
By Consuming Sleeping Pills,Transgender,45 Yr and above – below 60 years,0.0,0,ok,2024,text,Sleeping pills / drug overdose,45-59
By Consuming Sleeping Pills,Transgender,60 years & above,0.0,0,ok,2024,text,Sleeping pills / drug overdose,60+
By Consuming Sleeping Pills,Transgender,Total,0.0,0,ok,2024,text,Sleeping pills / drug overdose,all ages
By Consuming Sleeping Pills,Total,,125.0,125,no total,2024,text,Sleeping pills / drug overdose,all ages
By Drowning,Male,Below 14 years,0.0,0,ok,2024,text,Drowning,0-14
By Drowning,Male,14 Yr and above – below 18 years,5.0,5,ok,2024,text,Drowning,14-17
By Drowning,Male,18 Yr and above – below 30 years,34.0,34,ok,2024,text,Drowning,18-29
By Drowning,Male,30 Yr and above – below 45 years,46.0,46,ok,2024,text,Drowning,30-44
By Drowning,Male,45 Yr and above – below 60 years,43.0,43,ok,2024,text,Drowning,45-59
By Drowning,Male,60 years & above,30.0,30,ok,2024,text,Drowning,60+
By Drowning,Male,Total,158.0,158,ok,2024,text,Drowning,all ages
By Drowning,Female,Below 14 years,1.0,1,ok,2024,text,Drowning,0-14
By Drowning,Female,14 Yr and above – below 18 years,13.0,13,ok,2024,text,Drowning,14-17
By Drowning,Female,18 Yr and above – below 30 years,25.0,25,ok,2024,text,Drowning,18-29
By Drowning,Female,30 Yr and above – below 45 years,25.0,25,ok,2024,text,Drowning,30-44
By Drowning,Female,45 Yr and above – below 60 years,31.0,31,ok,2024,text,Drowning,45-59
By Drowning,Female,60 years & above,59.0,59,ok,2024,text,Drowning,60+
By Drowning,Female,Total,154.0,154,ok,2024,text,Drowning,all ages
By Drowning,Transgender,Below 14 years,0.0,0,ok,2024,text,Drowning,0-14
By Drowning,Transgender,14 Yr and above – below 18 years,0.0,0,ok,2024,text,Drowning,14-17
By Drowning,Transgender,18 Yr and above – below 30 years,0.0,0,ok,2024,text,Drowning,18-29
By Drowning,Transgender,30 Yr and above – below 45 years,0.0,0,ok,2024,text,Drowning,30-44
By Drowning,Transgender,45 Yr and above – below 60 years,0.0,0,ok,2024,text,Drowning,45-59
By Drowning,Transgender,60 years & above,0.0,0,ok,2024,text,Drowning,60+
By Drowning,Transgender,Total,0.0,0,ok,2024,text,Drowning,all ages
By Drowning,Total,,312.0,312,no total,2024,text,Drowning,all ages
By Fire/Self Immolation,Male,Below 14 years,0.0,0,ok,2024,text,Fire / self-immolation,0-14
By Fire/Self Immolation,Male,14 Yr and above – below 18 years,4.0,4,ok,2024,text,Fire / self-immolation,14-17
By Fire/Self Immolation,Male,18 Yr and above – below 30 years,47.0,47,ok,2024,text,Fire / self-immolation,18-29
By Fire/Self Immolation,Male,30 Yr and above – below 45 years,86.0,86,ok,2024,text,Fire / self-immolation,30-44
By Fire/Self Immolation,Male,45 Yr and above – below 60 years,87.0,87,ok,2024,text,Fire / self-immolation,45-59
By Fire/Self Immolation,Male,60 years & above,31.0,31,ok,2024,text,Fire / self-immolation,60+
By Fire/Self Immolation,Male,Total,255.0,255,ok,2024,text,Fire / self-immolation,all ages
By Fire/Self Immolation,Female,Below 14 years,1.0,1,ok,2024,text,Fire / self-immolation,0-14
By Fire/Self Immolation,Female,14 Yr and above – below 18 years,10.0,10,ok,2024,text,Fire / self-immolation,14-17
By Fire/Self Immolation,Female,18 Yr and above – below 30 years,61.0,61,ok,2024,text,Fire / self-immolation,18-29
By Fire/Self Immolation,Female,30 Yr and above – below 45 years,73.0,73,ok,2024,text,Fire / self-immolation,30-44
By Fire/Self Immolation,Female,45 Yr and above – below 60 years,52.0,52,ok,2024,text,Fire / self-immolation,45-59
By Fire/Self Immolation,Female,60 years & above,53.0,53,ok,2024,text,Fire / self-immolation,60+
By Fire/Self Immolation,Female,Total,250.0,250,ok,2024,text,Fire / self-immolation,all ages
By Fire/Self Immolation,Transgender,Below 14 years,0.0,0,ok,2024,text,Fire / self-immolation,0-14
By Fire/Self Immolation,Transgender,14 Yr and above – below 18 years,0.0,0,ok,2024,text,Fire / self-immolation,14-17
By Fire/Self Immolation,Transgender,18 Yr and above – below 30 years,0.0,0,ok,2024,text,Fire / self-immolation,18-29
By Fire/Self Immolation,Transgender,30 Yr and above – below 45 years,0.0,0,ok,2024,text,Fire / self-immolation,30-44
By Fire/Self Immolation,Transgender,45 Yr and above – below 60 years,0.0,0,ok,2024,text,Fire / self-immolation,45-59
By Fire/Self Immolation,Transgender,60 years & above,0.0,0,ok,2024,text,Fire / self-immolation,60+
By Fire/Self Immolation,Transgender,Total,0.0,0,ok,2024,text,Fire / self-immolation,all ages
By Fire/Self Immolation,Total,,505.0,505,no total,2024,text,Fire / self-immolation,all ages
By Firearms,Male,Below 14 years,0.0,0,ok,2024,text,Firearms,0-14
By Firearms,Male,14 Yr and above – below 18 years,0.0,0,ok,2024,text,Firearms,14-17
By Firearms,Male,18 Yr and above – below 30 years,0.0,0,ok,2024,text,Firearms,18-29
By Firearms,Male,30 Yr and above – below 45 years,0.0,0,ok,2024,text,Firearms,30-44
By Firearms,Male,45 Yr and above – below 60 years,2.0,2,ok,2024,text,Firearms,45-59
By Firearms,Male,60 years & above,0.0,0,ok,2024,text,Firearms,60+
By Firearms,Male,Total,2.0,2,ok,2024,text,Firearms,all ages
By Firearms,Female,Below 14 years,0.0,0,ok,2024,text,Firearms,0-14
By Firearms,Female,14 Yr and above – below 18 years,0.0,0,ok,2024,text,Firearms,14-17
By Firearms,Female,18 Yr and above – below 30 years,0.0,0,ok,2024,text,Firearms,18-29
By Firearms,Female,30 Yr and above – below 45 years,0.0,0,ok,2024,text,Firearms,30-44
By Firearms,Female,45 Yr and above – below 60 years,0.0,0,ok,2024,text,Firearms,45-59
By Firearms,Female,60 years & above,0.0,0,ok,2024,text,Firearms,60+
By Firearms,Female,Total,0.0,0,ok,2024,text,Firearms,all ages
By Firearms,Transgender,Below 14 years,0.0,0,ok,2024,text,Firearms,0-14
By Firearms,Transgender,14 Yr and above – below 18 years,0.0,0,ok,2024,text,Firearms,14-17
By Firearms,Transgender,18 Yr and above – below 30 years,0.0,0,ok,2024,text,Firearms,18-29
By Firearms,Transgender,30 Yr and above – below 45 years,0.0,0,ok,2024,text,Firearms,30-44
By Firearms,Transgender,45 Yr and above – below 60 years,0.0,0,ok,2024,text,Firearms,45-59
By Firearms,Transgender,60 years & above,0.0,0,ok,2024,text,Firearms,60+
By Firearms,Transgender,Total,0.0,0,ok,2024,text,Firearms,all ages
By Firearms,Total,,2.0,2,no total,2024,text,Firearms,all ages
By Hanging,Male,Below 14 years,14.0,14,ok,2024,text,Hanging,0-14
By Hanging,Male,14 Yr and above – below 18 years,268.0,268,ok,2024,text,Hanging,14-17
By Hanging,Male,18 Yr and above – below 30 years,2702.0,2702,ok,2024,text,Hanging,18-29
By Hanging,Male,30 Yr and above – below 45 years,3317.0,3317,ok,2024,text,Hanging,30-44
By Hanging,Male,45 Yr and above – below 60 years,1848.0,1848,ok,2024,text,Hanging,45-59
By Hanging,Male,60 years & above,769.0,769,ok,2024,text,Hanging,60+
By Hanging,Male,Total,8918.0,8918,ok,2024,text,Hanging,all ages
By Hanging,Female,Below 14 years,31.0,31,ok,2024,text,Hanging,0-14
By Hanging,Female,14 Yr and above – below 18 years,333.0,333,ok,2024,text,Hanging,14-17
By Hanging,Female,18 Yr and above – below 30 years,1287.0,1287,ok,2024,text,Hanging,18-29
By Hanging,Female,30 Yr and above – below 45 years,898.0,898,ok,2024,text,Hanging,30-44
By Hanging,Female,45 Yr and above – below 60 years,378.0,378,ok,2024,text,Hanging,45-59
By Hanging,Female,60 years & above,207.0,207,ok,2024,text,Hanging,60+
By Hanging,Female,Total,3134.0,3134,ok,2024,text,Hanging,all ages
By Hanging,Transgender,Below 14 years,0.0,0,ok,2024,text,Hanging,0-14
By Hanging,Transgender,14 Yr and above – below 18 years,0.0,0,ok,2024,text,Hanging,14-17
By Hanging,Transgender,18 Yr and above – below 30 years,12.0,12,ok,2024,text,Hanging,18-29
By Hanging,Transgender,30 Yr and above – below 45 years,4.0,4,ok,2024,text,Hanging,30-44
By Hanging,Transgender,45 Yr and above – below 60 years,2.0,2,ok,2024,text,Hanging,45-59
By Hanging,Transgender,60 years & above,0.0,0,ok,2024,text,Hanging,60+
By Hanging,Transgender,Total,18.0,18,ok,2024,text,Hanging,all ages
By Hanging,Total,,12070.0,12070,no total,2024,text,Hanging,all ages
By Poison,Male,Below 14 years,4.0,4,ok,2024,text,Poison: other,0-14
By Poison,Male,14 Yr and above – below 18 years,46.0,46,ok,2024,text,Poison: other,14-17
By Poison,Male,18 Yr and above – below 30 years,829.0,829,ok,2024,text,Poison: other,18-29
By Poison,Male,30 Yr and above – below 45 years,1487.0,1487,ok,2024,text,Poison: other,30-44
By Poison,Male,45 Yr and above – below 60 years,1458.0,1458,ok,2024,text,Poison: other,45-59
By Poison,Male,60 years & above,1234.0,1234,ok,2024,text,Poison: other,60+
By Poison,Male,Total,5058.0,5058,ok,2024,text,Poison: other,all ages
By Poison,Female,Below 14 years,9.0,9,ok,2024,text,Poison: other,0-14
By Poison,Female,14 Yr and above – below 18 years,96.0,96,ok,2024,text,Poison: other,14-17
By Poison,Female,18 Yr and above – below 30 years,409.0,409,ok,2024,text,Poison: other,18-29
By Poison,Female,30 Yr and above – below 45 years,337.0,337,ok,2024,text,Poison: other,30-44
By Poison,Female,45 Yr and above – below 60 years,345.0,345,ok,2024,text,Poison: other,45-59
By Poison,Female,60 years & above,310.0,310,ok,2024,text,Poison: other,60+
By Poison,Female,Total,1506.0,1506,ok,2024,text,Poison: other,all ages
By Poison,Transgender,Below 14 years,0.0,0,ok,2024,text,Poison: other,0-14
By Poison,Transgender,14 Yr and above – below 18 years,0.0,0,ok,2024,text,Poison: other,14-17
By Poison,Transgender,18 Yr and above – below 30 years,2.0,2,ok,2024,text,Poison: other,18-29
By Poison,Transgender,30 Yr and above – below 45 years,1.0,1,ok,2024,text,Poison: other,30-44
By Poison,Transgender,45 Yr and above – below 60 years,2.0,2,ok,2024,text,Poison: other,45-59
By Poison,Transgender,60 years & above,0.0,0,ok,2024,text,Poison: other,60+
By Poison,Transgender,Total,5.0,5,ok,2024,text,Poison: other,all ages
By Poison,Total,,6569.0,6569,no total,2024,text,Poison: other,all ages
By Consuming Insecticides,Male,Below 14 years,0.0,0,ok,2024,text,Poison: insecticides,0-14
By Consuming Insecticides,Male,14 Yr and above – below 18 years,23.0,23,ok,2024,text,Poison: insecticides,14-17
By Consuming Insecticides,Male,18 Yr and above – below 30 years,427.0,427,ok,2024,text,Poison: insecticides,18-29
By Consuming Insecticides,Male,30 Yr and above – below 45 years,802.0,802,ok,2024,text,Poison: insecticides,30-44
By Consuming Insecticides,Male,45 Yr and above – below 60 years,762.0,762,ok,2024,text,Poison: insecticides,45-59
By Consuming Insecticides,Male,60 years & above,642.0,642,ok,2024,text,Poison: insecticides,60+
By Consuming Insecticides,Male,Total,2656.0,2656,ok,2024,text,Poison: insecticides,all ages
By Consuming Insecticides,Female,Below 14 years,6.0,6,ok,2024,text,Poison: insecticides,0-14
By Consuming Insecticides,Female,14 Yr and above – below 18 years,46.0,46,ok,2024,text,Poison: insecticides,14-17
By Consuming Insecticides,Female,18 Yr and above – below 30 years,185.0,185,ok,2024,text,Poison: insecticides,18-29
By Consuming Insecticides,Female,30 Yr and above – below 45 years,156.0,156,ok,2024,text,Poison: insecticides,30-44
By Consuming Insecticides,Female,45 Yr and above – below 60 years,169.0,169,ok,2024,text,Poison: insecticides,45-59
By Consuming Insecticides,Female,60 years & above,144.0,144,ok,2024,text,Poison: insecticides,60+
By Consuming Insecticides,Female,Total,706.0,706,ok,2024,text,Poison: insecticides,all ages
By Consuming Insecticides,Transgender,Below 14 years,0.0,0,ok,2024,text,Poison: insecticides,0-14
By Consuming Insecticides,Transgender,14 Yr and above – below 18 years,0.0,0,ok,2024,text,Poison: insecticides,14-17
By Consuming Insecticides,Transgender,18 Yr and above – below 30 years,1.0,1,ok,2024,text,Poison: insecticides,18-29
By Consuming Insecticides,Transgender,30 Yr and above – below 45 years,0.0,0,ok,2024,text,Poison: insecticides,30-44
By Consuming Insecticides,Transgender,45 Yr and above – below 60 years,1.0,1,ok,2024,text,Poison: insecticides,45-59
By Consuming Insecticides,Transgender,60 years & above,0.0,0,ok,2024,text,Poison: insecticides,60+
By Consuming Insecticides,Transgender,Total,2.0,2,ok,2024,text,Poison: insecticides,all ages
By Consuming Insecticides,Total,,3364.0,3364,no total,2024,text,Poison: insecticides,all ages
By Consuming other Poison,Male,Below 14 years,4.0,4,ok,2024,text,Poison: other,0-14
By Consuming other Poison,Male,14 Yr and above – below 18 years,23.0,23,ok,2024,text,Poison: other,14-17
By Consuming other Poison,Male,18 Yr and above – below 30 years,402.0,402,ok,2024,text,Poison: other,18-29
By Consuming other Poison,Male,30 Yr and above – below 45 years,685.0,685,ok,2024,text,Poison: other,30-44
By Consuming other Poison,Male,45 Yr and above – below 60 years,696.0,696,ok,2024,text,Poison: other,45-59
By Consuming other Poison,Male,60 years & above,592.0,592,ok,2024,text,Poison: other,60+
By Consuming other Poison,Male,Total,2402.0,2402,ok,2024,text,Poison: other,all ages
By Consuming other Poison,Female,Below 14 years,3.0,3,ok,2024,text,Poison: other,0-14
By Consuming other Poison,Female,14 Yr and above – below 18 years,50.0,50,ok,2024,text,Poison: other,14-17
By Consuming other Poison,Female,18 Yr and above – below 30 years,224.0,224,ok,2024,text,Poison: other,18-29
By Consuming other Poison,Female,30 Yr and above – below 45 years,181.0,181,ok,2024,text,Poison: other,30-44
By Consuming other Poison,Female,45 Yr and above – below 60 years,176.0,176,ok,2024,text,Poison: other,45-59
By Consuming other Poison,Female,60 years & above,166.0,166,ok,2024,text,Poison: other,60+
By Consuming other Poison,Female,Total,800.0,800,ok,2024,text,Poison: other,all ages
By Consuming other Poison,Transgender,Below 14 years,0.0,0,ok,2024,text,Poison: other,0-14
By Consuming other Poison,Transgender,14 Yr and above – below 18 years,0.0,0,ok,2024,text,Poison: other,14-17
By Consuming other Poison,Transgender,18 Yr and above – below 30 years,1.0,1,ok,2024,text,Poison: other,18-29
By Consuming other Poison,Transgender,30 Yr and above – below 45 years,1.0,1,ok,2024,text,Poison: other,30-44
By Consuming other Poison,Transgender,45 Yr and above – below 60 years,1.0,1,ok,2024,text,Poison: other,45-59
By Consuming other Poison,Transgender,60 years & above,0.0,0,ok,2024,text,Poison: other,60+
By Consuming other Poison,Transgender,Total,3.0,3,ok,2024,text,Poison: other,all ages
By Consuming other Poison,Total,,3205.0,3205,no total,2024,text,Poison: other,all ages
By Self inflicting Injury,Male,Below 14 years,0.0,0,ok,2024,text,Self-inflicted injury,0-14
By Self inflicting Injury,Male,14 Yr and above – below 18 years,0.0,0,ok,2024,text,Self-inflicted injury,14-17
By Self inflicting Injury,Male,18 Yr and above – below 30 years,4.0,4,ok,2024,text,Self-inflicted injury,18-29
By Self inflicting Injury,Male,30 Yr and above – below 45 years,17.0,17,ok,2024,text,Self-inflicted injury,30-44
By Self inflicting Injury,Male,45 Yr and above – below 60 years,17.0,17,ok,2024,text,Self-inflicted injury,45-59
By Self inflicting Injury,Male,60 years & above,5.0,5,ok,2024,text,Self-inflicted injury,60+
By Self inflicting Injury,Male,Total,43.0,43,ok,2024,text,Self-inflicted injury,all ages
By Self inflicting Injury,Female,Below 14 years,0.0,0,ok,2024,text,Self-inflicted injury,0-14
By Self inflicting Injury,Female,14 Yr and above – below 18 years,0.0,0,ok,2024,text,Self-inflicted injury,14-17
By Self inflicting Injury,Female,18 Yr and above – below 30 years,0.0,0,ok,2024,text,Self-inflicted injury,18-29
By Self inflicting Injury,Female,30 Yr and above – below 45 years,3.0,3,ok,2024,text,Self-inflicted injury,30-44
By Self inflicting Injury,Female,45 Yr and above – below 60 years,3.0,3,ok,2024,text,Self-inflicted injury,45-59
By Self inflicting Injury,Female,60 years & above,2.0,2,ok,2024,text,Self-inflicted injury,60+
By Self inflicting Injury,Female,Total,8.0,8,ok,2024,text,Self-inflicted injury,all ages
By Self inflicting Injury,Transgender,Below 14 years,0.0,0,ok,2024,text,Self-inflicted injury,0-14
By Self inflicting Injury,Transgender,14 Yr and above – below 18 years,0.0,0,ok,2024,text,Self-inflicted injury,14-17
By Self inflicting Injury,Transgender,18 Yr and above – below 30 years,1.0,1,ok,2024,text,Self-inflicted injury,18-29
By Self inflicting Injury,Transgender,30 Yr and above – below 45 years,0.0,0,ok,2024,text,Self-inflicted injury,30-44
By Self inflicting Injury,Transgender,45 Yr and above – below 60 years,0.0,0,ok,2024,text,Self-inflicted injury,45-59
By Self inflicting Injury,Transgender,60 years & above,0.0,0,ok,2024,text,Self-inflicted injury,60+
By Self inflicting Injury,Transgender,Total,1.0,1,ok,2024,text,Self-inflicted injury,all ages
By Self inflicting Injury,Total,,52.0,52,no total,2024,text,Self-inflicted injury,all ages
By Jumping from building,Male,Below 14 years,0.0,0,ok,2024,text,Jumping from height,0-14
By Jumping from building,Male,14 Yr and above – below 18 years,3.0,3,ok,2024,text,Jumping from height,14-17
By Jumping from building,Male,18 Yr and above – below 30 years,10.0,10,ok,2024,text,Jumping from height,18-29
By Jumping from building,Male,30 Yr and above – below 45 years,11.0,11,ok,2024,text,Jumping from height,30-44
By Jumping from building,Male,45 Yr and above – below 60 years,2.0,2,ok,2024,text,Jumping from height,45-59
By Jumping from building,Male,60 years & above,7.0,7,ok,2024,text,Jumping from height,60+
By Jumping from building,Male,Total,33.0,33,ok,2024,text,Jumping from height,all ages
By Jumping from building,Female,Below 14 years,0.0,0,ok,2024,text,Jumping from height,0-14
By Jumping from building,Female,14 Yr and above – below 18 years,2.0,2,ok,2024,text,Jumping from height,14-17
By Jumping from building,Female,18 Yr and above – below 30 years,7.0,7,ok,2024,text,Jumping from height,18-29
By Jumping from building,Female,30 Yr and above – below 45 years,3.0,3,ok,2024,text,Jumping from height,30-44
By Jumping from building,Female,45 Yr and above – below 60 years,2.0,2,ok,2024,text,Jumping from height,45-59
By Jumping from building,Female,60 years & above,2.0,2,ok,2024,text,Jumping from height,60+
By Jumping from building,Female,Total,16.0,16,ok,2024,text,Jumping from height,all ages
By Jumping from building,Transgender,Below 14 years,0.0,0,ok,2024,text,Jumping from height,0-14
By Jumping from building,Transgender,14 Yr and above – below 18 years,0.0,0,ok,2024,text,Jumping from height,14-17
By Jumping from building,Transgender,18 Yr and above – below 30 years,0.0,0,ok,2024,text,Jumping from height,18-29
By Jumping from building,Transgender,30 Yr and above – below 45 years,0.0,0,ok,2024,text,Jumping from height,30-44
By Jumping from building,Transgender,45 Yr and above – below 60 years,0.0,0,ok,2024,text,Jumping from height,45-59
By Jumping from building,Transgender,60 years & above,0.0,0,ok,2024,text,Jumping from height,60+
By Jumping from building,Transgender,Total,0.0,0,ok,2024,text,Jumping from height,all ages
By Jumping from building,Total,,49.0,49,no total,2024,text,Jumping from height,all ages
By Jumping from other sites,Male,Below 14 years,0.0,0,ok,2024,text,Jumping from height,0-14
By Jumping from other sites,Male,14 Yr and above – below 18 years,0.0,0,ok,2024,text,Jumping from height,14-17
By Jumping from other sites,Male,18 Yr and above – below 30 years,0.0,0,ok,2024,text,Jumping from height,18-29
By Jumping from other sites,Male,30 Yr and above – below 45 years,1.0,1,ok,2024,text,Jumping from height,30-44
By Jumping from other sites,Male,45 Yr and above – below 60 years,2.0,2,ok,2024,text,Jumping from height,45-59
By Jumping from other sites,Male,60 years & above,0.0,0,ok,2024,text,Jumping from height,60+
By Jumping from other sites,Male,Total,3.0,3,ok,2024,text,Jumping from height,all ages
By Jumping from other sites,Female,Below 14 years,0.0,0,ok,2024,text,Jumping from height,0-14
By Jumping from other sites,Female,14 Yr and above – below 18 years,0.0,0,ok,2024,text,Jumping from height,14-17
By Jumping from other sites,Female,18 Yr and above – below 30 years,1.0,1,ok,2024,text,Jumping from height,18-29
By Jumping from other sites,Female,30 Yr and above – below 45 years,0.0,0,ok,2024,text,Jumping from height,30-44
By Jumping from other sites,Female,45 Yr and above – below 60 years,0.0,0,ok,2024,text,Jumping from height,45-59
By Jumping from other sites,Female,60 years & above,0.0,0,ok,2024,text,Jumping from height,60+
By Jumping from other sites,Female,Total,1.0,1,ok,2024,text,Jumping from height,all ages
By Jumping from other sites,Transgender,Below 14 years,0.0,0,ok,2024,text,Jumping from height,0-14
By Jumping from other sites,Transgender,14 Yr and above – below 18 years,0.0,0,ok,2024,text,Jumping from height,14-17
By Jumping from other sites,Transgender,18 Yr and above – below 30 years,0.0,0,ok,2024,text,Jumping from height,18-29
By Jumping from other sites,Transgender,30 Yr and above – below 45 years,0.0,0,ok,2024,text,Jumping from height,30-44
By Jumping from other sites,Transgender,45 Yr and above – below 60 years,0.0,0,ok,2024,text,Jumping from height,45-59
By Jumping from other sites,Transgender,60 years & above,0.0,0,ok,2024,text,Jumping from height,60+
By Jumping from other sites,Transgender,Total,0.0,0,ok,2024,text,Jumping from height,all ages
By Jumping from other sites,Total,,4.0,4,no total,2024,text,Jumping from height,all ages
By Jumping off moving trains/vehicles,Male,Below 14 years,0.0,0,ok,2024,text,Under or off vehicles & trains,0-14
By Jumping off moving trains/vehicles,Male,14 Yr and above – below 18 years,0.0,0,ok,2024,text,Under or off vehicles & trains,14-17
By Jumping off moving trains/vehicles,Male,18 Yr and above – below 30 years,0.0,0,ok,2024,text,Under or off vehicles & trains,18-29
By Jumping off moving trains/vehicles,Male,30 Yr and above – below 45 years,1.0,1,ok,2024,text,Under or off vehicles & trains,30-44
By Jumping off moving trains/vehicles,Male,45 Yr and above – below 60 years,0.0,0,ok,2024,text,Under or off vehicles & trains,45-59
By Jumping off moving trains/vehicles,Male,60 years & above,0.0,0,ok,2024,text,Under or off vehicles & trains,60+
By Jumping off moving trains/vehicles,Male,Total,1.0,1,ok,2024,text,Under or off vehicles & trains,all ages
By Jumping off moving trains/vehicles,Female,Below 14 years,0.0,0,ok,2024,text,Under or off vehicles & trains,0-14
By Jumping off moving trains/vehicles,Female,14 Yr and above – below 18 years,0.0,0,ok,2024,text,Under or off vehicles & trains,14-17
By Jumping off moving trains/vehicles,Female,18 Yr and above – below 30 years,0.0,0,ok,2024,text,Under or off vehicles & trains,18-29
By Jumping off moving trains/vehicles,Female,30 Yr and above – below 45 years,0.0,0,ok,2024,text,Under or off vehicles & trains,30-44
By Jumping off moving trains/vehicles,Female,45 Yr and above – below 60 years,0.0,0,ok,2024,text,Under or off vehicles & trains,45-59
By Jumping off moving trains/vehicles,Female,60 years & above,0.0,0,ok,2024,text,Under or off vehicles & trains,60+
By Jumping off moving trains/vehicles,Female,Total,0.0,0,ok,2024,text,Under or off vehicles & trains,all ages
By Jumping off moving trains/vehicles,Transgender,Below 14 years,0.0,0,ok,2024,text,Under or off vehicles & trains,0-14
By Jumping off moving trains/vehicles,Transgender,14 Yr and above – below 18 years,0.0,0,ok,2024,text,Under or off vehicles & trains,14-17
By Jumping off moving trains/vehicles,Transgender,18 Yr and above – below 30 years,0.0,0,ok,2024,text,Under or off vehicles & trains,18-29
By Jumping off moving trains/vehicles,Transgender,30 Yr and above – below 45 years,0.0,0,ok,2024,text,Under or off vehicles & trains,30-44
By Jumping off moving trains/vehicles,Transgender,45 Yr and above – below 60 years,0.0,0,ok,2024,text,Under or off vehicles & trains,45-59
By Jumping off moving trains/vehicles,Transgender,60 years & above,0.0,0,ok,2024,text,Under or off vehicles & trains,60+
By Jumping off moving trains/vehicles,Transgender,Total,0.0,0,ok,2024,text,Under or off vehicles & trains,all ages
By Jumping off moving trains/vehicles,Total,,1.0,1,no total,2024,text,Under or off vehicles & trains,all ages
By Coming under running vehicles/trains,Male,Below 14 years,0.0,0,ok,2024,text,Under or off vehicles & trains,0-14
By Coming under running vehicles/trains,Male,14 Yr and above – below 18 years,2.0,2,ok,2024,text,Under or off vehicles & trains,14-17
By Coming under running vehicles/trains,Male,18 Yr and above – below 30 years,69.0,69,ok,2024,text,Under or off vehicles & trains,18-29
By Coming under running vehicles/trains,Male,30 Yr and above – below 45 years,67.0,67,ok,2024,text,Under or off vehicles & trains,30-44
By Coming under running vehicles/trains,Male,45 Yr and above – below 60 years,31.0,31,ok,2024,text,Under or off vehicles & trains,45-59
By Coming under running vehicles/trains,Male,60 years & above,27.0,27,ok,2024,text,Under or off vehicles & trains,60+
By Coming under running vehicles/trains,Male,Total,196.0,196,ok,2024,text,Under or off vehicles & trains,all ages
By Coming under running vehicles/trains,Female,Below 14 years,0.0,0,ok,2024,text,Under or off vehicles & trains,0-14
By Coming under running vehicles/trains,Female,14 Yr and above – below 18 years,3.0,3,ok,2024,text,Under or off vehicles & trains,14-17
By Coming under running vehicles/trains,Female,18 Yr and above – below 30 years,11.0,11,ok,2024,text,Under or off vehicles & trains,18-29
By Coming under running vehicles/trains,Female,30 Yr and above – below 45 years,8.0,8,ok,2024,text,Under or off vehicles & trains,30-44
By Coming under running vehicles/trains,Female,45 Yr and above – below 60 years,5.0,5,ok,2024,text,Under or off vehicles & trains,45-59
By Coming under running vehicles/trains,Female,60 years & above,5.0,5,ok,2024,text,Under or off vehicles & trains,60+
By Coming under running vehicles/trains,Female,Total,32.0,32,ok,2024,text,Under or off vehicles & trains,all ages
By Coming under running vehicles/trains,Transgender,Below 14 years,0.0,0,ok,2024,text,Under or off vehicles & trains,0-14
By Coming under running vehicles/trains,Transgender,14 Yr and above – below 18 years,0.0,0,ok,2024,text,Under or off vehicles & trains,14-17
By Coming under running vehicles/trains,Transgender,18 Yr and above – below 30 years,0.0,0,ok,2024,text,Under or off vehicles & trains,18-29
By Coming under running vehicles/trains,Transgender,30 Yr and above – below 45 years,0.0,0,ok,2024,text,Under or off vehicles & trains,30-44
By Coming under running vehicles/trains,Transgender,45 Yr and above – below 60 years,0.0,0,ok,2024,text,Under or off vehicles & trains,45-59
By Coming under running vehicles/trains,Transgender,60 years & above,0.0,0,ok,2024,text,Under or off vehicles & trains,60+
By Coming under running vehicles/trains,Transgender,Total,0.0,0,ok,2024,text,Under or off vehicles & trains,all ages
By Coming under running vehicles/trains,Total,,228.0,228,no total,2024,text,Under or off vehicles & trains,all ages
By touching electric wire,Male,Below 14 years,0.0,0,ok,2024,text,Other / not known,0-14
By touching electric wire,Male,14 Yr and above – below 18 years,0.0,0,ok,2024,text,Other / not known,14-17
By touching electric wire,Male,18 Yr and above – below 30 years,5.0,5,ok,2024,text,Other / not known,18-29
By touching electric wire,Male,30 Yr and above – below 45 years,4.0,4,ok,2024,text,Other / not known,30-44
By touching electric wire,Male,45 Yr and above – below 60 years,5.0,5,ok,2024,text,Other / not known,45-59
By touching electric wire,Male,60 years & above,1.0,1,ok,2024,text,Other / not known,60+
By touching electric wire,Male,Total,15.0,15,ok,2024,text,Other / not known,all ages
By touching electric wire,Female,Below 14 years,0.0,0,ok,2024,text,Other / not known,0-14
By touching electric wire,Female,14 Yr and above – below 18 years,0.0,0,ok,2024,text,Other / not known,14-17
By touching electric wire,Female,18 Yr and above – below 30 years,0.0,0,ok,2024,text,Other / not known,18-29
By touching electric wire,Female,30 Yr and above – below 45 years,1.0,1,ok,2024,text,Other / not known,30-44
By touching electric wire,Female,45 Yr and above – below 60 years,0.0,0,ok,2024,text,Other / not known,45-59
By touching electric wire,Female,60 years & above,0.0,0,ok,2024,text,Other / not known,60+
By touching electric wire,Female,Total,1.0,1,ok,2024,text,Other / not known,all ages
By touching electric wire,Transgender,Below 14 years,0.0,0,ok,2024,text,Other / not known,0-14
By touching electric wire,Transgender,14 Yr and above – below 18 years,0.0,0,ok,2024,text,Other / not known,14-17
By touching electric wire,Transgender,18 Yr and above – below 30 years,0.0,0,ok,2024,text,Other / not known,18-29
By touching electric wire,Transgender,30 Yr and above – below 45 years,0.0,0,ok,2024,text,Other / not known,30-44
By touching electric wire,Transgender,45 Yr and above – below 60 years,0.0,0,ok,2024,text,Other / not known,45-59
By touching electric wire,Transgender,60 years & above,0.0,0,ok,2024,text,Other / not known,60+
By touching electric wire,Transgender,Total,0.0,0,ok,2024,text,Other / not known,all ages
By touching electric wire,Total,,16.0,16,no total,2024,text,Other / not known,all ages
By Other means,Male,Below 14 years,0.0,0,ok,2024,text,Other / not known,0-14
By Other means,Male,14 Yr and above – below 18 years,1.0,1,ok,2024,text,Other / not known,14-17
By Other means,Male,18 Yr and above – below 30 years,7.0,7,ok,2024,text,Other / not known,18-29
By Other means,Male,30 Yr and above – below 45 years,5.0,5,ok,2024,text,Other / not known,30-44
By Other means,Male,45 Yr and above – below 60 years,5.0,5,ok,2024,text,Other / not known,45-59
By Other means,Male,60 years & above,2.0,2,ok,2024,text,Other / not known,60+
By Other means,Male,Total,20.0,20,ok,2024,text,Other / not known,all ages
By Other means,Female,Below 14 years,0.0,0,ok,2024,text,Other / not known,0-14
By Other means,Female,14 Yr and above – below 18 years,1.0,1,ok,2024,text,Other / not known,14-17
By Other means,Female,18 Yr and above – below 30 years,6.0,6,ok,2024,text,Other / not known,18-29
By Other means,Female,30 Yr and above – below 45 years,1.0,1,ok,2024,text,Other / not known,30-44
By Other means,Female,45 Yr and above – below 60 years,2.0,2,ok,2024,text,Other / not known,45-59
By Other means,Female,60 years & above,2.0,2,ok,2024,text,Other / not known,60+
By Other means,Female,Total,12.0,12,ok,2024,text,Other / not known,all ages
By Other means,Transgender,Below 14 years,0.0,0,ok,2024,text,Other / not known,0-14
By Other means,Transgender,14 Yr and above – below 18 years,0.0,0,ok,2024,text,Other / not known,14-17
By Other means,Transgender,18 Yr and above – below 30 years,0.0,0,ok,2024,text,Other / not known,18-29
By Other means,Transgender,30 Yr and above – below 45 years,0.0,0,ok,2024,text,Other / not known,30-44
By Other means,Transgender,45 Yr and above – below 60 years,0.0,0,ok,2024,text,Other / not known,45-59
By Other means,Transgender,60 years & above,0.0,0,ok,2024,text,Other / not known,60+
By Other means,Transgender,Total,0.0,0,ok,2024,text,Other / not known,all ages
By Other means,Total,,32.0,32,no total,2024,text,Other / not known,all ages
