section,sl_no,Air-Crash No. of Persons Cilled Male,Air-Crash | No. of Persons Cilled | Female,- | Total,- | %share to total deaths (Col.9/268)*100,of Stiucture (House) | No.of Persons Ir jured | Female,of Stiucture (House) | No.of Persons Ir jured | Total,of Stiucture (House) | No. of Persons Cilled | Male,of Stiucture (House) | No. of Persons Cilled | Female,of Stiucture (House) | No. of Persons Cilled | Total,of Stiucture (House) | %share to total deaths (Col.16/268)*100,(Btiilding) No. of Persons Cilled | Female,(Btiilding) No. of Persons Cilled | Total,%share to total deaths (Col.23/268)*100,to total deaths (Col.30/268)* 100,of Stiucture (Bridge) | %share to total deaths (Col.37/268)*100,Collapse of Structure (Others) | No. of Cases,Collapse of Structure (Others) | No.of Persons Ir jured | Male,Collapse of Structure (Others) | No.of Persons Ir jured | Female,Collapse of Structure (Others) | No.of Persons Ir jured | Total,Collapse of Structure (Others) | No. of Persons | Male -,Collapse of Structure (Others) | No. of Persons | Female,Collapse of Structure (Others) | Total,Collapse of Structure (Others) | %share to total deaths (Col.44/268)* 100,Dreiwning (Boat Capsize) | %share to total deaths (Col.51/268)*100,No. of Cases (10001),No.of Persons Injured | Male (53),No.of Persons Injured | Female (54),Cirowning ‘Total,Other Caseis) Male,No. of Persons Killed | Female,No. of Persons Killed | Totat,%share to total deaths (Col.58/268)*100,Electrocution | No. of Cases,Electrocution | No.of Persons Injured | Male,Electrocution | No.of Persons Injured | Female,Electrocution | No.of Persons Injured | Total,Electrocution | - Male,Electrocution | No. of Persons Filled | Female,Electrocution | No. of Persons Filled | Total,Electrocution | %share to total deaths (Co!l.65/268)*100,No. of Cases Male,No.of Persons Injured | Female (75),No.of Persons Injured | Total (76),No. of Persons {Cilled | Male,No. of Persons {Cilled | Female,No. of Persons {Cilled | Total,deaths (Col.79/268)*100 - -,No. of Cases (10003),Fall (f7a73 Heigint) | Male,Fall (f7a73 Heigint) | Female,Fall (f7a73 Heigint) | Total,Fall (f7a73 Heigint) | No. it Parsons | Male,Fall (f7a73 Heigint) | No. it Parsons | Female,Fall (f7a73 Heigint) | Cilled Total,- %share to total deaths (Co!l.86/268)*100,Fall (into | No. of Cases,Fall (into | No.o! Parsons tijured | Male,Fall (into | No.o! Parsons tijured | Female,Fall (into | Total,Fall (into | No. «if Persons Cilled | Male,Fall (into | No. «if Persons Cilled | Female,Fall (into | No. «if Persons Cilled | Total,Fall (into | %share to total deaths (Col.93/268)* 100,Factory/Mact ine Accidents | No. of Cases,Factory/Mact ine Accidents | Male,Factory/Mact ine Accidents | Persons injured | Female,Factory/Mact ine Accidents | Persons injured | Total,Factory/Mact ine Accidents | No. cif Persons Cilled | Male,Factory/Mact ine Accidents | No. cif Persons Cilled | Female,Factory/Mact ine Accidents | No. cif Persons Cilled | §,Factory/Mact ine Accidents | %share to total deaths (Col.100/268)*100 Total,No. of Cases (10006),Fire (Firewo | No.o! Persons Injured | Male,Fire (Firewo | No.o! Persons Injured | Female,Fire (Firewo | Total,Fire (Firewo | No. cif Persons Cilled | Male,Fire (Firewo | No. cif Persons Cilled | Female,Fire (Firewo | No. cif Persons Cilled | Total,%share to total deaths (Col.107/268)*100,Fire | No. of Cases (2),Fire | No.o! Psrsuns nyured | (3),Fire | No.o! Psrsuns nyured | Male (109),Fire | female (190),Fire | No. Total (191),Fire | Persons Cilled Male (992),- Female (193),%share to total deaths (Col.114/268)*100 Total (114) (115),Fire (Cooking Gas ¢ ylinder/Stove Burst) | No. of Cases,Fire (Cooking Gas ¢ ylinder/Stove Burst) | No.of Persons Injured | Male,Fire (Cooking Gas ¢ ylinder/Stove Burst) | No.of Persons Injured | Female,Fire (Cooking Gas ¢ ylinder/Stove Burst) | No.of Persons Injured | Total,Fire (Cooking Gas ¢ ylinder/Stove Burst) | No. «if Persons Cilled | Male,Fire (Cooking Gas ¢ ylinder/Stove Burst) | No. «if Persons Cilled | Female,Fire (Cooking Gas ¢ ylinder/Stove Burst) | No. «if Persons Cilled | Total,Fire (Cooking Gas ¢ ylinder/Stove Burst) | %share to total deaths - (Col.121/268)*100,Other Fire Accidents | No. of Cases,Other Fire Accidents | No.o! Persons Injured | Male,Other Fire Accidents | No.o! Persons Injured | Female -,Other Fire Accidents | No.o! Persons Injured | Total,Other Fire Accidents | No. «of Persons Cilled | Male,Other Fire Accidents | No. «of Persons Cilled | Female,Other Fire Accidents | No. «of Persons Cilled | Total,Other Fire Accidents | %share to total deaths (Coi.128/268)*100,Fire-Arms | No. of Cases,Fire-Arms | No.of Persons Injured | Male,Fire-Arms | No.of Persons Injured | Female,Fire-Arms | No.of Persons Injured | Total,Fire-Arms | No. «if Persons Cilled | Male,Fire-Arms | No. «if Persons Cilled | Female,Fire-Arms | No. «if Persons Cilled | Total,Fire-Arms | %share to total deaths (Col.135/268)*100,Sudden Death (Heart Attacks) - | No. of Cases,Sudden Death (Heart Attacks) - | Male,Sudden Death (Heart Attacks) - | Persons Injured | Female,Sudden Death (Heart Attacks) - | Persons Injured | Total,Sudden Death (Heart Attacks) - | No. of Persons Cilled | Male,Sudden Death (Heart Attacks) - | No. of Persons Cilled | Female,Sudden Death (Heart Attacks) - | No. of Persons Cilled | Total,Sudden Death (Heart Attacks) - | %share to total deaths (Col.142/268)*100,No. of Cases (10019),Male (144),Sudden Death (Epi spitic Persons tijured | Female,Sudden Death (Epi spitic Persons tijured | Total,Sudden Death (Epi spitic Persons tijured | No. iit Persons Cilled | Male,No. iit Persons Cilled | Female -,No. iit Persons Cilled | Total,%share to total deaths (Col.149/268)*100,State/UT/City (2) ASSAM BIHAR GOA -,No. of Cases (3) 6 fe) fo) fo) 3 0 17 0 2.,Birth) | Sudden Death Persons injured Male Total Male (153) (151) - (154) ma?) xe) 0 9 0,Birth) | %share to total No. cf Persons Cilled deaths (Col.156/268)*100 Female Total Female (156) (157) - (152) (185) - 6- - 6 - 0! 04 on oO. Of; SoS 0. a TB OO OO! 2,No. of Cases (10024),Sudden Death | Male,Sudden Death | Persons Injured | Female,Sudden Death | Persons Injured | Total,Sudden Death | No. cif Persons Male,of Alcohol) Female,Total,%share to total deaths (Col.163/268)*100,No. of Cases (10025),Killed by’ animais | Mele,Killed by’ animais | Persons Injured | Female,Killed by’ animais | Persons Injured | Total,Killed by’ animais | No. «if Persons | Male,Killed by’ animais | No. «if Persons | Female,Killed by’ animais | Total,to total deaths (Col.170/268)*100,or quary disaster | No. of Cases,or quary disaster | Male,or quary disaster | Persons Injured | Female,or quary disaster | Persons Injured | Total,or quary disaster | No. cif Persons (illed | Male,or quary disaster | No. cif Persons (illed | Female,or quary disaster | No. cif Persons (illed | Total,or quary disaster | %share to total deaths (Col.177/268)* 100,Poisoning | No. of Cases,Poisoning | Male,Poisoning | Fersuns wyured | Female,Poisoning | Fersuns wyured | Total,Poisoning | t=: inane of Insect. stc.) No. it Frersuis Cilled | Male,Poisoning | t=: inane of Insect. stc.) No. it Frersuis Cilled | Female,Poisoning | t=: inane of Insect. stc.) No. it Frersuis Cilled | Total -,"Poisoning | %share to total deaths (Col.184/268)""100",No. of Cases (10028),Male (186),p | Female,p | Total,27 Male,Equer) Female,No. iit Persons Cilled Total,%share to total deaths (Col.191/268)*100,Forsuning | No. of Cases,Forsuning | No.o! Persons Injured | Male,Forsuning | No.o! Persons Injured | Female,Forsuning | No.o! Persons Injured | Total,Forsuning | ge of gasps etc.) No. it | Male,Forsuning | ge of gasps etc.) No. it | Female,Forsuning | Cilled ‘Total,Forsuning | %share to total deaths (Col.198/268)*100,No. of Cases (10030),(Snake: Bite/Anirnal Bite) | No.o! Persons Injured | Male,(Snake: Bite/Anirnal Bite) | No.o! Persons Injured | Female,(Snake: Bite/Anirnal Bite) | No.o! Persons Injured | Total,(Snake: Bite/Anirnal Bite) | No. «f Persons (Cilled | Male,(Snake: Bite/Anirnal Bite) | No. «f Persons (Cilled | Female,(Snake: Bite/Anirnal Bite) | No. «f Persons (Cilled | Total,%share to total deaths {Col.205/268)*100,AGCIDENTAL DEATHS & SUICIDES IN INDIA - | No. of Cases,AGCIDENTAL DEATHS & SUICIDES IN INDIA - | Poisionir g (Other) | No.o} Persons Injured | Male,AGCIDENTAL DEATHS & SUICIDES IN INDIA - | Poisionir g (Other) | No.o} Persons Injured | 1996 Female,AGCIDENTAL DEATHS & SUICIDES IN INDIA - | Poisionir g (Other) | No.o} Persons Injured | Total,AGCIDENTAL DEATHS & SUICIDES IN INDIA - | Poisionir g (Other) | No. «if Persons Cilled | Male,AGCIDENTAL DEATHS & SUICIDES IN INDIA - | Poisionir g (Other) | No. «if Persons Cilled | Female,APPENDIX-II (Continued) Total,N.C.R.B.(M.H.A.) to total deaths (Col.212/268)* 100,No. of Cases (10032),No.of Persons Injured | Male (214),No.of Persons Injured | Female (215),No.of Persons Injured | Total (216),No. «if Persons | Male,No. «if Persons | Female,No. «if Persons | Total,Yshare to total deaths (Col.219/268)*100,No. of Cases (10033),No.o} Persons tiqured | Male,No.o} Persons tiqured | Female,No.o} Persons tiqured | Total,No. cif Persons | Male,No. cif Persons | Female,No. cif Persons | Total,%share to total deaths (Col.226/268)*100,col_10034,Traffic Accidents (Iload | No.o! Persons Ir jured | Male,Traffic Accidents (Iload | No.o! Persons Ir jured | Female,Traffic Accidents (Iload | No.o! Persons Ir jured | Total,Traffic Accidents (Iload | No. of Persons Killed | Male,Traffic Accidents (Iload | No. of Persons Killed | Female,Traffic Accidents (Iload | No. of Persons Killed | Total,%share to total - Gul 100,No. of Cases (10035),Traffic Accidents (Itail-Road iAccidents) | No.o} Persons Injured | Male,Traffic Accidents (Itail-Road iAccidents) | No.o} Persons Injured | Female,Traffic Accidents (Itail-Road iAccidents) | No.o} Persons Injured | Total,Traffic Accidents (Itail-Road iAccidents) | No. «if Persons Cilled | Male,Traffic Accidents (Itail-Road iAccidents) | No. «if Persons Cilled | Female,Traffic Accidents (Itail-Road iAccidents) | No. «if Persons Cilled | Total,to total deaths (Col.240/268)*100,No. of Cases (10036),Traffic Accidents (Ottier Railway Accidents) | Male,Traffic Accidents (Ottier Railway Accidents) | Persons Injured | Female,Traffic Accidents (Ottier Railway Accidents) | Persons Injured | Total,Traffic Accidents (Ottier Railway Accidents) | No. «if Persons Cilled | Male,Traffic Accidents (Ottier Railway Accidents) | No. «if Persons Cilled | Female,Traffic Accidents (Ottier Railway Accidents) | No. «if Persons Cilled | Total,%share to total deaths (Col.247/268)*100,Other Causes | %share to total Persons Injured deaths § Male (Col.254/268)*100 Total (249) (254) (255),No. of Cases -,Causes Not Known | No.of Persons Injured | Male,Causes Not Known | No.of Persons Injured | Female,Causes Not Known | No.of Persons Injured | Total,Causes Not Known | No. Male,Causes Not Known | Persons Cilled | Female,Causes Not Known | Persons Cilled | Total,%share to total deaths (Col.261/268)*100,col_10039,Total | No.0! Persons | Male,Total | No.0! Persons | Female,Total | jured Total,Total | No. cf Persons | Male,Total | No. cf Persons | Female,Total | Total,%share to total (col.268/268)* 100
States:,1,"ANDHRA PRADESH 2, ARUNACHAL PRADESH ASSAM",1,22,14,,,,,,,4,14,-09,7,,,4a,2,16,88,10,,32,,1650,21,20,41,1191,546,1737,11.43,542,9,0,9,486,,64550,3.62,2,0,2,12,0,12,08,497,9,,9,446,56,502,3.30,47,3,,3,47,9,56,37,39,1,fe),1,35,6,41,.27,17,1,1,2,12,7,19,,27,1,,1,26,2,28,18,873,0,4,#44,177,707,884,5.82,,,,,,,,,-,Oo;,oO},0,5,,5,03,,A240,,9,112,19,18d,BB,56,0,0,fe),38,17,55,.36,,,,,110,1,0,1,110,19,129,.85,,,,,,,,,28,3,0],3,i 28,2,30,.20,,,,,,,,,16,1,0,1,15,fe),15,-10,,4 0,oO,,7,0,7,.05,,"272,.—isi2",2,4,190,88,278,1.83,387,,,,246,155,401,2.64,,,0,0,0,,,-,11,0,0,0,11,fe),11,07,18836,18358,3508,21866,5950,1244,7194,47.34,964,36,10,46,822,164,986,6.49,,8 0,,,8,,8,05,3,307,9,1,10,236,89,325,2.14,26579,18506,3568,22074,10966,4230,15196,100.00
States:,2,ARUNACHAL PRADESH 2,,,-,,,,,,,0,0,,,,,,,,,,,,3.65,11,9,,9,18,6,24,12.50,7,0,0,Omi,7,0,7,3.65,,,,,,,,15,3,,3,12,fe),12,6.25,,,,,,,,,,,,,,,,,9,is],0,0,0,,0,-,,,0,,fe),fe),,-,,fe),,,,),0,,,,,,,BB,,260,,,of,,,0,0,,,,,,,,,,,0,,,,fe),fe),-,,,,,1,0,ie),,1,fe),1,52,9,0,0,,10,1,11,5.73.,,,0,0},,fe),,,,0,0,,,,0,-,,fe) 0,0,0,,fe),ie),,,0,,,0,,,,2,,,,2,,2,1.04,2,),,,1,1,2,1.04,,fe),0,fe),fe),0,0,-,,fe),0,,0,fe),fe),,230,390,39,429,91,10,101,52.60,0,0,0,fe),0,ie),0,-,,0 10,ie),fe),0,fe),0,-,,18,(0),(0),,15,3,18,"9,38",,,,,,,,
States:,3,ASSAM,,),-,,,,,,,0,Oi},SC,,,,,,,,,,,,396,87,16,103,306,116,422,14.94,57,4,,A,82,6,58,2.05,,,,,,,,11,1,0,1,9,2,11,.39,7,2,,2,5,,5,18,2,1,0,1,0,1,1,.04,,0,0,fa],ce},0,fe),-,6,0,,0,6,,6,.21,12,fe),,,2,10,12,.42,,,,,,,,,18,0,,oO},19,2,21,74,,BO,,OO,,,8,BL,,,,,,,,,,,,,3,2,fe),2,3,fe},3,11,75,5,2,7,62,14,76,2.69,3,30,0,3,fe),fe),,,85,7,5,12,45°.,40,85,3.01,,[4] 0,0,ie),,,0,-,,0,,0,,,,-,17,,fe),,8,9,17,.60,256,0,(0),fo),157,103,260,9.20,1,0,0,0,1,0,1,.04,,,,,,,,,1146,1001,230,1231,579,135,714,25.27,25,2,fe),2,20,5,25,.88,37,0,,0,28,9,37,1.31,6.97,649,82,31,113,492,159,651,23.04,3221,1298,325,1623,2034,791,2825,100.00
States:,4,BHAR,,0,,,,,,,,,,,,,,,,,,,,,,,,,,,,,,,,,,,,,,,,,,,,,,,,,,,,,,,,,,,,,,,,,,,,,,,,,,,,,,,,,,,,,,,,,,,,,,,,,,,,,,,,,,,,,,,,,,,,,,,,,,,,,,,,,,,,,,,,,,,,,,,,,,,,,,,,,,,,,,,,,,,,,,,,,,,,,,,,,,,,,,,,,,,,,,,,,,,,,,,,,,,,,,,,,,,,,,,,,,,,,,,,,,,,,,,,,,,,,,,,,,,,,,,,,
States:,5,-,,0,-,,,,,,,,,,,,,,,,,,,,,,,,,,,,,,,,,,,,,,,,,,,,,,,,,,,,,,,,,,,,,,,,,,,,,,,,,,,,,,,,,,,,,,,,,,,,,,,,,,,,,,,,,,,,,,,,,,,,2,0,),,1,1,2,.26,,,,,,,,,,,,,,2... 0,,fe),2,fe),2,.26,,,,,,,,,,,,,,,,,,,,,,,,,,,,,,,,,,,,,,,,,,,,,,,,,,,,,,,,,,,,,,,,,,,,,,,,,,,,,,,,,,,,,,,,,,,,,,,,,,,,,,,,,
States:,6,GUJARAT 7 HARYANA 5 ° Oo. oO So eS,,),-,,,,,,,,,,,,,"67,55",,0,47,15,62,46,,825,17,5,22,657,173,830,6.11,,,,,,,,,,,,,,,,631,42,13,55,474,132,606,4.46,106,7,2,9,82,20,102,75,116,25,2,27,95,9,104,77,159,"16,",49,65,44,108,152,1.12,,,,,,,,,526,28,14,42,130,354,484,3.57,,,,,,,,,,0,Oo;,oOo,,0,,,4599,OO,,,440,48,489,838,170,9,4,13,123,42,165,1.22,24,0,0,2 8,15,1,fe),mul,14,0,14,-10,,,,2,29,18,47,35,28,2,,4 6},13,10,23,17,494,9,6,15,267,217,484,3.57,12,1,0,1,€,5,11,.08,19,2i.,{,3,17,2,19,14,135,5,5,10,90,45,135,.99,151,0,fe),0,96,55,151,,1,0,0,0,0,1,1,01,67,fe),fe),,52,15,67,4,21479,18125,4263,22388,3869,738,4607,33.93,25,12,3,15,20,6,26,19,1159,1,0,1,992,174,1166,8.59,,275,8,1,9,201,71,272,2.00,30674,18468,4438,22906,9216,4360,13576,100.00
States:,7,HARYANA PRADESH,33,312,9.38,,,,,,,,2,.06,,,,,,,6,1,7,,09,147,3,4,7,98,43,141,4.24,94,=62),,5,81,8,89,2.68,,,,,,,,24,,0,fe),22,4,26,.78,26,,0,,18,8,26,78,16,0,fe),fe),16,fe),16,48,2,9,0,fe),2,1,3,.09,13,fe),fo),,6,7,13,39,94,,0,,26,68,94,2.83,,,,,,,,,,,,,,,,,,,,,,,,,,,,,,,,,,,,,32,0,0,fe),32,ie},32,.96,,,,fe),1,fe),1,.03,6,,,om,6,fe),6,18,194,,,,127,67,194,5.83,66,0,0,oO,54,28,82,2.47,,1 0,007,0,1,0,1,.03,4,fe),,,4,fe),4,12,158,0,0,,104,,158,4.75,4,0,(0),0,0,4,4,12,4,,0,0,4,0,4,a,4067,3550,469,4019,1375,188,1563,46.99,,fe] 0,ie},fe),0,0,0,-,,0 0,,0,0,0,0,-,27 1716 3.49,126,6,1,7,102,18,120,3.61,5501,3581,480,4061,2652,674,3326,100.00
States:,8,HIMACHAL PRADESH,,0,,,,,,,,,,,,,,,,,,,,,,,,,,,,,,,,,,,4,15,1.35,,,,,,,,53,fe),,,51,7,58,5.21,2,0,0,0,2,0,2,18,3,fe},fe),fe),3,0,3,.27,,1 fe),fe),fe),1,fe),1,.09,4,,0,,3,1,4,.36,5,,0,fe),),9,9,81,,,,,,,,,,"1 Oo,",oO},0,1,,1,.09,,,,,,,,,,,,,,,,,,,,,18,fe),,fe),20,fe),20,1.80,,,,,,,,,0,,oo,0,0,fe),fe),,28,0,,,10,19,29,2.61,10,1,,1,6,4,10,.90,,1 4,0,4,2,,2,18,1,fe),,,1,(e),1,.09,,,,,,,,,,,,,,,,,1,0,0,,1,,1,"09,",,,,,,,,,0,,ie},fe),0,0,0,,,9 ie),,,7,2,9,81,,,,,,,,,,,,,,,,,
States:,9,JAMMU & KASHMIR,0,om,,,,,,,,,,,,,,,,,,,,,,41,fo),,0,36,21,57,5.18,,,,,,,,,,,,,,,,65,fo),fe),0,58,9,67,6.09,2,1,,4,fe),1,1,09,,,,,,,,,0,ie),fe},0,0,,fe),-,1,1,fe),1,,fo),fe),-,1,),,,0,1,1,.09,,8 1,,,ttt,1,2,18,,,,,,,,,4,,,,OF,,aa,00,,,,,,,,,1,,1 1 0,09,3,0,fo),,6,fe),6,.55,,,,,,,,,1,1,fe),1,fe),,fe),-,,,,,,,,,0,0,0,fe),0,fe],,-,,0,0,0,0,0,,-,4,2,,2,1,1,2,18,3,0,,0,3,3,6,55,0,10],fe),0,,0,0,-,,,,,,,,,3335,3379,398,3777,502,91,593,63.91,,0,0,fe),,0,ie},-,1,0 0,0,,fe],fe),ie],-,20 61 5.55,3,fe),,0,3,1,4,.36,3834,3742,459,4201,910,190,1100,100.00
States:,10,KARNATAKA,,0,-,,,,,,,,7,06,,-,58,5,Oo.,5,47,"13,","60,",56,,1294,15,4,19,807,521,1328,12.31,187,4,At,5,142,50,192,1.78,1,0,1,10,9,,190,239,10,fe),10,209,29,238,2.21,20,0,),),15,5,20,19,,,,,,,,,4,1,fo],1,4,fe),4,.04,44,6,9,15,21,15,36,.33,202,5,4,9,26,179,205,1.90,862,10,6,16,250,607,857,——sd7«94,,,,0,2,+ 0,2,.02,,,,,140,0 28,68,1,44,1,,1,40,3,43,40,2,0,"1 1 Oo,",tf .01,187,1,fe),1,179,7,186,1.72,38,fe),,,29,9,38,.35,6,1,fo),1,6,,6,.06,,,,,,,,,27,0,0,fe),20,8,28,.26,,,,,,,,,276,6,2,8,201,69,270,2.50,721,22,11,33,505,201,706,6.54,1,0,fe),0,1,ie],1,01,5,0,0,0,5,,OB,08,20930,29320,5723,35043,4078,787,4865,45.10,,fe) fe},0,fe],0,Oo,0,-,85,"13,",,13,9,1,10,09,,1005,42,19,61,801,366,1167,10.82,26726,29472,5784,35256,7782,3005,10787,"100,00"
States:,11,KERALA -,,0,,,,,,,,,,,,,,,,,,,,,,1002,2,),2,728,291,1019,17.33,89,,"oO,",0,83,9,92,1.56,,,,,,,,298,3,,3,285,17,302,5.14,19,,0,,12,9,21,36,14,,4,6,11,3,14,.24,17,1,,1,19,rf,26,44,3,1,0,1,2,,2,.03,20,,2,2,4,14,18,31,259,2,,2000 4,76,184,257,487,,5,Oo. oO},,,2'.. 3,5,.09,299,,,,270,88,08,88,17,0,,0,12,5,17,.29,12,0,,12 12 .20,42,fo),,0,42,fe),42,71,16,fe),fe),fe),15,1,16,27,13,,,,9,4,13,.22,19,0,0,),8,11,19,.32,7,fe},0,0,7,0,7,,,1 0,,0,3,0,3,.05,29,,,,18,12,30,51,111,1,2,3,82,31,113,1.92,,10,fe],0,0,0,fe),-,,,,,,,,,35731,37094,14686,51780,2210,570,2780,47.29.,20,),),,14,6,20,34,185,1,,1,138,47,185,3.15,64 2810 48,196,15,2,17,135,44,179,3.04,38783,37152,14719,51871,4482,1397,5879,100.00
States:,12,MADHYA PRADESH -,,fe),-,,,,,,,9,41,16,,-,,,,,,,,,,4173,99,43,142,2494,1618,4112,15.98,"909,","11,",#7},18,698,206,904,3.51,,,,,,,,528,22,8,30,420,85,505,1.96,104,2,1,3,87,16,103,.40,114,24,2,26,77,11,88,.34,109,37,17,54,25,40,65,.25,27,4,,4,18,5,23,.09,293,18,49,67,90,275,365,1.42,-,226365,76/,141,585,1606,2191,851,,,,,,,,,463,17,1,18,340,"103,",44300,,210,1,1,2,155,53,208,81,118,0,0 ie),118 118 AB,429,5,fe),5,424,38,462,1.80,108,11,7,18,67,23,90,35,149,,1,1,86,63,149,58,1889,33,28,61,1115,729,1844,7.17,25,2,1,3,21,1,22,.09,19,0,0,oO,13,6,19,.07,1833,41,24,65,1083,774,1857,7.22,634,98,48,146,324,164,488,1.90,48,5,2,7,28,13,41,16,88,2,fe),2,71,23,945,87,23260,17494,4526,22020,4030,908,4938,19.19,110,3,0,3,90,21,111,43,1159,99,34,133,866,160,1026,3.99,10 04,4963,117,78,195,3681,1183,4864,18.90,44633,18242,4973,23215,17294,8442,25736,100.00
States:,13,", MAHARASHTRA",0,0,,,,,,,,,"22,837",08,,7,,,,,,,,,,4983,50,21,71,3180,1892,5072,11.23,707,Ss 18,7,20,531,168,699,1.55,,,,,,,,887,176,71,247,596,144,740,1.64,270,76,34,110,169,32,201,44,134,60,fe),60,74,7,81,18,12,11,5,16,3,1,4,01,94,5,1,6,78,11,89,.20,2698,64,223,287,503,2048,2551,5.65,,2416,273,,«389.1219,3257,44760,9.91,,BO,,,By,1,6,01,,,,,,,,,1021,140,61,201,649,243,892,1.97,206,0,,198 198 44,931,82,0,82,842,19,861,1.91,134,7,5,12,93,36,129,.29,53,5,35,8,38,16,54,12,2793,241,308,£49,1407,886,2293,5.08,33,,,0,29,4,33,.07,64,21,VW,32,27,17,44,.10,1051,30,3,33,638,386,1024,2.27,506,8,0,8,322,188,510,1.13,51,36,9,45,5,1,6,-01,248,22,11,33,159,77,236,,34426,24705,4235,~=28940,,+=7283-—Ss«1429,8712,19.29,42,8,0,8,37,8,45,.10,7459,3173,501,3674,3264,530,3794,8.40,1791 7504 16.61,2653,26,35,61,1792,596,2388,5.29,76135,29244,5924,35168,30630,14539,45169,100.00
States:,14,MANIPUR MEGHALAYA,0,0,,,,,,,,,,,,7,,,,,,,,,,,,fe),(0),8,,8,4.91,,,,,,,,,,,,,,,,2,,,0,2,fo),2,1.23,,,,,,,,,0,0,fe),fe),0,,fe),-,,ie},0,[9],0,0,fe),-,1,,,,1,0,1,61,,,o_o},0,0,,0,-,2,,,,"Oo,",,Of,,,,,,,,,,,,,,3,,OB,788,,,0,fe),0,,,,,,,,,,,,,,,,,0,fe),,(0),,,-,-,0 0,Oo;,0,,ce),0,-,,0,0,,,,0,-,,ie} 0,0,0,0,0,fe),-,,,,,,,,,,0,0,(0),,0,fe),-,1,),,0,1,,1,61,0,0,0,fe],0,fe],fe),-,-,fe),,,fe),,,,399,405,173,578,85,14,99,60.74,,0,0,0,ie},0,0,-,,,,,,,,,,14,fe),,Oo; oO,14,0,14,8.59,,473,179,652,148,15,163,100.00
States:,15,"MEGHALAYA Oo, (a) ) oO -",0,0,-,,,,,,,0,0,,,,,,,,,,,,,12,0,,0,10,2,12,7.32,,,,,,,,,,,,,,,,1,0,"O,",Oo],1,0,1,61,2,0,,,2,,2,1.22,1,0,fe),fe),1,fe),1,61,,),,om,,,0,-,,,,,,,,,5,2],2},4,3,2,5,3.05,,OO,,,,,,383,,,,,,,,,,,,,,,,,,,,,,,,-,,,,,,,,,,,,,3,fe),,fe),3,fe),3,1.83,0,oO,0,0,fe),),fe),-,,,,0,,,0,-,0,0,0,0],0,t0),fe),-,0,0,,,0,oO,0,,,,,,,,,,,0,0,fe),,fe),,,0,0,0,(e),0,0,0,-,,,,,,,,,107,149,,38,187.—s—«‘’,13,89,54.27,0,,0,,),,,-,,0 0,,0,,0,0,-,88,3,,,,3,1,4,2.44,,,,,,,,
States:,,16; MIZORAM,0,oO,,,,,,,,,,,,,,,,,,,,,,,,,,,,,,,,,,,,,,,,,,,,,,,,,,,,,,,,,,,,,,,,,,,,,,,,,,,,,,,,,,,,,,,,,,,,,,,,,,,,,,,,,,,,,,,,,,,,,,,,,,,,,,,,,,,,,,,,,,,,,,,,,,,,,,,,,,,,,,,,,,,,,,,,,,,,,,,,,,,,,,,,,,,,,,,,,,,,,,,,,,,,,,,,,,,,,,,,,,,,,,,,,,,,,,,,,,,,,,,,,,,,,,,,,
States:,17,0,0,0,-,,,,,,,,,,,,,,,,,,,,,,,,,,,,,,,,,,,,,,,,,,,,,,,,,,,,,,,,,,,,,,,,,,,,,,,,,,,,,,,,,,,,,,,,,,,,,,,,,,,,,,,,,,,,,,,,,,,,,,,,,,,,,,,,,,,,,,,,,,,,,,,,,,,,,,,,,,,,,,,,,,,,,,,,,,,,,,,,,,,,,,,,,,,,,,,,,,,,,,,,,,,,,,,,,,,,,,,,,,,,,,,,,,,,,,,,,,,,,,,,,,,,,,,,
States:,18,ORISSA 9,0,0,-,,,,,,,0,3,06,,04,12,,,,088,,8 2,"223,",,557,,,,343,218,561,10.76,102,0,0,,86,18,104,1.99,,0,,2,8],10,-19,244,,fe),0,209,35,244,4.68,13,1,fe),1,12,7,19,.36,27,4,,4,27,2,29,56,8,0,,Oo. oO,4,4,8,15,25,,,,18,7,25,48,33,,2). 1,3,3,34,37,71,199,1,0,1,8700,,1120199 0,882,-,6,1 0,i;,4,1,5,107,,,,,,,,,50,0,0,0,37,13,50,96,,,,,35,0,fe},,33,2,35,.67,41,,te),fe),26,15,41,.79,,,,,,,,,56,0,,0,30,27,57,1.09,13,2,1,3,16,fe),16,31,,0,,0},,Oo,oO,-,312,,,fo),187,127,314,6.02,331,,fe),,150,181,331,6.35,,,0,0,om,,0,,46,0,0,0,25,20,46,BB,5429,5102,1448,6550,1356,337,1693,32.46,58,1,fe),1,46,11,57,1.09,301,0,0,0,247,54,301,5.77,110 8 7.02,467,2,4,6,321,194,515,9.88,8901,5125,1459,6584,3628,1587,5215,100.00
States:,19,Oo,,0,-,,,,,,,,,,,,,,,,,,,,,,,,,,,,,,,,,,,,,,,,,,,,,,,,,,,,,,,,,,,,,,,,,,,,,,,,,,,,,,,,,,,,,,,,,,,,,,,,,,,,,,,,,,,,,,,,,,,,,,,,,,,,,,,,,,,,,,,,,,,,,,,,,,,,,,,,,,,,,,,,,,,,,,,,,,,,,,,,,,,,,,,,,,,,,,,,,,,,,,,,,,,,,,,,,,,,,,,,,,,,,,,,,,,,,,,,,,,,,,,,,,,,,,,,
States:,20,RAJASTHAN SIKKIM,,2,02,,,,,,,,,,08,,24,,OOOO,,,,2027,24,07,1526,3,3,6,1008,560,1568,14.16,254,Oo:,oO},0,230,37,267,2.41,0,,0,13,33,46,42,275,,fe),,214,61,275,2.48,30,),,,27,3,30,.27-,46,0,fe),ie),40,6,46,42,,,,,,,,,,,,,,,,,167,3,2,5,34,133,167,1.51,755,16,18,,34291,522,813,7.34,,,,,,,,,,,,,,,,,104,),0,,85,19,104,94,22,0,0 0,22 220 20,88,0,0,0,87,1,88,.79,35,2,fe),2,26,9,35,32,84,5,1,6,79,14,93,.84,586,,Oo,,372,217,589,5.32,43,,0,,32,11,43,.39,,,Oo;,0,6,0,6,05,45,,fe),fe),35,10,45,41,220,,,,157,63,220,"1,99",0,,,0,0,oO,0,,40,0,),0,34,Poo,AV,87,16434,13776,2926,16762,3535,725,4260,38.46,26,4,1,5,22,4,26,.23,133,0,(0),0,119,14,133,1.20,,461,1,9,20,359,124,483,4.36,23170,14073,3005,17078,8063,3013,11076,100.00
States:,,"21, SIKKIM",0,0,-,,,,,,,,,,,,,,,,,,,,,,,,,,,,,,,,,,,,,,,,,,,,,,,,,,,,,,,,,,,,,,,,,,,,,,,,,,,,,,,,,,,,,,,,,,,,,,,,,,,,,,,,,,,,,,,,,,,,,,,,,,,,,0,,0,,,,,,,,,,,,,,,,,,,,,,,,,,,,,,,,,,,,,,,,,,,,,,,,,,,,,,,,,,,,,,,,,,,,,,,,,,,,,,,,,,,,,,,,,,,,,,,,,,,,,,,,,,,,,,,,,,,,,,,,,
States:,22,TAMIL NADU,0,0,-,,,,,,,,,,,,13,4},,4,29,8,37,-23,20,872,51,11,62,616,254,870,5.50,159,9,dA,10,122,21,143,.90,,,,,,,,250,19,5,24,205,31,236,1.49,27,1,,1,23,2,25,16,21,3,1,4,22,4,26,16,35,25,18,43,21,17,38,.24,81,3,(0),3,53,44,97,61,469,20,89,~=—«:109,97,440,537,3.39,1002,64,,90184,304,601,905,"6.72,",,1,,"7, 8","40,",72,112,71,,,,,,,,,,,,,,,,,,,,,89,9,,9,87,fe),87,-55,31,3,0,3,20,4,24,.15,,,,,,,,,674,,1,64,362,292,654,4.13,82,,1,1,40,41,81,51,,,,,,,,,410,9,2,11,246,150,396,2.50,1194,62,51,113,682,393,975,6.16,,0,0,0,,fe),fe),-,10,,0,0,6,3,9,06,,,,,,,,,189,26,2,28,120,69,189,1.19,,1 0,c,,1,,1,07,,504,52,,23.75,328,190,518,3.27,49251,19423,8192,27615,10931,4894,15825,100.00
23. TRIPURA 0 om om ),24,- UTTAR PRADESH,1,2,01,,,,,,,,,,,,,67 A,,2,,29,84,52,-70,504,29,6,35,358,136,494,3.04,310,26,8,34,264,73,337,2.08,,,,,,,,163,6,,7,129,34,163,1.00,39,5,,5,34,4,38,23,75,14,3,17,58,8,66,41,46,23,115,34,29,30,59,.36,10,3,,3,9,3,12,.07,139,7,17,24,53,108,161,.99,"692,",34,61,95,2325,651,"883,",,1229,378,62,"440,",797,97,894,,90,24,"0,",24,79,12/0,91,56,53,,1,1,43,10,53,.33,,,,,48,6,fo),6,62,1,63,.39,30,2,3,5,21,11,32,.20,2,(0),,,24,9,33,.20,438,23,,1336,272,194,466,2.87,67,9,3,12,69,18,87,54,,"44, 1,","+O,",1,27,AZ,44,.27,44,2,fe),2,28,14,42,.26,266,23,4,27,191,112,303,1.87,,fe),,ie],,10,,-,,,,,,,,,12737,7913,1423,9336,6710,1171,7881,48.53,255,77,24,101,194,25,219,1.35,1010,431,81,512,1158,251,1409,8.68,,681,287,34,321,394,175,569,3.50,20865,10136,1830,11966,12548,3692,16240,100.00
23. TRIPURA 0 om om ),,- TOTAL(States),"35,",338,17,,,,,,,65,2070,,,01,605,77,47,124,450,194,644,33,,19425,471,197,668,12909,6794,19703,10.13,4080,128,43,171,3309,804,4113,2.11,,,,,,,,,,,,,,,,842,123,42,165,619,143,762,.39,680,153,18,171,614,64,578,.30,,,,,,,,,,,,,,,,,5935,158,433,591,1234,4695,5929,3.05,15017,489,696,1185,4074,10827,14901,7.66,"1647,",582,90,642,1153,231,,13840,,,,,,,,,1881,156,68,224,1299,445,1744,90,,,,,2219,161,5,166,2061,100,2161,1.11,,,,,,,,,398,48,20,68,320,125,445,.23,8158,416,434,850,4489,3035,7524,3.87,573,23,16,39,447,178,625,.32,224,45,32,77,«136,78,214,11,4855,129,92,221,2983,1797,4780,2.46,5892,264,168,432,3424,2104,5528,2.84,109,42,13,55,39,23,62,.03,,,,,,,,,,,,,,,,,2716,296,84,380,82201,524,2725,1.40,,,,,,,,,,13831,910,352,1262,9927,3606,13533,6.96,,,,,,,,
Union Territories:,26,i,,0,-,,,,,,,,,,,,,,,,,,,,,,,,,,,,,,,,,,,,,,,,,,,,,,,,,,,,,,,,,,,,,,,,,,,,,,,,,,,,,,,,,,,,,,,,,,,,,,,,,,,,,,,,,,,,,,,,,,,,,,,,,,,,,,,,,,,,,,,,,,,,,,,,,,,,,,,,,,,,,,,,,,,,,,,,,,,,,,,,,,,,,,,,,,,,,,,,,,,,,,,,,,,,,,,,,,,,,,,,,,,,,,,,,,,,,,,,,,,,,,,,,,,,,,,,
Union Territories:,27,CHANDIGARH 28 O&NHAVELL OO OO,0,0,,,,,,,,0,,,,,,,,,,071,Oo,,,1,,0,0,1,1,2,96,4,0,0,0,2,2,4,1.92,,,,,,,,,8 0},0,Oo;,4,4,8,3.85,,0,0,,),,0,,,fe) ie},fe),0,0,0,fe),-,,,,,,,,,,,,,,,,,1,0,0,,1,,1,.48,,3],OT,,3,10,13,6.25,,4 0,0,),4,0,40,"1.92,",,,,,,<2,=),3.85,,,om,om,,,0,-,,"OOO,",,0 0,6,ie),ie),ie},6,,6,2.88,,fo),,,,fe),,-,,),,0,,0,,-,0,Oo,,0,0,,,-,,,,,,,,,,,,,,,,,,0,,,(0),,fe),-,16,,0,),11,5,16,7.69,,,,,,,,,,,,,,,,,382,323,52,375,114,14,128,61.54,,,,,,,,,,0 0,0,0,ie),fe),[9],-,6 18 8.65,,,0,),0,,,-,461,323,52,375,164,44,208,100.00
Union Territories:,28,0 & NHAVELI,,0,,,,,,,,,,,,,,,,,,,,,,,,,,,,,,,,,,,,,,,,,,,,,,,,,,,,,,,,,,,,,,,,,,,,,,,,,,,,,,,,,,,,,,,,,,,,,,,,,,,,,,,,,,,,,,,,,,,,,,,,,,,,,,,,,,,,,,,,,,,,,,,,,,,,,,,,,,,,,,,,,,,,,,,,,,,,,,,,,,,,,,,,,,,,,,,,,,,,,,,,,0,0,Oo.,8,Oo,0,Oo,,,,,,,,,,,,,,,,,,,,,,,,,,,,,,,,,,,,,,,,,,
Union Territories:,29,DAMAN & DIU,0,0,-,,,,,,,,,,,,,,Oo,"Oo,",,0,0,-,,9,,,,9,0,9,23.68,,0,0,0,,fo),fe),,,,,,,,,5,0,Oo:,On,,,,13.16,,fe) 0,,,,,te),,2,fe},0,ie},2,,2,5.26,,,,,,,,,,,,,,,,,7,0,0,0,oO,"7,",7,18.42,0,,,,0,0,,,,,,,,,,,,,,,,,,,,Oo.,,0,),,fe),,,,,,,,,,,,,,,,,,,,,,,,,,,,,,,,,,,,,,0,0,0,0,0,0,0,-,,,,,,,8,-,,,,,,,,,,,,,,,,,0,0,0,0,fe),fe),fe),-,0,,0,0,,oO,,Oe,64,79,15,94,12,3,15,39.47,,fe),,fe),,0,,-,,0 ie},0,,0,0,0,-,0 0,,,,0,,,,-,,,,,,,,
Union Territories:,30,DELHI (UT),,,-,,68,42,18,60,1.06,4,19,34,,,,BT,2,33.0,19,,4.230.,41,,94,1,,1,79,17,96,1.70,153,5,0,5,137,15,152,2.68,,,,,,,,,203,8,9,161,38,199,3.51,26,2,fo),2,21,6,27,.48,112,91,,91,31,fe),31,-55,9,,1,1,4,4,8,.14,,,,,,,,,189,26,1,27,40,166,206,3.64,434,18,3,21,176,288,,"464,581",,13 8,,8,12,om,12,.21,1399,,,,"128,",15,140,2.47,25,0,,,20,5,25,44,,,,,82,0,fe),\o,81,3,84,1.48,3,,,,3,fe),3,05,2,,,,2,,2,.04,-,8,,6,81,4d,22,2.15,1,0,0,0,1,0,1,.02,,,,,,,,,4,,,,4,fe),4,.07,41,1,,1,38,17,55,97,2,0,fe),0,2,fe),2,.04,,,,,,,,,11314,9279,1055,=10334,+ =©2067,261,2328,41.12,3,15,1,16,5,fe),5,.09,1000,78,36,114,773,113,886,15.65,39 187 3.30,453,8,0,8,381,67,448,"7.91,",,,,,,,,
Union Territories:,31,0),0,0,-,,,,,,,,,,,,,,,,,,,,,,,,,,,,,,,,,,,,,,,,,,,,,,,,,,,,,,,,,,,,,,,,,,,,,,,,,,,,,,,,,,,,,,,,,,,,,,,,,,,,,,,,,,,,,,,,,,,,,,,,,,,,,,,,,,,,,,,,,,,,,,,,,,,,,,,,,,,,,,,,,,,,,,,,,,,,,,,,,,,,,,,,,,,,,,,,,,,,,,,,,,,,,,,,,,,,,,,,,,,,,,,,,,,,,,,,,,,,,,,,,,,,,,,,
Union Territories:,32,PONDICHERRY,,0,,,,,,,,,,,,,,,,,,4,5,98,,68,0,,0,49,19,68,13.33,29,,0,fo),26,3,29,5.69,,,,,,,,25,oO.,Oo;,oO;,23,2,25,4.90,,,0,,,fe),fe),,,1 0,ie),fe),1,0,1,.20,,,,,,,,,,,,,,,,,36,fe),Oo.,,3,33,36,7.06,14,0,0,oO;,2,(13),18},2.94,,0,,,0,0,0,et,,,,,,,,,4,0,om,),3,1,4,78,,,,,108,fe),,fe},104,4,108,21.18,1,fe),0,fe),,1,1,.20,,fe),0,oO,(0),fe),,-,,0,oO.,0,,"oO,",Of,-,0,0,,fe),,0,fe),-,,,,,,,,,29,0,,,11,18,29,5.69,,,,0,,,,,,fe),(0),0,0,(0),fe},-,,,,,,,,,833,722,207,929,92,16,108,21.18,,0,0,fe},0,fe],0,,,4 0,fe),0,3,1,4,.78,,77,,,,55,15,70,13.73,1241,722,207,929,380,130,510,100.00
Union Territories:,33,-,,,-,11,45,4,- fe],4i,42,69,228,11,,2.0038,,,,,,,,,,,,,,,,,,,,,,,,,,,,,,,,,,,,,,,,,,,,,,,,,,,,,,,,,,,,,,,,,,,,,,,,,,,,,,,,,15482,507,699,1206,4258,11139,15397,7.65,,,,,,,,,5048,210,72,283,4213,887,5100,2.54,,,,,,,,,,,,,,,,,,,,,,,,-,,,,,,,,,,,,,,,,,,,,,,,,,,,,,2255,48,=©32)0~=—,80,5136,78,214,11,,,,,,,,,,,,,,,,,,,,,,,,,606,41,19,60,450,208,658,84,,,,,,,,,,,,,,,,,,,,,,,,,3417 13317 6.85,,,,,,,,,392211,225481,60313,285794,137639,56897,194536,100.00
Union Territories:,55,-,35,338,17,,,,,,,,,,,,1,om,1,1,),1,1,.26,,,,,,,,,,,,,,,,,,,,,,,,,,,,,,,,,,,,,,,,,,,,,,,,,,,,,,,,,,,,,,,,,,,,,,,,,-,,,,,,,,,,,,,,,,,,,,,,,,,,,,,,,,,,,,,,,,,,,,,,,,,,,,,,,,,,,,,,,,,,,,,,,,,,,,,,,,,,,,,,,,,,,,,,,,,,,,,,,,,,,,4,0,,oo,3,4,,7,,,,,,,,,,,,,,,,,,,,,,,,,49 235 3.55,,,,,,,,,,,,,,,,
AHMEDABAD,34,- BANGALORE,0,,-,,,,,,,0,6,28,,,,2,,,,a1,8,37,,91,22,1,23,66,20,86,4.03,23,1,0,1,20,3,23,1.08,,,,,,,,53,2,0,2,46,7,$3),2.48,5,0,,fe),4,1,5,.23,3,0,,0,2,1,3,.14,,om,0,fe),,,,-,4,),1,1,4,0,4,19,253,ti,,Os 1,72,181,253,11.86,,dB,,0,46,154,200,9.37,,25,3). 0,3,28613,13,26,"1,22",42,,Oo.,0,40,2,425,,16,1,0,1,14,2,16,75,,,,,48,1,fe},1,45,2,47,2.20,2,2,,2,1,fe),1,05,,om,08,0,fe),(0),,,,,,,,,,,0,,0,,fe),,,-,,,,,,,,,9,fe),,,8,1,9,42,175,0,om,0,134,41,175,8.20,25,om,,),15,10,25,1.17,,,,,,,,,8646,4597,1975,6572,574,149,723,—si(‘é‘éS3+«BB,0,,0,,,,,-,,0,ie),ie},,0,fe),-,,406,,4,13,240,165,405,18.98,10033,4644,1982,6626,1371,763,2134,100.00
AHMEDABAD,35,BHOPAL,0,0,,4,6,2,oO;,2,71,1,1,.36,,,,,,,,,,,,8,2,0,2,9,,9,3.20,6,,fe),,4,2,6,2.14,,,,,,,,,0},,01,2,om,2,71,,,,,,,,,3,0,,0,2,1,3,1.07,,0,fe),0,(e),(e),0,-,8,4,0,4,4,0,4,1.42,29,6,,Bor 14,2,13,15,5.34,,,,,,,,,,fe),0,0,0,0,0,-,,8 40,0,4,4,"0,",4,4.42,2,,,fe),2,0,2,71,6,0,"Oo, 90",BB 24,2,ie},ie],0,2,0,2,wal,1,0,fe),fe),1,,1,36,3,0},0,,,3,3,1.07,26,6,8,,,,,3.91,,fe),0,0,fe),,fe),-,,,,,oO;,,oO. 0,-,6,fe),,,4,2,6,2.14,,,,,,,,,,0,omy,ie],0,0,0,-,,,0,0,0,,,OO,1926,1826,127,1953,165,13,178,63.35,,,,,,,,,,0 ie),0,ie},,fe),0,-,3 3 1.07,23,17,,17,6,6,12,4.27,2088,1883,148,2031,215,66,281,100.00
AHMEDABAD,36,- BOMBAY,0,0,-,,7.20,19,6,,39,,28,48,,,,,,,,,,,,322,22,6,28,280,46,326,5.06,107,11,6,17,74,21,95,1.48,,,,,,,,543,167,66,233!),316,85,401).,6.23,163,57,24,81,82,18,100,1.55,81,58,0,58,28,1,29,45,7,7,2,9,,,0,-,41,1,fe),1,31,4,35,54,755,47,190,237,113,542,655,10.17,739,63,,211274,"165,",,613.678,10.53,,0,0,,0,0,0,,,,,,,,,,618,138,60,198,361,130,491,7.63,70,,OO,0 009,424,81,fe),81,343,8,351,5.45,11,2,2,4,8,3,11,17,,,,,,,,,764,226,"289,",516,175,98,222,4.24,,fe),,,ie),0,,-,,3 «+13,0,w3i{,2,,2,03,54,28,3,31,23,6,29,45,31,8,,8,25,10,35,"54,",49,36,9,485,3,1,4,.06,1260,2000,,92,81,36.0,117,82,,,,,,,,,0,,fe),0,,ie},0,-,,44 7,fe),7,38,6,44,.68,9 59 .92,652,12,14,26,360,151,511,7.94,11432,4372,1735,6107,4289,2150,6439,100.00
AHMEDABAD,37,CALCUTTA COIMBATORE,,,-,,,,,,,0,oO,,,,1,1,,,,"o,",2,.29,-,19,1,0,1,11,7,18,2.61,15,1,0,1,10,4,14,"2,03",,,,,,,,,17 2,0,2],12,3,18,2.17,,,,,,,,,1,,fe),fe),1,fe),1,.14,,,,,,,,,,,,,,,,,1,1 0,2,2,1,12,13,1.88,,,,,,,,,,5 3,,3,2,fe),2,29,21,,om,0,18,3,21,3.04,,,,,,,,,1,0,,1 14,,,,,,,,,1,1,fe),1,1,,1,14,,,,,,,,,24,4,7,"11,",8h,12,20,2.90,0,fe),0,,0,fe],0,,,,,,oOo;,oO.,c,-,,(0),,fe),,,fe),-,3,,,),3,1,4,58,,,,,,,,,,,,,,,,,9842,1282,211,1493,398,76,474,68.70,0,0,,0,,fe],0,-,,1 0,,0,1,,1,14,,51,1,fo),1,37,13,50,7.25,2158,1310,228,1538,529,161,690,100.00
AHMEDABAD,28,COIMBATORE,,0,-,,,,,,,,,,,,,,,,,,,,,,,,,,,,,,,,,,,,,,,,,,,,,,,,,,,,,,,,,,,,,,,,,,,,,,,,,,,,,,,,,,,,,,,,,,,,,,,,,,,,,,,,,,,,,,,,,,,,,,,,,,,,,,,,,,,,,,,,,,,,,,,,,,,,,,,,,,,,,,,,,,,,,,,,,,,,,,,,,,,,,,,,,,,,,,,,,,,,,,,,,,,,,,,,,,,,,,,,,,,,,,,,,,,,,,,,,,,,,,,,,,,,,,,,
AHMEDABAD,39,(CITY),,fe),-,,,,,,,,,,,,,,,,,,,,,,,,,,,,,,,,,,,,,,,,,,,,,,,,,,,,,,,,,,,,,,,,,,,,,,,,,,,,,,,,,,,,,,,,,,,,,,,,,,,,,,,,,,,,,,,,,,,,,,,,,,,,,,,,,,,,,,,,,,,,,,,,,,,,,,,,,,,,,,,,,,,,,,,,,,,,,,,,,,,,,,,,,,,,,,,,,,,,,,,,,,,,,,,,,,,,,,,,,,,,,,,,,,,,,,,,,,,,,,,,,12786,8550,1030,9580,3817,955,4772,100.00
AHMEDABAD,40,- HYDERABAD,,0,-,0,0,a,3,6,[ee 52,,,,,,4,200,,2,,,8,.26,,134,,Oo,fe),101,36,137,11.81,29,,0,,23,6,29,2.50,,,,,,,,66,"2,",,2,59,"7,",68,5.69,7,1,,,5,2,7,60,2,ie),0,ie),2,Oo,2,a,0,0,0,0,0,0,0,-,7,0,0,ie),7,0,7,-60,103,0,0},,16,92,108,9.31,189,,2'5,2,38,130,168,14.48,,,,,,,,,29,,,oe,29,0,29,2.50,23,,0,oi,10,13,23,1.98,,,,,17,fe],0,io},17,fe),17,1.47,,,,,,,,,,OF,Oo,8,0,0,0,-,18,,,Oo; oO,10,,"8,18","1,58",2,,ie},0,2,fe),2,47,,1,,oO},,,2},17,5,,,fe),5,fe),5,43,28,0,0,,27,12,39,3.36,0,0,0,0,,0,0,-,,,0,0,3,0,So,28,1923,1545,243,1788,315,57,372,32.07,,,,,,,,,,fe) 0,,,0,fe),,-,,97,8,0,8,78,35,113,9.74,2696,1559,245,1804,758,402,1160,100.00
AHMEDABAD,41,- INDORE,,,2,-,0,5,3,8,.87,,,,,,,,,,,,,,,48,4,,4,42,8,50,5.44,28,1,1,2,23,4,"27,",2.94,,,,,,,,,,,,,,,,12,1,,1,8,3,11,1.20,,3 fe),fe),fe),2,1,3,.33,0,0,0,0,0,0,0,-,2,fe),fe),fe),1,1,2,.22,,14,4,5,17,62,79,8.60,158,17,35,62,43,69,112,12.19,,2 0,,0,2,0,2,.22,330,,,,8,,33,3.59,8,0,(0),,7,1,8,.87,135,,OO,IB oe 1.41,30,,0,fe},30,fe),30,3.26,1,,,fe),1,,1,11,,0,,,0,0,0,-,130,13,9,22,66,42,108,11.75,1,fe),(0),fe),1,fe),1,11,,0 0,0,oOo.,,,,,20,,fe),,9,11,20,248,,,,,,,,,,,,,,,,,,,Oo,8,5,2,7,ot 18,8150,1702,(435),2137,239,50,289,31.45,6,1,ie),1,3,,5,-54,,4 ie},0,fe),3,1,4,44,3 27 2.94,27,0,,fe),22,5,27,2.94,3862,1751,490,2241,624,295,919,100.00
AHMEDABAD,42,JAIPUR,0,oO,-,,,,,,,,,-,,,0,,OO,,,"Oo,",0,,,17,,,te),13,4,17,1.93,9,fe),,0,5,4,9,1.02,,,,,,,,,"29,——i«O","Oo,",,20,,29,3.30,,0,fe),(0),,,,5,,,,,,,,,0,,0,0,,,,-,5,,fe),fe),4,1,5,.57,,3,2,5,3,16,19,2.16,,,,,,,,,,fo),0,,fe),,fe),,6,,0,0,6,fe),6,68,,,,,,,,,,,,,,,,,,,,,6,2,,2,4,2,6,.68,,,1,3,3,2,5,57,,,,,,,,,0,0,0,0,0,0,0,,,,,,,,,,2,,fe),fe),2,fe),2,.23,5,fe),0,,3,2,5,57,,,,,,,,,,,,,,,,,,,,,,,,,0,,fe),0,fe),ie),,-,,,,,,,,,67 173 19.66,152,11,,20,110,43,153,17.39,2849,1430,444,1874,583,297,880,100.00
AHMEDABAD,43,KANPUR,,,-,10,0,12,3,15 {,1.56,0,0,-,,,0,,0,,,,OO,- -,,29,0,te),,24,5,290,3.02,25,0,0,,21,5,26,2.71,,,,,,,,24,0,0,0,19,5,245,2.50,6,fe),0,0,6,,6,63,,4 fe),0,fe),4,fe],4,42,2,,1,1,5,3,8,.83,,0,,0,0,,,-,,,,,,,,,129,2,3,5,37,114,151,15.75,,,,,,,,,10,Oo;,,,8,2,10,1.04,6,0,fe),,5,i,6,63,,,,,4,0,0,,4,fe},4,-42,2,,,fe),2,fe),2,21,,,,,,,,,67,3,,"1,",4 41,22,+63,©@26.57,3,0,0,0,3,fe),3,Ph,,,,,,,,,1,fe),,,1,fe),1,10,19,),0,,19,5,24,2.50,,,,,,,,,,0,0,0,2,,2,ee,68,17T,89,216,223,29,252,26.28,,,,,,,,,,52 0,ie),0,33,19,52,5.42,16.79,70,(0),fo),,44,26,70,7.30,1155,197,47,244,636,323,959,100.00
AHMEDABAD,44,KOCHI 45 LUCKNOW om 0. OL om Oo.,0,),-,,,,,,,,0,,,,,,,©,©,,,35,,45,,,),40,6,46,15.97,,),0,,9,1,10,3.47,,,,,,,,20,,oO.,,19,1,20,6.94,,fe) fe),,,fe),(0),,,,,,,,,,,(0),,ie},fe),0,fe),(0),-,0,0,,0,0,0,0,,,,,,,,,,11,(e),Oo;,oOo,4,7,wi,3.82,,,,,0,0,fe),,,,,,,,,,1,,,fe),,1,1,.35,,"Oo,",0,0,,0,fe),,fe),0,0,,1,,,fo),1,fe),1,35,,,,,,,,,0,,,om,,0,,-,0,fe},fe),0,fe),0,fe),-,,,,,,,,,,fe),0,,fe),,0,-,0,0,0,fe),,,0,-,,,,,,,,,0,0,,9,0,0,0,,2379,2150,499,2649,112,32,144,50.00,1,fe),0,ce},1,0,1,.35,,19 0,0,,15,4,19,6.60,1 3 1.04,,,,,,,,,2521,2150,499,2649,231,57,288,100.00
AHMEDABAD,45,- LUCKNOW,0,,-,,,,,,,90,,,,,4,,,,,OO,,-,1.75,12,5,1,6,4,2,6,1.50,6,,fo),0,5,1,6,1.50,,,,,,,,,1,,Oo: 1,3,1,4,"1.00,",,,0,,fe),,,,,,,,,,,,,0,0,fe),0,0,Le],-,,,fe),,,,,7,,0,0,0,0,2,2,-50,,,,,,,,,,18 fe),fo),,17,1,18,4.50,,,,,,,,,0,(0),0,fo),,,fe),-,,,,,,,,,,,,,,,,,,,,,,,,,,,,,10,,,oO,10,,10).,2.50,,0,0,0,0,,,-,,,,,,,,,,,,,(0),0,* oO,-,,0,0,),0,(e),),-,,,,,,,,,,0,0,0,,,,,,,,,,,,,16,io},,,14,2,16,4.00,,ie} 0,,ie),0,0,0,-,,(0),,),),0,0,fe),-,684,271,32,303,329,71,400,100.00
AHMEDABAD,46,- LUDHIANA,0,0,-,0,0,,,2 2,1.47.,,2,1.47,,,0,,,,,OO,,,,2,0,0,(0),2,fe),2,1.47,9,,0,fo),9,0,,6.62,,,,,,,,,6,,0,6,fe),6,4.41,2,fo),fe),,2,,2,1.47,,4 fe),ie},fe),4,0,4,2.94,1,fe),0,0,1,0,1,-74,,0,0,,fe),,te),-,,18 0,0,Oo,3,15,18,13.24,,,,,,,,,,0,),,,0,0,,,,,,,,,,,,,,,,,,0,,0] oO.,oO.,1,,fe),fe),1,0,1,.74,,,,,,,,,,,),fe),,,0,-,15,f°),0,oO,13,,2/45,11.03,,,,,,,,,,,“O0:.6©0OOV”r”r—SmDO0O—~—“t‘CO,,,0,,,,,,,,,,,6,,,fe),3,3,6,"4.41,",,,,,,,,,,,,,,,,,,,,,,,,,,0,0,0,ie),0,,-,,fe) 0,fe],,0,0,fe),-,,2,,,,2,0,2,1.47,131,,,fe),101,35,136,100.00
i,48,MADURAI 0),,0,-,0,0,,,oo,-,1,0 064,3.17,,,,2,,,,,,,- -,,fe),0,,0,,0,-,,0 fe),,,,0,,-,,,,,,,,0,oe,0,oO,,fe),0,-,,,,,,,,,,,,,,,,,,,,,,,,,,,,,,,,,,8 0,,,,8,8,6.35,,fe),0,oO,0,,0,-,,0 (0),0,0,0,0,,,,,,,,,,,,0,),fe),,te),,,,,,,,,,,,,,,,,,,,,,,1,fe),0,fe),(0),fe),0,-,0,,0,0,0,,0,-,,,,ie),0,fe),fe],,,,,,,,,,,,,,,,,,,,,,,,,,,,,,,,,,0,0,0,0,0,,OO,,,,,,,,,,,0,,0,,,0,-,,,,,,,,,3 7 5.56,,,0,0,fe),0,,-,120,,),fe),88,38,126,100.00
i,49,- NAGPUR,0,,,,,,,,,,2,16,,,2,,,OF,2,,,16,,86,,,,65,23,85,7.25,17,,,0,13,4,17,1.40,,,,,,,,21,0,0,0,7,4,21,1.73,13,,0,0,12,1,13,1.07,1,,fe},fe),1,fe),1,.08,,,,,,,,,0,,,,,0,0,-,148,0,Oo,),23,126,149,12.28,161,-,,,43,118,161,13.27,,fe),,,0,0,,,,,,,,,,,7,,fe),,4,3,7,58,,,,,37,0,0,te},37,,.37,3.05,1,fe),,0,1,(e),1,.08,,,,,,,,,18,0,0,,16,2,18,1.48,8,fe),0,0,8,0,8,.66,0,0,,oO,0,0,0,7,8,(0),fe),(0),3,5,8,.66,,,0,fe),0,Oo,,,,,,,,,,,0,0,0,9,0,0,,,,,,,,,,,1,0,0,Le],1,0,1,.08,,10 0,0,0,9,1,10,82,65 158 13.03,248,fe),fe),0,204,44,248,20.45,2361,1027,208,1235,784,429,1213,100.00
i,50,- PATNA,0,0,-,,,,,,,,,,,,,C80,,OOO,,,,-,,13,1,,1,11,4,15,5.66,6,1,fe),1,4,1,5,1.89,,,,,,,,14,om,0,oO,11,,11,4.15,5,3,0,3,6,3,9,3.40,,,fe),,0,,fe),,,,fe),,0,0,fe),-,4,fo),1,1,3,2,5,1.89,,,,,,,,,37,0,,,4,33,37,13.96,,,,,,,,-,,,0,0,1,,1,.38,,,,0,0,,fe),,,,,,4,,),0,4,0,“4,1.51,(0),,,,,fe),fe),-,,0,,),,fe),fe),-,6,6,,6,4,2,6,2.26,3,3,0,3,3,0,3,1.13,,0,0,,0,0,0,,,0,fo),0,,,fe),-,6,6,0,6,6,0,G6,226,,,,,,,,,,,,,,,,,128,106,200,126,80,31,114,41.89,0,0,0,0,fe),0,0,-,,,,,,,,,0 1 38,1,1,,1,,fe),fe),,280,131,24,155,147,118,265,100.00
i,51,PUNE 52 SURAT fe) fe) o oO om -,0,,,,,,,,,,,,,,4,0,,,,8,2,29,,107,0,,,87,23,110,7.89,16,0,0,0,12,4,16,"1.15,",,,,,,,,,32 0,Oo.,fe),29,3,32,2.29,21,,,,13,8,21,1.51,,7 fe),0,0,7,ie),7,-50,,,,,,,,,(0),fe),,0,0,0,,-,165,2,1,3,25,140,165,11.83,237,13,3,16,56,181,237,16.99,,fe),,,,0,,-,,,,,,,,,64,,fe),fe),48,17,65,4.66,6,,0},6 6 43,23,fe},0,fe),23,0,23,1.65,2,fe),0,,1,1,2,14,,,,,,,,,,,,,,,,,0,0,0,ie},0,ie},fe),-,,,,,,,,,8,fe),,0,7,1,8,57,,,0,,,0,,-,,0,,om,),,,,0,0,),0,,,,,315,49,24,73,290,49,339,24.30,,,,,,,,,,11 0,0,fe),11,ce],11,.79,,1,,),fe),1,fe),1,07,1322,65,30,95,889,506,1395,100.00
i,,$2. SURAT,0,0,,,,,,,,,,,,,,,,,,,,,,,,,,,,,,,,,,,,,,,,,,,,,,,,,,,,,,,,,,,,,,,,,,,,,,,,,,,,,,,,,,,,,,,,,,,,,,,,,,,,,,,,,,,,,,,,,,,,,,,,,,,,,,,,,,,,,,,,,,,,,,,,,,,,,,,,,,,,,,,,,,,,,,,,,,,,,,,,,,,,,,,,,,,,,,,,,,,,,,,,,,,,,,,,,,,,,,,,,,,,,,,,,,,,,,,,,,,,,,,,,,,,,,,,,
i,53,VADODARA 54 VARANASt om fe) fe),0,,-,,,,,,,,0,,,,2,om,0,om,1,Ao,2,40,,26,,fe),),22,4,26,5.14,15,,,,15,,15,2.96,,,,,,,,,,,,,,,,3,,0,0,2,1,3,59,,,,,,,,,,,,,,,,,3,,0,fe),“4,2,3,59,,,0,,14,32,46,9.09,85,,,,14,71,85,16.80,,fo) 0,,,0,,,-,,9 90},,Oo. 90,8,1,9,1.78,10,0,,0,7,3,10,1.98,0,,),0,,,,,,,,,,,,,,,,,,,,,,,,,0,0,0,0,0,0,0,-,,3 ie},fe),0,2,1,3,59,,,,,,,,,1,fe),fe),,fe),1,1,.20,,,,,,,,,,,,,,,,,3,0,0,0,Vio,2,,8,1669,1023,155,,1178-121,,24.~—«145,28.66,0,0,ie],ie},fe),0,0,-,,0 0,ie),0,fe),fe),0,-,28 102 20.16,2,fe),0,,2,fe),2,.40,2030,1023,155,1178,321,185,506,100.00
i,54,- VARANASI,0,0,,,,,,,,1,2,47,,,,,,,,,,,,26,2,0,2,19,7,26,6.07,11,1,,1,9,2,11,2.57,,,,,,,,,4 1,0,1,4,to),4,.93,,,,0,te),,fe),,,2,0,,2,0,2,47,,,,,,,,,,,,,,,,,12,re),2,2,1,1,12,2.80,37,35,7,10,12,,«23035,8.18,,13 6,,6,13,0,13,3.04,,,,,,,,,,,,,,,,,,,,,5,Le],fe},0,5,fe),5,1.17,,,,,,,,,(0),,,,0,,,-,27,10,5,AS,15,12,27,6.31,1,0,ie},,1,0,1,23,,,,,,,,,,,,0,0,20%,0,,1,te),0,,Oo),1,1,23,,,,,,,,,1 4,fe),1,1,,to 2,8,70,188,62,12,74,140,29,169,39.49,7,0,,,6,2,7,1.64,,18 1,0,1,16,2,18,4.21,14 47 10.98,26,3,3,6,20,5,25,5.84,451,119,40,159,318,110,428,100.00
i,55,VISHAKHAPATNAM,0,0},-,0,fe),1,0,1,.26,0,ae),,,,,,,,,,,,-,29,0,0,0,24,5,29,7.55,,,,,,,,,,"0,",,,,,,30,0,0,,25,5,30,7.81,,,,,,,,,,,,,,,,,0,0,0,0}.,fe},,0,-,,,,,,,,,23,,0,,2,21,23,5.99,56,0,om,,13,43,56,14.58,,0 0,0,,om,0,fe),,23,0,om,fe),24,4,28,7.29,(0),(0),-0,fe),0,,fe),,0,0,,0 of,1,0,0,0,1,fe},1,.26,,0,fe),,0,fe),,-,,,,,,,,,7,,0,0,5,2,7,1.82,,fe) 0,0,0,fe],,0,-,,,,,,,,,,,,,,,,,,0,om,0,om,om,0,-,,,0,0,0,0,,-,,,,,,,,,683,626,113,739,132,29,161,41.93,1,8,0,8,1,Le),1,-26,,,,,,,,,,12,,1,1,9,3,12,3.13,899,634,115,749,269,115,384,100.00
,,1_; ANDHRA PRADESH,,,,14 1,250,48500,,88 mt,,,,,,,,,,,,,,,,,,,,,,,,,,,,,,,,,,,,,,,,,,,,,,,,,,,,,,,,,,,,,,,,,,,,,,,,,,,,,,,,,,,,,,,,,,,,,,,,,,,,,,,,,,,,,,,,,,,,,,,,,,,,,,,,,,,29,Oo.,oO,fe),28,1,29,.19,,,,,,,,,,,,,,,,,,,,,,,,,,,,,,,,,,,,,,,,,,,,,,,,,,,,,,,,,,,,,,,,,,,,,,,,,,,,,,,,,,,,,,,,,,,,,,,,,,,,,,,,,
,6,,,,,,HBT,,41,910,02~—”t~“Ct«~C~ts™C ST,,,,,,,,,,,,,,,,,,,,,,,,,,,,,,,,,,,,,,,,,,,,,,,,,,,,,,,,,,,,,,,,,,,,,,,,,,,,,,,,,,,,,,,,,,,,,,,,,,,,,,,,,,,,,,,,,,,,,,,,,,,,,,,,,,,,,,,,,,,,,,,,,,,,,,,,,,,,,,,,,,,,,,,,,,,,,,,,,,,,,,,,,,,,,,,,,,,,,,,,,,,,,,,,,,,,,,,,,,,,,,,,,,,,,,,,,,,,,,,,,,
,,TotaiStates),,,,17,298,BT,,441081,,,,,,,,,,,,,,,,,,,,,,,,,,,,,,,,,,,,,,,,,,,,,,,,,,,,,,,,,,,,,,,,,,,,,,,,,,,,,,,,,,,,,,,,,,,,,,,,,,,,,,,,,,,,,,,,,,,,,,,,,,,,,,,,,,,,,,,,,,,,,,,,,,,,,,,,,,,,,,,,,,,,,,,,,,,,,,,,,,,,,,,,,,,,,,,,,,,,,,,,,,,,,,,,,,,,,,,,,,,,,,,,,,,,,,,,,,,,,,,,,,,
,i,[ - TOTAL (UTs),,,,11,i 68,42,19,61,-92,,,32,,,84,31,2,88,21,9,30,"45,",48,208,+ 1,0,1,168,43,211,“3.18,191,5,te),5,170,20,190,2.87,,,,,,,,257,8,"1,",9,208,46,2545,3.83,26,2,,2,21,6,27,41,116,91,fe),91,35,fe],35,-53,9,0,1,1,4,4,8,12,,,,,,,,,257,26,1,27,47,227,274,4.13,465,18,3,21,184,"312,",496,7.48,,17 8,0,8,16,,16,24,,,,,,,,,32,,,,25,7,32,48,523,"Oo,",18 18,"009, 509 25,",201,fe),0,0,196,7,203,3.06,7,0,te),fe),5,,2\i. Zi,11,4 2,0,(0),Oo;,2,fe),2,.03,,1,,,85,42!),1275,1.92,1,0,0,0,1,0,1,.02,,,,,,,,,35,0,(0),(0),17,20,37,56,57,1,,1,49,22,71,1.07,2,oO;,,fe),2,fe],2,-03,,,,,,,,,12721,10549,1348,11897,2324,302,2626,39.62,3,15,1,16,5,0,5,.08,1004,78,36,114,776,114,890,13.43,,547,8,0,8,449,86,535,8.07,16781,11042,1435,12477,5240,1388,6628,100.00
,,i TOTAL(All-India),,,,128,366,729,363,1092 ©,54,,,,,,,,,,,,,,,,,,,,,,,,,,,,,,,,,,,,,,,,,,,,,,,,,,,,,,,,,,,,,,,,,,,,,,,,,,,,,,,,,,,,,,,,,,,,,,,,,,,,,,,,,,,,,,,,,,,,,,,,,,,,,,,,,,,,,,,,,,,,,,,,,,,,,,,,,,,,,,,,,,,,,,,,,,,,,,,,,,,,,,,,,,,,,,,,,,,,,,,,,,,,,,,,,,,,,,,,,,,,,,,,,,,,,,,,,,,,,,,,,,
,34,- [line 2],,,,0,,,2,,70,,,,,,,,,,,,,,,,,,,,,,,,,,,,,,,,,,,,,,,,,,,,,,,,,,,,,,,,,,,,,,,,,,,,,,,,,,,,,,,,,,,,,,,,,,,,,,,,,,,,,,,,,,,,,,,,,,,,,,,,,,,,,,,,,,,,,,,,,,,,,,,,,,,7- 0,O8.,,Ol,4503,,.33,,,,,,,,,,,,,,,,,,,,,,,,,,,,,,,,,,,,,,,,,,,,,,,,,,,,,,,,,,,,,,,,,,,,,,,,,,,,,,,,,,,,,,,,,
,38,"COIMBATORE si,",,,,,Oo.,0,,4 4,1.22,,,,,,,,,,,,,,,16,0,0],,11,5,16,4.86,9,0,oO,,9,Oo,9,2.74,,,,,,,,6,0,0,0,4,2,6,1.82,2,,,,1,1,2,61,1,0,fe},0,1,fe],1,.30,4,,0,,,1/3,4,1.22,3,,0,0,3,0,3,91,,,,,,,,,30,0,,,5,25,3000~C~*”,9.12,,0,0,0,,,,st,,,,om,13,2,15,4.56,1,,0,0,1,te),1,.30,,,,,15,fe),0,fe),15,O-,15,4.56,,,,,,,,,,,,0,,0,0,-,,0,0,Oo;,0,,,,,0,0,fe),0,0,7 fe),-,,,,,,,,,1,,,,fe),1,1,.30,,,,,,,,,0,0,0,0,,0,),-,,,,,,,,,,,,,,,,,,,,,,,,,,0 fe),0,0,,ce],0,-,0 0 7,26,fe),,,18,8,26,7.90,1295,953,137,1090,244,85,329,100.00
,39,- DELHI (CITY),,,,11,i= 61,34,18,52,1.09,,,,,,,,,,,,,,,49,1,0,1,41,9,50,1.05,14,3,oOo.,3,102,12,114,2.39,,,,,,,,1 177,8i,1,9,139,,34.173,3.63,22,2,fe),2,17,6,23,48,87,73,0,73,24,0,24,.50,9,fe],1,1,4-,4,8,17,"11,",2,fe),2,9,2,W-,.23,,,,,,,,,,35517,3,20,154,232,386,8.09,,12 8,,8,11,0,11,123,,,,,,,,,23,fo),0,0,18,5,23,.48,,,,,66,fe),fe},fe),65,3,68,1.42,2,,0,,2,0,2,.04,,,,,,,,,85,1,1,2,,6333,(iti,2.01,0,fe],fe),0,0,,0,,,,,,,,,,,,,,,,,,33,(0),,,31,14,45,94,,,,,,,,,,,,,,,,,,,,,,,,,3,15,1,16,5,fe),5,.10,1000,78,36,114,773,113,886,18.57,30 162 3.39,387,8,,8,326,53,379,7.94,,,,,,,,
,,-42,,,,0,,,0,fe),-,,,,,,,,,,,,,,,,,,,,,,,,,,,,,,,,,,,,,,,,,,,,,,,,,,,,,,,,,,,,,,,,,,,,,,,,,,,,,,,,,,,,,,,,,,,,,,,,,,,,,,,,,,,,,,,,,,,,,,,,,,,,,,,,,,,,,,,,,,,,,,,,,,,,,,,,,,,,,,,,,,,,,,,,,,,,,,,,,,,,,,,,,,,,,,,,,,,,,,,,,,,,,,,,,,,,,,,,,,,,,,,,,,,,,,,,,,,,,,,,,,
,45,- 3 LUCKNOW,,,,1,i 3,40,1,5 7,"1,25,",,,,,,,,,,,,,,,,,,,,,,,,,,,,,,,,,,,,,,,,,,,,,,,,,,,,,,,,,,,,,,,,,,,,,,,,,,,,,,,,,,,,,,,,,,,,,,,,,,,,,,,,,,,,,,,,,,,,,,,,,,,,,,,,,,,,,,,,,,,,,,,,,,,,,,,,,,,,,,,,,,,,,,,,,,,,,,,,,,,,,,,,,,,,,,,,,,,,,,,,,,,,,,,,,,,,,,,,,,,,,,,,,,,,,,,,,,,,,,,,,,
,54,“6,,,,,0,6,,6,1.40,,,,,,,,,,,,,,,,,,,,,,,,,,,,,,,,,,,,,,,,,,,,,,,,,,,,,,,,,,,,,,,,,,,,,,166,13,1,14,88,71,159,1.17,,,,,,,,,,,,,,,,,,,,,,,,,,,,,,,,,,,,,,,,,,,,,,,,,,,,,,,,,,,,,,,,,,,,,,,,,,,,,,,,,,,,,,,,,,,,,,,,,,,,,,,,,,,,,,,,,,,,,,,,,,,,,,,,,,,,,,,,,,,,,,,,,,,,,,,,,,,,,,,,,,,,,
,4,- BIHAR,,,,,,,,,,7,18,28,,.09,,5620,A,87,8K,,,888,,511,19,9,28,340,181,521,8.23,60,7,4,111,455,14,59,93,5,,,714,,A,28,114,16,7,23,89,21,110,1.74,44,6,1,7,22,10,32,51,22,8,2,10,20,4,24,.38,12,6,0,6,7,4,11,17,31,6,3,9,27,13,40,63,109,6,5,11,30,101,131,2.07,,,,,,,,,,,,,,,,,,,,,,,,,27,4,1,5,23,°~—s«10,33,52,,,,,29,1,2,3,21,7,28,.44,58,7,J,14,51,26,71,es ee,,,,,,,,,240,31,21,52,102 0,117,219,3.46,56,6,9,15,35,24,59,.93,41,17,20,37,20,24,44,.70,79,3,7,10,43,31,74,1.17,,,,,,,,,2,1,2,3,4,3,7,,30,2,4,6,25,8,33,,5255,3095,765,3860,2143,453,2596,41.02,954,i 97,28,125,783,177,960,15.17,146,0,0,,168,18,186,2.94,,182,25,6,31,112,51,163,2.58,8884,3494,1021,4515,4574,1754,6328,100.00
GOA,,“6 GUJARAT,,,,,,,,,,0,1,01,,,,,,,,,,,,,,,,,,,,,,,,,,,,,,,,,,,,,,,,,,,,,,,,,,,,,,,,,,,,,,,,,,,,,,,,,,,,,,,,,,,,,,,,,,,,,,,,,,,,,,,,,,,,,,,,,,,,,,,,,,,,,,,,,,,,,,,,,,,,,,,,,,,,,,,,,,,,,,,,,,,,,,,,,,,,,,,,,,,,,,,,,,,,,,,,,,,,,,,,,,,,,,,,,,,,,,,,,,,,,,,,,,,,,,,,,,,,,,,
GOA,,"""8",,,,,,,,,,,2,18,,,,,,,,,,,,,,,,,,,,,,,,,,,,,,,,,,,,,,,,,,,,,,,,,,,,,,,,,,,,,,,,,,,,,,,,,,,,,,,,,,,,,,,,,,,,,,,,,,,,,,,,,,,,,,,,,,,1,ome,0,1 30,,,,,,,,,,,,,,,,,,,,,,,,,,,,,,,,,,,,,,,,,,,,,,,,,,,,,,,,,,,,,,,,,,,,,,,,,,,,,,,,,,,,,,,,,,,,,,,,,,,,,,,,,,,,,,,,,,,,,,,,,
GOA,,“41.,,,,,,,,,,8,30,,,,,,,,,,,,,,,,,,,,,,,,,,,,,,,,,,,,,,,,,,,,,,,,,,,,,,,,,,,,,,,,,,,,,,,,,,,,,,,,,,,,,,,,,,,,,,,,,,,,,,,,,,,,,,,,,,,,,,,,,,,,,,,,,,,,,,,,,,,,,,,,,,,,,,,,,,,,,,,,,,,,,,,,,,,,,,,,,,,,,,,,,,,,,,,,,,,,,,,,,,,,,,,,,,,,,,,,,,,,,,,,,,,,,,,,,,,,,,,,
GOA,14,0.,,,,,,,,,,0,,,,,,,,,,,,,,,,,,,,,,,,,,,,,,,,,,,,,,,,,,,,,,,,,,,,,,,,,,,,,,,,,,,,,,,,,,,,,,,,,,,,,,,,,,,,,,,,,,,,,,,,,,,,,,,,,,,,,,,,,,,,,,,,,,,,,,,,,,,,,,,,,,,,,,,,,,,,,,,,,,,,,,,,,,,,,,,,,,,,,,,,,,,,,,,,,,,,,,,,,,,,,,,,,,,,,,,,,,,,,,,,,,,,,,,,,,,,,,,,,
GOA,16,oO”,,,,,,,,,,0,,,,,,,,,,,,,,,,,,,,,,,,,,,,,,,,,,,,,,,,,,,,,,,,,,,,,,,,,,,,,,,,,,,,,,,,,,,,,,,,,,,,,,,,,,,,,,,,,,,,,,,,,,,,,,,,,,,,,,,,,,,,,,,,,,,,,,,,,,,,,,,,,,,,,,,,,,,,,,,,,,,,,,,,,,,,,,,,,,,,,,,,,,,,,,,,,,,,,,,,,,,,,,,,,,,,,,,,,,,,,,,,,-,,,,,,,,,,,,,,,,
GOA,17,NAGALAND,,,,,,,,,,0,,-,,,,,,,,,,,,,0,(0),fe),fe),0,fe),,7,,,OF 6 60,,0,0,-,,,,,,,,,oO. 0,oO,0,),0,,-,,fe) 0,,fe),fo),,0,,,,,,,,,,,,0,ie},0,fe),fe),,0,,fe),,te),(0),fe),-,,0,Oo.,oO.,,,0,,,,,,,,,,,"Oo,",071,oO),0,,077 OF,,,,,,,,,,0,0,0,0,0,0,0,-,,,,,,fo) 0,0,0,0,0,fe),-,,fe),,,0,fe),fe),-,,,,,,,,,,,,,,0,,-,,0,0,te),,fe),fe),-,,0,OO;,,,OO,0,-,(0),,0,,,fe),fe),,0,0,,fe),,,(0),-,0,0,0,0,,0,,,0,0,0,0,0,0,,,132,218,22,240,30,9,99,100.00,,,,,,,,,,,,,,,,,,,,),(0),,,0/1.,-,132,218,22,240,90,9,99,100.00
GOA,19,PUNJAB -,,,,,,,,,,0,4,12,20,,,,,,,,,,,198,fe),,,172,29,201,5.89,104,0,0,0,82,20,102,2.99,,,,,,,,66,0,0,0 j,56,10,66,1.93,13,(0),fe),0,13,,13,38,16,fe),fe},0,15,1,16,47,54,1,2,1 3,22,29,51,1.49,5,),,0,5,),5,15,184,,"Oo,",oO,46,138,184,5.39,,,,,,,,,,,,,,,,,,,,,,,,,3,0,,0,3,,3,09,1,0,,08,37,,fe),fe),37,0,37,1.08,4,fe),,0,3,1,4,12,9,,0,,7,2,9,.26,85,0,0,oO,71,14,85,2.49,93,ie),fe),,71,22,93,2.72,,,,,,,,,10,0,fe),,10,fe),10,.29,218,,fe),0,142,85,227,6.65,,Oo,0,0,0},,0,-,,,,,,,,,1286,400,113,613,883,158,1041,30.48,27,19,1,20,15,7,22,64,623,,0,0,549,74,623,18.24,14 108 8.16,227,0,fe),,189,38,227,6.65,3654,421,118,539,2675,740,3415,100.00
GOA,,2C RAJASTHAN,,,,,,,,,,4,6,.05,,,,,,,,,,,,,,,,,,,,,,,,,,,,,,,,,,,,,,,,,,,,,,,,,,,,,,,,,,,,,,,,,,,,,,,,,,,,,,,,,,,,,,,,,,,,,,,,,,,,,,,,,,,,,,,,,,,,,,,,,,,,,,,,,,,,,,,,,,,,,,,,,,,,,,,,,,,,,,,,,,,,,,,,,,,,,,,,,,,,,,,,,,,,,,,,,,,,,,,,,,,,,,,,,,,,,,,,,,,,,,,,,,,,,,,,,,,,,,,
21 SIKKIM om o0! Oo; oc.,22,20). 12,,,,,,,,,,8,21},13,,,,,,,,,,,,,,,,,,,,,,,,,,,,,,,,,,,,,,,,,,,,,,,,,,,,,,,,,,,,,,,,,,,,,,,,,,,,,,,,,,,,,,,,,,,,,,,,,,,,,,,,,,,,,,,,,,,,,,,,,,,,,,,,,,,,,,,,,,,,,,,,,,,,,,,,,,,,,,,,,,,,,,,,,,,,,,,,,,,,,,,,,,,,,,,,,,,,,,,,,,,,,,,,,,,,,,,,,,,,,,,,,,,,,,,,,,,,,,,
21 SIKKIM om o0! Oo; oc.,23,- TRIPURA,,,,,,,,,,0,oO,2,,,,,,,,,,,,49,0,fe),0,31,18,49,25.79,1,0,0,fe),1,fe),1,53,,,,,,,,,,,,,,,,,fo),,0,0,,,-,,fe) 0,0,Lo},fe],0,fe),-,0,,0,0,,fe),fe),-,,,,,,,,,0,oO.,,,0,,,-,,,,,,,,,,,,,,,,,,,,,,,,,,,,,,,,,,,,,,fe),fe),0,,,,-,,0,fe),fe),,),,-,0,,OF,0,fe),,0,,,0 0,oOo,oO,fe),(0),,-,,,,,,,,,,,,,,,,,,fe),0,,,fe),,-,,,,,,,,,,,,,,,,,,,,,,,,,562,585,342,~—927,93,43,136,71.58,,,,,,,,,,0 0,0,0,0,fe),0,,,,,,,,,,,616,585,346,931,125,65,190,100.00
21 SIKKIM om o0! Oo; oc.,24,UTTARPRADESH,,,,,,,,,,2,190,12,,,,,,,,,,,,,,,,,,,,,,,,,,,,,,,,,,,,,,,,,,,,,,,,,,,,,,,,,,,,,,,,,,,,,,,,,,,,,,,,,,,,,,,,,,,,,,,,,,,,,,,,,,,,,,,,,,,,,,,,,,,,,,,,,,,,,,,,,,,,,,,,,,,,,,,,,,,,,,,,,,,,,,,,,,,,,,,,,,,,,,,,,,,,,,,,,,,,,,,,,,,,,,,,,,,,,,,,,,,,,,,310 12438 785,,,,,,,,,,,,,,,,
21 SIKKIM om o0! Oo; oc.,25,", WEST BENGAL",,,,,,,,,,0,2],02,,,35,9,68,IB,,,2884,134,,446,49,55,104,309,137,446,4.49,100,33,9,42,73,23,96,97,,,,,,,,,,,,,,,,60,18,4,22,36,17,53,"63,",18,8,3,11,a,fe),7,.07,39,22 i,9,31,13,1,14,-14,21,3,3,6,,6,15,15,83,35,21,24,8,51,59,.59,501,103,101,204,105,289,3940,3.97,,56 50,2,52,330,1,3400,84,305,,52500 15,67,245,88,3903,3.05,55,,0,oe,35,20,55,55,,,,,96,53,2,55,37,5,42,42,73,7,1,8,56,16,72,.73,1,),,,1,,1,.01,281,69,52,121,100,88,188,1.89,23,1,1,2,26,12,38,38,,,"Oo,",0,,Oo,91,,328,29,47,76,196,80,276,2.78,610,44,48,92,282,249,531,5.35,1,,ie},0,fe),1,1,.01,4,0,0,0,3,2,5,105,"8504,",6461,"1889,",8350,2315,829,3144,- 31.66.,21,11,16,26,18,21,39,.39,2458,0,fe},fe),1882,576,2458,24.76,,1072,228,108,336,709,295,1004,10.11,15874,7498,2453,9951,6891,3038,9929,100.00
Union Territories:,26,A&NISLANDS CHANDIGARH,,,,,,,,,,,7,,,-,,,,,,,,,,20,0,,,15,5,20,16.67,4,0,01,0,4,,4,3.33,,,,,,,,,12 0,0,Oo.,12,OF,12,10.00,,fe),,fe),,0,0,,,,,,,,,,0,0,,fe},fe),fe),0,-,,),0,,fe),0,),-,21,om,0,0,3,18,21,17.50,,0,0,,,om,,,,0,oO;,Oo,,0,0,,,,,,,,,,,2 0,0,0,1,1,2,1.67,,,,,4,om,0,,4,,4,3.33,2,fe),0,(0),2,0,2,1.67,,),fe),,fe),,(0),,,,,,,,,,0,0,0,0,,0,fe},,,,,,,,,,1,,),(e),1,fe),1,83,,) 0,0,fe),fe),fe),0,-,,,,0,0,0,0,-,,,,,,,,,94,108,14,122,7,6,13,"10,83",,,,,,,,,,,,,,,,,4 26 21.67,11,fe),0,,10,1,1,9.17,201,108,14,122,84,36,120,100.00
Union Territories:,28,0,,,,,,,,,,0,Of,,,,,,,,,,,,,,,,,,,,,,,,,,,,,,,,,,,,,,,,,,,,,,,,,,,,,,,,,,,,,,,,,,,,,,,,,,,,,,,,,,,,,,,,,,,,,,,,,,,,,,,,,,,,,,,,,,,,,,,,,,,,,,,,,,,,,,,,,,,,,,,,,,,,,,,,,,,,,,,,,,,,,,,,,,,,,,,,,,,,,,,,,,,,,,,,,,,,,,,,,,,,,,,,,,,,,,,,,,,,,,,,0 4 4.44,,,,,,,,,,,,,,,,
Union Territories:,29,& DIU,,,,,,,,,,,2,,,,,,,,,,,,,,,,,,,,,,,,,,,,,,,,,,,,,,,,,,,,,,,,,,,,,,,,,,,,,,,,,,,,,,,,,,,,,,,,,,,,,,,,,,,,,,,,,,,,,,,,,,,,,,,,,,,,,,,,,,,,,,,,,,,,,,,,,,,,,,,,,,,,,,,,,,,,,,,,,,,,,,,,,,,,,,,,0,,,,Oo,",",,-,,,,,,,,,,,,,,,,,,,,,,,,,,,,,,,,,,,,,,,,,,,,,,,,,,87,79,15,94,27,11,38,100.00
LAKSHADWEEP),32,$2,,,,,,,,,,0,2).,39,,,,,,,,,,,,,,,,,,,,,,,,,,,,,,,,,,,,,,,,,,,,,,,,,,,,,,,,,,,,,,,,,,,,,,,,,,,,,,,,,,,,,,,,,,,,,,,,,,,,,,,,,,,,,,,,,,,,,,,,,,,,,,,,,,,,,,,,,,,,,,,,,,,,,,,,,,,,,,,,"0, oOo",0,0,0,,0,,,,,,,,,,,,,,,,,,,,,,,,,,,,,,,,,,,,,,,,,,,,,,,,,,,,,,,,,,,,,,,,,,,,,,,,,,
LAKSHADWEEP),,ee,,,,,,,,,,,-,,,,,,,,,,,,,,,,,,,,,,,,,,,,,,,,,,,,,,,,,,,,,,,,,,,,,,,,,,,,,,,,,,,,,,,,,,,,,,,,,,,,,,,,,,,,,,,,,,,,,,,,,,,,,,,,,,,,,,,,,,,,,,,,,,,,,,,,,,,,,,,,,,,,,,,,,,,,,,,,,,,,,,,,,,,,,,,,,,,,,,,,,,,,,,,,,,,,,,,,,,,,,,,,,,,,,,,,,,,,,,,,,,,,,,,,,,,,,,,,
38 - COIMBATORE ae o oO. fe),39,[,,,,,,,,,,4,19,7 40,,,,,,,,,,,,,,,,,,,,,,,,,,,,,,,,,,,,,,,,,,,,,,,,,,,,,,,,,,,,,,,,,,,,,,,,,,,133,26,Oi,26,29,,"122,151",3.16,,,,,,,,,,,,,,,,,,,,,,,,,,,,,,,,,,,,,,,,,,,,,,,,,,,,,,,,,,,,,,,,,,,,,,,,,,,,,,,,,,,,,,,,,,,,,,,,,,,,,,,,,,,,,,,,,,,,,,,,,,,,,,,,,,,,,,,,,,,,,,,,,,,,,,,,,,,,,
38 - COIMBATORE ae o oO. fe),40,Zz,,,,,,,,,,,,2,,,,,,,,,,,,,,,,,,,,,,,,,,,,,,,,,,,,,,,,,,,,,,,,,,,,,,,,,,,,,,,,,,,,,,,,,,,,,,,,,,,,,,,,,,,,,,,,,,,,,,,,,,,,,,,,,,,,,,,,,,,,,,,,,,,,,,,,,,,,,,,,,,,,,,,,,,,,,,,,,,,,,,,,,,,,,,,,,,,,,,,,,,,,,,,,,,,,,,,,,,,,,,,,,,,,,,,,,,,,,,,,,,,,,,,,,,,,,,,
INDORE,47,i,,,,,,,,,,,0,,,,,,,,,,,,,,,,,,,,,,,,,,,,,,,,,,,,,,,,,,,,,,,,,,,,,,,,,,,,,,,,,,,,,,,,,,,,,,,,,,,,,,,,,,,,,,,,,,,,,,,,,,,,,,,,,,,,,,,,,,,,,,,,,,,,,,,,,,,,,,,,,,,,,,,,,,,,,,,,,,,,,,,,,,,,,,,,,,,,,,,,,,,,,,,,,,,,,,,,,,,,,,,,,,,,,,,,,,,,,,,,,,,,,,,,,,,,,,,,
INDORE,50,0,,,,,,,,,,,O°,- -,,,,,,,,,,,,,,,,,,,,,,,,,,,,,,,,,,,,,,,,,,,,,,,,,,,,,,,,,,,,,,,,,,,,,,,,,,,,,,,,,,,,,,,,,,,,,,,,,,,,,,,,,,,,,,,,,,,,,,,,,,,,,,,,,,,,,,,,,,,,,,,,,,,,,,,,,,,,,,,,,,,,,,,,,,,,,,,,,,,,,,,,,,,,,,,,,,,,,,,,,,,,,,,,,,,,,,,,,,,,,,,,,,,,,,,,,,,,,,,
JAMMU & KASHMIR,12,KARNATAKA KERALA MADHYA PRADESH MAHARASHTRA MANIPUR,,,,,,,,,,,,,-,,,,,,,,,,,,,,,,,,,,,,,,,,,,,,,,,,,,,,,,,,,,,,,,,,,,,,,,,,,,,,,,,,,,,,,,,,,,,,,,,,,,,,,,,,,,,,,,,,,,,,,,,,,,,,,,,,,,,,,,,,,,,,,,,,,,,,,,,,,,,,,,,,,,,,,,,,,,,,,,,,,,,,,,,,,,,,,,,,,,,,,,,,,,,,,,,,,,,,,,,,,,,,,,,,,,,,,,,,,,,,,,,,,,,,,,,,,,,,
MEGHALAYA,17,16° - NAGALAND ORISSA,,,,,,,,,,,,,-,,,,,,,,,,,,,,,,,,,,,,,,,,,,,,,,,,,,,,,,,,,,,,,,,,,,,,,,,,,,,,,,,,,,,,,,,,,,,,,,,,,,,,,,,,,,,,,,,,,,,,,,,,,,,,,,,,,,,,,,,,,,,,,,,,,,,,,,,,,,,,,,,,,,,,,,,,,,,,,,,,,,,,,,,,,,,,,,,,,,,,,,,,,,,,,,,,,,,,,,,,,,,,,,,,,,,,,,,,,,,,,,,,,,,,,,,,,,,,
MEGHALAYA,22,- SIKKIM TAMIL NADU TRIPURA - UTTAR PRADESH,,,,,,,,,,,,,2001,,,,,,,,,,,,,,,,,,,,,,,,,,,,,,,,,,,,,,,,,,,,,,,,,,,,,,,,,,,,,,,,,,,,,,,,,,,,,,,,,,,,,,,,,,,,,,,,,,,,,,,,,,,,,,,,,,,,,,,,,,,,,,,,,,,,,,,,,,,,,,,,,,,,,,,,,,,,,,,,,,,,,,,,,,,,,,,,,,,,,,,,,,,,,,,,,,,,,,,,,,,,,,,,,,,,,,,,,,,,,,,,,,,,,,,,,,,,,,
MEGHALAYA,,- WEST BENGAL TOTAL{States),,,,,,,,,,,,,02,,,,,,,,,,,,,,,,,,,,,,,,,,,,,,,,,,,,,,,,,,,,,,,,,,,,,,,,,,,,,,,,,,,,,,,,,,,,,,,,,,,,,,,,,,,,,,,,,,,,,,,,,,,,,,,,,,,,,,,,,,,,,,,,,,,,,,,,,,,,,,,,,,,,,,,,,,,,,,,,,,,,,,,,,,,,,,,,,,,,,,,,,,,,,,,,,,,,,,,,,,,,,,,,,,,,,,,,,,,,,,,,,,,,,,,,,,,,,,
MEGHALAYA,26,Union Territories: 0. CHANDIGARH,,,,,,,,,,,,,-,,,,,,,,,,,,,,,,,,,,,,,,,,,,,,,,,,,,,,,,,,,,,,,,,,,,,,,,,,,,,,,,,,,,,,,,,,,,,,,,,,,,,,,,,,,,,,,,,,,,,,,,,,,,,,,,,,,,,,,,,,,,,,,,,,,,,,,,,,,,,,,,,,,,,,,,,,,,,,,,,,,,,,,,,,,,,,,,,,,,,,,,,,,,,,,,,,,,,,,,,,,,,,,,,,,,,,,,,,,,,,,,,,,,,,,,,,,,,,
D&NHAVELI,31,& Diu - DELHI (UT) LAKSHADWEEP PONDICHERRY,,,,,,,,,,,,,-,,,,,,,,,,,,,,,,,,,,,,,,,,,,,,,,,,,,,,,,,,,,,,,,,,,,,,,,,,,,,,,,,,,,,,,,,,,,,,,,,,,,,,,,,,,,,,,,,,,,,,,,,,,,,,,,,,,,,,,,,,,,,,,,,,,,,,,,,,,,,,,,,,,,,,,,,,,,,,,,,,,,,,,,,,,,,,,,,,,,,,,,,,,,,,,,,,,,,,,,,,,,,,,,,,,,,,,,,,,,,,,,,,,,,,,,,,,,,,
D&NHAVELI,33,- TOTAL (UTs) - TOTAL(All-india) Cities: AHMEDABAD,,,,,,,,,,,,,02,,,,,,,,,,,,,,,,,,,,,,,,,,,,,,,,,,,,,,,,,,,,,,,,,,,,,,,,,,,,,,,,,,,,,,,,,,,,,,,,,,,,,,,,,,,,,,,,,,,,,,,,,,,,,,,,,,,,,,,,,,,,,,,,,,,,,,,,,,,,,,,,,,,,,,,,,,,,,,,,,,,,,,,,,,,,,,,,,,,,,,,,,,,,,,,,,,,,,,,,,,,,,,,,,,,,,,,,,,,,,,,,,,,,,,,,,,,,,,
D&NHAVELI,36,BANGALORE BHOPAL BOMBAY,,,,,,,,,,,,,-,,,,,,,,,,,,,,,,,,,,,,,,,,,,,,,,,,,,,,,,,,,,,,,,,,,,,,,,,,,,,,,,,,,,,,,,,,,,,,,,,,,,,,,,,,,,,,,,,,,,,,,,,,,,,,,,,,,,,,,,,,,,,,,,,,,,,,,,,,,,,,,,,,,,,,,,,,,,,,,,,,,,,,,,,,,,,,,,,,,,,,,,,,,,,,,,,,,,,,,,,,,,,,,,,,,,,,,,,,,,,,,,,,,,,,,,,,,,,,
D&NHAVELI,38,CALCUTTA OO,,,,,,,,,,,,,-,,,,,,,,,,,,,,,,,,,,,,,,,,,,,,,,,,,,,,,,,,,,,,,,,,,,,,,,,,,,,,,,,,,,,,,,,,,,,,,,,,,,,,,,,,,,,,,,,,,,,,,,,,,,,,,,,,,,,,,,,,,,,,,,,,,,,,,,,,,,,,,,,,,,,,,,,,,,,,,,,,,,,,,,,,,,,,,,,,,,,,,,,,,,,,,,,,,,,,,,,,,,,,,,,,,,,,,,,,,,,,,,,,,,,,,,,,,,,,
"1__, ANDHRA PRADESH",3,ARUNACHAL PRADESH ASSAM.,,,,,,,,,,,,,,-,,,,,,,,,,,,,,,,,,,,,,,,,,,,,,,,,,,,,,,,,,,,,,,,,,,,,,,,,,,,,,,,,,,,,,,,,,,,,,,,,,,,,,,,,,,,,,,,,,,,,,,,,,,,,,,,,,,,,,,,,,,,,,,,,,,,,,,,,,,,,,,,,,,,,,,,,,,,,,,,,,,,,,,,,,,,,,,,,,,,,,,,,,,,,,,,,,,,,,,,,,,,,,,,,,,,,,,,,,,,,,,,,,,,,,,,,,,,,
"1__, ANDHRA PRADESH",6,GOA. 7,,,,,,,,,,,,,,.06,,,,,,,,,,,,,,,,,,,,,,,,,,,,,,,,,,,,,,,,,,,,,,,,,,,,,,,,,,,,,,,,,,,,,,,,,,,,,,,,,,,,,,,,,,,,,,,,,,,,,,,,,,,,,,,,,,,,,,,,,,,,,,,,,,,,,,,,,,,,,,,,,,,,,,,,,,,,,,,,,,,,,,,,,,,,,,,,,,,,,,,,,,,,,,,,,,,,,,,,,,,,,,,,,,,,,,,,,,,,,,,,,,,,,,,,,,,,,
"1__, ANDHRA PRADESH",9,PRADESH JAMMU &,,,,,,,,,,,,,,7,,,,,,,,,,,,,,,,,,,,,,,,,,,,,,,,,,,,,,,,,,,,,,,,,,,,,,,,,,,,,,,,,,,,,,,,,,,,,,,,,,,,,,,,,,,,,,,,,,,,,,,,,,,,,,,,,,,,,,,,,,,,,,,,,,,,,,,,,,,,,,,,,,,,,,,,,,,,,,,,,,,,,,,,,,,,,,,,,,,,,,,,,,,,,,,,,,,,,,,,,,,,,,,,,,,,,,,,,,,,,,,,,,,,,,,,,,,,,
"1__, ANDHRA PRADESH",1,1,,,,,,,,,,,,,,02,,,,,,,,,,,,,,,,,,,,,,,,,,,,,,,,,,,,,,,,,,,,,,,,,,,,,,,,,,,,,,,,,,,,,,,,,,,,,,,,,,,,,,,,,,,,,,,,,,,,,,,,,,,,,,,,,,,,,,,,,,,,,,,,,,,,,,,,,,,,,,,,,,,,,,,,,,,,,,,,,,,,,,,,,,,,,,,,,,,,,,,,,,,,,,,,,,,,,,,,,,,,,,,,,,,,,,,,,,,,,,,,,,,,,,,,,,,,,
"1__, ANDHRA PRADESH",16,MIZORAM oe,,,,,,,,,,,,,,256,0,0,,,,,OO,a,-,9,0,(0),fe),9,fe),9,7.69,,"1,",OF,0,1,),1,85,,,,,,,,10,0,,0,9,1,10,8.55,,fe),fe),,0,,0,-,,fe) 0,0,0,fe),,fe),-,,,0,0,fe},fe),fe),-,0,,,,fe),,,-,1,om,om,,,1,1,BS,,0,"Oo,",90,Oo,0,Oo,,,,,,,,,,,,,,,,,,1,om,(0),,1,0,1,85,0,"0,",,OO,,0,fe),,0,0,fe},-,,(e),fe),0,fe),,,-,0,0,0,0,,,0,-,0,0,,0,,fe),fe),-,,{0} fe),fe},0,0,fe),0,-,,,,,,,,,,,fo),,fe),,fe),-,1,),0,),1,fe),1,.85,0,Oo,fe),0,fe},fe),0,-,,,,0,0,,,,71,98,9,107,67,15,82,70.09,,,,,,,,,,fe) 0,0,,ie),0,fe),-,,,,om,,7,,7,5.98,104,98,9,107,100,17,117,100.00
"1__, ANDHRA PRADESH",,"17, NAGALAND",,,,,,,,,,,,,,-,,,,,,,,,,,,,,,,,,,,,,,,,,,,,,,,,,,,,,,,,,,,,,,,,,,,,,,,,,,,,,,,,,,,,,,,,,,,,,,,,,,,,,,,,,,,,,,,,,,,,,,,,,,,,,,,,0,0,Oo. Oo.,0,,,,,,,,,,,,,,,,,,,,,,,,,,,,,,,,,,,,,,,,,,,,,,,,,,,,,,,,,,,,,,,,,,,,,,,,,,,,,,,,,,,,,,,,,,,,,,,,,,,,,,,,,,,,,,,,,,,,,,,,,
"23, TRIPURA",25,UTTAR PRADESH WEST BENGAL,,,,,,,,,,,,,,01,,,,,,,,,,,,,,,,,,,,,,,,,,,,,,,,,,,,,,,,,,,,,,,,,,,,,,,,,,,,,,,,,,,,,,,,,,,,,,,,,,,,,,,,,,,,,,,,,,,,,,,,,,,,,,,,,,,,,,,,,,,,,,,,,,,,,,,,,,,,,,,,,,,,,,,,,,,,,,,,,,,,,,,,,,,,,,,,,,,,,,,,,,,,,,,,,,,,,,,,,,,,,,,,,,,,,,,,,,,,,,,,,,,,,,,,,,,,,
O70,30,"- 2} 31, LAKSHADWEEP",,,,,,,,,,,,,,02,,,,,,,,,,,,,,,,,,,,,,,,,,,,,,,,,,,,,,,,,,,,,,,,,,,,,,,,,,,,,,,,,,,,,,,,,,,,,,,,,,,,,,,,,,,,,,,,,,,,,,,,,,,,,,,,,,,,,,,,,,,,,,,,,,,,,,,,,,,,,,,,,,,,,,,,,,,,,,,,,,,,,,,,,,,,,,,,,,,,,,,,,,,,,,,,,,,,,,,,,,,,,,,,,,,,,,,,,,,,,,,,,,,,,,,,,,,,,
O70,,32__| PONDICHERRY,,,,,,,,,,,,,,20,,,,,,,,,,,,,,,,,,,,,,,,,,,,,,,,,,,,,,,,,,,,,,,,,,,,,,,,,,,,,,,,,,),,),,0,),-,,,,,,,,,,,,,,,,,,,,,,,,,,,,,,,,,,,,,,,,,0,0,Oo.,-,,,,,,,,,,,,,,,,,,,,,,,,,,,,,,,,,,,,,,,,,,,,,,,,,,,,,,,,,,,,,,,,,,,,,,,,,,,,,,,,,,,,,,,,,,,,,,,,,,,,,,,,,,,,,,,,,,,,,,,,,
O70,,28.,,,,,,,,,,,,,,.01,,,,,,,,,,,,,,,,,,,,,,,,,,,,,,,,,,,,,,,,,,,,,,,,,,,,,,,,,,,,,,,,,0,0,,,0,ie),,,,,,,,,,,,,,,,,,,,,,,,,,,,,,,,,,,,,,,,,,,,,,,,,,,,,,,,,,,,,,,,,,,,,,,,,,,,,,,,,,,,,,,,,,,,,,,,,,,,,,,,,,,,,,,,,,,,,,,,,,,,,,,,,,,,,,,,,,,,,,,,,,,,,,,,,,,,,,,,,,,,,,,
O70,33,AHMEDABAD BANGALORE,,,,,,,,,,,,,,-32,18,Oo.,oO;,OF,17,1,18,1.89,-,30,(0),0,,26,4,30,3.16,13,0,fa),,12,2,14,1.47,,,,,,,,,78 15,,Oo. 18},68,12,80,8.42,17,,(e),fe),14,6,20,2.11,15,9,co,9,7,fe),7,.74,,5,,5,2,ie},2,.21,22,9,,10,3,8,17,1.79,107,24,3,27,18,62,80,8.42,198,,,Oo,55,143,198,20.84,,0 om,,,,0,,,,,,,,,,,10,1,0,1,8,2,10,1.05,,,,,,,,,,,,,,,,,,,,,,,,,,,,,,,,,,,,,,,,,,,,,,,,,,,,,,,,,,,,,,,,,,,,,,,,,,,,,,,,,,,,,,,,,,,,,,,,,,,,,,,,,,,,,,,,,,,,,,,,,,,,,
BHOPAL,37,BOMBAY CALCUTTA COIMBATORE,,,,,,,,,,,,,,-,,,,,,,,,,,,,,,,,,,,,,,,,,,,,,,,,,,,,,,,,,,,,,,,,,,,,,,,,,,,,,,,,,,,,,,,,,,,,,,,,,,,,,,,,,,,,,,,,,,,,,,,,,,,,,,,,,,,,,,,,,,,,,,,,,,,,,,,,,,,,,,,,,,,,,,,,,,,,,,,,,,,,,,,,,,,,,,,,,,,,,,,,,,,,,,,,,,,,,,,,,,,,,,,,,,,,,,,,,,,,,,,,,,,,,,,,,,,,
BHOPAL,39,Oo; HYDERABAD,,,,,,,,,,,,,,-,,,,,,,,,,,,,,,,,,,,,,,,,,,,,,,,,,,,,,,,,,,,,,,,,,,,,,,,,,,,,,,,,,,,,,,,,,,,,,,,,,,,,,,,,,,,,,,,,,,,,,,,,,,,,,,,,,,,,,,,,,,,,,,,,,,,,,,,,,,,,,,,,,,,,,,,,,,,,,,,,,,,,,,,,,,,,,,,,,,,,,,,,,,,,,,,,,,,,,,,,,,,,,,,,,,,,,,,,,,,,,,,,,,,,,,,,,,,,
"Oo,",47,OO MADRAS MADURAI,,,,,,,,,,,,,,-,,,,,,,,,,,,,,,,,,,,,,,,,,,,,,,,,,,,,,,,,,,,,,,,,,,,,,,,,,,,,,,,,,,,,,,,,,,,,,,,,,,,,,,,,,,,,,,,,,,,,,,,,,,,,,,,,,,,,,,,,,,,,,,,,,,,,,,,,,,,,,,,,,,,,,,,,,,,,,,,,,,,,,,,,,,,,,,,,,,,,,,,,,,,,,,,,,,,,,,,,,,,,,,,,,,,,,,,,,,,,,,,,,,,,,,,,,,,,
VADODARA,,VARANASI “55 VISHAKHAPATNAM,,,,,,,,,,,,,,-,,,,,,,,,,,,,,,,,,,,,,,,,,,,,,,,,,,,,,,,,,,,,,,,,,,,,,,,,,,,,,,,,,,,,,,,,,,,,,,,,,,,,,,,,,,,,,,,,,,,,,,,,,,,,,,,,,,,,,,,,,,,,,,,,,,,,,,,,,,,,,,,,,,,,,,,,,,,,,,,,,,,,,,,,,,,,,,,,,,,,,,,,,,,,,,,,,,,,,,,,,,,,,,,,,,,,,,,,,,,,,,,,,,,,,,,,,,,,
,5,GOA.,,,,,,,,,,,,,,,,,SOO,,,40,,4,,173,17,0,17,155,20,175,22.52,17,1,0,1,15,2,17,2.19,,,,,,,,57,3,fe),3,56,5,61,7.85,1,1,fe),1,12,Oo,12,1.54,0,ie),,,0,fe],fe],-,0,fe},fe),0,0,i9),ie),-,1,0,,0,0,1,1,i,21,0,,,2,22,24,3.09,,,,,,,,,,,,,,,,,,257,,1,24,3,27,847,,,,,,,,,,,,,18,,,0,17,1,18,2.32,,,,,,,,,0,0,,0,,,,7,0,,0},,,0,,-,,0,fe),0,ie),0,fe),-,,,,,,,,,3,0,,fe),2,1,3,.39,11,(0),fo),),,4,15,1.93,,0,,0,0,,,-,0,0,0,0,0,0,,-,1021,893,194,1087,200,20,220,28.31,,om 0,,fe),,,,,,9 fe),,(0),9,,9,1.16,,5,(0),,,21,3,24,3.09,1528,918,196,1114,637,140,777,100.00
,8,PRADESH,,,,,,,,,,,,,,,0,,,OO,,,,,,38,fe),,0,29,12,41,3.68,,,,,,,,,,,,,,,,,,,,,,,,,,,,,,,,,,,,,,,,,,,,,,,,,,,,,,,,,,,,,,,,,,,,,,,,,,,,,,,,,,,,,,,,,,,,,,,,,,,,,,,,,,,,,,,,,,,,,,,,,,,,,,,,,,,,,,,,,,,,,,,,,,,,,,,,,,,,39,0,,fe),26,28,54,4.85,,,,,,,,,,,,,,,,,1704,2651,702,3353,596,113,709,63.70,,,,,,,,,,,,,,,,,,9,,Oo,,12,1,13,1.17,2057,2657,702,3359,877,236,1113,100.00
,13,,,,,,,,,,,,,,,,76,,FAO,,BB,,BB,,,,,,,,,,,,,,,,,,,,,,,,,,,,,,,,,,,,,,,,,,,,,,,,,,,,,,,,,,,,,,,,,,,,,,,,,,,,,,,,,,,,,,,,,,,,,,,,,,,,,,,,,,,,,,,,,,,,,,,,,,,,,,,,,,,,,,,,,,,,,,,,,,,,,,,,,,,,,,,,,,,,,,,,,,,,,,,,,,,,,,,,,,,,,,,,,,,,,,,,,,,,,,,,,,,,,,,,,,,,,,,,,,,,,,
15 0 0 OF OO OF OF,17,MIZORAM [line 2] 17 NAGALAND ie) ie} ie} 0 0 fe) fe) -,,,,,,,,,,,,,,,0,,,"Oo, 07",,,,ee,,,,,,,,,,,,,,,,,,,,,,,,,,,,,,,,,,,,,,,,,,,,,,,,,,,,,,,,,,,,,,,,,,,,,,,,,,,,,,,,,,,,,,,,,,,,,,,,,,,,,,,,,,,,,,,,,,,,,,,,,,,,,,,,,,,,,,,,,,,,,,,,,,,,,,,,,,,,,,,,,,,,,,,,,,,,,,,,,,,,,,,,,,,,,,,,,,,,,,,,,,,,,-,,,,,,,,,,,,,,,,,,,,,,,,
15 0 0 OF OO OF OF,19,ORISSA [line 2],,,,,,,,,,,,,,,3,0,,,8,,,009,,,,,,,,,,,,,,,,,,,,,,,,,,,,,,,,,,,,,,,,,,,,,,,,,,,,,,,,,,,,,,,,,,,,,,,,,,,,,,,,,,,,,,,,,,,,,,,,,,,,,,,,,,,,,,,,,,,,,,,,,,,,,,,,,,,,,,,,,,,,,,,,,,,,,,7 Oo,OF,,5,,2 7,.20,,,,,,,,,,,,,,,,,,,,,,,,,,,,,,,,,,,,,,,,,,,,,,,,,,,,,,,,,,,,,,,,,,,,,,,,,
15 0 0 OF OO OF OF,21,- SIKKIM,,,,,,,,,,,,,,,0,,,ne,,oO,"0,",,,1,fo),0,0,6,0,6,6.06,1,,2... 0,2,2,,2,2.02,,,,,,,,16,2,fe),2i,21,1,22,22.22,0,0,te),,1,,1,1.01,,,,,,,,,0,fo),0,0,f°),,0,-,1,,0,,0,1,1,1.01,,0,oO:,Oo,,,0,,0,0,0,om,,Ot,,,,0,,,90,,,-,,SOP,,OO,2,,012,2.02,2,0,,,2,,2,2.02,,,,,8,(6),1,1,7,0,7,7.07,,,,,,,,,,,,,,,,,1,0,,Ce),1,fe),1,1.01,0,,(0),0,0,,,-,,"0 0,",,0,,Oo.,om,,,,,,,,,,,,,,,,,,0,fe],Oo,(0),0,fe),fe),-,,1,0,1,0,0,,,83,97,31,128,25,5,30,30.30,,0 0,0,fe),fe),fo),0,-,,0 0,ie),,0,,,-,,,,,,,,,,132,103,32,135,81,18,99,100.00
"23. TRIPURA Oo, oO, Oo. Oo",26,-,,,,,,,,,,,,,,,0,,,OO,,,,- -,,,,,,,,,,,,,,,,,,,,,,,,,,,,,,,,,,,,,,,,,,,,,,,,,,,,,,,,,,,,,,,,,,,,,,,,,,,,,,,,,,,,,,,,,,0,9,0,3,0,,300 250,,,,,,,,,,,,,,,,,,,,,,,,,,,,,,,,,,,,,,,,,,,,,,,,,,,,,,0,,,,,OF,-,,,,,,,,,,,,,,,,,,,,,,,,,0,0,,0,"0,",0,,,,,,,,,,,,,,,,,,,,,,,,,,,,,,,,,,,,,,,,,,,
"23. TRIPURA Oo, oO, Oo. Oo",28,D & NHAVELI,,,,,,,,,,,,,,,,,,,,,too 2,2.22,,16,,,,15,4,16,17.78,1,0,Oo;,oO,1,,1,1.11,,,,,,,,4,,,of,4,1,5,5.56,,fe),,,,,,-,1,fe},0,0,1,,1,1.11,,,,,,,,,,,,,,,,,3,0,,0,,3,3,3.33,,,,,,,,,,"0 Oo,",,,,0,,eet,,OO,,,,,,838,1,0,om,,1,fe),1,1.11,,,,,1,,fe},ie},4,fe),1,1.11,1,fe),(0),0,fe),1,1,1.11,,,,,,,,,,,,,,,,,0,,fe},,,fe),fe},-,,,Oo,0,0,,,-,1,,fe),,1,2,3,3.33,0,,0,fe),,,,,,,,,,,,,,,,,,,,,34,38,5,43,32,25,34,37.78,,,,,,,,,,0 fe},fe},,0,,,-,,6,,0,,3,3,6,6.67,86,38,5,43,74,16,90,100.00
"31 LAKSHADWEEP oO, oO, 9 oO, o oO",,- TOTAL (UTs) [line 2],,,,,,,,,,,,,,,639,108,49,157,471,203,674,.34,,,,,,,,,,,,,,,,,,,,,,,,,,,,,,,,,,,,,,,,,,,,,,,,,,,,,,,,,,,,,,,,,,,,,,,,,,,,,,,,,,,,,,,,,,,,,,,,,,,,,,,,,,,,,,,,,,,,,,,,,,,,,,,,,,,,,,,,,,,,,,,,,,,,,,,,,,,,,,,,,,,,,,,,,,,,,111,42,13,55,41,23,64,.03,,,,,,,,,,,,,,,,,,,,,,,,,,,,,,,,,,,,,,,,,,,,,,,,,
Cities:,,3£,,,,,,,,,,,,,,,0,,OO,,,8,0,,,,,,,,,,,,,,,,,,,,,,,,,,,,,,,,,,,,,,,,,,,,,,,,,,,,,,,,,,,,,,,,,,,,,,,,,,,,,,,,,,,,,,,,,,,,,,,,,,,,,,,,,,,,,,,,,,,,,,,,,,,,,,,,,,,,,,,,,,,,,,,,,,,,,,,,,,,,,,,,,,,,,,,,,,,,,,,,,,,,,,,,,,,,,,,,,,,,,,,,,,,,,,,,,,,,,,,,,,,,,,,,,,,,,,
36 BOMBAY BBB at A,,3§,,,,,,,,,,,,,,,,,OO,,OO,,OO,-,,,,,,,,,,,,,,,,,,,,,,,,,,,,,,,,,,,,,,,,,,,,,,,,,,,,,,,,,,,,,,,,,,,,,,,,,,,,,,,,,,,,,,,,,,,,,,,,,,,,,,,,,,,,,,,,,,,,,,,,,,,,,,,,,,,,,,,,,,,,,,,,,,,,,,,,,,,,,,,,,,,,,,,,,,,,,,,,,,,,,,,,,,,,,,,,,,,,,,,,,,,,,,,,,,,,,,,,,,,,,,,,,,,,,
36 BOMBAY BBB at A,39,DELHIICITY),,,,,,,,,,,,,,,23,ry:,,a),,3,47,36,,,,,,,,,,,,,,,,,,,,,,,,,,,,,,,,,,,,,,,,,,,,,,,,,,,,,,,,,,,,,,,,,,,,,,,,,,,,,,,,,,,,,,,,,,,,,,,,,,,,,,,,,,,,,,,,,,,,,,,,,,,,,,,,,,,,,,,,,,,,,,,,,,,,,,,,,,,,,,,,,,,,,,,,,,,,,,,,,,,,,,,,,,,,,9952,8099,947,9046,1667,221,1888,39.56,,,,,,,,,,,,,,,,,,,,,,,,,,,,,,,,,
41 INDORE 1 oO. Oo; oO. 1 - Aa,47,MADRAS -,,,,,,,,,,,,,,,,0,,,,,OO,,-,58,13,0,13,47,1,58,4.30,17,1,,1,15,4,19,1.41,,,,,,,,53,6,1,7,45,8,53,3.93,0,0,,fe),0,0,,-,1,0,0,fe),1,fe),1,.07,1,0,0],fe),1,fe),1,.07,3,2,0,2,3,,3,22,162,6,75,81,25,137,162,12.01,120,17,10,27,51,69,120,8.90,,,,,,,,,35,5,,5,33,2,35,2.59,6,0,0,,5,1,6,44,,,0} 0,0] 0 7,41,8,fe),8,41,ie),41,3.04,,,,,,,,,,,,,,,,,9,0,"Oo,",0,5,4,9,67,,,,,,,,,,,,,,,,,,,(0),(0),fe),fe),,-,72,22,1,33,47,26,73,5.41,,,,,,,,,,,ie),0,0,,OO,- -,,,,,,,,,,ie} 0,0,0,,ie],0,-,,,,,,,,,14 58 4.30,94,34,20,54,68,20,88,6.52,6195,706,3313,4019,958,391,1349,100.00
41 INDORE 1 oO. Oo; oO. 1 - Aa,52,- SURAT,,,,,,,,,,,,,,,2,,,f°),,23,2,,,97,,0,0,89,8,97,11.70,,38,07,0,30,8,38,4.58,,,,,,,,92,om,0,,73,19,92,11.10,24,),,,20,4,24,2.90,,15 fe),fe},fe},15,,15,1.81,0,0,0...,fe),0,0,fe),,1,0,0,,,1,11,12,37,,,,7,30,37,4.46,146,,0,,39,107,146,17.61,,te),fe),0,,0,fe),-,,,,,,,,,13,,fe),fe),12,1,13,1.57,,,,,,,,,,,,,3,0,fe),fe),2,4,3,36,(0),0,),(0),fe),fe),(0),-,34,0,0,0,18,16,34,4.10,,0 ie),fe),0,fe),ie),0,2,,,,,,,,,4,(e),(0),fe),3,1,4,48,43,0,,oo,24,19,43,5.19,,,,,,,,,,,,,,,,,1379,971,289,1260,120,13,133,16.04,0,0,0,0,fe},fe],0,,,i?) fe},0,fe),0,,0,-,4 99 11.94,9,fe),0,,9,0,9,1.09,2075,971,289,1260,591,238,829,100.00
,,“~3 ASSAM,,,,,,,,,,,,,,,,,,,,,,,88,,,,,,,,,,,,,,,,,,,,,,,,,,,,,,,,,,,,,,,,,,,,,,,,,,,,,,,,,,,,,,,,,,,,,,,,,,,,,,,,,,,,,,,,,,,,,,,,,,,,,,,,,,,,,,,,,,,,,,,,,,,,,,,,,,,,,,,,,,,,,,,,,,,,,,,,,,,,,,,,,,,,,,,,,,,,,,,,,,,,,,,,,,,,,,,,,,,,,,,,,,,,,,,,,,,,,,,,,,,,,,,,,,,,
,,~8 (GOA,,,,,,,,,,,,,,,,,,,,,,,51,,,,,,,,,,,,,,,,,,,,,,,,,,,,,,,,,,,,,,,,,,,,,,,,,,,,,,,,,,,,,,,,,,,,,,,,,,,,,,,,,,,,,,,,,,,,,,,,,,,,,,,,,,,,,,,,,,,,,,,,,,,,,,,,,,,,,,,,,,,,,,,,,,,,,,,,,,,,,,,,,,,,,,,,,,,,,,,,,,,,,,,,,,,,,,,,,,,,,,,,,,,,,,,,,,,,,,,,,,,,,,,,,,,,
,9,JAMMU & KARNATAKA,,,,,,,,,,,,,,,,,,,,,,,09,,,,,,,,,,,,,,,,,,,,,,,,,,,,,,,,,,,,,,,,,,,,,,,,,,,,,,,,,,,,,,,,,,,,,,,,,,,,,,,,,,,,,,,,,,,,,,,,,,,,,,,,,,,,,,,,,,,,,,,,,,,,,,,,,,,,,,,,,,,,,,,,,,,,,,,,,,,,,,,,,,,,,,,,,,,,,,,,,,,,,,,,,,,,,,,,,,,,,,,,,,,,,,,,,,,,,,,,,,,,,,,,,,,,
KERALA,13,12.) MAHARASHTRA,,,,,,,,,,,,,,,,,,,,,,,01,,,,,,,,,,,,,,,,,,,,,,,,,,,,,,,,,,,,,,,,,,,,,,,,,,,,,,,,,,,,,,,,,,,,,,,,,,,,,,,,,,,,,,,,,,,,,,,,,,,,,,,,,,,,,,,,,,,,,,,,,,,,,,,,,,,,,,,,,,,,,,,,,,,,,,,,,,,,,,,,,,,,,,,,,,,,,,,,,,,,,,,,,,,,,,,,,,,,,,,,,,,,,,,,,,,,,,,,,,,,,,,,,,,,
KERALA,15,MANIPUR MEGHALAYA,,,,,,,,,,,,,,,,,,,,,,,424,,,,,,,,,,,,,,,,,,,,,,,,,,,,,,,,,,,,,,,,,,,,,,,,,,,,,,,,,,,,,,,,,,,,,,,,,,,,,,,,,,,,,,,,,,,,,,,,,,,,,,,,,,,,,,,,,,,,,,,,,,,,,,,,,,,,,,,,,,,,,,,,,,,,,,,,,,,,,,,,,,,,,,,,,,,,,,,,,,,,,,,,,,,,,,,,,,,,,,,,,,,,,,,,,,,,,,,,,,,,,,,,,,,,
KERALA,18,ORISSA OO,,,,,,,,,,,,,,,,,,,,,,,46,,,,,,,,,,,,,,,,,,,,,,,,,,,,,,,,,,,,,,,,,,,,,,,,,,,,,,,,,,,,,,,,,,,,,,,,,,,,,,,,,,,,,,,,,,,,,,,,,,,,,,,,,,,,,,,,,,,,,,,,,,,,,,,,,,,,,,,,,,,,,,,,,,,,,,,,,,,,,,,,,,,,,,,,,,,,,,,,,,,,,,,,,,,,,,,,,,,,,,,,,,,,,,,,,,,,,,,,,,,,,,,,,,,,
KERALA,25,WESTBENGAL,,,,,,,,,,,,,,,,,,,,,,,92,,,,,,,,,,,,,,,,,,,,,,,,,,,,,,,,,,,,,,,,,,,,,,,,,,,,,,,,,,,,,,,,,,,,,,,,,,,,,,,,,,,,,,,,,,,,,,,,,,,,,,,,,,,,,,,,,,,,,,,,,,,,,,,,,,,,,,,,,,,,,,,,,,,,,,,,,,,,,,,,,,,,,,,,,,,,,,,,,,,,,,,,,,,,,,,,,,,,,,,,,,,,,,,,,,,,"161 330, 3.32",,,,,,,,,,,,,,,,
KERALA,,ITT,,,,,,,,,,,,,,,,,,,,,,,959,,,,,,,,,,,,,,,,,,,,,,,,,,,,,,,,,,,,,,,,,,,,,,,,,,,,,,,,,,,,,,,,,,,,,,,,,,,,,,,,,,,,,,,,,,,,,,,,,,,,,,,,,,,,,,,,,,,,,,,,,,,,,,,,,,,,,,,,,,,,,,,,,,,,,,,,,,,,,,,,,,,,,,,,,,,,,,,,,,,,,,,,,,,,,,,,,,,,,,,,,,,,,,,,,,,,,,,,,,,,,,,,,,,,
LAKSHADWEEP,,"34, BANGALORE",,,,,,,,,,,,,,,,,,,,,,,-,,,,,,,,,,,,,,,,,,,,,,,,,,,,,,,,,,,,,,,,,,,,,,,,,,,,,,,,,,,,,,,,,,,,,,,,,,,,,,,,,,,,,,,,,,,,,,,,,,,,,,,,,,,,,,,,,,,,,,,,,,,,,,,,,,,,,,,,,,,,,,,,,,,,,,,,,,,,,,,,,,,,,,,,,,,,,,,,,,,,,,,,,,,,,,,,,,,,,,,,,,,,,,,,,,,,,,,,,,,,,,,,,,,,
LAKSHADWEEP,41,"40, HYDERABAD (INDORE",,,,,,,,,,,,,,,,,,,,,,,-,,,,,,,,,,,,,,,,,,,,,,,,,,,,,,,,,,,,,,,,,,,,,,,,,,,,,,,,,,,,,,,,,,,,,,,,,,,,,,,,,,,,,,,,,,,,,,,,,,,,,,,,,,,,,,,,,,,,,,,,,,,,,,,,,,,,,,,,,,,,,,,,,,,,,,,,,,,,,,,,,,,,,,,,,,,,,,,,,,,,,,,,,,,,,,,,,,,,,,,,,,,,,,,,,,,,,,,,,,,,,,,,,,,,
LAKSHADWEEP,,"44, KOCH",,,,,,,,,,,,,,,,,,,,,,,35,,,,,,,,,,,,,,,,,,,,,,,,,,,,,,,,,,,,,,,,,,,,,,,,,,,,,,,,,,,,,,,,,,,,,,,,,,,,,,,,,,,,,,,,,,,,,,,,,,,,,,,,,,,,,,,,,,,,,,,,,,,,,,,,,,,,,,,,,,,,,,,,,,,,,,,,,,,,,,,,,,,,,,,,,,,,,,,,,,,,,,,,,,,,,,,,,,,,,,,,,,,,,,,,,,,,,,,,,,,,,,,,,,,,
Union Territories:,31,- LAKSHADWEEP,,,,,,,,,,,,,,,,,,,,,,,,,,oo,,fe),oO,0,,,fe) (0),0,0,0,,,-,,,,,,,,0,Oo;,0},,fe),0,,-,,fo),fe),,,fe),,1,,,,,,,,,,,fe},fe),0,0,fe),-,,,,,,,,,,0,),,,,fo),,,oO,,,Onn,fe),0,-,,om,,,,0,0,os,,,,,,OO,0,-,,0,0,fe),0,fe),,,,,0,0 0,,,,,,,,,,,,,,,,,,,,,,,,,,,,,,,,,,,,,,,,,,0,,Oo,,oO;,1 0,-,,,,,,,,,,,,,,,,,,fe),0,fe),0,0,0,-,,Oo,0,oO.,,,,,0,,,0,0,,0,,,ie},0,ie},0,0,0,-,,0 fe),0,0,ie),0,0,-,,,,0,0,0,,fe),-,,,,,,,,
Union Territories:,,TOTAL(All-India),,,,,,,,,,,,,,,,,,,,,,,,19633,472,197,669,13077,6837,19914,9.90.,4271,133,43,176,3479,824,4303,2.14,,,,,,,,4870,391,"120,",511,,754,4624,2.30,868,125,42,167,640,149,789,.39,796,244,18,262,549,64,613,.30,531,144,113,257,217,253,470,.23,583,48,19,67,388,191,579,.29,6192,184,434,618,1281,4922,6203,3.08,,,,,,,,,1664,560,"90,",650,1169,231,+1400,"70,",,,,,,,,,1913,156,68,224,1324,452,1776,88,,,,,,,,,,,,,750,46,25,71,554,181,735,.37,400,48,20,68,322,125,447,.22,8273,421,435,856,4574,3077,7651,3.80,574,23,16,39,448,178,626,.31,,,,,,,,,4890,129,92,221,3000,1817,4817,2.39,5949,265,168,433,3473,2126,5599,2.78,,,,,,,,,,,,,,,,,272082,224814,57348,282162,57466,12334,69800,34.70,2719,311,85,396,2206,524,2730,1.36,15786,3796,652,4448,10221,2024,12245,6.09,,14378,918,352,1270,10376,3692,14068,6.99,408992,236523,61748,298271,142879,58285,201164,100.00
Cities:,41,HYDERABAD [line 2],,,,,,,,,,,,,,,,,,,,,,,,,,,-,,,,,,,,,,,,,,,,,,,,,,,,,,,,,,,,,,,,,,,,,,,,,,,,,,,,,,,,,,,,,,,,,,,,,,,,,,,,,,,,,,,,,,,,,,,,,,,,,,,,,,,,,,,,,,,,,,,,,,,,,,,,,,,,,,,,,,,,,,,,,,,,,,,,,,,,,,,,,,,,32,8,6,14,13,5,18,1.96,,,,,,,,,,,,,,,,,,,,,,,,,,,,,,,,,,,,,,,,,,,,,,,,,,,,,,,,,
,6,GOA [line 2],,,,,,,,,,,,,,,,,,,,,,,,,,,,,,,,339,6,,8,272,78,350,2.58,,,,,,,,,,,,,,,,,,,,,,,,,,,,,,,,,,,,,,,,,,,,,,,,,,,,,,,,,,,,,,,,,,,,,,,,,,,,,,,,,,,,,,,,,,,,,,,,,,,,,,,,,,,,,,,,,,,,,,,,,,,,,,,,,,,,,,,,,,,,,,,,,,,,,,,,,,,,,,,,,,,,,,,,,,,,,,,,,,,,,,,,,,,,,,,,,,,,,,,,,,,,,,,,,,,,
,9,HIMACHAL PRADESH [line 2] ee,,,,,,,,,,,,,,,,,,,,,,,,,,,,,,,,,"14,",,,eee,3,17,1.55,,,,,,,,,,,,,,,,,,,,,,,,,,,,,,,,,,,,,,,,,,,,,,,,,,,,,,,,,,,,,,,,135,101,"=17,",+118,133,10,143,13.00,,,,,,,,,,,,,,,,,,,,,,,,,,,,,,,,,,,,,,,,,,,,,,,,,,,,,,,,,,,,,,,,,,,,,,,,,,,,,,,,,,,,,,,,,,,,,,,,,,,,,,,,,,,,,,,,,,,,,,,,,,,,,,,,,,,,,,,,,,,,,
,14,MAHARASHTRA [line 2],,,,,,,,,,,,,,,,,,,,,,,,,,,,,,,,,,,0},2,),2,1.23,,,,,,,,,,,,,,,,,,,,,,,,,,,,,,,,,,,,,,,,,,,,,,,,,,,,,,,,,,,,,,,,,,,,,,,,,,,,,,,,,,,,,,,,,,,,,,,,,,,,,,,,,,,,,,,,,,,,,,,,,,,,,,,,,,,,,oO oO.,),Oo;,0,0,0,-,,,,,,,,,,,,,,,,,,,,,,,,,,,,,,,,,,,,,,,,,,,,,,,,,-,0,,,,,,-,,,,,,,,,,,,,,,,,
,15,-,,,,,,,,,,,,,,,,,,,,,,,,,,,,,,,,,ee,,,3,0,9,5.49,,,,,,,,,,,,,,,,,,,,,,,,,,,,,,,,,,,,,,,,,,,,,,,,,,,,,,,,,,,,,,,,,,,,,,,,,,,,,,,,,,,,,,,,,,,,,,,,,,,,,,,,,,,,,,,,,,,,,,,,,,,,,,,,,,,,,,,,,,,,,,,,,,,,,,,,,,,,,,,,,,,,,,,,,,,,,,,,,,,,,,,,,,,,,,,,,,,,,,,,,,,,,,,,,,,,
Union) Territories:,,Cities:,,,,,,,,,,,,,,,,,,,,,,,,,,,,,,,,,,-,,,,,,,,,,,,,,,,,,,,,,,,,,,,,,,,,,,,,,,,,,,,,,,,,,,,,,,,,,,,,,,,,,,,,,,,,,,,,,,,,,,,,,,,,,,,,,,,,,,,,,,,,,,,,,,,,,,,,,,,,,,,,,,,,,,,,,,,,,,,,,,,,,,,,,,,,,,,,,,,,,,-,,,,,,,,,,,,,,,,,,,,,7,,,,,,,,,,,,,,,,,,,,,,,,,,,,,,,,,
Union) Territories:,55,VISHAKH/.PATNAM,,,,,,,,,,,,,,,,,,,,,,,,,,,,,,,,,19 (0),0,,19,2,21,5.47,,,,,,,,,,,,,,,,,,,,,,,,,,,,,,,,,,,,,,,,,,,,,,,,,,,,,,,,,,,,,,,,,,,,,,,,,,,,,,,,,,,,,,,,,,,,,,,,,,,,,,,,,,,,,,,,,,,,,,,,,,,,,,,,,,,,,,,,,,,,,,,,,,,,,,,,,,,,,,,,,,,,,,,,,,,,,,,,,,,,,,,,,,,,,,,,,,,,,,,,,,,,,,,,,,,,
Cities:,46,4 KOCH a om oO; Oo; o! oO. a LUDHIANA,,,,,,,,,,,,,,,,,,,,,,,,,,,,,,,,,,,,,,,,,,,,a 1,,,,,,,,,,,,,,,,,,,,,,,,,,,,,,,,,,,,,,,,,,,,,,,,,,,,,,,,,,,,,,,,,,,,,,,,,,,,,,,,,,,,,,,,,,,,,,,,,,,,,,,,,,,,,,,,,,,,,,,,,,,,,,,,,,,,,,,,,,,,,,,,,,,,,,,,,,,,,,,,,,,,,,,,,,,,,,,,,,,,,,,,,,,,,,,,,,,,,,,,,,,,,,,
,,- 23,,,,,,,,,,,,,,,,,,,,,,,,,,,,,,,,,,,,,,,,,,,,,,,0,,0,,(0),fe),Oo.,-,,,,,,,,,,,,,,,,,,,,,,,,,,,fe),(0),,fe),,-,,,,,,,,,,,,,,,,,,,,,,,,,,,,,,,,,,,,,,,,,,OOF,Oo. 0 0,0,,,,,,,,,,,,,,,,,,,,,,,,,,,,,,,,,,,,,,,,,,,,,,,,,,,,,,,,,,,,,,,,,,,,,,,,,,,,,,,,,,,,,,,,,,,,,,,,,,,,,,,,,,,,,,,,,,,,,,,,,
,,"""25 WEST BENGAL",,,,,,,,,,,,,,,,,,,,,,,,,,,,,,,,,,,,,,,,,,,,,,,167,"71,",14,85,89,240,113,1.14,,,,,,,,,,,,,,,,,,,,,,,,,,,,,,,,,,,,,,,,,,,,,,,,,,,,,,,,,,,,,,,,,,,,,,,,,,,,,,,,,,,,,,,,,,,,,,,,,,,,,,,,,,,,,,,,,,,,,,,,,,,,,,,,,,,,,,,,,,,,,,,,,,,,,,,,,,,,,,,,,,,,,,,,,,,,,,,,,,,,,,,,,,,,,,,,,,,,,
,,TotatiStates),,,,,,,,,,,,,,,,,,,,,,,,,,,,,,,,,,,,,,,,,,,,,,,4613,383,119,602,3662,708,4370,2.25,,,,,,,,,,,,,,,,,,,,,,,,,,,,,,,,,,,,,,,,,,,,,,,,,,,,,,,,,,,,,,,,,,,,,,,,,,,,,,,,,,,,,,,,,,,,,,,,,,,,,,,,,,,,,,,,,,,,,,,,,,,,,,,,,,,,,,,,,,,,,,,,,,,,,,,,,,,,,,,,,,,,,,,,,,,,,,,,,,,,,,,,,,,,,,,,,,,,,
Union Territories:,,CHANDIGARH [line 2],,,,,,,,,,,,,,,,,,,,,,,,,,,,,,,,,,,,,,,,,,,,,,,-,,,,,,,,,,,,,,,,,,,,,,,,,,,,,,,,,,,,,,,,,,,,,,,,,,,,,,,,,,,,,,,,,,,,,,,,,,,,,,,,,,,,,,,,,,,,,,,,,,,,,,,,,,,,,,,,,,,,,,,,,,,,,,,,,,,,,,,,,,,,,,,,,,,,,,,,,,,,,,,,,,,,,,,,,,,,,,,,,,,,,,,,,,,,,,,,,,,,,,,,,,,,
Union Territories:,,TOTAL(All-India) [line 2] Cities:,,,,,,,,,,,,,,,,,,,,,,,,,,,,,,,,,,,,,,,,,,,,,,,,,,,3870,,,,,,,,,,,,,,,,,,,,,,,,,,,,,,,,,,,,,,,,,,,,,,,,,,,,,,,,,,,,,,,,,,,,,,,,,,,,,,,,,,,,,,,,,,,,,,,,,,,,,,,,,,,,,,,,,,,,,,,,,,,,,,,,,,,,,,,,,,,,,,,,,,,,,,,,,,,,,,,,,,,,,,,,,,,,,,,,,,,,,,,,,,,,,,,,,,,,,,,,
Union Territories:,41,-,,,,,,,,,,,,,,,,,,,,,,,,,,,,,,,,,,,,,,,,,,,,,,,,34.35,C;,3,26,64,31,3.37,,,,,,,,,,,,,,,,,,,,,,,,,,,,,,,,,,,,,,,,,,,,,,,,,,,,,,,,,,,,,,,,,,,,,,,,,,,,,,,,,,,,,,,,,,,,,,,,,,,,,,,,,,,,,,,,,,,,,,,,,,,,,,,,,,,,,,,,,,,,,,,,,,,,,,,,,,,,,,,,,,,,,,,,,,,,,,,,,,,,,,,,,,,,,,,,,,,,,
Union Territories:,53,SURAT [line 2],,,,,,,,,,,,,,,,,,,,,,,,,,,,,,,,,,,,,,,,,,,,,,,24,0,0,0,19,5,24,4.74,,,,,,,,,,,,,,,,,,,,,,,,,,,,,,,,,,,,,,,,,,,,,,,,,,,,,,,,,,,,,,,,,,,,,,,,,,,,,,,,,,,,,,,,,,,,,,fe),,,,,fe),-,,,,,,,,,,,,,,,,,,,,,,,,,,,,,,,,,,,,,,,,,,,,,,,,,,,,,,,,,,,,,,,,,,,,,,,,,,,,,,,,,,,,,,,,,,,,,,,,,
,,States:,,,,,,,,,,,,,,,,,,,,,,,,,,,,,,,,,,,,,,,,,,,,,,,,,,,,,,,,,,,,,,-,,,,,,,,,,,,,,,,,,,,,,,,,,,,,,,,,,,,,,,,,,,,,,,,,,,,,,,,,,,,,,,,,,,,,,,,,,,,,,,,,,,,,,,,,,,,,,,,,,,,,,,,,,,,,,,,,,,,,,,,,,,,,,,,,,,,,,,,,,,,,,,,,,,,,,,,,,,,,,,,,,,,,,,,,,,,,,,,,,,,,,,,,,,,,
37. CALCUTTA fe) 0 fe) fe) Oo,48,MADURAI fe) fe) fe) fe) 0 0 -,,,,,,,,,,,,,,,,,,,,,,,,,,,,,,,,,,,,,,,,,,,,,,,,,,,,,,,,,,,,,,-,,,,,,,,,,,,,,,,,,,,,,,,,,,,,,,,,,,,,,,,,,,,,,,,,,,,,,,,,,,,,,,,,,,,,,,,,,,,,,,,,,,,,,,,,,,,,,,,,,,,,,,,,,,,,,,,,,,,,,,,,,,,,,,,,,,,,,,,,,,,,,,,,,,,,,,,,,,,,,,,,,,,,,,,,,,,,,,,,,,,,,,,,,,,,
37. CALCUTTA fe) 0 fe) fe) Oo,55,VARANASI [line 2],,,,,,,,,,,,,,,,,,,,,,,,,,,,,,,,,,,,,,,,,,,,,,,,,,,,,,,5,fe),,,5,,5,1.30,,6 0,,0} ie},6,0,6,1.56,,,,,,,,,,,,,,,,,,,,,,,,,,,,,,,,,,,,,,,,,,,,,,,,,,,,,,,,,,,,,,,,,,,,,,,,,,,,,,,,,,,,,,,,,,,,,,,,,,,,,,,,,,,,,,,,,,,,,,,,,,,,,,,,,,,,,,,,,,,,,,,,,,,,,,,,,,,,,,,,,,,,,,,,,,,,,,,,,,,,,
9 JAMMU & KASHMIR fe) fe) 0 fe) fe) fe) 0,,-10,,,,,,,,,,,,,,,,,,,,,,,,,,,,,,,,,,,,,,,,,,,,,,,,,,,,,,,,,,,,,,,16,3,1,4,13,2,15,.14,,,,,,,,,,,,,,,,,,,,,,,,,,,,,,,,,,,,,,,,,,,,,,,,,,,,,,,,,,,,,,,,,,,,,,,,,,,,,,,,,,,,,,,,,,,,,,,,,,,,,,,,,,,,,,,,,,,,,,,,,,,,,,,,,,,,,,,,,,,,,,,,,,,,,,,,,,,,,,,,,,,,,,,,,,,,,,,,,,,,,
17. NAGALAND fe) ie} 0 fe) fe] -,21,RAJASTHAN [line 2],,,,,,,,,,,,,,,,,,,,,,,,,,,,,,,,,,,,,,,,,,,,,,,,,,,,,,,,,,,,,,,,fe) 0,fe),fe),0,0,fe),-,,,,,,,,,,,,,,,,,,,,,,,,,,,,,,,,,,,,,,,,,,,,,,,,,,,,,,,,,,,,,,,,,,,,,,,,,,,,,,,,,,,,,,,,,,,,,,,,,,,,,,,,,,,,,,,,,,,,,1,1,0,1,fe),1,1,1.01,,,,,,,,,,,,,,,,,,,,,,,,,,,,,,,,,-,,,,,,,,,4,,(0),,0,4,4,4.04,,,,,,,,
State:,20,PUNJAB [line 2],,,,,,,,,,,,,,,,,,,,,,,,,,,,,,,,,,,,,,,,,,,,,,,,,,,,,,,,,,,,,,,,,,,,,,,7,0,,0,7,0,7,.06,,,,,,,,,,,,,,,,,,,,,,,,,,,,,,,,,,,,,,,,,,,,,,,,,,,,,,,,,,,,,,,,,,,,,,,,,,,,,,,,,,,,,,,,,,,,,,,,,,,,,,,,,,,,,,,,,,,,,,,,,,,,,,,,,,,,,,,,,,,,,,,,,,,,,,,,,,,,,,,,,,,,,,,,,,,,,
State:,,TotanSiates),,,,,,,,,,,,,,,,,,,,,,,,,,,,,,,,,,,,,,,,,,,,,,,,,,,,,,,,,,,,,,,,,,,,,,,522,144,112,256,213,249,462,.24,,,,,,,,,,,,,,,,,,,,,,,,,,,,,,,,,,,,,,,,,,,,,,,,,,,,,,,,,,,,,,,,,,,,,,,,,,,,,,,,,,,,,,,,,,,,,,,,,,,,,,,,,,,,,,,,,,,,,,,,,,,,,,,,,,,,,,,,,,,,,,,,,,,,,,,,,,,,,,,,,,,,,,,,,,,,,
27 CHANDIGARH om fe) fe) fe) -,28,,,,,,,,,,,,,,,,,,,,,,,,,,,,,,,,,,,,,,,,,,,,,,,,,,,,,,,,,,,,,,,,,,,,,,,,0,0,0,ie),,0,0,-,,,,,,,,,,,,,,,,,,,,,,,,,,,,,,,,,,,,,,,,,,,,,,,,,,,,,,,,,,,,,,,,,,,,,,,,,,,,,,,,,,,,,,,,,,,,,,,,,,,,,,,,,,,,,,,,,,,,,,,,,,,,,,,,,,,,,,,,,,,,,,,,,,,,,,,,,,,,,,,,,,,,,,,,,,,,,
Cities;,,"37,",,,,,,,,,,,,,,,,,,,,,,,,,,,,,,,,,,,,,,,,,,,,,,,,,,,,,,,,,,,,,,,,,,,,,,,,om,0,,0,Oo,),,,,,,,,,,,,,,,,,,3350,4,,8,11,14,250,3.62,,,,,,,,,,,,,,,,,,,,,,,,,,,,,,,,,,,,,,,,,,,,,,,,,,,,,,,,,,,,,,,,,,,,,,,,,,,,,,,,,,,,,,,,,,,,,,,,,,,,,,,,,,,,,,,,,,,,,,,,,,,,,,,,,,,,,,,,,,,,,,,,,,,,,
49 NAGPUR {0} fe) (e) fe) fe) fe) fe) -,,$1 PUNE,,,,,,,,,,,,,,,,,,,,,,,,,,,,,,,,,,,,,,,,,,,,,,,,,,,,,,,,,,,,,,,,,,,,,,,1,1,2,3,,fe},0,-,,,,,,,,,,,,,,,,,,,,,,,,,,,,,,,,,,,,,,,,,,,,,,,,,,,,,,,,,,,,,,,,,,,,,,,,,,,,,,,,,,,,,,,,,,,,,,,,,,,,,,,,,,,,,,,,,,,,,,,,,,,,,,,,,,,,,,,,,,,,,,,,,,,,,,,,,,,,,,,,,,,,,,,,,,,,,
15 MEGHALAYA fe) fe) fe) fe) fe) -,,- 20 RAJASTHAN,,,,,,,,,,,,,,,,,,,,,,,,,,,,,,,,,,,,,,,,,,,,,,,,,,,,,,,,,,,,,,,,,,,,,,,,,,,,,,,9,,fe),),7,2,9,.08,,,,,,,,,,,,,,,,,,,,,,,,,,,,,,,,,,,,,,,,,,,,,,,,,,,,,,,,,,,,,,,,,,,,,,,,,,,,,,,,,,,,,,,,,,,,,,,,,,,,,,,,,,,,,,,,,,,,,,,,,,,,,,,,,,,,,,,,,,,,,,,,,,,,,,,,,,,,,,,,,,,,,
15 MEGHALAYA fe) fe) fe) fe) fe) -,,", WEST BENGAL [line 2]",,,,,,,,,,,,,,,,,,,,,,,,,,,,,,,,,,,,,,,,,,,,,,,,,,,,,,,,,,,,,,,,,,,,,,,,,,,,,,,"570,",46,17,63,377,189,566,29,,,,,,,,,,,,,,,,,,,,,,,,,4891,210,71,282,4072,870,49425,4,,,,,,,,,,,,,,,,,,,,,743,46,25,71,549,179,728,.37,,,,,,,,,,,,,,,,,,,,,,,,,,,,,,,,,,,,,,,,,,,,,,,,,,,,,,,,,,,,,,,,,259361,214265,56000,270265,55142,12032,67174,34.53,,,,,,,,,14782,3718,616,4334,9445,1910,11355,5.84,,,,,,,,,,,,,,,,,
Union Territories:,,27.,,,,,,,,,,,,,,,,,,,,,,,,,,,,,,,,,,,,,,,,,,,,,,,,,,,,,,,,,,,,,,,,,,,,,,,,,,,,,,,,0,om,,,0,,-,,,,,,,,,,,,,,,,,,,,,,,,,,,,,,,,,,,,,,,,,,,,,,,,,,,,,,,,,,,,,,,,,,,,,,,,,,,,,,,,,,,,,,,,,,,,,,,,,,,,,,,,,,,,,,,,,,,,,,,,,,,,,,,,,,,,,,,,,,,,,,,,,,,,,,,,,,,,,,,,,,,,,
Union Territories:,29,DAMAN& OW,,,,,,,,,,,,,,,,,,,,,,,,,,,,,,,,,,,,,,,,,,,,,,,,,,,,,,,,,,,,,,,,,,,,,,,,,,,,,,,0,0,0,0,0,0,0,,,,,,,,,,,,,,,,,,,,,,,,,,,,,,,,,,,,,,,,,,,,,,,,,,,,,,,,,,,,,,,,,,,,,,,,,,,,,,,,,,,,,,,,,,,,,,,,,,,,,,,,,,,,,,,,,,,,,,,,,,,,,,,,,,,,,,,,,,,,,,,,,,,,,,,,,,,,,,,,,,,,,,
Union Territories:,30,DECHI(UT),,,,,,,,,,,,,,,,,,,,,,,,,,,,,,,,,,,,,,,,,,,,,,,,,,,,,,,,,,,,,,,,,,,,,,,,,,,,,,,13,2,20,4,11,2,13,23,,,,,,,,,,,,,,,,,,,,,,,,,,,,,,,,,,,,,,,,,,,,,,,,,,,,,,,,,,,,,,,,,,,,,,,,,,,,,,,,,,,,,,,,,,,,,,,,,,,,,,,,,,,,,,,,,,,,,,,,,,,,,,,,,,,,,,,,,,,,,,,,,,,,,,,,,,,,,,,,,,,,,
Union Territories:,,"32_, PONDICHERRY [line 2]",,,,,,,,,,,,,,,,,,,,,,,,,,,,,,,,,,,,,,,,,,,,,,,,,,,,,,,,,,,,,,,,,,,,,,,,,,,,,,,,2,2,4,11,2,13,220,,,,,,,,,,,,,,,,,,,,,,,,,,,,,,,,,,,,,,,,,,,,,,,,,,,,,,,,,,,,,,,,,,,,,,,,,,,,,,,,,,,,,,,,,,,,,,,,,,,,,,,,,,,,,,,,,,,,,,,,,,,,,,,,,,,,,,,,,,,,,,,,,,,,,,,,,,,,,,,,,,,,,
54 VARANASI (0) ) fe) ) 0 fo) fe) -,,55,,,,,,,,,,,,,,,,,,,,,,,,,,,,,,,,,,,,,,,,,,,,,,,,,,,,,,,,,,,,,,,,,,,,,,,,,,,,,,,1,fe),,,1,fe),1,26,,,,,,,,,,,,,,,,,,,,,,,,,,,,,,,,,,,,,,,,,,,,,,,,,,,,,,,,,,,,,,,,,,,,,,,,,,,,,,,,,,,,,,,,,,,,,,,,,,,,,,,,,,,,,,,,,,,,,,,,,,,,,,,,,,,,,,,,,,,,,,,,,,,,,,,,,,,,,,,,,,,,,
Cities:,43,JAIPUR [line 2],,,,,,,,,,,,,,,,,,,,,,,,,,,,,,,,,,,,,,,,,,,,,,,,,,,,,,,,,,,,,,,,,,,,,,,,,,,,,,,,,,,,,,,,et,,2,1,10,11,1.15,,,,,,,,,,,,,,,,,,,,,,,,,,,,,,,,,,,,,,,,,,,,,,,,,,,,,,,0,,1,0,i,10,,,,,,,,,,,,,,,,,,,,,,,,,,,,,,,,,,,,,,,,,,,,,,,,,,,,,,,,,,,,,,,,,,,,,,,,,,,,,,,,,,,,,,,,,,,,,,,,,
Cities:,,A4,,,,,,,,,,,,,,,,,,,,,,,,,,,,,,,,,,,,,,,,,,,,,,,,,,,,,,,,,,,,,,,,,,,,,,,,,,,,,,,,,,,,,,,,0,0,0,1,2,3,1.04,,,,,,,,,,,,,,,,,,,,,,,,,,,,,,,,,,,,,,,,,,,,,,,,,,,,,,,,,,,,,,,,,,,,,,,,,,,,,,,,,,,,,,,,,,,,,,,,,,,,,,,,,,,,,,,,,,,,,,,,,,,,,,,,,,,,,,,,,,,,,,,,,,,,,,,,,,,,,
Cities:,30,PATNA,,,,,,,,,,,,,,,,,,,,,,,,,,,,,,,,,,,,,,,,,,,,,,,,,,,,,,,,,,,,,,,,,,,,,,,,,,,,,,,,,,,,,,,43,,1,1,6,37,43,16.23,,,,,,,,,,,,,,,,,,,,,,,,,,,,,,,,,,,,,,,,,,,,,,,,,,,,,,,,,,,,,,,,,,,,,,,,,,,,,,,,,,,,,,,,,,,,,,,,,,,,,,,,,,,,,,,,,,,,,,,,,,,,,,,,,,,,,,,,,,,,,,,,,,,,,,,,,,,,,
,,.7,,,,,,,,,,,,,,,,,,,,,,,,,,,,,,,,,,,,,,,,,,,,,,,,,,,,,,,,,,,,,,,,,,,,,,,,,,,,,,,,,,,,,,,,,,,,,,,12600,,8,,,,FD,3.58,,,,,,,,,,,,,,,,,,,,,,,,,,,,,,,,,,,,,,,,,,,,,,,,,,,,,,,,,,,,,,,,,,,,,,,,,,,,,,,,,,,,,,,,,,,,,,,,,,,,,,,,,,,,,,,,,,,,,,,,,,,,,,,,,,,,,,,,,,,,,,,,,,,,,
,8,HIMACHALPRADESH,,,,,,,,,,,,,,,,,,,,,,,,,,,,,,,,,,,,,,,,,,,,,,,,,,,,,,,,,,,,,,,,,,,,,,,,,,,,,,,,,,,,,,,,,,,,,,,,28,,010,,18,28,2.52,,,,,,,,,,,,,,,,,,,,,,,,,,,,,,,,,,,,,,,,,,,,,,,,,,,,,,,,,,,,,,,,,,,,,,,,,,,,,,,,,,,,,,,,,,,,,,,,,,,,,,,,,,,,,,,,,,,,,,,,,,,,,,,,,,,,,,,,,,,,,,,,,,,,,
"17, NAGALAND ot",,23-0 TRIPURA,,,,,,,,,,,,,,,,,,,,,,,,,,,,,,,,,,,,,,,,,,,,,,,,,,,,,,,,,,,,,,,,,,,,,,,,,,,,,,,,,,,,,,,,,,,,,,,,4],064,,4,a,,a,,,,,,,,,,,,,,,,,,,,,,,,,,,,,,,,,,,,,,,,,,,,,,,,,,,,,,,,,,,,,,,,,,,,,,,,,,,,,,,,,,,,,,,,,,,,,,,,,,,,,,,,,,,,,,,,,,,,,,,,,,,,,,,,,,,,,,,,,,,,,,,,,,,,,
"17, NAGALAND ot",23,4},,,,,,,,,,,,,,,,,,,,,,,,,,,,,,,,,,,,,,,,,,,,,,,,,,,,,,,,,,,,,,,,,,,,,,,,,,,,,,,,,,,,,,,,,,,,,,,,O°,,0,,3/1,4,4.44,,,,,,,,,,,,,,,,,,,,,,,,,,,,,,,,,,,,,,,,,,,,,,,,,,,,,,,,,,,,,,,,,,,,,,,,,,,,,,,,,,,,,,,,,,,,,,,,,,,,,,,,,,,,,,,,,,,,,,,,,,,,,,,,,,,,,,,,,,,,,,,,,,,,,
"17, NAGALAND ot",42,INDORE [line 2],,,,,,,,,,,,,,,,,,,,,,,,,,,,,,,,,,,,,,,,,,,,,,,,,,,,,,,,,,,,,,,,,,,,,,,,,,,,,,,,,,,,,,,,,,,,,,,97,11,8,19,13,85,98,11.14,,,,,,,,,,,,,,,,,,,,,,,,,,,,,,,,,,,,,,,,,,,,,,,,,,,,,,,,,,,,,,,,,,,,,,,,,,,,,,,,,,,,,,,,,,,,,,,,,,,,,,,,,,,,,,,,,,,,,,,,,,,,,,,,,,,,,,,,,,,,,,,,,,,,,
"17, NAGALAND ot",45,KOCHI [line 2],,,,,,,,,,,,,,,,,,,,,,,,,,,,,,,,,,,,,,,,,,,,,,,,,,,,,,,,,,,,,,,,,,,,,,,,,,,,,,,,,,,,,,,,,,,,,,,,40 4,7,11,10,19,29,7.25,,,,,,,,,,,,,,,,,,,,,,,,,,,,,,,,,,,,,,,,,,,,,,,,,,,,,,,,,,,,,,,,,,,,,,,,,,,,,,,,,,,,,,,,,,,,,,,,,,,,,,,,,,,,,,,,,,,,,,,,,,,,,,,,,,,,,,,,,,,,,,,,,,,,,
"17, NAGALAND ot",,46°,,,,,,,,,,,,,,,,,,,,,,,,,,,,,,,,,,,,,,,,,,,,,,,,,,,,,,,,,,,,,,,,,,,,,,,,,,,,,,,,,,,,,,,,,,,,,,,19,,fe),fe),12,10,22,16.18,,,,,,,,,,,,,,,,,,,,,,,,,,,,,,,,,,,,,,,,,,,,,,,,,,,,,,,,,,,,,,,,,,,,,,,,,,,,,,,,,,,,,,,,,,,,,,,,,,,,,,,,,,,,,,,,,,,,,,,,,,,,,,,,,,,,,,,,,,,,,,,,,,,,,
"17, NAGALAND ot",,- MADRAS [line 2],,,,,,,,,,,,,,,,,,,,,,,,,,,,,,,,,,,,,,,,,,,,,,,,,,,,,,,,,,,,,,,,,,,,,,,,,,,,,,,,,,,,,,,,,,,,,,,,,,,,,,-,,,,,,,,,,,,,,,,,,,,,,,,,,,,,,,,,,,,,,,,,,,,,,,,,,,,,,,,,,,,,,,,,,,,,,,,,,,,,,,,,,,,,,,,,,,,,,,,,,,,,,,,,,,,,,,,,,,,,,,,,,,,,,,,,,,,,,,,,,,,,,,,,,,,,
,,ARUNACHAL PRADESH [line 2],,,,,,,,,,,,,,,,,,,,,,,,,,,,,,,,,,,,,,,,,,,,,,,,,,,,,,,,,,,,,,,,,,,,,,,,,,,,,,,,,,,,,,,,,,,,,,,,,,,,,,,-,,,,,,,,,,,,,,,,,,,,,,,,,,,,,,,,,,,,,,,,,,,,,,,,,,,,,,,,,,,,,,,,,,,,,,,,,,,,,,,,,,,,,,,,,,,,,,,,,,,,,,,,,,,,,,,,,,,,,,,,,,,,-,,,,,,,,,,,,,,,,,,,,,,,,
"5S GOA om Oo, OF om 0 ° 0",12,MADHYAPRADESH,,,,,,,,,,,,,,,,,,,,,,,,,,,,,,,,,,,,,,,,,,,,,,,,,,,,,,,,,,,,,,,,,,,,,,,,,,,,,,,,,,,,,,,,,,,,,,,,,,,,,,,78,5,Oy,,Bd,,74,.29,,,,,,,,,,,,,,,,,,,,,,,,,,,,,,,,,,,,,,,,,,,,,,,,,,,,,,,,,,,,,,,,,,,,,,,,,,,,,,,,,,,,,,,,,,,,,,,,,,,,,,,,,,,,,,,,,,,,,,,,,,,,,,,,,,,,,,,,,,,,,
23. TRIPURA om 0! Oo. oO fe) fe),,Union Territories:,,,,,,,,,,,,,,,,,,,,,,,,,,,,,,,,,,,,,,,,,,,,,,,,,,,,,,,,,,,,,,,,,,,,,,,,,,,,,,,,,,,,,,,,,,,,,,,,,,,,,,,,,,,,,-,,,,,,,,,,,-,,,,,,,,,,,,,,,,,,,,,,,,,,,,,,,,,,,,,,,,,,-,,,,,,,,,,,,,,,,,,,,,,,,,,,,,,,,,,,,,,,,,,,,,,,,,,,,,,,,,,,,,,,,,,,,,,,,,,,,-,,,,,,,,,,,,,
40 HYDERABAD fe) fo) fe) fe) -,,“43.,,,,,,,,,,,,,,,,,,,,,,,,,,,,,,,,,,,,,,,,,,,,,,,,,,,,,,,,,,,,,,,,,,,,,,,,,,,,,,,,,,,,,,,,,,,,,,,,,,,,,,,,38 14,2,16,19,9,28,2.92,,,,,,,,,,,,,,,,,,,,,,,,,,,,,,,,,,,,,,,,,,,,,,,,,,,,,,,,,,,,,,0,,oO,0,,Ben,-,,,,,,,,,,,,,,,,,,,,,,,,,,,,,,,,,,,,,,,,,,,,,,,,,,,,,,,,,,,,,,,,,,,,,,,,,
,2,-,,,,,,,,,,,,,,,,,,,,,,,,,,,,,,,,,,,,,,,,,,,,,,,,,,,,,,,,,,,,,,,,,,,,,,,,,,,,,,,,,,,,,,,,,,,,,,,,,,,,,,,,,,,,,,,,,,,,,,2,,,,,,,,,,,,,,,,,,,,,,,,,,,,,,,,,,,,,,,,,,,,,,,,,,,,,,,,,,,,,,,,,,,,,,,,,,,,,,,,,,,,,,,,,,,,,,,,,,,,,,,,,,,,,,,,,,,,,,,,,,,,,,,,,,,,,
"(4 1 68 Fa We BT TO, - A",,"""7 HARYANA",,,,,,,,,,,,,,,,,,,,,,,,,,,,,,,,,,,,,,,,,,,,,,,,,,,,,,,,,,,,,,,,,,,,,,,,,,,,,,,,,,,,,,,,,,,,,,,,,,,,,,,,,,,,,,,66,oO.,0,,072,4A,BB,2,,,,,,,,,,,,,,,,,,,,,,,,,,,,,,,,,,,,,,,,,,,,,,,,,,,,,,,,,,,,,,,,,,,,,,,,,,,,,,,,,,,,,,,,,,,,,,,,,,,,,,,,,,,,,,,,,,,,,,,,,,,,,,,,,,,,,
"(4 1 68 Fa We BT TO, - A",8,-,,,,,,,,,,,,,,,,,,,,,,,,,,,,,,,,,,,,,,,,,,,,,,,,,,,,,,,,,,,,,,,,,,,,,,,,,,,,,,,,,,,,,,,,,,,,,,,,,,,,,,,,,,,,,,,,24,OO,,2a,2,268,284,,,,,,,,,,,,,,,,,,,,,,,,,,,,,,,,,,,,,,,,,,,,,,,,,,,,,,,,,,,,,,,,,,,,,,,,,,,,,,,,,,,,,,,,,,,,,,,,,,,,,,,,,,,,,,,,,,,,,,,,,,,,,,,,,,,,,
"(4 1 68 Fa We BT TO, - A",,.13. MAHARASHTRA,,,,,,,,,,,,,,,,,,,,,,,,,,,,,,,,,,,,,,,,,,,,,,,,,,,,,,,,,,,,,,,,,,,,,,,,,,,,,,,,,,,,,,,,,,,,,,,,,,,,,,,,,,,,,,,"2220,",9,88,129,1795,4838,2248,aR,,,,,,,,,,,,,,,,,,,,,,,,,,,,,,,,,,,,,,,,,,,,,,,,,,,,,,,,,,,,,,,,,,,,,,,,,,,,,,,,,,,,,,,,,,,,,,,,,,,,,,,,,,,,,,,,,,,,,,,,,,,,,,,,,,,,,
17. NAGALAND OO OO OO,18,,,,,,,,,,,,,,,,,,,,,,,,,,,,,,,,,,,,,,,,,,,,,,,,,,,,,,,,,,,,,,,,,,,,,,,,,,,,,,,,,,,,,,,,,,,,,,,,,,,,,,,,,,,,,,,,,,,,a,,,840,,,,,,,,,,,,,,,,,,,,,,,,,,,,,2,1,0,1,3,,3,.06,,,,,,,,,,,,,,,,,,,,,,,,,,,,,,,,,,,,,,,,,,,,,,,,,,,,,,,,,,,,,,,,,,,,,,,,,,,,,,,,,,,,,,,,,,,,,,,,,
17. NAGALAND OO OO OO,19, [line 2],,,,,,,,,,,,,,,,,,,,,,,,,,,,,,,,,,,,,,,,,,,,,,,,,,,,,,,,,,,,,,,,,,,,,,,,,,,,,,,,,,,,,,,,,,,,,,,,,,,,,,,,,,,,,,,"80,",0,,Oo.,76,a,8,2.34,,,,,,,,,,,,,,,,,,,,,,,,,,,,,,,,,,,,,,,,,,,,,,,,,,,,,,,,,,,,,,,,,,,,,,,,,,,,,,,,,,,,,,,,,,,,,,,,,,,,,,,,,,,,,,,,,,,,,,,,,,,,,,,,,,,,,
20 RAJASTHAN DIB OOO BO 2B BT,22,TAMILNADU,,,,,,,,,,,,,,,,,,,,,,,,,,,,,,,,,,,,,,,,,,,,,,,,,,,,,,,,,,,,,,,,,,,,,,,,,,,,,,,,,,,,,,,,,,,,,,,,,,,,,,,,,,,,,,,174,,12,28,188,22.0,1800,,,,,,,,,,,,,,,,,,,,,,,,,,,,,,,,,,,,,,,,,,,,,,,,,,,,,,,2,,,),2i,2,01,,,,,,,,,,,,,,,,,,,,,,,,,,,,,,,,,42197,19006,7848,26854,7001,2027,9028,————s«57.05,,,,,,,,,,,,,,,,,,,,,,,,,,,,,,,,,
23. TRIPURA OO 0. oO. oO; 0 ee!,,29° DAMAN& DIU,,,,,,,,,,,,,,,,,,,,,,,,,,,,,,,,,,,,,,,,,,,,,,,,,,,,,,,,,,,,,,,,,,,,,,,,,,,,,,,,,,,,,,,,,,,,,,,,,,,,,,,,,,,,,,,,0 0,,"Oo, OF",0,0,,,,,,,,,,,,,,,,,,,,,,,,,,,,,,,,,,,,,,,,,,,,,,,,,,,,,,,,,,,,,,,,,,,,,,,,,,,,,,,,,,,,,,,,,,,,,,,,,,,,,,,,,,,,,,,,,,,,,,,,,,,,,,,,,,,,,,,
23. TRIPURA OO 0. oO. oO; 0 ee!,,32_' PONDICHERRY © ee TOTAL{UTs),,,,,,,,,,,,,,,,,,,,,,,,,,,,,,,,,,,,,,,,,,,,,,,,,,,,,,,,,,,,,,,,,,,,,,,,,,,,,,,,,,,,,,,,,,,,,,,,,,,,,,,,,,,,,,,157,0,1,1,141,,17-158,2.38,,,,,,,,,,,,,,,,,,,,,,,,,,,,,,,,,,,,,,,,,,,,,,,,,,,,,,,,,,,,,,,,,,,,,,,,,,,,,,,,,,,,,,,,,,,,,,,,,,,,,,,,,,,,,,,,,,,,,,,,,,,,,,,,,,,,,
23. TRIPURA OO 0. oO. oO; 0 ee!,39,2a,,,,,,,,,,,,,,,,,,,,,,,,,,,,,,,,,,,,,,,,,,,,,,,,,,,,,,,,,,,,,,,,,,,,,,,,,,,,,,,,,,,,,,,,,,,,,,,,,,,,,,,,,,,,,,,,,,,14,,125,2.62,,,,,,,,,,,,,,,,,,,,,,,,,,,,,,,,,,,,,,,,,,,,,,,,,,,,,,,,,,,,,,,,,,,,,,,,,,,,,,,,,,,,,,,,,,,,,,,,,,,,,,,,,,,,,,,,,,,,,,,,,,,,,,,,,,,,,
23. TRIPURA OO 0. oO. oO; 0 ee!,,48.. MADURAI,,,,,,,,,,,,,,,,,,,,,,,,,,,,,,,,,,,,,,,,,,,,,,,,,,,,,,,,,,,,,,,,,,,,,,,,,,,,,,,,,,,,,,,,,,,,,,,,,,,,,,,,,,,,,,,0,,0,,,0,,- -,,,,,,,,,,,,,,,,,,,,,,,,,,,,,,,,,,,,,,,,,,,,,,,,,,,,,,,,,,,,,,,,,,,,,,,,,,,,,,,,,,,,,,,,,,,,,,,,,,,,,,,,,,,,,,,,,,,,,,,,,,,,,,,,,,,,,
23. TRIPURA OO 0. oO. oO; 0 ee!,51,PATNA [line 2],,,,,,,,,,,,,,,,,,,,,,,,,,,,,,,,,,,,,,,,,,,,,,,,,,,,,,,,,,,,,,,,,,,,,,,,,,,,,,,,,,,,,,,,,,,,,,,,,,,,,,,,,,,,,,,252,Oo.,"0,",,244,54,298,21.36,,,,,,,,,,,,,,,,,,,,,,,,,,,,,,,,,,,,,,,,,,,,,,,,,,,,,,,,,,,,,,,,,,,,,,,,,,,,,,,,,,,,,,,,,,,,,,,,,,,,,,,,,,,,,,,,,,,,,,,,,,,,,,,,,,,,,
23. TRIPURA OO 0. oO. oO; 0 ee!,62,SURAT,,,,,,,,,,,,,,,,,,,,,,,,,,,,,,,,,,,,,,,,,,,,,,,,,,,,,,,,,,,,,,,,,,,,,,,,,,,,,,,,,,,,,,,,,,,,,,,,,,,,,,,,,,,,,,,88,ol,0,0,32,4,36,4.34,,,,,,,,,,,,,,,,,,,,,,,,,,,,,,,,,,,,,,,,,,,,,,,,,,,,,,,,,,,,,,,,,,,,,,,,,,,,,,,,,,,,,,,,,,,,,,,,,,,,,,,,,,,,,,,,,,,,,,,,,,,,,,,,,,,,,
23. TRIPURA OO 0. oO. oO; 0 ee!,54,VADODARA [line 2],,,,,,,,,,,,,,,,,,,,,,,,,,,,,,,,,,,,,,,,,,,,,,,,,,,,,,,,,,,,,,,,,,,,,,,,,,,,,,,,,,,,,,,,,,,,,,,,,,,,,,,,,,,,,,,9,6,0,6,8,1,9,2.10,,,,,,,,,,,,,,,,,,,,,,,,,,,,,,,,,,,,,,,,,,,,,,,,,,,,,,,,,,,,,,,,,,,,,,,,,,,,,,,,,,,,,,,,,,,,,,,,,,,,,,,,,,,,,,,,,,,,,,,,,,,,,,,,,,,,,
3 ASSAM fe) fe) fe) o oO fe) fe) -,7,GUJARAT [line 2],,,,,,,,,,,,,,,,,,,,,,,,,,,,,,,,,,,,,,,,,,,,,,,,,,,,,,,,,,,,,,,,,,,,,,,,,,,,,,,,,,,,,,,,,,,,,,,,,,,,,,,,,,,,,,,,,,,,,,,41,om,,),34,7,41,1.23,,,,,,,,,,,,,,,,,,,,,,,,,,,,,,,,,,,,,,,,,,,,,,,,,,,,,,,,,,,,,,,,,,,,,,,,,,,,,,,,,,,,,,,,,,,,,,,,,,,,,,,,,,,,,,,,,,,,,,,,,,,,,
9 JAMMU & KASHMIR fe) fe) fe) fe) fe) fe) (e) -,22,SIKKIM [line 2],,,,,,,,,,,,,,,,,,,,,,,,,,,,,,,,,,,,,,,,,,,,,,,,,,,,,,,,,,,,,,,,,,,,,,,,,,,,,,,,,,,,,,,,,,,,,,,,,,,,,,,,,,,,,,,,,,,,,,,25,1,fe),1,18,2,20,13,,,,,,,,,,,,,,,,,,,,,,,,,,,,,,,,,,,,,,,,,,,,,,,,,,,,,,,,,,,,,,,,,,,,,,,,,,,,,,,,,,,,,,,,,,,,,,,,,,,,,,,,,,,,,,,,,,,,,,,,,,,,,
9 JAMMU & KASHMIR fe) fe) fe) fe) fe) fe) (e) -,23,SIKKIM [line 3],,,,,,,,,,,,,,,,,,,,,,,,,,,,,,,,,,,,,,,,,,,,,,,,,,,,,,,,,,,,,,,,,,,,,,,,,,,,,,,,,,,,,,,,,,,,,,,,,,,,,,,,,,,,,,,,,,,,,,,,0 (0),0,,0,fe),fe),st,,,,,,,,,,,,,,,,,,,,,,,,,,,,,,,,,,,,,,,,,,,,,,,,,,,,,,,,,,,,,,,,,,,,,,,,,,,,,,,,,,,,,,,,,,,,,,,,,,,,,,,,,,,,,,,,,,,,,,,,,,,,,
46 LUDHIANA fe) 0 fe) fo) fe),54,-,,,,,,,,,,,,,,,,,,,,,,,,,,,,,,,,,,,,,,,,,,,,,,,,,,,,,,,,,,,,,,,,,,,,,,,,,,,,,,,,,,,,,,,,,,,,,,,,,,,,,,,,,,,,,,,,,,,,,,,4,(0),fe),,3,1,4,.93,,,,,,,,,,,,,,,,,,,,,,,,,,,,,,,,,,,,,,,,,,,,,,,,,,,,,,,,,,,,,,,,,,,,,,,,,,,,,,,,,,,,,,,,,,,,,,,,,,,,,,,,,,,,,,,,,,,,,,,,,,,,,
,,14),,,,,,,,,,,,,,,,,,,,,,,,,,,,,,,,,,,,,,,,,,,,,,,,,,,,,,,,,,,,,,,,,,,,,,,,,,,,,,,,,,,,,,,,,,,,,,,,,,,,,,,,,,,,,,,,,,,,,,,,,,,,,,,0,Oo,,OO -,,,,,,,,,,,,,,,,,,,,,,,,,,,,,,,,,,,,,,,,,,,,,,,,,,,,,,,,,,,,,,,,,,,,,,,,,,,,,,,,,,,,,,,,,,,,,,,,,,,,,,,,,,,,,,,,,,,,,,,,,
,,15_. MEGHALAYA,,,,,,,,,,,,,,,,,,,,,,,,,,,,,,,,,,,,,,,,,,,,,,,,,,,,,,,,,,,,,,,,,,,,,,,,,,,,,,,,,,,,,,,,,,,,,,,,,,,,,,,,,,,,,,,,,,,,,,,,,,,,,,,1,0,0,BT,,,,,,,,,,,,,,,,,,,,,,,,,,,,,,,,,,,,,,,,,,,,,,,,,,,,,,,,,,,,,,,,,,,,,,,,,,,,,,,,,,,,,,,,,,,,,,,,,,,,,,,,,,,,,,,,,,,,,,,,,
,,.22 TAMIL NADU,,,,,,,,,,,,,,,,,,,,,,,,,,,,,,,,,,,,,,,,,,,,,,,,,,,,,,,,,,,,,,,,,,,,,,,,,,,,,,,,,,,,,,,,,,,,,,,,,,,,,,,,,,,,,,,,,,,,,,,,,,,,,,,10,8,0 OO,AB OD,,,,,,,,,,,,,,,,,,,,,,,,,,,,,,,,,,,,,,,,,,,,,,,,,,,,,,,,,,,,,,,,,,,,,,,,,,,,,,,,,,,,,,,,,,,,,,,,,,,,,,,,,,,,,,,,,,,,,,,,,
,,- 24 UTTAR PRADESH,,,,,,,,,,,,,,,,,,,,,,,,,,,,,,,,,,,,,,,,,,,,,,,,,,,,,,,,,,,,,,,,,,,,,,,,,,,,,,,,,,,,,,,,,,,,,,,,,,,,,,,,,,,,,,,,,,,,,,,,,,,,,,,,260,OO,28 Bd?,,,,,,,,,,,,,,,,,,,,,,,,,,,,,,,,,,,,,,,,,,,,,,,,,,,,,,,,,,,,,,,,,,,,,,,,,,,,,,,,,,,,,,,,,,,,,,,,,,,,,,,,,,,,,,,,,,,,,,,,,
,25,BENGAL,,,,,,,,,,,,,,,,,,,,,,,,,,,,,,,,,,,,,,,,,,,,,,,,,,,,,,,,,,,,,,,,,,,,,,,,,,,,,,,,,,,,,,,,,,,,,,,,,,,,,,,,,,,,,,,,,,,,,,,,,,,,,,,,,,2 23,,,,,,,,,,,,,,,,,,,,,,,,,,,,,,,,,,,,,,,,,,,,,,,,,,,,,,,,,,,,,,,,,,,,,,,,,,,,,,,,,,,,,,,,,,,,,,,,,,,,,,,,,,,,,,,,,,,,,,,,,
,,BENGAL [line 2],,,,,,,,,,,,,,,,,,,,,,,,,,,,,,,,,,,,,,,,,,,,,,,,,,,,,,,,,,,,,,,,,,,,,,,,,,,,,,,,,,,,,,,,,,,,,,,,,,,,,,,,,,,,,,,,,,,,,,,,,,,,,,,506,OO,8 18,498 498,,,,,,,,,,,,,,,,,,,,,,,,,,,,,,,,,,,,,,,,,,,,,,,,,,,,,,,,,,,,,,,,,,,,,,,,,,,,,,,,,,,,,,,,,,,,,,,,,,,,,,,,,,,,,,,,,,,,,,,,,
,30,29 DAMAN&DIU Oo! of} Om oO. oO. Oo. 7 - DELHI (UT),,,,,,,,,,,,,,,,,,,,,,,,,,,,,,,,,,,,,,,,,,,,,,,,,,,,,,,,,,,,,,,,,,,,,,,,,,,,,,,,,,,,,,,,,,,,,,,,,,,,,,,,,,,,,,,,,,,,,,,,,,,,,,,,,© ©,28,,,,,,,,,,,,,,,,,,,,,,,,,,,,,,,,,,,,,,,,,,,,,,,,,,,,,,,,,,,,,,,,,,,,,,,,,,,,,,,,,,,,,,,,,,,,,,,,,,,,,,,,,,,,,,,,,,,,,,,,,
,33,AHMEDABAD 34 BANGALORE i Oo; OF,,,,,,,,,,,,,,,,,,,,,,,,,,,,,,,,,,,,,,,,,,,,,,,,,,,,,,,,,,,,,,,,,,,,,,,,,,,,,,,,,,,,,,,,,,,,,,,,,,,,,,,,,,,,,,,,,,,,,,,,,,,,,,,,0,OF,,,,,,,,,,,,,,,,,,,,,,,,,,,,,,,,,,,,,,,,,,,,,,,,,,,,,,,,,,,,,,,,,,,,,,,,,,,,,,,,,,,,,,,,,,,,,,,,,,,,,,,,,,,,,,,,,,,,,,,,,,
,,39;,,,,,,,,,,,,,,,,,,,,,,,,,,,,,,,,,,,,,,,,,,,,,,,,,,,,,,,,,,,,,,,,,,,,,,,,,,,,,,,,,,,,,,,,,,,,,,,,,,,,,,,,,,,,,,,,,,,,,,,,,,,,,,,14,Oo!,om 0},13 13 0 37,,,,,,,,,,,,,,,,,,,,,,,,,,,,,,,,,,,,,,,,,,,,,,,,,,,,,,,,,,,,,,,,,2,,0,9,2,0,2,.04,,,,,,,,,,,,,,,,,,,,,,,,,,,,,,,,,,,,,,,,,,,,,,,,,
,,48 MADURAI 0} 49 50 fo) fe) fe) om 0 (0) -,,,,,,,,,,,,,,,,,,,,,,,,,,,,,,,,,,,,,,,,,,,,,,,,,,,,,,,,,,,,,,,,,,,,,,,,,,,,,,,,,,,,,,,,,,,,,,,,,,,,,,,,,,,,,,,,,,,,,,,,,,,,,,,40,0,,4 —4l .33,,,,,,,,,,,,,,,,,,,,,,,,,,,,,,,,,,,,,,,,,,,,,,,,,,,,,,,,,,,,,,,,,,,,,,,,,,,,,,,,,,,,,,,,,,,,,,,,,,,,,,,,,,,,,,,,,,,,,,,,,
31 LAKSHADWEEP fe) 0 fe) Oo oO 0,,TOTAL{A!l-india),,,,,,,,,,,,,,,,,,,,,,,,,,,,,,,,,,,,,,,,,,,,,,,,,,,,,,,,,,,,,,,,,,,,,,,,,,,,,,,,,,,,,,,,,,,,,,,,,,,,,,,,,,,,,,,,,,,,,,,,,,,,,,,,,,,2420,161,5,166,2257,107,2364,1.18,,,,,,,,,,,,,,,,,,,,,,,,,,,,,,,,,,,,,,,,,,,,,,,,,,,,,,,,,,,,,,,,,,,,,,,,,,,,,,,,,,,,,,,,,,,,,,,,,,,,,,,,,,,,,,,,,
Cities;,33,AHMEDABAD -,,,,,,,,,,,,,,,,,,,,,,,,,,,,,,,,,,,,,,,,,,,,,,,,,,,,,,,,,,,,,,,,,,,,,,,,,,,,,,,,,,,,,,,,,,,,,,,,,,,,,,,,,,,,,,,,,,,,,,,,,,,,,,,,,,,2,1,fe),1,1,fe),1,11,2,2,0,2,,,fe),-,,,,,,,,,,,,,,,,,8,1,0,1,3,4,7,74,-,,-,-,pe 0%,ees Oo;,0,-,2,fe),fe),,1,1,2,.21,32,fe),0,,22,10,32,3.37,0,,0,0,O°,,0,-,,,,,,,,,255,,165 16,181,83,7,90,9.47,1,fe),0,0,2,0,2,.21,,0,0,,fe),ie),fe),-,131 287 30.21,8,,omy,0%,5,3,8,84,1233,301,32,333,545,405,950,100.00
8 HIMACHAL PRADESH n°) 0 fe) fo) fe) fe) -,9,JAMMU,,,,,,,,,,,,,,,,,,,,,,,,,,,,,,,,,,,,,,,,,,,,,,,,,,,,,,,,,,,,,,,,,,,,,,,,,,,,,,,,,,,,,,,,,,,,,,,,,,,,,,,,,,,,,,,,,,,,,,,,,,,,,,,,,,,,,,,,,,,7,),),),7,,7,64,,,,,,,,,,,,,,,,,,,,,,,,,,,,,,,,,,,,,,,,,,,,,,,,,,,,,,,,,,,,,,,,,,,,,,,,,,,,,,,,,,,,,,,,,,,,,,,,,,,,,,,,,
Cities:,33,COJMBATORE,,,,,,,,,,,,,,,,,,,,,,,,,,,,,,,,,,,,,,,,,,,,,,,,,,,,,,,,,,,,,,,,,,,,,,,,,,,,,,,,,,,,,,,,,,,,,,,,,,,,,,,,,,,,,,,,,,,,,,,,,,,,,,,,,,,,,,,,,,,,0,,0,(e),fe),(0),-,,,,,,,,,,,,,,,,,,,,,,,,,,,,,,,,,,,,,,,,,,,,,,,,,,,,,,,,,,,,,,,,,,,,,,,,,,,,,,,,,,,,,,,,,,,,,,,,,,,,,,,,,
,4,ASSAM [line 2],,,,,,,,,,,,,,,,,,,,,,,,,,,,,,,,,,,,,,,,,,,,,,,,,,,,,,,,,,,,,,,,,,,,,,,,,,,,,,,,,,,,,,,,,,,,,,,,,,,,,,,,,,,,,,,,,,,,,,,,,,,,,,,,,,,,,,,,,,,,,,,,,,,7 10,,2150011,32,8,5,13,.21,,,,,,,,,,,,,,,,,,,,,,,,,,,,,,,,,-,,,,,,,,,,,,,,,,,,,,,,,,,,,,,,,,,,,,,,,,,,,,,,,,,,,,,,,,,,,,,,,,
"21, SIKKIM i ) Oo; oO 0. ) -",,22> TAMILNADU,,,,,,,,,,,,,,,,,,,,,,,,,,,,,,,,,,,,,,,,,,,,,,,,,,,,,,,,,,,,,,,,,,,,,,,,,,,,,,,,,,,,,,,,,,,,,,,,,,,,,,,,,,,,,,,,,,,,,,,,,,,,,,,,,,,,,,,,,,,,,,,,,,,3,6,0,6,12,0,12,-08,,,,,,,,,,,,,,,,,,,,,,,,,,,,,,,,,,,,,,,,,,,,,,,,,,,,,,,,,,,,,,,,,,,,,,,,,,,,,,,,,,,,,,,,,,,,,,,,,
29 DAMAN & DIU fe) (0) fe) fe) fo) -,31,DELHI (UT) [line 2],,,,,,,,,,,,,,,,,,,,,,,,,,,,,,,,,,,,,,,,,,,,,,,,,,,,,,,,,,,,,,,,,,,,,,,,,,,,,,,,,,,,,,,,,,,,,,,,,,,,,,,,,,,,,,,,,,,,,,,,,,,,,,,,,,,,,,,,,,,,,,,,,,,,(0),,(0),0,fe),,-,,,,,,,,,,,,,,,,,,,,,,,,,,,,,,,,,,,,,,,,,,,,,,,,,,,,,,,,,,,,,,,,,,,,,,,,,,,,,,,,,,,,,,,,,,,,,,,,,
29 DAMAN & DIU fe) (0) fe) fe) fo) -,,"33, AHMEDABAD",,,,,,,,,,,,,,,,,,,,,,,,,,,,,,,,,,,,,,,,,,,,,,,,,,,,,,,,,,,,,,,,,,,,,,,,,,,,,,,,,,,,,,,,,,,,,,,,,,,,,,,,,,,,,,,,,,,,,,,,,,,,,,,,,,,,,,,,,,,,,,,,,,,0,oO,0,0,0,0,0,2,,,,,,,,,,,,,,,,,,,,,,,,,,,,,,,,,,,,,,,,,,,,,,,,,,,,,,,,,,,,,,,,,,,,,,,,,,,,,,,,,,,,,,,,,,,,,,,,,
29 DAMAN & DIU fe) (0) fe) fe) fo) -,36,BHOPAL [line 2],,,,,,,,,,,,,,,,,,,,,,,,,,,,,,,,,,,,,,,,,,,,,,,,,,,,,,,,,,,,,,,,,,,,,,,,,,,,,,,,,,,,,,,,,,,,,,,,,,,,,,,,,,,,,,,,,,,,,,,,,,,,,,,,,,,,,,,,,,,,,,,,,,,,0,9,0,0,0,0,-,,,,,,,,,,,,,,,,,,,,,,,,,,,,,,,,,,,,,,,,,,,,,,,,,,,,,,,,,4949,3217,750,3967,1165,196,1361,21.14,,,,,,,,,,,,,,,,,,,,,,,,,,,,,,,,,
29 DAMAN & DIU fe) (0) fe) fe) fo) -,,37.) CALCUTTA,,,,,,,,,,,,,,,,,,,,,,,,,,,,,,,,,,,,,,,,,,,,,,,,,,,,,,,,,,,,,,,,,,,,,,,,,,,,,,,,,,,,,,,,,,,,,,,,,,,,,,,,,,,,,,,,,,,,,,,,,,,,,,,,,,,,,,,,,,,,,,,,,,,,0,,,0,0,0,-,,,,,,,,,,,,,,,,,,,,,,,,,,,,,,,,,,,,,,,,,,,,,,,,,1,,,,Oo;,OF,,OF,,,,,,,,,,,,,,,,,,,,,,,,,,,,,,,,,,,,,,,,,
29 DAMAN & DIU fe) (0) fe) fe) fo) -,39,DELHH(CITY),,,,,,,,,,,,,,,,,,,,,,,,,,,,,,,,,,,,,,,,,,,,,,,,,,,,,,,,,,,,,,,,,,,,,,,,,,,,,,,,,,,,,,,,,,,,,,,,,,,,,,,,,,,,,,,,,,,,,,,,,,,,,,,,,,,,,,,,,,,,,,,,,,,2,,,0,2,0,2,04,,,,,,,,,,,,,,,,,,,,,,,,,,,,,,,,,,,,,,,,,,,,,,,,,,,,,,,,,,,,,,,,,,,,,,,,,,,,,,,,,,,,,,,,,,,,,,,,,
29 DAMAN & DIU fe) (0) fe) fe) fo) -,45,,,,,,,,,,,,,,,,,,,,,,,,,,,,,,,,,,,,,,,,,,,,,,,,,,,,,,,,,,,,,,,,,,,,,,,,,,,,,,,,,,,,,,,,,,,,,,,,,,,,,,,,,,,,,,,,,,,,,,,,,,,,,,,,,,,,,,,,,,,,,,,,,,,,,0},0,,0,0,0,-,,,,,,,,,,,,,,,,,,,,,,,,,,,,,,,,,,,,,,,,,,,,,,,,,,,,,,,,,,,,,,,,,,,,,,,,,,,,,,,,,,,,,,,,,,,,,,,,,
,1,- States: ANDHRA PRADESH,,,,,,,,,,,,,,,,,,,,,,,,,,,,,,,,,,,,,,,,,,,,,,,,,,,,,,,,,,,,,,,,,,,,,,,,,,,,,,,,,,,,,,,,,,,,,,,,,,,,,,,,,,,,,,,,,,,,,,,,,,,,,,,,,,,,,,,,,,,,,,,,,,,,,,,,,,,145,0,0,0,87,74,161,1.06,,,,,,,,,,,,,,,,,,,,,,,,,,,,,,,,,,,,,,,,,,,,,,,,,,,,,,,,,,,,,,,,,,,,,,,,,,,,,,,,,,,,,,,,,
,9,& KASHMIR,,,,,,,,,,,,,,,,,,,,,,,,,,,,,,,,,,,,,,,,,,,,,,,,,,,,,,,,,,,,,,,,,,,,,,,,,,,,,,,,,,,,,,,,,,,,,,,,,,,,,,,,,,,,,,,,,,,,,,,,,,,,,,,,,,,,,,,,,,,,,,,,,,,,,,,,,,,7,2,,2,2,4,6,55,,,,,,,,,,,,,,,,,,,,,,,,,,,,,,,,,,,,,,,,,,0,0,,,,,,,,,,,,,,,,,,,,,,,,,,,,,,,,,,,,,,,,,,,,,,
,10,-,,,,,,,,,,,,,,,,,,,,,,,,,,,,,,,,,,,,,,,,,,,,,,,,,,,,,,,,,,,,,,,,,,,,,,,,,,,,,,,,,,,,,,,,,,,,,,,,,,,,,,,,,,,,,,,,,,,,,,,,,,,,,,,,,,,,,,,,,,,,,,,,,,,,,,,,,,,143,1,,1,111,39,150,1.39,,,,,,,,,16,0,0,,8,8,16,.15,,,,,,,,,,,,,,,,,,,,,,,,,,,,,,,,,,,,,,,,,,,,,,,,,,,,,,,,,,,,,,,,,,,,,,,,,
26 A& NISLANDS om 0) 0] 0} Oo. -,28,& N HAVEL!,,,,,,,,,,,,,,,,,,,,,,,,,,,,,,,,,,,,,,,,,,,,,,,,,,,,,,,,,,,,,,,,,,,,,,,,,,,,,,,,,,,,,,,,,,,,,,,,,,,,,,,,,,,,,,,,,,,,,,,,,,,,,,,,,,,,,,,,,,,,,,,,,,,,,,,,,,,,,,,nal,1,8,5.56,,,,,,,,,,,,,,,,,,,,,,,,,,,,,,,,,,,,,,,,,,,,,,,,,,,,,,,,,,,,,,,,,,,,,,,,,,,,,,,,,,,,,,,,,
"29. DAMAN & DIU 0|. Ooo, oO. oO",33,,,,,,,,,,,,,,,,,,,,,,,,,,,,,,,,,,,,,,,,,,,,,,,,,,,,,,,,,,,,,,,,,,,,,,,,,,,,,,,,,,,,,,,,,,,,,,,,,,,,,,,,,,,,,,,,,,,,,,,,,,,,,,,,,,,,,,,,,,,,,,,,,,,,,,,,,,,,47,,0,,,,,1.79,,,,,,,,,,,,,,,,,,,,,,,,,,,,,,,,,,,,,,,,,,,,,,,,,,,,,,,,,,,,,,,,,,,,,,,,,,,,,,,,,,,,,,,,,
"29. DAMAN & DIU 0|. Ooo, oO. oO",,a3,,,,,,,,,,,,,,,,,,,,,,,,,,,,,,,,,,,,,,,,,,,,,,,,,,,,,,,,,,,,,,,,,,,,,,,,,,,,,,,,,,,,,,,,,,,,,,,,,,,,,,,,,,,,,,,,,,,,,,,,,,,,,,,,,,,,,,,,,,,,,,,,,,,,,,,,,,,,of oT,,,,1,,,,,,,,,,,,,,,,,,,,,,,,,,,,,,,,,,,,,,,,,,,,,,,,,,,,,,,,,,,,,,,,,,,,,,,,,,,,,,,,,,,,,,,,,,,
"29. DAMAN & DIU 0|. Ooo, oO. oO",51,§,,,,,,,,,,,,,,,,,,,,,,,,,,,,,,,,,,,,,,,,,,,,,,,,,,,,,,,,,,,,,,,,,,,,,,,,,,,,,,,,,,,,,,,,,,,,,,,,,,,,,,,,,,,,,,,,,,,,,,,,,,,,,,,,,,,,,,,,,,,,,,,,,,,,,,,,,,,,0,0,,2,3,5,.36,,,,,,,,,,,,,,,,,,,,,,,,,,,,,,,,,,,,,,,,,,,,,,,,,,,,,,,,,,,,,,,,,,,,,,,,,,,,,,,,,,,,,,,,,
"29. DAMAN & DIU 0|. Ooo, oO. oO",,§ [line 2],,,,,,,,,,,,,,,,,,,,,,,,,,,,,,,,,,,,,,,,,,,,,,,,,,,,,,,,,,,,,,,,,,,,,,,,,,,,,,,,,,,,,,,,,,,,,,,,,,,,,,,,,,,,,,,,,,,,,,,,,,,,,,,,,,,,,,,,,,,,,,,,,,,,,,,,,,,-,,,,,,,,,,,,,,,,,,,,,,,,,,,,,,,,,,,,,,,,,,,,,,,,10,41,19,60,4535,212,665,8,,,,,,,,-,,,,,,,,,,,,,,,,,,,,,,,,,,,,,,,,,
‘States:,8,BIHAR [line 2],,,,,,,,,,,,,,,,,,,,,,,,,,,,,,,,,,,,,,,,,,,,,,,,,,,,,,,,,,,,,,,,,,,,,,,,,,,,,,,,,,,,,,,,,,,,,,,,,,,,,,,,,,,,,,,,,,,,,,,,,,,,,,,,,,,,,,,,,,,,,,,,,,,,,,,,,,,,,,,,,,,,,,,,,,,,0,OO,0,0,0,0,2,,,,,,,,,,,,,,,,,,,,,,,,,,,,,,,,,,,,,,,,,,,,,,,,,,,,,,,,,,,,,,,,,,,,,,,,,
27. CHANDIGARH Oo; oO; OF Oo; oO; Oo; -,30,9,,,,,,,,,,,,,,,,,,,,,,,,,,,,,,,,,,,,,,,,,,,,,,,,,,,,,,,,,,,,,,,,,,,,,,,,,,,,,,,,,,,,,,,,,,,,,,,,,,,,,,,,,,,,,,,,,,,,,,,,,,,,,,,,,,,,,,,,,,,,,,,,,,,,,,,,,,,,,,,,,,,,,,,,,,,,,,3,,oO!,,,,,,,,,,,,,,,,,,,,,,,,,,,,,,,,,,,,,,,,,,,,,,,,,,,,,,,,,,,,,,,,,,,,,,,,,,,
~42-{gapuR a oj - 3-8 6-3,,“4a,,,,,,,,,,,,,,,,,,,,,,,,,,,,,,,,,,,,,,,,,,,,,,,,,,,,,,,,,,,,,,,,,,,,,,,,,,,,,,,,,,,,,,,,,,,,,,,,,,,,,,,,,,,,,,,,,,,,,,,,,,,,,,,,,,,,,,,,,,,,,,,,,,,,,,,,,,,,,,,,,,,,,,,,,,,,,,,,,,-,,,,,,,,,,,,,,,,,,,,,,,,,,,,,,,,,,,,,,,,,,,,,,,,,,,,,,,,,,,,,,,,,,,,,,,,,
~42-{gapuR a oj - 3-8 6-3,45,“4a [line 2],,,,,,,,,,,,,,,,,,,,,,,,,,,,,,,,,,,,,,,,,,,,,,,,,,,,,,,,,,,,,,,,,,,,,,,,,,,,,,,,,,,,,,,,,,,,,,,,,,,,,,,,,,,,,,,,,,,,,,,,,,,,,,,,,,,,,,,,,,,,,,,,,,,,,,,,,,,,,,,,,,,,,,,,,,,,,,QF,2,,1 3f,75,,,,,,,,,,,,,,,,,,,,,,,,,,,,,,,,,,,,,,,,,,,,,,,,,,,,,,,,,,,,,,,,,,,,,,,,,
~42-{gapuR a oj - 3-8 6-3,,“a7 MADRAS,,,,,,,,,,,,,,,,,,,,,,,,,,,,,,,,,,,,,,,,,,,,,,,,,,,,,,,,,,,,,,,,,,,,,,,,,,,,,,,,,,,,,,,,,,,,,,,,,,,,,,,,,,,,,,,,,,,,,,,,,,,,,,,,,,,,,,,,,,,,,,,,,,,,,,,,,,,,,,,,,,,,,,,,,,,-,,,-,,,,,,,,,,,,,,,,,,,,,,,,,,,,,,,,,,,,,,,,,,,,,,,,,,,,,,,,,,,,,,,,,,,,,,,,,,,,,
~42-{gapuR a oj - 3-8 6-3,,“767,,,,,,,,,,,,,,,,,,,,,,,,,,,,,,,,,,,,,,,,,,,,,,,,,,,,,,,,,,,,,,,,,,,,,,,,,,,,,,,,,,,,,,,,,,,,,,,,,,,,,,,,,,,,,,,,,,,,,,,,,,,,,,,,,,,,,,,,,,,,,,,,,,,,,,,,,,,,,,,,,,,,,,,,,,,-,,,,,,-,-,,,,,,,,,,,,,,,,,,,,,,,,,,,,,,,,,,,,,,,,,,,,,,,,,,,,,,,,,,,,,,,,,,,,,,,,,
~42-{gapuR a oj - 3-8 6-3,,- 51.) PUNE,,,,,,,,,,,,,,,,,,,,,,,,,,,,,,,,,,,,,,,,,,,,,,,,,,,,,,,,,,,,,,,,,,,,,,,,,,,,,,,,,,,,,,,,,,,,,,,,,,,,,,,,,,,,,,,,,,,,,,,,,,,,,,,,,,,,,,,,,,,,,,,,,,,,,,,,,,,,,,,,,,,,,,,,,,,,1 0,0,0,Oo.,1,"ti,",.07,,,,,,,,,,,,,,,,,,,,,,,,,,,,,,,,,,,,,,,,,,,,,,,,,,,,,,,,,,,,,,,,,,,,,,,,,
Cities:,39,DELHI,,,,,,,,,,,,,,,,,,,,,,,,,,,,,,,,,,,,,,,,,,,,,,,,,,,,,,,,,,,,,,,,,,,,,,,,,,,,,,,,,,,,,,,,,,,,,,,,,,,,,,,,,,,,,,,,,,,,,,,,,,,,,,,,,,,,,,,,,,,,,,,,,,,,,,,,,,,,,,,,,,,,,,,,,,,,,,,,,,,,(0),fe),fe),0,(0),fe),-,,,,,,,,,,,,,,,,,,,,,,,,,,,,,,,,,,,,,,,,,,,,,,,,,,,,,,,,,,,,,,,,,
State::,,“4 BIHAR,,,,,,,,,,,,,,,,,,,,,,,,,,,,,,,,,,,,,,,,,,,,,,,,,,,,,,,,,,,,,,,,,,,,,,,,,,,,,,,,,,,,,,,,,,,,,,,,,,,,,,,,,,,,,,,,,,,,,,,,,,,,,,,,,,,,,,,,,,,,,,,,,,,,,,,,,,,,,,,,,,,,,,,,,,,,,,,,,,,,,,,,,,,71,5,4,9,41,33,74,1.17,,,,,,,,,,,,,,,,,,,,,,,,,,,,,,,,,,,,,,,,,,,,,,,,,,,,,,,,,
State::,23,TAMIL NADU [line 2],,,,,,,,,,,,,,,,,,,,,,,,,,,,,,,,,,,,,,,,,,,,,,,,,,,,,,,,,,,,,,,,,,,,,,,,,,,,,,,,,,,,,,,,,,,,,,,,,,,,,,,,,,,,,,,,,,,,,,,,,,,,,,,,,,,,,,,,,,,,,,,,,,,,,,,,,,,,,,,,,,,,,,,,,,,,,,,,,,,,,,,,,,,0,0,,,0,,0,-,,0,fe],0,0,,0,-,0,0,,oo,,017,,,,,,,,,,,,,,,,,,,,,,,,,,,,,fe),0,Oo,0,0,,3,,,,,,,,
35 BHOPAL ) ) ) ) -,38,-,,,,,,,,,,,,,,,,,,,,,,,,,,,,,,,,,,,,,,,,,,,,,,,,,,,,,,,,,,,,,,,,,,,,,,,,,,,,,,,,,,,,,,,,,,,,,,,,,,,,,,,,,,,,,,,,,,,,,,,,,,,,,,,,,,,,,,,,,,,,,,,,,,,,,,,,,,,,,,,,,,,,,,,,,,,,,,,,,,,,,,,,,,,8,0,0,,3,5,8,2.43,,,,,,,,,,,,,,,,,,,,,,,,,,,,,,,,,,,,,,,,,,,,,,,,,,,,,,,,,
28 D & N HAVELI fe) 0 0 fe) fe] fe) -,48,,,,,,,,,,,,,,,,,,,,,,,,,,,,,,,,,,,,,,,,,,,,,,,,,,,,,,,,,,,,,,,,,,,,,,,,,,,,,,,,,,,,,,,,,,,,,,,,,,,,,,,,,,,,,,,,,,,,,,,,,,,,,,,,,,,,,,,,,,,,,,,,,,,,,,,,,,,,,,,,,,,,,,,,,,,,,,,,,,,,,,,,,,,,,,,,,,,,0,oO,,0,0,0,0,,,,,,,,,,,,,,,,,,,,,,,,,,,,,,,,,,,,,,,,,,,,,,,,,,
28 D & N HAVELI fe) 0 0 fe) fe] fe) -,52,PUNE [line 2],,,,,,,,,,,,,,,,,,,,,,,,,,,,,,,,,,,,,,,,,,,,,,,,,,,,,,,,,,,,,,,,,,,,,,,,,,,,,,,,,,,,,,,,,,,,,,,,,,,,,,,,,,,,,,,,,,,,,,,,,,,,,,,,,,,,,,,,,,,,,,,,,,,,,,,,,,,,,,,,,,,,,,,,,,,,,,,,,,,,,,,,,,,,,,,,,,,0,,om,0,,,0,5,,,,,,,,,,,,,,,,,,,,,,,,,,,,,,,,,,,,,,,,,,,,,,,,,
28 D & N HAVELI fe) 0 0 fe) fe] fe) -,54,CC,,,,,,,,,,,,,,,,,,,,,,,,,,,,,,,,,,,,,,,,,,,,,,,,,,,,,,,,,,,,,,,,,,,,,,,,,,,,,,,,,,,,,,,,,,,,,,,,,,,,,,,,,,,,,,,,,,,,,,,,,,,,,,,,,,,,,,,,,,,,,,,,,,,,,,,,,,,,,,,,,,,,,,,,,,,,,,,,,,,,,,,,,,,,,,,,,,,,0,0,0,,),,,,,,,,,,,,,,,,,,,,,,,,,,,,,,,,,,,,,,,,,,,,,,,,,,,
3 ASSAM fe) fe) fe) fe) fe) fe),,.11 KERALA,,,,,,,,,,,,,,,,,,,,,,,,,,,,,,,,,,,,,,,,,,,,,,,,,,,,,,,,,,,,,,,,,,,,,,,,,,,,,,,,,,,,,,,,,,,,,,,,,,,,,,,,,,,,,,,,,,,,,,,,,,,,,,,,,,,,,,,,,,,,,,,,,,,,,,,,,,,,,,,,,,,,,,,,,,,,,,,,,,,,,,,,,,,,,,,,,,,,,,,,,,,6,,,,5,1,6,,,,,,,,,,,,,,,,,,,,,,,,,,,,,,,,,,,,,,,,,,
15 fe) 0: (0) 0 fe) fe) et,,A9 PUNJAB,,,,,,,,,,,,,,,,,,,,,,,,,,,,,,,,,,,,,,,,,,,,,,,,,,,,,,,,,,,,,,,,,,,,,,,,,,,,,,,,,,,,,,,,,,,,,,,,,,,,,,,,,,,,,,,,,,,,,,,,,,,,,,,,,,,,,,,,,,,,,,,,,,,,,,,,,,,,,,,,,,,,,,,,,,,,,,,,,,,,,,,,,,,,,,,,,,,,,,,,,,,5,0,0,9,5,,,"15,",,,,,,,,,,,,,,,,,,,,,,,,,,,,,,,,,,,,,,,,,
15 fe) 0: (0) 0 fe) fe) et,24,PRADESH,,,,,,,,,,,,,,,,,,,,,,,,,,,,,,,,,,,,,,,,,,,,,,,,,,,,,,,,,,,,,,,,,,,,,,,,,,,,,,,,,,,,,,,,,,,,,,,,,,,,,,,,,,,,,,,,,,,,,,,,,,,,,,,,,,,,,,,,,,,,,,,,,,,,,,,,,,,,,,,,,,,,,,,,,,,,,,,,,,,,,,,,,,,,,,,,,,,,,,,,,,,41,14,4,18,44,51,,BB,,,,,,,,,,,,,,,,,,,,,,,,,,,,,,,,,,,,,,,,,
15 fe) 0: (0) 0 fe) fe) et,30,DAMAN& DIU [line 2],,,,,,,,,,,,,,,,,,,,,,,,,,,,,,,,,,,,,,,,,,,,,,,,,,,,,,,,,,,,,,,,,,,,,,,,,,,,,,,,,,,,,,,,,,,,,,,,,,,,,,,,,,,,,,,,,,,,,,,,,,,,,,,,,,,,,,,,,,,,,,,,,,,,,,,,,,,,,,,,,,,,,,,,,,,,,,,,,,,,,,,,,,,,,,,,,,,,,,,,,,,4,0,0,,3,,4,2,,,,,,,,,,,,,,,,,,,,,,,,,,,,,,,,,,,,,,,,,
15 fe) 0: (0) 0 fe) fe) et,,33.),,,,,,,,,,,,,,,,,,,,,,,,,,,,,,,,,,,,,,,,,,,,,,,,,,,,,,,,,,,,,,,,,,,,,,,,,,,,,,,,,,,,,,,,,,,,,,,,,,,,,,,,,,,,,,,,,,,,,,,,,,,,,,,,,,,,,,,,,,,,,,,,,,,,,,,,,,,,,,,,,,,,,,,,,,,,,,,,,,,,,,,,,,,,,,,,,,,,,,,,,,,,Oi,OO,0,0},,,,,,,,,,,,,,,,,,,,,,,,,,,,,,,,,,,,,,,,,,,,
15 fe) 0: (0) 0 fe) fe) et,,.34,,,,,,,,,,,,,,,,,,,,,,,,,,,,,,,,,,,,,,,,,,,,,,,,,,,,,,,,,,,,,,,,,,,,,,,,,,,,,,,,,,,,,,,,,,,,,,,,,,,,,,,,,,,,,,,,,,,,,,,,,,,,,,,,,,,,,,,,,,,,,,,,,,,,,,,,,,,,,,,,,,,,,,,,,,,,,,,,,,,,,,,,,,,,,,,,,,,,,,,,,,,2,0 0,,,2,0,2,.09,,,,,,,,,,,,,,,,,,,,,,,,,,,,,,,,,,,,,,,,,
"38, COIMBATORE OO oO 0 0 Oy OF;",39,a,,,,,,,,,,,,,,,,,,,,,,,,,,,,,,,,,,,,,,,,,,,,,,,,,,,,,,,,,,,,,,,,,,,,,,,,,,,,,,,,,,,,,,,,,,,,,,,,,,,,,,,,,,,,,,,,,,,,,,,,,,,,,,,,,,,,,,,,,,,,,,,,,,,,,,,,,,,,,,,,,,,,,,,,,,,,,,,,,,,,,,,,,,,,,,,,,,,,,,,,,,,,,0,0,3,4,7,15,,,,,,,,,,,,,,,,,,,,,,,,,,,,,,,,,,,,,,,,,
42 JAIPUR Poo OO ie) 0 ie) O,46,LUCKNOW [line 2],,,,,,,,,,,,,,,,,,,,,,,,,,,,,,,,,,,,,,,,,,,,,,,,,,,,,,,,,,,,,,,,,,,,,,,,,,,,,,,,,,,,,,,,,,,,,,,,,,,,,,,,,,,,,,,,,,,,,,,,,,,,,,,,,,,,,,,,,,,,,,,,,,,,,,,,,,,,,,,,,,,,,,,,,,,,,,,,,,,,,,,,,,,,,,,,,,,,,,,,,,,0,0,,90,0,,MO,,,,,,,,,,,,,,,,,,,,,,,,,,,,,,,,,,,,,,,,,,
42 JAIPUR Poo OO ie) 0 ie) O,50,NAGPUR [line 2],,,,,,,,,,,,,,,,,,,,,,,,,,,,,,,,,,,,,,,,,,,,,,,,,,,,,,,,,,,,,,,,,,,,,,,,,,,,,,,,,,,,,,,,,,,,,,,,,,,,,,,,,,,,,,,,,,,,,,,,,,,,,,,,,,,,,,,,,,,,,,,,,,,,,,,,,,,,,,,,,,,,,,,,,,,,,,,,,,,,,,,,,,,,,,,,,,,,,,,,,,,0,,0,0,Oo,,OO,,,,,,,,,,,,,,,,,,,,,,,,,,,,,,,,,,,,,,,,,,
,,KERALA [line 2],,,,,,,,,,,,,,,,,,,,,,,,,,,,,,,,,,,,,,,,,,,,,,,,,,,,,,,,,,,,,,,,,,,,,,,,,,,,,,,,,,,,,,,,,,,,,,,,,,,,,,,,,,,,,,,,,,,,,,,,,,,,,,,,,,,,,,,,,,,,,,,,,,,,,,,,,,,,,,,,,,,,,,,,,,,,,,,,,,,,,,,,,,,,,,,,,,,,,,,,,,,,,,,,,,,,,,,,,,-,,,,,,,,,,,,,,,,,,,,,,,,,,,,,,,,,
Cities:,,"36, COIMBATORE",,,,,,,,,,,,,,,,,,,,,,,,,,,,,,,,,,,,,,,,,,,,,,,,,,,,,,,,,,,,,,,,,,,,,,,,,,,,,,,,,,,,,,,,,,,,,,,,,,,,,,,,,,,,,,,,,,,,,,,,,,,,,,,,,,,,,,,,,,,,,,,,,,,,,,,,,,,,,,,,,,,,,,,,,,,,,,,,,,,,,,,,,,,,,,,,,,,,,,,,,,,,,,,,,,,,,50917,1090,158,26,184,55.93,,,,,,,,,,,,,,,,,,,,,,,,,,,,,,,,,
Cities:,,42° JAIPUR,,,,,,,,,,,,,,,,,,,,,,,,,,,,,,,,,,,,,,,,,,,,,,,,,,,,,,,,,,,,,,,,,,,,,,,,,,,,,,,,,,,,,,,,,,,,,,,,,,,,,,,,,,,,,,,,,,,,,,,,,,,,,,,,,,,,,,,,,,,,,,,,,,,,,,,,,,,,,,,,,,,,,,,,,,,,,,,,,,,,,,,,,,,,,,,,,,,,,,,,,,,,,,,,,,,2311,1378,410,1788,291,47,338,38.41,,,,,,,,,,,,,,,,,,,,,,,,,,,,,,,,,
Cities:,,AB,,,,,,,,,,,,,,,,,,,,,,,,,,,,,,,,,,,,,,,,,,,,,,,,,,,,,,,,,,,,,,,,,,,,,,,,,,,,,,,,,,,,,,,,,,,,,,,,,,,,,,,,,,,,,,,,,,,,,,,,,,,,,,,,,,,,,,,,,,,,,,,,,,,,,,,,,,,,,,,,,,,,,,,,,,,,,,,,,,,,,,,,,,,,,,,,,,,,,,,,,,,,,,,,,,,,,25722,279,216,30,246,61.50,,,,,,,,,,,,,,,,,,,,,,,,,,,,,,,,,
Cities:,47,,,,,,,,,,,,,,,,,,,,,,,,,,,,,,,,,,,,,,,,,,,,,,,,,,,,,,,,,,,,,,,,,,,,,,,,,,,,,,,,,,,,,,,,,,,,,,,,,,,,,,,,,,,,,,,,,,,,,,,,,,,,,,,,,,,,,,,,,,,,,,,,,,,,,,,,,,,,,,,,,,,,,,,,,,,,,,,,,,,,,,,,,,,,,,,,,,,,,,,,,,,,,,,,,,,,6458,590,3193,3783,525,90,~=—-«615,45.59,,,,,,,,,,,,,,,,,,,,,,,,,,,,,,,,,
40 HYDERABAD ie} fe] 0 ie} 0 fe} fe) -,43,-,,,,,,,,,,,,,,,,,,,,,,,,,,,,,,,,,,,,,,,,,,,,,,,,,,,,,,,,,,,,,,,,,,,,,,,,,,,,,,,,,,,,,,,,,,,,,,,,,,,,,,,,,,,,,,,,,,,,,,,,,,,,,,,,,,,,,,,,,,,,,,,,,,,,,,,,,,,,,,,,,,,,,,,,,,,,,,,,,,,,,,,,,,,,,,,,,,,,,,,,,,,,,,,,,,,,,,,,,,,1,0,0,0,1,,1,10,,,,,,,,,,,,,,,,,,,,,,,,,
,2,- PRADESH,,,,,,,,,,,,,,,,,,,,,,,,,,,,,,,,,,,,,,,,,,,,,,,,,,,,,,,,,,,,,,,,,,,,,,,,,,,,,,,,,,,,,,,,,,,,,,,,,,,,,,,,,,,,,,,,,,,,,,,,,,,,,,,,,,,,,,,,,,,,,,,,,,,,,,,,,,,,,,,,,,,,,,,,,,,,,,,,,,,,,,,,,,,,,,,,,,,,,,,,,,,,,,,,,,,,,,,,,,,,,,,,,,,,,,,,,,,7,,,,,,,,,303,402,39,441,163,29,192,100.00
,4,74,,,,,,,,,,,,,,,,,,,,,,,,,,,,,,,,,,,,,,,,,,,,,,,,,,,,,,,,,,,,,,,,,,,,,,,,,,,,,,,,,,,,,,,,,,,,,,,,,,,,,,,,,,,,,,,,,,,,,,,,,,,,,,,,,,,,,,,,,,,,,,,,,,,,,,,,,,,,,,,,,,,,,,,,,,,,,,,,,,,,,,,,,,,,,,,,,,,,,,,,,,,,,,,,,,,,,,,,,,,,,,,,,,,,,,,,,,,80104 1.64,,,,,,,,,,,,,,,,
,5,"200. 0,",,,,,,,,,,,,,,,,,,,,,,,,,,,,,,,,,,,,,,,,,,,,,,,,,,,,,,,,,,,,,,,,,,,,,,,,,,,,,,,,,,,,,,,,,,,,,,,,,,,,,,,,,,,,,,,,,,,,,,,,,,,,,,,,,,,,,,,,,,,,,,,,,,,,,,,,,,,,,,,,,,,,,,,,,,,,,,,,,,,,,,,,,,,,,,,,,,,,,,,,,,,,,,,,,,,,,,,,,,,,,,,,,,,,,,,,,,,"18 108 13,90,",,,,,,,,,,,,,,,,
,8,GUJARAT,,,,,,,,,,,,,,,,,,,,,,,,,,,,,,,,,,,,,,,,,,,,,,,,,,,,,,,,,,,,,,,,,,,,,,,,,,,,,,,,,,,,,,,,,,,,,,,,,,,,,,,,,,,,,,,,,,,,,,,,,,,,,,,,,,,,,,,,,,,,,,,,,,,,,,,,,,,,,,,,,,,,,,,,,,,,,,,,,,,,,,,,,,,,,,,,,,,,,,,,,,,,,,,,,,,,,,,,,,,,,,,,,,,,,,,,,,,795 5.86,,,,,,,,,,,,,,,,
,,8__HIMACHAL PRADESH,,,,,,,,,,,,,,,,,,,,,,,,,,,,,,,,,,,,,,,,,,,,,,,,,,,,,,,,,,,,,,,,,,,,,,,,,,,,,,,,,,,,,,,,,,,,,,,,,,,,,,,,,,,,,,,,,,,,,,,,,,,,,,,,,,,,,,,,,,,,,,,,,,,,,,,,,,,,,,,,,,,,,,,,,,,,,,,,,,,,,,,,,,,,,,,,,,,,,,,,,,,,,,,,,,,,,,,,,,,,,,,,,,,,,,,,,,,14 68,,,,,,,,,,,,,,,,
,44,OO,,,,,,,,,,,,,,,,,,,,,,,,,,,,,,,,,,,,,,,,,,,,,,,,,,,,,,,,,,,,,,,,,,,,,,,,,,,,,,,,,,,,,,,,,,,,,,,,,,,,,,,,,,,,,,,,,,,,,,,,,,,,,,,,,,,,,,,,,,,,,,,,,,,,,,,,,,,,,,,,,,,,,,,,,,,,,,,,,,,,,,,,,,,,,,,,,,,,,,,,,,,,,,,,,,,,,,,,,,,,,,,,,,,,,,,,,,,61,,,,,,,,,,,,,,,,
,,"17,",,,,,,,,,,,,,,,,,,,,,,,,,,,,,,,,,,,,,,,,,,,,,,,,,,,,,,,,,,,,,,,,,,,,,,,,,,,,,,,,,,,,,,,,,,,,,,,,,,,,,,,,,,,,,,,,,,,,,,,,,,,,,,,,,,,,,,,,,,,,,,,,,,,,,,,,,,,,,,,,,,,,,,,,,,,,,,,,,,,,,,,,,,,,,,,,,,,,,,,,,,,,,,,,,,,,,,,,,,,,,,,,,,,,,,,,,,,0,,,,,,,,,,,,,,,,
TRIPURA,,.32,,,,,,,,,,,,,,,,,,,,,,,,,,,,,,,,,,,,,,,,,,,,,,,,,,,,,,,,,,,,,,,,,,,,,,,,,,,,,,,,,,,,,,,,,,,,,,,,,,,,,,,,,,,,,,,,,,,,,,,,,,,,,,,,,,,,,,,,,,,,,,,,,,,,,,,,,,,,,,,,,,,,,,,,,,,,,,,,,,,,,,,,,,,,,,,,,,,,,,,,,,,,,,,,,,,,,,,,,,,,,,,,,,,,,,,,,,,0 007,,,,,,,,,,,,,,,,
TRIPURA,,"14108 1200,",,,,,,,,,,,,,,,,,,,,,,,,,,,,,,,,,,,,,,,,,,,,,,,,,,,,,,,,,,,,,,,,,,,,,,,,,,,,,,,,,,,,,,,,,,,,,,,,,,,,,,,,,,,,,,,,,,,,,,,,,,,,,,,,,,,,,,,,,,,,,,,,,,,,,,,,,,,,,,,,,,,,,,,,,,,,,,,,,,,,,,,,,,,,,,,,,,,,,,,,,,,,,,,,,,,,,,,,,,,,,,,,,,,,,,,,,,,3466 13552 6.74,,,,,,,,,,,,,,,,
HYDERABAD,45,35),,,,,,,,,,,,,,,,,,,,,,,,,,,,,,,,,,,,,,,,,,,,,,,,,,,,,,,,,,,,,,,,,,,,,,,,,,,,,,,,,,,,,,,,,,,,,,,,,,,,,,,,,,,,,,,,,,,,,,,,,,,,,,,,,,,,,,,,,,,,,,,,,,,,,,,,,,,,,,,,,,,,,,,,,,,,,,,,,,,,,,,,,,,,,,,,,,,,,,,,,,,,,,,,,,,,,,,,,,,,,,,,,,,,,,,,,,,10 44 11.00,,,,,,,,,,,,,,,,
HYDERABAD,46,11,,,,,,,,,,,,,,,,,,,,,,,,,,,,,,,,,,,,,,,,,,,,,,,,,,,,,,,,,,,,,,,,,,,,,,,,,,,,,,,,,,,,,,,,,,,,,,,,,,,,,,,,,,,,,,,,,,,,,,,,,,,,,,,,,,,,,,,,,,,,,,,,,,,,,,,,,,,,,,,,,,,,,,,,,,,,,,,,,,,,,,,,,,,,,,,,,,,,,,,,,,,,,,,,,,,,,,,,,,,,,,,,,,,,,,,,,,,11 8.09,,,,,,,,,,,,,,,,
,75,MEGHALAYA,,,,,,,,,,,,,,,,,,,,,,,,,,,,,,,,,,,,,,,,,,,,,,,,,,,,,,,,,,,,,,,,,,,,,,,,,,,,,,,,,,,,,,,,,,,,,,,,,,,,,,,,,,,,,,,,,,,,,,,,,,,,,,,,,,,,,,,,,,,,,,,,,,,,,,,,,,,,,,,,,,,,,,,,,,,,,,,,,,,,,,,,,,,,,,,,,,,,,,,,,,,,,,,,,,,,,,,,,,,,,,,,,,,,,,,,,,,,,,,,,,,,166,152,40,192,142,22,164,100.00
Union Territories:,30,(UT),,,,,,,,,,,,,,,,,,,,,,,,,,,,,,,,,,,,,,,,,,,,,,,,,,,,,,,,,,,,,,,,,,,,,,,,,,,,,,,,,,,,,,,,,,,,,,,,,,,,,,,,,,,,,,,,,,,,,,,,,,,,,,,,,,,,,,,,,,,,,,,,,,,,,,,,,,,,,,,,,,,,,,,,,,,,,,,,,,,,,,,,,,,,,,,,,,,,,,,,,,,,,,,,,,,,,,,,,,,,,,,,,,,,,,,,,,,,,,,,,,,,14705,9772,1142,10914,4511,1151,5662,100.00
