{"type":"FeatureCollection","features":[{"type":"Feature","properties":{"name":"India"},"geometry":{"type":"MultiPolygon","coordinates":[[[[77.519,35.486],[77.509,35.58],[77.469,35.652],[77.421,35.64],[77.349,35.72],[77.309,35.72],[77.209,35.71],[77.09,35.74],[77.069,35.78],[77.009,35.82],[76.939,35.84],[76.839,35.86],[76.779,35.91],[76.779,36.04],[76.759,36.11],[76.719,36.16],[76.669,36.19],[76.568,36.19],[76.469,36.22],[76.429,36.24],[76.389,36.31],[76.319,36.33],[76.239,36.32],[76.149,36.425],[76.028,36.44],[76.014,36.455],[76.014,36.466],[76.008,36.48],[75.998,36.489],[75.998,36.501],[75.969,36.522],[75.951,36.557],[75.936,36.576],[75.934,36.59],[75.941,36.606],[75.91,36.633],[75.898,36.639],[75.867,36.67],[75.847,36.686],[75.781,36.725],[75.736,36.753],[75.704,36.756],[75.677,36.771],[75.633,36.78],[75.586,36.772],[75.571,36.78],[75.54,36.78],[75.535,36.774],[75.534,36.734],[75.515,36.734],[75.504,36.749],[75.491,36.746],[75.478,36.73],[75.46,36.73],[75.447,36.748],[75.426,36.784],[75.424,36.801],[75.426,36.828],[75.432,36.85],[75.433,36.876],[75.423,36.896],[75.398,36.909],[75.394,36.928],[75.401,36.938],[75.419,36.945],[75.418,36.959],[75.406,36.965],[75.378,36.965],[75.34,36.972],[75.313,36.98],[75.282,36.983],[75.26,36.974],[75.241,36.972],[75.219,36.981],[75.201,36.985],[75.169,36.999],[75.171,37.023],[75.146,37.034],[75.131,37.021],[75.064,37.013],[75.051,37.023],[75.033,37.026],[75.016,37.011],[74.997,37.001],[74.979,37.004],[74.96,36.996],[74.937,36.992],[74.923,36.983],[74.939,36.959],[74.939,36.948],[74.902,36.941],[74.87,36.998],[74.843,37.024],[74.846,37.053],[74.841,37.066],[74.812,37.065],[74.794,37.057],[74.791,37.038],[74.781,37.034],[74.735,37.038],[74.72,37.052],[74.717,37.075],[74.704,37.098],[74.689,37.096],[74.672,37.086],[74.631,37.075],[74.623,37.059],[74.573,37.039],[74.576,37.004],[74.563,36.971],[74.548,36.968],[74.537,36.977],[74.532,36.999],[74.522,37.006],[74.501,37.009],[74.424,37.007],[74.406,36.989],[74.383,36.984],[74.358,36.975],[74.324,36.945],[74.277,36.915],[74.243,36.905],[74.218,36.914],[74.151,36.918],[74.136,36.886],[74.13,36.857],[74.115,36.852],[74.085,36.852],[74.064,36.84],[74.041,36.834],[74.022,36.841],[73.975,36.841],[73.946,36.869],[73.911,36.889],[73.89,36.886],[73.879,36.894],[73.842,36.907],[73.801,36.9],[73.776,36.909],[73.755,36.913],[73.729,36.91],[73.7,36.92],[73.67,36.922],[73.651,36.916],[73.663,36.896],[73.676,36.881],[73.684,36.866],[73.697,36.855],[73.721,36.842],[73.748,36.842],[73.785,36.835],[73.793,36.812],[73.805,36.808],[73.827,36.808],[73.839,36.801],[73.857,36.78],[73.868,36.755],[73.867,36.739],[73.861,36.725],[73.834,36.71],[73.81,36.716],[73.775,36.728],[73.734,36.719],[73.715,36.725],[73.688,36.723],[73.673,36.71],[73.657,36.707],[73.604,36.71],[73.579,36.719],[73.569,36.736],[73.536,36.731],[73.507,36.73],[73.476,36.734],[73.449,36.741],[73.43,36.751],[73.409,36.759],[73.374,36.758],[73.355,36.753],[73.327,36.74],[73.268,36.721],[73.24,36.717],[73.214,36.718],[73.194,36.724],[73.152,36.73],[73.125,36.711],[73.081,36.699],[73.062,36.697],[73.049,36.685],[73.049,36.673],[73.058,36.646],[73.071,36.624],[73.075,36.609],[73.055,36.587],[73.049,36.562],[73.041,36.548],[73.01,36.524],[72.979,36.51],[72.97,36.509],[72.966,36.495],[72.967,36.477],[72.959,36.473],[72.924,36.474],[72.888,36.463],[72.871,36.452],[72.863,36.433],[72.857,36.388],[72.848,36.376],[72.818,36.365],[72.759,36.327],[72.722,36.313],[72.707,36.301],[72.686,36.276],[72.67,36.267],[72.653,36.264],[72.622,36.269],[72.594,36.27],[72.572,36.256],[72.549,36.233],[72.542,36.208],[72.543,36.176],[72.54,36.136],[72.524,36.112],[72.521,36.079],[72.53,36.06],[72.543,36.048],[72.554,36.043],[72.566,36.029],[72.568,36.012],[72.558,35.997],[72.55,35.972],[72.535,35.948],[72.518,35.924],[72.51,35.902],[72.528,35.898],[72.552,35.88],[72.569,35.852],[72.58,35.846],[72.611,35.844],[72.627,35.839],[72.67,35.822],[72.683,35.82],[72.786,35.848],[72.797,35.866],[72.809,35.862],[72.819,35.888],[72.837,35.873],[72.891,35.877],[72.896,35.866],[72.892,35.85],[72.904,35.842],[72.925,35.842],[72.947,35.849],[72.96,35.849],[72.982,35.861],[72.999,35.863],[73.011,35.855],[73.016,35.846],[73.026,35.842],[73.035,35.849],[73.048,35.85],[73.056,35.862],[73.073,35.861],[73.092,35.876],[73.103,35.864],[73.129,35.846],[73.15,35.844],[73.169,35.858],[73.178,35.86],[73.2,35.827],[73.197,35.808],[73.2,35.787],[73.188,35.785],[73.158,35.762],[73.12,35.765],[73.11,35.749],[73.126,35.721],[73.149,35.713],[73.183,35.69],[73.192,35.677],[73.219,35.669],[73.236,35.668],[73.24,35.658],[73.275,35.669],[73.291,35.671],[73.297,35.662],[73.312,35.661],[73.331,35.663],[73.338,35.643],[73.353,35.622],[73.356,35.609],[73.364,35.6],[73.395,35.587],[73.401,35.568],[73.401,35.536],[73.418,35.525],[73.445,35.53],[73.482,35.541],[73.5,35.543],[73.572,35.541],[73.617,35.541],[73.665,35.531],[73.682,35.53],[73.712,35.533],[73.735,35.532],[73.751,35.524],[73.786,35.524],[73.783,35.497],[73.786,35.463],[73.794,35.449],[73.755,35.443],[73.753,35.432],[73.727,35.419],[73.717,35.406],[73.698,35.371],[73.701,35.353],[73.693,35.349],[73.693,35.333],[73.699,35.314],[73.71,35.303],[73.712,35.28],[73.73,35.274],[73.736,35.258],[73.75,35.231],[73.75,35.221],[73.765,35.221],[73.785,35.234],[73.8,35.236],[73.809,35.243],[73.832,35.227],[73.847,35.226],[73.871,35.205],[73.901,35.212],[73.926,35.21],[73.945,35.188],[73.958,35.165],[73.975,35.175],[74.003,35.185],[74.008,35.171],[74.018,35.167],[74.036,35.15],[74.08,35.156],[74.097,35.146],[74.112,35.153],[74.117,35.145],[74.113,35.134],[74.116,35.123],[74.132,35.119],[74.129,35.105],[74.095,35.091],[74.087,35.083],[74.077,35.048],[74.083,35.037],[74.108,35.026],[74.111,35.018],[74.097,35.001],[74.069,34.997],[74.06,34.982],[74.072,34.938],[74.039,34.914],[74.045,34.89],[74.022,34.874],[74.008,34.875],[73.995,34.865],[73.978,34.866],[73.968,34.836],[73.946,34.835],[73.934,34.832],[73.934,34.817],[73.928,34.811],[73.898,34.82],[73.887,34.815],[73.838,34.814],[73.838,34.802],[73.831,34.791],[73.801,34.794],[73.795,34.79],[73.778,34.795],[73.751,34.777],[73.728,34.764],[73.728,34.754],[73.716,34.745],[73.716,34.736],[73.704,34.719],[73.686,34.706],[73.687,34.692],[73.673,34.682],[73.664,34.663],[73.686,34.656],[73.7,34.648],[73.659,34.599],[73.666,34.58],[73.657,34.563],[73.636,34.565],[73.628,34.577],[73.606,34.585],[73.574,34.584],[73.557,34.588],[73.537,34.572],[73.523,34.57],[73.496,34.577],[73.48,34.571],[73.466,34.575],[73.453,34.569],[73.449,34.559],[73.448,34.536],[73.436,34.527],[73.444,34.505],[73.443,34.495],[73.429,34.469],[73.433,34.435],[73.421,34.399],[73.413,34.386],[73.398,34.378],[73.403,34.366],[73.44,34.326],[73.449,34.321],[73.452,34.3],[73.47,34.28],[73.488,34.279],[73.474,34.256],[73.491,34.229],[73.499,34.208],[73.495,34.187],[73.495,34.135],[73.501,34.105],[73.503,34.069],[73.511,34.059],[73.515,34.037],[73.511,34.019],[73.524,34.013],[73.519,34],[73.535,33.988],[73.536,33.974],[73.544,33.954],[73.569,33.92],[73.588,33.907],[73.595,33.892],[73.592,33.863],[73.584,33.847],[73.567,33.798],[73.571,33.785],[73.599,33.74],[73.601,33.724],[73.601,33.699],[73.596,33.681],[73.577,33.667],[73.577,33.651],[73.572,33.63],[73.602,33.606],[73.628,33.568],[73.626,33.545],[73.633,33.54],[73.634,33.526],[73.621,33.52],[73.612,33.508],[73.612,33.492],[73.626,33.472],[73.63,33.456],[73.616,33.448],[73.602,33.435],[73.592,33.413],[73.583,33.403],[73.576,33.377],[73.579,33.358],[73.589,33.342],[73.608,33.335],[73.604,33.319],[73.618,33.289],[73.614,33.279],[73.623,33.265],[73.627,33.242],[73.645,33.234],[73.647,33.223],[73.662,33.221],[73.67,33.211],[73.671,33.163],[73.67,33.152],[73.625,33.132],[73.624,33.114],[73.634,33.093],[73.653,33.08],[73.68,33.076],[73.73,33.064],[73.746,33.056],[73.776,33.021],[73.816,33.01],[73.83,33.012],[73.878,33.035],[73.904,33.039],[73.926,33.034],[73.945,33.02],[73.959,33],[73.984,32.967],[74.001,32.954],[74.053,32.931],[74.075,32.931],[74.123,32.906],[74.165,32.889],[74.173,32.883],[74.202,32.873],[74.213,32.866],[74.251,32.85],[74.294,32.828],[74.325,32.814],[74.341,32.81],[74.349,32.783],[74.372,32.77],[74.392,32.767],[74.411,32.772],[74.448,32.794],[74.46,32.789],[74.464,32.777],[74.473,32.777],[74.485,32.765],[74.507,32.766],[74.519,32.748],[74.531,32.745],[74.545,32.749],[74.557,32.758],[74.569,32.76],[74.589,32.751],[74.594,32.756],[74.617,32.761],[74.633,32.752],[74.639,32.756],[74.631,32.767],[74.64,32.782],[74.654,32.781],[74.658,32.787],[74.64,32.798],[74.633,32.809],[74.641,32.819],[74.659,32.83],[74.666,32.824],[74.682,32.837],[74.705,32.842],[74.704,32.817],[74.685,32.788],[74.674,32.757],[74.66,32.734],[74.664,32.725],[74.657,32.716],[74.654,32.697],[74.666,32.676],[74.681,32.673],[74.695,32.661],[74.688,32.652],[74.672,32.646],[74.67,32.638],[74.657,32.631],[74.654,32.615],[74.638,32.615],[74.642,32.6],[74.659,32.597],[74.652,32.563],[74.673,32.569],[74.672,32.552],[74.665,32.543],[74.69,32.534],[74.685,32.517],[74.685,32.499],[74.681,32.493],[74.694,32.487],[74.702,32.493],[74.729,32.481],[74.753,32.478],[74.768,32.483],[74.796,32.477],[74.813,32.48],[74.819,32.497],[74.836,32.497],[74.846,32.49],[74.859,32.494],[74.868,32.485],[74.877,32.494],[74.885,32.49],[74.877,32.478],[74.9,32.467],[74.905,32.473],[74.918,32.464],[74.93,32.472],[74.941,32.464],[74.943,32.452],[74.954,32.451],[74.966,32.458],[74.984,32.452],[75.001,32.456],[75.016,32.464],[75.016,32.477],[75.027,32.498],[75.043,32.487],[75.07,32.48],[75.091,32.469],[75.1,32.478],[75.109,32.474],[75.109,32.46],[75.121,32.455],[75.119,32.446],[75.129,32.426],[75.128,32.417],[75.137,32.41],[75.154,32.421],[75.176,32.421],[75.192,32.426],[75.201,32.42],[75.193,32.411],[75.193,32.401],[75.206,32.395],[75.213,32.403],[75.238,32.387],[75.257,32.389],[75.258,32.372],[75.273,32.376],[75.29,32.37],[75.289,32.356],[75.299,32.347],[75.322,32.344],[75.327,32.328],[75.337,32.322],[75.331,32.308],[75.321,32.297],[75.35,32.29],[75.344,32.28],[75.372,32.279],[75.378,32.273],[75.37,32.258],[75.373,32.228],[75.366,32.22],[75.342,32.217],[75.331,32.22],[75.31,32.195],[75.318,32.188],[75.314,32.172],[75.307,32.169],[75.299,32.153],[75.288,32.153],[75.277,32.137],[75.283,32.132],[75.279,32.118],[75.261,32.101],[75.245,32.1],[75.22,32.108],[75.216,32.121],[75.203,32.12],[75.206,32.103],[75.199,32.098],[75.196,32.084],[75.179,32.076],[75.174,32.068],[75.158,32.082],[75.123,32.081],[75.102,32.059],[75.096,32.068],[75.084,32.06],[75.069,32.064],[75.059,32.053],[75.041,32.043],[75.033,32.051],[75.019,32.047],[75.012,32.036],[75.001,32.041],[74.985,32.042],[74.974,32.053],[74.945,32.064],[74.926,32.067],[74.905,32.05],[74.89,32.055],[74.875,32.051],[74.876,32.034],[74.853,32.013],[74.839,32.009],[74.829,31.998],[74.831,31.981],[74.819,31.959],[74.782,31.956],[74.768,31.948],[74.743,31.94],[74.734,31.945],[74.722,31.943],[74.714,31.932],[74.697,31.927],[74.677,31.926],[74.658,31.91],[74.636,31.884],[74.629,31.882],[74.615,31.89],[74.607,31.868],[74.596,31.866],[74.591,31.849],[74.583,31.852],[74.571,31.837],[74.573,31.816],[74.558,31.805],[74.567,31.796],[74.556,31.791],[74.551,31.779],[74.562,31.763],[74.559,31.758],[74.514,31.74],[74.487,31.715],[74.499,31.709],[74.502,31.696],[74.524,31.687],[74.535,31.678],[74.529,31.669],[74.54,31.66],[74.539,31.648],[74.548,31.643],[74.548,31.632],[74.555,31.608],[74.575,31.604],[74.582,31.587],[74.592,31.574],[74.61,31.569],[74.616,31.557],[74.612,31.53],[74.584,31.521],[74.587,31.504],[74.61,31.5],[74.619,31.485],[74.635,31.485],[74.639,31.473],[74.653,31.455],[74.639,31.444],[74.654,31.428],[74.643,31.416],[74.609,31.424],[74.597,31.416],[74.587,31.398],[74.583,31.379],[74.554,31.366],[74.546,31.339],[74.537,31.33],[74.531,31.284],[74.521,31.269],[74.532,31.253],[74.528,31.24],[74.517,31.227],[74.526,31.212],[74.521,31.203],[74.519,31.183],[74.511,31.182],[74.515,31.152],[74.51,31.132],[74.548,31.122],[74.551,31.086],[74.571,31.081],[74.574,31.086],[74.601,31.088],[74.611,31.099],[74.61,31.112],[74.597,31.126],[74.601,31.132],[74.631,31.133],[74.632,31.122],[74.641,31.12],[74.659,31.134],[74.667,31.124],[74.689,31.128],[74.69,31.118],[74.698,31.112],[74.702,31.092],[74.691,31.081],[74.696,31.074],[74.671,31.054],[74.618,31.044],[74.597,31.038],[74.59,31.05],[74.574,31.057],[74.561,31.049],[74.557,31.038],[74.548,31.032],[74.54,31.009],[74.546,30.992],[74.516,30.98],[74.509,30.967],[74.498,30.964],[74.492,30.974],[74.48,30.974],[74.457,30.964],[74.464,30.958],[74.442,30.952],[74.439,30.942],[74.418,30.938],[74.424,30.929],[74.423,30.908],[74.397,30.909],[74.383,30.895],[74.366,30.893],[74.361,30.874],[74.382,30.86],[74.369,30.857],[74.363,30.847],[74.348,30.855],[74.325,30.85],[74.32,30.827],[74.299,30.805],[74.297,30.797],[74.303,30.782],[74.297,30.777],[74.261,30.77],[74.274,30.753],[74.275,30.736],[74.265,30.725],[74.233,30.725],[74.223,30.71],[74.219,30.693],[74.193,30.665],[74.182,30.661],[74.169,30.649],[74.163,30.648],[74.149,30.631],[74.138,30.627],[74.129,30.632],[74.121,30.623],[74.118,30.608],[74.105,30.619],[74.101,30.603],[74.095,30.601],[74.102,30.579],[74.073,30.555],[74.091,30.549],[74.072,30.523],[74.057,30.519],[74.048,30.54],[74.038,30.532],[73.993,30.514],[73.976,30.494],[73.964,30.485],[73.97,30.475],[73.964,30.456],[73.954,30.458],[73.946,30.468],[73.948,30.484],[73.935,30.49],[73.928,30.466],[73.938,30.452],[73.937,30.436],[73.968,30.44],[73.965,30.425],[73.946,30.414],[73.939,30.405],[73.922,30.398],[73.916,30.386],[73.905,30.376],[73.885,30.367],[73.88,30.36],[73.903,30.349],[73.931,30.32],[73.937,30.306],[73.96,30.27],[73.964,30.257],[73.973,30.198],[73.92,30.158],[73.83,30.093],[73.807,30.068],[73.597,30.019],[73.397,29.946],[73.394,29.939],[73.354,29.801],[73.332,29.728],[73.282,29.572],[73.153,29.353],[73.084,29.236],[73.004,29.153],[72.946,29.028],[72.733,28.948],[72.627,28.892],[72.479,28.812],[72.404,28.783],[72.355,28.733],[72.299,28.67],[72.28,28.607],[72.232,28.473],[72.207,28.395],[72.151,28.335],[72.132,28.313],[72.097,28.288],[72.004,28.219],[71.927,28.122],[71.898,27.961],[71.883,27.958],[71.759,27.912],[71.666,27.878],[71.532,27.876],[71.481,27.873],[71.447,27.874],[71.383,27.873],[71.293,27.853],[71.206,27.835],[71.15,27.814],[71.09,27.787],[71.065,27.775],[70.983,27.742],[70.963,27.729],[70.951,27.729],[70.906,27.709],[70.872,27.706],[70.759,27.721],[70.74,27.742],[70.733,27.76],[70.698,27.811],[70.684,27.828],[70.679,27.872],[70.677,27.922],[70.599,27.993],[70.589,28.01],[70.554,28.026],[70.506,28.037],[70.489,28.035],[70.439,28.02],[70.372,28.012],[70.311,27.95],[70.296,27.936],[70.227,27.901],[70.198,27.867],[70.146,27.821],[70.133,27.806],[70.069,27.655],[70.026,27.563],[69.966,27.523],[69.934,27.498],[69.891,27.433],[69.863,27.402],[69.782,27.342],[69.76,27.321],[69.714,27.293],[69.703,27.284],[69.645,27.225],[69.628,27.211],[69.601,27.194],[69.587,27.183],[69.513,27.01],[69.514,27.002],[69.498,26.867],[69.488,26.83],[69.484,26.805],[69.487,26.797],[69.51,26.744],[69.725,26.652],[69.792,26.598],[69.823,26.589],[69.886,26.579],[69.935,26.581],[70.011,26.593],[70.056,26.601],[70.117,26.587],[70.138,26.572],[70.174,26.551],[70.179,26.506],[70.185,26.48],[70.177,26.424],[70.185,26.374],[70.179,26.343],[70.164,26.295],[70.175,26.251],[70.168,26.218],[70.141,26.156],[70.083,26.083],[70.098,25.95],[70.1,25.938],[70.174,25.828],[70.197,25.815],[70.222,25.793],[70.252,25.756],[70.263,25.72],[70.269,25.714],[70.358,25.68],[70.387,25.674],[70.449,25.682],[70.502,25.685],[70.53,25.683],[70.594,25.711],[70.609,25.715],[70.647,25.713],[70.66,25.702],[70.674,25.676],[70.674,25.645],[70.67,25.632],[70.672,25.611],[70.669,25.593],[70.667,25.531],[70.679,25.526],[70.673,25.458],[70.672,25.42],[70.665,25.397],[70.699,25.365],[70.737,25.332],[70.752,25.278],[70.842,25.191],[70.888,25.148],[70.909,25.041],[70.92,24.996],[70.938,24.939],[70.944,24.926],[70.955,24.912],[70.991,24.865],[71.018,24.819],[71.027,24.809],[71.037,24.781],[71.066,24.717],[71.096,24.689],[71.086,24.672],[71.075,24.662],[71.05,24.649],[71.009,24.635],[70.999,24.623],[70.986,24.596],[70.993,24.564],[70.987,24.544],[71.003,24.53],[71.005,24.523],[70.996,24.466],[70.999,24.444],[71.015,24.443],[71.037,24.432],[71.067,24.437],[71.103,24.436],[71.126,24.42],[71.12,24.402],[71.107,24.396],[71.084,24.395],[71.066,24.376],[71.058,24.362],[71.049,24.356],[71.02,24.347],[71.003,24.351],[70.986,24.365],[70.955,24.349],[70.947,24.349],[70.914,24.32],[70.878,24.302],[70.874,24.295],[70.875,24.281],[70.882,24.273],[70.906,24.264],[70.907,24.259],[70.877,24.246],[70.852,24.245],[70.836,24.232],[70.805,24.221],[70.741,24.219],[70.714,24.216],[70.695,24.22],[70.668,24.219],[70.644,24.225],[70.571,24.252],[70.575,24.264],[70.585,24.278],[70.582,24.304],[70.563,24.351],[70.564,24.356],[70.58,24.363],[70.599,24.405],[70.603,24.408],[70.573,24.422],[70.558,24.42],[70.539,24.409],[70.515,24.404],[70.467,24.388],[70.44,24.384],[70.412,24.375],[70.392,24.361],[70.363,24.351],[70.327,24.352],[70.285,24.341],[70.259,24.331],[70.254,24.325],[70.214,24.321],[70.166,24.303],[70.139,24.303],[70.11,24.295],[70.067,24.199],[70.051,24.19],[70.039,24.176],[70.025,24.171],[69.732,24.171],[69.594,24.292],[69.559,24.28],[69.504,24.268],[69.47,24.271],[69.444,24.28],[69.405,24.271],[69.367,24.27],[69.313,24.281],[69.194,24.236],[69.095,24.274],[69.084,24.266],[69.034,24.24],[69.013,24.224],[69.003,24.223],[68.985,24.228],[68.973,24.261],[68.963,24.28],[68.945,24.303],[68.907,24.28],[68.898,24.264],[68.889,24.237],[68.88,24.216],[68.874,24.212],[68.857,24.214],[68.847,24.239],[68.844,24.278],[68.831,24.312],[68.808,24.313],[68.765,24.296],[68.769,24.266],[68.765,24.207],[68.764,24.155],[68.76,24.079],[68.753,23.971],[68.58,23.971],[68.398,23.97],[68.38,23.971],[68.372,23.965],[68.374,23.951],[68.364,23.951],[68.357,23.974],[68.346,23.961],[68.346,23.936],[68.342,23.924],[68.329,23.913],[68.294,23.922],[68.284,23.921],[68.278,23.909],[68.289,23.903],[68.288,23.89],[68.267,23.895],[68.258,23.883],[68.267,23.871],[68.264,23.85],[68.256,23.843],[68.243,23.853],[68.231,23.835],[68.208,23.835],[68.207,23.806],[68.215,23.791],[68.211,23.76],[68.19,23.729],[68.205,23.704],[68.227,23.69],[68.246,23.671],[68.265,23.681],[68.271,23.698],[68.282,23.703],[68.298,23.724],[68.321,23.729],[68.327,23.737],[68.319,23.756],[68.325,23.759],[68.34,23.747],[68.335,23.729],[68.314,23.717],[68.302,23.692],[68.262,23.65],[68.25,23.646],[68.235,23.646],[68.227,23.642],[68.209,23.649],[68.191,23.646],[68.173,23.625],[68.178,23.603],[68.209,23.577],[68.217,23.573],[68.254,23.568],[68.269,23.556],[68.283,23.563],[68.286,23.569],[68.35,23.582],[68.369,23.59],[68.375,23.603],[68.386,23.6],[68.393,23.609],[68.382,23.621],[68.396,23.628],[68.4,23.642],[68.395,23.647],[68.398,23.663],[68.413,23.688],[68.42,23.717],[68.416,23.754],[68.434,23.777],[68.422,23.806],[68.427,23.819],[68.438,23.823],[68.446,23.818],[68.446,23.792],[68.453,23.775],[68.45,23.767],[68.431,23.743],[68.434,23.736],[68.463,23.743],[68.476,23.748],[68.464,23.763],[68.487,23.761],[68.504,23.755],[68.515,23.747],[68.522,23.759],[68.532,23.752],[68.546,23.772],[68.57,23.795],[68.579,23.811],[68.589,23.816],[68.613,23.821],[68.624,23.82],[68.64,23.825],[68.649,23.841],[68.659,23.835],[68.679,23.845],[68.712,23.846],[68.719,23.852],[68.753,23.849],[68.774,23.869],[68.791,23.867],[68.79,23.86],[68.765,23.841],[68.742,23.84],[68.718,23.826],[68.687,23.823],[68.667,23.812],[68.654,23.8],[68.645,23.786],[68.633,23.772],[68.63,23.761],[68.604,23.75],[68.592,23.739],[68.548,23.714],[68.522,23.685],[68.509,23.668],[68.498,23.663],[68.47,23.62],[68.467,23.597],[68.453,23.597],[68.453,23.581],[68.445,23.574],[68.446,23.563],[68.43,23.56],[68.426,23.553],[68.425,23.513],[68.428,23.504],[68.448,23.504],[68.44,23.522],[68.447,23.537],[68.454,23.516],[68.462,23.507],[68.45,23.498],[68.447,23.486],[68.455,23.476],[68.464,23.48],[68.501,23.48],[68.493,23.471],[68.498,23.454],[68.51,23.455],[68.523,23.443],[68.53,23.419],[68.538,23.407],[68.562,23.395],[68.56,23.385],[68.567,23.377],[68.564,23.368],[68.572,23.363],[68.572,23.352],[68.582,23.35],[68.593,23.335],[68.612,23.324],[68.63,23.325],[68.634,23.308],[68.646,23.308],[68.653,23.295],[68.632,23.296],[68.626,23.283],[68.634,23.267],[68.65,23.263],[68.634,23.246],[68.587,23.238],[68.579,23.227],[68.591,23.211],[68.602,23.204],[68.617,23.188],[68.633,23.18],[68.644,23.17],[68.666,23.174],[68.683,23.149],[68.693,23.15],[68.699,23.135],[68.682,23.139],[68.737,23.1],[68.757,23.08],[68.779,23.075],[68.822,23.053],[68.854,23.032],[68.865,23.028],[68.884,23.015],[68.93,22.99],[68.952,22.974],[68.967,22.969],[68.991,22.954],[69.003,22.95],[69.057,22.921],[69.074,22.917],[69.08,22.908],[69.108,22.887],[69.116,22.892],[69.131,22.87],[69.149,22.864],[69.175,22.849],[69.18,22.855],[69.192,22.847],[69.196,22.836],[69.23,22.833],[69.268,22.822],[69.288,22.825],[69.303,22.83],[69.317,22.831],[69.348,22.818],[69.358,22.833],[69.35,22.845],[69.35,22.869],[69.355,22.87],[69.353,22.845],[69.365,22.841],[69.352,22.818],[69.361,22.819],[69.388,22.811],[69.431,22.79],[69.452,22.775],[69.478,22.771],[69.494,22.774],[69.505,22.785],[69.528,22.785],[69.547,22.782],[69.561,22.774],[69.578,22.76],[69.598,22.76],[69.628,22.755],[69.658,22.748],[69.675,22.752],[69.692,22.74],[69.711,22.738],[69.731,22.777],[69.744,22.787],[69.741,22.794],[69.745,22.817],[69.759,22.819],[69.779,22.835],[69.803,22.848],[69.812,22.847],[69.857,22.864],[69.875,22.867],[69.878,22.877],[69.89,22.888],[69.892,22.872],[69.91,22.877],[69.912,22.886],[69.93,22.896],[69.947,22.901],[69.965,22.897],[69.994,22.901],[70.02,22.907],[70.03,22.913],[70.069,22.92],[70.07,22.912],[70.085,22.913],[70.1,22.908],[70.109,22.92],[70.122,22.927],[70.136,22.929],[70.144,22.948],[70.167,22.94],[70.177,22.946],[70.188,22.942],[70.205,22.944],[70.224,22.953],[70.233,22.97],[70.225,22.99],[70.225,23.007],[70.22,23.013],[70.221,23.036],[70.215,23.052],[70.222,23.055],[70.231,23.038],[70.237,22.977],[70.26,22.962],[70.267,22.953],[70.29,22.944],[70.32,22.936],[70.347,22.923],[70.387,22.933],[70.397,22.946],[70.402,22.968],[70.4,22.982],[70.418,22.978],[70.434,22.979],[70.442,22.967],[70.441,22.959],[70.428,22.956],[70.42,22.939],[70.407,22.922],[70.391,22.912],[70.377,22.91],[70.351,22.885],[70.346,22.871],[70.335,22.825],[70.323,22.804],[70.316,22.777],[70.318,22.759],[70.3,22.743],[70.293,22.731],[70.278,22.723],[70.261,22.72],[70.272,22.698],[70.268,22.687],[70.277,22.677],[70.269,22.673],[70.258,22.684],[70.259,22.657],[70.228,22.624],[70.198,22.601],[70.201,22.579],[70.187,22.576],[70.178,22.567],[70.177,22.552],[70.167,22.55],[70.153,22.555],[70.143,22.55],[70.096,22.551],[70.089,22.548],[70.065,22.55],[70.046,22.56],[70.033,22.557],[70.022,22.547],[70.009,22.548],[69.986,22.545],[69.946,22.527],[69.95,22.512],[69.93,22.51],[69.916,22.492],[69.905,22.483],[69.909,22.466],[69.898,22.465],[69.878,22.45],[69.867,22.446],[69.842,22.45],[69.831,22.44],[69.821,22.417],[69.808,22.398],[69.787,22.405],[69.762,22.435],[69.751,22.428],[69.736,22.44],[69.74,22.45],[69.728,22.475],[69.703,22.45],[69.701,22.442],[69.709,22.433],[69.699,22.422],[69.699,22.398],[69.664,22.395],[69.655,22.379],[69.655,22.359],[69.648,22.351],[69.623,22.365],[69.61,22.349],[69.599,22.346],[69.592,22.356],[69.575,22.37],[69.561,22.363],[69.549,22.392],[69.548,22.403],[69.533,22.411],[69.529,22.421],[69.517,22.404],[69.524,22.384],[69.519,22.375],[69.497,22.367],[69.486,22.35],[69.487,22.338],[69.469,22.329],[69.452,22.334],[69.432,22.32],[69.414,22.315],[69.374,22.32],[69.356,22.32],[69.352,22.327],[69.336,22.322],[69.335,22.306],[69.326,22.303],[69.32,22.292],[69.308,22.285],[69.301,22.287],[69.283,22.27],[69.251,22.267],[69.224,22.256],[69.207,22.263],[69.175,22.287],[69.157,22.312],[69.166,22.323],[69.171,22.373],[69.195,22.386],[69.199,22.398],[69.175,22.422],[69.164,22.404],[69.137,22.403],[69.129,22.396],[69.112,22.41],[69.099,22.407],[69.093,22.393],[69.066,22.386],[69.055,22.392],[69.042,22.39],[69.04,22.406],[69.046,22.418],[69.042,22.434],[69.062,22.449],[69.075,22.455],[69.078,22.479],[69.068,22.479],[69.058,22.468],[69.012,22.444],[68.98,22.408],[68.956,22.364],[68.959,22.345],[68.954,22.333],[68.942,22.331],[68.935,22.307],[68.941,22.287],[68.957,22.259],[68.954,22.252],[68.961,22.237],[68.976,22.215],[69.01,22.178],[69.041,22.147],[69.052,22.133],[69.095,22.094],[69.113,22.072],[69.182,21.997],[69.205,21.975],[69.212,21.963],[69.251,21.926],[69.262,21.912],[69.297,21.88],[69.303,21.878],[69.335,21.848],[69.355,21.835],[69.368,21.832],[69.38,21.84],[69.38,21.824],[69.385,21.813],[69.409,21.787],[69.437,21.762],[69.443,21.761],[69.454,21.75],[69.478,21.733],[69.481,21.727],[69.511,21.698],[69.573,21.643],[69.584,21.635],[69.592,21.639],[69.607,21.631],[69.641,21.597],[69.687,21.549],[69.706,21.535],[69.725,21.513],[69.748,21.489],[69.762,21.471],[69.805,21.425],[69.815,21.413],[69.855,21.37],[69.862,21.358],[69.881,21.339],[69.912,21.302],[69.974,21.236],[69.983,21.223],[70.019,21.186],[70.052,21.15],[70.092,21.111],[70.103,21.105],[70.134,21.077],[70.156,21.055],[70.183,21.033],[70.212,21.012],[70.228,20.995],[70.24,20.991],[70.262,20.97],[70.301,20.945],[70.314,20.933],[70.345,20.915],[70.363,20.902],[70.374,20.902],[70.396,20.891],[70.414,20.874],[70.425,20.869],[70.442,20.853],[70.462,20.845],[70.471,20.838],[70.486,20.836],[70.495,20.827],[70.518,20.818],[70.543,20.801],[70.552,20.805],[70.563,20.793],[70.578,20.79],[70.587,20.782],[70.614,20.771],[70.631,20.766],[70.646,20.778],[70.651,20.762],[70.658,20.756],[70.669,20.758],[70.701,20.739],[70.748,20.718],[70.762,20.72],[70.789,20.712],[70.8,20.703],[70.839,20.69],[70.835,20.7],[70.843,20.705],[70.875,20.707],[70.897,20.704],[70.911,20.699],[70.924,20.709],[70.935,20.709],[70.953,20.702],[70.981,20.7],[70.998,20.711],[70.99,20.72],[71.006,20.735],[71.013,20.738],[71.043,20.733],[71.073,20.733],[71.082,20.737],[71.08,20.753],[71.086,20.757],[71.139,20.755],[71.138,20.771],[71.153,20.772],[71.167,20.78],[71.189,20.782],[71.204,20.787],[71.206,20.804],[71.227,20.8],[71.24,20.81],[71.252,20.811],[71.279,20.825],[71.324,20.845],[71.346,20.849],[71.358,20.848],[71.384,20.854],[71.381,20.865],[71.394,20.872],[71.408,20.866],[71.442,20.868],[71.452,20.878],[71.465,20.879],[71.48,20.891],[71.481,20.903],[71.494,20.913],[71.491,20.927],[71.518,20.955],[71.54,20.954],[71.552,20.965],[71.564,20.961],[71.562,20.949],[71.578,20.952],[71.582,20.958],[71.608,20.964],[71.625,20.973],[71.626,20.982],[71.645,20.992],[71.662,20.998],[71.677,20.995],[71.68,21.002],[71.698,21.007],[71.722,21.021],[71.74,21.017],[71.783,21.03],[71.768,21.035],[71.744,21.03],[71.774,21.062],[71.793,21.067],[71.799,21.058],[71.822,21.071],[71.828,21.068],[71.851,21.077],[71.871,21.089],[71.882,21.088],[71.89,21.101],[71.912,21.112],[71.952,21.118],[71.987,21.136],[72,21.138],[72.018,21.153],[72.044,21.163],[72.065,21.178],[72.074,21.18],[72.088,21.191],[72.108,21.197],[72.109,21.212],[72.086,21.233],[72.085,21.25],[72.101,21.266],[72.104,21.279],[72.113,21.29],[72.109,21.297],[72.122,21.325],[72.129,21.334],[72.169,21.377],[72.172,21.386],[72.196,21.407],[72.225,21.439],[72.236,21.454],[72.253,21.494],[72.256,21.513],[72.266,21.542],[72.264,21.554],[72.268,21.573],[72.297,21.615],[72.304,21.619],[72.306,21.632],[72.303,21.645],[72.287,21.662],[72.286,21.677],[72.277,21.694],[72.252,21.695],[72.248,21.706],[72.237,21.719],[72.232,21.74],[72.225,21.749],[72.235,21.755],[72.222,21.775],[72.223,21.782],[72.215,21.796],[72.204,21.805],[72.188,21.832],[72.203,21.825],[72.215,21.825],[72.231,21.81],[72.247,21.808],[72.254,21.818],[72.257,21.84],[72.257,21.865],[72.252,21.882],[72.256,21.894],[72.247,21.903],[72.248,21.912],[72.227,21.944],[72.24,21.943],[72.237,21.977],[72.238,22],[72.232,22.007],[72.242,22.032],[72.28,22.075],[72.284,22.084],[72.299,22.103],[72.302,22.129],[72.308,22.147],[72.3,22.161],[72.3,22.18],[72.293,22.192],[72.295,22.201],[72.294,22.224],[72.307,22.237],[72.315,22.232],[72.331,22.248],[72.34,22.285],[72.356,22.285],[72.349,22.302],[72.36,22.325],[72.373,22.339],[72.38,22.337],[72.389,22.326],[72.388,22.311],[72.398,22.298],[72.399,22.277],[72.412,22.257],[72.412,22.224],[72.431,22.205],[72.441,22.213],[72.445,22.223],[72.46,22.242],[72.48,22.258],[72.499,22.267],[72.512,22.27],[72.534,22.286],[72.55,22.302],[72.566,22.305],[72.584,22.292],[72.606,22.285],[72.645,22.284],[72.654,22.275],[72.679,22.265],[72.711,22.242],[72.748,22.231],[72.757,22.231],[72.778,22.243],[72.793,22.255],[72.84,22.282],[72.869,22.285],[72.891,22.267],[72.911,22.266],[72.912,22.258],[72.896,22.244],[72.868,22.235],[72.857,22.244],[72.83,22.259],[72.813,22.252],[72.803,22.242],[72.8,22.229],[72.79,22.228],[72.78,22.211],[72.775,22.191],[72.761,22.174],[72.743,22.174],[72.725,22.183],[72.702,22.184],[72.678,22.199],[72.671,22.2],[72.646,22.216],[72.616,22.216],[72.601,22.213],[72.586,22.205],[72.562,22.179],[72.548,22.148],[72.535,22.107],[72.528,22.061],[72.518,22.041],[72.515,22.027],[72.522,22.02],[72.516,22.013],[72.524,21.995],[72.508,21.976],[72.513,21.949],[72.507,21.943],[72.514,21.914],[72.522,21.904],[72.537,21.896],[72.55,21.907],[72.569,21.918],[72.58,21.929],[72.594,21.933],[72.62,21.953],[72.647,21.965],[72.654,21.962],[72.677,21.964],[72.698,21.971],[72.718,21.952],[72.735,21.957],[72.727,21.979],[72.749,21.975],[72.748,21.964],[72.741,21.954],[72.73,21.95],[72.714,21.936],[72.702,21.936],[72.686,21.944],[72.679,21.955],[72.652,21.947],[72.64,21.932],[72.644,21.92],[72.619,21.906],[72.616,21.893],[72.608,21.876],[72.595,21.857],[72.594,21.849],[72.584,21.836],[72.583,21.826],[72.572,21.808],[72.564,21.789],[72.561,21.767],[72.553,21.744],[72.536,21.732],[72.527,21.711],[72.528,21.673],[72.537,21.663],[72.555,21.659],[72.571,21.668],[72.603,21.683],[72.662,21.681],[72.668,21.685],[72.686,21.681],[72.699,21.685],[72.715,21.68],[72.738,21.69],[72.747,21.689],[72.759,21.672],[72.784,21.664],[72.797,21.664],[72.823,21.669],[72.858,21.688],[72.885,21.69],[72.918,21.681],[72.927,21.673],[72.916,21.667],[72.894,21.663],[72.843,21.671],[72.829,21.66],[72.836,21.633],[72.823,21.61],[72.796,21.592],[72.777,21.598],[72.759,21.575],[72.747,21.57],[72.728,21.539],[72.707,21.529],[72.677,21.498],[72.665,21.472],[72.641,21.455],[72.652,21.445],[72.672,21.451],[72.688,21.46],[72.695,21.468],[72.713,21.47],[72.728,21.478],[72.743,21.474],[72.744,21.456],[72.753,21.459],[72.76,21.449],[72.736,21.442],[72.73,21.453],[72.732,21.467],[72.716,21.461],[72.697,21.46],[72.699,21.442],[72.692,21.433],[72.677,21.428],[72.66,21.401],[72.66,21.394],[72.648,21.39],[72.647,21.378],[72.653,21.356],[72.661,21.347],[72.645,21.337],[72.627,21.343],[72.622,21.332],[72.622,21.315],[72.604,21.314],[72.605,21.298],[72.622,21.295],[72.618,21.268],[72.621,21.259],[72.64,21.235],[72.65,21.23],[72.662,21.232],[72.677,21.22],[72.682,21.223],[72.702,21.213],[72.702,21.2],[72.679,21.204],[72.674,21.219],[72.662,21.226],[72.654,21.209],[72.638,21.207],[72.637,21.181],[72.621,21.158],[72.625,21.142],[72.622,21.124],[72.625,21.098],[72.635,21.084],[72.644,21.079],[72.662,21.101],[72.66,21.112],[72.662,21.136],[72.669,21.149],[72.684,21.159],[72.696,21.151],[72.721,21.144],[72.733,21.144],[72.748,21.154],[72.749,21.175],[72.761,21.181],[72.781,21.18],[72.776,21.165],[72.759,21.151],[72.739,21.14],[72.719,21.14],[72.71,21.131],[72.71,21.112],[72.704,21.102],[72.707,21.087],[72.715,21.08],[72.739,21.077],[72.752,21.081],[72.763,21.065],[72.778,21.065],[72.793,21.071],[72.799,21.085],[72.816,21.089],[72.81,21.077],[72.8,21.069],[72.796,21.058],[72.781,21.055],[72.777,21.046],[72.742,21.043],[72.728,21.054],[72.726,21.034],[72.735,21.007],[72.734,20.998],[72.743,20.976],[72.757,20.93],[72.764,20.93],[72.775,20.942],[72.796,20.943],[72.804,20.95],[72.826,20.962],[72.824,20.95],[72.813,20.931],[72.802,20.92],[72.786,20.92],[72.783,20.915],[72.8,20.884],[72.817,20.842],[72.83,20.816],[72.83,20.799],[72.838,20.792],[72.845,20.801],[72.85,20.759],[72.857,20.752],[72.873,20.744],[72.894,20.744],[72.902,20.753],[72.922,20.75],[72.897,20.739],[72.877,20.735],[72.861,20.737],[72.847,20.744],[72.855,20.715],[72.881,20.656],[72.888,20.648],[72.899,20.589],[72.899,20.572],[72.888,20.545],[72.887,20.522],[72.89,20.505],[72.865,20.487],[72.859,20.467],[72.842,20.457],[72.828,20.435],[72.83,20.414],[72.822,20.366],[72.813,20.355],[72.789,20.35],[72.777,20.336],[72.772,20.303],[72.76,20.3],[72.754,20.29],[72.752,20.261],[72.742,20.247],[72.748,20.202],[72.744,20.187],[72.742,20.156],[72.738,20.137],[72.738,20.115],[72.73,20.1],[72.727,20.082],[72.713,20.08],[72.708,20.072],[72.714,20.045],[72.714,20.022],[72.724,19.997],[72.719,19.975],[72.69,19.957],[72.685,19.944],[72.666,19.934],[72.68,19.917],[72.677,19.901],[72.683,19.895],[72.683,19.865],[72.668,19.848],[72.661,19.848],[72.655,19.833],[72.665,19.821],[72.676,19.816],[72.685,19.802],[72.69,19.767],[72.687,19.751],[72.696,19.736],[72.695,19.726],[72.712,19.704],[72.708,19.675],[72.713,19.667],[72.715,19.647],[72.732,19.611],[72.731,19.594],[72.716,19.592],[72.717,19.572],[72.724,19.552],[72.723,19.541],[72.745,19.514],[72.763,19.506],[72.809,19.506],[72.827,19.509],[72.844,19.528],[72.843,19.539],[72.851,19.541],[72.867,19.537],[72.884,19.524],[72.853,19.52],[72.841,19.517],[72.837,19.508],[72.822,19.492],[72.792,19.496],[72.778,19.492],[72.757,19.472],[72.746,19.464],[72.746,19.454],[72.757,19.433],[72.767,19.392],[72.759,19.38],[72.759,19.372],[72.771,19.363],[72.777,19.348],[72.785,19.347],[72.796,19.335],[72.813,19.324],[72.82,19.325],[72.834,19.339],[72.842,19.341],[72.863,19.337],[72.885,19.32],[72.892,19.303],[72.905,19.291],[72.902,19.287],[72.871,19.31],[72.857,19.315],[72.829,19.31],[72.813,19.297],[72.788,19.308],[72.787,19.288],[72.781,19.278],[72.785,19.267],[72.784,19.249],[72.776,19.223],[72.786,19.202],[72.797,19.195],[72.796,19.177],[72.787,19.166],[72.785,19.155],[72.79,19.146],[72.789,19.13],[72.805,19.141],[72.817,19.126],[72.825,19.106],[72.827,19.084],[72.822,19.076],[72.822,19.042],[72.836,19.052],[72.837,19.032],[72.827,19.018],[72.817,19.012],[72.812,19.002],[72.815,18.982],[72.807,18.977],[72.799,18.957],[72.79,18.947],[72.799,18.942],[72.809,18.95],[72.82,18.943],[72.822,18.919],[72.804,18.906],[72.808,18.891],[72.818,18.902],[72.83,18.909],[72.837,18.927],[72.846,18.927],[72.85,18.97],[72.862,18.981],[72.858,18.993],[72.866,19.006],[72.885,19.011],[72.893,18.998],[72.914,18.997],[72.927,19.01],[72.936,19.025],[72.946,19.026],[72.96,19.041],[72.961,19.06],[72.95,19.09],[72.953,19.106],[72.965,19.123],[72.966,19.132],[72.976,19.147],[72.984,19.182],[72.988,19.157],[72.984,19.15],[72.98,19.12],[72.98,19.101],[72.992,19.082],[72.985,19.068],[72.994,19.066],[72.995,19.052],[73.001,19.04],[73.005,19.021],[72.999,19.015],[73.008,18.998],[73.035,19.001],[73.03,18.99],[72.995,18.968],[72.987,18.971],[72.977,18.962],[72.958,18.97],[72.955,18.963],[72.971,18.958],[72.97,18.951],[72.95,18.946],[72.949,18.935],[72.965,18.917],[72.959,18.906],[72.946,18.91],[72.945,18.896],[72.933,18.897],[72.934,18.907],[72.922,18.91],[72.909,18.897],[72.907,18.887],[72.915,18.879],[72.925,18.86],[72.924,18.853],[72.952,18.845],[72.977,18.86],[72.991,18.833],[72.985,18.816],[72.99,18.8],[72.982,18.795],[72.997,18.785],[72.995,18.78],[72.974,18.789],[72.955,18.807],[72.949,18.821],[72.935,18.82],[72.92,18.795],[72.908,18.793],[72.902,18.803],[72.874,18.801],[72.864,18.792],[72.864,18.743],[72.865,18.731],[72.863,18.711],[72.857,18.694],[72.861,18.688],[72.865,18.65],[72.871,18.639],[72.887,18.635],[72.885,18.626],[72.93,18.54],[72.944,18.545],[72.962,18.543],[72.971,18.537],[72.98,18.511],[72.99,18.5],[72.988,18.49],[72.975,18.499],[72.969,18.529],[72.958,18.539],[72.937,18.537],[72.913,18.529],[72.91,18.503],[72.905,18.5],[72.904,18.478],[72.895,18.457],[72.908,18.434],[72.91,18.403],[72.917,18.393],[72.927,18.387],[72.929,18.377],[72.915,18.365],[72.921,18.347],[72.934,18.349],[72.953,18.332],[72.967,18.31],[72.972,18.297],[72.98,18.295],[72.991,18.284],[73.015,18.285],[73.023,18.28],[73.023,18.27],[73.032,18.265],[73.052,18.266],[73.055,18.272],[73.041,18.293],[73.046,18.305],[73.067,18.303],[73.078,18.311],[73.084,18.301],[73.059,18.3],[73.045,18.296],[73.053,18.28],[73.069,18.271],[73.062,18.257],[73.064,18.25],[73.08,18.235],[73.081,18.216],[73.074,18.203],[73.063,18.193],[73.065,18.188],[73.09,18.171],[73.1,18.155],[73.097,18.141],[73.075,18.155],[73.077,18.166],[73.06,18.182],[73.06,18.196],[73.072,18.206],[73.069,18.221],[73.021,18.243],[73.004,18.247],[72.992,18.242],[72.975,18.246],[72.974,18.267],[72.967,18.279],[72.953,18.284],[72.938,18.281],[72.936,18.268],[72.944,18.247],[72.943,18.232],[72.936,18.225],[72.958,18.215],[72.983,18.191],[72.981,18.185],[72.989,18.165],[72.987,18.142],[72.973,18.13],[72.981,18.106],[72.993,18.097],[73,18.069],[72.992,18.059],[72.999,18.048],[73.011,18.048],[73.018,18.027],[73.006,18.017],[73.018,18.007],[73.026,17.987],[73.039,17.981],[73.047,17.99],[73.065,17.993],[73.086,17.992],[73.086,17.981],[73.072,17.985],[73.066,17.98],[73.042,17.978],[73.034,17.967],[73.031,17.952],[73.034,17.939],[73.055,17.924],[73.056,17.896],[73.072,17.885],[73.092,17.837],[73.093,17.808],[73.115,17.779],[73.119,17.762],[73.126,17.746],[73.137,17.71],[73.116,17.689],[73.118,17.672],[73.135,17.652],[73.134,17.63],[73.138,17.61],[73.157,17.59],[73.182,17.582],[73.159,17.566],[73.144,17.567],[73.14,17.558],[73.144,17.544],[73.179,17.514],[73.195,17.464],[73.189,17.454],[73.189,17.441],[73.201,17.436],[73.19,17.423],[73.19,17.413],[73.181,17.405],[73.172,17.405],[73.18,17.386],[73.189,17.381],[73.198,17.385],[73.214,17.379],[73.213,17.368],[73.223,17.351],[73.218,17.343],[73.229,17.334],[73.221,17.327],[73.232,17.317],[73.244,17.315],[73.242,17.292],[73.257,17.296],[73.272,17.295],[73.26,17.284],[73.259,17.263],[73.25,17.271],[73.243,17.283],[73.228,17.281],[73.225,17.298],[73.201,17.304],[73.192,17.295],[73.204,17.285],[73.205,17.269],[73.214,17.273],[73.225,17.263],[73.225,17.246],[73.235,17.241],[73.237,17.225],[73.248,17.22],[73.246,17.199],[73.253,17.19],[73.269,17.15],[73.266,17.142],[73.279,17.109],[73.285,17.098],[73.291,17.074],[73.29,17.054],[73.301,17.04],[73.321,17.037],[73.317,17.03],[73.297,17.035],[73.29,17.03],[73.298,17.02],[73.288,17.016],[73.279,17.025],[73.28,17.034],[73.266,17.048],[73.257,17.048],[73.259,17.02],[73.278,17.024],[73.286,17.011],[73.285,17],[73.278,16.99],[73.294,16.987],[73.307,16.979],[73.314,16.961],[73.306,16.958],[73.303,16.975],[73.295,16.976],[73.294,16.956],[73.283,16.947],[73.29,16.932],[73.283,16.93],[73.286,16.913],[73.28,16.902],[73.286,16.89],[73.296,16.899],[73.302,16.897],[73.289,16.879],[73.295,16.867],[73.29,16.858],[73.294,16.833],[73.301,16.81],[73.319,16.806],[73.318,16.793],[73.31,16.786],[73.305,16.763],[73.308,16.727],[73.32,16.706],[73.319,16.697],[73.333,16.679],[73.335,16.647],[73.325,16.643],[73.342,16.632],[73.349,16.62],[73.364,16.631],[73.384,16.631],[73.401,16.615],[73.388,16.612],[73.373,16.629],[73.353,16.62],[73.342,16.603],[73.327,16.606],[73.321,16.591],[73.332,16.576],[73.347,16.575],[73.359,16.55],[73.351,16.545],[73.362,16.524],[73.348,16.528],[73.349,16.538],[73.338,16.557],[73.328,16.555],[73.313,16.537],[73.327,16.511],[73.332,16.486],[73.342,16.474],[73.351,16.445],[73.359,16.445],[73.36,16.424],[73.364,16.42],[73.367,16.397],[73.381,16.395],[73.388,16.401],[73.406,16.395],[73.397,16.389],[73.388,16.393],[73.38,16.387],[73.37,16.362],[73.391,16.362],[73.385,16.336],[73.395,16.322],[73.394,16.311],[73.398,16.301],[73.414,16.283],[73.413,16.26],[73.427,16.226],[73.426,16.217],[73.438,16.201],[73.448,16.221],[73.453,16.205],[73.44,16.198],[73.445,16.172],[73.46,16.122],[73.467,16.124],[73.467,16.106],[73.47,16.099],[73.466,16.077],[73.466,16.054],[73.47,16.045],[73.482,16.038],[73.492,16.014],[73.487,15.988],[73.499,15.972],[73.509,15.975],[73.509,15.962],[73.504,15.956],[73.511,15.938],[73.526,15.939],[73.531,15.933],[73.543,15.936],[73.549,15.93],[73.567,15.919],[73.573,15.911],[73.59,15.907],[73.6,15.894],[73.615,15.855],[73.63,15.849],[73.639,15.824],[73.639,15.813],[73.65,15.803],[73.663,15.766],[73.663,15.748],[73.653,15.741],[73.672,15.732],[73.687,15.718],[73.707,15.734],[73.717,15.724],[73.7,15.716],[73.691,15.716],[73.695,15.699],[73.702,15.687],[73.717,15.643],[73.734,15.615],[73.75,15.629],[73.764,15.636],[73.776,15.65],[73.783,15.647],[73.762,15.625],[73.752,15.606],[73.735,15.604],[73.734,15.588],[73.741,15.567],[73.75,15.557],[73.754,15.543],[73.761,15.532],[73.765,15.507],[73.77,15.49],[73.786,15.492],[73.789,15.499],[73.81,15.495],[73.809,15.472],[73.802,15.46],[73.804,15.45],[73.827,15.452],[73.841,15.445],[73.85,15.45],[73.86,15.44],[73.864,15.428],[73.883,15.43],[73.888,15.417],[73.886,15.4],[73.877,15.396],[73.868,15.402],[73.861,15.398],[73.832,15.404],[73.818,15.403],[73.808,15.398],[73.797,15.413],[73.785,15.411],[73.79,15.395],[73.807,15.392],[73.807,15.377],[73.83,15.37],[73.843,15.357],[73.864,15.366],[73.878,15.367],[73.898,15.328],[73.905,15.311],[73.913,15.27],[73.935,15.208],[73.935,15.196],[73.946,15.154],[73.951,15.151],[73.94,15.122],[73.92,15.108],[73.926,15.1],[73.924,15.092],[73.942,15.074],[73.952,15.073],[73.972,15.058],[73.977,15.049],[73.986,15.048],[73.992,15.033],[73.992,15.018],[74.008,15.016],[74.016,15.01],[74.029,15.007],[74.035,14.996],[74.037,14.979],[74.049,14.953],[74.041,14.926],[74.044,14.913],[74.064,14.905],[74.077,14.907],[74.081,14.899],[74.092,14.896],[74.099,14.887],[74.111,14.846],[74.118,14.839],[74.139,14.845],[74.152,14.856],[74.162,14.86],[74.167,14.85],[74.14,14.832],[74.125,14.836],[74.125,14.806],[74.12,14.799],[74.107,14.803],[74.094,14.795],[74.108,14.79],[74.119,14.779],[74.137,14.777],[74.155,14.758],[74.157,14.749],[74.18,14.745],[74.191,14.732],[74.19,14.723],[74.208,14.717],[74.208,14.73],[74.228,14.737],[74.233,14.745],[74.246,14.738],[74.261,14.716],[74.261,14.704],[74.266,14.698],[74.28,14.673],[74.275,14.669],[74.279,14.648],[74.283,14.643],[74.281,14.627],[74.272,14.622],[74.278,14.608],[74.29,14.596],[74.308,14.598],[74.301,14.587],[74.292,14.588],[74.312,14.545],[74.31,14.52],[74.327,14.513],[74.356,14.522],[74.35,14.533],[74.363,14.541],[74.378,14.527],[74.358,14.514],[74.353,14.503],[74.365,14.488],[74.38,14.447],[74.387,14.414],[74.393,14.415],[74.405,14.375],[74.403,14.365],[74.41,14.34],[74.413,14.311],[74.422,14.286],[74.439,14.278],[74.442,14.272],[74.476,14.277],[74.487,14.275],[74.486,14.264],[74.496,14.252],[74.491,14.243],[74.473,14.253],[74.455,14.247],[74.437,14.264],[74.43,14.264],[74.456,14.196],[74.467,14.192],[74.485,14.108],[74.49,14.081],[74.493,14.075],[74.502,14.027],[74.51,14.005],[74.513,13.987],[74.518,13.98],[74.546,13.955],[74.567,13.945],[74.579,13.921],[74.589,13.911],[74.595,13.885],[74.605,13.866],[74.619,13.82],[74.622,13.798],[74.636,13.735],[74.644,13.682],[74.65,13.664],[74.66,13.656],[74.665,13.637],[74.675,13.648],[74.669,13.662],[74.674,13.675],[74.68,13.679],[74.68,13.65],[74.699,13.652],[74.72,13.641],[74.707,13.637],[74.686,13.638],[74.677,13.632],[74.68,13.617],[74.671,13.605],[74.68,13.546],[74.69,13.461],[74.697,13.454],[74.704,13.438],[74.702,13.425],[74.711,13.416],[74.707,13.41],[74.695,13.41],[74.694,13.384],[74.695,13.343],[74.709,13.333],[74.718,13.302],[74.719,13.28],[74.727,13.263],[74.731,13.248],[74.735,13.221],[74.742,13.194],[74.751,13.173],[74.764,13.122],[74.762,13.116],[74.775,13.074],[74.78,13.038],[74.79,13.004],[74.792,12.987],[74.8,12.954],[74.805,12.929],[74.811,12.925],[74.808,12.914],[74.814,12.887],[74.821,12.884],[74.831,12.87],[74.832,12.85],[74.846,12.839],[74.867,12.841],[74.868,12.832],[74.84,12.832],[74.836,12.821],[74.845,12.795],[74.855,12.782],[74.88,12.721],[74.884,12.707],[74.896,12.688],[74.901,12.674],[74.918,12.638],[74.927,12.611],[74.939,12.602],[74.937,12.589],[74.952,12.559],[74.966,12.518],[74.978,12.494],[74.985,12.495],[74.995,12.469],[74.996,12.456],[75.015,12.417],[75.021,12.412],[75.029,12.393],[75.041,12.386],[75.082,12.297],[75.1,12.247],[75.112,12.218],[75.118,12.211],[75.128,12.211],[75.12,12.195],[75.132,12.169],[75.136,12.154],[75.168,12.077],[75.2,12.009],[75.22,12.01],[75.233,12.018],[75.253,12.003],[75.265,11.991],[75.286,11.957],[75.293,11.952],[75.305,11.954],[75.29,11.97],[75.28,11.992],[75.293,11.986],[75.305,11.96],[75.315,11.951],[75.336,11.944],[75.33,11.935],[75.304,11.95],[75.301,11.942],[75.31,11.932],[75.318,11.911],[75.337,11.894],[75.355,11.864],[75.367,11.851],[75.383,11.858],[75.417,11.825],[75.423,11.815],[75.433,11.81],[75.449,11.79],[75.456,11.772],[75.475,11.763],[75.501,11.732],[75.511,11.727],[75.516,11.718],[75.531,11.705],[75.547,11.676],[75.57,11.617],[75.583,11.592],[75.586,11.581],[75.594,11.577],[75.596,11.55],[75.605,11.528],[75.61,11.508],[75.621,11.485],[75.62,11.476],[75.629,11.472],[75.637,11.461],[75.649,11.468],[75.66,11.464],[75.682,11.447],[75.695,11.432],[75.719,11.39],[75.735,11.342],[75.738,11.325],[75.747,11.317],[75.753,11.298],[75.765,11.27],[75.776,11.232],[75.784,11.219],[75.785,11.206],[75.795,11.187],[75.804,11.162],[75.815,11.146],[75.827,11.122],[75.847,11.071],[75.855,11.029],[75.864,11.007],[75.864,10.991],[75.875,10.962],[75.882,10.937],[75.886,10.911],[75.898,10.857],[75.899,10.843],[75.912,10.785],[75.929,10.799],[75.948,10.802],[75.94,10.79],[75.924,10.785],[75.92,10.778],[75.929,10.759],[75.943,10.722],[75.95,10.71],[75.953,10.698],[75.969,10.665],[75.976,10.642],[75.996,10.605],[76.013,10.56],[76.023,10.541],[76.031,10.534],[76.047,10.534],[76.05,10.545],[76.061,10.536],[76.035,10.526],[76.045,10.507],[76.045,10.498],[76.095,10.391],[76.098,10.377],[76.111,10.35],[76.118,10.325],[76.128,10.3],[76.132,10.279],[76.14,10.257],[76.147,10.216],[76.156,10.184],[76.171,10.186],[76.199,10.2],[76.208,10.195],[76.186,10.182],[76.168,10.18],[76.176,10.163],[76.187,10.132],[76.186,10.113],[76.192,10.108],[76.183,10.099],[76.2,10.064],[76.22,10],[76.236,9.987],[76.24,10.003],[76.232,10.015],[76.24,10.033],[76.253,10.037],[76.269,10.034],[76.27,10.021],[76.277,10],[76.27,9.991],[76.285,9.961],[76.267,9.97],[76.247,9.971],[76.236,9.964],[76.246,9.932],[76.256,9.878],[76.265,9.846],[76.265,9.83],[76.279,9.773],[76.286,9.73],[76.291,9.681],[76.292,9.658],[76.297,9.607],[76.304,9.589],[76.305,9.558],[76.317,9.487],[76.324,9.458],[76.342,9.41],[76.345,9.399],[76.359,9.362],[76.38,9.323],[76.405,9.256],[76.416,9.237],[76.437,9.194],[76.44,9.202],[76.43,9.229],[76.423,9.239],[76.428,9.25],[76.442,9.233],[76.441,9.215],[76.444,9.197],[76.451,9.188],[76.46,9.163],[76.465,9.164],[76.472,9.142],[76.48,9.149],[76.488,9.136],[76.482,9.123],[76.47,9.119],[76.513,9.024],[76.52,8.998],[76.527,8.978],[76.534,8.948],[76.55,8.957],[76.567,8.947],[76.569,8.955],[76.585,8.979],[76.585,8.992],[76.607,8.99],[76.617,8.98],[76.643,8.991],[76.647,8.97],[76.637,8.964],[76.611,8.967],[76.612,8.958],[76.592,8.948],[76.573,8.927],[76.561,8.926],[76.54,8.929],[76.546,8.9],[76.563,8.883],[76.582,8.877],[76.602,8.865],[76.635,8.831],[76.65,8.808],[76.656,8.802],[76.679,8.773],[76.694,8.75],[76.7,8.737],[76.73,8.699],[76.755,8.671],[76.78,8.638],[76.801,8.615],[76.821,8.586],[76.835,8.572],[76.868,8.53],[76.885,8.506],[76.922,8.466],[76.946,8.434],[76.953,8.44],[76.963,8.421],[76.956,8.42],[76.974,8.397],[76.972,8.388],[77.002,8.366],[77.01,8.352],[77.026,8.345],[77.085,8.297],[77.157,8.245],[77.171,8.233],[77.188,8.213],[77.214,8.2],[77.231,8.187],[77.235,8.179],[77.249,8.17],[77.273,8.164],[77.304,8.142],[77.306,8.133],[77.317,8.123],[77.337,8.126],[77.386,8.112],[77.393,8.109],[77.438,8.098],[77.454,8.091],[77.471,8.09],[77.492,8.084],[77.531,8.079],[77.537,8.074],[77.555,8.075],[77.564,8.118],[77.584,8.137],[77.597,8.144],[77.626,8.153],[77.653,8.159],[77.668,8.158],[77.697,8.164],[77.719,8.165],[77.754,8.18],[77.764,8.19],[77.779,8.195],[77.787,8.207],[77.787,8.223],[77.807,8.24],[77.82,8.247],[77.854,8.255],[77.878,8.268],[77.897,8.274],[77.909,8.288],[77.941,8.303],[77.96,8.317],[77.964,8.324],[78.007,8.351],[78.032,8.361],[78.048,8.365],[78.07,8.374],[78.061,8.382],[78.062,8.398],[78.068,8.407],[78.068,8.418],[78.08,8.437],[78.118,8.482],[78.13,8.493],[78.124,8.513],[78.124,8.527],[78.129,8.548],[78.133,8.553],[78.14,8.588],[78.135,8.595],[78.126,8.636],[78.133,8.66],[78.135,8.687],[78.141,8.697],[78.156,8.71],[78.16,8.73],[78.172,8.745],[78.191,8.749],[78.199,8.758],[78.172,8.77],[78.161,8.769],[78.164,8.807],[78.17,8.861],[78.17,8.876],[78.19,8.928],[78.206,8.952],[78.222,8.969],[78.262,8.997],[78.308,9.025],[78.331,9.045],[78.362,9.067],[78.382,9.086],[78.407,9.105],[78.424,9.112],[78.473,9.124],[78.494,9.125],[78.509,9.13],[78.541,9.133],[78.564,9.133],[78.583,9.127],[78.596,9.138],[78.617,9.146],[78.655,9.151],[78.646,9.172],[78.667,9.189],[78.691,9.192],[78.72,9.185],[78.72,9.197],[78.727,9.205],[78.757,9.212],[78.78,9.224],[78.794,9.226],[78.806,9.234],[78.819,9.235],[78.841,9.245],[78.857,9.246],[78.861,9.251],[78.883,9.255],[78.911,9.248],[78.931,9.266],[78.966,9.271],[79.004,9.27],[79.03,9.267],[79.063,9.259],[79.091,9.259],[79.121,9.268],[79.139,9.27],[79.145,9.274],[79.18,9.278],[79.173,9.285],[79.156,9.285],[79.141,9.293],[79.132,9.287],[79.11,9.289],[79.061,9.299],[79.047,9.306],[79.011,9.333],[79,9.347],[78.98,9.365],[78.946,9.403],[78.922,9.435],[78.91,9.457],[78.9,9.482],[78.917,9.497],[78.926,9.532],[78.921,9.54],[78.931,9.587],[78.945,9.615],[78.965,9.629],[78.965,9.639],[78.974,9.658],[78.973,9.667],[78.985,9.694],[78.994,9.702],[78.995,9.712],[79.019,9.733],[79.022,9.744],[79.035,9.762],[79.055,9.771],[79.067,9.79],[79.08,9.802],[79.08,9.81],[79.091,9.826],[79.125,9.856],[79.12,9.873],[79.129,9.893],[79.151,9.913],[79.156,9.931],[79.175,9.949],[79.198,9.97],[79.225,10.006],[79.25,10.03],[79.268,10.042],[79.253,10.052],[79.257,10.061],[79.252,10.07],[79.242,10.074],[79.23,10.097],[79.23,10.113],[79.24,10.129],[79.23,10.137],[79.231,10.147],[79.242,10.157],[79.24,10.17],[79.243,10.182],[79.257,10.19],[79.27,10.206],[79.28,10.213],[79.28,10.222],[79.271,10.229],[79.276,10.243],[79.294,10.26],[79.308,10.265],[79.32,10.278],[79.343,10.289],[79.353,10.287],[79.378,10.296],[79.379,10.309],[79.393,10.32],[79.451,10.319],[79.512,10.309],[79.523,10.317],[79.49,10.319],[79.487,10.335],[79.461,10.34],[79.463,10.35],[79.479,10.34],[79.502,10.334],[79.506,10.342],[79.52,10.34],[79.535,10.332],[79.554,10.351],[79.588,10.344],[79.603,10.347],[79.592,10.329],[79.572,10.333],[79.56,10.327],[79.558,10.315],[79.581,10.312],[79.593,10.32],[79.602,10.33],[79.614,10.336],[79.627,10.334],[79.64,10.347],[79.642,10.335],[79.655,10.324],[79.667,10.325],[79.671,10.332],[79.693,10.325],[79.7,10.328],[79.729,10.325],[79.755,10.313],[79.777,10.314],[79.782,10.306],[79.798,10.305],[79.811,10.291],[79.81,10.285],[79.793,10.273],[79.826,10.274],[79.851,10.276],[79.861,10.28],[79.877,10.3],[79.87,10.31],[79.876,10.317],[79.868,10.337],[79.875,10.344],[79.87,10.359],[79.866,10.392],[79.867,10.428],[79.863,10.477],[79.861,10.536],[79.858,10.555],[79.858,10.582],[79.855,10.593],[79.855,10.638],[79.854,10.655],[79.853,10.727],[79.85,10.756],[79.85,10.825],[79.852,10.837],[79.851,10.889],[79.854,10.903],[79.854,10.972],[79.859,11.029],[79.857,11.072],[79.86,11.098],[79.86,11.159],[79.855,11.209],[79.848,11.247],[79.844,11.259],[79.837,11.298],[79.836,11.335],[79.84,11.345],[79.822,11.359],[79.814,11.359],[79.791,11.369],[79.773,11.38],[79.779,11.385],[79.797,11.37],[79.814,11.362],[79.827,11.366],[79.818,11.397],[79.817,11.41],[79.811,11.432],[79.8,11.456],[79.77,11.505],[79.775,11.507],[79.763,11.527],[79.757,11.566],[79.757,11.59],[79.763,11.622],[79.765,11.642],[79.774,11.674],[79.778,11.696],[79.79,11.739],[79.795,11.762],[79.799,11.793],[79.815,11.853],[79.824,11.873],[79.844,11.962],[79.858,12.007],[79.87,12.033],[79.885,12.063],[79.895,12.075],[79.911,12.104],[79.949,12.158],[79.967,12.188],[79.979,12.204],[80.012,12.257],[79.997,12.25],[79.976,12.229],[79.972,12.235],[79.987,12.25],[80.015,12.264],[80.023,12.282],[80.045,12.316],[80.064,12.342],[80.115,12.403],[80.131,12.428],[80.146,12.443],[80.156,12.462],[80.16,12.487],[80.171,12.54],[80.188,12.572],[80.188,12.582],[80.2,12.624],[80.227,12.692],[80.23,12.708],[80.256,12.781],[80.25,12.803],[80.25,12.859],[80.256,12.903],[80.26,12.938],[80.266,12.971],[80.28,13.016],[80.284,13.065],[80.288,13.067],[80.3,13.09],[80.295,13.091],[80.298,13.117],[80.296,13.127],[80.315,13.168],[80.331,13.23],[80.321,13.224],[80.312,13.205],[80.305,13.208],[80.317,13.23],[80.328,13.233],[80.335,13.244],[80.337,13.256],[80.346,13.283],[80.347,13.317],[80.343,13.355],[80.336,13.378],[80.327,13.397],[80.316,13.427],[80.316,13.439],[80.307,13.453],[80.311,13.458],[80.298,13.487],[80.275,13.552],[80.257,13.586],[80.255,13.597],[80.24,13.622],[80.234,13.66],[80.235,13.7],[80.244,13.75],[80.257,13.782],[80.25,13.805],[80.216,13.883],[80.205,13.903],[80.19,13.939],[80.184,13.958],[80.173,13.977],[80.161,14.009],[80.155,14.019],[80.144,14.057],[80.144,14.069],[80.136,14.085],[80.13,14.134],[80.128,14.184],[80.131,14.215],[80.14,14.247],[80.141,14.273],[80.153,14.307],[80.166,14.334],[80.175,14.376],[80.175,14.425],[80.179,14.48],[80.183,14.523],[80.19,14.555],[80.184,14.568],[80.161,14.565],[80.158,14.571],[80.168,14.58],[80.182,14.585],[80.185,14.597],[80.175,14.606],[80.166,14.627],[80.155,14.661],[80.145,14.705],[80.118,14.733],[80.125,14.735],[80.11,14.753],[80.1,14.782],[80.095,14.812],[80.09,14.823],[80.09,14.857],[80.086,14.89],[80.08,14.903],[80.068,14.943],[80.063,14.977],[80.055,15.006],[80.05,15.044],[80.048,15.074],[80.05,15.093],[80.063,15.144],[80.083,15.183],[80.09,15.208],[80.09,15.227],[80.083,15.251],[80.085,15.276],[80.095,15.301],[80.108,15.319],[80.105,15.329],[80.121,15.364],[80.165,15.421],[80.186,15.441],[80.2,15.46],[80.211,15.486],[80.2,15.498],[80.208,15.51],[80.218,15.514],[80.229,15.535],[80.226,15.548],[80.228,15.563],[80.24,15.609],[80.256,15.642],[80.262,15.649],[80.259,15.657],[80.264,15.669],[80.271,15.667],[80.293,15.696],[80.331,15.735],[80.349,15.752],[80.375,15.772],[80.405,15.79],[80.418,15.795],[80.484,15.831],[80.507,15.841],[80.536,15.849],[80.565,15.861],[80.601,15.87],[80.651,15.879],[80.703,15.88],[80.722,15.879],[80.758,15.87],[80.771,15.866],[80.795,15.853],[80.811,15.834],[80.813,15.815],[80.809,15.8],[80.802,15.793],[80.789,15.818],[80.785,15.808],[80.79,15.792],[80.802,15.777],[80.81,15.759],[80.813,15.742],[80.833,15.742],[80.835,15.705],[80.84,15.702],[80.883,15.712],[80.912,15.716],[80.923,15.715],[80.921,15.726],[80.895,15.749],[80.912,15.745],[80.93,15.725],[80.938,15.71],[80.954,15.718],[80.969,15.731],[80.973,15.741],[80.982,15.738],[80.997,15.741],[81.013,15.757],[80.996,15.759],[80.987,15.769],[81.017,15.763],[81.019,15.766],[81.003,15.79],[80.995,15.814],[81.008,15.839],[81.024,15.857],[81.04,15.87],[81.064,15.898],[81.065,15.904],[81.096,15.932],[81.139,15.967],[81.152,15.972],[81.147,15.994],[81.147,16.009],[81.167,16.049],[81.189,16.087],[81.195,16.101],[81.205,16.138],[81.199,16.149],[81.202,16.174],[81.212,16.188],[81.215,16.203],[81.227,16.224],[81.247,16.252],[81.272,16.277],[81.298,16.297],[81.34,16.32],[81.397,16.341],[81.437,16.349],[81.477,16.353],[81.519,16.353],[81.537,16.35],[81.542,16.356],[81.558,16.351],[81.567,16.343],[81.652,16.331],[81.691,16.322],[81.698,16.31],[81.705,16.311],[81.717,16.325],[81.715,16.334],[81.718,16.362],[81.725,16.362],[81.726,16.343],[81.718,16.316],[81.726,16.311],[81.76,16.325],[81.802,16.347],[81.815,16.355],[81.851,16.369],[81.877,16.38],[81.895,16.385],[81.963,16.397],[81.973,16.406],[81.995,16.418],[82.006,16.427],[82.027,16.439],[82.039,16.452],[82.046,16.446],[82.063,16.457],[82.102,16.478],[82.123,16.486],[82.171,16.51],[82.234,16.543],[82.276,16.554],[82.259,16.561],[82.275,16.57],[82.292,16.572],[82.299,16.591],[82.282,16.63],[82.298,16.614],[82.309,16.597],[82.318,16.616],[82.324,16.653],[82.329,16.666],[82.342,16.684],[82.369,16.713],[82.366,16.719],[82.336,16.689],[82.334,16.698],[82.343,16.707],[82.327,16.714],[82.309,16.7],[82.29,16.696],[82.271,16.701],[82.271,16.708],[82.295,16.709],[82.32,16.734],[82.342,16.736],[82.344,16.764],[82.35,16.768],[82.355,16.782],[82.366,16.842],[82.371,16.914],[82.364,16.96],[82.36,16.969],[82.344,16.985],[82.333,16.989],[82.34,16.971],[82.36,16.952],[82.365,16.922],[82.365,16.85],[82.338,16.856],[82.321,16.851],[82.303,16.864],[82.274,16.87],[82.268,16.881],[82.256,16.884],[82.254,16.905],[82.249,16.907],[82.249,16.926],[82.253,16.938],[82.275,16.944],[82.274,16.962],[82.292,17.016],[82.306,17.038],[82.344,17.076],[82.347,17.078],[82.412,17.143],[82.464,17.189],[82.488,17.208],[82.565,17.26],[82.572,17.265],[82.615,17.29],[82.652,17.313],[82.677,17.325],[82.692,17.335],[82.752,17.365],[82.807,17.39],[82.822,17.399],[82.853,17.411],[82.869,17.415],[82.882,17.425],[82.928,17.443],[82.953,17.458],[82.969,17.462],[82.996,17.474],[83.006,17.487],[83.006,17.494],[83.018,17.505],[83.045,17.518],[83.092,17.534],[83.114,17.546],[83.16,17.56],[83.173,17.567],[83.177,17.575],[83.215,17.59],[83.22,17.598],[83.239,17.614],[83.235,17.624],[83.247,17.636],[83.258,17.641],[83.265,17.651],[83.287,17.662],[83.298,17.676],[83.295,17.689],[83.311,17.704],[83.344,17.722],[83.35,17.749],[83.389,17.779],[83.388,17.786],[83.408,17.805],[83.417,17.823],[83.412,17.84],[83.415,17.852],[83.424,17.86],[83.44,17.868],[83.455,17.887],[83.453,17.896],[83.469,17.914],[83.504,17.932],[83.531,17.95],[83.558,17.983],[83.561,17.995],[83.574,18.016],[83.587,18.019],[83.615,18.042],[83.636,18.052],[83.651,18.062],[83.694,18.098],[83.71,18.105],[83.728,18.116],[83.765,18.135],[83.824,18.16],[83.857,18.17],[83.872,18.178],[83.884,18.192],[83.904,18.201],[83.94,18.21],[83.981,18.23],[84.018,18.251],[84.045,18.261],[84.078,18.278],[84.088,18.288],[84.102,18.294],[84.129,18.31],[84.134,18.315],[84.132,18.343],[84.112,18.345],[84.111,18.351],[84.126,18.355],[84.138,18.351],[84.155,18.376],[84.176,18.396],[84.208,18.425],[84.244,18.46],[84.276,18.488],[84.31,18.515],[84.348,18.546],[84.325,18.537],[84.321,18.545],[84.335,18.557],[84.342,18.576],[84.355,18.564],[84.372,18.594],[84.401,18.622],[84.442,18.657],[84.445,18.671],[84.471,18.712],[84.49,18.73],[84.506,18.75],[84.537,18.77],[84.559,18.792],[84.561,18.811],[84.57,18.828],[84.58,18.837],[84.59,18.863],[84.609,18.888],[84.649,18.928],[84.68,18.955],[84.704,18.985],[84.714,19.003],[84.758,19.062],[84.767,19.072],[84.78,19.096],[84.76,19.098],[84.76,19.087],[84.745,19.075],[84.736,19.098],[84.746,19.117],[84.777,19.108],[84.798,19.128],[84.81,19.149],[84.842,19.191],[84.887,19.235],[84.913,19.255],[84.952,19.29],[85.005,19.33],[85.029,19.343],[85.067,19.366],[85.076,19.378],[85.083,19.378],[85.091,19.395],[85.109,19.415],[85.171,19.464],[85.193,19.477],[85.241,19.514],[85.312,19.56],[85.327,19.569],[85.343,19.581],[85.403,19.612],[85.431,19.628],[85.455,19.635],[85.488,19.65],[85.541,19.676],[85.527,19.685],[85.54,19.696],[85.555,19.7],[85.595,19.719],[85.627,19.73],[85.656,19.743],[85.658,19.735],[85.696,19.749],[85.71,19.752],[85.752,19.769],[85.821,19.791],[85.851,19.802],[85.902,19.815],[85.921,19.821],[85.954,19.83],[86.048,19.846],[86.049,19.853],[86.092,19.858],[86.145,19.874],[86.158,19.876],[86.217,19.895],[86.227,19.903],[86.226,19.91],[86.242,19.917],[86.252,19.911],[86.274,19.925],[86.312,19.943],[86.342,19.95],[86.368,19.95],[86.368,19.961],[86.354,19.961],[86.332,19.98],[86.316,19.986],[86.323,19.993],[86.343,19.98],[86.386,19.977],[86.399,19.988],[86.423,20.002],[86.435,20.019],[86.436,20.044],[86.452,20.07],[86.478,20.092],[86.491,20.109],[86.506,20.133],[86.521,20.163],[86.542,20.181],[86.532,20.183],[86.524,20.174],[86.512,20.175],[86.533,20.194],[86.55,20.194],[86.565,20.2],[86.573,20.208],[86.611,20.23],[86.679,20.26],[86.675,20.265],[86.688,20.285],[86.684,20.301],[86.722,20.302],[86.754,20.32],[86.777,20.337],[86.784,20.391],[86.779,20.395],[86.759,20.399],[86.747,20.397],[86.73,20.405],[86.735,20.416],[86.731,20.435],[86.734,20.458],[86.738,20.469],[86.748,20.471],[86.757,20.497],[86.759,20.512],[86.737,20.523],[86.74,20.528],[86.757,20.519],[86.765,20.504],[86.775,20.512],[86.782,20.526],[86.805,20.547],[86.85,20.576],[86.86,20.587],[86.869,20.59],[86.892,20.606],[86.932,20.63],[86.966,20.654],[86.998,20.671],[87.028,20.692],[87.022,20.697],[87.007,20.695],[87.005,20.702],[86.986,20.703],[87.007,20.717],[87.011,20.738],[86.996,20.77],[86.982,20.771],[86.97,20.766],[86.93,20.768],[86.892,20.767],[86.869,20.773],[86.869,20.788],[86.889,20.796],[86.896,20.793],[86.944,20.789],[86.962,20.782],[86.97,20.788],[86.974,20.825],[86.962,20.849],[86.957,20.853],[86.955,20.867],[86.941,20.898],[86.937,20.917],[86.925,20.932],[86.913,20.952],[86.903,20.987],[86.885,21.022],[86.864,21.048],[86.843,21.092],[86.845,21.097],[86.835,21.113],[86.83,21.141],[86.83,21.159],[86.824,21.173],[86.841,21.216],[86.857,21.233],[86.862,21.256],[86.875,21.277],[86.886,21.289],[86.895,21.305],[86.896,21.313],[86.929,21.344],[86.95,21.371],[86.992,21.415],[87.024,21.437],[87.051,21.46],[87.06,21.47],[87.079,21.475],[87.118,21.513],[87.133,21.515],[87.147,21.524],[87.169,21.534],[87.21,21.547],[87.26,21.555],[87.347,21.556],[87.377,21.55],[87.375,21.56],[87.342,21.57],[87.34,21.578],[87.366,21.58],[87.387,21.571],[87.434,21.596],[87.449,21.601],[87.466,21.601],[87.476,21.607],[87.505,21.617],[87.527,21.621],[87.559,21.632],[87.647,21.646],[87.657,21.646],[87.704,21.659],[87.733,21.671],[87.754,21.685],[87.752,21.694],[87.766,21.695],[87.786,21.69],[87.804,21.696],[87.808,21.706],[87.837,21.729],[87.872,21.762],[87.887,21.777],[87.893,21.793],[87.919,21.801],[87.938,21.815],[87.96,21.837],[87.974,21.854],[87.987,21.876],[88.002,21.895],[88,21.9],[88.013,21.914],[88.016,21.935],[88.027,21.955],[88.025,21.962],[88.046,21.988],[88.052,22.007],[88.05,22.016],[88.072,22.015],[88.101,22.031],[88.134,22.055],[88.148,22.059],[88.181,22.087],[88.191,22.107],[88.189,22.117],[88.173,22.132],[88.17,22.142],[88.133,22.184],[88.112,22.19],[88.095,22.19],[88.087,22.185],[88.071,22.185],[88.052,22.201],[88.037,22.208],[88.016,22.211],[88.017,22.221],[88.048,22.216],[88.062,22.223],[88.07,22.209],[88.094,22.206],[88.12,22.206],[88.136,22.199],[88.164,22.196],[88.187,22.185],[88.2,22.167],[88.209,22.149],[88.207,22.13],[88.216,22.118],[88.223,22.096],[88.224,22.075],[88.215,22.052],[88.211,22.029],[88.202,22.017],[88.191,21.992],[88.156,21.959],[88.16,21.948],[88.17,21.937],[88.176,21.916],[88.169,21.892],[88.167,21.875],[88.178,21.848],[88.192,21.831],[88.212,21.792],[88.217,21.772],[88.212,21.722],[88.22,21.702],[88.214,21.694],[88.203,21.69],[88.199,21.681],[88.206,21.674],[88.227,21.673],[88.236,21.642],[88.232,21.631],[88.222,21.625],[88.215,21.613],[88.229,21.6],[88.242,21.576],[88.247,21.561],[88.26,21.556],[88.291,21.556],[88.308,21.575],[88.31,21.583],[88.286,21.603],[88.29,21.607],[88.29,21.624],[88.309,21.663],[88.31,21.675],[88.281,21.71],[88.3,21.708],[88.3,21.72],[88.317,21.707],[88.329,21.709],[88.327,21.722],[88.345,21.718],[88.34,21.708],[88.357,21.685],[88.371,21.683],[88.376,21.694],[88.388,21.7],[88.393,21.717],[88.373,21.717],[88.372,21.722],[88.393,21.725],[88.402,21.72],[88.4,21.698],[88.38,21.681],[88.38,21.66],[88.385,21.641],[88.386,21.607],[88.397,21.591],[88.41,21.592],[88.415,21.611],[88.434,21.62],[88.44,21.61],[88.451,21.612],[88.463,21.635],[88.464,21.647],[88.473,21.677],[88.461,21.697],[88.457,21.711],[88.459,21.722],[88.466,21.725],[88.469,21.762],[88.478,21.791],[88.466,21.791],[88.452,21.8],[88.45,21.816],[88.467,21.825],[88.474,21.835],[88.488,21.835],[88.491,21.85],[88.482,21.885],[88.476,21.893],[88.479,21.902],[88.49,21.91],[88.503,21.913],[88.511,21.935],[88.505,21.953],[88.518,21.948],[88.528,21.936],[88.528,21.919],[88.515,21.907],[88.5,21.885],[88.5,21.874],[88.527,21.852],[88.541,21.863],[88.544,21.853],[88.535,21.847],[88.537,21.834],[88.548,21.825],[88.552,21.815],[88.564,21.831],[88.576,21.858],[88.58,21.888],[88.607,21.905],[88.618,21.938],[88.61,21.948],[88.601,21.965],[88.61,21.995],[88.614,22.012],[88.624,22.027],[88.638,22.042],[88.626,22.052],[88.626,22.062],[88.634,22.075],[88.643,22.076],[88.656,22.064],[88.662,22.046],[88.662,22.027],[88.667,22.019],[88.679,22.02],[88.695,22.013],[88.703,22.004],[88.723,22.003],[88.739,22.014],[88.735,22.03],[88.729,22.036],[88.702,22.045],[88.691,22.052],[88.685,22.067],[88.696,22.075],[88.704,22.071],[88.707,22.061],[88.727,22.053],[88.738,22.059],[88.752,22.075],[88.757,22.07],[88.75,22.059],[88.751,22.046],[88.762,22.026],[88.765,21.996],[88.752,21.976],[88.728,21.976],[88.724,21.941],[88.727,21.93],[88.72,21.921],[88.72,21.905],[88.714,21.882],[88.7,21.857],[88.698,21.837],[88.707,21.822],[88.714,21.803],[88.713,21.78],[88.706,21.762],[88.7,21.754],[88.7,21.734],[88.71,21.708],[88.712,21.692],[88.723,21.678],[88.735,21.673],[88.752,21.659],[88.775,21.663],[88.794,21.655],[88.811,21.661],[88.812,21.683],[88.821,21.68],[88.826,21.659],[88.812,21.635],[88.817,21.624],[88.85,21.618],[88.852,21.626],[88.865,21.636],[88.864,21.642],[88.848,21.672],[88.843,21.691],[88.843,21.71],[88.853,21.737],[88.867,21.752],[88.863,21.76],[88.833,21.764],[88.839,21.777],[88.86,21.777],[88.872,21.771],[88.881,21.761],[88.882,21.74],[88.872,21.706],[88.873,21.697],[88.885,21.676],[88.889,21.655],[88.903,21.648],[88.92,21.63],[88.926,21.632],[88.932,21.654],[88.938,21.665],[88.95,21.662],[88.94,21.645],[88.957,21.617],[88.973,21.609],[88.985,21.609],[89.002,21.617],[89.004,21.599],[89.027,21.599],[89.041,21.611],[89.042,21.618],[89.031,21.626],[89.031,21.634],[89.057,21.612],[89.072,21.614],[89.1,21.637],[89.096,21.665],[89.088,21.679],[89.082,21.678],[89.075,21.702],[89.06,21.728],[89.04,21.741],[89.025,21.761],[89.019,21.781],[89.021,21.81],[89.03,21.821],[89.035,21.852],[89.029,21.867],[88.988,21.888],[88.986,21.896],[88.993,21.905],[89.016,21.899],[89.021,21.917],[89.012,21.931],[89.017,21.937],[89.033,21.925],[89.062,21.933],[89.067,21.945],[89.069,21.964],[89.077,21.981],[89.076,21.998],[89.072,22.009],[89.054,22.027],[89.042,22.047],[89.039,22.064],[89.043,22.076],[89.039,22.092],[89.044,22.111],[89.096,22.149],[89.087,22.158],[89.077,22.148],[89.07,22.15],[89.063,22.168],[89.071,22.188],[89.071,22.197],[89.043,22.223],[89.038,22.231],[89.033,22.259],[89.017,22.253],[89.019,22.27],[88.996,22.286],[88.999,22.297],[89.024,22.299],[88.999,22.324],[88.985,22.325],[88.989,22.363],[88.983,22.375],[88.99,22.393],[88.973,22.407],[89,22.432],[88.99,22.446],[88.996,22.468],[88.982,22.483],[88.974,22.501],[88.973,22.514],[88.959,22.552],[88.938,22.56],[88.941,22.571],[88.939,22.589],[88.943,22.596],[88.96,22.612],[88.954,22.621],[88.933,22.62],[88.931,22.651],[88.945,22.664],[88.948,22.677],[88.962,22.695],[88.956,22.704],[88.928,22.718],[88.919,22.731],[88.912,22.757],[88.926,22.78],[88.936,22.791],[88.95,22.797],[88.958,22.797],[88.968,22.846],[88.958,22.857],[88.95,22.876],[88.928,22.873],[88.923,22.88],[88.909,22.88],[88.904,22.895],[88.898,22.898],[88.905,22.914],[88.904,22.923],[88.891,22.928],[88.893,22.953],[88.88,22.954],[88.861,22.942],[88.855,22.959],[88.866,22.984],[88.865,23.001],[88.877,23.003],[88.872,23.019],[88.884,23.04],[88.875,23.044],[88.875,23.062],[88.865,23.078],[88.869,23.098],[88.875,23.105],[88.892,23.108],[88.9,23.114],[88.91,23.13],[88.918,23.129],[88.923,23.145],[88.931,23.143],[88.933,23.166],[88.939,23.177],[88.956,23.182],[88.962,23.193],[88.98,23.194],[88.986,23.205],[88.985,23.221],[88.976,23.225],[88.947,23.207],[88.93,23.212],[88.921,23.218],[88.912,23.234],[88.907,23.236],[88.884,23.23],[88.875,23.234],[88.856,23.236],[88.845,23.234],[88.837,23.244],[88.809,23.255],[88.806,23.238],[88.806,23.219],[88.774,23.225],[88.776,23.236],[88.767,23.246],[88.752,23.24],[88.719,23.256],[88.724,23.271],[88.711,23.279],[88.71,23.289],[88.697,23.293],[88.696,23.302],[88.714,23.306],[88.726,23.299],[88.73,23.31],[88.745,23.307],[88.75,23.321],[88.733,23.327],[88.738,23.345],[88.748,23.363],[88.757,23.36],[88.765,23.367],[88.759,23.374],[88.754,23.395],[88.761,23.409],[88.754,23.414],[88.762,23.427],[88.765,23.449],[88.781,23.442],[88.792,23.447],[88.787,23.47],[88.801,23.497],[88.786,23.503],[88.77,23.498],[88.768,23.488],[88.759,23.478],[88.745,23.483],[88.732,23.496],[88.723,23.513],[88.712,23.509],[88.675,23.548],[88.66,23.549],[88.648,23.58],[88.638,23.598],[88.638,23.611],[88.614,23.603],[88.602,23.607],[88.595,23.602],[88.58,23.605],[88.593,23.62],[88.594,23.641],[88.571,23.636],[88.562,23.637],[88.563,23.658],[88.574,23.667],[88.573,23.685],[88.568,23.686],[88.568,23.726],[88.574,23.75],[88.581,23.758],[88.58,23.775],[88.563,23.778],[88.592,23.798],[88.602,23.816],[88.588,23.828],[88.587,23.843],[88.577,23.86],[88.588,23.872],[88.61,23.866],[88.637,23.871],[88.661,23.869],[88.664,23.883],[88.683,23.889],[88.688,23.902],[88.7,23.9],[88.7,23.911],[88.707,23.916],[88.735,23.915],[88.735,23.933],[88.742,23.933],[88.738,23.953],[88.732,23.961],[88.74,23.985],[88.766,23.981],[88.763,24.004],[88.745,24.006],[88.729,23.994],[88.732,24.014],[88.741,24.036],[88.725,24.041],[88.724,24.048],[88.742,24.049],[88.742,24.057],[88.734,24.067],[88.725,24.068],[88.721,24.08],[88.709,24.093],[88.702,24.116],[88.746,24.147],[88.741,24.162],[88.731,24.172],[88.736,24.224],[88.74,24.255],[88.735,24.279],[88.725,24.297],[88.71,24.31],[88.684,24.316],[88.659,24.315],[88.63,24.306],[88.623,24.316],[88.607,24.315],[88.604,24.31],[88.588,24.315],[88.587,24.325],[88.568,24.327],[88.555,24.293],[88.526,24.345],[88.507,24.344],[88.493,24.354],[88.465,24.366],[88.448,24.377],[88.426,24.383],[88.391,24.372],[88.379,24.374],[88.357,24.374],[88.328,24.385],[88.312,24.4],[88.285,24.422],[88.275,24.438],[88.263,24.446],[88.228,24.455],[88.203,24.46],[88.191,24.468],[88.185,24.482],[88.166,24.499],[88.142,24.511],[88.106,24.546],[88.089,24.567],[88.069,24.603],[88.036,24.646],[88.028,24.65],[88.009,24.668],[88.039,24.702],[88.062,24.721],[88.072,24.744],[88.066,24.751],[88.089,24.783],[88.106,24.78],[88.105,24.798],[88.111,24.813],[88.134,24.833],[88.145,24.848],[88.164,24.851],[88.164,24.878],[88.153,24.886],[88.169,24.893],[88.155,24.899],[88.153,24.907],[88.14,24.914],[88.137,24.935],[88.157,24.934],[88.17,24.95],[88.19,24.952],[88.209,24.962],[88.225,24.961],[88.237,24.944],[88.258,24.924],[88.264,24.908],[88.263,24.892],[88.268,24.888],[88.294,24.889],[88.305,24.872],[88.317,24.883],[88.327,24.87],[88.333,24.871],[88.343,24.884],[88.346,24.896],[88.335,24.898],[88.324,24.916],[88.335,24.921],[88.34,24.94],[88.364,24.949],[88.382,24.939],[88.394,24.941],[88.402,24.951],[88.394,24.962],[88.412,24.985],[88.422,25.007],[88.433,25.006],[88.451,25.039],[88.438,25.043],[88.435,25.055],[88.453,25.079],[88.447,25.082],[88.444,25.1],[88.448,25.11],[88.441,25.128],[88.46,25.139],[88.461,25.152],[88.442,25.184],[88.443,25.198],[88.463,25.195],[88.474,25.208],[88.499,25.21],[88.5,25.204],[88.538,25.198],[88.557,25.193],[88.559,25.177],[88.58,25.177],[88.592,25.187],[88.621,25.205],[88.631,25.202],[88.645,25.205],[88.663,25.203],[88.669,25.198],[88.68,25.209],[88.714,25.207],[88.733,25.199],[88.734,25.185],[88.754,25.178],[88.759,25.186],[88.799,25.171],[88.813,25.174],[88.815,25.185],[88.826,25.191],[88.83,25.205],[88.842,25.211],[88.855,25.2],[88.865,25.201],[88.875,25.179],[88.901,25.18],[88.924,25.172],[88.933,25.182],[88.948,25.176],[88.947,25.195],[88.943,25.207],[88.961,25.208],[88.952,25.233],[88.951,25.245],[88.956,25.255],[88.98,25.264],[88.987,25.275],[89.004,25.269],[89.009,25.298],[88.991,25.296],[88.975,25.302],[88.938,25.301],[88.924,25.312],[88.916,25.312],[88.907,25.328],[88.906,25.338],[88.888,25.337],[88.882,25.328],[88.866,25.343],[88.864,25.355],[88.856,25.355],[88.838,25.368],[88.837,25.402],[88.824,25.401],[88.83,25.417],[88.826,25.445],[88.839,25.459],[88.837,25.473],[88.83,25.49],[88.813,25.489],[88.81,25.499],[88.811,25.522],[88.792,25.523],[88.78,25.515],[88.759,25.525],[88.758,25.509],[88.767,25.503],[88.76,25.493],[88.744,25.497],[88.742,25.505],[88.721,25.5],[88.707,25.5],[88.71,25.481],[88.694,25.474],[88.663,25.474],[88.661,25.481],[88.646,25.478],[88.642,25.5],[88.622,25.497],[88.62,25.504],[88.603,25.514],[88.591,25.509],[88.573,25.509],[88.568,25.514],[88.549,25.514],[88.537,25.521],[88.54,25.53],[88.523,25.535],[88.5,25.551],[88.493,25.563],[88.5,25.584],[88.474,25.586],[88.449,25.603],[88.446,25.616],[88.455,25.629],[88.456,25.644],[88.454,25.665],[88.402,25.673],[88.405,25.684],[88.39,25.684],[88.391,25.694],[88.373,25.698],[88.375,25.715],[88.357,25.721],[88.337,25.738],[88.315,25.747],[88.314,25.755],[88.299,25.76],[88.28,25.776],[88.266,25.783],[88.272,25.792],[88.269,25.808],[88.249,25.812],[88.237,25.81],[88.23,25.796],[88.211,25.797],[88.199,25.79],[88.194,25.801],[88.183,25.801],[88.173,25.787],[88.165,25.789],[88.153,25.776],[88.141,25.781],[88.143,25.794],[88.131,25.799],[88.114,25.798],[88.12,25.813],[88.102,25.828],[88.108,25.836],[88.113,25.852],[88.112,25.864],[88.093,25.874],[88.103,25.889],[88.089,25.896],[88.091,25.913],[88.086,25.917],[88.093,25.93],[88.111,25.933],[88.113,25.943],[88.122,25.948],[88.114,25.958],[88.123,25.965],[88.128,25.977],[88.13,25.997],[88.144,26.001],[88.139,26.013],[88.155,26.02],[88.172,26.019],[88.184,26.028],[88.171,26.033],[88.178,26.05],[88.176,26.058],[88.185,26.062],[88.184,26.072],[88.162,26.077],[88.166,26.087],[88.158,26.097],[88.166,26.109],[88.174,26.11],[88.174,26.13],[88.18,26.139],[88.176,26.147],[88.196,26.159],[88.215,26.161],[88.233,26.172],[88.239,26.185],[88.275,26.188],[88.285,26.2],[88.298,26.196],[88.308,26.204],[88.323,26.209],[88.342,26.22],[88.35,26.22],[88.356,26.234],[88.348,26.253],[88.353,26.268],[88.35,26.283],[88.357,26.287],[88.384,26.313],[88.398,26.317],[88.414,26.315],[88.414,26.337],[88.434,26.335],[88.446,26.365],[88.459,26.362],[88.491,26.35],[88.488,26.36],[88.509,26.353],[88.524,26.359],[88.513,26.377],[88.515,26.388],[88.509,26.401],[88.495,26.418],[88.497,26.436],[88.48,26.451],[88.485,26.46],[88.458,26.467],[88.437,26.466],[88.428,26.473],[88.419,26.469],[88.409,26.48],[88.36,26.484],[88.364,26.468],[88.353,26.451],[88.341,26.478],[88.331,26.486],[88.332,26.495],[88.351,26.511],[88.353,26.526],[88.359,26.529],[88.357,26.544],[88.371,26.561],[88.37,26.577],[88.377,26.593],[88.388,26.6],[88.387,26.611],[88.402,26.628],[88.415,26.633],[88.423,26.583],[88.421,26.571],[88.432,26.549],[88.448,26.535],[88.462,26.544],[88.483,26.542],[88.49,26.532],[88.489,26.515],[88.508,26.516],[88.528,26.486],[88.526,26.481],[88.554,26.481],[88.56,26.461],[88.595,26.452],[88.595,26.468],[88.603,26.471],[88.623,26.471],[88.628,26.441],[88.624,26.435],[88.65,26.43],[88.65,26.416],[88.66,26.416],[88.668,26.407],[88.682,26.409],[88.688,26.395],[88.689,26.365],[88.702,26.335],[88.713,26.344],[88.744,26.349],[88.743,26.337],[88.746,26.322],[88.731,26.318],[88.682,26.313],[88.679,26.303],[88.666,26.289],[88.668,26.272],[88.678,26.265],[88.692,26.269],[88.696,26.28],[88.721,26.285],[88.72,26.292],[88.739,26.291],[88.747,26.311],[88.756,26.311],[88.764,26.299],[88.791,26.308],[88.803,26.306],[88.819,26.295],[88.813,26.289],[88.811,26.274],[88.813,26.257],[88.829,26.25],[88.828,26.24],[88.838,26.232],[88.854,26.235],[88.878,26.233],[88.872,26.245],[88.861,26.252],[88.861,26.273],[88.876,26.287],[88.898,26.289],[88.918,26.288],[88.926,26.284],[88.944,26.255],[88.957,26.241],[88.965,26.239],[88.98,26.245],[89.021,26.245],[89.027,26.248],[89.046,26.241],[89.049,26.252],[89.064,26.26],[89.063,26.278],[89.058,26.294],[89.046,26.296],[89.048,26.283],[89.029,26.284],[89.013,26.298],[88.985,26.301],[88.983,26.31],[88.998,26.322],[88.999,26.332],[88.987,26.332],[88.987,26.348],[88.963,26.35],[88.959,26.336],[88.952,26.334],[88.951,26.354],[88.937,26.357],[88.928,26.364],[88.914,26.365],[88.912,26.383],[88.926,26.407],[88.924,26.424],[88.928,26.433],[88.943,26.425],[88.953,26.452],[88.974,26.45],[88.983,26.439],[88.983,26.421],[89.005,26.421],[89.007,26.413],[89.021,26.415],[89.038,26.4],[89.084,26.398],[89.091,26.392],[89.088,26.363],[89.1,26.337],[89.098,26.324],[89.115,26.32],[89.136,26.321],[89.135,26.309],[89.123,26.287],[89.109,26.305],[89.104,26.297],[89.105,26.276],[89.125,26.264],[89.12,26.254],[89.141,26.236],[89.142,26.215],[89.147,26.205],[89.14,26.2],[89.136,26.185],[89.141,26.169],[89.149,26.159],[89.155,26.139],[89.172,26.13],[89.202,26.129],[89.224,26.125],[89.251,26.101],[89.261,26.086],[89.254,26.064],[89.282,26.058],[89.278,26.049],[89.306,26.047],[89.324,26.038],[89.337,26.026],[89.34,26.016],[89.359,26.007],[89.373,26.012],[89.392,26.009],[89.39,26.022],[89.407,26.031],[89.407,26.042],[89.426,26.045],[89.434,26.032],[89.427,26.015],[89.445,26.009],[89.463,25.998],[89.481,25.997],[89.491,26.006],[89.508,26.002],[89.516,26.009],[89.538,26.002],[89.535,25.986],[89.54,25.97],[89.558,25.965],[89.563,25.971],[89.586,25.982],[89.586,25.995],[89.579,26.026],[89.604,26.049],[89.644,26.063],[89.647,26.07],[89.634,26.081],[89.638,26.092],[89.615,26.104],[89.609,26.094],[89.597,26.098],[89.601,26.108],[89.616,26.107],[89.629,26.117],[89.607,26.125],[89.595,26.14],[89.599,26.161],[89.61,26.162],[89.613,26.178],[89.637,26.179],[89.639,26.167],[89.659,26.177],[89.643,26.183],[89.649,26.19],[89.633,26.21],[89.635,26.229],[89.656,26.219],[89.672,26.22],[89.68,26.213],[89.673,26.205],[89.687,26.182],[89.683,26.163],[89.697,26.159],[89.703,26.152],[89.743,26.159],[89.763,26.137],[89.765,26.125],[89.755,26.114],[89.77,26.105],[89.785,26.103],[89.782,26.09],[89.791,26.079],[89.799,26.059],[89.785,26.057],[89.78,26.041],[89.811,26.042],[89.819,26.026],[89.821,26.012],[89.817,25.991],[89.836,25.982],[89.831,26.003],[89.835,26.011],[89.847,26.001],[89.851,25.99],[89.871,25.979],[89.856,25.969],[89.842,25.971],[89.847,25.957],[89.832,25.955],[89.825,25.945],[89.839,25.941],[89.877,25.947],[89.887,25.945],[89.878,25.924],[89.848,25.892],[89.849,25.888],[89.832,25.871],[89.835,25.841],[89.817,25.818],[89.826,25.811],[89.828,25.797],[89.838,25.776],[89.841,25.761],[89.827,25.741],[89.827,25.733],[89.837,25.715],[89.847,25.715],[89.851,25.704],[89.846,25.696],[89.858,25.68],[89.865,25.663],[89.871,25.663],[89.881,25.632],[89.882,25.617],[89.873,25.588],[89.876,25.581],[89.867,25.562],[89.866,25.548],[89.851,25.539],[89.86,25.518],[89.858,25.507],[89.85,25.494],[89.849,25.474],[89.852,25.466],[89.842,25.456],[89.833,25.438],[89.825,25.414],[89.827,25.404],[89.821,25.384],[89.821,25.359],[89.831,25.336],[89.84,25.319],[89.841,25.308],[89.831,25.296],[89.857,25.287],[89.876,25.285],[89.909,25.308],[89.947,25.295],[89.967,25.304],[89.976,25.298],[89.981,25.281],[89.996,25.277],[90.005,25.28],[90.021,25.269],[90.039,25.261],[90.057,25.259],[90.062,25.253],[90.081,25.241],[90.092,25.239],[90.119,25.223],[90.129,25.226],[90.172,25.223],[90.206,25.21],[90.225,25.201],[90.231,25.204],[90.268,25.199],[90.31,25.189],[90.33,25.194],[90.341,25.183],[90.37,25.163],[90.407,25.159],[90.421,25.151],[90.441,25.145],[90.451,25.153],[90.486,25.161],[90.499,25.169],[90.526,25.174],[90.584,25.174],[90.608,25.178],[90.617,25.174],[90.634,25.176],[90.652,25.189],[90.665,25.181],[90.682,25.165],[90.706,25.161],[90.71,25.169],[90.723,25.165],[90.729,25.157],[90.741,25.159],[90.757,25.17],[90.769,25.183],[90.795,25.181],[90.804,25.167],[90.846,25.158],[90.871,25.16],[90.882,25.166],[90.902,25.163],[90.928,25.163],[90.977,25.174],[91.023,25.186],[91.038,25.186],[91.055,25.192],[91.068,25.192],[91.075,25.198],[91.12,25.194],[91.168,25.197],[91.192,25.201],[91.224,25.2],[91.246,25.197],[91.269,25.207],[91.276,25.199],[91.289,25.195],[91.288,25.187],[91.323,25.182],[91.337,25.174],[91.364,25.178],[91.377,25.168],[91.386,25.17],[91.398,25.165],[91.415,25.171],[91.425,25.157],[91.44,25.15],[91.457,25.148],[91.478,25.137],[91.5,25.136],[91.509,25.148],[91.527,25.145],[91.556,25.15],[91.569,25.16],[91.577,25.173],[91.606,25.174],[91.599,25.16],[91.6,25.147],[91.621,25.144],[91.623,25.128],[91.642,25.123],[91.67,25.138],[91.692,25.137],[91.694,25.146],[91.71,25.159],[91.716,25.153],[91.736,25.15],[91.749,25.156],[91.745,25.17],[91.775,25.163],[91.806,25.168],[91.823,25.177],[91.843,25.177],[91.849,25.173],[91.893,25.177],[91.913,25.182],[91.934,25.179],[91.968,25.176],[91.976,25.168],[92.002,25.185],[92.015,25.187],[92.027,25.183],[92.062,25.188],[92.078,25.18],[92.104,25.175],[92.108,25.171],[92.133,25.16],[92.135,25.142],[92.16,25.133],[92.165,25.126],[92.179,25.126],[92.195,25.13],[92.209,25.123],[92.208,25.109],[92.222,25.104],[92.223,25.097],[92.311,25.069],[92.322,25.078],[92.335,25.079],[92.347,25.074],[92.347,25.06],[92.342,25.049],[92.367,25.048],[92.371,25.043],[92.393,25.04],[92.399,25.033],[92.427,25.025],[92.416,24.991],[92.423,24.988],[92.422,24.965],[92.45,24.966],[92.456,24.971],[92.47,24.963],[92.465,24.955],[92.453,24.953],[92.45,24.94],[92.489,24.944],[92.485,24.925],[92.494,24.92],[92.497,24.902],[92.495,24.883],[92.486,24.872],[92.476,24.868],[92.456,24.874],[92.443,24.871],[92.437,24.856],[92.423,24.854],[92.405,24.859],[92.4,24.849],[92.384,24.853],[92.374,24.874],[92.362,24.873],[92.349,24.891],[92.34,24.878],[92.325,24.897],[92.316,24.895],[92.307,24.903],[92.304,24.913],[92.294,24.916],[92.281,24.906],[92.245,24.909],[92.235,24.903],[92.236,24.892],[92.247,24.888],[92.247,24.872],[92.239,24.868],[92.243,24.841],[92.254,24.832],[92.269,24.83],[92.276,24.816],[92.273,24.8],[92.289,24.785],[92.285,24.769],[92.293,24.759],[92.28,24.744],[92.296,24.737],[92.275,24.709],[92.256,24.679],[92.257,24.673],[92.247,24.654],[92.25,24.649],[92.233,24.578],[92.231,24.531],[92.212,24.504],[92.198,24.51],[92.185,24.523],[92.172,24.53],[92.161,24.529],[92.155,24.519],[92.159,24.508],[92.152,24.499],[92.152,24.484],[92.159,24.466],[92.163,24.438],[92.168,24.429],[92.163,24.419],[92.137,24.425],[92.131,24.407],[92.11,24.38],[92.097,24.373],[92.077,24.375],[92.051,24.375],[92.027,24.38],[92.02,24.387],[92.009,24.382],[91.999,24.392],[91.983,24.376],[91.974,24.371],[91.979,24.358],[91.998,24.335],[91.996,24.322],[91.981,24.324],[91.966,24.346],[91.954,24.353],[91.942,24.343],[91.92,24.337],[91.94,24.268],[91.912,24.168],[91.913,24.152],[91.906,24.139],[91.89,24.137],[91.878,24.147],[91.873,24.175],[91.854,24.183],[91.846,24.191],[91.852,24.214],[91.843,24.222],[91.821,24.209],[91.81,24.218],[91.791,24.221],[91.745,24.247],[91.753,24.19],[91.763,24.142],[91.731,24.144],[91.722,24.152],[91.707,24.156],[91.7,24.164],[91.688,24.162],[91.68,24.176],[91.68,24.194],[91.667,24.213],[91.664,24.232],[91.649,24.22],[91.653,24.196],[91.66,24.19],[91.655,24.176],[91.644,24.17],[91.647,24.157],[91.635,24.138],[91.642,24.116],[91.637,24.102],[91.609,24.093],[91.596,24.097],[91.592,24.075],[91.582,24.073],[91.556,24.077],[91.545,24.074],[91.508,24.087],[91.494,24.095],[91.472,24.1],[91.455,24.097],[91.429,24.106],[91.412,24.116],[91.393,24.108],[91.374,24.106],[91.377,24.08],[91.397,24.05],[91.391,24.027],[91.374,24.004],[91.38,23.981],[91.374,23.975],[91.363,23.983],[91.341,23.982],[91.324,23.995],[91.303,23.988],[91.29,23.968],[91.285,23.982],[91.271,23.962],[91.264,23.944],[91.273,23.938],[91.272,23.925],[91.252,23.926],[91.241,23.923],[91.245,23.907],[91.229,23.899],[91.23,23.881],[91.236,23.878],[91.241,23.862],[91.254,23.837],[91.244,23.825],[91.226,23.791],[91.231,23.784],[91.231,23.765],[91.226,23.751],[91.218,23.74],[91.21,23.749],[91.197,23.751],[91.166,23.749],[91.156,23.74],[91.15,23.717],[91.153,23.689],[91.194,23.69],[91.207,23.685],[91.202,23.664],[91.205,23.65],[91.157,23.666],[91.161,23.655],[91.158,23.622],[91.164,23.601],[91.177,23.593],[91.175,23.586],[91.187,23.578],[91.195,23.563],[91.194,23.547],[91.209,23.546],[91.201,23.52],[91.208,23.512],[91.224,23.514],[91.218,23.5],[91.236,23.502],[91.236,23.489],[91.249,23.49],[91.249,23.47],[91.256,23.441],[91.271,23.43],[91.263,23.424],[91.276,23.415],[91.28,23.377],[91.291,23.351],[91.311,23.354],[91.31,23.346],[91.296,23.341],[91.29,23.319],[91.296,23.314],[91.31,23.314],[91.307,23.3],[91.3,23.293],[91.31,23.277],[91.324,23.238],[91.325,23.169],[91.323,23.158],[91.333,23.153],[91.337,23.131],[91.348,23.119],[91.347,23.102],[91.37,23.071],[91.396,23.056],[91.412,23.062],[91.415,23.083],[91.405,23.087],[91.4,23.097],[91.403,23.114],[91.397,23.118],[91.397,23.13],[91.389,23.153],[91.385,23.156],[91.385,23.192],[91.388,23.215],[91.386,23.228],[91.401,23.229],[91.393,23.247],[91.409,23.248],[91.411,23.256],[91.409,23.285],[91.42,23.273],[91.416,23.263],[91.449,23.26],[91.448,23.244],[91.458,23.246],[91.47,23.228],[91.454,23.224],[91.458,23.213],[91.475,23.22],[91.484,23.209],[91.485,23.188],[91.503,23.192],[91.498,23.172],[91.491,23.158],[91.495,23.147],[91.504,23.141],[91.503,23.131],[91.514,23.123],[91.511,23.104],[91.519,23.094],[91.535,23.063],[91.536,23.055],[91.53,23.038],[91.55,23.038],[91.538,23.019],[91.548,23.019],[91.543,23],[91.557,22.997],[91.557,22.979],[91.575,22.969],[91.589,22.975],[91.606,22.971],[91.608,22.95],[91.616,22.944],[91.635,22.961],[91.646,22.977],[91.663,22.982],[91.671,22.977],[91.69,22.981],[91.692,22.987],[91.721,22.988],[91.725,22.998],[91.743,23.006],[91.753,23.022],[91.771,23.035],[91.784,23.037],[91.774,23.069],[91.785,23.072],[91.805,23.063],[91.818,23.076],[91.832,23.097],[91.817,23.101],[91.818,23.112],[91.809,23.134],[91.811,23.153],[91.806,23.157],[91.806,23.18],[91.797,23.187],[91.792,23.2],[91.79,23.227],[91.777,23.242],[91.777,23.269],[91.767,23.271],[91.76,23.284],[91.766,23.312],[91.793,23.328],[91.804,23.343],[91.824,23.353],[91.826,23.363],[91.838,23.371],[91.837,23.387],[91.845,23.406],[91.858,23.405],[91.873,23.414],[91.878,23.424],[91.895,23.433],[91.92,23.439],[91.923,23.435],[91.943,23.435],[91.938,23.456],[91.941,23.466],[91.959,23.478],[91.97,23.482],[91.972,23.493],[91.969,23.51],[91.956,23.527],[91.965,23.535],[91.957,23.551],[91.959,23.571],[91.952,23.599],[91.954,23.609],[91.944,23.633],[91.947,23.646],[91.939,23.659],[91.942,23.669],[91.934,23.685],[91.942,23.694],[91.955,23.693],[91.948,23.715],[91.954,23.73],[91.978,23.733],[91.984,23.724],[91.989,23.701],[92.001,23.671],[92.008,23.665],[92.024,23.663],[92.041,23.649],[92.071,23.646],[92.079,23.656],[92.083,23.68],[92.099,23.677],[92.104,23.686],[92.121,23.693],[92.124,23.703],[92.141,23.723],[92.145,23.734],[92.166,23.74],[92.172,23.739],[92.171,23.723],[92.178,23.708],[92.189,23.71],[92.207,23.701],[92.214,23.685],[92.207,23.676],[92.211,23.653],[92.226,23.655],[92.236,23.692],[92.242,23.695],[92.237,23.714],[92.244,23.722],[92.257,23.725],[92.279,23.717],[92.278,23.71],[92.29,23.7],[92.291,23.681],[92.273,23.643],[92.277,23.632],[92.29,23.628],[92.287,23.596],[92.298,23.593],[92.306,23.583],[92.309,23.551],[92.317,23.524],[92.313,23.52],[92.32,23.497],[92.316,23.487],[92.332,23.464],[92.329,23.45],[92.333,23.435],[92.346,23.433],[92.353,23.406],[92.354,23.39],[92.363,23.381],[92.361,23.367],[92.376,23.365],[92.381,23.352],[92.368,23.326],[92.368,23.318],[92.386,23.306],[92.381,23.285],[92.388,23.281],[92.399,23.256],[92.395,23.249],[92.402,23.236],[92.35,23.235],[92.354,23.221],[92.353,23.192],[92.362,23.156],[92.358,23.134],[92.367,23.125],[92.358,23.106],[92.378,23.087],[92.383,23.073],[92.392,23.056],[92.38,23.016],[92.385,22.993],[92.384,22.982],[92.374,22.972],[92.378,22.955],[92.372,22.937],[92.376,22.929],[92.397,22.93],[92.407,22.918],[92.419,22.912],[92.426,22.897],[92.437,22.886],[92.45,22.888],[92.448,22.877],[92.456,22.87],[92.457,22.838],[92.462,22.83],[92.458,22.816],[92.472,22.798],[92.469,22.787],[92.476,22.772],[92.474,22.761],[92.479,22.753],[92.502,22.737],[92.518,22.716],[92.519,22.687],[92.526,22.674],[92.524,22.659],[92.53,22.603],[92.537,22.593],[92.538,22.576],[92.524,22.558],[92.54,22.541],[92.541,22.528],[92.547,22.515],[92.55,22.496],[92.543,22.491],[92.547,22.476],[92.546,22.463],[92.551,22.453],[92.557,22.424],[92.552,22.416],[92.561,22.389],[92.562,22.372],[92.571,22.36],[92.577,22.325],[92.584,22.299],[92.585,22.276],[92.581,22.269],[92.591,22.256],[92.592,22.239],[92.588,22.219],[92.596,22.194],[92.597,22.174],[92.607,22.172],[92.611,22.136],[92.605,22.123],[92.589,22.132],[92.579,22.143],[92.564,22.134],[92.564,22.126],[92.575,22.116],[92.59,22.08],[92.592,22.065],[92.603,22.062],[92.593,22.038],[92.6,22.029],[92.598,22.009],[92.613,21.992],[92.607,21.975],[92.623,21.982],[92.635,21.984],[92.653,22.017],[92.68,22.012],[92.685,22.042],[92.682,22.074],[92.682,22.104],[92.691,22.105],[92.692,22.134],[92.697,22.143],[92.695,22.154],[92.713,22.147],[92.725,22.148],[92.735,22.134],[92.763,22.119],[92.774,22.107],[92.788,22.105],[92.801,22.095],[92.81,22.096],[92.818,22.085],[92.818,22.075],[92.838,22.07],[92.841,22.059],[92.857,22.067],[92.865,22.052],[92.864,22.024],[92.878,22.015],[92.891,22.011],[92.903,21.941],[92.912,21.952],[92.915,21.98],[92.923,21.994],[92.929,21.996],[92.942,22.02],[92.956,22.03],[92.964,22.011],[92.978,21.998],[92.981,21.981],[92.992,21.978],[93.005,21.987],[93.002,22.007],[93.004,22.017],[92.994,22.031],[92.994,22.042],[93.001,22.058],[93.004,22.076],[93.012,22.088],[93.005,22.105],[93.049,22.1],[93.059,22.107],[93.057,22.122],[93.037,22.144],[93.048,22.164],[93.049,22.174],[93.04,22.187],[93.042,22.199],[93.057,22.202],[93.063,22.208],[93.088,22.197],[93.111,22.204],[93.114,22.191],[93.128,22.173],[93.151,22.176],[93.161,22.197],[93.153,22.209],[93.142,22.246],[93.164,22.25],[93.168,22.246],[93.199,22.256],[93.191,22.309],[93.196,22.327],[93.186,22.339],[93.188,22.365],[93.182,22.395],[93.187,22.404],[93.182,22.419],[93.185,22.428],[93.178,22.438],[93.163,22.451],[93.14,22.454],[93.131,22.468],[93.135,22.493],[93.124,22.509],[93.128,22.524],[93.109,22.525],[93.112,22.533],[93.109,22.547],[93.115,22.563],[93.129,22.578],[93.138,22.583],[93.14,22.593],[93.134,22.614],[93.109,22.635],[93.109,22.657],[93.101,22.661],[93.094,22.681],[93.102,22.681],[93.097,22.699],[93.091,22.704],[93.098,22.719],[93.099,22.729],[93.106,22.743],[93.107,22.754],[93.095,22.786],[93.094,22.806],[93.11,22.818],[93.118,22.843],[93.118,22.865],[93.134,22.892],[93.129,22.902],[93.136,22.913],[93.15,22.908],[93.155,22.918],[93.145,22.934],[93.146,22.942],[93.138,22.951],[93.141,22.958],[93.135,22.971],[93.141,22.989],[93.127,22.996],[93.123,23.008],[93.128,23.032],[93.127,23.044],[93.139,23.054],[93.152,23.053],[93.153,23.044],[93.169,23.047],[93.183,23.06],[93.21,23.047],[93.215,23.028],[93.23,23.019],[93.229,23.012],[93.241,23.007],[93.271,23.011],[93.294,23.007],[93.298,23.014],[93.327,23.039],[93.328,23.048],[93.345,23.071],[93.343,23.086],[93.353,23.097],[93.356,23.107],[93.376,23.132],[93.384,23.133],[93.387,23.144],[93.368,23.146],[93.374,23.177],[93.38,23.187],[93.377,23.212],[93.385,23.219],[93.375,23.244],[93.368,23.269],[93.368,23.301],[93.363,23.313],[93.373,23.329],[93.362,23.337],[93.355,23.352],[93.389,23.364],[93.402,23.39],[93.391,23.408],[93.388,23.449],[93.396,23.454],[93.393,23.478],[93.398,23.51],[93.409,23.517],[93.418,23.539],[93.41,23.563],[93.422,23.572],[93.428,23.588],[93.42,23.612],[93.423,23.633],[93.416,23.641],[93.436,23.686],[93.426,23.689],[93.419,23.702],[93.406,23.712],[93.411,23.729],[93.404,23.745],[93.392,23.757],[93.402,23.812],[93.389,23.825],[93.385,23.848],[93.389,23.866],[93.385,23.872],[93.389,23.889],[93.393,23.921],[93.384,23.932],[93.37,23.931],[93.354,23.947],[93.351,23.961],[93.333,23.979],[93.337,23.989],[93.332,24.001],[93.333,24.015],[93.339,24.021],[93.331,24.03],[93.326,24.052],[93.336,24.058],[93.337,24.067],[93.328,24.081],[93.343,24.092],[93.349,24.103],[93.358,24.092],[93.373,24.091],[93.39,24.083],[93.398,24.085],[93.417,24.072],[93.426,24.052],[93.429,24.033],[93.439,24.016],[93.454,24.011],[93.453,24],[93.463,23.994],[93.462,23.976],[93.48,23.959],[93.495,23.954],[93.5,23.945],[93.515,23.943],[93.525,23.956],[93.54,23.961],[93.551,23.96],[93.56,23.982],[93.585,23.96],[93.592,23.961],[93.599,23.973],[93.607,23.972],[93.612,23.998],[93.624,24.011],[93.654,24.009],[93.666,24.002],[93.69,24.009],[93.722,23.998],[93.758,24.003],[93.771,23.976],[93.798,23.947],[93.8,23.933],[93.82,23.924],[93.84,23.932],[93.859,23.932],[93.872,23.941],[93.883,23.942],[93.895,23.952],[93.919,23.951],[93.944,23.946],[93.954,23.933],[93.976,23.925],[93.989,23.929],[93.996,23.922],[94.019,23.926],[94.025,23.916],[94.038,23.913],[94.041,23.901],[94.059,23.887],[94.074,23.883],[94.096,23.889],[94.103,23.872],[94.112,23.864],[94.112,23.85],[94.116,23.839],[94.127,23.833],[94.144,23.835],[94.143,23.848],[94.157,23.848],[94.168,23.902],[94.17,23.929],[94.178,23.926],[94.19,23.933],[94.202,23.983],[94.237,24.035],[94.228,24.057],[94.24,24.052],[94.255,24.082],[94.252,24.126],[94.26,24.165],[94.276,24.173],[94.292,24.234],[94.303,24.236],[94.322,24.277],[94.322,24.329],[94.35,24.334],[94.378,24.38],[94.361,24.394],[94.395,24.41],[94.408,24.44],[94.397,24.454],[94.4,24.462],[94.398,24.482],[94.426,24.481],[94.456,24.573],[94.467,24.572],[94.476,24.581],[94.509,24.594],[94.54,24.644],[94.548,24.684],[94.542,24.704],[94.556,24.711],[94.568,24.706],[94.578,24.711],[94.586,24.706],[94.602,24.709],[94.607,24.718],[94.612,24.74],[94.626,24.752],[94.629,24.761],[94.618,24.786],[94.63,24.805],[94.632,24.84],[94.65,24.855],[94.658,24.872],[94.673,24.875],[94.687,24.893],[94.702,24.93],[94.714,24.936],[94.697,24.959],[94.697,24.968],[94.707,24.987],[94.724,24.999],[94.727,25.009],[94.739,25.024],[94.745,25.047],[94.744,25.062],[94.738,25.066],[94.745,25.08],[94.736,25.11],[94.741,25.127],[94.735,25.134],[94.715,25.138],[94.702,25.146],[94.697,25.155],[94.677,25.154],[94.664,25.163],[94.641,25.166],[94.62,25.187],[94.611,25.182],[94.593,25.192],[94.589,25.203],[94.576,25.214],[94.585,25.229],[94.589,25.257],[94.585,25.265],[94.594,25.286],[94.606,25.307],[94.607,25.316],[94.619,25.33],[94.624,25.344],[94.635,25.358],[94.632,25.388],[94.635,25.395],[94.649,25.406],[94.66,25.405],[94.673,25.424],[94.671,25.443],[94.681,25.455],[94.683,25.466],[94.692,25.465],[94.717,25.471],[94.744,25.481],[94.753,25.494],[94.761,25.483],[94.784,25.481],[94.789,25.49],[94.806,25.492],[94.812,25.512],[94.825,25.524],[94.823,25.534],[94.847,25.562],[94.854,25.564],[94.885,25.564],[94.897,25.571],[94.881,25.585],[94.882,25.59],[94.915,25.607],[94.916,25.621],[94.925,25.65],[94.936,25.668],[94.947,25.673],[94.989,25.707],[94.992,25.719],[95.004,25.729],[95.023,25.731],[95.041,25.742],[95.049,25.76],[95.044,25.774],[95.05,25.793],[95.047,25.802],[95.033,25.814],[95.029,25.84],[95.023,25.844],[95.018,25.86],[95.009,25.867],[95.019,25.881],[95.013,25.898],[95.03,25.918],[95.032,25.926],[95.044,25.927],[95.048,25.935],[95.064,25.943],[95.073,25.942],[95.096,25.956],[95.101,25.966],[95.126,25.986],[95.141,26.009],[95.159,26.025],[95.163,26.047],[95.186,26.073],[95.165,26.093],[95.147,26.088],[95.118,26.101],[95.116,26.113],[95.126,26.128],[95.119,26.141],[95.117,26.163],[95.127,26.178],[95.122,26.186],[95.142,26.212],[95.119,26.226],[95.114,26.233],[95.125,26.247],[95.12,26.261],[95.128,26.302],[95.122,26.306],[95.128,26.337],[95.121,26.35],[95.132,26.378],[95.096,26.401],[95.104,26.421],[95.084,26.445],[95.062,26.45],[95.073,26.473],[95.086,26.488],[95.095,26.492],[95.1,26.506],[95.114,26.518],[95.113,26.536],[95.107,26.541],[95.126,26.558],[95.139,26.556],[95.141,26.567],[95.154,26.583],[95.147,26.593],[95.149,26.616],[95.163,26.622],[95.167,26.635],[95.18,26.642],[95.193,26.641],[95.208,26.648],[95.234,26.682],[95.249,26.684],[95.257,26.676],[95.26,26.655],[95.274,26.659],[95.304,26.651],[95.314,26.663],[95.325,26.665],[95.344,26.675],[95.36,26.671],[95.374,26.684],[95.395,26.685],[95.403,26.694],[95.419,26.695],[95.431,26.7],[95.432,26.715],[95.453,26.733],[95.459,26.743],[95.474,26.74],[95.483,26.747],[95.504,26.795],[95.508,26.81],[95.523,26.814],[95.525,26.823],[95.536,26.827],[95.543,26.835],[95.556,26.831],[95.57,26.816],[95.583,26.817],[95.6,26.811],[95.608,26.814],[95.613,26.825],[95.627,26.843],[95.629,26.858],[95.645,26.877],[95.646,26.884],[95.667,26.903],[95.694,26.892],[95.706,26.882],[95.723,26.881],[95.735,26.894],[95.745,26.898],[95.751,26.909],[95.748,26.926],[95.76,26.937],[95.759,26.955],[95.769,26.977],[95.781,26.978],[95.783,26.99],[95.796,26.998],[95.802,27.015],[95.831,27.007],[95.843,27.014],[95.858,27.012],[95.875,27.015],[95.886,27.026],[95.894,27.026],[95.904,27.039],[95.91,27.037],[95.946,27.051],[95.955,27.075],[95.965,27.087],[95.969,27.1],[95.985,27.112],[95.999,27.135],[96.007,27.139],[96.016,27.153],[96.022,27.18],[96.072,27.205],[96.089,27.22],[96.111,27.231],[96.12,27.231],[96.136,27.241],[96.153,27.247],[96.185,27.249],[96.192,27.26],[96.209,27.261],[96.231,27.277],[96.248,27.273],[96.273,27.273],[96.276,27.281],[96.295,27.291],[96.307,27.294],[96.334,27.286],[96.358,27.29],[96.386,27.285],[96.401,27.291],[96.407,27.288],[96.421,27.301],[96.455,27.303],[96.458,27.307],[96.488,27.296],[96.491,27.303],[96.508,27.299],[96.518,27.286],[96.536,27.299],[96.551,27.318],[96.564,27.319],[96.596,27.341],[96.606,27.366],[96.626,27.366],[96.645,27.36],[96.66,27.364],[96.698,27.358],[96.703,27.371],[96.712,27.37],[96.729,27.359],[96.745,27.358],[96.751,27.353],[96.767,27.357],[96.791,27.346],[96.797,27.346],[96.805,27.329],[96.823,27.308],[96.835,27.303],[96.848,27.29],[96.847,27.272],[96.858,27.262],[96.869,27.259],[96.884,27.26],[96.882,27.243],[96.886,27.227],[96.867,27.218],[96.858,27.206],[96.857,27.192],[96.874,27.181],[96.901,27.169],[96.931,27.162],[96.943,27.164],[96.964,27.161],[96.984,27.154],[96.993,27.14],[97.009,27.14],[97.031,27.13],[97.034,27.12],[97.062,27.099],[97.088,27.095],[97.095,27.104],[97.119,27.104],[97.125,27.096],[97.138,27.091],[97.148,27.107],[97.15,27.118],[97.162,27.123],[97.164,27.142],[97.151,27.15],[97.147,27.165],[97.14,27.164],[97.125,27.175],[97.122,27.19],[97.111,27.197],[97.09,27.215],[97.09,27.235],[97.074,27.247],[97.068,27.257],[97.055,27.265],[97.054,27.275],[97.041,27.282],[97.035,27.295],[97.015,27.313],[96.998,27.319],[96.991,27.343],[96.982,27.345],[96.979,27.356],[96.962,27.374],[96.968,27.381],[96.96,27.404],[96.945,27.408],[96.932,27.419],[96.932,27.431],[96.916,27.446],[96.903,27.454],[96.905,27.471],[96.91,27.487],[96.928,27.512],[96.927,27.527],[96.918,27.539],[96.907,27.544],[96.91,27.558],[96.905,27.582],[96.893,27.588],[96.893,27.616],[96.903,27.614],[96.93,27.645],[96.935,27.662],[96.951,27.664],[96.977,27.664],[96.985,27.686],[96.993,27.697],[97.008,27.709],[97.022,27.742],[97.039,27.749],[97.048,27.739],[97.062,27.749],[97.075,27.738],[97.089,27.735],[97.098,27.751],[97.092,27.755],[97.099,27.768],[97.111,27.777],[97.116,27.786],[97.131,27.794],[97.14,27.806],[97.149,27.805],[97.165,27.815],[97.165,27.826],[97.184,27.832],[97.181,27.839],[97.215,27.87],[97.226,27.874],[97.247,27.9],[97.267,27.908],[97.298,27.916],[97.321,27.894],[97.319,27.889],[97.343,27.886],[97.36,27.873],[97.379,27.892],[97.369,27.922],[97.367,27.939],[97.377,27.95],[97.365,27.96],[97.368,27.977],[97.384,27.986],[97.387,28.005],[97.395,28.011],[97.389,28.019],[97.378,28.023],[97.373,28.036],[97.358,28.053],[97.359,28.063],[97.349,28.066],[97.338,28.058],[97.312,28.062],[97.321,28.08],[97.327,28.084],[97.326,28.097],[97.332,28.104],[97.323,28.113],[97.326,28.14],[97.337,28.143],[97.359,28.165],[97.354,28.173],[97.362,28.198],[97.347,28.212],[97.332,28.214],[97.3,28.229],[97.284,28.231],[97.279,28.244],[97.27,28.245],[97.264,28.264],[97.245,28.264],[97.237,28.277],[97.237,28.294],[97.214,28.305],[97.204,28.304],[97.178,28.334],[97.167,28.329],[97.153,28.338],[97.148,28.35],[97.137,28.352],[97.126,28.362],[97.078,28.371],[97.068,28.362],[97.056,28.36],[97.039,28.34],[97.025,28.33],[97.001,28.325],[96.973,28.331],[96.954,28.346],[96.925,28.353],[96.922,28.364],[96.913,28.367],[96.907,28.377],[96.888,28.39],[96.883,28.4],[96.893,28.418],[96.886,28.43],[96.862,28.453],[96.861,28.483],[96.827,28.498],[96.821,28.505],[96.801,28.504],[96.79,28.51],[96.77,28.514],[96.76,28.52],[96.751,28.542],[96.762,28.553],[96.75,28.568],[96.722,28.579],[96.718,28.59],[96.719,28.606],[96.712,28.611],[96.704,28.598],[96.687,28.59],[96.664,28.602],[96.645,28.619],[96.614,28.62],[96.6,28.611],[96.591,28.598],[96.574,28.591],[96.557,28.579],[96.551,28.562],[96.537,28.561],[96.515,28.555],[96.495,28.543],[96.497,28.529],[96.508,28.52],[96.506,28.503],[96.498,28.497],[96.506,28.486],[96.512,28.453],[96.501,28.431],[96.492,28.431],[96.49,28.461],[96.479,28.479],[96.474,28.496],[96.452,28.487],[96.439,28.504],[96.428,28.511],[96.411,28.503],[96.408,28.521],[96.446,28.518],[96.464,28.523],[96.467,28.536],[96.462,28.545],[96.481,28.556],[96.475,28.573],[96.49,28.584],[96.514,28.582],[96.517,28.597],[96.51,28.61],[96.526,28.618],[96.527,28.64],[96.53,28.648],[96.542,28.65],[96.544,28.669],[96.537,28.678],[96.545,28.687],[96.557,28.687],[96.562,28.697],[96.576,28.69],[96.579,28.683],[96.593,28.682],[96.603,28.673],[96.623,28.674],[96.64,28.679],[96.647,28.691],[96.63,28.7],[96.632,28.733],[96.614,28.742],[96.603,28.759],[96.603,28.78],[96.581,28.779],[96.572,28.79],[96.58,28.809],[96.59,28.819],[96.572,28.823],[96.557,28.835],[96.55,28.849],[96.535,28.851],[96.521,28.869],[96.526,28.88],[96.52,28.887],[96.517,28.909],[96.529,28.917],[96.525,28.932],[96.512,28.946],[96.503,28.949],[96.492,28.942],[96.482,28.942],[96.467,28.933],[96.448,28.94],[96.438,28.96],[96.437,28.979],[96.442,28.997],[96.43,29.013],[96.414,29.024],[96.391,29.034],[96.379,29.033],[96.365,29.042],[96.362,29.05],[96.368,29.074],[96.35,29.087],[96.333,29.104],[96.33,29.113],[96.316,29.117],[96.307,29.113],[96.3,29.1],[96.274,29.098],[96.257,29.083],[96.244,29.087],[96.237,29.067],[96.229,29.056],[96.21,29.045],[96.203,29.034],[96.187,29.037],[96.185,29.046],[96.205,29.058],[96.215,29.069],[96.208,29.088],[96.2,29.099],[96.217,29.114],[96.242,29.111],[96.252,29.113],[96.284,29.129],[96.299,29.153],[96.298,29.165],[96.305,29.185],[96.302,29.193],[96.261,29.216],[96.264,29.246],[96.246,29.249],[96.215,29.266],[96.195,29.266],[96.172,29.288],[96.17,29.295],[96.154,29.295],[96.149,29.311],[96.143,29.314],[96.146,29.329],[96.136,29.346],[96.094,29.365],[96.086,29.365],[96.062,29.374],[96.054,29.383],[96.038,29.377],[96.017,29.363],[95.995,29.369],[95.984,29.363],[95.966,29.376],[95.955,29.367],[95.942,29.366],[95.939,29.349],[95.893,29.331],[95.877,29.315],[95.85,29.317],[95.84,29.323],[95.837,29.335],[95.842,29.343],[95.838,29.352],[95.812,29.348],[95.777,29.323],[95.757,29.323],[95.737,29.298],[95.748,29.288],[95.752,29.276],[95.736,29.255],[95.73,29.24],[95.738,29.227],[95.735,29.218],[95.716,29.212],[95.706,29.213],[95.698,29.225],[95.669,29.224],[95.648,29.21],[95.636,29.223],[95.606,29.236],[95.597,29.226],[95.595,29.207],[95.603,29.196],[95.596,29.188],[95.574,29.18],[95.549,29.197],[95.532,29.195],[95.529,29.189],[95.508,29.195],[95.5,29.182],[95.514,29.164],[95.515,29.143],[95.51,29.126],[95.481,29.141],[95.468,29.135],[95.458,29.137],[95.451,29.147],[95.449,29.161],[95.454,29.176],[95.434,29.193],[95.419,29.181],[95.421,29.17],[95.414,29.164],[95.415,29.148],[95.409,29.144],[95.413,29.126],[95.397,29.125],[95.392,29.134],[95.379,29.137],[95.345,29.135],[95.299,29.136],[95.289,29.123],[95.278,29.116],[95.273,29.105],[95.271,29.073],[95.259,29.08],[95.237,29.086],[95.23,29.104],[95.212,29.108],[95.193,29.102],[95.179,29.104],[95.159,29.099],[95.15,29.09],[95.136,29.088],[95.13,29.098],[95.104,29.096],[95.117,29.116],[95.101,29.128],[95.097,29.142],[95.066,29.147],[95.055,29.153],[95.042,29.151],[95.006,29.166],[95.018,29.126],[95,29.132],[94.994,29.144],[94.961,29.16],[94.94,29.161],[94.924,29.157],[94.909,29.162],[94.9,29.174],[94.884,29.179],[94.848,29.183],[94.833,29.178],[94.81,29.165],[94.804,29.167],[94.797,29.186],[94.801,29.206],[94.794,29.218],[94.771,29.218],[94.752,29.23],[94.745,29.243],[94.749,29.251],[94.736,29.276],[94.735,29.287],[94.716,29.292],[94.712,29.3],[94.694,29.318],[94.666,29.305],[94.656,29.306],[94.644,29.297],[94.626,29.296],[94.619,29.284],[94.591,29.272],[94.583,29.262],[94.572,29.256],[94.568,29.241],[94.541,29.22],[94.511,29.231],[94.501,29.215],[94.492,29.208],[94.457,29.213],[94.452,29.203],[94.452,29.189],[94.445,29.182],[94.429,29.187],[94.417,29.179],[94.391,29.184],[94.385,29.16],[94.379,29.154],[94.346,29.152],[94.318,29.156],[94.293,29.152],[94.295,29.135],[94.29,29.121],[94.276,29.113],[94.275,29.1],[94.285,29.086],[94.312,29.079],[94.313,29.066],[94.324,29.055],[94.328,29.041],[94.342,29.036],[94.36,29.034],[94.366,29.026],[94.342,29.002],[94.322,28.993],[94.309,28.994],[94.303,28.985],[94.274,28.968],[94.275,28.952],[94.261,28.932],[94.231,28.928],[94.219,28.932],[94.179,28.936],[94.166,28.924],[94.175,28.912],[94.144,28.898],[94.132,28.889],[94.116,28.889],[94.099,28.884],[94.079,28.883],[94.059,28.875],[94.058,28.859],[94.037,28.857],[94.023,28.845],[94.018,28.823],[94.02,28.795],[93.995,28.791],[93.985,28.797],[93.987,28.808],[93.975,28.821],[93.948,28.803],[93.939,28.789],[93.912,28.773],[93.919,28.746],[93.91,28.74],[93.897,28.757],[93.86,28.742],[93.841,28.749],[93.823,28.74],[93.787,28.733],[93.784,28.713],[93.755,28.699],[93.734,28.684],[93.724,28.67],[93.707,28.664],[93.689,28.678],[93.671,28.669],[93.657,28.667],[93.643,28.657],[93.629,28.666],[93.626,28.685],[93.603,28.683],[93.572,28.675],[93.522,28.674],[93.512,28.668],[93.48,28.674],[93.473,28.67],[93.449,28.669],[93.426,28.662],[93.374,28.603],[93.363,28.595],[93.321,28.581],[93.276,28.559],[93.247,28.542],[93.202,28.496],[93.191,28.492],[93.168,28.455],[93.171,28.441],[93.167,28.414],[93.146,28.38],[93.149,28.366],[93.137,28.362],[93.116,28.345],[93.102,28.341],[93.077,28.325],[93.063,28.306],[93.051,28.311],[93.025,28.298],[93.005,28.295],[92.991,28.273],[92.963,28.268],[92.947,28.262],[92.932,28.249],[92.928,28.226],[92.936,28.217],[92.922,28.201],[92.883,28.202],[92.867,28.19],[92.841,28.181],[92.833,28.175],[92.808,28.181],[92.791,28.188],[92.771,28.178],[92.774,28.17],[92.763,28.161],[92.75,28.163],[92.739,28.154],[92.723,28.161],[92.717,28.168],[92.692,28.15],[92.677,28.151],[92.667,28.125],[92.663,28.096],[92.657,28.085],[92.659,28.075],[92.668,28.068],[92.702,28.068],[92.732,28.054],[92.736,28.038],[92.725,28.016],[92.721,27.999],[92.73,27.978],[92.708,27.963],[92.698,27.962],[92.689,27.953],[92.677,27.949],[92.652,27.916],[92.627,27.91],[92.607,27.917],[92.595,27.91],[92.581,27.889],[92.545,27.867],[92.533,27.866],[92.527,27.854],[92.512,27.847],[92.5,27.851],[92.478,27.834],[92.468,27.81],[92.456,27.793],[92.438,27.804],[92.427,27.803],[92.423,27.823],[92.395,27.82],[92.361,27.803],[92.355,27.805],[92.338,27.796],[92.319,27.797],[92.32,27.81],[92.312,27.822],[92.297,27.833],[92.303,27.853],[92.293,27.872],[92.266,27.887],[92.255,27.882],[92.245,27.888],[92.22,27.874],[92.214,27.866],[92.195,27.856],[92.189,27.849],[92.174,27.847],[92.165,27.832],[92.135,27.83],[92.129,27.818],[92.11,27.803],[92.088,27.794],[92.064,27.788],[92.058,27.781],[92.017,27.777],[92.003,27.782],[91.982,27.777],[91.976,27.758],[91.967,27.75],[91.965,27.739],[91.953,27.737],[91.942,27.726],[91.918,27.719],[91.9,27.729],[91.89,27.722],[91.874,27.722],[91.862,27.736],[91.859,27.747],[91.848,27.761],[91.643,27.761],[91.635,27.746],[91.639,27.736],[91.631,27.716],[91.629,27.7],[91.606,27.689],[91.594,27.673],[91.573,27.66],[91.564,27.641],[91.563,27.63],[91.584,27.608],[91.57,27.595],[91.566,27.584],[91.584,27.564],[91.596,27.541],[91.612,27.544],[91.614,27.532],[91.624,27.513],[91.644,27.503],[91.652,27.484],[91.671,27.492],[91.681,27.493],[91.692,27.505],[91.707,27.498],[91.715,27.488],[91.709,27.477],[91.729,27.47],[91.751,27.475],[91.766,27.474],[91.776,27.465],[91.806,27.476],[91.83,27.469],[91.844,27.478],[91.849,27.487],[91.862,27.485],[91.87,27.472],[91.888,27.475],[91.896,27.471],[91.925,27.473],[91.943,27.46],[91.961,27.46],[91.972,27.467],[91.989,27.467],[91.994,27.479],[92.019,27.478],[92.027,27.441],[92.042,27.436],[92.044,27.427],[92.037,27.418],[92.056,27.4],[92.048,27.362],[92.063,27.342],[92.065,27.327],[92.088,27.305],[92.097,27.304],[92.123,27.287],[92.121,27.272],[92.104,27.268],[92.087,27.269],[92.077,27.278],[92.047,27.269],[92.039,27.255],[92.057,27.253],[92.071,27.238],[92.068,27.214],[92.062,27.21],[92.057,27.189],[92.036,27.18],[92.027,27.162],[92.036,27.137],[92.023,27.11],[92.03,27.1],[92.032,27.077],[92.045,27.052],[92.052,27.052],[92.082,27.041],[92.078,27.018],[92.095,27.011],[92.103,27.004],[92.108,26.989],[92.105,26.98],[92.12,26.972],[92.121,26.961],[92.113,26.951],[92.119,26.942],[92.114,26.917],[92.118,26.909],[92.115,26.894],[92.101,26.881],[92.103,26.867],[92.056,26.847],[92.017,26.851],[91.983,26.86],[91.97,26.872],[91.964,26.884],[91.944,26.896],[91.892,26.921],[91.886,26.916],[91.859,26.913],[91.824,26.865],[91.721,26.812],[91.704,26.813],[91.69,26.807],[91.625,26.821],[91.592,26.805],[91.495,26.792],[91.464,26.803],[91.442,26.815],[91.408,26.84],[91.375,26.795],[91.336,26.78],[91.296,26.787],[91.277,26.8],[91.236,26.812],[91.188,26.816],[91.145,26.811],[91.097,26.822],[91.053,26.783],[90.992,26.795],[90.955,26.782],[90.952,26.785],[90.862,26.781],[90.816,26.778],[90.742,26.776],[90.717,26.77],[90.694,26.772],[90.676,26.785],[90.646,26.778],[90.634,26.794],[90.584,26.804],[90.546,26.817],[90.417,26.905],[90.356,26.901],[90.348,26.888],[90.346,26.874],[90.3,26.848],[90.247,26.859],[90.23,26.859],[90.201,26.836],[90.188,26.807],[90.194,26.774],[90.14,26.754],[90.078,26.737],[90.046,26.73],[90.008,26.732],[89.967,26.724],[89.897,26.725],[89.866,26.733],[89.86,26.719],[89.861,26.702],[89.806,26.711],[89.775,26.702],[89.762,26.717],[89.755,26.734],[89.724,26.723],[89.718,26.73],[89.7,26.738],[89.69,26.733],[89.671,26.74],[89.669,26.731],[89.659,26.719],[89.65,26.717],[89.635,26.726],[89.617,26.729],[89.626,26.742],[89.643,26.749],[89.643,26.76],[89.653,26.767],[89.651,26.776],[89.638,26.782],[89.623,26.78],[89.595,26.792],[89.566,26.799],[89.56,26.813],[89.544,26.811],[89.51,26.813],[89.499,26.804],[89.47,26.803],[89.45,26.818],[89.45,26.831],[89.439,26.841],[89.423,26.836],[89.414,26.84],[89.39,26.842],[89.379,26.862],[89.327,26.843],[89.312,26.846],[89.276,26.829],[89.263,26.814],[89.228,26.818],[89.194,26.811],[89.176,26.819],[89.134,26.807],[89.124,26.822],[89.115,26.824],[89.101,26.844],[89.105,26.861],[89.093,26.873],[89.096,26.892],[89.07,26.904],[89.049,26.899],[89.051,26.916],[89.03,26.923],[89.021,26.941],[88.991,26.922],[88.979,26.918],[88.945,26.933],[88.953,26.946],[88.952,26.968],[88.921,26.994],[88.883,26.954],[88.875,26.943],[88.874,26.986],[88.869,26.994],[88.876,27.013],[88.877,27.047],[88.88,27.066],[88.875,27.07],[88.872,27.108],[88.851,27.108],[88.812,27.127],[88.802,27.139],[88.794,27.136],[88.775,27.136],[88.746,27.142],[88.76,27.153],[88.757,27.165],[88.765,27.178],[88.779,27.184],[88.799,27.208],[88.804,27.236],[88.802,27.249],[88.827,27.257],[88.832,27.263],[88.865,27.265],[88.879,27.261],[88.888,27.268],[88.904,27.273],[88.915,27.291],[88.909,27.304],[88.92,27.319],[88.921,27.327],[88.895,27.333],[88.883,27.347],[88.881,27.361],[88.863,27.369],[88.858,27.385],[88.838,27.381],[88.821,27.394],[88.817,27.405],[88.808,27.404],[88.801,27.423],[88.795,27.429],[88.793,27.447],[88.783,27.453],[88.777,27.469],[88.783,27.475],[88.782,27.497],[88.794,27.527],[88.777,27.533],[88.771,27.558],[88.763,27.566],[88.781,27.569],[88.792,27.575],[88.788,27.585],[88.807,27.597],[88.806,27.609],[88.811,27.619],[88.804,27.624],[88.809,27.637],[88.832,27.647],[88.844,27.662],[88.848,27.676],[88.843,27.685],[88.848,27.694],[88.841,27.712],[88.857,27.717],[88.859,27.738],[88.867,27.743],[88.857,27.753],[88.855,27.782],[88.861,27.804],[88.857,27.816],[88.883,27.835],[88.882,27.852],[88.888,27.856],[88.878,27.875],[88.881,27.892],[88.871,27.901],[88.868,27.92],[88.861,27.927],[88.837,27.927],[88.841,27.944],[88.841,27.984],[88.844,27.993],[88.837,28.014],[88.813,28.023],[88.794,28.044],[88.779,28.053],[88.755,28.08],[88.729,28.073],[88.716,28.078],[88.686,28.079],[88.68,28.072],[88.667,28.077],[88.664,28.089],[88.65,28.098],[88.64,28.117],[88.615,28.112],[88.609,28.107],[88.602,28.09],[88.577,28.085],[88.564,28.09],[88.554,28.082],[88.557,28.076],[88.546,28.034],[88.525,28.035],[88.492,28.048],[88.475,28.036],[88.468,28.017],[88.456,28.016],[88.444,28.009],[88.429,28.007],[88.415,27.997],[88.414,27.981],[88.389,27.977],[88.378,27.989],[88.356,27.989],[88.323,27.98],[88.303,27.965],[88.284,27.964],[88.279,27.955],[88.263,27.956],[88.252,27.942],[88.238,27.97],[88.224,27.961],[88.213,27.964],[88.205,27.957],[88.207,27.941],[88.187,27.943],[88.173,27.949],[88.163,27.959],[88.142,27.965],[88.134,27.952],[88.137,27.937],[88.13,27.927],[88.118,27.918],[88.125,27.904],[88.139,27.891],[88.136,27.882],[88.163,27.869],[88.179,27.857],[88.196,27.854],[88.201,27.837],[88.188,27.826],[88.173,27.82],[88.185,27.811],[88.187,27.802],[88.197,27.791],[88.181,27.776],[88.182,27.764],[88.177,27.759],[88.178,27.747],[88.158,27.74],[88.156,27.72],[88.148,27.703],[88.154,27.692],[88.147,27.679],[88.144,27.664],[88.12,27.645],[88.114,27.611],[88.106,27.603],[88.09,27.596],[88.075,27.572],[88.081,27.565],[88.07,27.556],[88.061,27.541],[88.066,27.529],[88.057,27.519],[88.061,27.513],[88.046,27.501],[88.044,27.478],[88.067,27.458],[88.068,27.439],[88.075,27.432],[88.054,27.417],[88.046,27.395],[88.042,27.37],[88.058,27.355],[88.067,27.336],[88.053,27.325],[88.041,27.302],[88.045,27.294],[88.032,27.286],[88.031,27.25],[88.021,27.238],[88.016,27.211],[88.011,27.166],[88.007,27.143],[87.991,27.131],[87.988,27.119],[87.991,27.106],[88.003,27.105],[88.02,27.086],[88.016,27.074],[88.021,27.069],[88.028,27.049],[88.037,27.037],[88.059,27.029],[88.076,27.036],[88.083,27.029],[88.088,27.008],[88.099,27.004],[88.109,26.993],[88.131,26.981],[88.123,26.969],[88.12,26.95],[88.138,26.933],[88.146,26.921],[88.137,26.898],[88.147,26.889],[88.162,26.881],[88.172,26.869],[88.173,26.855],[88.167,26.838],[88.179,26.817],[88.178,26.805],[88.188,26.771],[88.187,26.751],[88.182,26.72],[88.167,26.699],[88.168,26.684],[88.163,26.646],[88.157,26.633],[88.141,26.623],[88.139,26.606],[88.119,26.569],[88.105,26.561],[88.111,26.545],[88.097,26.535],[88.104,26.521],[88.095,26.515],[88.101,26.503],[88.099,26.495],[88.106,26.485],[88.104,26.465],[88.097,26.453],[88.091,26.426],[88.053,26.401],[88.045,26.4],[88.028,26.379],[88.03,26.365],[88.008,26.361],[87.992,26.371],[87.992,26.393],[87.966,26.397],[87.932,26.418],[87.917,26.435],[87.924,26.446],[87.899,26.449],[87.91,26.458],[87.9,26.477],[87.886,26.477],[87.858,26.464],[87.861,26.449],[87.851,26.445],[87.849,26.437],[87.828,26.44],[87.83,26.45],[87.817,26.459],[87.793,26.469],[87.776,26.449],[87.779,26.435],[87.764,26.41],[87.754,26.408],[87.748,26.418],[87.739,26.418],[87.734,26.408],[87.712,26.428],[87.698,26.428],[87.692,26.436],[87.677,26.436],[87.678,26.416],[87.65,26.406],[87.652,26.394],[87.627,26.394],[87.612,26.39],[87.607,26.381],[87.587,26.382],[87.583,26.394],[87.553,26.406],[87.548,26.418],[87.534,26.422],[87.516,26.431],[87.466,26.44],[87.443,26.433],[87.428,26.422],[87.388,26.419],[87.376,26.407],[87.369,26.408],[87.356,26.388],[87.353,26.372],[87.358,26.361],[87.341,26.347],[87.313,26.368],[87.301,26.366],[87.289,26.374],[87.266,26.374],[87.266,26.406],[87.247,26.414],[87.229,26.414],[87.22,26.403],[87.213,26.413],[87.186,26.414],[87.189,26.406],[87.162,26.404],[87.139,26.415],[87.091,26.45],[87.08,26.522],[87.073,26.542],[87.072,26.586],[87.045,26.587],[87.042,26.568],[87.015,26.532],[86.991,26.523],[86.975,26.52],[86.961,26.524],[86.933,26.517],[86.93,26.49],[86.894,26.488],[86.891,26.482],[86.894,26.462],[86.873,26.454],[86.865,26.458],[86.846,26.442],[86.832,26.439],[86.804,26.446],[86.765,26.459],[86.76,26.449],[86.749,26.44],[86.747,26.429],[86.736,26.424],[86.725,26.426],[86.72,26.435],[86.702,26.437],[86.69,26.451],[86.639,26.463],[86.621,26.483],[86.588,26.494],[86.57,26.497],[86.555,26.521],[86.542,26.538],[86.521,26.543],[86.515,26.539],[86.498,26.542],[86.456,26.568],[86.43,26.573],[86.395,26.585],[86.398,26.593],[86.356,26.604],[86.339,26.607],[86.344,26.617],[86.308,26.62],[86.293,26.613],[86.276,26.617],[86.251,26.614],[86.234,26.594],[86.218,26.589],[86.198,26.593],[86.194,26.613],[86.172,26.617],[86.156,26.61],[86.136,26.606],[86.141,26.617],[86.139,26.629],[86.119,26.63],[86.074,26.65],[86.069,26.658],[86.028,26.667],[86.013,26.661],[86.01,26.654],[85.975,26.657],[85.953,26.643],[85.955,26.63],[85.927,26.61],[85.913,26.609],[85.889,26.589],[85.859,26.57],[85.848,26.577],[85.858,26.59],[85.851,26.609],[85.831,26.611],[85.83,26.602],[85.818,26.603],[85.803,26.615],[85.802,26.624],[85.77,26.63],[85.748,26.639],[85.732,26.654],[85.737,26.664],[85.725,26.671],[85.723,26.688],[85.725,26.71],[85.729,26.734],[85.729,26.75],[85.735,26.778],[85.734,26.796],[85.721,26.82],[85.704,26.832],[85.68,26.844],[85.642,26.853],[85.634,26.872],[85.624,26.874],[85.606,26.857],[85.587,26.848],[85.586,26.856],[85.572,26.857],[85.566,26.841],[85.553,26.835],[85.543,26.838],[85.52,26.814],[85.507,26.817],[85.498,26.812],[85.495,26.797],[85.48,26.802],[85.479,26.794],[85.451,26.782],[85.432,26.79],[85.426,26.786],[85.408,26.791],[85.403,26.783],[85.384,26.774],[85.37,26.758],[85.355,26.76],[85.334,26.742],[85.307,26.752],[85.261,26.755],[85.232,26.762],[85.211,26.758],[85.198,26.77],[85.191,26.791],[85.183,26.801],[85.177,26.815],[85.191,26.831],[85.193,26.866],[85.19,26.87],[85.168,26.869],[85.14,26.871],[85.135,26.868],[85.111,26.872],[85.09,26.869],[85.085,26.856],[85.067,26.854],[85.057,26.849],[85.029,26.856],[85.027,26.874],[85.05,26.879],[85.053,26.889],[85.005,26.895],[85,26.912],[84.969,26.916],[84.97,26.928],[84.978,26.941],[84.963,26.96],[84.953,26.96],[84.934,26.968],[84.91,26.968],[84.889,26.977],[84.866,26.984],[84.857,26.989],[84.854,27.008],[84.829,27.02],[84.819,27.021],[84.807,27.014],[84.807,27.008],[84.795,26.999],[84.783,27.014],[84.773,27.018],[84.757,27.003],[84.73,27.015],[84.721,27.014],[84.701,27.027],[84.682,27.032],[84.643,27.046],[84.643,27.06],[84.655,27.084],[84.661,27.085],[84.675,27.102],[84.683,27.156],[84.675,27.172],[84.681,27.185],[84.681,27.2],[84.689,27.221],[84.683,27.235],[84.651,27.293],[84.622,27.337],[84.608,27.336],[84.565,27.347],[84.513,27.353],[84.475,27.362],[84.471,27.356],[84.445,27.364],[84.441,27.371],[84.396,27.371],[84.373,27.377],[84.347,27.375],[84.318,27.382],[84.3,27.391],[84.292,27.385],[84.275,27.401],[84.279,27.407],[84.272,27.429],[84.259,27.439],[84.254,27.454],[84.231,27.456],[84.208,27.442],[84.209,27.465],[84.199,27.473],[84.191,27.47],[84.175,27.474],[84.163,27.484],[84.149,27.486],[84.146,27.493],[84.151,27.517],[84.139,27.518],[84.124,27.511],[84.117,27.519],[84.105,27.521],[84.1,27.511],[84.095,27.49],[84.071,27.482],[84.067,27.468],[84.052,27.443],[84.039,27.443],[84.019,27.436],[83.992,27.444],[83.972,27.442],[83.968,27.447],[83.945,27.442],[83.934,27.45],[83.9,27.437],[83.885,27.433],[83.865,27.439],[83.854,27.446],[83.844,27.442],[83.833,27.426],[83.857,27.405],[83.859,27.397],[83.877,27.388],[83.883,27.38],[83.882,27.366],[83.864,27.346],[83.831,27.37],[83.63,27.463],[83.614,27.469],[83.423,27.478],[83.392,27.478],[83.4,27.464],[83.399,27.449],[83.386,27.444],[83.385,27.435],[83.395,27.423],[83.405,27.419],[83.403,27.401],[83.384,27.389],[83.388,27.377],[83.374,27.37],[83.374,27.36],[83.358,27.351],[83.355,27.344],[83.338,27.333],[83.318,27.337],[83.316,27.331],[83.295,27.333],[83.272,27.353],[83.265,27.365],[83.272,27.383],[83.24,27.406],[83.226,27.412],[83.211,27.424],[83.188,27.454],[83.166,27.458],[83.077,27.453],[83.035,27.449],[83.019,27.454],[82.954,27.468],[82.945,27.477],[82.94,27.491],[82.929,27.501],[82.879,27.499],[82.848,27.499],[82.833,27.502],[82.801,27.496],[82.785,27.5],[82.736,27.502],[82.737,27.518],[82.749,27.522],[82.739,27.552],[82.748,27.565],[82.748,27.575],[82.757,27.583],[82.755,27.594],[82.735,27.611],[82.738,27.638],[82.732,27.652],[82.713,27.669],[82.717,27.69],[82.708,27.696],[82.707,27.712],[82.699,27.722],[82.689,27.715],[82.666,27.716],[82.638,27.709],[82.627,27.709],[82.619,27.702],[82.605,27.706],[82.594,27.697],[82.585,27.699],[82.541,27.686],[82.517,27.691],[82.473,27.676],[82.449,27.679],[82.427,27.689],[82.402,27.704],[82.383,27.721],[82.368,27.742],[82.337,27.755],[82.303,27.773],[82.253,27.81],[82.23,27.821],[82.209,27.843],[82.178,27.855],[82.154,27.867],[82.15,27.858],[82.121,27.866],[82.114,27.877],[82.091,27.895],[82.07,27.924],[82.062,27.922],[81.991,27.929],[81.968,27.929],[81.938,27.894],[81.938,27.888],[81.925,27.876],[81.926,27.86],[81.9,27.854],[81.885,27.857],[81.878,27.866],[81.834,27.897],[81.821,27.904],[81.805,27.904],[81.698,27.988],[81.644,27.994],[81.618,28.01],[81.585,28.026],[81.547,28.049],[81.488,28.077],[81.478,28.083],[81.48,28.11],[81.484,28.119],[81.468,28.127],[81.45,28.141],[81.447,28.161],[81.418,28.174],[81.391,28.174],[81.375,28.177],[81.368,28.168],[81.377,28.159],[81.371,28.143],[81.334,28.14],[81.322,28.134],[81.318,28.145],[81.328,28.148],[81.32,28.16],[81.318,28.182],[81.321,28.197],[81.299,28.22],[81.292,28.223],[81.263,28.254],[81.233,28.289],[81.234,28.325],[81.211,28.361],[81.141,28.373],[81.08,28.385],[81.047,28.41],[81.036,28.414],[81.034,28.397],[81.017,28.416],[81.034,28.428],[81.029,28.439],[81.019,28.432],[81.013,28.438],[81.018,28.452],[81,28.454],[80.989,28.441],[80.952,28.448],[80.945,28.455],[80.917,28.46],[80.906,28.466],[80.902,28.486],[80.909,28.498],[80.896,28.507],[80.876,28.511],[80.856,28.498],[80.844,28.5],[80.815,28.521],[80.8,28.521],[80.784,28.529],[80.789,28.544],[80.769,28.55],[80.768,28.566],[80.738,28.575],[80.724,28.575],[80.715,28.568],[80.69,28.588],[80.696,28.603],[80.678,28.604],[80.68,28.621],[80.671,28.628],[80.668,28.642],[80.651,28.634],[80.642,28.643],[80.633,28.637],[80.612,28.639],[80.606,28.652],[80.58,28.661],[80.59,28.68],[80.569,28.688],[80.54,28.691],[80.506,28.671],[80.504,28.665],[80.511,28.624],[80.515,28.616],[80.522,28.577],[80.531,28.572],[80.523,28.553],[80.518,28.552],[80.506,28.569],[80.48,28.588],[80.472,28.584],[80.46,28.622],[80.438,28.635],[80.414,28.639],[80.404,28.635],[80.376,28.629],[80.357,28.641],[80.361,28.646],[80.326,28.666],[80.323,28.687],[80.316,28.701],[80.292,28.712],[80.279,28.709],[80.256,28.729],[80.265,28.741],[80.25,28.758],[80.235,28.759],[80.216,28.756],[80.171,28.782],[80.138,28.814],[80.118,28.829],[80.075,28.824],[80.065,28.838],[80.058,28.917],[80.097,28.976],[80.1,28.987],[80.118,28.982],[80.127,29.006],[80.126,29.032],[80.136,29.059],[80.128,29.061],[80.145,29.104],[80.164,29.116],[80.169,29.127],[80.178,29.128],[80.185,29.137],[80.203,29.129],[80.21,29.122],[80.235,29.119],[80.256,29.139],[80.272,29.147],[80.258,29.166],[80.258,29.187],[80.241,29.204],[80.249,29.221],[80.257,29.218],[80.262,29.207],[80.275,29.207],[80.288,29.195],[80.297,29.206],[80.296,29.222],[80.291,29.232],[80.299,29.24],[80.299,29.262],[80.304,29.285],[80.318,29.302],[80.316,29.316],[80.31,29.322],[80.296,29.324],[80.29,29.338],[80.28,29.346],[80.279,29.36],[80.271,29.373],[80.278,29.378],[80.272,29.395],[80.242,29.412],[80.247,29.437],[80.246,29.447],[80.302,29.453],[80.288,29.472],[80.296,29.488],[80.313,29.485],[80.315,29.5],[80.341,29.51],[80.358,29.533],[80.341,29.542],[80.349,29.555],[80.379,29.562],[80.391,29.582],[80.408,29.596],[80.408,29.62],[80.419,29.627],[80.416,29.651],[80.407,29.659],[80.392,29.664],[80.383,29.679],[80.377,29.703],[80.366,29.729],[80.368,29.751],[80.386,29.751],[80.386,29.759],[80.396,29.765],[80.416,29.796],[80.43,29.799],[80.465,29.802],[80.492,29.795],[80.497,29.812],[80.507,29.823],[80.522,29.827],[80.538,29.846],[80.553,29.853],[80.557,29.87],[80.566,29.88],[80.573,29.896],[80.57,29.909],[80.581,29.936],[80.595,29.953],[80.63,29.965],[80.649,29.956],[80.678,29.959],[80.691,29.975],[80.712,29.99],[80.72,30],[80.739,30],[80.748,30.007],[80.758,30.028],[80.756,30.04],[80.761,30.049],[80.779,30.057],[80.802,30.086],[80.822,30.1],[80.836,30.097],[80.845,30.102],[80.847,30.117],[80.879,30.132],[80.872,30.15],[80.871,30.161],[80.863,30.169],[80.879,30.18],[80.884,30.195],[80.897,30.212],[80.91,30.223],[80.92,30.226],[80.93,30.213],[80.923,30.204],[80.925,30.189],[80.933,30.177],[80.97,30.186],[80.974,30.192],[80.997,30.186],[81.009,30.194],[81.035,30.197],[81.045,30.206],[81.041,30.214],[81.026,30.226],[81.031,30.247],[81.012,30.254],[81.002,30.265],[80.982,30.271],[80.947,30.269],[80.936,30.263],[80.927,30.267],[80.93,30.278],[80.915,30.287],[80.906,30.304],[80.885,30.3],[80.861,30.314],[80.845,30.317],[80.835,30.313],[80.818,30.323],[80.802,30.323],[80.802,30.333],[80.787,30.341],[80.785,30.353],[80.778,30.355],[80.765,30.372],[80.75,30.38],[80.741,30.391],[80.715,30.414],[80.704,30.417],[80.693,30.413],[80.677,30.424],[80.658,30.442],[80.637,30.45],[80.622,30.462],[80.614,30.459],[80.607,30.471],[80.565,30.464],[80.56,30.454],[80.541,30.449],[80.527,30.46],[80.518,30.472],[80.508,30.475],[80.497,30.488],[80.466,30.491],[80.419,30.515],[80.41,30.525],[80.398,30.518],[80.385,30.518],[80.365,30.528],[80.345,30.52],[80.335,30.535],[80.319,30.545],[80.315,30.565],[80.283,30.57],[80.255,30.565],[80.237,30.579],[80.221,30.579],[80.209,30.588],[80.216,30.61],[80.212,30.626],[80.219,30.643],[80.205,30.652],[80.193,30.666],[80.198,30.686],[80.233,30.69],[80.233,30.709],[80.249,30.72],[80.248,30.744],[80.241,30.749],[80.239,30.762],[80.219,30.752],[80.198,30.765],[80.196,30.78],[80.186,30.791],[80.179,30.806],[80.173,30.809],[80.156,30.805],[80.153,30.794],[80.129,30.786],[80.127,30.78],[80.109,30.782],[80.088,30.796],[80.074,30.821],[80.05,30.841],[80.043,30.837],[80.029,30.843],[80.009,30.864],[79.997,30.866],[79.989,30.877],[79.969,30.881],[79.962,30.889],[79.948,30.883],[79.929,30.883],[79.908,30.915],[79.889,30.918],[79.882,30.955],[79.876,30.966],[79.857,30.975],[79.838,30.971],[79.815,30.973],[79.808,30.98],[79.797,30.979],[79.79,30.987],[79.776,30.986],[79.752,31.006],[79.739,30.983],[79.701,30.971],[79.675,30.982],[79.666,30.983],[79.663,30.964],[79.635,30.953],[79.62,30.951],[79.603,30.94],[79.588,30.947],[79.568,30.949],[79.553,30.957],[79.538,30.98],[79.528,30.985],[79.516,30.997],[79.516,31.013],[79.509,31.015],[79.507,31.032],[79.498,31.031],[79.473,31.035],[79.439,31.024],[79.427,31.023],[79.419,31.043],[79.419,31.068],[79.413,31.073],[79.417,31.086],[79.414,31.107],[79.408,31.114],[79.39,31.117],[79.376,31.114],[79.365,31.124],[79.352,31.122],[79.321,31.139],[79.309,31.155],[79.306,31.196],[79.301,31.219],[79.283,31.239],[79.266,31.238],[79.24,31.255],[79.226,31.261],[79.232,31.269],[79.247,31.278],[79.25,31.293],[79.229,31.304],[79.221,31.315],[79.224,31.326],[79.234,31.333],[79.223,31.346],[79.192,31.355],[79.171,31.363],[79.169,31.374],[79.177,31.385],[79.155,31.409],[79.142,31.432],[79.108,31.446],[79.099,31.455],[79.086,31.45],[79.075,31.459],[79.07,31.443],[79.061,31.43],[79.037,31.433],[79.019,31.427],[79.016,31.411],[79.016,31.387],[79.01,31.382],[79.018,31.359],[79.019,31.349],[79,31.342],[78.988,31.348],[78.989,31.356],[78.977,31.361],[78.97,31.357],[78.944,31.366],[78.941,31.35],[78.932,31.342],[78.913,31.31],[78.897,31.302],[78.9,31.29],[78.883,31.286],[78.876,31.304],[78.863,31.315],[78.853,31.312],[78.852,31.294],[78.833,31.294],[78.818,31.299],[78.811,31.307],[78.796,31.304],[78.778,31.312],[78.778,31.32],[78.763,31.341],[78.77,31.349],[78.751,31.363],[78.757,31.377],[78.753,31.385],[78.795,31.444],[78.775,31.455],[78.768,31.473],[78.758,31.483],[78.742,31.481],[78.725,31.485],[78.72,31.508],[78.731,31.533],[78.744,31.542],[78.775,31.544],[78.78,31.556],[78.803,31.566],[78.807,31.574],[78.822,31.579],[78.833,31.598],[78.847,31.607],[78.842,31.622],[78.828,31.625],[78.819,31.637],[78.809,31.639],[78.798,31.659],[78.801,31.678],[78.761,31.675],[78.751,31.68],[78.752,31.698],[78.745,31.706],[78.743,31.719],[78.734,31.724],[78.724,31.752],[78.725,31.758],[78.705,31.774],[78.704,31.81],[78.717,31.823],[78.734,31.831],[78.744,31.855],[78.748,31.872],[78.742,31.886],[78.748,31.891],[78.742,31.902],[78.75,31.908],[78.761,31.926],[78.766,31.926],[78.768,31.946],[78.765,31.959],[78.779,31.967],[78.774,31.986],[78.78,31.994],[78.767,32.004],[78.74,32.001],[78.721,32.03],[78.722,32.04],[78.713,32.047],[78.706,32.063],[78.695,32.068],[78.683,32.08],[78.694,32.095],[78.682,32.115],[78.66,32.116],[78.631,32.126],[78.627,32.138],[78.603,32.155],[78.591,32.168],[78.6,32.174],[78.599,32.194],[78.581,32.204],[78.561,32.203],[78.543,32.222],[78.543,32.228],[78.525,32.247],[78.52,32.262],[78.497,32.276],[78.499,32.295],[78.51,32.303],[78.502,32.319],[78.479,32.325],[78.476,32.332],[78.486,32.356],[78.481,32.366],[78.47,32.365],[78.457,32.38],[78.457,32.392],[78.468,32.394],[78.473,32.412],[78.47,32.419],[78.472,32.442],[78.463,32.454],[78.451,32.46],[78.455,32.469],[78.44,32.48],[78.428,32.504],[78.407,32.526],[78.395,32.53],[78.393,32.539],[78.405,32.547],[78.415,32.566],[78.42,32.569],[78.449,32.574],[78.454,32.581],[78.475,32.576],[78.492,32.585],[78.502,32.585],[78.518,32.606],[78.517,32.614],[78.542,32.612],[78.547,32.619],[78.578,32.613],[78.583,32.604],[78.608,32.601],[78.633,32.605],[78.641,32.61],[78.631,32.635],[78.663,32.657],[78.673,32.657],[78.723,32.674],[78.739,32.696],[78.748,32.691],[78.742,32.655],[78.751,32.641],[78.77,32.63],[78.781,32.616],[78.774,32.585],[78.762,32.579],[78.757,32.567],[78.77,32.525],[78.781,32.516],[78.778,32.497],[78.779,32.479],[78.795,32.476],[78.813,32.434],[78.832,32.428],[78.833,32.418],[78.844,32.411],[78.869,32.414],[78.882,32.398],[78.892,32.401],[78.906,32.389],[78.902,32.381],[78.913,32.368],[78.93,32.363],[78.968,32.336],[78.976,32.343],[78.989,32.37],[79.014,32.381],[79.028,32.38],[79.058,32.387],[79.081,32.379],[79.087,32.372],[79.104,32.374],[79.1,32.394],[79.105,32.407],[79.126,32.422],[79.118,32.454],[79.132,32.469],[79.132,32.481],[79.149,32.477],[79.151,32.488],[79.164,32.494],[79.184,32.498],[79.183,32.511],[79.188,32.516],[79.203,32.511],[79.222,32.51],[79.221,32.522],[79.248,32.517],[79.258,32.538],[79.282,32.547],[79.298,32.542],[79.311,32.56],[79.333,32.559],[79.336,32.54],[79.356,32.527],[79.361,32.532],[79.41,32.519],[79.418,32.527],[79.414,32.542],[79.429,32.54],[79.435,32.551],[79.428,32.557],[79.44,32.58],[79.452,32.593],[79.452,32.604],[79.463,32.606],[79.499,32.641],[79.525,32.652],[79.548,32.677],[79.54,32.682],[79.541,32.703],[79.551,32.705],[79.561,32.714],[79.548,32.723],[79.544,32.731],[79.547,32.749],[79.557,32.759],[79.545,32.773],[79.505,32.784],[79.481,32.801],[79.479,32.813],[79.461,32.833],[79.471,32.843],[79.473,32.876],[79.446,32.891],[79.421,32.895],[79.406,32.909],[79.39,32.918],[79.401,32.941],[79.38,32.946],[79.364,32.938],[79.353,32.955],[79.363,32.963],[79.351,32.979],[79.344,32.98],[79.335,32.998],[79.342,33.015],[79.338,33.028],[79.328,33.034],[79.341,33.057],[79.359,33.063],[79.368,33.085],[79.365,33.091],[79.373,33.119],[79.401,33.148],[79.393,33.155],[79.396,33.169],[79.407,33.169],[79.413,33.177],[79.403,33.194],[79.385,33.202],[79.362,33.197],[79.336,33.204],[79.324,33.19],[79.302,33.191],[79.296,33.203],[79.288,33.203],[79.273,33.213],[79.256,33.215],[79.238,33.233],[79.217,33.238],[79.204,33.21],[79.193,33.219],[79.182,33.212],[79.152,33.182],[79.124,33.202],[79.107,33.2],[79.103,33.207],[79.073,33.223],[79.067,33.238],[79.08,33.245],[79.071,33.252],[79.045,33.261],[79.035,33.273],[79.039,33.286],[79.032,33.294],[79.027,33.32],[78.982,33.327],[78.977,33.334],[78.963,33.339],[78.951,33.364],[78.954,33.371],[78.94,33.38],[78.938,33.403],[78.927,33.441],[78.931,33.487],[78.914,33.541],[78.91,33.565],[78.888,33.573],[78.891,33.587],[78.905,33.606],[78.907,33.62],[78.929,33.62],[78.938,33.614],[78.95,33.618],[78.977,33.61],[79.004,33.607],[79.025,33.619],[79.063,33.622],[79.085,33.62],[79.09,33.637],[79.083,33.649],[79.056,33.665],[79.022,33.674],[79.008,33.693],[79.01,33.714],[79.027,33.746],[79.028,33.754],[79,33.773],[78.993,33.795],[78.965,33.821],[78.956,33.852],[78.95,33.863],[78.948,33.884],[78.942,33.893],[78.937,33.913],[78.923,33.925],[78.909,33.947],[78.892,33.962],[78.887,33.973],[78.897,33.985],[78.903,34.002],[78.912,34.01],[78.935,34.02],[78.978,34.03],[78.995,34.037],[79.019,34.016],[79.052,34.003],[79.092,33.991],[79.109,33.99],[79.147,33.999],[79.151,34.009],[79.162,34.012],[79.171,34.022],[79.194,34.025],[79.225,34.011],[79.234,34.012],[79.249,34.024],[79.297,34.009],[79.316,34.015],[79.332,34.004],[79.367,33.995],[79.377,34.001],[79.391,33.997],[79.41,34.01],[79.404,34.027],[79.422,34.045],[79.419,34.054],[79.429,34.06],[79.427,34.076],[79.419,34.08],[79.416,34.1],[79.425,34.112],[79.438,34.117],[79.47,34.116],[79.486,34.126],[79.491,34.134],[79.498,34.174],[79.491,34.191],[79.515,34.2],[79.521,34.198],[79.559,34.209],[79.576,34.23],[79.59,34.241],[79.607,34.238],[79.611,34.254],[79.607,34.272],[79.61,34.284],[79.601,34.308],[79.586,34.311],[79.573,34.321],[79.563,34.347],[79.559,34.372],[79.546,34.382],[79.535,34.401],[79.536,34.416],[79.529,34.423],[79.531,34.443],[79.509,34.454],[79.526,34.461],[79.538,34.479],[79.548,34.475],[79.563,34.458],[79.605,34.465],[79.623,34.45],[79.645,34.456],[79.656,34.452],[79.674,34.455],[79.681,34.462],[79.685,34.477],[79.703,34.486],[79.722,34.472],[79.753,34.478],[79.766,34.471],[79.779,34.479],[79.794,34.48],[79.799,34.496],[79.809,34.517],[79.811,34.54],[79.788,34.564],[79.792,34.577],[79.802,34.589],[79.787,34.606],[79.787,34.627],[79.8,34.629],[79.816,34.642],[79.83,34.646],[79.843,34.66],[79.845,34.669],[79.874,34.685],[79.898,34.696],[79.918,34.688],[79.932,34.692],[79.944,34.676],[79.952,34.674],[79.972,34.7],[79.989,34.692],[80.015,34.694],[80.074,34.706],[80.079,34.717],[80.079,34.733],[80.067,34.762],[80.078,34.771],[80.091,34.769],[80.099,34.775],[80.11,34.804],[80.12,34.838],[80.136,34.855],[80.137,34.869],[80.148,34.867],[80.168,34.873],[80.167,34.88],[80.197,34.887],[80.206,34.911],[80.203,34.921],[80.186,34.946],[80.198,34.961],[80.212,34.961],[80.227,34.972],[80.225,34.98],[80.234,34.99],[80.216,34.993],[80.217,35.003],[80.196,35.113],[80.208,35.124],[80.216,35.139],[80.233,35.148],[80.236,35.154],[80.223,35.164],[80.223,35.171],[80.245,35.185],[80.255,35.206],[80.28,35.203],[80.285,35.211],[80.275,35.217],[80.285,35.233],[80.294,35.268],[80.266,35.296],[80.274,35.3],[80.276,35.328],[80.288,35.358],[80.299,35.368],[80.311,35.37],[80.347,35.391],[80.361,35.387],[80.377,35.392],[80.395,35.415],[80.412,35.426],[80.421,35.443],[80.42,35.46],[80.412,35.477],[80.389,35.488],[80.385,35.501],[80.375,35.503],[80.366,35.513],[80.366,35.525],[80.358,35.529],[80.344,35.526],[80.329,35.535],[80.316,35.524],[80.302,35.534],[80.304,35.545],[80.297,35.556],[80.277,35.553],[80.264,35.568],[80.25,35.557],[80.233,35.56],[80.224,35.555],[80.205,35.575],[80.189,35.563],[80.171,35.557],[80.166,35.547],[80.172,35.527],[80.183,35.509],[80.142,35.498],[80.139,35.488],[80.127,35.478],[80.11,35.478],[80.096,35.458],[80.081,35.45],[80.088,35.438],[80.072,35.423],[80.055,35.423],[80.035,35.439],[80.034,35.447],[80.017,35.466],[80.007,35.496],[79.994,35.51],[79.993,35.525],[79.984,35.531],[79.978,35.549],[79.968,35.552],[79.965,35.571],[79.974,35.581],[79.985,35.579],[80.001,35.592],[79.999,35.602],[79.974,35.605],[79.955,35.616],[79.95,35.632],[79.938,35.621],[79.925,35.621],[79.921,35.605],[79.907,35.6],[79.894,35.604],[79.868,35.597],[79.867,35.584],[79.861,35.577],[79.846,35.575],[79.837,35.586],[79.839,35.602],[79.817,35.627],[79.801,35.624],[79.771,35.626],[79.752,35.632],[79.734,35.643],[79.718,35.636],[79.704,35.639],[79.7,35.659],[79.687,35.664],[79.677,35.678],[79.679,35.7],[79.67,35.703],[79.665,35.719],[79.645,35.724],[79.634,35.742],[79.642,35.75],[79.629,35.767],[79.63,35.778],[79.61,35.787],[79.593,35.789],[79.585,35.797],[79.588,35.815],[79.573,35.81],[79.564,35.83],[79.575,35.849],[79.583,35.852],[79.582,35.867],[79.588,35.878],[79.566,35.898],[79.558,35.88],[79.546,35.881],[79.538,35.868],[79.525,35.866],[79.52,35.853],[79.501,35.847],[79.489,35.849],[79.472,35.859],[79.456,35.872],[79.452,35.883],[79.464,35.889],[79.468,35.9],[79.456,35.924],[79.44,35.934],[79.44,35.954],[79.445,35.965],[79.437,35.972],[79.392,35.976],[79.367,35.986],[79.343,35.988],[79.336,35.977],[79.338,35.963],[79.313,35.957],[79.297,35.941],[79.27,35.927],[79.24,35.93],[79.186,35.933],[79.164,35.945],[79.078,35.947],[79.057,35.941],[79.042,35.928],[79.04,35.918],[79.026,35.915],[79.011,35.931],[78.964,35.937],[78.955,35.949],[78.941,35.949],[78.926,35.945],[78.887,35.959],[78.882,35.965],[78.856,35.974],[78.845,35.948],[78.836,35.942],[78.827,35.92],[78.828,35.909],[78.811,35.88],[78.8,35.87],[78.75,35.86],[78.722,35.863],[78.702,35.857],[78.695,35.85],[78.676,35.853],[78.668,35.846],[78.657,35.822],[78.631,35.814],[78.608,35.815],[78.598,35.807],[78.577,35.797],[78.574,35.787],[78.559,35.773],[78.546,35.771],[78.536,35.763],[78.523,35.763],[78.505,35.771],[78.463,35.764],[78.46,35.775],[78.441,35.781],[78.421,35.767],[78.417,35.742],[78.409,35.731],[78.342,35.72],[78.302,35.727],[78.295,35.724],[78.244,35.725],[78.24,35.706],[78.229,35.698],[78.209,35.674],[78.208,35.668],[78.186,35.675],[78.182,35.667],[78.194,35.658],[78.196,35.65],[78.173,35.617],[78.181,35.601],[78.162,35.593],[78.158,35.582],[78.163,35.574],[78.157,35.551],[78.13,35.546],[78.103,35.556],[78.092,35.542],[78.073,35.544],[78.077,35.56],[78.065,35.573],[78.048,35.578],[78.04,35.587],[78.028,35.583],[78.032,35.572],[78.022,35.564],[78.012,35.571],[77.998,35.56],[77.981,35.568],[77.967,35.568],[77.955,35.554],[77.938,35.559],[77.928,35.541],[77.934,35.522],[77.927,35.502],[77.917,35.488],[77.921,35.484],[77.911,35.462],[77.889,35.48],[77.882,35.48],[77.871,35.496],[77.86,35.5],[77.854,35.491],[77.84,35.504],[77.826,35.506],[77.815,35.522],[77.803,35.519],[77.799,35.51],[77.78,35.498],[77.757,35.502],[77.742,35.495],[77.718,35.462],[77.698,35.463],[77.688,35.453],[77.665,35.474],[77.661,35.483],[77.638,35.484],[77.638,35.466],[77.63,35.462],[77.605,35.473],[77.593,35.467],[77.586,35.478],[77.558,35.488],[77.55,35.484],[77.534,35.489],[77.519,35.486]]],[[[93.846,7.245],[93.837,7.237],[93.813,7.238],[93.815,7.218],[93.8,7.213],[93.756,7.212],[93.735,7.189],[93.723,7.192],[93.691,7.189],[93.68,7.179],[93.686,7.157],[93.673,7.143],[93.672,7.136],[93.66,7.128],[93.661,7.118],[93.675,7.113],[93.662,7.104],[93.662,7.093],[93.671,7.082],[93.666,7.072],[93.672,7.062],[93.675,7.024],[93.7,7.022],[93.71,7.007],[93.712,6.998],[93.725,6.999],[93.741,6.972],[93.752,6.96],[93.763,6.932],[93.755,6.927],[93.766,6.907],[93.773,6.915],[93.783,6.893],[93.795,6.885],[93.79,6.877],[93.794,6.861],[93.806,6.855],[93.803,6.835],[93.817,6.815],[93.825,6.808],[93.825,6.782],[93.82,6.77],[93.842,6.753],[93.853,6.757],[93.861,6.787],[93.86,6.797],[93.866,6.813],[93.878,6.818],[93.89,6.805],[93.892,6.795],[93.908,6.803],[93.915,6.81],[93.916,6.822],[93.925,6.837],[93.91,6.839],[93.906,6.847],[93.906,6.867],[93.914,6.876],[93.909,6.888],[93.91,6.905],[93.925,6.916],[93.921,6.927],[93.926,6.942],[93.94,6.955],[93.952,6.952],[93.946,6.968],[93.94,6.971],[93.94,6.987],[93.931,6.99],[93.931,7.003],[93.94,7.011],[93.945,7],[93.955,6.994],[93.963,7.006],[93.949,7.011],[93.941,7.026],[93.926,7.028],[93.92,7.038],[93.923,7.044],[93.922,7.062],[93.912,7.08],[93.899,7.085],[93.895,7.121],[93.893,7.161],[93.888,7.177],[93.894,7.183],[93.891,7.198],[93.879,7.213],[93.87,7.21],[93.859,7.215],[93.857,7.223],[93.863,7.237],[93.846,7.245]]],[[[93.736,7.423],[93.72,7.443],[93.721,7.417],[93.718,7.4],[93.709,7.391],[93.662,7.369],[93.648,7.372],[93.645,7.351],[93.652,7.335],[93.651,7.322],[93.638,7.311],[93.65,7.297],[93.647,7.267],[93.664,7.248],[93.674,7.252],[93.686,7.264],[93.694,7.284],[93.709,7.298],[93.717,7.296],[93.73,7.31],[93.737,7.309],[93.755,7.328],[93.755,7.342],[93.766,7.361],[93.775,7.365],[93.775,7.38],[93.768,7.387],[93.755,7.39],[93.739,7.401],[93.736,7.423]]],[[[93.378,8.021],[93.372,8.02],[93.358,8.006],[93.343,8.011],[93.335,8.009],[93.319,7.992],[93.32,7.972],[93.314,7.964],[93.31,7.951],[93.319,7.924],[93.332,7.929],[93.352,7.93],[93.342,7.914],[93.342,7.898],[93.346,7.885],[93.372,7.878],[93.379,7.879],[93.394,7.894],[93.408,7.9],[93.427,7.898],[93.443,7.885],[93.448,7.871],[93.457,7.87],[93.466,7.879],[93.468,7.89],[93.455,7.932],[93.441,7.946],[93.427,7.965],[93.412,7.957],[93.4,7.968],[93.397,7.995],[93.404,8.006],[93.388,8.019],[93.378,8.021]]],[[[93.567,8.026],[93.557,8.024],[93.565,8.006],[93.56,7.997],[93.55,8.017],[93.532,7.995],[93.518,7.993],[93.519,7.983],[93.536,7.969],[93.549,7.965],[93.555,7.954],[93.57,7.943],[93.587,7.927],[93.595,7.937],[93.596,7.967],[93.593,7.988],[93.576,8.022],[93.567,8.026]]],[[[93.598,8.113],[93.591,8.127],[93.585,8.13],[93.573,8.119],[93.585,8.102],[93.592,8.075],[93.585,8.066],[93.59,8.055],[93.607,8.038],[93.614,8.046],[93.61,8.059],[93.602,8.075],[93.602,8.092],[93.598,8.113]]],[[[93.537,8.236],[93.53,8.237],[93.505,8.228],[93.501,8.223],[93.499,8.202],[93.482,8.186],[93.467,8.182],[93.465,8.15],[93.477,8.142],[93.471,8.134],[93.476,8.112],[93.49,8.09],[93.497,8.052],[93.504,8.052],[93.525,8.073],[93.535,8.072],[93.54,8.055],[93.511,8.04],[93.497,8.044],[93.498,8.019],[93.508,7.999],[93.52,8],[93.522,8.015],[93.519,8.029],[93.525,8.034],[93.537,8.032],[93.542,8.045],[93.561,8.037],[93.56,8.06],[93.561,8.076],[93.557,8.089],[93.54,8.102],[93.531,8.128],[93.514,8.145],[93.515,8.166],[93.525,8.175],[93.537,8.175],[93.549,8.187],[93.557,8.207],[93.558,8.221],[93.552,8.233],[93.537,8.236]]],[[[93.255,8.234],[93.243,8.264],[93.225,8.256],[93.227,8.235],[93.236,8.231],[93.244,8.218],[93.255,8.22],[93.255,8.234]]],[[[73.061,8.278],[73.054,8.28],[73.034,8.263],[73.047,8.263],[73.061,8.278]]],[[[93.131,8.355],[93.116,8.347],[93.109,8.349],[93.1,8.334],[93.1,8.323],[93.091,8.309],[93.088,8.291],[93.092,8.272],[93.107,8.243],[93.117,8.232],[93.132,8.223],[93.148,8.217],[93.166,8.202],[93.193,8.195],[93.202,8.196],[93.21,8.207],[93.21,8.217],[93.189,8.232],[93.159,8.243],[93.138,8.265],[93.131,8.282],[93.136,8.313],[93.144,8.323],[93.149,8.342],[93.131,8.355]]],[[[93.079,8.429],[93.08,8.453],[93.067,8.461],[93.06,8.441],[93.079,8.429]]],[[[93.628,8.529],[93.623,8.569],[93.618,8.569],[93.617,8.541],[93.629,8.521],[93.63,8.509],[93.626,8.479],[93.628,8.468],[93.623,8.449],[93.624,8.43],[93.633,8.426],[93.63,8.454],[93.645,8.472],[93.643,8.52],[93.628,8.529]]],[[[92.78,9.247],[92.77,9.233],[92.764,9.215],[92.747,9.212],[92.725,9.214],[92.72,9.211],[92.723,9.183],[92.719,9.15],[92.725,9.13],[92.742,9.12],[92.769,9.125],[92.783,9.117],[92.804,9.118],[92.814,9.127],[92.826,9.132],[92.83,9.142],[92.832,9.162],[92.824,9.174],[92.825,9.193],[92.819,9.214],[92.805,9.23],[92.78,9.247]]],[[[73.649,10.071],[73.637,10.067],[73.642,10.055],[73.65,10.062],[73.649,10.071]]],[[[72.61,10.559],[72.619,10.571],[72.609,10.578],[72.591,10.548],[72.61,10.559]]],[[[73.676,10.816],[73.662,10.816],[73.66,10.809],[73.672,10.802],[73.7,10.81],[73.698,10.816],[73.676,10.816]]],[[[72.2,10.881],[72.179,10.874],[72.175,10.868],[72.175,10.851],[72.179,10.841],[72.195,10.852],[72.201,10.871],[72.2,10.881]]],[[[92.549,10.88],[92.55,10.886],[92.536,10.898],[92.525,10.897],[92.512,10.89],[92.503,10.889],[92.487,10.87],[92.467,10.86],[92.465,10.845],[92.445,10.828],[92.434,10.825],[92.43,10.811],[92.41,10.793],[92.4,10.794],[92.397,10.803],[92.385,10.791],[92.384,10.733],[92.387,10.715],[92.386,10.657],[92.404,10.65],[92.412,10.642],[92.416,10.629],[92.416,10.609],[92.411,10.588],[92.384,10.537],[92.385,10.529],[92.402,10.526],[92.421,10.541],[92.442,10.543],[92.467,10.523],[92.485,10.511],[92.503,10.506],[92.524,10.507],[92.537,10.511],[92.541,10.528],[92.578,10.568],[92.571,10.574],[92.557,10.577],[92.548,10.592],[92.564,10.624],[92.582,10.637],[92.595,10.638],[92.593,10.652],[92.607,10.668],[92.614,10.662],[92.621,10.681],[92.617,10.715],[92.621,10.764],[92.595,10.79],[92.59,10.804],[92.594,10.817],[92.585,10.837],[92.589,10.853],[92.562,10.877],[92.549,10.88]]],[[[72.721,11.113],[72.729,11.119],[72.735,11.135],[72.719,11.127],[72.721,11.113]]],[[[72.779,11.191],[72.787,11.209],[72.802,11.235],[72.817,11.257],[72.808,11.264],[72.79,11.239],[72.779,11.191]]],[[[92.701,11.235],[92.715,11.264],[92.715,11.285],[92.701,11.277],[92.703,11.254],[92.697,11.246],[92.701,11.235]]],[[[92.725,11.306],[92.735,11.314],[92.729,11.329],[92.721,11.316],[92.725,11.306]]],[[[92.661,11.494],[92.655,11.505],[92.641,11.511],[92.636,11.501],[92.624,11.488],[92.62,11.472],[92.62,11.45],[92.629,11.438],[92.63,11.4],[92.619,11.395],[92.597,11.397],[92.6,11.385],[92.598,11.372],[92.589,11.365],[92.591,11.355],[92.611,11.34],[92.624,11.344],[92.645,11.343],[92.657,11.354],[92.668,11.352],[92.677,11.36],[92.7,11.365],[92.697,11.388],[92.69,11.386],[92.679,11.395],[92.674,11.39],[92.664,11.405],[92.692,11.42],[92.687,11.454],[92.688,11.466],[92.677,11.477],[92.673,11.488],[92.661,11.494]]],[[[92.566,11.534],[92.559,11.521],[92.575,11.511],[92.575,11.521],[92.566,11.534]]],[[[92.604,11.536],[92.605,11.557],[92.594,11.56],[92.597,11.529],[92.604,11.536]]],[[[92.619,11.583],[92.61,11.574],[92.608,11.563],[92.622,11.56],[92.624,11.575],[92.619,11.583]]],[[[92.233,11.587],[92.225,11.59],[92.22,11.58],[92.224,11.571],[92.22,11.541],[92.227,11.525],[92.24,11.525],[92.266,11.52],[92.272,11.514],[92.281,11.519],[92.288,11.532],[92.282,11.546],[92.281,11.575],[92.273,11.585],[92.233,11.587]]],[[[92.548,11.605],[92.539,11.597],[92.543,11.586],[92.541,11.559],[92.565,11.558],[92.574,11.57],[92.571,11.578],[92.548,11.605]]],[[[72.194,11.591],[72.194,11.606],[72.183,11.604],[72.185,11.595],[72.194,11.591]]],[[[93.024,11.848],[93.02,11.829],[93.037,11.823],[93.055,11.81],[93.068,11.81],[93.074,11.825],[93.082,11.833],[93.072,11.843],[93.041,11.839],[93.024,11.848]]],[[[92.766,11.967],[92.747,11.957],[92.746,11.947],[92.764,11.943],[92.778,11.948],[92.775,11.96],[92.766,11.967]]],[[[92.975,12.033],[92.966,12.032],[92.953,12.008],[92.939,12.005],[92.93,11.993],[92.941,11.983],[92.965,11.981],[92.979,11.949],[92.985,11.945],[93.005,11.951],[93.005,11.932],[93.015,11.926],[93.029,11.899],[93.031,11.887],[93.045,11.88],[93.058,11.887],[93.06,11.902],[93.055,11.909],[93.049,11.943],[93.037,11.953],[93.015,12.002],[93.016,12.018],[93.006,12.032],[92.991,12.04],[92.975,12.033]]],[[[93.006,12.103],[93.001,12.107],[92.981,12.1],[92.97,12.103],[92.972,12.09],[92.969,12.072],[92.978,12.066],[92.978,12.057],[92.997,12.045],[93.006,12.048],[93.005,12.07],[93.009,12.096],[93.006,12.103]]],[[[92.975,12.147],[92.962,12.142],[92.97,12.116],[92.984,12.11],[92.995,12.112],[93.005,12.125],[92.997,12.144],[92.975,12.147]]],[[[93.032,12.147],[93.036,12.159],[93.016,12.151],[93.008,12.129],[93.014,12.116],[93.011,12.107],[93.016,12.092],[93.014,12.08],[93.025,12.075],[93.038,12.062],[93.047,12.045],[93.059,12.053],[93.056,12.08],[93.044,12.094],[93.037,12.112],[93.039,12.132],[93.029,12.137],[93.032,12.147]]],[[[93.079,12.209],[93.073,12.211],[93.063,12.188],[93.055,12.176],[93.052,12.159],[93.045,12.138],[93.045,12.126],[93.055,12.12],[93.056,12.111],[93.081,12.082],[93.089,12.087],[93.098,12.102],[93.098,12.116],[93.092,12.122],[93.102,12.144],[93.092,12.152],[93.098,12.167],[93.094,12.18],[93.096,12.192],[93.079,12.209]]],[[[92.942,12.192],[92.944,12.208],[92.95,12.215],[92.943,12.223],[92.93,12.214],[92.932,12.204],[92.942,12.192]]],[[[92.71,12.227],[92.706,12.24],[92.687,12.222],[92.679,12.207],[92.669,12.209],[92.658,12.186],[92.638,12.127],[92.638,12.118],[92.63,12.107],[92.625,12.073],[92.631,12.06],[92.628,12.051],[92.629,12.022],[92.62,12.012],[92.623,11.966],[92.625,11.962],[92.621,11.943],[92.624,11.933],[92.615,11.919],[92.622,11.899],[92.623,11.884],[92.611,11.874],[92.61,11.888],[92.597,11.888],[92.59,11.912],[92.591,11.919],[92.58,11.925],[92.579,11.935],[92.55,11.918],[92.542,11.908],[92.547,11.9],[92.534,11.889],[92.534,11.877],[92.521,11.849],[92.527,11.836],[92.524,11.829],[92.533,11.822],[92.543,11.831],[92.549,11.825],[92.549,11.813],[92.559,11.807],[92.558,11.778],[92.565,11.766],[92.559,11.761],[92.561,11.722],[92.572,11.692],[92.581,11.695],[92.581,11.712],[92.587,11.715],[92.605,11.707],[92.603,11.692],[92.607,11.682],[92.6,11.669],[92.61,11.653],[92.613,11.634],[92.639,11.625],[92.646,11.616],[92.632,11.612],[92.615,11.614],[92.614,11.59],[92.628,11.572],[92.626,11.557],[92.644,11.572],[92.652,11.564],[92.65,11.553],[92.657,11.547],[92.652,11.532],[92.656,11.515],[92.671,11.501],[92.68,11.506],[92.694,11.506],[92.71,11.499],[92.715,11.481],[92.721,11.48],[92.736,11.507],[92.731,11.515],[92.734,11.528],[92.74,11.531],[92.745,11.552],[92.74,11.556],[92.753,11.575],[92.755,11.597],[92.762,11.608],[92.763,11.619],[92.757,11.636],[92.765,11.65],[92.756,11.67],[92.733,11.678],[92.727,11.675],[92.725,11.66],[92.716,11.641],[92.702,11.632],[92.695,11.622],[92.688,11.632],[92.676,11.63],[92.672,11.647],[92.693,11.646],[92.695,11.657],[92.712,11.66],[92.709,11.701],[92.725,11.692],[92.746,11.692],[92.764,11.699],[92.763,11.728],[92.775,11.745],[92.778,11.766],[92.776,11.776],[92.783,11.807],[92.785,11.828],[92.793,11.834],[92.799,11.883],[92.793,11.888],[92.798,11.909],[92.792,11.934],[92.766,11.935],[92.75,11.928],[92.743,11.904],[92.733,11.9],[92.735,11.925],[92.728,11.931],[92.732,11.953],[92.728,11.962],[92.744,11.964],[92.744,11.974],[92.764,11.978],[92.764,11.99],[92.772,11.998],[92.768,12.012],[92.745,12.015],[92.743,12.024],[92.751,12.033],[92.762,12.031],[92.766,12.02],[92.784,12.029],[92.792,12.041],[92.793,12.052],[92.774,12.044],[92.765,12.052],[92.755,12.052],[92.74,12.089],[92.74,12.099],[92.753,12.114],[92.754,12.131],[92.764,12.172],[92.742,12.181],[92.727,12.177],[92.715,12.18],[92.719,12.193],[92.718,12.215],[92.71,12.227]]],[[[92.74,12.206],[92.74,12.223],[92.744,12.237],[92.737,12.24],[92.73,12.23],[92.73,12.192],[92.734,12.186],[92.771,12.179],[92.775,12.193],[92.77,12.2],[92.772,12.222],[92.754,12.227],[92.744,12.217],[92.74,12.206]]],[[[92.915,12.243],[92.908,12.251],[92.899,12.248],[92.892,12.239],[92.883,12.242],[92.878,12.231],[92.884,12.219],[92.898,12.23],[92.924,12.23],[92.915,12.243]]],[[[93.114,12.238],[93.105,12.242],[93.092,12.239],[93.094,12.255],[93.087,12.259],[93.076,12.251],[93.069,12.229],[93.072,12.225],[93.091,12.223],[93.109,12.204],[93.114,12.238]]],[[[93.861,12.281],[93.848,12.275],[93.845,12.256],[93.853,12.247],[93.868,12.251],[93.876,12.263],[93.874,12.273],[93.861,12.281]]],[[[92.717,12.295],[92.714,12.285],[92.714,12.242],[92.718,12.231],[92.726,12.231],[92.728,12.265],[92.733,12.275],[92.735,12.294],[92.717,12.295]]],[[[92.95,12.277],[92.928,12.279],[92.923,12.289],[92.911,12.286],[92.914,12.265],[92.921,12.27],[92.93,12.258],[92.928,12.247],[92.93,12.231],[92.938,12.233],[92.935,12.248],[92.95,12.269],[92.95,12.277]]],[[[92.827,12.303],[92.817,12.309],[92.803,12.301],[92.792,12.306],[92.78,12.307],[92.775,12.298],[92.785,12.292],[92.786,12.277],[92.775,12.259],[92.762,12.269],[92.75,12.247],[92.762,12.229],[92.783,12.225],[92.775,12.208],[92.778,12.183],[92.771,12.164],[92.763,12.152],[92.759,12.134],[92.756,12.108],[92.749,12.102],[92.747,12.082],[92.753,12.074],[92.775,12.063],[92.787,12.075],[92.799,12.075],[92.802,12.091],[92.794,12.1],[92.803,12.105],[92.818,12.103],[92.819,12.126],[92.832,12.146],[92.826,12.157],[92.844,12.161],[92.853,12.157],[92.863,12.163],[92.86,12.172],[92.863,12.186],[92.855,12.196],[92.871,12.197],[92.886,12.19],[92.88,12.22],[92.87,12.234],[92.873,12.245],[92.889,12.247],[92.898,12.255],[92.892,12.276],[92.878,12.29],[92.877,12.301],[92.847,12.3],[92.835,12.298],[92.827,12.303]]],[[[92.876,12.405],[92.862,12.408],[92.853,12.4],[92.857,12.392],[92.87,12.387],[92.872,12.377],[92.892,12.38],[92.904,12.397],[92.895,12.403],[92.876,12.405]]],[[[92.97,12.412],[92.969,12.432],[92.963,12.432],[92.951,12.419],[92.942,12.416],[92.935,12.399],[92.925,12.367],[92.927,12.36],[92.942,12.354],[92.95,12.376],[92.953,12.397],[92.965,12.403],[92.97,12.412]]],[[[92.725,12.825],[92.716,12.824],[92.704,12.792],[92.717,12.769],[92.722,12.744],[92.719,12.731],[92.73,12.728],[92.737,12.753],[92.727,12.762],[92.725,12.825]]],[[[92.74,12.861],[92.731,12.863],[92.724,12.853],[92.717,12.832],[92.727,12.829],[92.733,12.837],[92.74,12.861]]],[[[92.91,12.911],[92.904,12.895],[92.884,12.891],[92.88,12.879],[92.858,12.876],[92.858,12.89],[92.844,12.885],[92.834,12.892],[92.817,12.894],[92.8,12.884],[92.799,12.866],[92.791,12.85],[92.793,12.833],[92.782,12.827],[92.78,12.84],[92.767,12.835],[92.759,12.838],[92.741,12.83],[92.73,12.822],[92.732,12.78],[92.736,12.772],[92.744,12.73],[92.75,12.723],[92.746,12.712],[92.748,12.695],[92.742,12.676],[92.745,12.669],[92.78,12.671],[92.793,12.688],[92.795,12.672],[92.792,12.66],[92.782,12.667],[92.774,12.664],[92.761,12.667],[92.743,12.655],[92.745,12.638],[92.725,12.627],[92.719,12.614],[92.707,12.61],[92.694,12.612],[92.695,12.602],[92.713,12.6],[92.71,12.589],[92.716,12.557],[92.708,12.543],[92.71,12.535],[92.703,12.512],[92.715,12.497],[92.71,12.466],[92.715,12.452],[92.709,12.44],[92.713,12.431],[92.707,12.418],[92.707,12.402],[92.712,12.372],[92.71,12.358],[92.71,12.339],[92.706,12.327],[92.717,12.32],[92.718,12.309],[92.728,12.302],[92.765,12.295],[92.772,12.298],[92.78,12.314],[92.802,12.306],[92.816,12.314],[92.835,12.302],[92.855,12.304],[92.862,12.312],[92.872,12.311],[92.897,12.321],[92.892,12.338],[92.903,12.337],[92.892,12.353],[92.88,12.352],[92.872,12.357],[92.87,12.366],[92.853,12.389],[92.85,12.403],[92.84,12.416],[92.849,12.425],[92.861,12.42],[92.88,12.423],[92.887,12.41],[92.896,12.42],[92.898,12.441],[92.918,12.419],[92.933,12.422],[92.93,12.435],[92.934,12.441],[92.947,12.444],[92.953,12.459],[92.968,12.457],[92.963,12.471],[92.953,12.462],[92.942,12.461],[92.945,12.476],[92.963,12.487],[92.968,12.479],[92.979,12.488],[92.976,12.501],[92.987,12.52],[92.99,12.535],[92.984,12.552],[92.975,12.572],[92.971,12.59],[92.966,12.597],[92.968,12.64],[92.973,12.65],[92.971,12.662],[92.977,12.672],[92.975,12.702],[92.983,12.707],[92.974,12.722],[92.978,12.737],[92.97,12.743],[92.967,12.754],[92.947,12.767],[92.941,12.775],[92.964,12.791],[92.962,12.809],[92.949,12.835],[92.948,12.855],[92.937,12.86],[92.936,12.885],[92.914,12.884],[92.92,12.897],[92.918,12.906],[92.91,12.911]]],[[[92.711,12.986],[92.698,12.99],[92.688,12.973],[92.677,12.963],[92.676,12.943],[92.685,12.94],[92.677,12.924],[92.679,12.91],[92.675,12.899],[92.679,12.891],[92.674,12.873],[92.66,12.862],[92.66,12.84],[92.67,12.815],[92.675,12.806],[92.673,12.787],[92.681,12.78],[92.687,12.802],[92.697,12.811],[92.685,12.82],[92.707,12.831],[92.707,12.84],[92.73,12.87],[92.735,12.896],[92.724,12.917],[92.725,12.933],[92.721,12.942],[92.726,12.966],[92.722,12.982],[92.711,12.986]]],[[[93.017,12.988],[92.993,12.987],[92.982,12.979],[92.974,12.986],[92.963,12.976],[92.975,12.962],[92.977,12.95],[92.96,12.937],[92.981,12.937],[92.991,12.941],[92.997,12.949],[92.993,12.962],[93.003,12.977],[93.017,12.988]]],[[[92.935,13.025],[92.926,13.011],[92.93,12.998],[92.952,12.995],[92.955,13.009],[92.949,13.022],[92.935,13.025]]],[[[92.719,13.098],[92.707,13.106],[92.7,13.102],[92.698,13.085],[92.719,13.061],[92.727,13.072],[92.732,13.096],[92.719,13.098]]],[[[94.295,13.445],[94.283,13.438],[94.277,13.42],[94.294,13.413],[94.302,13.424],[94.305,13.444],[94.295,13.445]]],[[[93.049,13.546],[93.045,13.561],[93.038,13.575],[93.028,13.566],[93.025,13.551],[93.015,13.561],[92.999,13.566],[92.993,13.546],[92.999,13.531],[92.982,13.53],[92.979,13.539],[92.962,13.537],[92.958,13.533],[92.934,13.534],[92.925,13.526],[92.934,13.519],[92.925,13.506],[92.927,13.497],[92.911,13.489],[92.91,13.478],[92.879,13.467],[92.881,13.444],[92.894,13.429],[92.881,13.422],[92.878,13.41],[92.869,13.405],[92.859,13.409],[92.852,13.4],[92.852,13.388],[92.862,13.386],[92.863,13.374],[92.849,13.374],[92.842,13.363],[92.842,13.335],[92.834,13.328],[92.833,13.31],[92.839,13.3],[92.85,13.297],[92.829,13.278],[92.83,13.267],[92.846,13.257],[92.861,13.253],[92.85,13.241],[92.841,13.24],[92.835,13.221],[92.836,13.208],[92.828,13.193],[92.832,13.187],[92.826,13.17],[92.818,13.16],[92.817,13.145],[92.83,13.139],[92.848,13.14],[92.842,13.127],[92.833,13.132],[92.818,13.118],[92.821,13.1],[92.809,13.086],[92.8,13.047],[92.803,13.032],[92.795,13.013],[92.807,13.003],[92.822,13.005],[92.832,12.994],[92.822,12.98],[92.805,12.987],[92.798,12.965],[92.8,12.948],[92.807,12.943],[92.804,12.913],[92.812,12.896],[92.826,12.899],[92.843,12.889],[92.853,12.895],[92.862,12.892],[92.861,12.88],[92.879,12.883],[92.882,12.906],[92.869,12.907],[92.867,12.922],[92.874,12.93],[92.888,12.937],[92.884,12.947],[92.889,12.955],[92.89,12.969],[92.908,12.985],[92.915,12.979],[92.913,12.961],[92.92,12.945],[92.929,12.959],[92.946,12.965],[92.946,12.974],[92.939,12.987],[92.924,12.986],[92.921,12.997],[92.912,13.005],[92.921,13.042],[92.908,13.048],[92.92,13.057],[92.94,13.05],[92.945,13.033],[92.957,13.025],[92.969,13.012],[92.979,13.017],[92.981,13.025],[92.994,13.021],[93.023,13.032],[93.023,13.043],[93.031,13.045],[93.041,13.06],[93.034,13.067],[93.044,13.075],[93.045,13.092],[93.041,13.108],[93.041,13.126],[93.049,13.129],[93.045,13.152],[93.049,13.169],[93.043,13.173],[93.044,13.186],[93.055,13.206],[93.05,13.216],[93.064,13.23],[93.063,13.258],[93.049,13.264],[93.055,13.274],[93.034,13.279],[93.027,13.272],[93.018,13.276],[93.028,13.292],[93.016,13.298],[92.986,13.323],[92.973,13.323],[92.965,13.33],[92.963,13.342],[92.967,13.35],[92.979,13.355],[92.979,13.342],[92.989,13.336],[92.992,13.327],[93.007,13.345],[93.02,13.349],[93.026,13.344],[93.043,13.34],[93.05,13.334],[93.055,13.316],[93.068,13.325],[93.072,13.305],[93.08,13.308],[93.083,13.318],[93.096,13.328],[93.087,13.344],[93.078,13.345],[93.07,13.363],[93.06,13.376],[93.062,13.387],[93.071,13.389],[93.067,13.413],[93.053,13.402],[93.042,13.431],[93.041,13.452],[93.044,13.471],[93.05,13.479],[93.054,13.496],[93.054,13.513],[93.049,13.546]]],[[[93.029,13.67],[92.994,13.66],[92.99,13.65],[92.996,13.638],[93.007,13.642],[93.026,13.639],[93.028,13.63],[93.037,13.622],[93.044,13.629],[93.037,13.645],[93.034,13.667],[93.029,13.67]]],[[[88.193,21.574],[88.18,21.599],[88.17,21.591],[88.176,21.573],[88.188,21.568],[88.193,21.574]]],[[[88.53,21.56],[88.534,21.579],[88.522,21.586],[88.492,21.596],[88.485,21.584],[88.482,21.559],[88.509,21.547],[88.529,21.55],[88.53,21.56]]],[[[88.845,21.6],[88.832,21.597],[88.831,21.577],[88.84,21.565],[88.851,21.56],[88.884,21.557],[88.896,21.561],[88.9,21.569],[88.893,21.579],[88.875,21.592],[88.845,21.6]]],[[[88.553,21.631],[88.54,21.635],[88.524,21.652],[88.52,21.621],[88.512,21.61],[88.512,21.599],[88.535,21.59],[88.545,21.569],[88.556,21.575],[88.571,21.574],[88.584,21.588],[88.59,21.602],[88.578,21.617],[88.553,21.631]]],[[[88.308,21.706],[88.304,21.701],[88.316,21.673],[88.315,21.659],[88.307,21.633],[88.307,21.613],[88.314,21.606],[88.334,21.616],[88.347,21.632],[88.353,21.651],[88.343,21.665],[88.35,21.675],[88.345,21.692],[88.327,21.706],[88.308,21.706]]],[[[88.727,21.666],[88.704,21.684],[88.696,21.709],[88.69,21.683],[88.714,21.656],[88.721,21.639],[88.71,21.607],[88.71,21.591],[88.731,21.576],[88.749,21.587],[88.758,21.581],[88.791,21.584],[88.796,21.593],[88.79,21.603],[88.774,21.617],[88.77,21.631],[88.774,21.646],[88.769,21.655],[88.754,21.65],[88.744,21.652],[88.727,21.666]]],[[[88.211,21.67],[88.198,21.677],[88.196,21.689],[88.216,21.704],[88.205,21.724],[88.188,21.71],[88.181,21.695],[88.182,21.673],[88.188,21.649],[88.205,21.601],[88.215,21.597],[88.211,21.62],[88.233,21.642],[88.226,21.67],[88.211,21.67]]],[[[88.559,21.73],[88.554,21.736],[88.541,21.737],[88.527,21.718],[88.518,21.71],[88.528,21.69],[88.535,21.668],[88.528,21.659],[88.544,21.639],[88.575,21.631],[88.591,21.62],[88.603,21.623],[88.593,21.657],[88.603,21.675],[88.603,21.684],[88.586,21.703],[88.587,21.71],[88.574,21.722],[88.57,21.733],[88.559,21.73]]],[[[88.545,21.812],[88.529,21.804],[88.514,21.787],[88.505,21.772],[88.504,21.756],[88.509,21.741],[88.519,21.721],[88.526,21.719],[88.54,21.738],[88.552,21.738],[88.559,21.732],[88.571,21.735],[88.572,21.743],[88.562,21.763],[88.567,21.781],[88.572,21.786],[88.564,21.801],[88.545,21.812]]],[[[88.598,21.847],[88.586,21.847],[88.577,21.825],[88.577,21.816],[88.591,21.798],[88.614,21.799],[88.607,21.815],[88.618,21.829],[88.606,21.835],[88.598,21.847]]],[[[88.169,21.786],[88.17,21.803],[88.174,21.817],[88.156,21.838],[88.14,21.874],[88.125,21.865],[88.115,21.845],[88.106,21.835],[88.1,21.817],[88.08,21.777],[88.077,21.753],[88.07,21.74],[88.06,21.736],[88.051,21.689],[88.044,21.68],[88.039,21.665],[88.042,21.65],[88.052,21.64],[88.073,21.631],[88.087,21.63],[88.11,21.623],[88.134,21.625],[88.146,21.631],[88.155,21.642],[88.157,21.674],[88.155,21.696],[88.167,21.72],[88.172,21.736],[88.17,21.747],[88.172,21.772],[88.169,21.786]]],[[[88.646,21.917],[88.635,21.918],[88.63,21.907],[88.615,21.892],[88.595,21.858],[88.599,21.849],[88.608,21.845],[88.61,21.836],[88.621,21.831],[88.613,21.817],[88.619,21.798],[88.628,21.788],[88.643,21.789],[88.644,21.817],[88.649,21.837],[88.65,21.856],[88.658,21.896],[88.667,21.913],[88.646,21.917]]],[[[88.664,22.019],[88.656,22.02],[88.635,21.997],[88.629,21.968],[88.632,21.954],[88.656,21.955],[88.679,21.944],[88.704,21.988],[88.715,22.001],[88.699,22.004],[88.692,22.011],[88.673,22.018],[88.664,22.019]]],[[[88.07,21.922],[88.086,21.938],[88.125,21.998],[88.133,22.013],[88.126,22.02],[88.096,22.015],[88.08,22.009],[88.059,21.969],[88.05,21.932],[88.049,21.916],[88.07,21.922]]],[[[68.168,23.734],[68.18,23.758],[68.193,23.774],[68.192,23.785],[68.168,23.771],[68.162,23.746],[68.168,23.734]]]]}}]}