{"type":"FeatureCollection","features":[
{"type":"Feature","properties":{"name":"Ajmer","std":"Ajmer State","kind":"state","covers":["Rajasthan"],"part":"C"},"geometry":{"type":"MultiPolygon","coordinates":[[[[74.977,26.89],[74.974,26.893],[74.983,26.941],[74.966,26.948],[74.964,26.958],[74.955,26.963],[74.92,26.963],[74.911,26.976],[74.893,26.977],[74.852,26.975],[74.844,26.961],[74.827,26.921],[74.831,26.9],[74.816,26.868],[74.805,26.853],[74.774,26.849],[74.773,26.822],[74.777,26.819],[74.781,26.799],[74.775,26.793],[74.759,26.789],[74.749,26.77],[74.698,26.771],[74.685,26.742],[74.685,26.734],[74.665,26.711],[74.687,26.707],[74.713,26.705],[74.724,26.702],[74.722,26.676],[74.714,26.663],[74.694,26.639],[74.674,26.594],[74.668,26.597],[74.655,26.586],[74.645,26.59],[74.637,26.578],[74.619,26.566],[74.602,26.582],[74.618,26.6],[74.606,26.609],[74.593,26.629],[74.576,26.61],[74.565,26.591],[74.541,26.562],[74.481,26.497],[74.465,26.487],[74.443,26.502],[74.429,26.486],[74.375,26.489],[74.372,26.479],[74.353,26.468],[74.353,26.456],[74.337,26.443],[74.325,26.443],[74.317,26.457],[74.291,26.449],[74.289,26.417],[74.294,26.395],[74.305,26.383],[74.306,26.334],[74.304,26.329],[74.276,26.312],[74.254,26.286],[74.267,26.275],[74.273,26.261],[74.284,26.255],[74.311,26.252],[74.318,26.255],[74.349,26.282],[74.365,26.291],[74.39,26.279],[74.402,26.267],[74.39,26.261],[74.374,26.248],[74.37,26.229],[74.376,26.221],[74.377,26.206],[74.369,26.19],[74.358,26.189],[74.342,26.196],[74.325,26.189],[74.316,26.181],[74.303,26.185],[74.289,26.169],[74.273,26.174],[74.276,26.155],[74.287,26.151],[74.294,26.139],[74.304,26.135],[74.297,26.123],[74.288,26.121],[74.271,26.102],[74.245,26.078],[74.221,26.042],[74.206,26.048],[74.183,26.029],[74.176,26.041],[74.174,26.064],[74.162,26.066],[74.16,26.049],[74.153,26.046],[74.156,26.022],[74.173,26.01],[74.131,25.963],[74.131,25.955],[74.155,25.958],[74.144,25.941],[74.16,25.929],[74.158,25.917],[74.142,25.903],[74.138,25.889],[74.115,25.88],[74.117,25.866],[74.142,25.855],[74.152,25.856],[74.173,25.844],[74.184,25.848],[74.197,25.854],[74.203,25.872],[74.222,25.898],[74.245,25.881],[74.258,25.867],[74.268,25.871],[74.236,25.907],[74.232,25.934],[74.264,25.934],[74.273,25.948],[74.28,25.939],[74.289,25.909],[74.297,25.913],[74.298,25.927],[74.29,25.938],[74.286,25.96],[74.293,25.981],[74.322,26.001],[74.32,26.009],[74.346,26.023],[74.358,26.016],[74.382,26.012],[74.391,26.005],[74.391,25.986],[74.387,25.976],[74.389,25.962],[74.413,25.937],[74.435,25.924],[74.453,25.932],[74.477,25.925],[74.485,25.928],[74.5,25.917],[74.52,25.912],[74.529,25.901],[74.531,25.887],[74.524,25.867],[74.556,25.879],[74.567,25.875],[74.572,25.886],[74.554,25.903],[74.559,25.914],[74.591,25.908],[74.593,25.915],[74.612,25.913],[74.618,25.904],[74.655,25.915],[74.705,25.919],[74.724,25.917],[74.734,25.908],[74.767,25.89],[74.771,25.882],[74.802,25.87],[74.817,25.868],[74.826,25.872],[74.859,25.876],[74.891,25.87],[74.905,25.881],[74.936,25.873],[74.945,25.862],[74.987,25.86],[74.989,25.846],[75,25.846],[75.017,25.856],[75.04,25.842],[75.038,25.829],[75.01,25.807],[75.03,25.786],[75.054,25.776],[75.075,25.776],[75.08,25.769],[75.068,25.757],[75.072,25.733],[75.092,25.718],[75.087,25.7],[75.109,25.693],[75.12,25.704],[75.138,25.701],[75.149,25.72],[75.161,25.719],[75.184,25.706],[75.193,25.704],[75.216,25.687],[75.24,25.679],[75.255,25.681],[75.261,25.698],[75.276,25.697],[75.276,25.715],[75.302,25.741],[75.319,25.764],[75.335,25.783],[75.34,25.811],[75.355,25.83],[75.327,25.838],[75.311,25.854],[75.298,25.851],[75.287,25.855],[75.264,25.853],[75.266,25.88],[75.249,25.896],[75.246,25.909],[75.251,25.937],[75.28,25.944],[75.307,25.941],[75.317,25.954],[75.318,25.973],[75.328,25.999],[75.349,26.002],[75.355,26.019],[75.347,26.024],[75.345,26.039],[75.328,26.056],[75.309,26.062],[75.308,26.08],[75.314,26.09],[75.329,26.1],[75.34,26.131],[75.307,26.147],[75.295,26.145],[75.277,26.135],[75.265,26.1],[75.246,26.078],[75.241,26.09],[75.226,26.092],[75.221,26.107],[75.188,26.11],[75.188,26.163],[75.182,26.172],[75.17,26.172],[75.159,26.183],[75.161,26.2],[75.152,26.225],[75.145,26.225],[75.143,26.244],[75.117,26.252],[75.12,26.271],[75.113,26.285],[75.131,26.292],[75.138,26.318],[75.131,26.324],[75.126,26.355],[75.144,26.366],[75.145,26.374],[75.133,26.381],[75.13,26.397],[75.137,26.409],[75.167,26.415],[75.164,26.42],[75.177,26.444],[75.17,26.462],[75.145,26.474],[75.152,26.486],[75.153,26.5],[75.141,26.504],[75.116,26.523],[75.122,26.533],[75.124,26.547],[75.104,26.556],[75.071,26.544],[75.062,26.556],[75.072,26.582],[75.081,26.586],[75.082,26.61],[75.068,26.612],[75.065,26.622],[75.07,26.633],[75.068,26.651],[75.052,26.653],[75.021,26.665],[75.013,26.684],[75,26.686],[74.974,26.673],[74.966,26.683],[74.965,26.722],[74.944,26.721],[74.945,26.732],[75,26.731],[75.009,26.742],[75.005,26.749],[74.982,26.762],[74.961,26.753],[74.947,26.743],[74.941,26.75],[74.935,26.793],[74.923,26.827],[74.917,26.837],[74.957,26.847],[74.957,26.868],[74.965,26.873],[74.977,26.89]]],[[[74.056,25.829],[74.045,25.832],[74.009,25.863],[73.993,25.862],[73.976,25.849],[73.971,25.834],[73.951,25.841],[73.944,25.831],[73.943,25.804],[73.924,25.794],[73.932,25.77],[73.914,25.752],[73.907,25.74],[73.91,25.731],[73.913,25.698],[73.906,25.685],[73.926,25.681],[73.942,25.667],[73.949,25.651],[73.988,25.672],[73.985,25.679],[74.008,25.694],[74.013,25.704],[73.978,25.714],[73.999,25.726],[74.017,25.747],[74.042,25.745],[74.057,25.756],[74.093,25.767],[74.096,25.784],[74.089,25.792],[74.07,25.804],[74.056,25.829]]]]}},
{"type":"Feature","properties":{"name":"Andaman and Nicobar Islands","std":"Andaman & Nicobar Islands","kind":"ut","covers":["Andaman & Nicobar Islands"],"part":"D"},"geometry":{"type":"MultiPolygon","coordinates":[[[[93.849,7.241],[93.821,7.237],[93.81,7.229],[93.808,7.212],[93.802,7.203],[93.785,7.216],[93.771,7.207],[93.76,7.214],[93.739,7.191],[93.725,7.184],[93.714,7.192],[93.702,7.188],[93.691,7.191],[93.674,7.176],[93.679,7.155],[93.675,7.139],[93.667,7.139],[93.656,7.127],[93.656,7.117],[93.675,7.111],[93.66,7.104],[93.658,7.094],[93.669,7.066],[93.665,7.043],[93.678,7.016],[93.691,7.017],[93.703,7.008],[93.707,6.991],[93.719,6.994],[93.733,6.979],[93.737,6.96],[93.747,6.962],[93.752,6.946],[93.752,6.931],[93.742,6.926],[93.751,6.91],[93.765,6.917],[93.766,6.897],[93.775,6.894],[93.778,6.881],[93.774,6.866],[93.794,6.848],[93.787,6.838],[93.81,6.804],[93.807,6.764],[93.82,6.757],[93.835,6.757],[93.849,6.791],[93.846,6.801],[93.854,6.816],[93.87,6.814],[93.887,6.798],[93.903,6.815],[93.91,6.833],[93.906,6.841],[93.894,6.847],[93.894,6.869],[93.902,6.88],[93.897,6.894],[93.901,6.908],[93.916,6.914],[93.91,6.931],[93.927,6.955],[93.943,6.952],[93.929,6.973],[93.928,6.988],[93.915,6.996],[93.917,7.006],[93.931,7.01],[93.933,7.002],[93.946,6.995],[93.947,7.008],[93.927,7.027],[93.917,7.026],[93.913,7.041],[93.915,7.054],[93.906,7.064],[93.903,7.077],[93.887,7.087],[93.886,7.106],[93.891,7.122],[93.886,7.127],[93.888,7.156],[93.88,7.177],[93.884,7.184],[93.883,7.204],[93.868,7.217],[93.847,7.218],[93.843,7.228],[93.849,7.241]]],[[[93.713,7.443],[93.707,7.444],[93.708,7.394],[93.696,7.393],[93.684,7.387],[93.672,7.373],[93.664,7.381],[93.65,7.368],[93.633,7.371],[93.632,7.359],[93.636,7.32],[93.628,7.305],[93.634,7.288],[93.629,7.269],[93.647,7.244],[93.654,7.245],[93.67,7.26],[93.679,7.282],[93.699,7.299],[93.7,7.303],[93.724,7.308],[93.736,7.327],[93.739,7.342],[93.757,7.358],[93.756,7.374],[93.735,7.39],[93.721,7.405],[93.72,7.431],[93.713,7.443]]],[[[93.614,8.575],[93.611,8.544],[93.623,8.526],[93.626,8.508],[93.628,8.485],[93.619,8.481],[93.629,8.47],[93.642,8.468],[93.637,8.498],[93.632,8.506],[93.636,8.523],[93.622,8.533],[93.618,8.553],[93.621,8.56],[93.614,8.575]]],[[[93.588,8.107],[93.579,8.125],[93.563,8.12],[93.573,8.106],[93.571,8.093],[93.582,8.081],[93.572,8.068],[93.592,8.039],[93.6,8.044],[93.592,8.064],[93.588,8.107]]],[[[93.548,8.026],[93.552,8.002],[93.531,8.009],[93.508,7.985],[93.522,7.971],[93.553,7.949],[93.573,7.931],[93.579,7.934],[93.583,7.971],[93.582,7.992],[93.563,8.025],[93.548,8.026]]],[[[93.525,8.232],[93.497,8.224],[93.492,8.22],[93.491,8.2],[93.478,8.185],[93.455,8.175],[93.457,8.144],[93.462,8.119],[93.472,8.099],[93.483,8.081],[93.486,8.052],[93.507,8.074],[93.514,8.084],[93.524,8.084],[93.524,8.058],[93.516,8.059],[93.5,8.039],[93.486,8.044],[93.487,8.016],[93.492,8.002],[93.507,8.002],[93.505,8.017],[93.508,8.034],[93.526,8.034],[93.529,8.047],[93.547,8.047],[93.552,8.074],[93.548,8.089],[93.535,8.096],[93.531,8.106],[93.513,8.139],[93.507,8.141],[93.511,8.169],[93.522,8.173],[93.538,8.186],[93.546,8.205],[93.545,8.22],[93.538,8.229],[93.525,8.232]]],[[[93.39,8.02],[93.379,8.025],[93.361,8.01],[93.354,8.008],[93.336,8.012],[93.326,8],[93.323,7.973],[93.311,7.962],[93.318,7.944],[93.32,7.932],[93.33,7.925],[93.334,7.936],[93.347,7.927],[93.346,7.901],[93.352,7.893],[93.378,7.884],[93.387,7.887],[93.396,7.901],[93.413,7.907],[93.426,7.907],[93.442,7.899],[93.462,7.873],[93.475,7.893],[93.466,7.915],[93.463,7.934],[93.436,7.956],[93.433,7.966],[93.415,7.959],[93.396,7.969],[93.404,7.982],[93.402,7.994],[93.407,8.01],[93.39,8.02]]],[[[93.235,8.264],[93.222,8.256],[93.22,8.246],[93.237,8.224],[93.251,8.228],[93.249,8.241],[93.235,8.264]]],[[[93.127,8.356],[93.113,8.347],[93.106,8.349],[93.096,8.339],[93.095,8.324],[93.086,8.307],[93.085,8.276],[93.1,8.253],[93.102,8.246],[93.121,8.224],[93.133,8.22],[93.158,8.207],[93.189,8.194],[93.202,8.197],[93.205,8.215],[93.194,8.225],[93.178,8.231],[93.153,8.244],[93.131,8.266],[93.126,8.277],[93.133,8.302],[93.131,8.31],[93.141,8.33],[93.143,8.347],[93.127,8.356]]],[[[93.044,8.471],[93.036,8.454],[93.044,8.442],[93.059,8.441],[93.056,8.461],[93.044,8.471]]],[[[92.789,9.243],[92.779,9.247],[92.772,9.221],[92.765,9.215],[92.725,9.219],[92.721,9.212],[92.721,9.173],[92.72,9.146],[92.733,9.123],[92.758,9.127],[92.774,9.126],[92.787,9.118],[92.803,9.12],[92.813,9.125],[92.817,9.135],[92.827,9.139],[92.832,9.164],[92.825,9.179],[92.825,9.195],[92.818,9.215],[92.789,9.243]]],[[[93.868,12.294],[93.851,12.29],[93.846,12.272],[93.856,12.265],[93.872,12.268],[93.877,12.28],[93.868,12.294]]],[[[93.12,12.148],[93.11,12.143],[93.115,12.13],[93.124,12.14],[93.12,12.148]]],[[[93.103,12.261],[93.093,12.239],[93.086,12.242],[93.084,12.258],[93.071,12.258],[93.066,12.237],[93.067,12.228],[93.084,12.223],[93.102,12.206],[93.101,12.232],[93.106,12.242],[93.103,12.261]]],[[[93.074,12.21],[93.066,12.211],[93.057,12.193],[93.041,12.152],[93.037,12.133],[93.045,12.128],[93.053,12.11],[93.066,12.098],[93.075,12.084],[93.085,12.089],[93.093,12.113],[93.088,12.13],[93.095,12.142],[93.085,12.154],[93.09,12.177],[93.086,12.196],[93.074,12.21]]],[[[93.032,11.837],[93.013,11.849],[93.014,11.832],[93.02,11.831],[93.046,11.814],[93.058,11.815],[93.072,11.835],[93.063,11.845],[93.032,11.837]]],[[[93.029,12.166],[93.007,12.147],[93.002,12.133],[93.009,12.102],[93.008,12.076],[93.025,12.07],[93.045,12.046],[93.053,12.06],[93.049,12.084],[93.034,12.1],[93.032,12.119],[93.036,12.124],[93.026,12.141],[93.029,12.166]]],[[[92.984,12.042],[92.965,12.039],[92.951,12.014],[92.929,12],[92.935,11.985],[92.948,11.986],[92.96,11.982],[92.974,11.949],[92.995,11.941],[93.006,11.929],[93.022,11.902],[93.026,11.889],[93.033,11.884],[93.045,11.884],[93.053,11.896],[93.053,11.904],[93.035,11.949],[93.028,11.952],[93.025,11.967],[93.007,12.001],[93.01,12.017],[92.998,12.034],[92.984,12.042]]],[[[92.991,12.109],[92.972,12.104],[92.96,12.106],[92.964,12.069],[92.974,12.066],[92.98,12.055],[92.992,12.044],[93,12.048],[92.998,12.064],[93.005,12.104],[92.991,12.109]]],[[[92.964,12.151],[92.956,12.143],[92.962,12.124],[92.983,12.112],[92.996,12.113],[93.001,12.12],[92.992,12.144],[92.964,12.151]]],[[[92.698,12.24],[92.69,12.236],[92.685,12.222],[92.663,12.218],[92.644,12.177],[92.638,12.144],[92.63,12.116],[92.625,12.107],[92.619,12.065],[92.626,12.048],[92.612,12.009],[92.613,11.959],[92.611,11.943],[92.606,11.924],[92.612,11.914],[92.611,11.871],[92.602,11.873],[92.602,11.896],[92.594,11.899],[92.588,11.887],[92.581,11.921],[92.563,11.947],[92.556,11.929],[92.542,11.922],[92.534,11.913],[92.538,11.904],[92.526,11.896],[92.522,11.87],[92.514,11.85],[92.525,11.827],[92.536,11.839],[92.542,11.836],[92.541,11.82],[92.549,11.817],[92.553,11.797],[92.554,11.767],[92.552,11.723],[92.562,11.694],[92.573,11.699],[92.575,11.716],[92.595,11.711],[92.593,11.703],[92.599,11.693],[92.598,11.679],[92.591,11.671],[92.608,11.637],[92.626,11.628],[92.634,11.636],[92.645,11.633],[92.636,11.616],[92.618,11.622],[92.609,11.621],[92.606,11.608],[92.61,11.594],[92.618,11.586],[92.621,11.562],[92.633,11.58],[92.647,11.572],[92.642,11.561],[92.651,11.552],[92.645,11.543],[92.648,11.522],[92.672,11.504],[92.685,11.512],[92.704,11.499],[92.712,11.489],[92.727,11.519],[92.724,11.532],[92.735,11.553],[92.73,11.56],[92.74,11.571],[92.745,11.59],[92.753,11.609],[92.752,11.633],[92.747,11.643],[92.756,11.648],[92.757,11.665],[92.745,11.676],[92.735,11.677],[92.72,11.685],[92.716,11.676],[92.72,11.653],[92.699,11.65],[92.673,11.627],[92.665,11.645],[92.668,11.654],[92.684,11.651],[92.684,11.659],[92.702,11.673],[92.703,11.697],[92.716,11.706],[92.722,11.698],[92.732,11.699],[92.755,11.718],[92.761,11.745],[92.766,11.752],[92.769,11.799],[92.775,11.813],[92.776,11.834],[92.786,11.867],[92.786,11.883],[92.78,11.897],[92.788,11.919],[92.785,11.936],[92.765,11.94],[92.747,11.933],[92.733,11.905],[92.732,11.873],[92.725,11.881],[92.727,11.9],[92.724,11.932],[92.717,11.946],[92.719,11.963],[92.726,11.974],[92.736,11.985],[92.755,11.982],[92.763,11.999],[92.75,12.005],[92.747,12.017],[92.737,12.021],[92.747,12.036],[92.762,12.021],[92.777,12.024],[92.772,12.047],[92.755,12.058],[92.753,12.071],[92.742,12.075],[92.736,12.084],[92.736,12.104],[92.756,12.153],[92.758,12.177],[92.736,12.182],[92.718,12.177],[92.705,12.18],[92.713,12.189],[92.709,12.2],[92.71,12.211],[92.706,12.229],[92.698,12.24]]],[[[92.756,11.967],[92.739,11.962],[92.736,11.952],[92.746,11.945],[92.767,11.955],[92.766,11.965],[92.756,11.967]]],[[[92.706,11.289],[92.696,11.285],[92.694,11.27],[92.706,11.264],[92.706,11.289]]],[[[92.641,11.51],[92.636,11.517],[92.621,11.498],[92.615,11.482],[92.612,11.459],[92.624,11.442],[92.625,11.409],[92.62,11.402],[92.588,11.401],[92.593,11.38],[92.582,11.367],[92.589,11.355],[92.598,11.348],[92.62,11.35],[92.638,11.347],[92.649,11.357],[92.664,11.355],[92.691,11.371],[92.692,11.386],[92.671,11.396],[92.662,11.397],[92.658,11.412],[92.671,11.416],[92.672,11.427],[92.686,11.436],[92.676,11.462],[92.677,11.471],[92.671,11.486],[92.644,11.501],[92.641,11.51]]],[[[92.61,11.559],[92.607,11.537],[92.616,11.535],[92.62,11.556],[92.61,11.559]]],[[[92.612,11.588],[92.601,11.586],[92.601,11.567],[92.619,11.573],[92.612,11.588]]],[[[92.601,11.971],[92.596,11.96],[92.597,11.93],[92.609,11.94],[92.601,11.971]]],[[[92.518,10.897],[92.507,10.89],[92.493,10.889],[92.479,10.871],[92.457,10.862],[92.46,10.844],[92.447,10.836],[92.428,10.818],[92.419,10.796],[92.409,10.784],[92.396,10.778],[92.378,10.785],[92.377,10.771],[92.382,10.763],[92.378,10.738],[92.383,10.722],[92.381,10.694],[92.383,10.668],[92.394,10.666],[92.41,10.645],[92.421,10.616],[92.415,10.608],[92.41,10.583],[92.401,10.572],[92.394,10.553],[92.382,10.539],[92.386,10.532],[92.402,10.531],[92.419,10.548],[92.434,10.548],[92.45,10.543],[92.463,10.535],[92.482,10.518],[92.499,10.511],[92.513,10.512],[92.531,10.518],[92.541,10.536],[92.544,10.549],[92.553,10.557],[92.568,10.576],[92.564,10.586],[92.545,10.592],[92.54,10.615],[92.546,10.629],[92.568,10.651],[92.579,10.654],[92.575,10.668],[92.579,10.676],[92.597,10.681],[92.598,10.7],[92.589,10.719],[92.583,10.741],[92.583,10.759],[92.587,10.788],[92.563,10.804],[92.563,10.828],[92.556,10.844],[92.558,10.863],[92.538,10.882],[92.518,10.897]]],[[[92.597,11.542],[92.597,11.563],[92.589,11.562],[92.584,11.549],[92.597,11.542]]],[[[92.541,11.603],[92.534,11.602],[92.533,11.571],[92.539,11.563],[92.554,11.562],[92.564,11.574],[92.563,11.593],[92.545,11.592],[92.541,11.603]]],[[[92.56,11.538],[92.553,11.531],[92.562,11.518],[92.569,11.528],[92.56,11.538]]],[[[92.216,11.595],[92.208,11.586],[92.215,11.572],[92.208,11.55],[92.213,11.535],[92.232,11.527],[92.253,11.526],[92.261,11.518],[92.27,11.523],[92.275,11.537],[92.27,11.548],[92.268,11.571],[92.27,11.585],[92.263,11.59],[92.241,11.592],[92.23,11.588],[92.216,11.595]]],[[[94.26,13.436],[94.271,13.443],[94.276,13.469],[94.26,13.467],[94.253,13.462],[94.246,13.443],[94.26,13.436]]],[[[93.03,13.57],[93.017,13.571],[93.014,13.548],[93.002,13.561],[92.987,13.57],[92.981,13.552],[92.992,13.536],[92.99,13.529],[92.975,13.527],[92.967,13.542],[92.951,13.543],[92.948,13.537],[92.932,13.539],[92.917,13.536],[92.914,13.526],[92.926,13.521],[92.923,13.512],[92.93,13.502],[92.925,13.496],[92.904,13.496],[92.903,13.481],[92.872,13.472],[92.876,13.46],[92.875,13.446],[92.882,13.441],[92.884,13.43],[92.871,13.426],[92.873,13.415],[92.865,13.401],[92.859,13.409],[92.847,13.411],[92.844,13.393],[92.859,13.386],[92.85,13.37],[92.84,13.375],[92.834,13.353],[92.835,13.338],[92.827,13.329],[92.829,13.312],[92.842,13.302],[92.823,13.277],[92.838,13.261],[92.854,13.258],[92.85,13.239],[92.832,13.243],[92.828,13.237],[92.829,13.209],[92.821,13.201],[92.821,13.183],[92.827,13.174],[92.816,13.17],[92.814,13.153],[92.833,13.149],[92.845,13.142],[92.842,13.127],[92.826,13.13],[92.81,13.127],[92.82,13.103],[92.808,13.1],[92.806,13.085],[92.8,13.083],[92.793,13.058],[92.797,13.051],[92.788,13.017],[92.799,13.01],[92.822,13.012],[92.819,13.001],[92.81,12.998],[92.813,12.983],[92.795,12.987],[92.798,12.972],[92.792,12.965],[92.793,12.952],[92.801,12.948],[92.794,12.915],[92.802,12.9],[92.81,12.9],[92.826,12.895],[92.83,12.886],[92.839,12.893],[92.844,12.89],[92.844,12.885],[92.841,12.877],[92.856,12.878],[92.872,12.883],[92.871,12.899],[92.859,12.902],[92.854,12.926],[92.858,12.935],[92.869,12.934],[92.877,12.947],[92.875,12.965],[92.881,12.97],[92.883,12.984],[92.892,12.991],[92.907,12.986],[92.91,12.962],[92.927,12.958],[92.939,12.972],[92.927,12.99],[92.916,12.999],[92.908,13],[92.903,13.02],[92.916,13.055],[92.926,13.062],[92.942,13.063],[92.935,13.042],[92.951,13.029],[92.955,13.019],[92.97,13.032],[92.984,13.026],[92.995,13.035],[93.006,13.032],[93.013,13.049],[93.02,13.051],[93.034,13.081],[93.032,13.125],[93.037,13.14],[93.034,13.155],[93.037,13.17],[93.032,13.178],[93.044,13.212],[93.042,13.223],[93.056,13.233],[93.058,13.252],[93.046,13.259],[93.04,13.268],[93.047,13.279],[93.03,13.281],[93.013,13.276],[93.016,13.292],[93.013,13.306],[93.004,13.318],[92.985,13.318],[92.979,13.324],[92.964,13.324],[92.953,13.333],[92.96,13.358],[92.967,13.361],[92.976,13.35],[92.98,13.335],[93.003,13.354],[93.026,13.349],[93.04,13.351],[93.04,13.322],[93.061,13.317],[93.07,13.307],[93.075,13.329],[93.09,13.336],[93.071,13.347],[93.052,13.39],[93.059,13.401],[93.048,13.405],[93.033,13.426],[93.035,13.442],[93.029,13.461],[93.035,13.471],[93.043,13.505],[93.041,13.534],[93.038,13.55],[93.03,13.57]]],[[[93.017,13.675],[92.998,13.667],[92.982,13.665],[92.977,13.655],[92.986,13.643],[93,13.649],[93.008,13.647],[93.024,13.627],[93.032,13.634],[93.026,13.646],[93.025,13.66],[93.017,13.675]]],[[[93.025,13.326],[93.018,13.329],[93.015,13.309],[93.024,13.305],[93.025,13.326]]],[[[93.006,12.997],[92.993,12.991],[92.973,12.97],[92.959,12.989],[92.953,12.98],[92.963,12.969],[92.959,12.956],[92.972,12.956],[92.972,12.943],[92.981,12.933],[92.98,12.967],[92.993,12.986],[93.006,12.997]]],[[[92.899,12.915],[92.896,12.899],[92.873,12.893],[92.873,12.881],[92.844,12.875],[92.84,12.877],[92.843,12.885],[92.84,12.891],[92.831,12.885],[92.823,12.896],[92.804,12.897],[92.791,12.889],[92.793,12.864],[92.781,12.859],[92.769,12.862],[92.768,12.852],[92.754,12.848],[92.741,12.837],[92.724,12.827],[92.721,12.788],[92.73,12.752],[92.739,12.738],[92.741,12.722],[92.74,12.703],[92.73,12.698],[92.744,12.672],[92.753,12.675],[92.77,12.673],[92.777,12.685],[92.786,12.691],[92.789,12.675],[92.783,12.664],[92.752,12.671],[92.744,12.667],[92.733,12.653],[92.736,12.64],[92.712,12.623],[92.701,12.6],[92.709,12.576],[92.705,12.564],[92.708,12.555],[92.699,12.539],[92.7,12.526],[92.695,12.519],[92.701,12.501],[92.709,12.492],[92.702,12.485],[92.7,12.469],[92.706,12.45],[92.698,12.431],[92.7,12.407],[92.696,12.391],[92.704,12.372],[92.7,12.367],[92.7,12.334],[92.71,12.31],[92.72,12.304],[92.743,12.302],[92.756,12.297],[92.771,12.317],[92.79,12.312],[92.795,12.306],[92.811,12.315],[92.83,12.305],[92.848,12.308],[92.853,12.314],[92.87,12.317],[92.878,12.314],[92.888,12.332],[92.881,12.335],[92.881,12.356],[92.873,12.353],[92.838,12.398],[92.829,12.426],[92.838,12.43],[92.847,12.423],[92.864,12.427],[92.874,12.417],[92.887,12.422],[92.899,12.417],[92.921,12.427],[92.923,12.443],[92.942,12.45],[92.954,12.476],[92.935,12.471],[92.93,12.479],[92.941,12.486],[92.949,12.499],[92.959,12.487],[92.968,12.497],[92.965,12.505],[92.976,12.542],[92.969,12.562],[92.962,12.576],[92.957,12.593],[92.959,12.619],[92.957,12.642],[92.963,12.661],[92.965,12.705],[92.969,12.719],[92.964,12.73],[92.969,12.74],[92.962,12.753],[92.934,12.774],[92.934,12.781],[92.948,12.792],[92.954,12.808],[92.944,12.827],[92.936,12.854],[92.929,12.859],[92.928,12.884],[92.91,12.897],[92.906,12.915],[92.899,12.915]]],[[[92.956,12.43],[92.938,12.422],[92.928,12.41],[92.925,12.392],[92.928,12.387],[92.919,12.376],[92.919,12.365],[92.933,12.361],[92.942,12.382],[92.943,12.402],[92.952,12.408],[92.961,12.422],[92.956,12.43]]],[[[92.927,13.024],[92.915,13.013],[92.921,13.001],[92.944,12.998],[92.939,13.01],[92.939,13.026],[92.927,13.024]]],[[[92.934,12.308],[92.93,12.305],[92.93,12.284],[92.911,12.293],[92.902,12.29],[92.904,12.278],[92.914,12.273],[92.923,12.259],[92.919,12.238],[92.929,12.238],[92.927,12.251],[92.942,12.276],[92.933,12.293],[92.934,12.308]]],[[[92.935,12.225],[92.927,12.222],[92.926,12.207],[92.941,12.217],[92.935,12.225]]],[[[92.901,12.255],[92.885,12.249],[92.873,12.248],[92.87,12.238],[92.881,12.224],[92.891,12.234],[92.9,12.229],[92.914,12.232],[92.905,12.252],[92.901,12.255]]],[[[92.89,12.4],[92.882,12.398],[92.854,12.409],[92.844,12.396],[92.86,12.389],[92.863,12.38],[92.891,12.393],[92.89,12.4]]],[[[92.829,12.302],[92.81,12.314],[92.796,12.304],[92.785,12.311],[92.769,12.31],[92.78,12.288],[92.765,12.264],[92.75,12.274],[92.742,12.246],[92.748,12.235],[92.769,12.229],[92.764,12.211],[92.769,12.201],[92.765,12.176],[92.758,12.15],[92.739,12.099],[92.74,12.082],[92.756,12.076],[92.763,12.065],[92.793,12.084],[92.799,12.109],[92.81,12.106],[92.811,12.13],[92.822,12.151],[92.825,12.168],[92.836,12.168],[92.847,12.16],[92.854,12.172],[92.847,12.198],[92.854,12.204],[92.88,12.195],[92.874,12.206],[92.873,12.226],[92.862,12.237],[92.859,12.247],[92.876,12.251],[92.883,12.257],[92.883,12.274],[92.887,12.286],[92.873,12.289],[92.872,12.301],[92.855,12.305],[92.829,12.302]]],[[[92.877,12.931],[92.861,12.934],[92.86,12.926],[92.872,12.916],[92.877,12.931]]],[[[92.844,13.44],[92.822,13.435],[92.822,13.422],[92.835,13.42],[92.846,13.432],[92.844,13.44]]],[[[92.794,12.912],[92.78,12.911],[92.775,12.905],[92.793,12.892],[92.799,12.895],[92.794,12.912]]],[[[92.731,12.242],[92.722,12.233],[92.724,12.207],[92.721,12.19],[92.748,12.181],[92.763,12.182],[92.768,12.202],[92.763,12.208],[92.763,12.229],[92.738,12.231],[92.731,12.242]]],[[[92.766,12.288],[92.754,12.276],[92.765,12.266],[92.766,12.288]]],[[[92.749,12.289],[92.74,12.276],[92.734,12.254],[92.742,12.255],[92.749,12.289]]],[[[92.73,12.864],[92.719,12.863],[92.712,12.845],[92.719,12.837],[92.73,12.864]]],[[[92.71,12.829],[92.701,12.814],[92.7,12.786],[92.71,12.771],[92.713,12.737],[92.709,12.732],[92.72,12.722],[92.719,12.752],[92.725,12.755],[92.712,12.777],[92.714,12.785],[92.713,12.819],[92.71,12.829]]],[[[92.711,12.297],[92.706,12.3],[92.7,12.276],[92.704,12.246],[92.713,12.248],[92.721,12.28],[92.724,12.296],[92.711,12.297]]],[[[92.697,12.991],[92.684,12.988],[92.67,12.964],[92.668,12.954],[92.679,12.947],[92.671,12.923],[92.67,12.905],[92.665,12.882],[92.649,12.862],[92.651,12.846],[92.661,12.828],[92.666,12.812],[92.663,12.794],[92.67,12.789],[92.678,12.809],[92.689,12.818],[92.688,12.834],[92.702,12.842],[92.703,12.852],[92.714,12.863],[92.72,12.874],[92.723,12.905],[92.72,12.913],[92.721,12.947],[92.718,12.955],[92.72,12.979],[92.709,12.99],[92.697,12.991]]],[[[92.717,13.098],[92.696,13.09],[92.7,13.073],[92.717,13.098]]],[[[92.675,12.542],[92.669,12.535],[92.677,12.523],[92.685,12.539],[92.675,12.542]]]]}},
{"type":"Feature","properties":{"name":"Assam","std":"Assam","kind":"state","covers":["Assam","Meghalaya","Mizoram","Nagaland"],"part":"A"},"geometry":{"type":"Polygon","coordinates":[[[93,24.4],[93.015,24.399],[93.038,24.408],[93.031,24.426],[93.037,24.458],[93.047,24.461],[93.048,24.472],[93.035,24.494],[93.044,24.503],[93.041,24.511],[93.052,24.516],[93.048,24.528],[93.052,24.541],[93.072,24.558],[93.07,24.573],[93.086,24.568],[93.096,24.579],[93.106,24.58],[93.098,24.588],[93.088,24.587],[93.075,24.593],[93.086,24.608],[93.079,24.618],[93.089,24.624],[93.084,24.644],[93.096,24.649],[93.098,24.663],[93.093,24.685],[93.075,24.707],[93.088,24.706],[93.097,24.728],[93.112,24.799],[93.131,24.803],[93.157,24.789],[93.174,24.8],[93.192,24.803],[93.191,24.819],[93.201,24.847],[93.214,24.858],[93.233,24.881],[93.233,24.895],[93.253,24.915],[93.244,24.94],[93.259,24.948],[93.263,24.963],[93.252,24.972],[93.252,24.985],[93.256,25],[93.246,25.001],[93.248,25.015],[93.263,25.032],[93.268,25.046],[93.284,25.048],[93.296,25.044],[93.308,25.055],[93.306,25.061],[93.323,25.088],[93.335,25.092],[93.351,25.141],[93.347,25.16],[93.353,25.178],[93.369,25.204],[93.387,25.228],[93.387,25.239],[93.403,25.259],[93.42,25.262],[93.423,25.274],[93.444,25.288],[93.46,25.291],[93.474,25.305],[93.472,25.282],[93.476,25.275],[93.51,25.272],[93.504,25.249],[93.505,25.24],[93.52,25.245],[93.541,25.241],[93.554,25.246],[93.563,25.242],[93.574,25.223],[93.59,25.216],[93.592,25.2],[93.607,25.198],[93.637,25.246],[93.643,25.262],[93.672,25.307],[93.671,25.324],[93.687,25.327],[93.692,25.357],[93.711,25.354],[93.723,25.371],[93.739,25.38],[93.746,25.401],[93.764,25.414],[93.78,25.42],[93.79,25.439],[93.808,25.461],[93.813,25.48],[93.807,25.491],[93.788,25.502],[93.773,25.493],[93.765,25.495],[93.764,25.511],[93.771,25.536],[93.779,25.534],[93.807,25.54],[93.819,25.54],[93.825,25.552],[93.836,25.559],[93.862,25.553],[93.891,25.564],[93.943,25.559],[93.965,25.552],[93.98,25.566],[94.012,25.57],[94.01,25.591],[94.043,25.573],[94.053,25.572],[94.069,25.554],[94.085,25.555],[94.095,25.537],[94.091,25.528],[94.138,25.519],[94.147,25.526],[94.152,25.543],[94.167,25.542],[94.182,25.548],[94.194,25.547],[94.19,25.525],[94.222,25.491],[94.251,25.494],[94.256,25.498],[94.273,25.497],[94.286,25.506],[94.302,25.489],[94.312,25.489],[94.328,25.503],[94.364,25.516],[94.387,25.531],[94.41,25.538],[94.419,25.537],[94.424,25.547],[94.421,25.57],[94.429,25.587],[94.443,25.59],[94.473,25.616],[94.49,25.614],[94.492,25.608],[94.513,25.625],[94.53,25.644],[94.538,25.645],[94.564,25.675],[94.572,25.692],[94.596,25.681],[94.586,25.666],[94.575,25.639],[94.583,25.628],[94.572,25.605],[94.554,25.58],[94.559,25.562],[94.562,25.533],[94.556,25.507],[94.573,25.499],[94.586,25.486],[94.606,25.476],[94.624,25.463],[94.657,25.451],[94.681,25.453],[94.687,25.459],[94.745,25.472],[94.755,25.485],[94.771,25.475],[94.783,25.483],[94.811,25.489],[94.827,25.521],[94.835,25.544],[94.851,25.556],[94.903,25.56],[94.886,25.581],[94.887,25.586],[94.882,25.588],[94.871,25.606],[94.856,25.609],[94.85,25.634],[94.85,25.65],[94.859,25.685],[94.861,25.717],[94.858,25.724],[94.834,25.752],[94.788,25.776],[94.757,25.78],[94.743,25.77],[94.735,25.754],[94.72,25.75],[94.715,25.758],[94.699,25.789],[94.683,25.8],[94.648,25.816],[94.615,25.816],[94.606,25.828],[94.613,25.836],[94.613,25.847],[94.595,25.878],[94.579,25.887],[94.576,25.896],[94.609,25.932],[94.625,25.952],[94.659,26.005],[94.672,26.017],[94.678,26.028],[94.705,26.052],[94.696,26.072],[94.69,26.098],[94.689,26.118],[94.692,26.138],[94.702,26.149],[94.7,26.171],[94.693,26.193],[94.669,26.209],[94.656,26.204],[94.643,26.218],[94.63,26.203],[94.606,26.199],[94.587,26.219],[94.588,26.236],[94.579,26.239],[94.565,26.256],[94.565,26.279],[94.573,26.289],[94.584,26.29],[94.611,26.319],[94.631,26.334],[94.653,26.341],[94.662,26.376],[94.678,26.384],[94.698,26.41],[94.706,26.412],[94.709,26.444],[94.702,26.468],[94.693,26.479],[94.697,26.499],[94.691,26.524],[94.729,26.567],[94.737,26.595],[94.725,26.61],[94.725,26.62],[94.712,26.636],[94.69,26.642],[94.673,26.652],[94.696,26.663],[94.719,26.68],[94.727,26.697],[94.748,26.698],[94.753,26.702],[94.751,26.722],[94.759,26.734],[94.74,26.748],[94.738,26.764],[94.746,26.777],[94.757,26.767],[94.769,26.778],[94.773,26.79],[94.791,26.796],[94.806,26.807],[94.813,26.819],[94.822,26.849],[94.833,26.857],[94.839,26.869],[94.852,26.876],[94.87,26.91],[94.887,26.927],[94.914,26.937],[94.929,26.947],[94.934,26.933],[94.958,26.938],[94.971,26.923],[94.986,26.913],[95,26.919],[95.022,26.92],[95.038,26.933],[95.055,26.935],[95.066,26.943],[95.087,26.947],[95.11,26.961],[95.117,26.978],[95.127,26.981],[95.155,27],[95.196,27.037],[95.204,27.037],[95.214,27.028],[95.226,27.036],[95.238,27.037],[95.249,27.024],[95.278,27.044],[95.278,27.051],[95.31,27.075],[95.349,27.099],[95.372,27.105],[95.386,27.106],[95.407,27.112],[95.421,27.125],[95.458,27.129],[95.466,27.149],[95.459,27.157],[95.468,27.166],[95.464,27.176],[95.469,27.184],[95.459,27.203],[95.47,27.212],[95.491,27.243],[95.507,27.249],[95.511,27.26],[95.521,27.258],[95.535,27.264],[95.555,27.253],[95.557,27.248],[95.575,27.245],[95.59,27.223],[95.608,27.225],[95.634,27.233],[95.637,27.23],[95.685,27.251],[95.702,27.249],[95.726,27.253],[95.732,27.26],[95.757,27.268],[95.785,27.272],[95.791,27.279],[95.807,27.281],[95.81,27.274],[95.861,27.287],[95.861,27.273],[95.872,27.26],[95.898,27.257],[95.907,27.285],[95.941,27.303],[95.963,27.31],[95.97,27.33],[95.994,27.344],[95.997,27.356],[96.013,27.357],[96.015,27.368],[96,27.391],[96.001,27.396],[95.974,27.43],[95.953,27.426],[95.953,27.437],[95.934,27.44],[95.912,27.433],[95.9,27.405],[95.89,27.42],[95.891,27.433],[95.883,27.437],[95.865,27.422],[95.85,27.424],[95.853,27.438],[95.864,27.445],[95.86,27.456],[95.877,27.465],[95.882,27.481],[95.881,27.495],[95.89,27.5],[95.879,27.513],[95.882,27.547],[95.863,27.546],[95.853,27.559],[95.841,27.56],[95.833,27.573],[95.822,27.576],[95.825,27.597],[95.799,27.602],[95.788,27.626],[95.798,27.63],[95.802,27.643],[95.78,27.655],[95.781,27.673],[95.796,27.678],[95.794,27.686],[95.774,27.694],[95.772,27.71],[95.759,27.725],[95.786,27.734],[95.782,27.752],[95.808,27.778],[95.809,27.784],[95.824,27.804],[95.845,27.816],[95.853,27.828],[95.875,27.834],[95.893,27.851],[95.896,27.861],[95.913,27.867],[95.915,27.875],[95.93,27.885],[95.93,27.897],[95.94,27.898],[95.957,27.921],[95.954,27.936],[95.967,27.947],[95.979,27.963],[95.958,27.963],[95.827,27.972],[95.609,27.953],[95.59,27.937],[95.573,27.937],[95.567,27.918],[95.546,27.909],[95.545,27.897],[95.528,27.893],[95.518,27.877],[95.386,27.837],[95.318,27.867],[95.238,27.844],[95.197,27.83],[95.054,27.786],[95.041,27.774],[95.021,27.768],[95,27.772],[94.989,27.767],[94.932,27.753],[94.886,27.738],[94.868,27.742],[94.856,27.728],[94.851,27.707],[94.823,27.692],[94.802,27.693],[94.793,27.685],[94.769,27.676],[94.762,27.665],[94.745,27.66],[94.723,27.666],[94.719,27.658],[94.7,27.663],[94.686,27.66],[94.685,27.646],[94.671,27.647],[94.651,27.638],[94.642,27.627],[94.627,27.626],[94.611,27.619],[94.588,27.616],[94.576,27.603],[94.549,27.6],[94.528,27.592],[94.518,27.581],[94.502,27.574],[94.485,27.574],[94.462,27.554],[94.456,27.567],[94.438,27.581],[94.433,27.593],[94.423,27.598],[94.405,27.584],[94.39,27.586],[94.37,27.573],[94.358,27.574],[94.347,27.581],[94.315,27.586],[94.3,27.601],[94.291,27.591],[94.278,27.59],[94.275,27.6],[94.257,27.611],[94.27,27.625],[94.265,27.633],[94.238,27.629],[94.22,27.606],[94.214,27.608],[94.225,27.598],[94.224,27.585],[94.229,27.572],[94.243,27.567],[94.259,27.554],[94.262,27.52],[94.224,27.504],[94.215,27.495],[94.197,27.494],[94.177,27.481],[94.159,27.475],[94.162,27.463],[94.143,27.445],[94.119,27.428],[94.109,27.415],[94.089,27.401],[94.063,27.36],[94.044,27.35],[94.002,27.332],[93.983,27.311],[93.959,27.292],[93.941,27.27],[93.903,27.238],[93.888,27.221],[93.87,27.196],[93.842,27.17],[93.831,27.168],[93.811,27.149],[93.808,27.135],[93.813,27.123],[93.824,27.119],[93.829,27.109],[93.829,27.096],[93.839,27.075],[93.83,27.066],[93.81,27.059],[93.8,27.061],[93.789,27.051],[93.776,27.059],[93.77,27.04],[93.721,27.016],[93.707,27.005],[93.7,26.992],[93.678,26.968],[93.657,26.963],[93.626,26.961],[93.586,26.95],[93.573,26.951],[93.528,26.946],[93.491,26.936],[93.47,26.936],[93.45,26.951],[93.393,26.957],[93.35,26.961],[93.269,26.954],[93.225,26.947],[93.187,26.936],[93.111,26.925],[93.094,26.913],[93.071,26.922],[93.041,26.916],[93.022,26.915],[93,26.928],[92.954,26.947],[92.92,26.962],[92.919,26.983],[92.902,26.994],[92.875,27.006],[92.839,27.012],[92.788,27.029],[92.772,27.031],[92.717,27.024],[92.685,27.03],[92.662,27.037],[92.654,27.023],[92.642,27.017],[92.648,27.008],[92.648,26.986],[92.588,26.96],[92.557,26.957],[92.508,26.965],[92.463,26.962],[92.449,26.959],[92.429,26.942],[92.415,26.943],[92.403,26.925],[92.368,26.931],[92.356,26.934],[92.306,26.923],[92.307,26.908],[92.28,26.901],[92.258,26.911],[92.198,26.89],[92.166,26.891],[92.124,26.889],[92.111,26.893],[92.102,26.881],[92.101,26.867],[92.059,26.847],[92.02,26.85],[91.989,26.857],[91.963,26.876],[91.958,26.887],[91.901,26.915],[91.857,26.911],[91.835,26.875],[91.806,26.851],[91.779,26.838],[91.731,26.812],[91.708,26.811],[91.683,26.804],[91.657,26.814],[91.628,26.82],[91.595,26.804],[91.497,26.789],[91.482,26.791],[91.458,26.807],[91.412,26.835],[91.406,26.834],[91.384,26.801],[91.364,26.789],[91.34,26.779],[91.299,26.784],[91.266,26.804],[91.241,26.808],[91.207,26.808],[91.185,26.811],[91.134,26.808],[91.093,26.818],[91.08,26.8],[91.058,26.779],[91.046,26.779],[91,26.788],[90.959,26.783],[90.901,26.778],[90.875,26.779],[90.807,26.774],[90.767,26.773],[90.746,26.775],[90.739,26.769],[90.705,26.768],[90.684,26.78],[90.675,26.78],[90.654,26.774],[90.635,26.791],[90.606,26.797],[90.586,26.797],[90.565,26.801],[90.554,26.812],[90.534,26.823],[90.459,26.872],[90.425,26.899],[90.415,26.902],[90.36,26.896],[90.351,26.876],[90.317,26.851],[90.296,26.848],[90.268,26.855],[90.231,26.858],[90.22,26.854],[90.2,26.833],[90.188,26.804],[90.194,26.77],[90.133,26.749],[90.073,26.732],[90.05,26.729],[90.025,26.73],[90.007,26.734],[89.99,26.727],[89.963,26.723],[89.926,26.722],[89.895,26.724],[89.868,26.737],[89.864,26.731],[89.865,26.709],[89.862,26.704],[89.877,26.683],[89.873,26.657],[89.879,26.643],[89.863,26.632],[89.867,26.615],[89.882,26.613],[89.877,26.595],[89.883,26.584],[89.867,26.578],[89.87,26.57],[89.867,26.53],[89.86,26.521],[89.858,26.488],[89.875,26.464],[89.875,26.448],[89.86,26.434],[89.85,26.41],[89.838,26.412],[89.832,26.396],[89.836,26.39],[89.858,26.396],[89.86,26.382],[89.846,26.378],[89.833,26.381],[89.832,26.367],[89.809,26.362],[89.787,26.353],[89.786,26.331],[89.767,26.317],[89.756,26.321],[89.756,26.306],[89.764,26.293],[89.747,26.295],[89.726,26.288],[89.742,26.271],[89.737,26.26],[89.722,26.259],[89.721,26.246],[89.734,26.238],[89.717,26.228],[89.72,26.215],[89.721,26.191],[89.705,26.185],[89.707,26.177],[89.723,26.166],[89.724,26.157],[89.739,26.158],[89.753,26.153],[89.77,26.132],[89.765,26.113],[89.771,26.107],[89.787,26.106],[89.786,26.086],[89.801,26.073],[89.801,26.059],[89.788,26.053],[89.805,26.036],[89.793,26.022],[89.799,26.018],[89.813,26.038],[89.821,26.024],[89.819,25.989],[89.835,25.986],[89.835,26.007],[89.843,26.005],[89.872,25.976],[89.847,25.962],[89.831,25.947],[89.845,25.941],[89.879,25.944],[89.888,25.938],[89.874,25.913],[89.84,25.878],[89.836,25.868],[89.835,25.838],[89.819,25.817],[89.831,25.805],[89.838,25.774],[89.843,25.761],[89.828,25.742],[89.83,25.729],[89.84,25.715],[89.856,25.715],[89.856,25.706],[89.848,25.69],[89.872,25.654],[89.881,25.631],[89.883,25.615],[89.874,25.588],[89.879,25.576],[89.87,25.548],[89.856,25.538],[89.863,25.523],[89.857,25.499],[89.856,25.477],[89.856,25.463],[89.837,25.434],[89.829,25.403],[89.819,25.388],[89.817,25.369],[89.823,25.347],[89.832,25.33],[89.843,25.318],[89.838,25.295],[89.872,25.287],[89.894,25.295],[89.911,25.307],[89.932,25.299],[89.975,25.3],[89.984,25.285],[90.012,25.271],[90.063,25.255],[90.075,25.243],[90.104,25.234],[90.115,25.224],[90.162,25.223],[90.191,25.216],[90.217,25.203],[90.236,25.203],[90.263,25.195],[90.278,25.197],[90.294,25.189],[90.312,25.187],[90.335,25.191],[90.355,25.174],[90.38,25.161],[90.412,25.156],[90.419,25.151],[90.447,25.143],[90.456,25.15],[90.47,25.152],[90.513,25.168],[90.561,25.17],[90.6,25.173],[90.639,25.173],[90.654,25.185],[90.668,25.184],[90.671,25.172],[90.683,25.169],[90.696,25.159],[90.724,25.164],[90.735,25.154],[90.744,25.165],[90.763,25.165],[90.778,25.182],[90.793,25.182],[90.812,25.167],[90.822,25.163],[90.872,25.159],[90.895,25.166],[90.911,25.161],[90.938,25.167],[90.973,25.172],[91.012,25.18],[91.039,25.188],[91.067,25.192],[91.084,25.201],[91.11,25.196],[91.138,25.192],[91.162,25.197],[91.184,25.195],[91.196,25.199],[91.216,25.2],[91.233,25.197],[91.255,25.197],[91.268,25.206],[91.277,25.204],[91.293,25.193],[91.294,25.186],[91.324,25.184],[91.331,25.177],[91.348,25.172],[91.359,25.177],[91.379,25.167],[91.391,25.17],[91.407,25.166],[91.417,25.172],[91.435,25.155],[91.449,25.149],[91.47,25.149],[91.474,25.136],[91.496,25.134],[91.511,25.145],[91.531,25.144],[91.557,25.151],[91.577,25.163],[91.583,25.17],[91.606,25.173],[91.604,25.16],[91.608,25.143],[91.622,25.146],[91.631,25.13],[91.645,25.124],[91.654,25.13],[91.664,25.129],[91.675,25.137],[91.692,25.138],[91.714,25.158],[91.747,25.148],[91.75,25.171],[91.769,25.167],[91.809,25.169],[91.844,25.178],[91.862,25.174],[91.916,25.182],[91.95,25.183],[91.986,25.171],[92.005,25.187],[92.02,25.187],[92.029,25.183],[92.05,25.182],[92.065,25.187],[92.078,25.186],[92.125,25.165],[92.138,25.156],[92.139,25.143],[92.179,25.123],[92.203,25.125],[92.222,25.121],[92.212,25.111],[92.232,25.097],[92.3,25.071],[92.312,25.071],[92.327,25.08],[92.344,25.077],[92.346,25.055],[92.352,25.048],[92.368,25.049],[92.387,25.043],[92.405,25.033],[92.425,25.03],[92.427,25.018],[92.42,24.992],[92.423,24.974],[92.438,24.968],[92.449,24.969],[92.466,24.963],[92.452,24.953],[92.455,24.942],[92.489,24.942],[92.484,24.931],[92.496,24.906],[92.495,24.885],[92.499,24.874],[92.487,24.867],[92.464,24.875],[92.451,24.874],[92.438,24.86],[92.424,24.858],[92.411,24.863],[92.403,24.855],[92.385,24.862],[92.382,24.87],[92.351,24.888],[92.343,24.883],[92.332,24.893],[92.315,24.901],[92.308,24.916],[92.286,24.908],[92.27,24.91],[92.25,24.908],[92.243,24.9],[92.252,24.892],[92.253,24.881],[92.237,24.861],[92.249,24.849],[92.247,24.833],[92.272,24.829],[92.275,24.801],[92.283,24.787],[92.27,24.781],[92.264,24.764],[92.271,24.748],[92.266,24.712],[92.257,24.701],[92.244,24.703],[92.234,24.697],[92.226,24.68],[92.229,24.663],[92.24,24.648],[92.24,24.637],[92.232,24.618],[92.223,24.609],[92.233,24.581],[92.233,24.502],[92.24,24.488],[92.23,24.478],[92.231,24.459],[92.239,24.446],[92.257,24.435],[92.256,24.417],[92.263,24.408],[92.264,24.396],[92.273,24.387],[92.264,24.36],[92.213,24.248],[92.296,24.25],[92.294,24.243],[92.297,24.225],[92.313,24.209],[92.324,24.204],[92.33,24.183],[92.328,24.164],[92.337,24.145],[92.328,24.137],[92.329,24.101],[92.327,24.075],[92.316,24.065],[92.32,24.049],[92.315,24.043],[92.319,24.029],[92.317,24.016],[92.327,24],[92.329,23.988],[92.322,23.973],[92.312,23.968],[92.311,23.944],[92.313,23.933],[92.327,23.922],[92.331,23.91],[92.323,23.902],[92.318,23.886],[92.321,23.868],[92.309,23.861],[92.287,23.865],[92.276,23.851],[92.273,23.84],[92.286,23.815],[92.259,23.813],[92.267,23.768],[92.266,23.737],[92.268,23.724],[92.282,23.715],[92.292,23.702],[92.296,23.687],[92.293,23.671],[92.279,23.643],[92.284,23.626],[92.299,23.626],[92.295,23.615],[92.295,23.597],[92.31,23.59],[92.315,23.554],[92.313,23.534],[92.324,23.527],[92.321,23.518],[92.329,23.476],[92.335,23.464],[92.332,23.453],[92.333,23.43],[92.348,23.435],[92.351,23.42],[92.361,23.41],[92.357,23.401],[92.36,23.386],[92.379,23.372],[92.385,23.36],[92.385,23.341],[92.373,23.329],[92.383,23.321],[92.392,23.307],[92.388,23.294],[92.4,23.272],[92.395,23.266],[92.406,23.238],[92.362,23.238],[92.357,23.234],[92.362,23.206],[92.359,23.195],[92.364,23.187],[92.368,23.149],[92.363,23.138],[92.374,23.126],[92.367,23.105],[92.377,23.087],[92.386,23.088],[92.389,23.071],[92.397,23.051],[92.387,23.036],[92.385,23.022],[92.391,23.005],[92.384,22.978],[92.374,22.971],[92.378,22.963],[92.375,22.934],[92.384,22.929],[92.397,22.93],[92.404,22.913],[92.416,22.918],[92.437,22.888],[92.449,22.893],[92.459,22.873],[92.46,22.855],[92.456,22.817],[92.465,22.809],[92.476,22.78],[92.481,22.751],[92.497,22.745],[92.51,22.735],[92.521,22.701],[92.526,22.662],[92.527,22.642],[92.535,22.63],[92.527,22.622],[92.535,22.61],[92.539,22.577],[92.53,22.572],[92.53,22.563],[92.539,22.552],[92.547,22.524],[92.55,22.469],[92.556,22.445],[92.557,22.416],[92.565,22.388],[92.565,22.378],[92.574,22.355],[92.583,22.313],[92.58,22.279],[92.593,22.255],[92.595,22.213],[92.602,22.2],[92.6,22.181],[92.614,22.169],[92.614,22.155],[92.609,22.127],[92.597,22.127],[92.592,22.14],[92.584,22.144],[92.57,22.138],[92.565,22.128],[92.574,22.12],[92.595,22.079],[92.596,22.066],[92.603,22.052],[92.599,22.038],[92.605,22.026],[92.6,22.011],[92.61,22.002],[92.616,21.988],[92.628,21.984],[92.661,22.014],[92.679,22.013],[92.685,22.022],[92.688,22.039],[92.682,22.104],[92.695,22.098],[92.698,22.137],[92.697,22.147],[92.706,22.152],[92.73,22.148],[92.736,22.137],[92.763,22.125],[92.767,22.114],[92.815,22.094],[92.823,22.078],[92.834,22.074],[92.847,22.06],[92.855,22.064],[92.868,22.059],[92.872,22.028],[92.892,22.01],[92.902,21.979],[92.903,21.952],[92.914,21.947],[92.913,21.963],[92.925,21.994],[92.936,22.006],[92.939,22.016],[92.953,22.028],[92.964,22.025],[92.97,22.008],[92.977,22.004],[92.983,21.988],[92.996,21.976],[93.007,21.982],[93.008,22.009],[92.997,22.037],[92.998,22.053],[93.012,22.083],[93.013,22.103],[93.037,22.102],[93.049,22.097],[93.063,22.099],[93.064,22.111],[93.057,22.125],[93.044,22.136],[93.052,22.163],[93.044,22.187],[93.051,22.201],[93.079,22.206],[93.1,22.196],[93.117,22.196],[93.128,22.176],[93.152,22.175],[93.16,22.179],[93.167,22.197],[93.156,22.207],[93.154,22.226],[93.144,22.238],[93.149,22.245],[93.188,22.247],[93.206,22.258],[93.199,22.278],[93.198,22.31],[93.194,22.322],[93.197,22.334],[93.194,22.356],[93.19,22.368],[93.194,22.381],[93.19,22.388],[93.193,22.4],[93.186,22.41],[93.188,22.424],[93.173,22.448],[93.154,22.449],[93.143,22.455],[93.132,22.472],[93.136,22.484],[93.128,22.503],[93.128,22.523],[93.109,22.529],[93.113,22.552],[93.127,22.571],[93.143,22.583],[93.14,22.605],[93.134,22.62],[93.112,22.636],[93.116,22.648],[93.101,22.671],[93.104,22.683],[93.096,22.698],[93.1,22.724],[93.11,22.741],[93.102,22.784],[93.097,22.807],[93.114,22.813],[93.109,22.825],[93.118,22.834],[93.119,22.86],[93.128,22.866],[93.136,22.89],[93.136,22.91],[93.16,22.91],[93.164,22.919],[93.151,22.927],[93.149,22.947],[93.14,22.961],[93.145,22.977],[93.14,22.991],[93.131,22.993],[93.128,23.003],[93.134,23.01],[93.129,23.023],[93.134,23.032],[93.131,23.044],[93.14,23.057],[93.153,23.055],[93.166,23.046],[93.181,23.055],[93.197,23.055],[93.218,23.042],[93.232,23.018],[93.251,23.003],[93.266,23.009],[93.276,23.002],[93.3,23.005],[93.313,23.018],[93.319,23.018],[93.33,23.032],[93.343,23.061],[93.351,23.061],[93.356,23.074],[93.35,23.081],[93.36,23.092],[93.363,23.113],[93.391,23.135],[93.388,23.144],[93.377,23.14],[93.372,23.146],[93.383,23.184],[93.385,23.207],[93.392,23.22],[93.376,23.252],[93.373,23.279],[93.379,23.29],[93.374,23.316],[93.377,23.329],[93.364,23.351],[93.374,23.359],[93.396,23.36],[93.394,23.37],[93.412,23.384],[93.396,23.407],[93.395,23.429],[93.405,23.471],[93.402,23.481],[93.405,23.504],[93.423,23.527],[93.425,23.549],[93.422,23.558],[93.431,23.578],[93.431,23.615],[93.426,23.649],[93.434,23.668],[93.443,23.678],[93.434,23.692],[93.415,23.708],[93.416,23.728],[93.405,23.752],[93.403,23.771],[93.409,23.804],[93.397,23.82],[93.395,23.837],[93.394,23.883],[93.397,23.926],[93.374,23.934],[93.363,23.942],[93.354,23.957],[93.35,23.974],[93.336,23.979],[93.339,24.009],[93.335,24.02],[93.341,24.027],[93.334,24.039],[93.336,24.05],[93.311,24.05],[93.287,24.048],[93.272,24.03],[93.254,24.02],[93.251,24.03],[93.261,24.054],[93.262,24.069],[93.247,24.082],[93.225,24.083],[93.224,24.07],[93.215,24.046],[93.207,24.048],[93.193,24.053],[93.174,24.05],[93.166,24.058],[93.168,24.068],[93.157,24.08],[93.147,24.085],[93.134,24.076],[93.128,24.061],[93.111,24.052],[93.1,24.053],[93.101,24.071],[93.088,24.081],[93.078,24.1],[93.052,24.087],[93.037,24.092],[93.026,24.1],[93.013,24.101],[93,24.112],[92.975,24.112],[92.973,24.121],[92.985,24.126],[92.992,24.137],[92.992,24.15],[93.004,24.157],[93.002,24.171],[93.01,24.179],[93.002,24.191],[93.016,24.197],[93.023,24.214],[93.017,24.233],[93.006,24.251],[93.013,24.269],[93.007,24.277],[93.034,24.315],[93.042,24.34],[93.021,24.344],[93.018,24.356],[93.021,24.371],[93.016,24.377],[93.023,24.387],[93,24.4]],[[89.817,26.346],[89.827,26.325],[89.823,26.32],[89.803,26.331],[89.794,26.34],[89.805,26.349],[89.817,26.346]]]}},
{"type":"Feature","properties":{"name":"Bhopal","std":"Bhopal State","kind":"state","covers":["Madhya Pradesh"],"part":"C"},"geometry":{"type":"Polygon","coordinates":[[[77.319,23.894],[77.303,23.891],[77.294,23.896],[77.27,23.89],[77.249,23.895],[77.228,23.896],[77.222,23.866],[77.222,23.85],[77.212,23.843],[77.222,23.835],[77.222,23.821],[77.211,23.802],[77.214,23.79],[77.203,23.779],[77.202,23.768],[77.185,23.715],[77.17,23.687],[77.144,23.655],[77.139,23.641],[77.143,23.629],[77.156,23.611],[77.149,23.599],[77.153,23.582],[77.15,23.574],[77.138,23.572],[77.118,23.55],[77.109,23.522],[77.097,23.511],[77.069,23.494],[77.052,23.481],[77.03,23.453],[77.019,23.407],[76.997,23.399],[77,23.386],[76.998,23.357],[76.99,23.348],[76.987,23.31],[76.995,23.297],[76.994,23.285],[76.981,23.276],[76.973,23.26],[76.958,23.251],[76.953,23.242],[76.934,23.231],[76.91,23.231],[76.905,23.212],[76.894,23.206],[76.9,23.173],[76.895,23.145],[76.899,23.133],[76.882,23.117],[76.866,23.115],[76.864,23.105],[76.83,23.113],[76.827,23.124],[76.808,23.124],[76.791,23.15],[76.772,23.156],[76.775,23.172],[76.75,23.181],[76.745,23.173],[76.754,23.154],[76.747,23.142],[76.734,23.142],[76.724,23.157],[76.701,23.157],[76.698,23.174],[76.688,23.192],[76.658,23.186],[76.654,23.198],[76.632,23.196],[76.633,23.166],[76.628,23.137],[76.615,23.137],[76.592,23.116],[76.59,23.11],[76.558,23.117],[76.559,23.123],[76.538,23.129],[76.524,23.113],[76.502,23.115],[76.495,23.095],[76.519,23.088],[76.516,23.073],[76.491,23.074],[76.482,23.084],[76.451,23.089],[76.448,23.076],[76.462,23.071],[76.46,23.047],[76.449,23.024],[76.461,23.018],[76.463,22.996],[76.447,22.991],[76.458,22.974],[76.473,22.97],[76.452,22.929],[76.463,22.916],[76.464,22.902],[76.491,22.896],[76.501,22.889],[76.496,22.879],[76.509,22.866],[76.521,22.862],[76.527,22.837],[76.52,22.818],[76.529,22.796],[76.54,22.801],[76.558,22.78],[76.577,22.767],[76.581,22.773],[76.598,22.783],[76.605,22.781],[76.613,22.791],[76.626,22.798],[76.65,22.798],[76.648,22.79],[76.677,22.785],[76.68,22.791],[76.705,22.794],[76.705,22.811],[76.694,22.811],[76.693,22.821],[76.714,22.826],[76.715,22.814],[76.732,22.818],[76.746,22.827],[76.754,22.818],[76.779,22.833],[76.789,22.834],[76.799,22.845],[76.827,22.868],[76.84,22.865],[76.857,22.872],[76.864,22.886],[76.872,22.872],[76.88,22.884],[76.897,22.878],[76.918,22.861],[76.925,22.874],[76.947,22.879],[76.959,22.864],[76.977,22.876],[76.988,22.878],[77,22.868],[77.001,22.844],[77.006,22.834],[77.005,22.82],[77.01,22.796],[77.024,22.785],[77.028,22.767],[77.017,22.756],[77.02,22.737],[77.036,22.732],[77.041,22.701],[77.029,22.696],[77.041,22.672],[77.055,22.682],[77.06,22.669],[77.088,22.654],[77.084,22.64],[77.085,22.626],[77.098,22.618],[77.104,22.609],[77.119,22.6],[77.128,22.579],[77.12,22.568],[77.124,22.559],[77.152,22.583],[77.165,22.585],[77.206,22.572],[77.207,22.569],[77.215,22.571],[77.247,22.6],[77.268,22.608],[77.276,22.595],[77.283,22.573],[77.295,22.564],[77.318,22.562],[77.339,22.572],[77.35,22.599],[77.37,22.612],[77.388,22.609],[77.419,22.624],[77.434,22.626],[77.454,22.646],[77.481,22.647],[77.492,22.643],[77.505,22.648],[77.516,22.661],[77.528,22.667],[77.566,22.668],[77.58,22.676],[77.588,22.687],[77.59,22.699],[77.619,22.742],[77.635,22.744],[77.656,22.73],[77.672,22.734],[77.68,22.75],[77.689,22.76],[77.707,22.762],[77.734,22.755],[77.776,22.787],[77.779,22.802],[77.794,22.831],[77.822,22.844],[77.841,22.861],[77.853,22.862],[77.868,22.855],[77.861,22.835],[77.87,22.82],[77.881,22.82],[77.907,22.843],[77.919,22.848],[77.93,22.835],[77.925,22.824],[77.909,22.807],[77.912,22.789],[77.908,22.775],[77.91,22.766],[77.928,22.76],[77.94,22.77],[77.943,22.787],[77.939,22.8],[77.966,22.816],[77.998,22.818],[78.029,22.803],[78.043,22.805],[78.055,22.811],[78.072,22.811],[78.103,22.79],[78.119,22.794],[78.126,22.805],[78.127,22.83],[78.137,22.845],[78.162,22.864],[78.181,22.87],[78.192,22.887],[78.214,22.892],[78.227,22.874],[78.239,22.867],[78.26,22.875],[78.281,22.868],[78.294,22.88],[78.305,22.899],[78.325,22.918],[78.346,22.918],[78.362,22.925],[78.386,22.946],[78.396,22.962],[78.424,22.973],[78.442,22.985],[78.464,23.004],[78.494,23.007],[78.545,23.017],[78.567,23.016],[78.586,23.011],[78.605,23.017],[78.623,23.031],[78.637,23.025],[78.652,23.026],[78.669,23.038],[78.693,23.037],[78.726,23.044],[78.752,23.074],[78.764,23.078],[78.781,23.09],[78.796,23.092],[78.803,23.111],[78.791,23.115],[78.791,23.128],[78.802,23.149],[78.804,23.166],[78.802,23.181],[78.806,23.198],[78.814,23.211],[78.814,23.224],[78.807,23.236],[78.791,23.246],[78.757,23.248],[78.759,23.267],[78.764,23.285],[78.77,23.295],[78.75,23.311],[78.719,23.351],[78.705,23.354],[78.678,23.346],[78.664,23.333],[78.642,23.346],[78.63,23.364],[78.627,23.402],[78.623,23.418],[78.6,23.423],[78.609,23.437],[78.633,23.45],[78.654,23.444],[78.662,23.449],[78.67,23.467],[78.667,23.478],[78.679,23.494],[78.694,23.5],[78.702,23.515],[78.713,23.518],[78.719,23.533],[78.735,23.531],[78.743,23.554],[78.738,23.576],[78.698,23.575],[78.685,23.564],[78.673,23.561],[78.651,23.562],[78.639,23.548],[78.623,23.552],[78.616,23.547],[78.594,23.547],[78.576,23.553],[78.571,23.564],[78.544,23.559],[78.533,23.551],[78.517,23.55],[78.514,23.538],[78.504,23.532],[78.501,23.545],[78.506,23.556],[78.5,23.588],[78.515,23.612],[78.508,23.63],[78.515,23.649],[78.478,23.64],[78.466,23.661],[78.469,23.669],[78.455,23.688],[78.444,23.699],[78.444,23.715],[78.436,23.728],[78.433,23.744],[78.419,23.738],[78.4,23.742],[78.385,23.737],[78.38,23.728],[78.369,23.726],[78.355,23.702],[78.359,23.691],[78.346,23.68],[78.36,23.673],[78.378,23.69],[78.383,23.71],[78.395,23.712],[78.4,23.731],[78.413,23.731],[78.43,23.716],[78.409,23.7],[78.411,23.686],[78.428,23.68],[78.427,23.674],[78.409,23.67],[78.4,23.664],[78.415,23.645],[78.399,23.632],[78.391,23.635],[78.377,23.654],[78.362,23.65],[78.338,23.66],[78.339,23.675],[78.324,23.692],[78.312,23.688],[78.29,23.695],[78.3,23.678],[78.293,23.674],[78.283,23.653],[78.276,23.628],[78.277,23.611],[78.268,23.596],[78.242,23.581],[78.239,23.563],[78.226,23.557],[78.231,23.547],[78.222,23.529],[78.212,23.525],[78.197,23.536],[78.181,23.526],[78.165,23.526],[78.152,23.519],[78.134,23.516],[78.131,23.509],[78.135,23.483],[78.128,23.475],[78.103,23.467],[78.102,23.459],[78.086,23.45],[78.053,23.458],[78.042,23.469],[78.015,23.474],[77.998,23.462],[77.993,23.426],[78.005,23.414],[78.037,23.402],[78.048,23.401],[78.057,23.384],[78.05,23.368],[78.038,23.362],[78.022,23.345],[78.008,23.351],[78.005,23.36],[77.977,23.365],[77.961,23.372],[77.957,23.388],[77.958,23.415],[77.938,23.424],[77.915,23.452],[77.904,23.453],[77.884,23.448],[77.879,23.442],[77.843,23.447],[77.838,23.455],[77.811,23.461],[77.801,23.477],[77.778,23.489],[77.776,23.498],[77.76,23.509],[77.765,23.519],[77.748,23.523],[77.735,23.535],[77.722,23.522],[77.704,23.519],[77.693,23.531],[77.683,23.518],[77.673,23.518],[77.654,23.538],[77.641,23.546],[77.629,23.546],[77.626,23.533],[77.631,23.523],[77.648,23.511],[77.653,23.502],[77.651,23.478],[77.626,23.464],[77.607,23.476],[77.601,23.486],[77.571,23.489],[77.568,23.501],[77.545,23.498],[77.524,23.503],[77.522,23.518],[77.507,23.541],[77.509,23.573],[77.513,23.581],[77.528,23.583],[77.56,23.601],[77.58,23.653],[77.611,23.663],[77.632,23.662],[77.651,23.698],[77.65,23.718],[77.629,23.713],[77.618,23.717],[77.62,23.726],[77.605,23.731],[77.614,23.747],[77.589,23.758],[77.574,23.769],[77.561,23.759],[77.55,23.758],[77.538,23.764],[77.516,23.767],[77.507,23.777],[77.471,23.76],[77.457,23.765],[77.456,23.773],[77.435,23.791],[77.431,23.804],[77.418,23.805],[77.408,23.829],[77.4,23.84],[77.401,23.851],[77.384,23.861],[77.375,23.884],[77.337,23.893],[77.319,23.894]]]}},
{"type":"Feature","properties":{"name":"Bihar","std":"Bihar","kind":"state","covers":["Bihar","Jharkhand","West Bengal"],"part":"A"},"geometry":{"type":"Polygon","coordinates":[[[87.038,26.561],[87.016,26.534],[87,26.527],[86.987,26.528],[86.978,26.519],[86.964,26.522],[86.933,26.512],[86.932,26.488],[86.896,26.487],[86.893,26.481],[86.897,26.462],[86.866,26.455],[86.843,26.44],[86.823,26.44],[86.795,26.448],[86.773,26.458],[86.763,26.446],[86.755,26.447],[86.747,26.432],[86.735,26.424],[86.725,26.431],[86.699,26.442],[86.693,26.451],[86.635,26.467],[86.618,26.486],[86.573,26.498],[86.556,26.515],[86.551,26.531],[86.538,26.541],[86.501,26.542],[86.455,26.569],[86.428,26.575],[86.398,26.586],[86.396,26.595],[86.359,26.604],[86.343,26.606],[86.346,26.617],[86.311,26.62],[86.297,26.613],[86.273,26.616],[86.256,26.613],[86.237,26.597],[86.222,26.59],[86.201,26.594],[86.195,26.615],[86.162,26.614],[86.144,26.604],[86.139,26.629],[86.127,26.628],[86.077,26.65],[86.072,26.659],[86.03,26.666],[86.015,26.656],[85.996,26.655],[85.976,26.659],[85.957,26.65],[85.952,26.627],[85.944,26.616],[85.912,26.609],[85.902,26.602],[85.888,26.586],[85.876,26.582],[85.858,26.57],[85.848,26.572],[85.857,26.591],[85.852,26.608],[85.831,26.613],[85.83,26.603],[85.819,26.603],[85.806,26.613],[85.802,26.625],[85.769,26.632],[85.742,26.645],[85.736,26.665],[85.724,26.681],[85.727,26.724],[85.735,26.738],[85.73,26.748],[85.736,26.778],[85.736,26.795],[85.727,26.807],[85.726,26.817],[85.706,26.831],[85.678,26.845],[85.644,26.853],[85.637,26.872],[85.624,26.874],[85.609,26.857],[85.588,26.848],[85.576,26.86],[85.567,26.841],[85.555,26.834],[85.545,26.837],[85.523,26.813],[85.507,26.815],[85.498,26.808],[85.496,26.797],[85.48,26.802],[85.475,26.789],[85.455,26.781],[85.438,26.789],[85.426,26.786],[85.409,26.791],[85.404,26.781],[85.388,26.775],[85.372,26.758],[85.362,26.763],[85.337,26.741],[85.308,26.752],[85.296,26.752],[85.258,26.756],[85.236,26.763],[85.217,26.758],[85.209,26.76],[85.194,26.78],[85.196,26.789],[85.185,26.798],[85.179,26.815],[85.192,26.83],[85.196,26.869],[85.165,26.868],[85.105,26.871],[85.087,26.854],[85.067,26.85],[85.046,26.851],[85.027,26.856],[85.033,26.874],[85.047,26.88],[85.054,26.889],[85.011,26.894],[85.002,26.916],[84.971,26.92],[84.979,26.945],[84.962,26.963],[84.932,26.972],[84.901,26.973],[84.894,26.979],[84.855,26.996],[84.858,27.008],[84.829,27.021],[84.819,27.018],[84.805,27.001],[84.793,26.998],[84.792,27.008],[84.778,27.018],[84.769,27.013],[84.763,27],[84.751,27.008],[84.702,27.029],[84.679,27.034],[84.646,27.047],[84.651,27.073],[84.671,27.091],[84.679,27.105],[84.675,27.11],[84.686,27.142],[84.688,27.155],[84.678,27.171],[84.686,27.181],[84.686,27.203],[84.691,27.223],[84.676,27.256],[84.643,27.314],[84.626,27.337],[84.607,27.338],[84.566,27.349],[84.527,27.352],[84.487,27.36],[84.472,27.355],[84.46,27.363],[84.424,27.371],[84.393,27.369],[84.383,27.375],[84.369,27.373],[84.341,27.375],[84.304,27.391],[84.294,27.385],[84.277,27.397],[84.279,27.404],[84.272,27.429],[84.26,27.435],[84.255,27.45],[84.241,27.452],[84.213,27.449],[84.211,27.467],[84.19,27.47],[84.155,27.487],[84.15,27.501],[84.154,27.519],[84.134,27.512],[84.124,27.512],[84.117,27.521],[84.102,27.514],[84.102,27.498],[84.088,27.486],[84.07,27.481],[84.063,27.454],[84.026,27.435],[84.001,27.445],[83.984,27.438],[83.967,27.445],[83.95,27.441],[83.936,27.449],[83.915,27.44],[83.869,27.437],[83.856,27.445],[83.845,27.442],[83.835,27.428],[83.837,27.422],[83.857,27.406],[83.865,27.393],[83.879,27.386],[83.886,27.376],[83.881,27.362],[83.867,27.345],[83.859,27.332],[83.839,27.324],[83.865,27.308],[83.883,27.313],[83.898,27.323],[83.918,27.327],[83.934,27.313],[83.936,27.301],[83.929,27.289],[83.908,27.276],[83.906,27.265],[83.912,27.249],[83.935,27.239],[83.958,27.235],[83.972,27.225],[83.97,27.214],[83.989,27.197],[83.995,27.179],[83.978,27.162],[83.961,27.138],[83.964,27.129],[83.951,27.117],[83.948,27.104],[83.951,27.087],[83.965,27.083],[84.007,27.095],[84.021,27.102],[84.031,27.092],[84.015,27.069],[84.001,27.068],[84.005,27.058],[84.034,27.042],[84.051,27.042],[84.045,27.016],[84.059,26.988],[84.051,26.965],[84.056,26.959],[84.045,26.946],[84.057,26.929],[84.057,26.903],[84.062,26.889],[84.086,26.876],[84.102,26.875],[84.111,26.891],[84.132,26.89],[84.14,26.882],[84.141,26.853],[84.16,26.837],[84.178,26.832],[84.187,26.84],[84.186,26.851],[84.206,26.858],[84.219,26.868],[84.238,26.867],[84.255,26.856],[84.262,26.842],[84.261,26.828],[84.252,26.819],[84.262,26.806],[84.258,26.79],[84.245,26.764],[84.234,26.754],[84.252,26.728],[84.276,26.739],[84.288,26.749],[84.307,26.751],[84.32,26.731],[84.328,26.714],[84.335,26.682],[84.376,26.676],[84.411,26.669],[84.417,26.636],[84.424,26.625],[84.388,26.619],[84.38,26.613],[84.36,26.618],[84.335,26.613],[84.306,26.613],[84.304,26.604],[84.289,26.604],[84.281,26.597],[84.268,26.605],[84.238,26.611],[84.211,26.622],[84.177,26.622],[84.158,26.625],[84.161,26.636],[84.115,26.635],[84.09,26.638],[84.089,26.621],[84.094,26.608],[84.088,26.592],[84.08,26.587],[84.059,26.559],[84.058,26.548],[84.057,26.541],[84.01,26.522],[83.983,26.529],[83.975,26.509],[83.955,26.507],[83.955,26.516],[83.94,26.522],[83.911,26.515],[83.916,26.504],[83.911,26.448],[83.955,26.435],[83.993,26.432],[84,26.445],[84.025,26.439],[84.026,26.429],[84.045,26.405],[84.064,26.4],[84.071,26.388],[84.086,26.381],[84.09,26.387],[84.126,26.383],[84.163,26.374],[84.18,26.372],[84.176,26.358],[84.176,26.336],[84.191,26.315],[84.18,26.301],[84.177,26.271],[84.166,26.259],[84.162,26.243],[84.15,26.255],[84.122,26.26],[84.119,26.239],[84.101,26.238],[84.083,26.222],[84.043,26.23],[84.04,26.237],[84.014,26.232],[84.017,26.223],[84.033,26.217],[84.028,26.207],[84.011,26.188],[84.012,26.176],[84.023,26.165],[84.037,26.161],[84.027,26.143],[84.051,26.129],[84.051,26.109],[84.058,26.097],[84.09,26.097],[84.1,26.094],[84.125,26.073],[84.137,26.053],[84.145,26.045],[84.176,26.023],[84.181,25.997],[84.201,25.987],[84.21,25.998],[84.249,25.981],[84.253,25.975],[84.273,25.965],[84.3,25.946],[84.322,25.946],[84.36,25.957],[84.395,25.936],[84.417,25.929],[84.418,25.923],[84.433,25.896],[84.44,25.891],[84.459,25.888],[84.475,25.882],[84.494,25.887],[84.515,25.871],[84.537,25.876],[84.535,25.854],[84.535,25.833],[84.553,25.828],[84.555,25.84],[84.58,25.828],[84.596,25.818],[84.629,25.791],[84.629,25.771],[84.618,25.776],[84.609,25.759],[84.623,25.751],[84.635,25.74],[84.639,25.727],[84.621,25.729],[84.604,25.738],[84.564,25.735],[84.567,25.72],[84.567,25.699],[84.561,25.682],[84.54,25.691],[84.525,25.676],[84.514,25.681],[84.497,25.676],[84.498,25.689],[84.475,25.684],[84.472,25.697],[84.457,25.713],[84.433,25.71],[84.432,25.693],[84.41,25.698],[84.409,25.715],[84.402,25.727],[84.39,25.733],[84.397,25.743],[84.388,25.747],[84.378,25.734],[84.363,25.742],[84.34,25.743],[84.334,25.735],[84.332,25.702],[84.327,25.67],[84.307,25.67],[84.298,25.661],[84.225,25.662],[84.208,25.671],[84.203,25.702],[84.176,25.72],[84.157,25.724],[84.116,25.722],[84.091,25.711],[84.078,25.694],[84.088,25.651],[84.085,25.636],[84.037,25.621],[84.023,25.614],[83.953,25.565],[83.929,25.56],[83.901,25.524],[83.881,25.518],[83.88,25.501],[83.873,25.489],[83.863,25.483],[83.86,25.472],[83.842,25.461],[83.819,25.464],[83.819,25.452],[83.842,25.448],[83.847,25.435],[83.829,25.436],[83.811,25.431],[83.814,25.423],[83.805,25.406],[83.791,25.397],[83.772,25.397],[83.77,25.386],[83.758,25.39],[83.756,25.402],[83.718,25.393],[83.712,25.384],[83.685,25.38],[83.695,25.368],[83.665,25.362],[83.652,25.352],[83.651,25.339],[83.64,25.34],[83.628,25.327],[83.619,25.331],[83.592,25.323],[83.581,25.316],[83.56,25.312],[83.543,25.313],[83.54,25.303],[83.516,25.284],[83.5,25.285],[83.489,25.28],[83.48,25.263],[83.469,25.25],[83.451,25.257],[83.442,25.252],[83.418,25.247],[83.41,25.228],[83.397,25.205],[83.369,25.194],[83.358,25.197],[83.352,25.185],[83.356,25.177],[83.352,25.157],[83.362,25.147],[83.36,25.129],[83.366,25.126],[83.362,25.108],[83.348,25.11],[83.346,25.086],[83.34,25.081],[83.336,25.059],[83.338,25.049],[83.325,25.036],[83.328,25.014],[83.352,25.009],[83.354,24.99],[83.349,24.977],[83.352,24.962],[83.365,24.954],[83.366,24.912],[83.36,24.901],[83.372,24.879],[83.362,24.869],[83.376,24.862],[83.391,24.839],[83.398,24.831],[83.404,24.809],[83.395,24.783],[83.419,24.774],[83.442,24.755],[83.449,24.743],[83.461,24.732],[83.488,24.736],[83.491,24.73],[83.489,24.704],[83.498,24.704],[83.521,24.678],[83.507,24.667],[83.505,24.65],[83.524,24.642],[83.529,24.629],[83.547,24.626],[83.542,24.614],[83.533,24.612],[83.525,24.602],[83.533,24.584],[83.533,24.566],[83.525,24.548],[83.501,24.541],[83.506,24.526],[83.47,24.517],[83.434,24.512],[83.408,24.505],[83.401,24.5],[83.4,24.479],[83.389,24.454],[83.398,24.436],[83.409,24.436],[83.407,24.411],[83.438,24.403],[83.448,24.386],[83.451,24.372],[83.442,24.346],[83.431,24.338],[83.411,24.336],[83.383,24.312],[83.388,24.299],[83.404,24.292],[83.411,24.275],[83.41,24.265],[83.399,24.244],[83.389,24.239],[83.385,24.23],[83.386,24.2],[83.365,24.156],[83.357,24.126],[83.347,24.11],[83.331,24.101],[83.353,24.096],[83.365,24.101],[83.391,24.099],[83.4,24.094],[83.408,24.081],[83.433,24.083],[83.441,24.054],[83.455,24.042],[83.487,24.038],[83.517,24.025],[83.524,24.01],[83.515,24.001],[83.515,23.979],[83.52,23.967],[83.547,23.933],[83.545,23.914],[83.55,23.898],[83.557,23.892],[83.578,23.89],[83.581,23.877],[83.565,23.869],[83.569,23.863],[83.589,23.862],[83.608,23.853],[83.638,23.847],[83.657,23.848],[83.664,23.843],[83.666,23.828],[83.68,23.82],[83.69,23.826],[83.703,23.821],[83.703,23.807],[83.718,23.789],[83.72,23.772],[83.737,23.755],[83.737,23.732],[83.742,23.714],[83.74,23.705],[83.723,23.69],[83.722,23.683],[83.736,23.667],[83.751,23.659],[83.76,23.649],[83.75,23.641],[83.755,23.627],[83.772,23.622],[83.782,23.6],[83.794,23.598],[83.814,23.583],[83.829,23.585],[83.89,23.573],[83.906,23.572],[83.943,23.563],[83.937,23.594],[83.939,23.612],[83.945,23.623],[83.97,23.627],[83.983,23.631],[84.014,23.633],[84.009,23.621],[84.028,23.601],[84.031,23.588],[84.032,23.566],[84.03,23.545],[84.02,23.521],[84.016,23.5],[84.005,23.494],[83.992,23.476],[83.986,23.461],[83.977,23.448],[83.987,23.427],[83.983,23.408],[83.975,23.394],[83.974,23.375],[83.99,23.36],[84.014,23.354],[84.028,23.376],[84.051,23.375],[84.057,23.353],[84.077,23.331],[84.067,23.309],[84.071,23.293],[84.058,23.242],[84.059,23.222],[84.065,23.209],[84.063,23.197],[84.051,23.186],[84.041,23.169],[84.036,23.155],[84.041,23.14],[84.06,23.126],[84.074,23.108],[84.095,23.111],[84.112,23.1],[84.12,23.088],[84.134,23.086],[84.138,23.065],[84.13,23.046],[84.132,23.032],[84.151,22.99],[84.155,22.965],[84.175,22.972],[84.178,22.979],[84.176,22.996],[84.186,23.024],[84.197,23.025],[84.207,23.017],[84.204,23.006],[84.224,22.978],[84.244,22.982],[84.258,22.973],[84.276,22.981],[84.286,22.963],[84.314,22.969],[84.325,22.978],[84.339,22.981],[84.377,22.977],[84.385,22.963],[84.385,22.954],[84.396,22.94],[84.393,22.919],[84.378,22.903],[84.384,22.899],[84.383,22.875],[84.377,22.866],[84.365,22.862],[84.336,22.861],[84.327,22.851],[84.325,22.819],[84.317,22.801],[84.297,22.789],[84.295,22.773],[84.267,22.767],[84.232,22.737],[84.239,22.691],[84.235,22.679],[84.222,22.667],[84.204,22.666],[84.187,22.652],[84.172,22.647],[84.157,22.636],[84.114,22.639],[84.101,22.635],[84.087,22.638],[84.055,22.596],[84.028,22.589],[84.025,22.581],[84.012,22.571],[84.006,22.541],[84.012,22.532],[84.01,22.523],[84.026,22.523],[84.04,22.514],[84.065,22.512],[84.086,22.491],[84.107,22.482],[84.113,22.476],[84.136,22.476],[84.144,22.469],[84.14,22.448],[84.143,22.423],[84.159,22.403],[84.19,22.386],[84.201,22.374],[84.253,22.376],[84.273,22.35],[84.296,22.34],[84.331,22.341],[84.341,22.345],[84.366,22.348],[84.379,22.352],[84.401,22.346],[84.433,22.355],[84.434,22.367],[84.455,22.382],[84.462,22.378],[84.48,22.385],[84.481,22.404],[84.509,22.418],[84.528,22.417],[84.533,22.423],[84.55,22.42],[84.579,22.426],[84.639,22.431],[84.668,22.417],[84.676,22.419],[84.698,22.415],[84.733,22.419],[84.75,22.417],[84.759,22.445],[84.808,22.446],[84.819,22.434],[84.842,22.43],[84.846,22.437],[84.862,22.435],[84.884,22.445],[84.887,22.42],[84.914,22.422],[84.926,22.429],[84.924,22.437],[84.938,22.442],[84.959,22.456],[84.967,22.447],[85.001,22.461],[85.007,22.461],[85.038,22.473],[85.058,22.482],[85.069,22.481],[85.08,22.476],[85.078,22.459],[85.063,22.448],[85.069,22.439],[85.07,22.426],[85.081,22.416],[85.09,22.381],[85.081,22.364],[85.08,22.352],[85.089,22.344],[85.099,22.344],[85.092,22.32],[85.102,22.316],[85.12,22.317],[85.121,22.294],[85.112,22.294],[85.077,22.275],[85.081,22.254],[85.075,22.247],[85.076,22.234],[85.065,22.209],[85.053,22.189],[85.054,22.178],[85.032,22.157],[85.038,22.141],[85.03,22.115],[85.026,22.112],[84.987,22.095],[84.994,22.08],[85.009,22.083],[85.026,22.107],[85.034,22.105],[85.05,22.114],[85.076,22.111],[85.105,22.1],[85.106,22.088],[85.115,22.084],[85.125,22.07],[85.147,22.077],[85.171,22.069],[85.185,22.068],[85.19,22.059],[85.217,22.047],[85.221,22.041],[85.221,22.014],[85.237,22.004],[85.247,22.016],[85.272,22.064],[85.28,22.084],[85.306,22.111],[85.322,22.119],[85.329,22.129],[85.352,22.131],[85.368,22.128],[85.364,22.142],[85.369,22.158],[85.392,22.156],[85.401,22.162],[85.416,22.16],[85.463,22.139],[85.492,22.12],[85.512,22.115],[85.542,22.098],[85.546,22.09],[85.56,22.095],[85.588,22.085],[85.597,22.078],[85.637,22.085],[85.651,22.094],[85.678,22.064],[85.678,22.055],[85.687,22.053],[85.694,22.06],[85.728,22.062],[85.752,22.074],[85.764,22.089],[85.779,22.094],[85.797,22.104],[85.808,22.115],[85.821,22.106],[85.821,22.097],[85.837,22.081],[85.82,22.074],[85.794,22.081],[85.776,22.055],[85.785,22.04],[85.781,22.032],[85.765,22.019],[85.762,22.012],[85.767,21.994],[85.79,21.983],[85.807,21.986],[85.821,21.984],[85.828,21.974],[85.846,21.981],[85.877,21.979],[85.9,21.982],[85.909,21.971],[85.919,22.001],[85.918,22.009],[85.935,22.023],[85.948,22.023],[85.981,22.076],[85.985,22.087],[86.008,22.117],[86,22.136],[86.005,22.149],[86.017,22.162],[86.021,22.177],[86.032,22.189],[86.023,22.203],[85.999,22.219],[85.976,22.247],[85.991,22.261],[85.991,22.271],[86.003,22.279],[86.006,22.288],[86.024,22.308],[86.012,22.32],[86.026,22.333],[85.999,22.342],[86.012,22.352],[86.023,22.366],[86.027,22.385],[86.015,22.428],[85.999,22.426],[85.969,22.449],[85.959,22.459],[85.967,22.482],[85.973,22.486],[85.975,22.503],[85.987,22.513],[86.002,22.512],[86.034,22.538],[86.024,22.547],[86.044,22.567],[86.068,22.552],[86.075,22.546],[86.097,22.513],[86.107,22.494],[86.118,22.486],[86.126,22.489],[86.152,22.483],[86.179,22.48],[86.202,22.471],[86.208,22.474],[86.226,22.453],[86.234,22.453],[86.271,22.443],[86.285,22.449],[86.293,22.429],[86.306,22.419],[86.308,22.409],[86.323,22.394],[86.331,22.377],[86.345,22.37],[86.358,22.355],[86.358,22.349],[86.381,22.341],[86.396,22.329],[86.417,22.319],[86.43,22.31],[86.445,22.31],[86.444,22.327],[86.464,22.326],[86.474,22.336],[86.484,22.338],[86.489,22.348],[86.505,22.345],[86.513,22.328],[86.529,22.322],[86.53,22.307],[86.545,22.308],[86.557,22.299],[86.584,22.302],[86.595,22.286],[86.621,22.28],[86.632,22.271],[86.64,22.273],[86.651,22.265],[86.653,22.24],[86.675,22.241],[86.675,22.234],[86.687,22.224],[86.728,22.219],[86.753,22.212],[86.796,22.222],[86.805,22.218],[86.815,22.242],[86.798,22.243],[86.801,22.254],[86.825,22.265],[86.855,22.263],[86.863,22.258],[86.891,22.256],[86.893,22.285],[86.89,22.301],[86.878,22.303],[86.834,22.328],[86.834,22.345],[86.846,22.373],[86.843,22.382],[86.849,22.4],[86.836,22.41],[86.81,22.42],[86.769,22.427],[86.757,22.454],[86.75,22.474],[86.758,22.484],[86.794,22.478],[86.803,22.488],[86.796,22.497],[86.795,22.524],[86.788,22.528],[86.789,22.548],[86.77,22.554],[86.773,22.564],[86.761,22.578],[86.733,22.578],[86.711,22.584],[86.678,22.576],[86.657,22.579],[86.654,22.595],[86.64,22.601],[86.638,22.613],[86.642,22.634],[86.642,22.658],[86.623,22.677],[86.597,22.692],[86.586,22.692],[86.56,22.711],[86.567,22.726],[86.595,22.763],[86.604,22.783],[86.6,22.798],[86.612,22.799],[86.61,22.806],[86.62,22.826],[86.636,22.826],[86.657,22.838],[86.662,22.849],[86.68,22.862],[86.689,22.863],[86.705,22.872],[86.709,22.888],[86.708,22.901],[86.692,22.93],[86.703,22.951],[86.711,22.957],[86.721,22.992],[86.733,23.026],[86.723,23.033],[86.735,23.042],[86.728,23.051],[86.741,23.075],[86.745,23.094],[86.741,23.101],[86.724,23.104],[86.716,23.121],[86.725,23.136],[86.725,23.151],[86.735,23.168],[86.748,23.166],[86.753,23.176],[86.754,23.198],[86.776,23.202],[86.785,23.208],[86.775,23.231],[86.779,23.279],[86.773,23.291],[86.784,23.299],[86.778,23.31],[86.784,23.342],[86.803,23.344],[86.806,23.361],[86.829,23.366],[86.829,23.385],[86.842,23.382],[86.847,23.401],[86.84,23.407],[86.844,23.42],[86.859,23.435],[86.849,23.442],[86.84,23.438],[86.82,23.437],[86.817,23.451],[86.82,23.467],[86.861,23.466],[86.864,23.488],[86.875,23.497],[86.897,23.493],[86.886,23.517],[86.887,23.536],[86.875,23.542],[86.878,23.556],[86.871,23.575],[86.882,23.576],[86.888,23.626],[86.899,23.64],[86.89,23.653],[86.86,23.66],[86.85,23.678],[86.822,23.685],[86.801,23.695],[86.796,23.7],[86.81,23.742],[86.822,23.747],[86.825,23.763],[86.822,23.778],[86.803,23.8],[86.807,23.815],[86.798,23.833],[86.812,23.83],[86.815,23.816],[86.826,23.813],[86.85,23.824],[86.866,23.844],[86.877,23.846],[86.879,23.829],[86.893,23.824],[86.886,23.844],[86.888,23.858],[86.881,23.864],[86.901,23.882],[86.912,23.881],[86.93,23.868],[86.931,23.856],[86.949,23.845],[86.961,23.851],[86.969,23.867],[86.986,23.858],[87.008,23.854],[87.028,23.842],[87.04,23.839],[87.062,23.818],[87.09,23.807],[87.101,23.811],[87.111,23.801],[87.129,23.797],[87.144,23.802],[87.154,23.796],[87.172,23.821],[87.159,23.828],[87.136,23.853],[87.133,23.864],[87.141,23.87],[87.172,23.862],[87.182,23.854],[87.193,23.859],[87.2,23.844],[87.213,23.855],[87.228,23.859],[87.241,23.855],[87.229,23.845],[87.225,23.829],[87.234,23.825],[87.251,23.83],[87.26,23.841],[87.251,23.858],[87.248,23.887],[87.25,23.902],[87.258,23.912],[87.265,23.904],[87.27,23.877],[87.298,23.892],[87.3,23.9],[87.29,23.936],[87.297,23.941],[87.297,23.957],[87.283,23.959],[87.265,23.972],[87.273,23.986],[87.267,23.997],[87.251,24],[87.238,24.026],[87.24,24.039],[87.249,24.044],[87.288,24.029],[87.295,24.032],[87.319,24.034],[87.338,24.033],[87.338,24.019],[87.329,24.019],[87.321,24.006],[87.325,24.001],[87.343,23.997],[87.355,23.999],[87.362,24.011],[87.395,24.004],[87.399,23.998],[87.424,23.991],[87.444,23.98],[87.463,23.995],[87.447,24.005],[87.444,24.014],[87.454,24.018],[87.477,24.013],[87.506,24.024],[87.514,24.036],[87.513,24.047],[87.496,24.054],[87.511,24.084],[87.495,24.087],[87.501,24.099],[87.502,24.117],[87.526,24.106],[87.544,24.089],[87.565,24.085],[87.575,24.089],[87.574,24.108],[87.583,24.112],[87.587,24.125],[87.61,24.128],[87.61,24.134],[87.591,24.149],[87.574,24.157],[87.585,24.163],[87.605,24.162],[87.615,24.166],[87.633,24.165],[87.646,24.157],[87.662,24.157],[87.685,24.15],[87.695,24.151],[87.702,24.177],[87.68,24.197],[87.676,24.207],[87.658,24.208],[87.643,24.213],[87.648,24.232],[87.641,24.244],[87.647,24.251],[87.659,24.238],[87.667,24.246],[87.686,24.248],[87.69,24.254],[87.711,24.269],[87.715,24.294],[87.732,24.288],[87.741,24.29],[87.757,24.306],[87.769,24.324],[87.766,24.335],[87.787,24.362],[87.795,24.378],[87.803,24.384],[87.803,24.401],[87.793,24.413],[87.797,24.425],[87.793,24.433],[87.808,24.451],[87.82,24.453],[87.823,24.47],[87.814,24.478],[87.817,24.5],[87.804,24.493],[87.806,24.519],[87.803,24.54],[87.811,24.546],[87.801,24.564],[87.783,24.573],[87.791,24.583],[87.814,24.577],[87.828,24.568],[87.83,24.561],[87.853,24.552],[87.871,24.562],[87.892,24.564],[87.897,24.581],[87.911,24.585],[87.915,24.595],[87.913,24.609],[87.907,24.614],[87.917,24.663],[87.9,24.67],[87.891,24.679],[87.902,24.692],[87.901,24.703],[87.908,24.716],[87.906,24.723],[87.892,24.726],[87.883,24.74],[87.873,24.73],[87.845,24.739],[87.837,24.747],[87.819,24.754],[87.823,24.767],[87.839,24.767],[87.855,24.762],[87.871,24.775],[87.875,24.792],[87.883,24.802],[87.872,24.822],[87.892,24.821],[87.899,24.83],[87.902,24.855],[87.917,24.857],[87.958,24.878],[87.972,24.882],[87.979,24.897],[87.975,24.924],[87.967,24.937],[87.936,24.963],[87.912,24.987],[87.909,24.999],[87.886,25.021],[87.87,25.041],[87.84,25.058],[87.805,25.072],[87.785,25.088],[87.778,25.1],[87.775,25.128],[87.777,25.153],[87.79,25.2],[87.793,25.221],[87.807,25.219],[87.835,25.205],[87.839,25.214],[87.828,25.235],[87.841,25.25],[87.855,25.254],[87.856,25.268],[87.862,25.278],[87.856,25.298],[87.835,25.304],[87.826,25.313],[87.807,25.324],[87.797,25.323],[87.787,25.339],[87.793,25.355],[87.795,25.373],[87.783,25.371],[87.772,25.378],[87.769,25.396],[87.778,25.415],[87.772,25.425],[87.782,25.429],[87.792,25.449],[87.815,25.435],[87.832,25.446],[87.831,25.458],[87.84,25.465],[87.869,25.466],[87.866,25.478],[87.869,25.494],[87.876,25.503],[87.887,25.506],[87.885,25.516],[87.906,25.508],[87.909,25.519],[87.93,25.536],[87.949,25.535],[87.961,25.538],[87.986,25.516],[87.992,25.503],[88.01,25.494],[88.021,25.501],[88.037,25.486],[88.052,25.483],[88.067,25.486],[88.076,25.481],[88.075,25.513],[88.052,25.535],[88.044,25.547],[88.033,25.554],[88.04,25.566],[88.028,25.583],[88.037,25.588],[88.037,25.599],[88.047,25.606],[88.041,25.617],[88.045,25.628],[88.042,25.641],[88.052,25.645],[88.049,25.674],[88.057,25.686],[88.046,25.698],[88.033,25.699],[88.003,25.712],[87.999,25.719],[87.986,25.719],[87.967,25.725],[87.968,25.73],[87.95,25.744],[87.944,25.759],[87.925,25.774],[87.904,25.772],[87.907,25.78],[87.904,25.799],[87.917,25.815],[87.905,25.82],[87.894,25.833],[87.917,25.852],[87.891,25.865],[87.878,25.86],[87.871,25.868],[87.862,25.865],[87.829,25.872],[87.825,25.882],[87.827,25.894],[87.82,25.9],[87.823,25.913],[87.81,25.921],[87.813,25.93],[87.824,25.933],[87.836,25.936],[87.83,25.947],[87.837,25.962],[87.833,25.984],[87.847,26.02],[87.849,26.044],[87.87,26.056],[87.882,26.056],[87.882,26.066],[87.919,26.091],[87.929,26.072],[87.938,26.069],[87.944,26.084],[87.966,26.084],[87.965,26.109],[87.976,26.109],[87.982,26.122],[87.974,26.125],[87.976,26.154],[87.989,26.159],[88.005,26.14],[88.018,26.155],[88.033,26.163],[88.044,26.178],[88.059,26.172],[88.081,26.181],[88.104,26.206],[88.126,26.228],[88.145,26.231],[88.144,26.244],[88.151,26.253],[88.183,26.262],[88.19,26.275],[88.201,26.274],[88.231,26.289],[88.233,26.304],[88.251,26.316],[88.255,26.326],[88.268,26.338],[88.279,26.33],[88.296,26.351],[88.28,26.377],[88.274,26.381],[88.261,26.374],[88.244,26.375],[88.236,26.39],[88.262,26.416],[88.274,26.422],[88.259,26.434],[88.25,26.449],[88.243,26.449],[88.236,26.447],[88.228,26.467],[88.2,26.472],[88.198,26.483],[88.186,26.494],[88.201,26.508],[88.24,26.532],[88.238,26.552],[88.214,26.535],[88.203,26.543],[88.192,26.544],[88.186,26.537],[88.175,26.537],[88.172,26.521],[88.152,26.511],[88.139,26.512],[88.112,26.539],[88.109,26.525],[88.1,26.509],[88.107,26.49],[88.104,26.475],[88.109,26.465],[88.097,26.454],[88.103,26.446],[88.098,26.434],[88.061,26.399],[88.04,26.385],[88.033,26.377],[88.031,26.355],[88.01,26.355],[87.992,26.373],[87.991,26.393],[87.967,26.398],[87.935,26.418],[87.92,26.432],[87.924,26.447],[87.901,26.449],[87.911,26.458],[87.902,26.477],[87.887,26.476],[87.865,26.468],[87.86,26.463],[87.861,26.447],[87.851,26.436],[87.83,26.44],[87.831,26.45],[87.816,26.46],[87.796,26.468],[87.777,26.451],[87.78,26.434],[87.767,26.409],[87.754,26.408],[87.75,26.418],[87.74,26.419],[87.736,26.408],[87.725,26.412],[87.715,26.427],[87.7,26.429],[87.694,26.436],[87.679,26.436],[87.679,26.416],[87.652,26.406],[87.648,26.393],[87.614,26.391],[87.609,26.381],[87.59,26.382],[87.587,26.394],[87.555,26.405],[87.55,26.419],[87.518,26.43],[87.479,26.44],[87.463,26.44],[87.444,26.433],[87.429,26.421],[87.389,26.419],[87.378,26.408],[87.365,26.403],[87.356,26.386],[87.358,26.361],[87.341,26.348],[87.319,26.364],[87.303,26.367],[87.291,26.374],[87.267,26.374],[87.266,26.408],[87.246,26.415],[87.231,26.414],[87.222,26.406],[87.213,26.413],[87.188,26.414],[87.191,26.405],[87.158,26.406],[87.13,26.423],[87.092,26.452],[87.078,26.537],[87.075,26.541],[87.075,26.577],[87.072,26.586],[87.046,26.587],[87.046,26.573],[87.038,26.561]]]}},
{"type":"Feature","properties":{"name":"Bilaspur","std":"Bilaspur State","kind":"state","covers":["Himachal Pradesh"],"part":"C"},"geometry":{"type":"Polygon","coordinates":[[[76.73,31.585],[76.705,31.599],[76.685,31.593],[76.667,31.583],[76.645,31.587],[76.633,31.576],[76.622,31.573],[76.614,31.547],[76.621,31.528],[76.619,31.515],[76.608,31.491],[76.61,31.47],[76.627,31.445],[76.616,31.431],[76.614,31.419],[76.572,31.432],[76.561,31.429],[76.554,31.442],[76.518,31.468],[76.513,31.46],[76.5,31.469],[76.484,31.471],[76.459,31.486],[76.453,31.483],[76.47,31.459],[76.465,31.446],[76.474,31.44],[76.472,31.424],[76.46,31.422],[76.435,31.411],[76.417,31.413],[76.399,31.427],[76.396,31.408],[76.405,31.395],[76.393,31.389],[76.405,31.376],[76.442,31.322],[76.462,31.303],[76.46,31.287],[76.481,31.307],[76.503,31.271],[76.512,31.27],[76.525,31.28],[76.542,31.267],[76.549,31.252],[76.56,31.253],[76.585,31.277],[76.616,31.248],[76.599,31.237],[76.59,31.223],[76.601,31.213],[76.63,31.226],[76.649,31.21],[76.672,31.215],[76.694,31.217],[76.723,31.23],[76.733,31.24],[76.758,31.229],[76.775,31.227],[76.779,31.22],[76.808,31.23],[76.826,31.225],[76.838,31.232],[76.861,31.219],[76.884,31.224],[76.87,31.246],[76.876,31.262],[76.899,31.268],[76.899,31.278],[76.916,31.284],[76.928,31.302],[76.919,31.314],[76.895,31.319],[76.876,31.331],[76.882,31.34],[76.876,31.354],[76.876,31.367],[76.865,31.381],[76.884,31.388],[76.881,31.412],[76.859,31.413],[76.834,31.422],[76.824,31.418],[76.804,31.423],[76.804,31.44],[76.797,31.446],[76.803,31.457],[76.798,31.476],[76.786,31.484],[76.786,31.502],[76.767,31.52],[76.741,31.518],[76.73,31.547],[76.73,31.585]]]}},
{"type":"Feature","properties":{"name":"Bombay","std":"Bombay State","kind":"state","covers":["Gujarat","Karnataka","Maharashtra"],"part":"A"},"geometry":{"type":"MultiPolygon","coordinates":[[[[72.362,22.375],[72.376,22.385],[72.394,22.382],[72.397,22.373],[72.412,22.358],[72.412,22.35],[72.402,22.328],[72.39,22.317],[72.394,22.307],[72.405,22.31],[72.435,22.301],[72.449,22.276],[72.471,22.243],[72.494,22.242],[72.474,22.201],[72.488,22.197],[72.492,22.207],[72.507,22.231],[72.524,22.245],[72.526,22.269],[72.537,22.274],[72.533,22.252],[72.545,22.244],[72.557,22.259],[72.561,22.25],[72.573,22.255],[72.596,22.273],[72.608,22.279],[72.637,22.284],[72.656,22.279],[72.658,22.27],[72.675,22.25],[72.692,22.237],[72.718,22.236],[72.756,22.231],[72.782,22.245],[72.81,22.265],[72.844,22.282],[72.855,22.272],[72.859,22.255],[72.867,22.243],[72.895,22.246],[72.91,22.261],[72.915,22.278],[72.92,22.261],[72.912,22.245],[72.899,22.232],[72.886,22.231],[72.878,22.224],[72.865,22.226],[72.848,22.237],[72.826,22.241],[72.818,22.248],[72.8,22.239],[72.782,22.213],[72.774,22.194],[72.758,22.174],[72.748,22.173],[72.727,22.182],[72.7,22.185],[72.658,22.213],[72.64,22.218],[72.614,22.217],[72.601,22.213],[72.583,22.202],[72.568,22.186],[72.547,22.15],[72.527,22.078],[72.518,22.03],[72.507,21.994],[72.503,21.959],[72.502,21.935],[72.506,21.925],[72.508,21.898],[72.515,21.891],[72.517,21.879],[72.547,21.878],[72.572,21.882],[72.582,21.886],[72.587,21.9],[72.586,21.919],[72.613,21.944],[72.608,21.928],[72.629,21.909],[72.622,21.9],[72.623,21.887],[72.612,21.861],[72.599,21.849],[72.579,21.827],[72.571,21.824],[72.552,21.792],[72.549,21.773],[72.543,21.762],[72.543,21.743],[72.53,21.729],[72.518,21.706],[72.523,21.696],[72.524,21.68],[72.536,21.666],[72.547,21.658],[72.559,21.659],[72.597,21.681],[72.612,21.682],[72.632,21.679],[72.659,21.678],[72.67,21.683],[72.681,21.68],[72.698,21.682],[72.711,21.678],[72.736,21.69],[72.745,21.687],[72.762,21.669],[72.78,21.663],[72.798,21.662],[72.833,21.673],[72.835,21.669],[72.814,21.654],[72.787,21.645],[72.752,21.65],[72.747,21.642],[72.723,21.639],[72.705,21.652],[72.692,21.641],[72.673,21.628],[72.66,21.628],[72.648,21.617],[72.628,21.617],[72.626,21.609],[72.608,21.583],[72.613,21.571],[72.613,21.557],[72.631,21.539],[72.644,21.534],[72.649,21.525],[72.661,21.527],[72.681,21.54],[72.706,21.532],[72.7,21.527],[72.686,21.528],[72.674,21.52],[72.665,21.48],[72.658,21.471],[72.652,21.462],[72.646,21.435],[72.669,21.447],[72.687,21.447],[72.685,21.445],[72.685,21.444],[72.68,21.433],[72.665,21.427],[72.646,21.402],[72.625,21.382],[72.625,21.351],[72.616,21.338],[72.593,21.312],[72.589,21.298],[72.589,21.279],[72.599,21.278],[72.597,21.25],[72.611,21.229],[72.619,21.223],[72.621,21.207],[72.62,21.182],[72.621,21.143],[72.625,21.138],[72.623,21.115],[72.626,21.09],[72.636,21.08],[72.652,21.077],[72.659,21.088],[72.657,21.099],[72.661,21.108],[72.658,21.123],[72.665,21.153],[72.681,21.158],[72.692,21.155],[72.716,21.141],[72.707,21.127],[72.705,21.107],[72.7,21.101],[72.704,21.078],[72.698,21.061],[72.729,21.066],[72.746,21.06],[72.755,21.052],[72.726,21.053],[72.723,21.034],[72.728,21.006],[72.735,20.995],[72.737,20.974],[72.756,20.931],[72.764,20.921],[72.773,20.92],[72.774,20.936],[72.807,20.953],[72.825,20.95],[72.802,20.936],[72.784,20.932],[72.783,20.9],[72.789,20.884],[72.805,20.855],[72.817,20.819],[72.818,20.803],[72.826,20.78],[72.838,20.761],[72.836,20.749],[72.845,20.731],[72.85,20.71],[72.86,20.687],[72.883,20.61],[72.886,20.571],[72.884,20.562],[72.873,20.548],[72.871,20.536],[72.873,20.506],[72.845,20.475],[72.858,20.467],[72.882,20.463],[72.893,20.445],[72.889,20.439],[72.873,20.444],[72.859,20.424],[72.869,20.416],[72.896,20.421],[72.903,20.415],[72.9,20.405],[72.886,20.393],[72.894,20.372],[72.881,20.37],[72.842,20.375],[72.823,20.369],[72.802,20.374],[72.776,20.358],[72.759,20.331],[72.761,20.317],[72.752,20.294],[72.749,20.273],[72.738,20.246],[72.743,20.229],[72.746,20.202],[72.738,20.19],[72.735,20.157],[72.729,20.137],[72.721,20.103],[72.71,20.092],[72.704,20.081],[72.704,20.064],[72.711,20.047],[72.725,20.036],[72.715,20.016],[72.72,20],[72.72,19.979],[72.741,19.973],[72.76,19.981],[72.768,19.967],[72.766,19.95],[72.77,19.939],[72.762,19.93],[72.773,19.897],[72.763,19.894],[72.75,19.912],[72.735,19.91],[72.72,19.943],[72.724,19.952],[72.699,19.962],[72.684,19.96],[72.682,19.951],[72.669,19.943],[72.655,19.945],[72.651,19.936],[72.663,19.918],[72.666,19.9],[72.671,19.889],[72.673,19.873],[72.667,19.864],[72.645,19.863],[72.644,19.839],[72.655,19.812],[72.665,19.822],[72.68,19.805],[72.687,19.811],[72.699,19.81],[72.72,19.822],[72.722,19.813],[72.713,19.802],[72.686,19.793],[72.687,19.774],[72.671,19.762],[72.678,19.746],[72.676,19.714],[72.696,19.717],[72.706,19.707],[72.714,19.687],[72.698,19.68],[72.695,19.657],[72.705,19.63],[72.72,19.619],[72.721,19.602],[72.714,19.59],[72.71,19.553],[72.715,19.535],[72.728,19.52],[72.73,19.5],[72.749,19.486],[72.746,19.464],[72.753,19.432],[72.759,19.389],[72.758,19.374],[72.79,19.337],[72.8,19.33],[72.794,19.304],[72.784,19.3],[72.782,19.263],[72.782,19.237],[72.779,19.216],[72.784,19.195],[72.794,19.191],[72.792,19.169],[72.781,19.16],[72.787,19.148],[72.784,19.125],[72.795,19.125],[72.8,19.137],[72.818,19.123],[72.822,19.11],[72.822,19.075],[72.817,19.064],[72.818,19.033],[72.82,19.019],[72.813,19.014],[72.808,18.98],[72.788,18.945],[72.794,18.938],[72.81,18.951],[72.822,18.943],[72.821,18.933],[72.806,18.909],[72.811,18.894],[72.84,18.845],[72.865,18.804],[72.86,18.774],[72.866,18.757],[72.861,18.738],[72.859,18.715],[72.853,18.705],[72.853,18.693],[72.862,18.678],[72.862,18.639],[72.868,18.62],[72.89,18.602],[72.908,18.579],[72.921,18.548],[72.931,18.541],[72.924,18.53],[72.907,18.536],[72.91,18.501],[72.903,18.497],[72.9,18.467],[72.892,18.459],[72.905,18.432],[72.908,18.405],[72.912,18.392],[72.926,18.384],[72.927,18.375],[72.912,18.367],[72.913,18.359],[72.943,18.341],[72.954,18.332],[72.962,18.316],[72.955,18.297],[72.947,18.285],[72.933,18.281],[72.934,18.263],[72.94,18.248],[72.94,18.232],[72.932,18.22],[72.938,18.211],[72.952,18.218],[72.976,18.199],[72.982,18.183],[72.986,18.158],[72.985,18.142],[72.971,18.129],[72.982,18.105],[72.991,18.097],[73.002,18.074],[72.992,18.05],[73.012,18.046],[73.018,18.03],[73.028,18.042],[73.042,18.049],[73.044,18.04],[73.03,18.034],[73.026,18.022],[73.016,18.025],[73.008,18.014],[73.02,17.991],[73.028,17.987],[73.028,17.964],[73.034,17.936],[73.055,17.918],[73.056,17.893],[73.069,17.888],[73.076,17.878],[73.083,17.855],[73.092,17.839],[73.098,17.808],[73.109,17.79],[73.138,17.719],[73.139,17.709],[73.117,17.693],[73.124,17.667],[73.138,17.645],[73.131,17.643],[73.145,17.604],[73.16,17.591],[73.152,17.572],[73.143,17.566],[73.145,17.549],[73.159,17.533],[73.177,17.519],[73.184,17.508],[73.187,17.488],[73.195,17.464],[73.189,17.446],[73.193,17.436],[73.188,17.411],[73.171,17.399],[73.178,17.389],[73.188,17.384],[73.197,17.39],[73.206,17.387],[73.219,17.371],[73.217,17.361],[73.222,17.345],[73.231,17.335],[73.225,17.324],[73.243,17.32],[73.243,17.311],[73.232,17.298],[73.221,17.303],[73.206,17.302],[73.202,17.293],[73.204,17.28],[73.211,17.272],[73.22,17.275],[73.228,17.249],[73.238,17.229],[73.249,17.22],[73.249,17.2],[73.239,17.194],[73.259,17.182],[73.263,17.165],[73.275,17.151],[73.269,17.146],[73.273,17.127],[73.271,17.114],[73.282,17.111],[73.293,17.08],[73.294,17.056],[73.28,17.04],[73.265,17.049],[73.258,17.046],[73.259,17.024],[73.265,17.016],[73.275,17.023],[73.282,17.014],[73.283,16.991],[73.306,16.98],[73.313,16.965],[73.326,16.962],[73.332,16.95],[73.308,16.957],[73.295,16.975],[73.29,16.954],[73.285,16.948],[73.29,16.926],[73.282,16.893],[73.294,16.885],[73.295,16.863],[73.293,16.834],[73.305,16.81],[73.318,16.797],[73.315,16.784],[73.304,16.763],[73.304,16.743],[73.312,16.716],[73.323,16.691],[73.34,16.686],[73.327,16.675],[73.332,16.648],[73.325,16.639],[73.342,16.631],[73.335,16.619],[73.353,16.621],[73.366,16.635],[73.392,16.627],[73.399,16.62],[73.379,16.594],[73.379,16.611],[73.369,16.624],[73.344,16.602],[73.32,16.599],[73.326,16.583],[73.344,16.575],[73.341,16.561],[73.325,16.555],[73.315,16.539],[73.319,16.513],[73.327,16.51],[73.334,16.479],[73.344,16.475],[73.347,16.454],[73.354,16.442],[73.37,16.394],[73.378,16.392],[73.389,16.401],[73.402,16.4],[73.402,16.39],[73.39,16.389],[73.372,16.383],[73.373,16.363],[73.387,16.358],[73.388,16.333],[73.394,16.327],[73.394,16.31],[73.406,16.295],[73.42,16.253],[73.426,16.222],[73.432,16.201],[73.442,16.196],[73.451,16.147],[73.46,16.135],[73.471,16.13],[73.469,16.117],[73.474,16.096],[73.468,16.09],[73.468,16.068],[73.459,16.057],[73.487,16.038],[73.495,16.005],[73.489,15.992],[73.488,15.975],[73.499,15.97],[73.5,15.962],[73.512,15.939],[73.53,15.932],[73.539,15.937],[73.565,15.924],[73.575,15.913],[73.59,15.91],[73.6,15.896],[73.616,15.867],[73.618,15.853],[73.629,15.856],[73.646,15.811],[73.656,15.798],[73.666,15.765],[73.674,15.759],[73.66,15.745],[73.673,15.737],[73.676,15.728],[73.693,15.727],[73.702,15.722],[73.718,15.725],[73.732,15.721],[73.74,15.733],[73.767,15.733],[73.777,15.725],[73.812,15.742],[73.824,15.74],[73.83,15.763],[73.838,15.768],[73.841,15.778],[73.857,15.8],[73.867,15.795],[73.867,15.785],[73.878,15.772],[73.872,15.755],[73.877,15.749],[73.9,15.744],[73.937,15.744],[73.943,15.725],[73.951,15.713],[73.949,15.699],[73.963,15.689],[73.964,15.671],[73.968,15.662],[73.961,15.646],[73.968,15.631],[73.982,15.623],[73.995,15.611],[74.02,15.607],[74.028,15.611],[74.032,15.623],[74.073,15.628],[74.095,15.641],[74.115,15.647],[74.119,15.652],[74.136,15.649],[74.166,15.654],[74.168,15.672],[74.183,15.683],[74.189,15.667],[74.205,15.663],[74.206,15.651],[74.217,15.653],[74.225,15.669],[74.238,15.668],[74.249,15.656],[74.253,15.627],[74.261,15.619],[74.259,15.592],[74.25,15.585],[74.248,15.568],[74.266,15.557],[74.276,15.544],[74.281,15.528],[74.277,15.522],[74.275,15.515],[74.251,15.499],[74.25,15.492],[74.266,15.468],[74.276,15.445],[74.276,15.436],[74.269,15.426],[74.278,15.404],[74.276,15.391],[74.284,15.384],[74.299,15.383],[74.322,15.37],[74.316,15.36],[74.322,15.346],[74.317,15.332],[74.322,15.316],[74.336,15.295],[74.328,15.285],[74.312,15.284],[74.296,15.288],[74.27,15.277],[74.262,15.261],[74.251,15.26],[74.257,15.244],[74.296,15.231],[74.311,15.194],[74.316,15.187],[74.305,15.165],[74.292,15.149],[74.283,15.146],[74.287,15.123],[74.282,15.108],[74.275,15.104],[74.281,15.072],[74.296,15.042],[74.283,15.033],[74.284,15.024],[74.255,14.993],[74.268,14.978],[74.256,14.96],[74.238,14.96],[74.235,14.949],[74.218,14.944],[74.205,14.924],[74.197,14.93],[74.198,14.94],[74.18,14.956],[74.165,14.954],[74.159,14.939],[74.167,14.921],[74.163,14.912],[74.142,14.921],[74.129,14.922],[74.125,14.915],[74.106,14.914],[74.088,14.896],[74.097,14.893],[74.097,14.88],[74.107,14.866],[74.113,14.846],[74.138,14.846],[74.142,14.857],[74.154,14.858],[74.173,14.869],[74.176,14.879],[74.212,14.887],[74.209,14.876],[74.234,14.872],[74.227,14.86],[74.216,14.868],[74.192,14.864],[74.176,14.855],[74.179,14.845],[74.171,14.841],[74.171,14.829],[74.157,14.813],[74.158,14.831],[74.146,14.835],[74.125,14.833],[74.123,14.806],[74.115,14.799],[74.103,14.803],[74.108,14.786],[74.144,14.774],[74.159,14.751],[74.163,14.766],[74.177,14.767],[74.167,14.752],[74.18,14.746],[74.2,14.72],[74.204,14.733],[74.225,14.736],[74.224,14.745],[74.237,14.747],[74.263,14.722],[74.265,14.713],[74.256,14.706],[74.276,14.689],[74.279,14.673],[74.276,14.664],[74.285,14.64],[74.279,14.619],[74.285,14.609],[74.305,14.601],[74.319,14.611],[74.346,14.609],[74.364,14.598],[74.412,14.607],[74.39,14.594],[74.366,14.592],[74.329,14.603],[74.314,14.596],[74.295,14.592],[74.308,14.561],[74.314,14.551],[74.309,14.538],[74.315,14.518],[74.331,14.514],[74.352,14.525],[74.352,14.536],[74.363,14.558],[74.369,14.543],[74.378,14.541],[74.379,14.53],[74.387,14.523],[74.393,14.508],[74.408,14.487],[74.427,14.472],[74.412,14.471],[74.408,14.448],[74.386,14.453],[74.381,14.463],[74.38,14.487],[74.373,14.497],[74.378,14.509],[74.373,14.522],[74.364,14.521],[74.357,14.511],[74.362,14.487],[74.375,14.464],[74.387,14.421],[74.403,14.419],[74.397,14.408],[74.405,14.382],[74.403,14.37],[74.414,14.312],[74.427,14.293],[74.444,14.281],[74.479,14.284],[74.488,14.278],[74.491,14.264],[74.505,14.256],[74.516,14.24],[74.497,14.244],[74.47,14.256],[74.458,14.25],[74.449,14.259],[74.435,14.267],[74.446,14.224],[74.454,14.206],[74.465,14.198],[74.475,14.169],[74.478,14.139],[74.484,14.12],[74.483,14.1],[74.498,14.063],[74.501,14.041],[74.524,14.034],[74.524,14.025],[74.506,14.026],[74.516,13.989],[74.523,13.979],[74.538,13.973],[74.538,13.96],[74.549,13.953],[74.567,13.949],[74.582,13.926],[74.608,13.941],[74.622,13.942],[74.632,13.948],[74.64,13.941],[74.652,13.95],[74.647,13.96],[74.658,13.976],[74.668,13.984],[74.666,14.001],[74.678,14.038],[74.656,14.044],[74.66,14.062],[74.653,14.081],[74.64,14.097],[74.656,14.115],[74.647,14.118],[74.644,14.144],[74.629,14.146],[74.627,14.165],[74.651,14.173],[74.667,14.188],[74.691,14.171],[74.704,14.174],[74.726,14.155],[74.749,14.151],[74.749,14.158],[74.729,14.179],[74.717,14.234],[74.731,14.267],[74.74,14.263],[74.767,14.238],[74.783,14.238],[74.785,14.232],[74.822,14.234],[74.841,14.227],[74.857,14.214],[74.869,14.222],[74.871,14.243],[74.882,14.217],[74.896,14.222],[74.9,14.233],[74.919,14.231],[74.938,14.249],[74.941,14.261],[74.931,14.269],[74.929,14.281],[74.915,14.278],[74.91,14.289],[74.918,14.313],[74.926,14.322],[74.959,14.324],[74.972,14.321],[74.976,14.335],[74.942,14.362],[74.953,14.38],[74.949,14.403],[74.935,14.408],[74.922,14.433],[74.886,14.431],[74.878,14.449],[74.887,14.461],[74.902,14.464],[74.91,14.46],[74.917,14.47],[74.895,14.475],[74.893,14.495],[74.905,14.517],[74.906,14.529],[74.931,14.529],[74.944,14.531],[74.953,14.539],[74.958,14.551],[74.979,14.552],[74.984,14.525],[74.98,14.515],[74.993,14.504],[74.988,14.487],[74.992,14.476],[75.008,14.486],[75.008,14.491],[75.043,14.501],[75.039,14.526],[75.053,14.532],[75.057,14.547],[75.043,14.546],[75.027,14.559],[75.027,14.608],[75.051,14.649],[75.075,14.653],[75.101,14.648],[75.124,14.63],[75.143,14.632],[75.145,14.619],[75.155,14.622],[75.163,14.617],[75.167,14.633],[75.188,14.623],[75.2,14.626],[75.208,14.615],[75.206,14.597],[75.182,14.598],[75.185,14.585],[75.197,14.583],[75.21,14.574],[75.224,14.585],[75.231,14.581],[75.228,14.567],[75.231,14.559],[75.242,14.557],[75.248,14.58],[75.265,14.579],[75.285,14.559],[75.297,14.538],[75.292,14.532],[75.279,14.532],[75.269,14.525],[75.268,14.516],[75.276,14.51],[75.321,14.511],[75.334,14.491],[75.347,14.483],[75.343,14.474],[75.347,14.458],[75.344,14.434],[75.358,14.429],[75.363,14.439],[75.381,14.432],[75.378,14.41],[75.365,14.411],[75.357,14.406],[75.349,14.388],[75.36,14.382],[75.371,14.37],[75.392,14.367],[75.411,14.351],[75.428,14.349],[75.454,14.329],[75.477,14.317],[75.481,14.34],[75.49,14.347],[75.5,14.343],[75.504,14.314],[75.503,14.307],[75.52,14.301],[75.523,14.291],[75.532,14.289],[75.536,14.277],[75.542,14.275],[75.58,14.276],[75.588,14.288],[75.603,14.293],[75.61,14.314],[75.633,14.314],[75.634,14.321],[75.623,14.337],[75.624,14.366],[75.638,14.406],[75.642,14.43],[75.63,14.443],[75.636,14.464],[75.67,14.46],[75.688,14.49],[75.7,14.489],[75.708,14.473],[75.722,14.477],[75.731,14.49],[75.755,14.514],[75.773,14.518],[75.796,14.509],[75.798,14.532],[75.803,14.545],[75.819,14.562],[75.816,14.576],[75.805,14.599],[75.813,14.637],[75.812,14.651],[75.8,14.665],[75.794,14.682],[75.771,14.674],[75.759,14.676],[75.74,14.685],[75.744,14.703],[75.761,14.718],[75.763,14.735],[75.757,14.738],[75.717,14.718],[75.706,14.722],[75.703,14.73],[75.722,14.753],[75.724,14.768],[75.713,14.778],[75.688,14.786],[75.678,14.798],[75.667,14.798],[75.666,14.808],[75.675,14.829],[75.69,14.854],[75.715,14.852],[75.723,14.864],[75.734,14.864],[75.739,14.887],[75.729,14.897],[75.697,14.892],[75.685,14.93],[75.687,14.943],[75.702,14.948],[75.723,14.95],[75.744,14.944],[75.761,14.966],[75.781,14.977],[75.786,15],[75.81,15.024],[75.832,15.027],[75.841,15.041],[75.85,15.041],[75.868,15.033],[75.878,15.038],[75.883,15.05],[75.907,15.058],[75.911,15.076],[75.886,15.097],[75.885,15.107],[75.9,15.119],[75.905,15.131],[75.932,15.141],[75.95,15.137],[75.949,15.166],[75.944,15.173],[75.926,15.181],[75.926,15.195],[75.913,15.239],[75.905,15.237],[75.897,15.274],[75.89,15.288],[75.892,15.335],[75.887,15.351],[75.902,15.353],[75.901,15.374],[75.903,15.402],[75.884,15.407],[75.866,15.408],[75.867,15.425],[75.859,15.425],[75.86,15.444],[75.841,15.443],[75.826,15.45],[75.814,15.467],[75.81,15.487],[75.818,15.508],[75.86,15.514],[75.868,15.561],[75.868,15.595],[75.899,15.607],[75.899,15.624],[75.887,15.635],[75.89,15.649],[75.887,15.671],[75.872,15.673],[75.871,15.715],[75.888,15.719],[75.897,15.75],[75.908,15.745],[75.912,15.733],[75.921,15.728],[75.916,15.701],[75.925,15.694],[75.941,15.693],[75.945,15.678],[75.967,15.678],[75.969,15.665],[76,15.662],[76.012,15.664],[76.018,15.677],[76.013,15.682],[75.996,15.679],[75.983,15.691],[75.992,15.708],[76.007,15.717],[76.025,15.71],[76.039,15.717],[76.046,15.725],[76.04,15.768],[76.011,15.783],[75.996,15.78],[75.99,15.802],[75.965,15.795],[75.964,15.784],[75.928,15.793],[75.912,15.804],[75.876,15.827],[75.846,15.838],[75.848,15.869],[75.837,15.864],[75.832,15.874],[75.825,15.901],[75.804,15.895],[75.781,15.897],[75.774,15.914],[75.788,15.922],[75.809,15.922],[75.827,15.926],[75.852,15.935],[75.877,15.933],[75.892,15.918],[75.903,15.923],[75.919,15.906],[75.931,15.884],[75.929,15.874],[75.941,15.874],[75.945,15.865],[75.963,15.864],[75.978,15.867],[75.98,15.877],[75.975,15.921],[75.978,15.933],[75.976,15.948],[75.976,15.982],[75.98,15.99],[75.994,16.004],[76.015,16.002],[76.022,16.008],[76.053,16.002],[76.058,16.01],[76.081,16.01],[76.086,15.992],[76.074,15.962],[76.07,15.932],[76.06,15.905],[76.078,15.9],[76.102,15.898],[76.118,15.885],[76.129,15.891],[76.146,15.893],[76.156,15.911],[76.174,15.923],[76.174,15.929],[76.194,15.93],[76.203,15.941],[76.228,15.939],[76.232,15.921],[76.258,15.921],[76.261,15.904],[76.286,15.901],[76.286,15.926],[76.303,15.922],[76.328,15.931],[76.322,15.953],[76.312,15.954],[76.302,15.969],[76.297,15.997],[76.312,15.997],[76.313,16.015],[76.307,16.024],[76.305,16.046],[76.308,16.065],[76.303,16.073],[76.261,16.073],[76.261,16.089],[76.294,16.087],[76.33,16.076],[76.335,16.09],[76.291,16.104],[76.271,16.108],[76.263,16.098],[76.255,16.11],[76.246,16.111],[76.247,16.126],[76.235,16.13],[76.241,16.165],[76.265,16.154],[76.282,16.15],[76.288,16.155],[76.298,16.182],[76.329,16.191],[76.347,16.211],[76.354,16.226],[76.352,16.239],[76.346,16.246],[76.348,16.274],[76.322,16.285],[76.302,16.283],[76.301,16.298],[76.305,16.316],[76.294,16.325],[76.307,16.344],[76.316,16.345],[76.306,16.376],[76.31,16.395],[76.334,16.39],[76.338,16.398],[76.333,16.409],[76.334,16.424],[76.351,16.425],[76.355,16.42],[76.384,16.422],[76.392,16.435],[76.404,16.432],[76.437,16.435],[76.433,16.452],[76.432,16.5],[76.436,16.511],[76.424,16.55],[76.422,16.577],[76.414,16.59],[76.418,16.599],[76.41,16.613],[76.405,16.648],[76.409,16.658],[76.426,16.684],[76.427,16.695],[76.438,16.707],[76.46,16.711],[76.459,16.721],[76.447,16.722],[76.443,16.713],[76.421,16.715],[76.43,16.736],[76.441,16.742],[76.435,16.763],[76.419,16.767],[76.372,16.767],[76.379,16.801],[76.397,16.804],[76.412,16.798],[76.414,16.813],[76.355,16.819],[76.358,16.838],[76.375,16.859],[76.405,16.854],[76.43,16.848],[76.431,16.838],[76.462,16.833],[76.47,16.839],[76.464,16.849],[76.459,16.866],[76.438,16.867],[76.434,16.881],[76.435,16.898],[76.462,16.899],[76.466,16.903],[76.459,16.924],[76.453,16.926],[76.446,16.941],[76.437,16.941],[76.428,16.928],[76.419,16.926],[76.401,16.935],[76.401,16.976],[76.435,16.98],[76.438,17.007],[76.43,17.029],[76.43,17.099],[76.415,17.09],[76.399,17.072],[76.387,17.074],[76.388,17.091],[76.385,17.099],[76.367,17.107],[76.364,17.117],[76.393,17.133],[76.387,17.142],[76.367,17.137],[76.36,17.145],[76.367,17.158],[76.366,17.176],[76.355,17.185],[76.333,17.17],[76.324,17.168],[76.283,17.165],[76.271,17.161],[76.255,17.147],[76.244,17.149],[76.224,17.174],[76.22,17.184],[76.195,17.183],[76.178,17.193],[76.167,17.211],[76.125,17.245],[76.114,17.25],[76.09,17.256],[76.088,17.267],[76.098,17.283],[76.09,17.297],[76.066,17.309],[76.073,17.334],[76.079,17.332],[76.094,17.349],[76.102,17.364],[76.121,17.368],[76.138,17.354],[76.163,17.343],[76.164,17.302],[76.176,17.299],[76.179,17.316],[76.174,17.334],[76.173,17.35],[76.183,17.358],[76.229,17.365],[76.231,17.372],[76.245,17.376],[76.251,17.36],[76.271,17.358],[76.276,17.332],[76.318,17.331],[76.314,17.345],[76.344,17.352],[76.351,17.33],[76.353,17.313],[76.383,17.314],[76.394,17.338],[76.412,17.35],[76.409,17.371],[76.363,17.377],[76.371,17.41],[76.374,17.436],[76.365,17.437],[76.334,17.434],[76.332,17.471],[76.351,17.474],[76.373,17.488],[76.367,17.497],[76.347,17.493],[76.347,17.513],[76.367,17.518],[76.362,17.538],[76.341,17.544],[76.335,17.565],[76.332,17.596],[76.374,17.6],[76.383,17.602],[76.417,17.606],[76.425,17.623],[76.43,17.646],[76.412,17.649],[76.405,17.657],[76.381,17.66],[76.379,17.686],[76.362,17.687],[76.356,17.696],[76.34,17.694],[76.319,17.697],[76.316,17.716],[76.299,17.729],[76.271,17.728],[76.257,17.717],[76.24,17.698],[76.226,17.698],[76.22,17.691],[76.2,17.688],[76.19,17.682],[76.166,17.693],[76.166,17.7],[76.15,17.699],[76.145,17.709],[76.15,17.718],[76.166,17.714],[76.176,17.731],[76.148,17.733],[76.146,17.754],[76.131,17.764],[76.116,17.769],[76.108,17.763],[76.096,17.779],[76.084,17.776],[76.056,17.765],[76.028,17.766],[76.009,17.751],[76.003,17.754],[76.009,17.803],[76.017,17.814],[76.018,17.829],[75.984,17.842],[75.975,17.838],[75.977,17.82],[75.968,17.819],[75.96,17.831],[75.94,17.852],[75.932,17.851],[75.926,17.833],[75.92,17.832],[75.889,17.845],[75.876,17.846],[75.858,17.864],[75.856,17.875],[75.845,17.892],[75.844,17.901],[75.851,17.92],[75.839,17.929],[75.84,17.958],[75.847,17.978],[75.839,17.978],[75.848,18],[75.857,18.01],[75.877,18.013],[75.891,18.007],[75.907,18.004],[75.913,17.978],[75.927,17.973],[75.961,17.98],[75.976,17.971],[75.984,17.975],[75.986,17.99],[75.997,17.993],[76.004,18.017],[76.016,18.04],[76.012,18.05],[75.992,18.062],[76,18.072],[75.994,18.092],[75.987,18.093],[75.962,18.09],[75.95,18.107],[75.942,18.125],[75.957,18.147],[75.96,18.161],[75.948,18.182],[75.948,18.198],[75.939,18.216],[75.948,18.232],[75.946,18.242],[75.927,18.261],[75.93,18.273],[75.924,18.302],[75.905,18.325],[75.902,18.336],[75.884,18.366],[75.872,18.368],[75.852,18.365],[75.831,18.377],[75.817,18.383],[75.799,18.384],[75.786,18.395],[75.774,18.412],[75.769,18.432],[75.764,18.44],[75.752,18.436],[75.728,18.434],[75.711,18.393],[75.727,18.389],[75.732,18.361],[75.722,18.349],[75.72,18.338],[75.708,18.34],[75.69,18.324],[75.655,18.333],[75.634,18.305],[75.619,18.274],[75.634,18.264],[75.63,18.245],[75.605,18.244],[75.587,18.246],[75.575,18.24],[75.562,18.208],[75.554,18.197],[75.552,18.177],[75.547,18.164],[75.551,18.145],[75.533,18.134],[75.521,18.142],[75.512,18.158],[75.505,18.161],[75.491,18.156],[75.491,18.174],[75.475,18.176],[75.468,18.162],[75.445,18.175],[75.429,18.181],[75.439,18.208],[75.428,18.22],[75.424,18.241],[75.433,18.254],[75.429,18.264],[75.397,18.265],[75.398,18.289],[75.401,18.297],[75.394,18.308],[75.408,18.324],[75.39,18.329],[75.38,18.346],[75.364,18.36],[75.36,18.37],[75.34,18.381],[75.334,18.391],[75.323,18.395],[75.307,18.392],[75.285,18.412],[75.302,18.429],[75.299,18.456],[75.303,18.485],[75.301,18.503],[75.314,18.519],[75.336,18.525],[75.335,18.539],[75.346,18.562],[75.394,18.546],[75.423,18.535],[75.439,18.552],[75.452,18.589],[75.463,18.594],[75.468,18.607],[75.482,18.612],[75.491,18.626],[75.508,18.622],[75.526,18.639],[75.551,18.644],[75.554,18.656],[75.544,18.659],[75.549,18.682],[75.589,18.688],[75.587,18.697],[75.563,18.702],[75.553,18.713],[75.555,18.733],[75.552,18.743],[75.538,18.747],[75.528,18.731],[75.504,18.723],[75.49,18.735],[75.464,18.753],[75.448,18.753],[75.443,18.785],[75.428,18.808],[75.398,18.831],[75.392,18.812],[75.391,18.789],[75.387,18.772],[75.377,18.767],[75.36,18.788],[75.347,18.782],[75.338,18.793],[75.327,18.798],[75.293,18.762],[75.277,18.732],[75.254,18.721],[75.221,18.73],[75.214,18.737],[75.174,18.736],[75.176,18.707],[75.166,18.696],[75.168,18.689],[75.165,18.662],[75.159,18.65],[75.144,18.653],[75.138,18.667],[75.131,18.67],[75.123,18.685],[75.108,18.69],[75.102,18.703],[75.074,18.718],[75.066,18.73],[75.059,18.732],[75.052,18.746],[75.042,18.752],[75.037,18.763],[75.016,18.771],[75.003,18.785],[75.01,18.803],[75,18.806],[74.987,18.798],[74.979,18.803],[74.967,18.825],[74.955,18.822],[74.943,18.829],[74.923,18.828],[74.923,18.848],[74.899,18.847],[74.898,18.879],[74.888,18.885],[74.886,18.909],[74.879,18.911],[74.869,18.899],[74.851,18.912],[74.849,18.924],[74.828,18.938],[74.839,18.946],[74.835,18.959],[74.817,18.964],[74.814,18.977],[74.827,18.988],[74.843,18.968],[74.878,18.983],[74.9,18.979],[74.907,18.964],[74.917,18.96],[74.939,18.976],[74.953,18.968],[74.961,18.996],[74.949,19.006],[74.952,19.033],[74.925,19.033],[74.916,19.04],[74.922,19.088],[74.926,19.1],[74.933,19.108],[74.942,19.126],[74.949,19.129],[74.961,19.119],[74.981,19.111],[75.003,19.111],[75.011,19.104],[75.026,19.105],[75.061,19.099],[75.078,19.107],[75.079,19.12],[75.093,19.125],[75.11,19.124],[75.11,19.111],[75.101,19.102],[75.097,19.079],[75.081,19.08],[75.089,19.068],[75.076,19.066],[75.076,19.053],[75.101,19.044],[75.145,19.036],[75.151,19.04],[75.169,19.036],[75.171,19.023],[75.181,19.013],[75.207,19.02],[75.209,19.034],[75.188,19.052],[75.197,19.065],[75.19,19.093],[75.218,19.111],[75.223,19.109],[75.23,19.081],[75.227,19.066],[75.24,19.062],[75.264,19.07],[75.271,19.053],[75.268,19.032],[75.261,19.025],[75.272,19.014],[75.273,18.992],[75.289,18.979],[75.314,18.978],[75.339,18.988],[75.346,19.001],[75.347,19.023],[75.33,19.032],[75.318,19.029],[75.287,19.032],[75.294,19.062],[75.292,19.075],[75.308,19.093],[75.321,19.093],[75.336,19.081],[75.361,19.076],[75.366,19.081],[75.362,19.108],[75.35,19.122],[75.34,19.123],[75.332,19.135],[75.332,19.15],[75.338,19.153],[75.354,19.144],[75.353,19.126],[75.374,19.127],[75.399,19.139],[75.411,19.134],[75.406,19.123],[75.397,19.124],[75.369,19.089],[75.371,19.082],[75.384,19.078],[75.41,19.079],[75.421,19.084],[75.448,19.092],[75.457,19.084],[75.487,19.104],[75.485,19.126],[75.454,19.126],[75.437,19.115],[75.428,19.137],[75.451,19.14],[75.454,19.145],[75.449,19.17],[75.428,19.171],[75.423,19.179],[75.406,19.19],[75.405,19.199],[75.418,19.213],[75.429,19.219],[75.445,19.217],[75.464,19.252],[75.476,19.252],[75.517,19.277],[75.527,19.296],[75.542,19.308],[75.544,19.326],[75.519,19.33],[75.535,19.375],[75.517,19.384],[75.492,19.377],[75.487,19.382],[75.491,19.412],[75.479,19.421],[75.475,19.415],[75.449,19.413],[75.448,19.427],[75.43,19.416],[75.408,19.417],[75.384,19.41],[75.366,19.397],[75.343,19.406],[75.357,19.43],[75.356,19.441],[75.349,19.448],[75.335,19.437],[75.328,19.441],[75.326,19.463],[75.341,19.463],[75.35,19.481],[75.362,19.48],[75.356,19.501],[75.343,19.497],[75.338,19.479],[75.331,19.479],[75.327,19.494],[75.314,19.494],[75.306,19.508],[75.277,19.513],[75.285,19.535],[75.279,19.551],[75.269,19.548],[75.266,19.529],[75.251,19.53],[75.232,19.54],[75.22,19.553],[75.205,19.564],[75.209,19.572],[75.194,19.593],[75.172,19.596],[75.153,19.589],[75.143,19.595],[75.13,19.592],[75.117,19.603],[75.106,19.601],[75.092,19.609],[75.067,19.603],[75.045,19.61],[75.038,19.624],[75.023,19.621],[75,19.622],[74.984,19.638],[74.97,19.646],[74.949,19.646],[74.938,19.64],[74.932,19.648],[74.917,19.65],[74.906,19.644],[74.891,19.646],[74.889,19.656],[74.865,19.649],[74.853,19.648],[74.837,19.666],[74.825,19.672],[74.817,19.67],[74.8,19.655],[74.789,19.65],[74.781,19.652],[74.782,19.672],[74.788,19.688],[74.801,19.694],[74.807,19.703],[74.787,19.717],[74.762,19.696],[74.751,19.691],[74.73,19.699],[74.73,19.723],[74.706,19.726],[74.716,19.735],[74.723,19.747],[74.72,19.777],[74.713,19.782],[74.704,19.775],[74.705,19.76],[74.695,19.759],[74.692,19.769],[74.674,19.771],[74.667,19.778],[74.656,19.778],[74.636,19.794],[74.628,19.789],[74.615,19.772],[74.598,19.773],[74.592,19.787],[74.601,19.802],[74.607,19.85],[74.661,19.839],[74.663,19.861],[74.648,19.861],[74.65,19.886],[74.649,19.91],[74.656,19.922],[74.682,19.925],[74.674,19.935],[74.673,19.947],[74.675,19.963],[74.69,19.971],[74.685,19.989],[74.693,19.996],[74.692,20.006],[74.701,20.018],[74.72,20.021],[74.71,20.04],[74.723,20.055],[74.711,20.078],[74.738,20.082],[74.73,20.111],[74.707,20.113],[74.715,20.135],[74.719,20.16],[74.715,20.168],[74.723,20.187],[74.738,20.195],[74.742,20.186],[74.764,20.183],[74.759,20.196],[74.767,20.203],[74.784,20.204],[74.79,20.208],[74.804,20.231],[74.816,20.244],[74.832,20.242],[74.83,20.234],[74.859,20.227],[74.853,20.209],[74.857,20.203],[74.856,20.177],[74.899,20.177],[74.911,20.153],[74.924,20.154],[74.927,20.178],[74.932,20.181],[74.931,20.214],[74.911,20.216],[74.908,20.243],[74.934,20.247],[74.935,20.27],[74.971,20.304],[74.987,20.302],[74.985,20.317],[74.989,20.33],[75,20.337],[75.048,20.308],[75.057,20.307],[75.059,20.334],[75.092,20.335],[75.1,20.343],[75.123,20.348],[75.126,20.357],[75.116,20.394],[75.108,20.407],[75.129,20.432],[75.161,20.437],[75.163,20.475],[75.179,20.478],[75.201,20.476],[75.202,20.492],[75.212,20.498],[75.231,20.493],[75.227,20.509],[75.232,20.52],[75.24,20.522],[75.252,20.555],[75.255,20.57],[75.286,20.568],[75.307,20.578],[75.329,20.592],[75.353,20.59],[75.373,20.575],[75.391,20.58],[75.396,20.566],[75.397,20.524],[75.413,20.523],[75.434,20.513],[75.429,20.532],[75.451,20.54],[75.452,20.529],[75.463,20.519],[75.461,20.553],[75.473,20.543],[75.485,20.543],[75.49,20.531],[75.509,20.554],[75.526,20.561],[75.523,20.59],[75.534,20.596],[75.537,20.61],[75.556,20.604],[75.559,20.613],[75.59,20.603],[75.615,20.609],[75.609,20.622],[75.625,20.625],[75.633,20.62],[75.648,20.62],[75.662,20.629],[75.663,20.643],[75.658,20.662],[75.667,20.67],[75.69,20.668],[75.706,20.662],[75.7,20.631],[75.706,20.615],[75.724,20.621],[75.733,20.61],[75.751,20.616],[75.759,20.614],[75.76,20.58],[75.772,20.579],[75.785,20.587],[75.791,20.577],[75.789,20.565],[75.806,20.57],[75.821,20.562],[75.838,20.564],[75.83,20.574],[75.834,20.581],[75.834,20.595],[75.845,20.596],[75.839,20.609],[75.843,20.618],[75.856,20.618],[75.869,20.624],[75.872,20.601],[75.887,20.597],[75.89,20.563],[75.915,20.558],[75.93,20.55],[75.934,20.555],[75.935,20.594],[75.955,20.606],[75.957,20.625],[75.991,20.623],[76.011,20.643],[75.998,20.667],[76.003,20.689],[75.997,20.697],[76,20.716],[76.017,20.724],[76.012,20.739],[76,20.743],[75.987,20.759],[75.996,20.765],[75.998,20.778],[76.019,20.785],[76.05,20.788],[76.058,20.804],[76.05,20.812],[76.058,20.825],[76.074,20.834],[76.076,20.845],[76.099,20.873],[76.112,20.882],[76.115,20.893],[76.101,20.903],[76.081,20.908],[76.084,20.928],[76.092,20.943],[76.11,20.949],[76.123,20.975],[76.145,20.986],[76.159,21],[76.17,21.035],[76.191,21.023],[76.2,21.015],[76.226,21.012],[76.24,20.991],[76.267,20.98],[76.279,20.968],[76.281,20.958],[76.299,20.957],[76.32,20.95],[76.347,20.95],[76.354,20.962],[76.368,20.978],[76.383,20.978],[76.398,21.03],[76.388,21.059],[76.384,21.078],[76.362,21.078],[76.336,21.075],[76.298,21.075],[76.283,21.073],[76.27,21.091],[76.236,21.092],[76.228,21.089],[76.184,21.088],[76.169,21.084],[76.169,21.103],[76.136,21.124],[76.14,21.138],[76.129,21.155],[76.114,21.163],[76.128,21.176],[76.143,21.171],[76.167,21.169],[76.173,21.186],[76.166,21.193],[76.169,21.206],[76.165,21.222],[76.146,21.231],[76.16,21.257],[76.146,21.286],[76.13,21.295],[76.128,21.305],[76.107,21.358],[76.099,21.372],[76.053,21.35],[76.035,21.363],[75.992,21.374],[75.985,21.375],[75.969,21.392],[75.917,21.388],[75.888,21.397],[75.876,21.396],[75.863,21.385],[75.843,21.387],[75.833,21.381],[75.801,21.388],[75.759,21.383],[75.744,21.391],[75.706,21.389],[75.673,21.378],[75.658,21.38],[75.629,21.379],[75.619,21.391],[75.591,21.389],[75.58,21.378],[75.555,21.375],[75.547,21.37],[75.524,21.385],[75.5,21.389],[75.467,21.392],[75.435,21.388],[75.431,21.392],[75.408,21.388],[75.403,21.382],[75.383,21.383],[75.36,21.401],[75.352,21.391],[75.319,21.39],[75.302,21.393],[75.3,21.413],[75.275,21.407],[75.252,21.404],[75.242,21.413],[75.231,21.414],[75.218,21.409],[75.206,21.414],[75.186,21.425],[75.128,21.447],[75.105,21.467],[75.093,21.492],[75.088,21.512],[75.074,21.536],[75.063,21.549],[75.056,21.563],[75.016,21.57],[75.011,21.579],[74.981,21.593],[74.959,21.598],[74.923,21.609],[74.909,21.616],[74.899,21.628],[74.859,21.63],[74.833,21.617],[74.822,21.608],[74.799,21.614],[74.798,21.608],[74.772,21.614],[74.755,21.615],[74.711,21.624],[74.692,21.631],[74.668,21.648],[74.656,21.652],[74.605,21.661],[74.586,21.663],[74.582,21.681],[74.557,21.686],[74.557,21.701],[74.545,21.718],[74.527,21.716],[74.509,21.722],[74.51,21.75],[74.515,21.76],[74.505,21.775],[74.5,21.805],[74.508,21.819],[74.514,21.855],[74.514,21.884],[74.524,21.907],[74.511,21.92],[74.512,21.932],[74.494,21.944],[74.49,21.953],[74.469,21.964],[74.457,21.961],[74.448,21.966],[74.44,21.981],[74.441,22.014],[74.432,22.029],[74.385,22.018],[74.375,22],[74.354,21.98],[74.342,21.973],[74.306,21.97],[74.297,21.964],[74.288,21.935],[74.201,21.924],[74.186,21.926],[74.159,21.948],[74.142,21.952],[74.139,21.968],[74.149,21.974],[74.15,21.985],[74.113,21.997],[74.096,22],[74.097,22.017],[74.112,22.023],[74.121,22.034],[74.137,22.039],[74.134,22.052],[74.159,22.059],[74.158,22.069],[74.163,22.081],[74.177,22.085],[74.166,22.1],[74.151,22.104],[74.128,22.095],[74.125,22.107],[74.127,22.123],[74.122,22.13],[74.129,22.144],[74.131,22.16],[74.122,22.165],[74.118,22.186],[74.119,22.211],[74.11,22.217],[74.072,22.22],[74.076,22.248],[74.074,22.267],[74.06,22.274],[74.055,22.284],[74.055,22.304],[74.062,22.304],[74.064,22.329],[74.072,22.34],[74.068,22.359],[74.091,22.361],[74.096,22.371],[74.108,22.37],[74.113,22.356],[74.125,22.351],[74.13,22.331],[74.187,22.32],[74.192,22.324],[74.195,22.341],[74.213,22.356],[74.223,22.357],[74.227,22.378],[74.237,22.375],[74.253,22.384],[74.255,22.398],[74.271,22.391],[74.261,22.423],[74.251,22.431],[74.234,22.437],[74.22,22.438],[74.213,22.432],[74.201,22.435],[74.201,22.465],[74.187,22.476],[74.179,22.463],[74.183,22.442],[74.169,22.44],[74.157,22.43],[74.152,22.438],[74.153,22.455],[74.137,22.452],[74.127,22.434],[74.127,22.42],[74.119,22.419],[74.101,22.432],[74.097,22.444],[74.102,22.46],[74.096,22.467],[74.074,22.464],[74.076,22.484],[74.086,22.487],[74.081,22.507],[74.055,22.509],[74.051,22.5],[74.033,22.49],[74.031,22.507],[74.04,22.515],[74.037,22.528],[74.041,22.54],[74.063,22.549],[74.08,22.548],[74.102,22.536],[74.118,22.534],[74.124,22.523],[74.15,22.516],[74.154,22.53],[74.169,22.543],[74.188,22.551],[74.196,22.568],[74.21,22.565],[74.215,22.58],[74.223,22.583],[74.233,22.612],[74.254,22.622],[74.253,22.634],[74.262,22.643],[74.275,22.646],[74.292,22.639],[74.322,22.636],[74.325,22.642],[74.361,22.634],[74.378,22.636],[74.381,22.641],[74.382,22.667],[74.394,22.69],[74.4,22.729],[74.423,22.758],[74.437,22.783],[74.437,22.807],[74.463,22.813],[74.477,22.856],[74.464,22.892],[74.461,22.911],[74.449,22.922],[74.436,22.915],[74.43,22.92],[74.416,22.916],[74.398,22.897],[74.379,22.908],[74.372,22.92],[74.36,22.931],[74.358,22.94],[74.345,22.951],[74.339,22.962],[74.355,22.975],[74.368,22.978],[74.353,23.001],[74.347,23.028],[74.325,23.04],[74.32,23.06],[74.308,23.077],[74.28,23.093],[74.28,23.104],[74.286,23.117],[74.277,23.128],[74.269,23.154],[74.259,23.169],[74.247,23.176],[74.205,23.19],[74.187,23.17],[74.186,23.156],[74.18,23.15],[74.152,23.156],[74.143,23.173],[74.124,23.177],[74.12,23.19],[74.122,23.205],[74.137,23.225],[74.133,23.263],[74.127,23.271],[74.111,23.275],[74.104,23.292],[74.087,23.296],[74.046,23.293],[74.045,23.309],[74.035,23.304],[74.027,23.318],[74.03,23.33],[74.012,23.332],[73.988,23.336],[73.981,23.358],[73.968,23.375],[73.959,23.38],[73.944,23.372],[73.94,23.344],[73.936,23.34],[73.911,23.334],[73.891,23.335],[73.892,23.351],[73.876,23.366],[73.864,23.394],[73.833,23.429],[73.834,23.439],[73.824,23.445],[73.791,23.434],[73.78,23.433],[73.761,23.457],[73.73,23.423],[73.723,23.411],[73.714,23.417],[73.701,23.454],[73.69,23.458],[73.665,23.451],[73.649,23.439],[73.629,23.451],[73.637,23.472],[73.64,23.495],[73.655,23.503],[73.655,23.513],[73.633,23.53],[73.635,23.561],[73.646,23.574],[73.646,23.606],[73.657,23.622],[73.639,23.63],[73.615,23.65],[73.605,23.653],[73.567,23.652],[73.549,23.63],[73.523,23.61],[73.51,23.616],[73.497,23.634],[73.508,23.644],[73.503,23.657],[73.507,23.672],[73.507,23.696],[73.498,23.706],[73.482,23.704],[73.475,23.708],[73.469,23.725],[73.451,23.739],[73.447,23.752],[73.428,23.761],[73.417,23.778],[73.396,23.783],[73.386,23.768],[73.372,23.766],[73.357,23.791],[73.366,23.814],[73.366,23.838],[73.356,23.854],[73.383,23.905],[73.392,23.916],[73.404,23.915],[73.416,23.922],[73.416,23.953],[73.418,23.974],[73.407,23.997],[73.406,24.015],[73.41,24.05],[73.393,24.072],[73.366,24.087],[73.366,24.112],[73.332,24.114],[73.328,24.103],[73.331,24.082],[73.323,24.062],[73.303,24.051],[73.287,24.027],[73.271,24.027],[73.249,24.011],[73.225,24.024],[73.219,24.032],[73.197,24.045],[73.197,24.057],[73.205,24.066],[73.22,24.098],[73.196,24.108],[73.188,24.106],[73.168,24.111],[73.151,24.122],[73.143,24.122],[73.119,24.14],[73.112,24.153],[73.079,24.185],[73.088,24.221],[73.107,24.231],[73.097,24.237],[73.112,24.262],[73.135,24.28],[73.141,24.308],[73.147,24.31],[73.17,24.301],[73.181,24.309],[73.183,24.335],[73.208,24.334],[73.213,24.35],[73.228,24.364],[73.208,24.375],[73.187,24.355],[73.166,24.35],[73.142,24.363],[73.124,24.369],[73.107,24.387],[73.094,24.385],[73.081,24.394],[73.093,24.417],[73.103,24.42],[73.105,24.432],[73.104,24.457],[73.095,24.472],[73.095,24.491],[73.091,24.495],[73.054,24.473],[73.047,24.465],[73.018,24.465],[73.009,24.482],[72.977,24.451],[72.985,24.433],[72.987,24.421],[72.975,24.406],[72.96,24.392],[72.983,24.375],[72.987,24.364],[72.961,24.351],[72.942,24.339],[72.929,24.336],[72.92,24.327],[72.896,24.352],[72.88,24.361],[72.864,24.366],[72.825,24.365],[72.811,24.359],[72.768,24.361],[72.744,24.358],[72.728,24.362],[72.713,24.376],[72.702,24.392],[72.689,24.42],[72.688,24.442],[72.693,24.453],[72.688,24.461],[72.654,24.457],[72.583,24.474],[72.569,24.489],[72.537,24.506],[72.509,24.466],[72.506,24.449],[72.495,24.452],[72.505,24.42],[72.502,24.411],[72.482,24.407],[72.459,24.409],[72.458,24.422],[72.451,24.44],[72.431,24.462],[72.433,24.481],[72.443,24.495],[72.437,24.506],[72.416,24.51],[72.392,24.502],[72.381,24.502],[72.352,24.554],[72.328,24.558],[72.327,24.544],[72.289,24.54],[72.284,24.56],[72.266,24.552],[72.245,24.582],[72.271,24.601],[72.295,24.602],[72.308,24.587],[72.337,24.595],[72.344,24.604],[72.348,24.62],[72.335,24.625],[72.325,24.614],[72.309,24.611],[72.294,24.618],[72.288,24.615],[72.268,24.624],[72.243,24.623],[72.224,24.635],[72.211,24.622],[72.18,24.612],[72.156,24.618],[72.145,24.636],[72.11,24.636],[72.079,24.655],[72.076,24.671],[72.086,24.677],[72.079,24.7],[72.046,24.708],[72.035,24.698],[72.001,24.689],[71.988,24.68],[71.983,24.67],[71.987,24.66],[71.961,24.641],[71.928,24.63],[71.912,24.649],[71.919,24.665],[71.905,24.673],[71.887,24.669],[71.875,24.679],[71.864,24.675],[71.856,24.653],[71.862,24.627],[71.851,24.607],[71.84,24.618],[71.814,24.62],[71.805,24.625],[71.81,24.649],[71.806,24.664],[71.792,24.674],[71.777,24.672],[71.738,24.658],[71.709,24.658],[71.679,24.644],[71.654,24.637],[71.643,24.644],[71.637,24.657],[71.609,24.675],[71.59,24.668],[71.575,24.681],[71.544,24.675],[71.529,24.683],[71.515,24.68],[71.48,24.678],[71.466,24.668],[71.443,24.663],[71.414,24.643],[71.399,24.639],[71.391,24.632],[71.381,24.633],[71.372,24.626],[71.359,24.632],[71.348,24.659],[71.318,24.648],[71.309,24.641],[71.301,24.626],[71.289,24.613],[71.295,24.596],[71.31,24.591],[71.314,24.572],[71.303,24.552],[71.292,24.547],[71.267,24.545],[71.261,24.535],[71.261,24.509],[71.294,24.518],[71.349,24.518],[71.352,24.503],[71.34,24.486],[71.346,24.48],[71.329,24.443],[71.344,24.433],[71.343,24.422],[71.332,24.413],[71.33,24.395],[71.348,24.391],[71.379,24.391],[71.382,24.393],[71.395,24.352],[71.391,24.339],[71.364,24.328],[71.348,24.329],[71.342,24.322],[71.325,24.321],[71.306,24.304],[71.314,24.272],[71.311,24.246],[71.312,24.23],[71.324,24.203],[71.333,24.202],[71.336,24.189],[71.369,24.191],[71.371,24.179],[71.353,24.168],[71.333,24.163],[71.323,24.148],[71.302,24.169],[71.283,24.175],[71.276,24.162],[71.29,24.153],[71.279,24.138],[71.302,24.134],[71.315,24.134],[71.319,24.125],[71.339,24.13],[71.344,24.11],[71.33,24.102],[71.325,24.084],[71.317,24.072],[71.316,24.061],[71.328,24.049],[71.316,24.039],[71.286,23.998],[71.288,23.991],[71.31,23.988],[71.316,23.982],[71.297,23.965],[71.303,23.95],[71.29,23.947],[71.299,23.929],[71.285,23.926],[71.272,23.932],[71.265,23.922],[71.24,23.918],[71.226,23.93],[71.212,23.931],[71.192,23.919],[71.175,23.92],[71.137,23.908],[71.112,23.905],[71.1,23.901],[71.075,23.858],[71.071,23.845],[71.062,23.836],[71.069,23.824],[71.061,23.803],[71.05,23.807],[71.043,23.798],[71.054,23.779],[71.054,23.756],[71.058,23.745],[71.069,23.734],[71.065,23.727],[71.06,23.702],[71.069,23.69],[71.067,23.683],[71.054,23.679],[71.037,23.666],[71.034,23.649],[71.038,23.637],[71.048,23.623],[71.06,23.619],[71.074,23.602],[71.09,23.603],[71.09,23.622],[71.106,23.616],[71.139,23.629],[71.143,23.637],[71.135,23.645],[71.137,23.661],[71.147,23.669],[71.153,23.685],[71.178,23.711],[71.162,23.719],[71.148,23.717],[71.147,23.73],[71.169,23.727],[71.174,23.739],[71.21,23.732],[71.224,23.713],[71.217,23.682],[71.223,23.661],[71.228,23.657],[71.263,23.65],[71.303,23.647],[71.356,23.656],[71.378,23.65],[71.377,23.645],[71.389,23.62],[71.393,23.604],[71.422,23.628],[71.426,23.603],[71.421,23.598],[71.418,23.576],[71.422,23.567],[71.456,23.562],[71.469,23.555],[71.449,23.539],[71.446,23.48],[71.459,23.476],[71.479,23.497],[71.497,23.505],[71.511,23.523],[71.52,23.523],[71.52,23.51],[71.512,23.497],[71.509,23.475],[71.533,23.482],[71.565,23.498],[71.58,23.496],[71.589,23.503],[71.611,23.504],[71.64,23.496],[71.67,23.491],[71.707,23.488],[71.727,23.495],[71.73,23.476],[71.768,23.471],[71.778,23.458],[71.776,23.448],[71.765,23.438],[71.76,23.418],[71.768,23.405],[71.798,23.4],[71.806,23.403],[71.835,23.422],[71.849,23.439],[71.855,23.463],[71.864,23.475],[71.893,23.491],[71.902,23.49],[71.911,23.498],[71.93,23.5],[71.942,23.507],[71.945,23.52],[71.97,23.531],[71.981,23.524],[71.983,23.511],[72,23.504],[71.997,23.491],[71.99,23.482],[71.974,23.473],[71.968,23.46],[71.972,23.431],[71.967,23.405],[71.959,23.393],[71.932,23.393],[71.907,23.385],[71.893,23.392],[71.874,23.383],[71.876,23.371],[71.886,23.361],[71.895,23.333],[71.885,23.33],[71.88,23.316],[71.886,23.307],[71.877,23.29],[71.875,23.279],[71.882,23.258],[71.876,23.246],[71.876,23.224],[71.898,23.224],[71.902,23.23],[71.908,23.265],[71.933,23.267],[71.943,23.245],[71.961,23.246],[71.973,23.254],[71.986,23.256],[71.999,23.249],[71.99,23.216],[71.973,23.214],[71.952,23.208],[71.928,23.187],[71.91,23.181],[71.91,23.167],[71.904,23.138],[71.906,23.121],[71.901,23.11],[71.915,23.079],[71.931,23.067],[71.945,23.07],[71.952,23.055],[71.947,23.042],[71.953,23.039],[71.966,23.058],[71.989,23.069],[72.013,23.059],[72.016,23.051],[72.014,23.03],[72.018,23.019],[72.008,23.006],[72.011,22.994],[72.02,22.992],[72.009,22.971],[71.989,22.949],[71.989,22.933],[72.003,22.923],[71.998,22.906],[71.988,22.885],[71.983,22.856],[71.992,22.835],[71.998,22.832],[72.016,22.793],[72.038,22.79],[72.05,22.783],[72.055,22.751],[72.072,22.732],[72.106,22.72],[72.099,22.692],[72.09,22.676],[72.066,22.676],[72.056,22.694],[72.027,22.679],[72.056,22.657],[72.061,22.651],[72.063,22.599],[72.07,22.595],[72.096,22.605],[72.116,22.599],[72.142,22.587],[72.169,22.57],[72.186,22.55],[72.187,22.542],[72.163,22.531],[72.143,22.514],[72.15,22.501],[72.146,22.496],[72.161,22.479],[72.148,22.476],[72.12,22.463],[72.108,22.451],[72.084,22.437],[72.05,22.444],[72.051,22.472],[72.035,22.491],[72.031,22.506],[72.01,22.512],[71.999,22.508],[71.978,22.506],[71.967,22.509],[71.969,22.528],[71.946,22.54],[71.934,22.538],[71.922,22.521],[71.909,22.517],[71.914,22.503],[71.908,22.48],[71.927,22.477],[71.932,22.486],[71.957,22.489],[71.961,22.469],[71.937,22.462],[71.923,22.449],[71.924,22.432],[71.929,22.421],[71.934,22.381],[71.916,22.382],[71.902,22.406],[71.891,22.419],[71.882,22.418],[71.875,22.407],[71.865,22.403],[71.851,22.389],[71.854,22.37],[71.841,22.365],[71.832,22.356],[71.823,22.361],[71.827,22.393],[71.794,22.392],[71.78,22.385],[71.783,22.361],[71.734,22.361],[71.729,22.379],[71.716,22.38],[71.703,22.396],[71.665,22.382],[71.643,22.399],[71.633,22.384],[71.62,22.381],[71.621,22.343],[71.607,22.338],[71.611,22.321],[71.609,22.303],[71.616,22.293],[71.618,22.279],[71.634,22.275],[71.639,22.261],[71.649,22.247],[71.639,22.236],[71.622,22.228],[71.623,22.211],[71.634,22.202],[71.656,22.216],[71.674,22.199],[71.692,22.2],[71.708,22.183],[71.734,22.182],[71.74,22.149],[71.754,22.145],[71.758,22.133],[71.774,22.137],[71.8,22.131],[71.811,22.138],[71.841,22.131],[71.837,22.115],[71.849,22.109],[71.851,22.095],[71.897,22.103],[71.903,22.11],[71.906,22.125],[71.94,22.117],[71.953,22.11],[71.981,22.105],[72.021,22.104],[72.032,22.124],[72.06,22.105],[72.058,22.095],[72.077,22.061],[72.088,22.057],[72.125,22.057],[72.132,22.052],[72.15,22.023],[72.172,21.995],[72.2,21.985],[72.22,21.984],[72.227,21.989],[72.229,21.993],[72.23,22.003],[72.214,21.999],[72.2,22.004],[72.221,22.019],[72.233,22.018],[72.231,22.049],[72.237,22.058],[72.277,22.079],[72.274,22.093],[72.302,22.107],[72.304,22.077],[72.298,22.063],[72.287,22.074],[72.242,22.051],[72.245,22.033],[72.261,22.019],[72.255,22.007],[72.252,21.987],[72.262,21.981],[72.26,21.973],[72.267,21.972],[72.277,22],[72.295,22.027],[72.303,22.056],[72.309,22.087],[72.315,22.102],[72.311,22.112],[72.322,22.122],[72.31,22.149],[72.313,22.181],[72.32,22.172],[72.316,22.147],[72.325,22.147],[72.342,22.135],[72.357,22.148],[72.353,22.165],[72.359,22.176],[72.372,22.172],[72.379,22.158],[72.39,22.183],[72.38,22.196],[72.364,22.202],[72.36,22.225],[72.369,22.24],[72.364,22.258],[72.36,22.261],[72.36,22.268],[72.378,22.261],[72.383,22.246],[72.376,22.232],[72.382,22.218],[72.39,22.215],[72.401,22.202],[72.417,22.227],[72.413,22.25],[72.416,22.285],[72.411,22.299],[72.388,22.299],[72.376,22.305],[72.373,22.315],[72.379,22.336],[72.394,22.345],[72.397,22.358],[72.385,22.371],[72.376,22.373],[72.362,22.375]],[[72.96,20.213],[72.964,20.226],[72.959,20.234],[72.93,20.247],[72.913,20.269],[72.92,20.284],[72.935,20.294],[72.947,20.288],[72.964,20.272],[72.979,20.278],[72.98,20.292],[73.007,20.291],[73.016,20.294],[73.036,20.293],[73.037,20.317],[73.045,20.326],[73.065,20.33],[73.081,20.327],[73.089,20.34],[73.091,20.356],[73.104,20.353],[73.112,20.333],[73.106,20.304],[73.124,20.306],[73.132,20.318],[73.152,20.317],[73.167,20.312],[73.169,20.287],[73.157,20.284],[73.151,20.292],[73.137,20.281],[73.127,20.261],[73.115,20.257],[73.092,20.229],[73.077,20.234],[73.06,20.222],[73.054,20.203],[73.064,20.193],[73.062,20.164],[73.072,20.157],[73.083,20.174],[73.095,20.16],[73.11,20.159],[73.142,20.18],[73.132,20.202],[73.159,20.2],[73.171,20.203],[73.186,20.198],[73.2,20.197],[73.218,20.187],[73.217,20.176],[73.208,20.168],[73.189,20.162],[73.186,20.151],[73.191,20.13],[73.207,20.122],[73.209,20.098],[73.188,20.078],[73.189,20.062],[73.171,20.052],[73.153,20.073],[73.134,20.078],[73.107,20.079],[73.088,20.094],[73.048,20.097],[73.049,20.068],[73.035,20.072],[73.021,20.085],[73.009,20.105],[73,20.111],[73.007,20.135],[73,20.141],[72.994,20.118],[72.975,20.114],[72.962,20.131],[72.975,20.158],[72.975,20.177],[72.965,20.18],[72.96,20.213]],[[74.179,22.391],[74.167,22.396],[74.159,22.413],[74.173,22.419],[74.179,22.391]]],[[[72.717,21.665],[72.71,21.66],[72.722,21.643],[72.746,21.647],[72.746,21.659],[72.717,21.665]]],[[[72.677,21.156],[72.665,21.148],[72.673,21.12],[72.676,21.105],[72.686,21.091],[72.698,21.108],[72.697,21.119],[72.705,21.134],[72.703,21.146],[72.677,21.156]]]]}},
{"type":"Feature","properties":{"name":"Coorg","std":"Coorg","kind":"state","covers":["Karnataka"],"part":"C"},"geometry":{"type":"Polygon","coordinates":[[[75.417,12.502],[75.427,12.471],[75.425,12.465],[75.406,12.453],[75.394,12.45],[75.388,12.456],[75.369,12.457],[75.373,12.434],[75.368,12.412],[75.381,12.392],[75.393,12.388],[75.399,12.38],[75.414,12.38],[75.424,12.372],[75.42,12.353],[75.412,12.346],[75.419,12.326],[75.433,12.305],[75.422,12.291],[75.433,12.297],[75.461,12.294],[75.47,12.3],[75.486,12.291],[75.497,12.27],[75.507,12.268],[75.526,12.234],[75.528,12.225],[75.541,12.216],[75.536,12.204],[75.552,12.194],[75.556,12.181],[75.574,12.171],[75.58,12.156],[75.601,12.152],[75.621,12.154],[75.639,12.148],[75.646,12.136],[75.652,12.111],[75.672,12.095],[75.682,12.099],[75.688,12.108],[75.706,12.106],[75.705,12.089],[75.721,12.084],[75.721,12.068],[75.732,12.07],[75.743,12.078],[75.767,12.084],[75.8,12.08],[75.806,12.074],[75.801,12.055],[75.805,12.036],[75.815,12.03],[75.817,12.022],[75.832,12.009],[75.829,11.99],[75.836,11.98],[75.849,11.976],[75.856,11.963],[75.882,11.947],[75.909,11.941],[75.931,11.939],[75.954,11.94],[75.982,11.931],[76.004,11.93],[76.01,11.938],[76.024,11.941],[76.035,11.939],[76.079,11.968],[76.097,11.968],[76.114,11.977],[76.129,11.984],[76.15,12.006],[76.152,12.015],[76.163,12.023],[76.179,12.027],[76.187,12.038],[76.189,12.052],[76.18,12.069],[76.176,12.09],[76.178,12.101],[76.171,12.118],[76.145,12.156],[76.133,12.193],[76.118,12.19],[76.102,12.199],[76.074,12.239],[76.062,12.25],[76.052,12.247],[76.041,12.252],[76.023,12.252],[76.016,12.265],[76.016,12.289],[76,12.306],[76,12.325],[75.983,12.338],[75.962,12.345],[75.944,12.363],[75.935,12.378],[75.916,12.389],[75.911,12.402],[75.923,12.418],[75.931,12.437],[75.957,12.449],[75.973,12.452],[75.962,12.486],[75.964,12.503],[75.975,12.509],[75.977,12.518],[75.998,12.524],[75.99,12.536],[76.011,12.554],[76.021,12.566],[76.005,12.575],[75.998,12.583],[75.979,12.56],[75.967,12.559],[75.954,12.591],[75.943,12.602],[75.949,12.611],[75.95,12.626],[75.94,12.644],[75.95,12.667],[75.944,12.677],[75.961,12.681],[75.967,12.7],[75.962,12.71],[75.944,12.716],[75.937,12.734],[75.941,12.749],[75.939,12.761],[75.953,12.764],[75.965,12.781],[75.973,12.782],[75.971,12.796],[75.975,12.804],[75.953,12.802],[75.948,12.807],[75.931,12.808],[75.928,12.819],[75.906,12.816],[75.9,12.827],[75.877,12.832],[75.877,12.823],[75.865,12.82],[75.865,12.797],[75.874,12.78],[75.875,12.77],[75.866,12.766],[75.855,12.75],[75.858,12.742],[75.852,12.729],[75.857,12.723],[75.887,12.705],[75.887,12.677],[75.88,12.671],[75.839,12.669],[75.812,12.7],[75.794,12.689],[75.778,12.688],[75.775,12.679],[75.762,12.675],[75.749,12.679],[75.732,12.699],[75.723,12.698],[75.707,12.708],[75.695,12.702],[75.673,12.7],[75.66,12.686],[75.649,12.666],[75.643,12.63],[75.654,12.622],[75.658,12.604],[75.664,12.595],[75.665,12.574],[75.673,12.555],[75.658,12.542],[75.645,12.538],[75.633,12.521],[75.618,12.51],[75.606,12.512],[75.593,12.537],[75.573,12.513],[75.558,12.501],[75.558,12.49],[75.529,12.498],[75.524,12.489],[75.496,12.482],[75.492,12.46],[75.465,12.472],[75.463,12.485],[75.472,12.498],[75.463,12.507],[75.436,12.528],[75.434,12.517],[75.422,12.514],[75.417,12.502]]]}},
{"type":"Feature","properties":{"name":"Delhi","std":"Delhi","kind":"state","covers":["Delhi"],"part":"C"},"geometry":{"type":"Polygon","coordinates":[[[77.328,28.674],[77.337,28.68],[77.33,28.698],[77.334,28.71],[77.316,28.712],[77.303,28.704],[77.295,28.707],[77.295,28.719],[77.287,28.729],[77.27,28.733],[77.262,28.74],[77.259,28.752],[77.248,28.754],[77.239,28.767],[77.223,28.781],[77.214,28.784],[77.211,28.787],[77.205,28.797],[77.205,28.81],[77.224,28.808],[77.228,28.83],[77.215,28.858],[77.197,28.862],[77.194,28.857],[77.175,28.855],[77.149,28.836],[77.145,28.853],[77.139,28.86],[77.12,28.861],[77.11,28.867],[77.094,28.869],[77.086,28.879],[77.076,28.868],[77.06,28.868],[77.048,28.848],[77.042,28.832],[77.017,28.83],[77,28.834],[76.99,28.832],[76.984,28.821],[76.971,28.827],[76.966,28.815],[76.952,28.816],[76.948,28.798],[76.953,28.79],[76.957,28.769],[76.948,28.755],[76.96,28.742],[76.961,28.731],[76.951,28.712],[76.965,28.7],[76.964,28.695],[76.952,28.67],[76.933,28.664],[76.928,28.648],[76.944,28.632],[76.933,28.624],[76.92,28.633],[76.903,28.628],[76.888,28.633],[76.871,28.597],[76.86,28.585],[76.845,28.586],[76.843,28.577],[76.847,28.552],[76.866,28.543],[76.869,28.537],[76.889,28.519],[76.889,28.504],[76.907,28.513],[76.918,28.51],[76.932,28.514],[76.954,28.508],[76.978,28.522],[77.015,28.509],[77.021,28.519],[77.008,28.527],[77.016,28.538],[77.025,28.528],[77.043,28.523],[77.051,28.514],[77.067,28.509],[77.082,28.515],[77.117,28.489],[77.115,28.483],[77.111,28.471],[77.118,28.452],[77.128,28.437],[77.152,28.43],[77.175,28.403],[77.189,28.407],[77.216,28.408],[77.25,28.423],[77.254,28.436],[77.25,28.448],[77.236,28.455],[77.237,28.464],[77.252,28.479],[77.264,28.48],[77.288,28.493],[77.317,28.485],[77.348,28.503],[77.347,28.51],[77.331,28.53],[77.313,28.545],[77.305,28.556],[77.305,28.577],[77.317,28.591],[77.346,28.603],[77.347,28.616],[77.341,28.626],[77.324,28.638],[77.328,28.674]]]}},
{"type":"Feature","properties":{"name":"Himachal Pradesh","std":"Himachal Pradesh","kind":"state","covers":["Himachal Pradesh"],"part":"C"},"geometry":{"type":"MultiPolygon","coordinates":[[[[76.748,33.179],[76.732,33.177],[76.715,33.181],[76.703,33.173],[76.669,33.171],[76.659,33.164],[76.645,33.162],[76.617,33.173],[76.615,33.187],[76.602,33.192],[76.604,33.204],[76.565,33.209],[76.552,33.199],[76.538,33.2],[76.514,33.196],[76.487,33.18],[76.473,33.183],[76.46,33.18],[76.439,33.181],[76.425,33.188],[76.402,33.183],[76.378,33.163],[76.376,33.157],[76.353,33.146],[76.333,33.13],[76.309,33.12],[76.292,33.104],[76.273,33.052],[76.255,33.032],[76.233,33.028],[76.206,33.027],[76.169,33.023],[76.145,33.01],[76.111,33.003],[76.099,32.969],[76.087,32.962],[76.06,32.94],[76.045,32.938],[76.034,32.918],[76.021,32.914],[76,32.9],[75.963,32.885],[75.951,32.884],[75.94,32.898],[75.917,32.916],[75.884,32.931],[75.851,32.935],[75.825,32.93],[75.815,32.92],[75.817,32.904],[75.804,32.894],[75.811,32.871],[75.825,32.854],[75.838,32.843],[75.854,32.837],[75.89,32.814],[75.917,32.77],[75.929,32.757],[75.931,32.742],[75.926,32.721],[75.915,32.7],[75.915,32.681],[75.94,32.658],[75.94,32.644],[75.924,32.619],[75.889,32.576],[75.886,32.559],[75.872,32.538],[75.867,32.521],[75.871,32.499],[75.903,32.472],[75.911,32.461],[75.931,32.448],[75.95,32.424],[75.942,32.411],[75.927,32.409],[75.938,32.396],[75.959,32.39],[75.975,32.391],[75.991,32.376],[76.005,32.354],[76.02,32.338],[76.024,32.321],[76.017,32.291],[76.031,32.27],[76.047,32.264],[76.087,32.271],[76.124,32.251],[76.125,32.235],[76.144,32.225],[76.169,32.237],[76.173,32.225],[76.184,32.232],[76.181,32.245],[76.187,32.273],[76.168,32.284],[76.16,32.318],[76.173,32.34],[76.17,32.351],[76.211,32.379],[76.223,32.396],[76.259,32.393],[76.262,32.38],[76.284,32.368],[76.295,32.34],[76.325,32.336],[76.339,32.326],[76.356,32.327],[76.379,32.297],[76.407,32.283],[76.42,32.28],[76.425,32.264],[76.45,32.262],[76.464,32.249],[76.482,32.252],[76.504,32.233],[76.526,32.233],[76.557,32.229],[76.59,32.221],[76.614,32.199],[76.625,32.192],[76.673,32.179],[76.682,32.18],[76.698,32.197],[76.714,32.199],[76.737,32.188],[76.761,32.207],[76.773,32.227],[76.77,32.254],[76.78,32.268],[76.771,32.282],[76.776,32.291],[76.772,32.309],[76.786,32.317],[76.773,32.339],[76.754,32.358],[76.773,32.359],[76.788,32.375],[76.785,32.39],[76.787,32.406],[76.811,32.419],[76.824,32.437],[76.848,32.448],[76.865,32.461],[76.854,32.476],[76.88,32.517],[76.866,32.533],[76.839,32.526],[76.828,32.539],[76.809,32.534],[76.796,32.537],[76.782,32.553],[76.768,32.547],[76.758,32.558],[76.74,32.561],[76.725,32.552],[76.715,32.538],[76.701,32.546],[76.71,32.57],[76.706,32.573],[76.68,32.57],[76.649,32.58],[76.63,32.574],[76.625,32.586],[76.632,32.603],[76.609,32.606],[76.604,32.626],[76.594,32.642],[76.55,32.658],[76.53,32.658],[76.517,32.667],[76.492,32.662],[76.464,32.653],[76.443,32.66],[76.446,32.674],[76.426,32.688],[76.431,32.699],[76.426,32.712],[76.404,32.728],[76.404,32.738],[76.385,32.775],[76.385,32.792],[76.376,32.797],[76.377,32.82],[76.393,32.823],[76.41,32.842],[76.444,32.854],[76.456,32.852],[76.465,32.826],[76.471,32.821],[76.473,32.805],[76.513,32.803],[76.547,32.813],[76.563,32.824],[76.576,32.828],[76.612,32.854],[76.63,32.843],[76.64,32.842],[76.657,32.849],[76.671,32.846],[76.685,32.854],[76.698,32.878],[76.718,32.89],[76.719,32.923],[76.763,32.93],[76.791,32.961],[76.78,32.961],[76.773,33.01],[76.757,33.026],[76.756,33.045],[76.746,33.054],[76.738,33.075],[76.736,33.097],[76.749,33.14],[76.748,33.179]]],[[[78.668,32.089],[78.66,32.074],[78.644,32.066],[78.626,32.064],[78.606,32.053],[78.588,32.06],[78.56,32.061],[78.543,32.063],[78.516,32.053],[78.49,32.047],[78.47,32.048],[78.455,32.055],[78.444,32.053],[78.426,32.016],[78.427,32.006],[78.42,31.99],[78.436,31.973],[78.461,31.959],[78.448,31.937],[78.422,31.938],[78.402,31.955],[78.371,31.96],[78.354,31.941],[78.34,31.936],[78.312,31.938],[78.303,31.927],[78.273,31.936],[78.203,31.933],[78.185,31.916],[78.187,31.904],[78.183,31.888],[78.189,31.872],[78.173,31.863],[78.149,31.868],[78.124,31.867],[78.106,31.859],[78.09,31.858],[78.085,31.845],[78.096,31.838],[78.095,31.823],[78.086,31.809],[78.084,31.788],[78.058,31.784],[78.033,31.761],[78.026,31.76],[78.01,31.776],[77.978,31.778],[77.946,31.785],[77.942,31.758],[77.937,31.749],[77.921,31.748],[77.898,31.759],[77.876,31.773],[77.867,31.783],[77.858,31.775],[77.849,31.755],[77.829,31.76],[77.799,31.759],[77.789,31.752],[77.768,31.758],[77.753,31.752],[77.756,31.72],[77.751,31.714],[77.735,31.715],[77.716,31.704],[77.686,31.704],[77.648,31.658],[77.663,31.635],[77.653,31.629],[77.649,31.613],[77.649,31.599],[77.656,31.578],[77.684,31.55],[77.699,31.542],[77.704,31.53],[77.701,31.519],[77.709,31.502],[77.689,31.486],[77.671,31.463],[77.632,31.45],[77.625,31.439],[77.623,31.424],[77.634,31.397],[77.62,31.388],[77.61,31.394],[77.591,31.395],[77.571,31.386],[77.563,31.389],[77.548,31.382],[77.532,31.353],[77.518,31.351],[77.499,31.356],[77.476,31.35],[77.454,31.348],[77.43,31.342],[77.419,31.346],[77.402,31.362],[77.387,31.361],[77.391,31.383],[77.383,31.394],[77.385,31.407],[77.381,31.418],[77.337,31.449],[77.326,31.471],[77.322,31.498],[77.318,31.507],[77.32,31.53],[77.306,31.546],[77.302,31.557],[77.306,31.58],[77.302,31.593],[77.307,31.611],[77.299,31.653],[77.306,31.662],[77.285,31.69],[77.274,31.701],[77.246,31.713],[77.213,31.731],[77.211,31.755],[77.198,31.779],[77.197,31.797],[77.189,31.808],[77.188,31.821],[77.176,31.826],[77.18,31.842],[77.167,31.838],[77.095,31.837],[77.083,31.83],[77.06,31.835],[77.061,31.856],[77.031,31.893],[77.024,31.921],[77.004,31.946],[76.979,31.984],[76.982,32.011],[76.977,32.024],[76.964,32.028],[76.944,32.045],[76.939,32.063],[76.887,32.058],[76.852,32.048],[76.842,32.041],[76.826,32.049],[76.804,32.066],[76.801,32.074],[76.787,32.073],[76.77,32.065],[76.738,32.03],[76.731,32.029],[76.706,32.039],[76.703,32.049],[76.689,32.052],[76.68,32.048],[76.663,32.031],[76.669,32.001],[76.68,31.987],[76.694,31.933],[76.689,31.93],[76.675,31.894],[76.678,31.873],[76.66,31.871],[76.641,31.875],[76.634,31.851],[76.628,31.843],[76.627,31.816],[76.621,31.79],[76.637,31.75],[76.648,31.742],[76.667,31.739],[76.674,31.732],[76.676,31.715],[76.689,31.709],[76.694,31.682],[76.718,31.672],[76.728,31.665],[76.716,31.631],[76.73,31.585],[76.73,31.547],[76.741,31.518],[76.767,31.52],[76.786,31.502],[76.786,31.484],[76.798,31.476],[76.803,31.457],[76.797,31.446],[76.804,31.44],[76.804,31.423],[76.824,31.418],[76.834,31.422],[76.859,31.413],[76.881,31.412],[76.884,31.388],[76.865,31.381],[76.876,31.367],[76.876,31.354],[76.882,31.34],[76.876,31.331],[76.895,31.319],[76.919,31.314],[76.928,31.302],[76.916,31.284],[76.899,31.278],[76.899,31.268],[76.876,31.262],[76.87,31.246],[76.884,31.224],[76.861,31.219],[76.838,31.232],[76.826,31.225],[76.808,31.23],[76.779,31.22],[76.775,31.227],[76.758,31.229],[76.733,31.24],[76.723,31.23],[76.694,31.217],[76.672,31.215],[76.649,31.21],[76.626,31.199],[76.612,31.183],[76.604,31.18],[76.604,31.154],[76.613,31.148],[76.603,31.125],[76.621,31.116],[76.638,31.115],[76.64,31.107],[76.626,31.093],[76.619,31.075],[76.623,31.057],[76.613,31.05],[76.619,31.03],[76.627,31.019],[76.624,31.001],[76.639,30.989],[76.667,30.978],[76.682,30.966],[76.708,30.969],[76.726,30.96],[76.738,30.947],[76.739,30.939],[76.752,30.926],[76.762,30.926],[76.767,30.914],[76.783,30.903],[76.824,30.927],[76.828,30.918],[76.823,30.903],[76.836,30.884],[76.866,30.867],[76.916,30.893],[76.929,30.865],[76.94,30.851],[76.941,30.833],[76.956,30.825],[76.967,30.807],[76.982,30.804],[76.993,30.795],[77,30.809],[77.011,30.81],[77.013,30.785],[77.002,30.773],[77.018,30.762],[77.018,30.748],[77.026,30.738],[77.042,30.739],[77.047,30.751],[77.06,30.745],[77.09,30.741],[77.116,30.727],[77.138,30.703],[77.167,30.684],[77.169,30.664],[77.166,30.65],[77.176,30.634],[77.171,30.595],[77.153,30.579],[77.125,30.563],[77.135,30.544],[77.151,30.534],[77.183,30.528],[77.198,30.521],[77.213,30.502],[77.213,30.496],[77.212,30.48],[77.225,30.477],[77.24,30.484],[77.265,30.48],[77.277,30.462],[77.324,30.449],[77.335,30.458],[77.359,30.457],[77.37,30.437],[77.393,30.441],[77.407,30.43],[77.409,30.416],[77.439,30.436],[77.459,30.461],[77.469,30.453],[77.466,30.436],[77.453,30.42],[77.439,30.415],[77.43,30.404],[77.448,30.399],[77.474,30.401],[77.481,30.407],[77.504,30.413],[77.506,30.428],[77.523,30.444],[77.539,30.412],[77.556,30.392],[77.578,30.38],[77.588,30.38],[77.589,30.385],[77.576,30.4],[77.576,30.412],[77.594,30.425],[77.617,30.433],[77.644,30.431],[77.654,30.447],[77.675,30.444],[77.692,30.447],[77.696,30.453],[77.725,30.472],[77.735,30.473],[77.781,30.499],[77.802,30.501],[77.813,30.506],[77.826,30.533],[77.819,30.556],[77.8,30.556],[77.792,30.552],[77.775,30.558],[77.767,30.565],[77.757,30.585],[77.743,30.593],[77.746,30.602],[77.771,30.6],[77.77,30.615],[77.792,30.613],[77.785,30.624],[77.789,30.636],[77.78,30.66],[77.768,30.671],[77.747,30.681],[77.747,30.693],[77.755,30.706],[77.744,30.72],[77.721,30.741],[77.708,30.741],[77.702,30.764],[77.718,30.774],[77.729,30.789],[77.733,30.804],[77.758,30.832],[77.746,30.846],[77.756,30.859],[77.759,30.876],[77.772,30.876],[77.779,30.86],[77.803,30.854],[77.798,30.867],[77.801,30.891],[77.815,30.908],[77.805,30.921],[77.781,30.916],[77.76,30.918],[77.761,30.929],[77.751,30.935],[77.747,30.945],[77.751,30.959],[77.768,30.972],[77.811,30.965],[77.82,30.977],[77.822,30.989],[77.839,31.001],[77.833,31.011],[77.836,31.025],[77.83,31.029],[77.819,31.049],[77.839,31.07],[77.857,31.077],[77.865,31.091],[77.866,31.106],[77.893,31.12],[77.895,31.133],[77.917,31.154],[77.929,31.152],[77.97,31.174],[77.984,31.16],[78.007,31.162],[78.022,31.152],[78.031,31.154],[78.031,31.167],[78.045,31.181],[78.069,31.188],[78.107,31.188],[78.129,31.202],[78.134,31.209],[78.15,31.211],[78.163,31.227],[78.186,31.227],[78.2,31.219],[78.215,31.221],[78.222,31.232],[78.248,31.23],[78.263,31.242],[78.284,31.267],[78.309,31.261],[78.314,31.283],[78.332,31.28],[78.371,31.286],[78.384,31.283],[78.408,31.257],[78.413,31.243],[78.43,31.246],[78.435,31.255],[78.459,31.239],[78.482,31.216],[78.485,31.199],[78.529,31.199],[78.552,31.202],[78.571,31.222],[78.582,31.229],[78.616,31.231],[78.632,31.22],[78.651,31.215],[78.653,31.203],[78.666,31.193],[78.675,31.198],[78.691,31.198],[78.711,31.191],[78.736,31.192],[78.765,31.189],[78.786,31.192],[78.81,31.2],[78.818,31.194],[78.813,31.184],[78.816,31.173],[78.834,31.142],[78.853,31.125],[78.867,31.121],[78.877,31.107],[78.895,31.099],[78.912,31.1],[78.919,31.11],[78.936,31.102],[78.957,31.1],[78.981,31.11],[79.012,31.112],[79.004,31.132],[78.993,31.14],[78.993,31.165],[78.987,31.177],[78.961,31.188],[78.951,31.201],[78.95,31.217],[78.935,31.218],[78.925,31.229],[78.922,31.254],[78.895,31.266],[78.883,31.296],[78.864,31.317],[78.845,31.325],[78.856,31.349],[78.85,31.367],[78.843,31.376],[78.824,31.387],[78.792,31.397],[78.808,31.413],[78.813,31.44],[78.811,31.448],[78.796,31.457],[78.76,31.485],[78.732,31.482],[78.731,31.503],[78.723,31.516],[78.737,31.536],[78.766,31.544],[78.784,31.561],[78.813,31.571],[78.839,31.596],[78.847,31.61],[78.843,31.623],[78.811,31.644],[78.8,31.656],[78.796,31.685],[78.764,31.68],[78.75,31.687],[78.745,31.698],[78.738,31.726],[78.728,31.74],[78.741,31.759],[78.72,31.766],[78.708,31.789],[78.709,31.81],[78.718,31.821],[78.737,31.831],[78.74,31.842],[78.741,31.88],[78.748,31.894],[78.749,31.909],[78.762,31.921],[78.778,31.959],[78.788,31.995],[78.754,32],[78.742,32.013],[78.707,32.041],[78.703,32.053],[78.678,32.074],[78.668,32.089]]]]}},
{"type":"Feature","properties":{"name":"Hyderabad","std":"Hyderabad State","kind":"state","covers":["Karnataka","Maharashtra","Telangana"],"part":"B"},"geometry":{"type":"Polygon","coordinates":[[[78.85,19.76],[78.844,19.763],[78.813,19.759],[78.79,19.78],[78.769,19.777],[78.744,19.78],[78.722,19.768],[78.707,19.786],[78.653,19.802],[78.624,19.81],[78.609,19.818],[78.59,19.812],[78.531,19.822],[78.517,19.815],[78.509,19.793],[78.499,19.794],[78.481,19.817],[78.469,19.817],[78.433,19.824],[78.402,19.837],[78.391,19.853],[78.389,19.88],[78.37,19.883],[78.341,19.884],[78.328,19.895],[78.339,19.905],[78.333,19.916],[78.315,19.913],[78.302,19.917],[78.284,19.908],[78.281,19.885],[78.267,19.876],[78.251,19.874],[78.242,19.887],[78.26,19.912],[78.253,19.929],[78.236,19.919],[78.222,19.915],[78.201,19.903],[78.189,19.903],[78.178,19.91],[78.142,19.915],[78.131,19.902],[78.103,19.897],[78.078,19.901],[78.063,19.913],[78.053,19.931],[78.033,19.928],[78.019,19.916],[78,19.918],[77.983,19.916],[77.971,19.91],[77.954,19.911],[77.941,19.893],[77.924,19.891],[77.92,19.885],[77.903,19.88],[77.892,19.871],[77.886,19.857],[77.876,19.85],[77.87,19.824],[77.849,19.801],[77.862,19.779],[77.866,19.767],[77.859,19.753],[77.861,19.744],[77.878,19.738],[77.892,19.727],[77.902,19.735],[77.914,19.73],[77.934,19.739],[77.953,19.729],[77.965,19.706],[77.985,19.699],[77.988,19.681],[78,19.681],[78.032,19.699],[78.047,19.699],[78.055,19.685],[78.057,19.671],[78.067,19.668],[78.082,19.648],[78.095,19.645],[78.107,19.66],[78.122,19.658],[78.131,19.667],[78.153,19.665],[78.179,19.655],[78.195,19.626],[78.192,19.592],[78.186,19.584],[78.19,19.571],[78.185,19.564],[78.147,19.553],[78.132,19.558],[78.12,19.554],[78.135,19.535],[78.135,19.526],[78.125,19.517],[78.121,19.501],[78.114,19.491],[78.095,19.487],[78.068,19.467],[78.026,19.497],[78.015,19.484],[78.013,19.465],[77.987,19.46],[77.987,19.479],[77.974,19.494],[77.976,19.506],[77.959,19.511],[77.943,19.498],[77.932,19.509],[77.917,19.515],[77.913,19.531],[77.904,19.532],[77.89,19.519],[77.891,19.505],[77.862,19.52],[77.843,19.51],[77.844,19.484],[77.828,19.475],[77.848,19.456],[77.83,19.439],[77.82,19.445],[77.81,19.463],[77.798,19.45],[77.775,19.439],[77.749,19.431],[77.742,19.437],[77.733,19.434],[77.699,19.439],[77.698,19.457],[77.711,19.467],[77.714,19.476],[77.725,19.475],[77.737,19.48],[77.739,19.502],[77.753,19.51],[77.75,19.522],[77.734,19.532],[77.714,19.526],[77.7,19.538],[77.674,19.541],[77.666,19.545],[77.646,19.548],[77.648,19.564],[77.641,19.587],[77.645,19.608],[77.629,19.608],[77.627,19.627],[77.617,19.638],[77.586,19.651],[77.58,19.658],[77.568,19.65],[77.555,19.652],[77.54,19.669],[77.523,19.67],[77.495,19.679],[77.485,19.675],[77.479,19.682],[77.46,19.682],[77.446,19.688],[77.451,19.7],[77.436,19.729],[77.42,19.735],[77.413,19.744],[77.399,19.732],[77.386,19.735],[77.379,19.743],[77.387,19.766],[77.405,19.764],[77.408,19.778],[77.39,19.78],[77.384,19.788],[77.39,19.808],[77.39,19.821],[77.371,19.822],[77.362,19.815],[77.347,19.825],[77.365,19.858],[77.349,19.86],[77.348,19.873],[77.336,19.876],[77.324,19.885],[77.306,19.878],[77.297,19.883],[77.298,19.893],[77.315,19.89],[77.316,19.91],[77.297,19.9],[77.286,19.91],[77.275,19.914],[77.274,19.9],[77.263,19.9],[77.244,19.891],[77.238,19.896],[77.244,19.91],[77.239,19.938],[77.214,19.94],[77.209,19.947],[77.212,19.968],[77.218,19.978],[77.204,19.991],[77.178,19.977],[77.172,19.964],[77.157,19.967],[77.139,19.953],[77.134,19.943],[77.118,19.94],[77.102,19.933],[77.085,19.964],[77.073,19.975],[77.061,19.996],[77.046,20.007],[77.036,20.01],[77.015,20.003],[76.993,20.018],[76.989,19.996],[76.973,19.994],[76.962,19.985],[76.947,19.984],[76.901,19.963],[76.901,19.952],[76.879,19.949],[76.872,19.956],[76.837,19.961],[76.823,19.927],[76.773,19.933],[76.774,19.922],[76.767,19.904],[76.746,19.907],[76.742,19.897],[76.739,19.872],[76.712,19.869],[76.691,19.872],[76.685,19.849],[76.679,19.846],[76.663,19.85],[76.647,19.866],[76.633,19.866],[76.623,19.843],[76.611,19.838],[76.601,19.843],[76.569,19.844],[76.569,19.838],[76.54,19.845],[76.533,19.85],[76.534,19.864],[76.512,19.874],[76.5,19.883],[76.492,19.898],[76.493,19.917],[76.465,19.917],[76.452,19.92],[76.44,19.916],[76.408,19.92],[76.39,19.904],[76.384,19.919],[76.368,19.926],[76.358,19.908],[76.353,19.894],[76.34,19.882],[76.328,19.882],[76.298,19.87],[76.257,19.873],[76.241,19.871],[76.23,19.864],[76.215,19.866],[76.199,19.862],[76.188,19.851],[76.175,19.849],[76.152,19.856],[76.15,19.845],[76.14,19.844],[76.129,19.863],[76.1,19.856],[76.094,19.871],[76.083,19.881],[76.081,19.912],[76.064,19.916],[76.055,19.94],[76.043,19.95],[76.029,19.948],[76.014,19.953],[76.016,19.966],[75.988,19.981],[75.974,19.985],[75.967,19.994],[75.976,20.001],[75.994,20.005],[76.013,20.023],[76.025,20.023],[76.025,20.045],[76.02,20.059],[76.057,20.064],[76.071,20.074],[76.067,20.083],[76.055,20.086],[76.057,20.097],[76.078,20.101],[76.097,20.097],[76.102,20.129],[76.11,20.142],[76.107,20.153],[76.111,20.162],[76.123,20.16],[76.129,20.181],[76.134,20.184],[76.141,20.211],[76.134,20.222],[76.15,20.235],[76.166,20.237],[76.172,20.256],[76.184,20.268],[76.195,20.3],[76.161,20.298],[76.127,20.324],[76.129,20.341],[76.113,20.346],[76.083,20.365],[76.072,20.347],[76.05,20.336],[76.037,20.314],[76.031,20.288],[76.002,20.288],[76.004,20.305],[75.98,20.31],[75.975,20.316],[75.951,20.301],[75.933,20.304],[75.927,20.31],[75.927,20.323],[75.945,20.352],[75.942,20.371],[75.968,20.374],[75.954,20.39],[75.942,20.426],[75.949,20.447],[75.958,20.457],[75.958,20.466],[75.944,20.486],[75.944,20.504],[75.959,20.527],[75.971,20.523],[75.983,20.529],[75.999,20.53],[76.009,20.536],[76.018,20.53],[76.021,20.552],[76.04,20.555],[76.038,20.57],[76.042,20.582],[76.038,20.611],[76.032,20.625],[76.033,20.638],[76.018,20.646],[76.011,20.643],[75.991,20.623],[75.957,20.625],[75.955,20.606],[75.935,20.594],[75.934,20.555],[75.93,20.55],[75.915,20.558],[75.89,20.563],[75.887,20.597],[75.872,20.601],[75.869,20.624],[75.856,20.618],[75.843,20.618],[75.839,20.609],[75.845,20.596],[75.834,20.595],[75.834,20.581],[75.83,20.574],[75.838,20.564],[75.821,20.562],[75.806,20.57],[75.789,20.565],[75.791,20.577],[75.785,20.587],[75.772,20.579],[75.76,20.58],[75.759,20.614],[75.751,20.616],[75.733,20.61],[75.724,20.621],[75.706,20.615],[75.7,20.631],[75.706,20.662],[75.69,20.668],[75.667,20.67],[75.658,20.662],[75.663,20.643],[75.662,20.629],[75.648,20.62],[75.633,20.62],[75.625,20.625],[75.609,20.622],[75.615,20.609],[75.59,20.603],[75.559,20.613],[75.556,20.604],[75.537,20.61],[75.534,20.596],[75.523,20.59],[75.526,20.561],[75.509,20.554],[75.49,20.531],[75.485,20.543],[75.473,20.543],[75.461,20.553],[75.463,20.519],[75.452,20.529],[75.451,20.54],[75.429,20.532],[75.434,20.513],[75.413,20.523],[75.397,20.524],[75.396,20.566],[75.391,20.58],[75.373,20.575],[75.353,20.59],[75.329,20.592],[75.307,20.578],[75.286,20.568],[75.255,20.57],[75.252,20.555],[75.24,20.522],[75.232,20.52],[75.227,20.509],[75.231,20.493],[75.212,20.498],[75.202,20.492],[75.201,20.476],[75.179,20.478],[75.163,20.475],[75.161,20.437],[75.129,20.432],[75.108,20.407],[75.116,20.394],[75.126,20.357],[75.123,20.348],[75.1,20.343],[75.092,20.335],[75.059,20.334],[75.057,20.307],[75.048,20.308],[75,20.337],[74.989,20.33],[74.985,20.317],[74.987,20.302],[74.971,20.304],[74.935,20.27],[74.934,20.247],[74.908,20.243],[74.911,20.216],[74.931,20.214],[74.932,20.181],[74.927,20.178],[74.924,20.154],[74.911,20.153],[74.899,20.177],[74.856,20.177],[74.857,20.203],[74.853,20.209],[74.859,20.227],[74.83,20.234],[74.832,20.242],[74.816,20.244],[74.804,20.231],[74.79,20.208],[74.784,20.204],[74.767,20.203],[74.759,20.196],[74.764,20.183],[74.742,20.186],[74.738,20.195],[74.723,20.187],[74.715,20.168],[74.719,20.16],[74.715,20.135],[74.707,20.113],[74.73,20.111],[74.738,20.082],[74.711,20.078],[74.723,20.055],[74.71,20.04],[74.72,20.021],[74.701,20.018],[74.692,20.006],[74.693,19.996],[74.685,19.989],[74.69,19.971],[74.675,19.963],[74.673,19.947],[74.674,19.935],[74.682,19.925],[74.656,19.922],[74.649,19.91],[74.65,19.886],[74.648,19.861],[74.663,19.861],[74.661,19.839],[74.607,19.85],[74.601,19.802],[74.592,19.787],[74.598,19.773],[74.615,19.772],[74.628,19.789],[74.636,19.794],[74.656,19.778],[74.667,19.778],[74.674,19.771],[74.692,19.769],[74.695,19.759],[74.705,19.76],[74.704,19.775],[74.713,19.782],[74.72,19.777],[74.723,19.747],[74.716,19.735],[74.706,19.726],[74.73,19.723],[74.73,19.699],[74.751,19.691],[74.762,19.696],[74.787,19.717],[74.807,19.703],[74.801,19.694],[74.788,19.688],[74.782,19.672],[74.781,19.652],[74.789,19.65],[74.8,19.655],[74.817,19.67],[74.825,19.672],[74.837,19.666],[74.853,19.648],[74.865,19.649],[74.889,19.656],[74.891,19.646],[74.906,19.644],[74.917,19.65],[74.932,19.648],[74.938,19.64],[74.949,19.646],[74.97,19.646],[74.984,19.638],[75,19.622],[75.023,19.621],[75.038,19.624],[75.045,19.61],[75.067,19.603],[75.092,19.609],[75.106,19.601],[75.117,19.603],[75.13,19.592],[75.143,19.595],[75.153,19.589],[75.172,19.596],[75.194,19.593],[75.209,19.572],[75.205,19.564],[75.22,19.553],[75.232,19.54],[75.251,19.53],[75.266,19.529],[75.269,19.548],[75.279,19.551],[75.285,19.535],[75.277,19.513],[75.306,19.508],[75.314,19.494],[75.327,19.494],[75.331,19.479],[75.338,19.479],[75.343,19.497],[75.356,19.501],[75.362,19.48],[75.35,19.481],[75.341,19.463],[75.326,19.463],[75.328,19.441],[75.335,19.437],[75.349,19.448],[75.356,19.441],[75.357,19.43],[75.343,19.406],[75.366,19.397],[75.384,19.41],[75.408,19.417],[75.43,19.416],[75.448,19.427],[75.449,19.413],[75.475,19.415],[75.479,19.421],[75.491,19.412],[75.487,19.382],[75.492,19.377],[75.517,19.384],[75.535,19.375],[75.519,19.33],[75.544,19.326],[75.542,19.308],[75.527,19.296],[75.517,19.277],[75.476,19.252],[75.464,19.252],[75.445,19.217],[75.429,19.219],[75.418,19.213],[75.405,19.199],[75.406,19.19],[75.423,19.179],[75.428,19.171],[75.449,19.17],[75.454,19.145],[75.451,19.14],[75.428,19.137],[75.437,19.115],[75.454,19.126],[75.485,19.126],[75.487,19.104],[75.457,19.084],[75.448,19.092],[75.421,19.084],[75.41,19.079],[75.384,19.078],[75.371,19.082],[75.369,19.089],[75.397,19.124],[75.406,19.123],[75.411,19.134],[75.399,19.139],[75.374,19.127],[75.353,19.126],[75.354,19.144],[75.338,19.153],[75.332,19.15],[75.332,19.135],[75.34,19.123],[75.35,19.122],[75.362,19.108],[75.366,19.081],[75.361,19.076],[75.336,19.081],[75.321,19.093],[75.308,19.093],[75.292,19.075],[75.294,19.062],[75.287,19.032],[75.318,19.029],[75.33,19.032],[75.347,19.023],[75.346,19.001],[75.339,18.988],[75.314,18.978],[75.289,18.979],[75.273,18.992],[75.272,19.014],[75.261,19.025],[75.268,19.032],[75.271,19.053],[75.264,19.07],[75.24,19.062],[75.227,19.066],[75.23,19.081],[75.223,19.109],[75.218,19.111],[75.19,19.093],[75.197,19.065],[75.188,19.052],[75.209,19.034],[75.207,19.02],[75.181,19.013],[75.171,19.023],[75.169,19.036],[75.151,19.04],[75.145,19.036],[75.101,19.044],[75.076,19.053],[75.076,19.066],[75.089,19.068],[75.081,19.08],[75.097,19.079],[75.101,19.102],[75.11,19.111],[75.11,19.124],[75.093,19.125],[75.079,19.12],[75.078,19.107],[75.061,19.099],[75.026,19.105],[75.011,19.104],[75.003,19.111],[74.981,19.111],[74.961,19.119],[74.949,19.129],[74.942,19.126],[74.933,19.108],[74.926,19.1],[74.922,19.088],[74.916,19.04],[74.925,19.033],[74.952,19.033],[74.949,19.006],[74.961,18.996],[74.953,18.968],[74.939,18.976],[74.917,18.96],[74.907,18.964],[74.9,18.979],[74.878,18.983],[74.843,18.968],[74.827,18.988],[74.814,18.977],[74.817,18.964],[74.835,18.959],[74.839,18.946],[74.828,18.938],[74.849,18.924],[74.851,18.912],[74.869,18.899],[74.879,18.911],[74.886,18.909],[74.888,18.885],[74.898,18.879],[74.899,18.847],[74.923,18.848],[74.923,18.828],[74.943,18.829],[74.955,18.822],[74.967,18.825],[74.979,18.803],[74.987,18.798],[75,18.806],[75.01,18.803],[75.003,18.785],[75.016,18.771],[75.037,18.763],[75.042,18.752],[75.052,18.746],[75.059,18.732],[75.066,18.73],[75.074,18.718],[75.102,18.703],[75.108,18.69],[75.123,18.685],[75.131,18.67],[75.138,18.667],[75.144,18.653],[75.159,18.65],[75.165,18.662],[75.168,18.689],[75.166,18.696],[75.176,18.707],[75.174,18.736],[75.214,18.737],[75.221,18.73],[75.254,18.721],[75.277,18.732],[75.293,18.762],[75.327,18.798],[75.338,18.793],[75.347,18.782],[75.36,18.788],[75.377,18.767],[75.387,18.772],[75.391,18.789],[75.392,18.812],[75.398,18.831],[75.428,18.808],[75.443,18.785],[75.448,18.753],[75.464,18.753],[75.49,18.735],[75.504,18.723],[75.528,18.731],[75.538,18.747],[75.552,18.743],[75.555,18.733],[75.553,18.713],[75.563,18.702],[75.587,18.697],[75.589,18.688],[75.549,18.682],[75.544,18.659],[75.554,18.656],[75.551,18.644],[75.526,18.639],[75.508,18.622],[75.491,18.626],[75.482,18.612],[75.468,18.607],[75.463,18.594],[75.452,18.589],[75.439,18.552],[75.423,18.535],[75.394,18.546],[75.346,18.562],[75.335,18.539],[75.336,18.525],[75.314,18.519],[75.301,18.503],[75.303,18.485],[75.299,18.456],[75.302,18.429],[75.285,18.412],[75.307,18.392],[75.323,18.395],[75.334,18.391],[75.34,18.381],[75.36,18.37],[75.364,18.36],[75.38,18.346],[75.39,18.329],[75.408,18.324],[75.394,18.308],[75.401,18.297],[75.398,18.289],[75.397,18.265],[75.429,18.264],[75.433,18.254],[75.424,18.241],[75.428,18.22],[75.439,18.208],[75.429,18.181],[75.445,18.175],[75.468,18.162],[75.475,18.176],[75.491,18.174],[75.491,18.156],[75.505,18.161],[75.512,18.158],[75.521,18.142],[75.533,18.134],[75.551,18.145],[75.547,18.164],[75.552,18.177],[75.554,18.197],[75.562,18.208],[75.575,18.24],[75.587,18.246],[75.605,18.244],[75.63,18.245],[75.634,18.264],[75.619,18.274],[75.634,18.305],[75.655,18.333],[75.69,18.324],[75.708,18.34],[75.72,18.338],[75.722,18.349],[75.732,18.361],[75.727,18.389],[75.711,18.393],[75.728,18.434],[75.752,18.436],[75.764,18.44],[75.769,18.432],[75.774,18.412],[75.786,18.395],[75.799,18.384],[75.817,18.383],[75.831,18.377],[75.852,18.365],[75.872,18.368],[75.884,18.366],[75.902,18.336],[75.905,18.325],[75.924,18.302],[75.93,18.273],[75.927,18.261],[75.946,18.242],[75.948,18.232],[75.939,18.216],[75.948,18.198],[75.948,18.182],[75.96,18.161],[75.957,18.147],[75.942,18.125],[75.95,18.107],[75.962,18.09],[75.987,18.093],[75.994,18.092],[76,18.072],[75.992,18.062],[76.012,18.05],[76.016,18.04],[76.004,18.017],[75.997,17.993],[75.986,17.99],[75.984,17.975],[75.976,17.971],[75.961,17.98],[75.927,17.973],[75.913,17.978],[75.907,18.004],[75.891,18.007],[75.877,18.013],[75.857,18.01],[75.848,18],[75.839,17.978],[75.847,17.978],[75.84,17.958],[75.839,17.929],[75.851,17.92],[75.844,17.901],[75.845,17.892],[75.856,17.875],[75.858,17.864],[75.876,17.846],[75.889,17.845],[75.92,17.832],[75.926,17.833],[75.932,17.851],[75.94,17.852],[75.96,17.831],[75.968,17.819],[75.977,17.82],[75.975,17.838],[75.984,17.842],[76.018,17.829],[76.017,17.814],[76.009,17.803],[76.003,17.754],[76.009,17.751],[76.028,17.766],[76.056,17.765],[76.084,17.776],[76.096,17.779],[76.108,17.763],[76.116,17.769],[76.131,17.764],[76.146,17.754],[76.148,17.733],[76.176,17.731],[76.166,17.714],[76.15,17.718],[76.145,17.709],[76.15,17.699],[76.166,17.7],[76.166,17.693],[76.19,17.682],[76.2,17.688],[76.22,17.691],[76.226,17.698],[76.24,17.698],[76.257,17.717],[76.271,17.728],[76.299,17.729],[76.316,17.716],[76.319,17.697],[76.34,17.694],[76.356,17.696],[76.362,17.687],[76.379,17.686],[76.381,17.66],[76.405,17.657],[76.412,17.649],[76.43,17.646],[76.425,17.623],[76.417,17.606],[76.383,17.602],[76.374,17.6],[76.332,17.596],[76.335,17.565],[76.341,17.544],[76.362,17.538],[76.367,17.518],[76.347,17.513],[76.347,17.493],[76.367,17.497],[76.373,17.488],[76.351,17.474],[76.332,17.471],[76.334,17.434],[76.365,17.437],[76.374,17.436],[76.371,17.41],[76.363,17.377],[76.409,17.371],[76.412,17.35],[76.394,17.338],[76.383,17.314],[76.353,17.313],[76.351,17.33],[76.344,17.352],[76.314,17.345],[76.318,17.331],[76.276,17.332],[76.271,17.358],[76.251,17.36],[76.245,17.376],[76.231,17.372],[76.229,17.365],[76.183,17.358],[76.173,17.35],[76.174,17.334],[76.179,17.316],[76.176,17.299],[76.164,17.302],[76.163,17.343],[76.138,17.354],[76.121,17.368],[76.102,17.364],[76.094,17.349],[76.079,17.332],[76.073,17.334],[76.066,17.309],[76.09,17.297],[76.098,17.283],[76.088,17.267],[76.09,17.256],[76.114,17.25],[76.125,17.245],[76.167,17.211],[76.178,17.193],[76.195,17.183],[76.22,17.184],[76.224,17.174],[76.244,17.149],[76.255,17.147],[76.271,17.161],[76.283,17.165],[76.324,17.168],[76.333,17.17],[76.355,17.185],[76.366,17.176],[76.367,17.158],[76.36,17.145],[76.367,17.137],[76.387,17.142],[76.393,17.133],[76.364,17.117],[76.367,17.107],[76.385,17.099],[76.388,17.091],[76.387,17.074],[76.399,17.072],[76.415,17.09],[76.43,17.099],[76.43,17.029],[76.438,17.007],[76.435,16.98],[76.401,16.976],[76.401,16.935],[76.419,16.926],[76.428,16.928],[76.437,16.941],[76.446,16.941],[76.453,16.926],[76.459,16.924],[76.466,16.903],[76.462,16.899],[76.435,16.898],[76.434,16.881],[76.438,16.867],[76.459,16.866],[76.464,16.849],[76.47,16.839],[76.462,16.833],[76.431,16.838],[76.43,16.848],[76.405,16.854],[76.375,16.859],[76.358,16.838],[76.355,16.819],[76.414,16.813],[76.412,16.798],[76.397,16.804],[76.379,16.801],[76.372,16.767],[76.419,16.767],[76.435,16.763],[76.441,16.742],[76.43,16.736],[76.421,16.715],[76.443,16.713],[76.447,16.722],[76.459,16.721],[76.46,16.711],[76.438,16.707],[76.427,16.695],[76.426,16.684],[76.409,16.658],[76.405,16.648],[76.41,16.613],[76.418,16.599],[76.414,16.59],[76.422,16.577],[76.424,16.55],[76.436,16.511],[76.432,16.5],[76.433,16.452],[76.437,16.435],[76.404,16.432],[76.392,16.435],[76.384,16.422],[76.355,16.42],[76.351,16.425],[76.334,16.424],[76.333,16.409],[76.338,16.398],[76.334,16.39],[76.31,16.395],[76.306,16.376],[76.316,16.345],[76.307,16.344],[76.294,16.325],[76.305,16.316],[76.301,16.298],[76.302,16.283],[76.322,16.285],[76.348,16.274],[76.346,16.246],[76.352,16.239],[76.354,16.226],[76.347,16.211],[76.329,16.191],[76.298,16.182],[76.288,16.155],[76.282,16.15],[76.265,16.154],[76.241,16.165],[76.235,16.13],[76.247,16.126],[76.246,16.111],[76.255,16.11],[76.263,16.098],[76.271,16.108],[76.291,16.104],[76.335,16.09],[76.33,16.076],[76.294,16.087],[76.261,16.089],[76.261,16.073],[76.303,16.073],[76.308,16.065],[76.305,16.046],[76.307,16.024],[76.313,16.015],[76.312,15.997],[76.297,15.997],[76.302,15.969],[76.312,15.954],[76.322,15.953],[76.328,15.931],[76.303,15.922],[76.286,15.926],[76.286,15.901],[76.261,15.904],[76.258,15.921],[76.232,15.921],[76.228,15.939],[76.203,15.941],[76.194,15.93],[76.174,15.929],[76.174,15.923],[76.156,15.911],[76.146,15.893],[76.129,15.891],[76.118,15.885],[76.102,15.898],[76.078,15.9],[76.06,15.905],[76.07,15.932],[76.074,15.962],[76.086,15.992],[76.081,16.01],[76.058,16.01],[76.053,16.002],[76.022,16.008],[76.015,16.002],[75.994,16.004],[75.98,15.99],[75.976,15.982],[75.976,15.948],[75.978,15.933],[75.975,15.921],[75.98,15.877],[75.978,15.867],[75.963,15.864],[75.945,15.865],[75.941,15.874],[75.929,15.874],[75.931,15.884],[75.919,15.906],[75.903,15.923],[75.892,15.918],[75.877,15.933],[75.852,15.935],[75.827,15.926],[75.809,15.922],[75.788,15.922],[75.774,15.914],[75.781,15.897],[75.804,15.895],[75.825,15.901],[75.832,15.874],[75.837,15.864],[75.848,15.869],[75.846,15.838],[75.876,15.827],[75.912,15.804],[75.928,15.793],[75.964,15.784],[75.965,15.795],[75.99,15.802],[75.996,15.78],[76.011,15.783],[76.04,15.768],[76.046,15.725],[76.039,15.717],[76.025,15.71],[76.007,15.717],[75.992,15.708],[75.983,15.691],[75.996,15.679],[76.013,15.682],[76.018,15.677],[76.012,15.664],[76,15.662],[75.969,15.665],[75.967,15.678],[75.945,15.678],[75.941,15.693],[75.925,15.694],[75.916,15.701],[75.921,15.728],[75.912,15.733],[75.908,15.745],[75.897,15.75],[75.888,15.719],[75.871,15.715],[75.872,15.673],[75.887,15.671],[75.89,15.649],[75.887,15.635],[75.899,15.624],[75.899,15.607],[75.868,15.595],[75.868,15.561],[75.86,15.514],[75.818,15.508],[75.81,15.487],[75.814,15.467],[75.826,15.45],[75.841,15.443],[75.86,15.444],[75.859,15.425],[75.867,15.425],[75.866,15.408],[75.884,15.407],[75.903,15.402],[75.901,15.374],[75.902,15.353],[75.887,15.351],[75.892,15.335],[75.89,15.288],[75.897,15.274],[75.905,15.237],[75.913,15.239],[75.926,15.195],[75.926,15.181],[75.944,15.173],[75.949,15.166],[75.95,15.137],[75.965,15.142],[75.978,15.153],[76,15.147],[76.009,15.149],[76.028,15.143],[76.046,15.146],[76.06,15.157],[76.088,15.161],[76.102,15.167],[76.11,15.191],[76.118,15.201],[76.13,15.203],[76.152,15.196],[76.159,15.197],[76.163,15.216],[76.188,15.235],[76.232,15.233],[76.232,15.224],[76.221,15.206],[76.223,15.194],[76.231,15.191],[76.249,15.191],[76.259,15.205],[76.268,15.206],[76.281,15.218],[76.291,15.241],[76.311,15.261],[76.334,15.263],[76.34,15.272],[76.353,15.312],[76.363,15.325],[76.392,15.328],[76.407,15.324],[76.434,15.339],[76.45,15.338],[76.481,15.348],[76.491,15.342],[76.549,15.384],[76.556,15.394],[76.572,15.4],[76.592,15.412],[76.612,15.442],[76.642,15.444],[76.67,15.45],[76.683,15.469],[76.703,15.485],[76.727,15.491],[76.781,15.493],[76.796,15.5],[76.813,15.515],[76.809,15.52],[76.809,15.538],[76.814,15.547],[76.836,15.561],[76.834,15.616],[76.839,15.63],[76.86,15.643],[76.874,15.665],[76.893,15.683],[76.912,15.69],[76.919,15.7],[76.921,15.718],[76.928,15.735],[76.948,15.761],[76.959,15.767],[76.993,15.8],[77,15.809],[77.028,15.834],[77.037,15.857],[77.056,15.881],[77.07,15.904],[77.081,15.914],[77.109,15.929],[77.134,15.935],[77.147,15.945],[77.175,15.95],[77.185,15.955],[77.207,15.954],[77.24,15.957],[77.253,15.962],[77.267,15.956],[77.287,15.952],[77.305,15.955],[77.319,15.95],[77.358,15.948],[77.381,15.938],[77.397,15.942],[77.412,15.94],[77.431,15.947],[77.472,15.932],[77.502,15.931],[77.514,15.926],[77.554,15.919],[77.577,15.917],[77.594,15.912],[77.612,15.917],[77.631,15.904],[77.645,15.888],[77.664,15.882],[77.689,15.879],[77.722,15.892],[77.755,15.881],[77.766,15.882],[77.785,15.875],[77.805,15.871],[77.84,15.881],[77.861,15.881],[77.873,15.898],[77.894,15.901],[77.913,15.89],[77.934,15.882],[77.979,15.88],[78,15.867],[78.008,15.865],[78.023,15.901],[78.035,15.908],[78.046,15.904],[78.047,15.878],[78.055,15.877],[78.07,15.85],[78.108,15.834],[78.116,15.833],[78.133,15.841],[78.132,15.855],[78.171,15.855],[78.188,15.894],[78.187,15.906],[78.212,15.923],[78.234,15.93],[78.249,15.943],[78.255,15.974],[78.266,16.001],[78.258,16.032],[78.275,16.041],[78.299,16.034],[78.323,16.035],[78.338,16.053],[78.347,16.059],[78.377,16.066],[78.391,16.078],[78.412,16.087],[78.428,16.089],[78.458,16.087],[78.503,16.079],[78.54,16.069],[78.554,16.063],[78.566,16.063],[78.584,16.077],[78.611,16.103],[78.624,16.105],[78.644,16.098],[78.665,16.078],[78.676,16.062],[78.694,16.047],[78.721,16.033],[78.746,16.028],[78.783,16.03],[78.816,16.053],[78.829,16.069],[78.844,16.094],[78.848,16.11],[78.841,16.127],[78.838,16.149],[78.84,16.158],[78.854,16.166],[78.864,16.165],[78.874,16.151],[78.88,16.117],[78.897,16.105],[78.909,16.104],[78.921,16.116],[78.929,16.129],[78.928,16.14],[78.913,16.172],[78.916,16.198],[78.933,16.209],[78.967,16.224],[79,16.235],[79.028,16.251],[79.05,16.252],[79.076,16.245],[79.131,16.245],[79.171,16.227],[79.185,16.224],[79.2,16.23],[79.227,16.247],[79.233,16.257],[79.238,16.307],[79.236,16.344],[79.231,16.357],[79.219,16.37],[79.22,16.401],[79.227,16.445],[79.234,16.459],[79.244,16.465],[79.243,16.477],[79.232,16.499],[79.233,16.515],[79.238,16.526],[79.269,16.553],[79.274,16.568],[79.303,16.574],[79.328,16.583],[79.353,16.586],[79.411,16.587],[79.435,16.589],[79.451,16.601],[79.459,16.616],[79.505,16.637],[79.52,16.641],[79.545,16.639],[79.572,16.645],[79.594,16.658],[79.608,16.67],[79.625,16.672],[79.641,16.668],[79.656,16.669],[79.664,16.681],[79.691,16.698],[79.731,16.7],[79.742,16.705],[79.759,16.727],[79.783,16.737],[79.792,16.732],[79.819,16.698],[79.834,16.699],[79.87,16.706],[79.882,16.696],[79.889,16.684],[79.899,16.657],[79.911,16.645],[79.932,16.638],[79.951,16.64],[79.967,16.65],[79.982,16.667],[80,16.7],[80.025,16.719],[80.041,16.739],[80.056,16.753],[80.06,16.779],[80.066,16.789],[80.078,16.821],[80.05,16.834],[80.043,16.847],[80.041,16.86],[80.022,16.86],[80,16.871],[80.003,16.885],[80.018,16.915],[80.045,16.944],[80.054,16.973],[80.093,16.97],[80.096,16.995],[80.114,16.989],[80.129,16.994],[80.142,16.993],[80.151,17.009],[80.176,17.031],[80.19,17.052],[80.203,17.05],[80.204,17.025],[80.21,17.021],[80.226,17.027],[80.241,17.012],[80.25,17.01],[80.271,17.018],[80.298,16.984],[80.31,16.964],[80.316,16.932],[80.322,16.92],[80.328,16.879],[80.346,16.875],[80.344,16.864],[80.367,16.863],[80.382,16.819],[80.388,16.828],[80.403,16.833],[80.408,16.84],[80.408,16.858],[80.427,16.85],[80.432,16.837],[80.461,16.823],[80.465,16.798],[80.48,16.797],[80.498,16.784],[80.527,16.777],[80.539,16.778],[80.572,16.771],[80.578,16.779],[80.606,16.794],[80.607,16.8],[80.595,16.815],[80.563,16.833],[80.571,16.845],[80.574,16.877],[80.596,16.882],[80.591,16.911],[80.598,16.915],[80.593,16.935],[80.578,16.935],[80.54,16.958],[80.529,16.944],[80.5,16.956],[80.494,16.935],[80.486,16.929],[80.451,16.953],[80.406,16.965],[80.369,16.978],[80.378,16.991],[80.38,17.004],[80.395,17.011],[80.397,17.022],[80.386,17.031],[80.387,17.042],[80.376,17.064],[80.399,17.084],[80.404,17.085],[80.409,17.062],[80.423,17.049],[80.429,17.033],[80.455,17.025],[80.461,17.045],[80.48,17.046],[80.493,17.064],[80.495,17.091],[80.505,17.109],[80.538,17.121],[80.558,17.131],[80.569,17.146],[80.582,17.143],[80.604,17.127],[80.622,17.124],[80.638,17.118],[80.634,17.11],[80.655,17.102],[80.664,17.092],[80.646,17.08],[80.643,17.067],[80.658,17.063],[80.684,17.069],[80.693,17.077],[80.735,17.073],[80.755,17.063],[80.794,17.056],[80.802,17.051],[80.832,17.046],[80.841,17.034],[80.854,17.041],[80.868,17.059],[80.865,17.077],[80.871,17.09],[80.873,17.104],[80.864,17.12],[80.876,17.133],[80.879,17.154],[80.898,17.149],[80.913,17.149],[80.922,17.154],[80.924,17.178],[80.917,17.186],[80.914,17.209],[80.923,17.213],[80.939,17.213],[80.965,17.196],[80.994,17.188],[81.035,17.195],[81.053,17.213],[81.055,17.222],[81.071,17.212],[81.093,17.222],[81.154,17.24],[81.172,17.241],[81.189,17.263],[81.18,17.275],[81.181,17.314],[81.19,17.331],[81.199,17.336],[81.228,17.33],[81.266,17.331],[81.276,17.328],[81.298,17.346],[81.31,17.368],[81.331,17.398],[81.339,17.401],[81.352,17.394],[81.359,17.377],[81.381,17.366],[81.394,17.364],[81.425,17.37],[81.429,17.381],[81.443,17.384],[81.45,17.39],[81.466,17.414],[81.481,17.428],[81.502,17.457],[81.505,17.469],[81.502,17.486],[81.507,17.498],[81.507,17.519],[81.51,17.548],[81.533,17.581],[81.512,17.598],[81.521,17.618],[81.543,17.639],[81.553,17.654],[81.562,17.675],[81.58,17.696],[81.582,17.727],[81.591,17.739],[81.618,17.752],[81.632,17.771],[81.651,17.774],[81.683,17.775],[81.693,17.779],[81.707,17.793],[81.713,17.808],[81.738,17.827],[81.762,17.827],[81.773,17.838],[81.791,17.84],[81.803,17.852],[81.801,17.861],[81.79,17.879],[81.777,17.887],[81.767,17.901],[81.712,17.869],[81.706,17.884],[81.697,17.893],[81.686,17.886],[81.672,17.885],[81.661,17.876],[81.655,17.864],[81.651,17.847],[81.62,17.823],[81.608,17.823],[81.583,17.835],[81.573,17.834],[81.563,17.824],[81.52,17.814],[81.49,17.811],[81.479,17.831],[81.468,17.832],[81.446,17.823],[81.434,17.829],[81.423,17.824],[81.418,17.813],[81.394,17.814],[81.366,17.818],[81.324,17.82],[81.307,17.817],[81.263,17.82],[81.222,17.84],[81.2,17.854],[81.168,17.86],[81.13,17.836],[81.106,17.824],[81.082,17.794],[81.064,17.79],[81.041,17.797],[81.021,17.824],[81.013,17.845],[81.01,17.872],[81.003,17.921],[80.993,17.93],[80.986,17.956],[80.981,18],[80.97,18.038],[80.974,18.05],[80.961,18.078],[80.952,18.088],[80.957,18.098],[80.957,18.13],[80.981,18.15],[80.982,18.165],[80.982,18.175],[80.962,18.173],[80.952,18.163],[80.92,18.145],[80.909,18.141],[80.87,18.139],[80.864,18.149],[80.86,18.175],[80.857,18.206],[80.869,18.205],[80.876,18.213],[80.867,18.232],[80.848,18.234],[80.832,18.24],[80.825,18.231],[80.827,18.198],[80.819,18.185],[80.806,18.172],[80.77,18.169],[80.753,18.171],[80.743,18.178],[80.74,18.2],[80.741,18.225],[80.792,18.249],[80.796,18.26],[80.785,18.266],[80.774,18.284],[80.765,18.291],[80.752,18.308],[80.752,18.323],[80.731,18.367],[80.732,18.378],[80.724,18.393],[80.737,18.409],[80.721,18.411],[80.699,18.425],[80.703,18.44],[80.691,18.45],[80.688,18.459],[80.658,18.478],[80.645,18.499],[80.64,18.524],[80.622,18.531],[80.609,18.55],[80.589,18.563],[80.576,18.567],[80.57,18.575],[80.54,18.591],[80.518,18.621],[80.506,18.623],[80.496,18.632],[80.471,18.628],[80.458,18.631],[80.425,18.616],[80.41,18.612],[80.389,18.598],[80.374,18.609],[80.363,18.599],[80.349,18.591],[80.344,18.595],[80.327,18.626],[80.304,18.69],[80.285,18.715],[80.275,18.722],[80.254,18.706],[80.233,18.701],[80.222,18.706],[80.209,18.702],[80.196,18.68],[80.175,18.684],[80.165,18.7],[80.129,18.686],[80.114,18.682],[80.089,18.707],[80.082,18.707],[80.069,18.721],[80.053,18.725],[80.04,18.751],[80.026,18.755],[80.019,18.771],[79.939,18.788],[79.923,18.801],[79.901,18.835],[79.932,18.841],[79.94,18.849],[79.946,18.863],[79.948,18.881],[79.948,18.941],[79.938,18.978],[79.941,19.025],[79.933,19.046],[79.923,19.051],[79.898,19.049],[79.878,19.039],[79.864,19.046],[79.868,19.063],[79.865,19.107],[79.878,19.126],[79.913,19.145],[79.933,19.164],[79.948,19.168],[79.949,19.179],[79.929,19.207],[79.927,19.23],[79.939,19.262],[79.952,19.287],[79.969,19.301],[79.97,19.31],[79.964,19.338],[79.971,19.354],[79.974,19.378],[79.98,19.404],[79.966,19.429],[79.952,19.444],[79.952,19.462],[79.93,19.48],[79.918,19.495],[79.885,19.503],[79.835,19.54],[79.83,19.547],[79.823,19.571],[79.8,19.583],[79.792,19.596],[79.784,19.6],[79.747,19.605],[79.719,19.586],[79.684,19.579],[79.646,19.577],[79.628,19.567],[79.614,19.542],[79.607,19.51],[79.598,19.504],[79.572,19.513],[79.554,19.528],[79.549,19.551],[79.521,19.544],[79.52,19.52],[79.5,19.507],[79.486,19.506],[79.477,19.5],[79.464,19.521],[79.447,19.536],[79.42,19.536],[79.377,19.564],[79.375,19.573],[79.347,19.576],[79.328,19.574],[79.32,19.567],[79.311,19.592],[79.299,19.599],[79.261,19.613],[79.243,19.611],[79.244,19.601],[79.255,19.589],[79.256,19.579],[79.246,19.561],[79.243,19.529],[79.222,19.512],[79.214,19.501],[79.215,19.487],[79.227,19.478],[79.225,19.466],[79.195,19.461],[79.175,19.47],[79.163,19.487],[79.146,19.503],[79.111,19.514],[79.109,19.53],[79.102,19.532],[79.08,19.53],[79.069,19.533],[79.057,19.547],[79.024,19.542],[79.006,19.561],[78.998,19.564],[78.984,19.552],[78.96,19.553],[78.96,19.564],[78.983,19.581],[78.984,19.592],[78.971,19.606],[78.968,19.619],[78.975,19.651],[78.967,19.66],[78.949,19.666],[78.941,19.664],[78.921,19.669],[78.909,19.666],[78.896,19.657],[78.864,19.658],[78.869,19.681],[78.869,19.698],[78.862,19.732],[78.85,19.76]]]}},
{"type":"Feature","properties":{"name":"Jammu and Kashmir","std":"Jammu & Kashmir","kind":"state","covers":["Jammu & Kashmir","Ladakh"],"part":"B"},"geometry":{"type":"Polygon","coordinates":[[[74.451,32.784],[74.461,32.773],[74.472,32.772],[74.483,32.762],[74.501,32.76],[74.507,32.744],[74.527,32.74],[74.544,32.743],[74.554,32.756],[74.563,32.757],[74.572,32.746],[74.588,32.746],[74.594,32.752],[74.617,32.755],[74.628,32.747],[74.635,32.751],[74.629,32.766],[74.634,32.777],[74.65,32.777],[74.65,32.787],[74.632,32.802],[74.635,32.812],[74.649,32.825],[74.664,32.822],[74.677,32.829],[74.701,32.835],[74.7,32.811],[74.682,32.782],[74.671,32.747],[74.664,32.738],[74.65,32.698],[74.662,32.673],[74.679,32.668],[74.693,32.655],[74.683,32.645],[74.67,32.641],[74.664,32.63],[74.651,32.628],[74.649,32.613],[74.637,32.611],[74.638,32.595],[74.65,32.591],[74.648,32.571],[74.652,32.559],[74.668,32.559],[74.67,32.553],[74.663,32.536],[74.688,32.526],[74.681,32.512],[74.681,32.486],[74.69,32.481],[74.709,32.482],[74.716,32.471],[74.735,32.474],[74.752,32.47],[74.768,32.475],[74.784,32.47],[74.814,32.479],[74.816,32.488],[74.83,32.486],[74.847,32.482],[74.86,32.484],[74.879,32.48],[74.877,32.474],[74.896,32.461],[74.914,32.46],[74.936,32.463],[74.947,32.443],[74.963,32.45],[74.992,32.447],[75.005,32.452],[75.018,32.466],[75.022,32.484],[75.033,32.493],[75.055,32.476],[75.074,32.474],[75.09,32.464],[75.102,32.474],[75.11,32.47],[75.113,32.454],[75.12,32.451],[75.127,32.431],[75.13,32.406],[75.139,32.404],[75.152,32.413],[75.19,32.42],[75.201,32.409],[75.192,32.399],[75.205,32.391],[75.213,32.395],[75.24,32.38],[75.257,32.382],[75.259,32.365],[75.285,32.367],[75.289,32.352],[75.318,32.334],[75.325,32.341],[75.34,32.342],[75.347,32.345],[75.394,32.329],[75.43,32.325],[75.448,32.327],[75.489,32.34],[75.483,32.318],[75.506,32.31],[75.505,32.288],[75.51,32.277],[75.52,32.28],[75.531,32.298],[75.54,32.34],[75.545,32.349],[75.561,32.361],[75.608,32.382],[75.664,32.389],[75.701,32.401],[75.727,32.418],[75.745,32.445],[75.762,32.476],[75.795,32.475],[75.82,32.487],[75.841,32.509],[75.854,32.537],[75.889,32.576],[75.924,32.619],[75.94,32.644],[75.94,32.658],[75.915,32.681],[75.915,32.7],[75.926,32.721],[75.931,32.742],[75.929,32.757],[75.917,32.77],[75.89,32.814],[75.854,32.837],[75.838,32.843],[75.825,32.854],[75.811,32.871],[75.804,32.894],[75.817,32.904],[75.815,32.92],[75.825,32.93],[75.851,32.935],[75.884,32.931],[75.917,32.916],[75.94,32.898],[75.951,32.884],[75.963,32.885],[76,32.9],[76.021,32.914],[76.034,32.918],[76.045,32.938],[76.06,32.94],[76.087,32.962],[76.099,32.969],[76.111,33.003],[76.145,33.01],[76.169,33.023],[76.206,33.027],[76.233,33.028],[76.255,33.032],[76.273,33.052],[76.292,33.104],[76.309,33.12],[76.333,33.13],[76.353,33.146],[76.376,33.157],[76.378,33.163],[76.402,33.183],[76.425,33.188],[76.439,33.181],[76.46,33.18],[76.473,33.183],[76.487,33.18],[76.514,33.196],[76.538,33.2],[76.552,33.199],[76.565,33.209],[76.604,33.204],[76.602,33.192],[76.615,33.187],[76.617,33.173],[76.645,33.162],[76.659,33.164],[76.669,33.171],[76.703,33.173],[76.715,33.181],[76.732,33.177],[76.748,33.179],[76.752,33.192],[76.76,33.197],[76.778,33.224],[76.78,33.239],[76.773,33.249],[76.796,33.255],[76.815,33.24],[76.84,33.247],[76.847,33.242],[76.836,33.23],[76.829,33.215],[76.837,33.205],[76.821,33.193],[76.825,33.184],[76.816,33.172],[76.821,33.155],[76.835,33.141],[76.847,33.137],[76.852,33.119],[76.87,33.11],[76.887,33.119],[76.895,33.113],[76.903,33.096],[76.912,33.094],[76.909,33.08],[76.928,33.049],[76.935,33.032],[76.98,33.012],[77.016,32.988],[77.053,32.998],[77.076,32.984],[77.084,32.984],[77.093,32.972],[77.115,32.976],[77.121,32.985],[77.154,32.979],[77.154,32.956],[77.164,32.955],[77.165,32.933],[77.175,32.911],[77.184,32.926],[77.192,32.929],[77.199,32.914],[77.238,32.895],[77.242,32.881],[77.265,32.863],[77.276,32.874],[77.292,32.858],[77.306,32.85],[77.323,32.852],[77.328,32.835],[77.339,32.82],[77.354,32.817],[77.374,32.823],[77.38,32.844],[77.376,32.854],[77.389,32.865],[77.397,32.879],[77.413,32.885],[77.428,32.876],[77.443,32.881],[77.454,32.864],[77.473,32.859],[77.502,32.884],[77.512,32.879],[77.537,32.885],[77.563,32.909],[77.588,32.919],[77.599,32.937],[77.631,32.939],[77.641,32.942],[77.656,32.954],[77.671,32.957],[77.683,32.984],[77.698,32.975],[77.713,32.975],[77.718,32.967],[77.731,32.969],[77.741,32.962],[77.754,32.945],[77.778,32.925],[77.808,32.903],[77.805,32.889],[77.791,32.888],[77.779,32.862],[77.786,32.856],[77.817,32.843],[77.826,32.833],[77.843,32.837],[77.865,32.826],[77.879,32.813],[77.887,32.797],[77.885,32.787],[77.899,32.772],[77.917,32.772],[77.933,32.763],[77.936,32.754],[77.924,32.709],[77.921,32.69],[77.938,32.676],[77.945,32.659],[77.956,32.645],[77.97,32.637],[77.972,32.623],[77.994,32.589],[78.005,32.585],[78.035,32.584],[78.053,32.589],[78.059,32.602],[78.052,32.612],[78.062,32.626],[78.085,32.622],[78.091,32.641],[78.111,32.659],[78.134,32.639],[78.144,32.646],[78.154,32.667],[78.17,32.676],[78.188,32.674],[78.202,32.661],[78.219,32.662],[78.243,32.672],[78.254,32.691],[78.277,32.7],[78.291,32.7],[78.314,32.709],[78.316,32.716],[78.306,32.734],[78.363,32.76],[78.391,32.757],[78.389,32.73],[78.396,32.716],[78.385,32.696],[78.381,32.668],[78.389,32.635],[78.394,32.626],[78.407,32.62],[78.358,32.589],[78.349,32.581],[78.314,32.574],[78.317,32.526],[78.296,32.504],[78.324,32.474],[78.328,32.472],[78.374,32.509],[78.4,32.526],[78.427,32.531],[78.431,32.549],[78.444,32.57],[78.472,32.584],[78.496,32.581],[78.515,32.59],[78.536,32.609],[78.573,32.618],[78.588,32.616],[78.609,32.606],[78.619,32.596],[78.639,32.61],[78.648,32.631],[78.662,32.654],[78.68,32.658],[78.704,32.657],[78.723,32.661],[78.75,32.682],[78.761,32.697],[78.769,32.686],[78.763,32.655],[78.779,32.628],[78.793,32.618],[78.797,32.598],[78.794,32.589],[78.776,32.573],[78.777,32.558],[78.789,32.536],[78.799,32.502],[78.807,32.482],[78.82,32.462],[78.827,32.439],[78.833,32.436],[78.859,32.441],[78.875,32.417],[78.903,32.393],[78.921,32.383],[78.96,32.367],[78.979,32.339],[78.994,32.345],[79.015,32.377],[79.033,32.385],[79.061,32.391],[79.115,32.384],[79.126,32.414],[79.143,32.42],[79.147,32.437],[79.132,32.471],[79.148,32.481],[79.195,32.483],[79.242,32.51],[79.251,32.534],[79.277,32.534],[79.295,32.55],[79.311,32.572],[79.318,32.59],[79.34,32.592],[79.395,32.572],[79.399,32.537],[79.407,32.53],[79.424,32.527],[79.448,32.533],[79.456,32.542],[79.47,32.576],[79.502,32.596],[79.516,32.608],[79.567,32.673],[79.578,32.679],[79.601,32.708],[79.627,32.738],[79.615,32.764],[79.603,32.777],[79.587,32.774],[79.573,32.782],[79.553,32.805],[79.542,32.822],[79.506,32.867],[79.493,32.877],[79.482,32.891],[79.464,32.92],[79.422,32.962],[79.409,32.97],[79.391,32.967],[79.383,32.972],[79.384,32.989],[79.368,32.991],[79.355,33.003],[79.333,33.01],[79.336,33.016],[79.382,33.028],[79.394,33.036],[79.394,33.054],[79.377,33.085],[79.393,33.124],[79.438,33.19],[79.451,33.217],[79.455,33.259],[79.447,33.265],[79.426,33.268],[79.366,33.283],[79.328,33.273],[79.316,33.273],[79.297,33.281],[79.278,33.284],[79.241,33.298],[79.209,33.292],[79.177,33.295],[79.171,33.291],[79.144,33.293],[79.134,33.29],[79.097,33.295],[79.026,33.329],[79.018,33.335],[78.993,33.331],[78.98,33.356],[78.973,33.36],[78.97,33.374],[78.954,33.381],[78.95,33.408],[78.94,33.412],[78.933,33.433],[78.931,33.465],[78.936,33.489],[78.942,33.5],[78.941,33.527],[78.928,33.56],[78.915,33.576],[78.919,33.634],[78.95,33.621],[78.99,33.611],[79,33.612],[79.03,33.626],[79.065,33.627],[79.074,33.622],[79.105,33.614],[79.105,33.622],[79.096,33.638],[79.09,33.657],[79.092,33.68],[79.086,33.688],[79.072,33.679],[79.054,33.678],[79.029,33.692],[79.021,33.706],[79.026,33.723],[79.042,33.737],[79.043,33.75],[79.069,33.758],[79.054,33.778],[79.043,33.767],[79.037,33.782],[79.02,33.776],[79.005,33.799],[78.975,33.85],[78.968,33.86],[78.954,33.889],[78.949,33.917],[78.937,33.927],[78.921,33.957],[78.908,33.967],[78.906,33.976],[78.927,33.999],[78.941,34.024],[78.978,34.036],[79.015,34.05],[79.028,34.048],[79.044,34.036],[79.084,34.022],[79.113,34.02],[79.131,34.024],[79.144,34.035],[79.152,34.068],[79.161,34.066],[79.179,34.072],[79.198,34.051],[79.22,34.053],[79.26,34.048],[79.274,34.039],[79.306,34.043],[79.376,34.033],[79.399,34.027],[79.42,34.014],[79.438,34.029],[79.43,34.043],[79.414,34.056],[79.42,34.078],[79.434,34.093],[79.461,34.102],[79.495,34.136],[79.489,34.149],[79.495,34.18],[79.511,34.21],[79.526,34.212],[79.537,34.206],[79.549,34.214],[79.565,34.218],[79.579,34.229],[79.584,34.238],[79.592,34.282],[79.576,34.304],[79.56,34.332],[79.562,34.358],[79.554,34.388],[79.561,34.399],[79.56,34.411],[79.543,34.41],[79.528,34.418],[79.527,34.446],[79.509,34.468],[79.509,34.474],[79.543,34.479],[79.58,34.49],[79.593,34.501],[79.609,34.492],[79.652,34.488],[79.661,34.48],[79.673,34.484],[79.685,34.479],[79.733,34.478],[79.744,34.481],[79.767,34.48],[79.794,34.485],[79.812,34.497],[79.815,34.52],[79.81,34.531],[79.782,34.544],[79.775,34.552],[79.758,34.555],[79.759,34.566],[79.771,34.582],[79.793,34.593],[79.772,34.622],[79.78,34.631],[79.804,34.643],[79.82,34.647],[79.825,34.661],[79.85,34.683],[79.861,34.689],[79.9,34.691],[79.928,34.687],[79.945,34.681],[79.965,34.687],[80.044,34.704],[80.069,34.715],[80.073,34.746],[80.067,34.791],[80.073,34.828],[80.084,34.849],[80.107,34.868],[80.124,34.893],[80.151,34.948],[80.16,34.971],[80.171,34.989],[80.184,35.041],[80.186,35.063],[80.184,35.091],[80.178,35.137],[80.184,35.167],[80.195,35.183],[80.215,35.204],[80.229,35.228],[80.23,35.252],[80.236,35.277],[80.271,35.344],[80.284,35.388],[80.281,35.441],[80.298,35.461],[80.318,35.464],[80.329,35.473],[80.32,35.505],[80.311,35.554],[80.295,35.602],[80.276,35.622],[80.237,35.642],[80.19,35.657],[80.115,35.677],[80.106,35.683],[80.088,35.725],[80.058,35.75],[80.038,35.8],[80.018,35.824],[79.999,35.838],[79.972,35.841],[79.954,35.837],[79.919,35.822],[79.905,35.813],[79.877,35.785],[79.869,35.783],[79.796,35.797],[79.746,35.8],[79.727,35.805],[79.716,35.817],[79.666,35.835],[79.585,35.857],[79.56,35.862],[79.518,35.884],[79.495,35.888],[79.449,35.891],[79.426,35.895],[79.417,35.9],[79.403,35.919],[79.393,35.955],[79.387,35.99],[79.378,35.995],[79.345,35.989],[79.29,35.99],[79.242,35.987],[79.215,35.979],[79.198,35.961],[79.19,35.947],[79.188,35.927],[79.198,35.899],[79.194,35.887],[79.18,35.87],[79.157,35.85],[79.139,35.839],[79.118,35.837],[79.064,35.846],[79.028,35.847],[79.009,35.854],[78.975,35.88],[78.97,35.889],[78.958,35.892],[78.94,35.88],[78.914,35.876],[78.863,35.862],[78.824,35.856],[78.804,35.856],[78.784,35.861],[78.769,35.87],[78.751,35.867],[78.719,35.868],[78.691,35.856],[78.681,35.859],[78.658,35.854],[78.635,35.828],[78.611,35.814],[78.581,35.808],[78.578,35.793],[78.561,35.792],[78.521,35.764],[78.506,35.773],[78.465,35.774],[78.436,35.784],[78.423,35.785],[78.413,35.766],[78.4,35.756],[78.391,35.738],[78.379,35.733],[78.339,35.721],[78.303,35.721],[78.289,35.726],[78.273,35.722],[78.267,35.711],[78.272,35.669],[78.257,35.655],[78.255,35.646],[78.236,35.649],[78.198,35.666],[78.2,35.654],[78.186,35.624],[78.162,35.626],[78.166,35.613],[78.152,35.578],[78.157,35.552],[78.137,35.539],[78.125,35.542],[78.111,35.552],[78.093,35.556],[78.078,35.549],[78.068,35.563],[78.046,35.585],[78.024,35.588],[77.991,35.582],[77.965,35.604],[77.967,35.575],[77.961,35.56],[77.938,35.532],[77.934,35.512],[77.965,35.496],[77.965,35.479],[77.981,35.468],[77.972,35.458],[77.933,35.489],[77.921,35.494],[77.906,35.469],[77.901,35.468],[77.88,35.486],[77.869,35.48],[77.855,35.493],[77.826,35.51],[77.808,35.511],[77.793,35.498],[77.778,35.495],[77.758,35.502],[77.737,35.523],[77.724,35.515],[77.723,35.499],[77.725,35.477],[77.684,35.477],[77.666,35.473],[77.651,35.487],[77.624,35.472],[77.582,35.475],[77.561,35.486],[77.55,35.482],[77.53,35.483],[77.517,35.489],[77.481,35.478],[77.451,35.463],[77.43,35.464],[77.415,35.473],[77.378,35.478],[77.367,35.493],[77.349,35.494],[77.344,35.51],[77.322,35.537],[77.345,35.547],[77.378,35.55],[77.392,35.546],[77.407,35.53],[77.44,35.518],[77.447,35.525],[77.472,35.521],[77.484,35.528],[77.484,35.536],[77.461,35.548],[77.461,35.563],[77.466,35.573],[77.457,35.594],[77.427,35.611],[77.437,35.622],[77.438,35.641],[77.427,35.659],[77.404,35.661],[77.383,35.693],[77.371,35.695],[77.369,35.704],[77.358,35.718],[77.328,35.719],[77.317,35.7],[77.285,35.711],[77.278,35.72],[77.268,35.709],[77.225,35.715],[77.222,35.727],[77.203,35.728],[77.194,35.733],[77.175,35.732],[77.163,35.741],[77.166,35.759],[77.142,35.771],[77.136,35.782],[77.123,35.787],[77.12,35.796],[77.082,35.798],[77.061,35.785],[77.033,35.776],[77.004,35.775],[76.968,35.783],[76.935,35.784],[76.91,35.791],[76.895,35.8],[76.865,35.826],[76.853,35.833],[76.831,35.836],[76.804,35.85],[76.794,35.863],[76.786,35.89],[76.779,35.899],[76.753,35.921],[76.735,35.943],[76.723,35.953],[76.729,35.963],[76.754,35.983],[76.754,35.99],[76.768,36.008],[76.783,36.016],[76.805,36.017],[76.801,36.049],[76.786,36.053],[76.76,36.065],[76.726,36.078],[76.717,36.087],[76.707,36.114],[76.706,36.125],[76.697,36.136],[76.665,36.158],[76.637,36.185],[76.601,36.166],[76.563,36.173],[76.545,36.193],[76.519,36.199],[76.505,36.207],[76.482,36.211],[76.456,36.241],[76.432,36.252],[76.45,36.269],[76.437,36.288],[76.432,36.308],[76.401,36.322],[76.352,36.36],[76.324,36.362],[76.297,36.35],[76.255,36.348],[76.239,36.356],[76.199,36.387],[76.173,36.39],[76.155,36.406],[76.125,36.437],[76.095,36.462],[76.069,36.478],[76.026,36.486],[75.997,36.484],[75.965,36.49],[75.923,36.502],[75.878,36.526],[75.849,36.544],[75.806,36.554],[75.769,36.573],[75.748,36.588],[75.733,36.607],[75.72,36.631],[75.691,36.672],[75.675,36.696],[75.652,36.722],[75.625,36.748],[75.616,36.762],[75.593,36.765],[75.571,36.776],[75.528,36.788],[75.479,36.807],[75.463,36.825],[75.453,36.855],[75.448,36.88],[75.44,36.891],[75.422,36.887],[75.414,36.892],[75.415,36.903],[75.409,36.917],[75.426,36.936],[75.428,36.952],[75.414,36.968],[75.401,36.968],[75.387,36.959],[75.374,36.961],[75.355,36.978],[75.345,37.003],[75.345,37.051],[75.333,37.055],[75.294,37.052],[75.279,37.047],[75.265,37.052],[75.226,37.037],[75.209,37.037],[75.202,37.021],[75.181,37.001],[75.173,36.986],[75.136,36.957],[75.096,36.943],[75.087,36.943],[75.063,36.96],[75.043,36.969],[75.019,36.976],[75.009,36.964],[74.991,36.963],[74.977,36.953],[74.941,36.935],[74.933,36.925],[74.928,36.909],[74.914,36.909],[74.888,36.946],[74.846,36.99],[74.841,36.999],[74.842,37.017],[74.834,37.025],[74.8,37.024],[74.779,37.03],[74.763,37.025],[74.753,37.012],[74.728,37.026],[74.719,37.05],[74.718,37.063],[74.709,37.078],[74.685,37.075],[74.659,37.058],[74.606,37.051],[74.582,37.043],[74.589,37.029],[74.579,36.963],[74.579,36.949],[74.554,36.954],[74.543,36.976],[74.534,36.986],[74.52,36.989],[74.495,36.989],[74.477,36.992],[74.429,36.99],[74.419,36.975],[74.393,36.969],[74.365,36.957],[74.351,36.943],[74.313,36.916],[74.283,36.903],[74.261,36.887],[74.248,36.887],[74.225,36.897],[74.174,36.904],[74.159,36.892],[74.146,36.847],[74.128,36.833],[74.093,36.839],[74.061,36.809],[74.052,36.807],[74.026,36.826],[74,36.824],[73.971,36.84],[73.958,36.857],[73.938,36.874],[73.923,36.878],[73.913,36.871],[73.879,36.894],[73.857,36.899],[73.842,36.898],[73.836,36.887],[73.818,36.886],[73.81,36.896],[73.79,36.895],[73.784,36.9],[73.76,36.904],[73.749,36.897],[73.711,36.913],[73.69,36.912],[73.681,36.886],[73.719,36.857],[73.727,36.833],[73.744,36.833],[73.771,36.818],[73.809,36.813],[73.815,36.798],[73.834,36.788],[73.864,36.788],[73.878,36.771],[73.9,36.75],[73.905,36.726],[73.897,36.716],[73.901,36.707],[73.884,36.699],[73.866,36.7],[73.827,36.714],[73.809,36.717],[73.791,36.705],[73.769,36.704],[73.748,36.71],[73.725,36.71],[73.71,36.691],[73.701,36.685],[73.664,36.692],[73.655,36.696],[73.639,36.69],[73.607,36.699],[73.606,36.716],[73.592,36.72],[73.579,36.713],[73.56,36.716],[73.544,36.709],[73.53,36.721],[73.511,36.715],[73.483,36.734],[73.463,36.732],[73.436,36.745],[73.415,36.735],[73.39,36.732],[73.369,36.733],[73.361,36.715],[73.33,36.715],[73.315,36.706],[73.294,36.709],[73.253,36.709],[73.234,36.7],[73.21,36.702],[73.207,36.711],[73.194,36.721],[73.172,36.708],[73.145,36.7],[73.131,36.688],[73.105,36.687],[73.085,36.7],[73.085,36.682],[73.094,36.667],[73.091,36.643],[73.098,36.625],[73.112,36.61],[73.093,36.587],[73.091,36.572],[73.074,36.562],[73.062,36.538],[73.022,36.525],[73.007,36.516],[72.993,36.497],[72.99,36.48],[73.004,36.476],[72.992,36.458],[72.977,36.465],[72.959,36.467],[72.946,36.459],[72.922,36.463],[72.9,36.449],[72.877,36.438],[72.89,36.425],[72.887,36.415],[72.89,36.398],[72.883,36.387],[72.865,36.373],[72.852,36.373],[72.837,36.366],[72.823,36.354],[72.816,36.338],[72.799,36.33],[72.779,36.31],[72.75,36.305],[72.724,36.284],[72.692,36.276],[72.689,36.267],[72.664,36.264],[72.635,36.277],[72.597,36.264],[72.588,36.251],[72.585,36.231],[72.564,36.217],[72.561,36.199],[72.552,36.181],[72.564,36.17],[72.574,36.151],[72.553,36.137],[72.537,36.115],[72.535,36.089],[72.532,36.072],[72.55,36.057],[72.586,36.05],[72.596,36.027],[72.584,36.02],[72.582,36.008],[72.573,35.996],[72.556,35.997],[72.549,35.963],[72.531,35.953],[72.53,35.927],[72.534,35.917],[72.57,35.906],[72.595,35.876],[72.603,35.87],[72.62,35.871],[72.646,35.866],[72.66,35.849],[72.691,35.833],[72.701,35.836],[72.723,35.854],[72.738,35.859],[72.75,35.856],[72.767,35.845],[72.777,35.844],[72.798,35.856],[72.799,35.867],[72.825,35.875],[72.83,35.887],[72.858,35.878],[72.902,35.882],[72.904,35.855],[72.91,35.849],[72.929,35.846],[72.958,35.848],[72.988,35.861],[73.005,35.864],[73.014,35.855],[73.038,35.855],[73.056,35.864],[73.079,35.886],[73.1,35.878],[73.12,35.859],[73.134,35.849],[73.153,35.843],[73.147,35.829],[73.145,35.811],[73.138,35.801],[73.135,35.785],[73.137,35.768],[73.133,35.738],[73.139,35.719],[73.186,35.687],[73.216,35.675],[73.245,35.65],[73.273,35.63],[73.314,35.616],[73.343,35.611],[73.37,35.604],[73.407,35.564],[73.422,35.57],[73.449,35.571],[73.482,35.577],[73.502,35.566],[73.532,35.571],[73.558,35.556],[73.571,35.555],[73.607,35.561],[73.625,35.571],[73.639,35.571],[73.656,35.558],[73.673,35.551],[73.698,35.55],[73.721,35.553],[73.735,35.537],[73.764,35.528],[73.786,35.524],[73.787,35.499],[73.796,35.462],[73.791,35.456],[73.755,35.442],[73.739,35.428],[73.71,35.383],[73.7,35.358],[73.7,35.323],[73.727,35.278],[73.719,35.253],[73.715,35.228],[73.732,35.217],[73.762,35.231],[73.778,35.244],[73.796,35.246],[73.812,35.242],[73.847,35.23],[73.865,35.211],[73.888,35.213],[73.917,35.212],[73.933,35.203],[73.964,35.174],[73.992,35.185],[74.003,35.181],[74.009,35.166],[74.033,35.15],[74.045,35.146],[74.074,35.154],[74.102,35.146],[74.117,35.146],[74.111,35.13],[74.126,35.121],[74.134,35.107],[74.095,35.097],[74.066,35.049],[74.098,35.034],[74.108,35.022],[74.104,35.015],[74.06,34.992],[74.067,34.983],[74.064,34.969],[74.074,34.941],[74.066,34.93],[74.044,34.922],[74.04,34.915],[74.039,34.893],[74.03,34.878],[73.999,34.869],[73.973,34.864],[73.966,34.845],[73.955,34.835],[73.936,34.834],[73.918,34.814],[73.897,34.822],[73.875,34.818],[73.867,34.811],[73.854,34.817],[73.844,34.816],[73.821,34.796],[73.799,34.798],[73.786,34.794],[73.774,34.797],[73.75,34.787],[73.731,34.771],[73.707,34.725],[73.692,34.717],[73.681,34.696],[73.67,34.69],[73.664,34.671],[73.667,34.666],[73.694,34.658],[73.69,34.644],[73.66,34.61],[73.661,34.589],[73.651,34.568],[73.639,34.566],[73.619,34.586],[73.593,34.59],[73.58,34.588],[73.554,34.593],[73.536,34.578],[73.511,34.576],[73.501,34.581],[73.469,34.574],[73.46,34.578],[73.448,34.574],[73.443,34.565],[73.441,34.538],[73.431,34.526],[73.437,34.504],[73.434,34.491],[73.422,34.471],[73.425,34.442],[73.42,34.418],[73.409,34.386],[73.394,34.381],[73.4,34.359],[73.426,34.349],[73.424,34.34],[73.439,34.328],[73.444,34.309],[73.462,34.282],[73.468,34.296],[73.479,34.283],[73.47,34.264],[73.47,34.252],[73.478,34.235],[73.493,34.22],[73.489,34.205],[73.489,34.176],[73.492,34.157],[73.489,34.145],[73.495,34.134],[73.493,34.12],[73.499,34.108],[73.496,34.093],[73.504,34.076],[73.514,34.027],[73.515,34.007],[73.522,33.985],[73.537,33.952],[73.55,33.932],[73.575,33.912],[73.586,33.899],[73.59,33.884],[73.586,33.865],[73.573,33.846],[73.571,33.828],[73.561,33.802],[73.558,33.784],[73.566,33.769],[73.591,33.754],[73.597,33.728],[73.592,33.7],[73.563,33.676],[73.562,33.664],[73.568,33.648],[73.568,33.637],[73.561,33.621],[73.573,33.618],[73.588,33.605],[73.605,33.605],[73.601,33.593],[73.62,33.578],[73.622,33.571],[73.618,33.546],[73.631,33.538],[73.625,33.529],[73.606,33.515],[73.596,33.493],[73.602,33.478],[73.614,33.479],[73.624,33.466],[73.625,33.458],[73.598,33.444],[73.59,33.444],[73.582,33.415],[73.568,33.398],[73.559,33.368],[73.571,33.356],[73.566,33.343],[73.583,33.329],[73.59,33.305],[73.603,33.297],[73.598,33.283],[73.606,33.252],[73.625,33.237],[73.625,33.223],[73.634,33.217],[73.653,33.213],[73.658,33.205],[73.659,33.185],[73.656,33.169],[73.648,33.164],[73.639,33.144],[73.628,33.142],[73.63,33.128],[73.625,33.1],[73.632,33.087],[73.658,33.085],[73.672,33.089],[73.689,33.088],[73.725,33.07],[73.735,33.067],[73.74,33.044],[73.771,33.014],[73.781,33.008],[73.79,32.994],[73.78,32.975],[73.786,32.966],[73.806,32.971],[73.816,32.984],[73.823,33.006],[73.841,33.008],[73.866,33.003],[73.893,33.003],[73.916,32.994],[73.926,32.986],[73.958,32.987],[73.969,32.969],[73.997,32.96],[73.996,32.948],[73.988,32.936],[74.014,32.93],[74.052,32.931],[74.055,32.912],[74.082,32.906],[74.113,32.895],[74.122,32.896],[74.164,32.884],[74.178,32.883],[74.187,32.873],[74.202,32.871],[74.213,32.859],[74.217,32.845],[74.244,32.842],[74.265,32.83],[74.284,32.83],[74.3,32.824],[74.305,32.815],[74.302,32.805],[74.312,32.791],[74.355,32.763],[74.384,32.758],[74.397,32.766],[74.403,32.78],[74.416,32.784],[74.434,32.78],[74.451,32.784]]]}},
{"type":"Feature","properties":{"name":"Kutch","std":"Kutch","kind":"state","covers":["Gujarat"],"part":"C"},"geometry":{"type":"MultiPolygon","coordinates":[[[[71.289,24.613],[71.188,24.648],[71.162,24.655],[71.11,24.675],[71.098,24.687],[71.076,24.667],[71.036,24.645],[71.011,24.637],[70.991,24.605],[70.989,24.591],[70.993,24.573],[70.988,24.548],[71.005,24.529],[71.004,24.508],[70.997,24.473],[70.997,24.453],[71,24.446],[71.028,24.436],[71.084,24.439],[71.109,24.437],[71.124,24.419],[71.122,24.407],[71.112,24.397],[71.078,24.387],[71.067,24.378],[71.058,24.363],[71.037,24.353],[71.002,24.353],[70.988,24.367],[70.963,24.354],[70.949,24.353],[70.918,24.33],[70.914,24.324],[70.874,24.297],[70.878,24.275],[70.9,24.265],[70.897,24.257],[70.879,24.246],[70.86,24.246],[70.848,24.241],[70.834,24.229],[70.783,24.221],[70.735,24.22],[70.722,24.217],[70.689,24.22],[70.67,24.22],[70.645,24.225],[70.597,24.245],[70.582,24.248],[70.574,24.255],[70.582,24.272],[70.577,24.304],[70.56,24.352],[70.58,24.366],[70.592,24.388],[70.6,24.409],[70.574,24.422],[70.542,24.41],[70.509,24.402],[70.463,24.387],[70.43,24.382],[70.402,24.369],[70.372,24.354],[70.353,24.354],[70.304,24.348],[70.246,24.325],[70.22,24.322],[70.183,24.309],[70.15,24.302],[70.12,24.298],[70.108,24.294],[70.089,24.247],[70.064,24.197],[70.038,24.178],[70.016,24.17],[69.953,24.171],[69.879,24.171],[69.812,24.172],[69.73,24.172],[69.715,24.184],[69.604,24.281],[69.588,24.291],[69.563,24.283],[69.512,24.272],[69.484,24.268],[69.467,24.27],[69.45,24.279],[69.437,24.28],[69.401,24.272],[69.375,24.27],[69.309,24.281],[69.193,24.238],[69.098,24.272],[69.092,24.272],[69.04,24.245],[69.022,24.23],[69.005,24.223],[68.982,24.233],[68.969,24.272],[68.957,24.288],[68.943,24.302],[68.914,24.284],[68.903,24.275],[68.895,24.261],[68.885,24.225],[68.878,24.215],[68.859,24.213],[68.851,24.221],[68.842,24.257],[68.842,24.281],[68.828,24.317],[68.817,24.312],[68.806,24.313],[68.763,24.294],[68.769,24.285],[68.77,24.273],[68.763,24.129],[68.762,24.127],[68.753,23.97],[68.748,23.968],[68.67,23.968],[68.551,23.968],[68.538,23.945],[68.548,23.933],[68.558,23.933],[68.56,23.93],[68.56,23.924],[68.58,23.924],[68.588,23.922],[68.587,23.941],[68.606,23.937],[68.62,23.916],[68.613,23.903],[68.583,23.885],[68.572,23.88],[68.566,23.863],[68.557,23.856],[68.551,23.84],[68.523,23.817],[68.525,23.8],[68.517,23.794],[68.516,23.783],[68.527,23.771],[68.525,23.759],[68.535,23.757],[68.565,23.798],[68.575,23.821],[68.587,23.835],[68.597,23.84],[68.627,23.835],[68.645,23.838],[68.65,23.845],[68.666,23.853],[68.672,23.862],[68.693,23.861],[68.701,23.857],[68.729,23.855],[68.726,23.846],[68.735,23.838],[68.727,23.829],[68.685,23.82],[68.675,23.811],[68.655,23.799],[68.631,23.759],[68.604,23.748],[68.595,23.732],[68.558,23.719],[68.546,23.697],[68.528,23.688],[68.526,23.676],[68.517,23.662],[68.501,23.657],[68.498,23.645],[68.489,23.635],[68.493,23.607],[68.487,23.596],[68.492,23.574],[68.494,23.549],[68.484,23.549],[68.496,23.525],[68.497,23.507],[68.502,23.491],[68.501,23.475],[68.507,23.463],[68.525,23.448],[68.531,23.448],[68.534,23.423],[68.559,23.42],[68.565,23.402],[68.557,23.39],[68.572,23.376],[68.581,23.39],[68.606,23.38],[68.613,23.362],[68.622,23.353],[68.633,23.352],[68.637,23.344],[68.625,23.34],[68.645,23.323],[68.649,23.306],[68.661,23.296],[68.632,23.296],[68.63,23.291],[68.641,23.267],[68.656,23.272],[68.66,23.262],[68.649,23.258],[68.643,23.246],[68.625,23.243],[68.605,23.243],[68.614,23.227],[68.6,23.223],[68.599,23.24],[68.585,23.233],[68.591,23.215],[68.608,23.203],[68.627,23.186],[68.636,23.184],[68.652,23.155],[68.7,23.128],[68.729,23.107],[68.762,23.079],[68.785,23.073],[68.812,23.061],[68.885,23.015],[68.906,23.007],[68.912,22.999],[68.928,22.992],[68.945,22.98],[68.988,22.956],[69.005,22.949],[69.045,22.93],[69.06,22.919],[69.098,22.897],[69.127,22.875],[69.161,22.86],[69.18,22.847],[69.197,22.838],[69.223,22.836],[69.259,22.828],[69.267,22.824],[69.301,22.832],[69.319,22.832],[69.347,22.82],[69.358,22.823],[69.402,22.809],[69.425,22.795],[69.446,22.778],[69.46,22.779],[69.474,22.773],[69.493,22.778],[69.486,22.787],[69.514,22.785],[69.533,22.786],[69.563,22.774],[69.58,22.762],[69.616,22.757],[69.617,22.768],[69.63,22.763],[69.641,22.767],[69.657,22.757],[69.673,22.757],[69.69,22.745],[69.711,22.738],[69.715,22.752],[69.747,22.794],[69.745,22.803],[69.753,22.82],[69.776,22.83],[69.802,22.851],[69.812,22.85],[69.838,22.863],[69.866,22.873],[69.902,22.865],[69.918,22.873],[69.934,22.885],[69.937,22.893],[69.951,22.893],[69.99,22.9],[70.024,22.902],[70.031,22.896],[70.055,22.904],[70.069,22.904],[70.082,22.909],[70.106,22.909],[70.132,22.925],[70.139,22.933],[70.135,22.943],[70.12,22.945],[70.11,22.952],[70.113,22.973],[70.123,22.961],[70.132,22.961],[70.142,22.952],[70.162,22.943],[70.176,22.951],[70.209,22.952],[70.225,22.96],[70.235,22.98],[70.251,22.973],[70.268,22.956],[70.287,22.945],[70.305,22.951],[70.322,22.937],[70.345,22.93],[70.363,22.935],[70.384,22.945],[70.393,22.963],[70.397,23.026],[70.429,23.057],[70.443,23.065],[70.493,23.075],[70.491,23.063],[70.472,23.012],[70.456,22.987],[70.438,22.967],[70.464,22.967],[70.476,22.973],[70.491,22.965],[70.511,22.961],[70.528,22.964],[70.541,22.959],[70.549,23.001],[70.554,23.018],[70.571,23.035],[70.588,23.031],[70.601,23.035],[70.595,23.056],[70.607,23.062],[70.626,23.061],[70.633,23.076],[70.67,23.104],[70.7,23.123],[70.747,23.145],[70.756,23.139],[70.764,23.148],[70.759,23.161],[70.764,23.167],[70.778,23.159],[70.786,23.165],[70.796,23.158],[70.817,23.162],[70.812,23.148],[70.82,23.132],[70.831,23.126],[70.823,23.109],[70.827,23.103],[70.822,23.085],[70.828,23.079],[70.841,23.11],[70.856,23.128],[70.849,23.14],[70.875,23.137],[70.888,23.141],[70.89,23.159],[70.915,23.161],[70.936,23.159],[70.937,23.145],[70.949,23.133],[70.958,23.147],[70.949,23.157],[70.951,23.167],[70.978,23.162],[70.983,23.173],[70.996,23.171],[71.014,23.175],[71.045,23.171],[71.07,23.175],[71.074,23.183],[71.107,23.202],[71.124,23.203],[71.138,23.209],[71.156,23.199],[71.159,23.182],[71.181,23.191],[71.193,23.191],[71.21,23.176],[71.214,23.149],[71.237,23.155],[71.269,23.161],[71.289,23.173],[71.3,23.184],[71.305,23.172],[71.321,23.187],[71.334,23.168],[71.349,23.178],[71.359,23.179],[71.373,23.162],[71.417,23.15],[71.441,23.15],[71.453,23.145],[71.469,23.146],[71.479,23.154],[71.507,23.16],[71.52,23.16],[71.534,23.166],[71.544,23.16],[71.594,23.137],[71.604,23.143],[71.625,23.145],[71.621,23.162],[71.643,23.174],[71.661,23.163],[71.688,23.154],[71.71,23.15],[71.717,23.167],[71.714,23.177],[71.7,23.185],[71.684,23.172],[71.646,23.184],[71.626,23.204],[71.618,23.229],[71.629,23.243],[71.635,23.26],[71.669,23.294],[71.649,23.291],[71.633,23.311],[71.642,23.318],[71.645,23.332],[71.635,23.347],[71.618,23.362],[71.603,23.357],[71.588,23.359],[71.584,23.369],[71.584,23.395],[71.593,23.414],[71.597,23.431],[71.583,23.456],[71.564,23.466],[71.531,23.467],[71.533,23.482],[71.509,23.475],[71.512,23.497],[71.52,23.51],[71.52,23.523],[71.511,23.523],[71.497,23.505],[71.479,23.497],[71.459,23.476],[71.446,23.48],[71.449,23.539],[71.469,23.555],[71.456,23.562],[71.422,23.567],[71.418,23.576],[71.421,23.598],[71.426,23.603],[71.422,23.628],[71.393,23.604],[71.389,23.62],[71.377,23.645],[71.378,23.65],[71.356,23.656],[71.303,23.647],[71.263,23.65],[71.228,23.657],[71.223,23.661],[71.217,23.682],[71.224,23.713],[71.21,23.732],[71.174,23.739],[71.169,23.727],[71.147,23.73],[71.148,23.717],[71.162,23.719],[71.178,23.711],[71.153,23.685],[71.147,23.669],[71.137,23.661],[71.135,23.645],[71.143,23.637],[71.139,23.629],[71.106,23.616],[71.09,23.622],[71.09,23.603],[71.074,23.602],[71.06,23.619],[71.048,23.623],[71.038,23.637],[71.034,23.649],[71.037,23.666],[71.054,23.679],[71.067,23.683],[71.069,23.69],[71.06,23.702],[71.065,23.727],[71.069,23.734],[71.058,23.745],[71.054,23.756],[71.054,23.779],[71.043,23.798],[71.05,23.807],[71.061,23.803],[71.069,23.824],[71.062,23.836],[71.071,23.845],[71.075,23.858],[71.1,23.901],[71.112,23.905],[71.137,23.908],[71.175,23.92],[71.192,23.919],[71.212,23.931],[71.226,23.93],[71.24,23.918],[71.265,23.922],[71.272,23.932],[71.285,23.926],[71.299,23.929],[71.29,23.947],[71.303,23.95],[71.297,23.965],[71.316,23.982],[71.31,23.988],[71.288,23.991],[71.286,23.998],[71.316,24.039],[71.328,24.049],[71.316,24.061],[71.317,24.072],[71.325,24.084],[71.33,24.102],[71.344,24.11],[71.339,24.13],[71.319,24.125],[71.315,24.134],[71.302,24.134],[71.279,24.138],[71.29,24.153],[71.276,24.162],[71.283,24.175],[71.302,24.169],[71.323,24.148],[71.333,24.163],[71.353,24.168],[71.371,24.179],[71.369,24.191],[71.336,24.189],[71.333,24.202],[71.324,24.203],[71.312,24.23],[71.311,24.246],[71.314,24.272],[71.306,24.304],[71.325,24.321],[71.342,24.322],[71.348,24.329],[71.364,24.328],[71.391,24.339],[71.395,24.352],[71.382,24.393],[71.379,24.391],[71.348,24.391],[71.33,24.395],[71.332,24.413],[71.343,24.422],[71.344,24.433],[71.329,24.443],[71.346,24.48],[71.34,24.486],[71.352,24.503],[71.349,24.518],[71.294,24.518],[71.261,24.509],[71.261,24.535],[71.267,24.545],[71.292,24.547],[71.303,24.552],[71.314,24.572],[71.31,24.591],[71.295,24.596],[71.289,24.613]]],[[[70.482,23.065],[70.465,23.056],[70.47,23.051],[70.482,23.065]]],[[[70.455,22.996],[70.434,22.982],[70.439,22.979],[70.455,22.99],[70.455,22.996]]],[[[70.448,23.052],[70.42,23.027],[70.413,23.017],[70.41,22.998],[70.425,23],[70.438,23.021],[70.448,23.052]]],[[[68.572,23.374],[68.594,23.339],[68.617,23.347],[68.6,23.358],[68.586,23.373],[68.572,23.374]]],[[[68.588,23.319],[68.583,23.315],[68.6,23.301],[68.615,23.298],[68.609,23.313],[68.588,23.319]]],[[[68.558,23.314],[68.553,23.298],[68.565,23.283],[68.558,23.274],[68.541,23.285],[68.54,23.267],[68.559,23.253],[68.575,23.249],[68.572,23.261],[68.615,23.272],[68.612,23.292],[68.605,23.299],[68.565,23.302],[68.558,23.314]]],[[[68.535,23.946],[68.525,23.941],[68.534,23.924],[68.53,23.917],[68.513,23.903],[68.487,23.891],[68.49,23.867],[68.508,23.864],[68.521,23.857],[68.533,23.876],[68.545,23.872],[68.582,23.915],[68.58,23.923],[68.562,23.923],[68.558,23.923],[68.559,23.928],[68.557,23.932],[68.542,23.934],[68.535,23.946]]],[[[68.543,23.404],[68.553,23.385],[68.559,23.363],[68.567,23.377],[68.543,23.404]]],[[[68.506,23.342],[68.505,23.327],[68.512,23.318],[68.536,23.317],[68.528,23.337],[68.506,23.342]]],[[[68.507,23.457],[68.503,23.448],[68.504,23.431],[68.521,23.437],[68.519,23.449],[68.507,23.457]]],[[[68.497,23.831],[68.479,23.823],[68.455,23.815],[68.448,23.806],[68.45,23.791],[68.456,23.774],[68.437,23.743],[68.465,23.743],[68.488,23.737],[68.517,23.755],[68.522,23.775],[68.516,23.779],[68.512,23.789],[68.523,23.804],[68.508,23.826],[68.497,23.831]]],[[[68.444,23.968],[68.428,23.937],[68.448,23.94],[68.461,23.933],[68.456,23.929],[68.453,23.899],[68.454,23.882],[68.439,23.866],[68.428,23.862],[68.431,23.853],[68.444,23.848],[68.464,23.86],[68.472,23.862],[68.48,23.89],[68.488,23.902],[68.502,23.907],[68.518,23.924],[68.517,23.942],[68.503,23.946],[68.496,23.96],[68.498,23.967],[68.444,23.968]]],[[[68.473,23.48],[68.444,23.467],[68.435,23.441],[68.426,23.446],[68.42,23.433],[68.435,23.433],[68.449,23.45],[68.462,23.453],[68.46,23.433],[68.467,23.406],[68.485,23.405],[68.49,23.445],[68.495,23.457],[68.487,23.473],[68.473,23.48]]],[[[68.485,23.628],[68.47,23.616],[68.467,23.597],[68.48,23.591],[68.478,23.606],[68.49,23.603],[68.49,23.624],[68.485,23.628]]],[[[68.485,23.593],[68.478,23.59],[68.468,23.592],[68.464,23.576],[68.451,23.565],[68.442,23.563],[68.43,23.543],[68.43,23.524],[68.443,23.536],[68.468,23.553],[68.485,23.575],[68.485,23.593]]],[[[68.479,23.555],[68.457,23.542],[68.463,23.535],[68.475,23.538],[68.479,23.555]]],[[[68.458,23.6],[68.452,23.595],[68.462,23.577],[68.467,23.592],[68.458,23.6]]],[[[68.456,23.625],[68.435,23.616],[68.441,23.603],[68.467,23.602],[68.465,23.623],[68.456,23.625]]],[[[68.449,23.938],[68.427,23.933],[68.42,23.921],[68.405,23.912],[68.386,23.906],[68.368,23.907],[68.356,23.903],[68.35,23.891],[68.356,23.876],[68.356,23.86],[68.372,23.86],[68.376,23.875],[68.396,23.88],[68.417,23.872],[68.427,23.865],[68.442,23.87],[68.452,23.882],[68.448,23.893],[68.456,23.934],[68.449,23.938]]],[[[68.396,23.878],[68.377,23.873],[68.373,23.858],[68.357,23.85],[68.343,23.837],[68.347,23.818],[68.326,23.799],[68.336,23.798],[68.349,23.809],[68.37,23.81],[68.377,23.797],[68.4,23.79],[68.425,23.81],[68.438,23.839],[68.425,23.855],[68.417,23.871],[68.396,23.878]]],[[[68.358,23.975],[68.348,23.963],[68.347,23.937],[68.342,23.925],[68.326,23.914],[68.297,23.921],[68.279,23.916],[68.275,23.898],[68.258,23.88],[68.254,23.859],[68.241,23.85],[68.235,23.836],[68.216,23.836],[68.211,23.828],[68.209,23.811],[68.218,23.781],[68.226,23.763],[68.203,23.75],[68.193,23.731],[68.207,23.708],[68.22,23.7],[68.238,23.681],[68.256,23.68],[68.267,23.696],[68.255,23.712],[68.261,23.725],[68.261,23.738],[68.266,23.746],[68.262,23.76],[68.274,23.797],[68.296,23.804],[68.296,23.81],[68.289,23.815],[68.289,23.817],[68.294,23.821],[68.306,23.825],[68.315,23.824],[68.32,23.808],[68.338,23.819],[68.336,23.839],[68.348,23.862],[68.348,23.876],[68.342,23.89],[68.35,23.908],[68.363,23.914],[68.384,23.915],[68.403,23.921],[68.419,23.934],[68.434,23.967],[68.401,23.965],[68.375,23.967],[68.358,23.975]]],[[[68.358,23.805],[68.35,23.801],[68.349,23.782],[68.335,23.759],[68.339,23.752],[68.338,23.73],[68.315,23.714],[68.312,23.702],[68.292,23.678],[68.281,23.67],[68.269,23.65],[68.24,23.647],[68.236,23.641],[68.218,23.643],[68.196,23.638],[68.186,23.624],[68.187,23.611],[68.195,23.604],[68.226,23.598],[68.231,23.589],[68.255,23.601],[68.264,23.602],[68.276,23.613],[68.286,23.605],[68.274,23.594],[68.279,23.584],[68.295,23.579],[68.307,23.587],[68.33,23.589],[68.347,23.598],[68.359,23.628],[68.372,23.635],[68.391,23.655],[68.418,23.724],[68.416,23.753],[68.425,23.777],[68.426,23.796],[68.412,23.793],[68.398,23.785],[68.377,23.792],[68.358,23.805]]],[[[68.308,23.824],[68.29,23.817],[68.297,23.812],[68.298,23.804],[68.278,23.797],[68.264,23.76],[68.269,23.752],[68.263,23.738],[68.265,23.727],[68.257,23.716],[68.268,23.705],[68.286,23.714],[68.295,23.726],[68.324,23.734],[68.315,23.765],[68.315,23.789],[68.322,23.805],[68.319,23.807],[68.313,23.822],[68.308,23.824]]],[[[68.248,23.88],[68.216,23.867],[68.216,23.848],[68.233,23.842],[68.238,23.851],[68.251,23.862],[68.255,23.874],[68.248,23.88]]]]}},
{"type":"Feature","properties":{"name":"Madhya Bharat","std":"Madhya Bharat","kind":"state","covers":["Madhya Pradesh"],"part":"B"},"geometry":{"type":"MultiPolygon","coordinates":[[[[74.432,22.029],[74.441,22.014],[74.44,21.981],[74.448,21.966],[74.457,21.961],[74.469,21.964],[74.49,21.953],[74.494,21.944],[74.512,21.932],[74.511,21.92],[74.524,21.907],[74.514,21.884],[74.514,21.855],[74.508,21.819],[74.5,21.805],[74.505,21.775],[74.515,21.76],[74.51,21.75],[74.509,21.722],[74.527,21.716],[74.545,21.718],[74.557,21.701],[74.557,21.686],[74.582,21.681],[74.586,21.663],[74.605,21.661],[74.656,21.652],[74.668,21.648],[74.692,21.631],[74.711,21.624],[74.755,21.615],[74.772,21.614],[74.798,21.608],[74.799,21.614],[74.822,21.608],[74.833,21.617],[74.859,21.63],[74.899,21.628],[74.909,21.616],[74.923,21.609],[74.959,21.598],[74.981,21.593],[75.011,21.579],[75.016,21.57],[75.056,21.563],[75.063,21.549],[75.074,21.536],[75.088,21.512],[75.093,21.492],[75.105,21.467],[75.128,21.447],[75.186,21.425],[75.206,21.414],[75.218,21.409],[75.231,21.414],[75.242,21.413],[75.252,21.404],[75.275,21.407],[75.3,21.413],[75.302,21.393],[75.319,21.39],[75.352,21.391],[75.36,21.401],[75.383,21.383],[75.403,21.382],[75.408,21.388],[75.431,21.392],[75.435,21.388],[75.467,21.392],[75.5,21.389],[75.524,21.385],[75.547,21.37],[75.555,21.375],[75.58,21.378],[75.591,21.389],[75.619,21.391],[75.629,21.379],[75.658,21.38],[75.673,21.378],[75.706,21.389],[75.744,21.391],[75.759,21.383],[75.801,21.388],[75.833,21.381],[75.843,21.387],[75.863,21.385],[75.876,21.396],[75.888,21.397],[75.917,21.388],[75.969,21.392],[75.985,21.375],[75.992,21.374],[76.001,21.398],[76.011,21.419],[76.007,21.45],[76.013,21.467],[76.005,21.481],[75.977,21.486],[75.972,21.481],[75.949,21.481],[75.953,21.509],[75.952,21.536],[75.963,21.548],[76,21.552],[76.029,21.548],[76.042,21.559],[76.068,21.57],[76.079,21.572],[76.082,21.609],[76.074,21.661],[76.109,21.689],[76.135,21.689],[76.144,21.679],[76.163,21.673],[76.175,21.686],[76.168,21.722],[76.155,21.732],[76.146,21.732],[76.13,21.722],[76.119,21.72],[76.109,21.727],[76.103,21.738],[76.109,21.747],[76.127,21.753],[76.118,21.767],[76.097,21.769],[76.097,21.787],[76.112,21.793],[76.104,21.847],[76.115,21.857],[76.126,21.853],[76.128,21.869],[76.151,21.884],[76.171,21.885],[76.165,21.903],[76.161,21.926],[76.152,21.946],[76.155,21.961],[76.147,21.979],[76.17,22.002],[76.172,22.012],[76.16,22.024],[76.162,22.033],[76.173,22.044],[76.201,22.039],[76.208,22.045],[76.211,22.063],[76.234,22.073],[76.227,22.087],[76.229,22.1],[76.21,22.098],[76.202,22.113],[76.184,22.122],[76.16,22.114],[76.154,22.101],[76.144,22.097],[76.149,22.081],[76.166,22.077],[76.154,22.058],[76.115,22.053],[76.107,22.054],[76.107,22.091],[76.125,22.094],[76.125,22.103],[76.145,22.106],[76.146,22.117],[76.128,22.136],[76.132,22.153],[76.131,22.17],[76.155,22.176],[76.165,22.191],[76.16,22.212],[76.109,22.212],[76.099,22.19],[76.091,22.186],[76.076,22.191],[76.058,22.189],[76.033,22.197],[76.024,22.209],[76.031,22.22],[76.046,22.225],[76.065,22.226],[76.08,22.233],[76.109,22.251],[76.136,22.259],[76.164,22.258],[76.183,22.272],[76.214,22.33],[76.224,22.318],[76.236,22.313],[76.253,22.293],[76.303,22.295],[76.344,22.305],[76.364,22.32],[76.38,22.325],[76.402,22.338],[76.427,22.34],[76.448,22.347],[76.44,22.37],[76.446,22.386],[76.481,22.405],[76.511,22.415],[76.527,22.414],[76.56,22.403],[76.569,22.408],[76.606,22.408],[76.618,22.396],[76.624,22.378],[76.646,22.365],[76.655,22.365],[76.665,22.352],[76.664,22.339],[76.657,22.335],[76.677,22.31],[76.686,22.302],[76.696,22.303],[76.719,22.314],[76.727,22.312],[76.744,22.297],[76.753,22.31],[76.771,22.321],[76.782,22.347],[76.785,22.362],[76.782,22.373],[76.792,22.404],[76.79,22.429],[76.825,22.45],[76.851,22.456],[76.879,22.475],[76.897,22.485],[76.941,22.495],[76.979,22.494],[77.011,22.5],[77.029,22.5],[77.071,22.512],[77.088,22.522],[77.124,22.559],[77.12,22.568],[77.128,22.579],[77.119,22.6],[77.104,22.609],[77.098,22.618],[77.085,22.626],[77.084,22.64],[77.088,22.654],[77.06,22.669],[77.055,22.682],[77.041,22.672],[77.029,22.696],[77.041,22.701],[77.036,22.732],[77.02,22.737],[77.017,22.756],[77.028,22.767],[77.024,22.785],[77.01,22.796],[77.005,22.82],[77.006,22.834],[77.001,22.844],[77,22.868],[76.988,22.878],[76.977,22.876],[76.959,22.864],[76.947,22.879],[76.925,22.874],[76.918,22.861],[76.897,22.878],[76.88,22.884],[76.872,22.872],[76.864,22.886],[76.857,22.872],[76.84,22.865],[76.827,22.868],[76.799,22.845],[76.789,22.834],[76.779,22.833],[76.754,22.818],[76.746,22.827],[76.732,22.818],[76.715,22.814],[76.714,22.826],[76.693,22.821],[76.694,22.811],[76.705,22.811],[76.705,22.794],[76.68,22.791],[76.677,22.785],[76.648,22.79],[76.65,22.798],[76.626,22.798],[76.613,22.791],[76.605,22.781],[76.598,22.783],[76.581,22.773],[76.577,22.767],[76.558,22.78],[76.54,22.801],[76.529,22.796],[76.52,22.818],[76.527,22.837],[76.521,22.862],[76.509,22.866],[76.496,22.879],[76.501,22.889],[76.491,22.896],[76.464,22.902],[76.463,22.916],[76.452,22.929],[76.473,22.97],[76.458,22.974],[76.447,22.991],[76.463,22.996],[76.461,23.018],[76.449,23.024],[76.46,23.047],[76.462,23.071],[76.448,23.076],[76.451,23.089],[76.482,23.084],[76.491,23.074],[76.516,23.073],[76.519,23.088],[76.495,23.095],[76.502,23.115],[76.524,23.113],[76.538,23.129],[76.559,23.123],[76.558,23.117],[76.59,23.11],[76.592,23.116],[76.615,23.137],[76.628,23.137],[76.633,23.166],[76.632,23.196],[76.654,23.198],[76.658,23.186],[76.688,23.192],[76.698,23.174],[76.701,23.157],[76.724,23.157],[76.734,23.142],[76.747,23.142],[76.754,23.154],[76.745,23.173],[76.75,23.181],[76.775,23.172],[76.772,23.156],[76.791,23.15],[76.808,23.124],[76.827,23.124],[76.83,23.113],[76.864,23.105],[76.866,23.115],[76.882,23.117],[76.899,23.133],[76.895,23.145],[76.9,23.173],[76.894,23.206],[76.905,23.212],[76.91,23.231],[76.934,23.231],[76.953,23.242],[76.958,23.251],[76.973,23.26],[76.981,23.276],[76.994,23.285],[76.995,23.297],[76.987,23.31],[76.99,23.348],[76.998,23.357],[77,23.386],[76.997,23.399],[77.019,23.407],[77.03,23.453],[77.052,23.481],[77.069,23.494],[77.097,23.511],[77.109,23.522],[77.118,23.55],[77.138,23.572],[77.15,23.574],[77.153,23.582],[77.149,23.599],[77.156,23.611],[77.143,23.629],[77.139,23.641],[77.144,23.655],[77.17,23.687],[77.185,23.715],[77.202,23.768],[77.203,23.779],[77.214,23.79],[77.211,23.802],[77.222,23.821],[77.222,23.835],[77.212,23.843],[77.222,23.85],[77.222,23.866],[77.228,23.896],[77.249,23.895],[77.27,23.89],[77.294,23.896],[77.303,23.891],[77.319,23.894],[77.337,23.893],[77.375,23.884],[77.384,23.861],[77.401,23.851],[77.4,23.84],[77.408,23.829],[77.418,23.805],[77.431,23.804],[77.435,23.791],[77.456,23.773],[77.457,23.765],[77.471,23.76],[77.507,23.777],[77.516,23.767],[77.538,23.764],[77.55,23.758],[77.561,23.759],[77.574,23.769],[77.589,23.758],[77.614,23.747],[77.605,23.731],[77.62,23.726],[77.618,23.717],[77.629,23.713],[77.65,23.718],[77.651,23.698],[77.632,23.662],[77.611,23.663],[77.58,23.653],[77.56,23.601],[77.528,23.583],[77.513,23.581],[77.509,23.573],[77.507,23.541],[77.522,23.518],[77.524,23.503],[77.545,23.498],[77.568,23.501],[77.571,23.489],[77.601,23.486],[77.607,23.476],[77.626,23.464],[77.651,23.478],[77.653,23.502],[77.648,23.511],[77.631,23.523],[77.626,23.533],[77.629,23.546],[77.641,23.546],[77.654,23.538],[77.673,23.518],[77.683,23.518],[77.693,23.531],[77.704,23.519],[77.722,23.522],[77.735,23.535],[77.748,23.523],[77.765,23.519],[77.76,23.509],[77.776,23.498],[77.778,23.489],[77.801,23.477],[77.811,23.461],[77.838,23.455],[77.843,23.447],[77.879,23.442],[77.884,23.448],[77.904,23.453],[77.915,23.452],[77.938,23.424],[77.958,23.415],[77.957,23.388],[77.961,23.372],[77.977,23.365],[78.005,23.36],[78.008,23.351],[78.022,23.345],[78.038,23.362],[78.05,23.368],[78.057,23.384],[78.048,23.401],[78.037,23.402],[78.005,23.414],[77.993,23.426],[77.998,23.462],[78.015,23.474],[78.042,23.469],[78.053,23.458],[78.086,23.45],[78.102,23.459],[78.103,23.467],[78.128,23.475],[78.135,23.483],[78.131,23.509],[78.134,23.516],[78.152,23.519],[78.165,23.526],[78.181,23.526],[78.197,23.536],[78.212,23.525],[78.222,23.529],[78.231,23.547],[78.226,23.557],[78.239,23.563],[78.242,23.581],[78.268,23.596],[78.277,23.611],[78.276,23.628],[78.283,23.653],[78.293,23.674],[78.282,23.688],[78.282,23.7],[78.271,23.705],[78.26,23.724],[78.253,23.708],[78.239,23.714],[78.239,23.722],[78.255,23.747],[78.255,23.763],[78.264,23.768],[78.257,23.788],[78.287,23.784],[78.284,23.81],[78.266,23.81],[78.271,23.819],[78.289,23.814],[78.299,23.828],[78.294,23.848],[78.273,23.844],[78.263,23.855],[78.276,23.863],[78.28,23.889],[78.292,23.907],[78.289,23.926],[78.277,23.932],[78.265,23.946],[78.269,23.956],[78.286,23.961],[78.283,23.973],[78.291,23.985],[78.28,24.006],[78.278,24.029],[78.254,24.044],[78.251,24.051],[78.232,24.055],[78.212,24.068],[78.192,24.05],[78.19,24.034],[78.184,24.027],[78.182,24.011],[78.164,24.009],[78.152,24.024],[78.118,24.041],[78.113,24.027],[78.093,24.032],[78.091,24.042],[78.075,24.044],[78.075,24.055],[78.09,24.065],[78.099,24.062],[78.106,24.047],[78.119,24.05],[78.12,24.072],[78.126,24.093],[78.135,24.116],[78.132,24.124],[78.118,24.126],[78.106,24.148],[78.097,24.156],[78.105,24.164],[78.123,24.163],[78.129,24.169],[78.128,24.188],[78.143,24.202],[78.134,24.211],[78.108,24.216],[78.097,24.209],[78.083,24.214],[78.073,24.224],[78.059,24.229],[78.071,24.239],[78.087,24.228],[78.097,24.24],[78.092,24.249],[78.08,24.242],[78.069,24.246],[78.072,24.256],[78.097,24.261],[78.085,24.3],[78.093,24.319],[78.128,24.339],[78.16,24.369],[78.161,24.388],[78.168,24.395],[78.186,24.398],[78.21,24.406],[78.224,24.418],[78.245,24.427],[78.263,24.439],[78.267,24.449],[78.276,24.469],[78.269,24.478],[78.246,24.485],[78.244,24.507],[78.226,24.518],[78.223,24.527],[78.23,24.537],[78.261,24.548],[78.274,24.592],[78.276,24.611],[78.265,24.633],[78.263,24.644],[78.274,24.665],[78.263,24.681],[78.257,24.701],[78.233,24.731],[78.226,24.753],[78.232,24.772],[78.215,24.808],[78.193,24.838],[78.172,24.843],[78.17,24.866],[78.177,24.88],[78.206,24.891],[78.22,24.911],[78.263,24.937],[78.269,24.948],[78.296,24.963],[78.313,24.984],[78.334,24.995],[78.341,25.006],[78.345,25.022],[78.337,25.04],[78.332,25.079],[78.339,25.088],[78.374,25.099],[78.385,25.108],[78.396,25.122],[78.409,25.126],[78.431,25.12],[78.45,25.124],[78.43,25.14],[78.428,25.153],[78.449,25.152],[78.451,25.168],[78.435,25.165],[78.424,25.168],[78.41,25.184],[78.392,25.19],[78.393,25.204],[78.402,25.216],[78.382,25.221],[78.376,25.237],[78.362,25.245],[78.369,25.26],[78.352,25.278],[78.352,25.293],[78.323,25.299],[78.315,25.306],[78.322,25.316],[78.335,25.322],[78.338,25.332],[78.33,25.35],[78.301,25.362],[78.307,25.379],[78.318,25.38],[78.339,25.399],[78.342,25.426],[78.355,25.45],[78.368,25.441],[78.384,25.443],[78.393,25.449],[78.401,25.466],[78.414,25.474],[78.429,25.474],[78.427,25.485],[78.416,25.503],[78.416,25.528],[78.433,25.556],[78.444,25.559],[78.453,25.572],[78.464,25.564],[78.468,25.584],[78.444,25.595],[78.433,25.588],[78.414,25.57],[78.404,25.568],[78.392,25.577],[78.41,25.598],[78.389,25.607],[78.384,25.621],[78.376,25.661],[78.358,25.667],[78.344,25.66],[78.322,25.673],[78.311,25.682],[78.31,25.698],[78.283,25.701],[78.26,25.719],[78.247,25.71],[78.251,25.693],[78.226,25.694],[78.216,25.699],[78.229,25.725],[78.261,25.745],[78.281,25.75],[78.275,25.768],[78.281,25.781],[78.307,25.787],[78.322,25.794],[78.318,25.817],[78.325,25.827],[78.341,25.834],[78.375,25.833],[78.39,25.835],[78.388,25.85],[78.413,25.87],[78.434,25.882],[78.467,25.904],[78.473,25.913],[78.475,25.931],[78.482,25.942],[78.488,25.963],[78.523,25.967],[78.541,25.975],[78.583,26.005],[78.601,26.032],[78.608,26.047],[78.633,26.052],[78.647,26.062],[78.635,26.071],[78.642,26.084],[78.608,26.099],[78.612,26.109],[78.61,26.124],[78.616,26.131],[78.632,26.125],[78.64,26.129],[78.637,26.145],[78.629,26.157],[78.647,26.17],[78.679,26.169],[78.694,26.165],[78.701,26.178],[78.692,26.198],[78.698,26.215],[78.718,26.226],[78.742,26.226],[78.755,26.242],[78.747,26.253],[78.755,26.264],[78.77,26.266],[78.792,26.289],[78.822,26.285],[78.827,26.276],[78.825,26.26],[78.812,26.253],[78.802,26.232],[78.792,26.226],[78.812,26.211],[78.816,26.204],[78.833,26.203],[78.837,26.196],[78.809,26.182],[78.805,26.163],[78.823,26.152],[78.824,26.126],[78.844,26.114],[78.841,26.099],[78.827,26.101],[78.822,26.095],[78.808,26.093],[78.801,26.085],[78.815,26.072],[78.817,26.059],[78.806,26.06],[78.79,26.042],[78.789,26.031],[78.775,26.015],[78.769,26.011],[78.748,26.01],[78.743,26.015],[78.746,26.029],[78.74,26.038],[78.725,26.03],[78.722,26.018],[78.743,26.006],[78.725,25.964],[78.727,25.945],[78.709,25.954],[78.704,25.946],[78.715,25.936],[78.711,25.923],[78.692,25.917],[78.67,25.928],[78.662,25.94],[78.65,25.934],[78.662,25.923],[78.658,25.915],[78.642,25.907],[78.621,25.915],[78.616,25.909],[78.628,25.9],[78.624,25.887],[78.631,25.867],[78.624,25.85],[78.627,25.828],[78.644,25.821],[78.659,25.824],[78.658,25.838],[78.67,25.84],[78.686,25.824],[78.677,25.813],[78.663,25.808],[78.664,25.793],[78.679,25.795],[78.688,25.783],[78.679,25.762],[78.685,25.749],[78.699,25.749],[78.716,25.733],[78.706,25.722],[78.712,25.709],[78.712,25.682],[78.703,25.665],[78.688,25.652],[78.68,25.636],[78.693,25.626],[78.69,25.604],[78.676,25.604],[78.678,25.617],[78.666,25.63],[78.656,25.626],[78.656,25.609],[78.643,25.582],[78.629,25.577],[78.636,25.564],[78.656,25.56],[78.673,25.58],[78.684,25.589],[78.695,25.59],[78.719,25.601],[78.732,25.603],[78.74,25.598],[78.774,25.608],[78.802,25.612],[78.813,25.619],[78.819,25.64],[78.819,25.669],[78.803,25.691],[78.799,25.705],[78.768,25.715],[78.753,25.733],[78.754,25.744],[78.77,25.747],[78.783,25.756],[78.788,25.77],[78.807,25.794],[78.828,25.794],[78.832,25.802],[78.824,25.812],[78.812,25.805],[78.807,25.813],[78.824,25.826],[78.849,25.815],[78.849,25.8],[78.864,25.789],[78.871,25.797],[78.874,25.829],[78.852,25.84],[78.854,25.855],[78.866,25.867],[78.892,25.871],[78.889,25.883],[78.895,25.894],[78.884,25.91],[78.902,25.92],[78.912,25.936],[78.935,25.95],[78.933,25.96],[78.944,25.98],[78.951,25.985],[78.953,26.008],[78.959,26.02],[78.952,26.031],[78.976,26.054],[78.984,26.054],[78.991,26.068],[79.005,26.068],[79.011,26.076],[79.009,26.091],[78.998,26.09],[78.98,26.103],[78.975,26.12],[78.953,26.132],[78.969,26.149],[78.994,26.145],[79.009,26.149],[79.012,26.167],[79,26.172],[78.984,26.187],[79,26.198],[79.011,26.191],[79.029,26.203],[79.026,26.218],[79.011,26.227],[78.998,26.226],[78.993,26.237],[79,26.243],[79.019,26.246],[79.026,26.243],[79.035,26.228],[79.049,26.224],[79.071,26.241],[79.055,26.25],[79.055,26.265],[79.066,26.278],[79.086,26.282],[79.106,26.309],[79.117,26.303],[79.135,26.31],[79.132,26.339],[79.125,26.348],[79.085,26.357],[79.088,26.367],[79.098,26.372],[79.098,26.383],[79.089,26.4],[79.095,26.412],[79.109,26.406],[79.126,26.412],[79.128,26.427],[79.135,26.439],[79.119,26.447],[79.101,26.452],[79.086,26.442],[79.078,26.441],[79.057,26.45],[79.056,26.456],[79.072,26.479],[79.07,26.498],[79.058,26.501],[79.04,26.519],[79.042,26.53],[79.007,26.545],[79.007,26.569],[78.991,26.588],[79,26.599],[79.014,26.605],[79.012,26.621],[78.996,26.642],[79.01,26.668],[79.002,26.679],[78.993,26.68],[78.973,26.671],[78.957,26.657],[78.946,26.667],[78.959,26.686],[78.957,26.691],[78.913,26.708],[78.892,26.699],[78.874,26.699],[78.849,26.72],[78.82,26.76],[78.807,26.763],[78.779,26.758],[78.771,26.761],[78.75,26.787],[78.735,26.774],[78.727,26.776],[78.73,26.792],[78.724,26.794],[78.686,26.787],[78.676,26.768],[78.668,26.763],[78.629,26.769],[78.611,26.75],[78.574,26.752],[78.544,26.766],[78.524,26.779],[78.501,26.782],[78.467,26.789],[78.454,26.798],[78.443,26.818],[78.434,26.826],[78.409,26.82],[78.394,26.822],[78.371,26.865],[78.35,26.868],[78.332,26.863],[78.303,26.862],[78.291,26.858],[78.276,26.844],[78.274,26.819],[78.264,26.814],[78.231,26.831],[78.218,26.83],[78.2,26.824],[78.182,26.827],[78.169,26.821],[78.188,26.795],[78.184,26.786],[78.154,26.786],[78.127,26.797],[78.114,26.795],[78.104,26.784],[78.104,26.766],[78.119,26.756],[78.12,26.744],[78.097,26.732],[78.095,26.719],[78.096,26.681],[78.083,26.672],[78.069,26.676],[78.057,26.684],[78.04,26.686],[78.02,26.694],[78,26.697],[77.977,26.671],[77.948,26.657],[77.912,26.66],[77.899,26.649],[77.897,26.627],[77.887,26.615],[77.85,26.609],[77.828,26.594],[77.832,26.567],[77.821,26.549],[77.805,26.545],[77.775,26.548],[77.747,26.537],[77.738,26.524],[77.735,26.51],[77.722,26.499],[77.703,26.495],[77.679,26.504],[77.662,26.492],[77.634,26.477],[77.623,26.461],[77.606,26.449],[77.586,26.446],[77.576,26.438],[77.559,26.435],[77.544,26.418],[77.53,26.409],[77.513,26.407],[77.482,26.409],[77.435,26.401],[77.434,26.39],[77.447,26.373],[77.44,26.359],[77.409,26.363],[77.393,26.357],[77.373,26.366],[77.354,26.355],[77.342,26.352],[77.336,26.343],[77.325,26.341],[77.319,26.328],[77.315,26.31],[77.297,26.29],[77.274,26.271],[77.245,26.257],[77.201,26.231],[77.172,26.239],[77.165,26.233],[77.136,26.234],[77.116,26.22],[77.112,26.204],[77.103,26.19],[77.091,26.182],[77.059,26.181],[77.03,26.171],[77.011,26.154],[77.001,26.133],[76.945,26.101],[76.935,26.097],[76.901,26.093],[76.889,26.081],[76.888,26.073],[76.877,26.051],[76.851,26.034],[76.836,26.024],[76.846,26.006],[76.843,25.997],[76.824,25.979],[76.825,25.966],[76.812,25.948],[76.801,25.939],[76.783,25.934],[76.766,25.937],[76.759,25.927],[76.768,25.917],[76.739,25.897],[76.72,25.896],[76.68,25.907],[76.647,25.901],[76.641,25.891],[76.637,25.87],[76.622,25.866],[76.603,25.871],[76.591,25.863],[76.572,25.835],[76.555,25.82],[76.535,25.793],[76.528,25.761],[76.536,25.739],[76.532,25.726],[76.508,25.724],[76.488,25.713],[76.483,25.69],[76.494,25.679],[76.516,25.668],[76.505,25.643],[76.52,25.629],[76.521,25.602],[76.515,25.575],[76.527,25.545],[76.525,25.525],[76.543,25.505],[76.547,25.493],[76.565,25.468],[76.566,25.445],[76.579,25.432],[76.594,25.427],[76.604,25.4],[76.607,25.384],[76.615,25.383],[76.63,25.37],[76.641,25.375],[76.662,25.357],[76.686,25.341],[76.708,25.343],[76.72,25.338],[76.728,25.327],[76.775,25.307],[76.778,25.311],[76.827,25.322],[76.848,25.326],[76.872,25.32],[76.898,25.317],[76.91,25.313],[76.934,25.292],[76.934,25.274],[76.947,25.27],[76.958,25.274],[76.964,25.292],[76.998,25.297],[77.03,25.296],[77.04,25.307],[77.045,25.32],[77.058,25.316],[77.069,25.319],[77.081,25.335],[77.121,25.33],[77.159,25.308],[77.179,25.31],[77.196,25.307],[77.206,25.314],[77.204,25.325],[77.224,25.326],[77.223,25.344],[77.226,25.368],[77.231,25.374],[77.266,25.394],[77.289,25.418],[77.311,25.431],[77.35,25.417],[77.36,25.419],[77.367,25.408],[77.35,25.383],[77.351,25.375],[77.362,25.363],[77.35,25.332],[77.342,25.32],[77.355,25.319],[77.37,25.328],[77.378,25.315],[77.381,25.301],[77.373,25.28],[77.355,25.267],[77.366,25.256],[77.369,25.245],[77.386,25.24],[77.397,25.226],[77.412,25.221],[77.424,25.188],[77.409,25.181],[77.396,25.183],[77.392,25.117],[77.374,25.109],[77.374,25.103],[77.354,25.093],[77.338,25.092],[77.308,25.079],[77.301,25.082],[77.29,25.099],[77.268,25.114],[77.247,25.108],[77.226,25.105],[77.203,25.112],[77.194,25.107],[77.175,25.109],[77.163,25.083],[77.134,25.084],[77.12,25.064],[77.096,25.061],[77.082,25.053],[77.05,25.061],[77.035,25.067],[77.023,25.067],[77.011,25.074],[76.989,25.073],[76.977,25.062],[76.974,25.051],[76.959,25.044],[76.906,25.029],[76.887,25.029],[76.882,25.011],[76.874,25.006],[76.875,24.987],[76.871,24.967],[76.877,24.95],[76.898,24.931],[76.896,24.915],[76.912,24.918],[76.93,24.906],[76.918,24.892],[76.919,24.883],[76.954,24.868],[76.948,24.855],[76.931,24.845],[76.92,24.844],[76.9,24.835],[76.868,24.837],[76.842,24.836],[76.816,24.823],[76.807,24.822],[76.82,24.799],[76.84,24.78],[76.851,24.765],[76.85,24.747],[76.865,24.744],[76.891,24.749],[76.908,24.741],[76.926,24.744],[76.951,24.759],[76.968,24.755],[76.977,24.727],[76.997,24.713],[77.009,24.709],[77.024,24.71],[77.038,24.698],[77.042,24.678],[77.064,24.638],[77.066,24.606],[77.063,24.59],[77.068,24.581],[77.069,24.559],[77.058,24.539],[77.055,24.522],[77.037,24.524],[77.029,24.512],[77.029,24.497],[76.997,24.469],[76.984,24.47],[76.979,24.46],[76.965,24.456],[76.946,24.463],[76.919,24.483],[76.923,24.531],[76.917,24.539],[76.904,24.543],[76.893,24.522],[76.88,24.522],[76.879,24.536],[76.871,24.545],[76.85,24.546],[76.819,24.53],[76.839,24.494],[76.851,24.483],[76.856,24.465],[76.845,24.438],[76.855,24.433],[76.847,24.404],[76.854,24.384],[76.853,24.364],[76.841,24.356],[76.843,24.338],[76.849,24.323],[76.863,24.308],[76.868,24.285],[76.878,24.267],[76.902,24.243],[76.921,24.227],[76.923,24.216],[76.936,24.205],[76.947,24.204],[76.948,24.194],[76.937,24.182],[76.92,24.184],[76.915,24.172],[76.904,24.127],[76.882,24.131],[76.877,24.135],[76.86,24.135],[76.832,24.121],[76.819,24.122],[76.805,24.116],[76.795,24.121],[76.773,24.16],[76.759,24.168],[76.733,24.166],[76.725,24.157],[76.705,24.167],[76.688,24.184],[76.678,24.189],[76.681,24.206],[76.692,24.228],[76.706,24.244],[76.701,24.257],[76.697,24.281],[76.689,24.278],[76.683,24.266],[76.662,24.263],[76.651,24.268],[76.644,24.258],[76.62,24.258],[76.618,24.238],[76.591,24.242],[76.601,24.226],[76.59,24.215],[76.575,24.209],[76.569,24.196],[76.581,24.187],[76.583,24.176],[76.558,24.164],[76.527,24.159],[76.514,24.175],[76.512,24.196],[76.5,24.208],[76.483,24.213],[76.478,24.224],[76.467,24.225],[76.457,24.212],[76.439,24.221],[76.427,24.223],[76.426,24.21],[76.415,24.205],[76.403,24.218],[76.395,24.221],[76.356,24.245],[76.338,24.25],[76.321,24.247],[76.293,24.233],[76.29,24.214],[76.28,24.212],[76.251,24.224],[76.226,24.219],[76.219,24.213],[76.209,24.229],[76.207,24.265],[76.198,24.281],[76.209,24.307],[76.189,24.327],[76.175,24.311],[76.172,24.292],[76.153,24.288],[76.145,24.277],[76.157,24.24],[76.155,24.231],[76.126,24.201],[76.123,24.174],[76.134,24.165],[76.135,24.14],[76.14,24.127],[76.132,24.115],[76.137,24.091],[76.126,24.088],[76.108,24.092],[76.102,24.085],[76.066,24.074],[76.046,24.07],[76.036,24.06],[76.029,24.046],[75.993,24.026],[75.976,24.027],[75.963,24.021],[75.963,23.993],[75.979,23.978],[75.983,23.97],[75.983,23.939],[75.978,23.929],[75.951,23.918],[75.934,23.898],[75.923,23.9],[75.908,23.892],[75.891,23.888],[75.881,23.881],[75.869,23.89],[75.855,23.89],[75.82,23.876],[75.805,23.867],[75.796,23.87],[75.782,23.851],[75.763,23.853],[75.761,23.878],[75.752,23.886],[75.73,23.898],[75.712,23.897],[75.704,23.9],[75.7,23.873],[75.708,23.864],[75.729,23.861],[75.726,23.844],[75.717,23.842],[75.724,23.823],[75.715,23.813],[75.692,23.816],[75.7,23.784],[75.689,23.77],[75.686,23.757],[75.678,23.778],[75.661,23.785],[75.651,23.796],[75.625,23.797],[75.618,23.802],[75.584,23.797],[75.585,23.812],[75.567,23.812],[75.557,23.822],[75.561,23.833],[75.571,23.831],[75.564,23.854],[75.539,23.873],[75.518,23.885],[75.505,23.888],[75.489,23.907],[75.458,23.917],[75.459,23.935],[75.463,23.95],[75.466,23.977],[75.493,24.001],[75.516,24.045],[75.533,24.028],[75.573,24.014],[75.571,23.996],[75.585,23.988],[75.599,23.995],[75.636,23.996],[75.643,24.015],[75.661,24.028],[75.671,24.03],[75.679,24.016],[75.688,24.014],[75.685,23.994],[75.697,23.982],[75.702,23.965],[75.725,23.969],[75.737,23.977],[75.74,23.991],[75.75,23.99],[75.764,23.994],[75.765,24.01],[75.773,24.008],[75.782,24.032],[75.782,24.058],[75.832,24.068],[75.835,24.092],[75.833,24.104],[75.814,24.099],[75.805,24.114],[75.792,24.106],[75.781,24.131],[75.764,24.137],[75.746,24.136],[75.753,24.158],[75.772,24.194],[75.77,24.204],[75.776,24.217],[75.794,24.219],[75.808,24.226],[75.81,24.237],[75.829,24.239],[75.815,24.257],[75.815,24.297],[75.8,24.31],[75.783,24.305],[75.767,24.307],[75.759,24.323],[75.74,24.344],[75.742,24.385],[75.738,24.399],[75.758,24.405],[75.759,24.424],[75.789,24.454],[75.794,24.471],[75.808,24.469],[75.818,24.461],[75.815,24.433],[75.832,24.418],[75.85,24.415],[75.864,24.419],[75.906,24.442],[75.912,24.452],[75.911,24.474],[75.915,24.488],[75.908,24.501],[75.894,24.505],[75.895,24.517],[75.912,24.511],[75.925,24.523],[75.923,24.54],[75.91,24.546],[75.909,24.556],[75.92,24.567],[75.914,24.573],[75.887,24.578],[75.879,24.587],[75.877,24.603],[75.855,24.61],[75.842,24.605],[75.831,24.609],[75.837,24.62],[75.849,24.627],[75.847,24.635],[75.852,24.649],[75.847,24.665],[75.831,24.664],[75.845,24.713],[75.842,24.726],[75.831,24.732],[75.808,24.752],[75.789,24.761],[75.775,24.758],[75.763,24.761],[75.745,24.756],[75.683,24.724],[75.662,24.698],[75.637,24.687],[75.616,24.684],[75.584,24.719],[75.555,24.71],[75.551,24.712],[75.537,24.716],[75.508,24.706],[75.486,24.694],[75.454,24.689],[75.399,24.701],[75.366,24.706],[75.353,24.713],[75.306,24.717],[75.269,24.729],[75.251,24.725],[75.23,24.731],[75.219,24.719],[75.197,24.756],[75.189,24.757],[75.194,24.785],[75.205,24.785],[75.208,24.806],[75.219,24.817],[75.249,24.818],[75.254,24.833],[75.243,24.843],[75.23,24.844],[75.203,24.881],[75.21,24.894],[75.221,24.903],[75.225,24.886],[75.243,24.899],[75.252,24.892],[75.25,24.877],[75.229,24.855],[75.244,24.857],[75.273,24.853],[75.286,24.846],[75.3,24.823],[75.303,24.812],[75.315,24.81],[75.332,24.828],[75.346,24.829],[75.366,24.839],[75.402,24.851],[75.419,24.86],[75.427,24.889],[75.41,24.888],[75.374,24.874],[75.352,24.881],[75.328,24.883],[75.313,24.866],[75.296,24.868],[75.29,24.876],[75.264,24.886],[75.262,24.896],[75.269,24.911],[75.281,24.914],[75.29,24.923],[75.287,24.933],[75.278,24.937],[75.269,24.958],[75.278,24.973],[75.288,24.973],[75.293,24.948],[75.302,24.943],[75.305,24.927],[75.314,24.907],[75.32,24.903],[75.328,24.934],[75.337,24.947],[75.34,24.959],[75.325,24.978],[75.325,24.997],[75.321,25.003],[75.332,25.014],[75.353,25.021],[75.352,25.038],[75.313,25.042],[75.295,25.039],[75.281,25.041],[75.258,25.036],[75.24,25.038],[75.229,25.035],[75.208,25.039],[75.197,25.034],[75.176,25.05],[75.161,25.042],[75.157,25.025],[75.167,25.019],[75.171,25.01],[75.166,24.988],[75.143,24.98],[75.136,24.972],[75.122,24.972],[75.117,24.958],[75.121,24.915],[75.117,24.908],[75.121,24.885],[75.092,24.876],[75.083,24.886],[75.075,24.884],[75.045,24.856],[75.036,24.855],[75.014,24.871],[74.979,24.874],[74.965,24.871],[74.946,24.875],[74.95,24.891],[74.932,24.891],[74.914,24.896],[74.908,24.904],[74.914,24.925],[74.902,24.936],[74.891,24.938],[74.869,24.934],[74.864,24.963],[74.855,24.971],[74.834,24.964],[74.826,24.937],[74.825,24.912],[74.828,24.896],[74.841,24.89],[74.841,24.877],[74.857,24.85],[74.86,24.826],[74.859,24.815],[74.839,24.805],[74.85,24.789],[74.859,24.791],[74.86,24.81],[74.879,24.81],[74.886,24.799],[74.906,24.794],[74.911,24.785],[74.923,24.785],[74.931,24.792],[74.947,24.788],[74.972,24.788],[75,24.794],[75.014,24.79],[75.023,24.769],[75.022,24.749],[74.995,24.749],[74.992,24.73],[75.001,24.705],[74.965,24.697],[74.966,24.691],[74.945,24.659],[74.904,24.653],[74.889,24.654],[74.874,24.666],[74.868,24.687],[74.851,24.695],[74.85,24.706],[74.836,24.729],[74.82,24.762],[74.811,24.793],[74.8,24.792],[74.804,24.752],[74.781,24.74],[74.791,24.724],[74.778,24.694],[74.777,24.683],[74.793,24.681],[74.814,24.683],[74.818,24.669],[74.796,24.652],[74.784,24.634],[74.791,24.608],[74.749,24.594],[74.758,24.561],[74.749,24.549],[74.748,24.533],[74.729,24.532],[74.716,24.52],[74.714,24.506],[74.731,24.507],[74.736,24.501],[74.758,24.486],[74.767,24.488],[74.78,24.48],[74.793,24.49],[74.815,24.489],[74.825,24.476],[74.819,24.459],[74.834,24.457],[74.842,24.464],[74.858,24.46],[74.858,24.448],[74.828,24.42],[74.826,24.405],[74.813,24.406],[74.803,24.384],[74.785,24.364],[74.787,24.346],[74.784,24.314],[74.758,24.293],[74.755,24.276],[74.773,24.269],[74.791,24.269],[74.816,24.274],[74.833,24.268],[74.854,24.267],[74.876,24.275],[74.895,24.258],[74.898,24.246],[74.905,24.243],[74.906,24.231],[74.887,24.222],[74.881,24.213],[74.898,24.184],[74.901,24.171],[74.928,24.154],[74.925,24.142],[74.937,24.136],[74.94,24.118],[74.96,24.107],[74.966,24.079],[74.98,24.069],[74.982,24.038],[74.993,24.026],[74.988,24.011],[74.973,24],[74.973,23.988],[74.964,23.97],[74.942,23.957],[74.93,23.938],[74.921,23.933],[74.924,23.922],[74.915,23.909],[74.905,23.865],[74.907,23.853],[74.916,23.843],[74.91,23.798],[74.928,23.795],[74.938,23.774],[74.94,23.763],[74.932,23.755],[74.941,23.732],[74.924,23.716],[74.923,23.694],[74.91,23.685],[74.91,23.674],[74.924,23.665],[74.93,23.645],[74.939,23.64],[74.94,23.627],[74.922,23.619],[74.906,23.62],[74.898,23.609],[74.886,23.603],[74.874,23.587],[74.869,23.572],[74.861,23.569],[74.851,23.554],[74.83,23.547],[74.819,23.538],[74.802,23.531],[74.796,23.543],[74.784,23.545],[74.773,23.54],[74.763,23.522],[74.742,23.517],[74.733,23.498],[74.725,23.496],[74.71,23.503],[74.686,23.493],[74.68,23.482],[74.668,23.481],[74.658,23.464],[74.612,23.459],[74.612,23.449],[74.597,23.427],[74.572,23.417],[74.571,23.381],[74.559,23.362],[74.544,23.361],[74.541,23.336],[74.537,23.331],[74.519,23.329],[74.518,23.319],[74.532,23.32],[74.534,23.307],[74.547,23.284],[74.557,23.283],[74.566,23.296],[74.576,23.295],[74.585,23.282],[74.614,23.282],[74.625,23.273],[74.631,23.261],[74.651,23.258],[74.672,23.272],[74.7,23.269],[74.721,23.24],[74.694,23.226],[74.701,23.217],[74.718,23.217],[74.74,23.227],[74.75,23.228],[74.745,23.209],[74.714,23.192],[74.686,23.194],[74.668,23.199],[74.653,23.179],[74.624,23.16],[74.606,23.142],[74.544,23.13],[74.546,23.116],[74.534,23.099],[74.512,23.093],[74.51,23.086],[74.465,23.083],[74.443,23.091],[74.431,23.103],[74.412,23.109],[74.389,23.11],[74.359,23.088],[74.357,23.078],[74.346,23.069],[74.32,23.06],[74.325,23.04],[74.347,23.028],[74.353,23.001],[74.368,22.978],[74.355,22.975],[74.339,22.962],[74.345,22.951],[74.358,22.94],[74.36,22.931],[74.372,22.92],[74.379,22.908],[74.398,22.897],[74.416,22.916],[74.43,22.92],[74.436,22.915],[74.449,22.922],[74.461,22.911],[74.464,22.892],[74.477,22.856],[74.463,22.813],[74.437,22.807],[74.437,22.783],[74.423,22.758],[74.4,22.729],[74.394,22.69],[74.382,22.667],[74.381,22.641],[74.378,22.636],[74.361,22.634],[74.325,22.642],[74.322,22.636],[74.292,22.639],[74.275,22.646],[74.262,22.643],[74.253,22.634],[74.254,22.622],[74.233,22.612],[74.223,22.583],[74.215,22.58],[74.21,22.565],[74.196,22.568],[74.188,22.551],[74.169,22.543],[74.154,22.53],[74.15,22.516],[74.124,22.523],[74.118,22.534],[74.102,22.536],[74.08,22.548],[74.063,22.549],[74.041,22.54],[74.037,22.528],[74.04,22.515],[74.031,22.507],[74.033,22.49],[74.051,22.5],[74.055,22.509],[74.081,22.507],[74.086,22.487],[74.076,22.484],[74.074,22.464],[74.096,22.467],[74.102,22.46],[74.097,22.444],[74.101,22.432],[74.119,22.419],[74.127,22.42],[74.127,22.434],[74.137,22.452],[74.153,22.455],[74.152,22.438],[74.157,22.43],[74.169,22.44],[74.183,22.442],[74.179,22.463],[74.187,22.476],[74.201,22.465],[74.201,22.435],[74.213,22.432],[74.22,22.438],[74.234,22.437],[74.251,22.431],[74.261,22.423],[74.271,22.391],[74.255,22.398],[74.253,22.384],[74.237,22.375],[74.227,22.378],[74.223,22.357],[74.213,22.356],[74.195,22.341],[74.192,22.324],[74.187,22.32],[74.13,22.331],[74.125,22.351],[74.113,22.356],[74.108,22.37],[74.096,22.371],[74.091,22.361],[74.068,22.359],[74.072,22.34],[74.064,22.329],[74.062,22.304],[74.055,22.304],[74.055,22.284],[74.06,22.274],[74.074,22.267],[74.076,22.248],[74.072,22.22],[74.11,22.217],[74.119,22.211],[74.118,22.186],[74.122,22.165],[74.131,22.16],[74.129,22.144],[74.122,22.13],[74.127,22.123],[74.125,22.107],[74.128,22.095],[74.151,22.104],[74.166,22.1],[74.177,22.085],[74.163,22.081],[74.158,22.069],[74.159,22.059],[74.134,22.052],[74.137,22.039],[74.121,22.034],[74.112,22.023],[74.097,22.017],[74.096,22],[74.113,21.997],[74.15,21.985],[74.149,21.974],[74.139,21.968],[74.142,21.952],[74.159,21.948],[74.186,21.926],[74.201,21.924],[74.288,21.935],[74.297,21.964],[74.306,21.97],[74.342,21.973],[74.354,21.98],[74.375,22],[74.385,22.018],[74.432,22.029]]],[[[74.179,22.391],[74.173,22.419],[74.159,22.413],[74.167,22.396],[74.179,22.391]]]]}},
{"type":"Feature","properties":{"name":"Madhya Pradesh","std":"Madhya Pradesh","kind":"state","covers":["Chhattisgarh","Madhya Pradesh","Maharashtra"],"part":"A"},"geometry":{"type":"Polygon","coordinates":[[[81.881,20.05],[81.897,20.047],[81.923,20.078],[81.929,20.091],[81.941,20.103],[81.952,20.106],[81.981,20.08],[81.991,20.061],[82,20.052],[82.018,20.049],[82.022,20.041],[82.022,20.024],[82.032,20.014],[82.039,20.027],[82.057,20.04],[82.065,20.054],[82.084,20.048],[82.091,20.037],[82.101,20.037],[82.105,20.028],[82.124,20.015],[82.139,20.017],[82.174,20],[82.192,19.986],[82.212,19.985],[82.218,19.995],[82.238,20.003],[82.26,19.981],[82.269,19.976],[82.276,19.963],[82.277,19.95],[82.303,19.904],[82.306,19.888],[82.326,19.864],[82.334,19.843],[82.347,19.835],[82.364,19.852],[82.376,19.86],[82.396,19.887],[82.422,19.902],[82.45,19.908],[82.466,19.9],[82.483,19.906],[82.505,19.9],[82.506,19.89],[82.52,19.889],[82.531,19.878],[82.538,19.887],[82.552,19.874],[82.574,19.877],[82.585,19.869],[82.598,19.871],[82.605,19.866],[82.579,19.833],[82.579,19.807],[82.587,19.803],[82.586,19.781],[82.593,19.776],[82.607,19.787],[82.627,19.792],[82.637,19.809],[82.649,19.819],[82.653,19.831],[82.691,19.829],[82.706,19.832],[82.719,19.854],[82.725,19.876],[82.717,19.876],[82.708,19.899],[82.708,19.912],[82.717,19.952],[82.719,19.988],[82.705,19.998],[82.658,20.004],[82.631,20.003],[82.622,19.992],[82.606,19.991],[82.59,19.995],[82.584,20.004],[82.551,20.017],[82.532,20.015],[82.51,20.018],[82.498,20.023],[82.483,20.035],[82.449,20.04],[82.432,20.048],[82.403,20.054],[82.398,20.064],[82.402,20.094],[82.398,20.124],[82.386,20.149],[82.395,20.153],[82.391,20.165],[82.413,20.183],[82.415,20.199],[82.421,20.207],[82.412,20.244],[82.422,20.246],[82.413,20.268],[82.436,20.283],[82.436,20.294],[82.43,20.314],[82.424,20.321],[82.408,20.329],[82.401,20.34],[82.405,20.36],[82.418,20.381],[82.42,20.392],[82.417,20.407],[82.432,20.414],[82.437,20.43],[82.425,20.442],[82.427,20.461],[82.418,20.477],[82.405,20.456],[82.396,20.456],[82.388,20.514],[82.366,20.52],[82.356,20.527],[82.35,20.541],[82.331,20.558],[82.345,20.569],[82.35,20.579],[82.346,20.598],[82.363,20.607],[82.366,20.619],[82.375,20.633],[82.37,20.654],[82.373,20.665],[82.368,20.675],[82.359,20.682],[82.351,20.702],[82.354,20.718],[82.353,20.732],[82.343,20.762],[82.346,20.793],[82.34,20.823],[82.341,20.844],[82.349,20.873],[82.354,20.887],[82.367,20.886],[82.363,20.873],[82.375,20.867],[82.39,20.873],[82.409,20.866],[82.415,20.851],[82.413,20.841],[82.423,20.83],[82.444,20.833],[82.461,20.825],[82.47,20.831],[82.467,20.839],[82.485,20.85],[82.492,20.876],[82.491,20.903],[82.501,20.913],[82.521,20.92],[82.527,20.928],[82.543,20.933],[82.56,20.945],[82.574,20.97],[82.589,20.99],[82.612,21.009],[82.616,21.021],[82.63,21.04],[82.616,21.067],[82.617,21.074],[82.633,21.08],[82.639,21.09],[82.652,21.105],[82.647,21.12],[82.655,21.128],[82.641,21.139],[82.643,21.152],[82.669,21.154],[82.692,21.161],[82.708,21.156],[82.728,21.162],[82.765,21.162],[82.789,21.144],[82.82,21.162],[82.847,21.167],[82.854,21.161],[82.887,21.152],[82.91,21.166],[82.929,21.161],[82.95,21.166],[82.963,21.179],[82.972,21.159],[82.987,21.161],[83.018,21.149],[83.037,21.135],[83.048,21.122],[83.067,21.119],[83.079,21.112],[83.102,21.108],[83.116,21.111],[83.127,21.105],[83.141,21.109],[83.169,21.135],[83.184,21.134],[83.2,21.143],[83.201,21.161],[83.207,21.178],[83.218,21.195],[83.215,21.205],[83.226,21.227],[83.221,21.254],[83.232,21.27],[83.239,21.269],[83.25,21.28],[83.265,21.279],[83.275,21.272],[83.282,21.289],[83.28,21.3],[83.266,21.305],[83.261,21.323],[83.262,21.335],[83.273,21.349],[83.278,21.363],[83.277,21.378],[83.317,21.368],[83.327,21.361],[83.342,21.359],[83.382,21.343],[83.395,21.342],[83.41,21.352],[83.401,21.365],[83.401,21.403],[83.389,21.413],[83.377,21.439],[83.357,21.447],[83.351,21.468],[83.349,21.488],[83.342,21.499],[83.353,21.511],[83.361,21.538],[83.373,21.553],[83.37,21.576],[83.375,21.6],[83.388,21.616],[83.421,21.639],[83.448,21.652],[83.455,21.648],[83.449,21.635],[83.448,21.621],[83.456,21.611],[83.47,21.609],[83.477,21.63],[83.492,21.629],[83.49,21.643],[83.473,21.647],[83.448,21.658],[83.427,21.678],[83.428,21.689],[83.439,21.697],[83.457,21.694],[83.463,21.697],[83.485,21.731],[83.491,21.744],[83.481,21.752],[83.486,21.761],[83.483,21.777],[83.474,21.785],[83.491,21.797],[83.498,21.811],[83.529,21.797],[83.544,21.797],[83.544,21.821],[83.538,21.835],[83.565,21.837],[83.581,21.832],[83.592,21.846],[83.591,21.856],[83.579,21.875],[83.59,21.894],[83.608,21.913],[83.595,21.929],[83.56,21.935],[83.565,21.946],[83.542,21.966],[83.542,21.979],[83.556,22.009],[83.541,22.025],[83.54,22.036],[83.546,22.058],[83.573,22.059],[83.591,22.057],[83.607,22.068],[83.581,22.091],[83.564,22.102],[83.574,22.116],[83.6,22.142],[83.613,22.16],[83.626,22.199],[83.653,22.227],[83.665,22.227],[83.686,22.243],[83.7,22.248],[83.753,22.243],[83.778,22.26],[83.786,22.277],[83.805,22.292],[83.823,22.293],[83.828,22.298],[83.83,22.318],[83.836,22.326],[83.85,22.329],[83.868,22.346],[83.879,22.341],[83.904,22.342],[83.912,22.355],[83.923,22.362],[83.937,22.358],[83.959,22.363],[83.974,22.36],[83.985,22.367],[84.008,22.372],[84.009,22.383],[84.021,22.406],[84.047,22.435],[84.049,22.466],[84.029,22.474],[84.02,22.487],[84.004,22.493],[83.983,22.504],[83.984,22.52],[84.001,22.531],[84.01,22.523],[84.012,22.532],[84.006,22.541],[84.012,22.571],[84.025,22.581],[84.028,22.589],[84.055,22.596],[84.087,22.638],[84.101,22.635],[84.114,22.639],[84.157,22.636],[84.172,22.647],[84.187,22.652],[84.204,22.666],[84.222,22.667],[84.235,22.679],[84.239,22.691],[84.232,22.737],[84.267,22.767],[84.295,22.773],[84.297,22.789],[84.317,22.801],[84.325,22.819],[84.327,22.851],[84.336,22.861],[84.365,22.862],[84.377,22.866],[84.383,22.875],[84.384,22.899],[84.378,22.903],[84.393,22.919],[84.396,22.94],[84.385,22.954],[84.385,22.963],[84.377,22.977],[84.339,22.981],[84.325,22.978],[84.314,22.969],[84.286,22.963],[84.276,22.981],[84.258,22.973],[84.244,22.982],[84.224,22.978],[84.204,23.006],[84.207,23.017],[84.197,23.025],[84.186,23.024],[84.176,22.996],[84.178,22.979],[84.175,22.972],[84.155,22.965],[84.151,22.99],[84.132,23.032],[84.13,23.046],[84.138,23.065],[84.134,23.086],[84.12,23.088],[84.112,23.1],[84.095,23.111],[84.074,23.108],[84.06,23.126],[84.041,23.14],[84.036,23.155],[84.041,23.169],[84.051,23.186],[84.063,23.197],[84.065,23.209],[84.059,23.222],[84.058,23.242],[84.071,23.293],[84.067,23.309],[84.077,23.331],[84.057,23.353],[84.051,23.375],[84.028,23.376],[84.014,23.354],[83.99,23.36],[83.974,23.375],[83.975,23.394],[83.983,23.408],[83.987,23.427],[83.977,23.448],[83.986,23.461],[83.992,23.476],[84.005,23.494],[84.016,23.5],[84.02,23.521],[84.03,23.545],[84.032,23.566],[84.031,23.588],[84.028,23.601],[84.009,23.621],[84.014,23.633],[83.983,23.631],[83.97,23.627],[83.945,23.623],[83.939,23.612],[83.937,23.594],[83.943,23.563],[83.906,23.572],[83.89,23.573],[83.829,23.585],[83.814,23.583],[83.794,23.598],[83.782,23.6],[83.772,23.622],[83.755,23.627],[83.75,23.641],[83.76,23.649],[83.751,23.659],[83.736,23.667],[83.722,23.683],[83.723,23.69],[83.74,23.705],[83.742,23.714],[83.737,23.732],[83.737,23.755],[83.72,23.772],[83.718,23.789],[83.703,23.807],[83.703,23.821],[83.69,23.826],[83.68,23.82],[83.666,23.828],[83.664,23.843],[83.657,23.848],[83.638,23.847],[83.608,23.853],[83.589,23.862],[83.569,23.863],[83.565,23.869],[83.581,23.877],[83.578,23.89],[83.557,23.892],[83.55,23.898],[83.545,23.914],[83.547,23.933],[83.52,23.967],[83.515,23.979],[83.515,24.001],[83.524,24.01],[83.517,24.025],[83.487,24.038],[83.455,24.042],[83.441,24.054],[83.433,24.083],[83.408,24.081],[83.4,24.094],[83.391,24.099],[83.365,24.101],[83.353,24.096],[83.331,24.101],[83.302,24.078],[83.286,24.046],[83.289,24.035],[83.286,24.024],[83.267,24.011],[83.255,24.014],[83.245,24.001],[83.224,23.989],[83.216,23.972],[83.219,23.96],[83.209,23.94],[83.199,23.932],[83.197,23.92],[83.176,23.917],[83.153,23.909],[83.135,23.889],[83.094,23.877],[83.069,23.874],[83.044,23.882],[83,23.878],[82.992,23.879],[82.961,23.872],[82.947,23.875],[82.933,23.89],[82.889,23.909],[82.871,23.925],[82.857,23.946],[82.829,23.964],[82.816,23.962],[82.805,23.96],[82.798,23.95],[82.783,23.937],[82.762,23.935],[82.756,23.921],[82.726,23.92],[82.71,23.924],[82.69,23.911],[82.662,23.905],[82.654,23.888],[82.668,23.869],[82.66,23.855],[82.648,23.857],[82.637,23.838],[82.614,23.835],[82.594,23.822],[82.556,23.826],[82.535,23.823],[82.547,23.811],[82.552,23.793],[82.537,23.79],[82.524,23.783],[82.499,23.785],[82.49,23.796],[82.471,23.81],[82.457,23.81],[82.444,23.804],[82.431,23.805],[82.396,23.8],[82.376,23.81],[82.355,23.802],[82.336,23.802],[82.315,23.81],[82.305,23.807],[82.285,23.816],[82.263,23.821],[82.239,23.806],[82.229,23.809],[82.224,23.82],[82.207,23.83],[82.215,23.843],[82.212,23.852],[82.197,23.842],[82.18,23.836],[82.177,23.823],[82.142,23.817],[82.125,23.822],[82.086,23.816],[82.053,23.819],[82.039,23.83],[82.043,23.841],[82.019,23.851],[82.008,23.861],[81.992,23.86],[81.958,23.851],[81.924,23.871],[81.902,23.842],[81.87,23.833],[81.861,23.823],[81.839,23.82],[81.819,23.808],[81.801,23.813],[81.78,23.812],[81.735,23.839],[81.729,23.859],[81.71,23.861],[81.705,23.884],[81.69,23.888],[81.687,23.906],[81.675,23.914],[81.669,23.924],[81.659,23.916],[81.637,23.906],[81.622,23.906],[81.605,23.887],[81.623,23.871],[81.606,23.852],[81.617,23.834],[81.633,23.834],[81.638,23.829],[81.65,23.803],[81.651,23.79],[81.647,23.769],[81.677,23.756],[81.686,23.747],[81.68,23.738],[81.695,23.72],[81.681,23.692],[81.657,23.682],[81.651,23.659],[81.621,23.659],[81.617,23.631],[81.609,23.612],[81.61,23.598],[81.602,23.594],[81.588,23.595],[81.577,23.587],[81.585,23.553],[81.61,23.552],[81.614,23.543],[81.613,23.509],[81.625,23.493],[81.639,23.49],[81.655,23.501],[81.661,23.512],[81.662,23.53],[81.675,23.53],[81.701,23.522],[81.714,23.532],[81.727,23.555],[81.737,23.564],[81.756,23.564],[81.764,23.551],[81.805,23.547],[81.819,23.533],[81.818,23.521],[81.835,23.51],[81.858,23.515],[81.87,23.513],[81.887,23.517],[81.912,23.534],[81.924,23.531],[81.942,23.504],[81.957,23.496],[81.955,23.474],[81.958,23.465],[81.969,23.459],[81.979,23.446],[81.983,23.431],[81.981,23.416],[81.995,23.418],[82.007,23.412],[82.024,23.422],[82.031,23.409],[82.022,23.392],[82.031,23.383],[82.057,23.378],[82.062,23.389],[82.088,23.396],[82.106,23.397],[82.113,23.382],[82.112,23.362],[82.122,23.353],[82.145,23.361],[82.168,23.331],[82.195,23.321],[82.197,23.284],[82.192,23.275],[82.177,23.269],[82.174,23.261],[82.15,23.227],[82.154,23.209],[82.148,23.197],[82.145,23.164],[82.159,23.16],[82.159,23.141],[82.14,23.131],[82.136,23.112],[82.123,23.103],[82.093,23.109],[82.069,23.115],[82.036,23.081],[82.01,23.078],[82,23.084],[81.987,23.085],[81.977,23.079],[81.946,23.077],[81.945,23.069],[81.934,23.062],[81.926,23.04],[81.934,23.022],[81.945,23.009],[81.95,22.964],[81.948,22.957],[81.921,22.948],[81.909,22.933],[81.894,22.925],[81.882,22.913],[81.867,22.914],[81.869,22.893],[81.839,22.882],[81.803,22.88],[81.777,22.873],[81.777,22.851],[81.768,22.834],[81.783,22.8],[81.782,22.785],[81.792,22.766],[81.771,22.746],[81.77,22.735],[81.757,22.733],[81.754,22.726],[81.763,22.697],[81.773,22.676],[81.77,22.663],[81.756,22.646],[81.748,22.648],[81.744,22.669],[81.73,22.676],[81.739,22.689],[81.731,22.697],[81.702,22.706],[81.694,22.713],[81.704,22.734],[81.704,22.746],[81.693,22.763],[81.692,22.779],[81.655,22.785],[81.638,22.782],[81.628,22.774],[81.597,22.757],[81.567,22.756],[81.559,22.76],[81.53,22.75],[81.521,22.76],[81.504,22.762],[81.476,22.759],[81.457,22.772],[81.439,22.805],[81.439,22.821],[81.427,22.837],[81.41,22.845],[81.406,22.851],[81.379,22.855],[81.361,22.849],[81.325,22.861],[81.317,22.873],[81.301,22.878],[81.28,22.878],[81.257,22.898],[81.236,22.901],[81.219,22.912],[81.204,22.909],[81.193,22.928],[81.189,22.951],[81.202,22.983],[81.205,23.001],[81.21,23.016],[81.227,23.03],[81.232,23.058],[81.241,23.06],[81.255,23.053],[81.259,23.066],[81.256,23.082],[81.241,23.11],[81.232,23.108],[81.214,23.117],[81.212,23.127],[81.193,23.132],[81.196,23.148],[81.183,23.15],[81.187,23.168],[81.167,23.164],[81.16,23.178],[81.146,23.178],[81.14,23.194],[81.129,23.205],[81.125,23.216],[81.118,23.216],[81.107,23.203],[81.068,23.194],[81.057,23.207],[81.034,23.207],[81.02,23.223],[80.995,23.232],[80.997,23.242],[80.982,23.248],[80.962,23.264],[80.96,23.276],[80.947,23.287],[80.938,23.289],[80.923,23.28],[80.915,23.259],[80.896,23.248],[80.872,23.237],[80.863,23.222],[80.85,23.222],[80.834,23.231],[80.834,23.24],[80.815,23.244],[80.813,23.253],[80.793,23.25],[80.789,23.223],[80.777,23.217],[80.763,23.22],[80.743,23.234],[80.745,23.252],[80.736,23.262],[80.725,23.263],[80.717,23.28],[80.727,23.294],[80.726,23.303],[80.755,23.32],[80.757,23.344],[80.743,23.342],[80.736,23.352],[80.712,23.361],[80.702,23.371],[80.675,23.362],[80.631,23.36],[80.594,23.347],[80.574,23.352],[80.544,23.355],[80.542,23.364],[80.558,23.377],[80.544,23.393],[80.533,23.401],[80.531,23.416],[80.542,23.436],[80.558,23.437],[80.564,23.45],[80.565,23.468],[80.546,23.493],[80.547,23.513],[80.554,23.53],[80.552,23.545],[80.56,23.562],[80.579,23.575],[80.597,23.576],[80.604,23.588],[80.613,23.586],[80.623,23.592],[80.624,23.616],[80.642,23.625],[80.652,23.637],[80.643,23.649],[80.66,23.656],[80.67,23.669],[80.67,23.692],[80.681,23.711],[80.689,23.734],[80.707,23.736],[80.71,23.761],[80.717,23.759],[80.731,23.729],[80.74,23.728],[80.756,23.713],[80.77,23.71],[80.788,23.699],[80.806,23.684],[80.814,23.682],[80.822,23.669],[80.856,23.672],[80.881,23.678],[80.895,23.675],[80.904,23.682],[80.906,23.701],[80.9,23.719],[80.9,23.729],[80.892,23.766],[80.906,23.77],[80.913,23.787],[80.906,23.799],[80.906,23.815],[80.894,23.832],[80.892,23.847],[80.895,23.861],[80.88,23.871],[80.865,23.876],[80.867,23.891],[80.878,23.899],[80.869,23.905],[80.846,23.906],[80.841,23.911],[80.841,23.934],[80.836,23.953],[80.847,23.968],[80.872,23.966],[80.879,23.991],[80.889,23.999],[80.911,24.029],[80.905,24.039],[80.93,24.05],[80.931,24.058],[80.958,24.066],[80.92,24.065],[80.911,24.07],[80.898,24.068],[80.887,24.083],[80.876,24.083],[80.866,24.075],[80.863,24.057],[80.853,24.049],[80.85,24.038],[80.84,24.026],[80.819,24.027],[80.809,24.016],[80.808,23.997],[80.799,23.988],[80.8,23.973],[80.784,23.972],[80.761,23.99],[80.768,24.012],[80.758,24.029],[80.779,24.04],[80.789,24.038],[80.8,24.045],[80.795,24.054],[80.801,24.067],[80.778,24.071],[80.758,24.064],[80.743,24.072],[80.714,24.07],[80.7,24.086],[80.704,24.096],[80.721,24.095],[80.746,24.117],[80.738,24.135],[80.719,24.131],[80.693,24.115],[80.678,24.109],[80.683,24.091],[80.675,24.08],[80.661,24.093],[80.645,24.092],[80.642,24.084],[80.603,24.066],[80.579,24.05],[80.55,24.04],[80.555,24.055],[80.535,24.069],[80.517,24.049],[80.533,24.03],[80.52,24.017],[80.485,23.995],[80.448,23.985],[80.421,23.985],[80.405,23.973],[80.384,23.965],[80.372,23.97],[80.358,23.967],[80.354,23.951],[80.341,23.936],[80.323,23.927],[80.333,23.915],[80.326,23.911],[80.31,23.913],[80.293,23.926],[80.272,23.929],[80.262,23.941],[80.245,23.942],[80.228,23.95],[80.212,23.964],[80.218,23.978],[80.228,23.966],[80.236,23.975],[80.226,23.987],[80.216,23.987],[80.206,23.995],[80.175,24],[80.17,23.972],[80.157,23.944],[80.147,23.941],[80.132,23.951],[80.119,23.953],[80.117,23.972],[80.108,23.98],[80.095,23.984],[80.084,23.977],[80.06,23.993],[80.046,23.99],[80.04,23.983],[80.015,23.976],[80.018,23.962],[80.009,23.956],[79.996,23.93],[79.994,23.91],[79.984,23.889],[79.969,23.875],[79.971,23.862],[79.953,23.849],[79.941,23.829],[79.922,23.827],[79.902,23.819],[79.866,23.829],[79.858,23.844],[79.858,23.858],[79.864,23.864],[79.871,23.89],[79.865,23.912],[79.845,23.925],[79.839,23.933],[79.84,23.948],[79.852,23.969],[79.857,23.992],[79.845,23.997],[79.845,24.022],[79.825,24.029],[79.814,24.027],[79.788,24.031],[79.772,24.041],[79.762,24.033],[79.757,24.048],[79.745,24.044],[79.739,24.055],[79.74,24.072],[79.762,24.073],[79.762,24.091],[79.771,24.109],[79.787,24.118],[79.785,24.132],[79.797,24.135],[79.796,24.149],[79.813,24.159],[79.813,24.195],[79.816,24.2],[79.835,24.203],[79.842,24.216],[79.84,24.234],[79.845,24.247],[79.832,24.257],[79.81,24.265],[79.814,24.284],[79.829,24.281],[79.844,24.284],[79.859,24.299],[79.836,24.32],[79.823,24.321],[79.809,24.317],[79.821,24.341],[79.797,24.373],[79.777,24.382],[79.768,24.392],[79.757,24.413],[79.741,24.412],[79.721,24.399],[79.709,24.381],[79.685,24.392],[79.683,24.38],[79.668,24.383],[79.66,24.369],[79.635,24.383],[79.627,24.376],[79.62,24.39],[79.631,24.403],[79.62,24.42],[79.608,24.421],[79.587,24.439],[79.571,24.446],[79.565,24.428],[79.546,24.422],[79.564,24.401],[79.563,24.388],[79.548,24.388],[79.537,24.395],[79.511,24.399],[79.487,24.393],[79.478,24.388],[79.46,24.407],[79.44,24.412],[79.433,24.396],[79.426,24.391],[79.401,24.389],[79.395,24.386],[79.393,24.368],[79.408,24.357],[79.411,24.348],[79.399,24.325],[79.404,24.312],[79.398,24.288],[79.39,24.279],[79.394,24.267],[79.387,24.238],[79.388,24.213],[79.377,24.209],[79.379,24.198],[79.364,24.192],[79.318,24.183],[79.303,24.183],[79.304,24.172],[79.315,24.158],[79.325,24.157],[79.327,24.146],[79.313,24.141],[79.294,24.147],[79.264,24.143],[79.255,24.149],[79.225,24.14],[79.221,24.133],[79.206,24.131],[79.185,24.118],[79.175,24.125],[79.16,24.121],[79.146,24.101],[79.125,24.102],[79.124,24.113],[79.115,24.12],[79.076,24.129],[79.068,24.163],[79.056,24.171],[79.052,24.19],[79.05,24.223],[79.063,24.226],[79.068,24.245],[79.067,24.263],[79.085,24.261],[79.082,24.251],[79.093,24.243],[79.106,24.251],[79.112,24.263],[79.138,24.253],[79.156,24.273],[79.173,24.277],[79.169,24.305],[79.185,24.317],[79.184,24.325],[79.166,24.342],[79.16,24.359],[79.143,24.366],[79.153,24.374],[79.154,24.393],[79.151,24.405],[79.166,24.406],[79.166,24.386],[79.16,24.372],[79.184,24.358],[79.197,24.359],[79.199,24.34],[79.216,24.331],[79.233,24.339],[79.237,24.361],[79.244,24.358],[79.253,24.37],[79.248,24.376],[79.243,24.397],[79.245,24.406],[79.239,24.416],[79.226,24.418],[79.206,24.416],[79.196,24.427],[79.185,24.431],[79.168,24.43],[79.135,24.412],[79.126,24.414],[79.102,24.41],[79.098,24.402],[79.073,24.403],[79.067,24.383],[79.054,24.37],[79.038,24.37],[79.018,24.382],[79.006,24.371],[79.006,24.391],[78.996,24.403],[78.994,24.419],[78.988,24.414],[78.974,24.369],[78.975,24.353],[78.958,24.336],[78.939,24.315],[78.914,24.297],[78.919,24.285],[78.916,24.269],[78.886,24.25],[78.888,24.225],[78.88,24.215],[78.865,24.209],[78.845,24.21],[78.834,24.199],[78.817,24.204],[78.812,24.18],[78.798,24.176],[78.791,24.181],[78.781,24.208],[78.774,24.214],[78.767,24.23],[78.773,24.246],[78.761,24.243],[78.752,24.235],[78.733,24.248],[78.725,24.235],[78.705,24.23],[78.687,24.24],[78.675,24.241],[78.661,24.269],[78.638,24.286],[78.624,24.292],[78.629,24.305],[78.611,24.311],[78.6,24.335],[78.591,24.339],[78.585,24.353],[78.559,24.356],[78.534,24.37],[78.521,24.386],[78.506,24.39],[78.496,24.382],[78.482,24.363],[78.474,24.335],[78.446,24.321],[78.44,24.309],[78.441,24.293],[78.433,24.286],[78.417,24.283],[78.413,24.273],[78.392,24.269],[78.368,24.292],[78.347,24.303],[78.345,24.313],[78.335,24.321],[78.333,24.334],[78.342,24.341],[78.353,24.358],[78.369,24.374],[78.365,24.383],[78.351,24.388],[78.343,24.399],[78.324,24.406],[78.296,24.429],[78.267,24.449],[78.263,24.439],[78.245,24.427],[78.224,24.418],[78.21,24.406],[78.186,24.398],[78.168,24.395],[78.161,24.388],[78.16,24.369],[78.128,24.339],[78.093,24.319],[78.085,24.3],[78.097,24.261],[78.072,24.256],[78.069,24.246],[78.08,24.242],[78.092,24.249],[78.097,24.24],[78.087,24.228],[78.071,24.239],[78.059,24.229],[78.073,24.224],[78.083,24.214],[78.097,24.209],[78.108,24.216],[78.134,24.211],[78.143,24.202],[78.128,24.188],[78.129,24.169],[78.123,24.163],[78.105,24.164],[78.097,24.156],[78.106,24.148],[78.118,24.126],[78.132,24.124],[78.135,24.116],[78.126,24.093],[78.12,24.072],[78.119,24.05],[78.106,24.047],[78.099,24.062],[78.09,24.065],[78.075,24.055],[78.075,24.044],[78.091,24.042],[78.093,24.032],[78.113,24.027],[78.118,24.041],[78.152,24.024],[78.164,24.009],[78.182,24.011],[78.184,24.027],[78.19,24.034],[78.192,24.05],[78.212,24.068],[78.232,24.055],[78.251,24.051],[78.254,24.044],[78.278,24.029],[78.28,24.006],[78.291,23.985],[78.283,23.973],[78.286,23.961],[78.269,23.956],[78.265,23.946],[78.277,23.932],[78.289,23.926],[78.292,23.907],[78.28,23.889],[78.276,23.863],[78.263,23.855],[78.273,23.844],[78.294,23.848],[78.299,23.828],[78.289,23.814],[78.271,23.819],[78.266,23.81],[78.284,23.81],[78.287,23.784],[78.257,23.788],[78.264,23.768],[78.255,23.763],[78.255,23.747],[78.239,23.722],[78.239,23.714],[78.253,23.708],[78.26,23.724],[78.271,23.705],[78.282,23.7],[78.282,23.688],[78.293,23.674],[78.3,23.678],[78.29,23.695],[78.312,23.688],[78.324,23.692],[78.339,23.675],[78.338,23.66],[78.362,23.65],[78.377,23.654],[78.391,23.635],[78.399,23.632],[78.415,23.645],[78.4,23.664],[78.409,23.67],[78.427,23.674],[78.428,23.68],[78.411,23.686],[78.409,23.7],[78.43,23.716],[78.413,23.731],[78.4,23.731],[78.395,23.712],[78.383,23.71],[78.378,23.69],[78.36,23.673],[78.346,23.68],[78.359,23.691],[78.355,23.702],[78.369,23.726],[78.38,23.728],[78.385,23.737],[78.4,23.742],[78.419,23.738],[78.433,23.744],[78.436,23.728],[78.444,23.715],[78.444,23.699],[78.455,23.688],[78.469,23.669],[78.466,23.661],[78.478,23.64],[78.515,23.649],[78.508,23.63],[78.515,23.612],[78.5,23.588],[78.506,23.556],[78.501,23.545],[78.504,23.532],[78.514,23.538],[78.517,23.55],[78.533,23.551],[78.544,23.559],[78.571,23.564],[78.576,23.553],[78.594,23.547],[78.616,23.547],[78.623,23.552],[78.639,23.548],[78.651,23.562],[78.673,23.561],[78.685,23.564],[78.698,23.575],[78.738,23.576],[78.743,23.554],[78.735,23.531],[78.719,23.533],[78.713,23.518],[78.702,23.515],[78.694,23.5],[78.679,23.494],[78.667,23.478],[78.67,23.467],[78.662,23.449],[78.654,23.444],[78.633,23.45],[78.609,23.437],[78.6,23.423],[78.623,23.418],[78.627,23.402],[78.63,23.364],[78.642,23.346],[78.664,23.333],[78.678,23.346],[78.705,23.354],[78.719,23.351],[78.75,23.311],[78.77,23.295],[78.764,23.285],[78.759,23.267],[78.757,23.248],[78.791,23.246],[78.807,23.236],[78.814,23.224],[78.814,23.211],[78.806,23.198],[78.802,23.181],[78.804,23.166],[78.802,23.149],[78.791,23.128],[78.791,23.115],[78.803,23.111],[78.796,23.092],[78.781,23.09],[78.764,23.078],[78.752,23.074],[78.726,23.044],[78.693,23.037],[78.669,23.038],[78.652,23.026],[78.637,23.025],[78.623,23.031],[78.605,23.017],[78.586,23.011],[78.567,23.016],[78.545,23.017],[78.494,23.007],[78.464,23.004],[78.442,22.985],[78.424,22.973],[78.396,22.962],[78.386,22.946],[78.362,22.925],[78.346,22.918],[78.325,22.918],[78.305,22.899],[78.294,22.88],[78.281,22.868],[78.26,22.875],[78.239,22.867],[78.227,22.874],[78.214,22.892],[78.192,22.887],[78.181,22.87],[78.162,22.864],[78.137,22.845],[78.127,22.83],[78.126,22.805],[78.119,22.794],[78.103,22.79],[78.072,22.811],[78.055,22.811],[78.043,22.805],[78.029,22.803],[77.998,22.818],[77.966,22.816],[77.939,22.8],[77.943,22.787],[77.94,22.77],[77.928,22.76],[77.91,22.766],[77.908,22.775],[77.912,22.789],[77.909,22.807],[77.925,22.824],[77.93,22.835],[77.919,22.848],[77.907,22.843],[77.881,22.82],[77.87,22.82],[77.861,22.835],[77.868,22.855],[77.853,22.862],[77.841,22.861],[77.822,22.844],[77.794,22.831],[77.779,22.802],[77.776,22.787],[77.734,22.755],[77.707,22.762],[77.689,22.76],[77.68,22.75],[77.672,22.734],[77.656,22.73],[77.635,22.744],[77.619,22.742],[77.59,22.699],[77.588,22.687],[77.58,22.676],[77.566,22.668],[77.528,22.667],[77.516,22.661],[77.505,22.648],[77.492,22.643],[77.481,22.647],[77.454,22.646],[77.434,22.626],[77.419,22.624],[77.388,22.609],[77.37,22.612],[77.35,22.599],[77.339,22.572],[77.318,22.562],[77.295,22.564],[77.283,22.573],[77.276,22.595],[77.268,22.608],[77.247,22.6],[77.215,22.571],[77.207,22.569],[77.206,22.572],[77.165,22.585],[77.152,22.583],[77.124,22.559],[77.088,22.522],[77.071,22.512],[77.029,22.5],[77.011,22.5],[76.979,22.494],[76.941,22.495],[76.897,22.485],[76.879,22.475],[76.851,22.456],[76.825,22.45],[76.79,22.429],[76.792,22.404],[76.782,22.373],[76.785,22.362],[76.782,22.347],[76.771,22.321],[76.753,22.31],[76.744,22.297],[76.727,22.312],[76.719,22.314],[76.696,22.303],[76.686,22.302],[76.677,22.31],[76.657,22.335],[76.664,22.339],[76.665,22.352],[76.655,22.365],[76.646,22.365],[76.624,22.378],[76.618,22.396],[76.606,22.408],[76.569,22.408],[76.56,22.403],[76.527,22.414],[76.511,22.415],[76.481,22.405],[76.446,22.386],[76.44,22.37],[76.448,22.347],[76.427,22.34],[76.402,22.338],[76.38,22.325],[76.364,22.32],[76.344,22.305],[76.303,22.295],[76.253,22.293],[76.236,22.313],[76.224,22.318],[76.214,22.33],[76.183,22.272],[76.164,22.258],[76.136,22.259],[76.109,22.251],[76.08,22.233],[76.065,22.226],[76.046,22.225],[76.031,22.22],[76.024,22.209],[76.033,22.197],[76.058,22.189],[76.076,22.191],[76.091,22.186],[76.099,22.19],[76.109,22.212],[76.16,22.212],[76.165,22.191],[76.155,22.176],[76.131,22.17],[76.132,22.153],[76.128,22.136],[76.146,22.117],[76.145,22.106],[76.125,22.103],[76.125,22.094],[76.107,22.091],[76.107,22.054],[76.115,22.053],[76.154,22.058],[76.166,22.077],[76.149,22.081],[76.144,22.097],[76.154,22.101],[76.16,22.114],[76.184,22.122],[76.202,22.113],[76.21,22.098],[76.229,22.1],[76.227,22.087],[76.234,22.073],[76.211,22.063],[76.208,22.045],[76.201,22.039],[76.173,22.044],[76.162,22.033],[76.16,22.024],[76.172,22.012],[76.17,22.002],[76.147,21.979],[76.155,21.961],[76.152,21.946],[76.161,21.926],[76.165,21.903],[76.171,21.885],[76.151,21.884],[76.128,21.869],[76.126,21.853],[76.115,21.857],[76.104,21.847],[76.112,21.793],[76.097,21.787],[76.097,21.769],[76.118,21.767],[76.127,21.753],[76.109,21.747],[76.103,21.738],[76.109,21.727],[76.119,21.72],[76.13,21.722],[76.146,21.732],[76.155,21.732],[76.168,21.722],[76.175,21.686],[76.163,21.673],[76.144,21.679],[76.135,21.689],[76.109,21.689],[76.074,21.661],[76.082,21.609],[76.079,21.572],[76.068,21.57],[76.042,21.559],[76.029,21.548],[76,21.552],[75.963,21.548],[75.952,21.536],[75.953,21.509],[75.949,21.481],[75.972,21.481],[75.977,21.486],[76.005,21.481],[76.013,21.467],[76.007,21.45],[76.011,21.419],[76.001,21.398],[75.992,21.374],[76.035,21.363],[76.053,21.35],[76.099,21.372],[76.107,21.358],[76.128,21.305],[76.13,21.295],[76.146,21.286],[76.16,21.257],[76.146,21.231],[76.165,21.222],[76.169,21.206],[76.166,21.193],[76.173,21.186],[76.167,21.169],[76.143,21.171],[76.128,21.176],[76.114,21.163],[76.129,21.155],[76.14,21.138],[76.136,21.124],[76.169,21.103],[76.169,21.084],[76.184,21.088],[76.228,21.089],[76.236,21.092],[76.27,21.091],[76.283,21.073],[76.298,21.075],[76.336,21.075],[76.362,21.078],[76.384,21.078],[76.388,21.059],[76.398,21.03],[76.383,20.978],[76.368,20.978],[76.354,20.962],[76.347,20.95],[76.32,20.95],[76.299,20.957],[76.281,20.958],[76.279,20.968],[76.267,20.98],[76.24,20.991],[76.226,21.012],[76.2,21.015],[76.191,21.023],[76.17,21.035],[76.159,21],[76.145,20.986],[76.123,20.975],[76.11,20.949],[76.092,20.943],[76.084,20.928],[76.081,20.908],[76.101,20.903],[76.115,20.893],[76.112,20.882],[76.099,20.873],[76.076,20.845],[76.074,20.834],[76.058,20.825],[76.05,20.812],[76.058,20.804],[76.05,20.788],[76.019,20.785],[75.998,20.778],[75.996,20.765],[75.987,20.759],[76,20.743],[76.012,20.739],[76.017,20.724],[76,20.716],[75.997,20.697],[76.003,20.689],[75.998,20.667],[76.011,20.643],[76.018,20.646],[76.033,20.638],[76.032,20.625],[76.038,20.611],[76.042,20.582],[76.038,20.57],[76.04,20.555],[76.021,20.552],[76.018,20.53],[76.009,20.536],[75.999,20.53],[75.983,20.529],[75.971,20.523],[75.959,20.527],[75.944,20.504],[75.944,20.486],[75.958,20.466],[75.958,20.457],[75.949,20.447],[75.942,20.426],[75.954,20.39],[75.968,20.374],[75.942,20.371],[75.945,20.352],[75.927,20.323],[75.927,20.31],[75.933,20.304],[75.951,20.301],[75.975,20.316],[75.98,20.31],[76.004,20.305],[76.002,20.288],[76.031,20.288],[76.037,20.314],[76.05,20.336],[76.072,20.347],[76.083,20.365],[76.113,20.346],[76.129,20.341],[76.127,20.324],[76.161,20.298],[76.195,20.3],[76.184,20.268],[76.172,20.256],[76.166,20.237],[76.15,20.235],[76.134,20.222],[76.141,20.211],[76.134,20.184],[76.129,20.181],[76.123,20.16],[76.111,20.162],[76.107,20.153],[76.11,20.142],[76.102,20.129],[76.097,20.097],[76.078,20.101],[76.057,20.097],[76.055,20.086],[76.067,20.083],[76.071,20.074],[76.057,20.064],[76.02,20.059],[76.025,20.045],[76.025,20.023],[76.013,20.023],[75.994,20.005],[75.976,20.001],[75.967,19.994],[75.974,19.985],[75.988,19.981],[76.016,19.966],[76.014,19.953],[76.029,19.948],[76.043,19.95],[76.055,19.94],[76.064,19.916],[76.081,19.912],[76.083,19.881],[76.094,19.871],[76.1,19.856],[76.129,19.863],[76.14,19.844],[76.15,19.845],[76.152,19.856],[76.175,19.849],[76.188,19.851],[76.199,19.862],[76.215,19.866],[76.23,19.864],[76.241,19.871],[76.257,19.873],[76.298,19.87],[76.328,19.882],[76.34,19.882],[76.353,19.894],[76.358,19.908],[76.368,19.926],[76.384,19.919],[76.39,19.904],[76.408,19.92],[76.44,19.916],[76.452,19.92],[76.465,19.917],[76.493,19.917],[76.492,19.898],[76.5,19.883],[76.512,19.874],[76.534,19.864],[76.533,19.85],[76.54,19.845],[76.569,19.838],[76.569,19.844],[76.601,19.843],[76.611,19.838],[76.623,19.843],[76.633,19.866],[76.647,19.866],[76.663,19.85],[76.679,19.846],[76.685,19.849],[76.691,19.872],[76.712,19.869],[76.739,19.872],[76.742,19.897],[76.746,19.907],[76.767,19.904],[76.774,19.922],[76.773,19.933],[76.823,19.927],[76.837,19.961],[76.872,19.956],[76.879,19.949],[76.901,19.952],[76.901,19.963],[76.947,19.984],[76.962,19.985],[76.973,19.994],[76.989,19.996],[76.993,20.018],[77.015,20.003],[77.036,20.01],[77.046,20.007],[77.061,19.996],[77.073,19.975],[77.085,19.964],[77.102,19.933],[77.118,19.94],[77.134,19.943],[77.139,19.953],[77.157,19.967],[77.172,19.964],[77.178,19.977],[77.204,19.991],[77.218,19.978],[77.212,19.968],[77.209,19.947],[77.214,19.94],[77.239,19.938],[77.244,19.91],[77.238,19.896],[77.244,19.891],[77.263,19.9],[77.274,19.9],[77.275,19.914],[77.286,19.91],[77.297,19.9],[77.316,19.91],[77.315,19.89],[77.298,19.893],[77.297,19.883],[77.306,19.878],[77.324,19.885],[77.336,19.876],[77.348,19.873],[77.349,19.86],[77.365,19.858],[77.347,19.825],[77.362,19.815],[77.371,19.822],[77.39,19.821],[77.39,19.808],[77.384,19.788],[77.39,19.78],[77.408,19.778],[77.405,19.764],[77.387,19.766],[77.379,19.743],[77.386,19.735],[77.399,19.732],[77.413,19.744],[77.42,19.735],[77.436,19.729],[77.451,19.7],[77.446,19.688],[77.46,19.682],[77.479,19.682],[77.485,19.675],[77.495,19.679],[77.523,19.67],[77.54,19.669],[77.555,19.652],[77.568,19.65],[77.58,19.658],[77.586,19.651],[77.617,19.638],[77.627,19.627],[77.629,19.608],[77.645,19.608],[77.641,19.587],[77.648,19.564],[77.646,19.548],[77.666,19.545],[77.674,19.541],[77.7,19.538],[77.714,19.526],[77.734,19.532],[77.75,19.522],[77.753,19.51],[77.739,19.502],[77.737,19.48],[77.725,19.475],[77.714,19.476],[77.711,19.467],[77.698,19.457],[77.699,19.439],[77.733,19.434],[77.742,19.437],[77.749,19.431],[77.775,19.439],[77.798,19.45],[77.81,19.463],[77.82,19.445],[77.83,19.439],[77.848,19.456],[77.828,19.475],[77.844,19.484],[77.843,19.51],[77.862,19.52],[77.891,19.505],[77.89,19.519],[77.904,19.532],[77.913,19.531],[77.917,19.515],[77.932,19.509],[77.943,19.498],[77.959,19.511],[77.976,19.506],[77.974,19.494],[77.987,19.479],[77.987,19.46],[78.013,19.465],[78.015,19.484],[78.026,19.497],[78.068,19.467],[78.095,19.487],[78.114,19.491],[78.121,19.501],[78.125,19.517],[78.135,19.526],[78.135,19.535],[78.12,19.554],[78.132,19.558],[78.147,19.553],[78.185,19.564],[78.19,19.571],[78.186,19.584],[78.192,19.592],[78.195,19.626],[78.179,19.655],[78.153,19.665],[78.131,19.667],[78.122,19.658],[78.107,19.66],[78.095,19.645],[78.082,19.648],[78.067,19.668],[78.057,19.671],[78.055,19.685],[78.047,19.699],[78.032,19.699],[78,19.681],[77.988,19.681],[77.985,19.699],[77.965,19.706],[77.953,19.729],[77.934,19.739],[77.914,19.73],[77.902,19.735],[77.892,19.727],[77.878,19.738],[77.861,19.744],[77.859,19.753],[77.866,19.767],[77.862,19.779],[77.849,19.801],[77.87,19.824],[77.876,19.85],[77.886,19.857],[77.892,19.871],[77.903,19.88],[77.92,19.885],[77.924,19.891],[77.941,19.893],[77.954,19.911],[77.971,19.91],[77.983,19.916],[78,19.918],[78.019,19.916],[78.033,19.928],[78.053,19.931],[78.063,19.913],[78.078,19.901],[78.103,19.897],[78.131,19.902],[78.142,19.915],[78.178,19.91],[78.189,19.903],[78.201,19.903],[78.222,19.915],[78.236,19.919],[78.253,19.929],[78.26,19.912],[78.242,19.887],[78.251,19.874],[78.267,19.876],[78.281,19.885],[78.284,19.908],[78.302,19.917],[78.315,19.913],[78.333,19.916],[78.339,19.905],[78.328,19.895],[78.341,19.884],[78.37,19.883],[78.389,19.88],[78.391,19.853],[78.402,19.837],[78.433,19.824],[78.469,19.817],[78.481,19.817],[78.499,19.794],[78.509,19.793],[78.517,19.815],[78.531,19.822],[78.59,19.812],[78.609,19.818],[78.624,19.81],[78.653,19.802],[78.707,19.786],[78.722,19.768],[78.744,19.78],[78.769,19.777],[78.79,19.78],[78.813,19.759],[78.844,19.763],[78.85,19.76],[78.862,19.732],[78.869,19.698],[78.869,19.681],[78.864,19.658],[78.896,19.657],[78.909,19.666],[78.921,19.669],[78.941,19.664],[78.949,19.666],[78.967,19.66],[78.975,19.651],[78.968,19.619],[78.971,19.606],[78.984,19.592],[78.983,19.581],[78.96,19.564],[78.96,19.553],[78.984,19.552],[78.998,19.564],[79.006,19.561],[79.024,19.542],[79.057,19.547],[79.069,19.533],[79.08,19.53],[79.102,19.532],[79.109,19.53],[79.111,19.514],[79.146,19.503],[79.163,19.487],[79.175,19.47],[79.195,19.461],[79.225,19.466],[79.227,19.478],[79.215,19.487],[79.214,19.501],[79.222,19.512],[79.243,19.529],[79.246,19.561],[79.256,19.579],[79.255,19.589],[79.244,19.601],[79.243,19.611],[79.261,19.613],[79.299,19.599],[79.311,19.592],[79.32,19.567],[79.328,19.574],[79.347,19.576],[79.375,19.573],[79.377,19.564],[79.42,19.536],[79.447,19.536],[79.464,19.521],[79.477,19.5],[79.486,19.506],[79.5,19.507],[79.52,19.52],[79.521,19.544],[79.549,19.551],[79.554,19.528],[79.572,19.513],[79.598,19.504],[79.607,19.51],[79.614,19.542],[79.628,19.567],[79.646,19.577],[79.684,19.579],[79.719,19.586],[79.747,19.605],[79.784,19.6],[79.792,19.596],[79.8,19.583],[79.823,19.571],[79.83,19.547],[79.835,19.54],[79.885,19.503],[79.918,19.495],[79.93,19.48],[79.952,19.462],[79.952,19.444],[79.966,19.429],[79.98,19.404],[79.974,19.378],[79.971,19.354],[79.964,19.338],[79.97,19.31],[79.969,19.301],[79.952,19.287],[79.939,19.262],[79.927,19.23],[79.929,19.207],[79.949,19.179],[79.948,19.168],[79.933,19.164],[79.913,19.145],[79.878,19.126],[79.865,19.107],[79.868,19.063],[79.864,19.046],[79.878,19.039],[79.898,19.049],[79.923,19.051],[79.933,19.046],[79.941,19.025],[79.938,18.978],[79.948,18.941],[79.948,18.881],[79.946,18.863],[79.94,18.849],[79.932,18.841],[79.901,18.835],[79.923,18.801],[79.939,18.788],[80.019,18.771],[80.026,18.755],[80.04,18.751],[80.053,18.725],[80.069,18.721],[80.082,18.707],[80.089,18.707],[80.114,18.682],[80.129,18.686],[80.165,18.7],[80.175,18.684],[80.196,18.68],[80.209,18.702],[80.222,18.706],[80.233,18.701],[80.254,18.706],[80.275,18.722],[80.285,18.715],[80.304,18.69],[80.327,18.626],[80.344,18.595],[80.349,18.591],[80.363,18.599],[80.374,18.609],[80.389,18.598],[80.41,18.612],[80.425,18.616],[80.458,18.631],[80.471,18.628],[80.496,18.632],[80.506,18.623],[80.518,18.621],[80.54,18.591],[80.57,18.575],[80.576,18.567],[80.589,18.563],[80.609,18.55],[80.622,18.531],[80.64,18.524],[80.645,18.499],[80.658,18.478],[80.688,18.459],[80.691,18.45],[80.703,18.44],[80.699,18.425],[80.721,18.411],[80.737,18.409],[80.724,18.393],[80.732,18.378],[80.731,18.367],[80.752,18.323],[80.752,18.308],[80.765,18.291],[80.774,18.284],[80.785,18.266],[80.796,18.26],[80.792,18.249],[80.741,18.225],[80.74,18.2],[80.743,18.178],[80.753,18.171],[80.77,18.169],[80.806,18.172],[80.819,18.185],[80.827,18.198],[80.825,18.231],[80.832,18.24],[80.848,18.234],[80.867,18.232],[80.876,18.213],[80.869,18.205],[80.857,18.206],[80.86,18.175],[80.864,18.149],[80.87,18.139],[80.909,18.141],[80.92,18.145],[80.952,18.163],[80.962,18.173],[80.982,18.175],[80.982,18.165],[80.981,18.15],[80.957,18.13],[80.957,18.098],[80.952,18.088],[80.961,18.078],[80.974,18.05],[80.97,18.038],[80.981,18],[80.986,17.956],[80.993,17.93],[81.003,17.921],[81.01,17.872],[81.013,17.845],[81.021,17.824],[81.041,17.797],[81.064,17.79],[81.082,17.794],[81.106,17.824],[81.13,17.836],[81.168,17.86],[81.2,17.854],[81.222,17.84],[81.263,17.82],[81.307,17.817],[81.324,17.82],[81.366,17.818],[81.394,17.814],[81.393,17.833],[81.407,17.854],[81.398,17.867],[81.399,17.882],[81.404,17.895],[81.412,17.896],[81.439,17.882],[81.446,17.884],[81.457,17.911],[81.453,17.93],[81.463,17.954],[81.475,17.962],[81.485,17.981],[81.482,17.991],[81.487,18.011],[81.482,18.036],[81.49,18.057],[81.503,18.065],[81.504,18.076],[81.517,18.1],[81.52,18.136],[81.53,18.156],[81.531,18.164],[81.513,18.191],[81.534,18.244],[81.532,18.256],[81.536,18.266],[81.556,18.269],[81.576,18.28],[81.602,18.308],[81.624,18.308],[81.64,18.315],[81.669,18.323],[81.657,18.338],[81.666,18.346],[81.707,18.351],[81.753,18.353],[81.769,18.407],[81.77,18.418],[81.806,18.447],[81.858,18.496],[81.857,18.508],[81.871,18.524],[81.879,18.525],[81.891,18.536],[81.905,18.535],[81.909,18.564],[81.917,18.571],[81.928,18.564],[81.955,18.566],[81.954,18.582],[81.963,18.594],[81.938,18.603],[81.934,18.61],[81.908,18.626],[81.897,18.628],[81.901,18.661],[81.924,18.643],[81.956,18.636],[81.956,18.663],[81.969,18.675],[81.963,18.687],[81.969,18.693],[81.984,18.702],[82,18.704],[82.024,18.72],[82.042,18.726],[82.076,18.724],[82.087,18.719],[82.093,18.739],[82.099,18.763],[82.122,18.767],[82.137,18.764],[82.139,18.777],[82.154,18.78],[82.169,18.798],[82.164,18.807],[82.173,18.837],[82.166,18.859],[82.178,18.884],[82.179,18.898],[82.193,18.904],[82.222,18.919],[82.242,18.912],[82.248,18.917],[82.23,19.028],[82.202,19.067],[82.217,19.085],[82.22,19.097],[82.208,19.098],[82.205,19.107],[82.209,19.122],[82.199,19.123],[82.184,19.131],[82.178,19.119],[82.168,19.133],[82.176,19.14],[82.187,19.165],[82.181,19.171],[82.181,19.19],[82.164,19.203],[82.169,19.214],[82.16,19.23],[82.16,19.271],[82.166,19.287],[82.176,19.297],[82.182,19.322],[82.191,19.326],[82.188,19.338],[82.15,19.354],[82.149,19.371],[82.159,19.376],[82.174,19.372],[82.182,19.383],[82.186,19.411],[82.191,19.418],[82.178,19.435],[82.127,19.429],[82.115,19.449],[82.115,19.458],[82.105,19.467],[82.11,19.479],[82.107,19.495],[82.099,19.499],[82.1,19.515],[82.079,19.521],[82.068,19.509],[82.03,19.507],[82.04,19.527],[82.049,19.531],[82.054,19.544],[82.048,19.557],[82.052,19.57],[82.043,19.588],[82.045,19.603],[82.059,19.63],[82.054,19.649],[82.054,19.674],[82.046,19.698],[82.045,19.709],[82.051,19.719],[82.054,19.748],[82.065,19.758],[82.063,19.766],[82.067,19.788],[82.06,19.796],[82.037,19.797],[82.007,19.803],[81.995,19.796],[81.988,19.8],[81.969,19.829],[81.965,19.841],[81.968,19.859],[81.947,19.869],[81.906,19.883],[81.866,19.904],[81.853,19.919],[81.856,19.943],[81.845,19.954],[81.854,19.975],[81.859,20],[81.868,20.027],[81.881,20.05]]]}},
{"type":"Feature","properties":{"name":"Madras","std":"Tamil Nadu","kind":"state","covers":["Andhra Pradesh","Karnataka","Kerala","Lakshadweep","Tamil Nadu"],"part":"A"},"geometry":{"type":"MultiPolygon","coordinates":[[[[78.127,13.786],[78.12,13.77],[78.104,13.759],[78.094,13.742],[78.119,13.719],[78.115,13.693],[78.094,13.689],[78.073,13.697],[78.075,13.673],[78.089,13.659],[78.09,13.644],[78.117,13.656],[78.155,13.659],[78.168,13.654],[78.17,13.632],[78.195,13.63],[78.203,13.625],[78.203,13.604],[78.189,13.588],[78.19,13.573],[78.2,13.566],[78.212,13.577],[78.218,13.591],[78.232,13.586],[78.237,13.596],[78.259,13.584],[78.275,13.587],[78.302,13.588],[78.322,13.593],[78.354,13.587],[78.39,13.591],[78.401,13.588],[78.408,13.576],[78.396,13.553],[78.395,13.541],[78.383,13.522],[78.377,13.505],[78.377,13.476],[78.373,13.462],[78.375,13.434],[78.381,13.401],[78.379,13.389],[78.365,13.365],[78.394,13.352],[78.408,13.342],[78.406,13.332],[78.378,13.338],[78.377,13.33],[78.393,13.324],[78.402,13.314],[78.426,13.327],[78.44,13.327],[78.446,13.308],[78.477,13.32],[78.481,13.304],[78.512,13.287],[78.523,13.27],[78.532,13.266],[78.539,13.286],[78.558,13.283],[78.571,13.304],[78.578,13.282],[78.588,13.272],[78.583,13.259],[78.571,13.244],[78.568,13.222],[78.58,13.215],[78.564,13.2],[78.577,13.182],[78.58,13.167],[78.569,13.163],[78.55,13.162],[78.544,13.152],[78.546,13.141],[78.532,13.139],[78.52,13.13],[78.527,13.111],[78.525,13.095],[78.513,13.092],[78.51,13.08],[78.516,13.063],[78.499,13.06],[78.478,13.052],[78.472,13.042],[78.463,13.042],[78.461,13.025],[78.466,13],[78.473,12.989],[78.469,12.974],[78.445,12.979],[78.434,12.979],[78.435,12.965],[78.422,12.948],[78.412,12.943],[78.421,12.917],[78.428,12.93],[78.437,12.927],[78.467,12.903],[78.468,12.876],[78.45,12.89],[78.447,12.911],[78.438,12.912],[78.429,12.899],[78.414,12.902],[78.399,12.916],[78.389,12.905],[78.38,12.912],[78.356,12.938],[78.352,12.935],[78.349,12.917],[78.338,12.899],[78.327,12.903],[78.322,12.884],[78.332,12.882],[78.333,12.873],[78.315,12.876],[78.314,12.857],[78.287,12.859],[78.274,12.867],[78.265,12.86],[78.252,12.857],[78.253,12.822],[78.24,12.772],[78.232,12.763],[78.21,12.765],[78.201,12.771],[78.177,12.775],[78.169,12.77],[78.147,12.779],[78.131,12.78],[78.125,12.797],[78.097,12.813],[78.087,12.83],[78.076,12.829],[78.075,12.84],[78.05,12.848],[78.033,12.851],[78.019,12.843],[78.018,12.832],[78.004,12.823],[78.016,12.813],[78.012,12.805],[77.992,12.805],[77.992,12.82],[77.982,12.832],[77.968,12.831],[77.968,12.846],[77.957,12.847],[77.949,12.859],[77.943,12.849],[77.95,12.839],[77.943,12.822],[77.919,12.831],[77.925,12.854],[77.938,12.86],[77.944,12.871],[77.93,12.873],[77.924,12.883],[77.897,12.876],[77.892,12.868],[77.869,12.867],[77.854,12.865],[77.835,12.868],[77.832,12.859],[77.81,12.847],[77.802,12.849],[77.793,12.837],[77.811,12.83],[77.801,12.805],[77.809,12.796],[77.798,12.79],[77.782,12.769],[77.795,12.754],[77.788,12.743],[77.768,12.738],[77.762,12.727],[77.773,12.724],[77.76,12.696],[77.744,12.701],[77.737,12.692],[77.741,12.673],[77.728,12.671],[77.724,12.679],[77.714,12.683],[77.712,12.667],[77.705,12.66],[77.678,12.66],[77.68,12.68],[77.664,12.683],[77.643,12.679],[77.6,12.666],[77.599,12.657],[77.598,12.652],[77.608,12.63],[77.592,12.614],[77.591,12.593],[77.58,12.567],[77.586,12.546],[77.588,12.516],[77.615,12.512],[77.612,12.501],[77.585,12.477],[77.607,12.474],[77.627,12.495],[77.635,12.486],[77.627,12.434],[77.631,12.423],[77.626,12.414],[77.62,12.383],[77.614,12.363],[77.601,12.358],[77.596,12.345],[77.579,12.333],[77.566,12.306],[77.555,12.302],[77.553,12.293],[77.534,12.29],[77.529,12.278],[77.512,12.275],[77.503,12.282],[77.489,12.279],[77.48,12.271],[77.473,12.245],[77.484,12.234],[77.476,12.211],[77.493,12.199],[77.522,12.193],[77.549,12.204],[77.566,12.196],[77.602,12.2],[77.615,12.204],[77.64,12.196],[77.666,12.197],[77.712,12.182],[77.73,12.181],[77.737,12.177],[77.751,12.153],[77.751,12.139],[77.778,12.119],[77.778,12.111],[77.767,12.102],[77.757,12.079],[77.732,12.063],[77.701,12.019],[77.675,11.962],[77.676,11.949],[77.666,11.947],[77.648,11.95],[77.602,11.936],[77.584,11.933],[77.559,11.94],[77.535,11.931],[77.501,11.939],[77.495,11.931],[77.487,11.899],[77.488,11.891],[77.465,11.9],[77.466,11.876],[77.462,11.853],[77.467,11.848],[77.462,11.833],[77.453,11.816],[77.452,11.8],[77.442,11.781],[77.423,11.771],[77.412,11.773],[77.393,11.785],[77.366,11.787],[77.356,11.773],[77.337,11.768],[77.295,11.807],[77.289,11.798],[77.252,11.811],[77.247,11.797],[77.237,11.792],[77.2,11.791],[77.176,11.783],[77.147,11.78],[77.137,11.769],[77.113,11.771],[77.113,11.754],[77.119,11.721],[77.106,11.732],[77.086,11.732],[77.084,11.738],[77.06,11.766],[77.072,11.78],[77.062,11.787],[77.051,11.786],[77.037,11.77],[77.032,11.773],[77.041,11.792],[77.032,11.803],[77.014,11.811],[77,11.807],[76.982,11.809],[76.984,11.799],[76.969,11.773],[76.954,11.789],[76.945,11.785],[76.936,11.789],[76.909,11.791],[76.897,11.774],[76.898,11.758],[76.89,11.733],[76.863,11.707],[76.839,11.657],[76.839,11.637],[76.848,11.631],[76.86,11.61],[76.857,11.597],[76.847,11.582],[76.845,11.592],[76.826,11.605],[76.818,11.604],[76.79,11.611],[76.761,11.614],[76.634,11.611],[76.617,11.608],[76.583,11.613],[76.562,11.62],[76.555,11.643],[76.549,11.678],[76.521,11.701],[76.512,11.705],[76.493,11.689],[76.482,11.685],[76.459,11.662],[76.431,11.666],[76.418,11.672],[76.41,11.69],[76.411,11.714],[76.426,11.721],[76.427,11.728],[76.414,11.748],[76.415,11.76],[76.398,11.75],[76.391,11.752],[76.38,11.743],[76.364,11.747],[76.354,11.737],[76.342,11.737],[76.318,11.751],[76.307,11.783],[76.291,11.792],[76.282,11.807],[76.26,11.806],[76.251,11.802],[76.225,11.807],[76.212,11.826],[76.214,11.838],[76.21,11.856],[76.191,11.87],[76.145,11.864],[76.132,11.851],[76.123,11.849],[76.114,11.858],[76.114,11.883],[76.115,11.934],[76.114,11.977],[76.097,11.968],[76.079,11.968],[76.035,11.939],[76.024,11.941],[76.01,11.938],[76.004,11.93],[75.982,11.931],[75.954,11.94],[75.931,11.939],[75.909,11.941],[75.882,11.947],[75.856,11.963],[75.849,11.976],[75.836,11.98],[75.829,11.99],[75.832,12.009],[75.817,12.022],[75.815,12.03],[75.805,12.036],[75.801,12.055],[75.806,12.074],[75.8,12.08],[75.767,12.084],[75.743,12.078],[75.732,12.07],[75.721,12.068],[75.721,12.084],[75.705,12.089],[75.706,12.106],[75.688,12.108],[75.682,12.099],[75.672,12.095],[75.652,12.111],[75.646,12.136],[75.639,12.148],[75.621,12.154],[75.601,12.152],[75.58,12.156],[75.574,12.171],[75.556,12.181],[75.552,12.194],[75.536,12.204],[75.541,12.216],[75.528,12.225],[75.526,12.234],[75.507,12.268],[75.497,12.27],[75.486,12.291],[75.47,12.3],[75.461,12.294],[75.433,12.297],[75.422,12.291],[75.433,12.305],[75.419,12.326],[75.412,12.346],[75.42,12.353],[75.424,12.372],[75.414,12.38],[75.399,12.38],[75.393,12.388],[75.381,12.392],[75.368,12.412],[75.373,12.434],[75.369,12.457],[75.388,12.456],[75.394,12.45],[75.406,12.453],[75.425,12.465],[75.427,12.471],[75.417,12.502],[75.422,12.514],[75.434,12.517],[75.436,12.528],[75.463,12.507],[75.472,12.498],[75.463,12.485],[75.465,12.472],[75.492,12.46],[75.496,12.482],[75.524,12.489],[75.529,12.498],[75.558,12.49],[75.558,12.501],[75.573,12.513],[75.593,12.537],[75.606,12.512],[75.618,12.51],[75.633,12.521],[75.645,12.538],[75.658,12.542],[75.673,12.555],[75.665,12.574],[75.664,12.595],[75.658,12.604],[75.654,12.622],[75.643,12.63],[75.649,12.666],[75.66,12.686],[75.673,12.7],[75.638,12.696],[75.628,12.707],[75.651,12.72],[75.66,12.75],[75.643,12.761],[75.629,12.781],[75.623,12.795],[75.614,12.798],[75.619,12.82],[75.616,12.831],[75.623,12.857],[75.617,12.858],[75.596,12.876],[75.578,12.873],[75.565,12.874],[75.556,12.909],[75.557,12.915],[75.555,12.945],[75.525,12.968],[75.516,12.981],[75.531,13],[75.532,13.017],[75.521,13.029],[75.526,13.048],[75.513,13.069],[75.487,13.092],[75.48,13.078],[75.469,13.081],[75.473,13.091],[75.464,13.102],[75.434,13.12],[75.425,13.107],[75.411,13.116],[75.41,13.147],[75.398,13.165],[75.377,13.181],[75.352,13.183],[75.344,13.181],[75.329,13.17],[75.324,13.159],[75.324,13.148],[75.311,13.132],[75.283,13.134],[75.278,13.128],[75.254,13.129],[75.236,13.139],[75.223,13.152],[75.211,13.158],[75.21,13.174],[75.2,13.179],[75.176,13.202],[75.169,13.2],[75.167,13.229],[75.152,13.269],[75.138,13.29],[75.115,13.285],[75.105,13.295],[75.094,13.32],[75.08,13.345],[75.089,13.351],[75.091,13.362],[75.113,13.358],[75.127,13.369],[75.132,13.392],[75.142,13.389],[75.147,13.398],[75.14,13.408],[75.151,13.421],[75.155,13.449],[75.14,13.463],[75.112,13.462],[75.102,13.492],[75.08,13.496],[75.078,13.511],[75.071,13.524],[75.049,13.541],[75.047,13.557],[75.035,13.573],[75.036,13.578],[75.06,13.593],[75.059,13.608],[75.036,13.615],[75.017,13.637],[75.014,13.663],[75.025,13.674],[75.012,13.682],[75.013,13.694],[75.019,13.699],[75.002,13.712],[74.997,13.725],[74.999,13.739],[74.973,13.754],[74.958,13.757],[74.941,13.766],[74.933,13.776],[74.936,13.791],[74.929,13.799],[74.927,13.81],[74.919,13.831],[74.914,13.857],[74.901,13.865],[74.878,13.868],[74.874,13.859],[74.863,13.865],[74.859,13.88],[74.847,13.895],[74.822,13.909],[74.814,13.907],[74.792,13.914],[74.765,13.916],[74.756,13.912],[74.736,13.914],[74.717,13.907],[74.711,13.929],[74.698,13.93],[74.701,13.95],[74.688,13.96],[74.668,13.984],[74.658,13.976],[74.647,13.96],[74.652,13.95],[74.64,13.941],[74.632,13.948],[74.622,13.942],[74.608,13.941],[74.582,13.926],[74.598,13.878],[74.608,13.866],[74.626,13.859],[74.621,13.848],[74.607,13.859],[74.614,13.835],[74.628,13.779],[74.632,13.729],[74.64,13.713],[74.641,13.696],[74.65,13.663],[74.66,13.651],[74.669,13.649],[74.672,13.68],[74.682,13.701],[74.699,13.696],[74.68,13.675],[74.696,13.667],[74.705,13.652],[74.729,13.647],[74.754,13.644],[74.75,13.636],[74.728,13.635],[74.709,13.615],[74.695,13.619],[74.698,13.636],[74.686,13.638],[74.676,13.623],[74.664,13.631],[74.672,13.6],[74.675,13.568],[74.681,13.526],[74.682,13.502],[74.686,13.473],[74.689,13.463],[74.698,13.463],[74.701,13.445],[74.706,13.444],[74.716,13.467],[74.733,13.476],[74.746,13.454],[74.724,13.459],[74.717,13.441],[74.707,13.436],[74.707,13.426],[74.714,13.42],[74.737,13.414],[74.745,13.393],[74.739,13.39],[74.732,13.403],[74.711,13.403],[74.7,13.416],[74.692,13.448],[74.686,13.442],[74.694,13.398],[74.695,13.358],[74.718,13.335],[74.725,13.321],[74.712,13.311],[74.714,13.288],[74.728,13.252],[74.739,13.204],[74.749,13.186],[74.763,13.119],[74.766,13.091],[74.774,13.09],[74.778,13.103],[74.788,13.097],[74.779,13.09],[74.784,13.07],[74.772,13.07],[74.782,13.054],[74.783,13.031],[74.79,13.005],[74.799,12.959],[74.807,12.895],[74.822,12.857],[74.828,12.831],[74.846,12.793],[74.86,12.773],[74.863,12.758],[74.879,12.729],[74.885,12.712],[74.896,12.694],[74.92,12.636],[74.95,12.568],[74.96,12.54],[74.972,12.513],[74.981,12.488],[74.991,12.492],[74.996,12.477],[74.994,12.468],[75.002,12.448],[75.024,12.411],[75.041,12.39],[75.065,12.34],[75.09,12.289],[75.13,12.187],[75.183,12.061],[75.202,12.018],[75.204,12.004],[75.223,12.013],[75.23,12.022],[75.249,12.016],[75.265,11.993],[75.274,11.976],[75.288,11.958],[75.301,11.956],[75.29,11.977],[75.304,11.971],[75.319,11.973],[75.324,11.953],[75.333,11.949],[75.35,11.933],[75.342,11.927],[75.323,11.941],[75.309,11.94],[75.311,11.93],[75.323,11.907],[75.322,11.898],[75.332,11.894],[75.356,11.866],[75.358,11.854],[75.369,11.852],[75.384,11.86],[75.4,11.842],[75.41,11.835],[75.428,11.807],[75.454,11.785],[75.464,11.764],[75.474,11.768],[75.481,11.752],[75.511,11.728],[75.529,11.705],[75.544,11.703],[75.537,11.693],[75.547,11.676],[75.574,11.613],[75.586,11.574],[75.604,11.533],[75.621,11.476],[75.637,11.46],[75.654,11.462],[75.677,11.45],[75.7,11.423],[75.709,11.402],[75.729,11.368],[75.74,11.357],[75.739,11.328],[75.748,11.317],[75.774,11.25],[75.798,11.179],[75.803,11.169],[75.815,11.172],[75.824,11.159],[75.81,11.154],[75.829,11.124],[75.852,11.054],[75.86,11.015],[75.867,10.993],[75.868,10.973],[75.889,10.876],[75.897,10.828],[75.904,10.796],[75.916,10.775],[75.925,10.765],[75.935,10.729],[75.948,10.705],[75.955,10.686],[75.973,10.694],[76,10.693],[76.01,10.687],[76.035,10.698],[76.04,10.705],[76.053,10.704],[76.056,10.713],[76.07,10.727],[76.099,10.724],[76.125,10.71],[76.132,10.72],[76.145,10.717],[76.163,10.705],[76.187,10.738],[76.191,10.748],[76.203,10.753],[76.204,10.768],[76.192,10.783],[76.213,10.778],[76.224,10.781],[76.245,10.768],[76.245,10.752],[76.252,10.747],[76.268,10.755],[76.288,10.757],[76.326,10.744],[76.34,10.748],[76.357,10.744],[76.365,10.764],[76.379,10.768],[76.388,10.764],[76.396,10.748],[76.441,10.748],[76.471,10.751],[76.47,10.742],[76.48,10.732],[76.467,10.72],[76.459,10.698],[76.445,10.696],[76.453,10.677],[76.453,10.659],[76.443,10.663],[76.437,10.65],[76.43,10.65],[76.42,10.628],[76.43,10.615],[76.426,10.607],[76.406,10.599],[76.406,10.588],[76.412,10.578],[76.428,10.571],[76.433,10.556],[76.44,10.554],[76.435,10.532],[76.452,10.521],[76.469,10.501],[76.48,10.484],[76.505,10.475],[76.529,10.463],[76.539,10.448],[76.558,10.443],[76.559,10.434],[76.586,10.435],[76.601,10.419],[76.608,10.4],[76.622,10.381],[76.637,10.379],[76.646,10.382],[76.657,10.377],[76.662,10.384],[76.674,10.371],[76.687,10.363],[76.705,10.364],[76.714,10.373],[76.727,10.372],[76.758,10.361],[76.763,10.351],[76.754,10.347],[76.755,10.336],[76.773,10.335],[76.806,10.338],[76.819,10.348],[76.832,10.337],[76.839,10.338],[76.832,10.303],[76.845,10.292],[76.863,10.291],[76.873,10.299],[76.875,10.275],[76.89,10.264],[76.897,10.263],[76.905,10.251],[76.905,10.241],[76.922,10.231],[76.941,10.238],[76.952,10.229],[76.972,10.227],[76.984,10.217],[76.995,10.228],[77.032,10.25],[77.052,10.257],[77.059,10.283],[77.087,10.304],[77.095,10.308],[77.128,10.319],[77.147,10.333],[77.176,10.355],[77.195,10.352],[77.236,10.349],[77.236,10.338],[77.228,10.315],[77.246,10.286],[77.265,10.263],[77.259,10.254],[77.265,10.233],[77.28,10.234],[77.289,10.23],[77.295,10.216],[77.288,10.211],[77.279,10.189],[77.273,10.164],[77.275,10.138],[77.268,10.121],[77.239,10.127],[77.218,10.113],[77.209,10.115],[77.202,10.105],[77.209,10.083],[77.219,10.077],[77.245,10.049],[77.252,10.044],[77.264,10.025],[77.255,10.012],[77.262,10.004],[77.26,9.995],[77.265,9.982],[77.276,9.973],[77.274,9.962],[77.265,9.952],[77.255,9.952],[77.237,9.932],[77.232,9.915],[77.219,9.903],[77.221,9.887],[77.214,9.875],[77.224,9.863],[77.233,9.862],[77.239,9.852],[77.23,9.84],[77.224,9.823],[77.234,9.822],[77.248,9.806],[77.249,9.798],[77.238,9.791],[77.225,9.789],[77.228,9.764],[77.221,9.746],[77.223,9.731],[77.205,9.724],[77.207,9.695],[77.195,9.669],[77.181,9.657],[77.176,9.639],[77.178,9.629],[77.17,9.623],[77.171,9.61],[77.19,9.606],[77.201,9.615],[77.239,9.582],[77.246,9.585],[77.266,9.574],[77.277,9.576],[77.302,9.596],[77.32,9.602],[77.337,9.577],[77.357,9.587],[77.361,9.577],[77.352,9.566],[77.363,9.558],[77.367,9.536],[77.387,9.518],[77.403,9.526],[77.403,9.516],[77.413,9.506],[77.404,9.5],[77.399,9.47],[77.389,9.455],[77.377,9.453],[77.368,9.459],[77.351,9.44],[77.351,9.433],[77.341,9.417],[77.344,9.403],[77.342,9.388],[77.336,9.385],[77.337,9.36],[77.317,9.334],[77.301,9.336],[77.303,9.317],[77.294,9.304],[77.283,9.3],[77.291,9.272],[77.284,9.271],[77.28,9.241],[77.276,9.233],[77.284,9.218],[77.267,9.199],[77.257,9.199],[77.254,9.188],[77.265,9.185],[77.269,9.174],[77.269,9.152],[77.255,9.139],[77.25,9.127],[77.229,9.115],[77.226,9.106],[77.213,9.097],[77.207,9.084],[77.209,9.071],[77.197,9.053],[77.171,9.045],[77.164,9.03],[77.149,9.02],[77.151,9.008],[77.16,9.006],[77.164,8.995],[77.176,8.987],[77.181,8.971],[77.192,8.965],[77.198,8.955],[77.198,8.924],[77.211,8.93],[77.225,8.922],[77.22,8.915],[77.224,8.902],[77.242,8.894],[77.245,8.88],[77.258,8.877],[77.265,8.84],[77.249,8.82],[77.245,8.809],[77.235,8.806],[77.233,8.784],[77.216,8.778],[77.216,8.766],[77.201,8.769],[77.202,8.756],[77.195,8.743],[77.173,8.746],[77.185,8.716],[77.197,8.708],[77.206,8.692],[77.209,8.679],[77.205,8.671],[77.217,8.649],[77.231,8.637],[77.237,8.627],[77.247,8.621],[77.247,8.606],[77.27,8.579],[77.287,8.568],[77.292,8.57],[77.309,8.562],[77.339,8.552],[77.355,8.542],[77.363,8.541],[77.374,8.52],[77.39,8.523],[77.406,8.516],[77.425,8.513],[77.448,8.498],[77.447,8.474],[77.463,8.468],[77.472,8.456],[77.465,8.428],[77.475,8.4],[77.486,8.392],[77.493,8.38],[77.508,8.386],[77.522,8.384],[77.531,8.391],[77.54,8.388],[77.537,8.354],[77.532,8.318],[77.541,8.315],[77.564,8.28],[77.563,8.265],[77.576,8.253],[77.567,8.246],[77.546,8.243],[77.55,8.223],[77.544,8.209],[77.553,8.193],[77.539,8.176],[77.54,8.167],[77.552,8.158],[77.584,8.155],[77.591,8.142],[77.635,8.152],[77.655,8.159],[77.673,8.156],[77.733,8.169],[77.753,8.179],[77.766,8.193],[77.776,8.193],[77.787,8.203],[77.784,8.219],[77.787,8.226],[77.814,8.246],[77.87,8.261],[77.89,8.271],[77.91,8.291],[77.948,8.306],[77.976,8.335],[78.041,8.358],[78.063,8.37],[78.06,8.381],[78.067,8.416],[78.105,8.463],[78.129,8.484],[78.133,8.499],[78.127,8.513],[78.125,8.536],[78.135,8.553],[78.142,8.591],[78.127,8.628],[78.126,8.635],[78.139,8.677],[78.141,8.693],[78.16,8.716],[78.17,8.743],[78.183,8.751],[78.197,8.747],[78.206,8.767],[78.19,8.762],[78.175,8.766],[78.165,8.758],[78.165,8.793],[78.172,8.88],[78.183,8.896],[78.192,8.928],[78.213,8.962],[78.237,8.981],[78.268,9.001],[78.267,9.007],[78.282,9.022],[78.291,9.022],[78.307,9.029],[78.309,9.039],[78.341,9.055],[78.348,9.065],[78.391,9.094],[78.422,9.113],[78.466,9.124],[78.477,9.131],[78.491,9.129],[78.527,9.136],[78.549,9.135],[78.574,9.128],[78.586,9.139],[78.6,9.148],[78.63,9.157],[78.652,9.157],[78.646,9.175],[78.658,9.187],[78.673,9.194],[78.694,9.195],[78.721,9.187],[78.722,9.203],[78.727,9.209],[78.741,9.211],[78.777,9.222],[78.815,9.237],[78.868,9.255],[78.878,9.257],[78.905,9.248],[78.915,9.259],[78.942,9.271],[78.966,9.275],[78.988,9.275],[79.05,9.262],[79.094,9.26],[79.15,9.275],[79.184,9.278],[79.187,9.288],[79.148,9.288],[79.121,9.293],[79.101,9.289],[79.08,9.297],[79.063,9.295],[79.052,9.3],[79.016,9.329],[78.988,9.354],[78.957,9.388],[78.93,9.416],[78.9,9.457],[78.895,9.479],[78.898,9.489],[78.915,9.5],[78.92,9.547],[78.919,9.565],[78.925,9.586],[78.936,9.603],[78.955,9.626],[78.971,9.661],[78.977,9.683],[78.992,9.713],[79.014,9.732],[79.029,9.752],[79.045,9.766],[79.056,9.771],[79.075,9.793],[79.081,9.811],[79.09,9.823],[79.114,9.846],[79.123,9.858],[79.12,9.878],[79.125,9.889],[79.151,9.911],[79.157,9.93],[79.167,9.943],[79.195,9.964],[79.208,9.98],[79.222,10.007],[79.251,10.029],[79.263,10.036],[79.262,10.045],[79.251,10.05],[79.245,10.071],[79.233,10.076],[79.226,10.104],[79.233,10.124],[79.229,10.14],[79.238,10.161],[79.24,10.175],[79.25,10.189],[79.262,10.194],[79.278,10.214],[79.272,10.226],[79.276,10.238],[79.293,10.253],[79.299,10.264],[79.318,10.272],[79.329,10.286],[79.353,10.29],[79.349,10.302],[79.365,10.298],[79.377,10.314],[79.388,10.322],[79.402,10.325],[79.439,10.325],[79.473,10.319],[79.519,10.312],[79.538,10.327],[79.538,10.341],[79.533,10.356],[79.55,10.349],[79.582,10.342],[79.6,10.348],[79.613,10.34],[79.611,10.33],[79.598,10.328],[79.565,10.331],[79.556,10.33],[79.545,10.309],[79.564,10.308],[79.617,10.302],[79.652,10.29],[79.666,10.291],[79.72,10.28],[79.769,10.273],[79.773,10.282],[79.751,10.289],[79.748,10.3],[79.723,10.289],[79.7,10.295],[79.681,10.307],[79.648,10.316],[79.613,10.318],[79.638,10.338],[79.677,10.325],[79.706,10.312],[79.717,10.32],[79.708,10.331],[79.729,10.33],[79.739,10.316],[79.759,10.311],[79.786,10.29],[79.787,10.279],[79.798,10.271],[79.82,10.277],[79.849,10.281],[79.879,10.29],[79.871,10.34],[79.866,10.418],[79.864,10.467],[79.862,10.493],[79.859,10.563],[79.858,10.569],[79.857,10.669],[79.853,10.681],[79.851,10.716],[79.851,10.764],[79.849,10.827],[79.831,10.83],[79.831,10.844],[79.814,10.851],[79.813,10.859],[79.826,10.864],[79.82,10.887],[79.81,10.885],[79.793,10.891],[79.79,10.905],[79.766,10.905],[79.76,10.915],[79.744,10.913],[79.738,10.926],[79.726,10.928],[79.721,10.95],[79.721,10.967],[79.744,10.968],[79.75,10.956],[79.763,10.959],[79.755,10.985],[79.747,10.997],[79.754,11.004],[79.77,10.995],[79.789,10.995],[79.791,10.986],[79.8,10.983],[79.809,10.996],[79.819,11.002],[79.842,11.002],[79.842,10.995],[79.852,10.988],[79.857,11.013],[79.858,11.091],[79.857,11.151],[79.854,11.195],[79.846,11.247],[79.838,11.283],[79.834,11.328],[79.84,11.346],[79.838,11.355],[79.814,11.358],[79.825,11.367],[79.814,11.421],[79.808,11.446],[79.791,11.476],[79.778,11.509],[79.767,11.523],[79.763,11.538],[79.758,11.578],[79.759,11.613],[79.77,11.674],[79.793,11.756],[79.795,11.785],[79.784,11.787],[79.77,11.781],[79.763,11.79],[79.755,11.774],[79.729,11.781],[79.713,11.789],[79.723,11.797],[79.733,11.813],[79.733,11.833],[79.739,11.843],[79.755,11.838],[79.774,11.822],[79.78,11.832],[79.793,11.826],[79.808,11.832],[79.808,11.834],[79.801,11.853],[79.782,11.855],[79.776,11.838],[79.763,11.847],[79.769,11.857],[79.77,11.872],[79.759,11.874],[79.754,11.849],[79.743,11.847],[79.746,11.861],[79.722,11.861],[79.709,11.868],[79.711,11.888],[79.693,11.884],[79.688,11.884],[79.674,11.88],[79.675,11.892],[79.695,11.894],[79.698,11.919],[79.707,11.912],[79.707,11.893],[79.723,11.888],[79.731,11.901],[79.74,11.906],[79.719,11.927],[79.721,11.943],[79.699,11.941],[79.693,11.954],[79.698,11.961],[79.716,11.966],[79.71,11.975],[79.71,11.989],[79.674,11.991],[79.666,11.986],[79.657,11.99],[79.662,12.011],[79.674,12.011],[79.678,12.021],[79.706,12.032],[79.706,12.01],[79.721,11.992],[79.74,11.992],[79.75,12.009],[79.765,12],[79.767,11.99],[79.757,11.981],[79.742,11.977],[79.731,11.982],[79.729,11.97],[79.749,11.962],[79.752,11.942],[79.752,11.925],[79.763,11.93],[79.763,11.943],[79.779,11.949],[79.787,11.961],[79.803,11.953],[79.807,11.972],[79.82,11.978],[79.823,11.961],[79.841,11.955],[79.846,11.976],[79.858,12.005],[79.842,12.011],[79.846,12.038],[79.85,12.05],[79.875,12.043],[79.895,12.081],[79.948,12.163],[79.961,12.183],[79.99,12.227],[80.005,12.256],[80.019,12.282],[80.024,12.286],[80.068,12.349],[80.079,12.36],[80.138,12.432],[80.131,12.447],[80.149,12.459],[80.164,12.478],[80.164,12.517],[80.18,12.552],[80.188,12.572],[80.201,12.622],[80.222,12.682],[80.237,12.726],[80.254,12.767],[80.256,12.781],[80.247,12.793],[80.251,12.84],[80.252,12.878],[80.26,12.937],[80.273,12.995],[80.279,13.013],[80.285,13.055],[80.291,13.072],[80.301,13.084],[80.298,13.119],[80.303,13.141],[80.315,13.178],[80.333,13.245],[80.342,13.27],[80.346,13.293],[80.346,13.312],[80.333,13.402],[80.328,13.385],[80.306,13.397],[80.289,13.403],[80.291,13.421],[80.284,13.427],[80.287,13.44],[80.311,13.432],[80.31,13.449],[80.318,13.452],[80.302,13.476],[80.293,13.498],[80.284,13.534],[80.27,13.563],[80.256,13.59],[80.244,13.619],[80.237,13.656],[80.236,13.683],[80.24,13.716],[80.248,13.759],[80.249,13.788],[80.245,13.805],[80.239,13.808],[80.239,13.826],[80.216,13.874],[80.2,13.913],[80.169,13.992],[80.159,13.993],[80.144,14.018],[80.154,14.024],[80.145,14.056],[80.129,14.149],[80.129,14.184],[80.137,14.237],[80.137,14.247],[80.146,14.254],[80.144,14.267],[80.151,14.299],[80.173,14.347],[80.173,14.374],[80.179,14.441],[80.182,14.48],[80.187,14.514],[80.191,14.55],[80.195,14.564],[80.171,14.567],[80.143,14.556],[80.116,14.53],[80.093,14.534],[80.118,14.548],[80.147,14.568],[80.18,14.583],[80.182,14.596],[80.172,14.606],[80.16,14.636],[80.154,14.671],[80.145,14.691],[80.139,14.694],[80.129,14.682],[80.12,14.69],[80.134,14.695],[80.13,14.714],[80.114,14.733],[80.096,14.78],[80.091,14.801],[80.077,14.809],[80.075,14.817],[80.093,14.827],[80.086,14.876],[80.074,14.925],[80.063,14.987],[80.053,15],[80.049,15.018],[80.046,15.05],[80.051,15.113],[80.059,15.137],[80.065,15.164],[80.074,15.182],[80.071,15.193],[80.084,15.195],[80.087,15.216],[80.082,15.233],[80.08,15.257],[80.084,15.278],[80.091,15.291],[80.1,15.326],[80.109,15.346],[80.13,15.38],[80.154,15.406],[80.184,15.45],[80.197,15.463],[80.204,15.5],[80.212,15.519],[80.213,15.535],[80.191,15.551],[80.186,15.56],[80.171,15.553],[80.14,15.55],[80.136,15.559],[80.169,15.561],[80.175,15.573],[80.196,15.559],[80.207,15.547],[80.223,15.547],[80.234,15.584],[80.24,15.614],[80.252,15.64],[80.26,15.65],[80.277,15.682],[80.288,15.69],[80.311,15.717],[80.321,15.724],[80.345,15.752],[80.36,15.764],[80.393,15.784],[80.439,15.806],[80.488,15.827],[80.521,15.846],[80.512,15.858],[80.547,15.861],[80.541,15.851],[80.579,15.867],[80.605,15.868],[80.641,15.878],[80.669,15.879],[80.691,15.883],[80.731,15.886],[80.756,15.88],[80.782,15.863],[80.808,15.836],[80.816,15.809],[80.813,15.795],[80.812,15.77],[80.819,15.743],[80.804,15.745],[80.807,15.734],[80.804,15.72],[80.811,15.713],[80.824,15.713],[80.839,15.707],[80.851,15.708],[80.861,15.717],[80.878,15.722],[80.915,15.727],[80.911,15.741],[80.892,15.761],[80.876,15.794],[80.861,15.812],[80.872,15.82],[80.874,15.807],[80.887,15.789],[80.895,15.772],[80.91,15.755],[80.938,15.729],[80.945,15.728],[80.96,15.736],[80.987,15.755],[80.989,15.765],[80.966,15.784],[80.959,15.794],[80.94,15.807],[80.949,15.811],[80.991,15.778],[81.007,15.763],[81.012,15.776],[81,15.8],[80.996,15.824],[81.013,15.853],[81.034,15.88],[81.045,15.897],[81.063,15.908],[81.079,15.924],[81.103,15.936],[81.14,15.961],[81.104,15.999],[81.114,16.003],[81.129,15.982],[81.143,15.975],[81.153,15.975],[81.148,15.993],[81.148,16.019],[81.161,16.05],[81.181,16.076],[81.185,16.084],[81.2,16.164],[81.211,16.193],[81.212,16.205],[81.223,16.227],[81.266,16.267],[81.263,16.279],[81.266,16.294],[81.246,16.301],[81.258,16.319],[81.287,16.324],[81.315,16.338],[81.304,16.349],[81.312,16.359],[81.331,16.364],[81.347,16.366],[81.368,16.356],[81.382,16.359],[81.4,16.377],[81.409,16.381],[81.409,16.356],[81.401,16.36],[81.391,16.352],[81.403,16.346],[81.405,16.337],[81.433,16.342],[81.485,16.347],[81.515,16.352],[81.529,16.351],[81.554,16.36],[81.554,16.375],[81.548,16.387],[81.557,16.385],[81.573,16.357],[81.573,16.348],[81.593,16.342],[81.65,16.338],[81.683,16.328],[81.7,16.319],[81.702,16.305],[81.716,16.312],[81.72,16.328],[81.726,16.338],[81.725,16.356],[81.735,16.357],[81.735,16.343],[81.723,16.313],[81.726,16.307],[81.75,16.317],[81.777,16.33],[81.808,16.348],[81.855,16.371],[81.865,16.372],[81.91,16.387],[81.938,16.391],[81.95,16.398],[81.957,16.426],[81.969,16.433],[81.963,16.408],[81.968,16.396],[82.007,16.423],[82.069,16.45],[82.104,16.469],[82.138,16.485],[82.143,16.517],[82.155,16.531],[82.164,16.55],[82.18,16.561],[82.198,16.565],[82.2,16.558],[82.169,16.521],[82.167,16.507],[82.159,16.494],[82.183,16.503],[82.201,16.516],[82.23,16.534],[82.258,16.545],[82.288,16.548],[82.313,16.555],[82.31,16.56],[82.281,16.555],[82.27,16.564],[82.298,16.57],[82.305,16.591],[82.296,16.598],[82.3,16.609],[82.31,16.607],[82.315,16.626],[82.335,16.624],[82.324,16.651],[82.335,16.667],[82.352,16.68],[82.368,16.702],[82.359,16.705],[82.356,16.692],[82.34,16.689],[82.343,16.71],[82.329,16.715],[82.33,16.729],[82.345,16.721],[82.351,16.724],[82.349,16.751],[82.376,16.843],[82.375,16.879],[82.372,16.923],[82.368,16.94],[82.351,16.973],[82.34,16.966],[82.354,16.955],[82.366,16.928],[82.367,16.867],[82.365,16.826],[82.354,16.831],[82.357,16.842],[82.352,16.849],[82.327,16.851],[82.316,16.84],[82.304,16.857],[82.283,16.861],[82.267,16.872],[82.262,16.883],[82.251,16.887],[82.249,16.897],[82.253,16.932],[82.266,16.931],[82.279,16.971],[82.284,16.996],[82.301,17.024],[82.337,17.059],[82.354,17.074],[82.371,17.094],[82.399,17.119],[82.41,17.127],[82.446,17.164],[82.462,17.175],[82.508,17.213],[82.525,17.229],[82.55,17.248],[82.56,17.256],[82.604,17.282],[82.63,17.299],[82.68,17.325],[82.708,17.342],[82.753,17.366],[82.81,17.39],[82.84,17.4],[82.866,17.415],[82.909,17.434],[82.945,17.453],[82.993,17.471],[83.005,17.482],[83.007,17.495],[83.026,17.508],[83.045,17.517],[83.074,17.525],[83.086,17.53],[83.099,17.547],[83.106,17.539],[83.14,17.547],[83.168,17.56],[83.174,17.567],[83.217,17.59],[83.232,17.608],[83.197,17.627],[83.198,17.638],[83.216,17.647],[83.228,17.629],[83.241,17.625],[83.26,17.643],[83.284,17.656],[83.295,17.671],[83.3,17.69],[83.315,17.702],[83.33,17.707],[83.346,17.721],[83.347,17.733],[83.358,17.755],[83.378,17.768],[83.388,17.781],[83.416,17.807],[83.419,17.816],[83.414,17.841],[83.423,17.853],[83.438,17.864],[83.453,17.88],[83.455,17.892],[83.446,17.92],[83.475,17.911],[83.491,17.919],[83.516,17.935],[83.554,17.963],[83.561,17.973],[83.566,18.002],[83.557,18.012],[83.587,18.015],[83.605,18.033],[83.63,18.052],[83.668,18.073],[83.67,18.083],[83.68,18.084],[83.703,18.102],[83.739,18.118],[83.777,18.139],[83.869,18.171],[83.881,18.188],[83.898,18.197],[83.933,18.208],[83.927,18.216],[83.932,18.225],[83.943,18.216],[83.954,18.214],[83.977,18.23],[84.006,18.244],[84.058,18.263],[84.075,18.279],[84.118,18.301],[84.126,18.313],[84.127,18.332],[84.112,18.341],[84.091,18.336],[84.073,18.326],[84.059,18.325],[84.029,18.34],[83.993,18.35],[83.996,18.36],[84.02,18.349],[84.039,18.345],[84.061,18.336],[84.085,18.341],[84.092,18.346],[84.117,18.35],[84.135,18.35],[84.149,18.369],[84.199,18.418],[84.222,18.442],[84.25,18.463],[84.261,18.475],[84.283,18.495],[84.349,18.548],[84.344,18.551],[84.325,18.538],[84.304,18.532],[84.293,18.526],[84.28,18.512],[84.274,18.519],[84.289,18.531],[84.309,18.542],[84.31,18.554],[84.322,18.562],[84.334,18.558],[84.334,18.574],[84.363,18.576],[84.379,18.601],[84.404,18.625],[84.412,18.636],[84.437,18.65],[84.437,18.664],[84.454,18.688],[84.466,18.7],[84.493,18.734],[84.517,18.756],[84.555,18.786],[84.571,18.836],[84.58,18.843],[84.581,18.867],[84.598,18.875],[84.633,18.916],[84.669,18.946],[84.692,18.969],[84.718,19.01],[84.732,19.022],[84.733,19.031],[84.723,19.038],[84.728,19.051],[84.743,19.059],[84.755,19.055],[84.769,19.08],[84.705,19.118],[84.701,19.128],[84.714,19.152],[84.709,19.16],[84.688,19.159],[84.672,19.165],[84.673,19.144],[84.668,19.131],[84.648,19.131],[84.617,19.126],[84.602,19.132],[84.61,19.105],[84.622,19.101],[84.627,19.085],[84.639,19.082],[84.652,19.093],[84.661,19.09],[84.667,19.08],[84.662,19.061],[84.644,19.066],[84.62,19.064],[84.608,19.042],[84.604,19.029],[84.595,19.022],[84.585,19.028],[84.581,19.044],[84.585,19.071],[84.567,19.068],[84.561,19.056],[84.542,19.054],[84.534,19.048],[84.517,19.046],[84.497,19.03],[84.485,19.017],[84.479,18.99],[84.459,18.997],[84.437,19.01],[84.435,18.992],[84.448,18.976],[84.428,18.958],[84.423,18.947],[84.437,18.923],[84.417,18.9],[84.393,18.892],[84.391,18.878],[84.362,18.892],[84.359,18.887],[84.379,18.876],[84.37,18.86],[84.359,18.86],[84.354,18.869],[84.342,18.873],[84.345,18.845],[84.352,18.842],[84.352,18.821],[84.337,18.818],[84.34,18.801],[84.308,18.791],[84.291,18.8],[84.266,18.784],[84.254,18.783],[84.224,18.796],[84.198,18.786],[84.187,18.778],[84.167,18.784],[84.143,18.776],[84.131,18.757],[84.122,18.764],[84.108,18.762],[84.099,18.754],[84.073,18.761],[84.066,18.777],[84.057,18.78],[84.056,18.792],[84.042,18.799],[84.035,18.811],[84.027,18.807],[84.015,18.813],[83.999,18.814],[83.99,18.809],[83.963,18.812],[83.947,18.805],[83.941,18.816],[83.915,18.825],[83.903,18.824],[83.891,18.828],[83.878,18.827],[83.872,18.848],[83.851,18.86],[83.844,18.881],[83.85,18.897],[83.848,18.913],[83.843,18.918],[83.825,18.918],[83.829,18.93],[83.821,18.942],[83.824,18.957],[83.81,18.99],[83.799,19.001],[83.796,19.016],[83.783,19.017],[83.775,19.007],[83.759,19.002],[83.749,18.992],[83.749,18.975],[83.757,18.967],[83.758,18.953],[83.769,18.953],[83.785,18.927],[83.788,18.916],[83.778,18.91],[83.764,18.925],[83.754,18.927],[83.744,18.947],[83.734,18.984],[83.713,18.993],[83.713,19.008],[83.728,19.012],[83.725,19.023],[83.708,19.023],[83.702,19.029],[83.692,19.052],[83.665,19.083],[83.665,19.096],[83.652,19.121],[83.657,19.13],[83.641,19.132],[83.627,19.15],[83.602,19.128],[83.602,19.118],[83.612,19.101],[83.608,19.093],[83.595,19.091],[83.59,19.084],[83.586,19.058],[83.565,19.059],[83.568,19.074],[83.563,19.086],[83.554,19.082],[83.553,19.07],[83.559,19.058],[83.543,19.037],[83.539,19.013],[83.523,19.013],[83.503,19.019],[83.501,19.035],[83.521,19.033],[83.518,19.056],[83.513,19.073],[83.5,19.063],[83.488,19.074],[83.485,19.083],[83.467,19.077],[83.464,19.064],[83.471,19.06],[83.473,19.044],[83.485,19.033],[83.482,19.008],[83.456,19.008],[83.458,18.99],[83.466,18.98],[83.47,18.967],[83.463,18.954],[83.45,18.956],[83.444,18.966],[83.423,18.986],[83.417,19.004],[83.397,19.008],[83.385,19.003],[83.37,19.003],[83.363,19.017],[83.348,19.017],[83.343,19.015],[83.337,18.996],[83.316,18.999],[83.321,18.974],[83.335,18.965],[83.339,18.946],[83.327,18.936],[83.337,18.925],[83.349,18.926],[83.353,18.964],[83.369,18.961],[83.372,18.946],[83.388,18.931],[83.379,18.925],[83.371,18.938],[83.357,18.942],[83.356,18.929],[83.364,18.913],[83.375,18.908],[83.396,18.879],[83.414,18.873],[83.419,18.868],[83.405,18.857],[83.407,18.842],[83.381,18.829],[83.37,18.84],[83.358,18.83],[83.336,18.819],[83.331,18.806],[83.312,18.807],[83.287,18.798],[83.277,18.779],[83.274,18.765],[83.248,18.767],[83.231,18.774],[83.225,18.767],[83.231,18.756],[83.221,18.743],[83.215,18.726],[83.192,18.734],[83.172,18.722],[83.176,18.71],[83.155,18.701],[83.15,18.675],[83.125,18.66],[83.092,18.664],[83.087,18.655],[83.088,18.641],[83.094,18.63],[83.088,18.616],[83.079,18.61],[83.072,18.623],[83.058,18.622],[83.049,18.605],[83.062,18.595],[83.045,18.586],[83.034,18.573],[83.042,18.567],[83.041,18.556],[83.059,18.543],[83.08,18.551],[83.095,18.55],[83.097,18.541],[83.081,18.523],[83.077,18.511],[83.063,18.497],[83.06,18.486],[83.045,18.472],[83.025,18.456],[83.026,18.449],[83.046,18.443],[83.051,18.427],[83.066,18.438],[83.07,18.43],[83.064,18.417],[83.074,18.402],[83.064,18.386],[83.048,18.379],[83.02,18.387],[83,18.384],[82.989,18.375],[82.985,18.364],[82.968,18.366],[82.954,18.359],[82.941,18.36],[82.936,18.37],[82.911,18.365],[82.893,18.387],[82.899,18.401],[82.893,18.421],[82.878,18.415],[82.857,18.423],[82.845,18.423],[82.844,18.433],[82.827,18.442],[82.827,18.447],[82.807,18.448],[82.784,18.428],[82.796,18.399],[82.796,18.387],[82.786,18.379],[82.793,18.363],[82.775,18.34],[82.759,18.337],[82.755,18.328],[82.743,18.322],[82.726,18.323],[82.711,18.317],[82.706,18.305],[82.673,18.299],[82.653,18.266],[82.656,18.253],[82.64,18.237],[82.622,18.248],[82.618,18.258],[82.598,18.265],[82.594,18.289],[82.599,18.3],[82.596,18.31],[82.585,18.315],[82.598,18.328],[82.612,18.329],[82.605,18.349],[82.616,18.35],[82.617,18.359],[82.607,18.362],[82.609,18.374],[82.597,18.385],[82.586,18.385],[82.579,18.392],[82.564,18.397],[82.558,18.392],[82.543,18.398],[82.544,18.416],[82.553,18.425],[82.562,18.446],[82.556,18.45],[82.538,18.442],[82.538,18.451],[82.524,18.464],[82.536,18.476],[82.531,18.512],[82.516,18.516],[82.506,18.514],[82.49,18.523],[82.482,18.545],[82.462,18.525],[82.437,18.493],[82.435,18.485],[82.406,18.459],[82.386,18.43],[82.37,18.418],[82.381,18.406],[82.384,18.391],[82.393,18.38],[82.385,18.361],[82.368,18.352],[82.365,18.342],[82.354,18.33],[82.343,18.325],[82.351,18.315],[82.366,18.316],[82.374,18.324],[82.393,18.327],[82.401,18.315],[82.391,18.292],[82.375,18.279],[82.352,18.28],[82.345,18.274],[82.339,18.239],[82.33,18.231],[82.341,18.224],[82.328,18.209],[82.315,18.204],[82.319,18.183],[82.341,18.172],[82.357,18.17],[82.374,18.148],[82.366,18.134],[82.342,18.151],[82.344,18.136],[82.339,18.127],[82.341,18.103],[82.352,18.091],[82.352,18.076],[82.345,18.056],[82.33,18.059],[82.313,18.048],[82.296,18.069],[82.275,18.057],[82.267,18.043],[82.275,18.034],[82.279,18.019],[82.276,17.995],[82.262,17.989],[82.25,17.988],[82.246,18.001],[82.227,18.003],[82.205,18.017],[82.186,18.019],[82.185,18.029],[82.172,18.05],[82.141,18.044],[82.138,18.057],[82.116,18.062],[82.101,18.061],[82.081,18.074],[82.07,18.062],[82.068,18.053],[82.054,18.054],[82.033,18.066],[82.01,18.053],[82.01,18.032],[81.997,18.028],[81.982,18.014],[81.945,17.992],[81.922,17.988],[81.908,17.977],[81.855,17.959],[81.842,17.959],[81.81,17.944],[81.795,17.922],[81.767,17.901],[81.777,17.887],[81.79,17.879],[81.801,17.861],[81.803,17.852],[81.791,17.84],[81.773,17.838],[81.762,17.827],[81.738,17.827],[81.713,17.808],[81.707,17.793],[81.693,17.779],[81.683,17.775],[81.651,17.774],[81.632,17.771],[81.618,17.752],[81.591,17.739],[81.582,17.727],[81.58,17.696],[81.562,17.675],[81.553,17.654],[81.543,17.639],[81.521,17.618],[81.512,17.598],[81.533,17.581],[81.51,17.548],[81.507,17.519],[81.507,17.498],[81.502,17.486],[81.505,17.469],[81.502,17.457],[81.481,17.428],[81.466,17.414],[81.45,17.39],[81.443,17.384],[81.429,17.381],[81.425,17.37],[81.394,17.364],[81.381,17.366],[81.359,17.377],[81.352,17.394],[81.339,17.401],[81.331,17.398],[81.31,17.368],[81.298,17.346],[81.276,17.328],[81.266,17.331],[81.228,17.33],[81.199,17.336],[81.19,17.331],[81.181,17.314],[81.18,17.275],[81.189,17.263],[81.172,17.241],[81.154,17.24],[81.093,17.222],[81.071,17.212],[81.055,17.222],[81.053,17.213],[81.035,17.195],[80.994,17.188],[80.965,17.196],[80.939,17.213],[80.923,17.213],[80.914,17.209],[80.917,17.186],[80.924,17.178],[80.922,17.154],[80.913,17.149],[80.898,17.149],[80.879,17.154],[80.876,17.133],[80.864,17.12],[80.873,17.104],[80.871,17.09],[80.865,17.077],[80.868,17.059],[80.854,17.041],[80.841,17.034],[80.832,17.046],[80.802,17.051],[80.794,17.056],[80.755,17.063],[80.735,17.073],[80.693,17.077],[80.684,17.069],[80.658,17.063],[80.643,17.067],[80.646,17.08],[80.664,17.092],[80.655,17.102],[80.634,17.11],[80.638,17.118],[80.622,17.124],[80.604,17.127],[80.582,17.143],[80.569,17.146],[80.558,17.131],[80.538,17.121],[80.505,17.109],[80.495,17.091],[80.493,17.064],[80.48,17.046],[80.461,17.045],[80.455,17.025],[80.429,17.033],[80.423,17.049],[80.409,17.062],[80.404,17.085],[80.399,17.084],[80.376,17.064],[80.387,17.042],[80.386,17.031],[80.397,17.022],[80.395,17.011],[80.38,17.004],[80.378,16.991],[80.369,16.978],[80.406,16.965],[80.451,16.953],[80.486,16.929],[80.494,16.935],[80.5,16.956],[80.529,16.944],[80.54,16.958],[80.578,16.935],[80.593,16.935],[80.598,16.915],[80.591,16.911],[80.596,16.882],[80.574,16.877],[80.571,16.845],[80.563,16.833],[80.595,16.815],[80.607,16.8],[80.606,16.794],[80.578,16.779],[80.572,16.771],[80.539,16.778],[80.527,16.777],[80.498,16.784],[80.48,16.797],[80.465,16.798],[80.461,16.823],[80.432,16.837],[80.427,16.85],[80.408,16.858],[80.408,16.84],[80.403,16.833],[80.388,16.828],[80.382,16.819],[80.367,16.863],[80.344,16.864],[80.346,16.875],[80.328,16.879],[80.322,16.92],[80.316,16.932],[80.31,16.964],[80.298,16.984],[80.271,17.018],[80.25,17.01],[80.241,17.012],[80.226,17.027],[80.21,17.021],[80.204,17.025],[80.203,17.05],[80.19,17.052],[80.176,17.031],[80.151,17.009],[80.142,16.993],[80.129,16.994],[80.114,16.989],[80.096,16.995],[80.093,16.97],[80.054,16.973],[80.045,16.944],[80.018,16.915],[80.003,16.885],[80,16.871],[80.022,16.86],[80.041,16.86],[80.043,16.847],[80.05,16.834],[80.078,16.821],[80.066,16.789],[80.06,16.779],[80.056,16.753],[80.041,16.739],[80.025,16.719],[80,16.7],[79.982,16.667],[79.967,16.65],[79.951,16.64],[79.932,16.638],[79.911,16.645],[79.899,16.657],[79.889,16.684],[79.882,16.696],[79.87,16.706],[79.834,16.699],[79.819,16.698],[79.792,16.732],[79.783,16.737],[79.759,16.727],[79.742,16.705],[79.731,16.7],[79.691,16.698],[79.664,16.681],[79.656,16.669],[79.641,16.668],[79.625,16.672],[79.608,16.67],[79.594,16.658],[79.572,16.645],[79.545,16.639],[79.52,16.641],[79.505,16.637],[79.459,16.616],[79.451,16.601],[79.435,16.589],[79.411,16.587],[79.353,16.586],[79.328,16.583],[79.303,16.574],[79.274,16.568],[79.269,16.553],[79.238,16.526],[79.233,16.515],[79.232,16.499],[79.243,16.477],[79.244,16.465],[79.234,16.459],[79.227,16.445],[79.22,16.401],[79.219,16.37],[79.231,16.357],[79.236,16.344],[79.238,16.307],[79.233,16.257],[79.227,16.247],[79.2,16.23],[79.185,16.224],[79.171,16.227],[79.131,16.245],[79.076,16.245],[79.05,16.252],[79.028,16.251],[79,16.235],[78.967,16.224],[78.933,16.209],[78.916,16.198],[78.913,16.172],[78.928,16.14],[78.929,16.129],[78.921,16.116],[78.909,16.104],[78.897,16.105],[78.88,16.117],[78.874,16.151],[78.864,16.165],[78.854,16.166],[78.84,16.158],[78.838,16.149],[78.841,16.127],[78.848,16.11],[78.844,16.094],[78.829,16.069],[78.816,16.053],[78.783,16.03],[78.746,16.028],[78.721,16.033],[78.694,16.047],[78.676,16.062],[78.665,16.078],[78.644,16.098],[78.624,16.105],[78.611,16.103],[78.584,16.077],[78.566,16.063],[78.554,16.063],[78.54,16.069],[78.503,16.079],[78.458,16.087],[78.428,16.089],[78.412,16.087],[78.391,16.078],[78.377,16.066],[78.347,16.059],[78.338,16.053],[78.323,16.035],[78.299,16.034],[78.275,16.041],[78.258,16.032],[78.266,16.001],[78.255,15.974],[78.249,15.943],[78.234,15.93],[78.212,15.923],[78.187,15.906],[78.188,15.894],[78.171,15.855],[78.132,15.855],[78.133,15.841],[78.116,15.833],[78.108,15.834],[78.07,15.85],[78.055,15.877],[78.047,15.878],[78.046,15.904],[78.035,15.908],[78.023,15.901],[78.008,15.865],[78,15.867],[77.979,15.88],[77.934,15.882],[77.913,15.89],[77.894,15.901],[77.873,15.898],[77.861,15.881],[77.84,15.881],[77.805,15.871],[77.785,15.875],[77.766,15.882],[77.755,15.881],[77.722,15.892],[77.689,15.879],[77.664,15.882],[77.645,15.888],[77.631,15.904],[77.612,15.917],[77.594,15.912],[77.577,15.917],[77.554,15.919],[77.514,15.926],[77.502,15.931],[77.472,15.932],[77.431,15.947],[77.412,15.94],[77.397,15.942],[77.381,15.938],[77.358,15.948],[77.319,15.95],[77.305,15.955],[77.287,15.952],[77.267,15.956],[77.253,15.962],[77.24,15.957],[77.207,15.954],[77.185,15.955],[77.175,15.95],[77.147,15.945],[77.134,15.935],[77.109,15.929],[77.081,15.914],[77.07,15.904],[77.056,15.881],[77.037,15.857],[77.028,15.834],[77,15.809],[76.993,15.8],[76.959,15.767],[76.948,15.761],[76.928,15.735],[76.921,15.718],[76.919,15.7],[76.912,15.69],[76.893,15.683],[76.874,15.665],[76.86,15.643],[76.839,15.63],[76.834,15.616],[76.836,15.561],[76.814,15.547],[76.809,15.538],[76.809,15.52],[76.813,15.515],[76.796,15.5],[76.781,15.493],[76.727,15.491],[76.703,15.485],[76.683,15.469],[76.67,15.45],[76.642,15.444],[76.612,15.442],[76.592,15.412],[76.572,15.4],[76.556,15.394],[76.549,15.384],[76.491,15.342],[76.481,15.348],[76.45,15.338],[76.434,15.339],[76.407,15.324],[76.392,15.328],[76.363,15.325],[76.353,15.312],[76.34,15.272],[76.334,15.263],[76.311,15.261],[76.291,15.241],[76.281,15.218],[76.268,15.206],[76.259,15.205],[76.249,15.191],[76.231,15.191],[76.223,15.194],[76.221,15.206],[76.232,15.224],[76.232,15.233],[76.188,15.235],[76.163,15.216],[76.159,15.197],[76.152,15.196],[76.13,15.203],[76.118,15.201],[76.11,15.191],[76.102,15.167],[76.088,15.161],[76.06,15.157],[76.046,15.146],[76.028,15.143],[76.009,15.149],[76,15.147],[75.978,15.153],[75.965,15.142],[75.95,15.137],[75.932,15.141],[75.905,15.131],[75.9,15.119],[75.885,15.107],[75.886,15.097],[75.911,15.076],[75.907,15.058],[75.883,15.05],[75.878,15.038],[75.868,15.033],[75.85,15.041],[75.841,15.041],[75.832,15.027],[75.81,15.024],[75.786,15],[75.781,14.977],[75.761,14.966],[75.744,14.944],[75.723,14.95],[75.702,14.948],[75.687,14.943],[75.685,14.93],[75.697,14.892],[75.729,14.897],[75.739,14.887],[75.734,14.864],[75.723,14.864],[75.715,14.852],[75.69,14.854],[75.675,14.829],[75.666,14.808],[75.667,14.798],[75.678,14.798],[75.688,14.786],[75.713,14.778],[75.724,14.768],[75.722,14.753],[75.703,14.73],[75.706,14.722],[75.717,14.718],[75.757,14.738],[75.761,14.777],[75.772,14.785],[75.773,14.793],[75.801,14.769],[75.828,14.782],[75.837,14.806],[75.832,14.817],[75.819,14.836],[75.814,14.835],[75.804,14.874],[75.814,14.885],[75.82,14.9],[75.828,14.898],[75.833,14.883],[75.843,14.89],[75.857,14.882],[75.856,14.864],[75.871,14.854],[75.875,14.869],[75.887,14.87],[75.901,14.882],[75.937,14.893],[75.942,14.9],[75.962,14.903],[75.972,14.907],[75.978,14.899],[75.987,14.907],[75.997,14.898],[76.007,14.905],[76.019,14.907],[76.031,14.919],[76.049,14.929],[76.052,14.918],[76.071,14.909],[76.08,14.9],[76.068,14.883],[76.075,14.868],[76.128,14.87],[76.132,14.861],[76.157,14.86],[76.158,14.848],[76.191,14.847],[76.196,14.82],[76.178,14.822],[76.159,14.83],[76.149,14.821],[76.145,14.81],[76.154,14.786],[76.17,14.785],[76.182,14.766],[76.192,14.768],[76.203,14.751],[76.201,14.729],[76.188,14.719],[76.187,14.701],[76.193,14.697],[76.195,14.681],[76.205,14.678],[76.231,14.649],[76.242,14.68],[76.25,14.694],[76.258,14.699],[76.273,14.696],[76.278,14.687],[76.324,14.692],[76.339,14.686],[76.345,14.666],[76.377,14.664],[76.379,14.647],[76.392,14.649],[76.395,14.628],[76.406,14.623],[76.423,14.625],[76.433,14.619],[76.432,14.602],[76.425,14.581],[76.494,14.569],[76.508,14.564],[76.511,14.561],[76.538,14.566],[76.553,14.581],[76.571,14.593],[76.578,14.608],[76.6,14.622],[76.602,14.634],[76.613,14.649],[76.599,14.657],[76.601,14.67],[76.613,14.674],[76.612,14.687],[76.626,14.7],[76.639,14.706],[76.652,14.726],[76.65,14.757],[76.667,14.774],[76.672,14.788],[76.685,14.807],[76.702,14.816],[76.716,14.816],[76.735,14.811],[76.739,14.826],[76.719,14.833],[76.715,14.84],[76.714,14.862],[76.698,14.889],[76.679,14.892],[76.678,14.911],[76.666,14.916],[76.662,14.942],[76.679,14.939],[76.7,14.929],[76.715,14.943],[76.718,14.973],[76.692,14.978],[76.686,14.985],[76.673,15.019],[76.705,15.019],[76.703,15.031],[76.721,15.035],[76.734,15.033],[76.737,15.024],[76.729,15.004],[76.736,14.987],[76.761,14.988],[76.768,14.975],[76.801,14.968],[76.819,14.969],[76.832,14.956],[76.845,14.966],[76.869,14.969],[76.87,14.943],[76.865,14.896],[76.85,14.896],[76.856,14.868],[76.854,14.844],[76.844,14.835],[76.851,14.808],[76.841,14.809],[76.838,14.79],[76.831,14.792],[76.815,14.787],[76.784,14.785],[76.792,14.757],[76.802,14.74],[76.79,14.712],[76.785,14.696],[76.775,14.679],[76.765,14.602],[76.783,14.585],[76.791,14.559],[76.804,14.533],[76.849,14.515],[76.859,14.505],[76.869,14.48],[76.875,14.474],[76.885,14.476],[76.899,14.487],[76.911,14.49],[76.95,14.488],[76.978,14.484],[76.979,14.476],[76.964,14.451],[76.949,14.451],[76.95,14.415],[76.947,14.405],[76.918,14.419],[76.902,14.4],[76.888,14.396],[76.884,14.357],[76.904,14.325],[76.928,14.316],[76.948,14.311],[76.954,14.293],[76.93,14.278],[76.931,14.27],[76.943,14.246],[76.957,14.24],[76.988,14.244],[77.01,14.238],[77.039,14.247],[77.055,14.246],[77.066,14.23],[77.081,14.216],[77.101,14.216],[77.116,14.228],[77.121,14.263],[77.113,14.268],[77.118,14.294],[77.132,14.308],[77.137,14.32],[77.138,14.337],[77.158,14.344],[77.185,14.333],[77.202,14.321],[77.229,14.321],[77.238,14.318],[77.251,14.321],[77.264,14.332],[77.287,14.338],[77.289,14.309],[77.286,14.283],[77.302,14.283],[77.366,14.276],[77.366,14.25],[77.362,14.237],[77.383,14.224],[77.39,14.199],[77.398,14.198],[77.422,14.21],[77.421,14.224],[77.416,14.23],[77.408,14.267],[77.396,14.268],[77.381,14.302],[77.385,14.324],[77.401,14.336],[77.432,14.328],[77.434,14.312],[77.449,14.317],[77.45,14.284],[77.461,14.279],[77.486,14.291],[77.491,14.282],[77.503,14.279],[77.506,14.268],[77.503,14.247],[77.497,14.235],[77.507,14.212],[77.511,14.188],[77.517,14.179],[77.507,14.158],[77.496,14.16],[77.47,14.171],[77.43,14.172],[77.416,14.177],[77.396,14.172],[77.396,14.16],[77.389,14.155],[77.383,14.137],[77.354,14.131],[77.359,14.112],[77.396,14.126],[77.402,14.11],[77.386,14.097],[77.379,14.079],[77.368,14.073],[77.357,14.06],[77.345,14.061],[77.333,14.03],[77.357,14.023],[77.369,14.023],[77.39,14.014],[77.38,13.989],[77.383,13.976],[77.393,13.981],[77.428,13.984],[77.438,13.976],[77.436,13.951],[77.415,13.943],[77.417,13.922],[77.435,13.916],[77.426,13.902],[77.404,13.888],[77.397,13.905],[77.355,13.904],[77.35,13.919],[77.37,13.949],[77.351,13.958],[77.361,13.989],[77.34,13.995],[77.32,14.032],[77.31,14.034],[77.299,14.021],[77.285,14.014],[77.278,14.035],[77.262,14.028],[77.249,14.013],[77.225,14.015],[77.201,14.01],[77.178,14.015],[77.161,13.997],[77.141,14.005],[77.14,14.016],[77.134,14.025],[77.127,14.049],[77.097,14.045],[77.075,14.046],[77.075,14.054],[77.029,14.06],[77.026,14.068],[77.03,14.09],[77.016,14.098],[77.022,14.112],[77.019,14.134],[77.025,14.179],[77.012,14.181],[76.992,14.179],[76.964,14.182],[76.947,14.195],[76.942,14.172],[76.922,14.164],[76.902,14.168],[76.897,14.165],[76.889,14.137],[76.918,14.128],[76.928,14.135],[76.948,14.118],[76.954,14.098],[76.952,14.092],[76.974,14.086],[76.981,14.072],[76.977,14.059],[76.943,14.054],[76.937,14.029],[76.946,14.027],[76.954,14.013],[76.981,14.003],[77,13.988],[76.995,13.963],[77.014,13.954],[77.025,13.941],[77.042,13.932],[77.047,13.904],[77.023,13.9],[77.012,13.857],[76.99,13.834],[76.978,13.825],[76.975,13.817],[76.99,13.811],[76.987,13.792],[76.999,13.749],[77.018,13.739],[77.026,13.777],[77.041,13.776],[77.066,13.746],[77.087,13.744],[77.087,13.76],[77.102,13.768],[77.13,13.758],[77.144,13.763],[77.173,13.762],[77.178,13.779],[77.165,13.794],[77.161,13.807],[77.168,13.822],[77.164,13.832],[77.152,13.842],[77.132,13.85],[77.146,13.866],[77.169,13.864],[77.171,13.873],[77.162,13.907],[77.166,13.915],[77.183,13.924],[77.189,13.908],[77.182,13.868],[77.199,13.863],[77.215,13.885],[77.224,13.876],[77.232,13.902],[77.247,13.901],[77.245,13.888],[77.25,13.867],[77.26,13.863],[77.257,13.847],[77.292,13.853],[77.314,13.864],[77.327,13.833],[77.334,13.832],[77.359,13.852],[77.367,13.853],[77.38,13.845],[77.38,13.839],[77.411,13.839],[77.432,13.842],[77.432,13.834],[77.42,13.819],[77.416,13.807],[77.424,13.798],[77.436,13.795],[77.448,13.81],[77.463,13.807],[77.458,13.793],[77.466,13.757],[77.47,13.751],[77.466,13.738],[77.464,13.72],[77.452,13.703],[77.457,13.683],[77.484,13.685],[77.493,13.694],[77.487,13.711],[77.495,13.714],[77.51,13.712],[77.516,13.696],[77.529,13.696],[77.536,13.715],[77.534,13.733],[77.523,13.745],[77.527,13.751],[77.547,13.751],[77.556,13.728],[77.564,13.724],[77.574,13.737],[77.589,13.738],[77.603,13.751],[77.612,13.75],[77.624,13.736],[77.645,13.743],[77.642,13.749],[77.621,13.755],[77.622,13.768],[77.657,13.784],[77.678,13.785],[77.677,13.76],[77.704,13.769],[77.71,13.739],[77.719,13.746],[77.722,13.769],[77.721,13.798],[77.737,13.81],[77.777,13.817],[77.788,13.828],[77.782,13.84],[77.795,13.848],[77.811,13.849],[77.819,13.86],[77.836,13.869],[77.829,13.897],[77.819,13.903],[77.814,13.926],[77.822,13.939],[77.838,13.935],[77.871,13.935],[77.895,13.939],[77.898,13.919],[77.92,13.905],[77.928,13.907],[77.938,13.917],[77.947,13.933],[77.959,13.936],[77.97,13.958],[77.987,13.956],[77.982,13.932],[77.987,13.902],[77.98,13.897],[77.958,13.893],[77.95,13.879],[77.957,13.833],[77.974,13.829],[77.99,13.857],[77.994,13.87],[78.013,13.87],[78.024,13.863],[78.047,13.861],[78.052,13.872],[78.05,13.895],[78.08,13.88],[78.084,13.863],[78.115,13.862],[78.122,13.85],[78.126,13.83],[78.117,13.812],[78.127,13.786]],[[82.206,16.747],[82.227,16.763],[82.229,16.756],[82.22,16.742],[82.23,16.729],[82.273,16.731],[82.29,16.734],[82.299,16.752],[82.307,16.752],[82.312,16.734],[82.304,16.717],[82.286,16.704],[82.263,16.701],[82.225,16.721],[82.203,16.72],[82.189,16.727],[82.184,16.736],[82.198,16.738],[82.206,16.747]],[[75.553,11.718],[75.541,11.714],[75.528,11.72],[75.53,11.732],[75.541,11.744],[75.533,11.753],[75.546,11.758],[75.545,11.734],[75.559,11.725],[75.553,11.718]],[[79.68,11.972],[79.685,11.953],[79.676,11.948],[79.661,11.957],[79.663,11.968],[79.68,11.972]],[[79.62,11.94],[79.629,11.944],[79.63,11.956],[79.625,11.988],[79.62,12],[79.622,12.014],[79.629,12.021],[79.628,12.03],[79.651,12.028],[79.654,12.024],[79.644,12.006],[79.638,11.977],[79.648,11.966],[79.644,11.953],[79.645,11.942],[79.659,11.944],[79.671,11.933],[79.67,11.917],[79.642,11.901],[79.628,11.904],[79.63,11.916],[79.62,11.924],[79.62,11.94]],[[79.647,11.842],[79.661,11.839],[79.66,11.826],[79.67,11.815],[79.646,11.816],[79.644,11.825],[79.647,11.842]],[[79.637,11.887],[79.65,11.88],[79.649,11.87],[79.663,11.867],[79.664,11.86],[79.65,11.849],[79.627,11.852],[79.62,11.86],[79.602,11.857],[79.6,11.88],[79.609,11.877],[79.623,11.89],[79.637,11.887]]],[[[79.78,11.862],[79.784,11.862],[79.796,11.89],[79.781,11.902],[79.771,11.894],[79.78,11.878],[79.78,11.862]]],[[[81.394,16.334],[81.369,16.334],[81.352,16.323],[81.322,16.31],[81.325,16.321],[81.3,16.317],[81.286,16.312],[81.277,16.316],[81.268,16.311],[81.279,16.296],[81.27,16.286],[81.275,16.278],[81.309,16.295],[81.327,16.307],[81.394,16.334]]],[[[79.327,9.297],[79.333,9.313],[79.317,9.325],[79.29,9.316],[79.271,9.293],[79.26,9.291],[79.233,9.294],[79.211,9.289],[79.206,9.278],[79.215,9.274],[79.22,9.258],[79.235,9.261],[79.262,9.261],[79.309,9.243],[79.331,9.231],[79.362,9.208],[79.401,9.183],[79.417,9.184],[79.388,9.207],[79.355,9.231],[79.335,9.252],[79.317,9.275],[79.327,9.297]]],[[[79.087,9.193],[79.088,9.198],[79.071,9.206],[79.062,9.199],[79.081,9.192],[79.087,9.193]]],[[[78.939,9.187],[78.917,9.186],[78.919,9.176],[78.936,9.18],[78.939,9.187]]],[[[74.101,11.204],[74.113,11.211],[74.121,11.224],[74.123,11.235],[74.118,11.258],[74.108,11.275],[74.09,11.298],[74.073,11.315],[74.05,11.331],[74.012,11.349],[73.991,11.352],[73.978,11.348],[73.967,11.337],[73.963,11.322],[73.965,11.306],[73.978,11.28],[73.996,11.256],[74.012,11.241],[74.052,11.213],[74.082,11.203],[74.101,11.204]]],[[[73.67,10.817],[73.661,10.816],[73.663,10.802],[73.678,10.801],[73.704,10.811],[73.7,10.816],[73.67,10.817]]],[[[73.646,10.053],[73.65,10.061],[73.649,10.079],[73.654,10.106],[73.666,10.138],[73.659,10.155],[73.644,10.136],[73.635,10.12],[73.62,10.103],[73.622,10.075],[73.64,10.055],[73.646,10.053]]],[[[73.063,8.329],[73.053,8.329],[73.01,8.303],[73.007,8.298],[73.008,8.275],[73.016,8.266],[73.04,8.26],[73.05,8.262],[73.07,8.283],[73.068,8.298],[73.08,8.32],[73.081,8.329],[73.063,8.329]]],[[[73.009,11.467],[73.011,11.488],[72.997,11.492],[73,11.478],[73.009,11.467]]],[[[72.722,11.112],[72.733,11.125],[72.722,11.13],[72.717,11.12],[72.722,11.112]]],[[[72.719,11.695],[72.708,11.7],[72.7,11.688],[72.709,11.679],[72.719,11.695]]],[[[72.647,10.578],[72.633,10.578],[72.615,10.553],[72.615,10.542],[72.651,10.561],[72.647,10.578]]],[[[72.265,10.011],[72.285,10.024],[72.301,10.03],[72.323,10.056],[72.334,10.079],[72.342,10.099],[72.334,10.131],[72.323,10.137],[72.313,10.121],[72.276,10.093],[72.269,10.077],[72.26,10.072],[72.245,10.056],[72.235,10.017],[72.241,10.008],[72.265,10.011]]],[[[72.179,11.491],[72.195,11.496],[72.19,11.552],[72.195,11.591],[72.191,11.6],[72.176,11.607],[72.166,11.602],[72.151,11.579],[72.137,11.552],[72.139,11.524],[72.147,11.503],[72.161,11.493],[72.179,11.491]]],[[[72.096,11.192],[72.103,11.218],[72.078,11.198],[72.067,11.193],[72.025,11.188],[72.01,11.194],[72.001,11.192],[72.025,11.161],[72.043,11.128],[72.06,11.122],[72.076,11.129],[72.083,11.142],[72.096,11.192]]],[[[71.901,12.285],[71.907,12.289],[71.92,12.316],[71.926,12.346],[71.926,12.378],[71.92,12.388],[71.897,12.403],[71.88,12.394],[71.884,12.354],[71.883,12.336],[71.89,12.32],[71.889,12.301],[71.891,12.288],[71.901,12.285]]],[[[71.845,11.835],[71.84,11.843],[71.831,11.893],[71.817,11.927],[71.808,11.94],[71.801,11.97],[71.786,12.002],[71.773,12.004],[71.734,11.961],[71.733,11.947],[71.75,11.931],[71.755,11.917],[71.761,11.872],[71.782,11.835],[71.796,11.831],[71.815,11.831],[71.84,11.821],[71.845,11.835]]]]}},
{"type":"Feature","properties":{"name":"Manipur","std":"Manipur","kind":"state","covers":["Manipur"],"part":"C"},"geometry":{"type":"Polygon","coordinates":[[[94.407,24.483],[94.427,24.487],[94.438,24.514],[94.463,24.569],[94.483,24.576],[94.496,24.586],[94.518,24.61],[94.538,24.642],[94.548,24.668],[94.551,24.686],[94.544,24.701],[94.549,24.71],[94.56,24.712],[94.568,24.705],[94.575,24.723],[94.583,24.723],[94.582,24.708],[94.589,24.704],[94.608,24.715],[94.615,24.737],[94.631,24.758],[94.623,24.778],[94.625,24.797],[94.632,24.808],[94.632,24.822],[94.639,24.842],[94.654,24.856],[94.655,24.867],[94.677,24.88],[94.69,24.893],[94.691,24.901],[94.704,24.927],[94.717,24.935],[94.7,24.961],[94.701,24.971],[94.711,24.987],[94.724,24.994],[94.74,25.018],[94.749,25.056],[94.749,25.068],[94.743,25.095],[94.744,25.13],[94.734,25.136],[94.712,25.143],[94.701,25.153],[94.685,25.151],[94.675,25.158],[94.646,25.168],[94.629,25.184],[94.611,25.183],[94.6,25.189],[94.584,25.209],[94.598,25.26],[94.597,25.283],[94.611,25.315],[94.634,25.353],[94.636,25.374],[94.648,25.4],[94.669,25.406],[94.676,25.42],[94.681,25.453],[94.657,25.451],[94.624,25.463],[94.606,25.476],[94.586,25.486],[94.573,25.499],[94.556,25.507],[94.562,25.533],[94.559,25.562],[94.554,25.58],[94.572,25.605],[94.583,25.628],[94.575,25.639],[94.586,25.666],[94.596,25.681],[94.572,25.692],[94.564,25.675],[94.538,25.645],[94.53,25.644],[94.513,25.625],[94.492,25.608],[94.49,25.614],[94.473,25.616],[94.443,25.59],[94.429,25.587],[94.421,25.57],[94.424,25.547],[94.419,25.537],[94.41,25.538],[94.387,25.531],[94.364,25.516],[94.328,25.503],[94.312,25.489],[94.302,25.489],[94.286,25.506],[94.273,25.497],[94.256,25.498],[94.251,25.494],[94.222,25.491],[94.19,25.525],[94.194,25.547],[94.182,25.548],[94.167,25.542],[94.152,25.543],[94.147,25.526],[94.138,25.519],[94.091,25.528],[94.095,25.537],[94.085,25.555],[94.069,25.554],[94.053,25.572],[94.043,25.573],[94.01,25.591],[94.012,25.57],[93.98,25.566],[93.965,25.552],[93.943,25.559],[93.891,25.564],[93.862,25.553],[93.836,25.559],[93.825,25.552],[93.819,25.54],[93.807,25.54],[93.779,25.534],[93.771,25.536],[93.764,25.511],[93.765,25.495],[93.773,25.493],[93.788,25.502],[93.807,25.491],[93.813,25.48],[93.808,25.461],[93.79,25.439],[93.78,25.42],[93.764,25.414],[93.746,25.401],[93.739,25.38],[93.723,25.371],[93.711,25.354],[93.692,25.357],[93.687,25.327],[93.671,25.324],[93.672,25.307],[93.643,25.262],[93.637,25.246],[93.607,25.198],[93.592,25.2],[93.59,25.216],[93.574,25.223],[93.563,25.242],[93.554,25.246],[93.541,25.241],[93.52,25.245],[93.505,25.24],[93.504,25.249],[93.51,25.272],[93.476,25.275],[93.472,25.282],[93.474,25.305],[93.46,25.291],[93.444,25.288],[93.423,25.274],[93.42,25.262],[93.403,25.259],[93.387,25.239],[93.387,25.228],[93.369,25.204],[93.353,25.178],[93.347,25.16],[93.351,25.141],[93.335,25.092],[93.323,25.088],[93.306,25.061],[93.308,25.055],[93.296,25.044],[93.284,25.048],[93.268,25.046],[93.263,25.032],[93.248,25.015],[93.246,25.001],[93.256,25],[93.252,24.985],[93.252,24.972],[93.263,24.963],[93.259,24.948],[93.244,24.94],[93.253,24.915],[93.233,24.895],[93.233,24.881],[93.214,24.858],[93.201,24.847],[93.191,24.819],[93.192,24.803],[93.174,24.8],[93.157,24.789],[93.131,24.803],[93.112,24.799],[93.097,24.728],[93.088,24.706],[93.075,24.707],[93.093,24.685],[93.098,24.663],[93.096,24.649],[93.084,24.644],[93.089,24.624],[93.079,24.618],[93.086,24.608],[93.075,24.593],[93.088,24.587],[93.098,24.588],[93.106,24.58],[93.096,24.579],[93.086,24.568],[93.07,24.573],[93.072,24.558],[93.052,24.541],[93.048,24.528],[93.052,24.516],[93.041,24.511],[93.044,24.503],[93.035,24.494],[93.048,24.472],[93.047,24.461],[93.037,24.458],[93.031,24.426],[93.038,24.408],[93.015,24.399],[93,24.4],[93.023,24.387],[93.016,24.377],[93.021,24.371],[93.018,24.356],[93.021,24.344],[93.042,24.34],[93.034,24.315],[93.007,24.277],[93.013,24.269],[93.006,24.251],[93.017,24.233],[93.023,24.214],[93.016,24.197],[93.002,24.191],[93.01,24.179],[93.002,24.171],[93.004,24.157],[92.992,24.15],[92.992,24.137],[92.985,24.126],[92.973,24.121],[92.975,24.112],[93,24.112],[93.013,24.101],[93.026,24.1],[93.037,24.092],[93.052,24.087],[93.078,24.1],[93.088,24.081],[93.101,24.071],[93.1,24.053],[93.111,24.052],[93.128,24.061],[93.134,24.076],[93.147,24.085],[93.157,24.08],[93.168,24.068],[93.166,24.058],[93.174,24.05],[93.193,24.053],[93.207,24.048],[93.215,24.046],[93.224,24.07],[93.225,24.083],[93.247,24.082],[93.262,24.069],[93.261,24.054],[93.251,24.03],[93.254,24.02],[93.272,24.03],[93.287,24.048],[93.311,24.05],[93.336,24.05],[93.34,24.064],[93.332,24.086],[93.352,24.094],[93.389,24.084],[93.414,24.075],[93.431,24.058],[93.442,24.024],[93.451,24.019],[93.465,23.995],[93.464,23.975],[93.47,23.966],[93.513,23.943],[93.529,23.956],[93.553,23.961],[93.555,23.975],[93.567,23.984],[93.578,23.966],[93.595,23.963],[93.607,23.969],[93.619,23.987],[93.614,24.006],[93.626,24.011],[93.65,24.009],[93.661,24],[93.675,24.006],[93.738,23.994],[93.744,24.004],[93.76,23.999],[93.771,23.977],[93.783,23.964],[93.791,23.963],[93.803,23.942],[93.806,23.928],[93.814,23.925],[93.835,23.927],[93.846,23.933],[93.864,23.933],[93.875,23.942],[93.894,23.95],[93.919,23.951],[93.951,23.945],[93.967,23.928],[93.999,23.926],[94.015,23.928],[94.041,23.912],[94.049,23.895],[94.073,23.887],[94.093,23.888],[94.101,23.871],[94.111,23.861],[94.112,23.847],[94.12,23.837],[94.132,23.84],[94.137,23.85],[94.159,23.847],[94.165,23.883],[94.167,23.923],[94.174,23.933],[94.193,23.932],[94.192,23.959],[94.208,23.986],[94.229,24.015],[94.243,24.038],[94.233,24.052],[94.244,24.056],[94.257,24.083],[94.254,24.1],[94.257,24.114],[94.255,24.137],[94.26,24.162],[94.281,24.174],[94.282,24.196],[94.293,24.234],[94.311,24.248],[94.325,24.286],[94.324,24.333],[94.349,24.336],[94.375,24.365],[94.384,24.378],[94.363,24.393],[94.397,24.407],[94.405,24.425],[94.405,24.447],[94.398,24.456],[94.409,24.463],[94.401,24.481],[94.407,24.483]]]}},
{"type":"Feature","properties":{"name":"Mysore","std":"Karnataka","kind":"state","covers":["Karnataka"],"part":"B"},"geometry":{"type":"Polygon","coordinates":[[[77.869,12.867],[77.892,12.868],[77.897,12.876],[77.924,12.883],[77.93,12.873],[77.944,12.871],[77.938,12.86],[77.925,12.854],[77.919,12.831],[77.943,12.822],[77.95,12.839],[77.943,12.849],[77.949,12.859],[77.957,12.847],[77.968,12.846],[77.968,12.831],[77.982,12.832],[77.992,12.82],[77.992,12.805],[78.012,12.805],[78.016,12.813],[78.004,12.823],[78.018,12.832],[78.019,12.843],[78.033,12.851],[78.05,12.848],[78.075,12.84],[78.076,12.829],[78.087,12.83],[78.097,12.813],[78.125,12.797],[78.131,12.78],[78.147,12.779],[78.169,12.77],[78.177,12.775],[78.201,12.771],[78.21,12.765],[78.232,12.763],[78.24,12.772],[78.253,12.822],[78.252,12.857],[78.265,12.86],[78.274,12.867],[78.287,12.859],[78.314,12.857],[78.315,12.876],[78.333,12.873],[78.332,12.882],[78.322,12.884],[78.327,12.903],[78.338,12.899],[78.349,12.917],[78.352,12.935],[78.356,12.938],[78.38,12.912],[78.389,12.905],[78.399,12.916],[78.414,12.902],[78.429,12.899],[78.438,12.912],[78.447,12.911],[78.45,12.89],[78.468,12.876],[78.467,12.903],[78.437,12.927],[78.428,12.93],[78.421,12.917],[78.412,12.943],[78.422,12.948],[78.435,12.965],[78.434,12.979],[78.445,12.979],[78.469,12.974],[78.473,12.989],[78.466,13],[78.461,13.025],[78.463,13.042],[78.472,13.042],[78.478,13.052],[78.499,13.06],[78.516,13.063],[78.51,13.08],[78.513,13.092],[78.525,13.095],[78.527,13.111],[78.52,13.13],[78.532,13.139],[78.546,13.141],[78.544,13.152],[78.55,13.162],[78.569,13.163],[78.58,13.167],[78.577,13.182],[78.564,13.2],[78.58,13.215],[78.568,13.222],[78.571,13.244],[78.583,13.259],[78.588,13.272],[78.578,13.282],[78.571,13.304],[78.558,13.283],[78.539,13.286],[78.532,13.266],[78.523,13.27],[78.512,13.287],[78.481,13.304],[78.477,13.32],[78.446,13.308],[78.44,13.327],[78.426,13.327],[78.402,13.314],[78.393,13.324],[78.377,13.33],[78.378,13.338],[78.406,13.332],[78.408,13.342],[78.394,13.352],[78.365,13.365],[78.379,13.389],[78.381,13.401],[78.375,13.434],[78.373,13.462],[78.377,13.476],[78.377,13.505],[78.383,13.522],[78.395,13.541],[78.396,13.553],[78.408,13.576],[78.401,13.588],[78.39,13.591],[78.354,13.587],[78.322,13.593],[78.302,13.588],[78.275,13.587],[78.259,13.584],[78.237,13.596],[78.232,13.586],[78.218,13.591],[78.212,13.577],[78.2,13.566],[78.19,13.573],[78.189,13.588],[78.203,13.604],[78.203,13.625],[78.195,13.63],[78.17,13.632],[78.168,13.654],[78.155,13.659],[78.117,13.656],[78.09,13.644],[78.089,13.659],[78.075,13.673],[78.073,13.697],[78.094,13.689],[78.115,13.693],[78.119,13.719],[78.094,13.742],[78.104,13.759],[78.12,13.77],[78.127,13.786],[78.117,13.812],[78.126,13.83],[78.122,13.85],[78.115,13.862],[78.084,13.863],[78.08,13.88],[78.05,13.895],[78.052,13.872],[78.047,13.861],[78.024,13.863],[78.013,13.87],[77.994,13.87],[77.99,13.857],[77.974,13.829],[77.957,13.833],[77.95,13.879],[77.958,13.893],[77.98,13.897],[77.987,13.902],[77.982,13.932],[77.987,13.956],[77.97,13.958],[77.959,13.936],[77.947,13.933],[77.938,13.917],[77.928,13.907],[77.92,13.905],[77.898,13.919],[77.895,13.939],[77.871,13.935],[77.838,13.935],[77.822,13.939],[77.814,13.926],[77.819,13.903],[77.829,13.897],[77.836,13.869],[77.819,13.86],[77.811,13.849],[77.795,13.848],[77.782,13.84],[77.788,13.828],[77.777,13.817],[77.737,13.81],[77.721,13.798],[77.722,13.769],[77.719,13.746],[77.71,13.739],[77.704,13.769],[77.677,13.76],[77.678,13.785],[77.657,13.784],[77.622,13.768],[77.621,13.755],[77.642,13.749],[77.645,13.743],[77.624,13.736],[77.612,13.75],[77.603,13.751],[77.589,13.738],[77.574,13.737],[77.564,13.724],[77.556,13.728],[77.547,13.751],[77.527,13.751],[77.523,13.745],[77.534,13.733],[77.536,13.715],[77.529,13.696],[77.516,13.696],[77.51,13.712],[77.495,13.714],[77.487,13.711],[77.493,13.694],[77.484,13.685],[77.457,13.683],[77.452,13.703],[77.464,13.72],[77.466,13.738],[77.47,13.751],[77.466,13.757],[77.458,13.793],[77.463,13.807],[77.448,13.81],[77.436,13.795],[77.424,13.798],[77.416,13.807],[77.42,13.819],[77.432,13.834],[77.432,13.842],[77.411,13.839],[77.38,13.839],[77.38,13.845],[77.367,13.853],[77.359,13.852],[77.334,13.832],[77.327,13.833],[77.314,13.864],[77.292,13.853],[77.257,13.847],[77.26,13.863],[77.25,13.867],[77.245,13.888],[77.247,13.901],[77.232,13.902],[77.224,13.876],[77.215,13.885],[77.199,13.863],[77.182,13.868],[77.189,13.908],[77.183,13.924],[77.166,13.915],[77.162,13.907],[77.171,13.873],[77.169,13.864],[77.146,13.866],[77.132,13.85],[77.152,13.842],[77.164,13.832],[77.168,13.822],[77.161,13.807],[77.165,13.794],[77.178,13.779],[77.173,13.762],[77.144,13.763],[77.13,13.758],[77.102,13.768],[77.087,13.76],[77.087,13.744],[77.066,13.746],[77.041,13.776],[77.026,13.777],[77.018,13.739],[76.999,13.749],[76.987,13.792],[76.99,13.811],[76.975,13.817],[76.978,13.825],[76.99,13.834],[77.012,13.857],[77.023,13.9],[77.047,13.904],[77.042,13.932],[77.025,13.941],[77.014,13.954],[76.995,13.963],[77,13.988],[76.981,14.003],[76.954,14.013],[76.946,14.027],[76.937,14.029],[76.943,14.054],[76.977,14.059],[76.981,14.072],[76.974,14.086],[76.952,14.092],[76.954,14.098],[76.948,14.118],[76.928,14.135],[76.918,14.128],[76.889,14.137],[76.897,14.165],[76.902,14.168],[76.922,14.164],[76.942,14.172],[76.947,14.195],[76.964,14.182],[76.992,14.179],[77.012,14.181],[77.025,14.179],[77.019,14.134],[77.022,14.112],[77.016,14.098],[77.03,14.09],[77.026,14.068],[77.029,14.06],[77.075,14.054],[77.075,14.046],[77.097,14.045],[77.127,14.049],[77.134,14.025],[77.14,14.016],[77.141,14.005],[77.161,13.997],[77.178,14.015],[77.201,14.01],[77.225,14.015],[77.249,14.013],[77.262,14.028],[77.278,14.035],[77.285,14.014],[77.299,14.021],[77.31,14.034],[77.32,14.032],[77.34,13.995],[77.361,13.989],[77.351,13.958],[77.37,13.949],[77.35,13.919],[77.355,13.904],[77.397,13.905],[77.404,13.888],[77.426,13.902],[77.435,13.916],[77.417,13.922],[77.415,13.943],[77.436,13.951],[77.438,13.976],[77.428,13.984],[77.393,13.981],[77.383,13.976],[77.38,13.989],[77.39,14.014],[77.369,14.023],[77.357,14.023],[77.333,14.03],[77.345,14.061],[77.357,14.06],[77.368,14.073],[77.379,14.079],[77.386,14.097],[77.402,14.11],[77.396,14.126],[77.359,14.112],[77.354,14.131],[77.383,14.137],[77.389,14.155],[77.396,14.16],[77.396,14.172],[77.416,14.177],[77.43,14.172],[77.47,14.171],[77.496,14.16],[77.507,14.158],[77.517,14.179],[77.511,14.188],[77.507,14.212],[77.497,14.235],[77.503,14.247],[77.506,14.268],[77.503,14.279],[77.491,14.282],[77.486,14.291],[77.461,14.279],[77.45,14.284],[77.449,14.317],[77.434,14.312],[77.432,14.328],[77.401,14.336],[77.385,14.324],[77.381,14.302],[77.396,14.268],[77.408,14.267],[77.416,14.23],[77.421,14.224],[77.422,14.21],[77.398,14.198],[77.39,14.199],[77.383,14.224],[77.362,14.237],[77.366,14.25],[77.366,14.276],[77.302,14.283],[77.286,14.283],[77.289,14.309],[77.287,14.338],[77.264,14.332],[77.251,14.321],[77.238,14.318],[77.229,14.321],[77.202,14.321],[77.185,14.333],[77.158,14.344],[77.138,14.337],[77.137,14.32],[77.132,14.308],[77.118,14.294],[77.113,14.268],[77.121,14.263],[77.116,14.228],[77.101,14.216],[77.081,14.216],[77.066,14.23],[77.055,14.246],[77.039,14.247],[77.01,14.238],[76.988,14.244],[76.957,14.24],[76.943,14.246],[76.931,14.27],[76.93,14.278],[76.954,14.293],[76.948,14.311],[76.928,14.316],[76.904,14.325],[76.884,14.357],[76.888,14.396],[76.902,14.4],[76.918,14.419],[76.947,14.405],[76.95,14.415],[76.949,14.451],[76.964,14.451],[76.979,14.476],[76.978,14.484],[76.95,14.488],[76.911,14.49],[76.899,14.487],[76.885,14.476],[76.875,14.474],[76.869,14.48],[76.859,14.505],[76.849,14.515],[76.804,14.533],[76.791,14.559],[76.783,14.585],[76.765,14.602],[76.775,14.679],[76.785,14.696],[76.79,14.712],[76.802,14.74],[76.792,14.757],[76.784,14.785],[76.815,14.787],[76.831,14.792],[76.838,14.79],[76.841,14.809],[76.851,14.808],[76.844,14.835],[76.854,14.844],[76.856,14.868],[76.85,14.896],[76.865,14.896],[76.87,14.943],[76.869,14.969],[76.845,14.966],[76.832,14.956],[76.819,14.969],[76.801,14.968],[76.768,14.975],[76.761,14.988],[76.736,14.987],[76.729,15.004],[76.737,15.024],[76.734,15.033],[76.721,15.035],[76.703,15.031],[76.705,15.019],[76.673,15.019],[76.686,14.985],[76.692,14.978],[76.718,14.973],[76.715,14.943],[76.7,14.929],[76.679,14.939],[76.662,14.942],[76.666,14.916],[76.678,14.911],[76.679,14.892],[76.698,14.889],[76.714,14.862],[76.715,14.84],[76.719,14.833],[76.739,14.826],[76.735,14.811],[76.716,14.816],[76.702,14.816],[76.685,14.807],[76.672,14.788],[76.667,14.774],[76.65,14.757],[76.652,14.726],[76.639,14.706],[76.626,14.7],[76.612,14.687],[76.613,14.674],[76.601,14.67],[76.599,14.657],[76.613,14.649],[76.602,14.634],[76.6,14.622],[76.578,14.608],[76.571,14.593],[76.553,14.581],[76.538,14.566],[76.511,14.561],[76.508,14.564],[76.494,14.569],[76.425,14.581],[76.432,14.602],[76.433,14.619],[76.423,14.625],[76.406,14.623],[76.395,14.628],[76.392,14.649],[76.379,14.647],[76.377,14.664],[76.345,14.666],[76.339,14.686],[76.324,14.692],[76.278,14.687],[76.273,14.696],[76.258,14.699],[76.25,14.694],[76.242,14.68],[76.231,14.649],[76.205,14.678],[76.195,14.681],[76.193,14.697],[76.187,14.701],[76.188,14.719],[76.201,14.729],[76.203,14.751],[76.192,14.768],[76.182,14.766],[76.17,14.785],[76.154,14.786],[76.145,14.81],[76.149,14.821],[76.159,14.83],[76.178,14.822],[76.196,14.82],[76.191,14.847],[76.158,14.848],[76.157,14.86],[76.132,14.861],[76.128,14.87],[76.075,14.868],[76.068,14.883],[76.08,14.9],[76.071,14.909],[76.052,14.918],[76.049,14.929],[76.031,14.919],[76.019,14.907],[76.007,14.905],[75.997,14.898],[75.987,14.907],[75.978,14.899],[75.972,14.907],[75.962,14.903],[75.942,14.9],[75.937,14.893],[75.901,14.882],[75.887,14.87],[75.875,14.869],[75.871,14.854],[75.856,14.864],[75.857,14.882],[75.843,14.89],[75.833,14.883],[75.828,14.898],[75.82,14.9],[75.814,14.885],[75.804,14.874],[75.814,14.835],[75.819,14.836],[75.832,14.817],[75.837,14.806],[75.828,14.782],[75.801,14.769],[75.773,14.793],[75.772,14.785],[75.761,14.777],[75.757,14.738],[75.763,14.735],[75.761,14.718],[75.744,14.703],[75.74,14.685],[75.759,14.676],[75.771,14.674],[75.794,14.682],[75.8,14.665],[75.812,14.651],[75.813,14.637],[75.805,14.599],[75.816,14.576],[75.819,14.562],[75.803,14.545],[75.798,14.532],[75.796,14.509],[75.773,14.518],[75.755,14.514],[75.731,14.49],[75.722,14.477],[75.708,14.473],[75.7,14.489],[75.688,14.49],[75.67,14.46],[75.636,14.464],[75.63,14.443],[75.642,14.43],[75.638,14.406],[75.624,14.366],[75.623,14.337],[75.634,14.321],[75.633,14.314],[75.61,14.314],[75.603,14.293],[75.588,14.288],[75.58,14.276],[75.542,14.275],[75.536,14.277],[75.532,14.289],[75.523,14.291],[75.52,14.301],[75.503,14.307],[75.504,14.314],[75.5,14.343],[75.49,14.347],[75.481,14.34],[75.477,14.317],[75.454,14.329],[75.428,14.349],[75.411,14.351],[75.392,14.367],[75.371,14.37],[75.36,14.382],[75.349,14.388],[75.357,14.406],[75.365,14.411],[75.378,14.41],[75.381,14.432],[75.363,14.439],[75.358,14.429],[75.344,14.434],[75.347,14.458],[75.343,14.474],[75.347,14.483],[75.334,14.491],[75.321,14.511],[75.276,14.51],[75.268,14.516],[75.269,14.525],[75.279,14.532],[75.292,14.532],[75.297,14.538],[75.285,14.559],[75.265,14.579],[75.248,14.58],[75.242,14.557],[75.231,14.559],[75.228,14.567],[75.231,14.581],[75.224,14.585],[75.21,14.574],[75.197,14.583],[75.185,14.585],[75.182,14.598],[75.206,14.597],[75.208,14.615],[75.2,14.626],[75.188,14.623],[75.167,14.633],[75.163,14.617],[75.155,14.622],[75.145,14.619],[75.143,14.632],[75.124,14.63],[75.101,14.648],[75.075,14.653],[75.051,14.649],[75.027,14.608],[75.027,14.559],[75.043,14.546],[75.057,14.547],[75.053,14.532],[75.039,14.526],[75.043,14.501],[75.008,14.491],[75.008,14.486],[74.992,14.476],[74.988,14.487],[74.993,14.504],[74.98,14.515],[74.984,14.525],[74.979,14.552],[74.958,14.551],[74.953,14.539],[74.944,14.531],[74.931,14.529],[74.906,14.529],[74.905,14.517],[74.893,14.495],[74.895,14.475],[74.917,14.47],[74.91,14.46],[74.902,14.464],[74.887,14.461],[74.878,14.449],[74.886,14.431],[74.922,14.433],[74.935,14.408],[74.949,14.403],[74.953,14.38],[74.942,14.362],[74.976,14.335],[74.972,14.321],[74.959,14.324],[74.926,14.322],[74.918,14.313],[74.91,14.289],[74.915,14.278],[74.929,14.281],[74.931,14.269],[74.941,14.261],[74.938,14.249],[74.919,14.231],[74.9,14.233],[74.896,14.222],[74.882,14.217],[74.871,14.243],[74.869,14.222],[74.857,14.214],[74.841,14.227],[74.822,14.234],[74.785,14.232],[74.783,14.238],[74.767,14.238],[74.74,14.263],[74.731,14.267],[74.717,14.234],[74.729,14.179],[74.749,14.158],[74.749,14.151],[74.726,14.155],[74.704,14.174],[74.691,14.171],[74.667,14.188],[74.651,14.173],[74.627,14.165],[74.629,14.146],[74.644,14.144],[74.647,14.118],[74.656,14.115],[74.64,14.097],[74.653,14.081],[74.66,14.062],[74.656,14.044],[74.678,14.038],[74.666,14.001],[74.668,13.984],[74.688,13.96],[74.701,13.95],[74.698,13.93],[74.711,13.929],[74.717,13.907],[74.736,13.914],[74.756,13.912],[74.765,13.916],[74.792,13.914],[74.814,13.907],[74.822,13.909],[74.847,13.895],[74.859,13.88],[74.863,13.865],[74.874,13.859],[74.878,13.868],[74.901,13.865],[74.914,13.857],[74.919,13.831],[74.927,13.81],[74.929,13.799],[74.936,13.791],[74.933,13.776],[74.941,13.766],[74.958,13.757],[74.973,13.754],[74.999,13.739],[74.997,13.725],[75.002,13.712],[75.019,13.699],[75.013,13.694],[75.012,13.682],[75.025,13.674],[75.014,13.663],[75.017,13.637],[75.036,13.615],[75.059,13.608],[75.06,13.593],[75.036,13.578],[75.035,13.573],[75.047,13.557],[75.049,13.541],[75.071,13.524],[75.078,13.511],[75.08,13.496],[75.102,13.492],[75.112,13.462],[75.14,13.463],[75.155,13.449],[75.151,13.421],[75.14,13.408],[75.147,13.398],[75.142,13.389],[75.132,13.392],[75.127,13.369],[75.113,13.358],[75.091,13.362],[75.089,13.351],[75.08,13.345],[75.094,13.32],[75.105,13.295],[75.115,13.285],[75.138,13.29],[75.152,13.269],[75.167,13.229],[75.169,13.2],[75.176,13.202],[75.2,13.179],[75.21,13.174],[75.211,13.158],[75.223,13.152],[75.236,13.139],[75.254,13.129],[75.278,13.128],[75.283,13.134],[75.311,13.132],[75.324,13.148],[75.324,13.159],[75.329,13.17],[75.344,13.181],[75.352,13.183],[75.377,13.181],[75.398,13.165],[75.41,13.147],[75.411,13.116],[75.425,13.107],[75.434,13.12],[75.464,13.102],[75.473,13.091],[75.469,13.081],[75.48,13.078],[75.487,13.092],[75.513,13.069],[75.526,13.048],[75.521,13.029],[75.532,13.017],[75.531,13],[75.516,12.981],[75.525,12.968],[75.555,12.945],[75.557,12.915],[75.556,12.909],[75.565,12.874],[75.578,12.873],[75.596,12.876],[75.617,12.858],[75.623,12.857],[75.616,12.831],[75.619,12.82],[75.614,12.798],[75.623,12.795],[75.629,12.781],[75.643,12.761],[75.66,12.75],[75.651,12.72],[75.628,12.707],[75.638,12.696],[75.673,12.7],[75.695,12.702],[75.707,12.708],[75.723,12.698],[75.732,12.699],[75.749,12.679],[75.762,12.675],[75.775,12.679],[75.778,12.688],[75.794,12.689],[75.812,12.7],[75.839,12.669],[75.88,12.671],[75.887,12.677],[75.887,12.705],[75.857,12.723],[75.852,12.729],[75.858,12.742],[75.855,12.75],[75.866,12.766],[75.875,12.77],[75.874,12.78],[75.865,12.797],[75.865,12.82],[75.877,12.823],[75.877,12.832],[75.9,12.827],[75.906,12.816],[75.928,12.819],[75.931,12.808],[75.948,12.807],[75.953,12.802],[75.975,12.804],[75.971,12.796],[75.973,12.782],[75.965,12.781],[75.953,12.764],[75.939,12.761],[75.941,12.749],[75.937,12.734],[75.944,12.716],[75.962,12.71],[75.967,12.7],[75.961,12.681],[75.944,12.677],[75.95,12.667],[75.94,12.644],[75.95,12.626],[75.949,12.611],[75.943,12.602],[75.954,12.591],[75.967,12.559],[75.979,12.56],[75.998,12.583],[76.005,12.575],[76.021,12.566],[76.011,12.554],[75.99,12.536],[75.998,12.524],[75.977,12.518],[75.975,12.509],[75.964,12.503],[75.962,12.486],[75.973,12.452],[75.957,12.449],[75.931,12.437],[75.923,12.418],[75.911,12.402],[75.916,12.389],[75.935,12.378],[75.944,12.363],[75.962,12.345],[75.983,12.338],[76,12.325],[76,12.306],[76.016,12.289],[76.016,12.265],[76.023,12.252],[76.041,12.252],[76.052,12.247],[76.062,12.25],[76.074,12.239],[76.102,12.199],[76.118,12.19],[76.133,12.193],[76.145,12.156],[76.171,12.118],[76.178,12.101],[76.176,12.09],[76.18,12.069],[76.189,12.052],[76.187,12.038],[76.179,12.027],[76.163,12.023],[76.152,12.015],[76.15,12.006],[76.129,11.984],[76.114,11.977],[76.115,11.934],[76.114,11.883],[76.114,11.858],[76.123,11.849],[76.132,11.851],[76.145,11.864],[76.191,11.87],[76.21,11.856],[76.214,11.838],[76.212,11.826],[76.225,11.807],[76.251,11.802],[76.26,11.806],[76.282,11.807],[76.291,11.792],[76.307,11.783],[76.318,11.751],[76.342,11.737],[76.354,11.737],[76.364,11.747],[76.38,11.743],[76.391,11.752],[76.398,11.75],[76.415,11.76],[76.414,11.748],[76.427,11.728],[76.426,11.721],[76.411,11.714],[76.41,11.69],[76.418,11.672],[76.431,11.666],[76.459,11.662],[76.482,11.685],[76.493,11.689],[76.512,11.705],[76.521,11.701],[76.549,11.678],[76.555,11.643],[76.562,11.62],[76.583,11.613],[76.617,11.608],[76.634,11.611],[76.761,11.614],[76.79,11.611],[76.818,11.604],[76.826,11.605],[76.845,11.592],[76.847,11.582],[76.857,11.597],[76.86,11.61],[76.848,11.631],[76.839,11.637],[76.839,11.657],[76.863,11.707],[76.89,11.733],[76.898,11.758],[76.897,11.774],[76.909,11.791],[76.936,11.789],[76.945,11.785],[76.954,11.789],[76.969,11.773],[76.984,11.799],[76.982,11.809],[77,11.807],[77.014,11.811],[77.032,11.803],[77.041,11.792],[77.032,11.773],[77.037,11.77],[77.051,11.786],[77.062,11.787],[77.072,11.78],[77.06,11.766],[77.084,11.738],[77.086,11.732],[77.106,11.732],[77.119,11.721],[77.113,11.754],[77.113,11.771],[77.137,11.769],[77.147,11.78],[77.176,11.783],[77.2,11.791],[77.237,11.792],[77.247,11.797],[77.252,11.811],[77.289,11.798],[77.295,11.807],[77.337,11.768],[77.356,11.773],[77.366,11.787],[77.393,11.785],[77.412,11.773],[77.423,11.771],[77.442,11.781],[77.452,11.8],[77.453,11.816],[77.462,11.833],[77.467,11.848],[77.462,11.853],[77.466,11.876],[77.465,11.9],[77.488,11.891],[77.487,11.899],[77.495,11.931],[77.501,11.939],[77.535,11.931],[77.559,11.94],[77.584,11.933],[77.602,11.936],[77.648,11.95],[77.666,11.947],[77.676,11.949],[77.675,11.962],[77.701,12.019],[77.732,12.063],[77.757,12.079],[77.767,12.102],[77.778,12.111],[77.778,12.119],[77.751,12.139],[77.751,12.153],[77.737,12.177],[77.73,12.181],[77.712,12.182],[77.666,12.197],[77.64,12.196],[77.615,12.204],[77.602,12.2],[77.566,12.196],[77.549,12.204],[77.522,12.193],[77.493,12.199],[77.476,12.211],[77.484,12.234],[77.473,12.245],[77.48,12.271],[77.489,12.279],[77.503,12.282],[77.512,12.275],[77.529,12.278],[77.534,12.29],[77.553,12.293],[77.555,12.302],[77.566,12.306],[77.579,12.333],[77.596,12.345],[77.601,12.358],[77.614,12.363],[77.62,12.383],[77.626,12.414],[77.631,12.423],[77.627,12.434],[77.635,12.486],[77.627,12.495],[77.607,12.474],[77.585,12.477],[77.612,12.501],[77.615,12.512],[77.588,12.516],[77.586,12.546],[77.58,12.567],[77.591,12.593],[77.592,12.614],[77.608,12.63],[77.598,12.652],[77.599,12.657],[77.6,12.666],[77.643,12.679],[77.664,12.683],[77.68,12.68],[77.678,12.66],[77.705,12.66],[77.712,12.667],[77.714,12.683],[77.724,12.679],[77.728,12.671],[77.741,12.673],[77.737,12.692],[77.744,12.701],[77.76,12.696],[77.773,12.724],[77.762,12.727],[77.768,12.738],[77.788,12.743],[77.795,12.754],[77.782,12.769],[77.798,12.79],[77.809,12.796],[77.801,12.805],[77.811,12.83],[77.793,12.837],[77.802,12.849],[77.81,12.847],[77.832,12.859],[77.835,12.868],[77.854,12.865],[77.869,12.867]]]}},
{"type":"Feature","properties":{"name":"North-East Frontier Agency","std":"NEFA","kind":"ut","covers":["Arunachal Pradesh","Nagaland"],"note":"Constitutionally part of Assam but administered by the Centre through the Governor of Assam; no NCRB row for it was found in the extracted tables."},"geometry":{"type":"Polygon","coordinates":[[[96.317,28.383],[96.307,28.399],[96.27,28.405],[96.268,28.412],[96.299,28.434],[96.337,28.458],[96.344,28.465],[96.369,28.474],[96.374,28.492],[96.363,28.505],[96.327,28.525],[96.337,28.534],[96.357,28.556],[96.373,28.559],[96.403,28.557],[96.409,28.573],[96.402,28.585],[96.41,28.589],[96.425,28.58],[96.435,28.588],[96.447,28.601],[96.475,28.617],[96.497,28.633],[96.498,28.639],[96.487,28.66],[96.473,28.68],[96.493,28.684],[96.511,28.696],[96.535,28.707],[96.563,28.707],[96.589,28.717],[96.612,28.748],[96.618,28.76],[96.619,28.774],[96.611,28.793],[96.598,28.81],[96.587,28.817],[96.566,28.843],[96.55,28.87],[96.541,28.88],[96.542,28.917],[96.527,28.944],[96.525,28.961],[96.517,28.966],[96.504,28.96],[96.491,28.961],[96.481,28.99],[96.492,29.006],[96.529,29.075],[96.522,29.075],[96.481,29.056],[96.463,29.042],[96.439,29.034],[96.393,29.03],[96.372,29.031],[96.35,29.029],[96.325,29.009],[96.297,28.995],[96.285,28.98],[96.259,28.956],[96.252,28.939],[96.232,28.926],[96.189,28.908],[96.178,28.901],[96.17,28.902],[96.167,28.918],[96.149,28.934],[96.159,28.952],[96.184,28.965],[96.189,28.985],[96.169,29.017],[96.165,29.033],[96.154,29.05],[96.141,29.061],[96.119,29.074],[96.128,29.078],[96.174,29.084],[96.19,29.091],[96.204,29.103],[96.222,29.135],[96.232,29.143],[96.253,29.147],[96.264,29.157],[96.295,29.159],[96.312,29.165],[96.35,29.168],[96.363,29.178],[96.376,29.215],[96.392,29.231],[96.397,29.253],[96.379,29.281],[96.368,29.283],[96.35,29.264],[96.317,29.256],[96.297,29.233],[96.27,29.234],[96.255,29.23],[96.239,29.241],[96.231,29.257],[96.215,29.272],[96.208,29.291],[96.188,29.307],[96.19,29.342],[96.18,29.362],[96.163,29.381],[96.155,29.397],[96.118,29.425],[96.098,29.454],[96.086,29.461],[96.061,29.456],[96.04,29.441],[96.02,29.419],[95.998,29.408],[95.962,29.381],[95.94,29.382],[95.886,29.39],[95.864,29.366],[95.845,29.352],[95.832,29.354],[95.808,29.337],[95.796,29.336],[95.788,29.355],[95.783,29.355],[95.75,29.327],[95.749,29.314],[95.732,29.301],[95.72,29.296],[95.707,29.299],[95.697,29.285],[95.678,29.269],[95.636,29.247],[95.61,29.261],[95.604,29.26],[95.593,29.241],[95.591,29.216],[95.55,29.214],[95.542,29.206],[95.55,29.179],[95.551,29.127],[95.508,29.141],[95.501,29.138],[95.497,29.122],[95.494,29.088],[95.488,29.069],[95.479,29.064],[95.459,29.035],[95.426,29.039],[95.415,29.032],[95.35,29.044],[95.323,29.053],[95.307,29.061],[95.277,29.057],[95.272,29.048],[95.271,29.056],[95.255,29.067],[95.253,29.092],[95.256,29.108],[95.245,29.109],[95.202,29.106],[95.183,29.107],[95.151,29.114],[95.127,29.115],[95.119,29.12],[95.104,29.142],[95.083,29.144],[95.045,29.151],[95.01,29.169],[95.009,29.156],[95.023,29.142],[95.028,29.129],[95,29.14],[94.973,29.159],[94.924,29.161],[94.898,29.175],[94.877,29.183],[94.852,29.182],[94.815,29.166],[94.803,29.164],[94.798,29.179],[94.803,29.209],[94.796,29.225],[94.772,29.252],[94.754,29.266],[94.742,29.281],[94.717,29.304],[94.683,29.327],[94.672,29.331],[94.648,29.346],[94.634,29.348],[94.625,29.312],[94.617,29.301],[94.58,29.275],[94.578,29.25],[94.564,29.228],[94.539,29.218],[94.5,29.216],[94.437,29.226],[94.42,29.212],[94.383,29.194],[94.378,29.19],[94.37,29.157],[94.356,29.15],[94.303,29.15],[94.294,29.148],[94.264,29.116],[94.231,29.089],[94.22,29.084],[94.191,29.038],[94.181,29.02],[94.179,28.991],[94.164,28.973],[94.161,28.954],[94.142,28.94],[94.084,28.905],[94.049,28.873],[94.035,28.853],[94.02,28.85],[94,28.841],[94.005,28.819],[93.991,28.806],[93.991,28.797],[94.007,28.783],[94.007,28.775],[93.974,28.75],[93.97,28.742],[93.971,28.722],[93.965,28.712],[93.962,28.704],[93.94,28.676],[93.925,28.669],[93.909,28.676],[93.87,28.703],[93.849,28.706],[93.824,28.694],[93.79,28.67],[93.78,28.668],[93.737,28.688],[93.705,28.679],[93.691,28.679],[93.644,28.661],[93.612,28.655],[93.567,28.659],[93.539,28.658],[93.53,28.661],[93.524,28.673],[93.501,28.683],[93.485,28.674],[93.48,28.653],[93.472,28.651],[93.462,28.668],[93.451,28.675],[93.435,28.662],[93.417,28.652],[93.395,28.649],[93.356,28.638],[93.342,28.64],[93.338,28.633],[93.333,28.608],[93.305,28.599],[93.303,28.591],[93.311,28.566],[93.294,28.543],[93.281,28.504],[93.234,28.477],[93.213,28.451],[93.188,28.439],[93.196,28.425],[93.231,28.407],[93.237,28.4],[93.227,28.377],[93.224,28.361],[93.228,28.34],[93.225,28.335],[93.212,28.322],[93.199,28.317],[93.16,28.318],[93.13,28.326],[93.117,28.315],[93.1,28.306],[93.077,28.308],[93.051,28.302],[93.027,28.299],[93.039,28.262],[93.025,28.251],[93.005,28.23],[92.995,28.234],[92.991,28.25],[92.97,28.261],[92.947,28.248],[92.928,28.242],[92.918,28.234],[92.91,28.214],[92.9,28.204],[92.845,28.179],[92.833,28.171],[92.823,28.184],[92.824,28.197],[92.805,28.201],[92.788,28.183],[92.742,28.151],[92.71,28.136],[92.685,28.117],[92.668,28.062],[92.686,28.058],[92.7,28.048],[92.726,28.015],[92.733,28.001],[92.744,27.988],[92.738,27.977],[92.706,27.933],[92.674,27.899],[92.656,27.892],[92.625,27.884],[92.61,27.877],[92.59,27.856],[92.565,27.82],[92.548,27.817],[92.52,27.839],[92.506,27.841],[92.497,27.836],[92.472,27.814],[92.46,27.802],[92.448,27.8],[92.419,27.822],[92.388,27.815],[92.385,27.794],[92.355,27.79],[92.321,27.777],[92.312,27.778],[92.29,27.807],[92.272,27.853],[92.26,27.861],[92.239,27.862],[92.205,27.856],[92.161,27.836],[92.125,27.81],[92.09,27.779],[92.06,27.758],[92.043,27.757],[92.005,27.767],[91.989,27.769],[91.971,27.751],[91.961,27.75],[91.95,27.728],[91.924,27.715],[91.913,27.726],[91.884,27.721],[91.876,27.734],[91.866,27.736],[91.856,27.765],[91.85,27.775],[91.839,27.779],[91.833,27.807],[91.821,27.803],[91.809,27.808],[91.776,27.801],[91.752,27.803],[91.715,27.813],[91.7,27.822],[91.675,27.856],[91.647,27.854],[91.627,27.857],[91.613,27.854],[91.6,27.862],[91.59,27.856],[91.575,27.86],[91.551,27.847],[91.571,27.815],[91.604,27.82],[91.634,27.8],[91.637,27.771],[91.645,27.758],[91.635,27.747],[91.634,27.731],[91.629,27.706],[91.615,27.692],[91.608,27.695],[91.597,27.683],[91.595,27.671],[91.572,27.652],[91.563,27.633],[91.568,27.62],[91.581,27.608],[91.582,27.599],[91.567,27.584],[91.572,27.575],[91.587,27.562],[91.599,27.539],[91.614,27.541],[91.625,27.513],[91.649,27.498],[91.658,27.482],[91.695,27.502],[91.715,27.491],[91.719,27.473],[91.738,27.47],[91.761,27.473],[91.778,27.464],[91.814,27.472],[91.833,27.468],[91.854,27.482],[91.868,27.481],[91.877,27.472],[91.896,27.472],[91.903,27.468],[91.927,27.471],[91.944,27.46],[91.959,27.461],[91.97,27.466],[91.984,27.464],[91.994,27.473],[92.016,27.481],[92.023,27.479],[92.021,27.457],[92.028,27.441],[92.043,27.436],[92.048,27.424],[92.046,27.412],[92.059,27.399],[92.05,27.378],[92.053,27.357],[92.064,27.344],[92.063,27.326],[92.082,27.309],[92.107,27.3],[92.121,27.292],[92.123,27.275],[92.106,27.268],[92.074,27.276],[92.053,27.271],[92.044,27.261],[92.07,27.244],[92.074,27.223],[92.061,27.202],[92.06,27.189],[92.029,27.171],[92.028,27.153],[92.04,27.137],[92.026,27.114],[92.031,27.096],[92.032,27.078],[92.04,27.069],[92.049,27.051],[92.068,27.051],[92.08,27.039],[92.083,27.019],[92.107,27.007],[92.106,26.982],[92.117,26.975],[92.121,26.959],[92.115,26.948],[92.12,26.931],[92.112,26.906],[92.111,26.893],[92.124,26.889],[92.166,26.891],[92.198,26.89],[92.258,26.911],[92.28,26.901],[92.307,26.908],[92.306,26.923],[92.356,26.934],[92.368,26.931],[92.403,26.925],[92.415,26.943],[92.429,26.942],[92.449,26.959],[92.463,26.962],[92.508,26.965],[92.557,26.957],[92.588,26.96],[92.648,26.986],[92.648,27.008],[92.642,27.017],[92.654,27.023],[92.662,27.037],[92.685,27.03],[92.717,27.024],[92.772,27.031],[92.788,27.029],[92.839,27.012],[92.875,27.006],[92.902,26.994],[92.919,26.983],[92.92,26.962],[92.954,26.947],[93,26.928],[93.022,26.915],[93.041,26.916],[93.071,26.922],[93.094,26.913],[93.111,26.925],[93.187,26.936],[93.225,26.947],[93.269,26.954],[93.35,26.961],[93.393,26.957],[93.45,26.951],[93.47,26.936],[93.491,26.936],[93.528,26.946],[93.573,26.951],[93.586,26.95],[93.626,26.961],[93.657,26.963],[93.678,26.968],[93.7,26.992],[93.707,27.005],[93.721,27.016],[93.77,27.04],[93.776,27.059],[93.789,27.051],[93.8,27.061],[93.81,27.059],[93.83,27.066],[93.839,27.075],[93.829,27.096],[93.829,27.109],[93.824,27.119],[93.813,27.123],[93.808,27.135],[93.811,27.149],[93.831,27.168],[93.842,27.17],[93.87,27.196],[93.888,27.221],[93.903,27.238],[93.941,27.27],[93.959,27.292],[93.983,27.311],[94.002,27.332],[94.044,27.35],[94.063,27.36],[94.089,27.401],[94.109,27.415],[94.119,27.428],[94.143,27.445],[94.162,27.463],[94.159,27.475],[94.177,27.481],[94.197,27.494],[94.215,27.495],[94.224,27.504],[94.262,27.52],[94.259,27.554],[94.243,27.567],[94.229,27.572],[94.224,27.585],[94.225,27.598],[94.214,27.608],[94.22,27.606],[94.238,27.629],[94.265,27.633],[94.27,27.625],[94.257,27.611],[94.275,27.6],[94.278,27.59],[94.291,27.591],[94.3,27.601],[94.315,27.586],[94.347,27.581],[94.358,27.574],[94.37,27.573],[94.39,27.586],[94.405,27.584],[94.423,27.598],[94.433,27.593],[94.438,27.581],[94.456,27.567],[94.462,27.554],[94.485,27.574],[94.502,27.574],[94.518,27.581],[94.528,27.592],[94.549,27.6],[94.576,27.603],[94.588,27.616],[94.611,27.619],[94.627,27.626],[94.642,27.627],[94.651,27.638],[94.671,27.647],[94.685,27.646],[94.686,27.66],[94.7,27.663],[94.719,27.658],[94.723,27.666],[94.745,27.66],[94.762,27.665],[94.769,27.676],[94.793,27.685],[94.802,27.693],[94.823,27.692],[94.851,27.707],[94.856,27.728],[94.868,27.742],[94.886,27.738],[94.932,27.753],[94.989,27.767],[95,27.772],[95.021,27.768],[95.041,27.774],[95.054,27.786],[95.197,27.83],[95.238,27.844],[95.318,27.867],[95.386,27.837],[95.518,27.877],[95.528,27.893],[95.545,27.897],[95.546,27.909],[95.567,27.918],[95.573,27.937],[95.59,27.937],[95.609,27.953],[95.827,27.972],[95.958,27.963],[95.979,27.963],[95.967,27.947],[95.954,27.936],[95.957,27.921],[95.94,27.898],[95.93,27.897],[95.93,27.885],[95.915,27.875],[95.913,27.867],[95.896,27.861],[95.893,27.851],[95.875,27.834],[95.853,27.828],[95.845,27.816],[95.824,27.804],[95.809,27.784],[95.808,27.778],[95.782,27.752],[95.786,27.734],[95.759,27.725],[95.772,27.71],[95.774,27.694],[95.794,27.686],[95.796,27.678],[95.781,27.673],[95.78,27.655],[95.802,27.643],[95.798,27.63],[95.788,27.626],[95.799,27.602],[95.825,27.597],[95.822,27.576],[95.833,27.573],[95.841,27.56],[95.853,27.559],[95.863,27.546],[95.882,27.547],[95.879,27.513],[95.89,27.5],[95.881,27.495],[95.882,27.481],[95.877,27.465],[95.86,27.456],[95.864,27.445],[95.853,27.438],[95.85,27.424],[95.865,27.422],[95.883,27.437],[95.891,27.433],[95.89,27.42],[95.9,27.405],[95.912,27.433],[95.934,27.44],[95.953,27.437],[95.953,27.426],[95.974,27.43],[96.001,27.396],[96,27.391],[96.015,27.368],[96.013,27.357],[95.997,27.356],[95.994,27.344],[95.97,27.33],[95.963,27.31],[95.941,27.303],[95.907,27.285],[95.898,27.257],[95.872,27.26],[95.861,27.273],[95.861,27.287],[95.81,27.274],[95.807,27.281],[95.791,27.279],[95.785,27.272],[95.757,27.268],[95.732,27.26],[95.726,27.253],[95.702,27.249],[95.685,27.251],[95.637,27.23],[95.634,27.233],[95.608,27.225],[95.59,27.223],[95.575,27.245],[95.557,27.248],[95.555,27.253],[95.535,27.264],[95.521,27.258],[95.511,27.26],[95.507,27.249],[95.491,27.243],[95.47,27.212],[95.459,27.203],[95.469,27.184],[95.464,27.176],[95.468,27.166],[95.459,27.157],[95.466,27.149],[95.458,27.129],[95.421,27.125],[95.407,27.112],[95.386,27.106],[95.372,27.105],[95.349,27.099],[95.31,27.075],[95.278,27.051],[95.278,27.044],[95.249,27.024],[95.238,27.037],[95.226,27.036],[95.214,27.028],[95.204,27.037],[95.196,27.037],[95.155,27],[95.127,26.981],[95.117,26.978],[95.11,26.961],[95.087,26.947],[95.066,26.943],[95.055,26.935],[95.038,26.933],[95.022,26.92],[95,26.919],[94.986,26.913],[94.971,26.923],[94.958,26.938],[94.934,26.933],[94.929,26.947],[94.914,26.937],[94.887,26.927],[94.87,26.91],[94.852,26.876],[94.839,26.869],[94.833,26.857],[94.822,26.849],[94.813,26.819],[94.806,26.807],[94.791,26.796],[94.773,26.79],[94.769,26.778],[94.757,26.767],[94.746,26.777],[94.738,26.764],[94.74,26.748],[94.759,26.734],[94.751,26.722],[94.753,26.702],[94.748,26.698],[94.727,26.697],[94.719,26.68],[94.696,26.663],[94.673,26.652],[94.69,26.642],[94.712,26.636],[94.725,26.62],[94.725,26.61],[94.737,26.595],[94.729,26.567],[94.691,26.524],[94.697,26.499],[94.693,26.479],[94.702,26.468],[94.709,26.444],[94.706,26.412],[94.698,26.41],[94.678,26.384],[94.662,26.376],[94.653,26.341],[94.631,26.334],[94.611,26.319],[94.584,26.29],[94.573,26.289],[94.565,26.279],[94.565,26.256],[94.579,26.239],[94.588,26.236],[94.587,26.219],[94.606,26.199],[94.63,26.203],[94.643,26.218],[94.656,26.204],[94.669,26.209],[94.693,26.193],[94.7,26.171],[94.702,26.149],[94.692,26.138],[94.689,26.118],[94.69,26.098],[94.696,26.072],[94.705,26.052],[94.678,26.028],[94.672,26.017],[94.659,26.005],[94.625,25.952],[94.609,25.932],[94.576,25.896],[94.579,25.887],[94.595,25.878],[94.613,25.847],[94.613,25.836],[94.606,25.828],[94.615,25.816],[94.648,25.816],[94.683,25.8],[94.699,25.789],[94.715,25.758],[94.72,25.75],[94.735,25.754],[94.743,25.77],[94.757,25.78],[94.788,25.776],[94.834,25.752],[94.858,25.724],[94.861,25.717],[94.859,25.685],[94.85,25.65],[94.85,25.634],[94.856,25.609],[94.871,25.606],[94.882,25.588],[94.887,25.586],[94.91,25.596],[94.919,25.608],[94.925,25.634],[94.934,25.658],[94.941,25.668],[94.982,25.697],[94.997,25.715],[95.008,25.731],[95.032,25.734],[95.051,25.755],[95.044,25.776],[95.05,25.792],[95.048,25.803],[95.036,25.813],[95.032,25.839],[95.014,25.865],[95.021,25.881],[95.018,25.894],[95.027,25.913],[95.056,25.94],[95.078,25.944],[95.105,25.961],[95.116,25.981],[95.139,25.999],[95.163,26.028],[95.164,26.046],[95.182,26.067],[95.184,26.078],[95.165,26.092],[95.15,26.088],[95.137,26.096],[95.126,26.094],[95.119,26.103],[95.12,26.115],[95.127,26.13],[95.116,26.156],[95.125,26.176],[95.127,26.196],[95.142,26.207],[95.12,26.232],[95.129,26.249],[95.12,26.268],[95.13,26.286],[95.127,26.329],[95.133,26.336],[95.128,26.348],[95.135,26.381],[95.121,26.391],[95.104,26.395],[95.108,26.417],[95.086,26.446],[95.066,26.444],[95.068,26.46],[95.076,26.471],[95.102,26.497],[95.103,26.507],[95.12,26.523],[95.114,26.542],[95.126,26.556],[95.138,26.554],[95.154,26.574],[95.152,26.591],[95.154,26.613],[95.171,26.624],[95.182,26.637],[95.206,26.643],[95.219,26.654],[95.237,26.68],[95.244,26.687],[95.26,26.68],[95.262,26.667],[95.272,26.656],[95.293,26.655],[95.302,26.649],[95.317,26.66],[95.346,26.671],[95.365,26.671],[95.383,26.681],[95.406,26.69],[95.423,26.69],[95.435,26.701],[95.441,26.716],[95.454,26.726],[95.465,26.744],[95.483,26.748],[95.502,26.776],[95.514,26.806],[95.532,26.824],[95.545,26.831],[95.562,26.83],[95.574,26.819],[95.611,26.814],[95.632,26.842],[95.636,26.872],[95.651,26.877],[95.663,26.898],[95.673,26.903],[95.681,26.898],[95.698,26.888],[95.703,26.88],[95.721,26.876],[95.73,26.88],[95.755,26.901],[95.758,26.908],[95.752,26.923],[95.763,26.938],[95.76,26.957],[95.779,26.983],[95.815,27.015],[95.838,27.008],[95.857,27.015],[95.877,27.013],[95.9,27.024],[95.915,27.038],[95.936,27.045],[95.957,27.061],[95.979,27.103],[95.989,27.118],[96.017,27.147],[96.03,27.18],[96.036,27.189],[96.057,27.195],[96.069,27.206],[96.086,27.209],[96.099,27.224],[96.114,27.226],[96.163,27.247],[96.182,27.246],[96.196,27.257],[96.218,27.262],[96.234,27.277],[96.267,27.27],[96.278,27.271],[96.29,27.286],[96.311,27.294],[96.335,27.288],[96.347,27.28],[96.364,27.292],[96.391,27.286],[96.416,27.292],[96.433,27.302],[96.461,27.301],[96.47,27.304],[96.486,27.297],[96.5,27.301],[96.517,27.292],[96.53,27.289],[96.561,27.317],[96.575,27.321],[96.6,27.336],[96.598,27.348],[96.62,27.364],[96.646,27.359],[96.67,27.363],[96.693,27.357],[96.706,27.362],[96.712,27.372],[96.74,27.355],[96.772,27.356],[96.802,27.345],[96.816,27.32],[96.835,27.301],[96.849,27.297],[96.855,27.271],[96.865,27.259],[96.884,27.258],[96.892,27.238],[96.889,27.227],[96.862,27.209],[96.865,27.19],[96.902,27.171],[96.917,27.165],[96.954,27.164],[96.983,27.156],[96.998,27.144],[97.029,27.131],[97.061,27.101],[97.078,27.099],[97.107,27.111],[97.113,27.109],[97.129,27.093],[97.145,27.092],[97.154,27.115],[97.17,27.126],[97.166,27.145],[97.155,27.151],[97.149,27.168],[97.139,27.167],[97.126,27.175],[97.123,27.189],[97.115,27.199],[97.099,27.204],[97.094,27.211],[97.093,27.238],[97.081,27.244],[97.058,27.267],[97.056,27.275],[97.043,27.28],[97.039,27.298],[97.002,27.32],[96.997,27.345],[96.984,27.353],[96.981,27.364],[96.968,27.377],[96.975,27.386],[96.965,27.406],[96.941,27.417],[96.933,27.441],[96.911,27.453],[96.911,27.472],[96.915,27.484],[96.933,27.507],[96.937,27.521],[96.924,27.542],[96.915,27.549],[96.914,27.579],[96.899,27.585],[96.897,27.612],[96.9,27.615],[96.919,27.623],[96.931,27.638],[96.942,27.659],[96.958,27.665],[96.991,27.662],[96.992,27.677],[97.016,27.732],[97.037,27.743],[97.048,27.74],[97.067,27.751],[97.091,27.739],[97.096,27.741],[97.105,27.766],[97.098,27.78],[97.102,27.784],[97.124,27.79],[97.137,27.806],[97.16,27.814],[97.168,27.827],[97.182,27.833],[97.203,27.855],[97.237,27.881],[97.247,27.895],[97.256,27.9],[97.309,27.921],[97.324,27.903],[97.321,27.88],[97.343,27.885],[97.365,27.876],[97.389,27.887],[97.378,27.909],[97.388,27.921],[97.376,27.935],[97.379,27.954],[97.378,27.977],[97.391,28.003],[97.412,28.006],[97.415,28.015],[97.399,28.025],[97.377,28.03],[97.368,28.043],[97.374,28.054],[97.366,28.059],[97.332,28.057],[97.312,28.061],[97.308,28.068],[97.311,28.085],[97.339,28.111],[97.34,28.116],[97.325,28.14],[97.331,28.154],[97.373,28.192],[97.393,28.183],[97.401,28.192],[97.375,28.217],[97.352,28.226],[97.335,28.24],[97.314,28.244],[97.307,28.256],[97.283,28.268],[97.269,28.27],[97.242,28.267],[97.235,28.273],[97.225,28.292],[97.194,28.287],[97.17,28.295],[97.16,28.319],[97.127,28.349],[97.114,28.352],[97.094,28.362],[97.067,28.352],[97.053,28.351],[97.038,28.331],[97.024,28.319],[96.998,28.309],[96.975,28.317],[96.954,28.333],[96.927,28.338],[96.921,28.357],[96.9,28.379],[96.864,28.372],[96.854,28.362],[96.828,28.361],[96.784,28.364],[96.776,28.368],[96.759,28.409],[96.736,28.425],[96.719,28.427],[96.683,28.445],[96.666,28.46],[96.641,28.458],[96.601,28.46],[96.582,28.457],[96.562,28.447],[96.553,28.436],[96.536,28.429],[96.512,28.413],[96.499,28.418],[96.482,28.419],[96.46,28.414],[96.434,28.386],[96.425,28.345],[96.401,28.339],[96.394,28.357],[96.382,28.359],[96.373,28.389],[96.322,28.381],[96.317,28.383]]]}},
{"type":"Feature","properties":{"name":"Orissa","std":"Odisha","kind":"state","covers":["Odisha"],"part":"A"},"geometry":{"type":"MultiPolygon","coordinates":[[[[87.444,21.769],[87.429,21.771],[87.4,21.767],[87.395,21.775],[87.378,21.771],[87.362,21.782],[87.356,21.791],[87.322,21.791],[87.303,21.799],[87.297,21.81],[87.285,21.804],[87.26,21.849],[87.249,21.861],[87.252,21.876],[87.239,21.9],[87.244,21.911],[87.257,21.926],[87.24,21.938],[87.239,21.959],[87.226,21.958],[87.214,21.962],[87.2,21.958],[87.18,21.971],[87.165,21.967],[87.165,21.939],[87.146,21.924],[87.121,21.925],[87.106,21.921],[87.098,21.913],[87.094,21.897],[87.101,21.891],[87.099,21.865],[87.058,21.866],[87.035,21.87],[87.025,21.89],[87.01,21.9],[87.003,21.912],[87.01,21.945],[87.02,21.958],[87.025,21.973],[87.036,21.983],[87.039,21.994],[87.027,22.017],[87.031,22.033],[87.022,22.046],[87,22.05],[86.977,22.071],[86.975,22.078],[86.962,22.088],[86.949,22.086],[86.937,22.09],[86.914,22.091],[86.853,22.103],[86.837,22.099],[86.828,22.117],[86.811,22.118],[86.813,22.128],[86.805,22.135],[86.805,22.15],[86.795,22.158],[86.777,22.151],[86.757,22.148],[86.721,22.148],[86.722,22.168],[86.718,22.182],[86.728,22.219],[86.687,22.224],[86.675,22.234],[86.675,22.241],[86.653,22.24],[86.651,22.265],[86.64,22.273],[86.632,22.271],[86.621,22.28],[86.595,22.286],[86.584,22.302],[86.557,22.299],[86.545,22.308],[86.53,22.307],[86.529,22.322],[86.513,22.328],[86.505,22.345],[86.489,22.348],[86.484,22.338],[86.474,22.336],[86.464,22.326],[86.444,22.327],[86.445,22.31],[86.43,22.31],[86.417,22.319],[86.396,22.329],[86.381,22.341],[86.358,22.349],[86.358,22.355],[86.345,22.37],[86.331,22.377],[86.323,22.394],[86.308,22.409],[86.306,22.419],[86.293,22.429],[86.285,22.449],[86.271,22.443],[86.234,22.453],[86.226,22.453],[86.208,22.474],[86.202,22.471],[86.179,22.48],[86.152,22.483],[86.126,22.489],[86.118,22.486],[86.107,22.494],[86.097,22.513],[86.075,22.546],[86.068,22.552],[86.044,22.567],[86.024,22.547],[86.034,22.538],[86.002,22.512],[85.987,22.513],[85.975,22.503],[85.973,22.486],[85.967,22.482],[85.959,22.459],[85.969,22.449],[85.999,22.426],[86.015,22.428],[86.027,22.385],[86.023,22.366],[86.012,22.352],[85.999,22.342],[86.026,22.333],[86.012,22.32],[86.024,22.308],[86.006,22.288],[86.003,22.279],[85.991,22.271],[85.991,22.261],[85.976,22.247],[85.999,22.219],[86.023,22.203],[86.032,22.189],[86.021,22.177],[86.017,22.162],[86.005,22.149],[86,22.136],[86.008,22.117],[85.985,22.087],[85.981,22.076],[85.948,22.023],[85.935,22.023],[85.918,22.009],[85.919,22.001],[85.909,21.971],[85.9,21.982],[85.877,21.979],[85.846,21.981],[85.828,21.974],[85.821,21.984],[85.807,21.986],[85.79,21.983],[85.767,21.994],[85.762,22.012],[85.765,22.019],[85.781,22.032],[85.785,22.04],[85.776,22.055],[85.794,22.081],[85.82,22.074],[85.837,22.081],[85.821,22.097],[85.821,22.106],[85.808,22.115],[85.797,22.104],[85.779,22.094],[85.764,22.089],[85.752,22.074],[85.728,22.062],[85.694,22.06],[85.687,22.053],[85.678,22.055],[85.678,22.064],[85.651,22.094],[85.637,22.085],[85.597,22.078],[85.588,22.085],[85.56,22.095],[85.546,22.09],[85.542,22.098],[85.512,22.115],[85.492,22.12],[85.463,22.139],[85.416,22.16],[85.401,22.162],[85.392,22.156],[85.369,22.158],[85.364,22.142],[85.368,22.128],[85.352,22.131],[85.329,22.129],[85.322,22.119],[85.306,22.111],[85.28,22.084],[85.272,22.064],[85.247,22.016],[85.237,22.004],[85.221,22.014],[85.221,22.041],[85.217,22.047],[85.19,22.059],[85.185,22.068],[85.171,22.069],[85.147,22.077],[85.125,22.07],[85.115,22.084],[85.106,22.088],[85.105,22.1],[85.076,22.111],[85.05,22.114],[85.034,22.105],[85.026,22.107],[85.009,22.083],[84.994,22.08],[84.987,22.095],[85.026,22.112],[85.03,22.115],[85.038,22.141],[85.032,22.157],[85.054,22.178],[85.053,22.189],[85.065,22.209],[85.076,22.234],[85.075,22.247],[85.081,22.254],[85.077,22.275],[85.112,22.294],[85.121,22.294],[85.12,22.317],[85.102,22.316],[85.092,22.32],[85.099,22.344],[85.089,22.344],[85.08,22.352],[85.081,22.364],[85.09,22.381],[85.081,22.416],[85.07,22.426],[85.069,22.439],[85.063,22.448],[85.078,22.459],[85.08,22.476],[85.069,22.481],[85.058,22.482],[85.038,22.473],[85.007,22.461],[85.001,22.461],[84.967,22.447],[84.959,22.456],[84.938,22.442],[84.924,22.437],[84.926,22.429],[84.914,22.422],[84.887,22.42],[84.884,22.445],[84.862,22.435],[84.846,22.437],[84.842,22.43],[84.819,22.434],[84.808,22.446],[84.759,22.445],[84.75,22.417],[84.733,22.419],[84.698,22.415],[84.676,22.419],[84.668,22.417],[84.639,22.431],[84.579,22.426],[84.55,22.42],[84.533,22.423],[84.528,22.417],[84.509,22.418],[84.481,22.404],[84.48,22.385],[84.462,22.378],[84.455,22.382],[84.434,22.367],[84.433,22.355],[84.401,22.346],[84.379,22.352],[84.366,22.348],[84.341,22.345],[84.331,22.341],[84.296,22.34],[84.273,22.35],[84.253,22.376],[84.201,22.374],[84.19,22.386],[84.159,22.403],[84.143,22.423],[84.14,22.448],[84.144,22.469],[84.136,22.476],[84.113,22.476],[84.107,22.482],[84.086,22.491],[84.065,22.512],[84.04,22.514],[84.026,22.523],[84.01,22.523],[84.001,22.531],[83.984,22.52],[83.983,22.504],[84.004,22.493],[84.02,22.487],[84.029,22.474],[84.049,22.466],[84.047,22.435],[84.021,22.406],[84.009,22.383],[84.008,22.372],[83.985,22.367],[83.974,22.36],[83.959,22.363],[83.937,22.358],[83.923,22.362],[83.912,22.355],[83.904,22.342],[83.879,22.341],[83.868,22.346],[83.85,22.329],[83.836,22.326],[83.83,22.318],[83.828,22.298],[83.823,22.293],[83.805,22.292],[83.786,22.277],[83.778,22.26],[83.753,22.243],[83.7,22.248],[83.686,22.243],[83.665,22.227],[83.653,22.227],[83.626,22.199],[83.613,22.16],[83.6,22.142],[83.574,22.116],[83.564,22.102],[83.581,22.091],[83.607,22.068],[83.591,22.057],[83.573,22.059],[83.546,22.058],[83.54,22.036],[83.541,22.025],[83.556,22.009],[83.542,21.979],[83.542,21.966],[83.565,21.946],[83.56,21.935],[83.595,21.929],[83.608,21.913],[83.59,21.894],[83.579,21.875],[83.591,21.856],[83.592,21.846],[83.581,21.832],[83.565,21.837],[83.538,21.835],[83.544,21.821],[83.544,21.797],[83.529,21.797],[83.498,21.811],[83.491,21.797],[83.474,21.785],[83.483,21.777],[83.486,21.761],[83.481,21.752],[83.491,21.744],[83.485,21.731],[83.463,21.697],[83.457,21.694],[83.439,21.697],[83.428,21.689],[83.427,21.678],[83.448,21.658],[83.473,21.647],[83.49,21.643],[83.492,21.629],[83.477,21.63],[83.47,21.609],[83.456,21.611],[83.448,21.621],[83.449,21.635],[83.455,21.648],[83.448,21.652],[83.421,21.639],[83.388,21.616],[83.375,21.6],[83.37,21.576],[83.373,21.553],[83.361,21.538],[83.353,21.511],[83.342,21.499],[83.349,21.488],[83.351,21.468],[83.357,21.447],[83.377,21.439],[83.389,21.413],[83.401,21.403],[83.401,21.365],[83.41,21.352],[83.395,21.342],[83.382,21.343],[83.342,21.359],[83.327,21.361],[83.317,21.368],[83.277,21.378],[83.278,21.363],[83.273,21.349],[83.262,21.335],[83.261,21.323],[83.266,21.305],[83.28,21.3],[83.282,21.289],[83.275,21.272],[83.265,21.279],[83.25,21.28],[83.239,21.269],[83.232,21.27],[83.221,21.254],[83.226,21.227],[83.215,21.205],[83.218,21.195],[83.207,21.178],[83.201,21.161],[83.2,21.143],[83.184,21.134],[83.169,21.135],[83.141,21.109],[83.127,21.105],[83.116,21.111],[83.102,21.108],[83.079,21.112],[83.067,21.119],[83.048,21.122],[83.037,21.135],[83.018,21.149],[82.987,21.161],[82.972,21.159],[82.963,21.179],[82.95,21.166],[82.929,21.161],[82.91,21.166],[82.887,21.152],[82.854,21.161],[82.847,21.167],[82.82,21.162],[82.789,21.144],[82.765,21.162],[82.728,21.162],[82.708,21.156],[82.692,21.161],[82.669,21.154],[82.643,21.152],[82.641,21.139],[82.655,21.128],[82.647,21.12],[82.652,21.105],[82.639,21.09],[82.633,21.08],[82.617,21.074],[82.616,21.067],[82.63,21.04],[82.616,21.021],[82.612,21.009],[82.589,20.99],[82.574,20.97],[82.56,20.945],[82.543,20.933],[82.527,20.928],[82.521,20.92],[82.501,20.913],[82.491,20.903],[82.492,20.876],[82.485,20.85],[82.467,20.839],[82.47,20.831],[82.461,20.825],[82.444,20.833],[82.423,20.83],[82.413,20.841],[82.415,20.851],[82.409,20.866],[82.39,20.873],[82.375,20.867],[82.363,20.873],[82.367,20.886],[82.354,20.887],[82.349,20.873],[82.341,20.844],[82.34,20.823],[82.346,20.793],[82.343,20.762],[82.353,20.732],[82.354,20.718],[82.351,20.702],[82.359,20.682],[82.368,20.675],[82.373,20.665],[82.37,20.654],[82.375,20.633],[82.366,20.619],[82.363,20.607],[82.346,20.598],[82.35,20.579],[82.345,20.569],[82.331,20.558],[82.35,20.541],[82.356,20.527],[82.366,20.52],[82.388,20.514],[82.396,20.456],[82.405,20.456],[82.418,20.477],[82.427,20.461],[82.425,20.442],[82.437,20.43],[82.432,20.414],[82.417,20.407],[82.42,20.392],[82.418,20.381],[82.405,20.36],[82.401,20.34],[82.408,20.329],[82.424,20.321],[82.43,20.314],[82.436,20.294],[82.436,20.283],[82.413,20.268],[82.422,20.246],[82.412,20.244],[82.421,20.207],[82.415,20.199],[82.413,20.183],[82.391,20.165],[82.395,20.153],[82.386,20.149],[82.398,20.124],[82.402,20.094],[82.398,20.064],[82.403,20.054],[82.432,20.048],[82.449,20.04],[82.483,20.035],[82.498,20.023],[82.51,20.018],[82.532,20.015],[82.551,20.017],[82.584,20.004],[82.59,19.995],[82.606,19.991],[82.622,19.992],[82.631,20.003],[82.658,20.004],[82.705,19.998],[82.719,19.988],[82.717,19.952],[82.708,19.912],[82.708,19.899],[82.717,19.876],[82.725,19.876],[82.719,19.854],[82.706,19.832],[82.691,19.829],[82.653,19.831],[82.649,19.819],[82.637,19.809],[82.627,19.792],[82.607,19.787],[82.593,19.776],[82.586,19.781],[82.587,19.803],[82.579,19.807],[82.579,19.833],[82.605,19.866],[82.598,19.871],[82.585,19.869],[82.574,19.877],[82.552,19.874],[82.538,19.887],[82.531,19.878],[82.52,19.889],[82.506,19.89],[82.505,19.9],[82.483,19.906],[82.466,19.9],[82.45,19.908],[82.422,19.902],[82.396,19.887],[82.376,19.86],[82.364,19.852],[82.347,19.835],[82.334,19.843],[82.326,19.864],[82.306,19.888],[82.303,19.904],[82.277,19.95],[82.276,19.963],[82.269,19.976],[82.26,19.981],[82.238,20.003],[82.218,19.995],[82.212,19.985],[82.192,19.986],[82.174,20],[82.139,20.017],[82.124,20.015],[82.105,20.028],[82.101,20.037],[82.091,20.037],[82.084,20.048],[82.065,20.054],[82.057,20.04],[82.039,20.027],[82.032,20.014],[82.022,20.024],[82.022,20.041],[82.018,20.049],[82,20.052],[81.991,20.061],[81.981,20.08],[81.952,20.106],[81.941,20.103],[81.929,20.091],[81.923,20.078],[81.897,20.047],[81.881,20.05],[81.868,20.027],[81.859,20],[81.854,19.975],[81.845,19.954],[81.856,19.943],[81.853,19.919],[81.866,19.904],[81.906,19.883],[81.947,19.869],[81.968,19.859],[81.965,19.841],[81.969,19.829],[81.988,19.8],[81.995,19.796],[82.007,19.803],[82.037,19.797],[82.06,19.796],[82.067,19.788],[82.063,19.766],[82.065,19.758],[82.054,19.748],[82.051,19.719],[82.045,19.709],[82.046,19.698],[82.054,19.674],[82.054,19.649],[82.059,19.63],[82.045,19.603],[82.043,19.588],[82.052,19.57],[82.048,19.557],[82.054,19.544],[82.049,19.531],[82.04,19.527],[82.03,19.507],[82.068,19.509],[82.079,19.521],[82.1,19.515],[82.099,19.499],[82.107,19.495],[82.11,19.479],[82.105,19.467],[82.115,19.458],[82.115,19.449],[82.127,19.429],[82.178,19.435],[82.191,19.418],[82.186,19.411],[82.182,19.383],[82.174,19.372],[82.159,19.376],[82.149,19.371],[82.15,19.354],[82.188,19.338],[82.191,19.326],[82.182,19.322],[82.176,19.297],[82.166,19.287],[82.16,19.271],[82.16,19.23],[82.169,19.214],[82.164,19.203],[82.181,19.19],[82.181,19.171],[82.187,19.165],[82.176,19.14],[82.168,19.133],[82.178,19.119],[82.184,19.131],[82.199,19.123],[82.209,19.122],[82.205,19.107],[82.208,19.098],[82.22,19.097],[82.217,19.085],[82.202,19.067],[82.23,19.028],[82.248,18.917],[82.242,18.912],[82.222,18.919],[82.193,18.904],[82.179,18.898],[82.178,18.884],[82.166,18.859],[82.173,18.837],[82.164,18.807],[82.169,18.798],[82.154,18.78],[82.139,18.777],[82.137,18.764],[82.122,18.767],[82.099,18.763],[82.093,18.739],[82.087,18.719],[82.076,18.724],[82.042,18.726],[82.024,18.72],[82,18.704],[81.984,18.702],[81.969,18.693],[81.963,18.687],[81.969,18.675],[81.956,18.663],[81.956,18.636],[81.924,18.643],[81.901,18.661],[81.897,18.628],[81.908,18.626],[81.934,18.61],[81.938,18.603],[81.963,18.594],[81.954,18.582],[81.955,18.566],[81.928,18.564],[81.917,18.571],[81.909,18.564],[81.905,18.535],[81.891,18.536],[81.879,18.525],[81.871,18.524],[81.857,18.508],[81.858,18.496],[81.806,18.447],[81.77,18.418],[81.769,18.407],[81.753,18.353],[81.707,18.351],[81.666,18.346],[81.657,18.338],[81.669,18.323],[81.64,18.315],[81.624,18.308],[81.602,18.308],[81.576,18.28],[81.556,18.269],[81.536,18.266],[81.532,18.256],[81.534,18.244],[81.513,18.191],[81.531,18.164],[81.53,18.156],[81.52,18.136],[81.517,18.1],[81.504,18.076],[81.503,18.065],[81.49,18.057],[81.482,18.036],[81.487,18.011],[81.482,17.991],[81.485,17.981],[81.475,17.962],[81.463,17.954],[81.453,17.93],[81.457,17.911],[81.446,17.884],[81.439,17.882],[81.412,17.896],[81.404,17.895],[81.399,17.882],[81.398,17.867],[81.407,17.854],[81.393,17.833],[81.394,17.814],[81.418,17.813],[81.423,17.824],[81.434,17.829],[81.446,17.823],[81.468,17.832],[81.479,17.831],[81.49,17.811],[81.52,17.814],[81.563,17.824],[81.573,17.834],[81.583,17.835],[81.608,17.823],[81.62,17.823],[81.651,17.847],[81.655,17.864],[81.661,17.876],[81.672,17.885],[81.686,17.886],[81.697,17.893],[81.706,17.884],[81.712,17.869],[81.767,17.901],[81.795,17.922],[81.81,17.944],[81.842,17.959],[81.855,17.959],[81.908,17.977],[81.922,17.988],[81.945,17.992],[81.982,18.014],[81.997,18.028],[82.01,18.032],[82.01,18.053],[82.033,18.066],[82.054,18.054],[82.068,18.053],[82.07,18.062],[82.081,18.074],[82.101,18.061],[82.116,18.062],[82.138,18.057],[82.141,18.044],[82.172,18.05],[82.185,18.029],[82.186,18.019],[82.205,18.017],[82.227,18.003],[82.246,18.001],[82.25,17.988],[82.262,17.989],[82.276,17.995],[82.279,18.019],[82.275,18.034],[82.267,18.043],[82.275,18.057],[82.296,18.069],[82.313,18.048],[82.33,18.059],[82.345,18.056],[82.352,18.076],[82.352,18.091],[82.341,18.103],[82.339,18.127],[82.344,18.136],[82.342,18.151],[82.366,18.134],[82.374,18.148],[82.357,18.17],[82.341,18.172],[82.319,18.183],[82.315,18.204],[82.328,18.209],[82.341,18.224],[82.33,18.231],[82.339,18.239],[82.345,18.274],[82.352,18.28],[82.375,18.279],[82.391,18.292],[82.401,18.315],[82.393,18.327],[82.374,18.324],[82.366,18.316],[82.351,18.315],[82.343,18.325],[82.354,18.33],[82.365,18.342],[82.368,18.352],[82.385,18.361],[82.393,18.38],[82.384,18.391],[82.381,18.406],[82.37,18.418],[82.386,18.43],[82.406,18.459],[82.435,18.485],[82.437,18.493],[82.462,18.525],[82.482,18.545],[82.49,18.523],[82.506,18.514],[82.516,18.516],[82.531,18.512],[82.536,18.476],[82.524,18.464],[82.538,18.451],[82.538,18.442],[82.556,18.45],[82.562,18.446],[82.553,18.425],[82.544,18.416],[82.543,18.398],[82.558,18.392],[82.564,18.397],[82.579,18.392],[82.586,18.385],[82.597,18.385],[82.609,18.374],[82.607,18.362],[82.617,18.359],[82.616,18.35],[82.605,18.349],[82.612,18.329],[82.598,18.328],[82.585,18.315],[82.596,18.31],[82.599,18.3],[82.594,18.289],[82.598,18.265],[82.618,18.258],[82.622,18.248],[82.64,18.237],[82.656,18.253],[82.653,18.266],[82.673,18.299],[82.706,18.305],[82.711,18.317],[82.726,18.323],[82.743,18.322],[82.755,18.328],[82.759,18.337],[82.775,18.34],[82.793,18.363],[82.786,18.379],[82.796,18.387],[82.796,18.399],[82.784,18.428],[82.807,18.448],[82.827,18.447],[82.827,18.442],[82.844,18.433],[82.845,18.423],[82.857,18.423],[82.878,18.415],[82.893,18.421],[82.899,18.401],[82.893,18.387],[82.911,18.365],[82.936,18.37],[82.941,18.36],[82.954,18.359],[82.968,18.366],[82.985,18.364],[82.989,18.375],[83,18.384],[83.02,18.387],[83.048,18.379],[83.064,18.386],[83.074,18.402],[83.064,18.417],[83.07,18.43],[83.066,18.438],[83.051,18.427],[83.046,18.443],[83.026,18.449],[83.025,18.456],[83.045,18.472],[83.06,18.486],[83.063,18.497],[83.077,18.511],[83.081,18.523],[83.097,18.541],[83.095,18.55],[83.08,18.551],[83.059,18.543],[83.041,18.556],[83.042,18.567],[83.034,18.573],[83.045,18.586],[83.062,18.595],[83.049,18.605],[83.058,18.622],[83.072,18.623],[83.079,18.61],[83.088,18.616],[83.094,18.63],[83.088,18.641],[83.087,18.655],[83.092,18.664],[83.125,18.66],[83.15,18.675],[83.155,18.701],[83.176,18.71],[83.172,18.722],[83.192,18.734],[83.215,18.726],[83.221,18.743],[83.231,18.756],[83.225,18.767],[83.231,18.774],[83.248,18.767],[83.274,18.765],[83.277,18.779],[83.287,18.798],[83.312,18.807],[83.331,18.806],[83.336,18.819],[83.358,18.83],[83.37,18.84],[83.381,18.829],[83.407,18.842],[83.405,18.857],[83.419,18.868],[83.414,18.873],[83.396,18.879],[83.375,18.908],[83.364,18.913],[83.356,18.929],[83.357,18.942],[83.371,18.938],[83.379,18.925],[83.388,18.931],[83.372,18.946],[83.369,18.961],[83.353,18.964],[83.349,18.926],[83.337,18.925],[83.327,18.936],[83.339,18.946],[83.335,18.965],[83.321,18.974],[83.316,18.999],[83.337,18.996],[83.343,19.015],[83.348,19.017],[83.363,19.017],[83.37,19.003],[83.385,19.003],[83.397,19.008],[83.417,19.004],[83.423,18.986],[83.444,18.966],[83.45,18.956],[83.463,18.954],[83.47,18.967],[83.466,18.98],[83.458,18.99],[83.456,19.008],[83.482,19.008],[83.485,19.033],[83.473,19.044],[83.471,19.06],[83.464,19.064],[83.467,19.077],[83.485,19.083],[83.488,19.074],[83.5,19.063],[83.513,19.073],[83.518,19.056],[83.521,19.033],[83.501,19.035],[83.503,19.019],[83.523,19.013],[83.539,19.013],[83.543,19.037],[83.559,19.058],[83.553,19.07],[83.554,19.082],[83.563,19.086],[83.568,19.074],[83.565,19.059],[83.586,19.058],[83.59,19.084],[83.595,19.091],[83.608,19.093],[83.612,19.101],[83.602,19.118],[83.602,19.128],[83.627,19.15],[83.641,19.132],[83.657,19.13],[83.652,19.121],[83.665,19.096],[83.665,19.083],[83.692,19.052],[83.702,19.029],[83.708,19.023],[83.725,19.023],[83.728,19.012],[83.713,19.008],[83.713,18.993],[83.734,18.984],[83.744,18.947],[83.754,18.927],[83.764,18.925],[83.778,18.91],[83.788,18.916],[83.785,18.927],[83.769,18.953],[83.758,18.953],[83.757,18.967],[83.749,18.975],[83.749,18.992],[83.759,19.002],[83.775,19.007],[83.783,19.017],[83.796,19.016],[83.799,19.001],[83.81,18.99],[83.824,18.957],[83.821,18.942],[83.829,18.93],[83.825,18.918],[83.843,18.918],[83.848,18.913],[83.85,18.897],[83.844,18.881],[83.851,18.86],[83.872,18.848],[83.878,18.827],[83.891,18.828],[83.903,18.824],[83.915,18.825],[83.941,18.816],[83.947,18.805],[83.963,18.812],[83.99,18.809],[83.999,18.814],[84.015,18.813],[84.027,18.807],[84.035,18.811],[84.042,18.799],[84.056,18.792],[84.057,18.78],[84.066,18.777],[84.073,18.761],[84.099,18.754],[84.108,18.762],[84.122,18.764],[84.131,18.757],[84.143,18.776],[84.167,18.784],[84.187,18.778],[84.198,18.786],[84.224,18.796],[84.254,18.783],[84.266,18.784],[84.291,18.8],[84.308,18.791],[84.34,18.801],[84.337,18.818],[84.352,18.821],[84.352,18.842],[84.345,18.845],[84.342,18.873],[84.354,18.869],[84.359,18.86],[84.37,18.86],[84.379,18.876],[84.359,18.887],[84.362,18.892],[84.391,18.878],[84.393,18.892],[84.417,18.9],[84.437,18.923],[84.423,18.947],[84.428,18.958],[84.448,18.976],[84.435,18.992],[84.437,19.01],[84.459,18.997],[84.479,18.99],[84.485,19.017],[84.497,19.03],[84.517,19.046],[84.534,19.048],[84.542,19.054],[84.561,19.056],[84.567,19.068],[84.585,19.071],[84.581,19.044],[84.585,19.028],[84.595,19.022],[84.604,19.029],[84.608,19.042],[84.62,19.064],[84.644,19.066],[84.662,19.061],[84.667,19.08],[84.661,19.09],[84.652,19.093],[84.639,19.082],[84.627,19.085],[84.622,19.101],[84.61,19.105],[84.602,19.132],[84.617,19.126],[84.648,19.131],[84.668,19.131],[84.673,19.144],[84.672,19.165],[84.688,19.159],[84.709,19.16],[84.714,19.152],[84.701,19.128],[84.705,19.118],[84.769,19.08],[84.776,19.088],[84.794,19.122],[84.8,19.138],[84.809,19.153],[84.839,19.191],[84.891,19.244],[84.938,19.284],[84.967,19.304],[84.997,19.321],[85.02,19.337],[85.076,19.371],[85.092,19.38],[85.1,19.403],[85.127,19.427],[85.178,19.464],[85.214,19.494],[85.255,19.522],[85.351,19.584],[85.378,19.596],[85.396,19.607],[85.445,19.632],[85.468,19.641],[85.563,19.682],[85.57,19.688],[85.63,19.714],[85.644,19.724],[85.696,19.751],[85.821,19.791],[85.886,19.811],[85.898,19.817],[85.974,19.833],[86.045,19.841],[86.068,19.852],[86.092,19.854],[86.113,19.862],[86.167,19.878],[86.197,19.883],[86.229,19.895],[86.231,19.902],[86.221,19.909],[86.223,19.925],[86.232,19.933],[86.246,19.923],[86.242,19.911],[86.256,19.912],[86.27,19.924],[86.299,19.934],[86.351,19.946],[86.367,19.948],[86.371,19.959],[86.368,19.975],[86.379,19.982],[86.382,20.001],[86.4,19.999],[86.407,20.006],[86.415,20.028],[86.429,20.053],[86.443,20.052],[86.462,20.077],[86.48,20.092],[86.527,20.168],[86.535,20.177],[86.555,20.192],[86.608,20.227],[86.674,20.258],[86.673,20.268],[86.693,20.274],[86.757,20.308],[86.784,20.326],[86.778,20.344],[86.781,20.381],[86.774,20.39],[86.751,20.379],[86.747,20.39],[86.735,20.394],[86.732,20.381],[86.715,20.392],[86.73,20.401],[86.733,20.411],[86.733,20.441],[86.739,20.46],[86.727,20.475],[86.752,20.474],[86.76,20.493],[86.754,20.515],[86.77,20.505],[86.787,20.529],[86.823,20.556],[86.856,20.574],[86.902,20.607],[86.932,20.632],[87.015,20.683],[87.015,20.694],[86.998,20.699],[86.972,20.699],[86.969,20.706],[86.94,20.706],[86.929,20.703],[86.91,20.706],[86.912,20.715],[86.944,20.717],[86.998,20.71],[87.01,20.72],[87.006,20.737],[87,20.746],[86.999,20.763],[86.985,20.772],[86.951,20.763],[86.942,20.766],[86.898,20.763],[86.881,20.773],[86.857,20.773],[86.831,20.755],[86.823,20.732],[86.814,20.73],[86.798,20.739],[86.799,20.755],[86.815,20.752],[86.823,20.769],[86.849,20.782],[86.857,20.789],[86.872,20.794],[86.942,20.792],[86.959,20.787],[86.974,20.793],[86.98,20.822],[86.981,20.849],[86.979,20.86],[86.964,20.886],[86.954,20.897],[86.948,20.914],[86.935,20.935],[86.911,20.978],[86.898,21.009],[86.875,21.044],[86.855,21.094],[86.845,21.135],[86.843,21.157],[86.845,21.173],[86.853,21.195],[86.861,21.209],[86.866,21.222],[86.877,21.238],[86.893,21.255],[86.909,21.285],[86.923,21.307],[86.947,21.352],[86.967,21.373],[86.987,21.389],[87.041,21.419],[87.065,21.441],[87.069,21.461],[87.088,21.459],[87.097,21.465],[87.113,21.484],[87.15,21.508],[87.205,21.53],[87.238,21.537],[87.275,21.538],[87.32,21.541],[87.361,21.541],[87.388,21.532],[87.395,21.542],[87.376,21.556],[87.373,21.563],[87.359,21.568],[87.357,21.576],[87.384,21.573],[87.395,21.565],[87.403,21.548],[87.417,21.549],[87.427,21.572],[87.448,21.587],[87.474,21.6],[87.49,21.603],[87.486,21.615],[87.486,21.631],[87.472,21.651],[87.463,21.65],[87.468,21.674],[87.473,21.682],[87.475,21.712],[87.458,21.734],[87.447,21.734],[87.448,21.766],[87.444,21.769]]],[[[86.89,20.787],[86.895,20.776],[86.93,20.774],[86.948,20.775],[86.946,20.783],[86.911,20.783],[86.89,20.787]]],[[[86.389,19.964],[86.394,19.977],[86.41,19.987],[86.408,19.995],[86.384,19.979],[86.381,19.968],[86.389,19.964]]],[[[86.795,20.396],[86.812,20.454],[86.806,20.483],[86.795,20.475],[86.801,20.469],[86.8,20.444],[86.791,20.425],[86.788,20.405],[86.795,20.396]]],[[[86.807,20.369],[86.811,20.374],[86.81,20.396],[86.801,20.39],[86.807,20.369]]]]}},
{"type":"Feature","properties":{"name":"PEPSU","std":"PEPSU","kind":"state","covers":["Haryana","Punjab"],"part":"B","note":"Patiala and East Punjab States Union."},"geometry":{"type":"MultiPolygon","coordinates":[[[[75.293,30.51],[75.282,30.508],[75.267,30.519],[75.222,30.508],[75.21,30.516],[75.187,30.506],[75.182,30.518],[75.182,30.537],[75.175,30.563],[75.163,30.577],[75.14,30.579],[75.123,30.562],[75.121,30.553],[75.132,30.531],[75.13,30.522],[75.11,30.52],[75.085,30.528],[75.061,30.503],[75.045,30.499],[75.035,30.504],[75.021,30.49],[75.008,30.488],[74.992,30.497],[74.992,30.525],[74.997,30.534],[74.992,30.543],[74.979,30.543],[74.946,30.57],[74.931,30.554],[74.927,30.539],[74.904,30.549],[74.905,30.564],[74.917,30.585],[74.954,30.59],[74.949,30.601],[74.949,30.619],[74.954,30.634],[74.951,30.643],[74.958,30.657],[74.955,30.674],[74.915,30.68],[74.906,30.707],[74.913,30.725],[74.911,30.736],[74.888,30.739],[74.88,30.744],[74.86,30.742],[74.84,30.766],[74.823,30.764],[74.813,30.768],[74.807,30.785],[74.785,30.792],[74.782,30.803],[74.771,30.812],[74.756,30.811],[74.745,30.82],[74.729,30.818],[74.693,30.826],[74.683,30.822],[74.665,30.83],[74.647,30.815],[74.625,30.831],[74.613,30.824],[74.599,30.805],[74.578,30.803],[74.546,30.788],[74.532,30.78],[74.517,30.765],[74.475,30.749],[74.47,30.743],[74.474,30.698],[74.483,30.674],[74.502,30.667],[74.561,30.663],[74.591,30.654],[74.613,30.637],[74.621,30.635],[74.628,30.614],[74.647,30.594],[74.659,30.591],[74.668,30.579],[74.71,30.558],[74.707,30.546],[74.687,30.529],[74.688,30.521],[74.719,30.509],[74.72,30.504],[74.737,30.493],[74.763,30.485],[74.734,30.464],[74.736,30.447],[74.756,30.433],[74.758,30.419],[74.753,30.394],[74.788,30.397],[74.811,30.401],[74.822,30.393],[74.786,30.339],[74.781,30.339],[74.74,30.357],[74.724,30.365],[74.712,30.358],[74.749,30.343],[74.785,30.335],[74.761,30.319],[74.747,30.321],[74.726,30.308],[74.735,30.303],[74.752,30.286],[74.738,30.275],[74.723,30.258],[74.721,30.226],[74.715,30.197],[74.73,30.197],[74.737,30.181],[74.726,30.171],[74.705,30.16],[74.688,30.166],[74.658,30.163],[74.642,30.148],[74.632,30.127],[74.646,30.114],[74.683,30.102],[74.676,30.088],[74.684,30.072],[74.705,30.065],[74.694,30.045],[74.696,30.033],[74.717,30.014],[74.704,29.987],[74.707,29.97],[74.734,29.961],[74.747,29.968],[74.786,29.973],[74.811,29.992],[74.827,29.983],[74.831,29.972],[74.86,29.958],[74.882,29.958],[74.892,29.967],[74.904,29.952],[74.904,29.938],[74.926,29.948],[74.934,29.94],[74.953,29.901],[74.98,29.888],[74.98,29.879],[75,29.855],[75.016,29.866],[75.024,29.863],[75.048,29.88],[75.062,29.873],[75.076,29.877],[75.088,29.911],[75.095,29.913],[75.113,29.895],[75.111,29.866],[75.095,29.857],[75.096,29.843],[75.114,29.836],[75.117,29.825],[75.103,29.818],[75.1,29.805],[75.112,29.801],[75.135,29.804],[75.141,29.783],[75.152,29.775],[75.169,29.782],[75.16,29.79],[75.166,29.818],[75.185,29.828],[75.189,29.835],[75.211,29.828],[75.208,29.794],[75.222,29.784],[75.227,29.769],[75.241,29.75],[75.231,29.731],[75.208,29.729],[75.197,29.71],[75.208,29.694],[75.199,29.679],[75.185,29.676],[75.169,29.667],[75.168,29.661],[75.183,29.647],[75.183,29.628],[75.195,29.62],[75.209,29.621],[75.231,29.604],[75.233,29.597],[75.221,29.58],[75.228,29.576],[75.238,29.556],[75.248,29.549],[75.285,29.559],[75.3,29.559],[75.313,29.577],[75.314,29.586],[75.29,29.601],[75.298,29.617],[75.317,29.63],[75.328,29.668],[75.356,29.669],[75.344,29.686],[75.372,29.71],[75.389,29.709],[75.394,29.732],[75.407,29.746],[75.407,29.759],[75.42,29.773],[75.43,29.772],[75.454,29.784],[75.446,29.796],[75.455,29.805],[75.517,29.771],[75.522,29.757],[75.541,29.77],[75.555,29.769],[75.567,29.763],[75.573,29.741],[75.579,29.74],[75.603,29.746],[75.624,29.744],[75.633,29.751],[75.636,29.77],[75.651,29.768],[75.667,29.773],[75.677,29.77],[75.689,29.754],[75.698,29.749],[75.708,29.752],[75.717,29.806],[75.737,29.809],[75.759,29.809],[75.782,29.822],[75.807,29.804],[75.831,29.812],[75.84,29.809],[75.84,29.798],[75.854,29.773],[75.865,29.766],[75.874,29.749],[75.89,29.744],[75.908,29.752],[75.925,29.735],[75.949,29.73],[75.948,29.718],[75.939,29.697],[75.938,29.684],[75.952,29.667],[75.945,29.647],[75.955,29.622],[75.95,29.597],[75.962,29.584],[75.96,29.565],[75.962,29.552],[75.948,29.526],[75.938,29.516],[75.941,29.498],[75.963,29.494],[75.997,29.482],[75.993,29.452],[76.016,29.442],[76.035,29.416],[76.055,29.431],[76.079,29.435],[76.087,29.426],[76.094,29.401],[76.111,29.4],[76.132,29.389],[76.138,29.39],[76.161,29.409],[76.198,29.4],[76.231,29.388],[76.251,29.37],[76.247,29.353],[76.222,29.358],[76.207,29.355],[76.19,29.344],[76.183,29.335],[76.207,29.321],[76.207,29.314],[76.188,29.284],[76.189,29.277],[76.208,29.263],[76.216,29.242],[76.227,29.23],[76.235,29.208],[76.258,29.198],[76.284,29.194],[76.295,29.18],[76.299,29.135],[76.314,29.108],[76.302,29.087],[76.351,29.087],[76.381,29.073],[76.405,29.081],[76.431,29.065],[76.446,29.06],[76.461,29.066],[76.479,29.096],[76.48,29.114],[76.49,29.144],[76.514,29.165],[76.502,29.182],[76.493,29.208],[76.493,29.218],[76.476,29.238],[76.487,29.241],[76.527,29.231],[76.528,29.223],[76.541,29.21],[76.561,29.214],[76.566,29.23],[76.556,29.261],[76.562,29.283],[76.6,29.286],[76.612,29.29],[76.635,29.278],[76.645,29.276],[76.661,29.267],[76.682,29.27],[76.681,29.277],[76.664,29.28],[76.642,29.295],[76.635,29.316],[76.648,29.346],[76.65,29.369],[76.672,29.377],[76.709,29.383],[76.734,29.393],[76.736,29.423],[76.748,29.443],[76.756,29.466],[76.749,29.474],[76.732,29.483],[76.707,29.478],[76.693,29.478],[76.658,29.493],[76.642,29.473],[76.619,29.476],[76.603,29.474],[76.552,29.458],[76.529,29.434],[76.515,29.411],[76.506,29.406],[76.486,29.409],[76.471,29.399],[76.454,29.404],[76.454,29.421],[76.466,29.425],[76.475,29.445],[76.478,29.465],[76.485,29.483],[76.502,29.481],[76.509,29.485],[76.494,29.516],[76.48,29.519],[76.488,29.536],[76.469,29.534],[76.451,29.536],[76.444,29.544],[76.419,29.536],[76.391,29.535],[76.372,29.544],[76.37,29.576],[76.345,29.581],[76.308,29.578],[76.3,29.573],[76.3,29.562],[76.285,29.546],[76.273,29.547],[76.266,29.566],[76.245,29.576],[76.242,29.606],[76.228,29.618],[76.201,29.619],[76.198,29.636],[76.2,29.65],[76.193,29.658],[76.195,29.669],[76.177,29.686],[76.182,29.724],[76.201,29.742],[76.206,29.753],[76.204,29.776],[76.222,29.804],[76.219,29.84],[76.223,29.849],[76.24,29.851],[76.253,29.865],[76.237,29.881],[76.209,29.88],[76.194,29.89],[76.193,29.92],[76.178,29.925],[76.19,29.943],[76.215,29.94],[76.206,29.962],[76.21,29.97],[76.201,30.001],[76.203,30.015],[76.221,30.019],[76.225,30.027],[76.21,30.034],[76.221,30.048],[76.244,30.08],[76.265,30.102],[76.242,30.105],[76.227,30.114],[76.216,30.124],[76.224,30.133],[76.214,30.149],[76.222,30.153],[76.263,30.115],[76.292,30.11],[76.305,30.115],[76.324,30.105],[76.34,30.106],[76.361,30.124],[76.338,30.146],[76.36,30.147],[76.376,30.124],[76.387,30.12],[76.402,30.124],[76.396,30.142],[76.414,30.154],[76.393,30.18],[76.411,30.195],[76.422,30.199],[76.432,30.194],[76.441,30.176],[76.434,30.16],[76.438,30.144],[76.448,30.133],[76.458,30.133],[76.456,30.119],[76.461,30.101],[76.467,30.096],[76.503,30.093],[76.513,30.073],[76.545,30.079],[76.567,30.095],[76.601,30.119],[76.619,30.137],[76.635,30.145],[76.64,30.151],[76.635,30.166],[76.651,30.181],[76.651,30.202],[76.645,30.206],[76.616,30.211],[76.624,30.222],[76.622,30.231],[76.612,30.236],[76.603,30.25],[76.588,30.252],[76.56,30.231],[76.558,30.255],[76.593,30.266],[76.627,30.271],[76.664,30.295],[76.675,30.296],[76.685,30.309],[76.683,30.315],[76.701,30.322],[76.71,30.321],[76.736,30.34],[76.751,30.356],[76.743,30.363],[76.724,30.361],[76.731,30.373],[76.717,30.377],[76.713,30.39],[76.739,30.401],[76.738,30.416],[76.761,30.423],[76.77,30.434],[76.792,30.449],[76.805,30.478],[76.79,30.506],[76.746,30.532],[76.734,30.543],[76.723,30.562],[76.721,30.586],[76.704,30.587],[76.704,30.573],[76.692,30.569],[76.684,30.578],[76.688,30.593],[76.668,30.584],[76.664,30.6],[76.651,30.626],[76.633,30.62],[76.629,30.629],[76.63,30.646],[76.639,30.657],[76.637,30.675],[76.631,30.678],[76.595,30.661],[76.58,30.647],[76.556,30.641],[76.557,30.628],[76.537,30.641],[76.534,30.648],[76.548,30.654],[76.562,30.671],[76.571,30.674],[76.564,30.688],[76.555,30.691],[76.554,30.702],[76.547,30.71],[76.524,30.709],[76.531,30.723],[76.545,30.727],[76.538,30.738],[76.545,30.747],[76.533,30.765],[76.508,30.75],[76.495,30.746],[76.483,30.75],[76.471,30.746],[76.443,30.76],[76.41,30.758],[76.408,30.771],[76.417,30.779],[76.42,30.798],[76.409,30.808],[76.391,30.812],[76.392,30.831],[76.38,30.834],[76.348,30.83],[76.329,30.85],[76.337,30.859],[76.328,30.86],[76.311,30.873],[76.282,30.875],[76.255,30.836],[76.262,30.821],[76.252,30.8],[76.265,30.765],[76.269,30.737],[76.291,30.713],[76.313,30.726],[76.327,30.709],[76.347,30.711],[76.35,30.693],[76.345,30.679],[76.33,30.666],[76.318,30.662],[76.306,30.667],[76.299,30.679],[76.282,30.681],[76.266,30.675],[76.241,30.68],[76.226,30.689],[76.216,30.678],[76.198,30.674],[76.186,30.666],[76.174,30.678],[76.167,30.66],[76.153,30.653],[76.151,30.638],[76.13,30.63],[76.115,30.614],[76.124,30.596],[76.113,30.59],[76.107,30.562],[76.089,30.567],[76.084,30.562],[76.072,30.564],[76.059,30.579],[76.036,30.589],[76.028,30.615],[76.007,30.611],[76.004,30.602],[75.984,30.597],[75.963,30.588],[75.958,30.576],[75.938,30.569],[75.929,30.576],[75.931,30.596],[75.919,30.609],[75.905,30.604],[75.89,30.61],[75.89,30.62],[75.876,30.63],[75.876,30.638],[75.897,30.646],[75.895,30.66],[75.881,30.675],[75.872,30.677],[75.854,30.671],[75.843,30.686],[75.826,30.679],[75.817,30.664],[75.791,30.66],[75.785,30.671],[75.77,30.672],[75.781,30.643],[75.8,30.631],[75.789,30.623],[75.766,30.635],[75.74,30.629],[75.727,30.618],[75.711,30.64],[75.695,30.638],[75.687,30.65],[75.67,30.65],[75.656,30.635],[75.626,30.614],[75.613,30.622],[75.595,30.616],[75.585,30.624],[75.551,30.633],[75.546,30.617],[75.558,30.613],[75.554,30.603],[75.54,30.594],[75.532,30.611],[75.52,30.607],[75.518,30.599],[75.495,30.598],[75.465,30.604],[75.442,30.594],[75.428,30.583],[75.408,30.582],[75.41,30.56],[75.421,30.551],[75.405,30.532],[75.364,30.514],[75.34,30.516],[75.329,30.535],[75.315,30.535],[75.295,30.516],[75.293,30.51]]],[[[75.28,31.483],[75.262,31.476],[75.246,31.456],[75.237,31.461],[75.231,31.443],[75.227,31.424],[75.217,31.423],[75.211,31.438],[75.192,31.432],[75.188,31.418],[75.19,31.408],[75.16,31.364],[75.167,31.356],[75.146,31.334],[75.146,31.322],[75.134,31.311],[75.12,31.319],[75.111,31.31],[75.084,31.272],[75.081,31.248],[75.07,31.238],[75.063,31.225],[75.062,31.211],[75.053,31.202],[75.051,31.192],[75.035,31.188],[75.012,31.173],[74.998,31.171],[74.989,31.159],[74.949,31.15],[74.984,31.136],[75.008,31.12],[75.015,31.128],[75.007,31.145],[75.023,31.148],[75.024,31.156],[75.039,31.162],[75.051,31.159],[75.074,31.144],[75.081,31.153],[75.105,31.151],[75.12,31.157],[75.13,31.169],[75.178,31.165],[75.188,31.167],[75.195,31.182],[75.213,31.186],[75.226,31.174],[75.229,31.155],[75.254,31.154],[75.27,31.148],[75.276,31.16],[75.273,31.179],[75.299,31.194],[75.303,31.207],[75.324,31.209],[75.336,31.217],[75.346,31.232],[75.364,31.237],[75.384,31.234],[75.392,31.246],[75.405,31.248],[75.421,31.242],[75.426,31.229],[75.447,31.243],[75.462,31.238],[75.491,31.271],[75.456,31.285],[75.461,31.303],[75.451,31.315],[75.47,31.322],[75.49,31.323],[75.5,31.346],[75.503,31.368],[75.482,31.366],[75.476,31.374],[75.511,31.377],[75.514,31.39],[75.491,31.402],[75.488,31.392],[75.476,31.387],[75.452,31.389],[75.447,31.397],[75.456,31.409],[75.441,31.418],[75.444,31.429],[75.453,31.438],[75.463,31.437],[75.471,31.456],[75.446,31.491],[75.447,31.501],[75.461,31.505],[75.482,31.502],[75.497,31.496],[75.503,31.484],[75.52,31.473],[75.527,31.48],[75.518,31.489],[75.526,31.494],[75.523,31.506],[75.522,31.531],[75.55,31.535],[75.535,31.552],[75.547,31.557],[75.561,31.548],[75.582,31.553],[75.586,31.572],[75.6,31.567],[75.604,31.577],[75.598,31.586],[75.595,31.605],[75.569,31.611],[75.571,31.638],[75.557,31.641],[75.545,31.649],[75.533,31.65],[75.531,31.64],[75.511,31.644],[75.498,31.642],[75.476,31.651],[75.468,31.635],[75.421,31.623],[75.413,31.599],[75.405,31.594],[75.399,31.582],[75.376,31.58],[75.319,31.539],[75.319,31.529],[75.298,31.503],[75.286,31.483],[75.28,31.483]]],[[[75.788,31.37],[75.788,31.363],[75.763,31.347],[75.76,31.33],[75.739,31.33],[75.729,31.344],[75.712,31.349],[75.701,31.347],[75.723,31.322],[75.72,31.316],[75.686,31.319],[75.686,31.307],[75.697,31.299],[75.676,31.285],[75.674,31.271],[75.681,31.266],[75.671,31.241],[75.684,31.232],[75.706,31.24],[75.712,31.223],[75.71,31.216],[75.692,31.212],[75.687,31.197],[75.698,31.189],[75.697,31.176],[75.707,31.166],[75.738,31.163],[75.779,31.166],[75.777,31.183],[75.781,31.196],[75.788,31.199],[75.785,31.205],[75.812,31.222],[75.851,31.235],[75.858,31.245],[75.84,31.277],[75.842,31.284],[75.872,31.274],[75.876,31.267],[75.87,31.245],[75.875,31.244],[75.902,31.256],[75.892,31.276],[75.885,31.291],[75.866,31.29],[75.854,31.296],[75.868,31.312],[75.867,31.319],[75.886,31.335],[75.897,31.34],[75.879,31.356],[75.858,31.351],[75.855,31.365],[75.846,31.372],[75.832,31.372],[75.831,31.362],[75.817,31.361],[75.812,31.371],[75.8,31.374],[75.788,31.37]]],[[[76.316,28.179],[76.308,28.198],[76.311,28.205],[76.325,28.209],[76.332,28.224],[76.345,28.223],[76.352,28.242],[76.354,28.259],[76.346,28.27],[76.356,28.281],[76.35,28.304],[76.371,28.325],[76.366,28.341],[76.36,28.346],[76.348,28.364],[76.331,28.365],[76.328,28.372],[76.306,28.377],[76.301,28.383],[76.303,28.402],[76.284,28.409],[76.291,28.425],[76.292,28.449],[76.275,28.448],[76.269,28.438],[76.259,28.436],[76.247,28.443],[76.243,28.461],[76.231,28.467],[76.22,28.467],[76.21,28.444],[76.185,28.444],[76.173,28.437],[76.155,28.463],[76.145,28.449],[76.117,28.451],[76.108,28.429],[76.098,28.425],[76.079,28.394],[76.056,28.396],[76.028,28.39],[76.023,28.404],[76.014,28.412],[76.017,28.432],[76,28.44],[75.972,28.438],[75.906,28.43],[75.9,28.417],[75.904,28.4],[75.898,28.39],[75.905,28.376],[75.931,28.365],[75.937,28.352],[75.936,28.341],[75.965,28.334],[75.963,28.314],[75.976,28.32],[75.995,28.292],[76.027,28.277],[76.016,28.249],[76.019,28.237],[76.045,28.223],[76.061,28.22],[76.053,28.199],[76.074,28.195],[76.083,28.168],[76.101,28.151],[76.091,28.138],[76.073,28.14],[76.075,28.163],[76.036,28.168],[76.019,28.153],[76.003,28.146],[76.004,28.131],[75.999,28.124],[75.985,28.123],[75.95,28.101],[75.944,28.089],[75.967,28.08],[75.985,28.08],[75.996,28.066],[75.982,28.053],[75.992,28.046],[76.01,28.056],[76.023,28.077],[76.039,28.08],[76.041,28.064],[76.025,28.052],[76.018,28.032],[75.999,28.036],[75.982,28.033],[75.981,28.014],[75.994,28.01],[75.997,28],[75.964,27.997],[75.963,27.984],[75.981,27.98],[75.995,27.98],[75.976,27.958],[75.981,27.954],[75.971,27.933],[75.952,27.936],[75.946,27.947],[75.931,27.929],[75.936,27.912],[75.964,27.915],[75.985,27.905],[75.975,27.895],[75.983,27.889],[75.983,27.86],[76.013,27.853],[76.017,27.858],[76.057,27.843],[76.068,27.853],[76.088,27.847],[76.096,27.864],[76.13,27.85],[76.136,27.842],[76.135,27.829],[76.15,27.823],[76.181,27.803],[76.188,27.808],[76.202,27.827],[76.216,27.824],[76.231,27.836],[76.214,27.843],[76.213,27.851],[76.201,27.859],[76.198,27.877],[76.208,27.883],[76.207,27.894],[76.178,27.905],[76.176,27.924],[76.183,27.937],[76.187,27.968],[76.169,27.976],[76.162,27.988],[76.167,28],[76.182,28.017],[76.204,28.017],[76.212,28.026],[76.185,28.044],[76.185,28.055],[76.208,28.056],[76.216,28.051],[76.242,28.052],[76.252,28.064],[76.259,28.066],[76.28,28.062],[76.298,28.044],[76.298,28.025],[76.325,28.016],[76.345,28.025],[76.362,28.061],[76.359,28.071],[76.346,28.068],[76.329,28.09],[76.306,28.096],[76.316,28.107],[76.34,28.102],[76.352,28.108],[76.364,28.124],[76.339,28.134],[76.331,28.145],[76.307,28.158],[76.287,28.164],[76.287,28.174],[76.316,28.179]]]]}},
{"type":"Feature","properties":{"name":"Punjab","std":"Punjab","kind":"state","covers":["Chandigarh","Haryana","Himachal Pradesh","Punjab"],"part":"A"},"geometry":{"type":"Polygon","coordinates":[[[77.125,30.563],[77.153,30.579],[77.171,30.595],[77.176,30.634],[77.166,30.65],[77.169,30.664],[77.167,30.684],[77.138,30.703],[77.116,30.727],[77.09,30.741],[77.06,30.745],[77.047,30.751],[77.042,30.739],[77.026,30.738],[77.018,30.748],[77.018,30.762],[77.002,30.773],[77.013,30.785],[77.011,30.81],[77,30.809],[76.993,30.795],[76.982,30.804],[76.967,30.807],[76.956,30.825],[76.941,30.833],[76.94,30.851],[76.929,30.865],[76.916,30.893],[76.866,30.867],[76.836,30.884],[76.823,30.903],[76.828,30.918],[76.824,30.927],[76.783,30.903],[76.767,30.914],[76.762,30.926],[76.752,30.926],[76.739,30.939],[76.738,30.947],[76.726,30.96],[76.708,30.969],[76.682,30.966],[76.667,30.978],[76.639,30.989],[76.624,31.001],[76.627,31.019],[76.619,31.03],[76.613,31.05],[76.623,31.057],[76.619,31.075],[76.626,31.093],[76.64,31.107],[76.638,31.115],[76.621,31.116],[76.603,31.125],[76.613,31.148],[76.604,31.154],[76.604,31.18],[76.612,31.183],[76.626,31.199],[76.649,31.21],[76.63,31.226],[76.601,31.213],[76.59,31.223],[76.599,31.237],[76.616,31.248],[76.585,31.277],[76.56,31.253],[76.549,31.252],[76.542,31.267],[76.525,31.28],[76.512,31.27],[76.503,31.271],[76.481,31.307],[76.46,31.287],[76.462,31.303],[76.442,31.322],[76.405,31.376],[76.393,31.389],[76.405,31.395],[76.396,31.408],[76.399,31.427],[76.417,31.413],[76.435,31.411],[76.46,31.422],[76.472,31.424],[76.474,31.44],[76.465,31.446],[76.47,31.459],[76.453,31.483],[76.459,31.486],[76.484,31.471],[76.5,31.469],[76.513,31.46],[76.518,31.468],[76.554,31.442],[76.561,31.429],[76.572,31.432],[76.614,31.419],[76.616,31.431],[76.627,31.445],[76.61,31.47],[76.608,31.491],[76.619,31.515],[76.621,31.528],[76.614,31.547],[76.622,31.573],[76.633,31.576],[76.645,31.587],[76.667,31.583],[76.685,31.593],[76.705,31.599],[76.73,31.585],[76.716,31.631],[76.728,31.665],[76.718,31.672],[76.694,31.682],[76.689,31.709],[76.676,31.715],[76.674,31.732],[76.667,31.739],[76.648,31.742],[76.637,31.75],[76.621,31.79],[76.627,31.816],[76.628,31.843],[76.634,31.851],[76.641,31.875],[76.66,31.871],[76.678,31.873],[76.675,31.894],[76.689,31.93],[76.694,31.933],[76.68,31.987],[76.669,32.001],[76.663,32.031],[76.68,32.048],[76.689,32.052],[76.703,32.049],[76.706,32.039],[76.731,32.029],[76.738,32.03],[76.77,32.065],[76.787,32.073],[76.801,32.074],[76.804,32.066],[76.826,32.049],[76.842,32.041],[76.852,32.048],[76.887,32.058],[76.939,32.063],[76.944,32.045],[76.964,32.028],[76.977,32.024],[76.982,32.011],[76.979,31.984],[77.004,31.946],[77.024,31.921],[77.031,31.893],[77.061,31.856],[77.06,31.835],[77.083,31.83],[77.095,31.837],[77.167,31.838],[77.18,31.842],[77.176,31.826],[77.188,31.821],[77.189,31.808],[77.197,31.797],[77.198,31.779],[77.211,31.755],[77.213,31.731],[77.246,31.713],[77.274,31.701],[77.285,31.69],[77.306,31.662],[77.299,31.653],[77.307,31.611],[77.302,31.593],[77.306,31.58],[77.302,31.557],[77.306,31.546],[77.32,31.53],[77.318,31.507],[77.322,31.498],[77.326,31.471],[77.337,31.449],[77.381,31.418],[77.385,31.407],[77.383,31.394],[77.391,31.383],[77.387,31.361],[77.402,31.362],[77.419,31.346],[77.43,31.342],[77.454,31.348],[77.476,31.35],[77.499,31.356],[77.518,31.351],[77.532,31.353],[77.548,31.382],[77.563,31.389],[77.571,31.386],[77.591,31.395],[77.61,31.394],[77.62,31.388],[77.634,31.397],[77.623,31.424],[77.625,31.439],[77.632,31.45],[77.671,31.463],[77.689,31.486],[77.709,31.502],[77.701,31.519],[77.704,31.53],[77.699,31.542],[77.684,31.55],[77.656,31.578],[77.649,31.599],[77.649,31.613],[77.653,31.629],[77.663,31.635],[77.648,31.658],[77.686,31.704],[77.716,31.704],[77.735,31.715],[77.751,31.714],[77.756,31.72],[77.753,31.752],[77.768,31.758],[77.789,31.752],[77.799,31.759],[77.829,31.76],[77.849,31.755],[77.858,31.775],[77.867,31.783],[77.876,31.773],[77.898,31.759],[77.921,31.748],[77.937,31.749],[77.942,31.758],[77.946,31.785],[77.978,31.778],[78.01,31.776],[78.026,31.76],[78.033,31.761],[78.058,31.784],[78.084,31.788],[78.086,31.809],[78.095,31.823],[78.096,31.838],[78.085,31.845],[78.09,31.858],[78.106,31.859],[78.124,31.867],[78.149,31.868],[78.173,31.863],[78.189,31.872],[78.183,31.888],[78.187,31.904],[78.185,31.916],[78.203,31.933],[78.273,31.936],[78.303,31.927],[78.312,31.938],[78.34,31.936],[78.354,31.941],[78.371,31.96],[78.402,31.955],[78.422,31.938],[78.448,31.937],[78.461,31.959],[78.436,31.973],[78.42,31.99],[78.427,32.006],[78.426,32.016],[78.444,32.053],[78.455,32.055],[78.47,32.048],[78.49,32.047],[78.516,32.053],[78.543,32.063],[78.56,32.061],[78.588,32.06],[78.606,32.053],[78.626,32.064],[78.644,32.066],[78.66,32.074],[78.668,32.089],[78.666,32.101],[78.656,32.108],[78.623,32.113],[78.613,32.119],[78.605,32.143],[78.591,32.154],[78.606,32.167],[78.611,32.184],[78.608,32.2],[78.61,32.215],[78.56,32.245],[78.541,32.246],[78.5,32.239],[78.456,32.242],[78.481,32.274],[78.484,32.288],[78.478,32.333],[78.485,32.354],[78.5,32.362],[78.511,32.373],[78.513,32.387],[78.536,32.415],[78.52,32.422],[78.496,32.422],[78.479,32.444],[78.456,32.453],[78.455,32.467],[78.466,32.486],[78.449,32.507],[78.427,32.508],[78.417,32.523],[78.4,32.526],[78.374,32.509],[78.328,32.472],[78.324,32.474],[78.296,32.504],[78.317,32.526],[78.314,32.574],[78.349,32.581],[78.358,32.589],[78.407,32.62],[78.394,32.626],[78.389,32.635],[78.381,32.668],[78.385,32.696],[78.396,32.716],[78.389,32.73],[78.391,32.757],[78.363,32.76],[78.306,32.734],[78.316,32.716],[78.314,32.709],[78.291,32.7],[78.277,32.7],[78.254,32.691],[78.243,32.672],[78.219,32.662],[78.202,32.661],[78.188,32.674],[78.17,32.676],[78.154,32.667],[78.144,32.646],[78.134,32.639],[78.111,32.659],[78.091,32.641],[78.085,32.622],[78.062,32.626],[78.052,32.612],[78.059,32.602],[78.053,32.589],[78.035,32.584],[78.005,32.585],[77.994,32.589],[77.972,32.623],[77.97,32.637],[77.956,32.645],[77.945,32.659],[77.938,32.676],[77.921,32.69],[77.924,32.709],[77.936,32.754],[77.933,32.763],[77.917,32.772],[77.899,32.772],[77.885,32.787],[77.887,32.797],[77.879,32.813],[77.865,32.826],[77.843,32.837],[77.826,32.833],[77.817,32.843],[77.786,32.856],[77.779,32.862],[77.791,32.888],[77.805,32.889],[77.808,32.903],[77.778,32.925],[77.754,32.945],[77.741,32.962],[77.731,32.969],[77.718,32.967],[77.713,32.975],[77.698,32.975],[77.683,32.984],[77.671,32.957],[77.656,32.954],[77.641,32.942],[77.631,32.939],[77.599,32.937],[77.588,32.919],[77.563,32.909],[77.537,32.885],[77.512,32.879],[77.502,32.884],[77.473,32.859],[77.454,32.864],[77.443,32.881],[77.428,32.876],[77.413,32.885],[77.397,32.879],[77.389,32.865],[77.376,32.854],[77.38,32.844],[77.374,32.823],[77.354,32.817],[77.339,32.82],[77.328,32.835],[77.323,32.852],[77.306,32.85],[77.292,32.858],[77.276,32.874],[77.265,32.863],[77.242,32.881],[77.238,32.895],[77.199,32.914],[77.192,32.929],[77.184,32.926],[77.175,32.911],[77.165,32.933],[77.164,32.955],[77.154,32.956],[77.154,32.979],[77.121,32.985],[77.115,32.976],[77.093,32.972],[77.084,32.984],[77.076,32.984],[77.053,32.998],[77.016,32.988],[76.98,33.012],[76.935,33.032],[76.928,33.049],[76.909,33.08],[76.912,33.094],[76.903,33.096],[76.895,33.113],[76.887,33.119],[76.87,33.11],[76.852,33.119],[76.847,33.137],[76.835,33.141],[76.821,33.155],[76.816,33.172],[76.825,33.184],[76.821,33.193],[76.837,33.205],[76.829,33.215],[76.836,33.23],[76.847,33.242],[76.84,33.247],[76.815,33.24],[76.796,33.255],[76.773,33.249],[76.78,33.239],[76.778,33.224],[76.76,33.197],[76.752,33.192],[76.748,33.179],[76.749,33.14],[76.736,33.097],[76.738,33.075],[76.746,33.054],[76.756,33.045],[76.757,33.026],[76.773,33.01],[76.78,32.961],[76.791,32.961],[76.763,32.93],[76.719,32.923],[76.718,32.89],[76.698,32.878],[76.685,32.854],[76.671,32.846],[76.657,32.849],[76.64,32.842],[76.63,32.843],[76.612,32.854],[76.576,32.828],[76.563,32.824],[76.547,32.813],[76.513,32.803],[76.473,32.805],[76.471,32.821],[76.465,32.826],[76.456,32.852],[76.444,32.854],[76.41,32.842],[76.393,32.823],[76.377,32.82],[76.376,32.797],[76.385,32.792],[76.385,32.775],[76.404,32.738],[76.404,32.728],[76.426,32.712],[76.431,32.699],[76.426,32.688],[76.446,32.674],[76.443,32.66],[76.464,32.653],[76.492,32.662],[76.517,32.667],[76.53,32.658],[76.55,32.658],[76.594,32.642],[76.604,32.626],[76.609,32.606],[76.632,32.603],[76.625,32.586],[76.63,32.574],[76.649,32.58],[76.68,32.57],[76.706,32.573],[76.71,32.57],[76.701,32.546],[76.715,32.538],[76.725,32.552],[76.74,32.561],[76.758,32.558],[76.768,32.547],[76.782,32.553],[76.796,32.537],[76.809,32.534],[76.828,32.539],[76.839,32.526],[76.866,32.533],[76.88,32.517],[76.854,32.476],[76.865,32.461],[76.848,32.448],[76.824,32.437],[76.811,32.419],[76.787,32.406],[76.785,32.39],[76.788,32.375],[76.773,32.359],[76.754,32.358],[76.773,32.339],[76.786,32.317],[76.772,32.309],[76.776,32.291],[76.771,32.282],[76.78,32.268],[76.77,32.254],[76.773,32.227],[76.761,32.207],[76.737,32.188],[76.714,32.199],[76.698,32.197],[76.682,32.18],[76.673,32.179],[76.625,32.192],[76.614,32.199],[76.59,32.221],[76.557,32.229],[76.526,32.233],[76.504,32.233],[76.482,32.252],[76.464,32.249],[76.45,32.262],[76.425,32.264],[76.42,32.28],[76.407,32.283],[76.379,32.297],[76.356,32.327],[76.339,32.326],[76.325,32.336],[76.295,32.34],[76.284,32.368],[76.262,32.38],[76.259,32.393],[76.223,32.396],[76.211,32.379],[76.17,32.351],[76.173,32.34],[76.16,32.318],[76.168,32.284],[76.187,32.273],[76.181,32.245],[76.184,32.232],[76.173,32.225],[76.169,32.237],[76.144,32.225],[76.125,32.235],[76.124,32.251],[76.087,32.271],[76.047,32.264],[76.031,32.27],[76.017,32.291],[76.024,32.321],[76.02,32.338],[76.005,32.354],[75.991,32.376],[75.975,32.391],[75.959,32.39],[75.938,32.396],[75.927,32.409],[75.942,32.411],[75.95,32.424],[75.931,32.448],[75.911,32.461],[75.903,32.472],[75.871,32.499],[75.867,32.521],[75.872,32.538],[75.886,32.559],[75.889,32.576],[75.854,32.537],[75.841,32.509],[75.82,32.487],[75.795,32.475],[75.762,32.476],[75.745,32.445],[75.727,32.418],[75.701,32.401],[75.664,32.389],[75.608,32.382],[75.561,32.361],[75.545,32.349],[75.54,32.34],[75.531,32.298],[75.52,32.28],[75.51,32.277],[75.505,32.288],[75.506,32.31],[75.483,32.318],[75.489,32.34],[75.448,32.327],[75.43,32.325],[75.394,32.329],[75.347,32.345],[75.34,32.342],[75.333,32.328],[75.341,32.321],[75.328,32.296],[75.352,32.287],[75.358,32.276],[75.371,32.279],[75.382,32.269],[75.374,32.259],[75.379,32.239],[75.374,32.227],[75.361,32.219],[75.333,32.219],[75.314,32.196],[75.32,32.192],[75.322,32.175],[75.31,32.17],[75.303,32.153],[75.283,32.143],[75.287,32.132],[75.283,32.119],[75.262,32.103],[75.254,32.102],[75.24,32.091],[75.234,32.102],[75.224,32.104],[75.22,32.116],[75.208,32.115],[75.208,32.101],[75.2,32.096],[75.2,32.084],[75.186,32.08],[75.173,32.069],[75.166,32.081],[75.135,32.084],[75.1,32.064],[75.083,32.059],[75.072,32.063],[75.062,32.053],[75.024,32.046],[75.013,32.035],[75.008,32.044],[74.978,32.044],[74.981,32.052],[74.94,32.067],[74.921,32.064],[74.912,32.051],[74.894,32.053],[74.877,32.047],[74.882,32.033],[74.867,32.023],[74.855,32.022],[74.858,32.01],[74.842,32.007],[74.832,31.995],[74.834,31.978],[74.824,31.958],[74.815,31.963],[74.783,31.953],[74.748,31.938],[74.721,31.937],[74.724,31.922],[74.715,31.918],[74.703,31.924],[74.69,31.923],[74.666,31.912],[74.665,31.9],[74.652,31.899],[74.636,31.883],[74.612,31.885],[74.61,31.867],[74.596,31.857],[74.586,31.844],[74.57,31.831],[74.574,31.817],[74.563,31.801],[74.568,31.792],[74.557,31.778],[74.565,31.759],[74.559,31.752],[74.542,31.752],[74.518,31.741],[74.507,31.742],[74.503,31.731],[74.486,31.722],[74.506,31.704],[74.507,31.699],[74.527,31.69],[74.536,31.681],[74.534,31.665],[74.542,31.657],[74.554,31.618],[74.563,31.609],[74.578,31.607],[74.583,31.59],[74.593,31.579],[74.62,31.567],[74.617,31.535],[74.612,31.529],[74.586,31.521],[74.585,31.507],[74.593,31.497],[74.613,31.498],[74.655,31.463],[74.643,31.444],[74.656,31.43],[74.641,31.418],[74.631,31.43],[74.603,31.423],[74.59,31.398],[74.588,31.384],[74.576,31.375],[74.554,31.367],[74.548,31.347],[74.55,31.333],[74.541,31.322],[74.542,31.309],[74.529,31.279],[74.524,31.274],[74.535,31.249],[74.526,31.238],[74.523,31.224],[74.527,31.211],[74.52,31.199],[74.521,31.187],[74.513,31.181],[74.517,31.169],[74.518,31.137],[74.548,31.126],[74.557,31.118],[74.558,31.089],[74.578,31.085],[74.6,31.094],[74.609,31.092],[74.612,31.112],[74.604,31.128],[74.619,31.134],[74.639,31.136],[74.637,31.123],[74.665,31.136],[74.676,31.127],[74.691,31.13],[74.703,31.115],[74.707,31.096],[74.696,31.087],[74.695,31.073],[74.684,31.062],[74.668,31.055],[74.646,31.054],[74.635,31.048],[74.6,31.044],[74.597,31.055],[74.583,31.058],[74.566,31.054],[74.565,31.046],[74.55,31.033],[74.544,31.01],[74.55,30.998],[74.516,30.979],[74.507,30.966],[74.493,30.977],[74.46,30.97],[74.469,30.962],[74.46,30.953],[74.448,30.954],[74.428,30.945],[74.426,30.912],[74.408,30.912],[74.39,30.9],[74.372,30.895],[74.364,30.879],[74.382,30.861],[74.327,30.849],[74.319,30.822],[74.306,30.811],[74.298,30.797],[74.31,30.787],[74.302,30.78],[74.283,30.773],[74.272,30.777],[74.264,30.772],[74.276,30.758],[74.278,30.748],[74.287,30.735],[74.268,30.726],[74.233,30.723],[74.223,30.706],[74.221,30.692],[74.199,30.669],[74.186,30.664],[74.176,30.651],[74.141,30.629],[74.129,30.634],[74.115,30.608],[74.103,30.6],[74.102,30.574],[74.078,30.556],[74.093,30.552],[74.091,30.542],[74.068,30.521],[74.056,30.522],[74.051,30.54],[74.036,30.531],[74.016,30.533],[74.004,30.515],[73.989,30.51],[73.985,30.501],[73.971,30.489],[73.967,30.463],[73.95,30.462],[73.951,30.48],[73.935,30.489],[73.935,30.467],[73.94,30.456],[73.935,30.438],[73.969,30.443],[73.967,30.424],[73.939,30.402],[73.929,30.398],[73.919,30.386],[73.894,30.371],[73.885,30.363],[73.907,30.351],[73.944,30.305],[73.957,30.276],[73.968,30.263],[73.974,30.233],[73.976,30.196],[73.978,30.186],[73.973,30.173],[73.97,30.145],[73.972,30.129],[73.952,30.1],[73.927,30.07],[73.908,30.055],[73.895,30.019],[73.89,29.998],[73.9,29.971],[73.942,29.972],[73.986,29.97],[74.012,29.971],[74.078,29.97],[74.164,29.964],[74.195,29.961],[74.233,29.96],[74.261,29.956],[74.301,29.956],[74.365,29.95],[74.413,29.947],[74.438,29.949],[74.452,29.947],[74.476,29.944],[74.529,29.943],[74.515,29.907],[74.543,29.902],[74.553,29.888],[74.563,29.865],[74.542,29.839],[74.501,29.826],[74.48,29.802],[74.475,29.787],[74.481,29.744],[74.521,29.74],[74.535,29.741],[74.547,29.753],[74.581,29.753],[74.588,29.766],[74.602,29.766],[74.615,29.752],[74.611,29.74],[74.613,29.721],[74.603,29.691],[74.594,29.674],[74.588,29.654],[74.595,29.634],[74.584,29.627],[74.579,29.585],[74.581,29.555],[74.608,29.536],[74.62,29.531],[74.621,29.519],[74.602,29.491],[74.6,29.479],[74.588,29.458],[74.58,29.461],[74.543,29.464],[74.538,29.449],[74.54,29.424],[74.561,29.421],[74.579,29.405],[74.582,29.385],[74.599,29.37],[74.609,29.353],[74.604,29.327],[74.65,29.33],[74.652,29.353],[74.659,29.371],[74.697,29.364],[74.72,29.368],[74.74,29.352],[74.785,29.359],[74.818,29.397],[74.859,29.401],[74.873,29.395],[74.88,29.383],[74.897,29.385],[74.919,29.369],[74.936,29.363],[74.945,29.336],[74.955,29.331],[74.959,29.317],[74.949,29.303],[74.962,29.28],[74.986,29.279],[75,29.27],[75.015,29.282],[75.033,29.289],[75.049,29.285],[75.059,29.27],[75.06,29.262],[75.074,29.244],[75.072,29.237],[75.087,29.23],[75.117,29.224],[75.123,29.241],[75.157,29.243],[75.17,29.251],[75.173,29.262],[75.189,29.266],[75.204,29.242],[75.221,29.232],[75.233,29.232],[75.244,29.249],[75.259,29.254],[75.281,29.252],[75.286,29.271],[75.309,29.279],[75.329,29.291],[75.335,29.276],[75.332,29.249],[75.324,29.233],[75.355,29.223],[75.359,29.245],[75.367,29.252],[75.389,29.261],[75.405,29.259],[75.409,29.237],[75.397,29.226],[75.395,29.218],[75.406,29.211],[75.41,29.186],[75.398,29.168],[75.378,29.167],[75.377,29.148],[75.37,29.14],[75.405,29.126],[75.39,29.108],[75.392,29.092],[75.39,29.067],[75.439,29.062],[75.439,29.053],[75.45,29.038],[75.442,29.019],[75.444,29.014],[75.482,29.017],[75.514,29.012],[75.52,29.008],[75.525,28.979],[75.525,28.972],[75.512,28.958],[75.506,28.938],[75.478,28.935],[75.476,28.923],[75.497,28.895],[75.497,28.856],[75.506,28.853],[75.522,28.833],[75.517,28.812],[75.512,28.806],[75.513,28.793],[75.507,28.784],[75.525,28.769],[75.539,28.729],[75.545,28.679],[75.548,28.673],[75.548,28.645],[75.557,28.64],[75.564,28.611],[75.585,28.613],[75.593,28.603],[75.618,28.602],[75.628,28.596],[75.627,28.585],[75.637,28.542],[75.645,28.544],[75.674,28.53],[75.672,28.517],[75.698,28.495],[75.745,28.483],[75.743,28.469],[75.787,28.454],[75.793,28.447],[75.793,28.435],[75.774,28.417],[75.779,28.404],[75.796,28.401],[75.811,28.41],[75.837,28.405],[75.843,28.394],[75.88,28.387],[75.891,28.383],[75.898,28.39],[75.904,28.4],[75.9,28.417],[75.906,28.43],[75.972,28.438],[76,28.44],[76.017,28.432],[76.014,28.412],[76.023,28.404],[76.028,28.39],[76.056,28.396],[76.079,28.394],[76.098,28.425],[76.108,28.429],[76.117,28.451],[76.145,28.449],[76.155,28.463],[76.173,28.437],[76.185,28.444],[76.21,28.444],[76.22,28.467],[76.231,28.467],[76.243,28.461],[76.247,28.443],[76.259,28.436],[76.269,28.438],[76.275,28.448],[76.292,28.449],[76.291,28.425],[76.284,28.409],[76.303,28.402],[76.301,28.383],[76.306,28.377],[76.328,28.372],[76.331,28.365],[76.348,28.364],[76.36,28.346],[76.366,28.341],[76.371,28.325],[76.35,28.304],[76.356,28.281],[76.346,28.27],[76.354,28.259],[76.352,28.242],[76.345,28.223],[76.332,28.224],[76.325,28.209],[76.311,28.205],[76.308,28.198],[76.316,28.179],[76.344,28.173],[76.362,28.161],[76.368,28.139],[76.385,28.133],[76.402,28.136],[76.406,28.143],[76.436,28.141],[76.446,28.147],[76.481,28.145],[76.479,28.134],[76.498,28.129],[76.507,28.118],[76.506,28.102],[76.486,28.101],[76.481,28.108],[76.465,28.106],[76.457,28.088],[76.472,28.079],[76.478,28.081],[76.506,28.06],[76.492,28.053],[76.466,28.057],[76.464,28.042],[76.484,28.039],[76.501,28.042],[76.508,28.031],[76.52,28.03],[76.534,28.041],[76.547,28.034],[76.547,28.012],[76.539,27.974],[76.555,27.966],[76.576,27.979],[76.592,27.995],[76.607,28.005],[76.645,28.006],[76.669,28.014],[76.668,28.029],[76.66,28.039],[76.657,28.063],[76.657,28.087],[76.66,28.092],[76.691,28.093],[76.699,28.11],[76.708,28.111],[76.719,28.127],[76.748,28.124],[76.764,28.141],[76.8,28.152],[76.805,28.165],[76.799,28.189],[76.815,28.195],[76.815,28.211],[76.833,28.21],[76.842,28.22],[76.863,28.22],[76.873,28.219],[76.875,28.206],[76.896,28.205],[76.909,28.2],[76.893,28.186],[76.921,28.167],[76.93,28.157],[76.951,28.15],[76.951,28.143],[76.971,28.139],[76.955,28.066],[76.947,28.054],[76.941,28.037],[76.935,28.007],[76.927,27.992],[76.934,27.973],[76.928,27.948],[76.928,27.92],[76.948,27.914],[76.947,27.891],[76.935,27.889],[76.933,27.871],[76.938,27.85],[76.935,27.829],[76.916,27.831],[76.909,27.816],[76.915,27.802],[76.912,27.79],[76.904,27.781],[76.901,27.767],[76.899,27.737],[76.892,27.726],[76.897,27.714],[76.911,27.711],[76.923,27.695],[76.903,27.684],[76.9,27.675],[76.918,27.651],[76.932,27.655],[76.943,27.67],[76.979,27.652],[76.979,27.66],[76.988,27.701],[77.003,27.737],[77.014,27.734],[77.02,27.741],[77.04,27.743],[77.053,27.727],[77.062,27.722],[77.087,27.732],[77.079,27.753],[77.07,27.76],[77.059,27.756],[77.048,27.769],[77.032,27.782],[77.033,27.793],[77.047,27.815],[77.065,27.806],[77.081,27.804],[77.089,27.795],[77.11,27.78],[77.131,27.783],[77.144,27.778],[77.156,27.781],[77.162,27.797],[77.158,27.807],[77.181,27.811],[77.189,27.803],[77.171,27.785],[77.184,27.782],[77.198,27.793],[77.196,27.81],[77.203,27.816],[77.216,27.796],[77.231,27.792],[77.243,27.78],[77.262,27.792],[77.271,27.811],[77.285,27.801],[77.3,27.814],[77.298,27.824],[77.322,27.824],[77.338,27.846],[77.348,27.854],[77.362,27.851],[77.383,27.858],[77.402,27.853],[77.421,27.853],[77.411,27.876],[77.42,27.889],[77.431,27.889],[77.451,27.873],[77.468,27.88],[77.479,27.889],[77.484,27.906],[77.478,27.927],[77.494,27.938],[77.501,27.926],[77.52,27.932],[77.528,27.926],[77.545,27.944],[77.545,27.96],[77.524,27.96],[77.519,27.968],[77.545,27.988],[77.521,28.005],[77.516,28.017],[77.487,28.043],[77.492,28.055],[77.479,28.078],[77.482,28.098],[77.501,28.107],[77.509,28.117],[77.505,28.14],[77.508,28.157],[77.521,28.159],[77.541,28.165],[77.552,28.176],[77.548,28.185],[77.515,28.19],[77.502,28.179],[77.499,28.206],[77.507,28.207],[77.529,28.196],[77.533,28.201],[77.525,28.224],[77.545,28.235],[77.548,28.249],[77.522,28.249],[77.477,28.264],[77.482,28.276],[77.502,28.275],[77.506,28.301],[77.492,28.318],[77.476,28.328],[77.476,28.336],[77.495,28.345],[77.504,28.353],[77.496,28.374],[77.479,28.389],[77.484,28.408],[77.446,28.426],[77.436,28.449],[77.408,28.453],[77.408,28.466],[77.386,28.471],[77.374,28.48],[77.37,28.492],[77.348,28.503],[77.317,28.485],[77.288,28.493],[77.264,28.48],[77.252,28.479],[77.237,28.464],[77.236,28.455],[77.25,28.448],[77.254,28.436],[77.25,28.423],[77.216,28.408],[77.189,28.407],[77.175,28.403],[77.152,28.43],[77.128,28.437],[77.118,28.452],[77.111,28.471],[77.115,28.483],[77.117,28.489],[77.082,28.515],[77.067,28.509],[77.051,28.514],[77.043,28.523],[77.025,28.528],[77.016,28.538],[77.008,28.527],[77.021,28.519],[77.015,28.509],[76.978,28.522],[76.954,28.508],[76.932,28.514],[76.918,28.51],[76.907,28.513],[76.889,28.504],[76.889,28.519],[76.869,28.537],[76.866,28.543],[76.847,28.552],[76.843,28.577],[76.845,28.586],[76.86,28.585],[76.871,28.597],[76.888,28.633],[76.903,28.628],[76.92,28.633],[76.933,28.624],[76.944,28.632],[76.928,28.648],[76.933,28.664],[76.952,28.67],[76.964,28.695],[76.965,28.7],[76.951,28.712],[76.961,28.731],[76.96,28.742],[76.948,28.755],[76.957,28.769],[76.953,28.79],[76.948,28.798],[76.952,28.816],[76.966,28.815],[76.971,28.827],[76.984,28.821],[76.99,28.832],[77,28.834],[77.017,28.83],[77.042,28.832],[77.048,28.848],[77.06,28.868],[77.076,28.868],[77.086,28.879],[77.094,28.869],[77.11,28.867],[77.12,28.861],[77.139,28.86],[77.145,28.853],[77.149,28.836],[77.175,28.855],[77.194,28.857],[77.197,28.862],[77.189,28.875],[77.192,28.885],[77.209,28.887],[77.227,28.895],[77.232,28.903],[77.207,28.916],[77.216,28.931],[77.201,28.942],[77.201,28.956],[77.214,28.977],[77.225,29.001],[77.214,29.011],[77.202,29.016],[77.173,29.043],[77.173,29.06],[77.168,29.072],[77.152,29.082],[77.135,29.096],[77.135,29.108],[77.149,29.13],[77.137,29.149],[77.143,29.167],[77.151,29.177],[77.147,29.202],[77.139,29.213],[77.138,29.223],[77.154,29.233],[77.153,29.246],[77.14,29.268],[77.155,29.291],[77.153,29.296],[77.165,29.312],[77.158,29.34],[77.139,29.339],[77.131,29.345],[77.128,29.372],[77.15,29.379],[77.157,29.387],[77.145,29.393],[77.137,29.406],[77.136,29.417],[77.147,29.427],[77.149,29.442],[77.135,29.448],[77.126,29.457],[77.127,29.47],[77.135,29.481],[77.126,29.498],[77.109,29.507],[77.096,29.529],[77.101,29.54],[77.121,29.548],[77.113,29.572],[77.097,29.596],[77.121,29.642],[77.141,29.654],[77.143,29.661],[77.132,29.675],[77.137,29.692],[77.144,29.695],[77.154,29.697],[77.152,29.712],[77.125,29.744],[77.131,29.759],[77.13,29.771],[77.144,29.774],[77.164,29.788],[77.168,29.812],[77.181,29.825],[77.18,29.842],[77.194,29.868],[77.197,29.89],[77.192,29.897],[77.201,29.917],[77.223,29.936],[77.244,29.961],[77.248,29.976],[77.263,29.984],[77.274,30.001],[77.285,30.029],[77.283,30.044],[77.31,30.055],[77.344,30.06],[77.369,30.079],[77.386,30.088],[77.405,30.089],[77.421,30.098],[77.413,30.108],[77.43,30.136],[77.423,30.141],[77.436,30.164],[77.46,30.164],[77.469,30.176],[77.486,30.184],[77.509,30.229],[77.533,30.255],[77.538,30.273],[77.545,30.282],[77.583,30.306],[77.588,30.321],[77.583,30.332],[77.605,30.366],[77.603,30.372],[77.588,30.38],[77.578,30.38],[77.556,30.392],[77.539,30.412],[77.523,30.444],[77.506,30.428],[77.504,30.413],[77.481,30.407],[77.474,30.401],[77.448,30.399],[77.43,30.404],[77.439,30.415],[77.453,30.42],[77.466,30.436],[77.469,30.453],[77.459,30.461],[77.439,30.436],[77.409,30.416],[77.407,30.43],[77.393,30.441],[77.37,30.437],[77.359,30.457],[77.335,30.458],[77.324,30.449],[77.277,30.462],[77.265,30.48],[77.24,30.484],[77.225,30.477],[77.212,30.48],[77.213,30.496],[77.213,30.502],[77.198,30.521],[77.183,30.528],[77.151,30.534],[77.135,30.544],[77.125,30.563]],[[76.64,30.151],[76.635,30.145],[76.619,30.137],[76.601,30.119],[76.567,30.095],[76.545,30.079],[76.513,30.073],[76.503,30.093],[76.467,30.096],[76.461,30.101],[76.456,30.119],[76.458,30.133],[76.448,30.133],[76.438,30.144],[76.434,30.16],[76.441,30.176],[76.432,30.194],[76.422,30.199],[76.411,30.195],[76.393,30.18],[76.414,30.154],[76.396,30.142],[76.402,30.124],[76.387,30.12],[76.376,30.124],[76.36,30.147],[76.338,30.146],[76.361,30.124],[76.34,30.106],[76.324,30.105],[76.305,30.115],[76.292,30.11],[76.263,30.115],[76.222,30.153],[76.214,30.149],[76.224,30.133],[76.216,30.124],[76.227,30.114],[76.242,30.105],[76.265,30.102],[76.244,30.08],[76.221,30.048],[76.21,30.034],[76.225,30.027],[76.221,30.019],[76.203,30.015],[76.201,30.001],[76.21,29.97],[76.206,29.962],[76.215,29.94],[76.19,29.943],[76.178,29.925],[76.193,29.92],[76.194,29.89],[76.209,29.88],[76.237,29.881],[76.253,29.865],[76.24,29.851],[76.223,29.849],[76.219,29.84],[76.222,29.804],[76.204,29.776],[76.206,29.753],[76.201,29.742],[76.182,29.724],[76.177,29.686],[76.195,29.669],[76.193,29.658],[76.2,29.65],[76.198,29.636],[76.201,29.619],[76.228,29.618],[76.242,29.606],[76.245,29.576],[76.266,29.566],[76.273,29.547],[76.285,29.546],[76.3,29.562],[76.3,29.573],[76.308,29.578],[76.345,29.581],[76.37,29.576],[76.372,29.544],[76.391,29.535],[76.419,29.536],[76.444,29.544],[76.451,29.536],[76.469,29.534],[76.488,29.536],[76.48,29.519],[76.494,29.516],[76.509,29.485],[76.502,29.481],[76.485,29.483],[76.478,29.465],[76.475,29.445],[76.466,29.425],[76.454,29.421],[76.454,29.404],[76.471,29.399],[76.486,29.409],[76.506,29.406],[76.515,29.411],[76.529,29.434],[76.552,29.458],[76.603,29.474],[76.619,29.476],[76.642,29.473],[76.658,29.493],[76.693,29.478],[76.707,29.478],[76.732,29.483],[76.749,29.474],[76.756,29.466],[76.748,29.443],[76.736,29.423],[76.734,29.393],[76.709,29.383],[76.672,29.377],[76.65,29.369],[76.648,29.346],[76.635,29.316],[76.642,29.295],[76.664,29.28],[76.681,29.277],[76.682,29.27],[76.661,29.267],[76.645,29.276],[76.635,29.278],[76.612,29.29],[76.6,29.286],[76.562,29.283],[76.556,29.261],[76.566,29.23],[76.561,29.214],[76.541,29.21],[76.528,29.223],[76.527,29.231],[76.487,29.241],[76.476,29.238],[76.493,29.218],[76.493,29.208],[76.502,29.182],[76.514,29.165],[76.49,29.144],[76.48,29.114],[76.479,29.096],[76.461,29.066],[76.446,29.06],[76.431,29.065],[76.405,29.081],[76.381,29.073],[76.351,29.087],[76.302,29.087],[76.314,29.108],[76.299,29.135],[76.295,29.18],[76.284,29.194],[76.258,29.198],[76.235,29.208],[76.227,29.23],[76.216,29.242],[76.208,29.263],[76.189,29.277],[76.188,29.284],[76.207,29.314],[76.207,29.321],[76.183,29.335],[76.19,29.344],[76.207,29.355],[76.222,29.358],[76.247,29.353],[76.251,29.37],[76.231,29.388],[76.198,29.4],[76.161,29.409],[76.138,29.39],[76.132,29.389],[76.111,29.4],[76.094,29.401],[76.087,29.426],[76.079,29.435],[76.055,29.431],[76.035,29.416],[76.016,29.442],[75.993,29.452],[75.997,29.482],[75.963,29.494],[75.941,29.498],[75.938,29.516],[75.948,29.526],[75.962,29.552],[75.96,29.565],[75.962,29.584],[75.95,29.597],[75.955,29.622],[75.945,29.647],[75.952,29.667],[75.938,29.684],[75.939,29.697],[75.948,29.718],[75.949,29.73],[75.925,29.735],[75.908,29.752],[75.89,29.744],[75.874,29.749],[75.865,29.766],[75.854,29.773],[75.84,29.798],[75.84,29.809],[75.831,29.812],[75.807,29.804],[75.782,29.822],[75.759,29.809],[75.737,29.809],[75.717,29.806],[75.708,29.752],[75.698,29.749],[75.689,29.754],[75.677,29.77],[75.667,29.773],[75.651,29.768],[75.636,29.77],[75.633,29.751],[75.624,29.744],[75.603,29.746],[75.579,29.74],[75.573,29.741],[75.567,29.763],[75.555,29.769],[75.541,29.77],[75.522,29.757],[75.517,29.771],[75.455,29.805],[75.446,29.796],[75.454,29.784],[75.43,29.772],[75.42,29.773],[75.407,29.759],[75.407,29.746],[75.394,29.732],[75.389,29.709],[75.372,29.71],[75.344,29.686],[75.356,29.669],[75.328,29.668],[75.317,29.63],[75.298,29.617],[75.29,29.601],[75.314,29.586],[75.313,29.577],[75.3,29.559],[75.285,29.559],[75.248,29.549],[75.238,29.556],[75.228,29.576],[75.221,29.58],[75.233,29.597],[75.231,29.604],[75.209,29.621],[75.195,29.62],[75.183,29.628],[75.183,29.647],[75.168,29.661],[75.169,29.667],[75.185,29.676],[75.199,29.679],[75.208,29.694],[75.197,29.71],[75.208,29.729],[75.231,29.731],[75.241,29.75],[75.227,29.769],[75.222,29.784],[75.208,29.794],[75.211,29.828],[75.189,29.835],[75.185,29.828],[75.166,29.818],[75.16,29.79],[75.169,29.782],[75.152,29.775],[75.141,29.783],[75.135,29.804],[75.112,29.801],[75.1,29.805],[75.103,29.818],[75.117,29.825],[75.114,29.836],[75.096,29.843],[75.095,29.857],[75.111,29.866],[75.113,29.895],[75.095,29.913],[75.088,29.911],[75.076,29.877],[75.062,29.873],[75.048,29.88],[75.024,29.863],[75.016,29.866],[75,29.855],[74.98,29.879],[74.98,29.888],[74.953,29.901],[74.934,29.94],[74.926,29.948],[74.904,29.938],[74.904,29.952],[74.892,29.967],[74.882,29.958],[74.86,29.958],[74.831,29.972],[74.827,29.983],[74.811,29.992],[74.786,29.973],[74.747,29.968],[74.734,29.961],[74.707,29.97],[74.704,29.987],[74.717,30.014],[74.696,30.033],[74.694,30.045],[74.705,30.065],[74.684,30.072],[74.676,30.088],[74.683,30.102],[74.646,30.114],[74.632,30.127],[74.642,30.148],[74.658,30.163],[74.688,30.166],[74.705,30.16],[74.726,30.171],[74.737,30.181],[74.73,30.197],[74.715,30.197],[74.721,30.226],[74.723,30.258],[74.738,30.275],[74.752,30.286],[74.735,30.303],[74.726,30.308],[74.747,30.321],[74.761,30.319],[74.785,30.335],[74.749,30.343],[74.712,30.358],[74.724,30.365],[74.74,30.357],[74.781,30.339],[74.786,30.339],[74.822,30.393],[74.811,30.401],[74.788,30.397],[74.753,30.394],[74.758,30.419],[74.756,30.433],[74.736,30.447],[74.734,30.464],[74.763,30.485],[74.737,30.493],[74.72,30.504],[74.719,30.509],[74.688,30.521],[74.687,30.529],[74.707,30.546],[74.71,30.558],[74.668,30.579],[74.659,30.591],[74.647,30.594],[74.628,30.614],[74.621,30.635],[74.613,30.637],[74.591,30.654],[74.561,30.663],[74.502,30.667],[74.483,30.674],[74.474,30.698],[74.47,30.743],[74.475,30.749],[74.517,30.765],[74.532,30.78],[74.546,30.788],[74.578,30.803],[74.599,30.805],[74.613,30.824],[74.625,30.831],[74.647,30.815],[74.665,30.83],[74.683,30.822],[74.693,30.826],[74.729,30.818],[74.745,30.82],[74.756,30.811],[74.771,30.812],[74.782,30.803],[74.785,30.792],[74.807,30.785],[74.813,30.768],[74.823,30.764],[74.84,30.766],[74.86,30.742],[74.88,30.744],[74.888,30.739],[74.911,30.736],[74.913,30.725],[74.906,30.707],[74.915,30.68],[74.955,30.674],[74.958,30.657],[74.951,30.643],[74.954,30.634],[74.949,30.619],[74.949,30.601],[74.954,30.59],[74.917,30.585],[74.905,30.564],[74.904,30.549],[74.927,30.539],[74.931,30.554],[74.946,30.57],[74.979,30.543],[74.992,30.543],[74.997,30.534],[74.992,30.525],[74.992,30.497],[75.008,30.488],[75.021,30.49],[75.035,30.504],[75.045,30.499],[75.061,30.503],[75.085,30.528],[75.11,30.52],[75.13,30.522],[75.132,30.531],[75.121,30.553],[75.123,30.562],[75.14,30.579],[75.163,30.577],[75.175,30.563],[75.182,30.537],[75.182,30.518],[75.187,30.506],[75.21,30.516],[75.222,30.508],[75.267,30.519],[75.282,30.508],[75.293,30.51],[75.295,30.516],[75.315,30.535],[75.329,30.535],[75.34,30.516],[75.364,30.514],[75.405,30.532],[75.421,30.551],[75.41,30.56],[75.408,30.582],[75.428,30.583],[75.442,30.594],[75.465,30.604],[75.495,30.598],[75.518,30.599],[75.52,30.607],[75.532,30.611],[75.54,30.594],[75.554,30.603],[75.558,30.613],[75.546,30.617],[75.551,30.633],[75.585,30.624],[75.595,30.616],[75.613,30.622],[75.626,30.614],[75.656,30.635],[75.67,30.65],[75.687,30.65],[75.695,30.638],[75.711,30.64],[75.727,30.618],[75.74,30.629],[75.766,30.635],[75.789,30.623],[75.8,30.631],[75.781,30.643],[75.77,30.672],[75.785,30.671],[75.791,30.66],[75.817,30.664],[75.826,30.679],[75.843,30.686],[75.854,30.671],[75.872,30.677],[75.881,30.675],[75.895,30.66],[75.897,30.646],[75.876,30.638],[75.876,30.63],[75.89,30.62],[75.89,30.61],[75.905,30.604],[75.919,30.609],[75.931,30.596],[75.929,30.576],[75.938,30.569],[75.958,30.576],[75.963,30.588],[75.984,30.597],[76.004,30.602],[76.007,30.611],[76.028,30.615],[76.036,30.589],[76.059,30.579],[76.072,30.564],[76.084,30.562],[76.089,30.567],[76.107,30.562],[76.113,30.59],[76.124,30.596],[76.115,30.614],[76.13,30.63],[76.151,30.638],[76.153,30.653],[76.167,30.66],[76.174,30.678],[76.186,30.666],[76.198,30.674],[76.216,30.678],[76.226,30.689],[76.241,30.68],[76.266,30.675],[76.282,30.681],[76.299,30.679],[76.306,30.667],[76.318,30.662],[76.33,30.666],[76.345,30.679],[76.35,30.693],[76.347,30.711],[76.327,30.709],[76.313,30.726],[76.291,30.713],[76.269,30.737],[76.265,30.765],[76.252,30.8],[76.262,30.821],[76.255,30.836],[76.282,30.875],[76.311,30.873],[76.328,30.86],[76.337,30.859],[76.329,30.85],[76.348,30.83],[76.38,30.834],[76.392,30.831],[76.391,30.812],[76.409,30.808],[76.42,30.798],[76.417,30.779],[76.408,30.771],[76.41,30.758],[76.443,30.76],[76.471,30.746],[76.483,30.75],[76.495,30.746],[76.508,30.75],[76.533,30.765],[76.545,30.747],[76.538,30.738],[76.545,30.727],[76.531,30.723],[76.524,30.709],[76.547,30.71],[76.554,30.702],[76.555,30.691],[76.564,30.688],[76.571,30.674],[76.562,30.671],[76.548,30.654],[76.534,30.648],[76.537,30.641],[76.557,30.628],[76.556,30.641],[76.58,30.647],[76.595,30.661],[76.631,30.678],[76.637,30.675],[76.639,30.657],[76.63,30.646],[76.629,30.629],[76.633,30.62],[76.651,30.626],[76.664,30.6],[76.668,30.584],[76.688,30.593],[76.684,30.578],[76.692,30.569],[76.704,30.573],[76.704,30.587],[76.721,30.586],[76.723,30.562],[76.734,30.543],[76.746,30.532],[76.79,30.506],[76.805,30.478],[76.792,30.449],[76.77,30.434],[76.761,30.423],[76.738,30.416],[76.739,30.401],[76.713,30.39],[76.717,30.377],[76.731,30.373],[76.724,30.361],[76.743,30.363],[76.751,30.356],[76.736,30.34],[76.71,30.321],[76.701,30.322],[76.683,30.315],[76.685,30.309],[76.675,30.296],[76.664,30.295],[76.627,30.271],[76.593,30.266],[76.558,30.255],[76.56,30.231],[76.588,30.252],[76.603,30.25],[76.612,30.236],[76.622,30.231],[76.624,30.222],[76.616,30.211],[76.645,30.206],[76.651,30.202],[76.651,30.181],[76.635,30.166],[76.64,30.151]],[[75.405,31.594],[75.413,31.599],[75.421,31.623],[75.468,31.635],[75.476,31.651],[75.498,31.642],[75.511,31.644],[75.531,31.64],[75.533,31.65],[75.545,31.649],[75.557,31.641],[75.571,31.638],[75.569,31.611],[75.595,31.605],[75.598,31.586],[75.604,31.577],[75.6,31.567],[75.586,31.572],[75.582,31.553],[75.561,31.548],[75.547,31.557],[75.535,31.552],[75.55,31.535],[75.522,31.531],[75.523,31.506],[75.526,31.494],[75.518,31.489],[75.527,31.48],[75.52,31.473],[75.503,31.484],[75.497,31.496],[75.482,31.502],[75.461,31.505],[75.447,31.501],[75.446,31.491],[75.471,31.456],[75.463,31.437],[75.453,31.438],[75.444,31.429],[75.441,31.418],[75.456,31.409],[75.447,31.397],[75.452,31.389],[75.476,31.387],[75.488,31.392],[75.491,31.402],[75.514,31.39],[75.511,31.377],[75.476,31.374],[75.482,31.366],[75.503,31.368],[75.5,31.346],[75.49,31.323],[75.47,31.322],[75.451,31.315],[75.461,31.303],[75.456,31.285],[75.491,31.271],[75.462,31.238],[75.447,31.243],[75.426,31.229],[75.421,31.242],[75.405,31.248],[75.392,31.246],[75.384,31.234],[75.364,31.237],[75.346,31.232],[75.336,31.217],[75.324,31.209],[75.303,31.207],[75.299,31.194],[75.273,31.179],[75.276,31.16],[75.27,31.148],[75.254,31.154],[75.229,31.155],[75.226,31.174],[75.213,31.186],[75.195,31.182],[75.188,31.167],[75.178,31.165],[75.13,31.169],[75.12,31.157],[75.105,31.151],[75.081,31.153],[75.074,31.144],[75.051,31.159],[75.039,31.162],[75.024,31.156],[75.023,31.148],[75.007,31.145],[75.015,31.128],[75.008,31.12],[74.984,31.136],[74.949,31.15],[74.989,31.159],[74.998,31.171],[75.012,31.173],[75.035,31.188],[75.051,31.192],[75.053,31.202],[75.062,31.211],[75.063,31.225],[75.07,31.238],[75.081,31.248],[75.084,31.272],[75.111,31.31],[75.12,31.319],[75.134,31.311],[75.146,31.322],[75.146,31.334],[75.167,31.356],[75.16,31.364],[75.19,31.408],[75.188,31.418],[75.192,31.432],[75.211,31.438],[75.217,31.423],[75.227,31.424],[75.231,31.443],[75.237,31.461],[75.246,31.456],[75.262,31.476],[75.28,31.483],[75.286,31.483],[75.298,31.503],[75.319,31.529],[75.319,31.539],[75.376,31.58],[75.399,31.582],[75.405,31.594]],[[75.892,31.276],[75.902,31.256],[75.875,31.244],[75.87,31.245],[75.876,31.267],[75.872,31.274],[75.842,31.284],[75.84,31.277],[75.858,31.245],[75.851,31.235],[75.812,31.222],[75.785,31.205],[75.788,31.199],[75.781,31.196],[75.777,31.183],[75.779,31.166],[75.738,31.163],[75.707,31.166],[75.697,31.176],[75.698,31.189],[75.687,31.197],[75.692,31.212],[75.71,31.216],[75.712,31.223],[75.706,31.24],[75.684,31.232],[75.671,31.241],[75.681,31.266],[75.674,31.271],[75.676,31.285],[75.697,31.299],[75.686,31.307],[75.686,31.319],[75.72,31.316],[75.723,31.322],[75.701,31.347],[75.712,31.349],[75.729,31.344],[75.739,31.33],[75.76,31.33],[75.763,31.347],[75.788,31.363],[75.788,31.37],[75.8,31.374],[75.812,31.371],[75.817,31.361],[75.831,31.362],[75.832,31.372],[75.846,31.372],[75.855,31.365],[75.858,31.351],[75.879,31.356],[75.897,31.34],[75.886,31.335],[75.867,31.319],[75.868,31.312],[75.854,31.296],[75.866,31.29],[75.885,31.291],[75.892,31.276]]]}},
{"type":"Feature","properties":{"name":"Rajasthan","std":"Rajasthan","kind":"state","covers":["Rajasthan"],"part":"B"},"geometry":{"type":"Polygon","coordinates":[[[76.863,28.22],[76.842,28.22],[76.833,28.21],[76.815,28.211],[76.815,28.195],[76.799,28.189],[76.805,28.165],[76.8,28.152],[76.764,28.141],[76.748,28.124],[76.719,28.127],[76.708,28.111],[76.699,28.11],[76.691,28.093],[76.66,28.092],[76.657,28.087],[76.657,28.063],[76.66,28.039],[76.668,28.029],[76.669,28.014],[76.645,28.006],[76.607,28.005],[76.592,27.995],[76.576,27.979],[76.555,27.966],[76.539,27.974],[76.547,28.012],[76.547,28.034],[76.534,28.041],[76.52,28.03],[76.508,28.031],[76.501,28.042],[76.484,28.039],[76.464,28.042],[76.466,28.057],[76.492,28.053],[76.506,28.06],[76.478,28.081],[76.472,28.079],[76.457,28.088],[76.465,28.106],[76.481,28.108],[76.486,28.101],[76.506,28.102],[76.507,28.118],[76.498,28.129],[76.479,28.134],[76.481,28.145],[76.446,28.147],[76.436,28.141],[76.406,28.143],[76.402,28.136],[76.385,28.133],[76.368,28.139],[76.362,28.161],[76.344,28.173],[76.316,28.179],[76.287,28.174],[76.287,28.164],[76.307,28.158],[76.331,28.145],[76.339,28.134],[76.364,28.124],[76.352,28.108],[76.34,28.102],[76.316,28.107],[76.306,28.096],[76.329,28.09],[76.346,28.068],[76.359,28.071],[76.362,28.061],[76.345,28.025],[76.325,28.016],[76.298,28.025],[76.298,28.044],[76.28,28.062],[76.259,28.066],[76.252,28.064],[76.242,28.052],[76.216,28.051],[76.208,28.056],[76.185,28.055],[76.185,28.044],[76.212,28.026],[76.204,28.017],[76.182,28.017],[76.167,28],[76.162,27.988],[76.169,27.976],[76.187,27.968],[76.183,27.937],[76.176,27.924],[76.178,27.905],[76.207,27.894],[76.208,27.883],[76.198,27.877],[76.201,27.859],[76.213,27.851],[76.214,27.843],[76.231,27.836],[76.216,27.824],[76.202,27.827],[76.188,27.808],[76.181,27.803],[76.15,27.823],[76.135,27.829],[76.136,27.842],[76.13,27.85],[76.096,27.864],[76.088,27.847],[76.068,27.853],[76.057,27.843],[76.017,27.858],[76.013,27.853],[75.983,27.86],[75.983,27.889],[75.975,27.895],[75.985,27.905],[75.964,27.915],[75.936,27.912],[75.931,27.929],[75.946,27.947],[75.952,27.936],[75.971,27.933],[75.981,27.954],[75.976,27.958],[75.995,27.98],[75.981,27.98],[75.963,27.984],[75.964,27.997],[75.997,28],[75.994,28.01],[75.981,28.014],[75.982,28.033],[75.999,28.036],[76.018,28.032],[76.025,28.052],[76.041,28.064],[76.039,28.08],[76.023,28.077],[76.01,28.056],[75.992,28.046],[75.982,28.053],[75.996,28.066],[75.985,28.08],[75.967,28.08],[75.944,28.089],[75.95,28.101],[75.985,28.123],[75.999,28.124],[76.004,28.131],[76.003,28.146],[76.019,28.153],[76.036,28.168],[76.075,28.163],[76.073,28.14],[76.091,28.138],[76.101,28.151],[76.083,28.168],[76.074,28.195],[76.053,28.199],[76.061,28.22],[76.045,28.223],[76.019,28.237],[76.016,28.249],[76.027,28.277],[75.995,28.292],[75.976,28.32],[75.963,28.314],[75.965,28.334],[75.936,28.341],[75.937,28.352],[75.931,28.365],[75.905,28.376],[75.898,28.39],[75.891,28.383],[75.88,28.387],[75.843,28.394],[75.837,28.405],[75.811,28.41],[75.796,28.401],[75.779,28.404],[75.774,28.417],[75.793,28.435],[75.793,28.447],[75.787,28.454],[75.743,28.469],[75.745,28.483],[75.698,28.495],[75.672,28.517],[75.674,28.53],[75.645,28.544],[75.637,28.542],[75.627,28.585],[75.628,28.596],[75.618,28.602],[75.593,28.603],[75.585,28.613],[75.564,28.611],[75.557,28.64],[75.548,28.645],[75.548,28.673],[75.545,28.679],[75.539,28.729],[75.525,28.769],[75.507,28.784],[75.513,28.793],[75.512,28.806],[75.517,28.812],[75.522,28.833],[75.506,28.853],[75.497,28.856],[75.497,28.895],[75.476,28.923],[75.478,28.935],[75.506,28.938],[75.512,28.958],[75.525,28.972],[75.525,28.979],[75.52,29.008],[75.514,29.012],[75.482,29.017],[75.444,29.014],[75.442,29.019],[75.45,29.038],[75.439,29.053],[75.439,29.062],[75.39,29.067],[75.392,29.092],[75.39,29.108],[75.405,29.126],[75.37,29.14],[75.377,29.148],[75.378,29.167],[75.398,29.168],[75.41,29.186],[75.406,29.211],[75.395,29.218],[75.397,29.226],[75.409,29.237],[75.405,29.259],[75.389,29.261],[75.367,29.252],[75.359,29.245],[75.355,29.223],[75.324,29.233],[75.332,29.249],[75.335,29.276],[75.329,29.291],[75.309,29.279],[75.286,29.271],[75.281,29.252],[75.259,29.254],[75.244,29.249],[75.233,29.232],[75.221,29.232],[75.204,29.242],[75.189,29.266],[75.173,29.262],[75.17,29.251],[75.157,29.243],[75.123,29.241],[75.117,29.224],[75.087,29.23],[75.072,29.237],[75.074,29.244],[75.06,29.262],[75.059,29.27],[75.049,29.285],[75.033,29.289],[75.015,29.282],[75,29.27],[74.986,29.279],[74.962,29.28],[74.949,29.303],[74.959,29.317],[74.955,29.331],[74.945,29.336],[74.936,29.363],[74.919,29.369],[74.897,29.385],[74.88,29.383],[74.873,29.395],[74.859,29.401],[74.818,29.397],[74.785,29.359],[74.74,29.352],[74.72,29.368],[74.697,29.364],[74.659,29.371],[74.652,29.353],[74.65,29.33],[74.604,29.327],[74.609,29.353],[74.599,29.37],[74.582,29.385],[74.579,29.405],[74.561,29.421],[74.54,29.424],[74.538,29.449],[74.543,29.464],[74.58,29.461],[74.588,29.458],[74.6,29.479],[74.602,29.491],[74.621,29.519],[74.62,29.531],[74.608,29.536],[74.581,29.555],[74.579,29.585],[74.584,29.627],[74.595,29.634],[74.588,29.654],[74.594,29.674],[74.603,29.691],[74.613,29.721],[74.611,29.74],[74.615,29.752],[74.602,29.766],[74.588,29.766],[74.581,29.753],[74.547,29.753],[74.535,29.741],[74.521,29.74],[74.481,29.744],[74.475,29.787],[74.48,29.802],[74.501,29.826],[74.542,29.839],[74.563,29.865],[74.553,29.888],[74.543,29.902],[74.515,29.907],[74.529,29.943],[74.476,29.944],[74.452,29.947],[74.438,29.949],[74.413,29.947],[74.365,29.95],[74.301,29.956],[74.261,29.956],[74.233,29.96],[74.195,29.961],[74.164,29.964],[74.078,29.97],[74.012,29.971],[73.986,29.97],[73.942,29.972],[73.9,29.971],[73.89,29.998],[73.895,30.019],[73.908,30.055],[73.927,30.07],[73.952,30.1],[73.972,30.129],[73.97,30.145],[73.973,30.173],[73.978,30.186],[73.976,30.196],[73.967,30.187],[73.933,30.169],[73.905,30.151],[73.893,30.14],[73.847,30.11],[73.815,30.084],[73.803,30.071],[73.763,30.058],[73.718,30.049],[73.662,30.033],[73.62,30.025],[73.57,30.008],[73.549,29.998],[73.527,29.992],[73.509,29.984],[73.484,29.977],[73.408,29.946],[73.394,29.929],[73.374,29.856],[73.367,29.839],[73.348,29.772],[73.32,29.689],[73.305,29.636],[73.293,29.607],[73.282,29.569],[73.271,29.546],[73.229,29.482],[73.209,29.445],[73.198,29.431],[73.178,29.392],[73.154,29.353],[73.144,29.332],[73.108,29.275],[73.099,29.257],[73.085,29.236],[73.061,29.21],[73.042,29.191],[72.999,29.143],[72.992,29.121],[72.959,29.056],[72.949,29.033],[72.934,29.023],[72.893,29.007],[72.867,29],[72.849,28.991],[72.747,28.952],[72.716,28.939],[72.648,28.903],[72.593,28.87],[72.556,28.853],[72.524,28.833],[72.489,28.815],[72.451,28.798],[72.407,28.783],[72.389,28.769],[72.35,28.725],[72.348,28.721],[72.312,28.686],[72.294,28.655],[72.287,28.625],[72.27,28.58],[72.264,28.555],[72.257,28.541],[72.236,28.484],[72.205,28.39],[72.191,28.374],[72.169,28.355],[72.129,28.309],[72.069,28.266],[72.047,28.249],[72.021,28.232],[71.999,28.214],[71.968,28.171],[71.944,28.146],[71.932,28.128],[71.924,28.097],[71.922,28.081],[71.914,28.054],[71.913,28.032],[71.907,28.003],[71.903,27.975],[71.898,27.963],[71.86,27.947],[71.767,27.916],[71.699,27.889],[71.665,27.879],[71.659,27.876],[71.605,27.875],[71.587,27.877],[71.531,27.872],[71.448,27.874],[71.419,27.872],[71.41,27.873],[71.381,27.87],[71.273,27.85],[71.23,27.837],[71.208,27.833],[71.173,27.821],[71.086,27.786],[71.069,27.777],[71.033,27.766],[70.95,27.729],[70.905,27.71],[70.883,27.708],[70.856,27.712],[70.817,27.714],[70.768,27.725],[70.738,27.752],[70.721,27.783],[70.687,27.828],[70.68,27.87],[70.681,27.891],[70.677,27.924],[70.668,27.935],[70.619,27.977],[70.592,28.01],[70.548,28.029],[70.497,28.037],[70.476,28.033],[70.442,28.022],[70.392,28.013],[70.374,28.012],[70.355,27.996],[70.31,27.949],[70.294,27.937],[70.253,27.916],[70.225,27.898],[70.197,27.867],[70.154,27.827],[70.135,27.807],[70.121,27.781],[70.113,27.756],[70.101,27.733],[70.096,27.716],[70.075,27.664],[70.059,27.635],[70.04,27.586],[70.025,27.561],[69.965,27.523],[69.941,27.502],[69.926,27.484],[69.913,27.46],[69.897,27.438],[69.872,27.409],[69.835,27.382],[69.811,27.363],[69.79,27.35],[69.764,27.325],[69.705,27.285],[69.672,27.254],[69.654,27.233],[69.611,27.198],[69.59,27.183],[69.563,27.123],[69.552,27.103],[69.539,27.065],[69.515,27.014],[69.499,26.872],[69.488,26.832],[69.484,26.808],[69.49,26.79],[69.506,26.753],[69.515,26.742],[69.553,26.728],[69.604,26.705],[69.638,26.692],[69.67,26.677],[69.711,26.662],[69.737,26.646],[69.776,26.614],[69.801,26.599],[69.839,26.589],[69.879,26.581],[69.974,26.588],[70.003,26.592],[70.048,26.601],[70.099,26.595],[70.119,26.587],[70.139,26.573],[70.164,26.56],[70.173,26.551],[70.176,26.538],[70.179,26.506],[70.183,26.484],[70.178,26.426],[70.184,26.375],[70.184,26.361],[70.166,26.301],[70.166,26.287],[70.174,26.257],[70.172,26.231],[70.166,26.214],[70.147,26.17],[70.136,26.153],[70.086,26.088],[70.086,26.062],[70.092,25.993],[70.099,25.935],[70.124,25.902],[70.134,25.885],[70.156,25.855],[70.169,25.83],[70.194,25.816],[70.215,25.799],[70.235,25.777],[70.252,25.753],[70.263,25.719],[70.276,25.709],[70.366,25.678],[70.391,25.674],[70.417,25.679],[70.482,25.685],[70.524,25.685],[70.557,25.695],[70.594,25.712],[70.609,25.715],[70.639,25.715],[70.658,25.706],[70.668,25.689],[70.673,25.669],[70.669,25.597],[70.668,25.532],[70.679,25.527],[70.671,25.456],[70.671,25.425],[70.665,25.398],[70.714,25.353],[70.735,25.329],[70.75,25.283],[70.758,25.273],[70.787,25.247],[70.801,25.231],[70.847,25.189],[70.886,25.151],[70.896,25.102],[70.905,25.052],[70.917,25.002],[70.936,24.941],[70.947,24.921],[70.969,24.896],[70.976,24.884],[70.995,24.859],[71.003,24.842],[71.014,24.828],[71.026,24.805],[71.041,24.767],[71.053,24.745],[71.063,24.718],[71.091,24.689],[71.098,24.687],[71.11,24.675],[71.162,24.655],[71.188,24.648],[71.289,24.613],[71.301,24.626],[71.309,24.641],[71.318,24.648],[71.348,24.659],[71.359,24.632],[71.372,24.626],[71.381,24.633],[71.391,24.632],[71.399,24.639],[71.414,24.643],[71.443,24.663],[71.466,24.668],[71.48,24.678],[71.515,24.68],[71.529,24.683],[71.544,24.675],[71.575,24.681],[71.59,24.668],[71.609,24.675],[71.637,24.657],[71.643,24.644],[71.654,24.637],[71.679,24.644],[71.709,24.658],[71.738,24.658],[71.777,24.672],[71.792,24.674],[71.806,24.664],[71.81,24.649],[71.805,24.625],[71.814,24.62],[71.84,24.618],[71.851,24.607],[71.862,24.627],[71.856,24.653],[71.864,24.675],[71.875,24.679],[71.887,24.669],[71.905,24.673],[71.919,24.665],[71.912,24.649],[71.928,24.63],[71.961,24.641],[71.987,24.66],[71.983,24.67],[71.988,24.68],[72.001,24.689],[72.035,24.698],[72.046,24.708],[72.079,24.7],[72.086,24.677],[72.076,24.671],[72.079,24.655],[72.11,24.636],[72.145,24.636],[72.156,24.618],[72.18,24.612],[72.211,24.622],[72.224,24.635],[72.243,24.623],[72.268,24.624],[72.288,24.615],[72.294,24.618],[72.309,24.611],[72.325,24.614],[72.335,24.625],[72.348,24.62],[72.344,24.604],[72.337,24.595],[72.308,24.587],[72.295,24.602],[72.271,24.601],[72.245,24.582],[72.266,24.552],[72.284,24.56],[72.289,24.54],[72.327,24.544],[72.328,24.558],[72.352,24.554],[72.381,24.502],[72.392,24.502],[72.416,24.51],[72.437,24.506],[72.443,24.495],[72.433,24.481],[72.431,24.462],[72.451,24.44],[72.458,24.422],[72.459,24.409],[72.482,24.407],[72.502,24.411],[72.505,24.42],[72.495,24.452],[72.506,24.449],[72.509,24.466],[72.537,24.506],[72.569,24.489],[72.583,24.474],[72.654,24.457],[72.688,24.461],[72.693,24.453],[72.688,24.442],[72.689,24.42],[72.702,24.392],[72.713,24.376],[72.728,24.362],[72.744,24.358],[72.768,24.361],[72.811,24.359],[72.825,24.365],[72.864,24.366],[72.88,24.361],[72.896,24.352],[72.92,24.327],[72.929,24.336],[72.942,24.339],[72.961,24.351],[72.987,24.364],[72.983,24.375],[72.96,24.392],[72.975,24.406],[72.987,24.421],[72.985,24.433],[72.977,24.451],[73.009,24.482],[73.018,24.465],[73.047,24.465],[73.054,24.473],[73.091,24.495],[73.095,24.491],[73.095,24.472],[73.104,24.457],[73.105,24.432],[73.103,24.42],[73.093,24.417],[73.081,24.394],[73.094,24.385],[73.107,24.387],[73.124,24.369],[73.142,24.363],[73.166,24.35],[73.187,24.355],[73.208,24.375],[73.228,24.364],[73.213,24.35],[73.208,24.334],[73.183,24.335],[73.181,24.309],[73.17,24.301],[73.147,24.31],[73.141,24.308],[73.135,24.28],[73.112,24.262],[73.097,24.237],[73.107,24.231],[73.088,24.221],[73.079,24.185],[73.112,24.153],[73.119,24.14],[73.143,24.122],[73.151,24.122],[73.168,24.111],[73.188,24.106],[73.196,24.108],[73.22,24.098],[73.205,24.066],[73.197,24.057],[73.197,24.045],[73.219,24.032],[73.225,24.024],[73.249,24.011],[73.271,24.027],[73.287,24.027],[73.303,24.051],[73.323,24.062],[73.331,24.082],[73.328,24.103],[73.332,24.114],[73.366,24.112],[73.366,24.087],[73.393,24.072],[73.41,24.05],[73.406,24.015],[73.407,23.997],[73.418,23.974],[73.416,23.953],[73.416,23.922],[73.404,23.915],[73.392,23.916],[73.383,23.905],[73.356,23.854],[73.366,23.838],[73.366,23.814],[73.357,23.791],[73.372,23.766],[73.386,23.768],[73.396,23.783],[73.417,23.778],[73.428,23.761],[73.447,23.752],[73.451,23.739],[73.469,23.725],[73.475,23.708],[73.482,23.704],[73.498,23.706],[73.507,23.696],[73.507,23.672],[73.503,23.657],[73.508,23.644],[73.497,23.634],[73.51,23.616],[73.523,23.61],[73.549,23.63],[73.567,23.652],[73.605,23.653],[73.615,23.65],[73.639,23.63],[73.657,23.622],[73.646,23.606],[73.646,23.574],[73.635,23.561],[73.633,23.53],[73.655,23.513],[73.655,23.503],[73.64,23.495],[73.637,23.472],[73.629,23.451],[73.649,23.439],[73.665,23.451],[73.69,23.458],[73.701,23.454],[73.714,23.417],[73.723,23.411],[73.73,23.423],[73.761,23.457],[73.78,23.433],[73.791,23.434],[73.824,23.445],[73.834,23.439],[73.833,23.429],[73.864,23.394],[73.876,23.366],[73.892,23.351],[73.891,23.335],[73.911,23.334],[73.936,23.34],[73.94,23.344],[73.944,23.372],[73.959,23.38],[73.968,23.375],[73.981,23.358],[73.988,23.336],[74.012,23.332],[74.03,23.33],[74.027,23.318],[74.035,23.304],[74.045,23.309],[74.046,23.293],[74.087,23.296],[74.104,23.292],[74.111,23.275],[74.127,23.271],[74.133,23.263],[74.137,23.225],[74.122,23.205],[74.12,23.19],[74.124,23.177],[74.143,23.173],[74.152,23.156],[74.18,23.15],[74.186,23.156],[74.187,23.17],[74.205,23.19],[74.247,23.176],[74.259,23.169],[74.269,23.154],[74.277,23.128],[74.286,23.117],[74.28,23.104],[74.28,23.093],[74.308,23.077],[74.32,23.06],[74.346,23.069],[74.357,23.078],[74.359,23.088],[74.389,23.11],[74.412,23.109],[74.431,23.103],[74.443,23.091],[74.465,23.083],[74.51,23.086],[74.512,23.093],[74.534,23.099],[74.546,23.116],[74.544,23.13],[74.606,23.142],[74.624,23.16],[74.653,23.179],[74.668,23.199],[74.686,23.194],[74.714,23.192],[74.745,23.209],[74.75,23.228],[74.74,23.227],[74.718,23.217],[74.701,23.217],[74.694,23.226],[74.721,23.24],[74.7,23.269],[74.672,23.272],[74.651,23.258],[74.631,23.261],[74.625,23.273],[74.614,23.282],[74.585,23.282],[74.576,23.295],[74.566,23.296],[74.557,23.283],[74.547,23.284],[74.534,23.307],[74.532,23.32],[74.518,23.319],[74.519,23.329],[74.537,23.331],[74.541,23.336],[74.544,23.361],[74.559,23.362],[74.571,23.381],[74.572,23.417],[74.597,23.427],[74.612,23.449],[74.612,23.459],[74.658,23.464],[74.668,23.481],[74.68,23.482],[74.686,23.493],[74.71,23.503],[74.725,23.496],[74.733,23.498],[74.742,23.517],[74.763,23.522],[74.773,23.54],[74.784,23.545],[74.796,23.543],[74.802,23.531],[74.819,23.538],[74.83,23.547],[74.851,23.554],[74.861,23.569],[74.869,23.572],[74.874,23.587],[74.886,23.603],[74.898,23.609],[74.906,23.62],[74.922,23.619],[74.94,23.627],[74.939,23.64],[74.93,23.645],[74.924,23.665],[74.91,23.674],[74.91,23.685],[74.923,23.694],[74.924,23.716],[74.941,23.732],[74.932,23.755],[74.94,23.763],[74.938,23.774],[74.928,23.795],[74.91,23.798],[74.916,23.843],[74.907,23.853],[74.905,23.865],[74.915,23.909],[74.924,23.922],[74.921,23.933],[74.93,23.938],[74.942,23.957],[74.964,23.97],[74.973,23.988],[74.973,24],[74.988,24.011],[74.993,24.026],[74.982,24.038],[74.98,24.069],[74.966,24.079],[74.96,24.107],[74.94,24.118],[74.937,24.136],[74.925,24.142],[74.928,24.154],[74.901,24.171],[74.898,24.184],[74.881,24.213],[74.887,24.222],[74.906,24.231],[74.905,24.243],[74.898,24.246],[74.895,24.258],[74.876,24.275],[74.854,24.267],[74.833,24.268],[74.816,24.274],[74.791,24.269],[74.773,24.269],[74.755,24.276],[74.758,24.293],[74.784,24.314],[74.787,24.346],[74.785,24.364],[74.803,24.384],[74.813,24.406],[74.826,24.405],[74.828,24.42],[74.858,24.448],[74.858,24.46],[74.842,24.464],[74.834,24.457],[74.819,24.459],[74.825,24.476],[74.815,24.489],[74.793,24.49],[74.78,24.48],[74.767,24.488],[74.758,24.486],[74.736,24.501],[74.731,24.507],[74.714,24.506],[74.716,24.52],[74.729,24.532],[74.748,24.533],[74.749,24.549],[74.758,24.561],[74.749,24.594],[74.791,24.608],[74.784,24.634],[74.796,24.652],[74.818,24.669],[74.814,24.683],[74.793,24.681],[74.777,24.683],[74.778,24.694],[74.791,24.724],[74.781,24.74],[74.804,24.752],[74.8,24.792],[74.811,24.793],[74.82,24.762],[74.836,24.729],[74.85,24.706],[74.851,24.695],[74.868,24.687],[74.874,24.666],[74.889,24.654],[74.904,24.653],[74.945,24.659],[74.966,24.691],[74.965,24.697],[75.001,24.705],[74.992,24.73],[74.995,24.749],[75.022,24.749],[75.023,24.769],[75.014,24.79],[75,24.794],[74.972,24.788],[74.947,24.788],[74.931,24.792],[74.923,24.785],[74.911,24.785],[74.906,24.794],[74.886,24.799],[74.879,24.81],[74.86,24.81],[74.859,24.791],[74.85,24.789],[74.839,24.805],[74.859,24.815],[74.86,24.826],[74.857,24.85],[74.841,24.877],[74.841,24.89],[74.828,24.896],[74.825,24.912],[74.826,24.937],[74.834,24.964],[74.855,24.971],[74.864,24.963],[74.869,24.934],[74.891,24.938],[74.902,24.936],[74.914,24.925],[74.908,24.904],[74.914,24.896],[74.932,24.891],[74.95,24.891],[74.946,24.875],[74.965,24.871],[74.979,24.874],[75.014,24.871],[75.036,24.855],[75.045,24.856],[75.075,24.884],[75.083,24.886],[75.092,24.876],[75.121,24.885],[75.117,24.908],[75.121,24.915],[75.117,24.958],[75.122,24.972],[75.136,24.972],[75.143,24.98],[75.166,24.988],[75.171,25.01],[75.167,25.019],[75.157,25.025],[75.161,25.042],[75.176,25.05],[75.197,25.034],[75.208,25.039],[75.229,25.035],[75.24,25.038],[75.258,25.036],[75.281,25.041],[75.295,25.039],[75.313,25.042],[75.352,25.038],[75.353,25.021],[75.332,25.014],[75.321,25.003],[75.325,24.997],[75.325,24.978],[75.34,24.959],[75.337,24.947],[75.328,24.934],[75.32,24.903],[75.314,24.907],[75.305,24.927],[75.302,24.943],[75.293,24.948],[75.288,24.973],[75.278,24.973],[75.269,24.958],[75.278,24.937],[75.287,24.933],[75.29,24.923],[75.281,24.914],[75.269,24.911],[75.262,24.896],[75.264,24.886],[75.29,24.876],[75.296,24.868],[75.313,24.866],[75.328,24.883],[75.352,24.881],[75.374,24.874],[75.41,24.888],[75.427,24.889],[75.419,24.86],[75.402,24.851],[75.366,24.839],[75.346,24.829],[75.332,24.828],[75.315,24.81],[75.303,24.812],[75.3,24.823],[75.286,24.846],[75.273,24.853],[75.244,24.857],[75.229,24.855],[75.25,24.877],[75.252,24.892],[75.243,24.899],[75.225,24.886],[75.221,24.903],[75.21,24.894],[75.203,24.881],[75.23,24.844],[75.243,24.843],[75.254,24.833],[75.249,24.818],[75.219,24.817],[75.208,24.806],[75.205,24.785],[75.194,24.785],[75.189,24.757],[75.197,24.756],[75.219,24.719],[75.23,24.731],[75.251,24.725],[75.269,24.729],[75.306,24.717],[75.353,24.713],[75.366,24.706],[75.399,24.701],[75.454,24.689],[75.486,24.694],[75.508,24.706],[75.537,24.716],[75.551,24.712],[75.555,24.71],[75.584,24.719],[75.616,24.684],[75.637,24.687],[75.662,24.698],[75.683,24.724],[75.745,24.756],[75.763,24.761],[75.775,24.758],[75.789,24.761],[75.808,24.752],[75.831,24.732],[75.842,24.726],[75.845,24.713],[75.831,24.664],[75.847,24.665],[75.852,24.649],[75.847,24.635],[75.849,24.627],[75.837,24.62],[75.831,24.609],[75.842,24.605],[75.855,24.61],[75.877,24.603],[75.879,24.587],[75.887,24.578],[75.914,24.573],[75.92,24.567],[75.909,24.556],[75.91,24.546],[75.923,24.54],[75.925,24.523],[75.912,24.511],[75.895,24.517],[75.894,24.505],[75.908,24.501],[75.915,24.488],[75.911,24.474],[75.912,24.452],[75.906,24.442],[75.864,24.419],[75.85,24.415],[75.832,24.418],[75.815,24.433],[75.818,24.461],[75.808,24.469],[75.794,24.471],[75.789,24.454],[75.759,24.424],[75.758,24.405],[75.738,24.399],[75.742,24.385],[75.74,24.344],[75.759,24.323],[75.767,24.307],[75.783,24.305],[75.8,24.31],[75.815,24.297],[75.815,24.257],[75.829,24.239],[75.81,24.237],[75.808,24.226],[75.794,24.219],[75.776,24.217],[75.77,24.204],[75.772,24.194],[75.753,24.158],[75.746,24.136],[75.764,24.137],[75.781,24.131],[75.792,24.106],[75.805,24.114],[75.814,24.099],[75.833,24.104],[75.835,24.092],[75.832,24.068],[75.782,24.058],[75.782,24.032],[75.773,24.008],[75.765,24.01],[75.764,23.994],[75.75,23.99],[75.74,23.991],[75.737,23.977],[75.725,23.969],[75.702,23.965],[75.697,23.982],[75.685,23.994],[75.688,24.014],[75.679,24.016],[75.671,24.03],[75.661,24.028],[75.643,24.015],[75.636,23.996],[75.599,23.995],[75.585,23.988],[75.571,23.996],[75.573,24.014],[75.533,24.028],[75.516,24.045],[75.493,24.001],[75.466,23.977],[75.463,23.95],[75.459,23.935],[75.458,23.917],[75.489,23.907],[75.505,23.888],[75.518,23.885],[75.539,23.873],[75.564,23.854],[75.571,23.831],[75.561,23.833],[75.557,23.822],[75.567,23.812],[75.585,23.812],[75.584,23.797],[75.618,23.802],[75.625,23.797],[75.651,23.796],[75.661,23.785],[75.678,23.778],[75.686,23.757],[75.689,23.77],[75.7,23.784],[75.692,23.816],[75.715,23.813],[75.724,23.823],[75.717,23.842],[75.726,23.844],[75.729,23.861],[75.708,23.864],[75.7,23.873],[75.704,23.9],[75.712,23.897],[75.73,23.898],[75.752,23.886],[75.761,23.878],[75.763,23.853],[75.782,23.851],[75.796,23.87],[75.805,23.867],[75.82,23.876],[75.855,23.89],[75.869,23.89],[75.881,23.881],[75.891,23.888],[75.908,23.892],[75.923,23.9],[75.934,23.898],[75.951,23.918],[75.978,23.929],[75.983,23.939],[75.983,23.97],[75.979,23.978],[75.963,23.993],[75.963,24.021],[75.976,24.027],[75.993,24.026],[76.029,24.046],[76.036,24.06],[76.046,24.07],[76.066,24.074],[76.102,24.085],[76.108,24.092],[76.126,24.088],[76.137,24.091],[76.132,24.115],[76.14,24.127],[76.135,24.14],[76.134,24.165],[76.123,24.174],[76.126,24.201],[76.155,24.231],[76.157,24.24],[76.145,24.277],[76.153,24.288],[76.172,24.292],[76.175,24.311],[76.189,24.327],[76.209,24.307],[76.198,24.281],[76.207,24.265],[76.209,24.229],[76.219,24.213],[76.226,24.219],[76.251,24.224],[76.28,24.212],[76.29,24.214],[76.293,24.233],[76.321,24.247],[76.338,24.25],[76.356,24.245],[76.395,24.221],[76.403,24.218],[76.415,24.205],[76.426,24.21],[76.427,24.223],[76.439,24.221],[76.457,24.212],[76.467,24.225],[76.478,24.224],[76.483,24.213],[76.5,24.208],[76.512,24.196],[76.514,24.175],[76.527,24.159],[76.558,24.164],[76.583,24.176],[76.581,24.187],[76.569,24.196],[76.575,24.209],[76.59,24.215],[76.601,24.226],[76.591,24.242],[76.618,24.238],[76.62,24.258],[76.644,24.258],[76.651,24.268],[76.662,24.263],[76.683,24.266],[76.689,24.278],[76.697,24.281],[76.701,24.257],[76.706,24.244],[76.692,24.228],[76.681,24.206],[76.678,24.189],[76.688,24.184],[76.705,24.167],[76.725,24.157],[76.733,24.166],[76.759,24.168],[76.773,24.16],[76.795,24.121],[76.805,24.116],[76.819,24.122],[76.832,24.121],[76.86,24.135],[76.877,24.135],[76.882,24.131],[76.904,24.127],[76.915,24.172],[76.92,24.184],[76.937,24.182],[76.948,24.194],[76.947,24.204],[76.936,24.205],[76.923,24.216],[76.921,24.227],[76.902,24.243],[76.878,24.267],[76.868,24.285],[76.863,24.308],[76.849,24.323],[76.843,24.338],[76.841,24.356],[76.853,24.364],[76.854,24.384],[76.847,24.404],[76.855,24.433],[76.845,24.438],[76.856,24.465],[76.851,24.483],[76.839,24.494],[76.819,24.53],[76.85,24.546],[76.871,24.545],[76.879,24.536],[76.88,24.522],[76.893,24.522],[76.904,24.543],[76.917,24.539],[76.923,24.531],[76.919,24.483],[76.946,24.463],[76.965,24.456],[76.979,24.46],[76.984,24.47],[76.997,24.469],[77.029,24.497],[77.029,24.512],[77.037,24.524],[77.055,24.522],[77.058,24.539],[77.069,24.559],[77.068,24.581],[77.063,24.59],[77.066,24.606],[77.064,24.638],[77.042,24.678],[77.038,24.698],[77.024,24.71],[77.009,24.709],[76.997,24.713],[76.977,24.727],[76.968,24.755],[76.951,24.759],[76.926,24.744],[76.908,24.741],[76.891,24.749],[76.865,24.744],[76.85,24.747],[76.851,24.765],[76.84,24.78],[76.82,24.799],[76.807,24.822],[76.816,24.823],[76.842,24.836],[76.868,24.837],[76.9,24.835],[76.92,24.844],[76.931,24.845],[76.948,24.855],[76.954,24.868],[76.919,24.883],[76.918,24.892],[76.93,24.906],[76.912,24.918],[76.896,24.915],[76.898,24.931],[76.877,24.95],[76.871,24.967],[76.875,24.987],[76.874,25.006],[76.882,25.011],[76.887,25.029],[76.906,25.029],[76.959,25.044],[76.974,25.051],[76.977,25.062],[76.989,25.073],[77.011,25.074],[77.023,25.067],[77.035,25.067],[77.05,25.061],[77.082,25.053],[77.096,25.061],[77.12,25.064],[77.134,25.084],[77.163,25.083],[77.175,25.109],[77.194,25.107],[77.203,25.112],[77.226,25.105],[77.247,25.108],[77.268,25.114],[77.29,25.099],[77.301,25.082],[77.308,25.079],[77.338,25.092],[77.354,25.093],[77.374,25.103],[77.374,25.109],[77.392,25.117],[77.396,25.183],[77.409,25.181],[77.424,25.188],[77.412,25.221],[77.397,25.226],[77.386,25.24],[77.369,25.245],[77.366,25.256],[77.355,25.267],[77.373,25.28],[77.381,25.301],[77.378,25.315],[77.37,25.328],[77.355,25.319],[77.342,25.32],[77.35,25.332],[77.362,25.363],[77.351,25.375],[77.35,25.383],[77.367,25.408],[77.36,25.419],[77.35,25.417],[77.311,25.431],[77.289,25.418],[77.266,25.394],[77.231,25.374],[77.226,25.368],[77.223,25.344],[77.224,25.326],[77.204,25.325],[77.206,25.314],[77.196,25.307],[77.179,25.31],[77.159,25.308],[77.121,25.33],[77.081,25.335],[77.069,25.319],[77.058,25.316],[77.045,25.32],[77.04,25.307],[77.03,25.296],[76.998,25.297],[76.964,25.292],[76.958,25.274],[76.947,25.27],[76.934,25.274],[76.934,25.292],[76.91,25.313],[76.898,25.317],[76.872,25.32],[76.848,25.326],[76.827,25.322],[76.778,25.311],[76.775,25.307],[76.728,25.327],[76.72,25.338],[76.708,25.343],[76.686,25.341],[76.662,25.357],[76.641,25.375],[76.63,25.37],[76.615,25.383],[76.607,25.384],[76.604,25.4],[76.594,25.427],[76.579,25.432],[76.566,25.445],[76.565,25.468],[76.547,25.493],[76.543,25.505],[76.525,25.525],[76.527,25.545],[76.515,25.575],[76.521,25.602],[76.52,25.629],[76.505,25.643],[76.516,25.668],[76.494,25.679],[76.483,25.69],[76.488,25.713],[76.508,25.724],[76.532,25.726],[76.536,25.739],[76.528,25.761],[76.535,25.793],[76.555,25.82],[76.572,25.835],[76.591,25.863],[76.603,25.871],[76.622,25.866],[76.637,25.87],[76.641,25.891],[76.647,25.901],[76.68,25.907],[76.72,25.896],[76.739,25.897],[76.768,25.917],[76.759,25.927],[76.766,25.937],[76.783,25.934],[76.801,25.939],[76.812,25.948],[76.825,25.966],[76.824,25.979],[76.843,25.997],[76.846,26.006],[76.836,26.024],[76.851,26.034],[76.877,26.051],[76.888,26.073],[76.889,26.081],[76.901,26.093],[76.935,26.097],[76.945,26.101],[77.001,26.133],[77.011,26.154],[77.03,26.171],[77.059,26.181],[77.091,26.182],[77.103,26.19],[77.112,26.204],[77.116,26.22],[77.136,26.234],[77.165,26.233],[77.172,26.239],[77.201,26.231],[77.245,26.257],[77.274,26.271],[77.297,26.29],[77.315,26.31],[77.319,26.328],[77.325,26.341],[77.336,26.343],[77.342,26.352],[77.354,26.355],[77.373,26.366],[77.393,26.357],[77.409,26.363],[77.44,26.359],[77.447,26.373],[77.434,26.39],[77.435,26.401],[77.482,26.409],[77.513,26.407],[77.53,26.409],[77.544,26.418],[77.559,26.435],[77.576,26.438],[77.586,26.446],[77.606,26.449],[77.623,26.461],[77.634,26.477],[77.662,26.492],[77.679,26.504],[77.703,26.495],[77.722,26.499],[77.735,26.51],[77.738,26.524],[77.747,26.537],[77.775,26.548],[77.805,26.545],[77.821,26.549],[77.832,26.567],[77.828,26.594],[77.85,26.609],[77.887,26.615],[77.897,26.627],[77.899,26.649],[77.912,26.66],[77.948,26.657],[77.977,26.671],[78,26.697],[78.02,26.694],[78.04,26.686],[78.057,26.684],[78.069,26.676],[78.083,26.672],[78.096,26.681],[78.095,26.719],[78.097,26.732],[78.12,26.744],[78.119,26.756],[78.104,26.766],[78.104,26.784],[78.114,26.795],[78.127,26.797],[78.154,26.786],[78.184,26.786],[78.188,26.795],[78.169,26.821],[78.182,26.827],[78.2,26.824],[78.218,26.83],[78.222,26.843],[78.213,26.85],[78.199,26.878],[78.213,26.872],[78.235,26.877],[78.238,26.888],[78.261,26.899],[78.271,26.918],[78.27,26.926],[78.241,26.928],[78.224,26.948],[78.217,26.934],[78.199,26.941],[78.148,26.951],[78.123,26.949],[78.116,26.944],[78.124,26.932],[78.121,26.922],[78.104,26.923],[78.111,26.904],[78.095,26.896],[78.069,26.91],[78.051,26.91],[78.053,26.879],[78.044,26.869],[78.026,26.876],[78.03,26.884],[78.022,26.903],[78,26.905],[77.983,26.892],[77.971,26.907],[77.95,26.894],[77.937,26.907],[77.918,26.908],[77.911,26.895],[77.898,26.884],[77.88,26.9],[77.858,26.907],[77.845,26.914],[77.823,26.917],[77.813,26.923],[77.797,26.917],[77.773,26.932],[77.761,26.932],[77.757,26.921],[77.732,26.917],[77.719,26.897],[77.726,26.894],[77.724,26.876],[77.694,26.873],[77.68,26.868],[77.675,26.857],[77.665,26.851],[77.633,26.841],[77.624,26.843],[77.616,26.829],[77.58,26.826],[77.573,26.819],[77.555,26.816],[77.543,26.82],[77.528,26.816],[77.52,26.822],[77.521,26.839],[77.506,26.842],[77.497,26.803],[77.489,26.782],[77.501,26.761],[77.488,26.748],[77.456,26.741],[77.472,26.764],[77.459,26.775],[77.436,26.765],[77.436,26.78],[77.446,26.803],[77.447,26.814],[77.425,26.837],[77.434,26.847],[77.43,26.861],[77.444,26.862],[77.458,26.869],[77.463,26.884],[77.49,26.898],[77.504,26.9],[77.526,26.91],[77.588,26.925],[77.593,26.937],[77.602,26.932],[77.613,26.94],[77.65,26.962],[77.657,26.968],[77.668,26.962],[77.678,26.971],[77.7,26.973],[77.723,26.986],[77.744,26.982],[77.753,27.008],[77.752,27.018],[77.744,27.028],[77.73,27.02],[77.73,26.995],[77.712,26.995],[77.702,27.014],[77.69,27.027],[77.692,27.039],[77.679,27.043],[77.665,27.017],[77.642,27.021],[77.635,27.01],[77.624,27.022],[77.607,27.023],[77.583,27.036],[77.569,27.03],[77.567,27.043],[77.575,27.055],[77.574,27.072],[77.554,27.075],[77.535,27.061],[77.522,27.065],[77.526,27.082],[77.51,27.094],[77.522,27.102],[77.537,27.098],[77.553,27.11],[77.564,27.11],[77.583,27.116],[77.592,27.115],[77.605,27.123],[77.601,27.134],[77.615,27.148],[77.613,27.163],[77.623,27.169],[77.639,27.164],[77.663,27.17],[77.674,27.18],[77.681,27.195],[77.665,27.207],[77.65,27.209],[77.648,27.217],[77.653,27.233],[77.648,27.241],[77.632,27.258],[77.621,27.255],[77.615,27.267],[77.618,27.282],[77.6,27.295],[77.622,27.309],[77.625,27.333],[77.601,27.332],[77.583,27.321],[77.576,27.328],[77.551,27.337],[77.518,27.362],[77.506,27.376],[77.484,27.382],[77.475,27.379],[77.44,27.394],[77.435,27.411],[77.424,27.42],[77.429,27.442],[77.438,27.456],[77.424,27.46],[77.416,27.471],[77.402,27.476],[77.401,27.496],[77.385,27.513],[77.361,27.514],[77.349,27.519],[77.341,27.533],[77.349,27.541],[77.342,27.549],[77.339,27.565],[77.347,27.571],[77.359,27.588],[77.344,27.596],[77.334,27.591],[77.32,27.606],[77.351,27.647],[77.344,27.676],[77.343,27.702],[77.333,27.708],[77.311,27.708],[77.305,27.724],[77.319,27.731],[77.31,27.751],[77.313,27.782],[77.304,27.794],[77.285,27.801],[77.271,27.811],[77.262,27.792],[77.243,27.78],[77.231,27.792],[77.216,27.796],[77.203,27.816],[77.196,27.81],[77.198,27.793],[77.184,27.782],[77.171,27.785],[77.189,27.803],[77.181,27.811],[77.158,27.807],[77.162,27.797],[77.156,27.781],[77.144,27.778],[77.131,27.783],[77.11,27.78],[77.089,27.795],[77.081,27.804],[77.065,27.806],[77.047,27.815],[77.033,27.793],[77.032,27.782],[77.048,27.769],[77.059,27.756],[77.07,27.76],[77.079,27.753],[77.087,27.732],[77.062,27.722],[77.053,27.727],[77.04,27.743],[77.02,27.741],[77.014,27.734],[77.003,27.737],[76.988,27.701],[76.979,27.66],[76.979,27.652],[76.943,27.67],[76.932,27.655],[76.918,27.651],[76.9,27.675],[76.903,27.684],[76.923,27.695],[76.911,27.711],[76.897,27.714],[76.892,27.726],[76.899,27.737],[76.901,27.767],[76.904,27.781],[76.912,27.79],[76.915,27.802],[76.909,27.816],[76.916,27.831],[76.935,27.829],[76.938,27.85],[76.933,27.871],[76.935,27.889],[76.947,27.891],[76.948,27.914],[76.928,27.92],[76.928,27.948],[76.934,27.973],[76.927,27.992],[76.935,28.007],[76.941,28.037],[76.947,28.054],[76.955,28.066],[76.971,28.139],[76.951,28.143],[76.951,28.15],[76.93,28.157],[76.921,28.167],[76.893,28.186],[76.909,28.2],[76.896,28.205],[76.875,28.206],[76.873,28.219],[76.863,28.22]],[[74.389,25.962],[74.387,25.976],[74.391,25.986],[74.391,26.005],[74.382,26.012],[74.358,26.016],[74.346,26.023],[74.32,26.009],[74.322,26.001],[74.293,25.981],[74.286,25.96],[74.29,25.938],[74.298,25.927],[74.297,25.913],[74.289,25.909],[74.28,25.939],[74.273,25.948],[74.264,25.934],[74.232,25.934],[74.236,25.907],[74.268,25.871],[74.258,25.867],[74.245,25.881],[74.222,25.898],[74.203,25.872],[74.197,25.854],[74.184,25.848],[74.173,25.844],[74.152,25.856],[74.142,25.855],[74.117,25.866],[74.115,25.88],[74.138,25.889],[74.142,25.903],[74.158,25.917],[74.16,25.929],[74.144,25.941],[74.155,25.958],[74.131,25.955],[74.131,25.963],[74.173,26.01],[74.156,26.022],[74.153,26.046],[74.16,26.049],[74.162,26.066],[74.174,26.064],[74.176,26.041],[74.183,26.029],[74.206,26.048],[74.221,26.042],[74.245,26.078],[74.271,26.102],[74.288,26.121],[74.297,26.123],[74.304,26.135],[74.294,26.139],[74.287,26.151],[74.276,26.155],[74.273,26.174],[74.289,26.169],[74.303,26.185],[74.316,26.181],[74.325,26.189],[74.342,26.196],[74.358,26.189],[74.369,26.19],[74.377,26.206],[74.376,26.221],[74.37,26.229],[74.374,26.248],[74.39,26.261],[74.402,26.267],[74.39,26.279],[74.365,26.291],[74.349,26.282],[74.318,26.255],[74.311,26.252],[74.284,26.255],[74.273,26.261],[74.267,26.275],[74.254,26.286],[74.276,26.312],[74.304,26.329],[74.306,26.334],[74.305,26.383],[74.294,26.395],[74.289,26.417],[74.291,26.449],[74.317,26.457],[74.325,26.443],[74.337,26.443],[74.353,26.456],[74.353,26.468],[74.372,26.479],[74.375,26.489],[74.429,26.486],[74.443,26.502],[74.465,26.487],[74.481,26.497],[74.541,26.562],[74.565,26.591],[74.576,26.61],[74.593,26.629],[74.606,26.609],[74.618,26.6],[74.602,26.582],[74.619,26.566],[74.637,26.578],[74.645,26.59],[74.655,26.586],[74.668,26.597],[74.674,26.594],[74.694,26.639],[74.714,26.663],[74.722,26.676],[74.724,26.702],[74.713,26.705],[74.687,26.707],[74.665,26.711],[74.685,26.734],[74.685,26.742],[74.698,26.771],[74.749,26.77],[74.759,26.789],[74.775,26.793],[74.781,26.799],[74.777,26.819],[74.773,26.822],[74.774,26.849],[74.805,26.853],[74.816,26.868],[74.831,26.9],[74.827,26.921],[74.844,26.961],[74.852,26.975],[74.893,26.977],[74.911,26.976],[74.92,26.963],[74.955,26.963],[74.964,26.958],[74.966,26.948],[74.983,26.941],[74.974,26.893],[74.977,26.89],[74.965,26.873],[74.957,26.868],[74.957,26.847],[74.917,26.837],[74.923,26.827],[74.935,26.793],[74.941,26.75],[74.947,26.743],[74.961,26.753],[74.982,26.762],[75.005,26.749],[75.009,26.742],[75,26.731],[74.945,26.732],[74.944,26.721],[74.965,26.722],[74.966,26.683],[74.974,26.673],[75,26.686],[75.013,26.684],[75.021,26.665],[75.052,26.653],[75.068,26.651],[75.07,26.633],[75.065,26.622],[75.068,26.612],[75.082,26.61],[75.081,26.586],[75.072,26.582],[75.062,26.556],[75.071,26.544],[75.104,26.556],[75.124,26.547],[75.122,26.533],[75.116,26.523],[75.141,26.504],[75.153,26.5],[75.152,26.486],[75.145,26.474],[75.17,26.462],[75.177,26.444],[75.164,26.42],[75.167,26.415],[75.137,26.409],[75.13,26.397],[75.133,26.381],[75.145,26.374],[75.144,26.366],[75.126,26.355],[75.131,26.324],[75.138,26.318],[75.131,26.292],[75.113,26.285],[75.12,26.271],[75.117,26.252],[75.143,26.244],[75.145,26.225],[75.152,26.225],[75.161,26.2],[75.159,26.183],[75.17,26.172],[75.182,26.172],[75.188,26.163],[75.188,26.11],[75.221,26.107],[75.226,26.092],[75.241,26.09],[75.246,26.078],[75.265,26.1],[75.277,26.135],[75.295,26.145],[75.307,26.147],[75.34,26.131],[75.329,26.1],[75.314,26.09],[75.308,26.08],[75.309,26.062],[75.328,26.056],[75.345,26.039],[75.347,26.024],[75.355,26.019],[75.349,26.002],[75.328,25.999],[75.318,25.973],[75.317,25.954],[75.307,25.941],[75.28,25.944],[75.251,25.937],[75.246,25.909],[75.249,25.896],[75.266,25.88],[75.264,25.853],[75.287,25.855],[75.298,25.851],[75.311,25.854],[75.327,25.838],[75.355,25.83],[75.34,25.811],[75.335,25.783],[75.319,25.764],[75.302,25.741],[75.276,25.715],[75.276,25.697],[75.261,25.698],[75.255,25.681],[75.24,25.679],[75.216,25.687],[75.193,25.704],[75.184,25.706],[75.161,25.719],[75.149,25.72],[75.138,25.701],[75.12,25.704],[75.109,25.693],[75.087,25.7],[75.092,25.718],[75.072,25.733],[75.068,25.757],[75.08,25.769],[75.075,25.776],[75.054,25.776],[75.03,25.786],[75.01,25.807],[75.038,25.829],[75.04,25.842],[75.017,25.856],[75,25.846],[74.989,25.846],[74.987,25.86],[74.945,25.862],[74.936,25.873],[74.905,25.881],[74.891,25.87],[74.859,25.876],[74.826,25.872],[74.817,25.868],[74.802,25.87],[74.771,25.882],[74.767,25.89],[74.734,25.908],[74.724,25.917],[74.705,25.919],[74.655,25.915],[74.618,25.904],[74.612,25.913],[74.593,25.915],[74.591,25.908],[74.559,25.914],[74.554,25.903],[74.572,25.886],[74.567,25.875],[74.556,25.879],[74.524,25.867],[74.531,25.887],[74.529,25.901],[74.52,25.912],[74.5,25.917],[74.485,25.928],[74.477,25.925],[74.453,25.932],[74.435,25.924],[74.413,25.937],[74.389,25.962]],[[74.056,25.829],[74.07,25.804],[74.089,25.792],[74.096,25.784],[74.093,25.767],[74.057,25.756],[74.042,25.745],[74.017,25.747],[73.999,25.726],[73.978,25.714],[74.013,25.704],[74.008,25.694],[73.985,25.679],[73.988,25.672],[73.949,25.651],[73.942,25.667],[73.926,25.681],[73.906,25.685],[73.913,25.698],[73.91,25.731],[73.907,25.74],[73.914,25.752],[73.932,25.77],[73.924,25.794],[73.943,25.804],[73.944,25.831],[73.951,25.841],[73.971,25.834],[73.976,25.849],[73.993,25.862],[74.009,25.863],[74.045,25.832],[74.056,25.829]]]}},
{"type":"Feature","properties":{"name":"Saurashtra","std":"Saurashtra","kind":"state","covers":["Gujarat"],"part":"B"},"geometry":{"type":"MultiPolygon","coordinates":[[[[71.679,20.997],[71.682,21.004],[71.697,21.009],[71.721,21.022],[71.761,21.02],[71.765,21.026],[71.783,21.033],[71.786,21.04],[71.807,21.04],[71.797,21.058],[71.822,21.072],[71.824,21.068],[71.853,21.08],[71.87,21.09],[71.88,21.09],[71.888,21.102],[71.916,21.112],[71.952,21.118],[71.977,21.131],[71.99,21.142],[72.004,21.142],[72.018,21.15],[72.048,21.161],[72.056,21.172],[72.074,21.179],[72.087,21.19],[72.115,21.202],[72.111,21.219],[72.089,21.229],[72.082,21.246],[72.097,21.265],[72.097,21.277],[72.111,21.287],[72.109,21.301],[72.121,21.325],[72.131,21.338],[72.167,21.377],[72.171,21.39],[72.199,21.412],[72.224,21.44],[72.235,21.457],[72.254,21.503],[72.265,21.542],[72.264,21.557],[72.268,21.572],[72.306,21.627],[72.303,21.643],[72.285,21.665],[72.285,21.679],[72.26,21.723],[72.248,21.751],[72.241,21.787],[72.248,21.789],[72.253,21.761],[72.263,21.74],[72.27,21.757],[72.26,21.784],[72.259,21.829],[72.255,21.864],[72.256,21.89],[72.242,21.917],[72.231,21.927],[72.226,21.941],[72.213,21.948],[72.221,21.956],[72.221,21.968],[72.227,21.989],[72.22,21.984],[72.2,21.985],[72.172,21.995],[72.15,22.023],[72.132,22.052],[72.125,22.057],[72.088,22.057],[72.077,22.061],[72.058,22.095],[72.06,22.105],[72.032,22.124],[72.021,22.104],[71.981,22.105],[71.953,22.11],[71.94,22.117],[71.906,22.125],[71.903,22.11],[71.897,22.103],[71.851,22.095],[71.849,22.109],[71.837,22.115],[71.841,22.131],[71.811,22.138],[71.8,22.131],[71.774,22.137],[71.758,22.133],[71.754,22.145],[71.74,22.149],[71.734,22.182],[71.708,22.183],[71.692,22.2],[71.674,22.199],[71.656,22.216],[71.634,22.202],[71.623,22.211],[71.622,22.228],[71.639,22.236],[71.649,22.247],[71.639,22.261],[71.634,22.275],[71.618,22.279],[71.616,22.293],[71.609,22.303],[71.611,22.321],[71.607,22.338],[71.621,22.343],[71.62,22.381],[71.633,22.384],[71.643,22.399],[71.665,22.382],[71.703,22.396],[71.716,22.38],[71.729,22.379],[71.734,22.361],[71.783,22.361],[71.78,22.385],[71.794,22.392],[71.827,22.393],[71.823,22.361],[71.832,22.356],[71.841,22.365],[71.854,22.37],[71.851,22.389],[71.865,22.403],[71.875,22.407],[71.882,22.418],[71.891,22.419],[71.902,22.406],[71.916,22.382],[71.934,22.381],[71.929,22.421],[71.924,22.432],[71.923,22.449],[71.937,22.462],[71.961,22.469],[71.957,22.489],[71.932,22.486],[71.927,22.477],[71.908,22.48],[71.914,22.503],[71.909,22.517],[71.922,22.521],[71.934,22.538],[71.946,22.54],[71.969,22.528],[71.967,22.509],[71.978,22.506],[71.999,22.508],[72.01,22.512],[72.031,22.506],[72.035,22.491],[72.051,22.472],[72.05,22.444],[72.084,22.437],[72.108,22.451],[72.12,22.463],[72.148,22.476],[72.161,22.479],[72.146,22.496],[72.15,22.501],[72.143,22.514],[72.163,22.531],[72.187,22.542],[72.186,22.55],[72.169,22.57],[72.142,22.587],[72.116,22.599],[72.096,22.605],[72.07,22.595],[72.063,22.599],[72.061,22.651],[72.056,22.657],[72.027,22.679],[72.056,22.694],[72.066,22.676],[72.09,22.676],[72.099,22.692],[72.106,22.72],[72.072,22.732],[72.055,22.751],[72.05,22.783],[72.038,22.79],[72.016,22.793],[71.998,22.832],[71.992,22.835],[71.983,22.856],[71.988,22.885],[71.998,22.906],[72.003,22.923],[71.989,22.933],[71.989,22.949],[72.009,22.971],[72.02,22.992],[72.011,22.994],[72.008,23.006],[72.018,23.019],[72.014,23.03],[72.016,23.051],[72.013,23.059],[71.989,23.069],[71.966,23.058],[71.953,23.039],[71.947,23.042],[71.952,23.055],[71.945,23.07],[71.931,23.067],[71.915,23.079],[71.901,23.11],[71.906,23.121],[71.904,23.138],[71.91,23.167],[71.91,23.181],[71.928,23.187],[71.952,23.208],[71.973,23.214],[71.99,23.216],[71.999,23.249],[71.986,23.256],[71.973,23.254],[71.961,23.246],[71.943,23.245],[71.933,23.267],[71.908,23.265],[71.902,23.23],[71.898,23.224],[71.876,23.224],[71.876,23.246],[71.882,23.258],[71.875,23.279],[71.877,23.29],[71.886,23.307],[71.88,23.316],[71.885,23.33],[71.895,23.333],[71.886,23.361],[71.876,23.371],[71.874,23.383],[71.893,23.392],[71.907,23.385],[71.932,23.393],[71.959,23.393],[71.967,23.405],[71.972,23.431],[71.968,23.46],[71.974,23.473],[71.99,23.482],[71.997,23.491],[72,23.504],[71.983,23.511],[71.981,23.524],[71.97,23.531],[71.945,23.52],[71.942,23.507],[71.93,23.5],[71.911,23.498],[71.902,23.49],[71.893,23.491],[71.864,23.475],[71.855,23.463],[71.849,23.439],[71.835,23.422],[71.806,23.403],[71.798,23.4],[71.768,23.405],[71.76,23.418],[71.765,23.438],[71.776,23.448],[71.778,23.458],[71.768,23.471],[71.73,23.476],[71.727,23.495],[71.707,23.488],[71.67,23.491],[71.64,23.496],[71.611,23.504],[71.589,23.503],[71.58,23.496],[71.565,23.498],[71.533,23.482],[71.531,23.467],[71.564,23.466],[71.583,23.456],[71.597,23.431],[71.593,23.414],[71.584,23.395],[71.584,23.369],[71.588,23.359],[71.603,23.357],[71.618,23.362],[71.635,23.347],[71.645,23.332],[71.642,23.318],[71.633,23.311],[71.649,23.291],[71.669,23.294],[71.635,23.26],[71.629,23.243],[71.618,23.229],[71.626,23.204],[71.646,23.184],[71.684,23.172],[71.7,23.185],[71.714,23.177],[71.717,23.167],[71.71,23.15],[71.688,23.154],[71.661,23.163],[71.643,23.174],[71.621,23.162],[71.625,23.145],[71.604,23.143],[71.594,23.137],[71.544,23.16],[71.534,23.166],[71.52,23.16],[71.507,23.16],[71.479,23.154],[71.469,23.146],[71.453,23.145],[71.441,23.15],[71.417,23.15],[71.373,23.162],[71.359,23.179],[71.349,23.178],[71.334,23.168],[71.321,23.187],[71.305,23.172],[71.3,23.184],[71.289,23.173],[71.269,23.161],[71.237,23.155],[71.214,23.149],[71.21,23.176],[71.193,23.191],[71.181,23.191],[71.159,23.182],[71.156,23.199],[71.138,23.209],[71.124,23.203],[71.107,23.202],[71.074,23.183],[71.07,23.175],[71.045,23.171],[71.014,23.175],[70.996,23.171],[70.983,23.173],[70.978,23.162],[70.951,23.167],[70.949,23.157],[70.958,23.147],[70.949,23.133],[70.937,23.145],[70.936,23.159],[70.915,23.161],[70.89,23.159],[70.888,23.141],[70.875,23.137],[70.849,23.14],[70.856,23.128],[70.841,23.11],[70.828,23.079],[70.822,23.085],[70.827,23.103],[70.823,23.109],[70.831,23.126],[70.82,23.132],[70.812,23.148],[70.817,23.162],[70.796,23.158],[70.786,23.165],[70.778,23.159],[70.764,23.167],[70.759,23.161],[70.764,23.148],[70.756,23.139],[70.747,23.145],[70.7,23.123],[70.67,23.104],[70.633,23.076],[70.626,23.061],[70.607,23.062],[70.595,23.056],[70.601,23.035],[70.588,23.031],[70.571,23.035],[70.554,23.018],[70.549,23.001],[70.541,22.959],[70.528,22.964],[70.511,22.961],[70.491,22.965],[70.476,22.973],[70.464,22.967],[70.438,22.967],[70.437,22.964],[70.432,22.96],[70.423,22.933],[70.407,22.918],[70.385,22.91],[70.356,22.871],[70.341,22.848],[70.339,22.83],[70.318,22.799],[70.302,22.772],[70.301,22.758],[70.293,22.749],[70.272,22.733],[70.263,22.736],[70.255,22.726],[70.255,22.707],[70.242,22.708],[70.239,22.696],[70.252,22.695],[70.249,22.684],[70.239,22.678],[70.241,22.663],[70.225,22.643],[70.22,22.63],[70.199,22.617],[70.193,22.587],[70.184,22.58],[70.171,22.557],[70.163,22.552],[70.147,22.553],[70.138,22.548],[70.066,22.547],[70.047,22.555],[70.04,22.563],[70.028,22.55],[70.01,22.548],[69.975,22.543],[69.946,22.528],[69.943,22.512],[69.935,22.513],[69.923,22.503],[69.913,22.488],[69.911,22.472],[69.894,22.465],[69.878,22.449],[69.86,22.447],[69.841,22.456],[69.828,22.452],[69.829,22.443],[69.818,22.418],[69.807,22.405],[69.793,22.403],[69.779,22.413],[69.762,22.433],[69.746,22.429],[69.74,22.44],[69.741,22.457],[69.73,22.474],[69.72,22.462],[69.708,22.455],[69.694,22.453],[69.702,22.434],[69.692,22.421],[69.699,22.396],[69.671,22.395],[69.66,22.388],[69.655,22.359],[69.636,22.358],[69.617,22.367],[69.618,22.35],[69.593,22.352],[69.591,22.361],[69.576,22.368],[69.566,22.357],[69.56,22.367],[69.551,22.404],[69.539,22.41],[69.523,22.427],[69.509,22.426],[69.518,22.411],[69.516,22.395],[69.523,22.389],[69.52,22.379],[69.501,22.367],[69.49,22.356],[69.489,22.338],[69.467,22.33],[69.455,22.336],[69.443,22.331],[69.436,22.322],[69.419,22.316],[69.383,22.322],[69.367,22.322],[69.34,22.33],[69.334,22.304],[69.325,22.295],[69.308,22.287],[69.298,22.288],[69.291,22.276],[69.28,22.271],[69.257,22.269],[69.239,22.259],[69.223,22.258],[69.203,22.266],[69.171,22.293],[69.158,22.313],[69.168,22.327],[69.173,22.347],[69.173,22.358],[69.184,22.382],[69.2,22.391],[69.191,22.422],[69.173,22.422],[69.165,22.413],[69.156,22.412],[69.148,22.403],[69.124,22.4],[69.11,22.41],[69.083,22.392],[69.069,22.396],[69.055,22.41],[69.044,22.431],[69.067,22.452],[69.075,22.454],[69.08,22.479],[69.067,22.475],[69.06,22.468],[69.006,22.438],[68.993,22.42],[68.985,22.414],[68.969,22.39],[68.957,22.367],[68.959,22.352],[68.955,22.335],[68.943,22.333],[68.936,22.312],[68.945,22.282],[68.957,22.261],[68.953,22.248],[68.958,22.237],[68.969,22.232],[68.981,22.212],[69.008,22.182],[69.022,22.169],[69.058,22.126],[69.09,22.098],[69.108,22.075],[69.138,22.041],[69.209,21.967],[69.27,21.907],[69.325,21.86],[69.352,21.839],[69.374,21.828],[69.4,21.797],[69.428,21.772],[69.452,21.752],[69.471,21.741],[69.497,21.714],[69.538,21.676],[69.572,21.647],[69.584,21.638],[69.602,21.637],[69.625,21.616],[69.669,21.569],[69.701,21.542],[69.74,21.498],[69.771,21.465],[69.778,21.463],[69.785,21.45],[69.883,21.339],[69.923,21.292],[69.939,21.275],[69.982,21.227],[70.007,21.199],[70.032,21.176],[70.06,21.142],[70.1,21.105],[70.138,21.078],[70.158,21.055],[70.22,21.006],[70.239,20.994],[70.252,20.979],[70.325,20.927],[70.349,20.914],[70.365,20.901],[70.373,20.903],[70.393,20.894],[70.425,20.863],[70.439,20.853],[70.471,20.838],[70.475,20.841],[70.494,20.827],[70.532,20.809],[70.542,20.802],[70.55,20.805],[70.562,20.793],[70.57,20.793],[70.585,20.782],[70.608,20.777],[70.616,20.772],[70.64,20.767],[70.672,20.761],[70.703,20.738],[70.713,20.736],[70.744,20.72],[70.758,20.723],[70.794,20.711],[70.804,20.701],[70.822,20.692],[70.836,20.691],[70.84,20.705],[70.855,20.708],[70.869,20.706],[70.873,20.723],[70.858,20.742],[70.858,20.747],[70.862,20.75],[70.862,20.753],[70.861,20.753],[70.858,20.754],[70.863,20.755],[70.863,20.752],[70.864,20.75],[70.864,20.747],[70.864,20.746],[70.863,20.746],[70.863,20.745],[70.863,20.744],[70.874,20.727],[70.886,20.733],[70.911,20.737],[70.924,20.744],[70.927,20.737],[70.932,20.737],[70.938,20.733],[70.97,20.738],[70.991,20.746],[70.991,20.732],[71.004,20.743],[71.013,20.74],[71.043,20.735],[71.05,20.731],[71.061,20.736],[71.081,20.739],[71.078,20.75],[71.094,20.758],[71.146,20.757],[71.151,20.772],[71.168,20.783],[71.202,20.788],[71.208,20.8],[71.233,20.805],[71.239,20.811],[71.26,20.817],[71.323,20.846],[71.372,20.853],[71.382,20.86],[71.378,20.874],[71.386,20.876],[71.396,20.865],[71.44,20.869],[71.448,20.882],[71.463,20.881],[71.477,20.89],[71.482,20.905],[71.493,20.918],[71.508,20.916],[71.516,20.922],[71.507,20.932],[71.51,20.944],[71.523,20.949],[71.53,20.943],[71.546,20.951],[71.565,20.95],[71.581,20.959],[71.621,20.968],[71.637,20.973],[71.638,20.99],[71.664,20.999],[71.679,20.997]]],[[[72.26,21.973],[72.263,21.947],[72.275,21.93],[72.28,21.967],[72.295,22.027],[72.277,22],[72.267,21.972],[72.26,21.973]]],[[[72.353,21.613],[72.346,21.602],[72.352,21.586],[72.365,21.588],[72.363,21.601],[72.353,21.613]]],[[[72.274,21.75],[72.268,21.741],[72.279,21.719],[72.283,21.735],[72.274,21.75]]],[[[70.004,22.593],[69.993,22.585],[69.967,22.578],[69.957,22.561],[69.964,22.545],[69.986,22.547],[70.008,22.554],[70.027,22.568],[70.025,22.586],[70.004,22.593]]],[[[69.944,22.551],[69.938,22.54],[69.954,22.537],[69.958,22.545],[69.944,22.551]]],[[[69.919,22.553],[69.9,22.545],[69.895,22.512],[69.916,22.512],[69.942,22.518],[69.942,22.529],[69.932,22.545],[69.919,22.553]]],[[[69.628,22.459],[69.593,22.445],[69.588,22.437],[69.592,22.428],[69.608,22.418],[69.637,22.407],[69.648,22.422],[69.657,22.425],[69.643,22.451],[69.628,22.459]]],[[[69.324,22.528],[69.316,22.52],[69.335,22.507],[69.35,22.504],[69.363,22.514],[69.356,22.523],[69.324,22.528]]],[[[69.302,22.474],[69.293,22.46],[69.304,22.453],[69.32,22.451],[69.328,22.463],[69.319,22.472],[69.302,22.474]]],[[[69.137,22.478],[69.126,22.476],[69.098,22.462],[69.092,22.456],[69.095,22.442],[69.108,22.438],[69.108,22.461],[69.123,22.468],[69.146,22.462],[69.148,22.474],[69.137,22.478]]]]}},
{"type":"Feature","properties":{"name":"Travancore-Cochin","std":"Travancore-Cochin","kind":"state","covers":["Kerala","Tamil Nadu"],"part":"B"},"geometry":{"type":"Polygon","coordinates":[[[76.487,9.085],[76.507,9.041],[76.524,8.996],[76.536,8.944],[76.546,8.92],[76.55,8.898],[76.554,8.891],[76.569,8.881],[76.579,8.884],[76.592,8.877],[76.615,8.856],[76.645,8.818],[76.656,8.803],[76.672,8.79],[76.672,8.781],[76.713,8.731],[76.719,8.72],[76.742,8.693],[76.77,8.655],[76.795,8.629],[76.809,8.61],[76.84,8.569],[76.856,8.551],[76.863,8.538],[76.892,8.5],[76.937,8.448],[76.971,8.413],[76.973,8.394],[76.983,8.38],[76.999,8.378],[77.006,8.36],[77.02,8.357],[77.056,8.324],[77.094,8.294],[77.1,8.291],[77.128,8.266],[77.168,8.241],[77.187,8.22],[77.205,8.207],[77.223,8.198],[77.234,8.189],[77.239,8.178],[77.25,8.17],[77.277,8.164],[77.3,8.147],[77.31,8.126],[77.318,8.121],[77.341,8.125],[77.361,8.123],[77.39,8.107],[77.455,8.089],[77.505,8.08],[77.528,8.081],[77.556,8.079],[77.566,8.09],[77.559,8.103],[77.563,8.122],[77.591,8.142],[77.584,8.155],[77.552,8.158],[77.54,8.167],[77.539,8.176],[77.553,8.193],[77.544,8.209],[77.55,8.223],[77.546,8.243],[77.567,8.246],[77.576,8.253],[77.563,8.265],[77.564,8.28],[77.541,8.315],[77.532,8.318],[77.537,8.354],[77.54,8.388],[77.531,8.391],[77.522,8.384],[77.508,8.386],[77.493,8.38],[77.486,8.392],[77.475,8.4],[77.465,8.428],[77.472,8.456],[77.463,8.468],[77.447,8.474],[77.448,8.498],[77.425,8.513],[77.406,8.516],[77.39,8.523],[77.374,8.52],[77.363,8.541],[77.355,8.542],[77.339,8.552],[77.309,8.562],[77.292,8.57],[77.287,8.568],[77.27,8.579],[77.247,8.606],[77.247,8.621],[77.237,8.627],[77.231,8.637],[77.217,8.649],[77.205,8.671],[77.209,8.679],[77.206,8.692],[77.197,8.708],[77.185,8.716],[77.173,8.746],[77.195,8.743],[77.202,8.756],[77.201,8.769],[77.216,8.766],[77.216,8.778],[77.233,8.784],[77.235,8.806],[77.245,8.809],[77.249,8.82],[77.265,8.84],[77.258,8.877],[77.245,8.88],[77.242,8.894],[77.224,8.902],[77.22,8.915],[77.225,8.922],[77.211,8.93],[77.198,8.924],[77.198,8.955],[77.192,8.965],[77.181,8.971],[77.176,8.987],[77.164,8.995],[77.16,9.006],[77.151,9.008],[77.149,9.02],[77.164,9.03],[77.171,9.045],[77.197,9.053],[77.209,9.071],[77.207,9.084],[77.213,9.097],[77.226,9.106],[77.229,9.115],[77.25,9.127],[77.255,9.139],[77.269,9.152],[77.269,9.174],[77.265,9.185],[77.254,9.188],[77.257,9.199],[77.267,9.199],[77.284,9.218],[77.276,9.233],[77.28,9.241],[77.284,9.271],[77.291,9.272],[77.283,9.3],[77.294,9.304],[77.303,9.317],[77.301,9.336],[77.317,9.334],[77.337,9.36],[77.336,9.385],[77.342,9.388],[77.344,9.403],[77.341,9.417],[77.351,9.433],[77.351,9.44],[77.368,9.459],[77.377,9.453],[77.389,9.455],[77.399,9.47],[77.404,9.5],[77.413,9.506],[77.403,9.516],[77.403,9.526],[77.387,9.518],[77.367,9.536],[77.363,9.558],[77.352,9.566],[77.361,9.577],[77.357,9.587],[77.337,9.577],[77.32,9.602],[77.302,9.596],[77.277,9.576],[77.266,9.574],[77.246,9.585],[77.239,9.582],[77.201,9.615],[77.19,9.606],[77.171,9.61],[77.17,9.623],[77.178,9.629],[77.176,9.639],[77.181,9.657],[77.195,9.669],[77.207,9.695],[77.205,9.724],[77.223,9.731],[77.221,9.746],[77.228,9.764],[77.225,9.789],[77.238,9.791],[77.249,9.798],[77.248,9.806],[77.234,9.822],[77.224,9.823],[77.23,9.84],[77.239,9.852],[77.233,9.862],[77.224,9.863],[77.214,9.875],[77.221,9.887],[77.219,9.903],[77.232,9.915],[77.237,9.932],[77.255,9.952],[77.265,9.952],[77.274,9.962],[77.276,9.973],[77.265,9.982],[77.26,9.995],[77.262,10.004],[77.255,10.012],[77.264,10.025],[77.252,10.044],[77.245,10.049],[77.219,10.077],[77.209,10.083],[77.202,10.105],[77.209,10.115],[77.218,10.113],[77.239,10.127],[77.268,10.121],[77.275,10.138],[77.273,10.164],[77.279,10.189],[77.288,10.211],[77.295,10.216],[77.289,10.23],[77.28,10.234],[77.265,10.233],[77.259,10.254],[77.265,10.263],[77.246,10.286],[77.228,10.315],[77.236,10.338],[77.236,10.349],[77.195,10.352],[77.176,10.355],[77.147,10.333],[77.128,10.319],[77.095,10.308],[77.087,10.304],[77.059,10.283],[77.052,10.257],[77.032,10.25],[76.995,10.228],[76.984,10.217],[76.972,10.227],[76.952,10.229],[76.941,10.238],[76.922,10.231],[76.905,10.241],[76.905,10.251],[76.897,10.263],[76.89,10.264],[76.875,10.275],[76.873,10.299],[76.863,10.291],[76.845,10.292],[76.832,10.303],[76.839,10.338],[76.832,10.337],[76.819,10.348],[76.806,10.338],[76.773,10.335],[76.755,10.336],[76.754,10.347],[76.763,10.351],[76.758,10.361],[76.727,10.372],[76.714,10.373],[76.705,10.364],[76.687,10.363],[76.674,10.371],[76.662,10.384],[76.657,10.377],[76.646,10.382],[76.637,10.379],[76.622,10.381],[76.608,10.4],[76.601,10.419],[76.586,10.435],[76.559,10.434],[76.558,10.443],[76.539,10.448],[76.529,10.463],[76.505,10.475],[76.48,10.484],[76.469,10.501],[76.452,10.521],[76.435,10.532],[76.44,10.554],[76.433,10.556],[76.428,10.571],[76.412,10.578],[76.406,10.588],[76.406,10.599],[76.426,10.607],[76.43,10.615],[76.42,10.628],[76.43,10.65],[76.437,10.65],[76.443,10.663],[76.453,10.659],[76.453,10.677],[76.445,10.696],[76.459,10.698],[76.467,10.72],[76.48,10.732],[76.47,10.742],[76.471,10.751],[76.441,10.748],[76.396,10.748],[76.388,10.764],[76.379,10.768],[76.365,10.764],[76.357,10.744],[76.34,10.748],[76.326,10.744],[76.288,10.757],[76.268,10.755],[76.252,10.747],[76.245,10.752],[76.245,10.768],[76.224,10.781],[76.213,10.778],[76.192,10.783],[76.204,10.768],[76.203,10.753],[76.191,10.748],[76.187,10.738],[76.163,10.705],[76.145,10.717],[76.132,10.72],[76.125,10.71],[76.099,10.724],[76.07,10.727],[76.056,10.713],[76.053,10.704],[76.04,10.705],[76.035,10.698],[76.01,10.687],[76,10.693],[75.973,10.694],[75.955,10.686],[75.961,10.678],[75.991,10.608],[76.011,10.572],[76.026,10.532],[76.033,10.507],[76.039,10.507],[76.035,10.527],[76.048,10.536],[76.038,10.561],[76.048,10.567],[76.049,10.549],[76.053,10.541],[76.066,10.535],[76.062,10.527],[76.042,10.525],[76.045,10.507],[76.055,10.491],[76.052,10.478],[76.062,10.465],[76.105,10.364],[76.11,10.343],[76.121,10.315],[76.134,10.264],[76.14,10.258],[76.14,10.233],[76.155,10.199],[76.169,10.184],[76.17,10.165],[76.176,10.154],[76.19,10.101],[76.202,10.049],[76.215,10.022],[76.22,10.002],[76.243,9.969],[76.241,9.954],[76.247,9.929],[76.258,9.902],[76.264,9.881],[76.278,9.807],[76.28,9.789],[76.285,9.753],[76.286,9.725],[76.29,9.672],[76.298,9.626],[76.306,9.597],[76.307,9.575],[76.315,9.539],[76.319,9.504],[76.337,9.422],[76.349,9.384],[76.363,9.351],[76.384,9.315],[76.401,9.273],[76.411,9.244],[76.429,9.206],[76.448,9.161],[76.458,9.143],[76.465,9.119],[76.482,9.096],[76.487,9.085]]]}},
{"type":"Feature","properties":{"name":"Tripura","std":"Tripura","kind":"state","covers":["Tripura"],"part":"C"},"geometry":{"type":"Polygon","coordinates":[[[92.171,23.738],[92.181,23.708],[92.208,23.705],[92.217,23.691],[92.212,23.661],[92.224,23.653],[92.238,23.67],[92.238,23.684],[92.247,23.696],[92.244,23.71],[92.254,23.722],[92.268,23.724],[92.266,23.737],[92.267,23.768],[92.259,23.813],[92.286,23.815],[92.273,23.84],[92.276,23.851],[92.287,23.865],[92.309,23.861],[92.321,23.868],[92.318,23.886],[92.323,23.902],[92.331,23.91],[92.327,23.922],[92.313,23.933],[92.311,23.944],[92.312,23.968],[92.322,23.973],[92.329,23.988],[92.327,24],[92.317,24.016],[92.319,24.029],[92.315,24.043],[92.32,24.049],[92.316,24.065],[92.327,24.075],[92.329,24.101],[92.328,24.137],[92.337,24.145],[92.328,24.164],[92.33,24.183],[92.324,24.204],[92.313,24.209],[92.297,24.225],[92.294,24.243],[92.296,24.25],[92.213,24.248],[92.264,24.36],[92.273,24.387],[92.264,24.396],[92.263,24.408],[92.256,24.417],[92.257,24.435],[92.239,24.446],[92.231,24.459],[92.23,24.478],[92.24,24.488],[92.233,24.502],[92.221,24.501],[92.196,24.517],[92.17,24.527],[92.159,24.525],[92.154,24.503],[92.166,24.44],[92.172,24.422],[92.148,24.426],[92.139,24.422],[92.126,24.396],[92.124,24.382],[92.095,24.374],[92.037,24.377],[92.029,24.384],[92.01,24.385],[92.006,24.393],[91.987,24.382],[91.975,24.383],[91.992,24.351],[92.005,24.338],[91.992,24.328],[91.976,24.339],[91.962,24.358],[91.95,24.349],[91.928,24.339],[91.927,24.322],[91.933,24.311],[91.945,24.275],[91.944,24.258],[91.932,24.228],[91.93,24.209],[91.921,24.183],[91.913,24.14],[91.896,24.136],[91.872,24.174],[91.856,24.191],[91.849,24.206],[91.855,24.215],[91.848,24.225],[91.831,24.213],[91.815,24.223],[91.798,24.222],[91.765,24.24],[91.75,24.245],[91.762,24.168],[91.768,24.149],[91.761,24.139],[91.716,24.155],[91.695,24.167],[91.68,24.205],[91.667,24.231],[91.654,24.219],[91.663,24.186],[91.652,24.179],[91.647,24.154],[91.641,24.145],[91.645,24.12],[91.642,24.109],[91.63,24.097],[91.603,24.095],[91.606,24.081],[91.591,24.074],[91.579,24.08],[91.57,24.076],[91.553,24.076],[91.502,24.086],[91.497,24.096],[91.47,24.097],[91.428,24.109],[91.382,24.105],[91.382,24.084],[91.386,24.069],[91.404,24.054],[91.396,24.032],[91.396,24.023],[91.379,23.998],[91.385,23.976],[91.363,23.985],[91.341,23.982],[91.334,23.991],[91.307,23.99],[91.305,23.978],[91.291,23.97],[91.285,23.98],[91.265,23.947],[91.276,23.933],[91.269,23.925],[91.242,23.928],[91.247,23.913],[91.237,23.904],[91.233,23.886],[91.254,23.838],[91.235,23.808],[91.228,23.787],[91.231,23.771],[91.228,23.745],[91.2,23.754],[91.164,23.746],[91.155,23.729],[91.153,23.712],[91.158,23.689],[91.205,23.69],[91.208,23.682],[91.207,23.65],[91.162,23.663],[91.164,23.644],[91.161,23.627],[91.163,23.601],[91.179,23.596],[91.178,23.587],[91.198,23.562],[91.2,23.552],[91.215,23.547],[91.208,23.532],[91.208,23.514],[91.22,23.511],[91.225,23.499],[91.238,23.499],[91.25,23.49],[91.252,23.47],[91.259,23.448],[91.272,23.433],[91.271,23.424],[91.283,23.406],[91.281,23.397],[91.286,23.377],[91.3,23.35],[91.3,23.34],[91.295,23.32],[91.312,23.316],[91.318,23.309],[91.304,23.298],[91.305,23.287],[91.318,23.283],[91.315,23.273],[91.327,23.238],[91.328,23.164],[91.335,23.156],[91.345,23.123],[91.356,23.096],[91.371,23.075],[91.393,23.062],[91.414,23.064],[91.422,23.071],[91.409,23.094],[91.408,23.111],[91.402,23.118],[91.396,23.151],[91.389,23.161],[91.384,23.195],[91.392,23.225],[91.403,23.23],[91.401,23.245],[91.417,23.261],[91.449,23.263],[91.457,23.258],[91.471,23.233],[91.458,23.22],[91.464,23.216],[91.483,23.219],[91.488,23.205],[91.476,23.198],[91.483,23.191],[91.504,23.19],[91.497,23.18],[91.499,23.171],[91.494,23.156],[91.505,23.148],[91.518,23.144],[91.507,23.132],[91.52,23.118],[91.539,23.057],[91.537,23.04],[91.55,23.033],[91.544,23.024],[91.55,23.017],[91.546,22.998],[91.561,22.998],[91.558,22.982],[91.579,22.97],[91.595,22.977],[91.609,22.967],[91.607,22.958],[91.622,22.944],[91.639,22.969],[91.66,22.98],[91.671,22.979],[91.704,22.991],[91.716,22.988],[91.731,23.001],[91.748,23.013],[91.774,23.041],[91.786,23.043],[91.777,23.064],[91.788,23.074],[91.796,23.069],[91.811,23.069],[91.835,23.096],[91.821,23.099],[91.811,23.135],[91.811,23.156],[91.805,23.18],[91.793,23.201],[91.792,23.231],[91.779,23.251],[91.778,23.276],[91.789,23.307],[91.802,23.318],[91.807,23.332],[91.825,23.348],[91.841,23.373],[91.84,23.393],[91.848,23.402],[91.867,23.408],[91.893,23.434],[91.912,23.439],[91.937,23.435],[91.946,23.439],[91.943,23.461],[91.947,23.471],[91.979,23.482],[91.971,23.512],[91.962,23.519],[91.967,23.538],[91.962,23.561],[91.957,23.571],[91.955,23.586],[91.96,23.605],[91.948,23.627],[91.949,23.646],[91.94,23.664],[91.939,23.681],[91.945,23.691],[91.962,23.698],[91.953,23.713],[91.956,23.728],[91.976,23.735],[91.984,23.731],[92,23.685],[92.012,23.663],[92.042,23.648],[92.07,23.647],[92.081,23.649],[92.09,23.676],[92.107,23.676],[92.115,23.688],[92.137,23.707],[92.146,23.728],[92.171,23.738]]]}},
{"type":"Feature","properties":{"name":"Uttar Pradesh","std":"Uttar Pradesh","kind":"state","covers":["Uttar Pradesh","Uttarakhand"],"part":"A"},"geometry":{"type":"MultiPolygon","coordinates":[[[[78.779,26.758],[78.807,26.763],[78.82,26.76],[78.849,26.72],[78.874,26.699],[78.892,26.699],[78.913,26.708],[78.957,26.691],[78.959,26.686],[78.946,26.667],[78.957,26.657],[78.973,26.671],[78.993,26.68],[79.002,26.679],[79.01,26.668],[78.996,26.642],[79.012,26.621],[79.014,26.605],[79,26.599],[78.991,26.588],[79.007,26.569],[79.007,26.545],[79.042,26.53],[79.04,26.519],[79.058,26.501],[79.07,26.498],[79.072,26.479],[79.056,26.456],[79.057,26.45],[79.078,26.441],[79.086,26.442],[79.101,26.452],[79.119,26.447],[79.135,26.439],[79.128,26.427],[79.126,26.412],[79.109,26.406],[79.095,26.412],[79.089,26.4],[79.098,26.383],[79.098,26.372],[79.088,26.367],[79.085,26.357],[79.125,26.348],[79.132,26.339],[79.135,26.31],[79.117,26.303],[79.106,26.309],[79.086,26.282],[79.066,26.278],[79.055,26.265],[79.055,26.25],[79.071,26.241],[79.049,26.224],[79.035,26.228],[79.026,26.243],[79.019,26.246],[79,26.243],[78.993,26.237],[78.998,26.226],[79.011,26.227],[79.026,26.218],[79.029,26.203],[79.011,26.191],[79,26.198],[78.984,26.187],[79,26.172],[79.012,26.167],[79.009,26.149],[78.994,26.145],[78.969,26.149],[78.953,26.132],[78.975,26.12],[78.98,26.103],[78.998,26.09],[79.009,26.091],[79.011,26.076],[79.005,26.068],[78.991,26.068],[78.984,26.054],[78.976,26.054],[78.952,26.031],[78.959,26.02],[78.953,26.008],[78.951,25.985],[78.944,25.98],[78.933,25.96],[78.935,25.95],[78.912,25.936],[78.902,25.92],[78.884,25.91],[78.895,25.894],[78.889,25.883],[78.892,25.871],[78.866,25.867],[78.854,25.855],[78.852,25.84],[78.874,25.829],[78.871,25.797],[78.864,25.789],[78.849,25.8],[78.849,25.815],[78.824,25.826],[78.807,25.813],[78.812,25.805],[78.824,25.812],[78.832,25.802],[78.828,25.794],[78.807,25.794],[78.788,25.77],[78.783,25.756],[78.77,25.747],[78.754,25.744],[78.753,25.733],[78.768,25.715],[78.799,25.705],[78.803,25.691],[78.819,25.669],[78.819,25.64],[78.813,25.619],[78.802,25.612],[78.774,25.608],[78.74,25.598],[78.732,25.603],[78.719,25.601],[78.695,25.59],[78.684,25.589],[78.673,25.58],[78.656,25.56],[78.636,25.564],[78.629,25.577],[78.612,25.582],[78.605,25.57],[78.598,25.57],[78.589,25.559],[78.567,25.563],[78.554,25.559],[78.535,25.568],[78.519,25.568],[78.499,25.577],[78.488,25.575],[78.467,25.559],[78.462,25.547],[78.444,25.559],[78.433,25.556],[78.416,25.528],[78.416,25.503],[78.427,25.485],[78.429,25.474],[78.414,25.474],[78.401,25.466],[78.393,25.449],[78.384,25.443],[78.368,25.441],[78.355,25.45],[78.342,25.426],[78.339,25.399],[78.318,25.38],[78.307,25.379],[78.301,25.362],[78.33,25.35],[78.338,25.332],[78.335,25.322],[78.322,25.316],[78.315,25.306],[78.323,25.299],[78.352,25.293],[78.352,25.278],[78.369,25.26],[78.362,25.245],[78.376,25.237],[78.382,25.221],[78.402,25.216],[78.393,25.204],[78.392,25.19],[78.41,25.184],[78.424,25.168],[78.435,25.165],[78.451,25.168],[78.449,25.152],[78.428,25.153],[78.43,25.14],[78.45,25.124],[78.431,25.12],[78.409,25.126],[78.396,25.122],[78.385,25.108],[78.374,25.099],[78.339,25.088],[78.332,25.079],[78.337,25.04],[78.345,25.022],[78.341,25.006],[78.334,24.995],[78.313,24.984],[78.296,24.963],[78.269,24.948],[78.263,24.937],[78.22,24.911],[78.206,24.891],[78.177,24.88],[78.17,24.866],[78.172,24.843],[78.193,24.838],[78.215,24.808],[78.232,24.772],[78.226,24.753],[78.233,24.731],[78.257,24.701],[78.263,24.681],[78.274,24.665],[78.263,24.644],[78.265,24.633],[78.276,24.611],[78.274,24.592],[78.261,24.548],[78.23,24.537],[78.223,24.527],[78.226,24.518],[78.244,24.507],[78.246,24.485],[78.269,24.478],[78.276,24.469],[78.267,24.449],[78.296,24.429],[78.324,24.406],[78.343,24.399],[78.351,24.388],[78.365,24.383],[78.369,24.374],[78.353,24.358],[78.342,24.341],[78.333,24.334],[78.335,24.321],[78.345,24.313],[78.347,24.303],[78.368,24.292],[78.392,24.269],[78.413,24.273],[78.417,24.283],[78.433,24.286],[78.441,24.293],[78.44,24.309],[78.446,24.321],[78.474,24.335],[78.482,24.363],[78.496,24.382],[78.506,24.39],[78.521,24.386],[78.534,24.37],[78.559,24.356],[78.585,24.353],[78.591,24.339],[78.6,24.335],[78.611,24.311],[78.629,24.305],[78.624,24.292],[78.638,24.286],[78.661,24.269],[78.675,24.241],[78.687,24.24],[78.705,24.23],[78.725,24.235],[78.733,24.248],[78.752,24.235],[78.761,24.243],[78.773,24.246],[78.767,24.23],[78.774,24.214],[78.781,24.208],[78.791,24.181],[78.798,24.176],[78.812,24.18],[78.817,24.204],[78.834,24.199],[78.845,24.21],[78.865,24.209],[78.88,24.215],[78.888,24.225],[78.886,24.25],[78.916,24.269],[78.919,24.285],[78.914,24.297],[78.939,24.315],[78.958,24.336],[78.975,24.353],[78.974,24.369],[78.988,24.414],[78.994,24.419],[78.989,24.443],[78.979,24.44],[78.947,24.442],[78.938,24.456],[78.92,24.459],[78.909,24.474],[78.908,24.484],[78.921,24.496],[78.933,24.492],[78.932,24.482],[78.95,24.48],[78.973,24.493],[78.97,24.498],[78.951,24.505],[78.952,24.519],[78.947,24.539],[78.952,24.549],[78.92,24.577],[78.911,24.6],[78.9,24.609],[78.889,24.635],[78.88,24.642],[78.87,24.637],[78.863,24.618],[78.851,24.624],[78.84,24.616],[78.838,24.604],[78.818,24.601],[78.809,24.603],[78.801,24.594],[78.784,24.589],[78.759,24.598],[78.755,24.607],[78.755,24.632],[78.747,24.655],[78.752,24.665],[78.762,24.669],[78.767,24.689],[78.779,24.699],[78.774,24.739],[78.775,24.75],[78.77,24.762],[78.771,24.79],[78.785,24.8],[78.787,24.81],[78.779,24.826],[78.771,24.857],[78.754,24.866],[78.739,24.868],[78.729,24.876],[78.71,24.879],[78.703,24.89],[78.675,24.898],[78.664,24.92],[78.661,24.939],[78.632,24.957],[78.63,24.963],[78.639,24.979],[78.644,25.021],[78.651,25.03],[78.649,25.057],[78.636,25.077],[78.627,25.087],[78.604,25.093],[78.605,25.122],[78.601,25.152],[78.577,25.197],[78.57,25.221],[78.57,25.234],[78.576,25.254],[78.559,25.266],[78.543,25.267],[78.533,25.273],[78.528,25.283],[78.512,25.276],[78.504,25.289],[78.496,25.287],[78.461,25.265],[78.443,25.268],[78.436,25.276],[78.437,25.292],[78.455,25.298],[78.474,25.288],[78.476,25.298],[78.495,25.315],[78.512,25.297],[78.532,25.301],[78.549,25.321],[78.541,25.326],[78.535,25.361],[78.552,25.354],[78.563,25.343],[78.583,25.347],[78.587,25.355],[78.585,25.372],[78.577,25.38],[78.564,25.379],[78.568,25.391],[78.591,25.385],[78.599,25.391],[78.602,25.404],[78.611,25.412],[78.622,25.411],[78.626,25.402],[78.641,25.404],[78.645,25.415],[78.64,25.428],[78.646,25.435],[78.665,25.439],[78.678,25.434],[78.689,25.442],[78.697,25.44],[78.708,25.421],[78.676,25.399],[78.667,25.413],[78.659,25.408],[78.665,25.383],[78.694,25.375],[78.7,25.383],[78.717,25.371],[78.711,25.354],[78.743,25.344],[78.772,25.353],[78.773,25.36],[78.766,25.399],[78.748,25.401],[78.753,25.41],[78.802,25.421],[78.815,25.42],[78.819,25.428],[78.797,25.437],[78.773,25.425],[78.759,25.433],[78.755,25.443],[78.732,25.458],[78.734,25.485],[78.747,25.495],[78.751,25.48],[78.764,25.471],[78.78,25.478],[78.797,25.478],[78.833,25.463],[78.853,25.449],[78.838,25.442],[78.824,25.444],[78.827,25.433],[78.844,25.429],[78.861,25.447],[78.865,25.462],[78.854,25.486],[78.834,25.499],[78.841,25.511],[78.884,25.519],[78.885,25.528],[78.876,25.539],[78.882,25.552],[78.893,25.556],[78.918,25.554],[78.926,25.538],[78.933,25.555],[78.949,25.546],[78.949,25.526],[78.94,25.519],[78.927,25.522],[78.924,25.512],[78.943,25.489],[78.943,25.475],[78.938,25.463],[78.921,25.447],[78.911,25.442],[78.937,25.423],[78.95,25.437],[78.968,25.434],[78.978,25.415],[78.973,25.406],[78.976,25.391],[78.983,25.384],[78.982,25.368],[78.956,25.365],[78.946,25.348],[78.936,25.347],[78.925,25.355],[78.904,25.36],[78.903,25.376],[78.939,25.372],[78.946,25.384],[78.959,25.391],[78.951,25.398],[78.923,25.395],[78.909,25.384],[78.882,25.383],[78.869,25.372],[78.845,25.347],[78.851,25.327],[78.841,25.326],[78.834,25.315],[78.822,25.306],[78.799,25.31],[78.791,25.298],[78.801,25.288],[78.811,25.297],[78.819,25.289],[78.813,25.266],[78.831,25.246],[78.842,25.228],[78.853,25.229],[78.858,25.248],[78.865,25.261],[78.87,25.278],[78.879,25.287],[78.874,25.306],[78.864,25.312],[78.883,25.329],[78.893,25.342],[78.915,25.334],[78.922,25.341],[78.939,25.327],[78.95,25.34],[78.963,25.343],[78.96,25.307],[78.978,25.286],[78.972,25.279],[78.961,25.281],[78.951,25.275],[78.956,25.261],[78.948,25.258],[78.916,25.269],[78.904,25.245],[78.892,25.242],[78.879,25.246],[78.874,25.228],[78.889,25.21],[78.887,25.201],[78.875,25.185],[78.884,25.157],[78.908,25.176],[78.915,25.189],[78.932,25.206],[78.96,25.216],[78.977,25.212],[78.99,25.194],[79.003,25.191],[79.008,25.211],[79.001,25.217],[79.002,25.227],[78.98,25.238],[78.981,25.249],[78.994,25.27],[79,25.273],[79.02,25.269],[79.023,25.26],[79.022,25.243],[79.037,25.244],[79.034,25.23],[79.064,25.221],[79.064,25.214],[79.05,25.205],[79.032,25.182],[79.043,25.169],[79.033,25.151],[79.029,25.138],[79.046,25.132],[79.065,25.146],[79.071,25.168],[79.092,25.188],[79.098,25.171],[79.127,25.159],[79.115,25.139],[79.132,25.124],[79.122,25.113],[79.141,25.106],[79.146,25.114],[79.164,25.107],[79.176,25.107],[79.187,25.113],[79.187,25.124],[79.176,25.127],[79.176,25.14],[79.192,25.146],[79.204,25.138],[79.205,25.123],[79.23,25.118],[79.246,25.112],[79.245,25.138],[79.232,25.135],[79.221,25.144],[79.233,25.153],[79.258,25.156],[79.267,25.148],[79.27,25.136],[79.262,25.126],[79.284,25.115],[79.29,25.129],[79.308,25.126],[79.321,25.146],[79.309,25.171],[79.291,25.185],[79.286,25.206],[79.289,25.222],[79.281,25.243],[79.301,25.235],[79.308,25.223],[79.318,25.215],[79.333,25.218],[79.334,25.204],[79.34,25.196],[79.355,25.209],[79.343,25.218],[79.349,25.226],[79.348,25.268],[79.34,25.271],[79.322,25.257],[79.312,25.261],[79.294,25.276],[79.279,25.262],[79.27,25.263],[79.264,25.275],[79.268,25.305],[79.284,25.322],[79.299,25.324],[79.302,25.335],[79.333,25.332],[79.341,25.328],[79.342,25.312],[79.35,25.3],[79.338,25.289],[79.357,25.284],[79.361,25.261],[79.373,25.263],[79.372,25.288],[79.38,25.288],[79.41,25.274],[79.409,25.258],[79.439,25.255],[79.459,25.269],[79.461,25.278],[79.481,25.277],[79.487,25.26],[79.467,25.265],[79.461,25.252],[79.442,25.237],[79.435,25.22],[79.45,25.216],[79.45,25.208],[79.44,25.198],[79.417,25.204],[79.411,25.185],[79.391,25.166],[79.388,25.144],[79.396,25.127],[79.397,25.116],[79.41,25.109],[79.417,25.111],[79.426,25.129],[79.434,25.134],[79.443,25.122],[79.437,25.107],[79.444,25.103],[79.464,25.12],[79.478,25.126],[79.468,25.092],[79.479,25.083],[79.497,25.078],[79.508,25.095],[79.525,25.097],[79.521,25.121],[79.536,25.133],[79.558,25.165],[79.577,25.171],[79.582,25.155],[79.606,25.141],[79.603,25.129],[79.614,25.128],[79.628,25.138],[79.641,25.128],[79.674,25.123],[79.684,25.132],[79.715,25.129],[79.734,25.131],[79.747,25.138],[79.759,25.136],[79.777,25.121],[79.796,25.116],[79.813,25.106],[79.824,25.106],[79.835,25.096],[79.849,25.092],[79.864,25.094],[79.85,25.112],[79.859,25.135],[79.88,25.144],[79.868,25.152],[79.87,25.172],[79.86,25.199],[79.871,25.215],[79.861,25.22],[79.853,25.232],[79.869,25.238],[79.88,25.249],[79.902,25.242],[79.914,25.25],[79.921,25.229],[79.929,25.246],[79.951,25.267],[79.957,25.261],[79.971,25.264],[79.985,25.26],[80.005,25.266],[80.002,25.284],[80.021,25.297],[80.018,25.32],[80.029,25.339],[80.045,25.336],[80.078,25.339],[80.091,25.351],[80.104,25.347],[80.115,25.34],[80.135,25.336],[80.145,25.351],[80.167,25.362],[80.167,25.373],[80.196,25.379],[80.197,25.402],[80.222,25.4],[80.235,25.406],[80.253,25.4],[80.264,25.424],[80.282,25.421],[80.304,25.403],[80.317,25.387],[80.321,25.368],[80.311,25.354],[80.32,25.33],[80.317,25.301],[80.311,25.293],[80.32,25.278],[80.349,25.274],[80.357,25.265],[80.366,25.247],[80.386,25.233],[80.399,25.241],[80.407,25.239],[80.41,25.217],[80.426,25.188],[80.432,25.17],[80.424,25.161],[80.395,25.159],[80.357,25.136],[80.356,25.126],[80.374,25.117],[80.369,25.1],[80.353,25.093],[80.345,25.067],[80.353,25.054],[80.332,25.051],[80.308,25.044],[80.301,25.053],[80.29,25.056],[80.286,25.04],[80.275,25.026],[80.286,25.017],[80.297,25.017],[80.322,24.999],[80.334,24.999],[80.346,25.017],[80.356,25.012],[80.367,25.022],[80.376,25.021],[80.381,25.004],[80.39,25.006],[80.389,25.024],[80.38,25.025],[80.387,25.04],[80.372,25.044],[80.375,25.055],[80.387,25.052],[80.402,25.068],[80.415,25.059],[80.418,25.073],[80.431,25.067],[80.449,25.078],[80.454,25.062],[80.468,25.066],[80.47,25.054],[80.478,25.041],[80.499,25.042],[80.493,25.03],[80.473,25.032],[80.454,25.041],[80.434,25.027],[80.448,25.018],[80.453,25.007],[80.466,25],[80.46,24.983],[80.481,24.976],[80.485,24.989],[80.495,24.993],[80.507,25.005],[80.55,25.003],[80.544,25.018],[80.55,25.03],[80.514,25.04],[80.502,25.041],[80.501,25.05],[80.51,25.059],[80.499,25.074],[80.508,25.085],[80.495,25.088],[80.483,25.098],[80.518,25.097],[80.527,25.078],[80.552,25.064],[80.568,25.071],[80.576,25.081],[80.587,25.084],[80.615,25.072],[80.608,25.087],[80.6,25.092],[80.596,25.105],[80.606,25.124],[80.599,25.127],[80.603,25.151],[80.614,25.145],[80.614,25.132],[80.633,25.134],[80.641,25.119],[80.63,25.118],[80.617,25.095],[80.626,25.09],[80.65,25.089],[80.659,25.084],[80.662,25.072],[80.687,25.078],[80.68,25.061],[80.682,25.05],[80.723,25.064],[80.735,25.068],[80.742,25.059],[80.76,25.06],[80.784,25.058],[80.79,25.066],[80.784,25.08],[80.759,25.087],[80.754,25.095],[80.727,25.1],[80.726,25.125],[80.709,25.124],[80.731,25.145],[80.744,25.131],[80.759,25.138],[80.774,25.137],[80.782,25.143],[80.79,25.133],[80.806,25.142],[80.827,25.127],[80.836,25.106],[80.846,25.124],[80.84,25.137],[80.85,25.164],[80.845,25.189],[80.878,25.185],[80.886,25.192],[80.894,25.173],[80.914,25.161],[80.894,25.136],[80.884,25.141],[80.873,25.12],[80.881,25.099],[80.872,25.084],[80.883,25.076],[80.879,25.067],[80.849,25.047],[80.837,25.026],[80.848,25.016],[80.858,24.999],[80.845,24.982],[80.833,24.982],[80.827,24.97],[80.807,24.971],[80.8,24.96],[80.811,24.953],[80.81,24.941],[80.829,24.933],[80.865,24.932],[80.897,24.944],[80.905,24.953],[80.945,24.969],[80.953,24.964],[80.952,24.947],[80.961,24.936],[80.987,24.934],[80.989,24.926],[81.008,24.937],[81.025,24.929],[81.025,24.943],[81.035,24.951],[81.051,24.949],[81.085,24.949],[81.089,24.935],[81.098,24.921],[81.105,24.919],[81.125,24.898],[81.136,24.89],[81.148,24.913],[81.161,24.913],[81.17,24.955],[81.197,24.942],[81.207,24.931],[81.214,24.936],[81.215,24.951],[81.21,24.967],[81.221,24.974],[81.22,24.983],[81.21,24.992],[81.228,25.004],[81.256,25.038],[81.27,25.065],[81.261,25.075],[81.267,25.084],[81.254,25.102],[81.266,25.113],[81.268,25.138],[81.283,25.15],[81.277,25.162],[81.313,25.164],[81.313,25.142],[81.317,25.122],[81.325,25.124],[81.325,25.137],[81.319,25.149],[81.321,25.16],[81.338,25.169],[81.344,25.163],[81.358,25.164],[81.375,25.138],[81.397,25.121],[81.415,25.122],[81.428,25.132],[81.436,25.13],[81.447,25.111],[81.42,25.109],[81.411,25.103],[81.445,25.093],[81.467,25.09],[81.467,25.083],[81.492,25.072],[81.503,25.079],[81.506,25.093],[81.516,25.103],[81.502,25.107],[81.486,25.118],[81.486,25.135],[81.499,25.132],[81.5,25.145],[81.509,25.149],[81.527,25.148],[81.536,25.163],[81.519,25.17],[81.521,25.184],[81.542,25.185],[81.567,25.186],[81.575,25.192],[81.596,25.18],[81.59,25.165],[81.614,25.162],[81.628,25.152],[81.601,25.133],[81.599,25.12],[81.631,25.108],[81.64,25.1],[81.623,25.091],[81.618,25.082],[81.603,25.074],[81.616,25.064],[81.617,25.056],[81.63,25.054],[81.644,25.059],[81.655,25.072],[81.668,25.075],[81.672,25.061],[81.686,25.061],[81.691,25.054],[81.69,25.041],[81.714,25.035],[81.722,25.037],[81.725,25.05],[81.741,25.046],[81.747,25.036],[81.78,25.02],[81.8,25.007],[81.838,25.016],[81.855,25.004],[81.882,24.999],[81.91,24.98],[81.912,24.939],[81.92,24.928],[81.919,24.918],[81.907,24.902],[81.905,24.89],[81.911,24.881],[81.937,24.87],[81.935,24.858],[81.951,24.839],[81.963,24.836],[82.006,24.845],[82.013,24.848],[82.033,24.842],[82.073,24.821],[82.09,24.819],[82.108,24.807],[82.12,24.79],[82.135,24.791],[82.14,24.802],[82.168,24.79],[82.182,24.798],[82.203,24.794],[82.217,24.795],[82.21,24.778],[82.198,24.78],[82.204,24.761],[82.197,24.741],[82.224,24.734],[82.222,24.742],[82.208,24.75],[82.217,24.757],[82.236,24.763],[82.247,24.752],[82.258,24.754],[82.25,24.736],[82.251,24.699],[82.237,24.688],[82.237,24.672],[82.256,24.673],[82.261,24.664],[82.278,24.679],[82.3,24.662],[82.307,24.626],[82.302,24.611],[82.318,24.611],[82.338,24.621],[82.354,24.617],[82.359,24.606],[82.369,24.6],[82.394,24.595],[82.417,24.596],[82.423,24.604],[82.414,24.615],[82.412,24.634],[82.42,24.656],[82.414,24.665],[82.41,24.682],[82.416,24.693],[82.428,24.703],[82.44,24.704],[82.457,24.688],[82.457,24.676],[82.485,24.681],[82.495,24.673],[82.527,24.676],[82.532,24.655],[82.537,24.65],[82.582,24.661],[82.596,24.672],[82.645,24.686],[82.666,24.698],[82.674,24.698],[82.694,24.684],[82.704,24.674],[82.7,24.647],[82.71,24.64],[82.736,24.645],[82.751,24.642],[82.771,24.644],[82.774,24.64],[82.776,24.596],[82.804,24.598],[82.809,24.551],[82.789,24.544],[82.754,24.54],[82.753,24.551],[82.742,24.55],[82.724,24.555],[82.722,24.534],[82.724,24.511],[82.745,24.498],[82.742,24.485],[82.732,24.475],[82.739,24.469],[82.734,24.459],[82.734,24.425],[82.723,24.414],[82.715,24.384],[82.726,24.37],[82.769,24.371],[82.768,24.357],[82.772,24.346],[82.768,24.318],[82.774,24.311],[82.772,24.291],[82.759,24.267],[82.758,24.235],[82.735,24.222],[82.74,24.2],[82.744,24.167],[82.731,24.155],[82.728,24.138],[82.696,24.143],[82.687,24.155],[82.679,24.157],[82.674,24.141],[82.665,24.133],[82.671,24.123],[82.709,24.096],[82.716,24.079],[82.734,24.081],[82.749,24.074],[82.763,24.072],[82.774,24.077],[82.764,24.042],[82.748,24.03],[82.754,24.012],[82.774,24.005],[82.798,24.006],[82.809,24],[82.806,23.976],[82.816,23.962],[82.829,23.964],[82.857,23.946],[82.871,23.925],[82.889,23.909],[82.933,23.89],[82.947,23.875],[82.961,23.872],[82.992,23.879],[83,23.878],[83.044,23.882],[83.069,23.874],[83.094,23.877],[83.135,23.889],[83.153,23.909],[83.176,23.917],[83.197,23.92],[83.199,23.932],[83.209,23.94],[83.219,23.96],[83.216,23.972],[83.224,23.989],[83.245,24.001],[83.255,24.014],[83.267,24.011],[83.286,24.024],[83.289,24.035],[83.286,24.046],[83.302,24.078],[83.331,24.101],[83.347,24.11],[83.357,24.126],[83.365,24.156],[83.386,24.2],[83.385,24.23],[83.389,24.239],[83.399,24.244],[83.41,24.265],[83.411,24.275],[83.404,24.292],[83.388,24.299],[83.383,24.312],[83.411,24.336],[83.431,24.338],[83.442,24.346],[83.451,24.372],[83.448,24.386],[83.438,24.403],[83.407,24.411],[83.409,24.436],[83.398,24.436],[83.389,24.454],[83.4,24.479],[83.401,24.5],[83.408,24.505],[83.434,24.512],[83.47,24.517],[83.506,24.526],[83.501,24.541],[83.525,24.548],[83.533,24.566],[83.533,24.584],[83.525,24.602],[83.533,24.612],[83.542,24.614],[83.547,24.626],[83.529,24.629],[83.524,24.642],[83.505,24.65],[83.507,24.667],[83.521,24.678],[83.498,24.704],[83.489,24.704],[83.491,24.73],[83.488,24.736],[83.461,24.732],[83.449,24.743],[83.442,24.755],[83.419,24.774],[83.395,24.783],[83.404,24.809],[83.398,24.831],[83.391,24.839],[83.376,24.862],[83.362,24.869],[83.372,24.879],[83.36,24.901],[83.366,24.912],[83.365,24.954],[83.352,24.962],[83.349,24.977],[83.354,24.99],[83.352,25.009],[83.328,25.014],[83.325,25.036],[83.338,25.049],[83.336,25.059],[83.34,25.081],[83.346,25.086],[83.348,25.11],[83.362,25.108],[83.366,25.126],[83.36,25.129],[83.362,25.147],[83.352,25.157],[83.356,25.177],[83.352,25.185],[83.358,25.197],[83.369,25.194],[83.397,25.205],[83.41,25.228],[83.418,25.247],[83.442,25.252],[83.451,25.257],[83.469,25.25],[83.48,25.263],[83.489,25.28],[83.5,25.285],[83.516,25.284],[83.54,25.303],[83.543,25.313],[83.56,25.312],[83.581,25.316],[83.592,25.323],[83.619,25.331],[83.628,25.327],[83.64,25.34],[83.651,25.339],[83.652,25.352],[83.665,25.362],[83.695,25.368],[83.685,25.38],[83.712,25.384],[83.718,25.393],[83.756,25.402],[83.758,25.39],[83.77,25.386],[83.772,25.397],[83.791,25.397],[83.805,25.406],[83.814,25.423],[83.811,25.431],[83.829,25.436],[83.847,25.435],[83.842,25.448],[83.819,25.452],[83.819,25.464],[83.842,25.461],[83.86,25.472],[83.863,25.483],[83.873,25.489],[83.88,25.501],[83.881,25.518],[83.901,25.524],[83.929,25.56],[83.953,25.565],[84.023,25.614],[84.037,25.621],[84.085,25.636],[84.088,25.651],[84.078,25.694],[84.091,25.711],[84.116,25.722],[84.157,25.724],[84.176,25.72],[84.203,25.702],[84.208,25.671],[84.225,25.662],[84.298,25.661],[84.307,25.67],[84.327,25.67],[84.332,25.702],[84.334,25.735],[84.34,25.743],[84.363,25.742],[84.378,25.734],[84.388,25.747],[84.397,25.743],[84.39,25.733],[84.402,25.727],[84.409,25.715],[84.41,25.698],[84.432,25.693],[84.433,25.71],[84.457,25.713],[84.472,25.697],[84.475,25.684],[84.498,25.689],[84.497,25.676],[84.514,25.681],[84.525,25.676],[84.54,25.691],[84.561,25.682],[84.567,25.699],[84.567,25.72],[84.564,25.735],[84.604,25.738],[84.621,25.729],[84.639,25.727],[84.635,25.74],[84.623,25.751],[84.609,25.759],[84.618,25.776],[84.629,25.771],[84.629,25.791],[84.596,25.818],[84.58,25.828],[84.555,25.84],[84.553,25.828],[84.535,25.833],[84.535,25.854],[84.537,25.876],[84.515,25.871],[84.494,25.887],[84.475,25.882],[84.459,25.888],[84.44,25.891],[84.433,25.896],[84.418,25.923],[84.417,25.929],[84.395,25.936],[84.36,25.957],[84.322,25.946],[84.3,25.946],[84.273,25.965],[84.253,25.975],[84.249,25.981],[84.21,25.998],[84.201,25.987],[84.181,25.997],[84.176,26.023],[84.145,26.045],[84.137,26.053],[84.125,26.073],[84.1,26.094],[84.09,26.097],[84.058,26.097],[84.051,26.109],[84.051,26.129],[84.027,26.143],[84.037,26.161],[84.023,26.165],[84.012,26.176],[84.011,26.188],[84.028,26.207],[84.033,26.217],[84.017,26.223],[84.014,26.232],[84.04,26.237],[84.043,26.23],[84.083,26.222],[84.101,26.238],[84.119,26.239],[84.122,26.26],[84.15,26.255],[84.162,26.243],[84.166,26.259],[84.177,26.271],[84.18,26.301],[84.191,26.315],[84.176,26.336],[84.176,26.358],[84.18,26.372],[84.163,26.374],[84.126,26.383],[84.09,26.387],[84.086,26.381],[84.071,26.388],[84.064,26.4],[84.045,26.405],[84.026,26.429],[84.025,26.439],[84,26.445],[83.993,26.432],[83.955,26.435],[83.911,26.448],[83.916,26.504],[83.911,26.515],[83.94,26.522],[83.955,26.516],[83.955,26.507],[83.975,26.509],[83.983,26.529],[84.01,26.522],[84.057,26.541],[84.058,26.548],[84.059,26.559],[84.08,26.587],[84.088,26.592],[84.094,26.608],[84.089,26.621],[84.09,26.638],[84.115,26.635],[84.161,26.636],[84.158,26.625],[84.177,26.622],[84.211,26.622],[84.238,26.611],[84.268,26.605],[84.281,26.597],[84.289,26.604],[84.304,26.604],[84.306,26.613],[84.335,26.613],[84.36,26.618],[84.38,26.613],[84.388,26.619],[84.424,26.625],[84.417,26.636],[84.411,26.669],[84.376,26.676],[84.335,26.682],[84.328,26.714],[84.32,26.731],[84.307,26.751],[84.288,26.749],[84.276,26.739],[84.252,26.728],[84.234,26.754],[84.245,26.764],[84.258,26.79],[84.262,26.806],[84.252,26.819],[84.261,26.828],[84.262,26.842],[84.255,26.856],[84.238,26.867],[84.219,26.868],[84.206,26.858],[84.186,26.851],[84.187,26.84],[84.178,26.832],[84.16,26.837],[84.141,26.853],[84.14,26.882],[84.132,26.89],[84.111,26.891],[84.102,26.875],[84.086,26.876],[84.062,26.889],[84.057,26.903],[84.057,26.929],[84.045,26.946],[84.056,26.959],[84.051,26.965],[84.059,26.988],[84.045,27.016],[84.051,27.042],[84.034,27.042],[84.005,27.058],[84.001,27.068],[84.015,27.069],[84.031,27.092],[84.021,27.102],[84.007,27.095],[83.965,27.083],[83.951,27.087],[83.948,27.104],[83.951,27.117],[83.964,27.129],[83.961,27.138],[83.978,27.162],[83.995,27.179],[83.989,27.197],[83.97,27.214],[83.972,27.225],[83.958,27.235],[83.935,27.239],[83.912,27.249],[83.906,27.265],[83.908,27.276],[83.929,27.289],[83.936,27.301],[83.934,27.313],[83.918,27.327],[83.898,27.323],[83.883,27.313],[83.865,27.308],[83.839,27.324],[83.859,27.332],[83.867,27.345],[83.84,27.366],[83.823,27.375],[83.752,27.403],[83.651,27.453],[83.609,27.47],[83.524,27.471],[83.451,27.475],[83.429,27.478],[83.402,27.478],[83.396,27.465],[83.407,27.454],[83.392,27.435],[83.392,27.426],[83.405,27.415],[83.406,27.399],[83.395,27.389],[83.391,27.373],[83.374,27.365],[83.374,27.355],[83.358,27.34],[83.341,27.334],[83.312,27.329],[83.293,27.337],[83.279,27.347],[83.27,27.361],[83.272,27.381],[83.247,27.402],[83.216,27.417],[83.205,27.436],[83.184,27.453],[83.162,27.455],[83.112,27.449],[83.053,27.448],[83.023,27.453],[82.975,27.464],[82.947,27.474],[82.938,27.495],[82.926,27.5],[82.883,27.496],[82.841,27.501],[82.818,27.495],[82.782,27.5],[82.741,27.502],[82.74,27.517],[82.749,27.521],[82.741,27.545],[82.747,27.565],[82.755,27.583],[82.738,27.612],[82.744,27.632],[82.733,27.641],[82.733,27.652],[82.716,27.662],[82.72,27.688],[82.709,27.711],[82.699,27.72],[82.691,27.716],[82.66,27.715],[82.645,27.71],[82.633,27.711],[82.624,27.703],[82.604,27.702],[82.599,27.696],[82.586,27.697],[82.566,27.689],[82.543,27.685],[82.517,27.689],[82.488,27.683],[82.477,27.676],[82.459,27.676],[82.43,27.688],[82.388,27.714],[82.38,27.731],[82.349,27.753],[82.3,27.775],[82.284,27.785],[82.258,27.81],[82.23,27.824],[82.209,27.844],[82.194,27.848],[82.16,27.865],[82.152,27.858],[82.126,27.866],[82.121,27.874],[82.104,27.884],[82.086,27.905],[82.075,27.924],[82.053,27.922],[81.971,27.929],[81.958,27.908],[81.944,27.895],[81.94,27.884],[81.927,27.877],[81.929,27.86],[81.91,27.854],[81.891,27.858],[81.842,27.89],[81.822,27.902],[81.807,27.903],[81.781,27.92],[81.75,27.948],[81.7,27.989],[81.672,27.99],[81.633,28.003],[81.609,28.018],[81.581,28.028],[81.564,28.041],[81.544,28.05],[81.478,28.084],[81.484,28.114],[81.456,28.137],[81.45,28.156],[81.429,28.171],[81.417,28.174],[81.381,28.173],[81.373,28.165],[81.381,28.148],[81.364,28.14],[81.331,28.138],[81.314,28.161],[81.327,28.171],[81.321,28.185],[81.32,28.202],[81.303,28.219],[81.293,28.223],[81.24,28.281],[81.236,28.292],[81.238,28.322],[81.236,28.33],[81.215,28.358],[81.167,28.369],[81.11,28.376],[81.086,28.385],[81.058,28.404],[81.044,28.412],[81.037,28.4],[81.022,28.41],[81.04,28.425],[81.03,28.437],[81.017,28.433],[81.016,28.447],[81.004,28.45],[80.991,28.44],[80.966,28.436],[80.958,28.446],[80.929,28.454],[80.91,28.457],[80.9,28.469],[80.902,28.483],[80.909,28.495],[80.892,28.505],[80.879,28.507],[80.865,28.505],[80.866,28.492],[80.842,28.498],[80.824,28.516],[80.787,28.525],[80.788,28.541],[80.772,28.551],[80.772,28.563],[80.747,28.573],[80.739,28.567],[80.727,28.573],[80.714,28.571],[80.703,28.575],[80.695,28.586],[80.698,28.603],[80.684,28.603],[80.679,28.622],[80.671,28.627],[80.67,28.638],[80.647,28.642],[80.632,28.637],[80.616,28.642],[80.584,28.661],[80.591,28.679],[80.558,28.691],[80.546,28.69],[80.524,28.678],[80.509,28.666],[80.509,28.642],[80.518,28.607],[80.521,28.58],[80.529,28.575],[80.532,28.563],[80.523,28.558],[80.498,28.573],[80.488,28.585],[80.472,28.588],[80.474,28.601],[80.462,28.624],[80.447,28.629],[80.433,28.639],[80.394,28.631],[80.372,28.633],[80.362,28.641],[80.362,28.652],[80.333,28.666],[80.329,28.674],[80.323,28.697],[80.3,28.707],[80.282,28.709],[80.262,28.726],[80.271,28.744],[80.262,28.753],[80.248,28.758],[80.224,28.756],[80.199,28.766],[80.157,28.801],[80.133,28.822],[80.119,28.826],[80.082,28.824],[80.07,28.829],[80.064,28.845],[80.063,28.904],[80.067,28.919],[80.082,28.944],[80.089,28.962],[80.103,28.981],[80.121,28.985],[80.125,29.001],[80.138,29.004],[80.131,29.014],[80.13,29.035],[80.144,29.059],[80.136,29.072],[80.152,29.105],[80.163,29.114],[80.19,29.133],[80.206,29.128],[80.219,29.119],[80.24,29.119],[80.25,29.132],[80.272,29.143],[80.274,29.149],[80.263,29.165],[80.263,29.19],[80.25,29.202],[80.253,29.217],[80.265,29.211],[80.286,29.205],[80.292,29.196],[80.303,29.203],[80.298,29.235],[80.303,29.247],[80.308,29.283],[80.319,29.298],[80.317,29.323],[80.297,29.327],[80.295,29.34],[80.285,29.344],[80.284,29.357],[80.275,29.365],[80.281,29.374],[80.278,29.394],[80.249,29.408],[80.247,29.443],[80.26,29.45],[80.282,29.457],[80.288,29.448],[80.304,29.453],[80.293,29.467],[80.303,29.486],[80.316,29.481],[80.318,29.493],[80.337,29.51],[80.352,29.515],[80.358,29.531],[80.349,29.536],[80.349,29.547],[80.388,29.571],[80.398,29.571],[80.404,29.586],[80.414,29.598],[80.413,29.615],[80.425,29.636],[80.421,29.65],[80.395,29.669],[80.391,29.686],[80.37,29.725],[80.37,29.74],[80.375,29.749],[80.386,29.748],[80.402,29.76],[80.41,29.79],[80.433,29.798],[80.442,29.806],[80.454,29.798],[80.47,29.801],[80.49,29.794],[80.496,29.796],[80.501,29.812],[80.511,29.823],[80.525,29.83],[80.542,29.848],[80.555,29.854],[80.562,29.876],[80.574,29.895],[80.573,29.923],[80.579,29.934],[80.6,29.954],[80.629,29.964],[80.659,29.959],[80.682,29.961],[80.692,29.975],[80.725,30.001],[80.735,29.997],[80.744,30.002],[80.761,30.032],[80.763,30.048],[80.773,30.058],[80.789,30.066],[80.811,30.094],[80.824,30.1],[80.841,30.101],[80.851,30.117],[80.875,30.131],[80.876,30.15],[80.868,30.172],[80.883,30.184],[80.903,30.216],[80.913,30.218],[80.922,30.207],[80.921,30.186],[80.937,30.177],[80.98,30.191],[80.993,30.187],[81.028,30.198],[81.043,30.199],[81.042,30.21],[81.033,30.228],[81.034,30.245],[81.025,30.257],[81.008,30.265],[80.982,30.27],[80.955,30.279],[80.931,30.282],[80.898,30.294],[80.86,30.302],[80.826,30.314],[80.797,30.332],[80.787,30.342],[80.774,30.37],[80.764,30.382],[80.746,30.397],[80.714,30.413],[80.675,30.44],[80.664,30.44],[80.608,30.477],[80.591,30.484],[80.581,30.483],[80.57,30.462],[80.545,30.455],[80.541,30.449],[80.519,30.465],[80.509,30.48],[80.5,30.485],[80.472,30.488],[80.438,30.5],[80.415,30.526],[80.396,30.518],[80.383,30.521],[80.33,30.548],[80.32,30.562],[80.293,30.569],[80.255,30.56],[80.226,30.577],[80.221,30.592],[80.226,30.61],[80.214,30.613],[80.214,30.622],[80.224,30.639],[80.215,30.65],[80.195,30.664],[80.198,30.674],[80.214,30.685],[80.235,30.692],[80.239,30.709],[80.246,30.717],[80.252,30.735],[80.238,30.76],[80.222,30.752],[80.205,30.758],[80.2,30.781],[80.183,30.802],[80.174,30.807],[80.155,30.806],[80.153,30.79],[80.141,30.788],[80.128,30.775],[80.118,30.774],[80.102,30.786],[80.089,30.794],[80.085,30.814],[80.065,30.827],[80.059,30.838],[80.04,30.838],[80.014,30.859],[79.983,30.877],[79.95,30.887],[79.93,30.887],[79.913,30.916],[79.893,30.921],[79.879,30.961],[79.867,30.975],[79.846,30.978],[79.826,30.972],[79.776,30.988],[79.761,31.001],[79.753,31.001],[79.74,30.985],[79.708,30.976],[79.678,30.981],[79.667,30.979],[79.665,30.965],[79.631,30.956],[79.605,30.937],[79.591,30.949],[79.569,30.953],[79.548,30.968],[79.553,30.986],[79.535,30.99],[79.538,30.999],[79.532,31.011],[79.521,31.018],[79.517,31.034],[79.495,31.033],[79.481,31.036],[79.437,31.03],[79.428,31.032],[79.422,31.072],[79.408,31.074],[79.405,31.093],[79.397,31.113],[79.376,31.115],[79.36,31.122],[79.34,31.124],[79.315,31.144],[79.3,31.165],[79.298,31.176],[79.304,31.19],[79.288,31.225],[79.278,31.24],[79.259,31.242],[79.249,31.249],[79.249,31.264],[79.262,31.279],[79.264,31.291],[79.237,31.315],[79.237,31.332],[79.214,31.347],[79.193,31.367],[79.179,31.394],[79.164,31.406],[79.145,31.434],[79.116,31.443],[79.092,31.453],[79.073,31.467],[79.064,31.465],[79.053,31.452],[79.05,31.423],[79.023,31.396],[79.01,31.374],[79.009,31.362],[78.996,31.352],[78.977,31.347],[78.946,31.333],[78.939,31.32],[78.939,31.296],[78.931,31.282],[78.932,31.262],[78.922,31.254],[78.925,31.229],[78.935,31.218],[78.95,31.217],[78.951,31.201],[78.961,31.188],[78.987,31.177],[78.993,31.165],[78.993,31.14],[79.004,31.132],[79.012,31.112],[78.981,31.11],[78.957,31.1],[78.936,31.102],[78.919,31.11],[78.912,31.1],[78.895,31.099],[78.877,31.107],[78.867,31.121],[78.853,31.125],[78.834,31.142],[78.816,31.173],[78.813,31.184],[78.818,31.194],[78.81,31.2],[78.786,31.192],[78.765,31.189],[78.736,31.192],[78.711,31.191],[78.691,31.198],[78.675,31.198],[78.666,31.193],[78.653,31.203],[78.651,31.215],[78.632,31.22],[78.616,31.231],[78.582,31.229],[78.571,31.222],[78.552,31.202],[78.529,31.199],[78.485,31.199],[78.482,31.216],[78.459,31.239],[78.435,31.255],[78.43,31.246],[78.413,31.243],[78.408,31.257],[78.384,31.283],[78.371,31.286],[78.332,31.28],[78.314,31.283],[78.309,31.261],[78.284,31.267],[78.263,31.242],[78.248,31.23],[78.222,31.232],[78.215,31.221],[78.2,31.219],[78.186,31.227],[78.163,31.227],[78.15,31.211],[78.134,31.209],[78.129,31.202],[78.107,31.188],[78.069,31.188],[78.045,31.181],[78.031,31.167],[78.031,31.154],[78.022,31.152],[78.007,31.162],[77.984,31.16],[77.97,31.174],[77.929,31.152],[77.917,31.154],[77.895,31.133],[77.893,31.12],[77.866,31.106],[77.865,31.091],[77.857,31.077],[77.839,31.07],[77.819,31.049],[77.83,31.029],[77.836,31.025],[77.833,31.011],[77.839,31.001],[77.822,30.989],[77.82,30.977],[77.811,30.965],[77.768,30.972],[77.751,30.959],[77.747,30.945],[77.751,30.935],[77.761,30.929],[77.76,30.918],[77.781,30.916],[77.805,30.921],[77.815,30.908],[77.801,30.891],[77.798,30.867],[77.803,30.854],[77.779,30.86],[77.772,30.876],[77.759,30.876],[77.756,30.859],[77.746,30.846],[77.758,30.832],[77.733,30.804],[77.729,30.789],[77.718,30.774],[77.702,30.764],[77.708,30.741],[77.721,30.741],[77.744,30.72],[77.755,30.706],[77.747,30.693],[77.747,30.681],[77.768,30.671],[77.78,30.66],[77.789,30.636],[77.785,30.624],[77.792,30.613],[77.77,30.615],[77.771,30.6],[77.746,30.602],[77.743,30.593],[77.757,30.585],[77.767,30.565],[77.775,30.558],[77.792,30.552],[77.8,30.556],[77.819,30.556],[77.826,30.533],[77.813,30.506],[77.802,30.501],[77.781,30.499],[77.735,30.473],[77.725,30.472],[77.696,30.453],[77.692,30.447],[77.675,30.444],[77.654,30.447],[77.644,30.431],[77.617,30.433],[77.594,30.425],[77.576,30.412],[77.576,30.4],[77.589,30.385],[77.588,30.38],[77.603,30.372],[77.605,30.366],[77.583,30.332],[77.588,30.321],[77.583,30.306],[77.545,30.282],[77.538,30.273],[77.533,30.255],[77.509,30.229],[77.486,30.184],[77.469,30.176],[77.46,30.164],[77.436,30.164],[77.423,30.141],[77.43,30.136],[77.413,30.108],[77.421,30.098],[77.405,30.089],[77.386,30.088],[77.369,30.079],[77.344,30.06],[77.31,30.055],[77.283,30.044],[77.285,30.029],[77.274,30.001],[77.263,29.984],[77.248,29.976],[77.244,29.961],[77.223,29.936],[77.201,29.917],[77.192,29.897],[77.197,29.89],[77.194,29.868],[77.18,29.842],[77.181,29.825],[77.168,29.812],[77.164,29.788],[77.144,29.774],[77.13,29.771],[77.131,29.759],[77.125,29.744],[77.152,29.712],[77.154,29.697],[77.144,29.695],[77.137,29.692],[77.132,29.675],[77.143,29.661],[77.141,29.654],[77.121,29.642],[77.097,29.596],[77.113,29.572],[77.121,29.548],[77.101,29.54],[77.096,29.529],[77.109,29.507],[77.126,29.498],[77.135,29.481],[77.127,29.47],[77.126,29.457],[77.135,29.448],[77.149,29.442],[77.147,29.427],[77.136,29.417],[77.137,29.406],[77.145,29.393],[77.157,29.387],[77.15,29.379],[77.128,29.372],[77.131,29.345],[77.139,29.339],[77.158,29.34],[77.165,29.312],[77.153,29.296],[77.155,29.291],[77.14,29.268],[77.153,29.246],[77.154,29.233],[77.138,29.223],[77.139,29.213],[77.147,29.202],[77.151,29.177],[77.143,29.167],[77.137,29.149],[77.149,29.13],[77.135,29.108],[77.135,29.096],[77.152,29.082],[77.168,29.072],[77.173,29.06],[77.173,29.043],[77.202,29.016],[77.214,29.011],[77.225,29.001],[77.214,28.977],[77.201,28.956],[77.201,28.942],[77.216,28.931],[77.207,28.916],[77.232,28.903],[77.227,28.895],[77.209,28.887],[77.192,28.885],[77.189,28.875],[77.197,28.862],[77.215,28.858],[77.228,28.83],[77.224,28.808],[77.205,28.81],[77.205,28.797],[77.211,28.787],[77.214,28.784],[77.223,28.781],[77.239,28.767],[77.248,28.754],[77.259,28.752],[77.262,28.74],[77.27,28.733],[77.287,28.729],[77.295,28.719],[77.295,28.707],[77.303,28.704],[77.316,28.712],[77.334,28.71],[77.33,28.698],[77.337,28.68],[77.328,28.674],[77.324,28.638],[77.341,28.626],[77.347,28.616],[77.346,28.603],[77.317,28.591],[77.305,28.577],[77.305,28.556],[77.313,28.545],[77.331,28.53],[77.347,28.51],[77.348,28.503],[77.37,28.492],[77.374,28.48],[77.386,28.471],[77.408,28.466],[77.408,28.453],[77.436,28.449],[77.446,28.426],[77.484,28.408],[77.479,28.389],[77.496,28.374],[77.504,28.353],[77.495,28.345],[77.476,28.336],[77.476,28.328],[77.492,28.318],[77.506,28.301],[77.502,28.275],[77.482,28.276],[77.477,28.264],[77.522,28.249],[77.548,28.249],[77.545,28.235],[77.525,28.224],[77.533,28.201],[77.529,28.196],[77.507,28.207],[77.499,28.206],[77.502,28.179],[77.515,28.19],[77.548,28.185],[77.552,28.176],[77.541,28.165],[77.521,28.159],[77.508,28.157],[77.505,28.14],[77.509,28.117],[77.501,28.107],[77.482,28.098],[77.479,28.078],[77.492,28.055],[77.487,28.043],[77.516,28.017],[77.521,28.005],[77.545,27.988],[77.519,27.968],[77.524,27.96],[77.545,27.96],[77.545,27.944],[77.528,27.926],[77.52,27.932],[77.501,27.926],[77.494,27.938],[77.478,27.927],[77.484,27.906],[77.479,27.889],[77.468,27.88],[77.451,27.873],[77.431,27.889],[77.42,27.889],[77.411,27.876],[77.421,27.853],[77.402,27.853],[77.383,27.858],[77.362,27.851],[77.348,27.854],[77.338,27.846],[77.322,27.824],[77.298,27.824],[77.3,27.814],[77.285,27.801],[77.304,27.794],[77.313,27.782],[77.31,27.751],[77.319,27.731],[77.305,27.724],[77.311,27.708],[77.333,27.708],[77.343,27.702],[77.344,27.676],[77.351,27.647],[77.32,27.606],[77.334,27.591],[77.344,27.596],[77.359,27.588],[77.347,27.571],[77.339,27.565],[77.342,27.549],[77.349,27.541],[77.341,27.533],[77.349,27.519],[77.361,27.514],[77.385,27.513],[77.401,27.496],[77.402,27.476],[77.416,27.471],[77.424,27.46],[77.438,27.456],[77.429,27.442],[77.424,27.42],[77.435,27.411],[77.44,27.394],[77.475,27.379],[77.484,27.382],[77.506,27.376],[77.518,27.362],[77.551,27.337],[77.576,27.328],[77.583,27.321],[77.601,27.332],[77.625,27.333],[77.622,27.309],[77.6,27.295],[77.618,27.282],[77.615,27.267],[77.621,27.255],[77.632,27.258],[77.648,27.241],[77.653,27.233],[77.648,27.217],[77.65,27.209],[77.665,27.207],[77.681,27.195],[77.674,27.18],[77.663,27.17],[77.639,27.164],[77.623,27.169],[77.613,27.163],[77.615,27.148],[77.601,27.134],[77.605,27.123],[77.592,27.115],[77.583,27.116],[77.564,27.11],[77.553,27.11],[77.537,27.098],[77.522,27.102],[77.51,27.094],[77.526,27.082],[77.522,27.065],[77.535,27.061],[77.554,27.075],[77.574,27.072],[77.575,27.055],[77.567,27.043],[77.569,27.03],[77.583,27.036],[77.607,27.023],[77.624,27.022],[77.635,27.01],[77.642,27.021],[77.665,27.017],[77.679,27.043],[77.692,27.039],[77.69,27.027],[77.702,27.014],[77.712,26.995],[77.73,26.995],[77.73,27.02],[77.744,27.028],[77.752,27.018],[77.753,27.008],[77.744,26.982],[77.723,26.986],[77.7,26.973],[77.678,26.971],[77.668,26.962],[77.657,26.968],[77.65,26.962],[77.613,26.94],[77.602,26.932],[77.593,26.937],[77.588,26.925],[77.526,26.91],[77.504,26.9],[77.49,26.898],[77.463,26.884],[77.458,26.869],[77.444,26.862],[77.43,26.861],[77.434,26.847],[77.425,26.837],[77.447,26.814],[77.446,26.803],[77.436,26.78],[77.436,26.765],[77.459,26.775],[77.472,26.764],[77.456,26.741],[77.488,26.748],[77.501,26.761],[77.489,26.782],[77.497,26.803],[77.506,26.842],[77.521,26.839],[77.52,26.822],[77.528,26.816],[77.543,26.82],[77.555,26.816],[77.573,26.819],[77.58,26.826],[77.616,26.829],[77.624,26.843],[77.633,26.841],[77.665,26.851],[77.675,26.857],[77.68,26.868],[77.694,26.873],[77.724,26.876],[77.726,26.894],[77.719,26.897],[77.732,26.917],[77.757,26.921],[77.761,26.932],[77.773,26.932],[77.797,26.917],[77.813,26.923],[77.823,26.917],[77.845,26.914],[77.858,26.907],[77.88,26.9],[77.898,26.884],[77.911,26.895],[77.918,26.908],[77.937,26.907],[77.95,26.894],[77.971,26.907],[77.983,26.892],[78,26.905],[78.022,26.903],[78.03,26.884],[78.026,26.876],[78.044,26.869],[78.053,26.879],[78.051,26.91],[78.069,26.91],[78.095,26.896],[78.111,26.904],[78.104,26.923],[78.121,26.922],[78.124,26.932],[78.116,26.944],[78.123,26.949],[78.148,26.951],[78.199,26.941],[78.217,26.934],[78.224,26.948],[78.241,26.928],[78.27,26.926],[78.271,26.918],[78.261,26.899],[78.238,26.888],[78.235,26.877],[78.213,26.872],[78.199,26.878],[78.213,26.85],[78.222,26.843],[78.218,26.83],[78.231,26.831],[78.264,26.814],[78.274,26.819],[78.276,26.844],[78.291,26.858],[78.303,26.862],[78.332,26.863],[78.35,26.868],[78.371,26.865],[78.394,26.822],[78.409,26.82],[78.434,26.826],[78.443,26.818],[78.454,26.798],[78.467,26.789],[78.501,26.782],[78.524,26.779],[78.544,26.766],[78.574,26.752],[78.611,26.75],[78.629,26.769],[78.668,26.763],[78.676,26.768],[78.686,26.787],[78.724,26.794],[78.73,26.792],[78.727,26.776],[78.735,26.774],[78.75,26.787],[78.771,26.761],[78.779,26.758]]],[[[79.389,25.099],[79.382,25.108],[79.381,25.121],[79.367,25.129],[79.352,25.119],[79.357,25.109],[79.378,25.102],[79.381,25.083],[79.378,25.069],[79.362,25.049],[79.4,25.031],[79.413,25.034],[79.424,25.045],[79.424,25.057],[79.41,25.063],[79.409,25.073],[79.392,25.083],[79.389,25.099]]],[[[79.371,25.181],[79.363,25.187],[79.357,25.174],[79.369,25.17],[79.371,25.181]]]]}},
{"type":"Feature","properties":{"name":"Vindhya Pradesh","std":"Vindhya Pradesh","kind":"state","covers":["Madhya Pradesh"],"part":"C"},"geometry":{"type":"MultiPolygon","coordinates":[[[[81.981,23.416],[81.983,23.431],[81.979,23.446],[81.969,23.459],[81.958,23.465],[81.955,23.474],[81.957,23.496],[81.942,23.504],[81.924,23.531],[81.912,23.534],[81.887,23.517],[81.87,23.513],[81.858,23.515],[81.835,23.51],[81.818,23.521],[81.819,23.533],[81.805,23.547],[81.764,23.551],[81.756,23.564],[81.737,23.564],[81.727,23.555],[81.714,23.532],[81.701,23.522],[81.675,23.53],[81.662,23.53],[81.661,23.512],[81.655,23.501],[81.639,23.49],[81.625,23.493],[81.613,23.509],[81.614,23.543],[81.61,23.552],[81.585,23.553],[81.577,23.587],[81.588,23.595],[81.602,23.594],[81.61,23.598],[81.609,23.612],[81.617,23.631],[81.621,23.659],[81.651,23.659],[81.657,23.682],[81.681,23.692],[81.695,23.72],[81.68,23.738],[81.686,23.747],[81.677,23.756],[81.647,23.769],[81.651,23.79],[81.65,23.803],[81.638,23.829],[81.633,23.834],[81.617,23.834],[81.606,23.852],[81.623,23.871],[81.605,23.887],[81.622,23.906],[81.637,23.906],[81.659,23.916],[81.669,23.924],[81.675,23.914],[81.687,23.906],[81.69,23.888],[81.705,23.884],[81.71,23.861],[81.729,23.859],[81.735,23.839],[81.78,23.812],[81.801,23.813],[81.819,23.808],[81.839,23.82],[81.861,23.823],[81.87,23.833],[81.902,23.842],[81.924,23.871],[81.958,23.851],[81.992,23.86],[82.008,23.861],[82.019,23.851],[82.043,23.841],[82.039,23.83],[82.053,23.819],[82.086,23.816],[82.125,23.822],[82.142,23.817],[82.177,23.823],[82.18,23.836],[82.197,23.842],[82.212,23.852],[82.215,23.843],[82.207,23.83],[82.224,23.82],[82.229,23.809],[82.239,23.806],[82.263,23.821],[82.285,23.816],[82.305,23.807],[82.315,23.81],[82.336,23.802],[82.355,23.802],[82.376,23.81],[82.396,23.8],[82.431,23.805],[82.444,23.804],[82.457,23.81],[82.471,23.81],[82.49,23.796],[82.499,23.785],[82.524,23.783],[82.537,23.79],[82.552,23.793],[82.547,23.811],[82.535,23.823],[82.556,23.826],[82.594,23.822],[82.614,23.835],[82.637,23.838],[82.648,23.857],[82.66,23.855],[82.668,23.869],[82.654,23.888],[82.662,23.905],[82.69,23.911],[82.71,23.924],[82.726,23.92],[82.756,23.921],[82.762,23.935],[82.783,23.937],[82.798,23.95],[82.805,23.96],[82.816,23.962],[82.806,23.976],[82.809,24],[82.798,24.006],[82.774,24.005],[82.754,24.012],[82.748,24.03],[82.764,24.042],[82.774,24.077],[82.763,24.072],[82.749,24.074],[82.734,24.081],[82.716,24.079],[82.709,24.096],[82.671,24.123],[82.665,24.133],[82.674,24.141],[82.679,24.157],[82.687,24.155],[82.696,24.143],[82.728,24.138],[82.731,24.155],[82.744,24.167],[82.74,24.2],[82.735,24.222],[82.758,24.235],[82.759,24.267],[82.772,24.291],[82.774,24.311],[82.768,24.318],[82.772,24.346],[82.768,24.357],[82.769,24.371],[82.726,24.37],[82.715,24.384],[82.723,24.414],[82.734,24.425],[82.734,24.459],[82.739,24.469],[82.732,24.475],[82.742,24.485],[82.745,24.498],[82.724,24.511],[82.722,24.534],[82.724,24.555],[82.742,24.55],[82.753,24.551],[82.754,24.54],[82.789,24.544],[82.809,24.551],[82.804,24.598],[82.776,24.596],[82.774,24.64],[82.771,24.644],[82.751,24.642],[82.736,24.645],[82.71,24.64],[82.7,24.647],[82.704,24.674],[82.694,24.684],[82.674,24.698],[82.666,24.698],[82.645,24.686],[82.596,24.672],[82.582,24.661],[82.537,24.65],[82.532,24.655],[82.527,24.676],[82.495,24.673],[82.485,24.681],[82.457,24.676],[82.457,24.688],[82.44,24.704],[82.428,24.703],[82.416,24.693],[82.41,24.682],[82.414,24.665],[82.42,24.656],[82.412,24.634],[82.414,24.615],[82.423,24.604],[82.417,24.596],[82.394,24.595],[82.369,24.6],[82.359,24.606],[82.354,24.617],[82.338,24.621],[82.318,24.611],[82.302,24.611],[82.307,24.626],[82.3,24.662],[82.278,24.679],[82.261,24.664],[82.256,24.673],[82.237,24.672],[82.237,24.688],[82.251,24.699],[82.25,24.736],[82.258,24.754],[82.247,24.752],[82.236,24.763],[82.217,24.757],[82.208,24.75],[82.222,24.742],[82.224,24.734],[82.197,24.741],[82.204,24.761],[82.198,24.78],[82.21,24.778],[82.217,24.795],[82.203,24.794],[82.182,24.798],[82.168,24.79],[82.14,24.802],[82.135,24.791],[82.12,24.79],[82.108,24.807],[82.09,24.819],[82.073,24.821],[82.033,24.842],[82.013,24.848],[82.006,24.845],[81.963,24.836],[81.951,24.839],[81.935,24.858],[81.937,24.87],[81.911,24.881],[81.905,24.89],[81.907,24.902],[81.919,24.918],[81.92,24.928],[81.912,24.939],[81.91,24.98],[81.882,24.999],[81.855,25.004],[81.838,25.016],[81.8,25.007],[81.78,25.02],[81.747,25.036],[81.741,25.046],[81.725,25.05],[81.722,25.037],[81.714,25.035],[81.69,25.041],[81.691,25.054],[81.686,25.061],[81.672,25.061],[81.668,25.075],[81.655,25.072],[81.644,25.059],[81.63,25.054],[81.617,25.056],[81.616,25.064],[81.603,25.074],[81.618,25.082],[81.623,25.091],[81.64,25.1],[81.631,25.108],[81.599,25.12],[81.601,25.133],[81.628,25.152],[81.614,25.162],[81.59,25.165],[81.596,25.18],[81.575,25.192],[81.567,25.186],[81.542,25.185],[81.521,25.184],[81.519,25.17],[81.536,25.163],[81.527,25.148],[81.509,25.149],[81.5,25.145],[81.499,25.132],[81.486,25.135],[81.486,25.118],[81.502,25.107],[81.516,25.103],[81.506,25.093],[81.503,25.079],[81.492,25.072],[81.467,25.083],[81.467,25.09],[81.445,25.093],[81.411,25.103],[81.42,25.109],[81.447,25.111],[81.436,25.13],[81.428,25.132],[81.415,25.122],[81.397,25.121],[81.375,25.138],[81.358,25.164],[81.344,25.163],[81.338,25.169],[81.321,25.16],[81.319,25.149],[81.325,25.137],[81.325,25.124],[81.317,25.122],[81.313,25.142],[81.313,25.164],[81.277,25.162],[81.283,25.15],[81.268,25.138],[81.266,25.113],[81.254,25.102],[81.267,25.084],[81.261,25.075],[81.27,25.065],[81.256,25.038],[81.228,25.004],[81.21,24.992],[81.22,24.983],[81.221,24.974],[81.21,24.967],[81.215,24.951],[81.214,24.936],[81.207,24.931],[81.197,24.942],[81.17,24.955],[81.161,24.913],[81.148,24.913],[81.136,24.89],[81.125,24.898],[81.105,24.919],[81.098,24.921],[81.089,24.935],[81.085,24.949],[81.051,24.949],[81.035,24.951],[81.025,24.943],[81.025,24.929],[81.008,24.937],[80.989,24.926],[80.987,24.934],[80.961,24.936],[80.952,24.947],[80.953,24.964],[80.945,24.969],[80.905,24.953],[80.897,24.944],[80.865,24.932],[80.829,24.933],[80.81,24.941],[80.811,24.953],[80.8,24.96],[80.807,24.971],[80.827,24.97],[80.833,24.982],[80.845,24.982],[80.858,24.999],[80.848,25.016],[80.837,25.026],[80.849,25.047],[80.879,25.067],[80.883,25.076],[80.872,25.084],[80.881,25.099],[80.873,25.12],[80.884,25.141],[80.894,25.136],[80.914,25.161],[80.894,25.173],[80.886,25.192],[80.878,25.185],[80.845,25.189],[80.85,25.164],[80.84,25.137],[80.846,25.124],[80.836,25.106],[80.827,25.127],[80.806,25.142],[80.79,25.133],[80.782,25.143],[80.774,25.137],[80.759,25.138],[80.744,25.131],[80.731,25.145],[80.709,25.124],[80.726,25.125],[80.727,25.1],[80.754,25.095],[80.759,25.087],[80.784,25.08],[80.79,25.066],[80.784,25.058],[80.76,25.06],[80.742,25.059],[80.735,25.068],[80.723,25.064],[80.682,25.05],[80.68,25.061],[80.687,25.078],[80.662,25.072],[80.659,25.084],[80.65,25.089],[80.626,25.09],[80.617,25.095],[80.63,25.118],[80.641,25.119],[80.633,25.134],[80.614,25.132],[80.614,25.145],[80.603,25.151],[80.599,25.127],[80.606,25.124],[80.596,25.105],[80.6,25.092],[80.608,25.087],[80.615,25.072],[80.587,25.084],[80.576,25.081],[80.568,25.071],[80.552,25.064],[80.527,25.078],[80.518,25.097],[80.483,25.098],[80.495,25.088],[80.508,25.085],[80.499,25.074],[80.51,25.059],[80.501,25.05],[80.502,25.041],[80.514,25.04],[80.55,25.03],[80.544,25.018],[80.55,25.003],[80.507,25.005],[80.495,24.993],[80.485,24.989],[80.481,24.976],[80.46,24.983],[80.466,25],[80.453,25.007],[80.448,25.018],[80.434,25.027],[80.454,25.041],[80.473,25.032],[80.493,25.03],[80.499,25.042],[80.478,25.041],[80.47,25.054],[80.468,25.066],[80.454,25.062],[80.449,25.078],[80.431,25.067],[80.418,25.073],[80.415,25.059],[80.402,25.068],[80.387,25.052],[80.375,25.055],[80.372,25.044],[80.387,25.04],[80.38,25.025],[80.389,25.024],[80.39,25.006],[80.381,25.004],[80.376,25.021],[80.367,25.022],[80.356,25.012],[80.346,25.017],[80.334,24.999],[80.322,24.999],[80.297,25.017],[80.286,25.017],[80.275,25.026],[80.286,25.04],[80.29,25.056],[80.301,25.053],[80.308,25.044],[80.332,25.051],[80.353,25.054],[80.345,25.067],[80.353,25.093],[80.369,25.1],[80.374,25.117],[80.356,25.126],[80.357,25.136],[80.395,25.159],[80.424,25.161],[80.432,25.17],[80.426,25.188],[80.41,25.217],[80.407,25.239],[80.399,25.241],[80.386,25.233],[80.366,25.247],[80.357,25.265],[80.349,25.274],[80.32,25.278],[80.311,25.293],[80.317,25.301],[80.32,25.33],[80.311,25.354],[80.321,25.368],[80.317,25.387],[80.304,25.403],[80.282,25.421],[80.264,25.424],[80.253,25.4],[80.235,25.406],[80.222,25.4],[80.197,25.402],[80.196,25.379],[80.167,25.373],[80.167,25.362],[80.145,25.351],[80.135,25.336],[80.115,25.34],[80.104,25.347],[80.091,25.351],[80.078,25.339],[80.045,25.336],[80.029,25.339],[80.018,25.32],[80.021,25.297],[80.002,25.284],[80.005,25.266],[79.985,25.26],[79.971,25.264],[79.957,25.261],[79.951,25.267],[79.929,25.246],[79.921,25.229],[79.914,25.25],[79.902,25.242],[79.88,25.249],[79.869,25.238],[79.853,25.232],[79.861,25.22],[79.871,25.215],[79.86,25.199],[79.87,25.172],[79.868,25.152],[79.88,25.144],[79.859,25.135],[79.85,25.112],[79.864,25.094],[79.849,25.092],[79.835,25.096],[79.824,25.106],[79.813,25.106],[79.796,25.116],[79.777,25.121],[79.759,25.136],[79.747,25.138],[79.734,25.131],[79.715,25.129],[79.684,25.132],[79.674,25.123],[79.641,25.128],[79.628,25.138],[79.614,25.128],[79.603,25.129],[79.606,25.141],[79.582,25.155],[79.577,25.171],[79.558,25.165],[79.536,25.133],[79.521,25.121],[79.525,25.097],[79.508,25.095],[79.497,25.078],[79.479,25.083],[79.468,25.092],[79.478,25.126],[79.464,25.12],[79.444,25.103],[79.437,25.107],[79.443,25.122],[79.434,25.134],[79.426,25.129],[79.417,25.111],[79.41,25.109],[79.397,25.116],[79.396,25.127],[79.388,25.144],[79.391,25.166],[79.411,25.185],[79.417,25.204],[79.44,25.198],[79.45,25.208],[79.45,25.216],[79.435,25.22],[79.442,25.237],[79.461,25.252],[79.467,25.265],[79.487,25.26],[79.481,25.277],[79.461,25.278],[79.459,25.269],[79.439,25.255],[79.409,25.258],[79.41,25.274],[79.38,25.288],[79.372,25.288],[79.373,25.263],[79.361,25.261],[79.357,25.284],[79.338,25.289],[79.35,25.3],[79.342,25.312],[79.341,25.328],[79.333,25.332],[79.302,25.335],[79.299,25.324],[79.284,25.322],[79.268,25.305],[79.264,25.275],[79.27,25.263],[79.279,25.262],[79.294,25.276],[79.312,25.261],[79.322,25.257],[79.34,25.271],[79.348,25.268],[79.349,25.226],[79.343,25.218],[79.355,25.209],[79.34,25.196],[79.334,25.204],[79.333,25.218],[79.318,25.215],[79.308,25.223],[79.301,25.235],[79.281,25.243],[79.289,25.222],[79.286,25.206],[79.291,25.185],[79.309,25.171],[79.321,25.146],[79.308,25.126],[79.29,25.129],[79.284,25.115],[79.262,25.126],[79.27,25.136],[79.267,25.148],[79.258,25.156],[79.233,25.153],[79.221,25.144],[79.232,25.135],[79.245,25.138],[79.246,25.112],[79.23,25.118],[79.205,25.123],[79.204,25.138],[79.192,25.146],[79.176,25.14],[79.176,25.127],[79.187,25.124],[79.187,25.113],[79.176,25.107],[79.164,25.107],[79.146,25.114],[79.141,25.106],[79.122,25.113],[79.132,25.124],[79.115,25.139],[79.127,25.159],[79.098,25.171],[79.092,25.188],[79.071,25.168],[79.065,25.146],[79.046,25.132],[79.029,25.138],[79.033,25.151],[79.043,25.169],[79.032,25.182],[79.05,25.205],[79.064,25.214],[79.064,25.221],[79.034,25.23],[79.037,25.244],[79.022,25.243],[79.023,25.26],[79.02,25.269],[79,25.273],[78.994,25.27],[78.981,25.249],[78.98,25.238],[79.002,25.227],[79.001,25.217],[79.008,25.211],[79.003,25.191],[78.99,25.194],[78.977,25.212],[78.96,25.216],[78.932,25.206],[78.915,25.189],[78.908,25.176],[78.884,25.157],[78.875,25.185],[78.887,25.201],[78.889,25.21],[78.874,25.228],[78.879,25.246],[78.892,25.242],[78.904,25.245],[78.916,25.269],[78.948,25.258],[78.956,25.261],[78.951,25.275],[78.961,25.281],[78.972,25.279],[78.978,25.286],[78.96,25.307],[78.963,25.343],[78.95,25.34],[78.939,25.327],[78.922,25.341],[78.915,25.334],[78.893,25.342],[78.883,25.329],[78.864,25.312],[78.874,25.306],[78.879,25.287],[78.87,25.278],[78.865,25.261],[78.858,25.248],[78.853,25.229],[78.842,25.228],[78.831,25.246],[78.813,25.266],[78.819,25.289],[78.811,25.297],[78.801,25.288],[78.791,25.298],[78.799,25.31],[78.822,25.306],[78.834,25.315],[78.841,25.326],[78.851,25.327],[78.845,25.347],[78.869,25.372],[78.882,25.383],[78.909,25.384],[78.923,25.395],[78.951,25.398],[78.959,25.391],[78.946,25.384],[78.939,25.372],[78.903,25.376],[78.904,25.36],[78.925,25.355],[78.936,25.347],[78.946,25.348],[78.956,25.365],[78.982,25.368],[78.983,25.384],[78.976,25.391],[78.973,25.406],[78.978,25.415],[78.968,25.434],[78.95,25.437],[78.937,25.423],[78.911,25.442],[78.921,25.447],[78.938,25.463],[78.943,25.475],[78.943,25.489],[78.924,25.512],[78.927,25.522],[78.94,25.519],[78.949,25.526],[78.949,25.546],[78.933,25.555],[78.926,25.538],[78.918,25.554],[78.893,25.556],[78.882,25.552],[78.876,25.539],[78.885,25.528],[78.884,25.519],[78.841,25.511],[78.834,25.499],[78.854,25.486],[78.865,25.462],[78.861,25.447],[78.844,25.429],[78.827,25.433],[78.824,25.444],[78.838,25.442],[78.853,25.449],[78.833,25.463],[78.797,25.478],[78.78,25.478],[78.764,25.471],[78.751,25.48],[78.747,25.495],[78.734,25.485],[78.732,25.458],[78.755,25.443],[78.759,25.433],[78.773,25.425],[78.797,25.437],[78.819,25.428],[78.815,25.42],[78.802,25.421],[78.753,25.41],[78.748,25.401],[78.766,25.399],[78.773,25.36],[78.772,25.353],[78.743,25.344],[78.711,25.354],[78.717,25.371],[78.7,25.383],[78.694,25.375],[78.665,25.383],[78.659,25.408],[78.667,25.413],[78.676,25.399],[78.708,25.421],[78.697,25.44],[78.689,25.442],[78.678,25.434],[78.665,25.439],[78.646,25.435],[78.64,25.428],[78.645,25.415],[78.641,25.404],[78.626,25.402],[78.622,25.411],[78.611,25.412],[78.602,25.404],[78.599,25.391],[78.591,25.385],[78.568,25.391],[78.564,25.379],[78.577,25.38],[78.585,25.372],[78.587,25.355],[78.583,25.347],[78.563,25.343],[78.552,25.354],[78.535,25.361],[78.541,25.326],[78.549,25.321],[78.532,25.301],[78.512,25.297],[78.495,25.315],[78.476,25.298],[78.474,25.288],[78.455,25.298],[78.437,25.292],[78.436,25.276],[78.443,25.268],[78.461,25.265],[78.496,25.287],[78.504,25.289],[78.512,25.276],[78.528,25.283],[78.533,25.273],[78.543,25.267],[78.559,25.266],[78.576,25.254],[78.57,25.234],[78.57,25.221],[78.577,25.197],[78.601,25.152],[78.605,25.122],[78.604,25.093],[78.627,25.087],[78.636,25.077],[78.649,25.057],[78.651,25.03],[78.644,25.021],[78.639,24.979],[78.63,24.963],[78.632,24.957],[78.661,24.939],[78.664,24.92],[78.675,24.898],[78.703,24.89],[78.71,24.879],[78.729,24.876],[78.739,24.868],[78.754,24.866],[78.771,24.857],[78.779,24.826],[78.787,24.81],[78.785,24.8],[78.771,24.79],[78.77,24.762],[78.775,24.75],[78.774,24.739],[78.779,24.699],[78.767,24.689],[78.762,24.669],[78.752,24.665],[78.747,24.655],[78.755,24.632],[78.755,24.607],[78.759,24.598],[78.784,24.589],[78.801,24.594],[78.809,24.603],[78.818,24.601],[78.838,24.604],[78.84,24.616],[78.851,24.624],[78.863,24.618],[78.87,24.637],[78.88,24.642],[78.889,24.635],[78.9,24.609],[78.911,24.6],[78.92,24.577],[78.952,24.549],[78.947,24.539],[78.952,24.519],[78.951,24.505],[78.97,24.498],[78.973,24.493],[78.95,24.48],[78.932,24.482],[78.933,24.492],[78.921,24.496],[78.908,24.484],[78.909,24.474],[78.92,24.459],[78.938,24.456],[78.947,24.442],[78.979,24.44],[78.989,24.443],[78.994,24.419],[78.996,24.403],[79.006,24.391],[79.006,24.371],[79.018,24.382],[79.038,24.37],[79.054,24.37],[79.067,24.383],[79.073,24.403],[79.098,24.402],[79.102,24.41],[79.126,24.414],[79.135,24.412],[79.168,24.43],[79.185,24.431],[79.196,24.427],[79.206,24.416],[79.226,24.418],[79.239,24.416],[79.245,24.406],[79.243,24.397],[79.248,24.376],[79.253,24.37],[79.244,24.358],[79.237,24.361],[79.233,24.339],[79.216,24.331],[79.199,24.34],[79.197,24.359],[79.184,24.358],[79.16,24.372],[79.166,24.386],[79.166,24.406],[79.151,24.405],[79.154,24.393],[79.153,24.374],[79.143,24.366],[79.16,24.359],[79.166,24.342],[79.184,24.325],[79.185,24.317],[79.169,24.305],[79.173,24.277],[79.156,24.273],[79.138,24.253],[79.112,24.263],[79.106,24.251],[79.093,24.243],[79.082,24.251],[79.085,24.261],[79.067,24.263],[79.068,24.245],[79.063,24.226],[79.05,24.223],[79.052,24.19],[79.056,24.171],[79.068,24.163],[79.076,24.129],[79.115,24.12],[79.124,24.113],[79.125,24.102],[79.146,24.101],[79.16,24.121],[79.175,24.125],[79.185,24.118],[79.206,24.131],[79.221,24.133],[79.225,24.14],[79.255,24.149],[79.264,24.143],[79.294,24.147],[79.313,24.141],[79.327,24.146],[79.325,24.157],[79.315,24.158],[79.304,24.172],[79.303,24.183],[79.318,24.183],[79.364,24.192],[79.379,24.198],[79.377,24.209],[79.388,24.213],[79.387,24.238],[79.394,24.267],[79.39,24.279],[79.398,24.288],[79.404,24.312],[79.399,24.325],[79.411,24.348],[79.408,24.357],[79.393,24.368],[79.395,24.386],[79.401,24.389],[79.426,24.391],[79.433,24.396],[79.44,24.412],[79.46,24.407],[79.478,24.388],[79.487,24.393],[79.511,24.399],[79.537,24.395],[79.548,24.388],[79.563,24.388],[79.564,24.401],[79.546,24.422],[79.565,24.428],[79.571,24.446],[79.587,24.439],[79.608,24.421],[79.62,24.42],[79.631,24.403],[79.62,24.39],[79.627,24.376],[79.635,24.383],[79.66,24.369],[79.668,24.383],[79.683,24.38],[79.685,24.392],[79.709,24.381],[79.721,24.399],[79.741,24.412],[79.757,24.413],[79.768,24.392],[79.777,24.382],[79.797,24.373],[79.821,24.341],[79.809,24.317],[79.823,24.321],[79.836,24.32],[79.859,24.299],[79.844,24.284],[79.829,24.281],[79.814,24.284],[79.81,24.265],[79.832,24.257],[79.845,24.247],[79.84,24.234],[79.842,24.216],[79.835,24.203],[79.816,24.2],[79.813,24.195],[79.813,24.159],[79.796,24.149],[79.797,24.135],[79.785,24.132],[79.787,24.118],[79.771,24.109],[79.762,24.091],[79.762,24.073],[79.74,24.072],[79.739,24.055],[79.745,24.044],[79.757,24.048],[79.762,24.033],[79.772,24.041],[79.788,24.031],[79.814,24.027],[79.825,24.029],[79.845,24.022],[79.845,23.997],[79.857,23.992],[79.852,23.969],[79.84,23.948],[79.839,23.933],[79.845,23.925],[79.865,23.912],[79.871,23.89],[79.864,23.864],[79.858,23.858],[79.858,23.844],[79.866,23.829],[79.902,23.819],[79.922,23.827],[79.941,23.829],[79.953,23.849],[79.971,23.862],[79.969,23.875],[79.984,23.889],[79.994,23.91],[79.996,23.93],[80.009,23.956],[80.018,23.962],[80.015,23.976],[80.04,23.983],[80.046,23.99],[80.06,23.993],[80.084,23.977],[80.095,23.984],[80.108,23.98],[80.117,23.972],[80.119,23.953],[80.132,23.951],[80.147,23.941],[80.157,23.944],[80.17,23.972],[80.175,24],[80.206,23.995],[80.216,23.987],[80.226,23.987],[80.236,23.975],[80.228,23.966],[80.218,23.978],[80.212,23.964],[80.228,23.95],[80.245,23.942],[80.262,23.941],[80.272,23.929],[80.293,23.926],[80.31,23.913],[80.326,23.911],[80.333,23.915],[80.323,23.927],[80.341,23.936],[80.354,23.951],[80.358,23.967],[80.372,23.97],[80.384,23.965],[80.405,23.973],[80.421,23.985],[80.448,23.985],[80.485,23.995],[80.52,24.017],[80.533,24.03],[80.517,24.049],[80.535,24.069],[80.555,24.055],[80.55,24.04],[80.579,24.05],[80.603,24.066],[80.642,24.084],[80.645,24.092],[80.661,24.093],[80.675,24.08],[80.683,24.091],[80.678,24.109],[80.693,24.115],[80.719,24.131],[80.738,24.135],[80.746,24.117],[80.721,24.095],[80.704,24.096],[80.7,24.086],[80.714,24.07],[80.743,24.072],[80.758,24.064],[80.778,24.071],[80.801,24.067],[80.795,24.054],[80.8,24.045],[80.789,24.038],[80.779,24.04],[80.758,24.029],[80.768,24.012],[80.761,23.99],[80.784,23.972],[80.8,23.973],[80.799,23.988],[80.808,23.997],[80.809,24.016],[80.819,24.027],[80.84,24.026],[80.85,24.038],[80.853,24.049],[80.863,24.057],[80.866,24.075],[80.876,24.083],[80.887,24.083],[80.898,24.068],[80.911,24.07],[80.92,24.065],[80.958,24.066],[80.931,24.058],[80.93,24.05],[80.905,24.039],[80.911,24.029],[80.889,23.999],[80.879,23.991],[80.872,23.966],[80.847,23.968],[80.836,23.953],[80.841,23.934],[80.841,23.911],[80.846,23.906],[80.869,23.905],[80.878,23.899],[80.867,23.891],[80.865,23.876],[80.88,23.871],[80.895,23.861],[80.892,23.847],[80.894,23.832],[80.906,23.815],[80.906,23.799],[80.913,23.787],[80.906,23.77],[80.892,23.766],[80.9,23.729],[80.9,23.719],[80.906,23.701],[80.904,23.682],[80.895,23.675],[80.881,23.678],[80.856,23.672],[80.822,23.669],[80.814,23.682],[80.806,23.684],[80.788,23.699],[80.77,23.71],[80.756,23.713],[80.74,23.728],[80.731,23.729],[80.717,23.759],[80.71,23.761],[80.707,23.736],[80.689,23.734],[80.681,23.711],[80.67,23.692],[80.67,23.669],[80.66,23.656],[80.643,23.649],[80.652,23.637],[80.642,23.625],[80.624,23.616],[80.623,23.592],[80.613,23.586],[80.604,23.588],[80.597,23.576],[80.579,23.575],[80.56,23.562],[80.552,23.545],[80.554,23.53],[80.547,23.513],[80.546,23.493],[80.565,23.468],[80.564,23.45],[80.558,23.437],[80.542,23.436],[80.531,23.416],[80.533,23.401],[80.544,23.393],[80.558,23.377],[80.542,23.364],[80.544,23.355],[80.574,23.352],[80.594,23.347],[80.631,23.36],[80.675,23.362],[80.702,23.371],[80.712,23.361],[80.736,23.352],[80.743,23.342],[80.757,23.344],[80.755,23.32],[80.726,23.303],[80.727,23.294],[80.717,23.28],[80.725,23.263],[80.736,23.262],[80.745,23.252],[80.743,23.234],[80.763,23.22],[80.777,23.217],[80.789,23.223],[80.793,23.25],[80.813,23.253],[80.815,23.244],[80.834,23.24],[80.834,23.231],[80.85,23.222],[80.863,23.222],[80.872,23.237],[80.896,23.248],[80.915,23.259],[80.923,23.28],[80.938,23.289],[80.947,23.287],[80.96,23.276],[80.962,23.264],[80.982,23.248],[80.997,23.242],[80.995,23.232],[81.02,23.223],[81.034,23.207],[81.057,23.207],[81.068,23.194],[81.107,23.203],[81.118,23.216],[81.125,23.216],[81.129,23.205],[81.14,23.194],[81.146,23.178],[81.16,23.178],[81.167,23.164],[81.187,23.168],[81.183,23.15],[81.196,23.148],[81.193,23.132],[81.212,23.127],[81.214,23.117],[81.232,23.108],[81.241,23.11],[81.256,23.082],[81.259,23.066],[81.255,23.053],[81.241,23.06],[81.232,23.058],[81.227,23.03],[81.21,23.016],[81.205,23.001],[81.202,22.983],[81.189,22.951],[81.193,22.928],[81.204,22.909],[81.219,22.912],[81.236,22.901],[81.257,22.898],[81.28,22.878],[81.301,22.878],[81.317,22.873],[81.325,22.861],[81.361,22.849],[81.379,22.855],[81.406,22.851],[81.41,22.845],[81.427,22.837],[81.439,22.821],[81.439,22.805],[81.457,22.772],[81.476,22.759],[81.504,22.762],[81.521,22.76],[81.53,22.75],[81.559,22.76],[81.567,22.756],[81.597,22.757],[81.628,22.774],[81.638,22.782],[81.655,22.785],[81.692,22.779],[81.693,22.763],[81.704,22.746],[81.704,22.734],[81.694,22.713],[81.702,22.706],[81.731,22.697],[81.739,22.689],[81.73,22.676],[81.744,22.669],[81.748,22.648],[81.756,22.646],[81.77,22.663],[81.773,22.676],[81.763,22.697],[81.754,22.726],[81.757,22.733],[81.77,22.735],[81.771,22.746],[81.792,22.766],[81.782,22.785],[81.783,22.8],[81.768,22.834],[81.777,22.851],[81.777,22.873],[81.803,22.88],[81.839,22.882],[81.869,22.893],[81.867,22.914],[81.882,22.913],[81.894,22.925],[81.909,22.933],[81.921,22.948],[81.948,22.957],[81.95,22.964],[81.945,23.009],[81.934,23.022],[81.926,23.04],[81.934,23.062],[81.945,23.069],[81.946,23.077],[81.977,23.079],[81.987,23.085],[82,23.084],[82.01,23.078],[82.036,23.081],[82.069,23.115],[82.093,23.109],[82.123,23.103],[82.136,23.112],[82.14,23.131],[82.159,23.141],[82.159,23.16],[82.145,23.164],[82.148,23.197],[82.154,23.209],[82.15,23.227],[82.174,23.261],[82.177,23.269],[82.192,23.275],[82.197,23.284],[82.195,23.321],[82.168,23.331],[82.145,23.361],[82.122,23.353],[82.112,23.362],[82.113,23.382],[82.106,23.397],[82.088,23.396],[82.062,23.389],[82.057,23.378],[82.031,23.383],[82.022,23.392],[82.031,23.409],[82.024,23.422],[82.007,23.412],[81.995,23.418],[81.981,23.416]],[[79.389,25.099],[79.392,25.083],[79.409,25.073],[79.41,25.063],[79.424,25.057],[79.424,25.045],[79.413,25.034],[79.4,25.031],[79.362,25.049],[79.378,25.069],[79.381,25.083],[79.378,25.102],[79.357,25.109],[79.352,25.119],[79.367,25.129],[79.381,25.121],[79.382,25.108],[79.389,25.099]],[[79.371,25.181],[79.369,25.17],[79.357,25.174],[79.363,25.187],[79.371,25.181]]],[[[78.629,26.157],[78.637,26.145],[78.64,26.129],[78.632,26.125],[78.616,26.131],[78.61,26.124],[78.612,26.109],[78.608,26.099],[78.642,26.084],[78.635,26.071],[78.647,26.062],[78.633,26.052],[78.608,26.047],[78.601,26.032],[78.583,26.005],[78.541,25.975],[78.523,25.967],[78.488,25.963],[78.482,25.942],[78.475,25.931],[78.473,25.913],[78.467,25.904],[78.434,25.882],[78.413,25.87],[78.388,25.85],[78.39,25.835],[78.375,25.833],[78.341,25.834],[78.325,25.827],[78.318,25.817],[78.322,25.794],[78.307,25.787],[78.281,25.781],[78.275,25.768],[78.281,25.75],[78.261,25.745],[78.229,25.725],[78.216,25.699],[78.226,25.694],[78.251,25.693],[78.247,25.71],[78.26,25.719],[78.283,25.701],[78.31,25.698],[78.311,25.682],[78.322,25.673],[78.344,25.66],[78.358,25.667],[78.376,25.661],[78.384,25.621],[78.389,25.607],[78.41,25.598],[78.392,25.577],[78.404,25.568],[78.414,25.57],[78.433,25.588],[78.444,25.595],[78.468,25.584],[78.464,25.564],[78.453,25.572],[78.444,25.559],[78.462,25.547],[78.467,25.559],[78.488,25.575],[78.499,25.577],[78.519,25.568],[78.535,25.568],[78.554,25.559],[78.567,25.563],[78.589,25.559],[78.598,25.57],[78.605,25.57],[78.612,25.582],[78.629,25.577],[78.643,25.582],[78.656,25.609],[78.656,25.626],[78.666,25.63],[78.678,25.617],[78.676,25.604],[78.69,25.604],[78.693,25.626],[78.68,25.636],[78.688,25.652],[78.703,25.665],[78.712,25.682],[78.712,25.709],[78.706,25.722],[78.716,25.733],[78.699,25.749],[78.685,25.749],[78.679,25.762],[78.688,25.783],[78.679,25.795],[78.664,25.793],[78.663,25.808],[78.677,25.813],[78.686,25.824],[78.67,25.84],[78.658,25.838],[78.659,25.824],[78.644,25.821],[78.627,25.828],[78.624,25.85],[78.631,25.867],[78.624,25.887],[78.628,25.9],[78.616,25.909],[78.621,25.915],[78.642,25.907],[78.658,25.915],[78.662,25.923],[78.65,25.934],[78.662,25.94],[78.67,25.928],[78.692,25.917],[78.711,25.923],[78.715,25.936],[78.704,25.946],[78.709,25.954],[78.727,25.945],[78.725,25.964],[78.743,26.006],[78.722,26.018],[78.725,26.03],[78.74,26.038],[78.746,26.029],[78.743,26.015],[78.748,26.01],[78.769,26.011],[78.775,26.015],[78.789,26.031],[78.79,26.042],[78.806,26.06],[78.817,26.059],[78.815,26.072],[78.801,26.085],[78.808,26.093],[78.822,26.095],[78.827,26.101],[78.841,26.099],[78.844,26.114],[78.824,26.126],[78.823,26.152],[78.805,26.163],[78.809,26.182],[78.837,26.196],[78.833,26.203],[78.816,26.204],[78.812,26.211],[78.792,26.226],[78.802,26.232],[78.812,26.253],[78.825,26.26],[78.827,26.276],[78.822,26.285],[78.792,26.289],[78.77,26.266],[78.755,26.264],[78.747,26.253],[78.755,26.242],[78.742,26.226],[78.718,26.226],[78.698,26.215],[78.692,26.198],[78.701,26.178],[78.694,26.165],[78.679,26.169],[78.647,26.17],[78.629,26.157]]]]}},
{"type":"Feature","properties":{"name":"West Bengal","std":"West Bengal","kind":"state","covers":["West Bengal"],"part":"A"},"geometry":{"type":"MultiPolygon","coordinates":[[[[86.612,22.799],[86.6,22.798],[86.604,22.783],[86.595,22.763],[86.567,22.726],[86.56,22.711],[86.586,22.692],[86.597,22.692],[86.623,22.677],[86.642,22.658],[86.642,22.634],[86.638,22.613],[86.64,22.601],[86.654,22.595],[86.657,22.579],[86.678,22.576],[86.711,22.584],[86.733,22.578],[86.761,22.578],[86.773,22.564],[86.77,22.554],[86.789,22.548],[86.788,22.528],[86.795,22.524],[86.796,22.497],[86.803,22.488],[86.794,22.478],[86.758,22.484],[86.75,22.474],[86.757,22.454],[86.769,22.427],[86.81,22.42],[86.836,22.41],[86.849,22.4],[86.843,22.382],[86.846,22.373],[86.834,22.345],[86.834,22.328],[86.878,22.303],[86.89,22.301],[86.893,22.285],[86.891,22.256],[86.863,22.258],[86.855,22.263],[86.825,22.265],[86.801,22.254],[86.798,22.243],[86.815,22.242],[86.805,22.218],[86.796,22.222],[86.753,22.212],[86.728,22.219],[86.718,22.182],[86.722,22.168],[86.721,22.148],[86.757,22.148],[86.777,22.151],[86.795,22.158],[86.805,22.15],[86.805,22.135],[86.813,22.128],[86.811,22.118],[86.828,22.117],[86.837,22.099],[86.853,22.103],[86.914,22.091],[86.937,22.09],[86.949,22.086],[86.962,22.088],[86.975,22.078],[86.977,22.071],[87,22.05],[87.022,22.046],[87.031,22.033],[87.027,22.017],[87.039,21.994],[87.036,21.983],[87.025,21.973],[87.02,21.958],[87.01,21.945],[87.003,21.912],[87.01,21.9],[87.025,21.89],[87.035,21.87],[87.058,21.866],[87.099,21.865],[87.101,21.891],[87.094,21.897],[87.098,21.913],[87.106,21.921],[87.121,21.925],[87.146,21.924],[87.165,21.939],[87.165,21.967],[87.18,21.971],[87.2,21.958],[87.214,21.962],[87.226,21.958],[87.239,21.959],[87.24,21.938],[87.257,21.926],[87.244,21.911],[87.239,21.9],[87.252,21.876],[87.249,21.861],[87.26,21.849],[87.285,21.804],[87.297,21.81],[87.303,21.799],[87.322,21.791],[87.356,21.791],[87.362,21.782],[87.378,21.771],[87.395,21.775],[87.4,21.767],[87.429,21.771],[87.444,21.769],[87.448,21.766],[87.447,21.734],[87.458,21.734],[87.475,21.712],[87.473,21.682],[87.468,21.674],[87.463,21.65],[87.472,21.651],[87.486,21.631],[87.486,21.615],[87.49,21.603],[87.534,21.608],[87.585,21.62],[87.667,21.632],[87.707,21.645],[87.744,21.668],[87.759,21.684],[87.765,21.681],[87.785,21.687],[87.815,21.701],[87.837,21.716],[87.87,21.746],[87.875,21.754],[87.897,21.774],[87.897,21.782],[87.91,21.785],[87.926,21.795],[87.961,21.826],[87.976,21.845],[87.975,21.85],[87.992,21.885],[88.004,21.904],[88.021,21.95],[88.036,21.981],[88.053,22.013],[88.033,22.025],[88.018,22.04],[88.011,22.07],[87.991,22.087],[87.982,22.099],[87.97,22.094],[87.963,22.103],[87.992,22.103],[87.998,22.09],[88.028,22.068],[88.034,22.061],[88.027,22.048],[88.038,22.035],[88.062,22.013],[88.083,22.021],[88.129,22.051],[88.149,22.06],[88.167,22.074],[88.189,22.099],[88.194,22.111],[88.146,22.168],[88.136,22.185],[88.106,22.192],[88.086,22.187],[88.066,22.19],[88.05,22.205],[88.035,22.209],[88.018,22.2],[87.99,22.209],[87.975,22.222],[87.972,22.237],[87.959,22.244],[87.938,22.265],[87.936,22.299],[87.933,22.314],[87.944,22.325],[87.947,22.34],[87.943,22.364],[87.93,22.404],[87.916,22.417],[87.905,22.422],[87.894,22.424],[87.883,22.441],[87.884,22.44],[87.885,22.439],[87.896,22.434],[87.921,22.436],[87.927,22.422],[87.945,22.407],[87.956,22.37],[87.958,22.348],[87.957,22.317],[87.961,22.305],[87.959,22.285],[87.971,22.264],[87.984,22.246],[88.012,22.23],[88.026,22.222],[88.049,22.22],[88.065,22.236],[88.075,22.253],[88.079,22.284],[88.089,22.302],[88.098,22.302],[88.105,22.296],[88.089,22.263],[88.088,22.247],[88.083,22.231],[88.07,22.216],[88.073,22.21],[88.117,22.209],[88.129,22.203],[88.164,22.198],[88.188,22.187],[88.203,22.166],[88.211,22.149],[88.211,22.132],[88.221,22.105],[88.224,22.09],[88.222,22.068],[88.217,22.054],[88.214,22.035],[88.196,22.004],[88.179,21.982],[88.154,21.96],[88.161,21.945],[88.174,21.934],[88.176,21.92],[88.165,21.891],[88.164,21.879],[88.178,21.849],[88.201,21.819],[88.218,21.777],[88.217,21.764],[88.255,21.758],[88.282,21.755],[88.279,21.77],[88.265,21.786],[88.258,21.801],[88.26,21.81],[88.269,21.818],[88.306,21.831],[88.314,21.845],[88.311,21.855],[88.326,21.862],[88.339,21.861],[88.355,21.856],[88.356,21.82],[88.364,21.809],[88.364,21.798],[88.382,21.792],[88.392,21.803],[88.386,21.839],[88.394,21.852],[88.397,21.886],[88.412,21.887],[88.416,21.901],[88.424,21.908],[88.432,21.903],[88.442,21.911],[88.462,21.918],[88.458,21.898],[88.474,21.895],[88.483,21.91],[88.502,21.915],[88.521,21.912],[88.509,21.905],[88.495,21.885],[88.499,21.874],[88.528,21.853],[88.537,21.857],[88.539,21.87],[88.548,21.882],[88.539,21.899],[88.545,21.906],[88.564,21.899],[88.57,21.903],[88.578,21.89],[88.602,21.907],[88.611,21.921],[88.615,21.938],[88.608,21.946],[88.598,21.968],[88.6,21.983],[88.614,22.02],[88.635,22.043],[88.627,22.057],[88.627,22.069],[88.619,22.105],[88.626,22.13],[88.64,22.143],[88.638,22.155],[88.655,22.177],[88.664,22.185],[88.673,22.205],[88.662,22.209],[88.642,22.207],[88.634,22.212],[88.631,22.223],[88.657,22.25],[88.665,22.273],[88.671,22.273],[88.658,22.239],[88.637,22.224],[88.639,22.213],[88.671,22.216],[88.681,22.21],[88.699,22.21],[88.715,22.201],[88.734,22.196],[88.75,22.22],[88.744,22.229],[88.772,22.251],[88.79,22.259],[88.787,22.258],[88.774,22.251],[88.77,22.241],[88.763,22.241],[88.751,22.227],[88.75,22.216],[88.75,22.197],[88.756,22.196],[88.76,22.194],[88.768,22.194],[88.77,22.191],[88.77,22.19],[88.776,22.182],[88.789,22.178],[88.794,22.171],[88.806,22.182],[88.815,22.181],[88.832,22.167],[88.838,22.173],[88.827,22.196],[88.817,22.197],[88.806,22.208],[88.801,22.228],[88.818,22.232],[88.825,22.241],[88.826,22.265],[88.815,22.266],[88.814,22.282],[88.807,22.283],[88.808,22.285],[88.815,22.283],[88.817,22.272],[88.827,22.266],[88.828,22.242],[88.805,22.221],[88.807,22.209],[88.837,22.207],[88.841,22.193],[88.85,22.202],[88.855,22.206],[88.86,22.205],[88.867,22.196],[88.872,22.171],[88.885,22.168],[88.892,22.176],[88.902,22.177],[88.918,22.165],[88.921,22.175],[88.906,22.192],[88.917,22.225],[88.921,22.233],[88.926,22.229],[88.954,22.226],[88.951,22.243],[88.933,22.254],[88.93,22.264],[88.937,22.297],[88.912,22.312],[88.892,22.343],[88.869,22.358],[88.864,22.357],[88.851,22.363],[88.836,22.358],[88.82,22.36],[88.822,22.362],[88.833,22.359],[88.849,22.365],[88.863,22.358],[88.853,22.383],[88.856,22.408],[88.848,22.431],[88.819,22.43],[88.803,22.443],[88.8,22.459],[88.79,22.481],[88.78,22.493],[88.78,22.503],[88.77,22.511],[88.755,22.515],[88.745,22.515],[88.736,22.51],[88.718,22.519],[88.712,22.526],[88.691,22.522],[88.691,22.528],[88.708,22.529],[88.734,22.511],[88.742,22.515],[88.753,22.517],[88.772,22.513],[88.796,22.497],[88.811,22.482],[88.814,22.456],[88.83,22.447],[88.839,22.437],[88.853,22.433],[88.859,22.448],[88.852,22.456],[88.859,22.499],[88.844,22.502],[88.845,22.51],[88.856,22.512],[88.866,22.53],[88.869,22.546],[88.878,22.545],[88.896,22.563],[88.938,22.571],[88.936,22.591],[88.957,22.61],[88.942,22.62],[88.932,22.641],[88.936,22.651],[88.95,22.663],[88.952,22.673],[88.962,22.694],[88.942,22.712],[88.934,22.728],[88.924,22.737],[88.924,22.768],[88.942,22.79],[88.961,22.797],[88.962,22.809],[88.969,22.832],[88.971,22.845],[88.959,22.86],[88.949,22.88],[88.936,22.871],[88.912,22.88],[88.907,22.907],[88.917,22.921],[88.9,22.93],[88.9,22.952],[88.878,22.953],[88.865,22.958],[88.872,22.972],[88.871,22.992],[88.875,23.021],[88.882,23.032],[88.876,23.063],[88.87,23.072],[88.874,23.087],[88.873,23.099],[88.889,23.108],[88.901,23.109],[88.911,23.124],[88.925,23.13],[88.934,23.141],[88.934,23.155],[88.941,23.172],[88.959,23.18],[88.965,23.192],[88.985,23.193],[88.993,23.201],[88.993,23.22],[88.983,23.225],[88.955,23.205],[88.934,23.214],[88.917,23.232],[88.884,23.229],[88.87,23.232],[88.856,23.227],[88.838,23.24],[88.834,23.247],[88.812,23.252],[88.811,23.241],[88.817,23.219],[88.789,23.22],[88.78,23.235],[88.771,23.242],[88.753,23.239],[88.724,23.255],[88.727,23.272],[88.719,23.276],[88.712,23.29],[88.7,23.295],[88.713,23.311],[88.718,23.303],[88.731,23.312],[88.747,23.309],[88.75,23.32],[88.74,23.331],[88.738,23.351],[88.751,23.353],[88.766,23.37],[88.757,23.39],[88.757,23.4],[88.764,23.412],[88.761,23.421],[88.768,23.444],[88.784,23.439],[88.793,23.443],[88.792,23.467],[88.804,23.483],[88.8,23.499],[88.783,23.5],[88.774,23.495],[88.774,23.482],[88.76,23.488],[88.746,23.483],[88.743,23.493],[88.734,23.499],[88.731,23.511],[88.722,23.51],[88.699,23.52],[88.688,23.541],[88.665,23.552],[88.659,23.56],[88.652,23.586],[88.643,23.599],[88.647,23.611],[88.611,23.603],[88.591,23.602],[88.586,23.609],[88.594,23.617],[88.597,23.628],[88.593,23.64],[88.582,23.638],[88.565,23.648],[88.578,23.672],[88.568,23.717],[88.575,23.727],[88.578,23.751],[88.583,23.767],[88.564,23.783],[88.567,23.789],[88.585,23.791],[88.596,23.802],[88.591,23.814],[88.606,23.819],[88.592,23.836],[88.59,23.853],[88.58,23.862],[88.596,23.872],[88.604,23.867],[88.615,23.875],[88.626,23.875],[88.637,23.863],[88.649,23.87],[88.669,23.874],[88.671,23.886],[88.689,23.891],[88.696,23.901],[88.708,23.901],[88.708,23.916],[88.737,23.916],[88.737,23.931],[88.746,23.936],[88.744,23.955],[88.738,23.962],[88.739,23.979],[88.745,23.986],[88.775,23.989],[88.763,24.01],[88.734,23.996],[88.733,24.007],[88.742,24.015],[88.743,24.036],[88.74,24.057],[88.726,24.067],[88.729,24.097],[88.726,24.101],[88.708,24.095],[88.702,24.099],[88.702,24.12],[88.714,24.12],[88.732,24.128],[88.748,24.138],[88.747,24.153],[88.734,24.172],[88.736,24.199],[88.736,24.224],[88.742,24.262],[88.735,24.285],[88.727,24.298],[88.704,24.311],[88.675,24.315],[88.66,24.313],[88.655,24.307],[88.641,24.306],[88.629,24.315],[88.612,24.316],[88.606,24.309],[88.588,24.316],[88.584,24.325],[88.573,24.323],[88.567,24.304],[88.551,24.303],[88.543,24.325],[88.524,24.344],[88.508,24.345],[88.495,24.354],[88.477,24.36],[88.453,24.373],[88.427,24.38],[88.376,24.37],[88.355,24.373],[88.343,24.378],[88.306,24.405],[88.27,24.442],[88.243,24.452],[88.215,24.454],[88.195,24.465],[88.178,24.491],[88.166,24.5],[88.147,24.507],[88.128,24.522],[88.103,24.547],[88.07,24.599],[88.068,24.605],[88.052,24.631],[88.035,24.647],[88.017,24.659],[88.013,24.669],[88.02,24.679],[88.045,24.698],[88.048,24.705],[88.063,24.716],[88.074,24.735],[88.071,24.769],[88.081,24.77],[88.109,24.783],[88.108,24.791],[88.118,24.819],[88.143,24.831],[88.146,24.851],[88.162,24.85],[88.176,24.863],[88.162,24.873],[88.171,24.89],[88.169,24.898],[88.148,24.919],[88.143,24.931],[88.156,24.932],[88.176,24.945],[88.188,24.947],[88.205,24.956],[88.221,24.958],[88.239,24.952],[88.252,24.936],[88.265,24.914],[88.267,24.901],[88.266,24.878],[88.274,24.879],[88.276,24.891],[88.299,24.886],[88.312,24.878],[88.325,24.881],[88.336,24.872],[88.347,24.886],[88.346,24.901],[88.335,24.906],[88.332,24.916],[88.341,24.924],[88.347,24.94],[88.371,24.952],[88.384,24.944],[88.398,24.944],[88.403,24.957],[88.403,24.971],[88.412,24.975],[88.417,24.99],[88.429,25.012],[88.443,25.011],[88.452,25.035],[88.439,25.053],[88.452,25.07],[88.452,25.099],[88.446,25.11],[88.448,25.123],[88.46,25.132],[88.462,25.145],[88.45,25.171],[88.444,25.197],[88.467,25.196],[88.487,25.214],[88.512,25.199],[88.523,25.202],[88.541,25.187],[88.554,25.193],[88.564,25.188],[88.568,25.175],[88.589,25.181],[88.593,25.193],[88.625,25.206],[88.67,25.203],[88.687,25.21],[88.727,25.201],[88.737,25.19],[88.761,25.184],[88.778,25.188],[88.781,25.178],[88.809,25.174],[88.833,25.194],[88.835,25.208],[88.848,25.21],[88.853,25.202],[88.864,25.2],[88.875,25.191],[88.882,25.176],[88.895,25.183],[88.909,25.177],[88.92,25.166],[88.934,25.178],[88.95,25.181],[88.94,25.204],[88.964,25.211],[88.956,25.246],[88.974,25.257],[88.988,25.27],[88.999,25.272],[89.013,25.267],[89.005,25.3],[88.989,25.302],[88.984,25.306],[88.963,25.304],[88.937,25.307],[88.929,25.315],[88.917,25.315],[88.908,25.333],[88.902,25.338],[88.889,25.327],[88.873,25.339],[88.869,25.352],[88.859,25.354],[88.847,25.366],[88.84,25.398],[88.824,25.403],[88.837,25.428],[88.83,25.443],[88.837,25.448],[88.838,25.465],[88.836,25.481],[88.815,25.491],[88.802,25.522],[88.785,25.514],[88.769,25.522],[88.762,25.517],[88.769,25.497],[88.749,25.489],[88.735,25.498],[88.711,25.496],[88.712,25.488],[88.701,25.473],[88.669,25.475],[88.648,25.483],[88.641,25.498],[88.624,25.499],[88.607,25.515],[88.594,25.507],[88.554,25.516],[88.543,25.525],[88.535,25.538],[88.506,25.55],[88.498,25.559],[88.498,25.58],[88.494,25.584],[88.471,25.586],[88.461,25.593],[88.45,25.602],[88.456,25.611],[88.46,25.64],[88.456,25.663],[88.435,25.668],[88.421,25.663],[88.412,25.668],[88.408,25.68],[88.391,25.688],[88.39,25.696],[88.375,25.7],[88.376,25.714],[88.363,25.719],[88.333,25.74],[88.321,25.736],[88.317,25.751],[88.301,25.759],[88.289,25.773],[88.272,25.779],[88.278,25.789],[88.271,25.808],[88.262,25.809],[88.237,25.803],[88.231,25.796],[88.212,25.794],[88.212,25.786],[88.185,25.794],[88.173,25.784],[88.158,25.783],[88.145,25.774],[88.144,25.791],[88.116,25.796],[88.116,25.809],[88.108,25.812],[88.105,25.825],[88.106,25.845],[88.119,25.855],[88.111,25.866],[88.099,25.872],[88.103,25.884],[88.094,25.894],[88.095,25.915],[88.1,25.926],[88.117,25.933],[88.126,25.943],[88.125,25.968],[88.136,25.977],[88.137,25.985],[88.149,25.997],[88.146,26.014],[88.18,26.022],[88.174,26.034],[88.174,26.052],[88.186,26.063],[88.177,26.076],[88.163,26.079],[88.163,26.105],[88.176,26.118],[88.177,26.133],[88.183,26.147],[88.203,26.163],[88.211,26.162],[88.218,26.173],[88.238,26.18],[88.253,26.193],[88.274,26.192],[88.299,26.204],[88.311,26.207],[88.33,26.205],[88.34,26.216],[88.354,26.222],[88.359,26.235],[88.351,26.264],[88.364,26.293],[88.379,26.306],[88.394,26.31],[88.398,26.318],[88.422,26.317],[88.418,26.333],[88.442,26.338],[88.453,26.36],[88.464,26.373],[88.469,26.36],[88.494,26.35],[88.495,26.357],[88.513,26.361],[88.512,26.347],[88.527,26.356],[88.516,26.373],[88.523,26.383],[88.512,26.393],[88.51,26.404],[88.495,26.425],[88.494,26.444],[88.484,26.447],[88.487,26.46],[88.464,26.466],[88.448,26.462],[88.436,26.473],[88.419,26.466],[88.409,26.482],[88.398,26.476],[88.378,26.484],[88.364,26.48],[88.368,26.465],[88.364,26.451],[88.346,26.468],[88.34,26.487],[88.345,26.497],[88.359,26.51],[88.368,26.546],[88.378,26.569],[88.377,26.578],[88.402,26.624],[88.417,26.63],[88.424,26.622],[88.429,26.567],[88.436,26.549],[88.454,26.538],[88.474,26.543],[88.484,26.542],[88.504,26.512],[88.514,26.514],[88.533,26.486],[88.553,26.483],[88.573,26.458],[88.601,26.454],[88.602,26.469],[88.617,26.474],[88.626,26.47],[88.633,26.455],[88.633,26.435],[88.652,26.426],[88.657,26.416],[88.687,26.409],[88.696,26.389],[88.694,26.376],[88.702,26.36],[88.706,26.337],[88.733,26.344],[88.744,26.355],[88.749,26.341],[88.737,26.32],[88.726,26.312],[88.696,26.316],[88.696,26.328],[88.68,26.32],[88.695,26.297],[88.682,26.296],[88.67,26.285],[88.676,26.265],[88.688,26.262],[88.697,26.268],[88.7,26.279],[88.721,26.281],[88.728,26.29],[88.744,26.29],[88.752,26.305],[88.761,26.31],[88.78,26.299],[88.801,26.309],[88.823,26.296],[88.821,26.281],[88.826,26.252],[88.852,26.233],[88.885,26.237],[88.867,26.256],[88.871,26.276],[88.879,26.286],[88.907,26.288],[88.925,26.286],[88.934,26.278],[88.956,26.251],[88.972,26.241],[89.003,26.247],[89.021,26.244],[89.037,26.247],[89.052,26.243],[89.056,26.256],[89.064,26.255],[89.063,26.273],[89.053,26.283],[89.03,26.287],[89.004,26.295],[88.99,26.306],[89,26.315],[89.003,26.33],[88.992,26.336],[88.991,26.346],[88.961,26.346],[88.953,26.361],[88.931,26.365],[88.921,26.363],[88.917,26.383],[88.92,26.39],[88.917,26.406],[88.933,26.413],[88.933,26.432],[88.95,26.432],[88.953,26.447],[88.968,26.459],[88.988,26.444],[88.986,26.42],[88.981,26.407],[88.996,26.408],[89,26.418],[89.013,26.411],[89.036,26.406],[89.047,26.398],[89.073,26.394],[89.091,26.4],[89.098,26.394],[89.092,26.38],[89.094,26.362],[89.102,26.341],[89.1,26.323],[89.118,26.324],[89.137,26.317],[89.131,26.299],[89.121,26.293],[89.112,26.308],[89.107,26.289],[89.126,26.264],[89.13,26.249],[89.14,26.242],[89.148,26.222],[89.151,26.207],[89.141,26.193],[89.141,26.185],[89.154,26.17],[89.154,26.154],[89.161,26.14],[89.177,26.131],[89.224,26.126],[89.26,26.095],[89.268,26.093],[89.26,26.075],[89.282,26.053],[89.302,26.05],[89.326,26.039],[89.345,26.017],[89.358,26.011],[89.395,26.01],[89.396,26.023],[89.41,26.041],[89.43,26.04],[89.436,26.022],[89.432,26.015],[89.477,25.996],[89.504,26.005],[89.533,26.004],[89.542,26.008],[89.55,25.999],[89.545,25.985],[89.548,25.971],[89.562,25.966],[89.576,25.968],[89.591,25.98],[89.59,25.998],[89.586,26.003],[89.583,26.026],[89.593,26.044],[89.615,26.049],[89.62,26.063],[89.648,26.063],[89.653,26.068],[89.639,26.08],[89.636,26.105],[89.62,26.102],[89.615,26.095],[89.598,26.101],[89.604,26.111],[89.628,26.114],[89.617,26.123],[89.608,26.121],[89.599,26.162],[89.612,26.16],[89.619,26.166],[89.619,26.18],[89.641,26.18],[89.654,26.168],[89.66,26.183],[89.636,26.189],[89.652,26.196],[89.641,26.216],[89.649,26.229],[89.664,26.222],[89.683,26.23],[89.688,26.216],[89.677,26.202],[89.689,26.193],[89.705,26.161],[89.711,26.153],[89.723,26.166],[89.707,26.177],[89.705,26.185],[89.721,26.191],[89.72,26.215],[89.717,26.228],[89.734,26.238],[89.721,26.246],[89.722,26.259],[89.737,26.26],[89.742,26.271],[89.726,26.288],[89.747,26.295],[89.764,26.293],[89.756,26.306],[89.756,26.321],[89.767,26.317],[89.786,26.331],[89.787,26.353],[89.809,26.362],[89.832,26.367],[89.833,26.381],[89.846,26.378],[89.86,26.382],[89.858,26.396],[89.836,26.39],[89.832,26.396],[89.838,26.412],[89.85,26.41],[89.86,26.434],[89.875,26.448],[89.875,26.464],[89.858,26.488],[89.86,26.521],[89.867,26.53],[89.87,26.57],[89.867,26.578],[89.883,26.584],[89.877,26.595],[89.882,26.613],[89.867,26.615],[89.863,26.632],[89.879,26.643],[89.873,26.657],[89.877,26.683],[89.862,26.704],[89.838,26.711],[89.813,26.715],[89.782,26.699],[89.761,26.721],[89.765,26.735],[89.732,26.722],[89.725,26.73],[89.709,26.737],[89.696,26.736],[89.675,26.739],[89.664,26.718],[89.648,26.723],[89.639,26.719],[89.62,26.726],[89.634,26.742],[89.648,26.747],[89.659,26.772],[89.646,26.783],[89.633,26.776],[89.617,26.789],[89.573,26.802],[89.565,26.815],[89.552,26.812],[89.534,26.819],[89.517,26.817],[89.502,26.803],[89.465,26.806],[89.457,26.814],[89.459,26.83],[89.454,26.835],[89.434,26.836],[89.415,26.841],[89.396,26.842],[89.39,26.862],[89.378,26.867],[89.366,26.863],[89.334,26.84],[89.326,26.853],[89.296,26.834],[89.258,26.816],[89.242,26.821],[89.22,26.818],[89.196,26.808],[89.179,26.822],[89.155,26.812],[89.135,26.809],[89.127,26.822],[89.119,26.822],[89.108,26.836],[89.107,26.849],[89.11,26.86],[89.094,26.875],[89.101,26.887],[89.092,26.897],[89.067,26.904],[89.056,26.902],[89.053,26.92],[89.038,26.93],[89.034,26.938],[88.991,26.921],[88.969,26.924],[88.948,26.938],[88.948,26.946],[88.962,26.954],[88.96,26.968],[88.953,26.977],[88.937,26.984],[88.926,26.996],[88.918,26.994],[88.9,26.977],[88.896,26.961],[88.882,26.951],[88.879,26.964],[88.877,27.011],[88.885,27.038],[88.878,27.078],[88.877,27.109],[88.865,27.107],[88.85,27.117],[88.833,27.117],[88.818,27.126],[88.807,27.137],[88.792,27.135],[88.758,27.143],[88.759,27.148],[88.74,27.137],[88.725,27.144],[88.719,27.165],[88.709,27.174],[88.692,27.18],[88.681,27.176],[88.667,27.162],[88.646,27.167],[88.626,27.188],[88.599,27.194],[88.574,27.188],[88.566,27.188],[88.536,27.177],[88.528,27.178],[88.537,27.166],[88.539,27.154],[88.529,27.15],[88.503,27.125],[88.494,27.127],[88.474,27.114],[88.462,27.089],[88.439,27.081],[88.395,27.098],[88.371,27.098],[88.355,27.103],[88.348,27.11],[88.331,27.105],[88.328,27.116],[88.312,27.128],[88.302,27.124],[88.286,27.13],[88.24,27.119],[88.221,27.135],[88.186,27.134],[88.166,27.114],[88.16,27.111],[88.096,27.138],[88.091,27.149],[88.091,27.165],[88.081,27.174],[88.075,27.19],[88.083,27.198],[88.066,27.213],[88.041,27.221],[88.017,27.216],[88.018,27.195],[88.015,27.179],[88.015,27.162],[88.003,27.136],[87.994,27.127],[87.993,27.108],[88.011,27.1],[88.025,27.085],[88.024,27.067],[88.028,27.055],[88.046,27.038],[88.069,27.031],[88.086,27.034],[88.093,27.007],[88.116,26.988],[88.132,26.988],[88.135,26.981],[88.123,26.951],[88.125,26.944],[88.139,26.937],[88.144,26.928],[88.144,26.889],[88.172,26.868],[88.176,26.852],[88.169,26.838],[88.176,26.829],[88.185,26.797],[88.188,26.768],[88.189,26.729],[88.187,26.718],[88.167,26.681],[88.167,26.666],[88.16,26.636],[88.14,26.621],[88.133,26.604],[88.135,26.591],[88.133,26.574],[88.115,26.569],[88.107,26.555],[88.112,26.539],[88.139,26.512],[88.152,26.511],[88.172,26.521],[88.175,26.537],[88.186,26.537],[88.192,26.544],[88.203,26.543],[88.214,26.535],[88.238,26.552],[88.24,26.532],[88.201,26.508],[88.186,26.494],[88.198,26.483],[88.2,26.472],[88.228,26.467],[88.236,26.447],[88.243,26.449],[88.25,26.449],[88.259,26.434],[88.274,26.422],[88.262,26.416],[88.236,26.39],[88.244,26.375],[88.261,26.374],[88.274,26.381],[88.28,26.377],[88.296,26.351],[88.279,26.33],[88.268,26.338],[88.255,26.326],[88.251,26.316],[88.233,26.304],[88.231,26.289],[88.201,26.274],[88.19,26.275],[88.183,26.262],[88.151,26.253],[88.144,26.244],[88.145,26.231],[88.126,26.228],[88.104,26.206],[88.081,26.181],[88.059,26.172],[88.044,26.178],[88.033,26.163],[88.018,26.155],[88.005,26.14],[87.989,26.159],[87.976,26.154],[87.974,26.125],[87.982,26.122],[87.976,26.109],[87.965,26.109],[87.966,26.084],[87.944,26.084],[87.938,26.069],[87.929,26.072],[87.919,26.091],[87.882,26.066],[87.882,26.056],[87.87,26.056],[87.849,26.044],[87.847,26.02],[87.833,25.984],[87.837,25.962],[87.83,25.947],[87.836,25.936],[87.824,25.933],[87.813,25.93],[87.81,25.921],[87.823,25.913],[87.82,25.9],[87.827,25.894],[87.825,25.882],[87.829,25.872],[87.862,25.865],[87.871,25.868],[87.878,25.86],[87.891,25.865],[87.917,25.852],[87.894,25.833],[87.905,25.82],[87.917,25.815],[87.904,25.799],[87.907,25.78],[87.904,25.772],[87.925,25.774],[87.944,25.759],[87.95,25.744],[87.968,25.73],[87.967,25.725],[87.986,25.719],[87.999,25.719],[88.003,25.712],[88.033,25.699],[88.046,25.698],[88.057,25.686],[88.049,25.674],[88.052,25.645],[88.042,25.641],[88.045,25.628],[88.041,25.617],[88.047,25.606],[88.037,25.599],[88.037,25.588],[88.028,25.583],[88.04,25.566],[88.033,25.554],[88.044,25.547],[88.052,25.535],[88.075,25.513],[88.076,25.481],[88.067,25.486],[88.052,25.483],[88.037,25.486],[88.021,25.501],[88.01,25.494],[87.992,25.503],[87.986,25.516],[87.961,25.538],[87.949,25.535],[87.93,25.536],[87.909,25.519],[87.906,25.508],[87.885,25.516],[87.887,25.506],[87.876,25.503],[87.869,25.494],[87.866,25.478],[87.869,25.466],[87.84,25.465],[87.831,25.458],[87.832,25.446],[87.815,25.435],[87.792,25.449],[87.782,25.429],[87.772,25.425],[87.778,25.415],[87.769,25.396],[87.772,25.378],[87.783,25.371],[87.795,25.373],[87.793,25.355],[87.787,25.339],[87.797,25.323],[87.807,25.324],[87.826,25.313],[87.835,25.304],[87.856,25.298],[87.862,25.278],[87.856,25.268],[87.855,25.254],[87.841,25.25],[87.828,25.235],[87.839,25.214],[87.835,25.205],[87.807,25.219],[87.793,25.221],[87.79,25.2],[87.777,25.153],[87.775,25.128],[87.778,25.1],[87.785,25.088],[87.805,25.072],[87.84,25.058],[87.87,25.041],[87.886,25.021],[87.909,24.999],[87.912,24.987],[87.936,24.963],[87.967,24.937],[87.975,24.924],[87.979,24.897],[87.972,24.882],[87.958,24.878],[87.917,24.857],[87.902,24.855],[87.899,24.83],[87.892,24.821],[87.872,24.822],[87.883,24.802],[87.875,24.792],[87.871,24.775],[87.855,24.762],[87.839,24.767],[87.823,24.767],[87.819,24.754],[87.837,24.747],[87.845,24.739],[87.873,24.73],[87.883,24.74],[87.892,24.726],[87.906,24.723],[87.908,24.716],[87.901,24.703],[87.902,24.692],[87.891,24.679],[87.9,24.67],[87.917,24.663],[87.907,24.614],[87.913,24.609],[87.915,24.595],[87.911,24.585],[87.897,24.581],[87.892,24.564],[87.871,24.562],[87.853,24.552],[87.83,24.561],[87.828,24.568],[87.814,24.577],[87.791,24.583],[87.783,24.573],[87.801,24.564],[87.811,24.546],[87.803,24.54],[87.806,24.519],[87.804,24.493],[87.817,24.5],[87.814,24.478],[87.823,24.47],[87.82,24.453],[87.808,24.451],[87.793,24.433],[87.797,24.425],[87.793,24.413],[87.803,24.401],[87.803,24.384],[87.795,24.378],[87.787,24.362],[87.766,24.335],[87.769,24.324],[87.757,24.306],[87.741,24.29],[87.732,24.288],[87.715,24.294],[87.711,24.269],[87.69,24.254],[87.686,24.248],[87.667,24.246],[87.659,24.238],[87.647,24.251],[87.641,24.244],[87.648,24.232],[87.643,24.213],[87.658,24.208],[87.676,24.207],[87.68,24.197],[87.702,24.177],[87.695,24.151],[87.685,24.15],[87.662,24.157],[87.646,24.157],[87.633,24.165],[87.615,24.166],[87.605,24.162],[87.585,24.163],[87.574,24.157],[87.591,24.149],[87.61,24.134],[87.61,24.128],[87.587,24.125],[87.583,24.112],[87.574,24.108],[87.575,24.089],[87.565,24.085],[87.544,24.089],[87.526,24.106],[87.502,24.117],[87.501,24.099],[87.495,24.087],[87.511,24.084],[87.496,24.054],[87.513,24.047],[87.514,24.036],[87.506,24.024],[87.477,24.013],[87.454,24.018],[87.444,24.014],[87.447,24.005],[87.463,23.995],[87.444,23.98],[87.424,23.991],[87.399,23.998],[87.395,24.004],[87.362,24.011],[87.355,23.999],[87.343,23.997],[87.325,24.001],[87.321,24.006],[87.329,24.019],[87.338,24.019],[87.338,24.033],[87.319,24.034],[87.295,24.032],[87.288,24.029],[87.249,24.044],[87.24,24.039],[87.238,24.026],[87.251,24],[87.267,23.997],[87.273,23.986],[87.265,23.972],[87.283,23.959],[87.297,23.957],[87.297,23.941],[87.29,23.936],[87.3,23.9],[87.298,23.892],[87.27,23.877],[87.265,23.904],[87.258,23.912],[87.25,23.902],[87.248,23.887],[87.251,23.858],[87.26,23.841],[87.251,23.83],[87.234,23.825],[87.225,23.829],[87.229,23.845],[87.241,23.855],[87.228,23.859],[87.213,23.855],[87.2,23.844],[87.193,23.859],[87.182,23.854],[87.172,23.862],[87.141,23.87],[87.133,23.864],[87.136,23.853],[87.159,23.828],[87.172,23.821],[87.154,23.796],[87.144,23.802],[87.129,23.797],[87.111,23.801],[87.101,23.811],[87.09,23.807],[87.062,23.818],[87.04,23.839],[87.028,23.842],[87.008,23.854],[86.986,23.858],[86.969,23.867],[86.961,23.851],[86.949,23.845],[86.931,23.856],[86.93,23.868],[86.912,23.881],[86.901,23.882],[86.881,23.864],[86.888,23.858],[86.886,23.844],[86.893,23.824],[86.879,23.829],[86.877,23.846],[86.866,23.844],[86.85,23.824],[86.826,23.813],[86.815,23.816],[86.812,23.83],[86.798,23.833],[86.807,23.815],[86.803,23.8],[86.822,23.778],[86.825,23.763],[86.822,23.747],[86.81,23.742],[86.796,23.7],[86.801,23.695],[86.822,23.685],[86.85,23.678],[86.86,23.66],[86.89,23.653],[86.899,23.64],[86.888,23.626],[86.882,23.576],[86.871,23.575],[86.878,23.556],[86.875,23.542],[86.887,23.536],[86.886,23.517],[86.897,23.493],[86.875,23.497],[86.864,23.488],[86.861,23.466],[86.82,23.467],[86.817,23.451],[86.82,23.437],[86.84,23.438],[86.849,23.442],[86.859,23.435],[86.844,23.42],[86.84,23.407],[86.847,23.401],[86.842,23.382],[86.829,23.385],[86.829,23.366],[86.806,23.361],[86.803,23.344],[86.784,23.342],[86.778,23.31],[86.784,23.299],[86.773,23.291],[86.779,23.279],[86.775,23.231],[86.785,23.208],[86.776,23.202],[86.754,23.198],[86.753,23.176],[86.748,23.166],[86.735,23.168],[86.725,23.151],[86.725,23.136],[86.716,23.121],[86.724,23.104],[86.741,23.101],[86.745,23.094],[86.741,23.075],[86.728,23.051],[86.735,23.042],[86.723,23.033],[86.733,23.026],[86.721,22.992],[86.711,22.957],[86.703,22.951],[86.692,22.93],[86.708,22.901],[86.709,22.888],[86.705,22.872],[86.689,22.863],[86.68,22.862],[86.662,22.849],[86.657,22.838],[86.636,22.826],[86.62,22.826],[86.61,22.806],[86.612,22.799]]],[[[89.817,26.346],[89.805,26.349],[89.794,26.34],[89.803,26.331],[89.823,26.32],[89.827,26.325],[89.817,26.346]]],[[[89.602,25.961],[89.585,25.948],[89.584,25.935],[89.613,25.943],[89.616,25.952],[89.602,25.961]]],[[[88.799,26.207],[88.799,26.226],[88.781,26.238],[88.765,26.229],[88.77,26.209],[88.78,26.201],[88.777,26.177],[88.764,26.174],[88.764,26.163],[88.778,26.159],[88.762,26.148],[88.771,26.131],[88.789,26.132],[88.794,26.144],[88.788,26.174],[88.802,26.192],[88.799,26.207]]],[[[88.69,26.247],[88.68,26.232],[88.688,26.213],[88.712,26.204],[88.708,26.182],[88.73,26.185],[88.719,26.212],[88.711,26.223],[88.699,26.225],[88.69,26.247]]],[[[88.661,26.265],[88.659,26.273],[88.644,26.27],[88.639,26.263],[88.648,26.253],[88.661,26.265]]],[[[88.985,22.382],[88.988,22.393],[88.974,22.397],[88.968,22.388],[88.964,22.367],[88.955,22.361],[88.956,22.344],[88.952,22.332],[88.951,22.298],[88.953,22.276],[88.947,22.256],[88.962,22.242],[88.968,22.215],[88.986,22.206],[88.999,22.211],[89.019,22.207],[89.027,22.187],[89.024,22.165],[89.032,22.155],[89.051,22.147],[89.062,22.128],[89.075,22.145],[89.068,22.149],[89.061,22.167],[89.069,22.19],[89.065,22.201],[89.04,22.222],[89.035,22.234],[89.034,22.255],[89.018,22.251],[89.011,22.256],[89.017,22.269],[88.996,22.283],[88.995,22.295],[89.022,22.299],[89.009,22.315],[88.997,22.323],[88.987,22.322],[88.984,22.334],[88.988,22.365],[88.985,22.382]]],[[[89.059,21.722],[89.037,21.721],[89.022,21.715],[89.018,21.708],[89.026,21.688],[89.024,21.669],[89.026,21.644],[89.049,21.62],[89.068,21.62],[89.093,21.637],[89.095,21.651],[89.092,21.667],[89.073,21.69],[89.071,21.702],[89.059,21.722]]],[[[89.018,22.05],[89.012,22.06],[89.01,22.053],[89.008,22.051],[89.005,22.054],[89.002,22.059],[88.986,22.049],[88.968,22.016],[88.977,22.008],[88.974,21.995],[88.99,21.986],[89.016,21.984],[89.018,21.976],[89.003,21.96],[88.999,21.95],[89.019,21.937],[89.03,21.926],[89.063,21.935],[89.069,21.948],[89.078,21.986],[89.068,22.014],[89.048,22.035],[89.04,22.049],[89.018,22.05]]],[[[89.013,21.765],[89,21.763],[89.002,21.75],[89.015,21.734],[89.021,21.717],[89.056,21.73],[89.039,21.742],[89.025,21.757],[89.013,21.765]]],[[[89.001,22.199],[88.973,22.193],[88.977,22.168],[88.987,22.159],[88.997,22.14],[88.995,22.123],[88.984,22.096],[88.98,22.079],[88.963,22.061],[88.963,22.05],[88.978,22.04],[88.986,22.057],[89.002,22.06],[89.007,22.053],[89.01,22.055],[89.011,22.06],[89.014,22.064],[89.019,22.051],[89.039,22.055],[89.031,22.094],[89.035,22.11],[89.049,22.127],[89.049,22.133],[89.022,22.148],[89.014,22.164],[89.013,22.196],[89.001,22.199]]],[[[88.984,21.706],[88.972,21.698],[88.952,21.701],[88.954,21.679],[88.963,21.663],[88.965,21.644],[88.988,21.646],[88.993,21.643],[89,21.602],[89.029,21.605],[89.037,21.615],[89.036,21.624],[89.025,21.632],[89.022,21.655],[88.994,21.649],[88.988,21.653],[88.987,21.665],[88.993,21.671],[88.989,21.702],[88.984,21.706]]],[[[88.98,21.893],[88.969,21.89],[88.98,21.869],[88.965,21.859],[88.951,21.842],[88.956,21.827],[88.972,21.827],[88.98,21.818],[88.976,21.804],[88.967,21.799],[88.951,21.8],[88.943,21.785],[88.959,21.783],[88.973,21.776],[88.985,21.788],[88.992,21.801],[88.992,21.812],[89.02,21.818],[89.028,21.829],[89.031,21.863],[89.014,21.877],[88.98,21.893]]],[[[88.997,21.718],[88.977,21.727],[88.971,21.721],[88.985,21.711],[88.993,21.7],[88.996,21.673],[88.99,21.665],[88.993,21.651],[89.008,21.652],[89.018,21.661],[89.024,21.687],[89.02,21.699],[89.009,21.702],[89.006,21.715],[88.997,21.718]]],[[[89.017,21.811],[88.994,21.811],[88.99,21.79],[89.01,21.784],[89.017,21.811]]],[[[88.961,22.189],[88.949,22.189],[88.944,22.182],[88.938,22.18],[88.92,22.161],[88.897,22.171],[88.895,22.163],[88.905,22.152],[88.909,22.134],[88.923,22.122],[88.93,22.112],[88.931,22.098],[88.921,22.086],[88.908,22.078],[88.902,22.064],[88.911,22.044],[88.908,22.035],[88.916,22.011],[88.913,21.994],[88.926,21.963],[88.931,21.942],[88.944,21.93],[88.969,21.921],[88.992,21.907],[89.015,21.903],[89.021,21.922],[89.009,21.935],[88.995,21.942],[88.993,21.957],[89.011,21.973],[89.006,21.98],[88.994,21.97],[88.988,21.983],[88.972,21.988],[88.976,22.005],[88.965,22.017],[88.977,22.038],[88.961,22.049],[88.958,22.06],[88.939,22.062],[88.934,22.051],[88.935,22.026],[88.946,22],[88.931,22],[88.924,22.025],[88.922,22.056],[88.926,22.066],[88.936,22.072],[88.956,22.074],[88.97,22.084],[88.982,22.113],[88.986,22.135],[88.985,22.148],[88.967,22.17],[88.961,22.189]]],[[[89,21.785],[88.99,21.789],[88.975,21.775],[88.967,21.772],[88.952,21.757],[88.962,21.755],[88.967,21.75],[88.97,21.74],[88.984,21.748],[88.989,21.74],[88.977,21.729],[88.994,21.723],[89.005,21.716],[89.015,21.719],[89.012,21.735],[88.999,21.752],[88.997,21.771],[89.012,21.78],[89,21.785]]],[[[88.934,22.556],[88.92,22.565],[88.896,22.561],[88.902,22.546],[88.904,22.526],[88.914,22.515],[88.906,22.493],[88.896,22.484],[88.899,22.477],[88.895,22.466],[88.903,22.455],[88.904,22.446],[88.919,22.43],[88.919,22.422],[88.908,22.416],[88.926,22.406],[88.926,22.388],[88.916,22.392],[88.896,22.38],[88.9,22.371],[88.907,22.336],[88.932,22.311],[88.943,22.311],[88.946,22.331],[88.951,22.344],[88.949,22.355],[88.964,22.374],[88.963,22.406],[88.997,22.429],[88.989,22.439],[88.995,22.468],[88.978,22.483],[88.971,22.499],[88.965,22.534],[88.956,22.551],[88.934,22.556]]],[[[88.969,21.64],[88.964,21.644],[88.962,21.664],[88.954,21.677],[88.94,21.647],[88.953,21.628],[88.956,21.617],[88.971,21.613],[88.988,21.613],[88.995,21.626],[88.988,21.645],[88.969,21.64]]],[[[88.925,21.762],[88.931,21.736],[88.923,21.721],[88.95,21.702],[88.972,21.699],[88.984,21.706],[88.971,21.718],[88.97,21.739],[88.965,21.743],[88.965,21.75],[88.948,21.758],[88.925,21.762]]],[[[88.949,21.835],[88.941,21.847],[88.935,21.845],[88.933,21.837],[88.925,21.835],[88.927,21.823],[88.937,21.823],[88.939,21.817],[88.935,21.814],[88.929,21.8],[88.92,21.792],[88.924,21.788],[88.92,21.775],[88.926,21.767],[88.949,21.764],[88.96,21.776],[88.945,21.779],[88.939,21.789],[88.954,21.808],[88.972,21.805],[88.975,21.823],[88.954,21.826],[88.949,21.835]]],[[[88.921,21.926],[88.887,21.914],[88.873,21.917],[88.857,21.911],[88.837,21.918],[88.835,21.909],[88.849,21.896],[88.854,21.884],[88.854,21.87],[88.861,21.856],[88.878,21.854],[88.882,21.83],[88.881,21.82],[88.89,21.812],[88.903,21.822],[88.914,21.828],[88.923,21.836],[88.931,21.838],[88.933,21.844],[88.938,21.849],[88.939,21.854],[88.946,21.842],[88.948,21.841],[88.955,21.854],[88.977,21.868],[88.967,21.887],[88.972,21.899],[88.932,21.917],[88.921,21.926]]],[[[88.929,22.226],[88.921,22.231],[88.916,22.218],[88.916,22.206],[88.909,22.194],[88.924,22.179],[88.931,22.177],[88.944,22.184],[88.944,22.193],[88.961,22.194],[88.954,22.222],[88.929,22.226]]],[[[88.883,21.745],[88.872,21.721],[88.873,21.694],[88.883,21.68],[88.886,21.661],[88.905,21.65],[88.922,21.633],[88.926,21.647],[88.937,21.671],[88.942,21.69],[88.936,21.702],[88.918,21.712],[88.914,21.726],[88.883,21.745]]],[[[88.916,21.826],[88.903,21.821],[88.895,21.813],[88.886,21.81],[88.884,21.802],[88.898,21.787],[88.901,21.777],[88.895,21.755],[88.906,21.752],[88.923,21.788],[88.918,21.792],[88.928,21.8],[88.927,21.804],[88.937,21.818],[88.935,21.823],[88.92,21.823],[88.916,21.826]]],[[[88.863,22.167],[88.848,22.167],[88.86,22.148],[88.857,22.14],[88.835,22.13],[88.846,22.121],[88.854,22.101],[88.872,22.088],[88.883,22.086],[88.896,22.091],[88.908,22.087],[88.917,22.091],[88.923,22.109],[88.902,22.137],[88.9,22.148],[88.886,22.165],[88.863,22.167]]],[[[88.856,21.865],[88.839,21.849],[88.838,21.836],[88.841,21.815],[88.839,21.792],[88.835,21.782],[88.862,21.778],[88.875,21.769],[88.879,21.749],[88.913,21.728],[88.922,21.743],[88.918,21.747],[88.899,21.747],[88.893,21.751],[88.891,21.763],[88.897,21.782],[88.886,21.792],[88.88,21.808],[88.88,21.829],[88.877,21.852],[88.856,21.857],[88.856,21.865]]],[[[88.898,22.549],[88.885,22.55],[88.867,22.53],[88.866,22.521],[88.86,22.518],[88.858,22.512],[88.855,22.509],[88.846,22.502],[88.861,22.499],[88.867,22.486],[88.859,22.483],[88.86,22.469],[88.857,22.455],[88.861,22.447],[88.855,22.436],[88.861,22.413],[88.882,22.403],[88.877,22.388],[88.884,22.376],[88.921,22.399],[88.905,22.412],[88.903,22.422],[88.908,22.434],[88.901,22.445],[88.898,22.459],[88.892,22.466],[88.896,22.472],[88.893,22.487],[88.901,22.497],[88.906,22.521],[88.898,22.549]]],[[[88.813,22.019],[88.801,22.03],[88.777,22.015],[88.761,22.015],[88.76,21.996],[88.75,21.982],[88.757,21.973],[88.752,21.959],[88.776,21.943],[88.781,21.951],[88.787,21.955],[88.79,21.952],[88.789,21.943],[88.809,21.939],[88.825,21.94],[88.841,21.925],[88.857,21.919],[88.897,21.923],[88.907,21.93],[88.908,21.969],[88.902,21.987],[88.904,22.007],[88.9,22.013],[88.875,22.012],[88.867,22.024],[88.848,22.018],[88.822,22.022],[88.813,22.019]]],[[[88.903,22.083],[88.892,22.089],[88.881,22.084],[88.871,22.087],[88.872,22.063],[88.891,22.06],[88.893,22.073],[88.903,22.083]]],[[[88.835,21.607],[88.828,21.577],[88.836,21.56],[88.854,21.55],[88.875,21.549],[88.9,21.552],[88.904,21.559],[88.893,21.579],[88.876,21.592],[88.842,21.601],[88.835,21.607]]],[[[88.901,22.042],[88.888,22.045],[88.854,22.043],[88.864,22.029],[88.871,22.028],[88.877,22.015],[88.902,22.019],[88.901,22.042]]],[[[88.862,22.399],[88.856,22.395],[88.861,22.371],[88.874,22.363],[88.893,22.346],[88.903,22.347],[88.898,22.364],[88.884,22.372],[88.875,22.387],[88.862,22.399]]],[[[88.871,22.078],[88.854,22.079],[88.838,22.072],[88.829,22.07],[88.819,22.063],[88.833,22.05],[88.835,22.026],[88.844,22.022],[88.86,22.027],[88.85,22.043],[88.861,22.046],[88.881,22.046],[88.889,22.052],[88.87,22.063],[88.871,22.078]]],[[[88.704,22.067],[88.712,22.06],[88.727,22.056],[88.739,22.057],[88.75,22.081],[88.769,22.092],[88.772,22.106],[88.795,22.114],[88.798,22.125],[88.81,22.131],[88.821,22.127],[88.828,22.134],[88.85,22.143],[88.851,22.156],[88.843,22.168],[88.852,22.174],[88.868,22.175],[88.864,22.197],[88.857,22.205],[88.845,22.189],[88.838,22.195],[88.836,22.206],[88.826,22.205],[88.839,22.179],[88.841,22.171],[88.833,22.165],[88.813,22.179],[88.806,22.178],[88.775,22.145],[88.766,22.14],[88.754,22.137],[88.746,22.127],[88.745,22.126],[88.744,22.123],[88.735,22.105],[88.721,22.092],[88.71,22.085],[88.708,22.084],[88.706,22.082],[88.704,22.067]]],[[[88.818,22.123],[88.806,22.125],[88.799,22.112],[88.806,22.085],[88.813,22.082],[88.828,22.088],[88.838,22.073],[88.851,22.079],[88.866,22.081],[88.867,22.089],[88.85,22.103],[88.847,22.117],[88.83,22.125],[88.818,22.123]]],[[[88.832,21.766],[88.813,21.751],[88.803,21.747],[88.791,21.749],[88.782,21.733],[88.784,21.71],[88.804,21.717],[88.819,21.703],[88.817,21.691],[88.823,21.671],[88.821,21.658],[88.809,21.64],[88.815,21.629],[88.84,21.62],[88.851,21.626],[88.86,21.643],[88.845,21.674],[88.841,21.689],[88.84,21.716],[88.849,21.738],[88.865,21.756],[88.861,21.762],[88.832,21.766]]],[[[88.817,21.901],[88.811,21.896],[88.808,21.868],[88.819,21.872],[88.831,21.866],[88.841,21.887],[88.834,21.895],[88.817,21.901]]],[[[88.806,22.083],[88.796,22.109],[88.779,22.103],[88.771,22.086],[88.758,22.079],[88.748,22.059],[88.781,22.049],[88.785,22.059],[88.79,22.061],[88.792,22.056],[88.798,22.057],[88.802,22.064],[88.806,22.066],[88.818,22.063],[88.826,22.071],[88.827,22.086],[88.815,22.081],[88.806,22.083]]],[[[88.781,22.501],[88.781,22.494],[88.791,22.483],[88.801,22.461],[88.804,22.444],[88.816,22.433],[88.827,22.447],[88.812,22.454],[88.81,22.481],[88.8,22.486],[88.792,22.499],[88.781,22.501]]],[[[88.812,22.061],[88.806,22.064],[88.802,22.058],[88.798,22.055],[88.792,22.055],[88.78,22.038],[88.795,22.031],[88.806,22.033],[88.813,22.025],[88.832,22.027],[88.831,22.051],[88.819,22.061],[88.812,22.061]]],[[[88.807,21.749],[88.83,21.767],[88.822,21.781],[88.823,21.795],[88.831,21.808],[88.82,21.822],[88.811,21.806],[88.797,21.791],[88.795,21.779],[88.786,21.769],[88.791,21.75],[88.807,21.749]]],[[[88.789,21.879],[88.784,21.874],[88.777,21.865],[88.766,21.831],[88.786,21.826],[88.794,21.813],[88.795,21.791],[88.812,21.809],[88.821,21.825],[88.822,21.841],[88.829,21.863],[88.823,21.871],[88.804,21.867],[88.799,21.871],[88.789,21.863],[88.786,21.868],[88.792,21.873],[88.789,21.879]]],[[[88.724,21.932],[88.717,21.919],[88.72,21.909],[88.729,21.9],[88.741,21.901],[88.751,21.896],[88.758,21.88],[88.772,21.878],[88.777,21.869],[88.786,21.879],[88.788,21.879],[88.793,21.878],[88.793,21.873],[88.787,21.867],[88.793,21.867],[88.797,21.877],[88.808,21.884],[88.809,21.895],[88.814,21.903],[88.799,21.92],[88.793,21.917],[88.775,21.924],[88.754,21.927],[88.744,21.919],[88.732,21.92],[88.724,21.932]]],[[[88.807,21.707],[88.779,21.696],[88.765,21.693],[88.76,21.683],[88.732,21.683],[88.749,21.673],[88.759,21.663],[88.777,21.664],[88.797,21.656],[88.807,21.664],[88.81,21.704],[88.807,21.707]]],[[[88.745,21.98],[88.725,21.978],[88.722,21.943],[88.733,21.925],[88.762,21.931],[88.776,21.928],[88.789,21.92],[88.799,21.926],[88.805,21.938],[88.792,21.939],[88.787,21.943],[88.784,21.952],[88.776,21.941],[88.749,21.959],[88.755,21.975],[88.745,21.98]]],[[[88.772,21.653],[88.765,21.655],[88.749,21.646],[88.736,21.645],[88.73,21.634],[88.738,21.61],[88.753,21.605],[88.758,21.601],[88.757,21.596],[88.75,21.592],[88.749,21.579],[88.764,21.576],[88.788,21.581],[88.798,21.592],[88.794,21.6],[88.774,21.62],[88.771,21.635],[88.776,21.647],[88.772,21.653]]],[[[88.784,21.739],[88.789,21.75],[88.783,21.759],[88.785,21.773],[88.796,21.786],[88.788,21.794],[88.794,21.81],[88.785,21.824],[88.776,21.816],[88.775,21.806],[88.765,21.784],[88.75,21.769],[88.764,21.758],[88.754,21.743],[88.757,21.733],[88.777,21.731],[88.784,21.739]]],[[[88.763,22.052],[88.752,22.049],[88.759,22.035],[88.762,22.021],[88.778,22.02],[88.791,22.029],[88.78,22.037],[88.775,22.05],[88.763,22.052]]],[[[88.718,21.907],[88.713,21.887],[88.698,21.86],[88.696,21.842],[88.709,21.81],[88.719,21.807],[88.726,21.794],[88.737,21.799],[88.75,21.816],[88.751,21.801],[88.756,21.781],[88.764,21.788],[88.777,21.822],[88.766,21.826],[88.765,21.838],[88.775,21.865],[88.771,21.876],[88.757,21.879],[88.747,21.897],[88.727,21.899],[88.718,21.907]]],[[[88.716,21.807],[88.711,21.806],[88.712,21.788],[88.696,21.751],[88.695,21.744],[88.706,21.714],[88.711,21.69],[88.732,21.675],[88.748,21.658],[88.755,21.666],[88.731,21.682],[88.733,21.689],[88.745,21.684],[88.76,21.685],[88.763,21.693],[88.757,21.706],[88.776,21.724],[88.753,21.732],[88.752,21.749],[88.759,21.759],[88.746,21.772],[88.735,21.775],[88.733,21.779],[88.728,21.778],[88.727,21.781],[88.716,21.807]]],[[[88.729,21.637],[88.72,21.638],[88.713,21.625],[88.708,21.59],[88.714,21.578],[88.726,21.573],[88.741,21.573],[88.747,21.589],[88.757,21.6],[88.736,21.61],[88.729,21.637]]],[[[88.754,21.779],[88.748,21.812],[88.738,21.799],[88.728,21.792],[88.728,21.78],[88.734,21.779],[88.736,21.775],[88.746,21.772],[88.754,21.779]]],[[[88.699,21.698],[88.687,21.684],[88.725,21.638],[88.741,21.654],[88.707,21.682],[88.699,21.698]]],[[[88.067,21.92],[88.088,21.933],[88.094,21.949],[88.111,21.972],[88.125,21.995],[88.143,22.021],[88.126,22.019],[88.094,22.011],[88.077,22],[88.07,21.991],[88.056,21.96],[88.048,21.933],[88.046,21.916],[88.057,21.913],[88.067,21.92]]],[[[87.941,21.743],[87.96,21.756],[87.952,21.768],[87.935,21.747],[87.941,21.743]]],[[[88.705,22.207],[88.685,22.208],[88.686,22.199],[88.678,22.184],[88.653,22.163],[88.65,22.147],[88.638,22.122],[88.634,22.106],[88.652,22.081],[88.662,22.052],[88.663,22.024],[88.674,22.023],[88.696,22.014],[88.702,22.007],[88.72,22.006],[88.734,22.011],[88.74,22.02],[88.729,22.038],[88.702,22.049],[88.688,22.06],[88.683,22.08],[88.689,22.09],[88.723,22.113],[88.736,22.133],[88.754,22.145],[88.766,22.146],[88.789,22.169],[88.769,22.18],[88.765,22.192],[88.74,22.197],[88.732,22.194],[88.719,22.198],[88.705,22.207]]],[[[88.713,22.093],[88.692,22.086],[88.695,22.079],[88.713,22.093]]],[[[88.679,22.017],[88.653,22.019],[88.647,22.006],[88.635,21.996],[88.628,21.968],[88.632,21.953],[88.657,21.954],[88.678,21.943],[88.692,21.956],[88.692,21.97],[88.716,22.001],[88.698,22.006],[88.679,22.017]]],[[[88.64,21.922],[88.623,21.901],[88.629,21.894],[88.629,21.884],[88.636,21.879],[88.633,21.872],[88.653,21.873],[88.653,21.881],[88.667,21.913],[88.64,21.922]]],[[[88.622,21.898],[88.614,21.893],[88.603,21.876],[88.595,21.856],[88.606,21.846],[88.62,21.824],[88.612,21.818],[88.622,21.793],[88.639,21.785],[88.643,21.789],[88.642,21.806],[88.649,21.833],[88.649,21.854],[88.653,21.869],[88.646,21.871],[88.632,21.872],[88.635,21.877],[88.627,21.887],[88.627,21.894],[88.622,21.898]]],[[[88.61,21.79],[88.593,21.785],[88.589,21.78],[88.586,21.757],[88.621,21.74],[88.619,21.726],[88.601,21.718],[88.609,21.708],[88.619,21.717],[88.631,21.741],[88.623,21.773],[88.61,21.79]]],[[[88.582,21.778],[88.569,21.769],[88.58,21.756],[88.584,21.745],[88.58,21.726],[88.592,21.719],[88.616,21.727],[88.616,21.741],[88.587,21.752],[88.584,21.761],[88.582,21.778]]],[[[88.592,21.85],[88.581,21.839],[88.576,21.817],[88.585,21.802],[88.597,21.797],[88.613,21.798],[88.609,21.821],[88.616,21.831],[88.605,21.836],[88.601,21.847],[88.592,21.85]]],[[[88.592,21.694],[88.581,21.684],[88.589,21.657],[88.604,21.671],[88.606,21.68],[88.592,21.694]]],[[[88.577,21.691],[88.568,21.689],[88.571,21.666],[88.555,21.647],[88.558,21.635],[88.573,21.631],[88.592,21.618],[88.603,21.621],[88.599,21.641],[88.593,21.654],[88.586,21.658],[88.577,21.691]]],[[[88.55,21.736],[88.535,21.732],[88.526,21.717],[88.517,21.712],[88.527,21.692],[88.533,21.666],[88.528,21.656],[88.541,21.64],[88.552,21.637],[88.555,21.652],[88.568,21.665],[88.566,21.693],[88.586,21.699],[88.586,21.711],[88.577,21.719],[88.571,21.733],[88.559,21.73],[88.55,21.736]]],[[[88.537,21.639],[88.525,21.653],[88.52,21.644],[88.524,21.627],[88.512,21.609],[88.51,21.601],[88.537,21.588],[88.55,21.564],[88.576,21.574],[88.587,21.588],[88.584,21.611],[88.572,21.623],[88.558,21.632],[88.537,21.639]]],[[[88.562,21.897],[88.548,21.904],[88.55,21.881],[88.541,21.87],[88.543,21.856],[88.531,21.849],[88.534,21.834],[88.545,21.826],[88.563,21.831],[88.573,21.859],[88.576,21.884],[88.571,21.901],[88.562,21.897]]],[[[88.545,21.81],[88.529,21.802],[88.516,21.79],[88.505,21.773],[88.504,21.751],[88.525,21.718],[88.533,21.731],[88.542,21.738],[88.553,21.737],[88.561,21.731],[88.573,21.736],[88.572,21.747],[88.562,21.76],[88.563,21.776],[88.573,21.786],[88.569,21.794],[88.553,21.808],[88.545,21.81]]],[[[88.503,21.594],[88.493,21.598],[88.486,21.588],[88.481,21.567],[88.481,21.555],[88.506,21.541],[88.531,21.542],[88.533,21.561],[88.53,21.583],[88.503,21.594]]],[[[88.505,21.913],[88.489,21.91],[88.477,21.898],[88.49,21.889],[88.499,21.896],[88.509,21.91],[88.505,21.913]]],[[[88.49,21.835],[88.481,21.835],[88.471,21.825],[88.456,21.819],[88.45,21.811],[88.46,21.801],[88.486,21.799],[88.5,21.813],[88.49,21.835]]],[[[88.445,21.905],[88.436,21.902],[88.42,21.903],[88.417,21.887],[88.4,21.873],[88.401,21.857],[88.393,21.833],[88.403,21.798],[88.418,21.812],[88.424,21.812],[88.427,21.81],[88.431,21.8],[88.443,21.802],[88.454,21.822],[88.467,21.827],[88.478,21.838],[88.488,21.838],[88.491,21.85],[88.484,21.885],[88.461,21.894],[88.452,21.905],[88.445,21.905]]],[[[88.458,21.789],[88.443,21.794],[88.436,21.777],[88.423,21.766],[88.427,21.755],[88.423,21.742],[88.43,21.726],[88.427,21.715],[88.433,21.704],[88.441,21.71],[88.455,21.711],[88.457,21.726],[88.467,21.737],[88.47,21.773],[88.475,21.791],[88.458,21.789]]],[[[88.455,21.709],[88.437,21.706],[88.42,21.69],[88.421,21.651],[88.437,21.634],[88.442,21.623],[88.451,21.621],[88.471,21.674],[88.455,21.709]]],[[[88.424,21.811],[88.419,21.811],[88.383,21.78],[88.401,21.753],[88.404,21.738],[88.425,21.729],[88.421,21.744],[88.425,21.753],[88.421,21.762],[88.423,21.771],[88.44,21.789],[88.441,21.801],[88.43,21.8],[88.424,21.811]]],[[[88.414,21.729],[88.402,21.738],[88.395,21.755],[88.386,21.726],[88.402,21.72],[88.404,21.711],[88.399,21.699],[88.38,21.681],[88.387,21.647],[88.383,21.63],[88.387,21.613],[88.402,21.596],[88.413,21.621],[88.424,21.619],[88.432,21.628],[88.418,21.644],[88.411,21.66],[88.413,21.691],[88.429,21.703],[88.414,21.729]]],[[[88.364,21.764],[88.352,21.764],[88.343,21.754],[88.349,21.727],[88.338,21.71],[88.358,21.687],[88.385,21.701],[88.398,21.713],[88.393,21.718],[88.378,21.718],[88.365,21.722],[88.36,21.734],[88.36,21.745],[88.364,21.764]]],[[[88.386,21.764],[88.373,21.764],[88.361,21.747],[88.361,21.735],[88.381,21.737],[88.387,21.742],[88.39,21.759],[88.386,21.764]]],[[[88.337,21.86],[88.324,21.86],[88.312,21.854],[88.315,21.845],[88.308,21.83],[88.285,21.823],[88.266,21.814],[88.26,21.807],[88.264,21.794],[88.282,21.791],[88.304,21.761],[88.31,21.731],[88.306,21.718],[88.317,21.709],[88.332,21.711],[88.345,21.722],[88.34,21.751],[88.343,21.76],[88.357,21.767],[88.378,21.769],[88.38,21.787],[88.361,21.796],[88.361,21.806],[88.352,21.82],[88.351,21.855],[88.337,21.86]]],[[[88.306,21.708],[88.301,21.702],[88.312,21.688],[88.317,21.665],[88.306,21.629],[88.312,21.608],[88.337,21.621],[88.354,21.649],[88.346,21.662],[88.351,21.678],[88.346,21.689],[88.329,21.705],[88.306,21.708]]],[[[88.227,21.762],[88.217,21.762],[88.214,21.751],[88.212,21.72],[88.221,21.702],[88.216,21.695],[88.201,21.691],[88.199,21.683],[88.209,21.674],[88.226,21.675],[88.233,21.669],[88.232,21.656],[88.237,21.645],[88.235,21.635],[88.217,21.62],[88.233,21.608],[88.246,21.591],[88.241,21.575],[88.248,21.564],[88.271,21.558],[88.292,21.563],[88.306,21.58],[88.305,21.586],[88.289,21.596],[88.288,21.613],[88.293,21.637],[88.312,21.672],[88.309,21.679],[88.284,21.707],[88.272,21.728],[88.261,21.732],[88.272,21.752],[88.227,21.762]]],[[[88.302,21.724],[88.306,21.732],[88.299,21.767],[88.289,21.778],[88.285,21.753],[88.277,21.739],[88.278,21.728],[88.295,21.707],[88.302,21.71],[88.302,21.724]]],[[[88.274,21.791],[88.274,21.776],[88.284,21.77],[88.288,21.781],[88.274,21.791]]],[[[88.205,21.72],[88.188,21.708],[88.181,21.689],[88.183,21.672],[88.195,21.633],[88.205,21.61],[88.214,21.625],[88.232,21.641],[88.225,21.671],[88.216,21.67],[88.2,21.675],[88.194,21.688],[88.198,21.694],[88.217,21.701],[88.205,21.72]]],[[[88.178,21.601],[88.17,21.6],[88.174,21.567],[88.187,21.56],[88.186,21.577],[88.178,21.592],[88.178,21.601]]],[[[88.137,21.875],[88.122,21.866],[88.072,21.778],[88.061,21.734],[88.044,21.718],[88.037,21.674],[88.042,21.649],[88.062,21.638],[88.09,21.629],[88.116,21.626],[88.135,21.629],[88.155,21.653],[88.156,21.679],[88.154,21.693],[88.171,21.745],[88.171,21.765],[88.164,21.8],[88.17,21.817],[88.157,21.83],[88.137,21.875]]],[[[88.136,21.926],[88.122,21.924],[88.117,21.914],[88.129,21.899],[88.145,21.915],[88.136,21.926]]]]}}
]}
