series_id,publication,topic,geography,title,first_year,last_year,n_years,years,n_tables,methods,csv
adsi/43,adsi,Suicides in India,,,1975,1979,2,1975 1979,2,pdf_vlm,data/series/adsi/43.csv
adsi/59,adsi,Suicides in India,,,1982,1983,2,1982 1983,2,pdf_vlm,data/series/adsi/59.csv
adsi/age-and-gender-wise-distribution-of-accidental-deaths-due-to-fire-accidents,adsi,ADSI Additional Tables 2014,,Age and gender-wise distribution of Accidental Deaths due to Fire Accidents during 2015,2014,2015,2,2014 2015,4,excel,data/series/adsi/age-and-gender-wise-distribution-of-accidental-deaths-due-to-fire-accidents.csv
adsi/age-and-gender-wise-distribution-of-accidental-deaths-due-to-fire-accidents-state-ut-city-wise__state-ut-city,adsi,ADSI Additional Tables 2014,state-ut-city,Age and gender-wise distribution of Accidental Deaths due to Fire Accidents during 2015 (State/UT & City wise),2014,2015,2,2014 2015,8,excel,data/series/adsi/age-and-gender-wise-distribution-of-accidental-deaths-due-to-fire-accidents-state-ut-city-wise__state-ut-city.csv
adsi/age-and-gender-wise-distribution-of-accidental-deaths-due-to-forces-of-nature-all-india__all-india,adsi,Accidental Deaths in India,all-india,Age and Gender-wise Distribution of Accidental Deaths due to Forces of Nature during 2024 (All India),2016,2024,9,2016 2017 2018 2019 2020 2021 2022 2023 2024,10,pdf_text,data/series/adsi/age-and-gender-wise-distribution-of-accidental-deaths-due-to-forces-of-nature-all-india__all-india.csv
adsi/age-and-gender-wise-distribution-of-accidental-deaths-due-to-natural-causes,adsi,ADSI Additional Tables 2014,,Age and gender-wise distribution of Accidental Deaths due to Natural Causes during 2015,2014,2015,2,2014 2015,4,excel,data/series/adsi/age-and-gender-wise-distribution-of-accidental-deaths-due-to-natural-causes.csv
adsi/age-and-gender-wise-distribution-of-accidental-deaths-due-to-natural-causes-state-ut-city-wise__state-ut-city,adsi,ADSI Additional Tables 2014,state-ut-city,Age and gender-wise distribution of Accidental Deaths due to Natural Causes during 2015 (State/UT & City wise),2014,2015,2,2014 2015,8,excel,data/series/adsi/age-and-gender-wise-distribution-of-accidental-deaths-due-to-natural-causes-state-ut-city-wise__state-ut-city.csv
adsi/age-and-gender-wise-distribution-of-accidental-deaths-due-to-other-causes,adsi,ADSI Additional Tables 2014,,Age and gender-wise distribution of Accidental Deaths due to Other Causes during 2015,2014,2015,2,2014 2015,4,excel,data/series/adsi/age-and-gender-wise-distribution-of-accidental-deaths-due-to-other-causes.csv
adsi/age-and-gender-wise-distribution-of-accidental-deaths-due-to-other-causes-state-ut-city-wise__state-ut-city,adsi,ADSI Additional Tables 2014,state-ut-city,Age and gender-wise distribution of Accidental Deaths due to Other Causes during 2015 (State/UT & City wise),2014,2015,2,2014 2015,8,excel,data/series/adsi/age-and-gender-wise-distribution-of-accidental-deaths-due-to-other-causes-state-ut-city-wise__state-ut-city.csv
adsi/age-and-gender-wise-distribution-of-accidental-deaths-due-to-road-accidents,adsi,ADSI Additional Tables 2015,,Age and gender-wise distribution of Accidental Deaths due to Road Accidents during 2015,2014,2015,2,2014 2015,3,excel,data/series/adsi/age-and-gender-wise-distribution-of-accidental-deaths-due-to-road-accidents.csv
adsi/age-and-gender-wise-distribution-of-accidental-deaths-due-to-road-accidents-state-ut-city-wise__state-ut-city,adsi,ADSI Additional Tables 2014,state-ut-city,Age and gender-wise distribution of Accidental Deaths due to Road Accidents during 2015 (State/UT & City wise),2014,2015,2,2014 2015,8,excel,data/series/adsi/age-and-gender-wise-distribution-of-accidental-deaths-due-to-road-accidents-state-ut-city-wise__state-ut-city.csv
adsi/age-and-gender-wise-distribution-of-accidental-deaths-due-to-traffic-accidents,adsi,ADSI Additional Tables 2014,,Age and gender-wise distribution of Accidental Deaths due to Traffic Accidents during 2015,2014,2015,2,2014 2015,5,excel,data/series/adsi/age-and-gender-wise-distribution-of-accidental-deaths-due-to-traffic-accidents.csv
adsi/age-and-gender-wise-distribution-of-accidental-deaths-due-to-traffic-accidents-state-ut-city-wise__state-ut-city,adsi,ADSI Additional Tables 2014,state-ut-city,Age and gender-wise distribution of Accidental Deaths due to Traffic Accidents during 2015 (State/UT & City wise),2014,2015,2,2014 2015,8,excel,data/series/adsi/age-and-gender-wise-distribution-of-accidental-deaths-due-to-traffic-accidents-state-ut-city-wise__state-ut-city.csv
adsi/age-and-gender-wise-distribution-of-accidental-deaths-due-to-un-natural-causes,adsi,ADSI Additional Tables 2014,,Age and gender-wise distribution of Accidental Deaths due to Un-Natural Causes during 2015,2014,2015,2,2014 2015,4,excel,data/series/adsi/age-and-gender-wise-distribution-of-accidental-deaths-due-to-un-natural-causes.csv
adsi/age-and-gender-wise-distribution-of-accidental-deaths-due-to-un-natural-causes-state-ut-city-wise__state-ut-city,adsi,ADSI Additional Tables 2014,state-ut-city,Age and gender-wise distribution of Accidental Deaths due to Un-Natural Causes during 2015 (State/UT & City wise),2014,2015,2,2014 2015,8,excel,data/series/adsi/age-and-gender-wise-distribution-of-accidental-deaths-due-to-un-natural-causes-state-ut-city-wise__state-ut-city.csv
adsi/age-and-gender-wise-distribution-of-deaths-due-to-other-causes-all-india__all-india,adsi,Accidental Deaths in India,all-india,Age and Gender-wise Distribution of Deaths due to ‘Other Causes’ during 2024 (All India),2016,2024,9,2016 2017 2018 2019 2020 2021 2022 2023 2024,10,pdf_text,data/series/adsi/age-and-gender-wise-distribution-of-deaths-due-to-other-causes-all-india__all-india.csv
adsi/age-and-gender-wise-distribution-of-suicides,adsi,ADSI Additional Tables 2014,,Age and gender-wise distribution of Suicides during 2015,2014,2015,2,2014 2015,4,excel,data/series/adsi/age-and-gender-wise-distribution-of-suicides.csv
adsi/age-and-gender-wise-distribution-of-suicides-cause-wise,adsi,Suicides in India,,Age and Gender – wise Distribution of Suicides during 2024 (Cause-wise),2019,2024,6,2019 2020 2021 2022 2023 2024,6,pdf_text,data/series/adsi/age-and-gender-wise-distribution-of-suicides-cause-wise.csv
adsi/age-and-gender-wise-distribution-of-suicides-state-ut-city-wise__state-ut-city,adsi,ADSI Additional Tables 2014,state-ut-city,Age and gender-wise distribution of Suicides during 2015 (State/UT & City wise),2014,2015,2,2014 2015,8,excel,data/series/adsi/age-and-gender-wise-distribution-of-suicides-state-ut-city-wise__state-ut-city.csv
adsi/age-and-gender-wise-distribution-of-total-accidental-deaths-state-ut-city-wise__state-ut-city,adsi,Accidental Deaths in India,state-ut-city,Age and Gender-wise Distribution of Total Accidental Deaths during 2024 (State/UT & City-wise),2014,2024,10,2014 2015 2016 2017 2018 2020 2021 2022 2023 2024,11,pdf_text,data/series/adsi/age-and-gender-wise-distribution-of-total-accidental-deaths-state-ut-city-wise__state-ut-city.csv
adsi/age-and-sex-wise-distribution-of-accidental-deaths-by-un-natural-causes-all-india__all-india,adsi,Accidental Deaths in India,all-india,Age and Sex-wise Distribution of Accidental Deaths by Un-Natural Causes (All-India),2001,2013,13,2001 2002 2003 2004 2005 2006 2007 2008 2009 2010 2011 2012 2013,13,pdf_text,data/series/adsi/age-and-sex-wise-distribution-of-accidental-deaths-by-un-natural-causes-all-india__all-india.csv
adsi/age-wise-distribution-of-accidental-deaths-by-un-natural-causes-all-india__all-india,adsi,Accidental Deaths in India,all-india,Age-wise Distribution of Accidental Deaths by Un-natural Causes during 2001 (All India),1997,2001,5,1997 1998 1999 2000 2001,5,pdf_text pdf_vlm,data/series/adsi/age-wise-distribution-of-accidental-deaths-by-un-natural-causes-all-india__all-india.csv
adsi/appendix-iii-statement-of-suicides-in-states-union-territories-cities__city,adsi,Suicides in India,city,APPENDIX III STATEMENT OF SUICIDES IN STATES/UNION TERRITORIES/CITIES DURING 1971,1969,1971,2,1969 1971,2,pdf_vlm,data/series/adsi/appendix-iii-statement-of-suicides-in-states-union-territories-cities__city.csv
adsi/appendix-iii-statewise-distribution-of-suicides-by-causes__state-ut,adsi,Suicides in India,state-ut,APPENDIX—III Statewise distribution of Suicides by Causes During 1978,1975,1978,2,1975 1978,2,pdf_vlm,data/series/adsi/appendix-iii-statewise-distribution-of-suicides-by-causes__state-ut.csv
adsi/appendix-iv-statewise-distribution-of-suicides-by-means-adopted__state-ut,adsi,Suicides in India,state-ut,APPENDIX IV Statewise Distribution of Suicides by means adopted during 1983,1978,1983,2,1978 1983,2,pdf_vlm,data/series/adsi/appendix-iv-statewise-distribution-of-suicides-by-means-adopted__state-ut.csv
adsi/appendix-vi-distribution-of-the-suicidal-deaths-by-different-means-with-percentage-to-total-suicidal-deaths-in__city,adsi,Suicides in India,city,APPENDIX-VI Distribution of the Suicidal Deaths by Different Means with Percentage to Total Suicidal Deaths in States/U.Ts./Cities during 1981,1980,1981,2,1980 1981,2,pdf_vlm,data/series/adsi/appendix-vi-distribution-of-the-suicidal-deaths-by-different-means-with-percentage-to-total-suicidal-deaths-in__city.csv
adsi/cases-reported-and-percentage-change-in-traffic-accidents-state-ut-city-wise__state-ut-city,adsi,Traffic Accidents,state-ut-city,Cases Reported and Percentage Change in Traffic Accidents during 2024 over 2023 (State/UT & City - wise),2015,2024,9,2015 2017 2018 2019 2020 2021 2022 2023 2024,10,pdf_text,data/series/adsi/cases-reported-and-percentage-change-in-traffic-accidents-state-ut-city-wise__state-ut-city.csv
adsi/cases-reported-and-persons-injured-and-died-due-to-traffic-accidents-state-ut-city-wise__state-ut-city,adsi,Traffic Accidents,state-ut-city,Cases Reported and Persons Injured and Died due to Traffic Accidents during 2024 (State/UT & City - wise),2014,2024,11,2014 2015 2016 2017 2018 2019 2020 2021 2022 2023 2024,12,pdf_text,data/series/adsi/cases-reported-and-persons-injured-and-died-due-to-traffic-accidents-state-ut-city-wise__state-ut-city.csv
adsi/cause-wise-distribution-of-accidental-deaths-in-central-armed-police-force-capf-as-registered-by-states-uts-st__state-ut,adsi,Accidental Deaths and Suicides in Central Armed Police Forces,state-ut,Cause - wise Distribution of Accidental Deaths in Central Armed Police Force (CAPF) during 2019 as registered by States/UTs (State & UT-wise),2015,2019,4,2015 2017 2018 2019,5,pdf_text,data/series/adsi/cause-wise-distribution-of-accidental-deaths-in-central-armed-police-force-capf-as-registered-by-states-uts-st__state-ut.csv
adsi/cause-wise-distribution-of-railway-accidents-state-ut-wise__state-ut,adsi,Traffic Accidents,state-ut,Cause - wise Distribution of Railway Accidents during 2023 (State & UT wise),2015,2023,9,2015 2016 2017 2018 2019 2020 2021 2022 2023,10,pdf_text,data/series/adsi/cause-wise-distribution-of-railway-accidents-state-ut-wise__state-ut.csv
adsi/cause-wise-distribution-of-road-accidents-and-unmanned-railway-crossing-accidents-all-india__all-india,adsi,Traffic Accidents,all-india,Cause – wise Distribution of Road Accidents and Unmanned Railway Crossing Accidents during 2024 (All India),2015,2024,10,2015 2016 2017 2018 2019 2020 2021 2022 2023 2024,11,pdf_text,data/series/adsi/cause-wise-distribution-of-road-accidents-and-unmanned-railway-crossing-accidents-all-india__all-india.csv
adsi/cause-wise-distribution-of-road-accidents-and-unmanned-railway-crossing-accidents-state-ut-city-wise__state-ut-city,adsi,Traffic Accidents,state-ut-city,Cause – wise Distribution of Road Accidents and Unmanned Railway Crossing Accidents during 2024 (State/UT & City - wise),2015,2024,10,2015 2016 2017 2018 2019 2020 2021 2022 2023 2024,11,pdf_text,data/series/adsi/cause-wise-distribution-of-road-accidents-and-unmanned-railway-crossing-accidents-state-ut-city-wise__state-ut-city.csv
adsi/cause-wise-distribution-of-suicides-all-india__all-india,adsi,Suicides in India,all-india,Cause – wise Distribution of Suicides during 2024 (All India),2021,2024,4,2021 2022 2023 2024,4,pdf_text,data/series/adsi/cause-wise-distribution-of-suicides-all-india__all-india.csv
adsi/cause-wise-distribution-of-suicides-in-central-armed-police-force-capf-as-registered-by-states-uts-state-ut-wi__state-ut,adsi,Accidental Deaths and Suicides in Central Armed Police Forces,state-ut,Cause - wise Distribution of Suicides in Central Armed Police Force (CAPF) during 2019 as registered by States/UTs (State & UT-wise),2015,2019,4,2015 2017 2018 2019,5,pdf_text,data/series/adsi/cause-wise-distribution-of-suicides-in-central-armed-police-force-capf-as-registered-by-states-uts-state-ut-wi__state-ut.csv
adsi/cause-wise-distribution-of-suicides-state-ut-city-wise__state-ut-city,adsi,Suicides in India,state-ut-city,Cause – wise Distribution of Suicides during 2024 (State/UT & City - wise),2021,2024,4,2021 2022 2023 2024,4,pdf_text,data/series/adsi/cause-wise-distribution-of-suicides-state-ut-city-wise__state-ut-city.csv
adsi/cause-wise-number-of-accidents-due-to-other-causes-all-india__all-india,adsi,Accidental Deaths in India,all-india,Cause-wise Number of Accidents due to ‘Other Causes’ during 2023- 2024 (All India),2021,2024,4,2021 2022 2023 2024,4,pdf_text,data/series/adsi/cause-wise-number-of-accidents-due-to-other-causes-all-india__all-india.csv
adsi/cause-wise-number-of-persons-injured-and-died-due-to-other-causes-all-india__all-india,adsi,Accidental Deaths in India,all-india,Cause-wise Number of Persons Injured and Died due to ‘Other Causes’ during 2024 (All India),2021,2024,4,2021 2022 2023 2024,4,pdf_text,data/series/adsi/cause-wise-number-of-persons-injured-and-died-due-to-other-causes-all-india__all-india.csv
adsi/causes-wise-distribution-of-suicides-all-india__all-india,adsi,Suicides in India,all-india,Causes - wise Distribution of Suicides during 2020 (All India),2015,2020,6,2015 2016 2017 2018 2019 2020,8,pdf_text,data/series/adsi/causes-wise-distribution-of-suicides-all-india__all-india.csv
adsi/causes-wise-distribution-of-suicides-state-ut-city-wise__state-ut-city,adsi,Suicides in India,state-ut-city,Causes - wise Distribution of Suicides during 2020 (State/UT & City-wise),2015,2020,6,2015 2016 2017 2018 2019 2020,6,pdf_text,data/series/adsi/causes-wise-distribution-of-suicides-state-ut-city-wise__state-ut-city.csv
adsi/causes-wise-number-of-accidents-persons-injured-and-died-due-to-other-causes-all-india__all-india,adsi,Accidental Deaths in India,all-india,"Causes-wise Number of Accidents, Persons Injured and Died due to Other Causes during 2019 (All India)",2016,2019,4,2016 2017 2018 2019,5,pdf_text,data/series/adsi/causes-wise-number-of-accidents-persons-injured-and-died-due-to-other-causes-all-india__all-india.csv
adsi/cities__city,adsi,Suicides in India,city,CITIES,1967,1988,11,1967 1969 1975 1978 1979 1980 1982 1983 1985 1986 1988,20,pdf_ocr pdf_vlm,data/series/adsi/cities__city.csv
adsi/classification-of-railway-accidents-state-ut-wise__state-ut,adsi,Traffic Accidents,state-ut,Classification of Railway Accidents during 2024 (State & UT - wise),2015,2024,10,2015 2016 2017 2018 2019 2020 2021 2022 2023 2024,11,pdf_text,data/series/adsi/classification-of-railway-accidents-state-ut-wise__state-ut.csv
adsi/comparative-statement-of-incidence-of-accidental-deaths-state-ut-city-wise__state-ut-city,adsi,Accidental Deaths in India,state-ut-city,"Comparative statement of incidence of Accidental Deaths during 2012 & 2013 (State, UT & City wise)",1997,2013,17,1997 1998 1999 2000 2001 2002 2003 2004 2005 2006 2007 2008 2009 2010 2011 2012 2013,17,pdf_ocr pdf_text pdf_vlm,data/series/adsi/comparative-statement-of-incidence-of-accidental-deaths-state-ut-city-wise__state-ut-city.csv
adsi/distribution-of-accidental-deaths-by-natural-causes-and-age-group-wise-all-india__all-india,adsi,Accidental Deaths in India,all-india,Distribution of Accidental Deaths by Natural Causes and age-group-wise (All-India),2001,2013,13,2001 2002 2003 2004 2005 2006 2007 2008 2009 2010 2011 2012 2013,13,pdf_text,data/series/adsi/distribution-of-accidental-deaths-by-natural-causes-and-age-group-wise-all-india__all-india.csv
adsi/distribution-of-accidental-deaths-by-natural-causes-and-sex-state-ut-city-wise__state-ut-city,adsi,Accidental Deaths in India,state-ut-city,"Distribution of Accidental Deaths by Natural causes and Sex during 2000 (State, UT & City-wise)",1991,2000,9,1991 1992 1993 1994 1996 1997 1998 1999 2000,9,pdf_vlm,data/series/adsi/distribution-of-accidental-deaths-by-natural-causes-and-sex-state-ut-city-wise__state-ut-city.csv
adsi/distribution-of-accidental-deaths-by-natural-causes-in-india-all-india__all-india,adsi,Accidental Deaths in India,all-india,Distribution of Accidental Deaths by Natural causes in India during 2000 (all India),1997,2000,4,1997 1998 1999 2000,4,pdf_vlm,data/series/adsi/distribution-of-accidental-deaths-by-natural-causes-in-india-all-india__all-india.csv
adsi/distribution-of-accidental-deaths-by-natural-causes-sex-state-ut-city-wise__state-ut-city,adsi,Accidental Deaths in India,state-ut-city,"Distribution of Accidental Deaths by Natural Causes & Sex (State, UT & City-wise)",2001,2013,13,2001 2002 2003 2004 2005 2006 2007 2008 2009 2010 2011 2012 2013,13,pdf_text,data/series/adsi/distribution-of-accidental-deaths-by-natural-causes-sex-state-ut-city-wise__state-ut-city.csv
adsi/distribution-of-accidental-deaths-by-un-natural-causes-state-ut-city-wise__state-ut-city,adsi,Accidental Deaths in India,state-ut-city,"Distribution of Accidental Deaths by Un-natural Causes during 1994 (State, UT & City-wise)",1992,1994,3,1992 1993 1994,3,pdf_vlm,data/series/adsi/distribution-of-accidental-deaths-by-un-natural-causes-state-ut-city-wise__state-ut-city.csv
adsi/distribution-of-accidental-deaths-due-to-natural-causes-and-sex-state-ut-city-wise__state-ut-city,adsi,Accidental Deaths in India,state-ut-city,"Distribution of Accidental Deaths due to Natural Causes and Sex during 1990 (State, UT & City-wise)",1989,1990,2,1989 1990,2,pdf_vlm,data/series/adsi/distribution-of-accidental-deaths-due-to-natural-causes-and-sex-state-ut-city-wise__state-ut-city.csv
adsi/distribution-of-accidental-deaths-due-to-natural-causes-city-wise__city,adsi,ADSI Additional Tables 2014,city,Distribution of Accidental Deaths due to Natural Causes during 2015 (City wise),2014,2015,2,2014 2015,32,excel,data/series/adsi/distribution-of-accidental-deaths-due-to-natural-causes-city-wise__city.csv
adsi/distribution-of-accidental-deaths-due-to-other-causes-and-sex-state-ut-city-wise__state-ut-city,adsi,Accidental Deaths in India,state-ut-city,"Distribution of Accidental Deaths due to Other Causes and Sex during 1990 (State, UT & City-wise)",1989,1990,2,1989 1990,2,pdf_vlm,data/series/adsi/distribution-of-accidental-deaths-due-to-other-causes-and-sex-state-ut-city-wise__state-ut-city.csv
adsi/distribution-of-accidental-deaths-natural-causes-and-un-natural-causes-by-sex-age-group-state-ut-city-wise__state-ut-city,adsi,Accidental Deaths in India,state-ut-city,"Distribution of Accidental Deaths (Natural Causes and Un-Natural Causes) by Sex & Age-group during 2013 (State, UT & City-wise)",2001,2013,12,2001 2002 2003 2005 2006 2007 2008 2009 2010 2011 2012 2013,12,pdf_text,data/series/adsi/distribution-of-accidental-deaths-natural-causes-and-un-natural-causes-by-sex-age-group-state-ut-city-wise__state-ut-city.csv
adsi/distribution-of-accidental-deaths-natural-causes-un-natural-causes-by-sex-age-group-state-ut-city-wise__state-ut-city,adsi,Accidental Deaths in India,state-ut-city,"Distribution of Accidental Deaths (Natural causes & Un-natural causes) by Sex & Age Group during 2000 (State, UT & City-wise)",1997,2000,4,1997 1998 1999 2000,4,pdf_vlm,data/series/adsi/distribution-of-accidental-deaths-natural-causes-un-natural-causes-by-sex-age-group-state-ut-city-wise__state-ut-city.csv
adsi/distribution-of-classification-of-railway-accidents-city-wise__city,adsi,ADSI Additional Tables 2015,city,Distribution of Classification of Railway Accidents during 2015 (City wise),2014,2015,2,2014 2015,6,excel,data/series/adsi/distribution-of-classification-of-railway-accidents-city-wise__city.csv
adsi/distribution-of-mass-family-suicides-state-ut-city-wise__state-ut-city,adsi,Suicides in India,state-ut-city,Distribution of Mass/Family Suicides during 2023 (State/UT & City - wise),2014,2024,11,2014 2015 2016 2017 2018 2019 2020 2021 2022 2023 2024,12,pdf_text,data/series/adsi/distribution-of-mass-family-suicides-state-ut-city-wise__state-ut-city.csv
adsi/distribution-of-railway-accidents-by-causes-city-wise__city,adsi,ADSI Additional Tables 2015,city,Distribution of Railway Accidents by Causes during 2015 (City wise),2014,2015,2,2014 2015,5,excel,data/series/adsi/distribution-of-railway-accidents-by-causes-city-wise__city.csv
adsi/distribution-of-suicidal-deaths-by-different-means-with-percentage-to-total-suicidal-deaths-in-states-uts-citi__city,adsi,Suicides in India,city,Distribution of Suicidal Deaths by different Means with Percentage to Total Suicidal Deaths in States/UTs./Cities during 1978,1973,1978,5,1973 1974 1976 1977 1978,5,pdf_ocr pdf_vlm,data/series/adsi/distribution-of-suicidal-deaths-by-different-means-with-percentage-to-total-suicidal-deaths-in-states-uts-citi__city.csv
adsi/distribution-of-suicidal-deaths-by-sex-age-group-state-ut-city-wise__state-ut-city,adsi,Suicides in India,state-ut-city,"Distribution of Suicidal deaths by Sex & Age group during 2013 (State, UT & City-wise)",2004,2013,7,2004 2005 2006 2007 2008 2012 2013,7,pdf_text,data/series/adsi/distribution-of-suicidal-deaths-by-sex-age-group-state-ut-city-wise__state-ut-city.csv
adsi/distribution-of-suicidal-deaths-due-to-different-causes-with-percentage-to-total-suicidal-deaths-in-states-uts__city,adsi,Suicides in India,city,Distribution of Suicidal Deaths due to different Causes with Percentage to Total Suicidal Deaths in States/UTs./Cities during 1979,1976,1979,4,1976 1977 1978 1979,4,pdf_vlm,data/series/adsi/distribution-of-suicidal-deaths-due-to-different-causes-with-percentage-to-total-suicidal-deaths-in-states-uts__city.csv
adsi/distribution-of-suicide-victims-by-social-status-state-ut-city-wise__state-ut-city,adsi,Suicides in India,state-ut-city,"Distribution of Suicide Victims by Social Status during 2013 (State , UT & City-wise)",2004,2013,7,2004 2005 2006 2007 2008 2012 2013,7,pdf_text,data/series/adsi/distribution-of-suicide-victims-by-social-status-state-ut-city-wise__state-ut-city.csv
adsi/distribution-of-suicides-by-causes-and-sex-state-ut-city-wise__state-ut-city,adsi,Suicides in India,state-ut-city,"Distribution of Suicides by Causes and Sex during 1991 (State, UT & City-wise)",1989,1991,3,1989 1990 1991,3,pdf_vlm,data/series/adsi/distribution-of-suicides-by-causes-and-sex-state-ut-city-wise__state-ut-city.csv
adsi/distribution-of-suicides-by-causes-state-ut-city-wise__state-ut-city,adsi,Suicides in India,state-ut-city,Distribution of Suicides by Causes -- 2014 (State/UT & City wise),2004,2014,8,2004 2005 2006 2007 2008 2012 2013 2014,8,pdf_text,data/series/adsi/distribution-of-suicides-by-causes-state-ut-city-wise__state-ut-city.csv
adsi/distribution-of-suicides-by-economic-status-city-wise__city,adsi,ADSI Additional Tables 2014,city,Distribution of Suicides by Economic Status during 2015 (City-wise),2014,2015,2,2014 2015,12,excel,data/series/adsi/distribution-of-suicides-by-economic-status-city-wise__city.csv
adsi/distribution-of-suicides-by-educational-status-city-wise__city,adsi,ADSI Additional Tables 2014,city,Distribution of Suicides by Educational Status during 2015 (City-wise),2014,2015,2,2014 2015,20,excel,data/series/adsi/distribution-of-suicides-by-educational-status-city-wise__city.csv
adsi/distribution-of-suicides-by-means-adopted-all-india__all-india,adsi,Suicides in India,all-india,Distribution of Suicides by Means Adopted during 2015 (All India),2014,2015,2,2014 2015,2,pdf_text,data/series/adsi/distribution-of-suicides-by-means-adopted-all-india__all-india.csv
adsi/distribution-of-suicides-by-means-adopted-and-sex-state-ut-city-wise__state-ut-city,adsi,Suicides in India,state-ut-city,"Distribution of Suicides by Means Adopted and Sex during 1991 (State, UT & City-wise)",1989,1991,3,1989 1990 1991,3,pdf_vlm,data/series/adsi/distribution-of-suicides-by-means-adopted-and-sex-state-ut-city-wise__state-ut-city.csv
adsi/distribution-of-suicides-by-means-adopted-city-wise__city,adsi,ADSI Additional Tables 2014,city,Distribution of Suicides by Means Adopted during 2015 (City wise),2014,2015,2,2014 2015,34,excel,data/series/adsi/distribution-of-suicides-by-means-adopted-city-wise__city.csv
adsi/distribution-of-suicides-by-means-adopted-state-ut-city-wise__state-ut-city,adsi,Suicides in India,state-ut-city,"Distribution of Suicides by Means adopted during 2013 (State, UT & City--wise)",2004,2013,7,2004 2005 2006 2007 2008 2012 2013,7,pdf_text,data/series/adsi/distribution-of-suicides-by-means-adopted-state-ut-city-wise__state-ut-city.csv
adsi/distribution-of-suicides-by-means-adopted-state-ut-wise__state-ut,adsi,Suicides in India,state-ut,Distribution of Suicides by Means Adopted during 2024 (State & UT - wise),2014,2024,11,2014 2015 2016 2017 2018 2019 2020 2021 2022 2023 2024,12,pdf_text,data/series/adsi/distribution-of-suicides-by-means-adopted-state-ut-wise__state-ut.csv
adsi/distribution-of-suicides-by-means-mode-adopted-all-india__all-india,adsi,Suicides in India,all-india,Distribution of Suicides by Means/Mode Adopted during 2024 (All India),2016,2024,9,2016 2017 2018 2019 2020 2021 2022 2023 2024,10,pdf_text,data/series/adsi/distribution-of-suicides-by-means-mode-adopted-all-india__all-india.csv
adsi/distribution-of-suicides-by-profession-city-wise__city,adsi,ADSI Additional Tables 2014,city,Distribution of Suicides by Profession during 2015 (City-wise),2014,2015,2,2014 2015,50,excel,data/series/adsi/distribution-of-suicides-by-profession-city-wise__city.csv
adsi/distribution-of-suicides-by-social-status-city-wise__city,adsi,ADSI Additional Tables 2014,city,Distribution of Suicides by Social Status during 2015 (City-wise),2014,2015,2,2014 2015,16,excel,data/series/adsi/distribution-of-suicides-by-social-status-city-wise__city.csv
adsi/economic-status-wise-distribution-of-suicides-state-ut-wise__state-ut,adsi,Suicides in India,state-ut,Economic Status – wise Distribution of Suicides during 2024 (State & UT - wise),2015,2024,10,2015 2016 2017 2018 2019 2020 2021 2022 2023 2024,11,pdf_text,data/series/adsi/economic-status-wise-distribution-of-suicides-state-ut-wise__state-ut.csv
adsi/educational-status-of-suicide-victims-all-india__all-india,adsi,Suicides in India,all-india,Educational Status of Suicide Victims during 2013 (All-India),2004,2013,7,2004 2005 2006 2007 2008 2012 2013,7,pdf_text,data/series/adsi/educational-status-of-suicide-victims-all-india__all-india.csv
adsi/educational-status-of-suicide-victims-state-ut-city-wise__state-ut-city,adsi,Suicides in India,state-ut-city,"Educational Status of Suicide Victims during 2013 (State , UT & City-wise)",2004,2013,6,2004 2005 2006 2007 2008 2013,7,pdf_text,data/series/adsi/educational-status-of-suicide-victims-state-ut-city-wise__state-ut-city.csv
adsi/educational-status-wise-distribution-of-suicides-state-ut-wise__state-ut,adsi,Suicides in India,state-ut,Educational Status – wise Distribution of Suicides during 2024 (State & UT - wise),2015,2024,10,2015 2016 2017 2018 2019 2020 2021 2022 2023 2024,11,pdf_text,data/series/adsi/educational-status-wise-distribution-of-suicides-state-ut-wise__state-ut.csv
adsi/fire-accident-cases-injuries-and-deaths-classified-by-place-of-occurrence-city-wise__city,adsi,ADSI Additional Tables 2014,city,"Fire Accident Cases, Injuries and Deaths classified by Place of Occurrence during 2015 (City wise)",2014,2015,2,2014 2015,15,excel,data/series/adsi/fire-accident-cases-injuries-and-deaths-classified-by-place-of-occurrence-city-wise__city.csv
adsi/gender-wise-distribution-of-accidental-deaths-due-to-forces-of-nature-state-ut-wise__state-ut,adsi,Accidental Deaths in India,state-ut,Gender - wise Distribution of Accidental Deaths due to Forces of Nature during 2024 (State & UT-wise),2016,2024,9,2016 2017 2018 2019 2020 2021 2022 2023 2024,10,pdf_text,data/series/adsi/gender-wise-distribution-of-accidental-deaths-due-to-forces-of-nature-state-ut-wise__state-ut.csv
adsi/ii-economic-status,adsi,Suicides in India,,II. Economic Status,2014,2024,9,2014 2016 2017 2018 2019 2020 2021 2023 2024,10,pdf_text,data/series/adsi/ii-economic-status.csv
adsi/iii-educational-status,adsi,Suicides in India,,III. Educational Status,2014,2024,9,2014 2016 2017 2018 2019 2020 2021 2023 2024,10,pdf_text,data/series/adsi/iii-educational-status.csv
adsi/incidence-and-rate-of-accidental-deaths,adsi,Accidental Deaths in India,,Incidence and Rate of Accidental Deaths during 1990 to 2000,1997,2000,4,1997 1998 1999 2000,4,pdf_vlm,data/series/adsi/incidence-and-rate-of-accidental-deaths.csv
adsi/incidence-and-rate-of-accidental-deaths-all-india__all-india,adsi,Accidental Deaths in India,all-india,Incidence and Rate of Accidental Deaths during 2003 to 2013 (All-India),2001,2013,13,2001 2002 2003 2004 2005 2006 2007 2008 2009 2010 2011 2012 2013,13,pdf_text,data/series/adsi/incidence-and-rate-of-accidental-deaths-all-india__all-india.csv
adsi/incidence-and-rate-of-accidental-deaths-due-to-forces-of-nature-and-other-causes-state-ut-city-wise__state-ut-city,adsi,Accidental Deaths in India,state-ut-city,Incidence and Rate of Accidental Deaths due to Forces of Nature and Other Causes during 2024 (State/UT & City-wise),2016,2024,9,2016 2017 2018 2019 2020 2021 2022 2023 2024,11,pdf_text,data/series/adsi/incidence-and-rate-of-accidental-deaths-due-to-forces-of-nature-and-other-causes-state-ut-city-wise__state-ut-city.csv
adsi/incidence-and-rate-of-accidental-deaths-state-ut-city-wise__state-ut-city,adsi,Accidental Deaths in India,state-ut-city,"Incidence and Rate of Accidental Deaths during 2013 (State, UT & City-wise)",1997,2013,17,1997 1998 1999 2000 2001 2002 2003 2004 2005 2006 2007 2008 2009 2010 2011 2012 2013,17,pdf_text pdf_vlm,data/series/adsi/incidence-and-rate-of-accidental-deaths-state-ut-city-wise__state-ut-city.csv
adsi/incidence-and-rate-of-suicides-all-india__all-india,adsi,Suicides in India,all-india,Incidence and Rate of Suicides during 2013 to 2024 (All India),2004,2024,18,2004 2005 2006 2007 2008 2012 2013 2014 2015 2016 2017 2018 2019 2020 2021 2022 2023 2024,19,pdf_text,data/series/adsi/incidence-and-rate-of-suicides-all-india__all-india.csv
adsi/incidence-and-rate-of-suicides-state-ut-city-wise__state-ut-city,adsi,Suicides in India,state-ut-city,Incidence and Rate of Suicides – 2024 (State/UT & City - wise),2004,2024,18,2004 2005 2006 2007 2008 2012 2013 2014 2015 2016 2017 2018 2019 2020 2021 2022 2023 2024,19,pdf_text,data/series/adsi/incidence-and-rate-of-suicides-state-ut-city-wise__state-ut-city.csv
adsi/incidence-of-accidents-by-un-natural-cause-and-persons-killed-and-injured-cause-wise,adsi,Accidental Deaths in India,,Incidence of Accidents by Un-natural cause and Persons Killed and Injured during 2000 (Cause-wise),1997,2000,4,1997 1998 1999 2000,4,pdf_vlm,data/series/adsi/incidence-of-accidents-by-un-natural-cause-and-persons-killed-and-injured-cause-wise.csv
adsi/incidence-of-road-accidental-deaths-in-type-of-vehicles-state-ut-city-wise__state-ut-city,adsi,Accidental Deaths in India,state-ut-city,"Incidence of Road Accidental Deaths in type of vehicles (State, UT & City-wise)",1997,2013,17,1997 1998 1999 2000 2001 2002 2003 2004 2005 2006 2007 2008 2009 2010 2011 2012 2013,17,pdf_text pdf_vlm,data/series/adsi/incidence-of-road-accidental-deaths-in-type-of-vehicles-state-ut-city-wise__state-ut-city.csv
adsi/incidence-of-road-accidents-during-various-quarters-state-ut-city-wise__state-ut-city,adsi,Accidental Deaths in India,state-ut-city,"Incidence of Road Accidents during various Quarters of 2000 (State, UT & City-wise)",1999,2000,2,1999 2000,2,pdf_vlm,data/series/adsi/incidence-of-road-accidents-during-various-quarters-state-ut-city-wise__state-ut-city.csv
adsi/incidence-of-suicides-and-their-percentage-variation-state-ut-city-wise__state-ut-city,adsi,Suicides in India,state-ut-city,Incidence of Suicides during 2022 and 2024 and Their Percentage Variation (State/UT & City - wise),2014,2024,11,2014 2015 2016 2017 2018 2019 2020 2021 2022 2023 2024,12,pdf_text,data/series/adsi/incidence-of-suicides-and-their-percentage-variation-state-ut-city-wise__state-ut-city.csv
adsi/incidence-of-suicides-by-causes-all-india__all-india,adsi,Suicides in India,all-india,Incidence of Suicides by causes during 2013 (All-India),2004,2013,7,2004 2005 2006 2007 2008 2012 2013,7,pdf_text,data/series/adsi/incidence-of-suicides-by-causes-all-india__all-india.csv
adsi/incidence-of-suicides-by-means-adopted,adsi,Suicides in India,,Incidence of Suicides by Means Adopted during 2013,2004,2013,7,2004 2005 2006 2007 2008 2012 2013,7,pdf_text,data/series/adsi/incidence-of-suicides-by-means-adopted.csv
adsi/incidence-of-suicides-state-ut-city-wise__state-ut-city,adsi,Suicides in India,state-ut-city,"Incidence of Suicides during 2012 and 2013 (State, UT & City-wise)",2004,2013,7,2004 2005 2006 2007 2008 2012 2013,7,pdf_text,data/series/adsi/incidence-of-suicides-state-ut-city-wise__state-ut-city.csv
adsi/incidence-of-traffic-accidents-during-various-quarters-of-the-year-state-ut-city-wise__state-ut-city,adsi,Accidental Deaths in India,state-ut-city,"Incidence of Traffic Accidents during various quarters of the year (State, UT & City-wise)",2001,2013,13,2001 2002 2003 2004 2005 2006 2007 2008 2009 2010 2011 2012 2013,13,pdf_text,data/series/adsi/incidence-of-traffic-accidents-during-various-quarters-of-the-year-state-ut-city-wise__state-ut-city.csv
adsi/incidence-of-traffic-accidents-during-various-quarters-state-ut-city-wise__state-ut-city,adsi,Accidental Deaths in India,state-ut-city,"Incidence of Traffic Accidents during various Quarters of 1998 (State, UT & City-wise)",1997,1998,2,1997 1998,2,pdf_vlm,data/series/adsi/incidence-of-traffic-accidents-during-various-quarters-state-ut-city-wise__state-ut-city.csv
adsi/incidence-rate-of-accidental-deaths-all-india__all-india,adsi,Accidental Deaths in India,all-india,Incidence & Rate of Accidental Deaths during 2014 – 2024 (All India),2015,2024,10,2015 2016 2017 2018 2019 2020 2021 2022 2023 2024,11,pdf_text,data/series/adsi/incidence-rate-of-accidental-deaths-all-india__all-india.csv
adsi/marital-economic-and-educational-status-wise-distribution-of-suicides-all-india-i-marital-status__all-india,adsi,Suicides in India,all-india,"Marital, Economic and Educational Status-wise Distribution of Suicides during 2024 (All India) I. Marital Status",2023,2024,2,2023 2024,2,pdf_text,data/series/adsi/marital-economic-and-educational-status-wise-distribution-of-suicides-all-india-i-marital-status__all-india.csv
adsi/marital-status-wise-distribution-of-suicides-state-ut-wise__state-ut,adsi,Suicides in India,state-ut,Marital Status –wise Distribution of Suicides during 2024 (State & UT - wise),2022,2024,3,2022 2023 2024,3,pdf_text,data/series/adsi/marital-status-wise-distribution-of-suicides-state-ut-wise__state-ut.csv
adsi/mode-of-transport-wise-number-of-persons-died-in-road-accidents-all-india__all-india,adsi,Traffic Accidents,all-india,Mode of Transport – wise Number of Persons Died in Road Accidents during 2024 (All India),2015,2024,9,2015 2016 2018 2019 2020 2021 2022 2023 2024,10,pdf_text,data/series/adsi/mode-of-transport-wise-number-of-persons-died-in-road-accidents-all-india__all-india.csv
adsi/mode-of-transport-wise-number-of-persons-died-in-road-accidents-state-ut-city-wise__state-ut-city,adsi,Traffic Accidents,state-ut-city,Mode of Transport – wise Number of Persons Died in Road Accidents during 2024 (State/UT & City - wise),2015,2024,10,2015 2016 2017 2018 2019 2020 2021 2022 2023 2024,11,pdf_text,data/series/adsi/mode-of-transport-wise-number-of-persons-died-in-road-accidents-state-ut-city-wise__state-ut-city.csv
adsi/month-of-occurrence-wise-number-of-traffic-accidents-state-ut-and-city-wise__state-ut-city,adsi,Traffic Accidents,state-ut-city,Month of Occurrence - wise Number of Traffic Accidents during 2024 (State/UT and City - wise),2021,2024,4,2021 2022 2023 2024,4,pdf_text,data/series/adsi/month-of-occurrence-wise-number-of-traffic-accidents-state-ut-and-city-wise__state-ut-city.csv
adsi/month-of-occurrence-wise-number-of-traffic-accidents-state-ut-city-wise__state-ut-city,adsi,Traffic Accidents,state-ut-city,Month of Occurrence - wise Number of Traffic Accidents during 2020 (State/UT & City-wise),2015,2020,6,2015 2016 2017 2018 2019 2020,7,pdf_text,data/series/adsi/month-of-occurrence-wise-number-of-traffic-accidents-state-ut-city-wise__state-ut-city.csv
adsi/number-and-share-of-accidental-deaths-due-to-forces-of-nature-and-other-causes,adsi,Accidental Deaths in India,,Number and Share of Accidental Deaths due to Forces of Nature and Other Causes – 2023 & 2024,2019,2024,6,2019 2020 2021 2022 2023 2024,6,pdf_text,data/series/adsi/number-and-share-of-accidental-deaths-due-to-forces-of-nature-and-other-causes.csv
adsi/number-of-accidents-by-un-natural-causes-and-persons-killed-and-injured-cause-wise,adsi,Accidental Deaths in India,,Number of Accidents by Un-Natural Causes and Persons Killed and Injured during 2013 (Cause-wise),2001,2013,13,2001 2002 2003 2004 2005 2006 2007 2008 2009 2010 2011 2012 2013,13,pdf_text,data/series/adsi/number-of-accidents-by-un-natural-causes-and-persons-killed-and-injured-cause-wise.csv
adsi/number-of-cases-persons-injured-and-died-by-other-causes-of-accidents-city-wise__city,adsi,ADSI Additional Tables 2014,city,"Number of Cases, Persons Injured and Died by Other Causes of Accidents during 2015 (City wise)",2014,2015,2,2014 2015,44,excel,data/series/adsi/number-of-cases-persons-injured-and-died-by-other-causes-of-accidents-city-wise__city.csv
adsi/number-of-cases-persons-injured-and-died-by-un-natural-causes-city-wise__city,adsi,ADSI Additional Tables 2014,city,"Number of Cases, Persons Injured and Died by Un-natural Causes during 2015 (City wise)",2014,2015,2,2014 2015,84,excel,data/series/adsi/number-of-cases-persons-injured-and-died-by-un-natural-causes-city-wise__city.csv
adsi/number-of-persons-injured-and-killed-by-un-natural-causes-state-ut-city-wise__state-ut-city,adsi,Accidental Deaths in India,state-ut-city,"Number of Persons Injured and Killed by Un-natural causes during 2000 (State, UT & City-wise)",1997,2000,3,1997 1999 2000,3,pdf_vlm,data/series/adsi/number-of-persons-injured-and-killed-by-un-natural-causes-state-ut-city-wise__state-ut-city.csv
adsi/number-of-persons-injured-killed-by-un-natural-causes-state-ut-city-wise__state-ut-city,adsi,Accidental Deaths in India,state-ut-city,"Number of Persons injured & Killed by Un-natural Causes (State, UT & City-wise)",1996,2013,14,1996 2001 2002 2003 2004 2005 2006 2007 2008 2009 2010 2011 2012 2013,14,pdf_text pdf_vlm,data/series/adsi/number-of-persons-injured-killed-by-un-natural-causes-state-ut-city-wise__state-ut-city.csv
adsi/number-of-traffic-accidents-by-month-of-occurrence-state-ut-city-wise__state-ut-city,adsi,Accidental Deaths in India,state-ut-city,Number of Traffic Accidents by Month of Occurrence during 2014 (State/UT & City wise),1996,2014,6,1996 1997 1998 1999 2000 2014,6,pdf_text pdf_vlm,data/series/adsi/number-of-traffic-accidents-by-month-of-occurrence-state-ut-city-wise__state-ut-city.csv
adsi/number-of-traffic-accidents-by-months-of-occurrence-state-ut-city-wise__state-ut-city,adsi,Accidental Deaths in India,state-ut-city,"Number of Traffic Accidents by months of Occurrence (State, UT & City-wise)",2002,2013,12,2002 2003 2004 2005 2006 2007 2008 2009 2010 2011 2012 2013,12,pdf_text,data/series/adsi/number-of-traffic-accidents-by-months-of-occurrence-state-ut-city-wise__state-ut-city.csv
adsi/number-of-traffic-accidents-by-time-of-occurrence-state-ut-city-wise__state-ut-city,adsi,Accidental Deaths in India,state-ut-city,Number of Traffic Accidents by Time of Occurrence during 2014 (State/UT & City wise),1995,2014,20,1995 1996 1997 1998 1999 2000 2001 2002 2003 2004 2005 2006 2007 2008 2009 2010 2011 2012 2013 2014,20,pdf_text pdf_vlm,data/series/adsi/number-of-traffic-accidents-by-time-of-occurrence-state-ut-city-wise__state-ut-city.csv
adsi/other-causes-wise-number-of-cases-persons-injured-persons-died-state-ut-wise__state-ut,adsi,Accidental Deaths in India,state-ut,"Other Causes-wise Number of Cases, Persons Injured & Persons died during 2024 (State & UT-wise)",2016,2024,9,2016 2017 2018 2019 2020 2021 2022 2023 2024,10,pdf_text,data/series/adsi/other-causes-wise-number-of-cases-persons-injured-persons-died-state-ut-wise__state-ut.csv
adsi/percentage-distribution-of-accidental-deaths-by-various-causes-state-ut-city-wise__state-ut-city,adsi,Accidental Deaths in India,state-ut-city,"Percentage distribution of Accidental Deaths by various Causes during 1994 (State, UT & City-wise)",1989,1994,5,1989 1990 1991 1992 1994,5,pdf_vlm,data/series/adsi/percentage-distribution-of-accidental-deaths-by-various-causes-state-ut-city-wise__state-ut-city.csv
adsi/percentage-distribution-of-suicidal-deaths-by-different-means-to-total-suicidal-deaths-in-states-uts-cities__city,adsi,Suicides in India,city,Percentage distribution of Suicidal Deaths by Different Means to Total Suicidal Deaths in States/UTs./ Cities - 1972,1971,1972,2,1971 1972,2,pdf_vlm,data/series/adsi/percentage-distribution-of-suicidal-deaths-by-different-means-to-total-suicidal-deaths-in-states-uts-cities__city.csv
adsi/percentage-distribution-of-suicides-by-means-adopted-state-ut-city-wise__state-ut-city,adsi,Suicides in India,state-ut-city,"Percentage distribution of Suicides by Means Adopted during 1991 (State, UT & City-wise)",1989,1991,3,1989 1990 1991,3,pdf_vlm,data/series/adsi/percentage-distribution-of-suicides-by-means-adopted-state-ut-city-wise__state-ut-city.csv
adsi/percentage-distribution-of-suicides-by-various-causes-state-ut-city-wise__state-ut-city,adsi,Suicides in India,state-ut-city,"Percentage distribution of Suicides by various Causes during 1990 (State, UT & City-wise)",1989,1990,2,1989 1990,2,pdf_vlm,data/series/adsi/percentage-distribution-of-suicides-by-various-causes-state-ut-city-wise__state-ut-city.csv
adsi/percentage-variation-of-accidental-deaths-due-to-forces-of-nature-other-causes-and-total-accidental-deaths-sta__state-ut-city,adsi,Accidental Deaths in India,state-ut-city,"Percentage Variation of Accidental Deaths due to Forces of Nature, Other Causes and Total Accidental Deaths during 2024 over 2023 (State/UT & City-wise)",2016,2024,9,2016 2017 2018 2019 2020 2021 2022 2023 2024,10,pdf_text,data/series/adsi/percentage-variation-of-accidental-deaths-due-to-forces-of-nature-other-causes-and-total-accidental-deaths-sta__state-ut-city.csv
adsi/place-of-occurrence-wise-number-of-fire-accidents-persons-injured-and-died-all-india__all-india,adsi,Accidental Deaths in India,all-india,"Place of Occurrence – wise Number of Fire Accidents, Persons Injured and Died during 2024 (All India)",2015,2024,10,2015 2016 2017 2018 2019 2020 2021 2022 2023 2024,11,pdf_text,data/series/adsi/place-of-occurrence-wise-number-of-fire-accidents-persons-injured-and-died-all-india__all-india.csv
adsi/place-of-occurrence-wise-number-of-fire-accidents-persons-injured-and-died-state-ut-wise__state-ut,adsi,Accidental Deaths in India,state-ut,"Place of Occurrence – wise Number of Fire Accidents, Persons Injured and Died during 2024 (State & UT- wise)",2016,2024,9,2016 2017 2018 2019 2020 2021 2022 2023 2024,10,pdf_text,data/series/adsi/place-of-occurrence-wise-number-of-fire-accidents-persons-injured-and-died-state-ut-wise__state-ut.csv
adsi/place-of-occurrence-wise-road-accident-cases-persons-injured-and-died-all-india__all-india,adsi,Traffic Accidents,all-india,"Place of Occurrence - wise Road Accident Cases, Persons Injured and Died during 2024 (All India)",2015,2024,10,2015 2016 2017 2018 2019 2020 2021 2022 2023 2024,11,pdf_text,data/series/adsi/place-of-occurrence-wise-road-accident-cases-persons-injured-and-died-all-india__all-india.csv
adsi/place-of-occurrence-wise-road-accident-deaths-state-ut-city-wise__state-ut-city,adsi,Traffic Accidents,state-ut-city,Place of Occurrence - wise Road Accident Deaths during 2024 (State/UT & City - wise),2015,2024,10,2015 2016 2017 2018 2019 2020 2021 2022 2023 2024,11,pdf_text,data/series/adsi/place-of-occurrence-wise-road-accident-deaths-state-ut-city-wise__state-ut-city.csv
adsi/profession-wise-distribution-of-suicides-all-india__all-india,adsi,Suicides in India,all-india,Profession – wise Distribution of Suicides during 2024 (All India),2015,2024,10,2015 2016 2017 2018 2019 2020 2021 2022 2023 2024,11,pdf_text,data/series/adsi/profession-wise-distribution-of-suicides-all-india__all-india.csv
adsi/profession-wise-distribution-of-suicides-state-ut-wise__state-ut,adsi,Suicides in India,state-ut,Profession – wise Distribution of Suicides during 2024 (State & UT - wise),2015,2024,10,2015 2016 2017 2018 2019 2020 2021 2022 2023 2024,11,pdf_text,data/series/adsi/profession-wise-distribution-of-suicides-state-ut-wise__state-ut.csv
adsi/profile-of-suicide-victims-by-profession-all-india__all-india,adsi,Suicides in India,all-india,Profile of Suicide Victims by profession during 2013 (All India),2004,2013,7,2004 2005 2006 2007 2008 2012 2013,7,pdf_text,data/series/adsi/profile-of-suicide-victims-by-profession-all-india__all-india.csv
adsi/profile-of-suicide-victims-by-profession-state-ut-city-wise__state-ut-city,adsi,Suicides in India,state-ut-city,"Profile of Suicide Victims by Profession during 2013 (State, UT & City--wise)",2004,2013,7,2004 2005 2006 2007 2008 2012 2013,7,pdf_text,data/series/adsi/profile-of-suicide-victims-by-profession-state-ut-city-wise__state-ut-city.csv
adsi/profile-of-suicide-victims-by-social-status,adsi,Suicides in India,,Profile of Suicide Victims by Social Status during 2013,2004,2013,7,2004 2005 2006 2007 2008 2012 2013,7,pdf_text,data/series/adsi/profile-of-suicide-victims-by-social-status.csv
adsi/road-classification-wise-number-of-road-accidents-injuries-and-deaths-state-ut-city-wise__state-ut-city,adsi,Traffic Accidents,state-ut-city,"Road Classification – wise Number of Road Accidents, Injuries and Deaths during 2024 (State/UT & City - wise)",2015,2024,9,2015 2016 2017 2018 2020 2021 2022 2023 2024,10,pdf_text,data/series/adsi/road-classification-wise-number-of-road-accidents-injuries-and-deaths-state-ut-city-wise__state-ut-city.csv
adsi/social-economic-and-educational-status-wise-distribution-of-suicides-all-india-i-marital-status__all-india,adsi,Suicides in India,all-india,"Social, Economic and Educational Status-wise Distribution of Suicides during 2021 (All India) I. Marital Status",2016,2021,6,2016 2017 2018 2019 2020 2021,7,pdf_text,data/series/adsi/social-economic-and-educational-status-wise-distribution-of-suicides-all-india-i-marital-status__all-india.csv
adsi/social-status-wise-distribution-of-suicides-state-ut-wise__state-ut,adsi,Suicides in India,state-ut,Social Status wise Distribution of Suicides during 2021 (State & UT - wise),2015,2021,7,2015 2016 2017 2018 2019 2020 2021,8,pdf_text,data/series/adsi/social-status-wise-distribution-of-suicides-state-ut-wise__state-ut.csv
adsi/state-ut-wise-age-wise-details-of-suicide-victims-according-to-means-adopted-for-suicide__state-ut,adsi,ADSI Additional Tables 2021,state-ut,State/UT-wise & age wise details of Suicide Victims According to Means adopted for Suicide during 2024,2021,2024,2,2021 2024,2,pdf_text,data/series/adsi/state-ut-wise-age-wise-details-of-suicide-victims-according-to-means-adopted-for-suicide__state-ut.csv
adsi/state-ut-wise-age-wise-details-of-suicide-victims-according-to-their-profession-profile__state-ut,adsi,ADSI Additional Tables 2021,state-ut,State/UT-wise & age wise details of Suicide Victims according to their Profession Profile during 2024,2021,2024,2,2021 2024,2,pdf_text,data/series/adsi/state-ut-wise-age-wise-details-of-suicide-victims-according-to-their-profession-profile__state-ut.csv
adsi/state-ut-wise-age-wise-distribution-of-mass-family-suicide__state-ut,adsi,ADSI Additional Tables 2021,state-ut,State/UT-wise & Age wise distribution of Mass/Family Suicide during 2024,2021,2024,2,2021 2024,2,pdf_text,data/series/adsi/state-ut-wise-age-wise-distribution-of-mass-family-suicide__state-ut.csv
adsi/state-ut-wise-gender-wise-cause-wise-distribution-of-railway-accidents__state-ut,adsi,ADSI Additional Tables 2021,state-ut,"State/UT-wise , Gender-wise & Cause-wise Distribution of Railway Accidents during 2024",2021,2024,2,2021 2024,2,pdf_text,data/series/adsi/state-ut-wise-gender-wise-cause-wise-distribution-of-railway-accidents__state-ut.csv
adsi/state-ut-wise-gender-wise-mode-of-transport-wise-number-of-persons-died-in-road-accidents__state-ut,adsi,ADSI Additional Tables 2021,state-ut,"State/UT-Wise,Gender-wise & Mode of Transport-wise Number of Persons Died in Road Accidents during 2024",2021,2024,2,2021 2024,2,pdf_text,data/series/adsi/state-ut-wise-gender-wise-mode-of-transport-wise-number-of-persons-died-in-road-accidents__state-ut.csv
adsi/state-ut-wise-gender-wise-road-classification-wise-number-of-persons-injured-and-died__state-ut,adsi,ADSI Additional Tables 2021,state-ut,"State/UT-wise, Gender-wise & Road classification-wise Number of Persons Injured and Died during 2024",2021,2024,2,2021 2024,2,pdf_text,data/series/adsi/state-ut-wise-gender-wise-road-classification-wise-number-of-persons-injured-and-died__state-ut.csv
adsi/state-ut-wise-month-of-occurrence-wise-persons-injured-and-died-in-traffic-accidents__state-ut,adsi,ADSI Additional Tables 2021,state-ut,State/UT-wise & Month of Occurrence-wise Persons Injured and Died in Traffic Accidents during 2024,2021,2024,2,2021 2024,2,pdf_text,data/series/adsi/state-ut-wise-month-of-occurrence-wise-persons-injured-and-died-in-traffic-accidents__state-ut.csv
adsi/state-wise-distribution-of-accidental-deaths-due-to-natural-causes__state-ut,adsi,Accidental Deaths in India,state-ut,State wise distribution of Accidental Deaths due to Natural Causes during 1988,1973,1988,8,1973 1976 1977 1979 1983 1984 1987 1988,8,pdf_ocr pdf_vlm,data/series/adsi/state-wise-distribution-of-accidental-deaths-due-to-natural-causes__state-ut.csv
adsi/state-wise-distribution-of-accidental-deaths-due-to-other-causes__state-ut,adsi,Accidental Deaths in India,state-ut,State wise distribution of Accidental Deaths due to Other Causes during 1988,1973,1988,10,1973 1974 1977 1980 1981 1982 1984 1985 1987 1988,10,pdf_ocr pdf_vlm,data/series/adsi/state-wise-distribution-of-accidental-deaths-due-to-other-causes__state-ut.csv
adsi/state-wise-distribution-of-suicides-by-causes__state-ut,adsi,Suicides in India,state-ut,State wise distribution of Suicides by Causes during 1988,1977,1988,7,1977 1980 1981 1982 1986 1987 1988,7,pdf_ocr pdf_vlm,data/series/adsi/state-wise-distribution-of-suicides-by-causes__state-ut.csv
adsi/state-wise-distribution-of-suicides-by-means-adopted__state-ut,adsi,Suicides in India,state-ut,State wise distribution of Suicides by Means Adopted during 1988,1973,1988,8,1973 1974 1975 1977 1981 1984 1985 1988,8,pdf_ocr pdf_vlm,data/series/adsi/state-wise-distribution-of-suicides-by-means-adopted__state-ut.csv
adsi/statement-of-number-of-accidental-deaths-in-states-uts-cities-by-other-causes__city,adsi,Accidental Deaths in India,city,Statement of Number of Accidental Deaths in States/UTs/Cities – 1972 (By Other Causes),1968,1972,4,1968 1969 1970 1972,4,pdf_ocr pdf_vlm,data/series/adsi/statement-of-number-of-accidental-deaths-in-states-uts-cities-by-other-causes__city.csv
adsi/statement-of-number-of-suicides-in-states-uts-cities-by-age-groups__city,adsi,Suicides in India,city,Statement of Number of Suicides in States/UTs./Cities - 1972 (By Age groups),1970,1972,3,1970 1971 1972,3,pdf_vlm,data/series/adsi/statement-of-number-of-suicides-in-states-uts-cities-by-age-groups__city.csv
adsi/statement-of-number-of-suicides-in-states-uts-cities-by-causes__city,adsi,Suicides in India,city,Statement of Number of Suicides in States/UTs./Cities - 1972 (By Causes),1968,1972,3,1968 1970 1972,3,pdf_ocr pdf_vlm,data/series/adsi/statement-of-number-of-suicides-in-states-uts-cities-by-causes__city.csv
adsi/statement-of-number-of-suicides-in-states-uts-cities-by-means-adopted__city,adsi,Suicides in India,city,Statement of Number of Suicides in States/UTs./Cities - 1972 (By Means Adopted),1968,1972,3,1968 1970 1972,3,pdf_vlm,data/series/adsi/statement-of-number-of-suicides-in-states-uts-cities-by-means-adopted__city.csv
adsi/states__state-ut,adsi,Suicides in India,state-ut,STATES,1979,1988,8,1979 1981 1982 1983 1984 1985 1986 1988,20,pdf_vlm,data/series/adsi/states__state-ut.csv
adsi/table-i-state-ut-wise-gender-wise-mode-of-transport-wise-number-of-persons-died-in-road-accidents__state-ut,adsi,ADSI Additional Tables 2022,state-ut,"Table_I State UT Wise,Gender wise & Mode of Transport-wise Number of Persons Died in Road Accidents during 2023",2022,2023,2,2022 2023,2,pdf_text,data/series/adsi/table-i-state-ut-wise-gender-wise-mode-of-transport-wise-number-of-persons-died-in-road-accidents__state-ut.csv
adsi/table-ii-state-ut-wise-gender-wise-road-classification-wise-number-of-persons-injured-and-died__state-ut,adsi,ADSI Additional Tables 2022,state-ut,"Table_II State/UT-wise, Gender-wise & Road classification-wise Number of Persons Injured and Died during 2023",2022,2023,2,2022 2023,2,pdf_text,data/series/adsi/table-ii-state-ut-wise-gender-wise-road-classification-wise-number-of-persons-injured-and-died__state-ut.csv
adsi/table-iii-state-ut-wise-month-of-occurrence-wise-persons-injured-and-died-in-traffic-accidents__state-ut,adsi,ADSI Additional Tables 2022,state-ut,Table_III State/UT-wise & Month of Occurrence-wise Persons Injured and Died in Traffic Accidents during 2023,2022,2023,2,2022 2023,2,pdf_text,data/series/adsi/table-iii-state-ut-wise-month-of-occurrence-wise-persons-injured-and-died-in-traffic-accidents__state-ut.csv
adsi/table-iv-state-ut-wise-time-of-occurrence-wise-persons-injured-and-died-in-traffic-accidents__state-ut,adsi,ADSI Additional Tables 2022,state-ut,Table_IV State/UT-wise & Time of Occurrence-wise Persons Injured and Died in Traffic Accidents during 2023,2022,2023,2,2022 2023,2,pdf_text,data/series/adsi/table-iv-state-ut-wise-time-of-occurrence-wise-persons-injured-and-died-in-traffic-accidents__state-ut.csv
adsi/table-v-state-ut-wise-gender-wise-cause-wise-distribution-of-railway-accidents__state-ut,adsi,ADSI Additional Tables 2022,state-ut,"Table_V State/UT-wise , Gender-wise & Cause-wise Distribution of Railway Accidents during 2023",2022,2023,2,2022 2023,2,pdf_text,data/series/adsi/table-v-state-ut-wise-gender-wise-cause-wise-distribution-of-railway-accidents__state-ut.csv
adsi/table-vi-state-ut-wise-age-wise-details-of-suicide-victims-according-to-their-profession-profile__state-ut,adsi,ADSI Additional Tables 2022,state-ut,Table_VI State/UT-wise & age wise details of Suicide Victims according to their Profession Profile during 2023,2022,2023,2,2022 2023,2,pdf_text,data/series/adsi/table-vi-state-ut-wise-age-wise-details-of-suicide-victims-according-to-their-profession-profile__state-ut.csv
adsi/table-vii-state-ut-wise-age-wise-details-of-suicide-victims-according-to-means-adopted-for-suicide__state-ut,adsi,ADSI Additional Tables 2022,state-ut,Table_VII State/UT-wise & age wise details of Suicide Victims According to Means adopted for Suicide during 2023,2022,2023,2,2022 2023,2,pdf_text,data/series/adsi/table-vii-state-ut-wise-age-wise-details-of-suicide-victims-according-to-means-adopted-for-suicide__state-ut.csv
adsi/table-viii-state-ut-wise-age-wise-distribution-of-mass-family-suicide__state-ut,adsi,ADSI Additional Tables 2022,state-ut,Table_VIII State/UT-wise & Age wise distribution of Mass/Family Suicide during 2023,2022,2023,2,2022 2023,2,pdf_text,data/series/adsi/table-viii-state-ut-wise-age-wise-distribution-of-mass-family-suicide__state-ut.csv
adsi/time-of-occurrence-wise-number-of-traffic-accidents-state-ut-city-wise__state-ut-city,adsi,Traffic Accidents,state-ut-city,Time of Occurrence – wise Number of Traffic Accidents during 2024 (State/UT & City - wise),2015,2024,10,2015 2016 2017 2018 2019 2020 2021 2022 2023 2024,12,pdf_text,data/series/adsi/time-of-occurrence-wise-number-of-traffic-accidents-state-ut-city-wise__state-ut-city.csv
adsi/u-ts,adsi,Suicides in India,,U.Ts,1975,1980,4,1975 1978 1979 1980,5,pdf_vlm,data/series/adsi/u-ts.csv
adsi/u-ts-cities__city,adsi,Suicides in India,city,U.Ts. CITIES,1971,1972,2,1971 1972,4,pdf_vlm,data/series/adsi/u-ts-cities__city.csv
adsi/union-territories,adsi,Suicides in India,,UNION TERRITORIES,1969,1988,6,1969 1983 1984 1985 1986 1988,15,pdf_vlm,data/series/adsi/union-territories.csv
cii/36,cii,Crime Survey,,,1964,1966,2,1964 1966,2,pdf_vlm,data/series/cii/36.csv
cii/39-of-local-and-special-laws,cii,Crime Survey,,39 of Local and Special Laws,1972,1973,2,1972 1973,2,pdf_vlm,data/series/cii/39-of-local-and-special-laws.csv
cii/41,cii,Crime Survey,,,1974,1977,2,1974 1977,2,pdf_vlm,data/series/cii/41.csv
cii/45-offences-under-local-and-special-laws,cii,Crime Survey,,45 offences under Local and Special Laws during 1975.,1974,1975,2,1974 1975,2,pdf_vlm,data/series/cii/45-offences-under-local-and-special-laws.csv
cii/6-showing-percentage-variation,cii,Crime Survey,,6 1973 and 1974 showing percentage variation,1972,1974,2,1972 1974,2,pdf_vlm,data/series/cii/6-showing-percentage-variation.csv
cii/action-against-persons-arrested-and-dep-action-taken-in-offences-under-p-c-act,cii,Corruption Offences (States/UTs),,Action against Persons Arrested and Dep. Action taken In Offences under P.C. Act -2024,2020,2024,5,2020 2021 2022 2023 2024,5,pdf_text,data/series/cii/action-against-persons-arrested-and-dep-action-taken-in-offences-under-p-c-act.csv
cii/action-against-persons-arrested-and-departmental-action-taken-in-offences-under-p-c-act,cii,Corruption Offences (States/UTs),,Action against Persons Arrested and Departmental Action taken In Offences under P.C.Act - 2019,2017,2019,3,2017 2018 2019,3,pdf_text,data/series/cii/action-against-persons-arrested-and-departmental-action-taken-in-offences-under-p-c-act.csv
cii/actual-police-strength,cii,Crime Survey,,Actual Police Strength During 1983,1972,1983,8,1972 1974 1975 1977 1978 1979 1981 1983,8,pdf_ocr pdf_vlm,data/series/cii/actual-police-strength.csv
cii/actual-police-strength-in-relation-to-area-population-cognizable-crimes-and-per-capita-expenditure-on-policeme,cii,Crime Survey,,"Actual Police Strength In Relation To Area, Population, Cognizable Crimes and Per Capita Expenditure on Policemen During 1999",1994,1999,3,1994 1995 1999,3,pdf_vlm,data/series/cii/actual-police-strength-in-relation-to-area-population-cognizable-crimes-and-per-capita-expenditure-on-policeme.csv
cii/actual-police-strength-in-relation-to-area-population-cognizable-crimes-and-per-capita-expenditure-on-policeme__state-ut,cii,"Police Strength, Expenditure & Infrastructure",state-ut,"Actual Police Strength in relation to Area, Population, Cognizable Crimes and Per Capita Expenditure on Policemen (State & UT-wise)",2001,2013,13,2001 2002 2003 2004 2005 2006 2007 2008 2009 2010 2011 2012 2013,15,pdf_text,data/series/cii/actual-police-strength-in-relation-to-area-population-cognizable-crimes-and-per-capita-expenditure-on-policeme__state-ut.csv
cii/actual-police-strength-in-relation-to-area-population-ipc-crimes,cii,Crime Survey,,"Actual Police Strength in Relation to Area, Population & IPC Crimes During 1993",1988,1993,6,1988 1989 1990 1991 1992 1993,6,pdf_ocr pdf_vlm,data/series/cii/actual-police-strength-in-relation-to-area-population-ipc-crimes.csv
cii/adult-victims-of-kidnapping-abduction-gender-age-group-wise-city-wise__city,cii,Kidnapping & Abduction (34 Metropolitan Cities),city,Adult Victims of Kidnapping & Abduction (Gender & Age Group-wise) (City-wise) - 2024,2022,2024,3,2022 2023 2024,6,excel pdf_text,data/series/cii/adult-victims-of-kidnapping-abduction-gender-age-group-wise-city-wise__city.csv
cii/adult-victims-of-kidnapping-abduction-gender-age-group-wise-in-metropolitan-cities__city,cii,Kidnapping & Abduction (34 Metropolitan Cities),city,Adult Victims of Kidnapping & Abduction (Gender & Age Group-wise) in Metropolitan Cities - 2021,2020,2021,2,2020 2021,3,excel pdf_text,data/series/cii/adult-victims-of-kidnapping-abduction-gender-age-group-wise-in-metropolitan-cities__city.csv
cii/adult-victims-of-kidnapping-abduction-gender-age-group-wise-state-ut-wise__state-ut,cii,Violent Crimes – Kidnapping & Abduction (States/UTs),state-ut,Adult Victims of Kidnapping & Abduction (Gender & Age Group-wise) (State/UT-wise) - 2024,2021,2024,4,2021 2022 2023 2024,4,pdf_text,data/series/cii/adult-victims-of-kidnapping-abduction-gender-age-group-wise-state-ut-wise__state-ut.csv
cii/adult-victims-of-kidnapping-abduction-metropolitan-cities-gender-age-group-wise-sec-363-to-369-ipc__city,cii,Kidnapping & Abduction (34 Metropolitan Cities),city,Adult Victims of Kidnapping & Abduction (Metropolitan Cities)(Gender & Age Group-wise)- 2018 (Sec.363 to 369 IPC),2017,2018,2,2017 2018,3,pdf_text,data/series/cii/adult-victims-of-kidnapping-abduction-metropolitan-cities-gender-age-group-wise-sec-363-to-369-ipc__city.csv
cii/adult-victims-of-kidnapping-abduction-state-ut-wise-sec-363-to-369-ipc__state-ut,cii,Violent Crimes – Kidnapping & Abduction (States/UTs),state-ut,Adult Victims of Kidnapping & Abduction (State/UT-wise) - 2019 (Sec.363 to 369 IPC),2016,2019,4,2016 2017 2018 2019,4,pdf_text,data/series/cii/adult-victims-of-kidnapping-abduction-state-ut-wise-sec-363-to-369-ipc__state-ut.csv
cii/adult-victims-recovery-of-kidnapped-and-abducted-persons-gender-age-group-wise,cii,Violent Crimes – Kidnapping & Abduction (States/UTs),,Adult Victims - Recovery of Kidnapped and Abducted Persons (Gender & Age Group-wise) – 2019,2017,2019,3,2017 2018 2019,3,pdf_text,data/series/cii/adult-victims-recovery-of-kidnapped-and-abducted-persons-gender-age-group-wise.csv
cii/adult-victims-recovery-of-kidnapped-and-abducted-persons-in-metropolitan-cities-gender-age-group-wise__city,cii,Kidnapping & Abduction (34 Metropolitan Cities),city,Adult Victims - Recovery of Kidnapped and Abducted Persons in Metropolitan Cities (Gender & Age Group-wise) – 2018,2017,2018,2,2017 2018,3,pdf_text,data/series/cii/adult-victims-recovery-of-kidnapped-and-abducted-persons-in-metropolitan-cities-gender-age-group-wise__city.csv
cii/age-group-and-gender-wise-persons-arrested-under-ipc-crimes-crime-head-wise,cii,"Arrests, Convictions & Acquittals of Persons (States/UTs)",,Age Group and Gender-wise Persons Arrested under IPC Crimes (Crime Head-wise) - 2023,2017,2023,7,2017 2018 2019 2020 2021 2022 2023,7,pdf_text,data/series/cii/age-group-and-gender-wise-persons-arrested-under-ipc-crimes-crime-head-wise.csv
cii/age-group-and-gender-wise-persons-arrested-under-ipc-crimes-crime-head-wise-in-metropolitan-cities__city,cii,"Arrests, Convictions & Acquittals Of Persons (34 Metropolitan Cities)",city,Age Group and Gender-wise Persons Arrested under IPC Crimes (Crime Head-wise) in Metropolitan Cities - 2021,2020,2021,2,2020 2021,8,excel,data/series/cii/age-group-and-gender-wise-persons-arrested-under-ipc-crimes-crime-head-wise-in-metropolitan-cities__city.csv
cii/age-group-and-gender-wise-persons-arrested-under-sll-crimes-crime-head-wise-in-metropolitan-cities__city,cii,"Arrests, Convictions & Acquittals Of Persons (34 Metropolitan Cities)",city,Age Group and Gender-wise Persons Arrested under SLL Crimes (Crime Head-wise) in Metropolitan Cities - 2024,2020,2024,3,2020 2021 2024,10,excel,data/series/cii/age-group-and-gender-wise-persons-arrested-under-sll-crimes-crime-head-wise-in-metropolitan-cities__city.csv
cii/age-group-gender-wise-victims-of-c-h-not-amounting-murder-state-ut-wise__state-ut,cii,Violent Crimes,state-ut,Age-group & Gender-wise Victims of C.H. not Amounting Murder (State & UT-wise),2002,2013,11,2002 2003 2004 2005 2006 2007 2008 2009 2010 2011 2013,11,pdf_text,data/series/cii/age-group-gender-wise-victims-of-c-h-not-amounting-murder-state-ut-wise__state-ut.csv
cii/age-group-gender-wise-victims-of-kidnapping-abduction-state-ut-wise__state-ut,cii,Violent Crimes,state-ut,Age-Group Gender-wise Victims of Kidnapping & Abduction (State & UT- wise),2002,2013,11,2002 2003 2004 2005 2006 2007 2008 2009 2010 2011 2013,11,pdf_text,data/series/cii/age-group-gender-wise-victims-of-kidnapping-abduction-state-ut-wise__state-ut.csv
cii/age-group-gender-wise-victims-of-murder-state-ut-wise__state-ut,cii,Violent Crimes,state-ut,Age-group & Gender-wise Victims of Murder During 2015 (State/UT-Wise),2002,2015,13,2002 2003 2004 2005 2006 2007 2008 2009 2010 2011 2013 2014 2015,13,pdf_text,data/series/cii/age-group-gender-wise-victims-of-murder-state-ut-wise__state-ut.csv
cii/age-group-sex-wise-victims-of-kidnapping-abduction-total-state-ut-wise__state-ut,cii,Kidnapping & Abduction of Persons,state-ut,Age Group & Sex-wise Victims of Kidnapping & Abduction (Total) During 2015 (State/UT-wise),2014,2015,2,2014 2015,2,pdf_text,data/series/cii/age-group-sex-wise-victims-of-kidnapping-abduction-total-state-ut-wise__state-ut.csv
cii/age-group-wise-natural-deaths-of-police-personnel-and-suicides-committed-by-them-all-india__all-india,cii,Police Casualties,all-india,Age-Group-wise Natural Deaths of Police Personnel and Suicides Committed by Them During 2015 (All India),2014,2015,2,2014 2015,2,pdf_text,data/series/cii/age-group-wise-natural-deaths-of-police-personnel-and-suicides-committed-by-them-all-india__all-india.csv
cii/age-group-wise-natural-deaths-of-police-personnel-and-suicides-committed-by-them-state-ut-wise__state-ut,cii,Police Casualties,state-ut,Age-Group-wise Natural Deaths of Police Personnel and Suicides Committed by Them (State & UT-wise),2002,2013,12,2002 2003 2004 2005 2006 2007 2008 2009 2010 2011 2012 2013,12,pdf_text,data/series/cii/age-group-wise-natural-deaths-of-police-personnel-and-suicides-committed-by-them-state-ut-wise__state-ut.csv
cii/age-group-wise-number-of-police-personnel-killed-on-duty-state-ut-wise__state-ut,cii,Police Casualties,state-ut,Age-Group-wise Number of Police Personnel Killed on Duty (State & UT-wise),2002,2013,12,2002 2003 2004 2005 2006 2007 2008 2009 2010 2011 2012 2013,12,pdf_text,data/series/cii/age-group-wise-number-of-police-personnel-killed-on-duty-state-ut-wise__state-ut.csv
cii/age-profile-of-victims-of-pocso-state-ut-wise__state-ut,cii,Crime Against Children (States/UTs),state-ut,Age Profile of Victims of POCSO (State/UT-wise) – 2024,2017,2024,8,2017 2018 2019 2020 2021 2022 2023 2024,8,pdf_text,data/series/cii/age-profile-of-victims-of-pocso-state-ut-wise__state-ut.csv
cii/all-uniform-police-personnel-injured-on-duty-state-ut-wise__state-ut,cii,Injuries & Causalities of Police & Civilians and Incidents of Police Firing/Lathi-charge,state-ut,All Uniform Police Personnel Injured on Duty (State/UT-wise) - 2024,2020,2024,5,2020 2021 2022 2023 2024,5,pdf_text,data/series/cii/all-uniform-police-personnel-injured-on-duty-state-ut-wise__state-ut.csv
cii/all-uniform-police-personnel-killed-injured-on-duty,cii,Injuries & Causalities of Police & Civilians and Incidents of Police Firing/Lathi-charge,,All Uniform Police Personnel Killed/Injured on Duty - 2024,2020,2024,5,2020 2021 2022 2023 2024,5,pdf_text,data/series/cii/all-uniform-police-personnel-killed-injured-on-duty.csv
cii/all-uniform-police-personnel-killed-on-duty-state-ut-wise__state-ut,cii,Injuries & Causalities of Police & Civilians and Incidents of Police Firing/Lathi-charge,state-ut,All Uniform Police Personnel Killed on Duty (State/UT-wise) - 2024,2020,2024,5,2020 2021 2022 2023 2024,5,pdf_text,data/series/cii/all-uniform-police-personnel-killed-on-duty-state-ut-wise__state-ut.csv
cii/annexure-i-cases-registered-cr-cases-chargesheeted-cs-cases-convicted-cn-persons-arrested-par-persons-chargesh,cii,Human Trafficking,,"Annexure-I CASES REGISTERED(CR), CASES CHARGESHEETED(CS), CASES CONVICTED(CN), PERSONS ARRESTED(PAR), PERSONS CHARGESHEETED (PCS) & PERSONS CONVICTED (PCV) FOR TOTAL CRIMES COMMITTED UNDER CHILD TRAFFICKING* DURING 2010-2012",2010,2012,3,2010 2011 2012,5,excel,data/series/cii/annexure-i-cases-registered-cr-cases-chargesheeted-cs-cases-convicted-cn-persons-arrested-par-persons-chargesh.csv
cii/annexure-i-cases-registered-cr-policemen-chargesheeted-cs-policemen-convicted-cv-under-human-rights-violation,cii,Others,,"Annexure-I CASES REGISTERED(CR), POLICEMEN CHARGESHEETED(CS) & POLICEMEN CONVICTED(CV) UNDER HUMAN RIGHTS VIOLATION BY POLICE DURING 2010",2012,2015,2,2012 2015,3,excel,data/series/cii/annexure-i-cases-registered-cr-policemen-chargesheeted-cs-policemen-convicted-cv-under-human-rights-violation.csv
cii/annexure-i-cases-registered-under-various-crime-heads-for-atrocities-against-scs,cii,Crime against Scheduled Castes,,Annexure-I CASES REGISTERED UNDER VARIOUS CRIME HEADS FOR ATROCITIES AGAINST SCs DURING 2001,2012,2015,2,2012 2015,2,excel,data/series/cii/annexure-i-cases-registered-under-various-crime-heads-for-atrocities-against-scs.csv
cii/annexure-i-cases-registered-under-various-crime-heads-for-atrocities-against-sts,cii,Crime against Scheduled Tribes,,Annexure-I CASES REGISTERED UNDER VARIOUS CRIME HEADS FOR ATROCITIES AGAINST STs DURING 2001,2012,2015,2,2012 2015,2,excel,data/series/cii/annexure-i-cases-registered-under-various-crime-heads-for-atrocities-against-sts.csv
cii/annexure-iii-name-of-organisation-central-board-of-direct-taxes-ministry-of-finance-department-of-revenue-ara,cii,Annexures,,"ANNEXURE-III NAME OF ORGANISATION : CENTRAL BOARD OF DIRECT TAXES, MINISTRY OF FINANCE, DEPARTMENT OF REVENUE, ARA CENTRE JHANDWALAN EXTN. , NEW DELHI. . STATEMENT SHOWING DETAILS OF PROSECUTIONS UNDER THE DIRECT TAXES ENACTMENTS DURING THE FINANCIAL YEAR 2002-2003,2004-2005 STATEMENT-II",2003,2004,2,2003 2004,2,pdf_text,data/series/cii/annexure-iii-name-of-organisation-central-board-of-direct-taxes-ministry-of-finance-department-of-revenue-ara.csv
cii/annexure-iv-name-of-organisation-directorate-of-revenue-intelligence-d-block-indraprastha-bhawan-indraprastha,cii,Annexures,,"ANNEXURE-IV NAME OF ORGANISATION : DIRECTORATE OF REVENUE INTELLIGENCE, `D' BLOCK, INDRAPRASTHA BHAWAN, INDRAPRASTHA ESTATE, NEW DELHI",2006,2015,3,2006 2014 2015,3,pdf_text,data/series/cii/annexure-iv-name-of-organisation-directorate-of-revenue-intelligence-d-block-indraprastha-bhawan-indraprastha.csv
cii/annexure-v-name-of-organisation-directorate-general-of-inspection-customs-and-central-excise-d-block-i-p-bhawa,cii,Annexures,,"ANNEXURE-V NAME OF ORGANISATION : DIRECTORATE GENERAL OF INSPECTION CUSTOMS AND CENTRAL EXCISE, D BLOCK, I.P. BHAWAN, I.P. ESTATE. NEW DELHI RETURN OF CUSTOMS ACT 1962 FOR THE YEAR 2015",2004,2015,3,2004 2014 2015,3,pdf_text,data/series/cii/annexure-v-name-of-organisation-directorate-general-of-inspection-customs-and-central-excise-d-block-i-p-bhawa.csv
cii/annexure-vi-name-of-organisation-directorate-general-narcotics-control-bureau-new-delhi-narcotic-drugs-statist,cii,Annexures,,"ANNEXURE- VI NAME OF ORGANISATION: DIRECTORATE GENERAL, NARCOTICS CONTROL BUREAU, NEW DELHI. NARCOTIC DRUGS STATISTICS FOR THE YEAR 2015",2005,2015,5,2005 2006 2007 2014 2015,5,pdf_text,data/series/cii/annexure-vi-name-of-organisation-directorate-general-narcotics-control-bureau-new-delhi-narcotic-drugs-statist.csv
cii/arms-taken-away-from-police-capfs-by-anti-national-elements,cii,Crime Committed by Anti National Elements,,Arms Taken Away from Police/CAPFs by Anti National Elements - 2020,2017,2020,4,2017 2018 2019 2020,4,pdf_text,data/series/cii/arms-taken-away-from-police-capfs-by-anti-national-elements.csv
cii/arms-taken-away-from-police-capfs-by-extremists-insurgents-terrorists,cii,Crimes committed by Extremists/ Insurgents/Terrorists,,Arms Taken Away from Police/CAPFs by Extremists/ Insurgents/Terrorists -2024,2021,2024,4,2021 2022 2023 2024,4,pdf_text,data/series/cii/arms-taken-away-from-police-capfs-by-extremists-insurgents-terrorists.csv
cii/arrests-under-ipc-crimes-city-wise__city,cii,"Arrests, Convictions & Acquittals Of Persons (34 Metropolitan Cities)",city,Arrests under IPC Crimes (City-wise) - 2024,2016,2024,9,2016 2017 2018 2019 2020 2021 2022 2023 2024,16,excel pdf_text,data/series/cii/arrests-under-ipc-crimes-city-wise__city.csv
cii/arrests-under-ipc-crimes-crime-head-wise,cii,"Arrests, Convictions & Acquittals of Persons (Metropolitan Cities)",,Arrests under IPC Crimes (Crime Head-wise) - 2023,2017,2023,7,2017 2018 2019 2020 2021 2022 2023,11,pdf_text,data/series/cii/arrests-under-ipc-crimes-crime-head-wise.csv
cii/arrests-under-sll-crimes-city-wise__city,cii,"Arrests, Convictions & Acquittals Of Persons (34 Metropolitan Cities)",city,Arrests under SLL Crimes (City-wise) - 2024,2016,2024,8,2016 2018 2019 2020 2021 2022 2023 2024,16,excel pdf_text,data/series/cii/arrests-under-sll-crimes-city-wise__city.csv
cii/arrests-under-sll-crimes-crime-head-wise,cii,"Arrests, Convictions & Acquittals of Persons (States/UTs)",,Arrests under SLL Crimes (Crime Head-wise) - 2024,2017,2024,8,2017 2018 2019 2020 2021 2022 2023 2024,20,pdf_text,data/series/cii/arrests-under-sll-crimes-crime-head-wise.csv
cii/arrests-under-sll-crimes-state-ut-wise__state-ut,cii,"Arrests, Convictions & Acquittals of Persons (States/UTs)",state-ut,Arrests under SLL Crimes (State/UT-wise) - 2024,2016,2024,9,2016 2017 2018 2019 2020 2021 2022 2023 2024,9,pdf_text,data/series/cii/arrests-under-sll-crimes-state-ut-wise__state-ut.csv
cii/assam-rifles,cii,Seizures and Prosecution (Central Armed Police Forces),,Assam Rifles,2021,2023,3,2021 2022 2023,3,pdf_text,data/series/cii/assam-rifles.csv
cii/average-number-of-persons-arrested-per-case-under-ipc-and-sll-crimes,cii,Crime Survey,,Average Number of Persons Arrested per case under IPC and SLL Crimes,1995,2001,2,1995 2001,2,pdf_text pdf_vlm,data/series/cii/average-number-of-persons-arrested-per-case-under-ipc-and-sll-crimes.csv
cii/border-security-force-bsf,cii,Seizures and Prosecution (Central Armed Police Forces),,Border Security Force (BSF),2021,2023,3,2021 2022 2023,3,pdf_text,data/series/cii/border-security-force-bsf.csv
cii/border-security-force-new-delhi-proforma-1-statement-on-migration-trafficking-of-persons-and-their-nationailit,cii,Seizures by Law Enforcement Agencies,,"BORDER SECURITY FORCE, NEW DELHI PROFORMA 1 : STATEMENT ON MIGRATION/ TRAFFICKING OF PERSONS AND THEIR NATIONAILITY W.E.F. 01 JAN 2018 TO 31 DEC 2018",2017,2018,2,2017 2018,2,pdf_text,data/series/cii/border-security-force-new-delhi-proforma-1-statement-on-migration-trafficking-of-persons-and-their-nationailit.csv
cii/cases-appendix-iii-21,cii,,,CASES Appendix—III 21,1956,1959,2,1956 1959,2,pdf_vlm,data/series/cii/cases-appendix-iii-21.csv
cii/cases-of-juveniles-in-conflict-with-law-under-different-crime-heads-of-special-local-laws-sll-state-ut-wise__state-ut,cii,Juveniles in Conflict with Law,state-ut,Cases of Juveniles in Conflict with Law under Different Crime Heads of Special & Local Laws (SLL) During 2015 (State/UT-Wise),2014,2015,2,2014 2015,2,pdf_text,data/series/cii/cases-of-juveniles-in-conflict-with-law-under-different-crime-heads-of-special-local-laws-sll-state-ut-wise__state-ut.csv
cii/cases-registered-against-police-personnel,cii,Custodial Crimes & Complaints Against Police Personnel,,Cases Registered against Police Personnel - 2024,2017,2024,8,2017 2018 2019 2020 2021 2022 2023 2024,8,pdf_text,data/series/cii/cases-registered-against-police-personnel.csv
cii/cases-registered-against-police-personnel-for-human-rights-violation,cii,Custodial Crimes & Complaints Against Police Personnel,,Cases Registered against Police Personnel for Human Rights Violation - 2024,2017,2024,8,2017 2018 2019 2020 2021 2022 2023 2024,8,pdf_text,data/series/cii/cases-registered-against-police-personnel-for-human-rights-violation.csv
cii/cases-registered-and-their-disposal-by-police-and-court,cii,Crime against Scheduled Castes,,Cases registered and their disposal by Police and Court during 2012,2009,2012,2,2009 2012,72,excel,data/series/cii/cases-registered-and-their-disposal-by-police-and-court.csv
cii/cases-registered-by-grp-state-ut-wise__state-ut,cii,Crime in Railways (Government Railway Police),state-ut,Cases Registered by GRP (State/UT-wise) - 2022-2024,2017,2024,8,2017 2018 2019 2020 2021 2022 2023 2024,8,pdf_text,data/series/cii/cases-registered-by-grp-state-ut-wise__state-ut.csv
cii/cases-registered-by-railway-protection-force-state-ut-wise__state-ut,cii,Crime in Railways (Railway Protection Force),state-ut,Cases Registered by Railway Protection Force (State/UT-wise) - 2022-2024,2017,2024,8,2017 2018 2019 2020 2021 2022 2023 2024,8,pdf_text,data/series/cii/cases-registered-by-railway-protection-force-state-ut-wise__state-ut.csv
cii/cases-registered-cases-chargesheeted-cases-convicted-persons-arrested-persons-chargesheeted-and-persons-convic,cii,Indian Penal Code (IPC),,"Cases registered, cases chargesheeted, cases convicted, persons arrested, persons chargesheeted and persons convicted during 201",2008,2012,5,2008 2009 2010 2011 2012,788,excel,data/series/cii/cases-registered-cases-chargesheeted-cases-convicted-persons-arrested-persons-chargesheeted-and-persons-convic.csv
cii/cases-registered-cr-cases-chargesheeted-cs-cases-convicted-cn-persons-arrested-par-persons-chargesheeted-pcs-p,cii,Human Trafficking,,"CASES REGISTERED(CR), CASES CHARGESHEETED(CS), CASES CONVICTED(CN), PERSONS ARRESTED(PAR), PERSONS CHARGESHEETED (PCS) & PERSONS CONVICTED (PCV) UNDER SELLING OF MINOR GIRLS FOR PROSTITUTION(SEC. 372 IPC) DURING 2010-2012",2010,2012,3,2010 2011 2012,18,excel,data/series/cii/cases-registered-cr-cases-chargesheeted-cs-cases-convicted-cn-persons-arrested-par-persons-chargesheeted-pcs-p.csv
cii/cases-registered-cr-cases-chargesheeted-cs-cases-convicted-cv-persons-arrested-par-persons-chargesheeted-pcs-p,cii,IPC & SLL,,"CASES REGISTERED(CR), CASES CHARGESHEETED(CS), CASES CONVICTED(CV), PERSONS ARRESTED(PAR), PERSONS CHARGESHEETED(PCS) & PERSONS CONVICTED UNDER ATTEMPT TO COMMIT MURDER DURING 2010-2012",2008,2015,6,2008 2009 2010 2011 2012 2015,273,excel,data/series/cii/cases-registered-cr-cases-chargesheeted-cs-cases-convicted-cv-persons-arrested-par-persons-chargesheeted-pcs-p.csv
cii/cases-registered-cr-policemen-chargesheeted-cs-policemen-convicted-cv-under-human-rights-violation-by-police,cii,Others,,"CASES REGISTERED(CR), POLICEMEN CHARGESHEETED(CS) & POLICEMEN CONVICTED(CV) UNDER HUMAN RIGHTS VIOLATION BY POLICE DURING 2011",2012,2015,2,2012 2015,4,excel,data/series/cii/cases-registered-cr-policemen-chargesheeted-cs-policemen-convicted-cv-under-human-rights-violation-by-police.csv
cii/cases-registered-for-seizure-of-fake-indian-currency-notes-ficn,cii,Seizures by State/UT Police,,Cases Registered for Seizure of Fake Indian Currency Notes (FICN) - 2020,2016,2020,5,2016 2017 2018 2019 2020,6,pdf_text,data/series/cii/cases-registered-for-seizure-of-fake-indian-currency-notes-ficn.csv
cii/cases-registered-for-various-crimes-against-children,cii,Crime against Children,,CASES REGISTERED FOR VARIOUS CRIMES AGAINST CHILDREN DURING 2001,2012,2015,2,2012 2015,27,excel,data/series/cii/cases-registered-for-various-crimes-against-children.csv
cii/cases-registered-for-various-crimes-against-women,cii,Crime against Women,,CASES REGISTERED FOR VARIOUS CRIMES AGAINST WOMEN DURING 2001,2012,2015,2,2012 2015,24,excel,data/series/cii/cases-registered-for-various-crimes-against-women.csv
cii/cases-registered-under-cyber-crimes-by-motive-and-suspect-state-ut-wise__state-ut,cii,Cyber Crimes,state-ut,Cases Registered under Cyber Crimes by Motive and Suspect (State & UT-wise),2002,2003,2,2002 2003,2,pdf_text,data/series/cii/cases-registered-under-cyber-crimes-by-motive-and-suspect-state-ut-wise__state-ut.csv
cii/cases-registered-under-cyber-crimes-by-motives-and-suspects-states-uts__state-ut,cii,Cyber Crimes,state-ut,Cases Registered Under Cyber Crimes By Motives and Suspects (States & UTs),2005,2013,9,2005 2006 2007 2008 2009 2010 2011 2012 2013,9,pdf_text,data/series/cii/cases-registered-under-cyber-crimes-by-motives-and-suspects-states-uts__state-ut.csv
cii/cases-registered-under-ipc-crimes,cii,IPC & SLL,,CASES REGISTERED UNDER IPC CRIMES DURING 2001,2012,2015,2,2012 2015,27,excel,data/series/cii/cases-registered-under-ipc-crimes.csv
cii/cases-registered-under-rape-section-wise,cii,Crime Against Women (States/UTs),,Cases Registered under Rape (Section-wise) - 2024,2017,2024,8,2017 2018 2019 2020 2021 2022 2023 2024,8,pdf_text,data/series/cii/cases-registered-under-rape-section-wise.csv
cii/cases-registered-under-sll-crimes,cii,IPC & SLL,,CASES REGISTERED UNDER SLL CRIMES DURING 2001,2012,2015,2,2012 2015,27,excel,data/series/cii/cases-registered-under-sll-crimes.csv
cii/cases-registered-under-various-crime-heads-for-atrocities-against-scs,cii,Crime against SCs & STs,,CASES REGISTERED UNDER VARIOUS CRIME HEADS FOR ATROCITIES AGAINST SCs DURING 2002,2012,2015,2,2012 2015,21,excel,data/series/cii/cases-registered-under-various-crime-heads-for-atrocities-against-scs.csv
cii/cases-registered-under-various-crime-heads-for-atrocities-against-sts,cii,Crime against Scheduled Tribes,,CASES REGISTERED UNDER VARIOUS CRIME HEADS FOR ATROCITIES AGAINST STs DURING 2002,2012,2015,2,2012 2015,23,excel,data/series/cii/cases-registered-under-various-crime-heads-for-atrocities-against-sts.csv
cii/cases-reported-and-persons-arrested-under-cyber-crime-and-their-percentage-variation-state-ut-wise__state-ut,cii,Cyber Crimes,state-ut,Cases Reported and Persons Arrested under Cyber Crime And Their Percentage Variation in 2015 Over 2014 (State/UT-Wise),2014,2015,2,2014 2015,2,pdf_text,data/series/cii/cases-reported-and-persons-arrested-under-cyber-crime-and-their-percentage-variation-state-ut-wise__state-ut.csv
cii/cases-reported-and-property-stolen-by-place-of-occurrence,cii,Property Stolen and Recovered (States/UTs),,Cases Reported and Property Stolen by Place of Occurrence - 2024,2017,2024,8,2017 2018 2019 2020 2021 2022 2023 2024,8,pdf_text,data/series/cii/cases-reported-and-property-stolen-by-place-of-occurrence.csv
cii/cases-reported-under-local-and-special-laws,cii,Crime Survey,,Cases Reported under Local and Special Laws During 1982 to 1986,1969,1986,9,1969 1971 1972 1973 1975 1982 1983 1985 1986,11,pdf_vlm,data/series/cii/cases-reported-under-local-and-special-laws.csv
cii/cases-reported-under-local-special-laws,cii,Crime Survey,,Cases Reported under Local & Special Laws During the Year 1987,1975,1987,8,1975 1977 1978 1979 1980 1984 1986 1987,10,pdf_vlm,data/series/cii/cases-reported-under-local-special-laws.csv
cii/cattle-theft-40,cii,,,CATTLE THEFT— 40,1956,1959,2,1956 1959,2,pdf_vlm,data/series/cii/cattle-theft-40.csv
cii/central-board-of-direct-taxes-cbdt,cii,Seizures and Prosecution (Central Law Enforcement Agencies),,Central Board of Direct Taxes (CBDT),2022,2023,2,2022 2023,2,pdf_text,data/series/cii/central-board-of-direct-taxes-cbdt.csv
cii/central-bureau-of-indirect-taxes-customs,cii,Seizures And Prosecution (Central Law Enforcement Agencies),,Central Bureau of Indirect Taxes & Customs,2021,2023,3,2021 2022 2023,3,pdf_text,data/series/cii/central-bureau-of-indirect-taxes-customs.csv
cii/central-bureau-of-investigation-cbi,cii,Seizures And Prosecution (Central Law Enforcement Agencies),,Central Bureau of Investigation (CBI),2021,2022,2,2021 2022,2,pdf_text,data/series/cii/central-bureau-of-investigation-cbi.csv
cii/central-bureau-of-investigation-new-delhi-seizures-of-drugs-fake-indian-currency-explosives-wildlife-etc,cii,Seizures by Law Enforcement Agencies,,"CENTRAL BUREAU OF INVESTIGATION, NEW DELHI SEIZURES OF DRUGS, FAKE INDIAN CURRENCY, EXPLOSIVES, WILDLIFE ETC. - 2018",2017,2018,2,2017 2018,2,pdf_text,data/series/cii/central-bureau-of-investigation-new-delhi-seizures-of-drugs-fake-indian-currency-explosives-wildlife-etc.csv
cii/central-industrial-security-force-cisf,cii,Seizures and Prosecution (Central Armed Police Forces),,Central Industrial Security Force (CISF),2021,2023,3,2021 2022 2023,3,pdf_text,data/series/cii/central-industrial-security-force-cisf.csv
cii/central-industrial-security-force-new-delhi-proforma-1-statement-on-migration-trafficking-of-persons-and-their,cii,Seizures by Law Enforcement Agencies,,"CENTRAL INDUSTRIAL SECURITY FORCE, NEW DELHI PROFORMA 1 : STATEMENT ON MIGRATION/ TRAFFICKING OF PERSONS AND THEIR NATIONAILITY -2018",2017,2018,2,2017 2018,2,pdf_text,data/series/cii/central-industrial-security-force-new-delhi-proforma-1-statement-on-migration-trafficking-of-persons-and-their.csv
cii/central-reserve-police-force-crpf,cii,Seizures and Prosecution (Central Armed Police Forces),,Central Reserve Police Force (CRPF),2021,2023,3,2021 2022 2023,3,pdf_text,data/series/cii/central-reserve-police-force-crpf.csv
cii/central-reserve-police-force-new-delhi-seizures-of-drugs-fake-indian-currency-foreign-currency-explosives-wild,cii,Seizures by Law Enforcement Agencies,,"CENTRAL RESERVE POLICE FORCE, NEW DELHI SEIZURES OF DRUGS, FAKE INDIAN CURRENCY/FOREIGN CURRENCY, EXPLOSIVES & WILDLIFE etc.-2018",2017,2018,2,2017 2018,2,pdf_text,data/series/cii/central-reserve-police-force-new-delhi-seizures-of-drugs-fake-indian-currency-foreign-currency-explosives-wild.csv
cii/chapter,cii,,,Chapter,1954,1957,3,1954 1955 1957,3,pdf_vlm,data/series/cii/chapter.csv
cii/chargesheeting-rate-of-ipc-crimes-state-ut-wise-crime-head-wise,cii,Disposal of Cases by Police & Courts,,"Chargesheeting Rate of IPC Crimes (State, UT-wise, Crime Head-wise)",2003,2013,9,2003 2004 2005 2006 2007 2008 2010 2011 2013,9,pdf_text,data/series/cii/chargesheeting-rate-of-ipc-crimes-state-ut-wise-crime-head-wise.csv
cii/chargesheeting-rate-of-sll-crimes-state-ut-wise-crime-head-wise,cii,Disposal of Cases by Police & Courts,,"Chargesheeting Rate of SLL Crimes (State, UT-wise, Crime Head-wise",2003,2013,9,2003 2004 2005 2006 2007 2008 2010 2011 2013,9,pdf_text,data/series/cii/chargesheeting-rate-of-sll-crimes-state-ut-wise-crime-head-wise.csv
cii/cheating-56,cii,,,CHEATING— 56,1959,1960,2,1959 1960,2,pdf_vlm,data/series/cii/cheating-56.csv
cii/cheating-sl-no-state,cii,,,CHEATING Sl. No. State,1959,1963,2,1959 1963,2,pdf_vlm,data/series/cii/cheating-sl-no-state.csv
cii/cheating-union-territories-cities__city,cii,,city,CHEATING- Union Territories Cities,1956,1958,3,1956 1957 1958,4,pdf_vlm,data/series/cii/cheating-union-territories-cities__city.csv
cii/child-victims-of-kidnapping-abduction-gender-age-group-wise-city-wise__city,cii,Kidnapping & Abduction (34 Metropolitan Cities),city,Child Victims of Kidnapping & Abduction (Gender & Age Group-wise) (City-wise) - 2024,2022,2024,3,2022 2023 2024,6,excel pdf_text,data/series/cii/child-victims-of-kidnapping-abduction-gender-age-group-wise-city-wise__city.csv
cii/child-victims-of-kidnapping-abduction-gender-age-group-wise-in-metropolitan-cities__city,cii,Kidnapping & Abduction (34 Metropolitan Cities),city,Child Victims of Kidnapping & Abduction (Gender & Age Group-wise) in Metropolitan Cities - 2021,2020,2021,2,2020 2021,3,excel pdf_text,data/series/cii/child-victims-of-kidnapping-abduction-gender-age-group-wise-in-metropolitan-cities__city.csv
cii/child-victims-of-kidnapping-abduction-gender-age-group-wise-state-ut-wise__state-ut,cii,Violent Crimes – Kidnapping & Abduction (States/UTs),state-ut,Child Victims of Kidnapping & Abduction (Gender & Age Group-wise) (State/UT-wise) - 2024,2021,2024,4,2021 2022 2023 2024,4,pdf_text,data/series/cii/child-victims-of-kidnapping-abduction-gender-age-group-wise-state-ut-wise__state-ut.csv
cii/child-victims-of-kidnapping-abduction-metropolitan-cities-gender-age-group-wise-sec-363-to-369-ipc__city,cii,Kidnapping & Abduction (34 Metropolitan Cities),city,Child Victims of Kidnapping & Abduction (Metropolitan Cities)(Gender & Age Group-wise)- 2018 (Sec.363 to 369 IPC),2017,2018,2,2017 2018,3,pdf_text,data/series/cii/child-victims-of-kidnapping-abduction-metropolitan-cities-gender-age-group-wise-sec-363-to-369-ipc__city.csv
cii/child-victims-of-kidnapping-abduction-state-ut-wise-sec-363-to-369-ipc__state-ut,cii,Violent Crimes – Kidnapping & Abduction (States/UTs),state-ut,Child Victims of Kidnapping & Abduction (State/UT-wise) - 2019 (Sec.363 to 369 IPC),2016,2019,4,2016 2017 2018 2019,4,pdf_text,data/series/cii/child-victims-of-kidnapping-abduction-state-ut-wise-sec-363-to-369-ipc__state-ut.csv
cii/child-victims-recovery-of-kidnapped-and-abducted-persons-gender-age-group-wise,cii,Violent Crimes – Kidnapping & Abduction (States/UTs),,Child Victims - Recovery of Kidnapped and Abducted Persons (Gender & Age Group-wise) – 2019,2016,2019,4,2016 2017 2018 2019,4,pdf_text,data/series/cii/child-victims-recovery-of-kidnapped-and-abducted-persons-gender-age-group-wise.csv
cii/child-victims-recovery-of-kidnapped-and-abducted-persons-in-metropolitan-cities-gender-age-group-wise__city,cii,Kidnapping & Abduction (34 Metropolitan Cities),city,Child Victims - Recovery of Kidnapped and Abducted Persons in Metropolitan Cities (Gender & Age Group-wise) – 2018,2017,2018,2,2017 2018,3,pdf_text,data/series/cii/child-victims-recovery-of-kidnapped-and-abducted-persons-in-metropolitan-cities-gender-age-group-wise__city.csv
cii/cities__city,cii,Crime Survey,city,CITIES,1959,2002,9,1959 1963 1971 1973 1974 1982 1983 2001 2002,20,pdf_text pdf_vlm,data/series/cii/cities__city.csv
cii/city-wise-cases-and-persons-disposal-under-crimes-against-foreigners__city,cii,Mega City,city,City-wise Cases and Persons Disposal under Crimes against Foreigners during 2024,2020,2024,5,2020 2021 2022 2023 2024,5,excel,data/series/cii/city-wise-cases-and-persons-disposal-under-crimes-against-foreigners__city.csv
cii/city-wise-cases-and-persons-disposal-under-crimes-by-foreigners__city,cii,Mega City,city,City-wise Cases and Persons Disposal under Crimes by Foreigners during 2024,2020,2024,5,2020 2021 2022 2023 2024,5,excel,data/series/cii/city-wise-cases-and-persons-disposal-under-crimes-by-foreigners__city.csv
cii/city-wise-cases-and-persons-disposal-under-cyber-crimes-against-children__city,cii,Mega City,city,City-wise Cases and Persons Disposal under Cyber ​​Crimes against Children during 2024,2020,2024,5,2020 2021 2022 2023 2024,5,excel,data/series/cii/city-wise-cases-and-persons-disposal-under-cyber-crimes-against-children__city.csv
cii/city-wise-cases-and-persons-disposal-under-cyber-crimes-against-women__city,cii,Mega City,city,City-wise Cases and Persons Disposal under Cyber ​​Crimes against Women during 2024,2020,2024,5,2020 2021 2022 2023 2024,5,excel,data/series/cii/city-wise-cases-and-persons-disposal-under-cyber-crimes-against-women__city.csv
cii/city-wise-cases-registered-156-3-under-crimes-against-children__city,cii,Mega City,city,City-wise Cases Registered 156_3 under Crimes against Children during 2023,2019,2023,5,2019 2020 2021 2022 2023,5,excel,data/series/cii/city-wise-cases-registered-156-3-under-crimes-against-children__city.csv
cii/city-wise-cases-registered-156-3-under-crimes-against-scs__city,cii,Mega City,city,City-wise Cases Registered 156_3 under Crimes against SCs during 2023,2019,2023,5,2019 2020 2021 2022 2023,5,excel,data/series/cii/city-wise-cases-registered-156-3-under-crimes-against-scs__city.csv
cii/city-wise-cases-registered-156-3-under-crimes-against-sr-citizen__city,cii,Mega City,city,City-wise Cases Registered 156_3 under Crimes against Sr Citizen during 2023,2019,2023,5,2019 2020 2021 2022 2023,5,excel,data/series/cii/city-wise-cases-registered-156-3-under-crimes-against-sr-citizen__city.csv
cii/city-wise-cases-registered-156-3-under-crimes-against-sts__city,cii,Mega City,city,City-wise Cases Registered 156_3 under Crimes against STs during 2023,2019,2023,5,2019 2020 2021 2022 2023,5,excel,data/series/cii/city-wise-cases-registered-156-3-under-crimes-against-sts__city.csv
cii/city-wise-cases-registered-156-3-under-crimes-against-women__city,cii,Mega City,city,City-wise Cases Registered 156_3 under Crimes against Women during 2023,2019,2023,5,2019 2020 2021 2022 2023,5,excel,data/series/cii/city-wise-cases-registered-156-3-under-crimes-against-women__city.csv
cii/city-wise-cases-registered-156-3-under-ipc__city,cii,Mega City,city,City-wise Cases Registered 156_3 under IPC during 2023,2019,2023,5,2019 2020 2021 2022 2023,5,excel,data/series/cii/city-wise-cases-registered-156-3-under-ipc__city.csv
cii/city-wise-cases-registered-156-3-under-sll__city,cii,Mega City,city,City-wise Cases Registered 156_3 under SLL during 2023,2019,2023,5,2019 2020 2021 2022 2023,5,excel,data/series/cii/city-wise-cases-registered-156-3-under-sll__city.csv
cii/city-wise-complaints-against-police-personnel__city,cii,Mega City,city,City-wise Complaints against Police Personnel during 2024,2020,2024,5,2020 2021 2022 2023 2024,5,excel,data/series/cii/city-wise-complaints-against-police-personnel__city.csv
cii/city-wise-foreign-victims-under-ipc-sll__city,cii,Mega City,city,City-wise Foreign Victims under IPC & SLL during 2023,2020,2023,4,2020 2021 2022 2023,4,excel,data/series/cii/city-wise-foreign-victims-under-ipc-sll__city.csv
cii/city-wise-foreigners-arrested-under-ipc-sll__city,cii,Mega City,city,City-wise Foreigners Arrested under IPC & SLL during 2023,2020,2023,4,2020 2021 2022 2023,4,excel,data/series/cii/city-wise-foreigners-arrested-under-ipc-sll__city.csv
cii/city-wise-incidence-of-cognizable-crimes-ipc__city,cii,Executive Summary,city,City-wise Incidence of Cognizable Crimes (IPC),1994,2013,19,1994 1995 1996 1997 1998 1999 2001 2002 2003 2004 2005 2006 2007 2008 2009 2010 2011 2012 2013,19,pdf_text pdf_vlm,data/series/cii/city-wise-incidence-of-cognizable-crimes-ipc__city.csv
cii/city-wise-incidence-of-cognizable-crimes-ipc-cities-having-population-of-5-lakhs-or-more__city,cii,Crime Survey,city,City-wise Incidence of Cognizable Crimes (IPC) During 1992 (Cities having Population of 5 Lakhs or more),1988,1992,5,1988 1989 1990 1991 1992,5,pdf_vlm,data/series/cii/city-wise-incidence-of-cognizable-crimes-ipc-cities-having-population-of-5-lakhs-or-more__city.csv
cii/city-wise-nature-wise-property-stolen-and-recovered__city,cii,Mega City,city,City-wise Nature-wise Property Stolen and Recovered during 2024,2020,2024,5,2020 2021 2022 2023 2024,5,excel,data/series/cii/city-wise-nature-wise-property-stolen-and-recovered__city.csv
cii/city-wise-persons-arrested-under-cyber-crimes__city,cii,Mega City,city,City-wise Persons Arrested under Cyber ​​Crimes during 2024,2019,2024,6,2019 2020 2021 2022 2023 2024,6,excel,data/series/cii/city-wise-persons-arrested-under-cyber-crimes__city.csv
cii/city-wise-persons-disposal-under-crimes-against-children__city,cii,Mega City,city,City-wise Persons Disposal under Crimes against Children during 2024,2019,2024,6,2019 2020 2021 2022 2023 2024,8,excel,data/series/cii/city-wise-persons-disposal-under-crimes-against-children__city.csv
cii/city-wise-persons-disposal-under-crimes-against-scs__city,cii,Mega City,city,City-wise Persons Disposal under Crimes against SCs during 2024,2020,2024,5,2020 2021 2022 2023 2024,5,excel,data/series/cii/city-wise-persons-disposal-under-crimes-against-scs__city.csv
cii/city-wise-persons-disposal-under-crimes-against-senior-citizen__city,cii,Mega City,city,City-wise Persons Disposal under Crimes against Senior Citizen during 2024,2019,2024,6,2019 2020 2021 2022 2023 2024,8,excel,data/series/cii/city-wise-persons-disposal-under-crimes-against-senior-citizen__city.csv
cii/city-wise-persons-disposal-under-crimes-against-sts__city,cii,Mega City,city,City-wise Persons Disposal under Crimes against STs during 2024,2020,2024,5,2020 2021 2022 2023 2024,5,excel,data/series/cii/city-wise-persons-disposal-under-crimes-against-sts__city.csv
cii/city-wise-persons-disposal-under-crimes-against-women__city,cii,Mega City,city,City-wise Persons Disposal under Crimes against Women during 2024,2020,2024,5,2020 2021 2022 2023 2024,5,excel,data/series/cii/city-wise-persons-disposal-under-crimes-against-women__city.csv
cii/city-wise-persons-disposal-under-cyber-crimes__city,cii,Mega City,city,City-wise Persons Disposal under Cyber ​​Crimes during 2024,2020,2024,5,2020 2021 2022 2023 2024,5,excel,data/series/cii/city-wise-persons-disposal-under-cyber-crimes__city.csv
cii/city-wise-persons-disposal-under-ipc-crimes__city,cii,Mega City,city,City-wise Persons Disposal under IPC Crimes during 2023,2019,2023,5,2019 2020 2021 2022 2023,7,excel,data/series/cii/city-wise-persons-disposal-under-ipc-crimes__city.csv
cii/city-wise-persons-disposal-under-sll-crimes__city,cii,Mega City,city,City-wise Persons Disposal under SLL Crimes during 2024,2019,2024,6,2019 2020 2021 2022 2023 2024,8,excel,data/series/cii/city-wise-persons-disposal-under-sll-crimes__city.csv
cii/city-wise-place-of-occurance-wise-property-stolen-and-recovered__city,cii,Mega City,city,City-wise Place of Occurance-wise Property Stolen and Recovered during 2021,2020,2021,2,2020 2021,2,excel,data/series/cii/city-wise-place-of-occurance-wise-property-stolen-and-recovered__city.csv
cii/city-wise-place-of-occurrence-wise-property-stolen-and-recovered__city,cii,Mega City,city,City-wise Place of Occurrence-wise Property Stolen and Recovered during 2024,2022,2024,3,2022 2023 2024,3,excel,data/series/cii/city-wise-place-of-occurrence-wise-property-stolen-and-recovered__city.csv
cii/city-wise-property-stolen-and-recovered__city,cii,Mega City,city,City-wise Property Stolen and Recovered during 2024,2020,2024,5,2020 2021 2022 2023 2024,5,excel,data/series/cii/city-wise-property-stolen-and-recovered__city.csv
cii/city-wise-rank-wise-police-personnel-injured-on-duty__city,cii,Mega City,city,City-wise Rank-wise Police Personnel Injured on Duty during 2024,2020,2024,5,2020 2021 2022 2023 2024,5,excel,data/series/cii/city-wise-rank-wise-police-personnel-injured-on-duty__city.csv
cii/city-wise-rank-wise-police-personnel-killed-on-duty__city,cii,Mega City,city,City-wise Rank-wise Police Personnel Killed on Duty during 2024,2020,2024,5,2020 2021 2022 2023 2024,5,excel,data/series/cii/city-wise-rank-wise-police-personnel-killed-on-duty__city.csv
cii/city-wise-seizures-under-ndps-act__city,cii,Mega City,city,City-wise Seizures under NDPS Act during 2024,2020,2024,5,2020 2021 2022 2023 2024,5,excel,data/series/cii/city-wise-seizures-under-ndps-act__city.csv
cii/city-wise-violent-crimes-incidence-crime-rate__city,cii,Violent Crimes,city,City-wise Violent Crimes (Incidence & Crime Rate) – 2022-2024,2017,2024,8,2017 2018 2019 2020 2021 2022 2023 2024,12,excel pdf_text,data/series/cii/city-wise-violent-crimes-incidence-crime-rate__city.csv
cii/city-wise-weapontype-wise-seizure-of-ammunition__city,cii,Mega City,city,City-wise WeaponType-wise Seizure of Ammunition during 2024,2021,2024,4,2021 2022 2023 2024,4,excel,data/series/cii/city-wise-weapontype-wise-seizure-of-ammunition__city.csv
cii/city-wise-weapontype-wise-seizure-of-arms__city,cii,Mega City,city,City-wise WeaponType-wise Seizure of Arms during 2024,2021,2024,4,2021 2022 2023 2024,4,excel,data/series/cii/city-wise-weapontype-wise-seizure-of-arms__city.csv
cii/civilians-injured-during-police-operations,cii,Injuries & Causalities of Police & Civilians and Incidents of Police Firing/Lathi-charge,,Civilians Injured during Police Operations - 2019,2017,2019,3,2017 2018 2019,4,pdf_text,data/series/cii/civilians-injured-during-police-operations.csv
cii/civilians-injured-during-police-operations-state-ut-wise__state-ut,cii,Injuries & Causalities of Police & Civilians and Incidents of Police Firing/Lathi-charge,state-ut,Civilians Injured during Police Operations (State/UT-wise) - 2024,2020,2024,5,2020 2021 2022 2023 2024,5,pdf_text,data/series/cii/civilians-injured-during-police-operations-state-ut-wise__state-ut.csv
cii/civilians-killed-during-police-operations,cii,Injuries & Causalities of Police & Civilians and Incidents of Police Firing/Lathi-charge,,Civilians Killed during Police Operations – 2019,2017,2019,3,2017 2018 2019,3,pdf_text,data/series/cii/civilians-killed-during-police-operations.csv
cii/civilians-killed-during-police-operations-state-ut-wise__state-ut,cii,Injuries & Causalities of Police & Civilians and Incidents of Police Firing/Lathi-charge,state-ut,Civilians Killed during Police Operations (State/UT-wise) - 2024,2020,2024,5,2020 2021 2022 2023 2024,5,pdf_text,data/series/cii/civilians-killed-during-police-operations-state-ut-wise__state-ut.csv
cii/civilians-killed-or-injured-state-ut-wise__state-ut,cii,Police Casualties,state-ut,Civilians Killed or Injured During 2015 (State & UT-Wise),2014,2015,2,2014 2015,2,pdf_text,data/series/cii/civilians-killed-or-injured-state-ut-wise__state-ut.csv
cii/classification-of-juveniles-apprehended-under-ipc-sll-crimes-by-various-attributes-state-ut-wise__state-ut,cii,Juveniles in Conflict with Law,state-ut,Classification of Juveniles Apprehended under IPC & SLL Crimes by Various Attributes During 2015(State/UT-Wise),2014,2015,2,2014 2015,2,pdf_text,data/series/cii/classification-of-juveniles-apprehended-under-ipc-sll-crimes-by-various-attributes-state-ut-wise__state-ut.csv
cii/classification-of-juveniles-arrested-under-ipc-and-sll-by-attributes-state-ut-city-wise__state-ut-city,cii,Crime Survey,state-ut-city,"Classification Of Juveniles Arrested (Under IPC and SLL) By Attributes During 1998 (State, UT & City-Wise)",1995,1998,3,1995 1997 1998,3,pdf_vlm,data/series/cii/classification-of-juveniles-arrested-under-ipc-and-sll-by-attributes-state-ut-city-wise__state-ut-city.csv
cii/classification-of-juveniles-arrested-under-ipc-lsl-by-attributes-state-ut-city-wise__state-ut-city,cii,Crime Survey,state-ut-city,"Classification of Juveniles Arrested (under IPC & LSL) by Attributes During 1991 (State, UT & City-Wise)",1988,1991,4,1988 1989 1990 1991,4,pdf_vlm,data/series/cii/classification-of-juveniles-arrested-under-ipc-lsl-by-attributes-state-ut-city-wise__state-ut-city.csv
cii/classification-of-juveniles-arrested-under-ipc-sll-by-attributes-state-ut-city-wise__state-ut-city,cii,Crime Survey,state-ut-city,"Classification of Juveniles Arrested (Under IPC & SLL) by Attributes During 1999 (State, UT & City-Wise)",1994,1999,2,1994 1999,2,pdf_vlm,data/series/cii/classification-of-juveniles-arrested-under-ipc-sll-by-attributes-state-ut-city-wise__state-ut-city.csv
cii/classification-of-juveniles-arrested-under-ipc-sll-crimes-by-attributes-state-ut-wise__state-ut,cii,Juveniles in Conflict with Law,state-ut,Classification of Juveniles Arrested (under IPC & SLL Crimes) by Attributes (State & UT-wise),2002,2013,12,2002 2003 2004 2005 2006 2007 2008 2009 2010 2011 2012 2013,13,pdf_text,data/series/cii/classification-of-juveniles-arrested-under-ipc-sll-crimes-by-attributes-state-ut-wise__state-ut.csv
cii/comparative-incidence-of-cognizable-crimes-ipc-under-different-crime-heads-and-percentage-variation-over-previ,cii,Executive Summary,,"Comparative Incidence of Cognizable Crimes (IPC) under Different Crime Heads and Percentage Variation over Previous Year (State,",2001,2013,11,2001 2003 2004 2005 2006 2007 2008 2009 2010 2011 2013,11,pdf_text,data/series/cii/comparative-incidence-of-cognizable-crimes-ipc-under-different-crime-heads-and-percentage-variation-over-previ.csv
cii/comparative-incidence-of-cognizable-crimes-sll-under-different-crime-heads-and-percentage-variation-state-ut-c__state-ut-city,cii,Executive Summary,state-ut-city,"Comparative Incidence of Cognizable Crimes (SLL) under Different Crime Heads and Percentage Variation over 2001 (State, UT & City-wise)",2001,2002,2,2001 2002,2,pdf_text,data/series/cii/comparative-incidence-of-cognizable-crimes-sll-under-different-crime-heads-and-percentage-variation-state-ut-c__state-ut-city.csv
cii/complaints-cases-registered-against-police-personnel,cii,Crime Survey,,Complaints / Cases Registered Against Police Personnel During 1999,1996,1999,4,1996 1997 1998 1999,4,pdf_vlm,data/series/cii/complaints-cases-registered-against-police-personnel.csv
cii/complaints-cases-registered-against-police-personnel-state-ut-wise__state-ut,cii,Complaints against Police Personnel & Human Rights Violation by Them,state-ut,Complaints/Cases Registered Against Police Personnel During 2015 (State/UT-wise),2001,2015,15,2001 2002 2003 2004 2005 2006 2007 2008 2009 2010 2011 2012 2013 2014 2015,15,pdf_text,data/series/cii/complaints-cases-registered-against-police-personnel-state-ut-wise__state-ut.csv
cii/conviction-rate-of-ipc-crimes-state-ut-wise-crime-head-wise__state-ut,cii,Disposal of Cases by Police & Courts,state-ut,"Conviction Rate of IPC Crimes (State & UT-wise, Crime Head-wise)",2001,2013,11,2001 2002 2003 2004 2005 2006 2007 2008 2010 2011 2013,11,pdf_text,data/series/cii/conviction-rate-of-ipc-crimes-state-ut-wise-crime-head-wise__state-ut.csv
cii/conviction-rate-of-sll-crimes-state-ut-wise-crime-head-wise,cii,Disposal of Cases by Police & Courts,,"Conviction Rate of SLL Crimes (State, UT-wise, Crime Head-wise)",2002,2013,10,2002 2003 2004 2005 2006 2007 2008 2010 2011 2013,10,pdf_text,data/series/cii/conviction-rate-of-sll-crimes-state-ut-wise-crime-head-wise.csv
cii/counterfeiting-62,cii,,,COUNTERFEITING 62,1959,1960,2,1959 1960,2,pdf_vlm,data/series/cii/counterfeiting-62.csv
cii/country-wise-crimes-committed-by-foreigners-crime-head-wise,cii,Crime Committed by Foreigners,,Country-wise Crimes Committed by Foreigners (Crime Head-wise) - 2024,2019,2024,6,2019 2020 2021 2022 2023 2024,6,pdf_text,data/series/cii/country-wise-crimes-committed-by-foreigners-crime-head-wise.csv
cii/country-wise-crimes-committed-by-foreigners-crimehead-wise,cii,Crime Committed by Foreigners,,Country-wise Crimes Committed by Foreigners (Crimehead-wise) - 2018,2017,2018,2,2017 2018,2,pdf_text,data/series/cii/country-wise-crimes-committed-by-foreigners-crimehead-wise.csv
cii/country-wise-foreign-victims-crime-head-wise,cii,Crime against Foreigners,,Country-wise Foreign Victims (Crime Head-wise) - 2024,2019,2024,6,2019 2020 2021 2022 2023 2024,6,pdf_text,data/series/cii/country-wise-foreign-victims-crime-head-wise.csv
cii/country-wise-foreign-victims-crimehead-wise,cii,Crime against Foreigners,,Country-wise Foreign Victims (Crimehead-wise) - 2018,2017,2018,2,2017 2018,2,pdf_text,data/series/cii/country-wise-foreign-victims-crimehead-wise.csv
cii/court-disposal-of-anti-corruption-bureau-vigilance-and-lok-adalat-cases-state-ut-wise__state-ut,cii,Corruption Offences (States/UTs),state-ut,"Court Disposal of Anti-Corruption Bureau, Vigilance and Lok Adalat Cases (State/UT-wise) -2024",2017,2024,8,2017 2018 2019 2020 2021 2022 2023 2024,8,pdf_text,data/series/cii/court-disposal-of-anti-corruption-bureau-vigilance-and-lok-adalat-cases-state-ut-wise__state-ut.csv
cii/court-disposal-of-crime-against-children-cases-city-wise__city,cii,Crime Against Children (Metropolitan Cities),city,Court Disposal of Crime Against Children Cases (City-wise) – 2024,2016,2024,9,2016 2017 2018 2019 2020 2021 2022 2023 2024,17,excel pdf_text,data/series/cii/court-disposal-of-crime-against-children-cases-city-wise__city.csv
cii/court-disposal-of-crime-against-children-cases-crime-head-wise,cii,Crime Against Children (States/UTs),,Court Disposal of Crime Against Children Cases (Crime Head-wise) - 2024,2016,2024,9,2016 2017 2018 2019 2020 2021 2022 2023 2024,22,pdf_text,data/series/cii/court-disposal-of-crime-against-children-cases-crime-head-wise.csv
cii/court-disposal-of-crime-against-children-cases-state-ut-wise__state-ut,cii,Crime Against Children (States/UTs),state-ut,Court Disposal of Crime Against Children Cases (State/UT-wise) – 2024,2016,2024,9,2016 2017 2018 2019 2020 2021 2022 2023 2024,9,pdf_text,data/series/cii/court-disposal-of-crime-against-children-cases-state-ut-wise__state-ut.csv
cii/court-disposal-of-crime-against-children-crime-head-wise-in-metropolitan-cities__city,cii,Crime Against Children (34 Metropolitan Cities),city,Court Disposal of Crime against Children (Crime Head-wise) in Metropolitan Cities - 2024,2020,2024,3,2020 2021 2024,8,excel,data/series/cii/court-disposal-of-crime-against-children-crime-head-wise-in-metropolitan-cities__city.csv
cii/court-disposal-of-crime-against-foreigners-cases-crime-head-wise,cii,Crime against Foreigners,,Court Disposal of Crime against Foreigners Cases (Crime Head-wise) – 2024,2016,2024,9,2016 2017 2018 2019 2020 2021 2022 2023 2024,9,pdf_text,data/series/cii/court-disposal-of-crime-against-foreigners-cases-crime-head-wise.csv
cii/court-disposal-of-crime-against-senior-citizen-cases-crime-head-wise,cii,Crime Against Senior Citizen (Metropolitan Cities),,Court Disposal of Crime Against Senior Citizen Cases (Crime Head-wise) -2024,2017,2024,8,2017 2018 2019 2020 2021 2022 2023 2024,23,excel pdf_text,data/series/cii/court-disposal-of-crime-against-senior-citizen-cases-crime-head-wise.csv
cii/court-disposal-of-crime-against-senior-citizen-cases-state-ut-wise__state-ut,cii,Crime Against Senior Citizens (States/UTs),state-ut,Court Disposal of Crime Against Senior Citizen Cases (State/UT-wise) -2024,2017,2024,8,2017 2018 2019 2020 2021 2022 2023 2024,8,pdf_text,data/series/cii/court-disposal-of-crime-against-senior-citizen-cases-state-ut-wise__state-ut.csv
cii/court-disposal-of-crime-against-senior-citizen-city-wise__city,cii,Crime Against Senior Citizen (Metropolitan Cities),city,Court Disposal of Crime Against Senior Citizen (City-wise) -2024,2017,2024,8,2017 2018 2019 2020 2021 2022 2023 2024,15,excel pdf_text,data/series/cii/court-disposal-of-crime-against-senior-citizen-city-wise__city.csv
cii/court-disposal-of-crime-against-women-cases-city-wise__city,cii,Crime Against Women (Metropolitan Cities),city,Court Disposal of Crime Against Women Cases (City-wise) – 2024,2016,2024,9,2016 2017 2018 2019 2020 2021 2022 2023 2024,17,excel pdf_text,data/series/cii/court-disposal-of-crime-against-women-cases-city-wise__city.csv
cii/court-disposal-of-crime-against-women-cases-crime-head-wise,cii,Crime Against Women (States/UTs),,Court Disposal of Crime Against Women Cases (Crime Head-wise) - 2024,2016,2024,9,2016 2017 2018 2019 2020 2021 2022 2023 2024,23,pdf_text,data/series/cii/court-disposal-of-crime-against-women-cases-crime-head-wise.csv
cii/court-disposal-of-crime-against-women-cases-state-ut-wise__state-ut,cii,Crime Against Women (States/UTs),state-ut,Court Disposal of Crime Against Women Cases (State/UT-wise) - 2024,2021,2024,4,2021 2022 2023 2024,4,pdf_text,data/series/cii/court-disposal-of-crime-against-women-cases-state-ut-wise__state-ut.csv
cii/court-disposal-of-crime-against-women-cases-states-ut-wise__state-ut,cii,Crime Against Women (States/UTs),state-ut,Court Disposal of Crime Against Women Cases (States/UT-wise) - 2020,2016,2020,5,2016 2017 2018 2019 2020,5,pdf_text,data/series/cii/court-disposal-of-crime-against-women-cases-states-ut-wise__state-ut.csv
cii/court-disposal-of-crime-against-women-crime-head-wise-in-metropolitan-cities__city,cii,Crime Against Women (34 Metropolitan Cities),city,Court Disposal of Crime against Women (Crime Head-wise) in Metropolitan Cities - 2024,2020,2024,3,2020 2021 2024,6,excel,data/series/cii/court-disposal-of-crime-against-women-crime-head-wise-in-metropolitan-cities__city.csv
cii/court-disposal-of-crime-atrocities-against-scheduled-caste-s-crime-head-wise-in-metropolitan-cities__city,cii,Crime/atrocities Against Scheduled Castes (34 Metropolitan Cities),city,Court Disposal of Crime/Atrocities against Scheduled Caste(s) (Crime Head-wise) in Metropolitan Cities - 2024,2020,2024,3,2020 2021 2024,6,excel,data/series/cii/court-disposal-of-crime-atrocities-against-scheduled-caste-s-crime-head-wise-in-metropolitan-cities__city.csv
cii/court-disposal-of-crime-atrocities-against-scheduled-caste-s-in-metropolitan-cities__city,cii,Crime/atrocities Against Scheduled Castes (34 Metropolitan Cities),city,Court Disposal of Crime/Atrocities against Scheduled Caste(s) in Metropolitan Cities - 2019,2017,2019,2,2017 2019,2,pdf_text,data/series/cii/court-disposal-of-crime-atrocities-against-scheduled-caste-s-in-metropolitan-cities__city.csv
cii/court-disposal-of-crime-atrocities-against-scheduled-tribe-s-crime-head-wise-in-metropolitan-cities__city,cii,Crime/atrocities Against Scheduled Tribes (34 Metropolitan Cities),city,Court Disposal of Crime/Atrocities against Scheduled Tribe(s) (Crime Head-wise) in Metropolitan Cities - 2024,2020,2024,3,2020 2021 2024,6,excel,data/series/cii/court-disposal-of-crime-atrocities-against-scheduled-tribe-s-crime-head-wise-in-metropolitan-cities__city.csv
cii/court-disposal-of-crime-atrocities-against-scs-cases-city-wise__city,cii,Crime/atrocities Against Scheduled Castes (34 Metropolitan Cities),city,Court Disposal of Crime/Atrocities against SCs Cases (City-wise) -2024,2016,2024,9,2016 2017 2018 2019 2020 2021 2022 2023 2024,16,excel pdf_text,data/series/cii/court-disposal-of-crime-atrocities-against-scs-cases-city-wise__city.csv
cii/court-disposal-of-crime-atrocities-against-scs-cases-crime-head-wise,cii,Crime/Atrocities against Scheduled Castes (States/UTs),,Court Disposal of Crime/Atrocities against SCs Cases (Crime Head-wise) -2024,2016,2024,9,2016 2017 2018 2019 2020 2021 2022 2023 2024,23,pdf_text,data/series/cii/court-disposal-of-crime-atrocities-against-scs-cases-crime-head-wise.csv
cii/court-disposal-of-crime-atrocities-against-scs-cases-state-ut-wise__state-ut,cii,Crime/Atrocities against Scheduled Castes (States/UTs),state-ut,Court Disposal of Crime/Atrocities against SCs Cases (State/UT-wise) -2024,2016,2024,9,2016 2017 2018 2019 2020 2021 2022 2023 2024,9,pdf_text,data/series/cii/court-disposal-of-crime-atrocities-against-scs-cases-state-ut-wise__state-ut.csv
cii/court-disposal-of-crime-atrocities-against-sts-cases-city-wise__city,cii,Crime/Atrocities against Scheduled Tribes (Metropolitan Cities),city,Court Disposal of Crime/Atrocities against STs Cases (City-wise) -2024,2016,2024,9,2016 2017 2018 2019 2020 2021 2022 2023 2024,16,excel pdf_text,data/series/cii/court-disposal-of-crime-atrocities-against-sts-cases-city-wise__city.csv
cii/court-disposal-of-crime-atrocities-against-sts-cases-crime-head-wise,cii,Crime/Atrocities against Scheduled Tribes (States/UTs ),,Court Disposal of Crime/Atrocities against STs Cases (Crime Head-wise) -2024,2016,2024,9,2016 2017 2018 2019 2020 2021 2022 2023 2024,22,pdf_text,data/series/cii/court-disposal-of-crime-atrocities-against-sts-cases-crime-head-wise.csv
cii/court-disposal-of-crime-atrocities-against-sts-cases-state-ut-wise__state-ut,cii,Crime/Atrocities against Scheduled Tribes (States/UTs ),state-ut,Court Disposal of Crime/Atrocities against STs Cases (State/UT-wise) -2024,2017,2024,8,2017 2018 2019 2020 2021 2022 2023 2024,8,pdf_text,data/series/cii/court-disposal-of-crime-atrocities-against-sts-cases-state-ut-wise__state-ut.csv
cii/court-disposal-of-crimes-committed-by-foreigners-crime-head-wise,cii,Crime Committed by Foreigners,,Court Disposal of Crimes Committed by Foreigners (Crime Head-wise) – 2024,2017,2024,8,2017 2018 2019 2020 2021 2022 2023 2024,8,pdf_text,data/series/cii/court-disposal-of-crimes-committed-by-foreigners-crime-head-wise.csv
cii/court-disposal-of-cyber-crime-cases-city-wise__city,cii,Cyber Crimes (34 Metropolitan Cities),city,Court Disposal of Cyber Crime Cases (City wise) -2024,2016,2024,9,2016 2017 2018 2019 2020 2021 2022 2023 2024,18,excel pdf_text,data/series/cii/court-disposal-of-cyber-crime-cases-city-wise__city.csv
cii/court-disposal-of-cyber-crime-cases-crime-head-wise,cii,Cyber Crimes (Metropolitan Cities),,Court Disposal of Cyber Crime Cases (Crime Head-wise) -2024,2016,2024,9,2016 2017 2018 2019 2020 2021 2022 2023 2024,24,pdf_text,data/series/cii/court-disposal-of-cyber-crime-cases-crime-head-wise.csv
cii/court-disposal-of-cyber-crime-cases-crime-head-wise-in-metropolitan-cities__city,cii,Cyber Crimes (34 Metropolitan Cities),city,Court Disposal of Cyber Crime Cases (Crime Head-wise) in Metropolitan Cities - 2024,2020,2024,3,2020 2021 2024,6,excel,data/series/cii/court-disposal-of-cyber-crime-cases-crime-head-wise-in-metropolitan-cities__city.csv
cii/court-disposal-of-cyber-crimes-cases-state-ut-wise__state-ut,cii,Cyber Crimes (States/UTs),state-ut,Court Disposal of Cyber Crimes Cases(State/UT-wise) -2024,2016,2024,9,2016 2017 2018 2019 2020 2021 2022 2023 2024,9,pdf_text,data/series/cii/court-disposal-of-cyber-crimes-cases-state-ut-wise__state-ut.csv
cii/court-disposal-of-economic-offences-city-wise__city,cii,Economic Offences (Metropolitan Cities),city,Court Disposal of Economic Offences (City wise) -2024,2016,2024,9,2016 2017 2018 2019 2020 2021 2022 2023 2024,16,excel pdf_text,data/series/cii/court-disposal-of-economic-offences-city-wise__city.csv
cii/court-disposal-of-economic-offences-crime-head-wise,cii,Economic Offences (States/UTs),,Court Disposal of Economic Offences (Crime Head-wise) - 2024,2016,2024,9,2016 2017 2018 2019 2020 2021 2022 2023 2024,20,excel pdf_text,data/series/cii/court-disposal-of-economic-offences-crime-head-wise.csv
cii/court-disposal-of-economic-offences-crime-head-wise-in-metropolitan-cities__city,cii,Economic Offences (Metropolitan Cities),city,Court Disposal of Economic Offences (Crime Head-wise) in Metropolitan Cities - 2024,2020,2024,4,2020 2022 2023 2024,5,excel pdf_text,data/series/cii/court-disposal-of-economic-offences-crime-head-wise-in-metropolitan-cities__city.csv
cii/court-disposal-of-economic-offences-state-ut-wise__state-ut,cii,Economic Offences (States/UTs),state-ut,Court Disposal of Economic Offences (State/UT-wise) -2024,2016,2024,9,2016 2017 2018 2019 2020 2021 2022 2023 2024,9,pdf_text,data/series/cii/court-disposal-of-economic-offences-state-ut-wise__state-ut.csv
cii/court-disposal-of-environment-related-offences-crime-head-wise,cii,Offences related to Environment,,Court Disposal of Environment Related Offences (Crime Head-wise) -2024,2016,2024,9,2016 2017 2018 2019 2020 2021 2022 2023 2024,9,pdf_text,data/series/cii/court-disposal-of-environment-related-offences-crime-head-wise.csv
cii/court-disposal-of-environment-related-offences-state-ut-wise__state-ut,cii,Offences related to Environment,state-ut,Court Disposal of Environment Related Offences (State/UT-wise) -2024,2016,2024,9,2016 2017 2018 2019 2020 2021 2022 2023 2024,9,pdf_text,data/series/cii/court-disposal-of-environment-related-offences-state-ut-wise__state-ut.csv
cii/court-disposal-of-ipc-crime-cases-city-wise__city,cii,Disposal Of Cases By Courts (34 Metropolitan Cities),city,Court Disposal of IPC Crime Cases (City-wise) - 2024,2016,2024,9,2016 2017 2018 2019 2020 2021 2022 2023 2024,15,excel pdf_text,data/series/cii/court-disposal-of-ipc-crime-cases-city-wise__city.csv
cii/court-disposal-of-ipc-crime-cases-crime-head-wise,cii,Disposal of Cases By Courts (States/UTs),,Court Disposal of IPC Crime Cases (Crime Head-wise) - 2024,2016,2024,9,2016 2017 2018 2019 2020 2021 2022 2023 2024,21,pdf_text,data/series/cii/court-disposal-of-ipc-crime-cases-crime-head-wise.csv
cii/court-disposal-of-ipc-crime-cases-state-ut-wise__state-ut,cii,Disposal of Cases By Courts (States/UTs),state-ut,Court Disposal of IPC Crime Cases (State/UT-wise) - 2023,2016,2023,8,2016 2017 2018 2019 2020 2021 2022 2023,8,pdf_text,data/series/cii/court-disposal-of-ipc-crime-cases-state-ut-wise__state-ut.csv
cii/court-disposal-of-ipc-crimes-crime-head-wise-in-metropolitan-cities__city,cii,Disposal Of Cases By Courts (34 Metropolitan Cities),city,Court Disposal of IPC Crimes (Crime Head-wise) in Metropolitan Cities - 2021,2020,2021,2,2020 2021,8,excel,data/series/cii/court-disposal-of-ipc-crimes-crime-head-wise-in-metropolitan-cities__city.csv
cii/court-disposal-of-offences-against-state-state-ut-wise__state-ut,cii,Offences Against the State,state-ut,Court Disposal of Offences against State (State/UT-wise) -2024,2018,2024,7,2018 2019 2020 2021 2022 2023 2024,7,pdf_text,data/series/cii/court-disposal-of-offences-against-state-state-ut-wise__state-ut.csv
cii/court-disposal-of-offences-against-the-state-crime-head-wise,cii,Offences Against the State,,Court Disposal of Offences against the State (Crime Head-wise) -2024,2016,2024,8,2016 2018 2019 2020 2021 2022 2023 2024,8,pdf_text,data/series/cii/court-disposal-of-offences-against-the-state-crime-head-wise.csv
cii/court-disposal-of-sll-crime-cases-city-wise__city,cii,Disposal Of Cases By Courts (34 Metropolitan Cities),city,Court Disposal of SLL Crime Cases (City-wise) - 2024,2016,2024,9,2016 2017 2018 2019 2020 2021 2022 2023 2024,16,excel pdf_text,data/series/cii/court-disposal-of-sll-crime-cases-city-wise__city.csv
cii/court-disposal-of-sll-crime-cases-crime-head-wise,cii,Disposal of Cases By Courts (States/UTs),,Court Disposal of SLL Crime Cases (Crime Head-wise) - 2024,2016,2024,9,2016 2017 2018 2019 2020 2021 2022 2023 2024,22,pdf_text,data/series/cii/court-disposal-of-sll-crime-cases-crime-head-wise.csv
cii/court-disposal-of-sll-crime-cases-state-ut-wise__state-ut,cii,Disposal of Cases By Courts (States/UTs),state-ut,Court Disposal of SLL Crime Cases (State/UT-wise) - 2024,2016,2024,9,2016 2017 2018 2019 2020 2021 2022 2023 2024,9,pdf_text,data/series/cii/court-disposal-of-sll-crime-cases-state-ut-wise__state-ut.csv
cii/court-disposal-of-sll-crimes-crime-head-wise-in-metropolitan-cities__city,cii,Disposal Of Cases By Courts (34 Metropolitan Cities),city,Court Disposal of SLL Crimes (Crime Head-wise) in Metropolitan Cities - 2024,2020,2024,3,2020 2021 2024,9,excel,data/series/cii/court-disposal-of-sll-crimes-crime-head-wise-in-metropolitan-cities__city.csv
cii/court-wise-details-of-duration-of-completed-trials-for-cases-under-ipc-crimes,cii,Disposal of Cases by Police & Courts,,Court-wise Details of Duration of Completed Trials for Cases under IPC Crimes,2002,2013,10,2002 2003 2004 2005 2006 2007 2008 2010 2011 2013,10,pdf_text,data/series/cii/court-wise-details-of-duration-of-completed-trials-for-cases-under-ipc-crimes.csv
cii/court-wise-details-of-duration-of-completed-trials-for-cases-under-ipc-crimes-state-ut-wise__state-ut,cii,Disposal of Cases by Police & Courts,state-ut,Court-wise Details of Duration of Completed Trials for Cases under IPC Crimes During 2015 (State/UT-Wise),2014,2015,2,2014 2015,2,pdf_text,data/series/cii/court-wise-details-of-duration-of-completed-trials-for-cases-under-ipc-crimes-state-ut-wise__state-ut.csv
cii/crime-against-children-city-wise__city,cii,Crime Against Children (Metropolitan Cities),city,Crime Against Children (City-wise) - 2022-2024,2017,2024,8,2017 2018 2019 2020 2021 2022 2023 2024,15,excel pdf_text,data/series/cii/crime-against-children-city-wise__city.csv
cii/crime-against-children-state-ut-wise__state-ut,cii,Crime Against Children (States/UTs),state-ut,Crime Against Children (State/UT-wise) - 2022-2024,2017,2024,8,2017 2018 2019 2020 2021 2022 2023 2024,8,pdf_text,data/series/cii/crime-against-children-state-ut-wise__state-ut.csv
cii/crime-against-foreigners-crime-head-wise,cii,Crime against Foreigners,,Crime against Foreigners (Crime Head-wise) – 2024,2016,2024,9,2016 2017 2018 2019 2020 2021 2022 2023 2024,9,pdf_text,data/series/cii/crime-against-foreigners-crime-head-wise.csv
cii/crime-against-foreigners-state-ut-wise__state-ut,cii,Crime against Foreigners,state-ut,Crime against Foreigners (State/UT-wise) - 2022-2024,2016,2024,9,2016 2017 2018 2019 2020 2021 2022 2023 2024,9,pdf_text,data/series/cii/crime-against-foreigners-state-ut-wise__state-ut.csv
cii/crime-against-senior-citizens-city-wise__city,cii,Crime Against Senior Citizen (Metropolitan Cities),city,Crime Against Senior Citizens (City-wise) -2022-2024,2017,2024,8,2017 2018 2019 2020 2021 2022 2023 2024,15,excel pdf_text,data/series/cii/crime-against-senior-citizens-city-wise__city.csv
cii/crime-against-senior-citizens-crime-head-wise-city-wise__city,cii,Crime Against Senior Citizen (Metropolitan Cities),city,Crime Against Senior Citizens (Crime Head-wise & City-wise) -2024,2017,2024,8,2017 2018 2019 2020 2021 2022 2023 2024,15,excel pdf_text,data/series/cii/crime-against-senior-citizens-crime-head-wise-city-wise__city.csv
cii/crime-against-senior-citizens-crime-head-wise-state-ut-wise__state-ut,cii,Crime Against Senior Citizens (States/UTs),state-ut,Crime Against Senior Citizens (Crime Head-wise & State/UT-wise) -2024,2021,2024,4,2021 2022 2023 2024,4,pdf_text,data/series/cii/crime-against-senior-citizens-crime-head-wise-state-ut-wise__state-ut.csv
cii/crime-against-senior-citizens-crime-head-wise-states-ut-wise__state-ut,cii,Crime Against Senior Citizens (States/UTs),state-ut,Crime Against Senior Citizens (Crime Head-wise & States/UT-wise) - 2020,2017,2020,4,2017 2018 2019 2020,4,pdf_text,data/series/cii/crime-against-senior-citizens-crime-head-wise-states-ut-wise__state-ut.csv
cii/crime-against-senior-citizens-state-ut-wise__state-ut,cii,Crime Against Senior Citizens (States/UTs),state-ut,Crime against Senior Citizens (State/UT-wise) -2022-2024,2017,2024,8,2017 2018 2019 2020 2021 2022 2023 2024,8,pdf_text,data/series/cii/crime-against-senior-citizens-state-ut-wise__state-ut.csv
cii/crime-against-women-city-wise__city,cii,Crime Against Women (Metropolitan Cities),city,Crime Against Women (City-wise) - 2022-2024,2017,2024,8,2017 2018 2019 2020 2021 2022 2023 2024,15,excel pdf_text,data/series/cii/crime-against-women-city-wise__city.csv
cii/crime-against-women-state-ut-wise__state-ut,cii,Crime Against Women (States/UTs),state-ut,Crime against Women (State/UT-wise) - 2022-2024,2017,2024,8,2017 2018 2019 2020 2021 2022 2023 2024,8,pdf_text,data/series/cii/crime-against-women-state-ut-wise__state-ut.csv
cii/crime-atrocities-against-scheduled-castes-city-wise__city,cii,Crime/Atrocities against Scheduled Castes (Metropolitan Cities),city,Crime/Atrocities against Scheduled Castes (City-wise) -2022-2024,2017,2024,8,2017 2018 2019 2020 2021 2022 2023 2024,15,excel pdf_text,data/series/cii/crime-atrocities-against-scheduled-castes-city-wise__city.csv
cii/crime-atrocities-against-scheduled-castes-crime-head-wise-city-wise__city,cii,Crime/Atrocities against Scheduled Castes (Metropolitan Cities),city,Crime/Atrocities against Scheduled Castes (Crime Head-wise & City-wise) -2024,2017,2024,8,2017 2018 2019 2020 2021 2022 2023 2024,15,excel pdf_text,data/series/cii/crime-atrocities-against-scheduled-castes-crime-head-wise-city-wise__city.csv
cii/crime-atrocities-against-scheduled-castes-crime-head-wise-state-ut-wise__state-ut,cii,Crime/Atrocities against Scheduled Castes (States/UTs),state-ut,Crime/Atrocities against Scheduled Castes (Crime Head-wise & State/UT-wise) -2024,2021,2024,4,2021 2022 2023 2024,4,pdf_text,data/series/cii/crime-atrocities-against-scheduled-castes-crime-head-wise-state-ut-wise__state-ut.csv
cii/crime-atrocities-against-scheduled-castes-crime-head-wise-states-ut-wise__state-ut,cii,Crime/Atrocities against Scheduled Castes (States/UTs),state-ut,Crime/Atrocities against Scheduled Castes (Crime Head-wise & States/UT-wise) - 2020,2017,2020,4,2017 2018 2019 2020,4,pdf_text,data/series/cii/crime-atrocities-against-scheduled-castes-crime-head-wise-states-ut-wise__state-ut.csv
cii/crime-atrocities-against-scheduled-castes-state-ut-wise__state-ut,cii,Crime/Atrocities against Scheduled Castes (States/UTs),state-ut,Crime/Atrocities against Scheduled Castes (State/UT-wise) -2022-2024,2017,2024,8,2017 2018 2019 2020 2021 2022 2023 2024,8,pdf_text,data/series/cii/crime-atrocities-against-scheduled-castes-state-ut-wise__state-ut.csv
cii/crime-atrocities-against-scheduled-tribes-city-wise__city,cii,Crime/Atrocities against Scheduled Tribes (Metropolitan Cities),city,Crime/Atrocities against Scheduled Tribes (City-wise) -2022-2024,2017,2024,8,2017 2018 2019 2020 2021 2022 2023 2024,15,excel pdf_text,data/series/cii/crime-atrocities-against-scheduled-tribes-city-wise__city.csv
cii/crime-atrocities-against-scheduled-tribes-crime-head-wise-city-wise__city,cii,Crime/Atrocities against Scheduled Tribes (Metropolitan Cities),city,Crime/Atrocities against Scheduled Tribes (Crime Head-wise & City-wise) -2024,2017,2024,8,2017 2018 2019 2020 2021 2022 2023 2024,15,excel pdf_text,data/series/cii/crime-atrocities-against-scheduled-tribes-crime-head-wise-city-wise__city.csv
cii/crime-atrocities-against-scheduled-tribes-crime-head-wise-state-ut-wise__state-ut,cii,Crime/Atrocities against Scheduled Tribes (States/UTs ),state-ut,Crime/Atrocities against Scheduled Tribes (Crime Head-wise & State/UT-wise) -2024,2021,2024,4,2021 2022 2023 2024,4,pdf_text,data/series/cii/crime-atrocities-against-scheduled-tribes-crime-head-wise-state-ut-wise__state-ut.csv
cii/crime-atrocities-against-scheduled-tribes-crime-head-wise-states-ut-wise__state-ut,cii,Crime/Atrocities against Scheduled Tribes (States/UTs ),state-ut,Crime/Atrocities against Scheduled Tribes (Crime Head-wise & States/UT-wise) - 2020,2017,2020,4,2017 2018 2019 2020,4,pdf_text,data/series/cii/crime-atrocities-against-scheduled-tribes-crime-head-wise-states-ut-wise__state-ut.csv
cii/crime-atrocities-against-scheduled-tribes-state-ut-wise__state-ut,cii,Crime/Atrocities against Scheduled Tribes (States/UTs ),state-ut,Crime/Atrocities against Scheduled Tribes (State/UT-wise) -2022-2024,2017,2024,8,2017 2018 2019 2020 2021 2022 2023 2024,8,pdf_text,data/series/cii/crime-atrocities-against-scheduled-tribes-state-ut-wise__state-ut.csv
cii/crime-by-left-wing-extremists,cii,States/UTs,,Crime by Left Wing Extremists - 2024,2020,2024,5,2020 2021 2022 2023 2024,5,excel,data/series/cii/crime-by-left-wing-extremists.csv
cii/crime-by-north-east-insurgents,cii,States/UTs,,Crime by North East Insurgents - 2024,2019,2024,6,2019 2020 2021 2022 2023 2024,8,excel,data/series/cii/crime-by-north-east-insurgents.csv
cii/crime-cases-reported-by-naxalites-lwes-state-ut-wise__state-ut,cii,Crime Committed by Anti National Elements,state-ut,Crime Cases reported by Naxalites/LWEs (State/UT-wise) - 2020,2017,2020,4,2017 2018 2019 2020,4,pdf_text,data/series/cii/crime-cases-reported-by-naxalites-lwes-state-ut-wise__state-ut.csv
cii/crime-cases-reported-by-north-east-insurgents-state-ut-wise__state-ut,cii,Crime Committed by Anti National Elements,state-ut,Crime Cases reported by North-East Insurgents(State/UT-wise) - 2020,2017,2020,4,2017 2018 2019 2020,4,pdf_text,data/series/cii/crime-cases-reported-by-north-east-insurgents-state-ut-wise__state-ut.csv
cii/crime-cases-reported-by-terrorists-including-jihadi-terrorists,cii,Crime Committed by Anti National Elements,,Crime Cases reported by Terrorists (Including Jihadi Terrorists) - 2020,2017,2020,4,2017 2018 2019 2020,4,pdf_text,data/series/cii/crime-cases-reported-by-terrorists-including-jihadi-terrorists.csv
cii/crime-committed-by-foreigners-crime-head-wise-state-ut-wise__state-ut,cii,Crime Committed by Foreigners,state-ut,Crime Committed by Foreigners (Crime Head-wise & State/UT-wise) – 2024,2017,2024,7,2017 2018 2020 2021 2022 2023 2024,7,pdf_text,data/series/cii/crime-committed-by-foreigners-crime-head-wise-state-ut-wise__state-ut.csv
cii/crime-committed-by-foreigners-state-ut-wise__state-ut,cii,Crime Committed by Foreigners,state-ut,Crime Committed by Foreigners (State/UT-wise) - 2022-2024,2016,2024,9,2016 2017 2018 2019 2020 2021 2022 2023 2024,9,pdf_text,data/series/cii/crime-committed-by-foreigners-state-ut-wise__state-ut.csv
cii/crime-committed-by-juveniles-city-wise__city,cii,Juveniles in Conflict with Law (Metropolitan Cities),city,Crime Committed by Juveniles (City-wise) - 2022-2024,2017,2024,8,2017 2018 2019 2020 2021 2022 2023 2024,16,excel pdf_text,data/series/cii/crime-committed-by-juveniles-city-wise__city.csv
cii/crime-committed-by-juveniles-state-ut-wise__state-ut,cii,Juveniles in Conflict with Law (States/UTs),state-ut,Crime Committed by Juveniles (State/UT-wise) - 2022-2024,2017,2024,8,2017 2018 2019 2020 2021 2022 2023 2024,8,pdf_text,data/series/cii/crime-committed-by-juveniles-state-ut-wise__state-ut.csv
cii/crime-heads,cii,Crime Survey,,CRIME HEADS,1972,1976,3,1972 1973 1976,4,pdf_vlm,data/series/cii/crime-heads.csv
cii/crime-under-different-heads,cii,Crime Survey,,Crime under Different Heads,1964,1966,3,1964 1965 1966,3,pdf_ocr pdf_vlm,data/series/cii/crime-under-different-heads.csv
cii/crimehead-wise-cases-registered-156-3-under-crime-against-children,cii,States/UTs,,Crimehead-wise Cases Registered 156_3 under Crime against Children during 2024,2020,2024,5,2020 2021 2022 2023 2024,5,excel,data/series/cii/crimehead-wise-cases-registered-156-3-under-crime-against-children.csv
cii/crimehead-wise-cases-registered-156-3-under-crime-against-scs,cii,States/UTs,,Crimehead-wise Cases Registered 156_3 under Crime against SCs during 2024,2020,2024,5,2020 2021 2022 2023 2024,5,excel,data/series/cii/crimehead-wise-cases-registered-156-3-under-crime-against-scs.csv
cii/crimehead-wise-cases-registered-156-3-under-crime-against-srcitizen,cii,States/UTs,,Crimehead-wise Cases Registered 156_3 under Crime against SrCitizen during 2024,2020,2024,5,2020 2021 2022 2023 2024,5,excel,data/series/cii/crimehead-wise-cases-registered-156-3-under-crime-against-srcitizen.csv
cii/crimehead-wise-cases-registered-156-3-under-crime-against-sts,cii,States/UTs,,Crimehead-wise Cases Registered 156_3 under Crime against STs during 2024,2020,2024,5,2020 2021 2022 2023 2024,5,excel,data/series/cii/crimehead-wise-cases-registered-156-3-under-crime-against-sts.csv
cii/crimehead-wise-cases-registered-156-3-under-crime-against-women,cii,States/UTs,,Crimehead-wise Cases Registered 156_3 under Crime against Women during 2024,2020,2024,5,2020 2021 2022 2023 2024,5,excel,data/series/cii/crimehead-wise-cases-registered-156-3-under-crime-against-women.csv
cii/crimehead-wise-cases-registered-156-3-under-ipc-and-sll,cii,States/UTs,,Crimehead-wise Cases Registered 156_3 under IPC and SLL during 2023,2020,2023,4,2020 2021 2022 2023,4,excel,data/series/cii/crimehead-wise-cases-registered-156-3-under-ipc-and-sll.csv
cii/crimehead-wise-crimes-committed-by-other-terrorists,cii,States/UTs,,Crimehead-wise Crimes Committed by Other Terrorists - 2024,2020,2024,5,2020 2021 2022 2023 2024,5,excel,data/series/cii/crimehead-wise-crimes-committed-by-other-terrorists.csv
cii/crimehead-wise-gender-wise-details-of-victims-under-ipc-and-sll-crimes,cii,States/UTs,,Crimehead-wise Gender-wise details of Victims under IPC and SLL Crimes during 2023,2020,2023,2,2020 2023,2,excel,data/series/cii/crimehead-wise-gender-wise-details-of-victims-under-ipc-and-sll-crimes.csv
cii/crimehead-wise-gender-wise-victims-under-crimes-against-children,cii,States/UTs,,Crimehead-wise Gender-wise Victims under Crimes against Children during 2024,2020,2024,3,2020 2023 2024,3,excel,data/series/cii/crimehead-wise-gender-wise-victims-under-crimes-against-children.csv
cii/crimehead-wise-gender-wise-victims-under-crimes-against-scs,cii,States/UTs,,Crimehead-wise Gender-wise Victims under Crimes against SCs during 2024,2020,2024,3,2020 2023 2024,3,excel,data/series/cii/crimehead-wise-gender-wise-victims-under-crimes-against-scs.csv
cii/crimehead-wise-gender-wise-victims-under-crimes-against-senior-citizen,cii,States/UTs,,Crimehead-wise Gender-wise Victims under Crimes against Senior Citizen during 2024,2020,2024,3,2020 2023 2024,3,excel,data/series/cii/crimehead-wise-gender-wise-victims-under-crimes-against-senior-citizen.csv
cii/crimehead-wise-gender-wise-victims-under-crimes-against-sts,cii,States/UTs,,Crimehead-wise Gender-wise Victims under Crimes against STs during 2024,2020,2024,2,2020 2024,2,excel,data/series/cii/crimehead-wise-gender-wise-victims-under-crimes-against-sts.csv
cii/crimehead-wise-persons-arrested-under-cyber-crimes,cii,States/UTs,,Crimehead-wise Persons Arrested under Cyber ​​Crimes during 2024,2019,2024,6,2019 2020 2021 2022 2023 2024,6,excel,data/series/cii/crimehead-wise-persons-arrested-under-cyber-crimes.csv
cii/crimehead-wise-persons-disposal-under-crimes-against-children,cii,States/UTs,,Crimehead-wise Persons Disposal under Crimes against Children during 2024,2020,2024,3,2020 2023 2024,3,excel,data/series/cii/crimehead-wise-persons-disposal-under-crimes-against-children.csv
cii/crimehead-wise-persons-disposal-under-crimes-against-foreigners,cii,States/UTs,,Crimehead-wise Persons Disposal under Crimes against Foreigners during 2024,2020,2024,3,2020 2023 2024,3,excel,data/series/cii/crimehead-wise-persons-disposal-under-crimes-against-foreigners.csv
cii/crimehead-wise-persons-disposal-under-crimes-against-scs,cii,States/UTs,,Crimehead-wise Persons Disposal under Crimes against SCs during 2024,2020,2024,3,2020 2023 2024,4,excel,data/series/cii/crimehead-wise-persons-disposal-under-crimes-against-scs.csv
cii/crimehead-wise-persons-disposal-under-crimes-against-senior-citizen,cii,States/UTs,,Crimehead-wise Persons Disposal under Crimes against Senior Citizen during 2024,2020,2024,3,2020 2023 2024,3,excel,data/series/cii/crimehead-wise-persons-disposal-under-crimes-against-senior-citizen.csv
cii/crimehead-wise-persons-disposal-under-crimes-against-sts,cii,States/UTs,,Crimehead-wise Persons Disposal under Crimes against STs during 2024,2020,2024,3,2020 2023 2024,3,excel,data/series/cii/crimehead-wise-persons-disposal-under-crimes-against-sts.csv
cii/crimehead-wise-persons-disposal-under-crimes-against-women,cii,States/UTs,,Crimehead-wise Persons Disposal under Crimes against Women during 2024,2020,2024,3,2020 2023 2024,3,excel,data/series/cii/crimehead-wise-persons-disposal-under-crimes-against-women.csv
cii/crimehead-wise-persons-disposal-under-crimes-committed-by-foreigners,cii,States/UTs,,Crimehead-wise Persons Disposal under Crimes Committed by Foreigners during 2024,2020,2024,3,2020 2023 2024,3,excel,data/series/cii/crimehead-wise-persons-disposal-under-crimes-committed-by-foreigners.csv
cii/crimehead-wise-persons-disposal-under-ipc-and-sll-crimes,cii,States/UTs,,Crimehead-wise Persons Disposal under IPC and SLL Crimes during 2023,2020,2023,2,2020 2023,2,excel,data/series/cii/crimehead-wise-persons-disposal-under-ipc-and-sll-crimes.csv
cii/crimehead-wise-section-wise-cases-and-persons-disposal-under-rape,cii,States/UTs,,Crimehead-wise Section-wise Cases and Persons Disposal under Rape during 2024,2020,2024,3,2020 2023 2024,3,excel,data/series/cii/crimehead-wise-section-wise-cases-and-persons-disposal-under-rape.csv
cii/crimehead-wise-victims-under-crimes-against-women,cii,States/UTs,,Crimehead-wise Victims under Crimes against Women during 2024,2020,2024,3,2020 2023 2024,3,excel,data/series/cii/crimehead-wise-victims-under-crimes-against-women.csv
cii/crimes-by-left-wing-extremists-state-ut-wise__state-ut,cii,Crimes committed by Extremists/ Insurgents/Terrorists,state-ut,Crimes by Left-Wing Extremists (State/UT-wise) -2024,2021,2024,4,2021 2022 2023 2024,4,pdf_text,data/series/cii/crimes-by-left-wing-extremists-state-ut-wise__state-ut.csv
cii/crimes-by-north-east-insurgents-state-ut-wise__state-ut,cii,Crimes committed by Extremists/ Insurgents/Terrorists,state-ut,Crimes by North-East Insurgents(State/UT-wise) -2024,2021,2024,4,2021 2022 2023 2024,4,pdf_text,data/series/cii/crimes-by-north-east-insurgents-state-ut-wise__state-ut.csv
cii/crimes-by-terrorists,cii,Crimes committed by Extremists/ Insurgents/Terrorists,,Crimes by Terrorists - 2024,2021,2024,4,2021 2022 2023 2024,4,pdf_text,data/series/cii/crimes-by-terrorists.csv
cii/crimes-committed-by-jehadi-terrorists,cii,States/UTs,,Crimes Committed by Jehadi Terrorists - 2021,2019,2021,3,2019 2020 2021,5,excel,data/series/cii/crimes-committed-by-jehadi-terrorists.csv
cii/crimes-committed-by-jihadi-terrorists,cii,States/UTs,,Crimes Committed by Jihadi Terrorists - 2024,2022,2024,3,2022 2023 2024,3,excel,data/series/cii/crimes-committed-by-jihadi-terrorists.csv
cii/criminal-breach-of-trust-union-territories-cities__city,cii,,city,CRIMINAL BREACH OF TRUST Union Territories Cities.,1957,1960,2,1957 1960,2,pdf_vlm,data/series/cii/criminal-breach-of-trust-union-territories-cities__city.csv
cii/cyber-crime-city-wise__city,cii,Cyber Crimes (Metropolitan Cities),city,Cyber Crime (City-wise) -2022-2024,2017,2024,8,2017 2018 2019 2020 2021 2022 2023 2024,16,excel pdf_text,data/series/cii/cyber-crime-city-wise__city.csv
cii/cyber-crime-motives,cii,Cyber Crimes (34 Metropolitan Cities),,Cyber Crime Motives -2024,2016,2024,9,2016 2017 2018 2019 2020 2021 2022 2023 2024,27,excel pdf_text,data/series/cii/cyber-crime-motives.csv
cii/cyber-crimes-against-children-state-ut-wise__state-ut,cii,Cyber Crimes (States/UTs),state-ut,Cyber Crimes against Children (State/UT-wise) -2024,2017,2024,8,2017 2018 2019 2020 2021 2022 2023 2024,8,pdf_text,data/series/cii/cyber-crimes-against-children-state-ut-wise__state-ut.csv
cii/cyber-crimes-against-women-state-ut-wise__state-ut,cii,Cyber Crimes (States/UTs),state-ut,Cyber Crimes against Women (State/UT-wise) -2024,2017,2024,8,2017 2018 2019 2020 2021 2022 2023 2024,8,pdf_text,data/series/cii/cyber-crimes-against-women-state-ut-wise__state-ut.csv
cii/cyber-crimes-by-motives-of-crime-state-ut-wise__state-ut,cii,Cyber Crimes,state-ut,Cyber Crimes by Motives of Crime During 2015 (State & UT-wise),2014,2015,2,2014 2015,2,pdf_text,data/series/cii/cyber-crimes-by-motives-of-crime-state-ut-wise__state-ut.csv
cii/cyber-crimes-crime-head-wise-city-wise__city,cii,Cyber Crimes (34 Metropolitan Cities),city,Cyber Crimes (Crime Head-wise & City-wise) -2024,2017,2024,7,2017 2018 2019 2020 2021 2023 2024,12,excel pdf_text,data/series/cii/cyber-crimes-crime-head-wise-city-wise__city.csv
cii/cyber-crimes-crime-head-wise-city-wise-9b-2-i-it-act-cases-9b-2-ii-ipc-involving-computer-as-medium-target-cas__city,cii,Cyber Crimes (Metropolitan Cities),city,Cyber Crimes (Crime Head-wise & City-wise) - 2020 9B.2 (i) IT Act Cases 9B.2(ii) IPC (involving Computer as Medium/Target) Cases 9B.2(iii) SLL (involving Computer as Medium/Target) Cases & Total Cyber Crimes,2019,2020,2,2019 2020,2,pdf_text,data/series/cii/cyber-crimes-crime-head-wise-city-wise-9b-2-i-it-act-cases-9b-2-ii-ipc-involving-computer-as-medium-target-cas__city.csv
cii/cyber-crimes-crime-head-wise-state-ut-wise__state-ut,cii,Cyber Crimes (States/UTs),state-ut,Cyber Crimes (Crime Head-wise & State/UT-wise) -2024,2021,2024,3,2021 2023 2024,3,pdf_text,data/series/cii/cyber-crimes-crime-head-wise-state-ut-wise__state-ut.csv
cii/cyber-crimes-crime-head-wise-states-ut-wise__state-ut,cii,Cyber Crimes (States/UTs),state-ut,Cyber Crimes (Crime Head-wise & States/UT-wise) - 2018,2017,2018,2,2017 2018,2,pdf_text,data/series/cii/cyber-crimes-crime-head-wise-states-ut-wise__state-ut.csv
cii/cyber-crimes-crime-head-wise-states-ut-wise-9a-2-a-it-act-cases-9a-2-b-ipc-involving-computer-as-medium-target__state-ut,cii,Cyber Crimes (States/UTs),state-ut,Cyber Crimes(Crime Head-wise & States/UT-wise) - 2020 9A.2 (A) IT Act Cases 9A.2 (B) IPC(involving Computer as Medium/Target) Cases 9A.2 (C) SLL(involving Computer as Medium/Target) Cases & Total Cyber Crimes,2019,2020,2,2019 2020,2,pdf_text,data/series/cii/cyber-crimes-crime-head-wise-states-ut-wise-9a-2-a-it-act-cases-9a-2-b-ipc-involving-computer-as-medium-target__state-ut.csv
cii/cyber-crimes-it-act-cases-in-metropolitan-cities__city,cii,Cyber Crimes (34 Metropolitan Cities),city,Cyber Crimes - IT Act Cases in Metropolitan Cities - 2017,2016,2017,2,2016 2017,3,pdf_text,data/series/cii/cyber-crimes-it-act-cases-in-metropolitan-cities__city.csv
cii/cyber-crimes-state-ut-wise__state-ut,cii,Cyber Crimes (States/UTs),state-ut,Cyber Crimes (State/UT-wise) -2022-2024,2017,2024,8,2017 2018 2019 2020 2021 2022 2023 2024,8,pdf_text,data/series/cii/cyber-crimes-state-ut-wise__state-ut.csv
cii/dacoity-28,cii,,,DACOITY— 28,1956,1959,2,1956 1959,2,pdf_vlm,data/series/cii/dacoity-28.csv
cii/dacoity-union-territories-cities__city,cii,,city,DACOITY— Union Territories Cities,1957,1960,3,1957 1958 1960,3,pdf_vlm,data/series/cii/dacoity-union-territories-cities__city.csv
cii/deaths-in-police-custody-at-the-time-of-production-proceedings-in-court-journey-connected-with-investigation-s__state-ut,cii,Custodial Crimes (in Police custody),state-ut,Deaths in Police Custody at the time of Production/Proceedings in Court/Journey Connected with Investigation (State & UT-wise),2001,2013,13,2001 2002 2003 2004 2005 2006 2007 2008 2009 2010 2011 2012 2013,13,pdf_text,data/series/cii/deaths-in-police-custody-at-the-time-of-production-proceedings-in-court-journey-connected-with-investigation-s__state-ut.csv
cii/deaths-in-police-custody-lockup-of-persons-not-remanded-to-police-custody-by-court-state-ut-wise__state-ut,cii,Custodial Crimes (in Police custody),state-ut,Deaths in Police Custody/Lockup (of Persons not Remanded to Police Custody by Court) During 2015 (State/UT-Wise),2001,2015,14,2001 2002 2003 2004 2005 2006 2007 2008 2009 2010 2011 2012 2013 2015,14,pdf_text,data/series/cii/deaths-in-police-custody-lockup-of-persons-not-remanded-to-police-custody-by-court-state-ut-wise__state-ut.csv
cii/deaths-in-police-custody-lockup-of-persons-remanded-to-police-custody-by-court-state-ut-wise__state-ut,cii,Custodial Crimes (in Police custody),state-ut,Deaths in Police Custody/Lockup (of Persons Remanded to Police Custody by Court) During 2015 (State/UT-Wise),2001,2015,15,2001 2002 2003 2004 2005 2006 2007 2008 2009 2010 2011 2012 2013 2014 2015,15,pdf_text,data/series/cii/deaths-in-police-custody-lockup-of-persons-remanded-to-police-custody-by-court-state-ut-wise__state-ut.csv
cii/deaths-in-police-custody-lockup-persons-in-remand,cii,Custodial Crimes & Complaints Against Police Personnel,,Deaths in Police Custody/Lockup (Persons in Remand) - 2024,2017,2024,8,2017 2018 2019 2020 2021 2022 2023 2024,8,pdf_text,data/series/cii/deaths-in-police-custody-lockup-persons-in-remand.csv
cii/deaths-in-police-custody-lockup-persons-not-on-remand,cii,Custodial Crimes & Complaints Against Police Personnel,,Deaths in Police Custody / Lockup (Persons Not on Remand) - 2024,2016,2024,9,2016 2017 2018 2019 2020 2021 2022 2023 2024,9,pdf_text,data/series/cii/deaths-in-police-custody-lockup-persons-not-on-remand.csv
cii/denomination-wise-fake-indian-currency-notes-ficn-seized,cii,Seizures by State/UT Police,,Denomination-wise Fake Indian Currency Notes (FICN) Seized - 2020,2016,2020,5,2016 2017 2018 2019 2020,5,pdf_text,data/series/cii/denomination-wise-fake-indian-currency-notes-ficn-seized.csv
cii/details-of-vehicles-stolen-recovered-and-co-ordinated-state-ut-city-wise__state-ut-city,cii,Property Stolen & Recovered,state-ut-city,"Details of Vehicles Stolen, Recovered and Co-ordinated (State, UT & City-wise)",2002,2013,12,2002 2003 2004 2005 2006 2007 2008 2009 2010 2011 2012 2013,13,pdf_text,data/series/cii/details-of-vehicles-stolen-recovered-and-co-ordinated-state-ut-city-wise__state-ut-city.csv
cii/directorate-general-assam-rifles-proforma-1-statement-on-migration-trafficking-of-persons-and-their-nationaili,cii,Seizures by Law Enforcement Agencies,,"DIRECTORATE GENERAL, ASSAM RIFLES PROFORMA 1 : STATEMENT ON MIGRATION/ TRAFFICKING OF PERSONS AND THEIR NATIONAILITY -2018",2017,2018,2,2017 2018,2,pdf_text,data/series/cii/directorate-general-assam-rifles-proforma-1-statement-on-migration-trafficking-of-persons-and-their-nationaili.csv
cii/directorate-of-revenue-intelligence-dri,cii,Seizures And Prosecution (Central Law Enforcement Agencies),,Directorate of Revenue Intelligence (DRI),2021,2023,3,2021 2022 2023,3,pdf_text,data/series/cii/directorate-of-revenue-intelligence-dri.csv
cii/directorate-of-revenue-intelligence-new-delhi-seizures-of-drugs-fake-indian-currency-foreign-currency-explosiv,cii,Seizures by Law Enforcement Agencies,,"DIRECTORATE OF REVENUE INTELLIGENCE, NEW DELHI SEIZURES OF DRUGS, FAKE INDIAN CURRENCY/FOREIGN CURRENCY, EXPLOSIVES & WILDLIFE etc.-2018",2017,2018,2,2017 2018,2,pdf_text,data/series/cii/directorate-of-revenue-intelligence-new-delhi-seizures-of-drugs-fake-indian-currency-foreign-currency-explosiv.csv
cii/disposal-of-cases-and-persons-arrested-for-crimes-by-railway-protection-force,cii,Crime in Railways (Railway Protection Force),,Disposal of Cases and Persons Arrested for Crimes by Railway Protection Force - 2024,2017,2024,8,2017 2018 2019 2020 2021 2022 2023 2024,8,pdf_text,data/series/cii/disposal-of-cases-and-persons-arrested-for-crimes-by-railway-protection-force.csv
cii/disposal-of-cases-for-crimes-committed-against-children-by-courts-crime-head-wise,cii,Crime Against Children,,Disposal of cases for Crimes Committed Against Children by Courts (Crime Head-wise),2001,2013,13,2001 2002 2003 2004 2005 2006 2007 2008 2009 2010 2011 2012 2013,13,pdf_text,data/series/cii/disposal-of-cases-for-crimes-committed-against-children-by-courts-crime-head-wise.csv
cii/disposal-of-cases-for-crimes-committed-against-children-by-courts-state-ut-wise__state-ut,cii,Crime Against Children,state-ut,Disposal of Cases for Crimes Committed Against Children by Courts (State/UT- wise),2001,2013,13,2001 2002 2003 2004 2005 2006 2007 2008 2009 2010 2011 2012 2013,13,pdf_text,data/series/cii/disposal-of-cases-for-crimes-committed-against-children-by-courts-state-ut-wise__state-ut.csv
cii/disposal-of-cases-for-crimes-committed-against-children-by-police-crime-head-wise,cii,Crime Against Children,,Disposal of Cases for Crimes Committed Against Children by Police (Crime Head-wise),2001,2013,13,2001 2002 2003 2004 2005 2006 2007 2008 2009 2010 2011 2012 2013,13,pdf_text,data/series/cii/disposal-of-cases-for-crimes-committed-against-children-by-police-crime-head-wise.csv
cii/disposal-of-cases-for-crimes-committed-against-children-by-police-state-ut-wise__state-ut,cii,Crime Against Children,state-ut,Disposal of Cases for Crimes Committed Against Children by Police (State/UT- wise),2001,2013,13,2001 2002 2003 2004 2005 2006 2007 2008 2009 2010 2011 2012 2013,13,pdf_text,data/series/cii/disposal-of-cases-for-crimes-committed-against-children-by-police-state-ut-wise__state-ut.csv
cii/disposal-of-cases-for-crimes-committed-against-scs-by-courts-crime-head-wise,cii,Crime Against Persons Belonging to SCs / STs,,Disposal of Cases for Crimes Committed Against SCs by Courts (Crime Head- wise),2001,2013,13,2001 2002 2003 2004 2005 2006 2007 2008 2009 2010 2011 2012 2013,14,pdf_text,data/series/cii/disposal-of-cases-for-crimes-committed-against-scs-by-courts-crime-head-wise.csv
cii/disposal-of-cases-for-crimes-committed-against-scs-by-courts-state-ut-wise__state-ut,cii,Crime Against Persons Belonging to SCs / STs,state-ut,Disposal of Cases for Crimes Committed Against SCs by Courts (State/UT-wise),2001,2013,13,2001 2002 2003 2004 2005 2006 2007 2008 2009 2010 2011 2012 2013,13,pdf_text,data/series/cii/disposal-of-cases-for-crimes-committed-against-scs-by-courts-state-ut-wise__state-ut.csv
cii/disposal-of-cases-for-crimes-committed-against-scs-by-police-crime-head-wise,cii,Crime Against Persons Belonging to SCs / STs,,Disposal of Cases for Crimes Committed Against SCs by Police (Crime Head wise),2002,2013,12,2002 2003 2004 2005 2006 2007 2008 2009 2010 2011 2012 2013,13,pdf_text,data/series/cii/disposal-of-cases-for-crimes-committed-against-scs-by-police-crime-head-wise.csv
cii/disposal-of-cases-for-crimes-committed-against-scs-by-police-state-ut-wise__state-ut,cii,Crime Against Persons Belonging to SCs / STs,state-ut,Disposal of Cases for Crimes Committed Against SCs by Police (State & UT wise),2001,2013,13,2001 2002 2003 2004 2005 2006 2007 2008 2009 2010 2011 2012 2013,14,pdf_text,data/series/cii/disposal-of-cases-for-crimes-committed-against-scs-by-police-state-ut-wise__state-ut.csv
cii/disposal-of-cases-for-crimes-committed-against-sts-by-courts-crime-head-wise,cii,Crime Against Persons Belonging to SCs / STs,,Disposal of Cases for Crimes Committed Against STs by Courts (Crime Head- wise,2001,2013,13,2001 2002 2003 2004 2005 2006 2007 2008 2009 2010 2011 2012 2013,14,pdf_text,data/series/cii/disposal-of-cases-for-crimes-committed-against-sts-by-courts-crime-head-wise.csv
cii/disposal-of-cases-for-crimes-committed-against-sts-by-courts-state-ut-wise__state-ut,cii,Crime Against Persons Belonging to SCs / STs,state-ut,Disposal of Cases for Crimes Committed Against STs by Courts (State & UT- wise),2001,2013,13,2001 2002 2003 2004 2005 2006 2007 2008 2009 2010 2011 2012 2013,14,pdf_text,data/series/cii/disposal-of-cases-for-crimes-committed-against-sts-by-courts-state-ut-wise__state-ut.csv
cii/disposal-of-cases-for-crimes-committed-against-sts-by-police-crime-head-wise,cii,Crime Against Persons Belonging to SCs / STs,,Disposal of Cases for Crimes Committed Against STs by Police (Crime Head-wise),2001,2013,13,2001 2002 2003 2004 2005 2006 2007 2008 2009 2010 2011 2012 2013,14,pdf_text,data/series/cii/disposal-of-cases-for-crimes-committed-against-sts-by-police-crime-head-wise.csv
cii/disposal-of-cases-for-crimes-committed-against-sts-by-police-state-ut-wise__state-ut,cii,Crime Against Persons Belonging to SCs / STs,state-ut,Disposal of Cases for Crimes Committed Against STs by Police (State & UT- wise),2001,2013,12,2001 2002 2003 2004 2006 2007 2008 2009 2010 2011 2012 2013,13,pdf_text,data/series/cii/disposal-of-cases-for-crimes-committed-against-sts-by-police-state-ut-wise__state-ut.csv
cii/disposal-of-cases-relating-to-human-trafficking-by-courts-all-india__all-india,cii,Human Trafficking & Child Trafficking,all-india,Disposal of Cases Relating to Human Trafficking by Courts During 2015 (All India),2014,2015,2,2014 2015,2,pdf_text,data/series/cii/disposal-of-cases-relating-to-human-trafficking-by-courts-all-india__all-india.csv
cii/disposal-of-cases-relating-to-human-trafficking-by-police-all-india__all-india,cii,Human Trafficking & Child Trafficking,all-india,Disposal of Cases Relating to Human Trafficking by Police During 2015 (All India),2014,2015,2,2014 2015,2,pdf_text,data/series/cii/disposal-of-cases-relating-to-human-trafficking-by-police-all-india__all-india.csv
cii/disposal-of-cases-under-crimes-committed-against-sts-by-courts-all-india__all-india,cii,Crime Against Persons Belonging to SCs / STs,all-india,Disposal of Cases under Crimes Committed Against STs by Courts During 2015 (All India),2014,2015,2,2014 2015,2,pdf_text,data/series/cii/disposal-of-cases-under-crimes-committed-against-sts-by-courts-all-india__all-india.csv
cii/disposal-of-cases-under-crimes-committed-against-sts-by-police-all-india__all-india,cii,Crime Against Persons Belonging to SCs / STs,all-india,Disposal of Cases under Crimes Committed Against STs by Police During 2015 (All India),2014,2015,2,2014 2015,2,pdf_text,data/series/cii/disposal-of-cases-under-crimes-committed-against-sts-by-police-all-india__all-india.csv
cii/disposal-of-cases-under-i-p-c-by-courts-percentage-of-disposal-of-cases-under-i-p-c-by-the-courts,cii,Crime Survey,,Disposal of Cases under I.P.C. by Courts in 1978; Percentage of Disposal of Cases under I.P.C. by the Courts During 1978,1977,1978,2,1977 1978,2,pdf_vlm,data/series/cii/disposal-of-cases-under-i-p-c-by-courts-percentage-of-disposal-of-cases-under-i-p-c-by-the-courts.csv
cii/disposal-of-cases-under-local-and-special-laws-by-courts-percentage-distribution-of-crime-cases-under-local-an,cii,Crime Survey,,Disposal of Cases under Local and Special Laws by Courts During 1977; Percentage Distribution of Crime Cases under Local and Spe,1975,1977,2,1975 1977,2,pdf_vlm,data/series/cii/disposal-of-cases-under-local-and-special-laws-by-courts-percentage-distribution-of-crime-cases-under-local-an.csv
cii/disposal-of-cases-under-local-special-laws-by-courts-percentage-distribution-of-crime-cases-under-local-specia,cii,Crime Survey,,Disposal of Cases under Local & Special Laws by Courts During 1983; Percentage Distribution of Crime Cases under Local & Special Laws and their Disposal by Courts During 1983,1978,1983,2,1978 1983,2,pdf_vlm,data/series/cii/disposal-of-cases-under-local-special-laws-by-courts-percentage-distribution-of-crime-cases-under-local-specia.csv
cii/disposal-of-crime-cases-under-the-ipc-by-the-police,cii,Crime Survey,,Disposal of Crime Cases Under the IPC by the Police During 1987,1984,1987,3,1984 1985 1987,3,pdf_vlm,data/series/cii/disposal-of-crime-cases-under-the-ipc-by-the-police.csv
cii/disposal-of-crime-committed-against-women-cases-by-police-all-india__all-india,cii,Crime Against Women,all-india,Disposal of Crime Committed Against Women Cases By Police During 2015 (All India),2014,2015,2,2014 2015,2,pdf_text,data/series/cii/disposal-of-crime-committed-against-women-cases-by-police-all-india__all-india.csv
cii/disposal-of-crime-under-local-and-special-laws-by-police-percentage-of-cases-not-investigated-pending-inv,cii,Crime Survey,,"Disposal of Crime under Local and Special Laws by Police During the Year 1977; Percentage of Cases not Investigated, Pending Inv",1975,1977,2,1975 1977,2,pdf_vlm,data/series/cii/disposal-of-crime-under-local-and-special-laws-by-police-percentage-of-cases-not-investigated-pending-inv.csv
cii/disposal-of-crime-under-the-local-special-laws-by-police,cii,Crime Survey,,Disposal of Crime under the Local & Special Laws by Police During 1987,1984,1987,2,1984 1987,2,pdf_vlm,data/series/cii/disposal-of-crime-under-the-local-special-laws-by-police.csv
cii/disposal-of-crimes-committed-against-scs-cases-by-courts-all-india__all-india,cii,Crime Against Persons Belonging to SCs / STs,all-india,Disposal of Crimes Committed Against SCs Cases by Courts During 2015 (All India),2014,2015,2,2014 2015,2,pdf_text,data/series/cii/disposal-of-crimes-committed-against-scs-cases-by-courts-all-india__all-india.csv
cii/disposal-of-crimes-committed-against-women-cases-by-courts-all-india__all-india,cii,Crime Against Women,all-india,Disposal of Crimes Committed Against Women Cases By Courts During 2015 (All India),2014,2015,2,2014 2015,2,pdf_text,data/series/cii/disposal-of-crimes-committed-against-women-cases-by-courts-all-india__all-india.csv
cii/disposal-of-foreigners-arrested-under-cognizable-crimes-ipc-sll-all-india__all-india,cii,Crime Committed by Foreigners,all-india,Disposal Of Foreigners Arrested Under Cognizable Crimes (IPC & SLL) During 2015 (All India),2014,2015,2,2014 2015,2,pdf_text,data/series/cii/disposal-of-foreigners-arrested-under-cognizable-crimes-ipc-sll-all-india__all-india.csv
cii/disposal-of-ipc-cases-by-courts,cii,Crime Survey,,Disposal of IPC Cases by Courts During 1998,1994,1998,5,1994 1995 1996 1997 1998,5,pdf_vlm,data/series/cii/disposal-of-ipc-cases-by-courts.csv
cii/disposal-of-ipc-cases-by-police-state-ut-wise__state-ut,cii,Crime Survey,state-ut,Disposal of IPC Cases by Police During 1999 (State & UT-Wise),1998,1999,2,1998 1999,2,pdf_vlm,data/series/cii/disposal-of-ipc-cases-by-police-state-ut-wise__state-ut.csv
cii/disposal-of-ipc-crime-cases-by-courts,cii,Crime Survey,,Disposal of IPC Crime Cases by Courts During 1993,1988,1993,6,1988 1989 1990 1991 1992 1993,6,pdf_vlm,data/series/cii/disposal-of-ipc-crime-cases-by-courts.csv
cii/disposal-of-ipc-crime-cases-by-courts-crime-head-wise,cii,Disposal of Cases by Police & Courts,,Disposal of IPC Crime Cases by Courts (Crime Head-wise),2001,2013,11,2001 2002 2003 2004 2005 2006 2007 2008 2010 2011 2013,11,pdf_text,data/series/cii/disposal-of-ipc-crime-cases-by-courts-crime-head-wise.csv
cii/disposal-of-ipc-crime-cases-by-courts-state-ut-wise__state-ut,cii,Disposal of Cases by Police & Courts,state-ut,Disposal of IPC Crime Cases by Courts (State & UT-wise),1993,2013,17,1993 1994 1995 1996 1997 1999 2001 2002 2003 2004 2005 2006 2007 2008 2010 2011 2013,17,pdf_ocr pdf_text pdf_vlm,data/series/cii/disposal-of-ipc-crime-cases-by-courts-state-ut-wise__state-ut.csv
cii/disposal-of-ipc-crime-cases-by-police,cii,Crime Survey,,Disposal of IPC Crime Cases by Police During 1999,1988,1999,12,1988 1989 1990 1991 1992 1993 1994 1995 1996 1997 1998 1999,12,pdf_vlm,data/series/cii/disposal-of-ipc-crime-cases-by-police.csv
cii/disposal-of-ipc-crime-cases-by-police-crime-head-wise,cii,Disposal of Cases by Police & Courts,,Disposal of IPC Crime Cases by Police (Crime Head-wise),2001,2013,12,2001 2002 2003 2004 2005 2006 2007 2008 2010 2011 2012 2013,12,pdf_text,data/series/cii/disposal-of-ipc-crime-cases-by-police-crime-head-wise.csv
cii/disposal-of-ipc-crime-cases-by-police-state-ut-wise__state-ut,cii,Crime Survey,state-ut,Disposal of IPC Crime Cases by Police During 1997 (State & UT-Wise),1993,1997,5,1993 1994 1995 1996 1997,5,pdf_ocr pdf_vlm,data/series/cii/disposal-of-ipc-crime-cases-by-police-state-ut-wise__state-ut.csv
cii/disposal-of-ipc-crimes-cases-by-police-state-ut-wise__state-ut,cii,Disposal of Cases by Police & Courts,state-ut,Disposal of IPC Crimes Cases by Police (State & UT-wise),2001,2013,11,2001 2002 2003 2004 2005 2006 2007 2008 2010 2011 2013,11,pdf_text,data/series/cii/disposal-of-ipc-crimes-cases-by-police-state-ut-wise__state-ut.csv
cii/disposal-of-ipc-criminal-cases-by-courts-all-india__all-india,cii,Disposal of Cases by Police & Courts,all-india,Disposal of IPC Criminal Cases by Courts During 2015 (All India),2014,2015,2,2014 2015,2,pdf_text,data/series/cii/disposal-of-ipc-criminal-cases-by-courts-all-india__all-india.csv
cii/disposal-of-ipc-criminal-cases-by-courts-state-ut-wise__state-ut,cii,Disposal of Cases by Police & Courts,state-ut,Disposal of IPC Criminal Cases by Courts During 2015 (State/UT-Wise),2014,2015,2,2014 2015,2,pdf_text,data/series/cii/disposal-of-ipc-criminal-cases-by-courts-state-ut-wise__state-ut.csv
cii/disposal-of-ipc-criminal-cases-by-police-all-india__all-india,cii,Disposal of Cases by Police & Courts,all-india,Disposal of IPC Criminal Cases by Police During 2015 (All India),2014,2015,2,2014 2015,2,pdf_text,data/series/cii/disposal-of-ipc-criminal-cases-by-police-all-india__all-india.csv
cii/disposal-of-ipc-criminal-cases-by-police-state-ut-wise__state-ut,cii,Disposal of Cases by Police & Courts,state-ut,Disposal of IPC Criminal Cases by Police During 2015 (State/UT-Wise),2014,2015,2,2014 2015,2,pdf_text,data/series/cii/disposal-of-ipc-criminal-cases-by-police-state-ut-wise__state-ut.csv
cii/disposal-of-juveniles-apprehended-city-wise__city,cii,Juveniles in Conflict with Law (Metropolitan Cities),city,Disposal of Juveniles Apprehended (City-wise) – 2024,2021,2024,4,2021 2022 2023 2024,7,excel pdf_text,data/series/cii/disposal-of-juveniles-apprehended-city-wise__city.csv
cii/disposal-of-juveniles-apprehended-state-ut-wise__state-ut,cii,Juveniles in Conflict with Law (States/UTs),state-ut,Disposal of Juveniles Apprehended (State/UT-wise) – 2024,2021,2024,4,2021 2022 2023 2024,4,pdf_text,data/series/cii/disposal-of-juveniles-apprehended-state-ut-wise__state-ut.csv
cii/disposal-of-juveniles-arrested-city-wise__city,cii,Juveniles In Conflict With Law (34 Metropolitan Cities),city,Disposal of Juveniles Arrested (City-wise) - 2020,2016,2020,5,2016 2017 2018 2019 2020,9,excel pdf_text,data/series/cii/disposal-of-juveniles-arrested-city-wise__city.csv
cii/disposal-of-juveniles-arrested-states-ut-wise__state-ut,cii,Juveniles in Conflict with Law (States/UTs),state-ut,Disposal of Juveniles Arrested (States/UT-wise) - 2020,2016,2020,5,2016 2017 2018 2019 2020,5,pdf_text,data/series/cii/disposal-of-juveniles-arrested-states-ut-wise__state-ut.csv
cii/disposal-of-juveniles-arrested-under-ipc-and-sll-crimes-and-sent-to-courts-state-ut-city-wise__state-ut-city,cii,Crime Survey,state-ut-city,"Disposal of Juveniles Arrested (Under IPC and SLL Crimes) and Sent to Courts During 1998 (State, UT & City-Wise)",1994,1998,4,1994 1995 1997 1998,4,pdf_vlm,data/series/cii/disposal-of-juveniles-arrested-under-ipc-and-sll-crimes-and-sent-to-courts-state-ut-city-wise__state-ut-city.csv
cii/disposal-of-juveniles-arrested-under-ipc-lsl-crimes-and-sent-to-courts-state-ut-city-wise__state-ut-city,cii,Crime Survey,state-ut-city,"Disposal of Juveniles Arrested (under IPC & LSL Crimes) and Sent to Courts During 1992 (State, UT & City-wise)",1988,1992,5,1988 1989 1990 1991 1992,5,pdf_vlm,data/series/cii/disposal-of-juveniles-arrested-under-ipc-lsl-crimes-and-sent-to-courts-state-ut-city-wise__state-ut-city.csv
cii/disposal-of-juveniles-arrested-under-ipc-sll-crimes-and-sent-to-courts-state-ut-city-wise__state-ut-city,cii,Crime Survey,state-ut-city,"Disposal of Juveniles arrested (under IPC & SLL Crimes) and sent to Courts (State, UT & City wise)",1999,2001,2,1999 2001,2,pdf_text pdf_vlm,data/series/cii/disposal-of-juveniles-arrested-under-ipc-sll-crimes-and-sent-to-courts-state-ut-city-wise__state-ut-city.csv
cii/disposal-of-juveniles-arrested-under-ipc-sll-crimes-and-sent-to-courts-state-ut-wise__state-ut,cii,Juveniles in Conflict with Law,state-ut,Disposal of Juveniles Arrested (under IPC & SLL Crimes) and Sent to Courts (State & UT-wise),2002,2013,12,2002 2003 2004 2005 2006 2007 2008 2009 2010 2011 2012 2013,13,pdf_text,data/series/cii/disposal-of-juveniles-arrested-under-ipc-sll-crimes-and-sent-to-courts-state-ut-wise__state-ut.csv
cii/disposal-of-juveniles-sent-to-court,cii,Crime Survey,,Disposal of Juveniles Sent to Court During 1982,1976,1982,6,1976 1977 1978 1980 1981 1982,6,pdf_ocr pdf_vlm,data/series/cii/disposal-of-juveniles-sent-to-court.csv
cii/disposal-of-juveniles-sent-to-courts,cii,Crime Survey,,Disposal of Juveniles Sent to Courts During 1987,1984,1987,4,1984 1985 1986 1987,4,pdf_vlm,data/series/cii/disposal-of-juveniles-sent-to-courts.csv
cii/disposal-of-lsl-crime-cases-by-courts,cii,Crime Survey,,Disposal of LSL Crime Cases by Courts During 1992,1988,1992,5,1988 1989 1990 1991 1992,5,pdf_vlm,data/series/cii/disposal-of-lsl-crime-cases-by-courts.csv
cii/disposal-of-lsl-crime-cases-by-police,cii,Crime Survey,,Disposal of LSL Crime Cases by Police During 1992,1988,1992,5,1988 1989 1990 1991 1992,5,pdf_vlm,data/series/cii/disposal-of-lsl-crime-cases-by-police.csv
cii/disposal-of-persons-arrested-for-committing-crime-against-children-by-courts-all-india__all-india,cii,Crime Against Children,all-india,Disposal of Persons Arrested for Committing Crime Against Children by Courts During 2015 (All India),2014,2015,2,2014 2015,2,pdf_text,data/series/cii/disposal-of-persons-arrested-for-committing-crime-against-children-by-courts-all-india__all-india.csv
cii/disposal-of-persons-arrested-for-committing-crime-against-children-by-courts-crime-head-wise,cii,Crime Against Children,,Disposal of Persons Arrested for Committing Crime Against Children by Courts (Crime Head-wise),2001,2012,12,2001 2002 2003 2004 2005 2006 2007 2008 2009 2010 2011 2012,12,pdf_text,data/series/cii/disposal-of-persons-arrested-for-committing-crime-against-children-by-courts-crime-head-wise.csv
cii/disposal-of-persons-arrested-for-committing-crime-against-children-by-courts-state-ut-wise,cii,Crime Against Children,,"Disposal of Persons Arrested for Committing Crime Against Children by Courts (State, UT-wise)",2002,2012,11,2002 2003 2004 2005 2006 2007 2008 2009 2010 2011 2012,11,pdf_text,data/series/cii/disposal-of-persons-arrested-for-committing-crime-against-children-by-courts-state-ut-wise.csv
cii/disposal-of-persons-arrested-for-committing-crime-against-children-by-police-all-india__all-india,cii,Crime Against Children,all-india,Disposal of Persons Arrested for Committing Crime Against Children by Police During 2015 (All India),2014,2015,2,2014 2015,2,pdf_text,data/series/cii/disposal-of-persons-arrested-for-committing-crime-against-children-by-police-all-india__all-india.csv
cii/disposal-of-persons-arrested-for-committing-crime-against-children-by-police-crime-head-wise,cii,Crime Against Children,,Disposal of Persons Arrested for Committing Crime Against Children by Police (Crime Head-wise),2001,2012,12,2001 2002 2003 2004 2005 2006 2007 2008 2009 2010 2011 2012,12,pdf_text,data/series/cii/disposal-of-persons-arrested-for-committing-crime-against-children-by-police-crime-head-wise.csv
cii/disposal-of-persons-arrested-for-committing-crime-against-children-by-police-state-ut-wise,cii,Crime Against Children,,"Disposal of Persons Arrested for Committing Crime Against Children by Police (State, UT-wise)",2002,2012,11,2002 2003 2004 2005 2006 2007 2008 2009 2010 2011 2012,11,pdf_text,data/series/cii/disposal-of-persons-arrested-for-committing-crime-against-children-by-police-state-ut-wise.csv
cii/disposal-of-persons-arrested-for-committing-crime-against-scs-by-police-state-ut-wise__state-ut,cii,Crime Against Persons Belonging to SCs / STs,state-ut,Disposal of Persons Arrested for Committing Crime Against SCs by Police (State & UT-wise),2001,2013,13,2001 2002 2003 2004 2005 2006 2007 2008 2009 2010 2011 2012 2013,14,pdf_text,data/series/cii/disposal-of-persons-arrested-for-committing-crime-against-scs-by-police-state-ut-wise__state-ut.csv
cii/disposal-of-persons-arrested-for-committing-crimes-against-scs-by-courts-all-india__all-india,cii,Crime Against Persons Belonging to SCs / STs,all-india,Disposal of Persons Arrested for Committing Crimes Against SCs by Courts During 2015 (All India),2014,2015,2,2014 2015,2,pdf_text,data/series/cii/disposal-of-persons-arrested-for-committing-crimes-against-scs-by-courts-all-india__all-india.csv
cii/disposal-of-persons-arrested-for-committing-crimes-against-scs-by-courts-crime-head-wise,cii,Crime Against Persons Belonging to SCs / STs,,Disposal of Persons Arrested for Committing Crimes Against SCs by Courts (Crime Head-wise),2002,2013,12,2002 2003 2004 2005 2006 2007 2008 2009 2010 2011 2012 2013,13,pdf_text,data/series/cii/disposal-of-persons-arrested-for-committing-crimes-against-scs-by-courts-crime-head-wise.csv
cii/disposal-of-persons-arrested-for-committing-crimes-against-scs-by-courts-state-ut-wise__state-ut,cii,Crime Against Persons Belonging to SCs / STs,state-ut,Disposal of Persons Arrested for Committing Crimes Against SCs by Courts (State & UT-wise),2002,2013,12,2002 2003 2004 2005 2006 2007 2008 2009 2010 2011 2012 2013,13,pdf_text,data/series/cii/disposal-of-persons-arrested-for-committing-crimes-against-scs-by-courts-state-ut-wise__state-ut.csv
cii/disposal-of-persons-arrested-for-committing-crimes-against-scs-by-police-all-india__all-india,cii,Crime Against Persons Belonging to SCs / STs,all-india,Disposal of Persons Arrested for Committing Crimes Against SCs by Police During 2015 (All India,2014,2015,2,2014 2015,2,pdf_text,data/series/cii/disposal-of-persons-arrested-for-committing-crimes-against-scs-by-police-all-india__all-india.csv
cii/disposal-of-persons-arrested-for-committing-crimes-against-scs-by-police-crime-head-wise,cii,Crime Against Persons Belonging to SCs / STs,,Disposal of Persons Arrested for Committing Crimes Against SCs by Police (Crime Head-wise),2002,2013,12,2002 2003 2004 2005 2006 2007 2008 2009 2010 2011 2012 2013,13,pdf_text,data/series/cii/disposal-of-persons-arrested-for-committing-crimes-against-scs-by-police-crime-head-wise.csv
cii/disposal-of-persons-arrested-for-committing-crimes-against-sts-by-courts-all-india__all-india,cii,Crime Against Persons Belonging to SCs / STs,all-india,Disposal of Persons Arrested for Committing Crimes Against STs by Courts During 2015 (All India),2014,2015,2,2014 2015,2,pdf_text,data/series/cii/disposal-of-persons-arrested-for-committing-crimes-against-sts-by-courts-all-india__all-india.csv
cii/disposal-of-persons-arrested-for-committing-crimes-against-sts-by-courts-crime-head-wise,cii,Crime Against Persons Belonging to SCs / STs,,Disposal of Persons Arrested for Committing Crimes Against STs by Courts (Crime Head-wise),2002,2013,12,2002 2003 2004 2005 2006 2007 2008 2009 2010 2011 2012 2013,13,pdf_text,data/series/cii/disposal-of-persons-arrested-for-committing-crimes-against-sts-by-courts-crime-head-wise.csv
cii/disposal-of-persons-arrested-for-committing-crimes-against-sts-by-courts-state-ut-wise__state-ut,cii,Crime Against Persons Belonging to SCs / STs,state-ut,Disposal of Persons Arrested for Committing Crimes Against STs by Courts (State & UT-wise),2002,2013,12,2002 2003 2004 2005 2006 2007 2008 2009 2010 2011 2012 2013,13,pdf_text,data/series/cii/disposal-of-persons-arrested-for-committing-crimes-against-sts-by-courts-state-ut-wise__state-ut.csv
cii/disposal-of-persons-arrested-for-committing-crimes-against-sts-by-police-all-india__all-india,cii,Crime Against Persons Belonging to SCs / STs,all-india,Disposal of Persons Arrested for Committing Crimes Against STs by Police During 2015 (All India),2014,2015,2,2014 2015,2,pdf_text,data/series/cii/disposal-of-persons-arrested-for-committing-crimes-against-sts-by-police-all-india__all-india.csv
cii/disposal-of-persons-arrested-for-committing-crimes-against-sts-by-police-crime-head-wise,cii,Crime Against Persons Belonging to SCs / STs,,Disposal of Persons Arrested for Committing Crimes Against STs by Police (Crime Head-wise),2002,2013,12,2002 2003 2004 2005 2006 2007 2008 2009 2010 2011 2012 2013,13,pdf_text,data/series/cii/disposal-of-persons-arrested-for-committing-crimes-against-sts-by-police-crime-head-wise.csv
cii/disposal-of-persons-arrested-for-committing-crimes-against-sts-by-police-state-ut-wise__state-ut,cii,Crime Against Persons Belonging to SCs / STs,state-ut,Disposal of Persons Arrested for Committing Crimes Against STs by Police (State & UT-wise),2002,2013,11,2002 2003 2004 2006 2007 2008 2009 2010 2011 2012 2013,12,pdf_text,data/series/cii/disposal-of-persons-arrested-for-committing-crimes-against-sts-by-police-state-ut-wise__state-ut.csv
cii/disposal-of-persons-arrested-for-committing-crimes-against-women-by-courts-all-india__all-india,cii,Crime Against Women,all-india,Disposal of Persons Arrested for Committing Crimes Against Women by Courts During 2015 (All India),2014,2015,2,2014 2015,2,pdf_text,data/series/cii/disposal-of-persons-arrested-for-committing-crimes-against-women-by-courts-all-india__all-india.csv
cii/disposal-of-persons-arrested-for-crime-against-children-city-wise__city,cii,Crime Against Children (Metropolitan Cities),city,Disposal of Persons Arrested for Crime Against Children(City-wise) – 2024,2016,2024,9,2016 2017 2018 2019 2020 2021 2022 2023 2024,17,excel pdf_text,data/series/cii/disposal-of-persons-arrested-for-crime-against-children-city-wise__city.csv
cii/disposal-of-persons-arrested-for-crime-against-children-crime-head-wise,cii,Crime Against Children (States/UTs),,Disposal of Persons Arrested for Crime Against Children (Crime Head-wise) – 2024,2016,2024,9,2016 2017 2018 2019 2020 2021 2022 2023 2024,22,pdf_text,data/series/cii/disposal-of-persons-arrested-for-crime-against-children-crime-head-wise.csv
cii/disposal-of-persons-arrested-for-crime-against-children-crime-head-wise-in-metropolitan-cities__city,cii,Crime Against Children (34 Metropolitan Cities),city,Disposal of Persons Arrested for Crime against Children (Crime Head-wise) in Metropolitan Cities - 2024,2020,2024,3,2020 2021 2024,6,excel,data/series/cii/disposal-of-persons-arrested-for-crime-against-children-crime-head-wise-in-metropolitan-cities__city.csv
cii/disposal-of-persons-arrested-for-crime-against-children-state-ut-wise__state-ut,cii,Crime Against Children (States/UTs),state-ut,Disposal of Persons Arrested for Crime Against Children (State/UT-wise) – 2024,2016,2024,8,2016 2018 2019 2020 2021 2022 2023 2024,8,pdf_text,data/series/cii/disposal-of-persons-arrested-for-crime-against-children-state-ut-wise__state-ut.csv
cii/disposal-of-persons-arrested-for-crime-against-senior-citizen-crime-head-wise,cii,Crime Against Senior Citizens (States/UTs),,Disposal of Persons Arrested for Crime Against Senior Citizen (Crime Head-wise) -2024,2017,2024,8,2017 2018 2019 2020 2021 2022 2023 2024,9,pdf_text,data/series/cii/disposal-of-persons-arrested-for-crime-against-senior-citizen-crime-head-wise.csv
cii/disposal-of-persons-arrested-for-crime-against-senior-citizen-state-ut-wise__state-ut,cii,Crime Against Senior Citizens (States/UTs),state-ut,Disposal of Persons Arrested for Crime Against Senior Citizen (State/UT-wise) -2024,2017,2024,8,2017 2018 2019 2020 2021 2022 2023 2024,8,pdf_text,data/series/cii/disposal-of-persons-arrested-for-crime-against-senior-citizen-state-ut-wise__state-ut.csv
cii/disposal-of-persons-arrested-for-crime-against-women-city-wise__city,cii,Crime Against Women (Metropolitan Cities),city,Disposal of Persons Arrested for Crime Against Women (City-wise) – 2024,2016,2024,9,2016 2017 2018 2019 2020 2021 2022 2023 2024,17,excel pdf_text,data/series/cii/disposal-of-persons-arrested-for-crime-against-women-city-wise__city.csv
cii/disposal-of-persons-arrested-for-crime-against-women-crime-head-wise,cii,Crime Against Women (States/UTs),,Disposal of Persons Arrested for Crime Against Women (Crime Head-wise) - 2024,2016,2024,9,2016 2017 2018 2019 2020 2021 2022 2023 2024,23,pdf_text,data/series/cii/disposal-of-persons-arrested-for-crime-against-women-crime-head-wise.csv
cii/disposal-of-persons-arrested-for-crime-against-women-in-metropolitan-cities__city,cii,Crime Against Women (34 Metropolitan Cities),city,Disposal of Persons Arrested for Crime against Women in Metropolitan Cities - 2024,2017,2024,4,2017 2020 2021 2024,7,excel pdf_text,data/series/cii/disposal-of-persons-arrested-for-crime-against-women-in-metropolitan-cities__city.csv
cii/disposal-of-persons-arrested-for-crime-against-women-state-ut-wise__state-ut,cii,Crime Against Women (States/UTs),state-ut,Disposal of Persons Arrested for Crime Against Women (State/UT-wise) - 2024,2021,2024,4,2021 2022 2023 2024,4,pdf_text,data/series/cii/disposal-of-persons-arrested-for-crime-against-women-state-ut-wise__state-ut.csv
cii/disposal-of-persons-arrested-for-crime-against-women-states-ut-wise__state-ut,cii,Crime Against Women (States/UTs),state-ut,Disposal of Persons Arrested for Crime Against Women (States/UT-wise) - 2020,2016,2020,5,2016 2017 2018 2019 2020,5,pdf_text,data/series/cii/disposal-of-persons-arrested-for-crime-against-women-states-ut-wise__state-ut.csv
cii/disposal-of-persons-arrested-for-crime-atrocities-against-scheduled-caste-s-crime-head-wise,cii,Crime/atrocities Against Scheduled Castes (34 Metropolitan Cities),,Disposal of Persons Arrested for Crime/Atrocities against Scheduled Caste(s) (Crime Head-wise) - 2024,2020,2024,3,2020 2021 2024,6,excel,data/series/cii/disposal-of-persons-arrested-for-crime-atrocities-against-scheduled-caste-s-crime-head-wise.csv
cii/disposal-of-persons-arrested-for-crime-atrocities-against-scheduled-tribe-s-crime-head-wise,cii,Crime/atrocities Against Scheduled Tribes (34 Metropolitan Cities),,Disposal of Persons Arrested for Crime/Atrocities against Scheduled Tribe(s) (Crime Head-wise) - 2024,2020,2024,3,2020 2021 2024,6,excel,data/series/cii/disposal-of-persons-arrested-for-crime-atrocities-against-scheduled-tribe-s-crime-head-wise.csv
cii/disposal-of-persons-arrested-for-crime-atrocities-against-scs-city-wise__city,cii,Crime/Atrocities against Scheduled Castes (Metropolitan Cities),city,Disposal of Persons Arrested for Crime/Atrocities against SCs (City-wise) -2024,2016,2024,9,2016 2017 2018 2019 2020 2021 2022 2023 2024,17,excel pdf_text,data/series/cii/disposal-of-persons-arrested-for-crime-atrocities-against-scs-city-wise__city.csv
cii/disposal-of-persons-arrested-for-crime-atrocities-against-scs-crime-head-wise,cii,Crime/Atrocities against Scheduled Castes (Metropolitan Cities),,Disposal of Persons Arrested for Crime/Atrocities against SCs (Crime Head-wise) -2024,2016,2024,9,2016 2017 2018 2019 2020 2021 2022 2023 2024,23,pdf_text,data/series/cii/disposal-of-persons-arrested-for-crime-atrocities-against-scs-crime-head-wise.csv
cii/disposal-of-persons-arrested-for-crime-atrocities-against-scs-state-ut-wise__state-ut,cii,Crime/Atrocities against Scheduled Castes (States/UTs),state-ut,Disposal of Persons Arrested for Crime/Atrocities against SCs (State/UT-wise) -2024,2016,2024,9,2016 2017 2018 2019 2020 2021 2022 2023 2024,9,pdf_text,data/series/cii/disposal-of-persons-arrested-for-crime-atrocities-against-scs-state-ut-wise__state-ut.csv
cii/disposal-of-persons-arrested-for-crime-atrocities-against-sts-city-wise__city,cii,Crime/Atrocities against Scheduled Tribes (Metropolitan Cities),city,Disposal of Persons Arrested for Crime/Atrocities against STs (City-wise) -2024,2016,2024,9,2016 2017 2018 2019 2020 2021 2022 2023 2024,16,excel pdf_text,data/series/cii/disposal-of-persons-arrested-for-crime-atrocities-against-sts-city-wise__city.csv
cii/disposal-of-persons-arrested-for-crime-atrocities-against-sts-crime-head-wise,cii,Crime/Atrocities against Scheduled Tribes (States/UTs ),,Disposal of Persons Arrested for Crime/Atrocities against STs (Crime Head-wise) -2024,2016,2024,9,2016 2017 2018 2019 2020 2021 2022 2023 2024,22,pdf_text,data/series/cii/disposal-of-persons-arrested-for-crime-atrocities-against-sts-crime-head-wise.csv
cii/disposal-of-persons-arrested-for-crime-atrocities-against-sts-state-ut-wise__state-ut,cii,Crime/Atrocities against Scheduled Tribes (States/UTs ),state-ut,Disposal of Persons Arrested for Crime/Atrocities against STs (State/UT-Wise) -2024,2017,2024,8,2017 2018 2019 2020 2021 2022 2023 2024,8,pdf_text,data/series/cii/disposal-of-persons-arrested-for-crime-atrocities-against-sts-state-ut-wise__state-ut.csv
cii/disposal-of-persons-arrested-for-cyber-crime-cases-crime-head-wise,cii,Cyber Crimes (34 Metropolitan Cities),,Disposal of Persons Arrested for Cyber Crime Cases (Crime Head-wise) - 2021,2020,2021,2,2020 2021,4,excel,data/series/cii/disposal-of-persons-arrested-for-cyber-crime-cases-crime-head-wise.csv
cii/disposal-of-persons-arrested-for-economic-offences-crime-head-wise,cii,Economic Offences (34 Metropolitan Cities),,Disposal of Persons Arrested for Economic Offences (Crime Head-wise) - 2020,2016,2020,2,2016 2020,4,excel pdf_text,data/series/cii/disposal-of-persons-arrested-for-economic-offences-crime-head-wise.csv
cii/disposal-of-persons-arrested-under-cyber-crime-city-wise__city,cii,Cyber Crimes (34 Metropolitan Cities),city,Disposal of Persons Arrested under Cyber Crime (City wise) -2024,2016,2024,9,2016 2017 2018 2019 2020 2021 2022 2023 2024,18,excel pdf_text,data/series/cii/disposal-of-persons-arrested-under-cyber-crime-city-wise__city.csv
cii/disposal-of-persons-arrested-under-cyber-crime-crime-head-wise,cii,Cyber Crimes (Metropolitan Cities),,Disposal of Persons Arrested under Cyber Crime (Crime Head-wise) -2024,2016,2024,9,2016 2017 2018 2019 2020 2021 2022 2023 2024,16,excel pdf_text,data/series/cii/disposal-of-persons-arrested-under-cyber-crime-crime-head-wise.csv
cii/disposal-of-persons-arrested-under-cyber-crimes-crime-head-wise,cii,Cyber Crimes (States/UTs),,Disposal of Persons Arrested under Cyber Crimes (Crime Head-wise) -2024,2016,2024,9,2016 2017 2018 2019 2020 2021 2022 2023 2024,9,pdf_text,data/series/cii/disposal-of-persons-arrested-under-cyber-crimes-crime-head-wise.csv
cii/disposal-of-persons-arrested-under-cyber-crimes-state-ut-wise__state-ut,cii,Cyber Crimes (States/UTs),state-ut,Disposal of Persons Arrested under Cyber Crimes (State/UT-wise) -2024,2016,2024,9,2016 2017 2018 2019 2020 2021 2022 2023 2024,9,pdf_text,data/series/cii/disposal-of-persons-arrested-under-cyber-crimes-state-ut-wise__state-ut.csv
cii/disposal-of-persons-arrested-under-economic-offences-city-wise__city,cii,Economic Offences (Metropolitan Cities),city,Disposal of Persons Arrested under Economic Offences (City wise) -2024,2017,2024,8,2017 2018 2019 2020 2021 2022 2023 2024,12,excel pdf_text,data/series/cii/disposal-of-persons-arrested-under-economic-offences-city-wise__city.csv
cii/disposal-of-persons-arrested-under-economic-offences-crime-head-wise,cii,Economic Offences (Metropolitan Cities),,Disposal of Persons Arrested under Economic Offences (Crime Head-wise) -2024,2017,2024,8,2017 2018 2019 2020 2021 2022 2023 2024,21,excel pdf_text,data/series/cii/disposal-of-persons-arrested-under-economic-offences-crime-head-wise.csv
cii/disposal-of-persons-arrested-under-economic-offences-in-metropolitan-cities__city,cii,Economic Offences (34 Metropolitan Cities),city,Disposal of Persons Arrested under Economic Offences in Metropolitan Cities- 2018,2017,2018,2,2017 2018,2,excel pdf_text,data/series/cii/disposal-of-persons-arrested-under-economic-offences-in-metropolitan-cities__city.csv
cii/disposal-of-persons-arrested-under-economic-offences-state-ut-wise__state-ut,cii,Economic Offences (States/UTs),state-ut,Disposal of Persons Arrested under Economic Offences (State/UT-wise) -2024,2017,2024,8,2017 2018 2019 2020 2021 2022 2023 2024,8,pdf_text,data/series/cii/disposal-of-persons-arrested-under-economic-offences-state-ut-wise__state-ut.csv
cii/disposal-of-persons-arrested-under-environment-related-offences-crime-head-wise,cii,Offences related to Environment,,Disposal of Persons Arrested under Environment Related Offences (Crime Head-wise) -2024,2016,2024,9,2016 2017 2018 2019 2020 2021 2022 2023 2024,9,pdf_text,data/series/cii/disposal-of-persons-arrested-under-environment-related-offences-crime-head-wise.csv
cii/disposal-of-persons-arrested-under-environment-related-offences-state-ut-wise__state-ut,cii,Offences related to Environment,state-ut,Disposal of Persons Arrested under Environment Related Offences (State/UT-wise) -2024,2016,2024,8,2016 2017 2018 2019 2020 2022 2023 2024,8,pdf_text,data/series/cii/disposal-of-persons-arrested-under-environment-related-offences-state-ut-wise__state-ut.csv
cii/disposal-of-persons-arrested-under-i-p-c-crimes-under-investigation-by-police-disposal-of-persons-arrested-und,cii,Crime Survey,,Disposal of Persons Arrested under I.P.C. Crimes under Investigation by Police During 1982; Disposal of Persons Arrested under I.P.C. Crimes under Trial in Court During 1982,1977,1982,4,1977 1978 1979 1982,4,pdf_vlm,data/series/cii/disposal-of-persons-arrested-under-i-p-c-crimes-under-investigation-by-police-disposal-of-persons-arrested-und.csv
cii/disposal-of-persons-arrested-under-ipc-crimes-by-courts,cii,Crime Survey,,Disposal of Persons Arrested Under IPC Crimes by Courts During 1997,1988,1997,9,1988 1990 1991 1992 1993 1994 1995 1996 1997,9,pdf_vlm,data/series/cii/disposal-of-persons-arrested-under-ipc-crimes-by-courts.csv
cii/disposal-of-persons-arrested-under-ipc-crimes-by-courts-all-india__all-india,cii,Arrests and Trials,all-india,Disposal of Persons Arrested under IPC Crimes by Courts During 2015 (All-India),2014,2015,2,2014 2015,2,pdf_text,data/series/cii/disposal-of-persons-arrested-under-ipc-crimes-by-courts-all-india__all-india.csv
cii/disposal-of-persons-arrested-under-ipc-crimes-by-courts-crime-head-wise-all-india__all-india,cii,Arrests and Trials,all-india,Disposal of Persons Arrested under IPC Crimes by Courts (Crime Head-wise) (All-India),2001,2013,13,2001 2002 2003 2004 2005 2006 2007 2008 2009 2010 2011 2012 2013,13,pdf_text,data/series/cii/disposal-of-persons-arrested-under-ipc-crimes-by-courts-crime-head-wise-all-india__all-india.csv
cii/disposal-of-persons-arrested-under-ipc-crimes-by-courts-state-ut-wiae__state-ut,cii,Arrests and Trials,state-ut,Disposal of Persons Arrested under IPC Crimes by Courts (State & UT – wiae),2006,2013,8,2006 2007 2008 2009 2010 2011 2012 2013,8,pdf_text,data/series/cii/disposal-of-persons-arrested-under-ipc-crimes-by-courts-state-ut-wiae__state-ut.csv
cii/disposal-of-persons-arrested-under-ipc-crimes-by-courts-state-ut-wise__state-ut,cii,Crime Survey,state-ut,Disposal of Persons Arrested under IPC Crimes by Courts (State & UT- wise),1993,2005,11,1993 1994 1995 1996 1997 1998 1999 2002 2003 2004 2005,11,pdf_ocr pdf_text pdf_vlm,data/series/cii/disposal-of-persons-arrested-under-ipc-crimes-by-courts-state-ut-wise__state-ut.csv
cii/disposal-of-persons-arrested-under-ipc-crimes-by-police,cii,Crime Survey,,Disposal of Persons Arrested Under IPC Crimes by Police During 1997,1988,1997,9,1988 1990 1991 1992 1993 1994 1995 1996 1997,9,pdf_vlm,data/series/cii/disposal-of-persons-arrested-under-ipc-crimes-by-police.csv
cii/disposal-of-persons-arrested-under-ipc-crimes-by-police-all-india__all-india,cii,Arrests and Trials,all-india,Disposal of Persons Arrested under IPC Crimes by Police During 2015 (All-India),2014,2015,2,2014 2015,2,pdf_text,data/series/cii/disposal-of-persons-arrested-under-ipc-crimes-by-police-all-india__all-india.csv
cii/disposal-of-persons-arrested-under-ipc-crimes-by-police-crime-head-wise-all-india__all-india,cii,Arrests and Trials,all-india,Disposal of Persons Arrested under IPC Crimes by Police (Crime Head-wise) (All-India),2001,2013,13,2001 2002 2003 2004 2005 2006 2007 2008 2009 2010 2011 2012 2013,13,pdf_text,data/series/cii/disposal-of-persons-arrested-under-ipc-crimes-by-police-crime-head-wise-all-india__all-india.csv
cii/disposal-of-persons-arrested-under-ipc-crimes-by-police-state-ut-wise__state-ut,cii,Arrests and Trials,state-ut,Disposal of Persons Arrested under IPC Crimes by Police (State & UT-wise),1993,2013,17,1993 1994 1995 1996 1997 2002 2003 2004 2005 2006 2007 2008 2009 2010 2011 2012 2013,17,pdf_ocr pdf_text pdf_vlm,data/series/cii/disposal-of-persons-arrested-under-ipc-crimes-by-police-state-ut-wise__state-ut.csv
cii/disposal-of-persons-arrested-under-ipc-crimes-city-wise__city,cii,"Arrests, Convictions & Acquittals Of Persons (34 Metropolitan Cities)",city,Disposal of Persons Arrested under IPC Crimes (City-wise) - 2024,2016,2024,8,2016 2018 2019 2020 2021 2022 2023 2024,15,excel pdf_text,data/series/cii/disposal-of-persons-arrested-under-ipc-crimes-city-wise__city.csv
cii/disposal-of-persons-arrested-under-ipc-crimes-crime-head-wise,cii,"Arrests, Convictions & Acquittals of Persons (States/UTs)",,Disposal of Persons Arrested under IPC Crimes (Crime Head-wise) - 2024,2016,2024,9,2016 2017 2018 2019 2020 2021 2022 2023 2024,21,pdf_text,data/series/cii/disposal-of-persons-arrested-under-ipc-crimes-crime-head-wise.csv
cii/disposal-of-persons-arrested-under-ipc-crimes-crime-head-wise-in-metropolitan-cities__city,cii,"Arrests, Convictions & Acquittals Of Persons (34 Metropolitan Cities)",city,Disposal of Persons Arrested under IPC Crimes (Crime Head-wise) in Metropolitan Cities - 2021,2017,2021,3,2017 2020 2021,9,excel pdf_text,data/series/cii/disposal-of-persons-arrested-under-ipc-crimes-crime-head-wise-in-metropolitan-cities__city.csv
cii/disposal-of-persons-arrested-under-ipc-crimes-state-ut-wise__state-ut,cii,"Arrests, Convictions & Acquittals of Persons (States/UTs)",state-ut,Disposal of Persons Arrested under IPC Crimes (State/UT-wise) - 2023,2016,2023,8,2016 2017 2018 2019 2020 2021 2022 2023,8,pdf_text,data/series/cii/disposal-of-persons-arrested-under-ipc-crimes-state-ut-wise__state-ut.csv
cii/disposal-of-persons-arrested-under-ipc-crimes-under-investigation-by-police,cii,Crime Survey,,Disposal of Persons Arrested under IPC Crimes under Investigation by Police During 1987,1984,1987,3,1984 1985 1987,3,pdf_vlm,data/series/cii/disposal-of-persons-arrested-under-ipc-crimes-under-investigation-by-police.csv
cii/disposal-of-persons-arrested-under-ipc-crimes-under-investigation-by-police-disposal-of-persons-arrested-under,cii,Crime Survey,,Disposal of Persons Arrested under IPC Crimes under Investigation by Police During 1986; Disposal of Persons Arrested under IPC,1975,1986,3,1975 1976 1986,3,pdf_vlm,data/series/cii/disposal-of-persons-arrested-under-ipc-crimes-under-investigation-by-police-disposal-of-persons-arrested-under.csv
cii/disposal-of-persons-arrested-under-ipc-crimes-under-trial-in-courts,cii,Crime Survey,,Disposal of Persons Arrested under IPC Crimes under Trial in Courts During the Year 1987,1984,1987,3,1984 1985 1987,3,pdf_vlm,data/series/cii/disposal-of-persons-arrested-under-ipc-crimes-under-trial-in-courts.csv
cii/disposal-of-persons-arrested-under-local-and-special-laws-under-investigation-by-police,cii,Crime Survey,,Disposal of Persons Arrested under Local and Special Laws under Investigation by Police During 1987,1984,1987,3,1984 1985 1987,3,pdf_vlm,data/series/cii/disposal-of-persons-arrested-under-local-and-special-laws-under-investigation-by-police.csv
cii/disposal-of-persons-arrested-under-local-and-special-laws-under-investigation-by-police-disposal-of-persons-ar,cii,Crime Survey,,Disposal of Persons Arrested under Local and Special Laws under Investigation by Police During 1986; Disposal of Persons Arreste,1975,1986,6,1975 1976 1977 1978 1982 1986,6,pdf_vlm,data/series/cii/disposal-of-persons-arrested-under-local-and-special-laws-under-investigation-by-police-disposal-of-persons-ar.csv
cii/disposal-of-persons-arrested-under-local-and-special-laws-under-trial-in-courts,cii,Crime Survey,,Disposal of Persons Arrested under Local and Special Laws under Trial in Courts During 1987,1984,1987,3,1984 1985 1987,3,pdf_vlm,data/series/cii/disposal-of-persons-arrested-under-local-and-special-laws-under-trial-in-courts.csv
cii/disposal-of-persons-arrested-under-lsl-by-courts,cii,Crime Survey,,Disposal of Persons Arrested under LSL by Courts During the year 1991,1988,1991,3,1988 1990 1991,3,pdf_vlm,data/series/cii/disposal-of-persons-arrested-under-lsl-by-courts.csv
cii/disposal-of-persons-arrested-under-lsl-by-police,cii,Crime Survey,,Disposal of Persons Arrested under LSL by Police During 1991,1988,1991,3,1988 1990 1991,3,pdf_vlm,data/series/cii/disposal-of-persons-arrested-under-lsl-by-police.csv
cii/disposal-of-persons-arrested-under-offences-against-state-crime-head-wise,cii,Offences Against the State,,Disposal of Persons Arrested under Offences against State (Crime Head-wise) -2024,2018,2024,7,2018 2019 2020 2021 2022 2023 2024,7,pdf_text,data/series/cii/disposal-of-persons-arrested-under-offences-against-state-crime-head-wise.csv
cii/disposal-of-persons-arrested-under-offences-against-state-state-ut-wise__state-ut,cii,Offences Against the State,state-ut,Disposal of Persons Arrested under Offences against State (State/UT-wise) -2024,2018,2024,7,2018 2019 2020 2021 2022 2023 2024,7,pdf_text,data/series/cii/disposal-of-persons-arrested-under-offences-against-state-state-ut-wise__state-ut.csv
cii/disposal-of-persons-arrested-under-sll-by-courts,cii,Crime Survey,,Disposal of Persons Arrested Under SLL by Courts During 1998,1994,1998,5,1994 1995 1996 1997 1998,5,pdf_vlm,data/series/cii/disposal-of-persons-arrested-under-sll-by-courts.csv
cii/disposal-of-persons-arrested-under-sll-crime-by-police-state-ut-wise__state-ut,cii,Crime Survey,state-ut,Disposal of Persons Arrested under SLL Crime by Police During 1995 (State & UT-Wise),1994,1995,2,1994 1995,2,pdf_vlm,data/series/cii/disposal-of-persons-arrested-under-sll-crime-by-police-state-ut-wise__state-ut.csv
cii/disposal-of-persons-arrested-under-sll-crimes-by-courts-all-india__all-india,cii,Arrests and Trials,all-india,Disposal of Persons Arrested under SLL Crimes by Courts During 2015 (All-India),2014,2015,2,2014 2015,2,pdf_text,data/series/cii/disposal-of-persons-arrested-under-sll-crimes-by-courts-all-india__all-india.csv
cii/disposal-of-persons-arrested-under-sll-crimes-by-courts-crime-head-wise-all-india__all-india,cii,Arrests and Trials,all-india,Disposal of Persons Arrested under SLL Crimes by Courts (Crime Head-wise) (All-India),2001,2013,13,2001 2002 2003 2004 2005 2006 2007 2008 2009 2010 2011 2012 2013,13,pdf_text,data/series/cii/disposal-of-persons-arrested-under-sll-crimes-by-courts-crime-head-wise-all-india__all-india.csv
cii/disposal-of-persons-arrested-under-sll-crimes-by-courts-state-ut-wise,cii,Crime Survey,,"Disposal of Persons Arrested Under SLL Crimes by Courts During 1998 (State, UT-Wise)",1997,1998,2,1997 1998,2,pdf_vlm,data/series/cii/disposal-of-persons-arrested-under-sll-crimes-by-courts-state-ut-wise.csv
cii/disposal-of-persons-arrested-under-sll-crimes-by-courts-state-ut-wise__state-ut,cii,Arrests and Trials,state-ut,Disposal of Persons Arrested under SLL Crimes by Courts (State & UT- wise),1994,2013,16,1994 1995 1996 1999 2002 2003 2004 2005 2006 2007 2008 2009 2010 2011 2012 2013,16,pdf_text pdf_vlm,data/series/cii/disposal-of-persons-arrested-under-sll-crimes-by-courts-state-ut-wise__state-ut.csv
cii/disposal-of-persons-arrested-under-sll-crimes-by-police,cii,Crime Survey,,Disposal of Persons Arrested Under SLL Crimes by Police During 1998,1994,1998,5,1994 1995 1996 1997 1998,5,pdf_vlm,data/series/cii/disposal-of-persons-arrested-under-sll-crimes-by-police.csv
cii/disposal-of-persons-arrested-under-sll-crimes-by-police-all-india__all-india,cii,Arrests and Trials,all-india,Disposal of Persons Arrested under SLL Crimes by Police During 2015 (All India),2014,2015,2,2014 2015,2,pdf_text,data/series/cii/disposal-of-persons-arrested-under-sll-crimes-by-police-all-india__all-india.csv
cii/disposal-of-persons-arrested-under-sll-crimes-by-police-crime-head-wise,cii,Arrests and Trials,,Disposal of Persons Arrested under SLL Crimes by Police (Crime Head-wise),1999,2013,14,1999 2001 2002 2003 2004 2005 2006 2007 2008 2009 2010 2011 2012 2013,14,pdf_text pdf_vlm,data/series/cii/disposal-of-persons-arrested-under-sll-crimes-by-police-crime-head-wise.csv
cii/disposal-of-persons-arrested-under-sll-crimes-by-police-state-ut-wise__state-ut,cii,Arrests and Trials,state-ut,Disposal of Persons Arrested under SLL Crimes by Police (State & UT- wise),1997,2013,15,1997 1998 1999 2002 2003 2004 2005 2006 2007 2008 2009 2010 2011 2012 2013,15,pdf_text pdf_vlm,data/series/cii/disposal-of-persons-arrested-under-sll-crimes-by-police-state-ut-wise__state-ut.csv
cii/disposal-of-persons-arrested-under-sll-crimes-city-wise__city,cii,"Arrests, Convictions & Acquittals Of Persons (34 Metropolitan Cities)",city,Disposal of Persons Arrested under SLL Crimes (City-wise) - 2024,2016,2024,9,2016 2017 2018 2019 2020 2021 2022 2023 2024,16,excel pdf_text,data/series/cii/disposal-of-persons-arrested-under-sll-crimes-city-wise__city.csv
cii/disposal-of-persons-arrested-under-sll-crimes-crime-head-wise,cii,"Arrests, Convictions & Acquittals of Persons (States/UTs)",,Disposal of Persons Arrested under SLL Crimes (Crime Head-wise) - 2024,2016,2024,9,2016 2017 2018 2019 2020 2021 2022 2023 2024,22,pdf_text,data/series/cii/disposal-of-persons-arrested-under-sll-crimes-crime-head-wise.csv
cii/disposal-of-persons-arrested-under-sll-crimes-crime-head-wise-in-metropolitan-cities__city,cii,"Arrests, Convictions & Acquittals Of Persons (34 Metropolitan Cities)",city,Disposal of Persons Arrested under SLL Crimes (Crime Head-wise) in Metropolitan Cities - 2024,2020,2024,3,2020 2021 2024,9,excel,data/series/cii/disposal-of-persons-arrested-under-sll-crimes-crime-head-wise-in-metropolitan-cities__city.csv
cii/disposal-of-persons-arrested-under-sll-crimes-state-ut-wise__state-ut,cii,"Arrests, Convictions & Acquittals of Persons (States/UTs)",state-ut,Disposal of Persons Arrested under SLL Crimes (State/UT-wise) - 2024,2016,2024,9,2016 2017 2018 2019 2020 2021 2022 2023 2024,10,pdf_text,data/series/cii/disposal-of-persons-arrested-under-sll-crimes-state-ut-wise__state-ut.csv
cii/disposal-of-persons-for-crime-against-senior-citizen-city-wise__city,cii,Crime Against Senior Citizen (Metropolitan Cities),city,Disposal of Persons for Crime Against Senior Citizen (City-wise) -2024,2017,2024,8,2017 2018 2019 2020 2021 2022 2023 2024,15,excel pdf_text,data/series/cii/disposal-of-persons-for-crime-against-senior-citizen-city-wise__city.csv
cii/disposal-of-persons-for-crime-against-senior-citizen-crime-head-wise,cii,Crime Against Senior Citizen (Metropolitan Cities),,Disposal of Persons for Crime Against Senior Citizen (Crime Head-wise) -2024,2017,2024,8,2017 2018 2019 2020 2021 2022 2023 2024,12,excel pdf_text,data/series/cii/disposal-of-persons-for-crime-against-senior-citizen-crime-head-wise.csv
cii/disposal-of-persons-under-crime-against-foreigners-crime-head-wise,cii,Crime against Foreigners,,Disposal of Persons under Crime against Foreigners (Crime Head-wise) - 2024,2017,2024,8,2017 2018 2019 2020 2021 2022 2023 2024,8,pdf_text,data/series/cii/disposal-of-persons-under-crime-against-foreigners-crime-head-wise.csv
cii/disposal-of-persons-under-crimes-against-foreigners-crime-head-wise,cii,Crime Committed by Foreigners,,Disposal of Persons under Crimes against Foreigners (Crime Head-wise) - 2023,2019,2023,5,2019 2020 2021 2022 2023,5,pdf_text,data/series/cii/disposal-of-persons-under-crimes-against-foreigners-crime-head-wise.csv
cii/disposal-of-persons-under-crimes-against-foreigners-crimehead-wise,cii,Crime Committed by Foreigners,,Disposal of Persons under Crimes against Foreigners (Crimehead-wise) – 2018,2017,2018,2,2017 2018,2,pdf_text,data/series/cii/disposal-of-persons-under-crimes-against-foreigners-crimehead-wise.csv
cii/disposal-of-sll-cases-by-police-state-ut-wise__state-ut,cii,Crime Survey,state-ut,Disposal of SLL Cases by Police During 1999 (State & UT-Wise),1998,1999,2,1998 1999,2,pdf_vlm,data/series/cii/disposal-of-sll-cases-by-police-state-ut-wise__state-ut.csv
cii/disposal-of-sll-crime-cases-by-courts,cii,Crime Survey,,Disposal of SLL Crime Cases by Courts During 1999,1994,1999,5,1994 1995 1996 1997 1999,5,pdf_vlm,data/series/cii/disposal-of-sll-crime-cases-by-courts.csv
cii/disposal-of-sll-crime-cases-by-courts-crime-head-wise,cii,Disposal of Cases by Police & Courts,,Disposal of SLL Crime Cases by Courts (Crime Head-wise),2001,2013,11,2001 2002 2003 2004 2005 2006 2007 2008 2010 2011 2013,11,pdf_text,data/series/cii/disposal-of-sll-crime-cases-by-courts-crime-head-wise.csv
cii/disposal-of-sll-crime-cases-by-courts-state-ut-wise__state-ut,cii,Disposal of Cases by Police & Courts,state-ut,Disposal of SLL Crime Cases by Courts (State & UT-wise),1994,2013,16,1994 1995 1996 1997 1999 2001 2002 2003 2004 2005 2006 2007 2008 2010 2011 2013,16,pdf_text pdf_vlm,data/series/cii/disposal-of-sll-crime-cases-by-courts-state-ut-wise__state-ut.csv
cii/disposal-of-sll-crime-cases-by-police,cii,Crime Survey,,Disposal of SLL Crime Cases by Police During 1999,1994,1999,6,1994 1995 1996 1997 1998 1999,6,pdf_vlm,data/series/cii/disposal-of-sll-crime-cases-by-police.csv
cii/disposal-of-sll-crime-cases-by-police-crime-head-wise,cii,Disposal of Cases by Police & Courts,,Disposal of SLL Crime Cases by Police (Crime Head-wise),2001,2013,11,2001 2002 2003 2004 2005 2006 2007 2008 2010 2011 2013,11,pdf_text,data/series/cii/disposal-of-sll-crime-cases-by-police-crime-head-wise.csv
cii/disposal-of-sll-crime-cases-by-police-state-ut-wise__state-ut,cii,Disposal of Cases by Police & Courts,state-ut,Disposal of SLL Crime Cases by Police (State & UT-wise),1994,2013,16,1994 1995 1996 1997 2001 2002 2003 2004 2005 2006 2007 2008 2010 2011 2012 2013,16,pdf_text pdf_vlm,data/series/cii/disposal-of-sll-crime-cases-by-police-state-ut-wise__state-ut.csv
cii/disposal-of-sll-criminal-cases-by-courts-all-india__all-india,cii,Disposal of Cases by Police & Courts,all-india,Disposal of SLL Criminal Cases by Courts During 2015 (All India),2014,2015,2,2014 2015,2,pdf_text,data/series/cii/disposal-of-sll-criminal-cases-by-courts-all-india__all-india.csv
cii/disposal-of-sll-criminal-cases-by-courts-state-ut-wise__state-ut,cii,Disposal of Cases by Police & Courts,state-ut,Disposal of SLL Criminal Cases by Courts During 2015 (State/UT-Wise),2014,2015,2,2014 2015,2,pdf_text,data/series/cii/disposal-of-sll-criminal-cases-by-courts-state-ut-wise__state-ut.csv
cii/disposal-of-sll-criminal-cases-by-police-state-ut-wise__state-ut,cii,Disposal of Cases by Police & Courts,state-ut,Disposal of SLL Criminal Cases by Police During 2015 (State/UT-Wise),2014,2015,2,2014 2015,2,pdf_text,data/series/cii/disposal-of-sll-criminal-cases-by-police-state-ut-wise__state-ut.csv
cii/disposal-of-total-persons-arrested-under-all-ipc-sll-crimes-city-wise__city,cii,"Arrests, Convictions & Acquittals Of Persons (34 Metropolitan Cities)",city,Disposal of Total Persons Arrested under All IPC+SLL Crimes (City-wise) - 2024,2016,2024,9,2016 2017 2018 2019 2020 2021 2022 2023 2024,16,excel pdf_text,data/series/cii/disposal-of-total-persons-arrested-under-all-ipc-sll-crimes-city-wise__city.csv
cii/disposal-of-total-persons-arrested-under-all-ipc-sll-crimes-state-ut-wise__state-ut,cii,"Arrests, Convictions & Acquittals of Persons (States/UTs)",state-ut,Disposal of Total Persons Arrested under All IPC & SLL Crimes (State/UT-wise) - 2023,2018,2023,6,2018 2019 2020 2021 2022 2023,6,pdf_text,data/series/cii/disposal-of-total-persons-arrested-under-all-ipc-sll-crimes-state-ut-wise__state-ut.csv
cii/disposal-of-violent-crimes-by-courts-state-ut-wise-crime-head-wise,cii,Disposal of Cases by Police & Courts,,"Disposal of Violent Crimes by Courts (State, UT-wise, Crime Head-wise)",2002,2013,10,2002 2003 2004 2005 2006 2007 2008 2010 2011 2013,10,pdf_text,data/series/cii/disposal-of-violent-crimes-by-courts-state-ut-wise-crime-head-wise.csv
cii/disposals-of-juveniles-sent-to-court,cii,Crime Survey,,Disposals of Juveniles Sent to Court,1973,1975,3,1973 1974 1975,3,pdf_vlm,data/series/cii/disposals-of-juveniles-sent-to-court.csv
cii/district-wise-cases-reported-under-crimes-against-scs-state-a-n-islands-district-murder-rape-kid-dacoity-robbe,cii,District Wise Reports,,DISTRICT‐WISE CASES REPORTED UNDER CRIMEs AGAINST SCs DURING 2001 State: A&N Islands District Murder Rape Kid.. Dacoity Robbery Arson Hurt POA Act PCR Act Other Crimes Total,2012,2013,2,2012 2013,25,pdf_text,data/series/cii/district-wise-cases-reported-under-crimes-against-scs-state-a-n-islands-district-murder-rape-kid-dacoity-robbe.csv
cii/district-wise-cases-reported-under-crimes-against-scs-state-andhra-pradesh-district-murder-rape-kid-dacoity-ro,cii,District Wise Reports,,DISTRICT‐WISE CASES REPORTED UNDER CRIMEs AGAINST SCs DURING 2001 State: Andhra Pradesh District Murder Rape Kid.. Dacoity Robbery Arson Hurt POA Act PCR Act Other Crimes Total,2012,2013,2,2012 2013,25,pdf_text,data/series/cii/district-wise-cases-reported-under-crimes-against-scs-state-andhra-pradesh-district-murder-rape-kid-dacoity-ro.csv
cii/district-wise-cases-reported-under-crimes-against-scs-state-arunachal-pradesh-district-murder-rape-kid-dacoity,cii,District Wise Reports,,DISTRICT‐WISE CASES REPORTED UNDER CRIMEs AGAINST SCs DURING 2001 State: Arunachal Pradesh District Murder Rape Kid.. Dacoity Robbery Arson Hurt POA Act PCR Act Other Crimes Total,2012,2013,2,2012 2013,25,pdf_text,data/series/cii/district-wise-cases-reported-under-crimes-against-scs-state-arunachal-pradesh-district-murder-rape-kid-dacoity.csv
cii/district-wise-cases-reported-under-crimes-against-scs-state-assam-district-murder-rape-kid-dacoity-robbery-ars,cii,District Wise Reports,,DISTRICT‐WISE CASES REPORTED UNDER CRIMEs AGAINST SCs DURING 2001 State: Assam District Murder Rape Kid.. Dacoity Robbery Arson Hurt POA Act PCR Act Other Crimes Total,2012,2013,2,2012 2013,25,pdf_text,data/series/cii/district-wise-cases-reported-under-crimes-against-scs-state-assam-district-murder-rape-kid-dacoity-robbery-ars.csv
cii/district-wise-cases-reported-under-crimes-against-scs-state-bihar-district-murder-rape-kid-dacoity-robbery-ars,cii,District Wise Reports,,DISTRICT‐WISE CASES REPORTED UNDER CRIMEs AGAINST SCs DURING 2001 State: Bihar District Murder Rape Kid.. Dacoity Robbery Arson Hurt POA Act PCR Act Other Crimes Total,2012,2013,2,2012 2013,25,pdf_text,data/series/cii/district-wise-cases-reported-under-crimes-against-scs-state-bihar-district-murder-rape-kid-dacoity-robbery-ars.csv
cii/district-wise-cases-reported-under-crimes-against-scs-state-chandigarh-district-murder-rape-kid-dacoity-robber,cii,District Wise Reports,,DISTRICT‐WISE CASES REPORTED UNDER CRIMEs AGAINST SCs DURING 2001 State: Chandigarh District Murder Rape Kid.. Dacoity Robbery Arson Hurt POA Act PCR Act Other Crimes Total,2012,2013,2,2012 2013,25,pdf_text,data/series/cii/district-wise-cases-reported-under-crimes-against-scs-state-chandigarh-district-murder-rape-kid-dacoity-robber.csv
cii/district-wise-cases-reported-under-crimes-against-scs-state-chhattisgarh-district-murder-rape-kid-dacoity-robb,cii,District Wise Reports,,DISTRICT‐WISE CASES REPORTED UNDER CRIMEs AGAINST SCs DURING 2001 State: Chhattisgarh District Murder Rape Kid.. Dacoity Robbery Arson Hurt POA Act PCR Act Other Crimes Total,2012,2013,2,2012 2013,25,pdf_text,data/series/cii/district-wise-cases-reported-under-crimes-against-scs-state-chhattisgarh-district-murder-rape-kid-dacoity-robb.csv
cii/district-wise-cases-reported-under-crimes-against-scs-state-d-n-haveli-district-murder-rape-kid-dacoity-robber,cii,District Wise Reports,,DISTRICT‐WISE CASES REPORTED UNDER CRIMEs AGAINST SCs DURING 2001 State: D&N Haveli District Murder Rape Kid.. Dacoity Robbery Arson Hurt POA Act PCR Act Other Crimes Total,2012,2013,2,2012 2013,25,pdf_text,data/series/cii/district-wise-cases-reported-under-crimes-against-scs-state-d-n-haveli-district-murder-rape-kid-dacoity-robber.csv
cii/district-wise-cases-reported-under-crimes-against-scs-state-daman-diu-district-murder-rape-kid-dacoity-robbery,cii,District Wise Reports,,DISTRICT‐WISE CASES REPORTED UNDER CRIMEs AGAINST SCs DURING 2001 State: Daman & Diu District Murder Rape Kid.. Dacoity Robbery Arson Hurt POA Act PCR Act Other Crimes Total,2012,2013,2,2012 2013,25,pdf_text,data/series/cii/district-wise-cases-reported-under-crimes-against-scs-state-daman-diu-district-murder-rape-kid-dacoity-robbery.csv
cii/district-wise-cases-reported-under-crimes-against-scs-state-delhi-ut-district-murder-rape-kid-dacoity-robbery,cii,District Wise Reports,,DISTRICT‐WISE CASES REPORTED UNDER CRIMEs AGAINST SCs DURING 2001 State: Delhi UT District Murder Rape Kid.. Dacoity Robbery Arson Hurt POA Act PCR Act Other Crimes Total,2012,2013,2,2012 2013,25,pdf_text,data/series/cii/district-wise-cases-reported-under-crimes-against-scs-state-delhi-ut-district-murder-rape-kid-dacoity-robbery.csv
cii/district-wise-cases-reported-under-crimes-against-scs-state-goa-district-murder-rape-kid-dacoity-robbery-arson,cii,District Wise Reports,,DISTRICT‐WISE CASES REPORTED UNDER CRIMEs AGAINST SCs DURING 2001 State: Goa District Murder Rape Kid.. Dacoity Robbery Arson Hurt POA Act PCR Act Other Crimes Total,2012,2013,2,2012 2013,25,pdf_text,data/series/cii/district-wise-cases-reported-under-crimes-against-scs-state-goa-district-murder-rape-kid-dacoity-robbery-arson.csv
cii/district-wise-cases-reported-under-crimes-against-scs-state-gujarat-district-murder-rape-kid-dacoity-robbery-a,cii,District Wise Reports,,DISTRICT‐WISE CASES REPORTED UNDER CRIMEs AGAINST SCs DURING 2001 State: Gujarat District Murder Rape Kid.. Dacoity Robbery Arson Hurt POA Act PCR Act Other Crimes Total,2012,2013,2,2012 2013,25,pdf_text,data/series/cii/district-wise-cases-reported-under-crimes-against-scs-state-gujarat-district-murder-rape-kid-dacoity-robbery-a.csv
cii/district-wise-cases-reported-under-crimes-against-scs-state-haryana-district-murder-rape-kid-dacoity-robbery-a,cii,District Wise Reports,,DISTRICT‐WISE CASES REPORTED UNDER CRIMEs AGAINST SCs DURING 2001 State: Haryana District Murder Rape Kid.. Dacoity Robbery Arson Hurt POA Act PCR Act Other Crimes Total,2012,2013,2,2012 2013,25,pdf_text,data/series/cii/district-wise-cases-reported-under-crimes-against-scs-state-haryana-district-murder-rape-kid-dacoity-robbery-a.csv
cii/district-wise-cases-reported-under-crimes-against-scs-state-himachal-pradesh-district-murder-rape-kid-dacoity,cii,District Wise Reports,,DISTRICT‐WISE CASES REPORTED UNDER CRIMEs AGAINST SCs DURING 2001 State: Himachal Pradesh District Murder Rape Kid.. Dacoity Robbery Arson Hurt POA Act PCR Act Other Crimes Total,2012,2013,2,2012 2013,25,pdf_text,data/series/cii/district-wise-cases-reported-under-crimes-against-scs-state-himachal-pradesh-district-murder-rape-kid-dacoity.csv
cii/district-wise-cases-reported-under-crimes-against-scs-state-jammu-kashmir-district-murder-rape-kid-dacoity-rob,cii,District Wise Reports,,DISTRICT‐WISE CASES REPORTED UNDER CRIMEs AGAINST SCs DURING 2001 State: Jammu & Kashmir District Murder Rape Kid.. Dacoity Robbery Arson Hurt POA Act PCR Act Other Crimes Total,2012,2013,2,2012 2013,25,pdf_text,data/series/cii/district-wise-cases-reported-under-crimes-against-scs-state-jammu-kashmir-district-murder-rape-kid-dacoity-rob.csv
cii/district-wise-cases-reported-under-crimes-against-scs-state-jharkhand-district-murder-rape-kid-dacoity-robbery,cii,District Wise Reports,,DISTRICT‐WISE CASES REPORTED UNDER CRIMEs AGAINST SCs DURING 2001 State: Jharkhand District Murder Rape Kid.. Dacoity Robbery Arson Hurt POA Act PCR Act Other Crimes Total,2012,2013,2,2012 2013,25,pdf_text,data/series/cii/district-wise-cases-reported-under-crimes-against-scs-state-jharkhand-district-murder-rape-kid-dacoity-robbery.csv
cii/district-wise-cases-reported-under-crimes-against-scs-state-karnataka-district-murder-rape-kid-dacoity-robbery,cii,District Wise Reports,,DISTRICT‐WISE CASES REPORTED UNDER CRIMEs AGAINST SCs DURING 2001 State: Karnataka District Murder Rape Kid.. Dacoity Robbery Arson Hurt POA Act PCR Act Other Crimes Total,2012,2013,2,2012 2013,25,pdf_text,data/series/cii/district-wise-cases-reported-under-crimes-against-scs-state-karnataka-district-murder-rape-kid-dacoity-robbery.csv
cii/district-wise-cases-reported-under-crimes-against-scs-state-kerala-district-murder-rape-kid-dacoity-robbery-ar,cii,District Wise Reports,,DISTRICT‐WISE CASES REPORTED UNDER CRIMEs AGAINST SCs DURING 2001 State: Kerala District Murder Rape Kid.. Dacoity Robbery Arson Hurt POA Act PCR Act Other Crimes Total,2012,2013,2,2012 2013,25,pdf_text,data/series/cii/district-wise-cases-reported-under-crimes-against-scs-state-kerala-district-murder-rape-kid-dacoity-robbery-ar.csv
cii/district-wise-cases-reported-under-crimes-against-scs-state-lakshadweep-district-murder-rape-kid-dacoity-robbe,cii,District Wise Reports,,DISTRICT‐WISE CASES REPORTED UNDER CRIMEs AGAINST SCs DURING 2001 State: Lakshadweep District Murder Rape Kid.. Dacoity Robbery Arson Hurt POA Act PCR Act Other Crimes Total,2012,2013,2,2012 2013,25,pdf_text,data/series/cii/district-wise-cases-reported-under-crimes-against-scs-state-lakshadweep-district-murder-rape-kid-dacoity-robbe.csv
cii/district-wise-cases-reported-under-crimes-against-scs-state-madhya-pradesh-district-murder-rape-kid-dacoity-ro,cii,District Wise Reports,,DISTRICT‐WISE CASES REPORTED UNDER CRIMEs AGAINST SCs DURING 2001 State: Madhya Pradesh District Murder Rape Kid.. Dacoity Robbery Arson Hurt POA Act PCR Act Other Crimes Total,2012,2013,2,2012 2013,25,pdf_text,data/series/cii/district-wise-cases-reported-under-crimes-against-scs-state-madhya-pradesh-district-murder-rape-kid-dacoity-ro.csv
cii/district-wise-cases-reported-under-crimes-against-scs-state-maharashtra-district-murder-rape-kid-dacoity-robbe,cii,District Wise Reports,,DISTRICT‐WISE CASES REPORTED UNDER CRIMEs AGAINST SCs DURING 2001 State: Maharashtra District Murder Rape Kid.. Dacoity Robbery Arson Hurt POA Act PCR Act Other Crimes Total,2012,2013,2,2012 2013,25,pdf_text,data/series/cii/district-wise-cases-reported-under-crimes-against-scs-state-maharashtra-district-murder-rape-kid-dacoity-robbe.csv
cii/district-wise-cases-reported-under-crimes-against-scs-state-manipur-district-murder-rape-kid-dacoity-robbery-a,cii,District Wise Reports,,DISTRICT‐WISE CASES REPORTED UNDER CRIMEs AGAINST SCs DURING 2001 State: Manipur District Murder Rape Kid.. Dacoity Robbery Arson Hurt POA Act PCR Act Other Crimes Total,2012,2013,2,2012 2013,25,pdf_text,data/series/cii/district-wise-cases-reported-under-crimes-against-scs-state-manipur-district-murder-rape-kid-dacoity-robbery-a.csv
cii/district-wise-cases-reported-under-crimes-against-scs-state-meghalaya-district-murder-rape-kid-dacoity-robbery,cii,District Wise Reports,,DISTRICT‐WISE CASES REPORTED UNDER CRIMEs AGAINST SCs DURING 2001 State: Meghalaya District Murder Rape Kid.. Dacoity Robbery Arson Hurt POA Act PCR Act Other Crimes Total,2012,2013,2,2012 2013,25,pdf_text,data/series/cii/district-wise-cases-reported-under-crimes-against-scs-state-meghalaya-district-murder-rape-kid-dacoity-robbery.csv
cii/district-wise-cases-reported-under-crimes-against-scs-state-mizoram-district-murder-rape-kid-dacoity-robbery-a,cii,District Wise Reports,,DISTRICT‐WISE CASES REPORTED UNDER CRIMEs AGAINST SCs DURING 2001 State: Mizoram District Murder Rape Kid.. Dacoity Robbery Arson Hurt POA Act PCR Act Other Crimes Total,2012,2013,2,2012 2013,25,pdf_text,data/series/cii/district-wise-cases-reported-under-crimes-against-scs-state-mizoram-district-murder-rape-kid-dacoity-robbery-a.csv
cii/district-wise-cases-reported-under-crimes-against-scs-state-nagaland-district-murder-rape-kid-dacoity-robbery,cii,District Wise Reports,,DISTRICT‐WISE CASES REPORTED UNDER CRIMEs AGAINST SCs DURING 2001 State: Nagaland District Murder Rape Kid.. Dacoity Robbery Arson Hurt POA Act PCR Act Other Crimes Total,2012,2013,2,2012 2013,23,pdf_text,data/series/cii/district-wise-cases-reported-under-crimes-against-scs-state-nagaland-district-murder-rape-kid-dacoity-robbery.csv
cii/district-wise-cases-reported-under-crimes-against-scs-state-odisha-district-murder-rape-kid-dacoity-robbery-ar,cii,District Wise Reports,,DISTRICT‐WISE CASES REPORTED UNDER CRIMEs AGAINST SCs DURING 2001 State: Odisha District Murder Rape Kid.. Dacoity Robbery Arson Hurt POA Act PCR Act Other Crimes Total,2012,2013,2,2012 2013,25,pdf_text,data/series/cii/district-wise-cases-reported-under-crimes-against-scs-state-odisha-district-murder-rape-kid-dacoity-robbery-ar.csv
cii/district-wise-cases-reported-under-crimes-against-scs-state-puducherry-district-murder-rape-kid-dacoity-robber,cii,District Wise Reports,,DISTRICT‐WISE CASES REPORTED UNDER CRIMEs AGAINST SCs DURING 2001 State: Puducherry District Murder Rape Kid.. Dacoity Robbery Arson Hurt POA Act PCR Act Other Crimes Total,2012,2013,2,2012 2013,25,pdf_text,data/series/cii/district-wise-cases-reported-under-crimes-against-scs-state-puducherry-district-murder-rape-kid-dacoity-robber.csv
cii/district-wise-cases-reported-under-crimes-against-scs-state-punjab-district-murder-rape-kid-dacoity-robbery-ar,cii,District Wise Reports,,DISTRICT‐WISE CASES REPORTED UNDER CRIMEs AGAINST SCs DURING 2001 State: Punjab District Murder Rape Kid.. Dacoity Robbery Arson Hurt POA Act PCR Act Other Crimes Total,2012,2013,2,2012 2013,25,pdf_text,data/series/cii/district-wise-cases-reported-under-crimes-against-scs-state-punjab-district-murder-rape-kid-dacoity-robbery-ar.csv
cii/district-wise-cases-reported-under-crimes-against-scs-state-rajasthan-district-murder-rape-kid-dacoity-robbery,cii,District Wise Reports,,DISTRICT‐WISE CASES REPORTED UNDER CRIMEs AGAINST SCs DURING 2001 State: Rajasthan District Murder Rape Kid.. Dacoity Robbery Arson Hurt POA Act PCR Act Other Crimes Total,2012,2013,2,2012 2013,25,pdf_text,data/series/cii/district-wise-cases-reported-under-crimes-against-scs-state-rajasthan-district-murder-rape-kid-dacoity-robbery.csv
cii/district-wise-cases-reported-under-crimes-against-scs-state-sikkim-district-murder-rape-kid-dacoity-robbery-ar,cii,District Wise Reports,,DISTRICT‐WISE CASES REPORTED UNDER CRIMEs AGAINST SCs DURING 2001 State: Sikkim District Murder Rape Kid.. Dacoity Robbery Arson Hurt POA Act PCR Act Other Crimes Total,2012,2013,2,2012 2013,25,pdf_text,data/series/cii/district-wise-cases-reported-under-crimes-against-scs-state-sikkim-district-murder-rape-kid-dacoity-robbery-ar.csv
cii/district-wise-cases-reported-under-crimes-against-scs-state-tamil-nadu-district-murder-rape-kid-dacoity-robber,cii,District Wise Reports,,DISTRICT‐WISE CASES REPORTED UNDER CRIMEs AGAINST SCs DURING 2001 State: Tamil Nadu District Murder Rape Kid.. Dacoity Robbery Arson Hurt POA Act PCR Act Other Crimes Total,2012,2013,2,2012 2013,25,pdf_text,data/series/cii/district-wise-cases-reported-under-crimes-against-scs-state-tamil-nadu-district-murder-rape-kid-dacoity-robber.csv
cii/district-wise-cases-reported-under-crimes-against-scs-state-tripura-district-murder-rape-kid-dacoity-robbery-a,cii,District Wise Reports,,DISTRICT‐WISE CASES REPORTED UNDER CRIMEs AGAINST SCs DURING 2001 State: Tripura District Murder Rape Kid.. Dacoity Robbery Arson Hurt POA Act PCR Act Other Crimes Total,2012,2013,2,2012 2013,25,pdf_text,data/series/cii/district-wise-cases-reported-under-crimes-against-scs-state-tripura-district-murder-rape-kid-dacoity-robbery-a.csv
cii/district-wise-cases-reported-under-crimes-against-scs-state-uttar-pradesh-district-murder-rape-kid-dacoity-rob,cii,District Wise Reports,,DISTRICT‐WISE CASES REPORTED UNDER CRIMEs AGAINST SCs DURING 2001 State: Uttar Pradesh District Murder Rape Kid.. Dacoity Robbery Arson Hurt POA Act PCR Act Other Crimes Total,2012,2013,2,2012 2013,25,pdf_text,data/series/cii/district-wise-cases-reported-under-crimes-against-scs-state-uttar-pradesh-district-murder-rape-kid-dacoity-rob.csv
cii/district-wise-cases-reported-under-crimes-against-scs-state-uttarakhand-district-murder-rape-kid-dacoity-robbe,cii,District Wise Reports,,DISTRICT‐WISE CASES REPORTED UNDER CRIMEs AGAINST SCs DURING 2001 State: Uttarakhand District Murder Rape Kid.. Dacoity Robbery Arson Hurt POA Act PCR Act Other Crimes Total,2012,2013,2,2012 2013,25,pdf_text,data/series/cii/district-wise-cases-reported-under-crimes-against-scs-state-uttarakhand-district-murder-rape-kid-dacoity-robbe.csv
cii/district-wise-cases-reported-under-crimes-against-scs-state-west-bengal-district-murder-rape-kid-dacoity-robbe,cii,District Wise Reports,,DISTRICT‐WISE CASES REPORTED UNDER CRIMEs AGAINST SCs DURING 2001 State: West Bengal District Murder Rape Kid.. Dacoity Robbery Arson Hurt POA Act PCR Act Other Crimes Total,2012,2013,2,2012 2013,25,pdf_text,data/series/cii/district-wise-cases-reported-under-crimes-against-scs-state-west-bengal-district-murder-rape-kid-dacoity-robbe.csv
cii/district-wise-cases-reported-under-crimes-against-sts-state-a-n-islands-district-murder-rape-kid-dacoity-robbe,cii,District Wise Reports,,DISTRICT‐WISE CASES REPORTED UNDER CRIMEs AGAINST STs DURING 2001 State: A&N Islands District Murder Rape Kid.. Dacoity Robbery Arson Hurt POA Act PCR Act Other Crimes Total,2012,2013,2,2012 2013,25,pdf_text,data/series/cii/district-wise-cases-reported-under-crimes-against-sts-state-a-n-islands-district-murder-rape-kid-dacoity-robbe.csv
cii/district-wise-cases-reported-under-crimes-against-sts-state-andhra-pradesh-district-murder-rape-kid-dacoity-ro,cii,District Wise Reports,,DISTRICT‐WISE CASES REPORTED UNDER CRIMEs AGAINST STs DURING 2001 State: Andhra Pradesh District Murder Rape Kid.. Dacoity Robbery Arson Hurt POA Act PCR Act Other Crimes Total,2012,2013,2,2012 2013,25,pdf_text,data/series/cii/district-wise-cases-reported-under-crimes-against-sts-state-andhra-pradesh-district-murder-rape-kid-dacoity-ro.csv
cii/district-wise-cases-reported-under-crimes-against-sts-state-arunachal-pradesh-district-murder-rape-kid-dacoity,cii,District Wise Reports,,DISTRICT‐WISE CASES REPORTED UNDER CRIMEs AGAINST STs DURING 2001 State: Arunachal Pradesh District Murder Rape Kid.. Dacoity Robbery Arson Hurt POA Act PCR Act Other Crimes Total,2012,2013,2,2012 2013,25,pdf_text,data/series/cii/district-wise-cases-reported-under-crimes-against-sts-state-arunachal-pradesh-district-murder-rape-kid-dacoity.csv
cii/district-wise-cases-reported-under-crimes-against-sts-state-assam-district-murder-rape-kid-dacoity-robbery-ars,cii,District Wise Reports,,DISTRICT‐WISE CASES REPORTED UNDER CRIMEs AGAINST STs DURING 2001 State: Assam District Murder Rape Kid.. Dacoity Robbery Arson Hurt POA Act PCR Act Other Crimes Total,2012,2013,2,2012 2013,25,pdf_text,data/series/cii/district-wise-cases-reported-under-crimes-against-sts-state-assam-district-murder-rape-kid-dacoity-robbery-ars.csv
cii/district-wise-cases-reported-under-crimes-against-sts-state-bihar-district-murder-rape-kid-dacoity-robbery-ars,cii,District Wise Reports,,DISTRICT‐WISE CASES REPORTED UNDER CRIMEs AGAINST STs DURING 2001 State: Bihar District Murder Rape Kid.. Dacoity Robbery Arson Hurt POA Act PCR Act Other Crimes Total,2012,2013,2,2012 2013,25,pdf_text,data/series/cii/district-wise-cases-reported-under-crimes-against-sts-state-bihar-district-murder-rape-kid-dacoity-robbery-ars.csv
cii/district-wise-cases-reported-under-crimes-against-sts-state-chandigarh-district-murder-rape-kid-dacoity-robber,cii,District Wise Reports,,DISTRICT‐WISE CASES REPORTED UNDER CRIMEs AGAINST STs DURING 2001 State: Chandigarh District Murder Rape Kid.. Dacoity Robbery Arson Hurt POA Act PCR Act Other Crimes Total,2012,2013,2,2012 2013,25,pdf_text,data/series/cii/district-wise-cases-reported-under-crimes-against-sts-state-chandigarh-district-murder-rape-kid-dacoity-robber.csv
cii/district-wise-cases-reported-under-crimes-against-sts-state-chhattisgarh-district-murder-rape-kid-dacoity-robb,cii,District Wise Reports,,DISTRICT‐WISE CASES REPORTED UNDER CRIMEs AGAINST STs DURING 2001 State: Chhattisgarh District Murder Rape Kid.. Dacoity Robbery Arson Hurt POA Act PCR Act Other Crimes Total,2012,2013,2,2012 2013,25,pdf_text,data/series/cii/district-wise-cases-reported-under-crimes-against-sts-state-chhattisgarh-district-murder-rape-kid-dacoity-robb.csv
cii/district-wise-cases-reported-under-crimes-against-sts-state-d-n-haveli-district-murder-rape-kid-dacoity-robber,cii,District Wise Reports,,DISTRICT‐WISE CASES REPORTED UNDER CRIMEs AGAINST STs DURING 2001 State: D&N Haveli District Murder Rape Kid.. Dacoity Robbery Arson Hurt POA Act PCR Act Other Crimes Total,2012,2013,2,2012 2013,25,pdf_text,data/series/cii/district-wise-cases-reported-under-crimes-against-sts-state-d-n-haveli-district-murder-rape-kid-dacoity-robber.csv
cii/district-wise-cases-reported-under-crimes-against-sts-state-daman-diu-district-murder-rape-kid-dacoity-robbery,cii,District Wise Reports,,DISTRICT‐WISE CASES REPORTED UNDER CRIMEs AGAINST STs DURING 2001 State: Daman & Diu District Murder Rape Kid.. Dacoity Robbery Arson Hurt POA Act PCR Act Other Crimes Total,2012,2013,2,2012 2013,25,pdf_text,data/series/cii/district-wise-cases-reported-under-crimes-against-sts-state-daman-diu-district-murder-rape-kid-dacoity-robbery.csv
cii/district-wise-cases-reported-under-crimes-against-sts-state-delhi-ut-district-murder-rape-kid-dacoity-robbery,cii,District Wise Reports,,DISTRICT‐WISE CASES REPORTED UNDER CRIMEs AGAINST STs DURING 2001 State: Delhi UT District Murder Rape Kid.. Dacoity Robbery Arson Hurt POA Act PCR Act Other Crimes Total,2012,2013,2,2012 2013,25,pdf_text,data/series/cii/district-wise-cases-reported-under-crimes-against-sts-state-delhi-ut-district-murder-rape-kid-dacoity-robbery.csv
cii/district-wise-cases-reported-under-crimes-against-sts-state-goa-district-murder-rape-kid-dacoity-robbery-arson,cii,District Wise Reports,,DISTRICT‐WISE CASES REPORTED UNDER CRIMEs AGAINST STs DURING 2001 State: Goa District Murder Rape Kid.. Dacoity Robbery Arson Hurt POA Act PCR Act Other Crimes Total,2012,2013,2,2012 2013,25,pdf_text,data/series/cii/district-wise-cases-reported-under-crimes-against-sts-state-goa-district-murder-rape-kid-dacoity-robbery-arson.csv
cii/district-wise-cases-reported-under-crimes-against-sts-state-gujarat-district-murder-rape-kid-dacoity-robbery-a,cii,District Wise Reports,,DISTRICT‐WISE CASES REPORTED UNDER CRIMEs AGAINST STs DURING 2001 State: Gujarat District Murder Rape Kid.. Dacoity Robbery Arson Hurt POA Act PCR Act Other Crimes Total,2012,2013,2,2012 2013,25,pdf_text,data/series/cii/district-wise-cases-reported-under-crimes-against-sts-state-gujarat-district-murder-rape-kid-dacoity-robbery-a.csv
cii/district-wise-cases-reported-under-crimes-against-sts-state-haryana-district-murder-rape-kid-dacoity-robbery-a,cii,District Wise Reports,,DISTRICT‐WISE CASES REPORTED UNDER CRIMEs AGAINST STs DURING 2001 State: Haryana District Murder Rape Kid.. Dacoity Robbery Arson Hurt POA Act PCR Act Other Crimes Total,2012,2013,2,2012 2013,25,pdf_text,data/series/cii/district-wise-cases-reported-under-crimes-against-sts-state-haryana-district-murder-rape-kid-dacoity-robbery-a.csv
cii/district-wise-cases-reported-under-crimes-against-sts-state-himachal-pradesh-district-murder-rape-kid-dacoity,cii,District Wise Reports,,DISTRICT‐WISE CASES REPORTED UNDER CRIMEs AGAINST STs DURING 2001 State: Himachal Pradesh District Murder Rape Kid.. Dacoity Robbery Arson Hurt POA Act PCR Act Other Crimes Total,2012,2013,2,2012 2013,25,pdf_text,data/series/cii/district-wise-cases-reported-under-crimes-against-sts-state-himachal-pradesh-district-murder-rape-kid-dacoity.csv
cii/district-wise-cases-reported-under-crimes-against-sts-state-jammu-kashmir-district-murder-rape-kid-dacoity-rob,cii,District Wise Reports,,DISTRICT‐WISE CASES REPORTED UNDER CRIMEs AGAINST STs DURING 2001 State: Jammu & Kashmir District Murder Rape Kid.. Dacoity Robbery Arson Hurt POA Act PCR Act Other Crimes Total,2012,2013,2,2012 2013,25,pdf_text,data/series/cii/district-wise-cases-reported-under-crimes-against-sts-state-jammu-kashmir-district-murder-rape-kid-dacoity-rob.csv
cii/district-wise-cases-reported-under-crimes-against-sts-state-jharkhand-district-murder-rape-kid-dacoity-robbery,cii,District Wise Reports,,DISTRICT‐WISE CASES REPORTED UNDER CRIMEs AGAINST STs DURING 2001 State: Jharkhand District Murder Rape Kid.. Dacoity Robbery Arson Hurt POA Act PCR Act Other Crimes Total,2012,2013,2,2012 2013,25,pdf_text,data/series/cii/district-wise-cases-reported-under-crimes-against-sts-state-jharkhand-district-murder-rape-kid-dacoity-robbery.csv
cii/district-wise-cases-reported-under-crimes-against-sts-state-karnataka-district-murder-rape-kid-dacoity-robbery,cii,District Wise Reports,,DISTRICT‐WISE CASES REPORTED UNDER CRIMEs AGAINST STs DURING 2001 State: Karnataka District Murder Rape Kid.. Dacoity Robbery Arson Hurt POA Act PCR Act Other Crimes Total,2012,2013,2,2012 2013,25,pdf_text,data/series/cii/district-wise-cases-reported-under-crimes-against-sts-state-karnataka-district-murder-rape-kid-dacoity-robbery.csv
cii/district-wise-cases-reported-under-crimes-against-sts-state-kerala-district-murder-rape-kid-dacoity-robbery-ar,cii,District Wise Reports,,DISTRICT‐WISE CASES REPORTED UNDER CRIMEs AGAINST STs DURING 2001 State: Kerala District Murder Rape Kid.. Dacoity Robbery Arson Hurt POA Act PCR Act Other Crimes Total,2012,2013,2,2012 2013,25,pdf_text,data/series/cii/district-wise-cases-reported-under-crimes-against-sts-state-kerala-district-murder-rape-kid-dacoity-robbery-ar.csv
cii/district-wise-cases-reported-under-crimes-against-sts-state-lakshadweep-district-murder-rape-kid-dacoity-robbe,cii,District Wise Reports,,DISTRICT‐WISE CASES REPORTED UNDER CRIMEs AGAINST STs DURING 2001 State: Lakshadweep District Murder Rape Kid.. Dacoity Robbery Arson Hurt POA Act PCR Act Other Crimes Total,2012,2013,2,2012 2013,25,pdf_text,data/series/cii/district-wise-cases-reported-under-crimes-against-sts-state-lakshadweep-district-murder-rape-kid-dacoity-robbe.csv
cii/district-wise-cases-reported-under-crimes-against-sts-state-madhya-pradesh-district-murder-rape-kid-dacoity-ro,cii,District Wise Reports,,DISTRICT‐WISE CASES REPORTED UNDER CRIMEs AGAINST STs DURING 2001 State: Madhya Pradesh District Murder Rape Kid.. Dacoity Robbery Arson Hurt POA Act PCR Act Other Crimes Total,2012,2013,2,2012 2013,25,pdf_text,data/series/cii/district-wise-cases-reported-under-crimes-against-sts-state-madhya-pradesh-district-murder-rape-kid-dacoity-ro.csv
cii/district-wise-cases-reported-under-crimes-against-sts-state-maharashtra-district-murder-rape-kid-dacoity-robbe,cii,District Wise Reports,,DISTRICT‐WISE CASES REPORTED UNDER CRIMEs AGAINST STs DURING 2001 State: Maharashtra District Murder Rape Kid.. Dacoity Robbery Arson Hurt POA Act PCR Act Other Crimes Total,2012,2013,2,2012 2013,25,pdf_text,data/series/cii/district-wise-cases-reported-under-crimes-against-sts-state-maharashtra-district-murder-rape-kid-dacoity-robbe.csv
cii/district-wise-cases-reported-under-crimes-against-sts-state-manipur-district-murder-rape-kid-dacoity-robbery-a,cii,District Wise Reports,,DISTRICT‐WISE CASES REPORTED UNDER CRIMEs AGAINST STs DURING 2001 State: Manipur District Murder Rape Kid.. Dacoity Robbery Arson Hurt POA Act PCR Act Other Crimes Total,2012,2013,2,2012 2013,25,pdf_text,data/series/cii/district-wise-cases-reported-under-crimes-against-sts-state-manipur-district-murder-rape-kid-dacoity-robbery-a.csv
cii/district-wise-cases-reported-under-crimes-against-sts-state-meghalaya-district-murder-rape-kid-dacoity-robbery,cii,District Wise Reports,,DISTRICT‐WISE CASES REPORTED UNDER CRIMEs AGAINST STs DURING 2001 State: Meghalaya District Murder Rape Kid.. Dacoity Robbery Arson Hurt POA Act PCR Act Other Crimes Total,2012,2013,2,2012 2013,25,pdf_text,data/series/cii/district-wise-cases-reported-under-crimes-against-sts-state-meghalaya-district-murder-rape-kid-dacoity-robbery.csv
cii/district-wise-cases-reported-under-crimes-against-sts-state-mizoram-district-murder-rape-kid-dacoity-robbery-a,cii,District Wise Reports,,DISTRICT‐WISE CASES REPORTED UNDER CRIMEs AGAINST STs DURING 2001 State: Mizoram District Murder Rape Kid.. Dacoity Robbery Arson Hurt POA Act PCR Act Other Crimes Total,2012,2013,2,2012 2013,25,pdf_text,data/series/cii/district-wise-cases-reported-under-crimes-against-sts-state-mizoram-district-murder-rape-kid-dacoity-robbery-a.csv
cii/district-wise-cases-reported-under-crimes-against-sts-state-nagaland-district-murder-rape-kid-dacoity-robbery,cii,District Wise Reports,,DISTRICT‐WISE CASES REPORTED UNDER CRIMEs AGAINST STs DURING 2001 State: Nagaland District Murder Rape Kid.. Dacoity Robbery Arson Hurt POA Act PCR Act Other Crimes Total,2012,2013,2,2012 2013,23,pdf_text,data/series/cii/district-wise-cases-reported-under-crimes-against-sts-state-nagaland-district-murder-rape-kid-dacoity-robbery.csv
cii/district-wise-cases-reported-under-crimes-against-sts-state-odisha-district-murder-rape-kid-dacoity-robbery-ar,cii,District Wise Reports,,DISTRICT‐WISE CASES REPORTED UNDER CRIMEs AGAINST STs DURING 2001 State: Odisha District Murder Rape Kid.. Dacoity Robbery Arson Hurt POA Act PCR Act Other Crimes Total,2012,2013,2,2012 2013,25,pdf_text,data/series/cii/district-wise-cases-reported-under-crimes-against-sts-state-odisha-district-murder-rape-kid-dacoity-robbery-ar.csv
cii/district-wise-cases-reported-under-crimes-against-sts-state-puducherry-district-murder-rape-kid-dacoity-robber,cii,District Wise Reports,,DISTRICT‐WISE CASES REPORTED UNDER CRIMEs AGAINST STs DURING 2001 State: Puducherry District Murder Rape Kid.. Dacoity Robbery Arson Hurt POA Act PCR Act Other Crimes Total,2012,2013,2,2012 2013,25,pdf_text,data/series/cii/district-wise-cases-reported-under-crimes-against-sts-state-puducherry-district-murder-rape-kid-dacoity-robber.csv
cii/district-wise-cases-reported-under-crimes-against-sts-state-punjab-district-murder-rape-kid-dacoity-robbery-ar,cii,District Wise Reports,,DISTRICT‐WISE CASES REPORTED UNDER CRIMEs AGAINST STs DURING 2001 State: Punjab District Murder Rape Kid.. Dacoity Robbery Arson Hurt POA Act PCR Act Other Crimes Total,2012,2013,2,2012 2013,25,pdf_text,data/series/cii/district-wise-cases-reported-under-crimes-against-sts-state-punjab-district-murder-rape-kid-dacoity-robbery-ar.csv
cii/district-wise-cases-reported-under-crimes-against-sts-state-rajasthan-district-murder-rape-kid-dacoity-robbery,cii,District Wise Reports,,DISTRICT‐WISE CASES REPORTED UNDER CRIMEs AGAINST STs DURING 2001 State: Rajasthan District Murder Rape Kid.. Dacoity Robbery Arson Hurt POA Act PCR Act Other Crimes Total,2012,2013,2,2012 2013,25,pdf_text,data/series/cii/district-wise-cases-reported-under-crimes-against-sts-state-rajasthan-district-murder-rape-kid-dacoity-robbery.csv
cii/district-wise-cases-reported-under-crimes-against-sts-state-sikkim-district-murder-rape-kid-dacoity-robbery-ar,cii,District Wise Reports,,DISTRICT‐WISE CASES REPORTED UNDER CRIMEs AGAINST STs DURING 2001 State: Sikkim District Murder Rape Kid.. Dacoity Robbery Arson Hurt POA Act PCR Act Other Crimes Total,2012,2013,2,2012 2013,25,pdf_text,data/series/cii/district-wise-cases-reported-under-crimes-against-sts-state-sikkim-district-murder-rape-kid-dacoity-robbery-ar.csv
cii/district-wise-cases-reported-under-crimes-against-sts-state-tamil-nadu-district-murder-rape-kid-dacoity-robber,cii,District Wise Reports,,DISTRICT‐WISE CASES REPORTED UNDER CRIMEs AGAINST STs DURING 2001 State: Tamil Nadu District Murder Rape Kid.. Dacoity Robbery Arson Hurt POA Act PCR Act Other Crimes Total,2012,2013,2,2012 2013,25,pdf_text,data/series/cii/district-wise-cases-reported-under-crimes-against-sts-state-tamil-nadu-district-murder-rape-kid-dacoity-robber.csv
cii/district-wise-cases-reported-under-crimes-against-sts-state-tripura-district-murder-rape-kid-dacoity-robbery-a,cii,District Wise Reports,,DISTRICT‐WISE CASES REPORTED UNDER CRIMEs AGAINST STs DURING 2001 State: Tripura District Murder Rape Kid.. Dacoity Robbery Arson Hurt POA Act PCR Act Other Crimes Total,2012,2013,2,2012 2013,25,pdf_text,data/series/cii/district-wise-cases-reported-under-crimes-against-sts-state-tripura-district-murder-rape-kid-dacoity-robbery-a.csv
cii/district-wise-cases-reported-under-crimes-against-sts-state-uttar-pradesh-district-murder-rape-kid-dacoity-rob,cii,District Wise Reports,,DISTRICT‐WISE CASES REPORTED UNDER CRIMEs AGAINST STs DURING 2001 State: Uttar Pradesh District Murder Rape Kid.. Dacoity Robbery Arson Hurt POA Act PCR Act Other Crimes Total,2012,2013,2,2012 2013,25,pdf_text,data/series/cii/district-wise-cases-reported-under-crimes-against-sts-state-uttar-pradesh-district-murder-rape-kid-dacoity-rob.csv
cii/district-wise-cases-reported-under-crimes-against-sts-state-uttarakhand-district-murder-rape-kid-dacoity-robbe,cii,District Wise Reports,,DISTRICT‐WISE CASES REPORTED UNDER CRIMEs AGAINST STs DURING 2001 State: Uttarakhand District Murder Rape Kid.. Dacoity Robbery Arson Hurt POA Act PCR Act Other Crimes Total,2012,2013,2,2012 2013,25,pdf_text,data/series/cii/district-wise-cases-reported-under-crimes-against-sts-state-uttarakhand-district-murder-rape-kid-dacoity-robbe.csv
cii/district-wise-cases-reported-under-crimes-against-sts-state-west-bengal-district-murder-rape-kid-dacoity-robbe,cii,District Wise Reports,,DISTRICT‐WISE CASES REPORTED UNDER CRIMEs AGAINST STs DURING 2001 State: West Bengal District Murder Rape Kid.. Dacoity Robbery Arson Hurt POA Act PCR Act Other Crimes Total,2012,2013,2,2012 2013,25,pdf_text,data/series/cii/district-wise-cases-reported-under-crimes-against-sts-state-west-bengal-district-murder-rape-kid-dacoity-robbe.csv
cii/district-wise-crimes-against-children-state-a-n-islands-district-murder-rape-kidnap-foeti-abetment-exposure-pr,cii,District Wise Reports,,DISTRICT‐WISE CRIMES AGAINST CHILDREN DURING 2001 State: A&N Islands District Murder Rape Kidnap Foeti Abetment Exposure Procurati Buying of Selling of Prohibitio Other Total ping & cide of suicide & on of girls for girls for n of child Crimes Abducti abandon minor prosti prosti marriage on ment girls tution tution act,2012,2013,2,2012 2013,25,pdf_text,data/series/cii/district-wise-crimes-against-children-state-a-n-islands-district-murder-rape-kidnap-foeti-abetment-exposure-pr.csv
cii/district-wise-crimes-against-children-state-andhra-pradesh-district-murder-rape-kidnap-foeti-abetment-exposure,cii,District Wise Reports,,DISTRICT‐WISE CRIMES AGAINST CHILDREN DURING 2001 State: Andhra Pradesh District Murder Rape Kidnap Foeti Abetment Exposure Procurati Buying of Selling of Prohibitio Other Total ping & cide of suicide & on of girls for girls for n of child Crimes Abducti abandon minor prosti prosti marriage on ment girls tution tution act,2012,2013,2,2012 2013,25,pdf_text,data/series/cii/district-wise-crimes-against-children-state-andhra-pradesh-district-murder-rape-kidnap-foeti-abetment-exposure.csv
cii/district-wise-crimes-against-children-state-arunachal-pradesh-district-murder-rape-kidnap-foeti-abetment-expos,cii,District Wise Reports,,DISTRICT‐WISE CRIMES AGAINST CHILDREN DURING 2001 State: Arunachal Pradesh District Murder Rape Kidnap Foeti Abetment Exposure Procurati Buying of Selling of Prohibitio Other Total ping & cide of suicide & on of girls for girls for n of child Crimes Abducti abandon minor prosti prosti marriage on ment girls tution tution act,2012,2013,2,2012 2013,25,pdf_text,data/series/cii/district-wise-crimes-against-children-state-arunachal-pradesh-district-murder-rape-kidnap-foeti-abetment-expos.csv
cii/district-wise-crimes-against-children-state-assam-district-murder-rape-kidnap-foeti-abetment-exposure-procurat,cii,District Wise Reports,,DISTRICT‐WISE CRIMES AGAINST CHILDREN DURING 2001 State: Assam District Murder Rape Kidnap Foeti Abetment Exposure Procurati Buying of Selling of Prohibitio Other Total ping & cide of suicide & on of girls for girls for n of child Crimes Abducti abandon minor prosti prosti marriage on ment girls tution tution act,2012,2013,2,2012 2013,25,pdf_text,data/series/cii/district-wise-crimes-against-children-state-assam-district-murder-rape-kidnap-foeti-abetment-exposure-procurat.csv
cii/district-wise-crimes-against-children-state-bihar-district-murder-rape-kidnap-foeti-abetment-exposure-procurat,cii,District Wise Reports,,DISTRICT‐WISE CRIMES AGAINST CHILDREN DURING 2001 State: Bihar District Murder Rape Kidnap Foeti Abetment Exposure Procurati Buying of Selling of Prohibitio Other Total ping & cide of suicide & on of girls for girls for n of child Crimes Abducti abandon minor prosti prosti marriage on ment girls tution tution act,2012,2013,2,2012 2013,25,pdf_text,data/series/cii/district-wise-crimes-against-children-state-bihar-district-murder-rape-kidnap-foeti-abetment-exposure-procurat.csv
cii/district-wise-crimes-against-children-state-chandigarh-district-murder-rape-kidnap-foeti-abetment-exposure-pro,cii,District Wise Reports,,DISTRICT‐WISE CRIMES AGAINST CHILDREN DURING 2001 State: Chandigarh District Murder Rape Kidnap Foeti Abetment Exposure Procurati Buying of Selling of Prohibitio Other Total ping & cide of suicide & on of girls for girls for n of child Crimes Abducti abandon minor prosti prosti marriage on ment girls tution tution act,2012,2013,2,2012 2013,25,pdf_text,data/series/cii/district-wise-crimes-against-children-state-chandigarh-district-murder-rape-kidnap-foeti-abetment-exposure-pro.csv
cii/district-wise-crimes-against-children-state-chhattisgarh-district-murder-rape-kidnap-foeti-abetment-exposure-p,cii,District Wise Reports,,DISTRICT‐WISE CRIMES AGAINST CHILDREN DURING 2001 State: Chhattisgarh District Murder Rape Kidnap Foeti Abetment Exposure Procurati Buying of Selling of Prohibitio Other Total ping & cide of suicide & on of girls for girls for n of child Crimes Abducti abandon minor prosti prosti marriage on ment girls tution tution act,2012,2013,2,2012 2013,25,pdf_text,data/series/cii/district-wise-crimes-against-children-state-chhattisgarh-district-murder-rape-kidnap-foeti-abetment-exposure-p.csv
cii/district-wise-crimes-against-children-state-d-n-haveli-district-murder-rape-kidnap-foeti-abetment-exposure-pro,cii,District Wise Reports,,DISTRICT‐WISE CRIMES AGAINST CHILDREN DURING 2001 State: D&N Haveli District Murder Rape Kidnap Foeti Abetment Exposure Procurati Buying of Selling of Prohibitio Other Total ping & cide of suicide & on of girls for girls for n of child Crimes Abducti abandon minor prosti prosti marriage on ment girls tution tution act,2012,2013,2,2012 2013,25,pdf_text,data/series/cii/district-wise-crimes-against-children-state-d-n-haveli-district-murder-rape-kidnap-foeti-abetment-exposure-pro.csv
cii/district-wise-crimes-against-children-state-daman-diu-district-murder-rape-kidnap-foeti-abetment-exposure-proc,cii,District Wise Reports,,DISTRICT‐WISE CRIMES AGAINST CHILDREN DURING 2001 State: Daman & Diu District Murder Rape Kidnap Foeti Abetment Exposure Procurati Buying of Selling of Prohibitio Other Total ping & cide of suicide & on of girls for girls for n of child Crimes Abducti abandon minor prosti prosti marriage on ment girls tution tution act,2012,2013,2,2012 2013,25,pdf_text,data/series/cii/district-wise-crimes-against-children-state-daman-diu-district-murder-rape-kidnap-foeti-abetment-exposure-proc.csv
cii/district-wise-crimes-against-children-state-delhi-ut-district-murder-rape-kidnap-foeti-abetment-exposure-procu,cii,District Wise Reports,,DISTRICT‐WISE CRIMES AGAINST CHILDREN DURING 2001 State: Delhi UT District Murder Rape Kidnap Foeti Abetment Exposure Procurati Buying of Selling of Prohibitio Other Total ping & cide of suicide & on of girls for girls for n of child Crimes Abducti abandon minor prosti prosti marriage on ment girls tution tution act,2012,2013,2,2012 2013,25,pdf_text,data/series/cii/district-wise-crimes-against-children-state-delhi-ut-district-murder-rape-kidnap-foeti-abetment-exposure-procu.csv
cii/district-wise-crimes-against-children-state-goa-district-murder-rape-kidnap-foeti-abetment-exposure-procurati,cii,District Wise Reports,,DISTRICT‐WISE CRIMES AGAINST CHILDREN DURING 2001 State: Goa District Murder Rape Kidnap Foeti Abetment Exposure Procurati Buying of Selling of Prohibitio Other Total ping & cide of suicide & on of girls for girls for n of child Crimes Abducti abandon minor prosti prosti marriage on ment girls tution tution act,2012,2013,2,2012 2013,25,pdf_text,data/series/cii/district-wise-crimes-against-children-state-goa-district-murder-rape-kidnap-foeti-abetment-exposure-procurati.csv
cii/district-wise-crimes-against-children-state-gujarat-district-murder-rape-kidnap-foeti-abetment-exposure-procur,cii,District Wise Reports,,DISTRICT‐WISE CRIMES AGAINST CHILDREN DURING 2001 State: Gujarat District Murder Rape Kidnap Foeti Abetment Exposure Procurati Buying of Selling of Prohibitio Other Total ping & cide of suicide & on of girls for girls for n of child Crimes Abducti abandon minor prosti prosti marriage on ment girls tution tution act,2012,2013,2,2012 2013,25,pdf_text,data/series/cii/district-wise-crimes-against-children-state-gujarat-district-murder-rape-kidnap-foeti-abetment-exposure-procur.csv
cii/district-wise-crimes-against-children-state-haryana-district-murder-rape-kidnap-foeti-abetment-exposure-procur,cii,District Wise Reports,,DISTRICT‐WISE CRIMES AGAINST CHILDREN DURING 2001 State: Haryana District Murder Rape Kidnap Foeti Abetment Exposure Procurati Buying of Selling of Prohibitio Other Total ping & cide of suicide & on of girls for girls for n of child Crimes Abducti abandon minor prosti prosti marriage on ment girls tution tution act,2012,2013,2,2012 2013,25,pdf_text,data/series/cii/district-wise-crimes-against-children-state-haryana-district-murder-rape-kidnap-foeti-abetment-exposure-procur.csv
cii/district-wise-crimes-against-children-state-himachal-pradesh-district-murder-rape-kidnap-foeti-abetment-exposu,cii,District Wise Reports,,DISTRICT‐WISE CRIMES AGAINST CHILDREN DURING 2001 State: Himachal Pradesh District Murder Rape Kidnap Foeti Abetment Exposure Procurati Buying of Selling of Prohibitio Other Total ping & cide of suicide & on of girls for girls for n of child Crimes Abducti abandon minor prosti prosti marriage on ment girls tution tution act,2012,2013,2,2012 2013,25,pdf_text,data/series/cii/district-wise-crimes-against-children-state-himachal-pradesh-district-murder-rape-kidnap-foeti-abetment-exposu.csv
cii/district-wise-crimes-against-children-state-jammu-kashmir-district-murder-rape-kidnap-foeti-abetment-exposure,cii,District Wise Reports,,DISTRICT‐WISE CRIMES AGAINST CHILDREN DURING 2001 State: Jammu & Kashmir District Murder Rape Kidnap Foeti Abetment Exposure Procurati Buying of Selling of Prohibitio Other Total ping & cide of suicide & on of girls for girls for n of child Crimes Abducti abandon minor prosti prosti marriage on ment girls tution tution act,2012,2013,2,2012 2013,25,pdf_text,data/series/cii/district-wise-crimes-against-children-state-jammu-kashmir-district-murder-rape-kidnap-foeti-abetment-exposure.csv
cii/district-wise-crimes-against-children-state-jharkhand-district-murder-rape-kidnap-foeti-abetment-exposure-proc,cii,District Wise Reports,,DISTRICT‐WISE CRIMES AGAINST CHILDREN DURING 2001 State: Jharkhand District Murder Rape Kidnap Foeti Abetment Exposure Procurati Buying of Selling of Prohibitio Other Total ping & cide of suicide & on of girls for girls for n of child Crimes Abducti abandon minor prosti prosti marriage on ment girls tution tution act,2012,2013,2,2012 2013,25,pdf_text,data/series/cii/district-wise-crimes-against-children-state-jharkhand-district-murder-rape-kidnap-foeti-abetment-exposure-proc.csv
cii/district-wise-crimes-against-children-state-karnataka-district-murder-rape-kidnap-foeti-abetment-exposure-proc,cii,District Wise Reports,,DISTRICT‐WISE CRIMES AGAINST CHILDREN DURING 2001 State: Karnataka District Murder Rape Kidnap Foeti Abetment Exposure Procurati Buying of Selling of Prohibitio Other Total ping & cide of suicide & on of girls for girls for n of child Crimes Abducti abandon minor prosti prosti marriage on ment girls tution tution act,2012,2013,2,2012 2013,25,pdf_text,data/series/cii/district-wise-crimes-against-children-state-karnataka-district-murder-rape-kidnap-foeti-abetment-exposure-proc.csv
cii/district-wise-crimes-against-children-state-kerala-district-murder-rape-kidnap-foeti-abetment-exposure-procura,cii,District Wise Reports,,DISTRICT‐WISE CRIMES AGAINST CHILDREN DURING 2001 State: Kerala District Murder Rape Kidnap Foeti Abetment Exposure Procurati Buying of Selling of Prohibitio Other Total ping & cide of suicide & on of girls for girls for n of child Crimes Abducti abandon minor prosti prosti marriage on ment girls tution tution act,2012,2013,2,2012 2013,25,pdf_text,data/series/cii/district-wise-crimes-against-children-state-kerala-district-murder-rape-kidnap-foeti-abetment-exposure-procura.csv
cii/district-wise-crimes-against-children-state-lakshadweep-district-murder-rape-kidnap-foeti-abetment-exposure-pr,cii,District Wise Reports,,DISTRICT‐WISE CRIMES AGAINST CHILDREN DURING 2001 State: Lakshadweep District Murder Rape Kidnap Foeti Abetment Exposure Procurati Buying of Selling of Prohibitio Other Total ping & cide of suicide & on of girls for girls for n of child Crimes Abducti abandon minor prosti prosti marriage on ment girls tution tution act,2012,2013,2,2012 2013,25,pdf_text,data/series/cii/district-wise-crimes-against-children-state-lakshadweep-district-murder-rape-kidnap-foeti-abetment-exposure-pr.csv
cii/district-wise-crimes-against-children-state-madhya-pradesh-district-murder-rape-kidnap-foeti-abetment-exposure,cii,District Wise Reports,,DISTRICT‐WISE CRIMES AGAINST CHILDREN DURING 2001 State: Madhya Pradesh District Murder Rape Kidnap Foeti Abetment Exposure Procurati Buying of Selling of Prohibitio Other Total ping & cide of suicide & on of girls for girls for n of child Crimes Abducti abandon minor prosti prosti marriage on ment girls tution tution act,2012,2013,2,2012 2013,25,pdf_text,data/series/cii/district-wise-crimes-against-children-state-madhya-pradesh-district-murder-rape-kidnap-foeti-abetment-exposure.csv
cii/district-wise-crimes-against-children-state-maharashtra-district-murder-rape-kidnap-foeti-abetment-exposure-pr,cii,District Wise Reports,,DISTRICT‐WISE CRIMES AGAINST CHILDREN DURING 2001 State: Maharashtra District Murder Rape Kidnap Foeti Abetment Exposure Procurati Buying of Selling of Prohibitio Other Total ping & cide of suicide & on of girls for girls for n of child Crimes Abducti abandon minor prosti prosti marriage on ment girls tution tution act,2012,2013,2,2012 2013,25,pdf_text,data/series/cii/district-wise-crimes-against-children-state-maharashtra-district-murder-rape-kidnap-foeti-abetment-exposure-pr.csv
cii/district-wise-crimes-against-children-state-manipur-district-murder-rape-kidnap-foeti-abetment-exposure-procur,cii,District Wise Reports,,DISTRICT‐WISE CRIMES AGAINST CHILDREN DURING 2001 State: Manipur District Murder Rape Kidnap Foeti Abetment Exposure Procurati Buying of Selling of Prohibitio Other Total ping & cide of suicide & on of girls for girls for n of child Crimes Abducti abandon minor prosti prosti marriage on ment girls tution tution act,2012,2013,2,2012 2013,25,pdf_text,data/series/cii/district-wise-crimes-against-children-state-manipur-district-murder-rape-kidnap-foeti-abetment-exposure-procur.csv
cii/district-wise-crimes-against-children-state-meghalaya-district-murder-rape-kidnap-foeti-abetment-exposure-proc,cii,District Wise Reports,,DISTRICT‐WISE CRIMES AGAINST CHILDREN DURING 2001 State: Meghalaya District Murder Rape Kidnap Foeti Abetment Exposure Procurati Buying of Selling of Prohibitio Other Total ping & cide of suicide & on of girls for girls for n of child Crimes Abducti abandon minor prosti prosti marriage on ment girls tution tution act,2012,2013,2,2012 2013,25,pdf_text,data/series/cii/district-wise-crimes-against-children-state-meghalaya-district-murder-rape-kidnap-foeti-abetment-exposure-proc.csv
cii/district-wise-crimes-against-children-state-mizoram-district-murder-rape-kidnap-foeti-abetment-exposure-procur,cii,District Wise Reports,,DISTRICT‐WISE CRIMES AGAINST CHILDREN DURING 2001 State: Mizoram District Murder Rape Kidnap Foeti Abetment Exposure Procurati Buying of Selling of Prohibitio Other Total ping & cide of suicide & on of girls for girls for n of child Crimes Abducti abandon minor prosti prosti marriage on ment girls tution tution act,2012,2013,2,2012 2013,25,pdf_text,data/series/cii/district-wise-crimes-against-children-state-mizoram-district-murder-rape-kidnap-foeti-abetment-exposure-procur.csv
cii/district-wise-crimes-against-children-state-nagaland-district-murder-rape-kidnap-foeti-abetment-exposure-procu,cii,District Wise Reports,,DISTRICT‐WISE CRIMES AGAINST CHILDREN DURING 2001 State: Nagaland District Murder Rape Kidnap Foeti Abetment Exposure Procurati Buying of Selling of Prohibitio Other Total ping & cide of suicide & on of girls for girls for n of child Crimes Abducti abandon minor prosti prosti marriage on ment girls tution tution act,2012,2013,2,2012 2013,25,pdf_text,data/series/cii/district-wise-crimes-against-children-state-nagaland-district-murder-rape-kidnap-foeti-abetment-exposure-procu.csv
cii/district-wise-crimes-against-children-state-odisha-district-murder-rape-kidnap-foeti-abetment-exposure-procura,cii,District Wise Reports,,DISTRICT‐WISE CRIMES AGAINST CHILDREN DURING 2001 State: Odisha District Murder Rape Kidnap Foeti Abetment Exposure Procurati Buying of Selling of Prohibitio Other Total ping & cide of suicide & on of girls for girls for n of child Crimes Abducti abandon minor prosti prosti marriage on ment girls tution tution act,2012,2013,2,2012 2013,25,pdf_text,data/series/cii/district-wise-crimes-against-children-state-odisha-district-murder-rape-kidnap-foeti-abetment-exposure-procura.csv
cii/district-wise-crimes-against-children-state-puducherry-district-murder-rape-kidnap-foeti-abetment-exposure-pro,cii,District Wise Reports,,DISTRICT‐WISE CRIMES AGAINST CHILDREN DURING 2001 State: Puducherry District Murder Rape Kidnap Foeti Abetment Exposure Procurati Buying of Selling of Prohibitio Other Total ping & cide of suicide & on of girls for girls for n of child Crimes Abducti abandon minor prosti prosti marriage on ment girls tution tution act,2012,2013,2,2012 2013,25,pdf_text,data/series/cii/district-wise-crimes-against-children-state-puducherry-district-murder-rape-kidnap-foeti-abetment-exposure-pro.csv
cii/district-wise-crimes-against-children-state-punjab-district-murder-rape-kidnap-foeti-abetment-exposure-procura,cii,District Wise Reports,,DISTRICT‐WISE CRIMES AGAINST CHILDREN DURING 2001 State: Punjab District Murder Rape Kidnap Foeti Abetment Exposure Procurati Buying of Selling of Prohibitio Other Total ping & cide of suicide & on of girls for girls for n of child Crimes Abducti abandon minor prosti prosti marriage on ment girls tution tution act,2012,2013,2,2012 2013,25,pdf_text,data/series/cii/district-wise-crimes-against-children-state-punjab-district-murder-rape-kidnap-foeti-abetment-exposure-procura.csv
cii/district-wise-crimes-against-children-state-rajasthan-district-murder-rape-kidnap-foeti-abetment-exposure-proc,cii,District Wise Reports,,DISTRICT‐WISE CRIMES AGAINST CHILDREN DURING 2001 State: Rajasthan District Murder Rape Kidnap Foeti Abetment Exposure Procurati Buying of Selling of Prohibitio Other Total ping & cide of suicide & on of girls for girls for n of child Crimes Abducti abandon minor prosti prosti marriage on ment girls tution tution act,2012,2013,2,2012 2013,25,pdf_text,data/series/cii/district-wise-crimes-against-children-state-rajasthan-district-murder-rape-kidnap-foeti-abetment-exposure-proc.csv
cii/district-wise-crimes-against-children-state-sikkim-district-murder-rape-kidnap-foeti-abetment-exposure-procura,cii,District Wise Reports,,DISTRICT‐WISE CRIMES AGAINST CHILDREN DURING 2001 State: Sikkim District Murder Rape Kidnap Foeti Abetment Exposure Procurati Buying of Selling of Prohibitio Other Total ping & cide of suicide & on of girls for girls for n of child Crimes Abducti abandon minor prosti prosti marriage on ment girls tution tution act,2012,2013,2,2012 2013,25,pdf_text,data/series/cii/district-wise-crimes-against-children-state-sikkim-district-murder-rape-kidnap-foeti-abetment-exposure-procura.csv
cii/district-wise-crimes-against-children-state-tamil-nadu-district-murder-rape-kidnap-foeti-abetment-exposure-pro,cii,District Wise Reports,,DISTRICT‐WISE CRIMES AGAINST CHILDREN DURING 2001 State: Tamil Nadu District Murder Rape Kidnap Foeti Abetment Exposure Procurati Buying of Selling of Prohibitio Other Total ping & cide of suicide & on of girls for girls for n of child Crimes Abducti abandon minor prosti prosti marriage on ment girls tution tution act,2012,2013,2,2012 2013,25,pdf_text,data/series/cii/district-wise-crimes-against-children-state-tamil-nadu-district-murder-rape-kidnap-foeti-abetment-exposure-pro.csv
cii/district-wise-crimes-against-children-state-tripura-district-murder-rape-kidnap-foeti-abetment-exposure-procur,cii,District Wise Reports,,DISTRICT‐WISE CRIMES AGAINST CHILDREN DURING 2001 State: Tripura District Murder Rape Kidnap Foeti Abetment Exposure Procurati Buying of Selling of Prohibitio Other Total ping & cide of suicide & on of girls for girls for n of child Crimes Abducti abandon minor prosti prosti marriage on ment girls tution tution act,2012,2013,2,2012 2013,25,pdf_text,data/series/cii/district-wise-crimes-against-children-state-tripura-district-murder-rape-kidnap-foeti-abetment-exposure-procur.csv
cii/district-wise-crimes-against-children-state-uttar-pradesh-district-murder-rape-kidnap-foeti-abetment-exposure,cii,District Wise Reports,,DISTRICT‐WISE CRIMES AGAINST CHILDREN DURING 2001 State: Uttar Pradesh District Murder Rape Kidnap Foeti Abetment Exposure Procurati Buying of Selling of Prohibitio Other Total ping & cide of suicide & on of girls for girls for n of child Crimes Abducti abandon minor prosti prosti marriage on ment girls tution tution act,2012,2013,2,2012 2013,25,pdf_text,data/series/cii/district-wise-crimes-against-children-state-uttar-pradesh-district-murder-rape-kidnap-foeti-abetment-exposure.csv
cii/district-wise-crimes-against-children-state-uttarakhand-district-murder-rape-kidnap-foeti-abetment-exposure-pr,cii,District Wise Reports,,DISTRICT‐WISE CRIMES AGAINST CHILDREN DURING 2001 State: Uttarakhand District Murder Rape Kidnap Foeti Abetment Exposure Procurati Buying of Selling of Prohibitio Other Total ping & cide of suicide & on of girls for girls for n of child Crimes Abducti abandon minor prosti prosti marriage on ment girls tution tution act,2012,2013,2,2012 2013,25,pdf_text,data/series/cii/district-wise-crimes-against-children-state-uttarakhand-district-murder-rape-kidnap-foeti-abetment-exposure-pr.csv
cii/district-wise-crimes-against-children-state-west-bengal-district-murder-rape-kidnap-foeti-abetment-exposure-pr,cii,District Wise Reports,,DISTRICT‐WISE CRIMES AGAINST CHILDREN DURING 2001 State: West Bengal District Murder Rape Kidnap Foeti Abetment Exposure Procurati Buying of Selling of Prohibitio Other Total ping & cide of suicide & on of girls for girls for n of child Crimes Abducti abandon minor prosti prosti marriage on ment girls tution tution act,2012,2013,2,2012 2013,25,pdf_text,data/series/cii/district-wise-crimes-against-children-state-west-bengal-district-murder-rape-kidnap-foeti-abetment-exposure-pr.csv
cii/district-wise-crimes-committed-against-children,cii,District Wise Reports,,District-wise Crimes committed against Children,2014,2016,3,2014 2015 2016,3,excel,data/series/cii/district-wise-crimes-committed-against-children.csv
cii/district-wise-crimes-committed-against-foreigners,cii,District Wise Reports,,District-wise Crimes committed against Foreigners,2014,2015,2,2014 2015,2,excel,data/series/cii/district-wise-crimes-committed-against-foreigners.csv
cii/district-wise-crimes-committed-against-scs,cii,District Wise Reports,,District-wise Crimes committed against SCs,2014,2016,3,2014 2015 2016,3,excel,data/series/cii/district-wise-crimes-committed-against-scs.csv
cii/district-wise-crimes-committed-against-senior-citizen,cii,District Wise Reports,,District-wise Crimes committed against Senior Citizen,2014,2016,3,2014 2015 2016,3,excel,data/series/cii/district-wise-crimes-committed-against-senior-citizen.csv
cii/district-wise-crimes-committed-against-sts,cii,District Wise Reports,,District-wise Crimes committed against STs,2014,2016,3,2014 2015 2016,3,excel,data/series/cii/district-wise-crimes-committed-against-sts.csv
cii/district-wise-crimes-committed-against-women,cii,District Wise Reports,,District-wise Crimes committed against Women,2014,2016,3,2014 2015 2016,3,excel,data/series/cii/district-wise-crimes-committed-against-women.csv
cii/district-wise-crimes-committed-by-foreigners,cii,District Wise Reports,,District-wise Crimes committed by Foreigners,2014,2015,2,2014 2015,2,excel,data/series/cii/district-wise-crimes-committed-by-foreigners.csv
cii/district-wise-incidence-of-cognizable-crimes-ipc,cii,Executive Summary,,District-wise Incidence of Cognizable Crimes (IPC),1988,2013,21,1988 1989 1990 1993 1994 1996 1997 1999 2001 2002 2003 2004 2005 2006 2007 2008 2009 2010 2011 2012 2013,21,pdf_ocr pdf_text pdf_vlm,data/series/cii/district-wise-incidence-of-cognizable-crimes-ipc.csv
cii/district-wise-incidence-of-crimes-committed-against-children,cii,Crime Against Children,,District-wise Incidence of Crimes Committed Against Children,2001,2002,2,2001 2002,2,pdf_text,data/series/cii/district-wise-incidence-of-crimes-committed-against-children.csv
cii/district-wise-incidence-of-crimes-committed-against-scs-and-sts,cii,Crime Against Weaker Sections of Society (SCs/STs),,District-wise Incidence of Crimes Committed Against SCs and STs,2001,2002,2,2001 2002,2,pdf_text,data/series/cii/district-wise-incidence-of-crimes-committed-against-scs-and-sts.csv
cii/district-wise-ipc-cases-reported,cii,District Wise Reports,,District-Wise IPC Cases Reported,2014,2016,3,2014 2015 2016,3,excel,data/series/cii/district-wise-ipc-cases-reported.csv
cii/district-wise-ipc-crimes,cii,District Wise Reports,,District-wise IPC Crimes - 2019,2017,2019,2,2017 2019,2,excel,data/series/cii/district-wise-ipc-crimes.csv
cii/district-wise-missing-persons,cii,District Wise Reports,,District-wise Missing Persons_2018,2017,2018,2,2017 2018,2,excel,data/series/cii/district-wise-missing-persons.csv
cii/district-wise-sll-cases-reported,cii,District Wise Reports,,District-wise SLL Cases Reported,2014,2016,3,2014 2015 2016,3,excel,data/series/cii/district-wise-sll-cases-reported.csv
cii/district-wise-sll-crime-by-jeveniles,cii,District Wise Reports,,District-wise SLL Crime by Jeveniles_2018,2017,2018,2,2017 2018,2,excel,data/series/cii/district-wise-sll-crime-by-jeveniles.csv
cii/districtwise-crime-against-children,cii,District Wise Reports,,Districtwise Crime against Children - 2024,2020,2024,5,2020 2021 2022 2023 2024,5,excel,data/series/cii/districtwise-crime-against-children.csv
cii/districtwise-crime-against-scheduled-castes-scs,cii,District Wise Reports,,Districtwise Crime against Scheduled Castes (SCs) - 2024,2020,2024,5,2020 2021 2022 2023 2024,5,excel,data/series/cii/districtwise-crime-against-scheduled-castes-scs.csv
cii/districtwise-crime-against-scheduled-tribes,cii,District Wise Reports,,Districtwise Crime against Scheduled Tribes - 2024,2020,2024,5,2020 2021 2022 2023 2024,5,excel,data/series/cii/districtwise-crime-against-scheduled-tribes.csv
cii/districtwise-crime-against-women,cii,District Wise Reports,,Districtwise Crime against Women - 2024,2020,2024,5,2020 2021 2022 2023 2024,5,excel,data/series/cii/districtwise-crime-against-women.csv
cii/districtwise-cyber-crimes,cii,District Wise Reports,,Districtwise Cyber Crimes - 2024,2020,2024,5,2020 2021 2022 2023 2024,5,excel,data/series/cii/districtwise-cyber-crimes.csv
cii/districtwise-ipc-crime-by-juveniles,cii,District Wise Reports,,Districtwise IPC Crime by Juveniles - 2023,2020,2023,4,2020 2021 2022 2023,4,excel,data/series/cii/districtwise-ipc-crime-by-juveniles.csv
cii/districtwise-ipc-crimes,cii,District Wise Reports,,Districtwise IPC Crimes - 2023,2020,2023,4,2020 2021 2022 2023,4,excel,data/series/cii/districtwise-ipc-crimes.csv
cii/districtwise-missing-persons,cii,District Wise Reports,,Districtwise Missing Persons - 2024,2020,2024,5,2020 2021 2022 2023 2024,5,excel,data/series/cii/districtwise-missing-persons.csv
cii/districtwise-sll-crime-by-juveniles,cii,District Wise Reports,,Districtwise SLL Crime by Juveniles - 2023,2020,2024,5,2020 2021 2022 2023 2024,5,excel,data/series/cii/districtwise-sll-crime-by-juveniles.csv
cii/districtwise-sll-crimes,cii,District Wise Reports,,Districtwise SLL Crimes - 2024,2020,2024,5,2020 2021 2022 2023 2024,5,excel,data/series/cii/districtwise-sll-crimes.csv
cii/drugs-seized-recovered,cii,States/UTs,,Drugs Seized/Recovered,2019,2021,3,2019 2020 2021,13,excel,data/series/cii/drugs-seized-recovered.csv
cii/duration-of-completion-of-trials-by-various-courts-for-ipc-crimes,cii,Disposal of Cases By Courts (States/UTs),,Duration of Completion of Trials by Various Courts for IPC Crimes - 2023,2017,2023,7,2017 2018 2019 2020 2021 2022 2023,7,pdf_text,data/series/cii/duration-of-completion-of-trials-by-various-courts-for-ipc-crimes.csv
cii/economic-crimes-city-wise-crime-head-wise__city,cii,Economic Offences (Metropolitan Cities),city,Economic Crimes (City wise & Crime Head-wise) -2024,2017,2024,8,2017 2018 2019 2020 2021 2022 2023 2024,15,excel pdf_text,data/series/cii/economic-crimes-city-wise-crime-head-wise__city.csv
cii/economic-crimes-state-ut-wise-crime-head-wise__state-ut,cii,Economic Offences (States/UTs),state-ut,Economic Crimes (State/UT-wise & Crime Head-wise) -2024,2017,2024,8,2017 2018 2019 2020 2021 2022 2023 2024,8,pdf_text,data/series/cii/economic-crimes-state-ut-wise-crime-head-wise__state-ut.csv
cii/economic-offence-cases-loss-of-property,cii,Economic Offences (States/UTs),,Economic Offence Cases - Loss of Property -2024,2017,2024,8,2017 2018 2019 2020 2021 2022 2023 2024,8,pdf_text,data/series/cii/economic-offence-cases-loss-of-property.csv
cii/economic-offences,cii,Economic Offences (Metropolitan Cities),,Economic Offences,2022,2024,3,2022 2023 2024,10,pdf_text,data/series/cii/economic-offences.csv
cii/economic-offences-city-wise__city,cii,Economic Offences (Metropolitan Cities),city,Economic Offences (City-wise) -2022-2024,2017,2024,8,2017 2018 2019 2020 2021 2022 2023 2024,14,excel pdf_text,data/series/cii/economic-offences-city-wise__city.csv
cii/economic-offences-loss-of-property,cii,Economic Offences (Metropolitan Cities),,Economic Offences - Loss of Property -2024,2022,2024,3,2022 2023 2024,5,pdf_text,data/series/cii/economic-offences-loss-of-property.csv
cii/economic-offences-loss-of-property-more-than-1-crore,cii,Economic Offences (Metropolitan Cities),,Economic Offences - Loss of Property More than 1 Crore - 2021,2017,2021,5,2017 2018 2019 2020 2021,9,excel pdf_text,data/series/cii/economic-offences-loss-of-property-more-than-1-crore.csv
cii/economic-offences-state-ut-wise__state-ut,cii,Economic Offences (States/UTs),state-ut,Economic Offences (State/UT-wise) -2022-2024,2017,2024,8,2017 2018 2019 2020 2021 2022 2023 2024,8,pdf_text,data/series/cii/economic-offences-state-ut-wise__state-ut.csv
cii/education-family-background-of-juveniles-arrested,cii,Juveniles In Conflict With Law (34 Metropolitan Cities),,Education & Family Background of Juveniles Arrested - 2024,2016,2024,9,2016 2017 2018 2019 2020 2021 2022 2023 2024,25,excel pdf_text,data/series/cii/education-family-background-of-juveniles-arrested.csv
cii/environment-related-offences-state-ut-wise__state-ut,cii,Offences related to Environment,state-ut,Environment Related Offences State/UT-wise) -2022-2024,2017,2024,8,2017 2018 2019 2020 2021 2022 2023 2024,8,pdf_text,data/series/cii/environment-related-offences-state-ut-wise__state-ut.csv
cii/environment-related-offences-state-ut-wise-crime-head-wise__state-ut,cii,Offences related to Environment,state-ut,Environment Related Offences (State/UT-wise & Crime Head-wise) -2024,2017,2024,8,2017 2018 2019 2020 2021 2022 2023 2024,8,pdf_text,data/series/cii/environment-related-offences-state-ut-wise-crime-head-wise__state-ut.csv
cii/equipments-and-transport-support-with-police-state-ut-wise__state-ut,cii,"Police Strength, Expenditure & Infrastructure",state-ut,Equipments and Transport Support with Police (State & UT-wise),2003,2013,11,2003 2004 2005 2006 2007 2008 2009 2010 2011 2012 2013,12,pdf_text,data/series/cii/equipments-and-transport-support-with-police-state-ut-wise__state-ut.csv
cii/escapees-from-police-custody-state-ut-wise__state-ut,cii,Custodial Crimes (in Police custody),state-ut,Escapees from Police Custody During 2015 (State/UT-Wise),2001,2015,15,2001 2002 2003 2004 2005 2006 2007 2008 2009 2010 2011 2012 2013 2014 2015,15,pdf_text,data/series/cii/escapees-from-police-custody-state-ut-wise__state-ut.csv
cii/escapes-from-police-custody,cii,Custodial Crimes & Complaints Against Police Personnel,,Escapes From Police Custody - 2024,1999,2024,10,1999 2016 2017 2018 2019 2020 2021 2022 2023 2024,10,pdf_text pdf_vlm,data/series/cii/escapes-from-police-custody.csv
cii/final-order-in-the-matter-of-juveniles-apprehended-under-various-crime-heads-of-ipc-sll-state-ut-wise__state-ut,cii,Juveniles in Conflict with Law,state-ut,Final Order in the Matter of Juveniles Apprehended under Various Crime Heads of IPC & SLL During 2015 (State/UT-Wise),2014,2015,2,2014 2015,2,pdf_text,data/series/cii/final-order-in-the-matter-of-juveniles-apprehended-under-various-crime-heads-of-ipc-sll-state-ut-wise__state-ut.csv
cii/gender-wise-details-of-victims-under-ipc-and-sll-crimes,cii,States/UTs,,Gender-wise details of Victims under IPC and SLL Crimes during 2022,2019,2022,3,2019 2021 2022,3,excel,data/series/cii/gender-wise-details-of-victims-under-ipc-and-sll-crimes.csv
cii/gender-wise-victims-under-crimes-against-children,cii,States/UTs,,Gender-wise Victims under Crimes against Children during 2022,2019,2022,3,2019 2021 2022,3,excel,data/series/cii/gender-wise-victims-under-crimes-against-children.csv
cii/gender-wise-victims-under-crimes-against-scs,cii,States/UTs,,Gender-wise Victims under Crimes against SCs during 2022,2019,2022,3,2019 2021 2022,3,excel,data/series/cii/gender-wise-victims-under-crimes-against-scs.csv
cii/gender-wise-victims-under-crimes-against-senior-citizen,cii,States/UTs,,Gender-wise Victims under Crimes against Senior Citizen during 2022,2019,2022,3,2019 2021 2022,3,excel,data/series/cii/gender-wise-victims-under-crimes-against-senior-citizen.csv
cii/gender-wise-victims-under-crimes-against-sts,cii,States/UTs,,Gender-wise Victims under Crimes against STs during 2022,2019,2022,3,2019 2021 2022,3,excel,data/series/cii/gender-wise-victims-under-crimes-against-sts.csv
cii/house-breaking-union-territories-cities__city,cii,,city,HOUSE BREAKING Union Territories Cities,1956,1959,4,1956 1957 1958 1959,6,pdf_vlm,data/series/cii/house-breaking-union-territories-cities__city.csv
cii/human-trafficking-cases,cii,Human Trafficking,,Human Trafficking Cases – 2024,2016,2024,9,2016 2017 2018 2019 2020 2021 2022 2023 2024,9,pdf_text,data/series/cii/human-trafficking-cases.csv
cii/iii-and-cities-total-cognizable-crime__city,cii,Crime Survey,city,III AND CITIES—TOTAL COGNIZABLE CRIME,1966,1968,2,1966 1968,2,pdf_vlm,data/series/cii/iii-and-cities-total-cognizable-crime__city.csv
cii/incidence-and-percentage-contribution-to-all-india-of-crimes-committed-against-children-state-ut-wise__state-ut,cii,Crime Survey,state-ut,Incidence and Percentage Contribution to all India of Crimes Committed Against Children During 1999 (State & UT-Wise),1994,1999,3,1994 1995 1999,4,pdf_vlm,data/series/cii/incidence-and-percentage-contribution-to-all-india-of-crimes-committed-against-children-state-ut-wise__state-ut.csv
cii/incidence-and-rate-of-cognizable-crimes-ipc-under-different-crime-heads-and-percentage-changes,cii,Crime Survey,,Incidence and Rate of Cognizable Crimes (IPC) under Different Crime Heads and Percentage Changes During 1995,1993,1995,2,1993 1995,2,pdf_vlm,data/series/cii/incidence-and-rate-of-cognizable-crimes-ipc-under-different-crime-heads-and-percentage-changes.csv
cii/incidence-and-rate-of-juvenile-delinquency-under-ipc,cii,Crime Survey,,Incidence and Rate of Juvenile Delinquency under IPC 2001-2011,1992,2011,19,1992 1993 1994 1995 1996 1997 1998 1999 2001 2002 2003 2004 2005 2006 2007 2008 2009 2010 2011,20,pdf_text pdf_vlm,data/series/cii/incidence-and-rate-of-juvenile-delinquency-under-ipc.csv
cii/incidence-and-rate-of-juveniles-in-conflict-with-law-under-ipc,cii,Juveniles in Conflict with Law,,Incidence and Rate of Juveniles in conflict with Law under IPC 2003-2013,2012,2013,2,2012 2013,2,pdf_text,data/series/cii/incidence-and-rate-of-juveniles-in-conflict-with-law-under-ipc.csv
cii/incidence-and-volume-of-cognizable-crimes-ipc-under-different-crime-heads-and-percentage-changes,cii,Crime Survey,,Incidence and Volume of Cognizable Crimes (IPC) under Different Crime Heads and Percentage Changes During 1990,1988,1990,3,1988 1989 1990,3,pdf_vlm,data/series/cii/incidence-and-volume-of-cognizable-crimes-ipc-under-different-crime-heads-and-percentage-changes.csv
cii/incidence-and-volume-of-juvenile-delinquency-under-ipc,cii,Crime Survey,,Incidence and Volume of Juvenile Delinquency under IPC 1981-91,1988,1991,4,1988 1989 1990 1991,4,pdf_vlm,data/series/cii/incidence-and-volume-of-juvenile-delinquency-under-ipc.csv
cii/incidence-of-cases-registered-and-number-of-persons-arrested-under-cyber-crimes-crime-head-wise,cii,Cyber Crimes,,Incidence of Cases Registered and Number of Persons Arrested under Cyber Crimes (Crime Head-wise),2002,2013,11,2002 2003 2004 2005 2006 2007 2008 2009 2011 2012 2013,11,pdf_text,data/series/cii/incidence-of-cases-registered-and-number-of-persons-arrested-under-cyber-crimes-crime-head-wise.csv
cii/incidence-of-cases-registered-under-cyber-crimes-state-ut-city-wise__state-ut-city,cii,Cyber Crimes,state-ut-city,"Incidence of Cases Registered under Cyber Crimes (State, UT & City-wise)",2002,2013,11,2002 2004 2005 2006 2007 2008 2009 2010 2011 2012 2013,11,pdf_text,data/series/cii/incidence-of-cases-registered-under-cyber-crimes-state-ut-city-wise__state-ut-city.csv
cii/incidence-of-cognizable-crime-and-volume-per-one-lakh-of-population-under-important-heads-of-indian-penal-code,cii,Crime Survey,,Incidence of Cognizable Crime and Volume per one Lakh of Population under Important Heads of Indian Penal Code During the Year 1982,1978,1982,3,1978 1979 1982,3,pdf_ocr pdf_vlm,data/series/cii/incidence-of-cognizable-crime-and-volume-per-one-lakh-of-population-under-important-heads-of-indian-penal-code.csv
cii/incidence-of-cognizable-crime-under-the-indian-penal-code-and-population-in-india,cii,Crime Survey,,Incidence of Cognizable Crime Under the Indian Penal Code and Population in India from 1977 to 1987,1984,1987,2,1984 1987,2,pdf_vlm,data/series/cii/incidence-of-cognizable-crime-under-the-indian-penal-code-and-population-in-india.csv
cii/incidence-of-cognizable-crimes-ipc-under-different-crime-heads-in-states-uts-cities-and-percentage-variation__city,cii,Crime Survey,city,"Incidence of Cognizable Crimes (IPC) under Different Crime Heads in States, UTs & Cities During 1990 and Percentage Variation over 1989",1988,1990,2,1988 1990,2,pdf_vlm,data/series/cii/incidence-of-cognizable-crimes-ipc-under-different-crime-heads-in-states-uts-cities-and-percentage-variation__city.csv
cii/incidence-of-cognizable-crimes-ipc-under-different-crime-heads-in-states-uts-cities-percentage-variation-over__city,cii,Crime Survey,city,"Incidence of Cognizable Crimes (IPC) Under Different Crime Heads in States, UTs & Cities During 1999 & Percentage Variation Over",1992,1999,5,1992 1993 1994 1997 1999,5,pdf_ocr pdf_vlm,data/series/cii/incidence-of-cognizable-crimes-ipc-under-different-crime-heads-in-states-uts-cities-percentage-variation-over__city.csv
cii/incidence-of-crime-committed-against-scheduled-castes,cii,Crime Survey,,Incidence of Crime Committed Against Scheduled Castes During 1999,1997,1999,3,1997 1998 1999,3,pdf_vlm,data/series/cii/incidence-of-crime-committed-against-scheduled-castes.csv
cii/incidence-of-crime-in-indian-railways-act-and-percentage-variation,cii,Crime In Railways,,Incidence of Crime in Indian Railways Act and Percentage Variation During 2010 to 2012,2006,2012,7,2006 2007 2008 2009 2010 2011 2012,7,pdf_text,data/series/cii/incidence-of-crime-in-indian-railways-act-and-percentage-variation.csv
cii/incidence-of-crime-under-i-p-c-showing-percentage-variation,cii,Crime Survey,,Incidence of Crime under I.P.C. During 1979 and 1980 Showing Percentage Variation in 1980 over 1979,1979,1980,2,1979 1980,2,pdf_vlm,data/series/cii/incidence-of-crime-under-i-p-c-showing-percentage-variation.csv
cii/incidence-of-crime-under-ipc-showing-percentage-variation,cii,Crime Survey,,Incidence of Crime under IPC During 1986 and 1987 Showing Percentage Variation in 1987 over 1986,1983,1987,5,1983 1984 1985 1986 1987,5,pdf_vlm,data/series/cii/incidence-of-crime-under-ipc-showing-percentage-variation.csv
cii/incidence-of-crime-volume-of-crime-per-lakh-of-population-and-percentage-variation-over-quinquennial-ave,cii,Crime Survey,,"Incidence of Crime, Volume of Crime per Lakh of Population and Percentage Variation During 1987 over 1977, Over Quinquennial Ave",1984,1987,2,1984 1987,2,pdf_vlm,data/series/cii/incidence-of-crime-volume-of-crime-per-lakh-of-population-and-percentage-variation-over-quinquennial-ave.csv
cii/incidence-of-crime-volume-of-crime-per-one-lakh-of-population-and-percentage-variation-over-quinquennial-avera,cii,Crime Survey,,"Incidence of Crime, Volume of Crime per one Lakh of Population and Percentage Variation During 1982 over 1972, over Quinquennial Average of 1977 to 1981 and over 1981",1972,1982,3,1972 1973 1982,3,pdf_ocr pdf_vlm,data/series/cii/incidence-of-crime-volume-of-crime-per-one-lakh-of-population-and-percentage-variation-over-quinquennial-avera.csv
cii/incidence-of-crime-volume-of-crime-per-one-lakh-of-population-and-percentage-variations-over-q-a-and,cii,Crime Survey,,"Incidence of Crime, Volume of Crime per one Lakh of Population and Percentage Variations During 1970 over 1960, over Q.A. of 1965 to 1969 and over 1969",1969,1970,2,1969 1970,2,pdf_vlm,data/series/cii/incidence-of-crime-volume-of-crime-per-one-lakh-of-population-and-percentage-variations-over-q-a-and.csv
cii/incidence-of-crimes-committed-against-scheduled-tribes,cii,Crime Survey,,Incidence of Crimes Committed Against Scheduled Tribes During 1999,1997,1999,3,1997 1998 1999,3,pdf_vlm,data/series/cii/incidence-of-crimes-committed-against-scheduled-tribes.csv
cii/incidence-of-crimes-committed-against-women,cii,Crime Survey,,Incidence of Crimes Committed Against Women During 1999,1997,1999,3,1997 1998 1999,3,pdf_vlm,data/series/cii/incidence-of-crimes-committed-against-women.csv
cii/incidence-of-crimes-under-i-p-c-showing-percentage-variation,cii,Crime Survey,,Incidence of Crimes under I.P.C. During 1977 and 1978 Showing Percentage Variation,1975,1978,3,1975 1976 1978,3,pdf_vlm,data/series/cii/incidence-of-crimes-under-i-p-c-showing-percentage-variation.csv
cii/incidence-of-cyber-crime-cases-registered-under-i-t-act-state-ut-wise__state-ut,cii,Cyber Crimes,state-ut,"Incidence of Cyber Crime, Cases Registered under I.T. Act (State & UT-wise)",2002,2013,12,2002 2003 2004 2005 2006 2007 2008 2009 2010 2011 2012 2013,12,pdf_text,data/series/cii/incidence-of-cyber-crime-cases-registered-under-i-t-act-state-ut-wise__state-ut.csv
cii/incidence-of-cyber-crime-cases-registered-under-ipc-state-ut-wise__state-ut,cii,Cyber Crimes,state-ut,"Incidence of Cyber Crime, Cases Registered under IPC (State & UT-wise)",2002,2013,12,2002 2003 2004 2005 2006 2007 2008 2009 2010 2011 2012 2013,12,pdf_text,data/series/cii/incidence-of-cyber-crime-cases-registered-under-ipc-state-ut-wise__state-ut.csv
cii/incidence-of-human-rights-violation-by-police-state-ut-wise__state-ut,cii,Complaints against Police Personnel & Human Rights Violation by Them,state-ut,Incidence of Human Rights Violation by Police (State & UT-wise),2001,2013,13,2001 2002 2003 2004 2005 2006 2007 2008 2009 2010 2011 2012 2013,13,pdf_text,data/series/cii/incidence-of-human-rights-violation-by-police-state-ut-wise__state-ut.csv
cii/incidence-of-ipc-crimes-against-body,cii,Executive Summary,,Incidence of IPC Crimes Against Body,2001,2013,13,2001 2002 2003 2004 2005 2006 2007 2008 2009 2010 2011 2012 2013,13,pdf_text,data/series/cii/incidence-of-ipc-crimes-against-body.csv
cii/incidence-of-ipc-crimes-against-property,cii,Executive Summary,,Incidence of IPC Crimes Against Property,2001,2013,12,2001 2002 2003 2004 2005 2006 2007 2008 2009 2010 2011 2013,12,pdf_text,data/series/cii/incidence-of-ipc-crimes-against-property.csv
cii/incidence-of-ipc-crimes-against-public-order,cii,Executive Summary,,Incidence of IPC Crimes Against Public Order,2001,2013,12,2001 2002 2003 2004 2005 2006 2007 2008 2009 2010 2011 2013,12,pdf_text,data/series/cii/incidence-of-ipc-crimes-against-public-order.csv
cii/incidence-of-ipc-crimes-reported-by-grp,cii,Crime In Railways,,Incidence of IPC Crimes Reported by GRP During 2010,2006,2012,7,2006 2007 2008 2009 2010 2011 2012,21,pdf_text,data/series/cii/incidence-of-ipc-crimes-reported-by-grp.csv
cii/incidence-of-ipc-economic-crimes,cii,Executive Summary,,Incidence of IPC Economic Crimes,2001,2013,12,2001 2002 2003 2004 2005 2006 2007 2008 2009 2010 2011 2013,12,pdf_text,data/series/cii/incidence-of-ipc-economic-crimes.csv
cii/incidence-of-offences-under-local-and-special-laws-and-volume-of-such-offences-per-lakh-of-population,cii,Crime Survey,,Incidence of Offences Under Local and Special Laws and Volume of Such Offences per Lakh of Population in 1981 to 1985,1984,1985,2,1984 1985,2,pdf_vlm,data/series/cii/incidence-of-offences-under-local-and-special-laws-and-volume-of-such-offences-per-lakh-of-population.csv
cii/incidence-of-offences-under-local-and-special-laws-and-volume-of-such-offences-per-one-lakh-of-population,cii,Crime Survey,,Incidence of Offences under Local and Special Laws and Volume of Such Offences per one Lakh of Population in 1969 to 1975,1973,1975,2,1973 1975,2,pdf_vlm,data/series/cii/incidence-of-offences-under-local-and-special-laws-and-volume-of-such-offences-per-one-lakh-of-population.csv
cii/incidence-of-total-cognizable-crimes-ipc-alongwith-percentage-changes,cii,Executive Summary,,Incidence of Total Cognizable Crimes (IPC) during 2008-2013 alongwith percentage changes,2003,2013,11,2003 2004 2005 2006 2007 2008 2009 2010 2011 2012 2013,11,pdf_text,data/series/cii/incidence-of-total-cognizable-crimes-ipc-alongwith-percentage-changes.csv
cii/incidence-of-total-cognizable-crimes-ipc-in-states-uts-and-cities-alongwith-percentage-changes__city,cii,Crime Survey,city,"Incidence of Total Cognizable Crimes (IPC) in States, UTs and Cities During 1990-1995 alongwith Percentage Changes During 1995",1988,1995,6,1988 1989 1990 1992 1993 1995,6,pdf_ocr pdf_vlm,data/series/cii/incidence-of-total-cognizable-crimes-ipc-in-states-uts-and-cities-alongwith-percentage-changes__city.csv
cii/incidence-of-total-ipc-crimes-reported-by-grp-and-percentage-variation,cii,Crime In Railways,,Incidence of Total IPC Crimes Reported by GRP and Percentage Variation During 2011 to 2013,2005,2013,9,2005 2006 2007 2008 2009 2010 2011 2012 2013,9,pdf_text,data/series/cii/incidence-of-total-ipc-crimes-reported-by-grp-and-percentage-variation.csv
cii/incidence-rate-and-percentage-contribution-to-all-india-of-crimes-committed-against-children-state-ut-wise__state-ut,cii,Crime Against Children,state-ut,"Incidence, Rate and Percentage Contribution to All India of Crimes Committed Against Children (State & UT-wise)",2001,2013,13,2001 2002 2003 2004 2005 2006 2007 2008 2009 2010 2011 2012 2013,13,pdf_text,data/series/cii/incidence-rate-and-percentage-contribution-to-all-india-of-crimes-committed-against-children-state-ut-wise__state-ut.csv
cii/incidence-rate-and-percentage-contribution-to-all-india-of-crimes-committed-against-scheduled-castes-state-ut__all-india,cii,Crime Against Persons Belonging to SCs / STs,all-india,"Incidence, Rate and Percentage Contribution to All India of Crimes Committed Against Scheduled Castes (State, UT-wise & Crime He",2002,2013,12,2002 2003 2004 2005 2006 2007 2008 2009 2010 2011 2012 2013,13,pdf_text,data/series/cii/incidence-rate-and-percentage-contribution-to-all-india-of-crimes-committed-against-scheduled-castes-state-ut__all-india.csv
cii/incidence-rate-and-percentage-contribution-to-all-india-of-crimes-committed-against-scheduled-castes-state-ut__state-ut,cii,Crime Survey,state-ut,"Incidence, Rate and Percentage contribution to All India of Crimes committed against Scheduled Castes (State & UT-wise & Crime",1994,2001,3,1994 1995 2001,7,pdf_text pdf_vlm,data/series/cii/incidence-rate-and-percentage-contribution-to-all-india-of-crimes-committed-against-scheduled-castes-state-ut__state-ut.csv
cii/incidence-rate-and-percentage-contribution-to-all-india-of-crimes-committed-against-scheduled-tribes-state-ut__state-ut,cii,Crime Against Persons Belonging to SCs / STs,state-ut,"Incidence, Rate and Percentage Contribution to All India of Crimes Committed Against Scheduled Tribes (State & UT -wise & Crime",1994,2013,15,1994 1995 2001 2002 2003 2004 2005 2006 2007 2008 2009 2010 2011 2012 2013,18,pdf_text pdf_vlm,data/series/cii/incidence-rate-and-percentage-contribution-to-all-india-of-crimes-committed-against-scheduled-tribes-state-ut__state-ut.csv
cii/incidence-rate-and-percentage-contribution-to-all-india-of-crimes-committed-against-women__all-india,cii,Crime Survey,all-india,"Incidence, Rate and Percentage Contribution to All India of Crimes Committed Against Women During 1994",1994,1996,2,1994 1996,6,pdf_vlm,data/series/cii/incidence-rate-and-percentage-contribution-to-all-india-of-crimes-committed-against-women__all-india.csv
cii/incidence-rate-and-percentage-contribution-to-all-india-of-crimes-committed-against-women-state-ut-city-wise__state-ut-city,cii,Crime Against Women,state-ut-city,"Incidence, Rate and Percentage Contribution to All India of Crimes Committed Against Women (State, UT & City-wise)",2001,2013,13,2001 2002 2003 2004 2005 2006 2007 2008 2009 2010 2011 2012 2013,13,pdf_text,data/series/cii/incidence-rate-and-percentage-contribution-to-all-india-of-crimes-committed-against-women-state-ut-city-wise__state-ut-city.csv
cii/incidence-rate-and-percentage-contribution-to-all-india-of-crimes-committed-against-women-state-ut-wise__state-ut,cii,Crime Survey,state-ut,"Incidence, Rate and Percentage Contribution to All-India of Crimes Committed Against Women During 1993 (State & UT-Wise)",1993,1995,2,1993 1995,6,pdf_ocr pdf_vlm,data/series/cii/incidence-rate-and-percentage-contribution-to-all-india-of-crimes-committed-against-women-state-ut-wise__state-ut.csv
cii/incidence-rate-of-cognizable-crimes-ipc-under-different-crime-heads-and-percentage-changes,cii,Crime Survey,,Incidence & Rate of Cognizable Crimes (IPC) Under Different Crime Heads and Percentage Changes During 1998,1992,1998,4,1992 1994 1997 1998,4,pdf_vlm,data/series/cii/incidence-rate-of-cognizable-crimes-ipc-under-different-crime-heads-and-percentage-changes.csv
cii/incidence-rate-of-cognizable-crimes-ipc-under-different-crime-heads-in-states-uts-cities__city,cii,Crime Survey,city,"Incidence & Rate of Cognizable Crimes (IPC) Under Different Crime Heads in States, UTs & Cities During 1999",1992,1999,7,1992 1993 1994 1995 1997 1998 1999,7,pdf_ocr pdf_vlm,data/series/cii/incidence-rate-of-cognizable-crimes-ipc-under-different-crime-heads-in-states-uts-cities__city.csv
cii/incidence-rate-of-cognizable-crimes-ipc-under-different-crime-heads-percentage-changes,cii,Executive Summary,,Incidence & Rate of Cognizable Crimes (IPC) under different Crime Heads & Percentage changes,2001,2013,13,2001 2002 2003 2004 2005 2006 2007 2008 2009 2010 2011 2012 2013,13,pdf_text,data/series/cii/incidence-rate-of-cognizable-crimes-ipc-under-different-crime-heads-percentage-changes.csv
cii/incidence-rate-of-cognizable-crimes-ipc-under-different-crime-heads-state-ut-city-wise__state-ut-city,cii,Executive Summary,state-ut-city,"Incidence & Rate of Cognizable Crimes (IPC) under different Crime Heads (State, UT & City-wise)",2001,2013,11,2001 2002 2003 2004 2005 2006 2008 2009 2010 2011 2013,11,pdf_text,data/series/cii/incidence-rate-of-cognizable-crimes-ipc-under-different-crime-heads-state-ut-city-wise__state-ut-city.csv
cii/incidence-rate-of-cognizable-crimes-sll-under-different-crime-heads-in-states-uts-cities__city,cii,Crime Survey,city,"Incidence & Rate of Cognizable Crimes (SLL) Under Different Crime Heads in States, UTs & Cities During 1999",1994,1999,4,1994 1995 1997 1999,4,pdf_ocr pdf_vlm,data/series/cii/incidence-rate-of-cognizable-crimes-sll-under-different-crime-heads-in-states-uts-cities__city.csv
cii/incidence-rate-of-cognizable-crimes-sll-under-different-crime-heads-state-ut-city-wise__state-ut-city,cii,Executive Summary,state-ut-city,"Incidence & Rate of Cognizable Crimes (SLL) under Different Crime Heads (State, UT & City-wise)",2001,2013,13,2001 2002 2003 2004 2005 2006 2007 2008 2009 2010 2011 2012 2013,13,pdf_text,data/series/cii/incidence-rate-of-cognizable-crimes-sll-under-different-crime-heads-state-ut-city-wise__state-ut-city.csv
cii/incidence-rate-of-cognizable-crimes-under-special-and-local-laws-sll-under-different-crime-heads-and-percentag,cii,Executive Summary,,Incidence & Rate of Cognizable Crimes under Special and Local Laws (SLL) under Different Crime Heads and Percentage Changes,1994,2013,16,1994 1995 1999 2001 2002 2003 2004 2005 2006 2007 2008 2009 2010 2011 2012 2013,16,pdf_text pdf_vlm,data/series/cii/incidence-rate-of-cognizable-crimes-under-special-and-local-laws-sll-under-different-crime-heads-and-percentag.csv
cii/incidence-rate-of-crime-against-scheduled-castes-state-ut-wise__state-ut,cii,Crime Against Persons Belonging to SCs / STs,state-ut,Incidence & Rate of Crime Against Scheduled Castes During 2014 (State & UT-Wise),1994,2014,16,1994 1995 2001 2002 2003 2004 2005 2006 2007 2008 2009 2010 2011 2012 2013 2014,17,pdf_text pdf_vlm,data/series/cii/incidence-rate-of-crime-against-scheduled-castes-state-ut-wise__state-ut.csv
cii/incidence-rate-of-crime-against-scheduled-tribes-state-ut-wise__state-ut,cii,Crime Survey,state-ut,Incidence & Rate of Crime Against Scheduled Tribes During 1996 (State & UT-Wise),1994,1996,3,1994 1995 1996,3,pdf_vlm,data/series/cii/incidence-rate-of-crime-against-scheduled-tribes-state-ut-wise__state-ut.csv
cii/incidence-rate-of-crime-against-scheduled-tribes-states-ut-wise__state-ut,cii,Crime Against Persons Belonging to SCs / STs,state-ut,Incidence & Rate of Crime Against Scheduled Tribes (States & UT-wise),2001,2013,13,2001 2002 2003 2004 2005 2006 2007 2008 2009 2010 2011 2012 2013,14,pdf_text,data/series/cii/incidence-rate-of-crime-against-scheduled-tribes-states-ut-wise__state-ut.csv
cii/incidence-rate-of-crime-committed-against-scheduled-castes,cii,Crime Survey,,Incidence & Rate of Crime Committed Against Scheduled Castes During 1999,1997,1999,3,1997 1998 1999,3,pdf_vlm,data/series/cii/incidence-rate-of-crime-committed-against-scheduled-castes.csv
cii/incidence-rate-of-crime-committed-against-women-state-ut-city-wise__state-ut-city,cii,Crime Against Women,state-ut-city,"Incidence & Rate of Crime Committed Against Women (State, UT & City-wise)",2000,2013,14,2000 2001 2002 2003 2004 2005 2006 2007 2008 2009 2010 2011 2012 2013,14,pdf_text,data/series/cii/incidence-rate-of-crime-committed-against-women-state-ut-city-wise__state-ut-city.csv
cii/incidence-rate-of-crime-committed-against-women-state-ut-wise__state-ut,cii,Crime Survey,state-ut,Incidence & Rate of Crime Committed Against Women During 2014 (State/UT-Wise),1994,2014,3,1994 1995 2014,3,pdf_text pdf_vlm,data/series/cii/incidence-rate-of-crime-committed-against-women-state-ut-wise__state-ut.csv
cii/incidence-rate-of-crimes-committed-against-children-in-states-and-uts__state-ut,cii,Crime Survey,state-ut,Incidence & Rate of Crimes Committed Against Children in States and UTs During 1999,1996,1999,2,1996 1999,2,pdf_ocr pdf_vlm,data/series/cii/incidence-rate-of-crimes-committed-against-children-in-states-and-uts__state-ut.csv
cii/incidence-rate-of-crimes-committed-against-children-state-ut-wise__state-ut,cii,Crime Against Children,state-ut,Incidence & Rate of Crimes Committed Against Children (State & UT wise),1994,2013,15,1994 1995 2001 2002 2003 2004 2005 2006 2007 2008 2009 2010 2011 2012 2013,15,pdf_text pdf_vlm,data/series/cii/incidence-rate-of-crimes-committed-against-children-state-ut-wise__state-ut.csv
cii/incidence-rate-of-total-cognizable-crimes-ipc-in-states-and-uts__state-ut,cii,Crime Survey,state-ut,Incidence & Rate of Total Cognizable Crimes (IPC) in States and UTs During 1995,1992,1995,4,1992 1993 1994 1995,4,pdf_ocr pdf_vlm,data/series/cii/incidence-rate-of-total-cognizable-crimes-ipc-in-states-and-uts__state-ut.csv
cii/incidence-rate-of-total-cognizable-crimes-ipc-state-ut-city-wise__state-ut-city,cii,Executive Summary,state-ut-city,"Incidence & Rate of Total Cognizable Crimes (IPC) (State, UT & City-wise)",2001,2013,13,2001 2002 2003 2004 2005 2006 2007 2008 2009 2010 2011 2012 2013,13,pdf_text,data/series/cii/incidence-rate-of-total-cognizable-crimes-ipc-state-ut-city-wise__state-ut-city.csv
cii/incidence-rate-of-total-cognizable-crimes-sll-state-ut-city-wise__state-ut-city,cii,Executive Summary,state-ut-city,"Incidence & Rate of Total Cognizable Crimes (SLL) (State, UT & City-wise)",2001,2013,13,2001 2002 2003 2004 2005 2006 2007 2008 2009 2010 2011 2012 2013,13,pdf_text,data/series/cii/incidence-rate-of-total-cognizable-crimes-sll-state-ut-city-wise__state-ut-city.csv
cii/incidence-rate-of-total-cognizable-crimes-under-indian-penal-code-ipc-and-special-and-local-laws-sll,cii,Crime Survey,,Incidence & Rate of Total Cognizable Crimes Under Indian Penal Code (IPC) and Special and Local Laws (SLL) (1988-98),1995,1998,2,1995 1998,2,pdf_vlm,data/series/cii/incidence-rate-of-total-cognizable-crimes-under-indian-penal-code-ipc-and-special-and-local-laws-sll.csv
cii/incidence-rate-of-total-cognizable-crimes-under-indian-penal-code-ipc-and-special-local-laws-sll,cii,Executive Summary,,"Incidence & Rate of Total Cognizable Crimes, under Indian Penal Code (IPC) and Special & Local Laws (SLL) (2003-2013)",1994,2013,13,1994 2001 2002 2003 2005 2006 2007 2008 2009 2010 2011 2012 2013,13,pdf_text pdf_vlm,data/series/cii/incidence-rate-of-total-cognizable-crimes-under-indian-penal-code-ipc-and-special-local-laws-sll.csv
cii/incidence-rate-of-violent-crimes-state-ut-wise__state-ut,cii,Violent Crimes,state-ut,Incidence & Rate of Violent Crimes (State & UT-wise),2002,2013,12,2002 2003 2004 2005 2006 2007 2008 2009 2010 2011 2012 2013,12,pdf_text,data/series/cii/incidence-rate-of-violent-crimes-state-ut-wise__state-ut.csv
cii/incidence-volume-of-cognizable-crimes-ipc-under-different-crime-heads-in-states-uts-cities__city,cii,Crime Survey,city,"Incidence & Volume of Cognizable Crimes (IPC) under Different Crime Heads in States, UTs & Cities During 1989",1988,1989,2,1988 1989,2,pdf_vlm,data/series/cii/incidence-volume-of-cognizable-crimes-ipc-under-different-crime-heads-in-states-uts-cities__city.csv
cii/incidence-volume-of-cognizable-crimes-lsl-under-different-crime-heads-in-states-uts-cities__city,cii,Crime Survey,city,"Incidence & Volume of Cognizable Crimes (LSL) under Different Crime Heads in States, UTs & Cities During 1990",1989,1990,2,1989 1990,2,pdf_vlm,data/series/cii/incidence-volume-of-cognizable-crimes-lsl-under-different-crime-heads-in-states-uts-cities__city.csv
cii/incidence-volume-of-cognizable-crimes-under-local-and-special-laws-lsl-under-different-crime-heads-and-percent,cii,Crime Survey,,Incidence & Volume of Cognizable Crimes Under Local and Special Laws (LSL) Under Different Crime Heads and Percentage Changes Du,1988,1991,3,1988 1990 1991,3,pdf_vlm,data/series/cii/incidence-volume-of-cognizable-crimes-under-local-and-special-laws-lsl-under-different-crime-heads-and-percent.csv
cii/incidence-volume-of-total-cognizable-crimes-ipc-in-states-and-uts__state-ut,cii,Crime Survey,state-ut,Incidence & Volume of Total Cognizable Crimes (IPC) in States and UTs During 1991,1988,1991,4,1988 1989 1990 1991,4,pdf_ocr pdf_vlm,data/series/cii/incidence-volume-of-total-cognizable-crimes-ipc-in-states-and-uts__state-ut.csv
cii/incidence-volume-of-total-cognizable-crimes-under-indian-penal-code-ipc-and-local-special-laws-lsl,cii,Crime Survey,,Incidence & Volume of Total Cognizable Crimes under Indian Penal Code (IPC) and Local & Special Laws (LSL) 1980-1990,1989,1990,2,1989 1990,2,pdf_vlm,data/series/cii/incidence-volume-of-total-cognizable-crimes-under-indian-penal-code-ipc-and-local-special-laws-lsl.csv
cii/incidents-of-violence-by-anti-national-elements,cii,Crime Committed by Anti National Elements,,Incidents of Violence by Anti National Elements - 2020,2017,2020,4,2017 2018 2019 2020,4,pdf_text,data/series/cii/incidents-of-violence-by-anti-national-elements.csv
cii/incidents-of-violence-by-extremists-insurgents-terrorists,cii,Crimes committed by Extremists/ Insurgents/Terrorists,,Incidents of Violence by Extremists/ Insurgents/Terrorists -2024,2021,2024,4,2021 2022 2023 2024,4,pdf_text,data/series/cii/incidents-of-violence-by-extremists-insurgents-terrorists.csv
cii/indo-tibetan-border-police-itbp,cii,Seizures and Prosecution (Central Armed Police Forces),,Indo-Tibetan Border Police (ITBP),2021,2023,2,2021 2023,2,pdf_text,data/series/cii/indo-tibetan-border-police-itbp.csv
cii/information-on-police-housing-rank-wise-state-ut-wise__state-ut,cii,"Police Strength, Expenditure & Infrastructure",state-ut,"Information on Police Housing (Rank wise, State & UT-wise)",2002,2013,12,2002 2003 2004 2005 2006 2007 2008 2009 2010 2011 2012 2013,14,pdf_text,data/series/cii/information-on-police-housing-rank-wise-state-ut-wise__state-ut.csv
cii/injured,cii,Crime Survey,,Injured,1964,1968,5,1964 1965 1966 1967 1968,5,pdf_vlm,data/series/cii/injured.csv
cii/investigation-in-which,cii,Crime Survey,,INVESTIGATION IN WHICH,1997,1998,2,1997 1998,2,pdf_vlm,data/series/cii/investigation-in-which.csv
cii/ipc-crimes-against-children-crime-head-wise-city-wise__city,cii,Crime Against Children (Metropolitan Cities),city,IPC Crimes against Children (Crime Head-wise & City-wise) - 2023,2019,2023,5,2019 2020 2021 2022 2023,8,excel pdf_text,data/series/cii/ipc-crimes-against-children-crime-head-wise-city-wise__city.csv
cii/ipc-crimes-against-children-crime-head-wise-in-metropolitan-cities__city,cii,Crime Against Children (34 Metropolitan Cities),city,IPC Crimes Against Children (Crime Head-wise) in Metropolitan Cities - 2019,2017,2019,3,2017 2018 2019,5,pdf_text,data/series/cii/ipc-crimes-against-children-crime-head-wise-in-metropolitan-cities__city.csv
cii/ipc-crimes-against-children-crime-head-wise-state-ut-wise__state-ut,cii,Crime Against Children (States/UTs),state-ut,IPC Crimes against Children (Crime Head-wise & State/UT-wise) - 2023,2017,2023,6,2017 2018 2019 2021 2022 2023,6,pdf_text,data/series/cii/ipc-crimes-against-children-crime-head-wise-state-ut-wise__state-ut.csv
cii/ipc-crimes-against-women-crime-head-wise-city-wise__city,cii,Crime Against Women (34 Metropolitan Cities),city,IPC Crimes against Women (Crime Head-wise & City-wise ) - 2023,2017,2023,7,2017 2018 2019 2020 2021 2022 2023,14,excel pdf_text,data/series/cii/ipc-crimes-against-women-crime-head-wise-city-wise__city.csv
cii/ipc-crimes-against-women-crime-head-wise-state-ut-wise__state-ut,cii,Crime Against Women (States/UTs),state-ut,IPC Crimes against Women (Crime Head-wise & State/UT-wise) - 2023,2019,2023,4,2019 2021 2022 2023,4,pdf_text,data/series/cii/ipc-crimes-against-women-crime-head-wise-state-ut-wise__state-ut.csv
cii/ipc-crimes-against-women-crime-head-wise-states-ut-wise__state-ut,cii,Crime Against Women (States/UTs),state-ut,IPC Crimes against Women (Crime Head‐wise & States/UT‐wise) ‐ 2020,2017,2020,3,2017 2018 2020,3,pdf_text,data/series/cii/ipc-crimes-against-women-crime-head-wise-states-ut-wise__state-ut.csv
cii/ipc-crimes-city-wise__city,cii,Summary (34 Metropolitan Cities),city,IPC Crimes (City-wise) - 2022-2024,2016,2024,9,2016 2017 2018 2019 2020 2021 2022 2023 2024,16,excel pdf_text,data/series/cii/ipc-crimes-city-wise__city.csv
cii/ipc-crimes-committed-by-juveniles-city-wise__city,cii,Juveniles in Conflict with Law (Metropolitan Cities),city,IPC Crimes committed by Juveniles (City-wise) - 2024,2017,2024,8,2017 2018 2019 2020 2021 2022 2023 2024,14,excel pdf_text,data/series/cii/ipc-crimes-committed-by-juveniles-city-wise__city.csv
cii/ipc-crimes-committed-by-juveniles-state-ut-wise__state-ut,cii,Juveniles in Conflict with Law (States/UTs),state-ut,IPC Crimes Committed by Juveniles (State/UT-wise) - 2023,2021,2023,3,2021 2022 2023,3,pdf_text,data/series/cii/ipc-crimes-committed-by-juveniles-state-ut-wise__state-ut.csv
cii/ipc-crimes-committed-by-juveniles-states-ut-wise__state-ut,cii,Juveniles in Conflict with Law (States/UTs),state-ut,IPC Crimes Committed by Juveniles (States/UT-wise) - 2020,2017,2020,4,2017 2018 2019 2020,4,pdf_text,data/series/cii/ipc-crimes-committed-by-juveniles-states-ut-wise__state-ut.csv
cii/ipc-crimes-crime-head-wise,cii,Summary (All India),,IPC Crimes (Crime Head-wise) - 2021-2023,2016,2023,7,2016 2017 2018 2020 2021 2022 2023,7,pdf_text,data/series/cii/ipc-crimes-crime-head-wise.csv
cii/ipc-crimes-crime-head-wise-city-wise__city,cii,Summary (34 Metropolitan Cities),city,IPC Crimes (Crime Head-wise & City-wise) - 2024,2016,2024,9,2016 2017 2018 2019 2020 2021 2022 2023 2024,16,excel pdf_text,data/series/cii/ipc-crimes-crime-head-wise-city-wise__city.csv
cii/ipc-crimes-crime-head-wise-state-ut-wise__state-ut,cii,Summary (States/UTs),state-ut,IPC Crimes (Crime Head-wise & State/UT-wise) - 2023,2021,2023,3,2021 2022 2023,3,pdf_text,data/series/cii/ipc-crimes-crime-head-wise-state-ut-wise__state-ut.csv
cii/ipc-crimes-crime-head-wise-states-ut-wise__state-ut,cii,Summary (States/UTs),state-ut,IPC Crimes (Crime Head-wise & States/UT-wise) - 2020,2016,2020,5,2016 2017 2018 2019 2020,6,excel pdf_text,data/series/cii/ipc-crimes-crime-head-wise-states-ut-wise__state-ut.csv
cii/ipc-crimes-state-ut-wise__state-ut,cii,Crime in Railways (Government Railway Police),state-ut,IPC Crimes (State/UT-wise) - 2023,2016,2023,8,2016 2017 2018 2019 2020 2021 2022 2023,14,pdf_text,data/series/cii/ipc-crimes-state-ut-wise__state-ut.csv
cii/ipc-sll-crimes-city-wise__city,cii,Summary (34 Metropolitan Cities),city,IPC & SLL Crimes (City-wise) - 2022-2024,2016,2024,9,2016 2017 2018 2019 2020 2021 2022 2023 2024,15,excel pdf_text,data/series/cii/ipc-sll-crimes-city-wise__city.csv
cii/ipc-sll-crimes-state-ut-wise__state-ut,cii,Summary (States/UTs),state-ut,IPC & SLL Crimes (State/UT-wise) - 2021-2023,2017,2023,5,2017 2018 2021 2022 2023,5,pdf_text,data/series/cii/ipc-sll-crimes-state-ut-wise__state-ut.csv
cii/juvenile-apprehended-by-age-group-for-committing-crimes-under-indian-penal-code,cii,Crime Survey,,Juvenile Apprehended (by Age Group) for Committing Crimes under Indian Penal Code During the Year 1980,1979,1980,2,1979 1980,2,pdf_vlm,data/series/cii/juvenile-apprehended-by-age-group-for-committing-crimes-under-indian-penal-code.csv
cii/juvenile-apprehended-by-sex-committing-crime-under-local-special-laws,cii,Crime Survey,,Juvenile Apprehended (by Sex) Committing Crime under Local & Special Laws,1979,1982,4,1979 1980 1981 1982,4,pdf_ocr pdf_vlm,data/series/cii/juvenile-apprehended-by-sex-committing-crime-under-local-special-laws.csv
cii/juvenile-apprehended-by-sex-for-committing-crime-under-ipc,cii,Crime Survey,,Juvenile Apprehended (by Sex) for Committing Crime under IPC,1979,1981,2,1979 1981,2,pdf_vlm,data/series/cii/juvenile-apprehended-by-sex-for-committing-crime-under-ipc.csv
cii/juvenile-apprehended-by-sex-for-committing-crimes-under-local-special-laws,cii,Crime Survey,,Juvenile Apprehended (by Sex) for Committing Crimes Under Local & Special Laws During 1986,1985,1986,2,1985 1986,2,pdf_vlm,data/series/cii/juvenile-apprehended-by-sex-for-committing-crimes-under-local-special-laws.csv
cii/juvenile-apprehended-in-india-by-age-group-and-sex,cii,Crime Survey,,Juvenile Apprehended in India (by Age Group and Sex) During 1981,1977,1981,4,1977 1979 1980 1981,4,pdf_vlm,data/series/cii/juvenile-apprehended-in-india-by-age-group-and-sex.csv
cii/juvenile-apprehended-under-important-heads-of-local-special-laws,cii,Crime Survey,,Juvenile Apprehended under Important Heads of Local & Special Laws During 1981,1977,1981,5,1977 1978 1979 1980 1981,5,pdf_ocr pdf_vlm,data/series/cii/juvenile-apprehended-under-important-heads-of-local-special-laws.csv
cii/juvenile-apprehended-under-important-ipc-heads,cii,Crime Survey,,Juvenile Apprehended under Important IPC Heads During the Year 1980,1977,1980,4,1977 1978 1979 1980,4,pdf_ocr pdf_vlm,data/series/cii/juvenile-apprehended-under-important-ipc-heads.csv
cii/juvenile-crime-cases-under-local-and-special-laws,cii,Crime Survey,,Juvenile Crime Cases under Local and Special Laws During 1986 and 1987,1984,1987,4,1984 1985 1986 1987,4,pdf_vlm,data/series/cii/juvenile-crime-cases-under-local-and-special-laws.csv
cii/juvenile-delinquency,cii,Crime Survey,,Juvenile Delinquency,1964,1987,8,1964 1967 1982 1983 1984 1985 1986 1987,8,pdf_ocr pdf_vlm,data/series/cii/juvenile-delinquency.csv
cii/juvenile-delinquency-for-important-heads-of-crime-under-ipc,cii,Crime Survey,,Juvenile Delinquency for Important Heads of Crime under IPC During 1987,1974,1987,10,1974 1976 1978 1979 1981 1983 1984 1985 1986 1987,10,pdf_vlm,data/series/cii/juvenile-delinquency-for-important-heads-of-crime-under-ipc.csv
cii/juvenile-delinquency-for-important-heads-of-local-special-laws,cii,Crime Survey,,Juvenile Delinquency for Important Heads of Local & Special Laws During 1986,1985,1986,2,1985 1986,2,pdf_vlm,data/series/cii/juvenile-delinquency-for-important-heads-of-local-special-laws.csv
cii/juvenile-delinquency-ipc-under-different-crime-heads-and-various-percentage-changes,cii,Crime Survey,,Juvenile Delinquency (IPC) under Different Crime Heads and Various Percentage Changes During 1989,1988,1989,2,1988 1989,2,pdf_vlm,data/series/cii/juvenile-delinquency-ipc-under-different-crime-heads-and-various-percentage-changes.csv
cii/juvenile-delinquency-ipc-under-different-crime-heads-state-ut-city-wise__state-ut-city,cii,Crime Survey,state-ut-city,"Juvenile Delinquency (IPC) under Different Crime Heads During 1993 (State, UT & City-Wise)",1989,1993,5,1989 1990 1991 1992 1993,5,pdf_ocr pdf_vlm,data/series/cii/juvenile-delinquency-ipc-under-different-crime-heads-state-ut-city-wise__state-ut-city.csv
cii/juvenile-delinquency-ipc-under-different-crime-heads-various-percentage-changes,cii,Crime Survey,,Juvenile Delinquency (IPC) Under Different Crime Heads & Various Percentage Changes During 1997,1990,1997,7,1990 1991 1992 1993 1994 1995 1997,7,pdf_vlm,data/series/cii/juvenile-delinquency-ipc-under-different-crime-heads-various-percentage-changes.csv
cii/juvenile-delinquency-ipc-under-different-crime-heads-various-percentage-changes-all-india__all-india,cii,Juveniles in Conflict with Law,all-india,Juvenile Delinquency (IPC) under Different Crime Heads & Various Percentage Changes. (All-India),2001,2011,11,2001 2002 2003 2004 2005 2006 2007 2008 2009 2010 2011,12,pdf_text,data/series/cii/juvenile-delinquency-ipc-under-different-crime-heads-various-percentage-changes-all-india__all-india.csv
cii/juvenile-delinquency-juvenile-crime-under-local-and-special-laws,cii,Crime Survey,,Juvenile Delinquency; Juvenile Crime under Local and Special Laws - 1981,1976,1981,4,1976 1977 1979 1981,4,pdf_vlm,data/series/cii/juvenile-delinquency-juvenile-crime-under-local-and-special-laws.csv
cii/juvenile-delinquency-lsl-under-different-crime-heads,cii,Crime Survey,,Juvenile Delinquency (LSL) under Different Crime Heads During 1989 - 1990,1988,1990,3,1988 1989 1990,3,pdf_vlm,data/series/cii/juvenile-delinquency-lsl-under-different-crime-heads.csv
cii/juvenile-delinquency-lsl-under-different-crime-heads-state-ut-city-wise__state-ut-city,cii,Crime Survey,state-ut-city,"Juvenile Delinquency (LSL) under Different Crime Heads During 1992 (State, UT & City-wise)",1989,1992,3,1989 1990 1992,3,pdf_vlm,data/series/cii/juvenile-delinquency-lsl-under-different-crime-heads-state-ut-city-wise__state-ut-city.csv
cii/juvenile-delinquency-of-lsl-under-different-crime-heads,cii,Crime Survey,,Juvenile Delinquency of (LSL) under Different Crime Heads During 1991-92,1991,1992,2,1991 1992,2,pdf_vlm,data/series/cii/juvenile-delinquency-of-lsl-under-different-crime-heads.csv
cii/juvenile-delinquency-sll-under-different-crime-heads-percentage-variation,cii,Crime Survey,,Juvenile Delinquency (SLL) Under Different Crime Heads & Percentage Variation in 1999 over 1998,1994,1999,2,1994 1999,2,pdf_vlm,data/series/cii/juvenile-delinquency-sll-under-different-crime-heads-percentage-variation.csv
cii/juvenile-delinquency-sll-under-different-crime-heads-various-percentage-changes-all-india__all-india,cii,Juveniles in Conflict with Law,all-india,Juvenile Delinquency (SLL) under Different Crime Heads & Various Percentage Changes. (All-India),2001,2011,11,2001 2002 2003 2004 2005 2006 2007 2008 2009 2010 2011,12,pdf_text,data/series/cii/juvenile-delinquency-sll-under-different-crime-heads-various-percentage-changes-all-india__all-india.csv
cii/juvenile-delinquency-under-different-crime-heads-ipc-state-ut-city-wise__state-ut-city,cii,Crime Survey,state-ut-city,"Juvenile Delinquency under different Crime Heads (IPC) (State, UT & City wise)",1994,2001,3,1994 1999 2001,3,pdf_text pdf_vlm,data/series/cii/juvenile-delinquency-under-different-crime-heads-ipc-state-ut-city-wise__state-ut-city.csv
cii/juvenile-delinquency-under-different-crime-heads-ipc-state-ut-wise__state-ut,cii,Juveniles in Conflict with Law,state-ut,Juvenile Delinquency under Different Crime Heads (IPC) (State & UT-wise),2002,2011,10,2002 2003 2004 2005 2006 2007 2008 2009 2010 2011,11,pdf_text,data/series/cii/juvenile-delinquency-under-different-crime-heads-ipc-state-ut-wise__state-ut.csv
cii/juvenile-delinquency-under-different-crime-heads-sll-state-ut-wise__state-ut,cii,Juveniles in Conflict with Law,state-ut,Juvenile Delinquency under Different Crime Heads (SLL) (State & UT-wise),2002,2011,10,2002 2003 2004 2005 2006 2007 2008 2009 2010 2011,11,pdf_text,data/series/cii/juvenile-delinquency-under-different-crime-heads-sll-state-ut-wise__state-ut.csv
cii/juvenile-delinquency-under-important-heads-of-local-and-special-laws,cii,Crime Survey,,Juvenile Delinquency under Important Heads of Local and Special Laws During 1984,1977,1984,5,1977 1978 1979 1983 1984,5,pdf_ocr pdf_vlm,data/series/cii/juvenile-delinquency-under-important-heads-of-local-and-special-laws.csv
cii/juvenile-delinquency-under-important-heads-of-local-special-laws,cii,Crime Survey,,Juvenile Delinquency under Important Heads of Local & Special Laws During 1987,1981,1987,2,1981 1987,2,pdf_vlm,data/series/cii/juvenile-delinquency-under-important-heads-of-local-special-laws.csv
cii/juveniles-apprehended-by-age-group,cii,Crime Survey,,Juveniles Apprehended by Age Group,1983,1987,5,1983 1984 1985 1986 1987,5,pdf_vlm,data/series/cii/juveniles-apprehended-by-age-group.csv
cii/juveniles-apprehended-by-age-group-for-committing-crime-under-local-and-special-laws,cii,Crime Survey,,Juveniles Apprehended (by Age Group) for Committing Crime under Local and Special Laws During 1984,1983,1984,2,1983 1984,2,pdf_vlm,data/series/cii/juveniles-apprehended-by-age-group-for-committing-crime-under-local-and-special-laws.csv
cii/juveniles-apprehended-by-age-group-for-committing-crime-under-local-special-laws,cii,Crime Survey,,Juveniles Apprehended (by Age Group) for Committing Crime under Local & Special Laws During 1986,1985,1986,2,1985 1986,2,pdf_vlm,data/series/cii/juveniles-apprehended-by-age-group-for-committing-crime-under-local-special-laws.csv
cii/juveniles-apprehended-by-age-group-for-committing-crimes-under-indian-penal-code,cii,Crime Survey,,Juveniles Apprehended (by Age Group) for Committing Crimes under Indian Penal Code During 1987,1975,1987,6,1975 1977 1978 1983 1984 1987,6,pdf_vlm,data/series/cii/juveniles-apprehended-by-age-group-for-committing-crimes-under-indian-penal-code.csv
cii/juveniles-apprehended-by-age-group-for-committing-crimes-under-ipc,cii,Crime Survey,,Juveniles Apprehended (by Age Group) for Committing Crimes under IPC During 1986,1985,1986,2,1985 1986,2,pdf_vlm,data/series/cii/juveniles-apprehended-by-age-group-for-committing-crimes-under-ipc.csv
cii/juveniles-apprehended-by-age-group-for-committing-crimes-under-local-and-special-laws,cii,Crime Survey,,Juveniles Apprehended (by Age Group) for Committing Crimes under Local and Special Laws During 1987,1977,1987,3,1977 1978 1987,3,pdf_vlm,data/series/cii/juveniles-apprehended-by-age-group-for-committing-crimes-under-local-and-special-laws.csv
cii/juveniles-apprehended-by-age-group-for-committing-crimes-under-local-special-laws,cii,Crime Survey,,Juveniles Apprehended (by Age Group) for Committing Crimes under Local & Special Laws During the Year 1981,1979,1981,3,1979 1980 1981,3,pdf_vlm,data/series/cii/juveniles-apprehended-by-age-group-for-committing-crimes-under-local-special-laws.csv
cii/juveniles-apprehended-by-age-groups-for-committing-crimes-under-indian-penal-code,cii,Crime Survey,,Juveniles Apprehended (by Age Groups) for Committing Crimes under Indian Penal Code During the Year 1973,1972,1973,2,1972 1973,2,pdf_vlm,data/series/cii/juveniles-apprehended-by-age-groups-for-committing-crimes-under-indian-penal-code.csv
cii/juveniles-apprehended-by-sex,cii,Crime Survey,,Juveniles Apprehended by Sex,1983,1987,5,1983 1984 1985 1986 1987,5,pdf_vlm,data/series/cii/juveniles-apprehended-by-sex.csv
cii/juveniles-apprehended-by-sex-committing-crime-under-local-and-special-laws,cii,Crime Survey,,Juveniles Apprehended (by Sex) Committing Crime under Local and Special Laws,1972,1977,4,1972 1973 1975 1977,4,pdf_vlm,data/series/cii/juveniles-apprehended-by-sex-committing-crime-under-local-and-special-laws.csv
cii/juveniles-apprehended-by-sex-for-committing-crime-under-i-p-c,cii,Crime Survey,,Juveniles Apprehended (by Sex) for Committing Crime under I.P.C.,1977,1983,2,1977 1983,2,pdf_vlm,data/series/cii/juveniles-apprehended-by-sex-for-committing-crime-under-i-p-c.csv
cii/juveniles-apprehended-by-sex-for-committing-crime-under-ipc,cii,Crime Survey,,Juveniles Apprehended (by Sex) for Committing Crime under IPC During 1986,1972,1986,6,1972 1973 1975 1978 1984 1986,6,pdf_ocr pdf_vlm,data/series/cii/juveniles-apprehended-by-sex-for-committing-crime-under-ipc.csv
cii/juveniles-apprehended-by-sex-for-committing-crimes-under-ipc,cii,Crime Survey,,Juveniles Apprehended (by Sex) for Committing Crimes under IPC During 1987,1985,1987,2,1985 1987,2,pdf_vlm,data/series/cii/juveniles-apprehended-by-sex-for-committing-crimes-under-ipc.csv
cii/juveniles-apprehended-by-sex-for-committing-crimes-under-local-special-laws,cii,Crime Survey,,Juveniles Apprehended (by Sex) for Committing Crimes under Local & Special Laws During 1987,1983,1987,2,1983 1987,2,pdf_ocr pdf_vlm,data/series/cii/juveniles-apprehended-by-sex-for-committing-crimes-under-local-special-laws.csv
cii/juveniles-apprehended-crime-head-age-groups-gender-wise,cii,Juveniles in Conflict with Law (States/UTs),,"Juveniles Apprehended (Crime Head, Age Groups & Gender-wise) - 2023",2017,2023,6,2017 2018 2019 2020 2022 2023,15,pdf_text,data/series/cii/juveniles-apprehended-crime-head-age-groups-gender-wise.csv
cii/juveniles-apprehended-in-india-by-age-group-and-sex,cii,Crime Survey,,Juveniles Apprehended in India (by Age Group and Sex) During 1987,1968,1987,7,1968 1970 1975 1983 1984 1986 1987,7,pdf_vlm,data/series/cii/juveniles-apprehended-in-india-by-age-group-and-sex.csv
cii/juveniles-apprehended-ipc-crimes-in-metropolitan-cities-crime-head-age-group-gender-wise__city,cii,Juveniles In Conflict With Law (34 Metropolitan Cities),city,"Juveniles Apprehended - IPC Crimes in Metropolitan Cities (Crime Head, Age Group & Gender-wise) - 2023",2020,2023,3,2020 2021 2023,5,excel pdf_text,data/series/cii/juveniles-apprehended-ipc-crimes-in-metropolitan-cities-crime-head-age-group-gender-wise__city.csv
cii/juveniles-apprehended-sll-crimes-in-metropolitan-cities-crime-head-age-group-gender-wise__city,cii,Juveniles In Conflict With Law (34 Metropolitan Cities),city,"Juveniles Apprehended - SLL Crimes in Metropolitan Cities (Crime Head, Age Group & Gender-wise) - 2024",2023,2024,2,2023 2024,4,excel pdf_text,data/series/cii/juveniles-apprehended-sll-crimes-in-metropolitan-cities-crime-head-age-group-gender-wise__city.csv
cii/juveniles-apprehended-under-different-ipc-crime-heads-state-ut-city-wise__state-ut-city,cii,Crime Survey,state-ut-city,"Juveniles Apprehended under Different IPC Crime Heads During 1991 (State, UT & City-Wise)",1988,1991,4,1988 1989 1990 1991,4,pdf_ocr pdf_vlm,data/series/cii/juveniles-apprehended-under-different-ipc-crime-heads-state-ut-city-wise__state-ut-city.csv
cii/juveniles-apprehended-under-different-ipc-crimes-by-age-group-sex-state-ut-city-wise__state-ut-city,cii,Crime Survey,state-ut-city,"Juveniles Apprehended under Different IPC Crimes by Age Group & Sex During 1992 (State, UT & City-wise)",1991,1992,2,1991 1992,2,pdf_ocr pdf_vlm,data/series/cii/juveniles-apprehended-under-different-ipc-crimes-by-age-group-sex-state-ut-city-wise__state-ut-city.csv
cii/juveniles-apprehended-under-different-ipc-crimes-state-ut-city-wise__state-ut-city,cii,Crime Survey,state-ut-city,"Juveniles Apprehended under different IPC Crimes (State, UT & City wise)",1992,2001,9,1992 1993 1994 1995 1996 1997 1998 1999 2001,9,pdf_ocr pdf_text pdf_vlm,data/series/cii/juveniles-apprehended-under-different-ipc-crimes-state-ut-city-wise__state-ut-city.csv
cii/juveniles-apprehended-under-different-ipc-crimes-state-ut-wise__state-ut,cii,Juveniles in Conflict with Law,state-ut,Juveniles Apprehended under Different IPC Crimes (State & UT-wise),2002,2013,12,2002 2003 2004 2005 2006 2007 2008 2009 2010 2011 2012 2013,13,pdf_text,data/series/cii/juveniles-apprehended-under-different-ipc-crimes-state-ut-wise__state-ut.csv
cii/juveniles-apprehended-under-different-lsl-crime-heads-state-ut-city-wise__state-ut-city,cii,Crime Survey,state-ut-city,"Juveniles Apprehended under Different LSL Crime Heads During 1990 (State, UT & City-Wise)",1988,1990,3,1988 1989 1990,3,pdf_ocr pdf_vlm,data/series/cii/juveniles-apprehended-under-different-lsl-crime-heads-state-ut-city-wise__state-ut-city.csv
cii/juveniles-apprehended-under-different-lsl-crimes-by-age-group-sex-state-ut-city-wise__state-ut-city,cii,Crime Survey,state-ut-city,"Juveniles Apprehended under Different LSL Crimes by Age Group & Sex During 1992 (State, UT & City-wise)",1991,1992,2,1991 1992,2,pdf_vlm,data/series/cii/juveniles-apprehended-under-different-lsl-crimes-by-age-group-sex-state-ut-city-wise__state-ut-city.csv
cii/juveniles-apprehended-under-different-sll-crimes-state-ut-city-wise__state-ut-city,cii,Crime Survey,state-ut-city,"Juveniles Apprehended under different SLL Crimes (State, UT & City wise)",1994,2001,6,1994 1996 1997 1998 1999 2001,6,pdf_text pdf_vlm,data/series/cii/juveniles-apprehended-under-different-sll-crimes-state-ut-city-wise__state-ut-city.csv
cii/juveniles-apprehended-under-different-sll-crimes-state-ut-wise__state-ut,cii,Juveniles in Conflict with Law,state-ut,Juveniles Apprehended under Different SLL Crimes (State & UT-wise),2002,2013,12,2002 2003 2004 2005 2006 2007 2008 2009 2010 2011 2012 2013,13,pdf_text,data/series/cii/juveniles-apprehended-under-different-sll-crimes-state-ut-wise__state-ut.csv
cii/juveniles-apprehended-under-important-heads-of-local-and-special-laws,cii,Crime Survey,,Juveniles Apprehended under Important Heads of Local and Special Laws During 1984,1976,1984,2,1976 1984,2,pdf_vlm,data/series/cii/juveniles-apprehended-under-important-heads-of-local-and-special-laws.csv
cii/juveniles-apprehended-under-important-heads-of-local-special-laws,cii,Crime Survey,,Juveniles Apprehended under Important Heads of Local & Special Laws During 1987,1983,1987,4,1983 1985 1986 1987,4,pdf_vlm,data/series/cii/juveniles-apprehended-under-important-heads-of-local-special-laws.csv
cii/juveniles-apprehended-under-important-ipc-heads,cii,Crime Survey,,Juveniles Apprehended under Important IPC Heads During 1987,1984,1987,4,1984 1985 1986 1987,4,pdf_vlm,data/series/cii/juveniles-apprehended-under-important-ipc-heads.csv
cii/juveniles-apprehended-under-ipc-and-sll-crimes-by-age-groups,cii,Crime Survey,,Juveniles Apprehended under IPC and SLL Crimes by Age Groups 1985-95,1994,1995,2,1994 1995,2,pdf_vlm,data/series/cii/juveniles-apprehended-under-ipc-and-sll-crimes-by-age-groups.csv
cii/juveniles-apprehended-under-ipc-and-sll-crimes-by-age-groups-sex,cii,Crime Survey,,Juveniles Apprehended Under IPC and SLL Crimes by Age Groups & Sex During 1997,1994,1997,3,1994 1995 1997,3,pdf_vlm,data/series/cii/juveniles-apprehended-under-ipc-and-sll-crimes-by-age-groups-sex.csv
cii/juveniles-apprehended-under-ipc-crimes-by-age-group-sex-state-ut-city-wise__state-ut-city,cii,Crime Survey,state-ut-city,"Juveniles Apprehended Under IPC Crimes by Age Group & Sex During 1999 (State, UT & City-Wise)",1988,1999,7,1988 1989 1990 1994 1995 1998 1999,7,pdf_vlm,data/series/cii/juveniles-apprehended-under-ipc-crimes-by-age-group-sex-state-ut-city-wise__state-ut-city.csv
cii/juveniles-apprehended-under-ipc-crimes-by-age-groups-sex-state-ut-city-wise__state-ut-city,cii,Crime Survey,state-ut-city,"Juveniles Apprehended under IPC Crimes by Age Groups & Sex (State, UT & City wise)",1993,2001,2,1993 2001,2,pdf_ocr pdf_text,data/series/cii/juveniles-apprehended-under-ipc-crimes-by-age-groups-sex-state-ut-city-wise__state-ut-city.csv
cii/juveniles-apprehended-under-ipc-crimes-by-age-groups-sex-state-ut-wise__state-ut,cii,Juveniles in Conflict with Law,state-ut,Juveniles Apprehended under IPC Crimes by Age Groups & Sex (State & UT- wise),2002,2013,12,2002 2003 2004 2005 2006 2007 2008 2009 2010 2011 2012 2013,13,pdf_text,data/series/cii/juveniles-apprehended-under-ipc-crimes-by-age-groups-sex-state-ut-wise__state-ut.csv
cii/juveniles-apprehended-under-ipc-lsl-crimes-by-age-group,cii,Crime Survey,,Juveniles Apprehended under IPC & LSL Crimes by Age Group 1981-91,1988,1991,4,1988 1989 1990 1991,4,pdf_vlm,data/series/cii/juveniles-apprehended-under-ipc-lsl-crimes-by-age-group.csv
cii/juveniles-apprehended-under-ipc-lsl-crimes-by-age-group-sex,cii,Crime Survey,,Juveniles Apprehended under IPC & LSL Crimes by Age Group & Sex During 1991,1988,1991,4,1988 1989 1990 1991,4,pdf_ocr pdf_vlm,data/series/cii/juveniles-apprehended-under-ipc-lsl-crimes-by-age-group-sex.csv
cii/juveniles-apprehended-under-ipc-lsl-crimes-by-sex,cii,Crime Survey,,Juveniles Apprehended under IPC & LSL Crimes by Sex 1982-92,1988,1992,5,1988 1989 1990 1991 1992,5,pdf_vlm,data/series/cii/juveniles-apprehended-under-ipc-lsl-crimes-by-sex.csv
cii/juveniles-apprehended-under-ipc-sll-crimes-by-age-groups,cii,Crime Survey,,Juveniles Apprehended Under IPC & SLL Crimes By Age Groups (1988-98),1996,1998,2,1996 1998,2,pdf_vlm,data/series/cii/juveniles-apprehended-under-ipc-sll-crimes-by-age-groups.csv
cii/juveniles-apprehended-under-ipc-sll-crimes-by-age-groups-all-india__all-india,cii,Juveniles in Conflict with Law,all-india,Juveniles Apprehended under IPC & SLL Crimes by Age Groups (2003 – 2013) (All-India),2001,2013,13,2001 2002 2003 2004 2005 2006 2007 2008 2009 2010 2011 2012 2013,14,pdf_text,data/series/cii/juveniles-apprehended-under-ipc-sll-crimes-by-age-groups-all-india__all-india.csv
cii/juveniles-apprehended-under-ipc-sll-crimes-by-age-groups-sex-all-india__all-india,cii,Juveniles in Conflict with Law,all-india,Juveniles Apprehended under IPC & SLL Crimes by Age Groups & Sex During 2015 (All India),2014,2015,2,2014 2015,2,pdf_text,data/series/cii/juveniles-apprehended-under-ipc-sll-crimes-by-age-groups-sex-all-india__all-india.csv
cii/juveniles-apprehended-under-ipc-sll-crimes-by-age-groups-sex-crime-head-wise,cii,Juveniles in Conflict with Law,,Juveniles Apprehended under IPC & SLL Crimes by Age Groups & Sex (Crime Head-wise),2001,2013,13,2001 2002 2003 2004 2005 2006 2007 2008 2009 2010 2011 2012 2013,14,pdf_text,data/series/cii/juveniles-apprehended-under-ipc-sll-crimes-by-age-groups-sex-crime-head-wise.csv
cii/juveniles-apprehended-under-ipc-sll-crimes-by-sex,cii,Crime Survey,,Juveniles Apprehended Under IPC & SLL Crimes by Sex (1989-99),1994,1999,6,1994 1995 1996 1997 1998 1999,6,pdf_vlm,data/series/cii/juveniles-apprehended-under-ipc-sll-crimes-by-sex.csv
cii/juveniles-apprehended-under-ipc-sll-crimes-by-sex-all-india__all-india,cii,Juveniles in Conflict with Law,all-india,Juveniles Apprehended under IPC & SLL Crimes by Sex (2003 – 2013) (All-India),2001,2013,13,2001 2002 2003 2004 2005 2006 2007 2008 2009 2010 2011 2012 2013,13,pdf_text,data/series/cii/juveniles-apprehended-under-ipc-sll-crimes-by-sex-all-india__all-india.csv
cii/juveniles-apprehended-under-lsl-crimes-by-age-group-sex-state-ut-city-wise__state-ut-city,cii,Crime Survey,state-ut-city,"Juveniles Apprehended under LSL Crimes by Age Group & Sex During 1990 (State, UT & City-Wise)",1988,1990,3,1988 1989 1990,3,pdf_vlm,data/series/cii/juveniles-apprehended-under-lsl-crimes-by-age-group-sex-state-ut-city-wise__state-ut-city.csv
cii/juveniles-apprehended-under-sll-crimes-by-age-group-sex-state-ut-city-wise__state-ut-city,cii,Crime Survey,state-ut-city,"Juveniles Apprehended Under SLL Crimes by Age Group & Sex During 1999 (State, UT & City-Wise)",1994,1999,4,1994 1995 1997 1999,4,pdf_vlm,data/series/cii/juveniles-apprehended-under-sll-crimes-by-age-group-sex-state-ut-city-wise__state-ut-city.csv
cii/juveniles-apprehended-under-sll-crimes-by-age-groups-sex-state-ut-wise__state-ut,cii,Juveniles in Conflict with Law,state-ut,Juveniles Apprehended under SLL Crimes by Age Groups & Sex (State & UT- wise),2002,2013,12,2002 2003 2004 2005 2006 2007 2008 2009 2010 2011 2012 2013,13,pdf_text,data/series/cii/juveniles-apprehended-under-sll-crimes-by-age-groups-sex-state-ut-wise__state-ut.csv
cii/juveniles-dealt-with,cii,Crime Survey,,Juveniles Dealt with During 1971,1964,1970,6,1964 1965 1967 1968 1969 1970,6,pdf_vlm,data/series/cii/juveniles-dealt-with.csv
cii/juveniles-delinquency-under-different-crime-heads-ipc-state-ut-city-wise__state-ut-city,cii,Crime Survey,state-ut-city,"Juveniles Delinquency under Different Crime Heads (IPC) During 1998 (State, UT & City-Wise)",1997,1998,2,1997 1998,2,pdf_vlm,data/series/cii/juveniles-delinquency-under-different-crime-heads-ipc-state-ut-city-wise__state-ut-city.csv
cii/juveniles-in-conflict-with-law-ipc-under-different-crime-heads-various-percentage-changes-all-india__all-india,cii,Juveniles in Conflict with Law,all-india,Juveniles in conflict with Law (IPC) under Different Crime Heads & Various Percentage Changes. (All-India),2012,2013,2,2012 2013,2,pdf_text,data/series/cii/juveniles-in-conflict-with-law-ipc-under-different-crime-heads-various-percentage-changes-all-india__all-india.csv
cii/juveniles-in-conflict-with-law-sll-under-different-crime-heads-various-percentage-changes-all-india__all-india,cii,Juveniles in Conflict with Law,all-india,Juveniles in conflict with Law (SLL) under Different Crime Heads & Various Percentage Changes. (All-India),2012,2013,2,2012 2013,2,pdf_text,data/series/cii/juveniles-in-conflict-with-law-sll-under-different-crime-heads-various-percentage-changes-all-india__all-india.csv
cii/juveniles-in-conflict-with-law-under-different-crime-heads-ipc-state-ut-wise__state-ut,cii,Juveniles in Conflict with Law,state-ut,Juveniles in conflict with Law under Different Crime Heads (IPC) (State & UT-wise),2012,2013,2,2012 2013,2,pdf_text,data/series/cii/juveniles-in-conflict-with-law-under-different-crime-heads-ipc-state-ut-wise__state-ut.csv
cii/juveniles-in-conflict-with-law-under-different-crime-heads-sll-state-ut-wise__state-ut,cii,Juveniles in Conflict with Law,state-ut,Juveniles in conflict with Law under Different Crime Heads (SLL) (State & UT-wise),2012,2013,2,2012 2013,2,pdf_text,data/series/cii/juveniles-in-conflict-with-law-under-different-crime-heads-sll-state-ut-wise__state-ut.csv
cii/kidnapping-20,cii,,,KIDNAPPING 20,1954,1955,2,1954 1955,2,pdf_vlm,data/series/cii/kidnapping-20.csv
cii/kidnapping-abduction,cii,Crime Survey,,KIDNAPPING & ABDUCTION,1989,1990,2,1989 1990,2,pdf_vlm,data/series/cii/kidnapping-abduction.csv
cii/kidnapping-abduction-city-wise__city,cii,Kidnapping & Abduction (34 Metropolitan Cities),city,Kidnapping & Abduction (City-wise) - 2022-2024,2017,2024,8,2017 2018 2019 2020 2021 2022 2023 2024,14,excel pdf_text,data/series/cii/kidnapping-abduction-city-wise__city.csv
cii/kidnapping-abduction-state-ut-wise__state-ut,cii,Violent Crimes – Kidnapping & Abduction (States/UTs),state-ut,Kidnapping & Abduction (State/UT-wise) - 2022-2024,2017,2024,7,2017 2018 2019 2021 2022 2023 2024,7,pdf_text,data/series/cii/kidnapping-abduction-state-ut-wise__state-ut.csv
cii/kidnapping-and-abduction-24,cii,,,KIDNAPPING AND ABDUCTION- 24,1959,1960,2,1959 1960,2,pdf_vlm,data/series/cii/kidnapping-and-abduction-24.csv
cii/missing-and-traced-children-state-ut-wise__state-ut,cii,Missing Persons (States & UTs),state-ut,Missing and Traced Children (State/UT-wise) - 2024,2016,2024,9,2016 2017 2018 2019 2020 2021 2022 2023 2024,9,pdf_text,data/series/cii/missing-and-traced-children-state-ut-wise__state-ut.csv
cii/missing-and-traced-persons-gender-age-wise,cii,Missing Persons (States & UTs),,Missing and Traced Persons (Gender & Age-wise) - 2024,2017,2024,8,2017 2018 2019 2020 2021 2022 2023 2024,8,pdf_text,data/series/cii/missing-and-traced-persons-gender-age-wise.csv
cii/motives-of-murder,cii,Murder (34 Metropolitan Cities),,Motives of Murder - 2024,2017,2024,8,2017 2018 2019 2020 2021 2022 2023 2024,23,excel pdf_text,data/series/cii/motives-of-murder.csv
cii/motives-of-murder-and-c-h-not-amounting-to-murder-state-ut-wise__state-ut,cii,Violent Crimes,state-ut,Motives of Murder and C.H. not Amounting to Murder (State & UT-wise),2002,2013,12,2002 2003 2004 2005 2006 2007 2008 2009 2010 2011 2012 2013,12,pdf_text,data/series/cii/motives-of-murder-and-c-h-not-amounting-to-murder-state-ut-wise__state-ut.csv
cii/motives-of-murder-and-culpable-homicide-not-amounting-to-murder-c-h-state-ut-city-wise__state-ut-city,cii,Crime Survey,state-ut-city,"Motives of Murder and Culpable Homicide not Amounting to Murder (C.H.) During 1996 (State, UT & City-Wise)",1988,1996,9,1988 1989 1990 1991 1992 1993 1994 1995 1996,9,pdf_ocr pdf_vlm,data/series/cii/motives-of-murder-and-culpable-homicide-not-amounting-to-murder-c-h-state-ut-city-wise__state-ut-city.csv
cii/motives-of-murder-and-culpable-homicide-not-amounting-to-murder-in-different-states-u-t-s-and-cities__city,cii,Crime Survey,city,"Motives of Murder and Culpable Homicide not Amounting to Murder in Different States, U.T.s and Cities During 1986",1985,1986,2,1985 1986,2,pdf_vlm,data/series/cii/motives-of-murder-and-culpable-homicide-not-amounting-to-murder-in-different-states-u-t-s-and-cities__city.csv
cii/murder-20,cii,,,MURDER— 20,1959,1960,2,1959 1960,2,pdf_vlm,data/series/cii/murder-20.csv
cii/murder-22,cii,,,MURDER— 22,1956,1960,2,1956 1960,2,pdf_vlm,data/series/cii/murder-22.csv
cii/murder-cases-city-wise__city,cii,Murder (34 Metropolitan Cities),city,Murder Cases (City-wise) - 2022-2024,2017,2024,8,2017 2018 2019 2020 2021 2022 2023 2024,14,excel pdf_text,data/series/cii/murder-cases-city-wise__city.csv
cii/murder-cases-state-ut-wise__state-ut,cii,Violent Crimes – Murder (States/UTs),state-ut,Murder Cases (State/UT-wise) - 2022-2024,2017,2024,8,2017 2018 2019 2020 2021 2022 2023 2024,8,pdf_text,data/series/cii/murder-cases-state-ut-wise__state-ut.csv
cii/n-c-r-b-m-h-a-crime-in-india-table-13,cii,Crime Survey,,"N.C.R.B., (M.H.A.) CRIME IN INDIA - 1999 TABLE 13",1997,1999,3,1997 1998 1999,3,pdf_vlm,data/series/cii/n-c-r-b-m-h-a-crime-in-india-table-13.csv
cii/n-c-r-b-m-h-a-crime-in-india-table-13a,cii,Crime Survey,,"N.C.R.B., (M.H.A.) CRIME IN INDIA - 1999 TABLE 13A",1997,1999,3,1997 1998 1999,3,pdf_vlm,data/series/cii/n-c-r-b-m-h-a-crime-in-india-table-13a.csv
cii/n-c-r-b-m-h-a-crime-in-india-table-13b,cii,Crime Survey,,"N.C.R.B., (M.H.A.) CRIME IN INDIA-1999 TABLE 13B",1997,1999,2,1997 1999,2,pdf_vlm,data/series/cii/n-c-r-b-m-h-a-crime-in-india-table-13b.csv
cii/n-c-r-b-m-h-a-crime-in-india-table-16,cii,Crime Survey,,"N.C.R.B., (M.H.A.) CRIME IN INDIA - 1999 TABLE 16",1997,1999,3,1997 1998 1999,3,pdf_vlm,data/series/cii/n-c-r-b-m-h-a-crime-in-india-table-16.csv
cii/n-c-r-b-m-h-a-crime-in-india-table-16a,cii,Crime Survey,,"N.C.R.B., (M.H.A.) CRIME IN INDIA - 1998 TABLE-16A",1997,1998,2,1997 1998,2,pdf_vlm,data/series/cii/n-c-r-b-m-h-a-crime-in-india-table-16a.csv
cii/n-c-r-b-m-h-a-crime-in-india-table-19a,cii,Crime Survey,,"N.C.R.B., (M.H.A.) CRIME IN INDIA - 1999 TABLE 19A",1997,1999,3,1997 1998 1999,3,pdf_vlm,data/series/cii/n-c-r-b-m-h-a-crime-in-india-table-19a.csv
cii/n-c-r-b-m-h-a-crime-in-india-table-22,cii,Crime Survey,,"N.C.R.B., (M.H.A.) CRIME IN INDIA - 1999 TABLE 22",1997,1999,2,1997 1999,2,pdf_vlm,data/series/cii/n-c-r-b-m-h-a-crime-in-india-table-22.csv
cii/n-c-r-b-m-h-a-crime-in-india-table-22a,cii,Crime Survey,,"N.C.R.B., (M.H.A.) CRIME IN INDIA - 1999 TABLE 22A",1997,1999,2,1997 1999,2,pdf_vlm,data/series/cii/n-c-r-b-m-h-a-crime-in-india-table-22a.csv
cii/n-c-r-b-m-h-a-crime-in-india-table-25,cii,Crime Survey,,"N.C.R.B., (M.H.A.) CRIME IN INDIA - 1999 TABLE 25",1997,1999,2,1997 1999,2,pdf_vlm,data/series/cii/n-c-r-b-m-h-a-crime-in-india-table-25.csv
cii/n-c-r-b-m-h-a-crime-in-india-table-25a,cii,Crime Survey,,"N.C.R.B., (M.H.A.) CRIME IN INDIA - 1999 TABLE 25A",1997,1999,2,1997 1999,2,pdf_vlm,data/series/cii/n-c-r-b-m-h-a-crime-in-india-table-25a.csv
cii/n-c-r-b-m-h-a-crime-in-india-table-28,cii,Crime Survey,,"N.C.R.B., (M.H.A.) CRIME IN INDIA - 1999 TABLE 28",1994,1999,2,1994 1999,3,pdf_vlm,data/series/cii/n-c-r-b-m-h-a-crime-in-india-table-28.csv
cii/n-c-r-b-m-h-a-crime-in-india-table-5,cii,Crime Survey,,"N.C.R.B., (M.H.A.) CRIME IN INDIA - 1999 TABLE 5",1997,1999,3,1997 1998 1999,3,pdf_vlm,data/series/cii/n-c-r-b-m-h-a-crime-in-india-table-5.csv
cii/n-c-r-b-m-h-a-crime-in-india-table-5a,cii,Crime Survey,,"N.C.R.B., (M.H.A.) CRIME IN INDIA - 1999 TABLE 5A",1997,1999,3,1997 1998 1999,3,pdf_vlm,data/series/cii/n-c-r-b-m-h-a-crime-in-india-table-5a.csv
cii/narcotics-control-bureau-ncb,cii,Seizures And Prosecution (Central Law Enforcement Agencies),,Narcotics Control Bureau (NCB),2021,2023,2,2021 2023,2,pdf_text,data/series/cii/narcotics-control-bureau-ncb.csv
cii/narcotics-control-bureau-new-delhi,cii,Seizures And Prosecution (Central Law Enforcement Agencies),,"NARCOTICS CONTROL BUREAU, NEW DELHI",2016,2018,2,2016 2018,3,pdf_text,data/series/cii/narcotics-control-bureau-new-delhi.csv
cii/narcotics-control-bureau-new-delhi-proforma-a-seizures-of-drugs,cii,Seizures and Prosecution (Central Law Enforcement Agencies),,"NARCOTICS CONTROL BUREAU, NEW DELHI PROFORMA (A): SEIZURES OF DRUGS ‐ 2024",2022,2024,2,2022 2024,2,pdf_text,data/series/cii/narcotics-control-bureau-new-delhi-proforma-a-seizures-of-drugs.csv
cii/national-investigation-agency-new-delhi,cii,Seizures by Law Enforcement Agencies,,"NATIONAL INVESTIGATION AGENCY, NEW DELHI",2017,2018,2,2017 2018,2,pdf_text,data/series/cii/national-investigation-agency-new-delhi.csv
cii/national-investigation-agency-new-delhi-proforma-a-seizures-of-drugs-fake-indian-foreign-currencies-explosives,cii,Seizures and Prosecution (Central Law Enforcement Agencies),,"NATIONAL INVESTIGATION AGENCY, NEW DELHI PROFORMA (a) : SEIZURES OF DRUGS, FAKE INDIAN/FOREIGN CURRENCIES, EXPLOSIVES, WILDLIFE, ETC. ‐ 2024",2022,2024,2,2022 2024,3,pdf_text,data/series/cii/national-investigation-agency-new-delhi-proforma-a-seizures-of-drugs-fake-indian-foreign-currencies-explosives.csv
cii/national-investigation-agency-nia,cii,Seizures And Prosecution (Central Law Enforcement Agencies),,National Investigation Agency (NIA),2021,2023,2,2021 2023,2,pdf_text,data/series/cii/national-investigation-agency-nia.csv
cii/nationality-wise-profile-of-victims-rescued,cii,Human Trafficking,,Nationality-wise Profile of Victims Rescued – 2024,2016,2024,9,2016 2017 2018 2019 2020 2021 2022 2023 2024,9,pdf_text,data/series/cii/nationality-wise-profile-of-victims-rescued.csv
cii/nature-of-property-stolen-and-recovered,cii,Crime Survey,,Nature of Property Stolen and Recovered During 1987,1980,1987,3,1980 1984 1987,3,pdf_vlm,data/series/cii/nature-of-property-stolen-and-recovered.csv
cii/no-of-foreigners-arrested-under-cognizable-crimes-ipc-sll-all-india__all-india,cii,Crime Committed by Foreigners,all-india,No. of Foreigners Arrested Under Cognizable Crimes (IPC & SLL) During 2015 (All India),2014,2015,2,2014 2015,2,pdf_text,data/series/cii/no-of-foreigners-arrested-under-cognizable-crimes-ipc-sll-all-india__all-india.csv
cii/number-of-burglary-cases-reported-and-value-of-property-stolen-by-place-of-occurrence-state-ut-and-city-wise__state-ut-city,cii,Property Stolen & Recovered,state-ut-city,"Number of Burglary Cases Reported and Value of Property Stolen by Place of Occurrence (State, UT and City-wise)",2001,2013,13,2001 2002 2003 2004 2005 2006 2007 2008 2009 2010 2011 2012 2013,14,pdf_text,data/series/cii/number-of-burglary-cases-reported-and-value-of-property-stolen-by-place-of-occurrence-state-ut-and-city-wise__state-ut-city.csv
cii/number-of-cases-and-quantity-of-seizure-under-the-arms-act-explosives-explosive-substances-act-and-the-ndps-ac,cii,Seizures by Law Enforcement Agencies,,"Number of Cases and Quantity of Seizure under the Arms Act, Explosives & Explosive Substances Act and the NDPS Act During 2015",2014,2015,2,2014 2015,2,pdf_text,data/series/cii/number-of-cases-and-quantity-of-seizure-under-the-arms-act-explosives-explosive-substances-act-and-the-ndps-ac.csv
cii/number-of-cases-and-value-of-cultural-property-including-antiques-stolen-and-recovered-state-ut-wise__state-ut,cii,Crime Survey,state-ut,Number of Cases and Value of Cultural Property (including Antiques) Stolen and Recovered During 1995 (State & UT-Wise),1993,1995,3,1993 1994 1995,3,pdf_vlm,data/series/cii/number-of-cases-and-value-of-cultural-property-including-antiques-stolen-and-recovered-state-ut-wise__state-ut.csv
cii/number-of-cases-and-value-of-cultural-property-stolen-and-recovered-state-ut-wise__state-ut,cii,Property Stolen & Recovered,state-ut,Number of Cases and Value of Cultural Property Stolen and Recovered (State & UT-wise),2001,2013,13,2001 2002 2003 2004 2005 2006 2007 2008 2009 2010 2011 2012 2013,14,pdf_text,data/series/cii/number-of-cases-and-value-of-cultural-property-stolen-and-recovered-state-ut-wise__state-ut.csv
cii/number-of-cases-reported-and-value-of-property-stolen-by-place-of-occurrence,cii,Crime Survey,,Number of Cases Reported and Value of Property Stolen by Place of Occurrence During 1999,1988,1999,10,1988 1989 1990 1991 1992 1993 1994 1995 1997 1999,10,pdf_vlm,data/series/cii/number-of-cases-reported-and-value-of-property-stolen-by-place-of-occurrence.csv
cii/number-of-cases-reported-and-value-of-property-stolen-by-place-of-occurrence-all-india__all-india,cii,Property Stolen & Recovered,all-india,Number of Cases Reported and Value of Property Stolen by Place of Occurrence During 2015 (All-India),2001,2015,15,2001 2002 2003 2004 2005 2006 2007 2008 2009 2010 2011 2012 2013 2014 2015,16,pdf_text,data/series/cii/number-of-cases-reported-and-value-of-property-stolen-by-place-of-occurrence-all-india__all-india.csv
cii/number-of-cases-reported-and-value-of-property-stolen-by-place-of-occurrence-state-ut-city-wise-burglary__state-ut-city,cii,Crime Survey,state-ut-city,"Number of Cases Reported and Value of Property Stolen by Place of Occurrence During 1997 (State, UT & City-Wise) Burglary",1988,1997,8,1988 1989 1990 1991 1992 1993 1995 1997,8,pdf_vlm,data/series/cii/number-of-cases-reported-and-value-of-property-stolen-by-place-of-occurrence-state-ut-city-wise-burglary__state-ut-city.csv
cii/number-of-cases-reported-and-value-of-property-stolen-by-place-of-occurrence-state-ut-city-wise-dacoity__state-ut-city,cii,Crime Survey,state-ut-city,"Number of Cases Reported and Value of Property Stolen by Place of Occurrence During 1997 (State, UT & City-Wise) Dacoity",1988,1997,8,1988 1989 1990 1991 1992 1993 1995 1997,8,pdf_ocr pdf_vlm,data/series/cii/number-of-cases-reported-and-value-of-property-stolen-by-place-of-occurrence-state-ut-city-wise-dacoity__state-ut-city.csv
cii/number-of-cases-reported-and-value-of-property-stolen-by-place-of-occurrence-state-ut-city-wise-robbery__state-ut-city,cii,Crime Survey,state-ut-city,"Number of Cases Reported and Value of Property Stolen by Place of Occurrence During 1997 (State, UT & City-Wise) Robbery",1988,1997,8,1988 1989 1990 1991 1992 1993 1995 1997,8,pdf_vlm,data/series/cii/number-of-cases-reported-and-value-of-property-stolen-by-place-of-occurrence-state-ut-city-wise-robbery__state-ut-city.csv
cii/number-of-cases-reported-and-value-of-property-stolen-by-place-of-occurrence-state-ut-city-wise-theft__state-ut-city,cii,Crime Survey,state-ut-city,"Number of Cases Reported and Value of Property Stolen by Place of Occurrence During 1997 (State, UT & City-Wise) Theft",1988,1997,8,1988 1989 1990 1991 1992 1993 1995 1997,8,pdf_ocr pdf_vlm,data/series/cii/number-of-cases-reported-and-value-of-property-stolen-by-place-of-occurrence-state-ut-city-wise-theft__state-ut-city.csv
cii/number-of-cases-reported-and-value-of-property-stolen-under-robbery-and-by-place-of-occurrence,cii,Crime Survey,,Number of Cases Reported and Value of Property Stolen under Robbery and by Place of Occurrence During 1986,1985,1986,2,1985 1986,3,pdf_ocr pdf_vlm,data/series/cii/number-of-cases-reported-and-value-of-property-stolen-under-robbery-and-by-place-of-occurrence.csv
cii/number-of-complaints-received-by-the-police-and-the-cases-registered-under-ipc-and-sll-state-ut-wise__state-ut,cii,Executive Summary,state-ut,Number of complaints received by the police and the cases registered under IPC and SLL (State/UT-wise),2001,2013,13,2001 2002 2003 2004 2005 2006 2007 2008 2009 2010 2011 2012 2013,13,pdf_text,data/series/cii/number-of-complaints-received-by-the-police-and-the-cases-registered-under-ipc-and-sll-state-ut-wise__state-ut.csv
cii/number-of-dacoity-cases-reported-and-value-of-property-taken-away-by-place-of-occurrence-state-ut-and-city-wis__state-ut-city,cii,Property Stolen & Recovered,state-ut-city,"Number of Dacoity Cases Reported and Value of Property Taken Away by Place of Occurrence (State, UT and City-wise)",2001,2013,13,2001 2002 2003 2004 2005 2006 2007 2008 2009 2010 2011 2012 2013,14,pdf_text,data/series/cii/number-of-dacoity-cases-reported-and-value-of-property-taken-away-by-place-of-occurrence-state-ut-and-city-wis__state-ut-city.csv
cii/number-of-police-personnel-killed-or-injured-on-duty,cii,Crime Survey,,Number of Police Personnel Killed or Injured on Duty During 1987,1975,1987,9,1975 1978 1980 1981 1983 1984 1985 1986 1987,9,pdf_ocr pdf_vlm,data/series/cii/number-of-police-personnel-killed-or-injured-on-duty.csv
cii/number-of-police-personnel-killed-or-injured-on-duty-police-personnel-killed-or-injured-by-various-ranks-in-in,cii,Crime Survey,,Number of Police Personnel Killed or Injured on Duty During 1979; Police Personnel Killed or Injured by Various Ranks in India,1977,1979,2,1977 1979,2,pdf_vlm,data/series/cii/number-of-police-personnel-killed-or-injured-on-duty-police-personnel-killed-or-injured-by-various-ranks-in-in.csv
cii/number-of-police-stations-by-strength-of-personnel-state-ut-wise__state-ut,cii,"Police Strength, Expenditure & Infrastructure",state-ut,Number of Police Stations by Strength of Personnel (State & UT-wise),2002,2013,12,2002 2003 2004 2005 2006 2007 2008 2009 2010 2011 2012 2013,14,pdf_text,data/series/cii/number-of-police-stations-by-strength-of-personnel-state-ut-wise__state-ut.csv
cii/number-of-police-stations-by-volume-of-crime-state-ut-wise__state-ut,cii,"Police Strength, Expenditure & Infrastructure",state-ut,Number of Police Stations by Volume of Crime (State & UT-wise),2002,2013,12,2002 2003 2004 2005 2006 2007 2008 2009 2010 2011 2012 2013,14,pdf_text,data/series/cii/number-of-police-stations-by-volume-of-crime-state-ut-wise__state-ut.csv
cii/number-of-robbery-cases-reported-and-value-of-property-taken-away-by-place-of-occurrence-state-ut-and-city-wis__state-ut-city,cii,Property Stolen & Recovered,state-ut-city,"Number of Robbery Cases Reported and Value of Property Taken Away by Place of Occurrence (State, UT and City-wise)",2001,2013,12,2001 2003 2004 2005 2006 2007 2008 2009 2010 2011 2012 2013,13,pdf_text,data/series/cii/number-of-robbery-cases-reported-and-value-of-property-taken-away-by-place-of-occurrence-state-ut-and-city-wis__state-ut-city.csv
cii/number-of-theft-cases-reported-and-value-of-property-stolen-by-place-of-occurrence-state-ut-and-city-wise__state-ut-city,cii,Property Stolen & Recovered,state-ut-city,"Number of Theft Cases Reported and Value of Property Stolen by Place of Occurrence (State, UT and City-wise)",2001,2013,13,2001 2002 2003 2004 2005 2006 2007 2008 2009 2010 2011 2012 2013,14,pdf_text,data/series/cii/number-of-theft-cases-reported-and-value-of-property-stolen-by-place-of-occurrence-state-ut-and-city-wise__state-ut-city.csv
cii/number-of-unidentified-dead-bodies-recovered-and-inquest-conducted-state-ut-wise__state-ut,cii,Violent Crimes,state-ut,Number of Unidentified Dead Bodies Recovered and Inquest Conducted During 2015 (State/UT-Wise),2002,2015,14,2002 2003 2004 2005 2006 2007 2008 2009 2010 2011 2012 2013 2014 2015,14,pdf_text,data/series/cii/number-of-unidentified-dead-bodies-recovered-and-inquest-conducted-state-ut-wise__state-ut.csv
cii/number-of-victims-murdered-by-fire-arms-state-ut-wise__state-ut,cii,Violent Crimes,state-ut,Number of Victims Murdered by Fire Arms During 2015 (State/UT-Wise),2002,2015,13,2002 2003 2004 2005 2006 2007 2008 2009 2010 2011 2013 2014 2015,13,pdf_text,data/series/cii/number-of-victims-murdered-by-fire-arms-state-ut-wise__state-ut.csv
cii/of-trust,cii,Crime Survey,,OF TRUST,1988,1990,2,1988 1990,2,pdf_vlm,data/series/cii/of-trust.csv
cii/offences-against-state-ipc-sll,cii,Offences Against the State,,Offences against State (IPC & SLL) -2023,2018,2023,6,2018 2019 2020 2021 2022 2023,6,pdf_text,data/series/cii/offences-against-state-ipc-sll.csv
cii/offences-against-state-state-ut-wise__state-ut,cii,Offences Against the State,state-ut,Offences against State (State/UT-wise) -2022-2024,2018,2024,7,2018 2019 2020 2021 2022 2023 2024,7,pdf_text,data/series/cii/offences-against-state-state-ut-wise__state-ut.csv
cii/offenders-relation-nearness-rape-victims-state-ut-city-wise__state-ut-city,cii,Crime Against Women,state-ut-city,"Offenders Relation & Nearness Rape victims (State, UT & City-wise)",2000,2001,2,2000 2001,2,pdf_text,data/series/cii/offenders-relation-nearness-rape-victims-state-ut-city-wise__state-ut-city.csv
cii/offenders-relation-nearness-to-rape-victims-state-ut-city-wise__state-ut-city,cii,Crime Against Women,state-ut-city,"Offenders Relation & Nearness to Rape Victims (State, UT & City-wise)",2002,2013,12,2002 2003 2004 2005 2006 2007 2008 2009 2010 2011 2012 2013,12,pdf_text,data/series/cii/offenders-relation-nearness-to-rape-victims-state-ut-city-wise__state-ut-city.csv
cii/offenders-relation-to-child-victims-of-pocso-act-section-4-6,cii,Crime Against Children (States/UTs),,Offenders Relation to Child Victims of POCSO Act (Section 4 & 6) - 2024,2017,2024,8,2017 2018 2019 2020 2021 2022 2023 2024,8,pdf_text,data/series/cii/offenders-relation-to-child-victims-of-pocso-act-section-4-6.csv
cii/offenders-relation-to-victims-of-rape,cii,Crime Against Women (States/UTs),,Offenders Relation to Victims of Rape - 2023,2016,2023,8,2016 2017 2018 2019 2020 2021 2022 2023,8,pdf_text,data/series/cii/offenders-relation-to-victims-of-rape.csv
cii/ordinary-thefts-union-territories-cities__city,cii,,city,ORDINARY THEFTS— Union Territories Cities,1957,1958,2,1957 1958,2,pdf_vlm,data/series/cii/ordinary-thefts-union-territories-cities__city.csv
cii/organisational-set-up-of-police-state-ut-wise__state-ut,cii,"Police Strength, Expenditure & Infrastructure",state-ut,Organisational Set-up of Police (State & UT-wise),2002,2013,12,2002 2003 2004 2005 2006 2007 2008 2009 2010 2011 2012 2013,14,pdf_text,data/series/cii/organisational-set-up-of-police-state-ut-wise__state-ut.csv
cii/particulars-of-juvenile-arrested-under-ipc-crimes-and-offences-under-local-special-laws,cii,Crime Survey,,Particulars of Juvenile Arrested under IPC Crimes and Offences under Local & Special Laws During 1979,1978,1979,2,1978 1979,2,pdf_vlm,data/series/cii/particulars-of-juvenile-arrested-under-ipc-crimes-and-offences-under-local-special-laws.csv
cii/particulars-of-juveniles-arrested-under-ipc-and-local-and-special-laws,cii,Crime Survey,,Particulars of Juveniles Arrested under IPC and Local and Special Laws During 1987,1984,1987,4,1984 1985 1986 1987,4,pdf_vlm,data/series/cii/particulars-of-juveniles-arrested-under-ipc-and-local-and-special-laws.csv
cii/percentage-disposal-of-cases-for-crimes-committed-against-children-by-courts,cii,Crime Against Children,,Percentage Disposal of Cases for Crimes Committed Against Children by Courts,2001,2013,13,2001 2002 2003 2004 2005 2006 2007 2008 2009 2010 2011 2012 2013,13,pdf_text,data/series/cii/percentage-disposal-of-cases-for-crimes-committed-against-children-by-courts.csv
cii/percentage-disposal-of-cases-for-crimes-committed-against-children-by-police,cii,Crime Against Children,,Percentage Disposal of cases for Crimes Committed Against Children by Police,2001,2013,13,2001 2002 2003 2004 2005 2006 2007 2008 2009 2010 2011 2012 2013,13,pdf_text,data/series/cii/percentage-disposal-of-cases-for-crimes-committed-against-children-by-police.csv
cii/percentage-disposal-of-cases-for-crimes-committed-against-scs-by-courts,cii,Crime Against Persons Belonging to SCs / STs,,Percentage Disposal of Cases for Crimes Committed Against SCs by Courts,2001,2013,13,2001 2002 2003 2004 2005 2006 2007 2008 2009 2010 2011 2012 2013,14,pdf_text,data/series/cii/percentage-disposal-of-cases-for-crimes-committed-against-scs-by-courts.csv
cii/percentage-disposal-of-cases-for-crimes-committed-against-scs-by-police,cii,Crime Against Persons Belonging to SCs / STs,,Percentage Disposal of Cases for Crimes Committed Against SCs by Police,2001,2013,12,2001 2002 2003 2004 2005 2006 2007 2008 2009 2011 2012 2013,13,pdf_text,data/series/cii/percentage-disposal-of-cases-for-crimes-committed-against-scs-by-police.csv
cii/percentage-disposal-of-cases-for-crimes-committed-against-sts-by-courts,cii,Crime Against Persons Belonging to SCs / STs,,Percentage Disposal of Cases for Crimes Committed Against STs by Courts,2001,2013,13,2001 2002 2003 2004 2005 2006 2007 2008 2009 2010 2011 2012 2013,14,pdf_text,data/series/cii/percentage-disposal-of-cases-for-crimes-committed-against-sts-by-courts.csv
cii/percentage-disposal-of-cases-for-crimes-committed-against-sts-by-police,cii,Crime Against Persons Belonging to SCs / STs,,Percentage Disposal of Cases for Crimes Committed Against STs by Police,2001,2013,13,2001 2002 2003 2004 2005 2006 2007 2008 2009 2010 2011 2012 2013,14,pdf_text,data/series/cii/percentage-disposal-of-cases-for-crimes-committed-against-sts-by-police.csv
cii/percentage-distribution-of-cognizable-crime-ipc-under-different-crime-heads,cii,Crime Survey,,Percentage Distribution of Cognizable Crime (IPC) Under Different Crime Heads (1994-1998),1991,1998,2,1991 1998,2,pdf_vlm,data/series/cii/percentage-distribution-of-cognizable-crime-ipc-under-different-crime-heads.csv
cii/percentage-distribution-of-cognizable-crimes-ipc-under-different-crime-heads,cii,Executive Summary,,Percentage distribution of Cognizable Crimes (IPC) under different Crime Heads (2009-2013),1988,2013,22,1988 1989 1990 1992 1993 1994 1995 1997 1999 2001 2002 2003 2004 2005 2006 2007 2008 2009 2010 2011 2012 2013,22,pdf_text pdf_vlm,data/series/cii/percentage-distribution-of-cognizable-crimes-ipc-under-different-crime-heads.csv
cii/percentage-distribution-of-cognizable-crimes-lsl-under-different-crime-heads,cii,Crime Survey,,Percentage Distribution of Cognizable Crimes (LSL) under Different Crime Heads 1988-1992,1989,1992,4,1989 1990 1991 1992,4,pdf_vlm,data/series/cii/percentage-distribution-of-cognizable-crimes-lsl-under-different-crime-heads.csv
cii/percentage-distribution-of-cognizable-crimes-sll-under-different-crime-heads,cii,Executive Summary,,Percentage Distribution of Cognizable Crimes (SLL) under Different Crime Heads (2009-2013),1994,2013,17,1994 1995 1997 1999 2001 2002 2003 2004 2005 2006 2007 2008 2009 2010 2011 2012 2013,17,pdf_text pdf_vlm,data/series/cii/percentage-distribution-of-cognizable-crimes-sll-under-different-crime-heads.csv
cii/percentage-distribution-of-crime-cases-under-local-special-laws-and-their-disposal-by-courts,cii,Crime Survey,,Percentage Distribution of Crime Cases under Local & Special Laws and their Disposal by Courts During 1987,1980,1987,3,1980 1981 1987,3,pdf_vlm,data/series/cii/percentage-distribution-of-crime-cases-under-local-special-laws-and-their-disposal-by-courts.csv
cii/percentage-distribution-of-crime-under-important-ipc-crime-heads,cii,Crime Survey,,Percentage Distribution of Crime under Important IPC Crime Heads During 1983-1987,1984,1987,3,1984 1985 1987,3,pdf_vlm,data/series/cii/percentage-distribution-of-crime-under-important-ipc-crime-heads.csv
cii/percentage-distribution-of-recidivism-in-india,cii,Crime Survey,,Percentage Distribution of Recidivism in India During 1987,1984,1987,3,1984 1985 1987,3,pdf_vlm,data/series/cii/percentage-distribution-of-recidivism-in-india.csv
cii/percentage-of-cases-not-investigated-cases-investigated-pending-investigation-to-total-cases-for-investigation,cii,Crime Survey,,"Percentage of Cases not Investigated, Cases Investigated, Pending Investigation to Total Cases for Investigation, Percentage of",1986,1987,2,1986 1987,2,pdf_vlm,data/series/cii/percentage-of-cases-not-investigated-cases-investigated-pending-investigation-to-total-cases-for-investigation.csv
cii/percentage-of-crime-cases-not-investigated-cases-investigated-pending-investigation-to-total-cases-for-investi,cii,Crime Survey,,"Percentage of Crime Cases not Investigated, Cases Investigated, Pending Investigation to Total Cases for Investigation, Percentage of Cases Charge-sheeted to Cases Investigated under Local and Special Laws During 1985",1984,1985,2,1984 1985,2,pdf_vlm,data/series/cii/percentage-of-crime-cases-not-investigated-cases-investigated-pending-investigation-to-total-cases-for-investi.csv
cii/percentage-of-crime-cases-under-ipc-disposed-of-by-the-police,cii,Crime Survey,,Percentage of Crime Cases under IPC Disposed of by the Police During 1987,1985,1987,2,1985 1987,2,pdf_vlm,data/series/cii/percentage-of-crime-cases-under-ipc-disposed-of-by-the-police.csv
cii/percentage-of-ipc-crime-cases-disposed-of-by-courts,cii,Crime Survey,,Percentage of IPC Crime Cases Disposed of by Courts During 1996,1990,1996,7,1990 1991 1992 1993 1994 1995 1996,7,pdf_vlm,data/series/cii/percentage-of-ipc-crime-cases-disposed-of-by-courts.csv
cii/percentage-of-ipc-crime-cases-disposed-of-by-courts-crime-head-wise,cii,Disposal of Cases by Police & Courts,,Percentage of IPC Crime Cases Disposed of by Courts (Crime Head-wise),2001,2013,11,2001 2002 2003 2004 2005 2006 2007 2008 2010 2011 2013,11,pdf_text,data/series/cii/percentage-of-ipc-crime-cases-disposed-of-by-courts-crime-head-wise.csv
cii/percentage-of-ipc-crime-cases-disposed-of-by-police,cii,Crime Survey,,Percentage of IPC Crime Cases Disposed of by Police During 1996,1988,1996,9,1988 1989 1990 1991 1992 1993 1994 1995 1996,9,pdf_vlm,data/series/cii/percentage-of-ipc-crime-cases-disposed-of-by-police.csv
cii/percentage-of-ipc-crime-cases-disposed-of-by-police-crime-head-wise,cii,Disposal of Cases by Police & Courts,,Percentage of IPC Crime Cases Disposed of by Police (Crime Head-wise),2001,2013,10,2001 2003 2004 2005 2006 2007 2008 2010 2011 2013,10,pdf_text,data/series/cii/percentage-of-ipc-crime-cases-disposed-of-by-police-crime-head-wise.csv
cii/percentage-of-lsl-crime-cases-disposed-of-by-courts,cii,Crime Survey,,Percentage of LSL Crime Cases Disposed of by Courts During 1992,1988,1992,5,1988 1989 1990 1991 1992,5,pdf_vlm,data/series/cii/percentage-of-lsl-crime-cases-disposed-of-by-courts.csv
cii/percentage-of-lsl-crime-cases-disposed-of-by-police,cii,Crime Survey,,Percentage of LSL Crime Cases Disposed of by Police During 1992,1988,1992,5,1988 1989 1990 1991 1992,5,pdf_vlm,data/series/cii/percentage-of-lsl-crime-cases-disposed-of-by-police.csv
cii/percentage-of-sll-crime-cases-disposed-of-by-courts,cii,Crime Survey,,Percentage of SLL Crime Cases Disposed of by Courts During 1996,1994,1996,3,1994 1995 1996,3,pdf_vlm,data/series/cii/percentage-of-sll-crime-cases-disposed-of-by-courts.csv
cii/percentage-of-sll-crime-cases-disposed-of-by-courts-crime-head-wise,cii,Disposal of Cases by Police & Courts,,Percentage of SLL Crime Cases Disposed of by Courts (Crime Head-wise),2001,2013,11,2001 2002 2003 2004 2005 2006 2007 2008 2010 2011 2013,11,pdf_text,data/series/cii/percentage-of-sll-crime-cases-disposed-of-by-courts-crime-head-wise.csv
cii/percentage-of-sll-crime-cases-disposed-of-by-police,cii,Crime Survey,,Percentage of SLL Crime Cases Disposed of by Police During 1996,1994,1996,3,1994 1995 1996,3,pdf_vlm,data/series/cii/percentage-of-sll-crime-cases-disposed-of-by-police.csv
cii/percentage-of-sll-crime-cases-disposed-of-by-police-crime-head-wise,cii,Disposal of Cases by Police & Courts,,Percentage of SLL Crime Cases Disposed of by Police (Crime Head-wise),2001,2013,11,2001 2002 2003 2004 2005 2006 2007 2008 2010 2011 2013,11,pdf_text,data/series/cii/percentage-of-sll-crime-cases-disposed-of-by-police-crime-head-wise.csv
cii/period-of-cases-pending-trial-under-ipc,cii,Disposal of Cases By Courts (States/UTs),,Period of Cases Pending Trial under IPC- 2023,2017,2023,7,2017 2018 2019 2020 2021 2022 2023,7,pdf_text,data/series/cii/period-of-cases-pending-trial-under-ipc.csv
cii/period-of-cases-pending-trial-under-sll-crimes,cii,Disposal of Cases By Courts (States/UTs),,Period of Cases Pending Trial under SLL Crimes- 2024,2017,2024,8,2017 2018 2019 2020 2021 2022 2023 2024,8,pdf_text,data/series/cii/period-of-cases-pending-trial-under-sll-crimes.csv
cii/period-of-ipc-cases-pending-investigation,cii,Disposal of Cases By Police (States/UTs),,Period of IPC-Cases Pending Investigation - 2023,2017,2023,7,2017 2018 2019 2020 2021 2022 2023,7,pdf_text,data/series/cii/period-of-ipc-cases-pending-investigation.csv
cii/period-of-sll-cases-pending-investigation,cii,Disposal of Cases By Police (States/UTs),,Period of SLL-Cases Pending Investigation - 2024,2017,2024,8,2017 2018 2019 2020 2021 2022 2023 2024,8,pdf_text,data/series/cii/period-of-sll-cases-pending-investigation.csv
cii/persons-appendix-vi-27,cii,,,PERSONS Appendix—VI 27,1956,1959,2,1956 1959,2,pdf_vlm,data/series/cii/persons-appendix-vi-27.csv
cii/persons-arrested-by-sex-under-ipc,cii,Crime Survey,,Persons Arrested by Sex under IPC During 1987,1984,1987,4,1984 1985 1986 1987,4,pdf_vlm,data/series/cii/persons-arrested-by-sex-under-ipc.csv
cii/persons-arrested-for-committing-cognizable-crimes-under-ipc-and-the-percentage-variation,cii,Crime Survey,,Persons Arrested for Committing Cognizable Crimes under IPC During 1986 & 1987 and the Percentage Variation in 1987 Over 1986,1984,1987,3,1984 1985 1987,3,pdf_ocr pdf_vlm,data/series/cii/persons-arrested-for-committing-cognizable-crimes-under-ipc-and-the-percentage-variation.csv
cii/persons-arrested-for-total-ipc-crimes-by-sex-state-ut-wise__state-ut,cii,Arrests and Trials,state-ut,Persons Arrested for Total IPC Crimes by Sex (State & UT-wise),2003,2013,11,2003 2004 2005 2006 2007 2008 2009 2010 2011 2012 2013,11,pdf_text,data/series/cii/persons-arrested-for-total-ipc-crimes-by-sex-state-ut-wise__state-ut.csv
cii/persons-arrested-for-total-sll-crimes-by-sex-state-ut-wise__state-ut,cii,Arrests and Trials,state-ut,Persons Arrested for Total SLL Crimes by Sex (State & UT-wise),2003,2013,11,2003 2004 2005 2006 2007 2008 2009 2010 2011 2012 2013,11,pdf_text,data/series/cii/persons-arrested-for-total-sll-crimes-by-sex-state-ut-wise__state-ut.csv
cii/persons-arrested-per-case-under-ipc-and-lsl-crimes,cii,Crime Survey,,Persons Arrested per Case under IPC and LSL Crimes 1988-1992,1988,1992,5,1988 1989 1990 1991 1992,5,pdf_ocr pdf_vlm,data/series/cii/persons-arrested-per-case-under-ipc-and-lsl-crimes.csv
cii/persons-arrested-per-case-under-ipc-and-sll-crimes,cii,Arrests and Trials,,Persons Arrested per Case under IPC and SLL Crimes (2009-2013),1998,2013,13,1998 2002 2003 2004 2005 2006 2007 2008 2009 2010 2011 2012 2013,13,pdf_text pdf_vlm,data/series/cii/persons-arrested-per-case-under-ipc-and-sll-crimes.csv
cii/persons-arrested-per-case-under-ipc-crime-and-offences-under-local-and-special-laws,cii,Crime Survey,,Persons Arrested per Case under IPC Crime and Offences under Local and Special Laws,1985,1986,2,1985 1986,2,pdf_vlm,data/series/cii/persons-arrested-per-case-under-ipc-crime-and-offences-under-local-and-special-laws.csv
cii/persons-arrested-per-case-under-ipc-crimes-and-offences-under-local-special-laws,cii,Crime Survey,,Persons Arrested per Case under IPC Crimes and Offences under Local & Special Laws,1982,1983,2,1982 1983,2,pdf_vlm,data/series/cii/persons-arrested-per-case-under-ipc-crimes-and-offences-under-local-special-laws.csv
cii/persons-arrested-per-case-under-ipc-sll-crimes,cii,Crime Survey,,Persons Arrested per Case Under IPC & SLL Crimes (1993-1997),1994,1997,2,1994 1997,2,pdf_vlm,data/series/cii/persons-arrested-per-case-under-ipc-sll-crimes.csv
cii/persons-arrested-under-antiquities-art-treasures-act,cii,Special and Local Laws (SLL),,Persons Arrested under Antiquities & Art Treasures Act During 2001-2015,2012,2015,2,2012 2015,2,excel,data/series/cii/persons-arrested-under-antiquities-art-treasures-act.csv
cii/persons-arrested-under-arms-act,cii,Special and Local Laws (SLL),,Persons Arrested under Arms Act During 2001-2015,2012,2015,2,2012 2015,2,excel,data/series/cii/persons-arrested-under-arms-act.csv
cii/persons-arrested-under-arson,cii,Indian Penal Code (IPC),,PERSONS ARRESTED UNDER ARSON DURING 2001-2015,2012,2015,2,2012 2015,2,excel,data/series/cii/persons-arrested-under-arson.csv
cii/persons-arrested-under-assault-on-women-with-intent-to-outrage-her-modesty,cii,Crime against Women,,PERSONS ARRESTED UNDER ASSAULT ON WOMEN WITH INTENT TO OUTRAGE HER MODESTY DURING 2001-2015,2012,2015,2,2012 2015,4,excel,data/series/cii/persons-arrested-under-assault-on-women-with-intent-to-outrage-her-modesty.csv
cii/persons-arrested-under-attempt-to-commit-murder,cii,Indian Penal Code (IPC),,PERSONS ARRESTED UNDER ATTEMPT TO COMMIT MURDER DURING 2001-2015,2012,2015,2,2012 2015,2,excel,data/series/cii/persons-arrested-under-attempt-to-commit-murder.csv
cii/persons-arrested-under-burglary,cii,Indian Penal Code (IPC),,PERSONS ARRESTED UNDER BURGLARY DURING 2001-2015,2012,2015,2,2012 2015,2,excel,data/series/cii/persons-arrested-under-burglary.csv
cii/persons-arrested-under-c-h-not-amounting-to-murder,cii,Indian Penal Code (IPC),,PERSONS ARRESTED UNDER C.H. NOT AMOUNTING TO MURDER DURING 2001-2015,2012,2015,2,2012 2015,2,excel,data/series/cii/persons-arrested-under-c-h-not-amounting-to-murder.csv
cii/persons-arrested-under-causing-death-by-negligence,cii,Indian Penal Code (IPC),,PERSONS ARRESTED UNDER CAUSING DEATH BY NEGLIGENCE DURING 2001-2015,2012,2015,2,2012 2015,2,excel,data/series/cii/persons-arrested-under-causing-death-by-negligence.csv
cii/persons-arrested-under-cheating,cii,Indian Penal Code (IPC),,PERSONS ARRESTED UNDER CHEATING DURING 2001-2015,2012,2015,2,2012 2015,2,excel,data/series/cii/persons-arrested-under-cheating.csv
cii/persons-arrested-under-counterfeting,cii,Indian Penal Code (IPC),,PERSONS ARRESTED UNDER COUNTERFETING DURING 2001-2015,2012,2015,2,2012 2015,2,excel,data/series/cii/persons-arrested-under-counterfeting.csv
cii/persons-arrested-under-criminal-breach-of-trust,cii,Indian Penal Code (IPC),,PERSONS ARRESTED UNDER CRIMINAL BREACH OF TRUST DURING 2001-2015,2012,2015,2,2012 2015,2,excel,data/series/cii/persons-arrested-under-criminal-breach-of-trust.csv
cii/persons-arrested-under-cruelty-by-husband-or-his-relatives,cii,Indian Penal Code (IPC),,PERSONS ARRESTED UNDER CRUELTY BY HUSBAND OR HIS RELATIVES DURING 2001-2015,2012,2015,2,2012 2015,2,excel,data/series/cii/persons-arrested-under-cruelty-by-husband-or-his-relatives.csv
cii/persons-arrested-under-custodial-rape-and-their-disposal-by-police-and-courts,cii,Crime Survey,,Persons Arrested Under Custodial Rape and Their Disposal by Police and Courts During 1999,1997,1999,2,1997 1999,2,pdf_vlm,data/series/cii/persons-arrested-under-custodial-rape-and-their-disposal-by-police-and-courts.csv
cii/persons-arrested-under-custodial-rape-and-their-disposal-by-police-and-courts-state-ut-wise__state-ut,cii,Custodial Crimes (in Police custody),state-ut,Persons Arrested under Custodial Rape and their Disposal by Police and Courts (State & UT-wise),2001,2013,13,2001 2002 2003 2004 2005 2006 2007 2008 2009 2010 2011 2012 2013,13,pdf_text,data/series/cii/persons-arrested-under-custodial-rape-and-their-disposal-by-police-and-courts-state-ut-wise__state-ut.csv
cii/persons-arrested-under-cyber-crimes-by-age-group-crime-head-wise,cii,Cyber Crimes,,Persons Arrested under Cyber Crimes by Age-group (Crime Head-wise),2002,2013,12,2002 2003 2004 2005 2006 2007 2008 2009 2010 2011 2012 2013,12,pdf_text,data/series/cii/persons-arrested-under-cyber-crimes-by-age-group-crime-head-wise.csv
cii/persons-arrested-under-dacoity,cii,Indian Penal Code (IPC),,PERSONS ARRESTED UNDER DACOITY DURING 2001-2015,2012,2015,2,2012 2015,2,excel,data/series/cii/persons-arrested-under-dacoity.csv
cii/persons-arrested-under-different-ipc-crimes-by-sex-in-states-uts-cities__city,cii,Crime Survey,city,"Persons Arrested Under Different IPC Crimes By Sex in States, UTs & Cities During 1999",1989,1999,8,1989 1992 1993 1995 1996 1997 1998 1999,8,pdf_ocr pdf_vlm,data/series/cii/persons-arrested-under-different-ipc-crimes-by-sex-in-states-uts-cities__city.csv
cii/persons-arrested-under-different-lsl-crimes-and-percentage-variation-crime-head-wise,cii,Crime Survey,,Persons Arrested under Different LSL Crimes During 1992 and Percentage Variation in 1992 over 1991 (Crime-Head Wise),1988,1992,5,1988 1989 1990 1991 1992,5,pdf_vlm,data/series/cii/persons-arrested-under-different-lsl-crimes-and-percentage-variation-crime-head-wise.csv
cii/persons-arrested-under-different-lsl-crimes-by-sex-in-states-uts-cities__city,cii,Crime Survey,city,"Persons Arrested under Different LSL Crimes by Sex in States, UTs & Cities During 1992",1988,1992,5,1988 1989 1990 1991 1992,5,pdf_ocr pdf_vlm,data/series/cii/persons-arrested-under-different-lsl-crimes-by-sex-in-states-uts-cities__city.csv
cii/persons-arrested-under-different-sll-crimes-and-percentage-variation-crime-head-wise,cii,Crime Survey,,Persons Arrested Under Different SLL Crimes During 1999 and Percentage Variation in 1999 over 1998 (Crime-Head Wise),1994,1999,5,1994 1995 1997 1998 1999,5,pdf_vlm,data/series/cii/persons-arrested-under-different-sll-crimes-and-percentage-variation-crime-head-wise.csv
cii/persons-arrested-under-different-sll-crimes-by-sex-in-states-uts-cities__city,cii,Crime Survey,city,"Persons Arrested Under Different SLL Crimes by Sex in States, UTs & Cities During 1999",1994,1999,3,1994 1995 1999,3,pdf_vlm,data/series/cii/persons-arrested-under-different-sll-crimes-by-sex-in-states-uts-cities__city.csv
cii/persons-arrested-under-dowry-deaths,cii,Crime against Women,,PERSONS ARRESTED UNDER DOWRY DEATHS DURING 2001-2015,2012,2015,2,2012 2015,4,excel,data/series/cii/persons-arrested-under-dowry-deaths.csv
cii/persons-arrested-under-dowry-prohibition-act,cii,Crime against Women,,Persons Arrested under Dowry Prohibition Act During 2001-2015,2012,2015,2,2012 2015,4,excel,data/series/cii/persons-arrested-under-dowry-prohibition-act.csv
cii/persons-arrested-under-essential-commodities-act,cii,Special and Local Laws (SLL),,Persons Arrested under Essential Commodities Act During 2001-2015,2012,2015,2,2012 2015,2,excel,data/series/cii/persons-arrested-under-essential-commodities-act.csv
cii/persons-arrested-under-excise-act,cii,Special and Local Laws (SLL),,Persons Arrested under Excise Act During 2001-2015,2012,2015,2,2012 2015,2,excel,data/series/cii/persons-arrested-under-excise-act.csv
cii/persons-arrested-under-forest-act,cii,Special and Local Laws (SLL),,Persons Arrested under Forest Act During 2001-2015,2012,2015,2,2012 2015,2,excel,data/series/cii/persons-arrested-under-forest-act.csv
cii/persons-arrested-under-gambling-act,cii,Special and Local Laws (SLL),,Persons Arrested under Gambling Act During 2001-2015,2012,2015,2,2012 2015,2,excel,data/series/cii/persons-arrested-under-gambling-act.csv
cii/persons-arrested-under-hurt-grevious-hurt,cii,Indian Penal Code (IPC),,PERSONS ARRESTED UNDER HURT/GREVIOUS HURT DURING 2001-2015,2012,2015,2,2012 2015,2,excel,data/series/cii/persons-arrested-under-hurt-grevious-hurt.csv
cii/persons-arrested-under-i-p-c-crimes-by-sex,cii,Crime Survey,,Persons Arrested under I.P.C. Crimes by Sex During 1982,1975,1982,5,1975 1977 1978 1979 1982,5,pdf_vlm,data/series/cii/persons-arrested-under-i-p-c-crimes-by-sex.csv
cii/persons-arrested-under-i-t-act-by-age-group-state-ut-wise__state-ut,cii,Cyber Crimes,state-ut,Persons Arrested under I.T. Act by Age-group (State & UT-wise),2002,2013,12,2002 2003 2004 2005 2006 2007 2008 2009 2010 2011 2012 2013,12,pdf_text,data/series/cii/persons-arrested-under-i-t-act-by-age-group-state-ut-wise__state-ut.csv
cii/persons-arrested-under-immoral-traffic-prevention-act,cii,Special and Local Laws (SLL),,Persons Arrested under Immoral Traffic (Prevention) Act During 2001-2015,2012,2015,2,2012 2015,2,excel,data/series/cii/persons-arrested-under-immoral-traffic-prevention-act.csv
cii/persons-arrested-under-importation-of-girls-from-foreign-country,cii,Crime against Women,,PERSONS ARRESTED UNDER IMPORTATION OF GIRLS FROM FOREIGN COUNTRY DURING 2001-2015,2012,2015,2,2012 2015,4,excel,data/series/cii/persons-arrested-under-importation-of-girls-from-foreign-country.csv
cii/persons-arrested-under-indian-railways-act,cii,Special and Local Laws (SLL),,Persons Arrested under Indian Railways Act During 2001-2015,2012,2015,2,2012 2015,2,excel,data/series/cii/persons-arrested-under-indian-railways-act.csv
cii/persons-arrested-under-insult-to-the-modesty-of-women,cii,Crime against Women,,PERSONS ARRESTED UNDER INSULT TO THE MODESTY OF WOMEN DURING 2001-2015,2012,2015,2,2012 2015,4,excel,data/series/cii/persons-arrested-under-insult-to-the-modesty-of-women.csv
cii/persons-arrested-under-ipc-and-lsl-crimes-by-age-groups-and-sex,cii,Crime Survey,,Persons Arrested under IPC and LSL Crimes by Age Groups and Sex During 1992,1988,1992,4,1988 1989 1991 1992,4,pdf_vlm,data/series/cii/persons-arrested-under-ipc-and-lsl-crimes-by-age-groups-and-sex.csv
cii/persons-arrested-under-ipc-and-sll-crimes-by-age-group-and-sex-all-india__all-india,cii,Arrests and Trials,all-india,Persons Arrested under IPC and SLL Crimes by Age Group and Sex (All-India),2001,2013,13,2001 2002 2003 2004 2005 2006 2007 2008 2009 2010 2011 2012 2013,13,pdf_text,data/series/cii/persons-arrested-under-ipc-and-sll-crimes-by-age-group-and-sex-all-india__all-india.csv
cii/persons-arrested-under-ipc-and-sll-crimes-by-age-groups-and-sex,cii,Crime Survey,,Persons Arrested Under IPC and SLL Crimes by Age Groups and Sex During 1998,1994,1998,3,1994 1995 1998,3,pdf_vlm,data/series/cii/persons-arrested-under-ipc-and-sll-crimes-by-age-groups-and-sex.csv
cii/persons-arrested-under-ipc-by-age-and-sex-state-ut-wise__state-ut,cii,"Arrests, Convictions & Acquittals of Persons (States/UTs)",state-ut,Persons Arrested under IPC by Age and Sex (State/UT-wise) - 2023,2017,2023,7,2017 2018 2019 2020 2021 2022 2023,7,pdf_text,data/series/cii/persons-arrested-under-ipc-by-age-and-sex-state-ut-wise__state-ut.csv
cii/persons-arrested-under-ipc-crime-heads-by-sex,cii,Crime Survey,,Persons Arrested under IPC Crime Heads (by Sex) During 1987,1978,1987,4,1978 1984 1985 1987,4,pdf_vlm,data/series/cii/persons-arrested-under-ipc-crime-heads-by-sex.csv
cii/persons-arrested-under-ipc-crime-heads-persons-arrested-under-ipc-crime-heads-by-sex,cii,Crime Survey,,Persons Arrested under IPC Crime Heads; Persons Arrested under IPC Crime Heads (by Sex) During 1982,1979,1982,2,1979 1982,2,pdf_vlm,data/series/cii/persons-arrested-under-ipc-crime-heads-persons-arrested-under-ipc-crime-heads-by-sex.csv
cii/persons-arrested-under-ipc-crimes-and-percentage-variation,cii,Crime Survey,,Persons Arrested Under IPC Crimes During 1999 and Percentage Variation in 1999 over 1998,1997,1999,2,1997 1999,2,pdf_vlm,data/series/cii/persons-arrested-under-ipc-crimes-and-percentage-variation.csv
cii/persons-arrested-under-ipc-crimes-and-percentage-variation-crime-head-wise,cii,Crime Survey,,Persons Arrested under IPC Crimes During 1995 and Percentage Variation in 1995 over 1994 (Crime-Head Wise),1988,1995,8,1988 1989 1990 1991 1992 1993 1994 1995,8,pdf_vlm,data/series/cii/persons-arrested-under-ipc-crimes-and-percentage-variation-crime-head-wise.csv
cii/persons-arrested-under-ipc-crimes-and-percentage-variation-over-previous-year-crime-head-wise-all-india__all-india,cii,Arrests and Trials,all-india,Persons Arrested under IPC Crimes and Percentage Variation over Previous Year (Crime Head-wise) (All-India),2001,2013,13,2001 2002 2003 2004 2005 2006 2007 2008 2009 2010 2011 2012 2013,13,pdf_text,data/series/cii/persons-arrested-under-ipc-crimes-and-percentage-variation-over-previous-year-crime-head-wise-all-india__all-india.csv
cii/persons-arrested-under-ipc-crimes-and-percentage-variation-over-previous-year-state-ut-wise__state-ut,cii,Arrests and Trials,state-ut,Persons Arrested under IPC Crimes and Percentage Variation over Previous Year (State & UT-wise),2002,2013,12,2002 2003 2004 2005 2006 2007 2008 2009 2010 2011 2012 2013,12,pdf_text,data/series/cii/persons-arrested-under-ipc-crimes-and-percentage-variation-over-previous-year-state-ut-wise__state-ut.csv
cii/persons-arrested-under-ipc-crimes-and-percentage-variation-state-ut-city-wise__state-ut-city,cii,Crime Survey,state-ut-city,"Persons Arrested Under IPC Crimes During 1999 and Percentage Variation in 1999 over 1998 (State, UT & City-Wise)",1988,1999,9,1988 1989 1990 1991 1992 1993 1994 1997 1999,9,pdf_ocr pdf_vlm,data/series/cii/persons-arrested-under-ipc-crimes-and-percentage-variation-state-ut-city-wise__state-ut-city.csv
cii/persons-arrested-under-ipc-crimes-crime-head-gender-wise-all-india__all-india,cii,Arrests and Trials,all-india,Persons Arrested under IPC Crimes (Crime Head & Gender-wise) (All-India),2002,2013,12,2002 2003 2004 2005 2006 2007 2008 2009 2010 2011 2012 2013,12,pdf_text,data/series/cii/persons-arrested-under-ipc-crimes-crime-head-gender-wise-all-india__all-india.csv
cii/persons-arrested-under-ipc-crimes-crime-head-sex-wise,cii,Crime Survey,,Persons Arrested Under IPC Crimes During 1996 (Crime-Head & Sex- Wise),1988,1996,9,1988 1989 1990 1991 1992 1993 1994 1995 1996,9,pdf_vlm,data/series/cii/persons-arrested-under-ipc-crimes-crime-head-sex-wise.csv
cii/persons-arrested-under-ipc-crimes-crime-head-wise-sex-wise,cii,Crime Survey,,Persons Arrested Under IPC Crimes During 1998 (Crime Head-Wise & Sex-Wise),1997,1998,2,1997 1998,2,pdf_vlm,data/series/cii/persons-arrested-under-ipc-crimes-crime-head-wise-sex-wise.csv
cii/persons-arrested-under-ipc-sections-of-cyber-crimes-by-age-group-state-ut-wise__state-ut,cii,Cyber Crimes,state-ut,Persons Arrested under IPC Sections of Cyber Crimes by Age-group (State & UT-wise),2002,2013,12,2002 2003 2004 2005 2006 2007 2008 2009 2010 2011 2012 2013,12,pdf_text,data/series/cii/persons-arrested-under-ipc-sections-of-cyber-crimes-by-age-group-state-ut-wise__state-ut.csv
cii/persons-arrested-under-ipc-sll-crimes-by-age-groups-and-sex,cii,Crime Survey,,Persons Arrested Under IPC & SLL Crimes by Age Groups and Sex During 1997,1996,1997,2,1996 1997,2,pdf_vlm,data/series/cii/persons-arrested-under-ipc-sll-crimes-by-age-groups-and-sex.csv
cii/persons-arrested-under-kidnapping-abduction,cii,Crime against Women,,PERSONS ARRESTED UNDER KIDNAPPING & ABDUCTION DURING 2001-2015,2012,2015,2,2012 2015,4,excel,data/series/cii/persons-arrested-under-kidnapping-abduction.csv
cii/persons-arrested-under-local-and-special-laws,cii,Crime Survey,,Persons Arrested under Local and Special Laws During 1986,1975,1986,6,1975 1977 1978 1982 1985 1986,9,pdf_ocr pdf_vlm,data/series/cii/persons-arrested-under-local-and-special-laws.csv
cii/persons-arrested-under-local-and-special-laws-crime-head-sex-wise,cii,Crime Survey,,Persons Arrested under Local and Special Laws During 1992 (Crime-Head & Sex-wise),1988,1992,5,1988 1989 1990 1991 1992,5,pdf_vlm,data/series/cii/persons-arrested-under-local-and-special-laws-crime-head-sex-wise.csv
cii/persons-arrested-under-local-special-laws,cii,Crime Survey,,Persons Arrested under Local & Special Laws During 1987,1976,1987,5,1976 1982 1983 1984 1987,7,pdf_ocr pdf_vlm,data/series/cii/persons-arrested-under-local-special-laws.csv
cii/persons-arrested-under-murder,cii,Indian Penal Code (IPC),,PERSONS ARRESTED UNDER MURDER DURING 2001-2015,2012,2015,2,2012 2015,2,excel,data/series/cii/persons-arrested-under-murder.csv
cii/persons-arrested-under-other-ipc-crimes,cii,Indian Penal Code (IPC),,PERSONS ARRESTED UNDER OTHER IPC CRIMES DURING 2001-2015,2012,2015,2,2012 2015,2,excel,data/series/cii/persons-arrested-under-other-ipc-crimes.csv
cii/persons-arrested-under-other-sll-crimes,cii,Special and Local Laws (SLL),,Persons Arrested under Other SLL Crimes During 2001-2015,2012,2015,2,2012 2015,2,excel,data/series/cii/persons-arrested-under-other-sll-crimes.csv
cii/persons-arrested-under-preparation-and-assembly-for-dacoity,cii,Indian Penal Code (IPC),,PERSONS ARRESTED UNDER PREPARATION AND ASSEMBLY FOR DACOITY DURING 2001-2015,2012,2015,2,2012 2015,2,excel,data/series/cii/persons-arrested-under-preparation-and-assembly-for-dacoity.csv
cii/persons-arrested-under-prohibition-act,cii,Special and Local Laws (SLL),,Persons Arrested under Prohibition Act During 2001-2015,2012,2015,2,2012 2015,2,excel,data/series/cii/persons-arrested-under-prohibition-act.csv
cii/persons-arrested-under-prohibition-of-child-marriage-act,cii,Special and Local Laws (SLL),,Persons Arrested under Prohibition of Child Marriage Act During 2001-2015,2012,2015,2,2012 2015,2,excel,data/series/cii/persons-arrested-under-prohibition-of-child-marriage-act.csv
cii/persons-arrested-under-protection-of-civil-rights-act,cii,Special and Local Laws (SLL),,Persons Arrested under Protection of Civil Rights Act During 2001-2015,2012,2015,2,2012 2015,2,excel,data/series/cii/persons-arrested-under-protection-of-civil-rights-act.csv
cii/persons-arrested-under-rape,cii,Crime against Women,,PERSONS ARRESTED UNDER RAPE DURING 2001-2015,2012,2015,2,2012 2015,4,excel,data/series/cii/persons-arrested-under-rape.csv
cii/persons-arrested-under-registration-of-foreigners-act,cii,Special and Local Laws (SLL),,Persons Arrested under Registration of Foreigners Act During 2001-2015,2012,2015,2,2012 2015,2,excel,data/series/cii/persons-arrested-under-registration-of-foreigners-act.csv
cii/persons-arrested-under-riots,cii,Indian Penal Code (IPC),,PERSONS ARRESTED UNDER RIOTS DURING 2001-2015,2012,2015,2,2012 2015,2,excel,data/series/cii/persons-arrested-under-riots.csv
cii/persons-arrested-under-robbery,cii,Indian Penal Code (IPC),,PERSONS ARRESTED UNDER ROBBERY DURING 2001-2015,2012,2015,2,2012 2015,2,excel,data/series/cii/persons-arrested-under-robbery.csv
cii/persons-arrested-under-sc-st-prevention-of-atrocities-act,cii,Special and Local Laws (SLL),,Persons Arrested under SC/ST (Prevention of Atrocities) Act During 2001-2015,2012,2015,2,2012 2015,2,excel,data/series/cii/persons-arrested-under-sc-st-prevention-of-atrocities-act.csv
cii/persons-arrested-under-sll-crimes-and-percentage-variation-over-previous-year-crime-head-wise-all-india__all-india,cii,Arrests and Trials,all-india,Persons Arrested under SLL Crimes and Percentage Variation over Previous Year (Crime Head-wise) (All-India),2001,2013,13,2001 2002 2003 2004 2005 2006 2007 2008 2009 2010 2011 2012 2013,13,pdf_text,data/series/cii/persons-arrested-under-sll-crimes-and-percentage-variation-over-previous-year-crime-head-wise-all-india__all-india.csv
cii/persons-arrested-under-sll-crimes-crime-head-sex-wise-all-india__all-india,cii,Arrests and Trials,all-india,Persons Arrested under SLL Crimes (Crime Head & Sex-wise) (All-India),2001,2013,13,2001 2002 2003 2004 2005 2006 2007 2008 2009 2010 2011 2012 2013,13,pdf_text,data/series/cii/persons-arrested-under-sll-crimes-crime-head-sex-wise-all-india__all-india.csv
cii/persons-arrested-under-special-and-local-laws-sll-crime-head-sex-wise,cii,Crime Survey,,Persons Arrested Under Special and Local Laws (SLL) During 1996 (Crime-Head & Sex-Wise),1994,1996,2,1994 1996,2,pdf_vlm,data/series/cii/persons-arrested-under-special-and-local-laws-sll-crime-head-sex-wise.csv
cii/persons-arrested-under-special-local-laws-sll-crime-head-sex-wise,cii,Crime Survey,,Persons Arrested Under Special & Local Laws (SLL) During 1998 (Crime - Head & Sex-Wise),1997,1998,2,1997 1998,2,pdf_vlm,data/series/cii/persons-arrested-under-special-local-laws-sll-crime-head-sex-wise.csv
cii/persons-arrested-under-the-ipc-crime-heads,cii,Crime Survey,,Persons Arrested under the IPC Crime Heads,1984,1987,3,1984 1985 1987,3,pdf_ocr pdf_vlm,data/series/cii/persons-arrested-under-the-ipc-crime-heads.csv
cii/persons-arrested-under-theft,cii,Indian Penal Code (IPC),,PERSONS ARRESTED UNDER THEFT DURING 2001-2015,2012,2015,2,2012 2015,2,excel,data/series/cii/persons-arrested-under-theft.csv
cii/persons-arrested-under-total-crimes-against-women,cii,Crime against Women,,Persons Arrested under Total Crimes Against Women during 2001-2015,2012,2015,2,2012 2015,3,excel,data/series/cii/persons-arrested-under-total-crimes-against-women.csv
cii/persons-arrested-under-total-ipc-crimes,cii,Indian Penal Code (IPC),,PERSONS ARRESTED UNDER TOTAL IPC CRIMES DURING 2001-2015,2012,2015,2,2012 2015,2,excel,data/series/cii/persons-arrested-under-total-ipc-crimes.csv
cii/persons-arrested-under-various-sections-of-cr-pc,cii,"Arrests, Convictions & Acquittals of Persons (States/UTs)",,Persons Arrested under Various Sections of Cr. PC - 2023,2017,2023,7,2017 2018 2019 2020 2021 2022 2023,7,pdf_text,data/series/cii/persons-arrested-under-various-sections-of-cr-pc.csv
cii/persons-disposal-under-crimes-against-children,cii,States/UTs,,Persons Disposal under Crimes against Children during 2022,2021,2022,2,2021 2022,2,excel,data/series/cii/persons-disposal-under-crimes-against-children.csv
cii/persons-disposal-under-crimes-against-foreigners,cii,States/UTs,,Persons Disposal under Crimes against Foreigners during 2022,2021,2022,2,2021 2022,2,excel,data/series/cii/persons-disposal-under-crimes-against-foreigners.csv
cii/persons-disposal-under-crimes-against-scs,cii,States/UTs,,Persons Disposal under Crimes against SCs during 2022,2021,2022,2,2021 2022,2,excel,data/series/cii/persons-disposal-under-crimes-against-scs.csv
cii/persons-disposal-under-crimes-against-senior-citizen,cii,States/UTs,,Persons Disposal under Crimes against Senior Citizen during 2022,2021,2022,2,2021 2022,2,excel,data/series/cii/persons-disposal-under-crimes-against-senior-citizen.csv
cii/persons-disposal-under-crimes-against-sts,cii,States/UTs,,Persons Disposal under Crimes against STs during 2022,2021,2022,2,2021 2022,2,excel,data/series/cii/persons-disposal-under-crimes-against-sts.csv
cii/persons-disposal-under-crimes-against-women,cii,States/UTs,,Persons Disposal under Crimes against Women during 2022,2019,2022,3,2019 2021 2022,8,excel,data/series/cii/persons-disposal-under-crimes-against-women.csv
cii/persons-disposal-under-crimes-committed-by-foreigners,cii,States/UTs,,Persons Disposal under Crimes Committed by Foreigners during 2022,2019,2022,3,2019 2021 2022,5,excel,data/series/cii/persons-disposal-under-crimes-committed-by-foreigners.csv
cii/persons-disposal-under-ipc-and-sll-crimes,cii,States/UTs,,Persons Disposal under IPC and SLL Crimes during 2022,2019,2022,3,2019 2021 2022,5,excel,data/series/cii/persons-disposal-under-ipc-and-sll-crimes.csv
cii/persons-killed-or-injured-in-police-firing-and-police-lathi-charge-event-wise,cii,Police Firing & Casualties,,Persons Killed or Injured in Police Firing and Police Lathi-Charge During 2015 (Event- Wise),2014,2015,2,2014 2015,2,pdf_text,data/series/cii/persons-killed-or-injured-in-police-firing-and-police-lathi-charge-event-wise.csv
cii/persons-killed-or-injured-in-police-firing-state-ut-wise__state-ut,cii,Police Firing & Casualties,state-ut,Persons Killed or Injured in Police Firing During 2015 (State/UT-Wise),2014,2015,2,2014 2015,2,pdf_text,data/series/cii/persons-killed-or-injured-in-police-firing-state-ut-wise__state-ut.csv
cii/persons-killed-or-injured-in-police-lathi-charge-state-ut-wise__state-ut,cii,Police Firing & Casualties,state-ut,Persons Killed or Injured In Police Lathi-Charge During 2015 (State/UT-Wise),2014,2015,2,2014 2015,2,pdf_text,data/series/cii/persons-killed-or-injured-in-police-lathi-charge-state-ut-wise__state-ut.csv
cii/persons-killed-or-injured-under-police-firing-event-wise,cii,Crime Survey,,Persons Killed Or Injured Under Police Firing During 1999 (Event-Wise),1988,1999,12,1988 1989 1990 1991 1992 1993 1994 1995 1996 1997 1998 1999,12,pdf_vlm,data/series/cii/persons-killed-or-injured-under-police-firing-event-wise.csv
cii/persons-killed-or-injured-under-police-firing-event-wise-all-india__all-india,cii,"Police Firing , Persons Killed and Injured",all-india,Persons Killed or Injured under Police Firing (Event-wise) (All-India),2001,2014,14,2001 2002 2003 2004 2005 2006 2007 2008 2009 2010 2011 2012 2013 2014,17,pdf_text,data/series/cii/persons-killed-or-injured-under-police-firing-event-wise-all-india__all-india.csv
cii/persons-killed-or-injured-under-police-firing-state-ut-city-wise__state-ut-city,cii,Crime Survey,state-ut-city,"Persons Killed or Injured under Police Firing (State, UT & City wise)",1988,2001,10,1988 1989 1990 1991 1992 1993 1994 1995 1997 2001,11,pdf_ocr pdf_text pdf_vlm,data/series/cii/persons-killed-or-injured-under-police-firing-state-ut-city-wise__state-ut-city.csv
cii/persons-killed-or-injured-under-police-firing-state-ut-wise__state-ut,cii,"Police Firing , Persons Killed and Injured",state-ut,Persons Killed or Injured under Police Firing (State & UT wise),2002,2014,13,2002 2003 2004 2005 2006 2007 2008 2009 2010 2011 2012 2013 2014,15,pdf_text,data/series/cii/persons-killed-or-injured-under-police-firing-state-ut-wise__state-ut.csv
cii/police-and-court-disposal-of-cases-of-human-trafficking,cii,Human Trafficking,,Police and Court Disposal of Cases of Human Trafficking – 2024,2016,2024,9,2016 2017 2018 2019 2020 2021 2022 2023 2024,9,pdf_text,data/series/cii/police-and-court-disposal-of-cases-of-human-trafficking.csv
cii/police-and-court-disposal-of-persons-arrested-under-human-trafficking,cii,Human Trafficking,,Police and Court Disposal of Persons Arrested under Human Trafficking – 2024,2016,2024,9,2016 2017 2018 2019 2020 2021 2022 2023 2024,9,pdf_text,data/series/cii/police-and-court-disposal-of-persons-arrested-under-human-trafficking.csv
cii/police-disposal-of-anti-corruption-bureau-vigilance-and-lok-adalat-cases-state-ut-wise__state-ut,cii,Corruption Offences (States/UTs),state-ut,"Police Disposal of Anti-Corruption Bureau, Vigilance and Lok Adalat Cases (State/UT-wise) -2024",2017,2024,8,2017 2018 2019 2020 2021 2022 2023 2024,8,pdf_text,data/series/cii/police-disposal-of-anti-corruption-bureau-vigilance-and-lok-adalat-cases-state-ut-wise__state-ut.csv
cii/police-disposal-of-crime-against-children-cases-city-wise__city,cii,Crime Against Children (Metropolitan Cities),city,Police Disposal of Crime Against Children Cases (City-wise) – 2024,2016,2024,9,2016 2017 2018 2019 2020 2021 2022 2023 2024,17,excel pdf_text,data/series/cii/police-disposal-of-crime-against-children-cases-city-wise__city.csv
cii/police-disposal-of-crime-against-children-cases-crime-head-wise,cii,Crime Against Children (States/UTs),,Police Disposal of Crime Against Children Cases (Crime Head-wise) – 2024,2016,2024,9,2016 2017 2018 2019 2020 2021 2022 2023 2024,23,pdf_text,data/series/cii/police-disposal-of-crime-against-children-cases-crime-head-wise.csv
cii/police-disposal-of-crime-against-children-cases-state-ut-wise__state-ut,cii,Crime Against Children (States/UTs),state-ut,Police Disposal of Crime Against Children Cases (State/UT-wise) – 2024,2016,2024,9,2016 2017 2018 2019 2020 2021 2022 2023 2024,9,pdf_text,data/series/cii/police-disposal-of-crime-against-children-cases-state-ut-wise__state-ut.csv
cii/police-disposal-of-crime-against-children-crime-head-wise-in-metropolitan-cities__city,cii,Crime Against Children (34 Metropolitan Cities),city,Police Disposal of Crime against Children (Crime Head-wise) in Metropolitan Cities - 2024,2017,2024,4,2017 2020 2021 2024,7,excel pdf_text,data/series/cii/police-disposal-of-crime-against-children-crime-head-wise-in-metropolitan-cities__city.csv
cii/police-disposal-of-crime-against-foreigners-cases-crime-head-wise,cii,Crime against Foreigners,,Police Disposal of Crime against Foreigners Cases (Crime Head-wise) – 2024,2016,2024,9,2016 2017 2018 2019 2020 2021 2022 2023 2024,9,pdf_text,data/series/cii/police-disposal-of-crime-against-foreigners-cases-crime-head-wise.csv
cii/police-disposal-of-crime-against-senior-citizen-cases-city-wise__city,cii,Crime Against Senior Citizen (Metropolitan Cities),city,Police Disposal of Crime Against Senior Citizen Cases (City-wise) -2024,2017,2024,8,2017 2018 2019 2020 2021 2022 2023 2024,14,excel pdf_text,data/series/cii/police-disposal-of-crime-against-senior-citizen-cases-city-wise__city.csv
cii/police-disposal-of-crime-against-senior-citizen-cases-crime-head-wise,cii,Crime Against Senior Citizen (Metropolitan Cities),,Police Disposal of Crime Against Senior Citizen Cases (Crime Head-wise) -2024,2017,2024,8,2017 2018 2019 2020 2021 2022 2023 2024,24,excel pdf_text,data/series/cii/police-disposal-of-crime-against-senior-citizen-cases-crime-head-wise.csv
cii/police-disposal-of-crime-against-senior-citizen-cases-state-ut-wise__state-ut,cii,Crime Against Senior Citizens (States/UTs),state-ut,Police Disposal of Crime Against Senior Citizen Cases (State/UT-wise) -2024,2017,2024,8,2017 2018 2019 2020 2021 2022 2023 2024,8,pdf_text,data/series/cii/police-disposal-of-crime-against-senior-citizen-cases-state-ut-wise__state-ut.csv
cii/police-disposal-of-crime-against-women-cases-city-wise__city,cii,Crime Against Women (Metropolitan Cities),city,Police Disposal of Crime Against Women Cases (City-wise) – 2024,2016,2024,9,2016 2017 2018 2019 2020 2021 2022 2023 2024,17,excel pdf_text,data/series/cii/police-disposal-of-crime-against-women-cases-city-wise__city.csv
cii/police-disposal-of-crime-against-women-cases-crime-head-wise,cii,Crime Against Women (States/UTs),,Police Disposal of Crime Against Women Cases (Crime Head-wise) - 2024,2016,2024,9,2016 2017 2018 2019 2020 2021 2022 2023 2024,22,pdf_text,data/series/cii/police-disposal-of-crime-against-women-cases-crime-head-wise.csv
cii/police-disposal-of-crime-against-women-cases-state-ut-wise__state-ut,cii,Crime Against Women (States/UTs),state-ut,Police Disposal of Crime Against Women Cases (State/UT-wise) - 2023,2021,2023,3,2021 2022 2023,3,pdf_text,data/series/cii/police-disposal-of-crime-against-women-cases-state-ut-wise__state-ut.csv
cii/police-disposal-of-crime-against-women-cases-states-ut-wise__state-ut,cii,Crime Against Women (States/UTs),state-ut,Police Disposal of Crime Against Women Cases (States/UT-wise) - 2020,2016,2020,5,2016 2017 2018 2019 2020,5,pdf_text,data/series/cii/police-disposal-of-crime-against-women-cases-states-ut-wise__state-ut.csv
cii/police-disposal-of-crime-against-women-crime-head-wise-in-metropolitan-cities__city,cii,Crime Against Women (34 Metropolitan Cities),city,Police Disposal of Crime against Women (Crime Head-wise) in Metropolitan Cities - 2024,2020,2024,3,2020 2021 2024,6,excel,data/series/cii/police-disposal-of-crime-against-women-crime-head-wise-in-metropolitan-cities__city.csv
cii/police-disposal-of-crime-atrocities-against-scheduled-caste-s-crime-head-wise-in-metropolitan-cities__city,cii,Crime/atrocities Against Scheduled Castes (34 Metropolitan Cities),city,Police Disposal of Crime/Atrocities against Scheduled Caste(s) (Crime Head-wise) in Metropolitan Cities - 2024,2017,2024,4,2017 2020 2021 2024,7,excel pdf_text,data/series/cii/police-disposal-of-crime-atrocities-against-scheduled-caste-s-crime-head-wise-in-metropolitan-cities__city.csv
cii/police-disposal-of-crime-atrocities-against-scheduled-tribe-s-crime-head-wise-in-metropolitan-cities__city,cii,Crime/atrocities Against Scheduled Tribes (34 Metropolitan Cities),city,Police Disposal of Crime/Atrocities against Scheduled Tribe(s) (Crime Head-wise) in Metropolitan Cities - 2024,2017,2024,4,2017 2020 2021 2024,7,excel pdf_text,data/series/cii/police-disposal-of-crime-atrocities-against-scheduled-tribe-s-crime-head-wise-in-metropolitan-cities__city.csv
cii/police-disposal-of-crime-atrocities-against-scs-cases-city-wise__city,cii,Crime/Atrocities against Scheduled Castes (Metropolitan Cities),city,Police Disposal of Crime/Atrocities against SCs Cases (City-wise) -2024,2016,2024,9,2016 2017 2018 2019 2020 2021 2022 2023 2024,17,excel pdf_text,data/series/cii/police-disposal-of-crime-atrocities-against-scs-cases-city-wise__city.csv
cii/police-disposal-of-crime-atrocities-against-scs-cases-crime-head-wise,cii,Crime/Atrocities against Scheduled Castes (Metropolitan Cities),,Police Disposal of Crime/Atrocities against SCs Cases (Crime Head-wise) -2024,2016,2024,9,2016 2017 2018 2019 2020 2021 2022 2023 2024,23,pdf_text,data/series/cii/police-disposal-of-crime-atrocities-against-scs-cases-crime-head-wise.csv
cii/police-disposal-of-crime-atrocities-against-scs-cases-state-ut-wise__state-ut,cii,Crime/Atrocities against Scheduled Castes (States/UTs),state-ut,Police Disposal of Crime/Atrocities against SCs Cases (State/UT-wise) -2024,2016,2024,9,2016 2017 2018 2019 2020 2021 2022 2023 2024,9,pdf_text,data/series/cii/police-disposal-of-crime-atrocities-against-scs-cases-state-ut-wise__state-ut.csv
cii/police-disposal-of-crime-atrocities-against-sts-cases-city-wise__city,cii,Crime/Atrocities against Scheduled Tribes (Metropolitan Cities),city,Police Disposal of Crime/Atrocities against STs Cases (City-wise) -2024,2016,2024,9,2016 2017 2018 2019 2020 2021 2022 2023 2024,16,excel pdf_text,data/series/cii/police-disposal-of-crime-atrocities-against-sts-cases-city-wise__city.csv
cii/police-disposal-of-crime-atrocities-against-sts-cases-crime-head-wise,cii,Crime/Atrocities against Scheduled Tribes (States/UTs ),,Police Disposal of Crime/Atrocities against STs Cases (Crime Head-wise) -2024,2016,2024,9,2016 2017 2018 2019 2020 2021 2022 2023 2024,21,pdf_text,data/series/cii/police-disposal-of-crime-atrocities-against-sts-cases-crime-head-wise.csv
cii/police-disposal-of-crime-atrocities-against-sts-cases-state-ut-wise__state-ut,cii,Crime/Atrocities against Scheduled Tribes (States/UTs ),state-ut,Police Disposal of Crime/Atrocities against STs Cases (State/UT-wise) -2024,2017,2024,8,2017 2018 2019 2020 2021 2022 2023 2024,8,pdf_text,data/series/cii/police-disposal-of-crime-atrocities-against-sts-cases-state-ut-wise__state-ut.csv
cii/police-disposal-of-crimes-committed-by-foreigners-crime-head-wise,cii,Crime Committed by Foreigners,,Police Disposal of Crimes Committed by Foreigners (Crime Head-wise) – 2024,2017,2024,8,2017 2018 2019 2020 2021 2022 2023 2024,8,pdf_text,data/series/cii/police-disposal-of-crimes-committed-by-foreigners-crime-head-wise.csv
cii/police-disposal-of-cyber-crime-cases-city-wise__city,cii,Cyber Crimes (34 Metropolitan Cities),city,Police Disposal of Cyber Crime Cases (City wise) -2024,2016,2024,9,2016 2017 2018 2019 2020 2021 2022 2023 2024,18,excel pdf_text,data/series/cii/police-disposal-of-cyber-crime-cases-city-wise__city.csv
cii/police-disposal-of-cyber-crime-cases-crime-head-wise,cii,Cyber Crimes (Metropolitan Cities),,Police Disposal of Cyber Crime Cases (Crime Head-wise) -2024,2016,2024,9,2016 2017 2018 2019 2020 2021 2022 2023 2024,24,pdf_text,data/series/cii/police-disposal-of-cyber-crime-cases-crime-head-wise.csv
cii/police-disposal-of-cyber-crime-cases-crime-head-wise-in-metropolitan-cities__city,cii,Cyber Crimes (34 Metropolitan Cities),city,Police Disposal of Cyber Crime Cases (Crime Head-wise) in Metropolitan Cities - 2024,2020,2024,3,2020 2021 2024,6,excel,data/series/cii/police-disposal-of-cyber-crime-cases-crime-head-wise-in-metropolitan-cities__city.csv
cii/police-disposal-of-cyber-crimes-cases-state-ut-wise__state-ut,cii,Cyber Crimes (States/UTs),state-ut,Police Disposal of Cyber Crimes Cases(State/UT-wise) -2024,2016,2024,9,2016 2017 2018 2019 2020 2021 2022 2023 2024,9,pdf_text,data/series/cii/police-disposal-of-cyber-crimes-cases-state-ut-wise__state-ut.csv
cii/police-disposal-of-economic-offences-city-wise__city,cii,Economic Offences (34 Metropolitan Cities),city,Police Disposal of Economic Offences (City wise) -2023,2016,2023,8,2016 2017 2018 2019 2020 2021 2022 2023,13,excel pdf_text,data/series/cii/police-disposal-of-economic-offences-city-wise__city.csv
cii/police-disposal-of-economic-offences-crime-head-wise,cii,Economic Offences (States/UTs),,Police Disposal of Economic Offences (Crime Head-wise) - 2024,2016,2024,9,2016 2017 2018 2019 2020 2021 2022 2023 2024,23,excel pdf_text,data/series/cii/police-disposal-of-economic-offences-crime-head-wise.csv
cii/police-disposal-of-economic-offences-crime-head-wise-in-metropolitan-cities__city,cii,Economic Offences (Metropolitan Cities),city,Police Disposal of Economic Offences (Crime Head-wise) in Metropolitan Cities - 2024,2020,2024,4,2020 2022 2023 2024,5,excel pdf_text,data/series/cii/police-disposal-of-economic-offences-crime-head-wise-in-metropolitan-cities__city.csv
cii/police-disposal-of-economic-offences-state-ut-wise__state-ut,cii,Economic Offences (States/UTs),state-ut,Police Disposal of Economic Offences (State/UT-wise) -2024,2016,2024,9,2016 2017 2018 2019 2020 2021 2022 2023 2024,9,pdf_text,data/series/cii/police-disposal-of-economic-offences-state-ut-wise__state-ut.csv
cii/police-disposal-of-environment-related-offences-crime-head-wise,cii,Offences related to Environment,,Police Disposal of Environment Related Offences (Crime Head-wise) -2024,2016,2024,9,2016 2017 2018 2019 2020 2021 2022 2023 2024,9,pdf_text,data/series/cii/police-disposal-of-environment-related-offences-crime-head-wise.csv
cii/police-disposal-of-environment-related-offences-state-ut-wise__state-ut,cii,Offences related to Environment,state-ut,Police Disposal of Environment Related Offences (State/UT-wise) -2024,2016,2024,9,2016 2017 2018 2019 2020 2021 2022 2023 2024,9,pdf_text,data/series/cii/police-disposal-of-environment-related-offences-state-ut-wise__state-ut.csv
cii/police-disposal-of-ipc-crime-cases-city-wise__city,cii,Disposal Of Cases By Police (34 Metropolitan Cities),city,Police Disposal of IPC Crime Cases (City-wise) - 2024,2016,2024,9,2016 2017 2018 2019 2020 2021 2022 2023 2024,15,excel pdf_text,data/series/cii/police-disposal-of-ipc-crime-cases-city-wise__city.csv
cii/police-disposal-of-ipc-crime-cases-crime-head-wise,cii,Disposal of Cases By Police (States/UTs),,Police Disposal of IPC Crime Cases (Crime Head-wise) - 2023,2016,2023,8,2016 2017 2018 2019 2020 2021 2022 2023,20,pdf_text,data/series/cii/police-disposal-of-ipc-crime-cases-crime-head-wise.csv
cii/police-disposal-of-ipc-crime-cases-state-ut-wise__state-ut,cii,Disposal of Cases By Police (States/UTs),state-ut,Police Disposal of IPC Crime Cases (State/UT-wise) - 2023,2016,2023,8,2016 2017 2018 2019 2020 2021 2022 2023,8,pdf_text,data/series/cii/police-disposal-of-ipc-crime-cases-state-ut-wise__state-ut.csv
cii/police-disposal-of-ipc-crimes-crime-head-wise-in-metropolitan-cities__city,cii,Disposal Of Cases By Police (34 Metropolitan Cities),city,Police Disposal of IPC Crimes (Crime Head-wise) in Metropolitan Cities - 2024,2020,2024,3,2020 2021 2024,12,excel,data/series/cii/police-disposal-of-ipc-crimes-crime-head-wise-in-metropolitan-cities__city.csv
cii/police-disposal-of-offences-against-state-crime-head-wise,cii,Offences Against the State,,Police Disposal of Offences against State (Crime Head-wise) -2024,2018,2024,7,2018 2019 2020 2021 2022 2023 2024,7,pdf_text,data/series/cii/police-disposal-of-offences-against-state-crime-head-wise.csv
cii/police-disposal-of-offences-against-the-state-state-ut-wise__state-ut,cii,Offences Against the State,state-ut,Police Disposal of Offences against the State (State/UT-wise) -2024,2016,2024,8,2016 2018 2019 2020 2021 2022 2023 2024,8,pdf_text,data/series/cii/police-disposal-of-offences-against-the-state-state-ut-wise__state-ut.csv
cii/police-disposal-of-sll-crime-cases-city-wise__city,cii,Disposal Of Cases By Police (34 Metropolitan Cities),city,Police Disposal of SLL Crime Cases (City-wise) - 2024,2016,2024,9,2016 2017 2018 2019 2020 2021 2022 2023 2024,16,excel pdf_text,data/series/cii/police-disposal-of-sll-crime-cases-city-wise__city.csv
cii/police-disposal-of-sll-crime-cases-crime-head-wise,cii,Disposal of Cases By Police (States/UTs),,Police Disposal of SLL Crime Cases (Crime Head-wise) - 2024,2016,2024,9,2016 2017 2018 2019 2020 2021 2022 2023 2024,22,pdf_text,data/series/cii/police-disposal-of-sll-crime-cases-crime-head-wise.csv
cii/police-disposal-of-sll-crime-cases-state-ut-wise__state-ut,cii,Disposal of Cases By Police (States/UTs),state-ut,Police Disposal of SLL Crime Cases (State/UT-wise) - 2024,2016,2024,9,2016 2017 2018 2019 2020 2021 2022 2023 2024,9,pdf_text,data/series/cii/police-disposal-of-sll-crime-cases-state-ut-wise__state-ut.csv
cii/police-disposal-of-sll-crimes-crime-head-wise-in-metropolitan-cities__city,cii,Disposal Of Cases By Police (34 Metropolitan Cities),city,Police Disposal of SLL Crimes (Crime Head-wise) in Metropolitan Cities - 2024,2020,2024,3,2020 2021 2024,9,excel,data/series/cii/police-disposal-of-sll-crimes-crime-head-wise-in-metropolitan-cities__city.csv
cii/police-personnel-injured-on-duty,cii,Injuries & Causalities of Police & Civilians and Incidents of Police Firing/Lathi-charge,,Police Personnel Injured on Duty – 2019,2017,2019,3,2017 2018 2019,6,excel pdf_text,data/series/cii/police-personnel-injured-on-duty.csv
cii/police-personnel-killed-injured-on-duty,cii,Injuries & Causalities of Police & Civilians and Incidents of Police Firing/Lathi-charge,,Police Personnel Killed/Injured on Duty – 2019,2017,2019,3,2017 2018 2019,3,pdf_text,data/series/cii/police-personnel-killed-injured-on-duty.csv
cii/police-personnel-killed-injured-on-duty-rank-wise,cii,Crime Survey,,"Police Personnel Killed, Injured on Duty During 1996 (Rank-Wise)",1994,1996,2,1994 1996,2,pdf_vlm,data/series/cii/police-personnel-killed-injured-on-duty-rank-wise.csv
cii/police-personnel-killed-injured-on-duty-rank-wise-all-india__all-india,cii,Police Casualties,all-india,Police Personnel Killed & Injured on Duty During 2015 (Rank wise) (All-India),2001,2015,15,2001 2002 2003 2004 2005 2006 2007 2008 2009 2010 2011 2012 2013 2014 2015,15,pdf_text,data/series/cii/police-personnel-killed-injured-on-duty-rank-wise-all-india__all-india.csv
cii/police-personnel-killed-injured-on-duty-state-ut-city-wise__state-ut-city,cii,Crime Survey,state-ut-city,"Police Personnel Killed, Injured on duty (State, UT & City wise)",1994,2001,3,1994 1996 2001,3,pdf_text pdf_vlm,data/series/cii/police-personnel-killed-injured-on-duty-state-ut-city-wise__state-ut-city.csv
cii/police-personnel-killed-injured-on-duty-state-ut-wise__state-ut,cii,Police Casualties,state-ut,Police Personnel Killed & Injured on Duty During 2015 (State & UT-Wise),2002,2015,14,2002 2003 2004 2005 2006 2007 2008 2009 2010 2011 2012 2013 2014 2015,14,pdf_text,data/series/cii/police-personnel-killed-injured-on-duty-state-ut-wise__state-ut.csv
cii/police-personnel-killed-on-duty,cii,Injuries & Causalities of Police & Civilians and Incidents of Police Firing/Lathi-charge,,Police Personnel Killed on Duty – 2019,2017,2019,3,2017 2018 2019,6,excel pdf_text,data/series/cii/police-personnel-killed-on-duty.csv
cii/police-personnel-killed-or-injured-by-various-ranks-in-india,cii,Crime Survey,,Police Personnel Killed or Injured by Various Ranks in India During 1987,1975,1987,9,1975 1978 1980 1981 1982 1983 1985 1986 1987,9,pdf_vlm,data/series/cii/police-personnel-killed-or-injured-by-various-ranks-in-india.csv
cii/police-personnel-killed-or-injured-on-duty-rank-wise,cii,Crime Survey,,Police Personnel Killed or Injured On Duty During 1999 (Rank-Wise),1988,1999,10,1988 1989 1990 1991 1992 1993 1995 1997 1998 1999,10,pdf_vlm,data/series/cii/police-personnel-killed-or-injured-on-duty-rank-wise.csv
cii/police-personnel-killed-or-injured-on-duty-state-ut-city-wise__state-ut-city,cii,Crime Survey,state-ut-city,"Police Personnel Killed or Injured on Duty During 1998 (State, UT & City-Wise)",1988,1998,9,1988 1989 1990 1991 1992 1993 1995 1997 1998,9,pdf_vlm,data/series/cii/police-personnel-killed-or-injured-on-duty-state-ut-city-wise__state-ut-city.csv
cii/police-strength-in-states__state-ut,cii,Crime Survey,state-ut,Police Strength in States - 1968,1964,1968,5,1964 1965 1966 1967 1968,5,pdf_ocr pdf_vlm,data/series/cii/police-strength-in-states__state-ut.csv
cii/prevention-of-corruption-act-and-related-ipc-sections,cii,Corruption Offences (States/UTs),,"Prevention of Corruption Act, 1988 and Related IPC Sections -2023",2017,2023,7,2017 2018 2019 2020 2021 2022 2023,7,pdf_text,data/series/cii/prevention-of-corruption-act-and-related-ipc-sections.csv
cii/prevention-of-corruption-act-cases-state-ut-wise__state-ut,cii,Corruption Offences (States/UTs),state-ut,Prevention of Corruption Act Cases (State/UT-wise) -2022-2024,2017,2024,8,2017 2018 2019 2020 2021 2022 2023 2024,8,pdf_text,data/series/cii/prevention-of-corruption-act-cases-state-ut-wise__state-ut.csv
cii/preventive-detentions-crime-head-wise,cii,"Arrests, Convictions & Acquittals of Persons (States/UTs)",,Preventive Detentions (Crime Head-wise) - 2024,2019,2024,6,2019 2020 2021 2022 2023 2024,6,pdf_text,data/series/cii/preventive-detentions-crime-head-wise.csv
cii/preventive-detentions-crimehead-wise,cii,"Arrests, Convictions & Acquittals of Persons (States/UTs)",,Preventive Detentions (Crimehead-wise) - 2018,2017,2018,2,2017 2018,2,pdf_text,data/series/cii/preventive-detentions-crimehead-wise.csv
cii/process-received-and-warrants-executed-summons-served-in-connection-with-arrest-of-persons-state-ut-wise__state-ut,cii,Arrests and Trials,state-ut,Process Received and Warrants Executed/Summons Served in Connection with Arrest of Persons During 2015 (State/UT-Wise),2014,2015,2,2014 2015,2,pdf_text,data/series/cii/process-received-and-warrants-executed-summons-served-in-connection-with-arrest-of-persons-state-ut-wise__state-ut.csv
cii/processes-received-and-served-in-connection-with-arrest-of-persons,cii,Disposal of Cases By Courts (States/UTs),,Processes Received and Served in connection with Arrest of Persons - 2024,2017,2024,8,2017 2018 2019 2020 2021 2022 2023 2024,8,pdf_text,data/series/cii/processes-received-and-served-in-connection-with-arrest-of-persons.csv
cii/profile-of-persons-arrested-or-accused-in-connection-with-cyber-crime-state-ut-wise__state-ut,cii,Cyber Crimes,state-ut,Profile of Persons Arrested or Accused in Connection with Cyber Crime During 2015 (State/UT-wise),2014,2015,2,2014 2015,2,pdf_text,data/series/cii/profile-of-persons-arrested-or-accused-in-connection-with-cyber-crime-state-ut-wise__state-ut.csv
cii/property-stolen-and-recovered-by-category-of-offences-nature-of-property-stolen-and-recovered,cii,Crime Survey,,Property Stolen and Recovered by Category of Offences During 1986; Nature of Property Stolen and Recovered During 1986,1975,1986,10,1975 1976 1977 1978 1979 1981 1982 1983 1985 1986,10,pdf_ocr pdf_vlm,data/series/cii/property-stolen-and-recovered-by-category-of-offences-nature-of-property-stolen-and-recovered.csv
cii/property-stolen-and-recovered-in-different-states-u-t-s-cities__city,cii,Crime Survey,city,Property Stolen and Recovered in Different States/U.T.s/Cities During 1987,1975,1987,11,1975 1978 1979 1980 1981 1982 1983 1984 1985 1986 1987,11,pdf_vlm,data/series/cii/property-stolen-and-recovered-in-different-states-u-t-s-cities__city.csv
cii/property-stolen-recovered,cii,Property Stolen and Recovered (States/UTs),,Property Stolen & Recovered - 2022-2024,2016,2024,9,2016 2017 2018 2019 2020 2021 2022 2023 2024,9,pdf_text,data/series/cii/property-stolen-recovered.csv
cii/purpose-age-group-and-gender-wise-details-of-victims-of-kidnapping-abduction-all-india__all-india,cii,Violent Crimes,all-india,"Purpose, Age-group and Gender wise Details of Victims of Kidnapping & Abduction (All-India)",2001,2013,11,2001 2002 2004 2005 2006 2007 2008 2009 2010 2011 2013,11,pdf_text,data/series/cii/purpose-age-group-and-gender-wise-details-of-victims-of-kidnapping-abduction-all-india__all-india.csv
cii/purpose-of-human-trafficking,cii,Human Trafficking,,Purpose of Human Trafficking – 2024,2016,2024,9,2016 2017 2018 2019 2020 2021 2022 2023 2024,9,pdf_text,data/series/cii/purpose-of-human-trafficking.csv
cii/purpose-of-kidnapping-abduction-alive-victims,cii,Violent Crimes – Kidnapping & Abduction (States/UTs),,Purpose of Kidnapping & Abduction (Alive Victims) - 2024,2017,2024,8,2017 2018 2019 2020 2021 2022 2023 2024,20,excel pdf_text,data/series/cii/purpose-of-kidnapping-abduction-alive-victims.csv
cii/purpose-wise-and-sex-wise-details-of-kidnapping-abduction-all-india__all-india,cii,Kidnapping & Abduction of Persons,all-india,Purpose-Wise And Sex-Wise Details of Kidnapping & Abduction During 2015 (All India),2014,2015,2,2014 2015,2,pdf_text,data/series/cii/purpose-wise-and-sex-wise-details-of-kidnapping-abduction-all-india__all-india.csv
cii/quantity-of-currency-seized-recovered-in-rs-under-the-unlawful-activities-prevention-act-state-ut-wise__state-ut,cii,Seizures by Law Enforcement Agencies,state-ut,Quantity of Currency Seized/Recovered (in Rs.) under the Unlawful Activities (Prevention) Act During 2015 (State/UT-wise),2014,2015,2,2014 2015,3,pdf_text,data/series/cii/quantity-of-currency-seized-recovered-in-rs-under-the-unlawful-activities-prevention-act-state-ut-wise__state-ut.csv
cii/quantity-of-seizure-under-the-arms-act-state-ut-wise__state-ut,cii,Seizures by Law Enforcement Agencies,state-ut,Quantity of Seizure under the Arms Act During 2015 (State/UT-wise),2014,2015,2,2014 2015,2,pdf_text,data/series/cii/quantity-of-seizure-under-the-arms-act-state-ut-wise__state-ut.csv
cii/reasons-of-custodial-deaths,cii,Custodial Crimes & Complaints Against Police Personnel,,Reasons of Custodial Deaths - 2024,2017,2024,8,2017 2018 2019 2020 2021 2022 2023 2024,8,pdf_text,data/series/cii/reasons-of-custodial-deaths.csv
cii/reasons-of-custodial-deaths-state-ut-wise__state-ut,cii,Custodial Crimes (in Police custody),state-ut,Reasons of Custodial Deaths During 2015 (State/UT-Wise),2001,2015,15,2001 2002 2003 2004 2005 2006 2007 2008 2009 2010 2011 2012 2013 2014 2015,15,pdf_text,data/series/cii/reasons-of-custodial-deaths-state-ut-wise__state-ut.csv
cii/recidivism-amongst-persons-arrested-under-ipc,cii,Recidivism,,Recidivism Amongst Persons Arrested under IPC - 2023,2019,2023,5,2019 2020 2021 2022 2023,5,pdf_text,data/series/cii/recidivism-amongst-persons-arrested-under-ipc.csv
cii/recidivism-amongst-persons-arrested-under-ipc-crimes,cii,Crime Survey,,Recidivism Amongst Persons Arrested Under IPC Crimes During 1999,1997,1999,3,1997 1998 1999,3,pdf_vlm,data/series/cii/recidivism-amongst-persons-arrested-under-ipc-crimes.csv
cii/recidivism-amongst-persons-arrested-under-ipc-crimes-state-ut-city-wise__state-ut-city,cii,Crime Survey,state-ut-city,"Recidivism amongst persons arrested under IPC Crimes (State, UT & City wise)",1988,2001,9,1988 1989 1990 1991 1992 1993 1995 1996 2001,9,pdf_ocr pdf_text pdf_vlm,data/series/cii/recidivism-amongst-persons-arrested-under-ipc-crimes-state-ut-city-wise__state-ut-city.csv
cii/recidivism-amongst-persons-arrested-under-ipc-crimes-state-ut-wise__state-ut,cii,Recidivism,state-ut,Recidivism Amongst Persons Arrested under IPC Crimes (State & UT-wise),2002,2013,11,2002 2003 2005 2006 2007 2008 2009 2010 2011 2012 2013,11,pdf_text,data/series/cii/recidivism-amongst-persons-arrested-under-ipc-crimes-state-ut-wise__state-ut.csv
cii/recidivism-amongst-persons-arrested-under-ipc-sll,cii,Recidivism,,Recidivism Amongst Persons Arrested under IPC & SLL – 2018,2017,2018,2,2017 2018,2,pdf_text,data/series/cii/recidivism-amongst-persons-arrested-under-ipc-sll.csv
cii/recidivism-amongst-persons-arrested-under-sll,cii,Recidivism,,Recidivism Amongst Persons Arrested under SLL - 2024,2019,2024,6,2019 2020 2021 2022 2023 2024,6,pdf_text,data/series/cii/recidivism-amongst-persons-arrested-under-sll.csv
cii/recidivism-amongst-persons-arrested-under-total-ipc-crimes-state-ut-wise__state-ut,cii,Recidivism,state-ut,Recidivism Amongst Persons Arrested under Total IPC Crimes During 2015 (State/UT-wise),2014,2015,2,2014 2015,2,pdf_text,data/series/cii/recidivism-amongst-persons-arrested-under-total-ipc-crimes-state-ut-wise__state-ut.csv
cii/recovery-of-kidnapped-abducted-persons-city-wise__city,cii,Kidnapping & Abduction (34 Metropolitan Cities),city,Recovery of Kidnapped & Abducted Persons (City-wise) – 2024,2016,2024,8,2016 2018 2019 2020 2021 2022 2023 2024,14,excel pdf_text,data/series/cii/recovery-of-kidnapped-abducted-persons-city-wise__city.csv
cii/recovery-of-kidnapped-abducted-persons-gender-age-group-wise,cii,Kidnapping & Abduction (34 Metropolitan Cities),,Recovery of Kidnapped & Abducted Persons (Gender & Age Group-wise) - 2024,2020,2024,4,2020 2021 2023 2024,8,excel pdf_text,data/series/cii/recovery-of-kidnapped-abducted-persons-gender-age-group-wise.csv
cii/recovery-of-kidnapped-abducted-persons-state-ut-wise__state-ut,cii,Violent Crimes – Kidnapping & Abduction (States/UTs),state-ut,Recovery of Kidnapped & Abducted Persons (State/UT-wise) - 2024,2016,2024,7,2016 2017 2018 2019 2022 2023 2024,7,pdf_text,data/series/cii/recovery-of-kidnapped-abducted-persons-state-ut-wise__state-ut.csv
cii/reported-custodial-rape-cases-and-their-disposal-by-police-and-courts,cii,Crime Survey,,Reported Custodial Rape Cases And Their Disposal By Police And Courts During 2001,1997,2001,4,1997 1998 1999 2001,4,pdf_text pdf_vlm,data/series/cii/reported-custodial-rape-cases-and-their-disposal-by-police-and-courts.csv
cii/reported-custodial-rape-cases-and-their-disposal-by-police-and-courts-state-ut-wise__state-ut,cii,Custodial Crimes (in Police custody),state-ut,Reported Custodial Rape Cases and their Disposal by Police and Courts (State & UT-wise),2002,2013,12,2002 2003 2004 2005 2006 2007 2008 2009 2010 2011 2012 2013,12,pdf_text,data/series/cii/reported-custodial-rape-cases-and-their-disposal-by-police-and-courts-state-ut-wise__state-ut.csv
cii/representation-of-scs-sts-and-muslims-in-police-force-state-ut-wise__state-ut,cii,"Police Strength, Expenditure & Infrastructure",state-ut,Representation of SCs/STs and Muslims in Police force (State & UT-wise),2002,2013,12,2002 2003 2004 2005 2006 2007 2008 2009 2010 2011 2012 2013,14,pdf_text,data/series/cii/representation-of-scs-sts-and-muslims-in-police-force-state-ut-wise__state-ut.csv
cii/robbery,cii,,,ROBBERY—,1957,1961,2,1957 1961,2,pdf_ocr pdf_vlm,data/series/cii/robbery.csv
cii/robbery-28,cii,,,ROBBERY 28,1954,1955,2,1954 1955,2,pdf_vlm,data/series/cii/robbery-28.csv
cii/robbery-32,cii,,,ROBBERY— 32,1956,1960,3,1956 1959 1960,3,pdf_vlm,data/series/cii/robbery-32.csv
cii/robbery-union-territories-cities__city,cii,,city,ROBBERY Union Territories Cities,1957,1958,2,1957 1958,2,pdf_vlm,data/series/cii/robbery-union-territories-cities__city.csv
cii/sanctioned-and-actual-strength-of-armed-police-as-on-31-12-men-women,cii,Crime Survey,,Sanctioned and Actual Strength of Armed Police as on 31.12.1998 (Men +_Women),1988,1998,10,1988 1989 1990 1991 1992 1993 1994 1995 1997 1998,10,pdf_ocr pdf_vlm,data/series/cii/sanctioned-and-actual-strength-of-armed-police-as-on-31-12-men-women.csv
cii/sanctioned-and-actual-strength-of-armed-police-as-on-31-12-women-only,cii,Crime Survey,,Sanctioned and Actual Strength of Armed Police as on 31.12.1998 (Women Only),1988,1998,11,1988 1989 1990 1991 1992 1993 1994 1995 1996 1997 1998,11,pdf_ocr pdf_vlm,data/series/cii/sanctioned-and-actual-strength-of-armed-police-as-on-31-12-women-only.csv
cii/sanctioned-and-actual-strength-of-armed-police-as-on-31st-december-men-and-women-state-ut-wise__state-ut,cii,Crime Survey,state-ut,Sanctioned and Actual Strength of Armed Police as on 31st December (Men and Women) (State & UT-wise),2011,2013,2,2011 2013,2,pdf_text,data/series/cii/sanctioned-and-actual-strength-of-armed-police-as-on-31st-december-men-and-women-state-ut-wise__state-ut.csv
cii/sanctioned-and-actual-strength-of-armed-police-as-on-31st-december-men-women-state-ut-wise__state-ut,cii,"Police Strength, Expenditure & Infrastructure",state-ut,Sanctioned and Actual Strength of Armed Police as on 31st December (Men + Women) (State & UT-wise),2002,2013,12,2002 2003 2004 2005 2006 2007 2008 2009 2010 2011 2012 2013,12,pdf_text,data/series/cii/sanctioned-and-actual-strength-of-armed-police-as-on-31st-december-men-women-state-ut-wise__state-ut.csv
cii/sanctioned-and-actual-strength-of-armed-police-as-on-31st-december-women-only-state-ut-wise__state-ut,cii,"Police Strength, Expenditure & Infrastructure",state-ut,Sanctioned and Actual Strength of Armed Police as on 31st December (Women only) (State & UT-wise),2002,2013,12,2002 2003 2004 2005 2006 2007 2008 2009 2010 2011 2012 2013,14,pdf_text,data/series/cii/sanctioned-and-actual-strength-of-armed-police-as-on-31st-december-women-only-state-ut-wise__state-ut.csv
cii/sanctioned-and-actual-strength-of-civil-police-including-district-armed-police-as-on-31-12-men-women,cii,Crime Survey,,Sanctioned and Actual Strength of Civil Police Including District Armed Police as on 31.12.1997 (Men + Women),1988,1997,8,1988 1989 1990 1991 1992 1993 1994 1997,8,pdf_ocr pdf_vlm,data/series/cii/sanctioned-and-actual-strength-of-civil-police-including-district-armed-police-as-on-31-12-men-women.csv
cii/sanctioned-and-actual-strength-of-civil-police-including-district-armed-police-as-on-31-12-women-only,cii,Crime Survey,,Sanctioned and Actual Strength of Civil Police Including District Armed Police as on 31.12.1997 (Women only),1988,1997,9,1988 1989 1990 1991 1992 1993 1994 1995 1997,9,pdf_ocr pdf_vlm,data/series/cii/sanctioned-and-actual-strength-of-civil-police-including-district-armed-police-as-on-31-12-women-only.csv
cii/sanctioned-and-actual-strength-of-civil-police-including-district-armed-police-as-on-31st-december-men-women-s__state-ut,cii,"Police Strength, Expenditure & Infrastructure",state-ut,Sanctioned and Actual Strength of Civil Police including District Armed Police as on 31st December (Men + Women) (State & UT-wise),2002,2013,12,2002 2003 2004 2005 2006 2007 2008 2009 2010 2011 2012 2013,13,pdf_text,data/series/cii/sanctioned-and-actual-strength-of-civil-police-including-district-armed-police-as-on-31st-december-men-women-s__state-ut.csv
cii/sanctioned-and-actual-strength-of-civil-police-including-district-armed-police-as-on-31st-december-women-only__state-ut,cii,"Police Strength, Expenditure & Infrastructure",state-ut,Sanctioned and Actual Strength of Civil Police including District Armed Police as on 31st December (Women only) (State & UT-wise),2002,2013,11,2002 2003 2004 2005 2006 2007 2008 2009 2011 2012 2013,13,pdf_text,data/series/cii/sanctioned-and-actual-strength-of-civil-police-including-district-armed-police-as-on-31st-december-women-only__state-ut.csv
cii/sanctioned-and-actual-strength-of-home-guards-and-auxiliary-force-state-ut-wise__state-ut,cii,"Police Strength, Expenditure & Infrastructure",state-ut,Sanctioned and Actual Strength of Home Guards and Auxiliary Force (State & UT-wise),2002,2013,11,2002 2003 2004 2005 2006 2007 2009 2010 2011 2012 2013,13,pdf_text,data/series/cii/sanctioned-and-actual-strength-of-home-guards-and-auxiliary-force-state-ut-wise__state-ut.csv
cii/sashastra-seema-bal-new-delhi-proforma-1-statement-on-migration-trafficking-of-persons-and-their-nationaility,cii,Seizures by Law Enforcement Agencies,,"SASHASTRA SEEMA BAL, NEW DELHI PROFORMA 1 : STATEMENT ON MIGRATION/ TRAFFICKING OF PERSONS AND THEIR NATIONAILITY ‐2024",2017,2024,3,2017 2018 2024,3,pdf_text,data/series/cii/sashastra-seema-bal-new-delhi-proforma-1-statement-on-migration-trafficking-of-persons-and-their-nationaility.csv
cii/sashastra-seema-bal-ssb,cii,Seizures and Prosecution (Central Armed Police Forces),,Sashastra Seema Bal (SSB),2021,2023,3,2021 2022 2023,3,pdf_text,data/series/cii/sashastra-seema-bal-ssb.csv
cii/seizure-of-fake-indian-currency,cii,Seizures by State/UT Police,,Seizure of Fake Indian Currency - 2024,2021,2024,4,2021 2022 2023 2024,4,pdf_text,data/series/cii/seizure-of-fake-indian-currency.csv
cii/seizure-of-original-indian-currency,cii,Seizures by State/UT Police,,Seizure of Original Indian Currency - 2024,2021,2024,4,2021 2022 2023 2024,4,pdf_text,data/series/cii/seizure-of-original-indian-currency.csv
cii/seizure-under-arms-act,cii,Seizures by State/UT Police,,Seizure under Arms Act - 2024,2016,2024,9,2016 2017 2018 2019 2020 2021 2022 2023 2024,9,pdf_text,data/series/cii/seizure-under-arms-act.csv
cii/seizures-recoveries-under-explosive-explosive-substances-act,cii,Seizures by State/UT Police,,Seizures/Recoveries under Explosive & Explosive Substances Act - 2024,2017,2024,8,2017 2018 2019 2020 2021 2022 2023 2024,8,pdf_text,data/series/cii/seizures-recoveries-under-explosive-explosive-substances-act.csv
cii/seizures-under-ndps-act,cii,Seizures by State/UT Police,,Seizures under NDPS Act - 2024,2017,2024,8,2017 2018 2019 2020 2021 2022 2023 2024,8,pdf_text,data/series/cii/seizures-under-ndps-act.csv
cii/sex-and-age-wise-detail-on-recovery-of-kidnapped-and-abducted-persons-and-total-unrecovered-persons-all-india__all-india,cii,Kidnapping & Abduction of Persons,all-india,Sex and Age -Wise Detail on Recovery of Kidnapped and Abducted Persons and Total Unrecovered Persons During 2015 (All India),2014,2015,2,2014 2015,3,pdf_text,data/series/cii/sex-and-age-wise-detail-on-recovery-of-kidnapped-and-abducted-persons-and-total-unrecovered-persons-all-india__all-india.csv
cii/sex-wise-persons-arrested-for-under-environment-related-offences-state-ut-wise__state-ut,cii,Environment Related Offences,state-ut,Sex-wise Persons Arrested for under Environment Related Offences During 2015 (State/UT-wise),2014,2015,2,2014 2015,2,pdf_text,data/series/cii/sex-wise-persons-arrested-for-under-environment-related-offences-state-ut-wise__state-ut.csv
cii/sex-wise-persons-arrested-under-offences-against-the-state-ipc-state-ut-wise__state-ut,cii,Offences Against the State,state-ut,Sex-wise Persons Arrested Under Offences Against the State(IPC) During 2015 (State/UT-wise),2014,2015,2,2014 2015,2,pdf_text,data/series/cii/sex-wise-persons-arrested-under-offences-against-the-state-ipc-state-ut-wise__state-ut.csv
cii/sll-crimes-against-children-crime-head-wise-city-wise__city,cii,Crime Against Children (Metropolitan Cities),city,SLL Crimes against Children (Crime Head-wise & City-wise) - 2024,2019,2024,6,2019 2020 2021 2022 2023 2024,10,excel pdf_text,data/series/cii/sll-crimes-against-children-crime-head-wise-city-wise__city.csv
cii/sll-crimes-against-children-crime-head-wise-in-metropolitan-cities__city,cii,Crime Against Children (34 Metropolitan Cities),city,SLL Crimes Against Children (Crime Head-wise & in Metropolitan Cities) - 2019,2017,2019,3,2017 2018 2019,5,pdf_text,data/series/cii/sll-crimes-against-children-crime-head-wise-in-metropolitan-cities__city.csv
cii/sll-crimes-against-children-crime-head-wise-state-ut-wise__state-ut,cii,Crime Against Children (States/UTs),state-ut,SLL Crimes against Children (Crime Head-wise & State/UT-wise ) - 2024,2017,2024,7,2017 2018 2019 2021 2022 2023 2024,7,pdf_text,data/series/cii/sll-crimes-against-children-crime-head-wise-state-ut-wise__state-ut.csv
cii/sll-crimes-against-women-crime-head-wise-city-wise__city,cii,Crime Against Women (34 Metropolitan Cities),city,SLL Crimes against Women (Crime Head-wise & City-wise ) - 2023,2017,2023,7,2017 2018 2019 2020 2021 2022 2023,14,excel pdf_text,data/series/cii/sll-crimes-against-women-crime-head-wise-city-wise__city.csv
cii/sll-crimes-against-women-crime-head-wise-state-ut-wise__state-ut,cii,Crime Against Women (States/UTs),state-ut,SLL Crimes against Women (Crime Head-wise & State/UT-wise ) - 2024,2019,2024,5,2019 2021 2022 2023 2024,5,pdf_text,data/series/cii/sll-crimes-against-women-crime-head-wise-state-ut-wise__state-ut.csv
cii/sll-crimes-against-women-crime-head-wise-states-ut-wise__state-ut,cii,Crime Against Women (States/UTs),state-ut,SLL Crimes against Women (Crime Head‐wise & States/UT‐wise) ‐ 2020,2017,2020,3,2017 2018 2020,3,pdf_text,data/series/cii/sll-crimes-against-women-crime-head-wise-states-ut-wise__state-ut.csv
cii/sll-crimes-city-wise__city,cii,Summary (Metropolitan Cities),city,SLL Crimes (City-wise) - 2022-2024,2016,2024,9,2016 2017 2018 2019 2020 2021 2022 2023 2024,18,excel pdf_text,data/series/cii/sll-crimes-city-wise__city.csv
cii/sll-crimes-committed-by-juveniles-city-wise__city,cii,Juveniles in Conflict with Law (Metropolitan Cities),city,SLL Crimes committed by Juveniles (City-wise) – 2024,2017,2024,8,2017 2018 2019 2020 2021 2022 2023 2024,15,excel pdf_text,data/series/cii/sll-crimes-committed-by-juveniles-city-wise__city.csv
cii/sll-crimes-committed-by-juveniles-state-ut-wise__state-ut,cii,Juveniles in Conflict with Law (States/UTs),state-ut,SLL Crimes Committed by Juveniles (State/UT-wise) – 2024,2021,2024,4,2021 2022 2023 2024,4,pdf_text,data/series/cii/sll-crimes-committed-by-juveniles-state-ut-wise__state-ut.csv
cii/sll-crimes-committed-by-juveniles-states-ut-wise__state-ut,cii,Juveniles in Conflict with Law (States/UTs),state-ut,SLL Crimes Committed by Juveniles (States/UT-wise) - 2020,2017,2020,4,2017 2018 2019 2020,4,pdf_text,data/series/cii/sll-crimes-committed-by-juveniles-states-ut-wise__state-ut.csv
cii/sll-crimes-crime-head-wise,cii,Summary (All India),,SLL Crimes (Crime Head-wise) - 2022-2024,2016,2024,9,2016 2017 2018 2019 2020 2021 2022 2023 2024,10,pdf_text,data/series/cii/sll-crimes-crime-head-wise.csv
cii/sll-crimes-crime-head-wise-city-wise__city,cii,Summary (Metropolitan Cities),city,SLL Crimes (Crime Head-wise & City-wise) - 2024,2016,2024,9,2016 2017 2018 2019 2020 2021 2022 2023 2024,17,excel pdf_text,data/series/cii/sll-crimes-crime-head-wise-city-wise__city.csv
cii/sll-crimes-crime-head-wise-state-ut-wise__state-ut,cii,Summary (States/UTs),state-ut,SLL Crimes (Crime Head-wise & State/UT-wise) - 2024,2021,2024,4,2021 2022 2023 2024,4,pdf_text,data/series/cii/sll-crimes-crime-head-wise-state-ut-wise__state-ut.csv
cii/sll-crimes-crime-head-wise-states-ut-wise__state-ut,cii,Summary (States/UTs),state-ut,SLL Crimes (Crime Head-wise & States/UT-wise) - 2020,2016,2020,5,2016 2017 2018 2019 2020,5,pdf_text,data/series/cii/sll-crimes-crime-head-wise-states-ut-wise__state-ut.csv
cii/sll-crimes-state-ut-wise__state-ut,cii,Summary (States/UTs),state-ut,SLL Crimes (State/UT-wise) – 2024,2016,2024,9,2016 2017 2018 2019 2020 2021 2022 2023 2024,17,pdf_text,data/series/cii/sll-crimes-state-ut-wise__state-ut.csv
cii/state-a-n-islands,cii,District Wise Reports,,State: A&N Islands,2014,2024,8,2014 2015 2016 2020 2021 2022 2023 2024,75,excel,data/series/cii/state-a-n-islands.csv
cii/state-andhra-pradesh,cii,District Wise Reports,,State : Andhra Pradesh,2017,2018,2,2017 2018,2,excel,data/series/cii/state-andhra-pradesh.csv
cii/state-arunachal-pradesh,cii,District Wise Reports,,State: Arunachal Pradesh,2014,2024,8,2014 2015 2016 2020 2021 2022 2023 2024,75,excel,data/series/cii/state-arunachal-pradesh.csv
cii/state-assam,cii,District Wise Reports,,State: Assam,2014,2024,8,2014 2015 2016 2020 2021 2022 2023 2024,75,excel,data/series/cii/state-assam.csv
cii/state-bihar,cii,District Wise Reports,,State: Bihar,2014,2024,8,2014 2015 2016 2020 2021 2022 2023 2024,75,excel,data/series/cii/state-bihar.csv
cii/state-chandigarh,cii,District Wise Reports,,State: Chandigarh,2014,2024,8,2014 2015 2016 2020 2021 2022 2023 2024,75,excel,data/series/cii/state-chandigarh.csv
cii/state-chhattisgarh,cii,District Wise Reports,,State: Chhattisgarh,2014,2024,8,2014 2015 2016 2020 2021 2022 2023 2024,75,excel,data/series/cii/state-chhattisgarh.csv
cii/state-d-n-haveli,cii,District Wise Reports,,State: D&N Haveli,2014,2016,3,2014 2015 2016,25,excel,data/series/cii/state-d-n-haveli.csv
cii/state-d-n-haveli-and-daman-diu,cii,District Wise Reports,,State: D&N Haveli and Daman & Diu,2020,2024,5,2020 2021 2022 2023 2024,50,excel,data/series/cii/state-d-n-haveli-and-daman-diu.csv
cii/state-daman-diu,cii,District Wise Reports,,State: Daman & Diu,2014,2016,3,2014 2015 2016,25,excel,data/series/cii/state-daman-diu.csv
cii/state-delhi,cii,District Wise Reports,,State: Delhi,2020,2024,5,2020 2021 2022 2023 2024,50,excel,data/series/cii/state-delhi.csv
cii/state-delhi-ut,cii,District Wise Reports,,State: Delhi UT,2014,2016,3,2014 2015 2016,25,excel,data/series/cii/state-delhi-ut.csv
cii/state-goa,cii,District Wise Reports,,State: Goa,2014,2024,8,2014 2015 2016 2020 2021 2022 2023 2024,75,excel,data/series/cii/state-goa.csv
cii/state-gujarat,cii,District Wise Reports,,State: Gujarat,2014,2024,8,2014 2015 2016 2020 2021 2022 2023 2024,75,excel,data/series/cii/state-gujarat.csv
cii/state-haryana,cii,District Wise Reports,,State: Haryana,2014,2024,8,2014 2015 2016 2020 2021 2022 2023 2024,75,excel,data/series/cii/state-haryana.csv
cii/state-himachal-pradesh,cii,District Wise Reports,,State: Himachal Pradesh,2014,2024,8,2014 2015 2016 2020 2021 2022 2023 2024,75,excel,data/series/cii/state-himachal-pradesh.csv
cii/state-jammu-kashmir,cii,District Wise Reports,,State: Jammu & Kashmir,2014,2024,8,2014 2015 2016 2020 2021 2022 2023 2024,75,excel,data/series/cii/state-jammu-kashmir.csv
cii/state-jharkhand,cii,District Wise Reports,,State: Jharkhand,2014,2024,8,2014 2015 2016 2020 2021 2022 2023 2024,75,excel,data/series/cii/state-jharkhand.csv
cii/state-karnataka,cii,District Wise Reports,,State: Karnataka,2014,2024,8,2014 2015 2016 2020 2021 2022 2023 2024,75,excel,data/series/cii/state-karnataka.csv
cii/state-kerala,cii,District Wise Reports,,State: Kerala,2014,2024,8,2014 2015 2016 2020 2021 2022 2023 2024,75,excel,data/series/cii/state-kerala.csv
cii/state-ladakh,cii,District Wise Reports,,State: Ladakh,2020,2024,5,2020 2021 2022 2023 2024,50,excel,data/series/cii/state-ladakh.csv
cii/state-lakshadweep,cii,District Wise Reports,,State: Lakshadweep,2014,2024,8,2014 2015 2016 2020 2021 2022 2023 2024,75,excel,data/series/cii/state-lakshadweep.csv
cii/state-madhya-pradesh,cii,District Wise Reports,,State: Madhya Pradesh,2014,2024,8,2014 2015 2016 2020 2021 2022 2023 2024,75,excel,data/series/cii/state-madhya-pradesh.csv
cii/state-maharashtra,cii,District Wise Reports,,State: Maharashtra,2014,2024,8,2014 2015 2016 2020 2021 2022 2023 2024,75,excel,data/series/cii/state-maharashtra.csv
cii/state-manipur,cii,District Wise Reports,,State: Manipur,2014,2024,8,2014 2015 2016 2020 2021 2022 2023 2024,75,excel,data/series/cii/state-manipur.csv
cii/state-meghalaya,cii,District Wise Reports,,State: Meghalaya,2014,2024,8,2014 2015 2016 2020 2021 2022 2023 2024,75,excel,data/series/cii/state-meghalaya.csv
cii/state-mizoram,cii,District Wise Reports,,State: Mizoram,2014,2024,8,2014 2015 2016 2020 2021 2022 2023 2024,75,excel,data/series/cii/state-mizoram.csv
cii/state-nagaland,cii,District Wise Reports,,State: Nagaland,2014,2024,8,2014 2015 2016 2020 2021 2022 2023 2024,75,excel,data/series/cii/state-nagaland.csv
cii/state-odisha,cii,District Wise Reports,,State: Odisha,2014,2024,8,2014 2015 2016 2020 2021 2022 2023 2024,75,excel,data/series/cii/state-odisha.csv
cii/state-puducherry,cii,District Wise Reports,,State: Puducherry,2014,2024,8,2014 2015 2016 2020 2021 2022 2023 2024,75,excel,data/series/cii/state-puducherry.csv
cii/state-punjab,cii,District Wise Reports,,State: Punjab,2014,2024,8,2014 2015 2016 2020 2021 2022 2023 2024,75,excel,data/series/cii/state-punjab.csv
cii/state-rajasthan,cii,District Wise Reports,,State: Rajasthan,2014,2024,8,2014 2015 2016 2020 2021 2022 2023 2024,75,excel,data/series/cii/state-rajasthan.csv
cii/state-sikkim,cii,District Wise Reports,,State: Sikkim,2014,2024,8,2014 2015 2016 2020 2021 2022 2023 2024,74,excel,data/series/cii/state-sikkim.csv
cii/state-tamil-nadu,cii,District Wise Reports,,State: Tamil Nadu,2014,2024,8,2014 2015 2016 2020 2021 2022 2023 2024,75,excel,data/series/cii/state-tamil-nadu.csv
cii/state-telangana,cii,District Wise Reports,,State: Telangana,2014,2024,8,2014 2015 2016 2020 2021 2022 2023 2024,75,excel,data/series/cii/state-telangana.csv
cii/state-tripura,cii,District Wise Reports,,State: Tripura,2014,2024,8,2014 2015 2016 2020 2021 2022 2023 2024,75,excel,data/series/cii/state-tripura.csv
cii/state-ut-wise-cases-and-persons-disposal-under-crimes-against-foreigners,cii,States/UTs,,State-UT -wise Cases and Persons Disposal under Crimes against Foreigners during 2023,2021,2023,3,2021 2022 2023,3,excel,data/series/cii/state-ut-wise-cases-and-persons-disposal-under-crimes-against-foreigners.csv
cii/state-ut-wise-cases-and-persons-disposal-under-crimes-by-foreigners,cii,States/UTs,,State-UT -wise Cases and Persons Disposal under Crimes by Foreigners during 2023,2021,2023,3,2021 2022 2023,3,excel,data/series/cii/state-ut-wise-cases-and-persons-disposal-under-crimes-by-foreigners.csv
cii/state-ut-wise-cases-and-persons-disposal-under-cyber-crimes-against-children,cii,States/UTs,,State-UT -wise Cases and Persons Disposal under Cyber Crimes against Children during 2023,2021,2023,3,2021 2022 2023,3,excel,data/series/cii/state-ut-wise-cases-and-persons-disposal-under-cyber-crimes-against-children.csv
cii/state-ut-wise-cases-and-persons-disposal-under-cyber-crimes-against-women,cii,States/UTs,,State-UT -wise Cases and Persons Disposal under Cyber Crimes against Women during 2023,2021,2023,3,2021 2022 2023,3,excel,data/series/cii/state-ut-wise-cases-and-persons-disposal-under-cyber-crimes-against-women.csv
cii/state-ut-wise-cases-registered-156-3-under-crimes-against-children,cii,States/UTs,,State-UT -wise Cases Registered 156_3 under Crimes against Children during 2023,2021,2024,4,2021 2022 2023 2024,4,excel,data/series/cii/state-ut-wise-cases-registered-156-3-under-crimes-against-children.csv
cii/state-ut-wise-cases-registered-156-3-under-crimes-against-scs,cii,States/UTs,,State-UT -wise Cases Registered 156_3 under Crimes against SCs during 2024,2021,2024,4,2021 2022 2023 2024,4,excel,data/series/cii/state-ut-wise-cases-registered-156-3-under-crimes-against-scs.csv
cii/state-ut-wise-cases-registered-156-3-under-crimes-against-sr-citizen,cii,States/UTs,,State-UT -wise Cases Registered 156_3 under Crimes against Sr Citizen during 2022,2021,2022,2,2021 2022,2,excel,data/series/cii/state-ut-wise-cases-registered-156-3-under-crimes-against-sr-citizen.csv
cii/state-ut-wise-cases-registered-156-3-under-crimes-against-sts,cii,States/UTs,,State-UT -wise Cases Registered 156_3 under Crimes against STs during 2024,2021,2024,4,2021 2022 2023 2024,6,excel,data/series/cii/state-ut-wise-cases-registered-156-3-under-crimes-against-sts.csv
cii/state-ut-wise-cases-registered-156-3-under-crimes-against-women,cii,States/UTs,,State-UT -wise Cases Registered 156_3 under Crimes against Women during 2024,2021,2024,4,2021 2022 2023 2024,4,excel,data/series/cii/state-ut-wise-cases-registered-156-3-under-crimes-against-women.csv
cii/state-ut-wise-cases-registered-156-3-under-ipc,cii,States/UTs,,.State-UT-wise Cases Registered 156_3 under IPC during 2022,2021,2022,2,2021 2022,2,excel,data/series/cii/state-ut-wise-cases-registered-156-3-under-ipc.csv
cii/state-ut-wise-cases-registered-156-3-under-sll,cii,States/UTs,,State-UT -wise Cases Registered 156_3 under SLL during 2022,2021,2022,2,2021 2022,2,excel,data/series/cii/state-ut-wise-cases-registered-156-3-under-sll.csv
cii/state-ut-wise-cases-registered-in-police-stations-and-cr-pc-156-3-under-sll-crimes__state-ut,cii,States/UTs,state-ut,State/UT-wise Cases Registered In Police Stations and Cr.PC (156_3) under SLL Crimes During 2023,2023,2024,2,2023 2024,2,excel,data/series/cii/state-ut-wise-cases-registered-in-police-stations-and-cr-pc-156-3-under-sll-crimes__state-ut.csv
cii/state-ut-wise-complaints-against-police-personnel,cii,States/UTs,,State-UT -wise Complaints against Police Personnel during 2023,2021,2023,3,2021 2022 2023,4,excel,data/series/cii/state-ut-wise-complaints-against-police-personnel.csv
cii/state-ut-wise-foreign-victims-under-ipc-sll,cii,States/UTs,,State-UT -wise Foreign Victims under IPC & SLL during 2023,2021,2023,3,2021 2022 2023,3,excel,data/series/cii/state-ut-wise-foreign-victims-under-ipc-sll.csv
cii/state-ut-wise-foreigners-arrested-under-ipc-sll,cii,States/UTs,,State-UT -wise Foreigners Arrested under IPC & SLL during 2023,2021,2023,3,2021 2022 2023,3,excel,data/series/cii/state-ut-wise-foreigners-arrested-under-ipc-sll.csv
cii/state-ut-wise-nature-wise-property-stolen-and-recovered,cii,States/UTs,,State-UT -wise Nature-wise Property Stolen and Recovered during 2023,2021,2023,3,2021 2022 2023,3,excel,data/series/cii/state-ut-wise-nature-wise-property-stolen-and-recovered.csv
cii/state-ut-wise-persons-disposal-under-crimes-against-children,cii,States/UTs,,State-UT -wise Persons Disposal under Crimes against Children during 2023,2021,2023,3,2021 2022 2023,3,excel,data/series/cii/state-ut-wise-persons-disposal-under-crimes-against-children.csv
cii/state-ut-wise-persons-disposal-under-crimes-against-scs,cii,States/UTs,,State-UT -wise Persons Disposal under Crimes against SCs during 2023,2021,2023,3,2021 2022 2023,3,excel,data/series/cii/state-ut-wise-persons-disposal-under-crimes-against-scs.csv
cii/state-ut-wise-persons-disposal-under-crimes-against-senior-citizen,cii,States/UTs,,State-UT -wise Persons Disposal under Crimes against Senior Citizen during 2023,2021,2023,3,2021 2022 2023,3,excel,data/series/cii/state-ut-wise-persons-disposal-under-crimes-against-senior-citizen.csv
cii/state-ut-wise-persons-disposal-under-crimes-against-sts,cii,States/UTs,,State-UT -wise Persons Disposal under Crimes against STs during 2023,2021,2023,3,2021 2022 2023,3,excel,data/series/cii/state-ut-wise-persons-disposal-under-crimes-against-sts.csv
cii/state-ut-wise-persons-disposal-under-crimes-against-women,cii,States/UTs,,State-UT -wise Persons Disposal under Crimes against Women during 2023,2021,2023,3,2021 2022 2023,3,excel,data/series/cii/state-ut-wise-persons-disposal-under-crimes-against-women.csv
cii/state-ut-wise-persons-disposal-under-cyber-crimes,cii,States/UTs,,State-UT -wise Persons Disposal under Cyber Crimes during 2023,2021,2023,3,2021 2022 2023,3,excel,data/series/cii/state-ut-wise-persons-disposal-under-cyber-crimes.csv
cii/state-ut-wise-persons-disposal-under-ipc-crimes,cii,States/UTs,,State-UT -wise Persons Disposal under IPC Crimes during 2023,2022,2023,2,2022 2023,2,excel,data/series/cii/state-ut-wise-persons-disposal-under-ipc-crimes.csv
cii/state-ut-wise-persons-disposal-under-ipc-crimes__state-ut,cii,States/UTs,state-ut,State/UT-wise Persons Disposal under IPC Crimes during 2021,2019,2021,2,2019 2021,4,excel,data/series/cii/state-ut-wise-persons-disposal-under-ipc-crimes__state-ut.csv
cii/state-ut-wise-persons-disposal-under-sll-crimes,cii,States/UTs,,State-UT -wise Persons Disposal under SLL Crimes during 2023,2021,2023,3,2021 2022 2023,3,excel,data/series/cii/state-ut-wise-persons-disposal-under-sll-crimes.csv
cii/state-ut-wise-place-of-occurrence-wise-property-stolen-and-recovered,cii,States/UTs,,State-UT -wise Place of Occurrence-wise Property Stolen and Recovered during 2023,2022,2023,2,2022 2023,2,excel,data/series/cii/state-ut-wise-place-of-occurrence-wise-property-stolen-and-recovered.csv
cii/state-ut-wise-property-stolen-and-recovered,cii,States/UTs,,State-UT -wise Property Stolen and Recovered during 2023,2021,2023,3,2021 2022 2023,3,excel,data/series/cii/state-ut-wise-property-stolen-and-recovered.csv
cii/state-ut-wise-rank-wise-police-personnel-injured-on-duty,cii,States/UTs,,State-UT -wise Rank-wise Police Personnel Injured on Duty during 2023,2021,2023,3,2021 2022 2023,3,excel,data/series/cii/state-ut-wise-rank-wise-police-personnel-injured-on-duty.csv
cii/state-ut-wise-rank-wise-police-personnel-killed-on-duty,cii,States/UTs,,State-UT -wise Rank-wise Police Personnel Killed on Duty during 2023,2021,2023,3,2021 2022 2023,3,excel,data/series/cii/state-ut-wise-rank-wise-police-personnel-killed-on-duty.csv
cii/state-ut-wise-seizures-under-ndps-act,cii,States/UTs,,State-UT -wise Seizures under NDPS Act during 2023,2022,2023,2,2022 2023,2,excel,data/series/cii/state-ut-wise-seizures-under-ndps-act.csv
cii/state-ut-wise-total-no-of-police-districts-and-district-level-aht-units__state-ut,cii,Human Trafficking,state-ut,State/UT-wise Total No. of Police Districts and District-level AHT Units during 2022,2020,2022,3,2020 2021 2022,3,pdf_text,data/series/cii/state-ut-wise-total-no-of-police-districts-and-district-level-aht-units__state-ut.csv
cii/state-ut-wise-total-no-of-police-districts-and-district-level-aht-units-as-on-31-12__state-ut,cii,Human Trafficking,state-ut,State/UT-wise Total No. of Police Districts and District-level AHT Units as on 31/12/2024,2023,2024,2,2023 2024,2,pdf_text,data/series/cii/state-ut-wise-total-no-of-police-districts-and-district-level-aht-units-as-on-31-12__state-ut.csv
cii/state-ut-wise-violent-crimes-incidence-crime-rate__state-ut,cii,Violent Crimes,state-ut,State/UT-wise Violent Crimes (Incidence & Crime Rate) – 2022-2024,2017,2024,8,2017 2018 2019 2020 2021 2022 2023 2024,8,pdf_text,data/series/cii/state-ut-wise-violent-crimes-incidence-crime-rate__state-ut.csv
cii/state-ut-wise-weapontype-wise-seizure-of-ammunition,cii,States/UTs,,State-UT -wise WeaponType-wise Seizure of Ammunition during 2023,2021,2023,3,2021 2022 2023,3,excel,data/series/cii/state-ut-wise-weapontype-wise-seizure-of-ammunition.csv
cii/state-ut-wise-weapontype-wise-seizure-of-arms,cii,States/UTs,,State-UT -wise WeaponType-wise Seizure of Arms during 2023,2021,2023,3,2021 2022 2023,3,excel,data/series/cii/state-ut-wise-weapontype-wise-seizure-of-arms.csv
cii/state-uttar-pradesh,cii,District Wise Reports,,State: Uttar Pradesh,2014,2024,8,2014 2015 2016 2020 2021 2022 2023 2024,75,excel,data/series/cii/state-uttar-pradesh.csv
cii/state-uttarakhand,cii,District Wise Reports,,State: Uttarakhand,2014,2024,8,2014 2015 2016 2020 2021 2022 2023 2024,74,excel,data/series/cii/state-uttarakhand.csv
cii/state-west-bengal,cii,District Wise Reports,,State: West Bengal,2014,2024,8,2014 2015 2016 2020 2021 2022 2023 2024,75,excel,data/series/cii/state-west-bengal.csv
cii/statement-iii-statement-showing-number-of-persons-arrested-prosecuted-convicted-and-detained-under-customs-act,cii,Annexures,,"STATEMENT- III STATEMENT SHOWING NUMBER OF PERSONS ARRESTED, PROSECUTED, CONVICTED AND DETAINED UNDER CUSTOMS ACT, COFEPOSA/PIT NDPS ACT DURING – 2015 Action taken under CUSTOMS ACT, 1962",2004,2015,6,2004 2005 2006 2007 2014 2015,6,pdf_text,data/series/cii/statement-iii-statement-showing-number-of-persons-arrested-prosecuted-convicted-and-detained-under-customs-act.csv
cii/statement-indicating-motive-of-murder-and-culpable-homicide-not-amounting-to-murder-in-different-states-u-t-s__city,cii,Crime Survey,city,Statement Indicating Motive of Murder and Culpable Homicide not Amounting to Murder in Different States / U.T.s / Cities During 1982,1975,1982,6,1975 1976 1977 1978 1979 1982,6,pdf_mixed pdf_vlm,data/series/cii/statement-indicating-motive-of-murder-and-culpable-homicide-not-amounting-to-murder-in-different-states-u-t-s__city.csv
cii/statement-indicating-number-of-cases-reported-and-value-of-property-stolen-under-dacoity-by-place-of-occurrenc,cii,Crime Survey,,Statement Indicating Number of Cases Reported and Value of Property Stolen under Dacoity by Place of Occurrence During 1982,1971,1982,6,1971 1975 1977 1978 1980 1982,6,pdf_ocr pdf_vlm,data/series/cii/statement-indicating-number-of-cases-reported-and-value-of-property-stolen-under-dacoity-by-place-of-occurrenc.csv
cii/statement-indicating-number-of-cases-reported-and-value-of-property-stolen-under-robbery-by-place-of-occurrenc,cii,Crime Survey,,Statement Indicating Number of Cases Reported and Value of Property Stolen under Robbery by Place of Occurrence During 1982,1975,1982,6,1975 1977 1978 1979 1980 1982,6,pdf_ocr pdf_vlm,data/series/cii/statement-indicating-number-of-cases-reported-and-value-of-property-stolen-under-robbery-by-place-of-occurrenc.csv
cii/statement-of-cases-registered-under-cyber-crime-related-ipc-sections,cii,Cyber Crime,,STATEMENT OF CASES REGISTERED UNDER CYBER-CRIME RELATED IPC SECTIONS DURING 2012,2004,2012,9,2004 2005 2006 2007 2008 2009 2010 2011 2012,10,excel,data/series/cii/statement-of-cases-registered-under-cyber-crime-related-ipc-sections.csv
cii/statement-of-cases-registered-under-i-t-act,cii,Cyber Crime,,STATEMENT OF CASES REGISTERED UNDER I T ACT DURING 2012,2004,2012,9,2004 2005 2006 2007 2008 2009 2010 2011 2012,10,excel,data/series/cii/statement-of-cases-registered-under-i-t-act.csv
cii/statement-of-cases-reported-and-their-disposal-by-police-and-court-under-abetment-to-suicide-section-305-ipc,cii,Crime against Children,,STATEMENT OF CASES REPORTED AND THEIR DISPOSAL BY POLICE AND COURT UNDER ABETMENT TO SUICIDE (SECTION 305 IPC) DURING 2012,2005,2012,8,2005 2006 2007 2008 2009 2010 2011 2012,8,excel,data/series/cii/statement-of-cases-reported-and-their-disposal-by-police-and-court-under-abetment-to-suicide-section-305-ipc.csv
cii/statement-of-cases-reported-and-their-disposal-by-police-and-court-under-antiquities-and-art-reasures-act,cii,Special and Local Laws (SLL),,"STATEMENT OF CASES REPORTED AND THEIR DISPOSAL BY POLICE AND COURT UNDER ANTIQUITIES AND ART REASURES ACT, 1972 DURING 2011",2004,2011,8,2004 2005 2006 2007 2008 2009 2010 2011,8,excel,data/series/cii/statement-of-cases-reported-and-their-disposal-by-police-and-court-under-antiquities-and-art-reasures-act.csv
cii/statement-of-cases-reported-and-their-disposal-by-police-and-court-under-arms-act,cii,Special and Local Laws (SLL),,"STATEMENT OF CASES REPORTED AND THEIR DISPOSAL BY POLICE AND COURT UNDER ARMS ACT, 1959 DURING 2012",2004,2012,8,2004 2005 2006 2007 2008 2010 2011 2012,8,excel,data/series/cii/statement-of-cases-reported-and-their-disposal-by-police-and-court-under-arms-act.csv
cii/statement-of-cases-reported-and-their-disposal-by-police-and-court-under-arson-section-435-436-438-ipc,cii,Indian Penal Code (IPC),,"STATEMENT OF CASES REPORTED AND THEIR DISPOSAL BY POLICE AND COURT UNDER ARSON (SECTION 435, 436, 438 IPC) DURING 2012",2004,2012,8,2004 2005 2006 2007 2008 2010 2011 2012,8,excel,data/series/cii/statement-of-cases-reported-and-their-disposal-by-police-and-court-under-arson-section-435-436-438-ipc.csv
cii/statement-of-cases-reported-and-their-disposal-by-police-and-court-under-arson-section-435-436-438-ipc-for-cri,cii,Crime against Scheduled Castes,,"STATEMENT OF CASES REPORTED AND THEIR DISPOSAL BY POLICE AND COURT UNDER ARSON (SECTION 435, 436, 438 IPC) FOR CRIMES COMMITTED AGAINST SCHEDULED CASTES DURING 2012",2004,2012,9,2004 2005 2006 2007 2008 2009 2010 2011 2012,18,excel,data/series/cii/statement-of-cases-reported-and-their-disposal-by-police-and-court-under-arson-section-435-436-438-ipc-for-cri.csv
cii/statement-of-cases-reported-and-their-disposal-by-police-and-court-under-attempt-to-commit-murder-section-307,cii,Indian Penal Code (IPC),,STATEMENT OF CASES REPORTED AND THEIR DISPOSAL BY POLICE AND COURT UNDER ATTEMPT TO COMMIT MURDER (SECTION 307 IPC) DURING 2012,2004,2012,8,2004 2005 2006 2007 2008 2010 2011 2012,8,excel,data/series/cii/statement-of-cases-reported-and-their-disposal-by-police-and-court-under-attempt-to-commit-murder-section-307.csv
cii/statement-of-cases-reported-and-their-disposal-by-police-and-court-under-auto-theft,cii,Indian Penal Code (IPC),,STATEMENT OF CASES REPORTED AND THEIR DISPOSAL BY POLICE AND COURT UNDER AUTO THEFT DURING 2012,2004,2012,8,2004 2005 2006 2007 2008 2010 2011 2012,8,excel,data/series/cii/statement-of-cases-reported-and-their-disposal-by-police-and-court-under-auto-theft.csv
cii/statement-of-cases-reported-and-their-disposal-by-police-and-court-under-burglary-section-449-to-452-454-455-4,cii,Indian Penal Code (IPC),,"STATEMENT OF CASES REPORTED AND THEIR DISPOSAL BY POLICE AND COURT UNDER BURGLARY (SECTION 449 TO 452, 454, 455, 457 TO 460 IPC) DURING 2012",2004,2012,8,2004 2005 2006 2007 2008 2010 2011 2012,8,excel,data/series/cii/statement-of-cases-reported-and-their-disposal-by-police-and-court-under-burglary-section-449-to-452-454-455-4.csv
cii/statement-of-cases-reported-and-their-disposal-by-police-and-court-under-buying-of-girls-for-prostitution-sect,cii,Human Trafficking,,STATEMENT OF CASES REPORTED AND THEIR DISPOSAL BY POLICE AND COURT UNDER BUYING OF GIRLS FOR PROSTITUTION (SECTION 373 IPC) DURING 2012,2004,2012,9,2004 2005 2006 2007 2008 2009 2010 2011 2012,17,excel,data/series/cii/statement-of-cases-reported-and-their-disposal-by-police-and-court-under-buying-of-girls-for-prostitution-sect.csv
cii/statement-of-cases-reported-and-their-disposal-by-police-and-court-under-causing-death-by-negligence-section-3,cii,Indian Penal Code (IPC),,STATEMENT OF CASES REPORTED AND THEIR DISPOSAL BY POLICE AND COURT UNDER CAUSING DEATH BY NEGLIGENCE (SECTION 304-A IPC) DURING 2012,2004,2012,8,2004 2005 2006 2007 2008 2010 2011 2012,8,excel,data/series/cii/statement-of-cases-reported-and-their-disposal-by-police-and-court-under-causing-death-by-negligence-section-3.csv
cii/statement-of-cases-reported-and-their-disposal-by-police-and-court-under-cheating-section-419-to-420-ipc,cii,Indian Penal Code (IPC),,STATEMENT OF CASES REPORTED AND THEIR DISPOSAL BY POLICE AND COURT UNDER CHEATING (SECTION 419 TO 420 IPC) DURING 2012,2004,2012,8,2004 2005 2006 2007 2008 2010 2011 2012,8,excel,data/series/cii/statement-of-cases-reported-and-their-disposal-by-police-and-court-under-cheating-section-419-to-420-ipc.csv
cii/statement-of-cases-reported-and-their-disposal-by-police-and-court-under-child-marriage-restraint-act,cii,Special and Local Laws (SLL),,"STATEMENT OF CASES REPORTED AND THEIR DISPOSAL BY POLICE AND COURT UNDER CHILD MARRIAGE RESTRAINT ACT, 1929 DURING 2012",2004,2012,9,2004 2005 2006 2007 2008 2009 2010 2011 2012,21,excel,data/series/cii/statement-of-cases-reported-and-their-disposal-by-police-and-court-under-child-marriage-restraint-act.csv
cii/statement-of-cases-reported-and-their-disposal-by-police-and-court-under-copyright-act,cii,Special and Local Laws (SLL),,"STATEMENT OF CASES REPORTED AND THEIR DISPOSAL BY POLICE AND COURT UNDER COPYRIGHT ACT, 1957 DURING 2012",2004,2012,9,2004 2005 2006 2007 2008 2009 2010 2011 2012,9,excel,data/series/cii/statement-of-cases-reported-and-their-disposal-by-police-and-court-under-copyright-act.csv
cii/statement-of-cases-reported-and-their-disposal-by-police-and-court-under-counterfeiting-section-231-254-and-48,cii,Indian Penal Code (IPC),,STATEMENT OF CASES REPORTED AND THEIR DISPOSAL BY POLICE AND COURT UNDER COUNTERFEITING (SECTION 231-254 AND 489A TO 489D IPC) DURING 2012,2004,2012,8,2004 2005 2006 2007 2008 2010 2011 2012,8,excel,data/series/cii/statement-of-cases-reported-and-their-disposal-by-police-and-court-under-counterfeiting-section-231-254-and-48.csv
cii/statement-of-cases-reported-and-their-disposal-by-police-and-court-under-criminal-breach-of-trust-section-406,cii,Indian Penal Code (IPC),,STATEMENT OF CASES REPORTED AND THEIR DISPOSAL BY POLICE AND COURT UNDER CRIMINAL BREACH OF TRUST (SECTION 406 TO 409 IPC) DURING 2012,2004,2012,8,2004 2005 2006 2007 2008 2010 2011 2012,8,excel,data/series/cii/statement-of-cases-reported-and-their-disposal-by-police-and-court-under-criminal-breach-of-trust-section-406.csv
cii/statement-of-cases-reported-and-their-disposal-by-police-and-court-under-cruelty-by-husband-and-relatives-sect,cii,Crime against Women,,STATEMENT OF CASES REPORTED AND THEIR DISPOSAL BY POLICE AND COURT UNDER CRUELTY BY HUSBAND AND RELATIVES (SECTION 498-A IPC) DURING 2012,2004,2012,9,2004 2005 2006 2007 2008 2009 2010 2011 2012,17,excel,data/series/cii/statement-of-cases-reported-and-their-disposal-by-police-and-court-under-cruelty-by-husband-and-relatives-sect.csv
cii/statement-of-cases-reported-and-their-disposal-by-police-and-court-under-culpabale-homicide-not-amounting-to-m,cii,Indian Penal Code (IPC),,"STATEMENT OF CASES REPORTED AND THEIR DISPOSAL BY POLICE AND COURT UNDER CULPABALE HOMICIDE NOT AMOUNTING TO MURDER (SECTION 304, 308 IPC) DURING 2012",2004,2012,8,2004 2005 2006 2007 2008 2010 2011 2012,8,excel,data/series/cii/statement-of-cases-reported-and-their-disposal-by-police-and-court-under-culpabale-homicide-not-amounting-to-m.csv
cii/statement-of-cases-reported-and-their-disposal-by-police-and-court-under-custodial-rape,cii,Indian Penal Code (IPC),,STATEMENT OF CASES REPORTED AND THEIR DISPOSAL BY POLICE AND COURT UNDER CUSTODIAL RAPE DURING 2012,2004,2012,8,2004 2005 2006 2007 2008 2010 2011 2012,8,excel,data/series/cii/statement-of-cases-reported-and-their-disposal-by-police-and-court-under-custodial-rape.csv
cii/statement-of-cases-reported-and-their-disposal-by-police-and-court-under-dacoity-section-395-398-ipc-for-crime,cii,Crime against Scheduled Castes,,STATEMENT OF CASES REPORTED AND THEIR DISPOSAL BY POLICE AND COURT UNDER DACOITY (SECTION 395-398 IPC) FOR CRIMES COMMITTED AGAINST SCHEDULED CASTES DURING 2012,2004,2012,9,2004 2005 2006 2007 2008 2009 2010 2011 2012,18,excel,data/series/cii/statement-of-cases-reported-and-their-disposal-by-police-and-court-under-dacoity-section-395-398-ipc-for-crime.csv
cii/statement-of-cases-reported-and-their-disposal-by-police-and-court-under-dacoity-section-395-to-398-ipc,cii,Indian Penal Code (IPC),,STATEMENT OF CASES REPORTED AND THEIR DISPOSAL BY POLICE AND COURT UNDER DACOITY (SECTION 395 TO 398 IPC) DURING 2012,2004,2012,8,2004 2005 2006 2007 2008 2010 2011 2012,8,excel,data/series/cii/statement-of-cases-reported-and-their-disposal-by-police-and-court-under-dacoity-section-395-to-398-ipc.csv
cii/statement-of-cases-reported-and-their-disposal-by-police-and-court-under-dowry-death-section-304-b-ipc,cii,Crime against Women,,STATEMENT OF CASES REPORTED AND THEIR DISPOSAL BY POLICE AND COURT UNDER DOWRY DEATH (SECTION 304-B IPC) DURING 2012,2004,2012,9,2004 2005 2006 2007 2008 2009 2010 2011 2012,9,excel,data/series/cii/statement-of-cases-reported-and-their-disposal-by-police-and-court-under-dowry-death-section-304-b-ipc.csv
cii/statement-of-cases-reported-and-their-disposal-by-police-and-court-under-dowry-deaths,cii,Crime against Women,,STATEMENT OF CASES REPORTED AND THEIR DISPOSAL BY POLICE AND COURT UNDER DOWRY DEATHS DURING 2001,2012,2015,2,2012 2015,25,excel,data/series/cii/statement-of-cases-reported-and-their-disposal-by-police-and-court-under-dowry-deaths.csv
cii/statement-of-cases-reported-and-their-disposal-by-police-and-court-under-dowry-deaths-section-304b-ipc,cii,Indian Penal Code (IPC),,STATEMENT OF CASES REPORTED AND THEIR DISPOSAL BY POLICE AND COURT UNDER DOWRY DEATHS (SECTION 304B IPC) DURING 2012,2004,2012,8,2004 2005 2006 2007 2008 2010 2011 2012,8,excel,data/series/cii/statement-of-cases-reported-and-their-disposal-by-police-and-court-under-dowry-deaths-section-304b-ipc.csv
cii/statement-of-cases-reported-and-their-disposal-by-police-and-court-under-dowry-prohibition-act,cii,Crime against Women,,STATEMENT OF CASES REPORTED AND THEIR DISPOSAL BY POLICE AND COURT UNDER DOWRY PROHIBITION ACT DURING 2001,2004,2015,10,2004 2005 2006 2007 2008 2009 2010 2011 2012 2015,42,excel,data/series/cii/statement-of-cases-reported-and-their-disposal-by-police-and-court-under-dowry-prohibition-act.csv
cii/statement-of-cases-reported-and-their-disposal-by-police-and-court-under-essential-commodities-act,cii,Special and Local Laws (SLL),,"STATEMENT OF CASES REPORTED AND THEIR DISPOSAL BY POLICE AND COURT UNDER ESSENTIAL COMMODITIES ACT, 1955 DURING 2012",2004,2012,9,2004 2005 2006 2007 2008 2009 2010 2011 2012,9,excel,data/series/cii/statement-of-cases-reported-and-their-disposal-by-police-and-court-under-essential-commodities-act.csv
cii/statement-of-cases-reported-and-their-disposal-by-police-and-court-under-excise-act,cii,Special and Local Laws (SLL),,STATEMENT OF CASES REPORTED AND THEIR DISPOSAL BY POLICE AND COURT UNDER EXCISE ACT DURING 2012,2004,2012,9,2004 2005 2006 2007 2008 2009 2010 2011 2012,9,excel,data/series/cii/statement-of-cases-reported-and-their-disposal-by-police-and-court-under-excise-act.csv
cii/statement-of-cases-reported-and-their-disposal-by-police-and-court-under-explosives-explosive-substances-act-1,cii,Special and Local Laws (SLL),,"STATEMENT OF CASES REPORTED AND THEIR DISPOSAL BY POLICE AND COURT UNDER EXPLOSIVES & EXPLOSIVE SUBSTANCES ACT, 1884 & 1908 DURING 2012",2004,2012,9,2004 2005 2006 2007 2008 2009 2010 2011 2012,9,excel,data/series/cii/statement-of-cases-reported-and-their-disposal-by-police-and-court-under-explosives-explosive-substances-act-1.csv
cii/statement-of-cases-reported-and-their-disposal-by-police-and-court-under-exposure-and-abandonment-section-317,cii,Crime against Children,,STATEMENT OF CASES REPORTED AND THEIR DISPOSAL BY POLICE AND COURT UNDER EXPOSURE AND ABANDONMENT (SECTION 317 IPC) DURING 2012,2005,2012,8,2005 2006 2007 2008 2009 2010 2011 2012,8,excel,data/series/cii/statement-of-cases-reported-and-their-disposal-by-police-and-court-under-exposure-and-abandonment-section-317.csv
cii/statement-of-cases-reported-and-their-disposal-by-police-and-court-under-foeticide-section-315-316-ipc,cii,Crime against Children,,"STATEMENT OF CASES REPORTED AND THEIR DISPOSAL BY POLICE AND COURT UNDER FOETICIDE (SECTION 315, 316 IPC) DURING 2012",2005,2012,8,2005 2006 2007 2008 2009 2010 2011 2012,8,excel,data/series/cii/statement-of-cases-reported-and-their-disposal-by-police-and-court-under-foeticide-section-315-316-ipc.csv
cii/statement-of-cases-reported-and-their-disposal-by-police-and-court-under-forest-act,cii,Special and Local Laws (SLL),,"STATEMENT OF CASES REPORTED AND THEIR DISPOSAL BY POLICE AND COURT UNDER FOREST ACT, 1927 DURING 2012",2004,2012,9,2004 2005 2006 2007 2008 2009 2010 2011 2012,9,excel,data/series/cii/statement-of-cases-reported-and-their-disposal-by-police-and-court-under-forest-act.csv
cii/statement-of-cases-reported-and-their-disposal-by-police-and-court-under-gambling-act,cii,Special and Local Laws (SLL),,STATEMENT OF CASES REPORTED AND THEIR DISPOSAL BY POLICE AND COURT UNDER GAMBLING ACT DURING 2012,2004,2012,9,2004 2005 2006 2007 2008 2009 2010 2011 2012,9,excel,data/series/cii/statement-of-cases-reported-and-their-disposal-by-police-and-court-under-gambling-act.csv
cii/statement-of-cases-reported-and-their-disposal-by-police-and-court-under-human-trafficking,cii,Human Trafficking,,STATEMENT OF CASES REPORTED AND THEIR DISPOSAL BY POLICE AND COURT UNDER HUMAN TRAFFICKING DURING 2012,2004,2012,9,2004 2005 2006 2007 2008 2009 2010 2011 2012,9,excel,data/series/cii/statement-of-cases-reported-and-their-disposal-by-police-and-court-under-human-trafficking.csv
cii/statement-of-cases-reported-and-their-disposal-by-police-and-court-under-hurt-section-323-324-to-333-335-to-33,cii,Indian Penal Code (IPC),,"STATEMENT OF CASES REPORTED AND THEIR DISPOSAL BY POLICE AND COURT UNDER HURT (SECTION 323, 324 TO 333, 335 TO 338 IPC) DURING 2012",2004,2012,8,2004 2005 2006 2007 2008 2010 2011 2012,8,excel,data/series/cii/statement-of-cases-reported-and-their-disposal-by-police-and-court-under-hurt-section-323-324-to-333-335-to-33.csv
cii/statement-of-cases-reported-and-their-disposal-by-police-and-court-under-hurt-section-323-333-335-338-ipc-for,cii,Crime against Scheduled Castes,,"STATEMENT OF CASES REPORTED AND THEIR DISPOSAL BY POLICE AND COURT UNDER HURT (SECTION 323-333, 335-338 IPC) FOR CRIMES COMMITTED AGAINST SCHEDULED CASTES DURING 2012",2004,2012,9,2004 2005 2006 2007 2008 2009 2010 2011 2012,18,excel,data/series/cii/statement-of-cases-reported-and-their-disposal-by-police-and-court-under-hurt-section-323-333-335-338-ipc-for.csv
cii/statement-of-cases-reported-and-their-disposal-by-police-and-court-under-immoral-traffic-prevention-act,cii,Special and Local Laws (SLL),,"STATEMENT OF CASES REPORTED AND THEIR DISPOSAL BY POLICE AND COURT UNDER IMMORAL TRAFFIC (PREVENTION) ACT, 1956 DURING 2012",2004,2012,9,2004 2005 2006 2007 2008 2009 2010 2011 2012,27,excel,data/series/cii/statement-of-cases-reported-and-their-disposal-by-police-and-court-under-immoral-traffic-prevention-act.csv
cii/statement-of-cases-reported-and-their-disposal-by-police-and-court-under-importation-of-girls-section-366-b-ip,cii,Crime against Women,,STATEMENT OF CASES REPORTED AND THEIR DISPOSAL BY POLICE AND COURT UNDER IMPORTATION OF GIRLS (SECTION 366-B IPC) DURING 2012,2004,2012,9,2004 2005 2006 2007 2008 2009 2010 2011 2012,17,excel,data/series/cii/statement-of-cases-reported-and-their-disposal-by-police-and-court-under-importation-of-girls-section-366-b-ip.csv
cii/statement-of-cases-reported-and-their-disposal-by-police-and-court-under-importation-of-girls-section-366b-ipc,cii,Indian Penal Code (IPC),,STATEMENT OF CASES REPORTED AND THEIR DISPOSAL BY POLICE AND COURT UNDER IMPORTATION OF GIRLS (SECTION 366B IPC) DURING 2012,2004,2012,8,2004 2005 2006 2007 2008 2010 2011 2012,8,excel,data/series/cii/statement-of-cases-reported-and-their-disposal-by-police-and-court-under-importation-of-girls-section-366b-ipc.csv
cii/statement-of-cases-reported-and-their-disposal-by-police-and-court-under-indecent-representation-of-women-proh,cii,Special and Local Laws (SLL),,"STATEMENT OF CASES REPORTED AND THEIR DISPOSAL BY POLICE AND COURT UNDER INDECENT REPRESENTATION OF WOMEN (PROHIBITION) ACT, 1986 DURING 2012",2004,2012,9,2004 2005 2006 2007 2008 2009 2010 2011 2012,18,excel,data/series/cii/statement-of-cases-reported-and-their-disposal-by-police-and-court-under-indecent-representation-of-women-proh.csv
cii/statement-of-cases-reported-and-their-disposal-by-police-and-court-under-indian-passport-act,cii,Special and Local Laws (SLL),,"STATEMENT OF CASES REPORTED AND THEIR DISPOSAL BY POLICE AND COURT UNDER INDIAN PASSPORT ACT, 1967 DURING 2012",2004,2012,9,2004 2005 2006 2007 2008 2009 2010 2011 2012,9,excel,data/series/cii/statement-of-cases-reported-and-their-disposal-by-police-and-court-under-indian-passport-act.csv
cii/statement-of-cases-reported-and-their-disposal-by-police-and-court-under-indian-railways-act,cii,Special and Local Laws (SLL),,"STATEMENT OF CASES REPORTED AND THEIR DISPOSAL BY POLICE AND COURT UNDER INDIAN RAILWAYS ACT, 1989 DURING 2012",2004,2012,9,2004 2005 2006 2007 2008 2009 2010 2011 2012,9,excel,data/series/cii/statement-of-cases-reported-and-their-disposal-by-police-and-court-under-indian-railways-act.csv
cii/statement-of-cases-reported-and-their-disposal-by-police-and-court-under-infanticide-section-315-ipc,cii,Crime against Children,,STATEMENT OF CASES REPORTED AND THEIR DISPOSAL BY POLICE AND COURT UNDER INFANTICIDE (SECTION 315 IPC) DURING 2012,2005,2012,8,2005 2006 2007 2008 2009 2010 2011 2012,8,excel,data/series/cii/statement-of-cases-reported-and-their-disposal-by-police-and-court-under-infanticide-section-315-ipc.csv
cii/statement-of-cases-reported-and-their-disposal-by-police-and-court-under-kidnapping-and-abduction-of-others,cii,Indian Penal Code (IPC),,STATEMENT OF CASES REPORTED AND THEIR DISPOSAL BY POLICE AND COURT UNDER KIDNAPPING AND ABDUCTION OF OTHERS DURING 2012,2004,2012,8,2004 2005 2006 2007 2008 2010 2011 2012,8,excel,data/series/cii/statement-of-cases-reported-and-their-disposal-by-police-and-court-under-kidnapping-and-abduction-of-others.csv
cii/statement-of-cases-reported-and-their-disposal-by-police-and-court-under-kidnapping-and-abduction-of-women-and,cii,Indian Penal Code (IPC),,STATEMENT OF CASES REPORTED AND THEIR DISPOSAL BY POLICE AND COURT UNDER KIDNAPPING AND ABDUCTION OF WOMEN AND GIRLS DURING 2012,2004,2012,8,2004 2005 2006 2007 2008 2010 2011 2012,8,excel,data/series/cii/statement-of-cases-reported-and-their-disposal-by-police-and-court-under-kidnapping-and-abduction-of-women-and.csv
cii/statement-of-cases-reported-and-their-disposal-by-police-and-court-under-kidnapping-and-abduction-section-363,cii,Crime against Women,,"STATEMENT OF CASES REPORTED AND THEIR DISPOSAL BY POLICE AND COURT UNDER KIDNAPPING AND ABDUCTION (SECTION 363-369, 371-373 IPC) DURING 2012",2004,2012,9,2004 2005 2006 2007 2008 2009 2010 2011 2012,43,excel,data/series/cii/statement-of-cases-reported-and-their-disposal-by-police-and-court-under-kidnapping-and-abduction-section-363.csv
cii/statement-of-cases-reported-and-their-disposal-by-police-and-court-under-molestation-section-354-ipc,cii,Crime against Women,,STATEMENT OF CASES REPORTED AND THEIR DISPOSAL BY POLICE AND COURT UNDER MOLESTATION (SECTION 354 IPC) DURING 2011,2004,2011,8,2004 2005 2006 2007 2008 2009 2010 2011,15,excel,data/series/cii/statement-of-cases-reported-and-their-disposal-by-police-and-court-under-molestation-section-354-ipc.csv
cii/statement-of-cases-reported-and-their-disposal-by-police-and-court-under-murder-section-302-ipc,cii,Indian Penal Code (IPC),,STATEMENT OF CASES REPORTED AND THEIR DISPOSAL BY POLICE AND COURT UNDER MURDER (SECTION 302 IPC) DURING 2012,2004,2012,9,2004 2005 2006 2007 2008 2009 2010 2011 2012,16,excel,data/series/cii/statement-of-cases-reported-and-their-disposal-by-police-and-court-under-murder-section-302-ipc.csv
cii/statement-of-cases-reported-and-their-disposal-by-police-and-court-under-murder-section-302-ipc-for-crimes-com,cii,Crime against Scheduled Castes,,STATEMENT OF CASES REPORTED AND THEIR DISPOSAL BY POLICE AND COURT UNDER MURDER (SECTION 302 IPC) FOR CRIMES COMMITTED AGAINST SCHEDULED CASTES DURING 2012,2004,2012,9,2004 2005 2006 2007 2008 2009 2010 2011 2012,18,excel,data/series/cii/statement-of-cases-reported-and-their-disposal-by-police-and-court-under-murder-section-302-ipc-for-crimes-com.csv
cii/statement-of-cases-reported-and-their-disposal-by-police-and-court-under-narcotic-drugs-psychotropic-substance,cii,Special and Local Laws (SLL),,"STATEMENT OF CASES REPORTED AND THEIR DISPOSAL BY POLICE AND COURT UNDER NARCOTIC DRUGS & PSYCHOTROPIC SUBSTANCES ACT, 1985 DURING 2012",2004,2012,8,2004 2005 2006 2007 2008 2010 2011 2012,8,excel,data/series/cii/statement-of-cases-reported-and-their-disposal-by-police-and-court-under-narcotic-drugs-psychotropic-substance.csv
cii/statement-of-cases-reported-and-their-disposal-by-police-and-court-under-other-crimes-committed-against-childr,cii,Crime against Children,,STATEMENT OF CASES REPORTED AND THEIR DISPOSAL BY POLICE AND COURT UNDER OTHER CRIMES COMMITTED AGAINST CHILDREN DURING 2012,2005,2012,8,2005 2006 2007 2008 2009 2010 2011 2012,8,excel,data/series/cii/statement-of-cases-reported-and-their-disposal-by-police-and-court-under-other-crimes-committed-against-childr.csv
cii/statement-of-cases-reported-and-their-disposal-by-police-and-court-under-other-crimes-committed-against-schedu,cii,Crime against Scheduled Castes,,STATEMENT OF CASES REPORTED AND THEIR DISPOSAL BY POLICE AND COURT UNDER OTHER CRIMES COMMITTED AGAINST SCHEDULED CASTES DURING 2012,2004,2012,9,2004 2005 2006 2007 2008 2009 2010 2011 2012,18,excel,data/series/cii/statement-of-cases-reported-and-their-disposal-by-police-and-court-under-other-crimes-committed-against-schedu.csv
cii/statement-of-cases-reported-and-their-disposal-by-police-and-court-under-other-ipc-crimes,cii,Indian Penal Code (IPC),,STATEMENT OF CASES REPORTED AND THEIR DISPOSAL BY POLICE AND COURT UNDER OTHER IPC CRIMES DURING 2012,2004,2012,8,2004 2005 2006 2007 2008 2010 2011 2012,8,excel,data/series/cii/statement-of-cases-reported-and-their-disposal-by-police-and-court-under-other-ipc-crimes.csv
cii/statement-of-cases-reported-and-their-disposal-by-police-and-court-under-other-rape,cii,Indian Penal Code (IPC),,STATEMENT OF CASES REPORTED AND THEIR DISPOSAL BY POLICE AND COURT UNDER OTHER RAPE DURING 2012,2004,2012,8,2004 2005 2006 2007 2008 2010 2011 2012,8,excel,data/series/cii/statement-of-cases-reported-and-their-disposal-by-police-and-court-under-other-rape.csv
cii/statement-of-cases-reported-and-their-disposal-by-police-and-court-under-other-sll-crimes,cii,Special and Local Laws (SLL),,STATEMENT OF CASES REPORTED AND THEIR DISPOSAL BY POLICE AND COURT UNDER OTHER SLL CRIMES DURING 2012,2004,2012,9,2004 2005 2006 2007 2008 2009 2010 2011 2012,9,excel,data/series/cii/statement-of-cases-reported-and-their-disposal-by-police-and-court-under-other-sll-crimes.csv
cii/statement-of-cases-reported-and-their-disposal-by-police-and-court-under-other-theft,cii,Indian Penal Code (IPC),,STATEMENT OF CASES REPORTED AND THEIR DISPOSAL BY POLICE AND COURT UNDER OTHER THEFT DURING 2012,2004,2012,8,2004 2005 2006 2007 2008 2010 2011 2012,8,excel,data/series/cii/statement-of-cases-reported-and-their-disposal-by-police-and-court-under-other-theft.csv
cii/statement-of-cases-reported-and-their-disposal-by-police-and-court-under-preparation-and-assembly-for-dacoity,cii,Indian Penal Code (IPC),,STATEMENT OF CASES REPORTED AND THEIR DISPOSAL BY POLICE AND COURT UNDER PREPARATION AND ASSEMBLY FOR DACOITY (SECTION 399 TO 402 IPC) DURING 2012,2004,2012,8,2004 2005 2006 2007 2008 2010 2011 2012,8,excel,data/series/cii/statement-of-cases-reported-and-their-disposal-by-police-and-court-under-preparation-and-assembly-for-dacoity.csv
cii/statement-of-cases-reported-and-their-disposal-by-police-and-court-under-procuration-of-minor-girls-section-36,cii,Human Trafficking,,STATEMENT OF CASES REPORTED AND THEIR DISPOSAL BY POLICE AND COURT UNDER PROCURATION OF MINOR GIRLS (SECTION 366-A IPC) DURING 2012,2004,2012,9,2004 2005 2006 2007 2008 2009 2010 2011 2012,17,excel,data/series/cii/statement-of-cases-reported-and-their-disposal-by-police-and-court-under-procuration-of-minor-girls-section-36.csv
cii/statement-of-cases-reported-and-their-disposal-by-police-and-court-under-prohibition-act,cii,Special and Local Laws (SLL),,STATEMENT OF CASES REPORTED AND THEIR DISPOSAL BY POLICE AND COURT UNDER PROHIBITION ACT DURING 2012,2004,2012,9,2004 2005 2006 2007 2008 2009 2010 2011 2012,9,excel,data/series/cii/statement-of-cases-reported-and-their-disposal-by-police-and-court-under-prohibition-act.csv
cii/statement-of-cases-reported-and-their-disposal-by-police-and-court-under-protection-of-civil-rights-act,cii,Special and Local Laws (SLL),,"STATEMENT OF CASES REPORTED AND THEIR DISPOSAL BY POLICE AND COURT UNDER PROTECTION OF CIVIL RIGHTS ACT, 1955 DURING 2012",2004,2012,9,2004 2005 2006 2007 2008 2009 2010 2011 2012,9,excel,data/series/cii/statement-of-cases-reported-and-their-disposal-by-police-and-court-under-protection-of-civil-rights-act.csv
cii/statement-of-cases-reported-and-their-disposal-by-police-and-court-under-protection-of-civil-rights-act-for-cr,cii,Special and Local Laws (SLL),,"STATEMENT OF CASES REPORTED AND THEIR DISPOSAL BY POLICE AND COURT UNDER PROTECTION OF CIVIL RIGHTS ACT,1955 FOR CRIMES COMMITTED AGAINST SCHEDULED CASTES DURING 2012",2004,2012,9,2004 2005 2006 2007 2008 2009 2010 2011 2012,36,excel,data/series/cii/statement-of-cases-reported-and-their-disposal-by-police-and-court-under-protection-of-civil-rights-act-for-cr.csv
cii/statement-of-cases-reported-and-their-disposal-by-police-and-court-under-rape-section-376-ipc,cii,Crime against Women,,STATEMENT OF CASES REPORTED AND THEIR DISPOSAL BY POLICE AND COURT UNDER RAPE (SECTION 376 IPC) DURING 2012,2004,2012,9,2004 2005 2006 2007 2008 2009 2010 2011 2012,25,excel,data/series/cii/statement-of-cases-reported-and-their-disposal-by-police-and-court-under-rape-section-376-ipc.csv
cii/statement-of-cases-reported-and-their-disposal-by-police-and-court-under-rape-section-376-ipc-for-crimes-commi,cii,Crime against Scheduled Castes,,STATEMENT OF CASES REPORTED AND THEIR DISPOSAL BY POLICE AND COURT UNDER RAPE (SECTION 376 IPC) FOR CRIMES COMMITTED AGAINST SCHEDULED CASTES DURING 2012,2004,2012,9,2004 2005 2006 2007 2008 2009 2010 2011 2012,18,excel,data/series/cii/statement-of-cases-reported-and-their-disposal-by-police-and-court-under-rape-section-376-ipc-for-crimes-commi.csv
cii/statement-of-cases-reported-and-their-disposal-by-police-and-court-under-registration-of-foreigners-act,cii,Special and Local Laws (SLL),,"STATEMENT OF CASES REPORTED AND THEIR DISPOSAL BY POLICE AND COURT UNDER REGISTRATION OF FOREIGNERS ACT, 1930 DURING 2012",2004,2012,9,2004 2005 2006 2007 2008 2009 2010 2011 2012,9,excel,data/series/cii/statement-of-cases-reported-and-their-disposal-by-police-and-court-under-registration-of-foreigners-act.csv
cii/statement-of-cases-reported-and-their-disposal-by-police-and-court-under-riots-section-143-144-145-147-148-149,cii,Indian Penal Code (IPC),,"STATEMENT OF CASES REPORTED AND THEIR DISPOSAL BY POLICE AND COURT UNDER RIOTS (SECTION 143, 144, 145, 147, 148, 149, 150, 151, 153, 153A, 153B, 157, 158, 160 IPC) DURING 2012",2004,2012,8,2004 2005 2006 2007 2008 2010 2011 2012,8,excel,data/series/cii/statement-of-cases-reported-and-their-disposal-by-police-and-court-under-riots-section-143-144-145-147-148-149.csv
cii/statement-of-cases-reported-and-their-disposal-by-police-and-court-under-robbery-section-392-394-397-398-ipc-f,cii,Crime against Scheduled Castes,,"STATEMENT OF CASES REPORTED AND THEIR DISPOSAL BY POLICE AND COURT UNDER ROBBERY (SECTION 392-394, 397, 398 IPC) FOR CRIMES COMMITTED AGAINST SCHEDULED CASTES DURING 2012",2004,2012,9,2004 2005 2006 2007 2008 2009 2010 2011 2012,18,excel,data/series/cii/statement-of-cases-reported-and-their-disposal-by-police-and-court-under-robbery-section-392-394-397-398-ipc-f.csv
cii/statement-of-cases-reported-and-their-disposal-by-police-and-court-under-robbery-section-392-to-394-397-398-ip,cii,Indian Penal Code (IPC),,"STATEMENT OF CASES REPORTED AND THEIR DISPOSAL BY POLICE AND COURT UNDER ROBBERY (SECTION 392 TO 394, 397, 398 IPC) DURING 2012",2004,2012,8,2004 2005 2006 2007 2008 2010 2011 2012,8,excel,data/series/cii/statement-of-cases-reported-and-their-disposal-by-police-and-court-under-robbery-section-392-to-394-397-398-ip.csv
cii/statement-of-cases-reported-and-their-disposal-by-police-and-court-under-sati-prevention-act,cii,Special and Local Laws (SLL),,STATEMENT OF CASES REPORTED AND THEIR DISPOSAL BY POLICE AND COURT UNDER SATI PREVENTION ACT DURING 2011,2004,2011,8,2004 2005 2006 2007 2008 2009 2010 2011,16,excel,data/series/cii/statement-of-cases-reported-and-their-disposal-by-police-and-court-under-sati-prevention-act.csv
cii/statement-of-cases-reported-and-their-disposal-by-police-and-court-under-sc-st-prevention-of-atrocities-act,cii,Special and Local Laws (SLL),,"STATEMENT OF CASES REPORTED AND THEIR DISPOSAL BY POLICE AND COURT UNDER SC/ST (PREVENTION OF ATROCITIES) ACT, 1989 DURING 2012",2004,2012,9,2004 2005 2006 2007 2008 2009 2010 2011 2012,9,excel,data/series/cii/statement-of-cases-reported-and-their-disposal-by-police-and-court-under-sc-st-prevention-of-atrocities-act.csv
cii/statement-of-cases-reported-and-their-disposal-by-police-and-court-under-sc-st-prevention-of-atrocities-act-fo,cii,Special and Local Laws (SLL),,"STATEMENT OF CASES REPORTED AND THEIR DISPOSAL BY POLICE AND COURT UNDER SC/ST (PREVENTION OF ATROCITIES) ACT, 1989 FOR CRIMES COMMITTED AGAINST SCHEDULED CASTES DURING 2012",2004,2012,9,2004 2005 2006 2007 2008 2009 2010 2011 2012,36,excel,data/series/cii/statement-of-cases-reported-and-their-disposal-by-police-and-court-under-sc-st-prevention-of-atrocities-act-fo.csv
cii/statement-of-cases-reported-and-their-disposal-by-police-and-court-under-selling-of-girls-for-prostitution-sec,cii,Human Trafficking,,STATEMENT OF CASES REPORTED AND THEIR DISPOSAL BY POLICE AND COURT UNDER SELLING OF GIRLS FOR PROSTITUTION (SECTION 372 IPC) DURING 2012,2004,2012,9,2004 2005 2006 2007 2008 2009 2010 2011 2012,17,excel,data/series/cii/statement-of-cases-reported-and-their-disposal-by-police-and-court-under-selling-of-girls-for-prostitution-sec.csv
cii/statement-of-cases-reported-and-their-disposal-by-police-and-court-under-sexual-harassment-eve-teasing-section,cii,Crime against Women,,STATEMENT OF CASES REPORTED AND THEIR DISPOSAL BY POLICE AND COURT UNDER SEXUAL HARASSMENT (EVE-TEASING) (SECTION 509 IPC) DURING 2011,2004,2011,8,2004 2005 2006 2007 2008 2009 2010 2011,15,excel,data/series/cii/statement-of-cases-reported-and-their-disposal-by-police-and-court-under-sexual-harassment-eve-teasing-section.csv
cii/statement-of-cases-reported-and-their-disposal-by-police-and-court-under-terrorist-and-disruptive-activities-a,cii,Special and Local Laws (SLL),,"STATEMENT OF CASES REPORTED AND THEIR DISPOSAL BY POLICE AND COURT UNDER TERRORIST AND DISRUPTIVE ACTIVITIES ACT, 1987 DURING 2012",2004,2012,9,2004 2005 2006 2007 2008 2009 2010 2011 2012,9,excel,data/series/cii/statement-of-cases-reported-and-their-disposal-by-police-and-court-under-terrorist-and-disruptive-activities-a.csv
cii/statement-of-cases-reported-and-their-disposal-by-police-and-court-under-theft-section-379-to-382-ipc,cii,Indian Penal Code (IPC),,STATEMENT OF CASES REPORTED AND THEIR DISPOSAL BY POLICE AND COURT UNDER THEFT (SECTION 379 TO 382 IPC) DURING 2012,2004,2012,8,2004 2005 2006 2007 2008 2010 2011 2012,8,excel,data/series/cii/statement-of-cases-reported-and-their-disposal-by-police-and-court-under-theft-section-379-to-382-ipc.csv
cii/statement-of-cases-reported-and-their-disposal-by-police-and-court-under-total-cognizable-ipc-crimes,cii,Indian Penal Code (IPC),,STATEMENT OF CASES REPORTED AND THEIR DISPOSAL BY POLICE AND COURT UNDER TOTAL COGNIZABLE IPC CRIMES DURING 2012,2004,2012,8,2004 2005 2006 2007 2008 2010 2011 2012,8,excel,data/series/cii/statement-of-cases-reported-and-their-disposal-by-police-and-court-under-total-cognizable-ipc-crimes.csv
cii/statement-of-cases-reported-and-their-disposal-by-police-and-court-under-total-cognizable-sll-crimes,cii,Special and Local Laws (SLL),,STATEMENT OF CASES REPORTED AND THEIR DISPOSAL BY POLICE AND COURT UNDER TOTAL COGNIZABLE SLL CRIMES DURING 2012,2004,2012,9,2004 2005 2006 2007 2008 2009 2010 2011 2012,9,excel,data/series/cii/statement-of-cases-reported-and-their-disposal-by-police-and-court-under-total-cognizable-sll-crimes.csv
cii/statement-of-cases-reported-and-their-disposal-by-police-and-court-under-total-crimes-against-children,cii,Crime against Children,,STATEMENT OF CASES REPORTED AND THEIR DISPOSAL BY POLICE AND COURT UNDER TOTAL CRIMES AGAINST CHILDREN DURING 2012,2005,2012,8,2005 2006 2007 2008 2009 2010 2011 2012,8,excel,data/series/cii/statement-of-cases-reported-and-their-disposal-by-police-and-court-under-total-crimes-against-children.csv
cii/statement-of-cases-reported-and-their-disposal-by-police-and-court-under-total-crimes-against-women,cii,Crime against Women,,STATEMENT OF CASES REPORTED AND THEIR DISPOSAL BY POLICE AND COURT UNDER TOTAL CRIMES AGAINST WOMEN DURING 2012,2004,2012,9,2004 2005 2006 2007 2008 2009 2010 2011 2012,9,excel,data/series/cii/statement-of-cases-reported-and-their-disposal-by-police-and-court-under-total-crimes-against-women.csv
cii/statement-of-cases-reported-and-their-disposal-by-police-and-court-under-total-crimes-committed-against-schedu,cii,Crime against Scheduled Castes,,STATEMENT OF CASES REPORTED AND THEIR DISPOSAL BY POLICE AND COURT UNDER TOTAL CRIMES COMMITTED AGAINST SCHEDULED CASTES DURING 2012,2004,2012,9,2004 2005 2006 2007 2008 2009 2010 2011 2012,18,excel,data/series/cii/statement-of-cases-reported-and-their-disposal-by-police-and-court-under-total-crimes-committed-against-schedu.csv
cii/statement-of-cases-reported-and-their-disposal-by-police-and-court-undercruelty-by-husband-or-his-relatives,cii,Crime against Women,,STATEMENT OF CASES REPORTED AND THEIR DISPOSAL BY POLICE AND COURT UNDERCRUELTY BY HUSBAND OR HIS RELATIVES DURING 2001,2012,2015,2,2012 2015,27,excel,data/series/cii/statement-of-cases-reported-and-their-disposal-by-police-and-court-undercruelty-by-husband-or-his-relatives.csv
cii/statement-of-cases-under-dacoity-robbery-burglary-theft-by-place-of-occurrence,cii,Others,,"STATEMENT OF CASES UNDER DACOITY, ROBBERY, BURGLARY & THEFT BY PLACE OF OCCURRENCE DURING 2001",2012,2015,2,2012 2015,27,excel,data/series/cii/statement-of-cases-under-dacoity-robbery-burglary-theft-by-place-of-occurrence.csv
cii/statement-of-cognizable-crimes-registered-and-their-disposal-by-anti-corruption-and-vigilance-departments-of-s__state-ut,cii,Economic Offences,state-ut,Statement of Cognizable Crimes Registered and their Disposal by Anti Corruption and Vigilance Departments of States & UTs under,1990,2013,16,1990 1991 1992 2001 2002 2003 2004 2005 2006 2007 2008 2009 2010 2011 2012 2013,16,pdf_text pdf_vlm,data/series/cii/statement-of-cognizable-crimes-registered-and-their-disposal-by-anti-corruption-and-vigilance-departments-of-s__state-ut.csv
cii/statement-of-cognizable-crimes-registered-their-disposal-by-anti-corruption-and-vigilance-departments-of-state__state-ut,cii,Crime Survey,state-ut,Statement Of Cognizable Crimes Registered & Their Disposal By Anti-Corruption And Vigilance Departments of States & UTs Under,1993,2015,6,1993 1994 1995 1997 1998 2015,6,pdf_ocr pdf_text pdf_vlm,data/series/cii/statement-of-cognizable-crimes-registered-their-disposal-by-anti-corruption-and-vigilance-departments-of-state__state-ut.csv
cii/statement-of-juvenile-delinquency,cii,,,STATEMENT OF JUVENILE DELINQUENCY,1960,1961,2,1960 1961,2,pdf_vlm,data/series/cii/statement-of-juvenile-delinquency.csv
cii/statement-of-persons-arrested-and-their-disposal-by-police-and-court-under-abetment-to-suicide-section-305-ipc,cii,Crime against Children,,STATEMENT OF PERSONS ARRESTED AND THEIR DISPOSAL BY POLICE AND COURT UNDER ABETMENT TO SUICIDE (SECTION 305 IPC) DURING 2012,2004,2012,9,2004 2005 2006 2007 2008 2009 2010 2011 2012,9,excel,data/series/cii/statement-of-persons-arrested-and-their-disposal-by-police-and-court-under-abetment-to-suicide-section-305-ipc.csv
cii/statement-of-persons-arrested-and-their-disposal-by-police-and-court-under-antiquities-and-art-reasures-act,cii,Special and Local Laws (SLL),,"STATEMENT OF PERSONS ARRESTED AND THEIR DISPOSAL BY POLICE AND COURT UNDER ANTIQUITIES AND ART REASURES ACT, 1972 DURING 2012",2004,2012,9,2004 2005 2006 2007 2008 2009 2010 2011 2012,9,excel,data/series/cii/statement-of-persons-arrested-and-their-disposal-by-police-and-court-under-antiquities-and-art-reasures-act.csv
cii/statement-of-persons-arrested-and-their-disposal-by-police-and-court-under-arms-act,cii,Special and Local Laws (SLL),,"STATEMENT OF PERSONS ARRESTED AND THEIR DISPOSAL BY POLICE AND COURT UNDER ARMS ACT, 1959 DURING 2012",2004,2012,9,2004 2005 2006 2007 2008 2009 2010 2011 2012,9,excel,data/series/cii/statement-of-persons-arrested-and-their-disposal-by-police-and-court-under-arms-act.csv
cii/statement-of-persons-arrested-and-their-disposal-by-police-and-court-under-arson-section-435-436-438-ipc,cii,Indian Penal Code (IPC),,"STATEMENT OF PERSONS ARRESTED AND THEIR DISPOSAL BY POLICE AND COURT UNDER ARSON (SECTION 435, 436, 438 IPC) DURING 2012",2004,2012,9,2004 2005 2006 2007 2008 2009 2010 2011 2012,9,excel,data/series/cii/statement-of-persons-arrested-and-their-disposal-by-police-and-court-under-arson-section-435-436-438-ipc.csv
cii/statement-of-persons-arrested-and-their-disposal-by-police-and-court-under-arson-section-435-436-438-ipc-for-c,cii,Crime against Scheduled Tribes,,"STATEMENT OF PERSONS ARRESTED AND THEIR DISPOSAL BY POLICE AND COURT UNDER ARSON (SECTION 435, 436, 438 IPC) FOR CRIMES COMMITTED AGAINST SCHEDULED TRIBES DURING 2011",2004,2012,9,2004 2005 2006 2007 2008 2009 2010 2011 2012,16,excel,data/series/cii/statement-of-persons-arrested-and-their-disposal-by-police-and-court-under-arson-section-435-436-438-ipc-for-c.csv
cii/statement-of-persons-arrested-and-their-disposal-by-police-and-court-under-attempt-to-commit-murder-section-30,cii,Indian Penal Code (IPC),,STATEMENT OF PERSONS ARRESTED AND THEIR DISPOSAL BY POLICE AND COURT UNDER ATTEMPT TO COMMIT MURDER (SECTION 307 IPC) DURING 2012,2004,2012,9,2004 2005 2006 2007 2008 2009 2010 2011 2012,9,excel,data/series/cii/statement-of-persons-arrested-and-their-disposal-by-police-and-court-under-attempt-to-commit-murder-section-30.csv
cii/statement-of-persons-arrested-and-their-disposal-by-police-and-court-under-auto-theft,cii,Indian Penal Code (IPC),,STATEMENT OF PERSONS ARRESTED AND THEIR DISPOSAL BY POLICE AND COURT UNDER AUTO THEFT DURING 2012,2004,2012,9,2004 2005 2006 2007 2008 2009 2010 2011 2012,9,excel,data/series/cii/statement-of-persons-arrested-and-their-disposal-by-police-and-court-under-auto-theft.csv
cii/statement-of-persons-arrested-and-their-disposal-by-police-and-court-under-burglary-section-449-to-452-454-455,cii,Indian Penal Code (IPC),,"STATEMENT OF PERSONS ARRESTED AND THEIR DISPOSAL BY POLICE AND COURT UNDER BURGLARY (SECTION 449 TO 452, 454, 455, 457 TO 460 IPC) DURING 2012",2004,2012,9,2004 2005 2006 2007 2008 2009 2010 2011 2012,9,excel,data/series/cii/statement-of-persons-arrested-and-their-disposal-by-police-and-court-under-burglary-section-449-to-452-454-455.csv
cii/statement-of-persons-arrested-and-their-disposal-by-police-and-court-under-buying-of-girls-for-prostitution-se,cii,Human Trafficking,,STATEMENT OF PERSONS ARRESTED AND THEIR DISPOSAL BY POLICE AND COURT UNDER BUYING OF GIRLS FOR PROSTITUTION (SECTION 373 IPC) DURING 2012,2004,2012,9,2004 2005 2006 2007 2008 2009 2010 2011 2012,18,excel,data/series/cii/statement-of-persons-arrested-and-their-disposal-by-police-and-court-under-buying-of-girls-for-prostitution-se.csv
cii/statement-of-persons-arrested-and-their-disposal-by-police-and-court-under-causing-death-by-negligence-section,cii,Indian Penal Code (IPC),,STATEMENT OF PERSONS ARRESTED AND THEIR DISPOSAL BY POLICE AND COURT UNDER CAUSING DEATH BY NEGLIGENCE (SECTION 304-A IPC) DURING 2012,2004,2012,9,2004 2005 2006 2007 2008 2009 2010 2011 2012,9,excel,data/series/cii/statement-of-persons-arrested-and-their-disposal-by-police-and-court-under-causing-death-by-negligence-section.csv
cii/statement-of-persons-arrested-and-their-disposal-by-police-and-court-under-cheating-section-419-to-420-ipc,cii,Indian Penal Code (IPC),,STATEMENT OF PERSONS ARRESTED AND THEIR DISPOSAL BY POLICE AND COURT UNDER CHEATING (SECTION 419 TO 420 IPC) DURING 2012,2004,2012,9,2004 2005 2006 2007 2008 2009 2010 2011 2012,9,excel,data/series/cii/statement-of-persons-arrested-and-their-disposal-by-police-and-court-under-cheating-section-419-to-420-ipc.csv
cii/statement-of-persons-arrested-and-their-disposal-by-police-and-court-under-child-marriage-restraint-act,cii,Crime against Children,,"STATEMENT OF PERSONS ARRESTED AND THEIR DISPOSAL BY POLICE AND COURT UNDER CHILD MARRIAGE RESTRAINT ACT, 1929 DURING 2012",2004,2012,9,2004 2005 2006 2007 2008 2009 2010 2011 2012,22,excel,data/series/cii/statement-of-persons-arrested-and-their-disposal-by-police-and-court-under-child-marriage-restraint-act.csv
cii/statement-of-persons-arrested-and-their-disposal-by-police-and-court-under-copyright-act,cii,Special and Local Laws (SLL),,"STATEMENT OF PERSONS ARRESTED AND THEIR DISPOSAL BY POLICE AND COURT UNDER COPYRIGHT ACT, 1957 DURING 2012",2004,2012,9,2004 2005 2006 2007 2008 2009 2010 2011 2012,9,excel,data/series/cii/statement-of-persons-arrested-and-their-disposal-by-police-and-court-under-copyright-act.csv
cii/statement-of-persons-arrested-and-their-disposal-by-police-and-court-under-counterfeiting-section-231-254-and,cii,Indian Penal Code (IPC),,STATEMENT OF PERSONS ARRESTED AND THEIR DISPOSAL BY POLICE AND COURT UNDER COUNTERFEITING (SECTION 231-254 AND 489A TO 489D IPC) DURING 2012,2004,2012,9,2004 2005 2006 2007 2008 2009 2010 2011 2012,9,excel,data/series/cii/statement-of-persons-arrested-and-their-disposal-by-police-and-court-under-counterfeiting-section-231-254-and.csv
cii/statement-of-persons-arrested-and-their-disposal-by-police-and-court-under-criminal-breach-of-trust-section-40,cii,Indian Penal Code (IPC),,STATEMENT OF PERSONS ARRESTED AND THEIR DISPOSAL BY POLICE AND COURT UNDER CRIMINAL BREACH OF TRUST (SECTION 406 TO 409 IPC) DURING 2012,2004,2012,9,2004 2005 2006 2007 2008 2009 2010 2011 2012,9,excel,data/series/cii/statement-of-persons-arrested-and-their-disposal-by-police-and-court-under-criminal-breach-of-trust-section-40.csv
cii/statement-of-persons-arrested-and-their-disposal-by-police-and-court-under-cruelty-by-husband-and-relatives-se,cii,Indian Penal Code (IPC),,STATEMENT OF PERSONS ARRESTED AND THEIR DISPOSAL BY POLICE AND COURT UNDER CRUELTY BY HUSBAND AND RELATIVES (SECTION 498A IPC) DURING 2011,2004,2011,8,2004 2005 2006 2007 2008 2009 2010 2011,16,excel,data/series/cii/statement-of-persons-arrested-and-their-disposal-by-police-and-court-under-cruelty-by-husband-and-relatives-se.csv
cii/statement-of-persons-arrested-and-their-disposal-by-police-and-court-under-culpabale-homicide-not-amounting-to,cii,Indian Penal Code (IPC),,"STATEMENT OF PERSONS ARRESTED AND THEIR DISPOSAL BY POLICE AND COURT UNDER CULPABALE HOMICIDE NOT AMOUNTING TO MURDER (SECTION 304, 308 IPC) DURING 2012",2004,2012,9,2004 2005 2006 2007 2008 2009 2010 2011 2012,9,excel,data/series/cii/statement-of-persons-arrested-and-their-disposal-by-police-and-court-under-culpabale-homicide-not-amounting-to.csv
cii/statement-of-persons-arrested-and-their-disposal-by-police-and-court-under-custodial-rape,cii,Indian Penal Code (IPC),,STATEMENT OF PERSONS ARRESTED AND THEIR DISPOSAL BY POLICE AND COURT UNDER CUSTODIAL RAPE DURING 2012,2004,2012,9,2004 2005 2006 2007 2008 2009 2010 2011 2012,9,excel,data/series/cii/statement-of-persons-arrested-and-their-disposal-by-police-and-court-under-custodial-rape.csv
cii/statement-of-persons-arrested-and-their-disposal-by-police-and-court-under-dacoity-section-395-398-ipc-for-cri,cii,Crime against Scheduled Tribes,,STATEMENT OF PERSONS ARRESTED AND THEIR DISPOSAL BY POLICE AND COURT UNDER DACOITY (SECTION 395-398 IPC) FOR CRIMES COMMITTED AGAINST SCHEDULED TRIBES DURING 2011,2004,2012,9,2004 2005 2006 2007 2008 2009 2010 2011 2012,16,excel,data/series/cii/statement-of-persons-arrested-and-their-disposal-by-police-and-court-under-dacoity-section-395-398-ipc-for-cri.csv
cii/statement-of-persons-arrested-and-their-disposal-by-police-and-court-under-dacoity-section-395-to-398-ipc,cii,Indian Penal Code (IPC),,STATEMENT OF PERSONS ARRESTED AND THEIR DISPOSAL BY POLICE AND COURT UNDER DACOITY (SECTION 395 TO 398 IPC) DURING 2012,2004,2012,9,2004 2005 2006 2007 2008 2009 2010 2011 2012,9,excel,data/series/cii/statement-of-persons-arrested-and-their-disposal-by-police-and-court-under-dacoity-section-395-to-398-ipc.csv
cii/statement-of-persons-arrested-and-their-disposal-by-police-and-court-under-dowry-death-section-304-b-ipc,cii,Crime against Women,,STATEMENT OF PERSONS ARRESTED AND THEIR DISPOSAL BY POLICE AND COURT UNDER DOWRY DEATH (SECTION 304-B IPC) DURING 2012,2004,2012,9,2004 2005 2006 2007 2008 2009 2010 2011 2012,9,excel,data/series/cii/statement-of-persons-arrested-and-their-disposal-by-police-and-court-under-dowry-death-section-304-b-ipc.csv
cii/statement-of-persons-arrested-and-their-disposal-by-police-and-court-under-dowry-deaths-section-304b-ipc,cii,Indian Penal Code (IPC),,STATEMENT OF PERSONS ARRESTED AND THEIR DISPOSAL BY POLICE AND COURT UNDER DOWRY DEATHS (SECTION 304B IPC) DURING 2012,2004,2012,9,2004 2005 2006 2007 2008 2009 2010 2011 2012,9,excel,data/series/cii/statement-of-persons-arrested-and-their-disposal-by-police-and-court-under-dowry-deaths-section-304b-ipc.csv
cii/statement-of-persons-arrested-and-their-disposal-by-police-and-court-under-dowry-prohibition-act,cii,Special and Local Laws (SLL),,"STATEMENT OF PERSONS ARRESTED AND THEIR DISPOSAL BY POLICE AND COURT UNDER DOWRY PROHIBITION ACT, 1961 DURING 2012",2004,2012,9,2004 2005 2006 2007 2008 2009 2010 2011 2012,18,excel,data/series/cii/statement-of-persons-arrested-and-their-disposal-by-police-and-court-under-dowry-prohibition-act.csv
cii/statement-of-persons-arrested-and-their-disposal-by-police-and-court-under-essential-commodities-act,cii,Special and Local Laws (SLL),,"STATEMENT OF PERSONS ARRESTED AND THEIR DISPOSAL BY POLICE AND COURT UNDER ESSENTIAL COMMODITIES ACT, 1955 DURING 2012",2004,2012,9,2004 2005 2006 2007 2008 2009 2010 2011 2012,9,excel,data/series/cii/statement-of-persons-arrested-and-their-disposal-by-police-and-court-under-essential-commodities-act.csv
cii/statement-of-persons-arrested-and-their-disposal-by-police-and-court-under-excise-act,cii,Special and Local Laws (SLL),,STATEMENT OF PERSONS ARRESTED AND THEIR DISPOSAL BY POLICE AND COURT UNDER EXCISE ACT DURING 2012,2004,2012,9,2004 2005 2006 2007 2008 2009 2010 2011 2012,9,excel,data/series/cii/statement-of-persons-arrested-and-their-disposal-by-police-and-court-under-excise-act.csv
cii/statement-of-persons-arrested-and-their-disposal-by-police-and-court-under-explosives-explosive-substances-act,cii,Special and Local Laws (SLL),,"STATEMENT OF PERSONS ARRESTED AND THEIR DISPOSAL BY POLICE AND COURT UNDER EXPLOSIVES & EXPLOSIVE SUBSTANCES ACT, 1884 & 1908 DURING 2012",2004,2012,9,2004 2005 2006 2007 2008 2009 2010 2011 2012,9,excel,data/series/cii/statement-of-persons-arrested-and-their-disposal-by-police-and-court-under-explosives-explosive-substances-act.csv
cii/statement-of-persons-arrested-and-their-disposal-by-police-and-court-under-exposure-and-abandonment-section-31,cii,Crime against Children,,STATEMENT OF PERSONS ARRESTED AND THEIR DISPOSAL BY POLICE AND COURT UNDER EXPOSURE AND ABANDONMENT (SECTION 317 IPC) DURING 2012,2004,2012,9,2004 2005 2006 2007 2008 2009 2010 2011 2012,9,excel,data/series/cii/statement-of-persons-arrested-and-their-disposal-by-police-and-court-under-exposure-and-abandonment-section-31.csv
cii/statement-of-persons-arrested-and-their-disposal-by-police-and-court-under-foeticide-section-315-316-ipc,cii,Crime against Children,,"STATEMENT OF PERSONS ARRESTED AND THEIR DISPOSAL BY POLICE AND COURT UNDER FOETICIDE (SECTION 315, 316 IPC) DURING 2012",2004,2012,9,2004 2005 2006 2007 2008 2009 2010 2011 2012,9,excel,data/series/cii/statement-of-persons-arrested-and-their-disposal-by-police-and-court-under-foeticide-section-315-316-ipc.csv
cii/statement-of-persons-arrested-and-their-disposal-by-police-and-court-under-forest-act,cii,Special and Local Laws (SLL),,"STATEMENT OF PERSONS ARRESTED AND THEIR DISPOSAL BY POLICE AND COURT UNDER FOREST ACT, 1927 DURING 2012",2004,2012,9,2004 2005 2006 2007 2008 2009 2010 2011 2012,9,excel,data/series/cii/statement-of-persons-arrested-and-their-disposal-by-police-and-court-under-forest-act.csv
cii/statement-of-persons-arrested-and-their-disposal-by-police-and-court-under-gambling-act,cii,Special and Local Laws (SLL),,STATEMENT OF PERSONS ARRESTED AND THEIR DISPOSAL BY POLICE AND COURT UNDER GAMBLING ACT DURING 2012,2004,2012,9,2004 2005 2006 2007 2008 2009 2010 2011 2012,9,excel,data/series/cii/statement-of-persons-arrested-and-their-disposal-by-police-and-court-under-gambling-act.csv
cii/statement-of-persons-arrested-and-their-disposal-by-police-and-court-under-human-trafficking,cii,Human Trafficking,,STATEMENT OF PERSONS ARRESTED AND THEIR DISPOSAL BY POLICE AND COURT UNDER HUMAN TRAFFICKING DURING 2012,2004,2012,9,2004 2005 2006 2007 2008 2009 2010 2011 2012,9,excel,data/series/cii/statement-of-persons-arrested-and-their-disposal-by-police-and-court-under-human-trafficking.csv
cii/statement-of-persons-arrested-and-their-disposal-by-police-and-court-under-hurt-section-323-324-to-333-335-to,cii,Indian Penal Code (IPC),,"STATEMENT OF PERSONS ARRESTED AND THEIR DISPOSAL BY POLICE AND COURT UNDER HURT (SECTION 323, 324 TO 333, 335 TO 338 IPC) DURING 2012",2004,2012,9,2004 2005 2006 2007 2008 2009 2010 2011 2012,9,excel,data/series/cii/statement-of-persons-arrested-and-their-disposal-by-police-and-court-under-hurt-section-323-324-to-333-335-to.csv
cii/statement-of-persons-arrested-and-their-disposal-by-police-and-court-under-hurt-section-323-333-335-338-ipc-fo,cii,Crime against Scheduled Tribes,,"STATEMENT OF PERSONS ARRESTED AND THEIR DISPOSAL BY POLICE AND COURT UNDER HURT (SECTION 323-333, 335-338 IPC) FOR CRIMES COMMITTED AGAINST SCHEDULED TRIBES DURING 2011",2004,2012,9,2004 2005 2006 2007 2008 2009 2010 2011 2012,16,excel,data/series/cii/statement-of-persons-arrested-and-their-disposal-by-police-and-court-under-hurt-section-323-333-335-338-ipc-fo.csv
cii/statement-of-persons-arrested-and-their-disposal-by-police-and-court-under-immoral-traffic-prevention-act,cii,Special and Local Laws (SLL),,"STATEMENT OF PERSONS ARRESTED AND THEIR DISPOSAL BY POLICE AND COURT UNDER IMMORAL TRAFFIC (PREVENTION) ACT, 1956 DURING 2012",2004,2012,9,2004 2005 2006 2007 2008 2009 2010 2011 2012,27,excel,data/series/cii/statement-of-persons-arrested-and-their-disposal-by-police-and-court-under-immoral-traffic-prevention-act.csv
cii/statement-of-persons-arrested-and-their-disposal-by-police-and-court-under-importation-of-girls-section-366-b,cii,Crime against Women,,STATEMENT OF PERSONS ARRESTED AND THEIR DISPOSAL BY POLICE AND COURT UNDER IMPORTATION OF GIRLS (SECTION 366-B IPC) DURING 2011,2004,2011,8,2004 2005 2006 2007 2008 2009 2010 2011,16,excel,data/series/cii/statement-of-persons-arrested-and-their-disposal-by-police-and-court-under-importation-of-girls-section-366-b.csv
cii/statement-of-persons-arrested-and-their-disposal-by-police-and-court-under-importation-of-girls-section-366b-i,cii,Indian Penal Code (IPC),,STATEMENT OF PERSONS ARRESTED AND THEIR DISPOSAL BY POLICE AND COURT UNDER IMPORTATION OF GIRLS (SECTION 366B IPC) DURING 2011,2004,2011,8,2004 2005 2006 2007 2008 2009 2010 2011,8,excel,data/series/cii/statement-of-persons-arrested-and-their-disposal-by-police-and-court-under-importation-of-girls-section-366b-i.csv
cii/statement-of-persons-arrested-and-their-disposal-by-police-and-court-under-indecent-representation-of-women-pr,cii,Special and Local Laws (SLL),,"STATEMENT OF PERSONS ARRESTED AND THEIR DISPOSAL BY POLICE AND COURT UNDER INDECENT REPRESENTATION OF WOMEN (PROHIBITION) ACT, 1986 DURING 2012",2004,2012,9,2004 2005 2006 2007 2008 2009 2010 2011 2012,18,excel,data/series/cii/statement-of-persons-arrested-and-their-disposal-by-police-and-court-under-indecent-representation-of-women-pr.csv
cii/statement-of-persons-arrested-and-their-disposal-by-police-and-court-under-indian-passport-act,cii,Special and Local Laws (SLL),,"STATEMENT OF PERSONS ARRESTED AND THEIR DISPOSAL BY POLICE AND COURT UNDER INDIAN PASSPORT ACT, 1967 DURING 2012",2004,2012,9,2004 2005 2006 2007 2008 2009 2010 2011 2012,9,excel,data/series/cii/statement-of-persons-arrested-and-their-disposal-by-police-and-court-under-indian-passport-act.csv
cii/statement-of-persons-arrested-and-their-disposal-by-police-and-court-under-indian-railways-act,cii,Special and Local Laws (SLL),,"STATEMENT OF PERSONS ARRESTED AND THEIR DISPOSAL BY POLICE AND COURT UNDER INDIAN RAILWAYS ACT, 1989 DURING 2012",2004,2012,9,2004 2005 2006 2007 2008 2009 2010 2011 2012,9,excel,data/series/cii/statement-of-persons-arrested-and-their-disposal-by-police-and-court-under-indian-railways-act.csv
cii/statement-of-persons-arrested-and-their-disposal-by-police-and-court-under-infanticide-section-315-ipc,cii,Crime against Children,,STATEMENT OF PERSONS ARRESTED AND THEIR DISPOSAL BY POLICE AND COURT UNDER INFANTICIDE (SECTION 315 IPC) DURING 2012,2004,2012,9,2004 2005 2006 2007 2008 2009 2010 2011 2012,9,excel,data/series/cii/statement-of-persons-arrested-and-their-disposal-by-police-and-court-under-infanticide-section-315-ipc.csv
cii/statement-of-persons-arrested-and-their-disposal-by-police-and-court-under-kidnapping-and-abduction-of-others,cii,Indian Penal Code (IPC),,STATEMENT OF PERSONS ARRESTED AND THEIR DISPOSAL BY POLICE AND COURT UNDER KIDNAPPING AND ABDUCTION OF OTHERS DURING 2012,2004,2012,9,2004 2005 2006 2007 2008 2009 2010 2011 2012,9,excel,data/series/cii/statement-of-persons-arrested-and-their-disposal-by-police-and-court-under-kidnapping-and-abduction-of-others.csv
cii/statement-of-persons-arrested-and-their-disposal-by-police-and-court-under-kidnapping-and-abduction-of-women-a,cii,Indian Penal Code (IPC),,STATEMENT OF PERSONS ARRESTED AND THEIR DISPOSAL BY POLICE AND COURT UNDER KIDNAPPING AND ABDUCTION OF WOMEN AND GIRLS DURING 2012,2004,2012,9,2004 2005 2006 2007 2008 2009 2010 2011 2012,9,excel,data/series/cii/statement-of-persons-arrested-and-their-disposal-by-police-and-court-under-kidnapping-and-abduction-of-women-a.csv
cii/statement-of-persons-arrested-and-their-disposal-by-police-and-court-under-kidnapping-and-abduction-section-36,cii,Indian Penal Code (IPC),,"STATEMENT OF PERSONS ARRESTED AND THEIR DISPOSAL BY POLICE AND COURT UNDER KIDNAPPING AND ABDUCTION (SECTION 363-369, 371-373 IPC) DURING 2012",2004,2012,9,2004 2005 2006 2007 2008 2009 2010 2011 2012,43,excel,data/series/cii/statement-of-persons-arrested-and-their-disposal-by-police-and-court-under-kidnapping-and-abduction-section-36.csv
cii/statement-of-persons-arrested-and-their-disposal-by-police-and-court-under-molestation-section-354-ipc,cii,Indian Penal Code (IPC),,STATEMENT OF PERSONS ARRESTED AND THEIR DISPOSAL BY POLICE AND COURT UNDER MOLESTATION (SECTION 354 IPC) DURING 2011,2004,2011,8,2004 2005 2006 2007 2008 2009 2010 2011,16,excel,data/series/cii/statement-of-persons-arrested-and-their-disposal-by-police-and-court-under-molestation-section-354-ipc.csv
cii/statement-of-persons-arrested-and-their-disposal-by-police-and-court-under-murder-section-302-ipc,cii,Crime against Children,,STATEMENT OF PERSONS ARRESTED AND THEIR DISPOSAL BY POLICE AND COURT UNDER MURDER (SECTION 302 IPC) DURING 2012,2004,2012,9,2004 2005 2006 2007 2008 2009 2010 2011 2012,9,excel,data/series/cii/statement-of-persons-arrested-and-their-disposal-by-police-and-court-under-murder-section-302-ipc.csv
cii/statement-of-persons-arrested-and-their-disposal-by-police-and-court-under-murder-section-302-ipc-for-crimes-c,cii,Crime against Scheduled Tribes,,STATEMENT OF PERSONS ARRESTED AND THEIR DISPOSAL BY POLICE AND COURT UNDER MURDER (SECTION 302 IPC) FOR CRIMES COMMITTED AGAINST SCHEDULED TRIBES DURING 2011,2004,2012,9,2004 2005 2006 2007 2008 2009 2010 2011 2012,16,excel,data/series/cii/statement-of-persons-arrested-and-their-disposal-by-police-and-court-under-murder-section-302-ipc-for-crimes-c.csv
cii/statement-of-persons-arrested-and-their-disposal-by-police-and-court-under-narcotic-drugs-psychotropic-substan,cii,Special and Local Laws (SLL),,"STATEMENT OF PERSONS ARRESTED AND THEIR DISPOSAL BY POLICE AND COURT UNDER NARCOTIC DRUGS & PSYCHOTROPIC SUBSTANCES ACT, 1985 DURING 2012",2004,2012,9,2004 2005 2006 2007 2008 2009 2010 2011 2012,9,excel,data/series/cii/statement-of-persons-arrested-and-their-disposal-by-police-and-court-under-narcotic-drugs-psychotropic-substan.csv
cii/statement-of-persons-arrested-and-their-disposal-by-police-and-court-under-other-crimes-committed-against-chil,cii,Crime against Children,,STATEMENT OF PERSONS ARRESTED AND THEIR DISPOSAL BY POLICE AND COURT UNDER OTHER CRIMES COMMITTED AGAINST CHILDREN DURING 2012,2004,2012,9,2004 2005 2006 2007 2008 2009 2010 2011 2012,9,excel,data/series/cii/statement-of-persons-arrested-and-their-disposal-by-police-and-court-under-other-crimes-committed-against-chil.csv
cii/statement-of-persons-arrested-and-their-disposal-by-police-and-court-under-other-crimes-committed-against-sche,cii,Crime against Scheduled Tribes,,STATEMENT OF PERSONS ARRESTED AND THEIR DISPOSAL BY POLICE AND COURT UNDER OTHER CRIMES COMMITTED AGAINST SCHEDULED TRIBES DURING 2011,2004,2012,9,2004 2005 2006 2007 2008 2009 2010 2011 2012,16,excel,data/series/cii/statement-of-persons-arrested-and-their-disposal-by-police-and-court-under-other-crimes-committed-against-sche.csv
cii/statement-of-persons-arrested-and-their-disposal-by-police-and-court-under-other-ipc-crimes,cii,Indian Penal Code (IPC),,STATEMENT OF PERSONS ARRESTED AND THEIR DISPOSAL BY POLICE AND COURT UNDER OTHER IPC CRIMES DURING 2012,2004,2012,9,2004 2005 2006 2007 2008 2009 2010 2011 2012,9,excel,data/series/cii/statement-of-persons-arrested-and-their-disposal-by-police-and-court-under-other-ipc-crimes.csv
cii/statement-of-persons-arrested-and-their-disposal-by-police-and-court-under-other-rape,cii,Indian Penal Code (IPC),,STATEMENT OF PERSONS ARRESTED AND THEIR DISPOSAL BY POLICE AND COURT UNDER OTHER RAPE DURING 2012,2004,2012,9,2004 2005 2006 2007 2008 2009 2010 2011 2012,9,excel,data/series/cii/statement-of-persons-arrested-and-their-disposal-by-police-and-court-under-other-rape.csv
cii/statement-of-persons-arrested-and-their-disposal-by-police-and-court-under-other-sll-crimes,cii,Special and Local Laws (SLL),,STATEMENT OF PERSONS ARRESTED AND THEIR DISPOSAL BY POLICE AND COURT UNDER OTHER SLL CRIMES DURING 2012,2004,2012,9,2004 2005 2006 2007 2008 2009 2010 2011 2012,9,excel,data/series/cii/statement-of-persons-arrested-and-their-disposal-by-police-and-court-under-other-sll-crimes.csv
cii/statement-of-persons-arrested-and-their-disposal-by-police-and-court-under-other-theft,cii,Indian Penal Code (IPC),,STATEMENT OF PERSONS ARRESTED AND THEIR DISPOSAL BY POLICE AND COURT UNDER OTHER THEFT DURING 2012,2004,2012,9,2004 2005 2006 2007 2008 2009 2010 2011 2012,9,excel,data/series/cii/statement-of-persons-arrested-and-their-disposal-by-police-and-court-under-other-theft.csv
cii/statement-of-persons-arrested-and-their-disposal-by-police-and-court-under-preparation-and-assembly-for-dacoit,cii,Indian Penal Code (IPC),,STATEMENT OF PERSONS ARRESTED AND THEIR DISPOSAL BY POLICE AND COURT UNDER PREPARATION AND ASSEMBLY FOR DACOITY (SECTION 399 TO 402 IPC) DURING 2012,2004,2012,9,2004 2005 2006 2007 2008 2009 2010 2011 2012,9,excel,data/series/cii/statement-of-persons-arrested-and-their-disposal-by-police-and-court-under-preparation-and-assembly-for-dacoit.csv
cii/statement-of-persons-arrested-and-their-disposal-by-police-and-court-under-procuration-of-minor-girls-section,cii,Human Trafficking,,STATEMENT OF PERSONS ARRESTED AND THEIR DISPOSAL BY POLICE AND COURT UNDER PROCURATION OF MINOR GIRLS (SECTION 366-A IPC) DURING 2012,2004,2012,9,2004 2005 2006 2007 2008 2009 2010 2011 2012,18,excel,data/series/cii/statement-of-persons-arrested-and-their-disposal-by-police-and-court-under-procuration-of-minor-girls-section.csv
cii/statement-of-persons-arrested-and-their-disposal-by-police-and-court-under-prohibition-act,cii,Special and Local Laws (SLL),,STATEMENT OF PERSONS ARRESTED AND THEIR DISPOSAL BY POLICE AND COURT UNDER PROHIBITION ACT DURING 2012,2004,2012,9,2004 2005 2006 2007 2008 2009 2010 2011 2012,9,excel,data/series/cii/statement-of-persons-arrested-and-their-disposal-by-police-and-court-under-prohibition-act.csv
cii/statement-of-persons-arrested-and-their-disposal-by-police-and-court-under-protection-of-civil-rights-act,cii,Special and Local Laws (SLL),,"STATEMENT OF PERSONS ARRESTED AND THEIR DISPOSAL BY POLICE AND COURT UNDER PROTECTION OF CIVIL RIGHTS ACT, 1955 DURING 2012",2004,2012,9,2004 2005 2006 2007 2008 2009 2010 2011 2012,9,excel,data/series/cii/statement-of-persons-arrested-and-their-disposal-by-police-and-court-under-protection-of-civil-rights-act.csv
cii/statement-of-persons-arrested-and-their-disposal-by-police-and-court-under-protection-of-civil-rights-act-for,cii,Special and Local Laws (SLL),,"STATEMENT OF PERSONS ARRESTED AND THEIR DISPOSAL BY POLICE AND COURT UNDER PROTECTION OF CIVIL RIGHTS ACT,1955 FOR CRIMES COMMITTED AGAINST SCHEDULED CASTES DURING 2012",2004,2012,9,2004 2005 2006 2007 2008 2009 2010 2011 2012,34,excel,data/series/cii/statement-of-persons-arrested-and-their-disposal-by-police-and-court-under-protection-of-civil-rights-act-for.csv
cii/statement-of-persons-arrested-and-their-disposal-by-police-and-court-under-rape-section-376-ipc,cii,Indian Penal Code (IPC),,STATEMENT OF PERSONS ARRESTED AND THEIR DISPOSAL BY POLICE AND COURT UNDER RAPE (SECTION 376 IPC) DURING 2012,2004,2012,9,2004 2005 2006 2007 2008 2009 2010 2011 2012,27,excel,data/series/cii/statement-of-persons-arrested-and-their-disposal-by-police-and-court-under-rape-section-376-ipc.csv
cii/statement-of-persons-arrested-and-their-disposal-by-police-and-court-under-rape-section-376-ipc-for-crimes-com,cii,Crime against Scheduled Tribes,,STATEMENT OF PERSONS ARRESTED AND THEIR DISPOSAL BY POLICE AND COURT UNDER RAPE (SECTION 376 IPC) FOR CRIMES COMMITTED AGAINST SCHEDULED TRIBES DURING 2011,2004,2012,9,2004 2005 2006 2007 2008 2009 2010 2011 2012,16,excel,data/series/cii/statement-of-persons-arrested-and-their-disposal-by-police-and-court-under-rape-section-376-ipc-for-crimes-com.csv
cii/statement-of-persons-arrested-and-their-disposal-by-police-and-court-under-registration-of-foreigners-act,cii,Special and Local Laws (SLL),,"STATEMENT OF PERSONS ARRESTED AND THEIR DISPOSAL BY POLICE AND COURT UNDER REGISTRATION OF FOREIGNERS ACT, 1930 DURING 2012",2004,2012,9,2004 2005 2006 2007 2008 2009 2010 2011 2012,9,excel,data/series/cii/statement-of-persons-arrested-and-their-disposal-by-police-and-court-under-registration-of-foreigners-act.csv
cii/statement-of-persons-arrested-and-their-disposal-by-police-and-court-under-riots-section-143-144-145-147-148-1,cii,Indian Penal Code (IPC),,"STATEMENT OF PERSONS ARRESTED AND THEIR DISPOSAL BY POLICE AND COURT UNDER RIOTS (SECTION 143, 144, 145, 147, 148, 149, 150, 151, 153, 153A, 153B, 157, 158, 160 IPC) DURING 2012",2004,2012,9,2004 2005 2006 2007 2008 2009 2010 2011 2012,9,excel,data/series/cii/statement-of-persons-arrested-and-their-disposal-by-police-and-court-under-riots-section-143-144-145-147-148-1.csv
cii/statement-of-persons-arrested-and-their-disposal-by-police-and-court-under-robbery-section-392-394-397-398-ipc,cii,Crime against Scheduled Tribes,,"STATEMENT OF PERSONS ARRESTED AND THEIR DISPOSAL BY POLICE AND COURT UNDER ROBBERY (SECTION 392-394, 397, 398 IPC) FOR CRIMES COMMITTED AGAINST SCHEDULED TRIBES DURING 2011",2004,2012,9,2004 2005 2006 2007 2008 2009 2010 2011 2012,16,excel,data/series/cii/statement-of-persons-arrested-and-their-disposal-by-police-and-court-under-robbery-section-392-394-397-398-ipc.csv
cii/statement-of-persons-arrested-and-their-disposal-by-police-and-court-under-robbery-section-392-to-394-397-398,cii,Indian Penal Code (IPC),,"STATEMENT OF PERSONS ARRESTED AND THEIR DISPOSAL BY POLICE AND COURT UNDER ROBBERY (SECTION 392 TO 394, 397, 398 IPC) DURING 2012",2004,2012,9,2004 2005 2006 2007 2008 2009 2010 2011 2012,9,excel,data/series/cii/statement-of-persons-arrested-and-their-disposal-by-police-and-court-under-robbery-section-392-to-394-397-398.csv
cii/statement-of-persons-arrested-and-their-disposal-by-police-and-court-under-sati-prevention-act,cii,Special and Local Laws (SLL),,"STATEMENT OF PERSONS ARRESTED AND THEIR DISPOSAL BY POLICE AND COURT UNDER SATI PREVENTION ACT, 1987 DURING 2012",2004,2012,9,2004 2005 2006 2007 2008 2009 2010 2011 2012,17,excel,data/series/cii/statement-of-persons-arrested-and-their-disposal-by-police-and-court-under-sati-prevention-act.csv
cii/statement-of-persons-arrested-and-their-disposal-by-police-and-court-under-sc-st-prevention-of-atrocities-act,cii,Special and Local Laws (SLL),,"STATEMENT OF PERSONS ARRESTED AND THEIR DISPOSAL BY POLICE AND COURT UNDER SC/ST (PREVENTION OF ATROCITIES) ACT, 1989 DURING 2012",2004,2012,9,2004 2005 2006 2007 2008 2009 2010 2011 2012,43,excel,data/series/cii/statement-of-persons-arrested-and-their-disposal-by-police-and-court-under-sc-st-prevention-of-atrocities-act.csv
cii/statement-of-persons-arrested-and-their-disposal-by-police-and-court-under-selling-of-girls-for-prostitution-s,cii,Human Trafficking,,STATEMENT OF PERSONS ARRESTED AND THEIR DISPOSAL BY POLICE AND COURT UNDER SELLING OF GIRLS FOR PROSTITUTION (SECTION 372 IPC) DURING 2012,2004,2012,9,2004 2005 2006 2007 2008 2009 2010 2011 2012,18,excel,data/series/cii/statement-of-persons-arrested-and-their-disposal-by-police-and-court-under-selling-of-girls-for-prostitution-s.csv
cii/statement-of-persons-arrested-and-their-disposal-by-police-and-court-under-sexual-harassment-eve-teasing-secti,cii,Indian Penal Code (IPC),,STATEMENT OF PERSONS ARRESTED AND THEIR DISPOSAL BY POLICE AND COURT UNDER SEXUAL HARASSMENT (EVE-TEASING) (SECTION 509 IPC) DURING 2011,2004,2011,8,2004 2005 2006 2007 2008 2009 2010 2011,16,excel,data/series/cii/statement-of-persons-arrested-and-their-disposal-by-police-and-court-under-sexual-harassment-eve-teasing-secti.csv
cii/statement-of-persons-arrested-and-their-disposal-by-police-and-court-under-terrorist-and-disruptive-activities,cii,Special and Local Laws (SLL),,"STATEMENT OF PERSONS ARRESTED AND THEIR DISPOSAL BY POLICE AND COURT UNDER TERRORIST AND DISRUPTIVE ACTIVITIES ACT, 1987 DURING 2012",2004,2012,9,2004 2005 2006 2007 2008 2009 2010 2011 2012,9,excel,data/series/cii/statement-of-persons-arrested-and-their-disposal-by-police-and-court-under-terrorist-and-disruptive-activities.csv
cii/statement-of-persons-arrested-and-their-disposal-by-police-and-court-under-theft-section-379-to-382-ipc,cii,Indian Penal Code (IPC),,STATEMENT OF PERSONS ARRESTED AND THEIR DISPOSAL BY POLICE AND COURT UNDER THEFT (SECTION 379 TO 382 IPC) DURING 2012,2004,2012,9,2004 2005 2006 2007 2008 2009 2010 2011 2012,9,excel,data/series/cii/statement-of-persons-arrested-and-their-disposal-by-police-and-court-under-theft-section-379-to-382-ipc.csv
cii/statement-of-persons-arrested-and-their-disposal-by-police-and-court-under-total-cognizable-ipc-crimes,cii,Indian Penal Code (IPC),,STATEMENT OF PERSONS ARRESTED AND THEIR DISPOSAL BY POLICE AND COURT UNDER TOTAL COGNIZABLE IPC CRIMES DURING 2012,2004,2012,9,2004 2005 2006 2007 2008 2009 2010 2011 2012,9,excel,data/series/cii/statement-of-persons-arrested-and-their-disposal-by-police-and-court-under-total-cognizable-ipc-crimes.csv
cii/statement-of-persons-arrested-and-their-disposal-by-police-and-court-under-total-cognizable-sll-crimes,cii,Special and Local Laws (SLL),,STATEMENT OF PERSONS ARRESTED AND THEIR DISPOSAL BY POLICE AND COURT UNDER TOTAL COGNIZABLE SLL CRIMES DURING 2012,2004,2012,9,2004 2005 2006 2007 2008 2009 2010 2011 2012,9,excel,data/series/cii/statement-of-persons-arrested-and-their-disposal-by-police-and-court-under-total-cognizable-sll-crimes.csv
cii/statement-of-persons-arrested-and-their-disposal-by-police-and-court-under-total-crimes-against-children,cii,Crime against Children,,STATEMENT OF PERSONS ARRESTED AND THEIR DISPOSAL BY POLICE AND COURT UNDER TOTAL CRIMES AGAINST CHILDREN DURING 2012,2004,2012,9,2004 2005 2006 2007 2008 2009 2010 2011 2012,9,excel,data/series/cii/statement-of-persons-arrested-and-their-disposal-by-police-and-court-under-total-crimes-against-children.csv
cii/statement-of-persons-arrested-and-their-disposal-by-police-and-court-under-total-crimes-against-women,cii,Crime against Women,,STATEMENT OF PERSONS ARRESTED AND THEIR DISPOSAL BY POLICE AND COURT UNDER TOTAL CRIMES AGAINST WOMEN DURING 2012,2004,2012,9,2004 2005 2006 2007 2008 2009 2010 2011 2012,9,excel,data/series/cii/statement-of-persons-arrested-and-their-disposal-by-police-and-court-under-total-crimes-against-women.csv
cii/statement-of-persons-arrested-and-their-disposal-by-police-and-court-under-total-crimes-committed-against-sche,cii,Crime against Scheduled Tribes,,STATEMENT OF PERSONS ARRESTED AND THEIR DISPOSAL BY POLICE AND COURT UNDER TOTAL CRIMES COMMITTED AGAINST SCHEDULED TRIBES DURING 2011,2004,2012,9,2004 2005 2006 2007 2008 2009 2010 2011 2012,16,excel,data/series/cii/statement-of-persons-arrested-and-their-disposal-by-police-and-court-under-total-crimes-committed-against-sche.csv
cii/statement-of-persons-arrested-by-sex-and-age-group-under-antiquities-and-art-treasures-act,cii,Special and Local Laws (SLL),,"STATEMENT OF PERSONS ARRESTED BY SEX AND AGE-GROUP UNDER ANTIQUITIES AND ART TREASURES ACT, 1972 DURING 2012",2005,2012,8,2005 2006 2007 2008 2009 2010 2011 2012,9,excel,data/series/cii/statement-of-persons-arrested-by-sex-and-age-group-under-antiquities-and-art-treasures-act.csv
cii/statement-of-persons-arrested-by-sex-and-age-group-under-arms-act,cii,Special and Local Laws (SLL),,"STATEMENT OF PERSONS ARRESTED BY SEX AND AGE-GROUP UNDER ARMS ACT, 1959 DURING 2012",2005,2012,8,2005 2006 2007 2008 2009 2010 2011 2012,9,excel,data/series/cii/statement-of-persons-arrested-by-sex-and-age-group-under-arms-act.csv
cii/statement-of-persons-arrested-by-sex-and-age-group-under-arson-section-435-436-438-ipc,cii,Indian Penal Code (IPC),,"STATEMENT OF PERSONS ARRESTED BY SEX AND AGE-GROUP UNDER ARSON (SECTION 435, 436, 438 IPC) DURING 2012",2005,2012,8,2005 2006 2007 2008 2009 2010 2011 2012,8,excel,data/series/cii/statement-of-persons-arrested-by-sex-and-age-group-under-arson-section-435-436-438-ipc.csv
cii/statement-of-persons-arrested-by-sex-and-age-group-under-attempt-to-commit-murder-section-307-ipc,cii,Indian Penal Code (IPC),,STATEMENT OF PERSONS ARRESTED BY SEX AND AGE-GROUP UNDER ATTEMPT TO COMMIT MURDER (SECTION 307 IPC) DURING 2012,2005,2012,8,2005 2006 2007 2008 2009 2010 2011 2012,8,excel,data/series/cii/statement-of-persons-arrested-by-sex-and-age-group-under-attempt-to-commit-murder-section-307-ipc.csv
cii/statement-of-persons-arrested-by-sex-and-age-group-under-auto-theft,cii,Indian Penal Code (IPC),,STATEMENT OF PERSONS ARRESTED BY SEX AND AGE-GROUP UNDER AUTO THEFT DURING 2012,2005,2012,8,2005 2006 2007 2008 2009 2010 2011 2012,8,excel,data/series/cii/statement-of-persons-arrested-by-sex-and-age-group-under-auto-theft.csv
cii/statement-of-persons-arrested-by-sex-and-age-group-under-breach-of-confidentiality-or-privacy-section-72-i-t-a,cii,Cyber Crime,,STATEMENT OF PERSONS ARRESTED BY SEX AND AGE-GROUP UNDER BREACH OF CONFIDENTIALITY OR PRIVACY (SECTION 72 I T ACT) DURING 2008,2006,2012,7,2006 2007 2008 2009 2010 2011 2012,12,excel,data/series/cii/statement-of-persons-arrested-by-sex-and-age-group-under-breach-of-confidentiality-or-privacy-section-72-i-t-a.csv
cii/statement-of-persons-arrested-by-sex-and-age-group-under-burglary-section-449-to-452-454-455-457-to-460-ipc,cii,Indian Penal Code (IPC),,"STATEMENT OF PERSONS ARRESTED BY SEX AND AGE-GROUP UNDER BURGLARY (SECTION 449 TO 452, 454, 455, 457 TO 460 IPC) DURING 2012",2005,2012,8,2005 2006 2007 2008 2009 2010 2011 2012,8,excel,data/series/cii/statement-of-persons-arrested-by-sex-and-age-group-under-burglary-section-449-to-452-454-455-457-to-460-ipc.csv
cii/statement-of-persons-arrested-by-sex-and-age-group-under-causing-death-by-negligence-section-304-a-ipc,cii,Indian Penal Code (IPC),,STATEMENT OF PERSONS ARRESTED BY SEX AND AGE-GROUP UNDER CAUSING DEATH BY NEGLIGENCE (SECTION 304-A IPC) DURING 2012,2005,2012,8,2005 2006 2007 2008 2009 2010 2011 2012,8,excel,data/series/cii/statement-of-persons-arrested-by-sex-and-age-group-under-causing-death-by-negligence-section-304-a-ipc.csv
cii/statement-of-persons-arrested-by-sex-and-age-group-under-cheating-section-419-to-420-ipc,cii,Indian Penal Code (IPC),,STATEMENT OF PERSONS ARRESTED BY SEX AND AGE-GROUP UNDER CHEATING (SECTION 419 TO 420 IPC) DURING 2012,2005,2012,8,2005 2006 2007 2008 2009 2010 2011 2012,8,excel,data/series/cii/statement-of-persons-arrested-by-sex-and-age-group-under-cheating-section-419-to-420-ipc.csv
cii/statement-of-persons-arrested-by-sex-and-age-group-under-child-marriage-restraint-act,cii,Special and Local Laws (SLL),,"STATEMENT OF PERSONS ARRESTED BY SEX AND AGE-GROUP UNDER CHILD MARRIAGE RESTRAINT ACT, 1929 DURING 2011",2005,2011,7,2005 2006 2007 2008 2009 2010 2011,8,excel,data/series/cii/statement-of-persons-arrested-by-sex-and-age-group-under-child-marriage-restraint-act.csv
cii/statement-of-persons-arrested-by-sex-and-age-group-under-copyright-act,cii,Special and Local Laws (SLL),,"STATEMENT OF PERSONS ARRESTED BY SEX AND AGE-GROUP UNDER COPYRIGHT ACT, 1957 DURING 2012",2005,2012,8,2005 2006 2007 2008 2009 2010 2011 2012,9,excel,data/series/cii/statement-of-persons-arrested-by-sex-and-age-group-under-copyright-act.csv
cii/statement-of-persons-arrested-by-sex-and-age-group-under-counterfeiting-currency-or-stamps-section-489a-to-489,cii,Cyber Crime,,STATEMENT OF PERSONS ARRESTED BY SEX AND AGE-GROUP UNDER COUNTERFEITING - CURRENCY OR STAMPS (SECTION 489A TO 489E IPC) DURING 2008,2006,2012,7,2006 2007 2008 2009 2010 2011 2012,12,excel,data/series/cii/statement-of-persons-arrested-by-sex-and-age-group-under-counterfeiting-currency-or-stamps-section-489a-to-489.csv
cii/statement-of-persons-arrested-by-sex-and-age-group-under-counterfeiting-property-or-mark-section-482-183-483-4,cii,Cyber Crime,,"STATEMENT OF PERSONS ARRESTED BY SEX AND AGE-GROUP UNDER COUNTERFEITING - PROPERTY OR MARK (SECTION 482, 183, 483, 484, 485 IPC) DURING 2008",2006,2012,7,2006 2007 2008 2009 2010 2011 2012,12,excel,data/series/cii/statement-of-persons-arrested-by-sex-and-age-group-under-counterfeiting-property-or-mark-section-482-183-483-4.csv
cii/statement-of-persons-arrested-by-sex-and-age-group-under-counterfeiting-section-231-254-and-489a-to-489d-ipc,cii,Indian Penal Code (IPC),,STATEMENT OF PERSONS ARRESTED BY SEX AND AGE-GROUP UNDER COUNTERFEITING (SECTION 231-254 AND 489A TO 489D IPC) DURING 2012,2005,2012,8,2005 2006 2007 2008 2009 2010 2011 2012,8,excel,data/series/cii/statement-of-persons-arrested-by-sex-and-age-group-under-counterfeiting-section-231-254-and-489a-to-489d-ipc.csv
cii/statement-of-persons-arrested-by-sex-and-age-group-under-counterfeiting-tampering-section-489-ipc,cii,Cyber Crime,,STATEMENT OF PERSONS ARRESTED BY SEX AND AGE-GROUP UNDER COUNTERFEITING - TAMPERING (SECTION 489 IPC) DURING 2008,2006,2012,7,2006 2007 2008 2009 2010 2011 2012,12,excel,data/series/cii/statement-of-persons-arrested-by-sex-and-age-group-under-counterfeiting-tampering-section-489-ipc.csv
cii/statement-of-persons-arrested-by-sex-and-age-group-under-criminal-breach-of-trust-or-fraud-section-405-406-408,cii,Cyber Crime,,"STATEMENT OF PERSONS ARRESTED BY SEX AND AGE-GROUP UNDER CRIMINAL BREACH OF TRUST OR FRAUD (SECTION 405, 406, 408, 409 IPC) DURING 2008",2006,2012,7,2006 2007 2008 2009 2010 2011 2012,12,excel,data/series/cii/statement-of-persons-arrested-by-sex-and-age-group-under-criminal-breach-of-trust-or-fraud-section-405-406-408.csv
cii/statement-of-persons-arrested-by-sex-and-age-group-under-criminal-breach-of-trust-section-406-to-409,cii,Indian Penal Code (IPC),,STATEMENT OF PERSONS ARRESTED BY SEX AND AGE-GROUP UNDER CRIMINAL BREACH OF TRUST (SECTION 406 TO 409) DURING 2012,2005,2012,8,2005 2006 2007 2008 2009 2010 2011 2012,8,excel,data/series/cii/statement-of-persons-arrested-by-sex-and-age-group-under-criminal-breach-of-trust-section-406-to-409.csv
cii/statement-of-persons-arrested-by-sex-and-age-group-under-cruelty-by-husband-and-relatives-section-498a-ipc,cii,Crime against Women,,STATEMENT OF PERSONS ARRESTED BY SEX AND AGE-GROUP UNDER CRUELTY BY HUSBAND AND RELATIVES (SECTION 498A IPC) DURING 2011,2004,2011,8,2004 2005 2006 2007 2008 2009 2010 2011,15,excel,data/series/cii/statement-of-persons-arrested-by-sex-and-age-group-under-cruelty-by-husband-and-relatives-section-498a-ipc.csv
cii/statement-of-persons-arrested-by-sex-and-age-group-under-culpable-homicide-not-amounting-murder-section-304-30,cii,Indian Penal Code (IPC),,"STATEMENT OF PERSONS ARRESTED BY SEX AND AGE-GROUP UNDER CULPABLE HOMICIDE NOT AMOUNTING MURDER (SECTION 304, 308 IPC) DURING 2012",2005,2012,8,2005 2006 2007 2008 2009 2010 2011 2012,8,excel,data/series/cii/statement-of-persons-arrested-by-sex-and-age-group-under-culpable-homicide-not-amounting-murder-section-304-30.csv
cii/statement-of-persons-arrested-by-sex-and-age-group-under-custodial-rape,cii,Indian Penal Code (IPC),,STATEMENT OF PERSONS ARRESTED BY SEX AND AGE-GROUP UNDER CUSTODIAL RAPE DURING 2012,2005,2012,8,2005 2006 2007 2008 2009 2010 2011 2012,8,excel,data/series/cii/statement-of-persons-arrested-by-sex-and-age-group-under-custodial-rape.csv
cii/statement-of-persons-arrested-by-sex-and-age-group-under-cyber-crime-related-ipc-sections,cii,Cyber Crime,,STATEMENT OF PERSONS ARRESTED BY SEX AND AGE-GROUP UNDER CYBER-CRIME RELATED IPC SECTIONS DURING 2009,2005,2012,8,2005 2006 2007 2008 2009 2010 2011 2012,12,excel,data/series/cii/statement-of-persons-arrested-by-sex-and-age-group-under-cyber-crime-related-ipc-sections.csv
cii/statement-of-persons-arrested-by-sex-and-age-group-under-dacoity-section-395-to-398-ipc,cii,Indian Penal Code (IPC),,STATEMENT OF PERSONS ARRESTED BY SEX AND AGE-GROUP UNDER DACOITY (SECTION 395 TO 398 IPC) DURING 2012,2005,2012,8,2005 2006 2007 2008 2009 2010 2011 2012,8,excel,data/series/cii/statement-of-persons-arrested-by-sex-and-age-group-under-dacoity-section-395-to-398-ipc.csv
cii/statement-of-persons-arrested-by-sex-and-age-group-under-destruction-of-electronic-evidence-section-204-477-ip,cii,Cyber Crime,,"STATEMENT OF PERSONS ARRESTED BY SEX AND AGE-GROUP UNDER DESTRUCTION OF ELECTRONIC EVIDENCE (SECTION 204, 477 IPC) DURING 2008",2006,2012,7,2006 2007 2008 2009 2010 2011 2012,12,excel,data/series/cii/statement-of-persons-arrested-by-sex-and-age-group-under-destruction-of-electronic-evidence-section-204-477-ip.csv
cii/statement-of-persons-arrested-by-sex-and-age-group-under-dowry-deaths-section-304b-ipc,cii,Crime against Women,,STATEMENT OF PERSONS ARRESTED BY SEX AND AGE-GROUP UNDER DOWRY DEATHS (SECTION 304B IPC) DURING 2012,2004,2012,9,2004 2005 2006 2007 2008 2009 2010 2011 2012,17,excel,data/series/cii/statement-of-persons-arrested-by-sex-and-age-group-under-dowry-deaths-section-304b-ipc.csv
cii/statement-of-persons-arrested-by-sex-and-age-group-under-dowry-prohibition-act,cii,Crime against Women,,"STATEMENT OF PERSONS ARRESTED BY SEX AND AGE-GROUP UNDER DOWRY PROHIBITION ACT, 1961 DURING 2012",2004,2012,9,2004 2005 2006 2007 2008 2009 2010 2011 2012,18,excel,data/series/cii/statement-of-persons-arrested-by-sex-and-age-group-under-dowry-prohibition-act.csv
cii/statement-of-persons-arrested-by-sex-and-age-group-under-essential-commodities-act,cii,Special and Local Laws (SLL),,"STATEMENT OF PERSONS ARRESTED BY SEX AND AGE-GROUP UNDER ESSENTIAL COMMODITIES ACT, 1955 DURING 2012",2005,2012,8,2005 2006 2007 2008 2009 2010 2011 2012,9,excel,data/series/cii/statement-of-persons-arrested-by-sex-and-age-group-under-essential-commodities-act.csv
cii/statement-of-persons-arrested-by-sex-and-age-group-under-excise-act,cii,Special and Local Laws (SLL),,STATEMENT OF PERSONS ARRESTED BY SEX AND AGE-GROUP UNDER EXCISE ACT DURING 2012,2005,2012,8,2005 2006 2007 2008 2009 2010 2011 2012,9,excel,data/series/cii/statement-of-persons-arrested-by-sex-and-age-group-under-excise-act.csv
cii/statement-of-persons-arrested-by-sex-and-age-group-under-explosives-explosive-substances-act-1884,cii,Special and Local Laws (SLL),,"STATEMENT OF PERSONS ARRESTED BY SEX AND AGE-GROUP UNDER EXPLOSIVES & EXPLOSIVE SUBSTANCES ACT, 1884 & 1908 DURING 2012",2005,2012,8,2005 2006 2007 2008 2009 2010 2011 2012,9,excel,data/series/cii/statement-of-persons-arrested-by-sex-and-age-group-under-explosives-explosive-substances-act-1884.csv
cii/statement-of-persons-arrested-by-sex-and-age-group-under-failure-of-compliance-or-orders-of-certifying-authori,cii,Cyber Crime,,STATEMENT OF PERSONS ARRESTED BY SEX AND AGE-GROUP UNDER FAILURE - OF COMPLIANCE OR ORDERS OF CERTIFYING AUTHORITY (SECTION 68 I T ACT) DURING 2008,2006,2012,7,2006 2007 2008 2009 2010 2011 2012,12,excel,data/series/cii/statement-of-persons-arrested-by-sex-and-age-group-under-failure-of-compliance-or-orders-of-certifying-authori.csv
cii/statement-of-persons-arrested-by-sex-and-age-group-under-failure-to-assist-in-decrypting-the-information-inter,cii,Cyber Crime,,STATEMENT OF PERSONS ARRESTED BY SEX AND AGE-GROUP UNDER FAILURE - TO ASSIST IN DECRYPTING THE INFORMATION INTERCEPTED BY GOVT AGENCY (SECTION 69 I T ACT) DURING 2008,2006,2012,7,2006 2007 2008 2009 2010 2011 2012,12,excel,data/series/cii/statement-of-persons-arrested-by-sex-and-age-group-under-failure-to-assist-in-decrypting-the-information-inter.csv
cii/statement-of-persons-arrested-by-sex-and-age-group-under-false-electronic-evidence-section-193-ipc,cii,Cyber Crime,,STATEMENT OF PERSONS ARRESTED BY SEX AND AGE-GROUP UNDER FALSE ELECTRONIC EVIDENCE (SECTION 193 IPC) DURING 2008,2006,2012,7,2006 2007 2008 2009 2010 2011 2012,12,excel,data/series/cii/statement-of-persons-arrested-by-sex-and-age-group-under-false-electronic-evidence-section-193-ipc.csv
cii/statement-of-persons-arrested-by-sex-and-age-group-under-forest-act,cii,Special and Local Laws (SLL),,"STATEMENT OF PERSONS ARRESTED BY SEX AND AGE-GROUP UNDER FOREST ACT, 1927 DURING 2012",2005,2012,8,2005 2006 2007 2008 2009 2010 2011 2012,9,excel,data/series/cii/statement-of-persons-arrested-by-sex-and-age-group-under-forest-act.csv
cii/statement-of-persons-arrested-by-sex-and-age-group-under-forgery-section-463-465-466-468-469-471-474-476-477a,cii,Cyber Crime,,"STATEMENT OF PERSONS ARRESTED BY SEX AND AGE-GROUP UNDER FORGERY (SECTION 463, 465, 466, 468, 469, 471, 474, 476, 477A IPC) DURING 2008",2006,2012,7,2006 2007 2008 2009 2010 2011 2012,12,excel,data/series/cii/statement-of-persons-arrested-by-sex-and-age-group-under-forgery-section-463-465-466-468-469-471-474-476-477a.csv
cii/statement-of-persons-arrested-by-sex-and-age-group-under-fraud-digital-signature-certificate-section-74-i-t-ac,cii,Cyber Crime,,STATEMENT OF PERSONS ARRESTED BY SEX AND AGE-GROUP UNDER FRAUD DIGITAL SIGNATURE CERTIFICATE (SECTION 74 I T ACT) DURING 2008,2006,2012,7,2006 2007 2008 2009 2010 2011 2012,12,excel,data/series/cii/statement-of-persons-arrested-by-sex-and-age-group-under-fraud-digital-signature-certificate-section-74-i-t-ac.csv
cii/statement-of-persons-arrested-by-sex-and-age-group-under-gambling-act,cii,Special and Local Laws (SLL),,STATEMENT OF PERSONS ARRESTED BY SEX AND AGE-GROUP UNDER GAMBLING ACT DURING 2012,2005,2012,8,2005 2006 2007 2008 2009 2010 2011 2012,9,excel,data/series/cii/statement-of-persons-arrested-by-sex-and-age-group-under-gambling-act.csv
cii/statement-of-persons-arrested-by-sex-and-age-group-under-hacking-section-66-2-i-t-act,cii,Cyber Crime,,STATEMENT OF PERSONS ARRESTED BY SEX AND AGE-GROUP UNDER HACKING (SECTION 66(2) I T ACT) DURING 2008,2006,2012,7,2006 2007 2008 2009 2010 2011 2012,12,excel,data/series/cii/statement-of-persons-arrested-by-sex-and-age-group-under-hacking-section-66-2-i-t-act.csv
cii/statement-of-persons-arrested-by-sex-and-age-group-under-hurt-section-323-324-to-333-335-to-338-ipc,cii,Indian Penal Code (IPC),,"STATEMENT OF PERSONS ARRESTED BY SEX AND AGE-GROUP UNDER HURT (SECTION 323, 324 TO 333, 335 TO 338 IPC) DURING 2012",2005,2012,8,2005 2006 2007 2008 2009 2010 2011 2012,8,excel,data/series/cii/statement-of-persons-arrested-by-sex-and-age-group-under-hurt-section-323-324-to-333-335-to-338-ipc.csv
cii/statement-of-persons-arrested-by-sex-and-age-group-under-immoral-traffic-prevention-act,cii,Crime against Women,,"STATEMENT OF PERSONS ARRESTED BY SEX AND AGE-GROUP UNDER IMMORAL TRAFFIC (PREVENTION) ACT, 1956 DURING 2012",2004,2012,9,2004 2005 2006 2007 2008 2009 2010 2011 2012,18,excel,data/series/cii/statement-of-persons-arrested-by-sex-and-age-group-under-immoral-traffic-prevention-act.csv
cii/statement-of-persons-arrested-by-sex-and-age-group-under-importation-of-girls-section-366b-ipc,cii,Crime against Women,,STATEMENT OF PERSONS ARRESTED BY SEX AND AGE-GROUP UNDER IMPORTATION OF GIRLS (SECTION 366B IPC) DURING 2011,2004,2011,8,2004 2005 2006 2007 2008 2009 2010 2011,15,excel,data/series/cii/statement-of-persons-arrested-by-sex-and-age-group-under-importation-of-girls-section-366b-ipc.csv
cii/statement-of-persons-arrested-by-sex-and-age-group-under-indecent-representation-of-women-prohibition-act,cii,Crime against Women,,"STATEMENT OF PERSONS ARRESTED BY SEX AND AGE-GROUP UNDER INDECENT REPRESENTATION OF WOMEN (PROHIBITION) ACT, 1986 DURING 2012",2004,2012,9,2004 2005 2006 2007 2008 2009 2010 2011 2012,18,excel,data/series/cii/statement-of-persons-arrested-by-sex-and-age-group-under-indecent-representation-of-women-prohibition-act.csv
cii/statement-of-persons-arrested-by-sex-and-age-group-under-indian-passport-act,cii,Special and Local Laws (SLL),,"STATEMENT OF PERSONS ARRESTED BY SEX AND AGE-GROUP UNDER INDIAN PASSPORT ACT, 1967 DURING 2012",2005,2012,8,2005 2006 2007 2008 2009 2010 2011 2012,9,excel,data/series/cii/statement-of-persons-arrested-by-sex-and-age-group-under-indian-passport-act.csv
cii/statement-of-persons-arrested-by-sex-and-age-group-under-indian-railways-act,cii,Special and Local Laws (SLL),,"STATEMENT OF PERSONS ARRESTED BY SEX AND AGE-GROUP UNDER INDIAN RAILWAYS ACT, 1989 DURING 2012",2005,2012,8,2005 2006 2007 2008 2009 2010 2011 2012,9,excel,data/series/cii/statement-of-persons-arrested-by-sex-and-age-group-under-indian-railways-act.csv
cii/statement-of-persons-arrested-by-sex-and-age-group-under-kidnapping-and-abduction-of-others,cii,Indian Penal Code (IPC),,STATEMENT OF PERSONS ARRESTED BY SEX AND AGE-GROUP UNDER KIDNAPPING AND ABDUCTION OF OTHERS DURING 2012,2005,2012,8,2005 2006 2007 2008 2009 2010 2011 2012,8,excel,data/series/cii/statement-of-persons-arrested-by-sex-and-age-group-under-kidnapping-and-abduction-of-others.csv
cii/statement-of-persons-arrested-by-sex-and-age-group-under-kidnapping-and-abduction-of-women-and-girls,cii,Indian Penal Code (IPC),,STATEMENT OF PERSONS ARRESTED BY SEX AND AGE-GROUP UNDER KIDNAPPING AND ABDUCTION OF WOMEN AND GIRLS DURING 2012,2005,2012,8,2005 2006 2007 2008 2009 2010 2011 2012,8,excel,data/series/cii/statement-of-persons-arrested-by-sex-and-age-group-under-kidnapping-and-abduction-of-women-and-girls.csv
cii/statement-of-persons-arrested-by-sex-and-age-group-under-kidnapping-and-abduction-section-363-to-369-371-to-37,cii,Crime against Women,,"STATEMENT OF PERSONS ARRESTED BY SEX AND AGE-GROUP UNDER KIDNAPPING AND ABDUCTION (SECTION 363 TO 369, 371 TO 373 IPC) DURING 2012",2004,2012,9,2004 2005 2006 2007 2008 2009 2010 2011 2012,17,excel,data/series/cii/statement-of-persons-arrested-by-sex-and-age-group-under-kidnapping-and-abduction-section-363-to-369-371-to-37.csv
cii/statement-of-persons-arrested-by-sex-and-age-group-under-loss-or-damage-to-computer-resource-or-utility-sectio,cii,Cyber Crime,,STATEMENT OF PERSONS ARRESTED BY SEX AND AGE-GROUP UNDER LOSS OR DAMAGE TO COMPUTER RESOURCE OR UTILITY (SECTION 66(1) I T ACT) DURING 2008,2006,2012,7,2006 2007 2008 2009 2010 2011 2012,12,excel,data/series/cii/statement-of-persons-arrested-by-sex-and-age-group-under-loss-or-damage-to-computer-resource-or-utility-sectio.csv
cii/statement-of-persons-arrested-by-sex-and-age-group-under-molestation-section-354-ipc,cii,Crime against Women,,STATEMENT OF PERSONS ARRESTED BY SEX AND AGE-GROUP UNDER MOLESTATION (SECTION 354 IPC) DURING 2011,2004,2011,8,2004 2005 2006 2007 2008 2009 2010 2011,15,excel,data/series/cii/statement-of-persons-arrested-by-sex-and-age-group-under-molestation-section-354-ipc.csv
cii/statement-of-persons-arrested-by-sex-and-age-group-under-murder-section-302-ipc,cii,Indian Penal Code (IPC),,STATEMENT OF PERSONS ARRESTED BY SEX AND AGE-GROUP UNDER MURDER (SECTION 302 IPC) DURING 2012,2005,2012,8,2005 2006 2007 2008 2009 2010 2011 2012,8,excel,data/series/cii/statement-of-persons-arrested-by-sex-and-age-group-under-murder-section-302-ipc.csv
cii/statement-of-persons-arrested-by-sex-and-age-group-under-narcotic-drugs-psychotropic-substances-act,cii,Special and Local Laws (SLL),,"STATEMENT OF PERSONS ARRESTED BY SEX AND AGE-GROUP UNDER NARCOTIC DRUGS & PSYCHOTROPIC SUBSTANCES ACT, 1985 DURING 2012",2005,2012,8,2005 2006 2007 2008 2009 2010 2011 2012,9,excel,data/series/cii/statement-of-persons-arrested-by-sex-and-age-group-under-narcotic-drugs-psychotropic-substances-act.csv
cii/statement-of-persons-arrested-by-sex-and-age-group-under-obscene-publication-or-transmission-in-electronic-for,cii,Cyber Crime,,STATEMENT OF PERSONS ARRESTED BY SEX AND AGE-GROUP UNDER OBSCENE PUBLICATION OR TRANSMISSION IN ELECTRONIC FORM (SECTION 67 I T ACT) DURING 2008,2006,2012,7,2006 2007 2008 2009 2010 2011 2012,12,excel,data/series/cii/statement-of-persons-arrested-by-sex-and-age-group-under-obscene-publication-or-transmission-in-electronic-for.csv
cii/statement-of-persons-arrested-by-sex-and-age-group-under-obtaining-licence-or-digital-signature-certificate-by,cii,Cyber Crime,,STATEMENT OF PERSONS ARRESTED BY SEX AND AGE-GROUP UNDER OBTAINING LICENCE OR DIGITAL SIGNATURE CERTIFICATE BY MISREPRESENTATION OR SUPPRESSION OF FACT (SECTION 71 I T ACT) DURING 2008,2006,2012,7,2006 2007 2008 2009 2010 2011 2012,12,excel,data/series/cii/statement-of-persons-arrested-by-sex-and-age-group-under-obtaining-licence-or-digital-signature-certificate-by.csv
cii/statement-of-persons-arrested-by-sex-and-age-group-under-offences-by-or-against-public-servant-section-167-172,cii,Cyber Crime,,"STATEMENT OF PERSONS ARRESTED BY SEX AND AGE-GROUP UNDER OFFENCES BY OR AGAINST PUBLIC SERVANT (SECTION 167, 172, 173, 175 IPC) DURING 2008",2006,2012,7,2006 2007 2008 2009 2010 2011 2012,12,excel,data/series/cii/statement-of-persons-arrested-by-sex-and-age-group-under-offences-by-or-against-public-servant-section-167-172.csv
cii/statement-of-persons-arrested-by-sex-and-age-group-under-other-ipc-crimes,cii,Indian Penal Code (IPC),,STATEMENT OF PERSONS ARRESTED BY SEX AND AGE-GROUP UNDER OTHER IPC CRIMES DURING 2012,2005,2012,8,2005 2006 2007 2008 2009 2010 2011 2012,8,excel,data/series/cii/statement-of-persons-arrested-by-sex-and-age-group-under-other-ipc-crimes.csv
cii/statement-of-persons-arrested-by-sex-and-age-group-under-other-rape,cii,Indian Penal Code (IPC),,STATEMENT OF PERSONS ARRESTED BY SEX AND AGE-GROUP UNDER OTHER RAPE DURING 2012,2005,2012,8,2005 2006 2007 2008 2009 2010 2011 2012,8,excel,data/series/cii/statement-of-persons-arrested-by-sex-and-age-group-under-other-rape.csv
cii/statement-of-persons-arrested-by-sex-and-age-group-under-other-sections-of-i-t-act,cii,Cyber Crime,,STATEMENT OF PERSONS ARRESTED BY SEX AND AGE-GROUP UNDER OTHER SECTIONS OF I T ACT DURING 2008,2006,2012,7,2006 2007 2008 2009 2010 2011 2012,12,excel,data/series/cii/statement-of-persons-arrested-by-sex-and-age-group-under-other-sections-of-i-t-act.csv
cii/statement-of-persons-arrested-by-sex-and-age-group-under-other-sll-crimes,cii,Special and Local Laws (SLL),,STATEMENT OF PERSONS ARRESTED BY SEX AND AGE-GROUP UNDER OTHER SLL CRIMES DURING 2012,2005,2012,8,2005 2006 2007 2008 2009 2010 2011 2012,9,excel,data/series/cii/statement-of-persons-arrested-by-sex-and-age-group-under-other-sll-crimes.csv
cii/statement-of-persons-arrested-by-sex-and-age-group-under-other-theft,cii,Indian Penal Code (IPC),,STATEMENT OF PERSONS ARRESTED BY SEX AND AGE-GROUP UNDER OTHER THEFT DURING 2012,2005,2012,8,2005 2006 2007 2008 2009 2010 2011 2012,8,excel,data/series/cii/statement-of-persons-arrested-by-sex-and-age-group-under-other-theft.csv
cii/statement-of-persons-arrested-by-sex-and-age-group-under-preparation-and-assembly-for-dacoity-section-399-to-4,cii,Indian Penal Code (IPC),,STATEMENT OF PERSONS ARRESTED BY SEX AND AGE-GROUP UNDER PREPARATION AND ASSEMBLY FOR DACOITY (SECTION 399 TO 402 IPC) DURING 2012,2005,2012,8,2005 2006 2007 2008 2009 2010 2011 2012,8,excel,data/series/cii/statement-of-persons-arrested-by-sex-and-age-group-under-preparation-and-assembly-for-dacoity-section-399-to-4.csv
cii/statement-of-persons-arrested-by-sex-and-age-group-under-prohibition-act,cii,Special and Local Laws (SLL),,STATEMENT OF PERSONS ARRESTED BY SEX AND AGE-GROUP UNDER PROHIBITION ACT DURING 2012,2005,2012,8,2005 2006 2007 2008 2009 2010 2011 2012,9,excel,data/series/cii/statement-of-persons-arrested-by-sex-and-age-group-under-prohibition-act.csv
cii/statement-of-persons-arrested-by-sex-and-age-group-under-protection-of-civil-rights-act,cii,Special and Local Laws (SLL),,"STATEMENT OF PERSONS ARRESTED BY SEX AND AGE-GROUP UNDER PROTECTION OF CIVIL RIGHTS ACT, 1955 DURING 2012",2005,2012,8,2005 2006 2007 2008 2009 2010 2011 2012,9,excel,data/series/cii/statement-of-persons-arrested-by-sex-and-age-group-under-protection-of-civil-rights-act.csv
cii/statement-of-persons-arrested-by-sex-and-age-group-under-protection-of-civil-rights-act-for-crimes-committed-a,cii,Special and Local Laws (SLL),,"STATEMENT OF PERSONS ARRESTED BY SEX AND AGE-GROUP UNDER PROTECTION OF CIVIL RIGHTS ACT,1955 FOR CRIMES COMMITTED AGAINST SCHEDULED CASTES DURING 2012",2005,2012,8,2005 2006 2007 2008 2009 2010 2011 2012,18,excel,data/series/cii/statement-of-persons-arrested-by-sex-and-age-group-under-protection-of-civil-rights-act-for-crimes-committed-a.csv
cii/statement-of-persons-arrested-by-sex-and-age-group-under-publishing-false-digital-signature-certificate-sectio,cii,Cyber Crime,,STATEMENT OF PERSONS ARRESTED BY SEX AND AGE-GROUP UNDER PUBLISHING FALSE DIGITAL SIGNATURE CERTIFICATE (SECTION 73 I T ACT) DURING 2008,2006,2012,7,2006 2007 2008 2009 2010 2011 2012,12,excel,data/series/cii/statement-of-persons-arrested-by-sex-and-age-group-under-publishing-false-digital-signature-certificate-sectio.csv
cii/statement-of-persons-arrested-by-sex-and-age-group-under-rape-section-376-ipc,cii,Crime against Women,,STATEMENT OF PERSONS ARRESTED BY SEX AND AGE-GROUP UNDER RAPE (SECTION 376 IPC) DURING 2012,2004,2012,9,2004 2005 2006 2007 2008 2009 2010 2011 2012,17,excel,data/series/cii/statement-of-persons-arrested-by-sex-and-age-group-under-rape-section-376-ipc.csv
cii/statement-of-persons-arrested-by-sex-and-age-group-under-registration-of-foreigners-act,cii,Special and Local Laws (SLL),,"STATEMENT OF PERSONS ARRESTED BY SEX AND AGE-GROUP UNDER REGISTRATION OF FOREIGNERS ACT, 1930 DURING 2012",2005,2012,8,2005 2006 2007 2008 2009 2010 2011 2012,9,excel,data/series/cii/statement-of-persons-arrested-by-sex-and-age-group-under-registration-of-foreigners-act.csv
cii/statement-of-persons-arrested-by-sex-and-age-group-under-riots-section-143-144-145-147-148-149-150-151-153-153,cii,Indian Penal Code (IPC),,"STATEMENT OF PERSONS ARRESTED BY SEX AND AGE-GROUP UNDER RIOTS (SECTION 143, 144, 145, 147, 148, 149, 150, 151, 153, 153A, 153B, 157, 158, 160 IPC) DURING 2012",2005,2012,8,2005 2006 2007 2008 2009 2010 2011 2012,8,excel,data/series/cii/statement-of-persons-arrested-by-sex-and-age-group-under-riots-section-143-144-145-147-148-149-150-151-153-153.csv
cii/statement-of-persons-arrested-by-sex-and-age-group-under-robbery-section-392-to-394-397-398-ipc,cii,Indian Penal Code (IPC),,"STATEMENT OF PERSONS ARRESTED BY SEX AND AGE-GROUP UNDER ROBBERY (SECTION 392 TO 394, 397, 398 IPC) DURING 2012",2005,2012,8,2005 2006 2007 2008 2009 2010 2011 2012,8,excel,data/series/cii/statement-of-persons-arrested-by-sex-and-age-group-under-robbery-section-392-to-394-397-398-ipc.csv
cii/statement-of-persons-arrested-by-sex-and-age-group-under-sati-prevention-act,cii,Crime against Women,,"STATEMENT OF PERSONS ARRESTED BY SEX AND AGE-GROUP UNDER SATI PREVENTION ACT, 1987 DURING 2011",2004,2011,8,2004 2005 2006 2007 2008 2009 2010 2011,16,excel,data/series/cii/statement-of-persons-arrested-by-sex-and-age-group-under-sati-prevention-act.csv
cii/statement-of-persons-arrested-by-sex-and-age-group-under-sc-st-prevention-of-atrocities-act,cii,Special and Local Laws (SLL),,"STATEMENT OF PERSONS ARRESTED BY SEX AND AGE-GROUP UNDER SC/ST (PREVENTION OF ATROCITIES) ACT, 1989 DURING 2012",2005,2012,8,2005 2006 2007 2008 2009 2010 2011 2012,9,excel,data/series/cii/statement-of-persons-arrested-by-sex-and-age-group-under-sc-st-prevention-of-atrocities-act.csv
cii/statement-of-persons-arrested-by-sex-and-age-group-under-sc-st-prevention-of-atrocities-act-for-crimes-committ,cii,Special and Local Laws (SLL),,"STATEMENT OF PERSONS ARRESTED BY SEX AND AGE-GROUP UNDER SC/ST (PREVENTION OF ATROCITIES) ACT, 1989 FOR CRIMES COMMITTED AGAINST SCHEDULED CASTES DURING 2012",2005,2012,8,2005 2006 2007 2008 2009 2010 2011 2012,18,excel,data/series/cii/statement-of-persons-arrested-by-sex-and-age-group-under-sc-st-prevention-of-atrocities-act-for-crimes-committ.csv
cii/statement-of-persons-arrested-by-sex-and-age-group-under-sexual-harassment-eve-teasing-section-509-ipc,cii,Crime against Women,,STATEMENT OF PERSONS ARRESTED BY SEX AND AGE-GROUP UNDER SEXUAL HARASSMENT (EVE-TEASING) (SECTION 509 IPC) DURING 2011,2004,2011,8,2004 2005 2006 2007 2008 2009 2010 2011,15,excel,data/series/cii/statement-of-persons-arrested-by-sex-and-age-group-under-sexual-harassment-eve-teasing-section-509-ipc.csv
cii/statement-of-persons-arrested-by-sex-and-age-group-under-tampering-computer-source-documents-section-65-i-t-ac,cii,Cyber Crime,,STATEMENT OF PERSONS ARRESTED BY SEX AND AGE-GROUP UNDER TAMPERING COMPUTER SOURCE DOCUMENTS (SECTION 65 I T ACT) DURING 2008,2006,2012,7,2006 2007 2008 2009 2010 2011 2012,12,excel,data/series/cii/statement-of-persons-arrested-by-sex-and-age-group-under-tampering-computer-source-documents-section-65-i-t-ac.csv
cii/statement-of-persons-arrested-by-sex-and-age-group-under-terrorist-and-disruptive-activities-act,cii,Special and Local Laws (SLL),,"STATEMENT OF PERSONS ARRESTED BY SEX AND AGE-GROUP UNDER TERRORIST AND DISRUPTIVE ACTIVITIES ACT, 1987 DURING 2012",2005,2012,8,2005 2006 2007 2008 2009 2010 2011 2012,9,excel,data/series/cii/statement-of-persons-arrested-by-sex-and-age-group-under-terrorist-and-disruptive-activities-act.csv
cii/statement-of-persons-arrested-by-sex-and-age-group-under-theft-section-379-to-382-ipc,cii,Indian Penal Code (IPC),,STATEMENT OF PERSONS ARRESTED BY SEX AND AGE-GROUP UNDER THEFT (SECTION 379 TO 382 IPC) DURING 2012,2005,2012,8,2005 2006 2007 2008 2009 2010 2011 2012,8,excel,data/series/cii/statement-of-persons-arrested-by-sex-and-age-group-under-theft-section-379-to-382-ipc.csv
cii/statement-of-persons-arrested-by-sex-and-age-group-under-total-cognizable-ipc-crimes,cii,Indian Penal Code (IPC),,STATEMENT OF PERSONS ARRESTED BY SEX AND AGE-GROUP UNDER TOTAL COGNIZABLE IPC CRIMES DURING 2012,2005,2012,8,2005 2006 2007 2008 2009 2010 2011 2012,8,excel,data/series/cii/statement-of-persons-arrested-by-sex-and-age-group-under-total-cognizable-ipc-crimes.csv
cii/statement-of-persons-arrested-by-sex-and-age-group-under-total-cognizable-sll-crimes,cii,Special and Local Laws (SLL),,STATEMENT OF PERSONS ARRESTED BY SEX AND AGE-GROUP UNDER TOTAL COGNIZABLE SLL CRIMES DURING 2012,2005,2012,8,2005 2006 2007 2008 2009 2010 2011 2012,9,excel,data/series/cii/statement-of-persons-arrested-by-sex-and-age-group-under-total-cognizable-sll-crimes.csv
cii/statement-of-persons-arrested-by-sex-and-age-group-under-total-crimes-against-women,cii,Crime against Women,,STATEMENT OF PERSONS ARRESTED BY SEX AND AGE-GROUP UNDER TOTAL CRIMES AGAINST WOMEN DURING 2012,2004,2012,9,2004 2005 2006 2007 2008 2009 2010 2011 2012,9,excel,data/series/cii/statement-of-persons-arrested-by-sex-and-age-group-under-total-crimes-against-women.csv
cii/statement-of-persons-arrested-by-sex-and-age-group-under-total-i-t-act,cii,Cyber Crime,,STATEMENT OF PERSONS ARRESTED BY SEX AND AGE-GROUP UNDER TOTAL I T ACT DURING 2009,2005,2012,8,2005 2006 2007 2008 2009 2010 2011 2012,12,excel,data/series/cii/statement-of-persons-arrested-by-sex-and-age-group-under-total-i-t-act.csv
cii/statement-of-persons-arrested-by-sex-and-age-group-under-un-authorised-access-or-attempt-to-access-to-protecte,cii,Cyber Crime,,STATEMENT OF PERSONS ARRESTED BY SEX AND AGE-GROUP UNDER UN-AUTHORISED ACCESS OR ATTEMPT TO ACCESS TO PROTECTED COMPUTER SYSTEM (SECTION 70 I T ACT) DURING 2008,2006,2012,7,2006 2007 2008 2009 2010 2011 2012,12,excel,data/series/cii/statement-of-persons-arrested-by-sex-and-age-group-under-un-authorised-access-or-attempt-to-access-to-protecte.csv
cii/statement-of-persons-arrested-in-cognizable-crime-cases-under-the-prevention-of-corruption-act-related-section,cii,Economic Offences,,Statement of Persons Arrested in Cognizable Crime Cases under the Prevention of Corruption Act & Related Sections of IPC,1989,2013,18,1989 1993 1994 1995 1997 1998 2001 2002 2003 2004 2005 2006 2007 2008 2009 2011 2012 2013,18,pdf_ocr pdf_text pdf_vlm,data/series/cii/statement-of-persons-arrested-in-cognizable-crime-cases-under-the-prevention-of-corruption-act-related-section.csv
cii/statement-of-persons-arrested-in-total-cognizable-crime-cases-under-offences-under-the-prevention-of-corruptio,cii,Economic Offences,,Statement Of Persons Arrested In Total Cognizable Crime Cases Under Offences under the Prevention of Corruption Act 1988 and R,2014,2015,2,2014 2015,2,pdf_text,data/series/cii/statement-of-persons-arrested-in-total-cognizable-crime-cases-under-offences-under-the-prevention-of-corruptio.csv
cii/statement-of-persons-arretsed-and-their-disposal-by-police-and-court-under-murder-section-302-ipc,cii,Indian Penal Code (IPC),,STATEMENT OF PERSONS ARRETSED AND THEIR DISPOSAL BY POLICE AND COURT UNDER MURDER (SECTION 302 IPC) DURING 2012,2004,2012,9,2004 2005 2006 2007 2008 2009 2010 2011 2012,9,excel,data/series/cii/statement-of-persons-arretsed-and-their-disposal-by-police-and-court-under-murder-section-302-ipc.csv
cii/statement-of-recidivism-under-important-heads-of-ipc-crimes,cii,Crime Survey,,Statement of Recidivism under Important Heads of IPC Crimes During 1985,1984,1985,2,1984 1985,2,pdf_vlm,data/series/cii/statement-of-recidivism-under-important-heads-of-ipc-crimes.csv
cii/statement-showing-city-wise-incidence-of-cognizable-crime-reported__city,cii,Crime Survey,city,Statement Showing City-wise Incidence of Cognizable Crime Reported During the Year 1987,1982,1987,3,1982 1983 1987,3,pdf_vlm,data/series/cii/statement-showing-city-wise-incidence-of-cognizable-crime-reported__city.csv
cii/statement-showing-district-wise-incidence-of-cognizable-crime-reported,cii,Crime Survey,,Statement Showing District-wise Incidence of Cognizable Crime Reported During the Year 1987,1985,1987,2,1985 1987,2,pdf_vlm,data/series/cii/statement-showing-district-wise-incidence-of-cognizable-crime-reported.csv
cii/statement-showing-district-wise-incidence-of-cognizable-crimes-reported,cii,Crime Survey,,Statement Showing District-wise Incidence of Cognizable Crimes Reported During the Year 1986,1984,1986,2,1984 1986,2,pdf_vlm,data/series/cii/statement-showing-district-wise-incidence-of-cognizable-crimes-reported.csv
cii/statement-showing-strength-of-civil-police-including-district-armed-police-as-on-31-12,cii,Crime Survey,,Statement Showing Strength of Civil Police including District Armed Police as on 31.12.1984,1982,1984,2,1982 1984,2,pdf_vlm,data/series/cii/statement-showing-strength-of-civil-police-including-district-armed-police-as-on-31-12.csv
cii/states__state-ut,cii,Crime Survey,state-ut,STATES,1976,1983,4,1976 1977 1982 1983,4,pdf_vlm,data/series/cii/states__state-ut.csv
cii/stateut-wise-cases-and-persons-disposal-under-crimes-against-foreigners__state-ut,cii,States/UTs,state-ut,StateUT-wise Cases and Persons Disposal under Crimes against Foreigners during 2024,2020,2024,2,2020 2024,2,excel,data/series/cii/stateut-wise-cases-and-persons-disposal-under-crimes-against-foreigners__state-ut.csv
cii/stateut-wise-cases-and-persons-disposal-under-crimes-by-foreigners__state-ut,cii,States/UTs,state-ut,StateUT-wise Cases and Persons Disposal under Crimes by Foreigners during 2024,2020,2024,2,2020 2024,2,excel,data/series/cii/stateut-wise-cases-and-persons-disposal-under-crimes-by-foreigners__state-ut.csv
cii/stateut-wise-cases-and-persons-disposal-under-cyber-crimes-against-children__state-ut,cii,States/UTs,state-ut,StateUT-wise Cases and Persons Disposal under Cyber ​​Crimes against Children during 2024,2020,2024,2,2020 2024,2,excel,data/series/cii/stateut-wise-cases-and-persons-disposal-under-cyber-crimes-against-children__state-ut.csv
cii/stateut-wise-cases-and-persons-disposal-under-cyber-crimes-against-women__state-ut,cii,States/UTs,state-ut,StateUT-wise Cases and Persons Disposal under Cyber ​​Crimes against Women during 2024,2020,2024,2,2020 2024,2,excel,data/series/cii/stateut-wise-cases-and-persons-disposal-under-cyber-crimes-against-women__state-ut.csv
cii/stateut-wise-cases-registered-156-3-under-crimes-against-children__state-ut,cii,States/UTs,state-ut,StateUT-wise Cases Registered 156_3 under Crimes against Children during 2020,2019,2020,2,2019 2020,2,excel,data/series/cii/stateut-wise-cases-registered-156-3-under-crimes-against-children__state-ut.csv
cii/stateut-wise-cases-registered-156-3-under-crimes-against-scs__state-ut,cii,States/UTs,state-ut,StateUT-wise Cases Registered 156_3 under Crimes against SCs during 2020,2019,2020,2,2019 2020,2,excel,data/series/cii/stateut-wise-cases-registered-156-3-under-crimes-against-scs__state-ut.csv
cii/stateut-wise-cases-registered-156-3-under-crimes-against-sr-citizen__state-ut,cii,States/UTs,state-ut,StateUT-wise Cases Registered 156_3 under Crimes against Sr Citizen during 2020,2019,2020,2,2019 2020,2,excel,data/series/cii/stateut-wise-cases-registered-156-3-under-crimes-against-sr-citizen__state-ut.csv
cii/stateut-wise-cases-registered-156-3-under-crimes-against-sts__state-ut,cii,States/UTs,state-ut,StateUT-wise Cases Registered 156_3 under Crimes against STs during 2020,2019,2020,2,2019 2020,2,excel,data/series/cii/stateut-wise-cases-registered-156-3-under-crimes-against-sts__state-ut.csv
cii/stateut-wise-cases-registered-156-3-under-crimes-against-women__state-ut,cii,States/UTs,state-ut,StateUT-wise Cases Registered 156_3 under Crimes against Women during 2020,2019,2020,2,2019 2020,2,excel,data/series/cii/stateut-wise-cases-registered-156-3-under-crimes-against-women__state-ut.csv
cii/stateut-wise-cases-registered-156-3-under-ipc__state-ut,cii,States/UTs,state-ut,StateUT-wise Cases Registered 156_3 under IPC during 2020,2019,2020,2,2019 2020,2,excel,data/series/cii/stateut-wise-cases-registered-156-3-under-ipc__state-ut.csv
cii/stateut-wise-cases-registered-156-3-under-sll__state-ut,cii,States/UTs,state-ut,StateUT-wise Cases Registered 156_3 under SLL during 2020,2019,2020,2,2019 2020,2,excel,data/series/cii/stateut-wise-cases-registered-156-3-under-sll__state-ut.csv
cii/stateut-wise-complaints-against-police-personnel__state-ut,cii,States/UTs,state-ut,StateUT-wise Complaints against Police Personnel during 2024,2020,2024,2,2020 2024,2,excel,data/series/cii/stateut-wise-complaints-against-police-personnel__state-ut.csv
cii/stateut-wise-nature-wise-property-stolen-and-recovered__state-ut,cii,States/UTs,state-ut,StateUT-wise Nature-wise Property Stolen and Recovered during 2024,2020,2024,2,2020 2024,2,excel,data/series/cii/stateut-wise-nature-wise-property-stolen-and-recovered__state-ut.csv
cii/stateut-wise-persons-arrested-under-cyber-crimes__state-ut,cii,States/UTs,state-ut,StateUT-wise Persons Arrested under Cyber ​​Crimes during 2024,2019,2024,6,2019 2020 2021 2022 2023 2024,6,excel,data/series/cii/stateut-wise-persons-arrested-under-cyber-crimes__state-ut.csv
cii/stateut-wise-persons-disposal-under-crimes-against-children__state-ut,cii,States/UTs,state-ut,StateUT-wise Persons Disposal under Crimes against Children during 2024,2020,2024,2,2020 2024,2,excel,data/series/cii/stateut-wise-persons-disposal-under-crimes-against-children__state-ut.csv
cii/stateut-wise-persons-disposal-under-crimes-against-scs__state-ut,cii,States/UTs,state-ut,StateUT-wise Persons Disposal under Crimes against SCs during 2024,2020,2024,2,2020 2024,2,excel,data/series/cii/stateut-wise-persons-disposal-under-crimes-against-scs__state-ut.csv
cii/stateut-wise-persons-disposal-under-crimes-against-senior-citizen__state-ut,cii,States/UTs,state-ut,StateUT-wise Persons Disposal under Crimes against Senior Citizen during 2024,2020,2024,2,2020 2024,2,excel,data/series/cii/stateut-wise-persons-disposal-under-crimes-against-senior-citizen__state-ut.csv
cii/stateut-wise-persons-disposal-under-crimes-against-sts__state-ut,cii,States/UTs,state-ut,StateUT-wise Persons Disposal under Crimes against STs during 2024,2020,2024,2,2020 2024,2,excel,data/series/cii/stateut-wise-persons-disposal-under-crimes-against-sts__state-ut.csv
cii/stateut-wise-persons-disposal-under-crimes-against-women__state-ut,cii,States/UTs,state-ut,StateUT-wise Persons Disposal under Crimes against Women during 2024,2020,2024,2,2020 2024,2,excel,data/series/cii/stateut-wise-persons-disposal-under-crimes-against-women__state-ut.csv
cii/stateut-wise-persons-disposal-under-cyber-crimes__state-ut,cii,States/UTs,state-ut,StateUT-wise Persons Disposal under Cyber ​​Crimes during 2024,2020,2024,2,2020 2024,2,excel,data/series/cii/stateut-wise-persons-disposal-under-cyber-crimes__state-ut.csv
cii/stateut-wise-persons-disposal-under-sll-crimes__state-ut,cii,States/UTs,state-ut,StateUT-wise Persons Disposal under SLL Crimes during 2024,2020,2024,2,2020 2024,2,excel,data/series/cii/stateut-wise-persons-disposal-under-sll-crimes__state-ut.csv
cii/stateut-wise-place-of-occurrence-wise-property-stolen-and-recovered__state-ut,cii,States/UTs,state-ut,StateUT-wise Place of Occurrence-wise Property Stolen and Recovered during 2024,2020,2024,2,2020 2024,2,excel,data/series/cii/stateut-wise-place-of-occurrence-wise-property-stolen-and-recovered__state-ut.csv
cii/stateut-wise-property-stolen-and-recovered__state-ut,cii,States/UTs,state-ut,StateUT-wise Property Stolen and Recovered during 2024,2019,2024,3,2019 2020 2024,5,excel,data/series/cii/stateut-wise-property-stolen-and-recovered__state-ut.csv
cii/stateut-wise-rank-wise-police-personnel-injured-on-duty__state-ut,cii,States/UTs,state-ut,StateUT-wise Rank-wise Police Personnel Injured on Duty during 2024,2020,2024,2,2020 2024,2,excel,data/series/cii/stateut-wise-rank-wise-police-personnel-injured-on-duty__state-ut.csv
cii/stateut-wise-rank-wise-police-personnel-killed-on-duty__state-ut,cii,States/UTs,state-ut,StateUT-wise Rank-wise Police Personnel Killed on Duty during 2024,2020,2024,2,2020 2024,2,excel,data/series/cii/stateut-wise-rank-wise-police-personnel-killed-on-duty__state-ut.csv
cii/stateut-wise-weapontype-wise-seizure-of-ammunition__state-ut,cii,States/UTs,state-ut,StateUT-wise WeaponType-wise Seizure of Ammunition during 2024,2020,2024,2,2020 2024,2,excel,data/series/cii/stateut-wise-weapontype-wise-seizure-of-ammunition__state-ut.csv
cii/stateut-wise-weapontype-wise-seizure-of-arms__state-ut,cii,States/UTs,state-ut,StateUT-wise WeaponType-wise Seizure of Arms during 2024,2020,2024,2,2020 2024,2,excel,data/series/cii/stateut-wise-weapontype-wise-seizure-of-arms__state-ut.csv
cii/strength-of-armed-police,cii,Crime Survey,,"Strength of Armed Police as on 31st December, 1970",1969,1970,2,1969 1970,2,pdf_vlm,data/series/cii/strength-of-armed-police.csv
cii/strength-of-armed-police-as-on-31-12,cii,Crime Survey,,Strength of Armed Police as on 31.12.1984,1971,1984,9,1971 1972 1973 1975 1977 1978 1979 1981 1984,9,pdf_vlm,data/series/cii/strength-of-armed-police-as-on-31-12.csv
cii/strength-of-civil-including-districts-armed-police-as-on-31-12,cii,Crime Survey,,Strength of Civil including Districts Armed Police as on 31.12.1975,1973,1975,2,1973 1975,2,pdf_vlm,data/series/cii/strength-of-civil-including-districts-armed-police-as-on-31-12.csv
cii/strength-of-civil-police-including-district-armed-police-as-on-31-12,cii,Crime Survey,,Strength of Civil Police including District Armed Police as on 31.12.1981,1972,1981,3,1972 1978 1981,3,pdf_vlm,data/series/cii/strength-of-civil-police-including-district-armed-police-as-on-31-12.csv
cii/strength-of-civil-police-including-district-armed-reserve,cii,Crime Survey,,"Strength of Civil Police including District Armed Reserve as on 31st December, 1970",1969,1970,2,1969 1970,2,pdf_vlm,data/series/cii/strength-of-civil-police-including-district-armed-reserve.csv
cii/table,cii,Crime Survey,,TABLE - &,1969,1991,4,1969 1970 1972 1991,7,pdf_ocr pdf_vlm,data/series/cii/table.csv
cii/table-24,cii,Crime Survey,,TABLE-24,1979,1991,3,1979 1981 1991,3,pdf_ocr pdf_vlm,data/series/cii/table-24.csv
cii/table-7,cii,Crime Survey,,TABLE-7,1982,1991,2,1982 1991,2,pdf_vlm,data/series/cii/table-7.csv
cii/table-7-a-statement-showing-city-wise-incidence-of-cognizable-crimes-reported__city,cii,Crime Survey,city,TABLE 7 (A) Statement showing City-wise Incidence of Cognizable Crimes reported during the year 1986,1978,1986,3,1978 1980 1986,3,pdf_vlm,data/series/cii/table-7-a-statement-showing-city-wise-incidence-of-cognizable-crimes-reported__city.csv
cii/table-7-cond,cii,Crime Survey,,TABLE 7—cond.,1977,1983,2,1977 1983,2,pdf_vlm,data/series/cii/table-7-cond.csv
cii/table-7-statement-showing-district-wise-and-city-wise-incidence-of-cognizable-crime-reported__city,cii,Crime Survey,city,TABLE-7 STATEMENT SHOWING DISTRICT-WISE AND CITY-WISE INCIDENCE OF COGNIZABLE CRIME REPORTED DURING THE YEAR 1981.,1976,1981,3,1976 1978 1981,3,pdf_vlm,data/series/cii/table-7-statement-showing-district-wise-and-city-wise-incidence-of-cognizable-crime-reported__city.csv
cii/table-7-statement-showing-district-wise-incidence-of-cognizable-crimes-reported,cii,Crime Survey,,TABLE 7 Statement showing District-wise Incidence of Cognizable Crimes Reported during the year 1975,1974,1975,2,1974 1975,2,pdf_vlm,data/series/cii/table-7-statement-showing-district-wise-incidence-of-cognizable-crimes-reported.csv
cii/table-incidence-of-cognizable-crime-and-volume-of-crime-per-one-lakh-of-population-under,cii,Crime Survey,,TABLE Incidence of Cognizable Crime and Volume of Crime per one Lakh of Population under,1972,1973,2,1972 1973,2,pdf_vlm,data/series/cii/table-incidence-of-cognizable-crime-and-volume-of-crime-per-one-lakh-of-population-under.csv
cii/table-incidence-of-crime-under-different-heads,cii,Crime Survey,,TABLE Incidence of Crime under different heads,1967,1972,5,1967 1969 1970 1971 1972,9,pdf_vlm,data/series/cii/table-incidence-of-crime-under-different-heads.csv
cii/table-juvenile,cii,Crime Survey,,TABLE— JUVENILE,1966,1970,5,1966 1967 1968 1969 1970,6,pdf_vlm,data/series/cii/table-juvenile.csv
cii/table-juvenile-delinquency-in-states__state-ut,cii,Crime Survey,state-ut,TABLE— JUVENILE DELINQUENCY IN STATES/,1968,1970,2,1968 1970,2,pdf_vlm,data/series/cii/table-juvenile-delinquency-in-states__state-ut.csv
cii/table-juveniles-apprehended-under-important-heads,cii,Crime Survey,,TABLE Juveniles Apprehended under important heads,1972,1973,2,1972 1973,2,pdf_vlm,data/series/cii/table-juveniles-apprehended-under-important-heads.csv
cii/table-persons-arrested,cii,Crime Survey,,TABLE— Persons arrested,1973,1974,2,1973 1974,4,pdf_vlm,data/series/cii/table-persons-arrested.csv
cii/table-police-personnel-killed-or,cii,Crime Survey,,TABLE POLICE PERSONNEL KILLED OR,1967,1968,2,1967 1968,2,pdf_vlm,data/series/cii/table-police-personnel-killed-or.csv
cii/table-presenting-area-estimated-mid-year-population-total-cognizable-crime-under-ipc-actual-police-strength-an,cii,Crime Survey,,"Table Presenting Area, Estimated Mid-Year Population, Total Cognizable Crime under IPC, Actual Police Strength and Allied Matter",1985,1986,2,1985 1986,2,pdf_ocr pdf_vlm,data/series/cii/table-presenting-area-estimated-mid-year-population-total-cognizable-crime-under-ipc-actual-police-strength-an.csv
cii/table-presenting-area-estimated-mid-year-population-total-cognizable-crime-under-ipc-and-actual-police-strengt,cii,Crime Survey,,"Table Presenting Area, Estimated Mid-Year Population, Total Cognizable Crime under IPC and Actual Police Strength During 1987",1984,1987,2,1984 1987,2,pdf_vlm,data/series/cii/table-presenting-area-estimated-mid-year-population-total-cognizable-crime-under-ipc-and-actual-police-strengt.csv
cii/table-presenting-strength-of-armed-police-as-on-31-12,cii,Crime Survey,,Table Presenting Strength of Armed Police as on 31.12.1987,1985,1987,3,1985 1986 1987,3,pdf_vlm,data/series/cii/table-presenting-strength-of-armed-police-as-on-31-12.csv
cii/table-statement-indicating-motive-of-murder-and-culpable-homicide-not-amounting-to,cii,Crime Survey,,TABLE Statement indicating motive of Murder and Culpable Homicide not Amounting to,1972,1973,2,1972 1973,2,pdf_vlm,data/series/cii/table-statement-indicating-motive-of-murder-and-culpable-homicide-not-amounting-to.csv
cii/territories-and-cities-crime__city,cii,Crime Survey,city,Territories and Cities CRIME,1963,1964,2,1963 1964,2,pdf_vlm,data/series/cii/territories-and-cities-crime__city.csv
cii/the-motives-of-murder-and-culpable-homicide-not-amounting-to-murder-in-different-states-uts-and-cities__city,cii,Crime Survey,city,"The Motives of Murder and Culpable Homicide not Amounting to Murder in Different States, UTs and Cities During 1987",1984,1987,2,1984 1987,2,pdf_vlm,data/series/cii/the-motives-of-murder-and-culpable-homicide-not-amounting-to-murder-in-different-states-uts-and-cities__city.csv
cii/the-number-of-victims-under-different-age-groups-for-the-crime-head-rape-in-different-states-u-t-s-cities__city,cii,Crime Survey,city,The Number of Victims under Different Age Groups for the Crime Head 'Rape' in Different States/U.T.s/Cities During 1987,1984,1987,2,1984 1987,2,pdf_vlm,data/series/cii/the-number-of-victims-under-different-age-groups-for-the-crime-head-rape-in-different-states-u-t-s-cities__city.csv
cii/time-taken-for-submitting-chargesheets-in-ipc-crimes,cii,Disposal of Cases By Police (States/UTs),,Time taken for Submitting Chargesheets in IPC Crimes - 2023,2017,2023,7,2017 2018 2019 2020 2021 2022 2023,7,pdf_text,data/series/cii/time-taken-for-submitting-chargesheets-in-ipc-crimes.csv
cii/time-taken-for-submitting-chargesheets-in-sll-crimes,cii,Disposal of Cases By Police (States/UTs),,Time taken for Submitting Chargesheets in SLL Crimes - 2024,2017,2024,8,2017 2018 2019 2020 2021 2022 2023 2024,8,pdf_text,data/series/cii/time-taken-for-submitting-chargesheets-in-sll-crimes.csv
cii/time-taken-for-submitting-final-report-in-ipc-crimes,cii,Disposal of Cases By Police (States/UTs),,Time taken for Submitting Final Report in IPC Crimes - 2023,2017,2023,7,2017 2018 2019 2020 2021 2022 2023,7,pdf_text,data/series/cii/time-taken-for-submitting-final-report-in-ipc-crimes.csv
cii/time-taken-for-submitting-final-report-in-sll-crimes,cii,Disposal of Cases By Police (States/UTs),,Time taken for Submitting Final Report in SLL Crimes - 2024,2017,2024,8,2017 2018 2019 2020 2021 2022 2023 2024,8,pdf_text,data/series/cii/time-taken-for-submitting-final-report-in-sll-crimes.csv
cii/total-cogni,cii,,,TOTAL COGNI,1960,1961,2,1960 1961,2,pdf_vlm,data/series/cii/total-cogni.csv
cii/total-cognizable-18,cii,,,TOTAL COGNIZABLE 18,1959,1960,2,1959 1960,2,pdf_vlm,data/series/cii/total-cognizable-18.csv
cii/total-cognizable-crime-under-ipc-juvenile-crime-under-ipc-proportion-of-juvenile-crime-to-total-crime-and-volu,cii,Crime Survey,,"Total Cognizable Crime under IPC, Juvenile Crime under IPC, Proportion of Juvenile Crime to Total Crime and Volume of Juvenile C",1975,1987,6,1975 1978 1984 1985 1986 1987,6,pdf_vlm,data/series/cii/total-cognizable-crime-under-ipc-juvenile-crime-under-ipc-proportion-of-juvenile-crime-to-total-crime-and-volu.csv
cii/total-complaints-received-and-cases-registered-under-ipc-and-sll,cii,Summary (All India),,Total Complaints Received and Cases Registered under IPC and SLL - 2021-2023,2017,2023,7,2017 2018 2019 2020 2021 2022 2023,7,pdf_text,data/series/cii/total-complaints-received-and-cases-registered-under-ipc-and-sll.csv
cii/total-missing-and-traced-persons-state-ut-wise__state-ut,cii,Missing Persons (States & UTs),state-ut,Total Missing and Traced Persons (State/UT-wise) - 2024,2017,2024,8,2017 2018 2019 2020 2021 2022 2023 2024,8,pdf_text,data/series/cii/total-missing-and-traced-persons-state-ut-wise__state-ut.csv
cii/trust-persons-appendix-xx,cii,,,TRUST—PERSONS Appendix—XX,1958,1961,2,1958 1961,2,pdf_vlm,data/series/cii/trust-persons-appendix-xx.csv
cii/type-of-property-stolen-recovered,cii,Property Stolen and Recovered (States/UTs),,Type of Property Stolen & Recovered - 2024,2017,2024,8,2017 2018 2019 2020 2021 2022 2023 2024,8,pdf_text,data/series/cii/type-of-property-stolen-recovered.csv
cii/u-ts,cii,Crime Survey,,U. Ts,1971,1972,2,1971 1972,2,pdf_vlm,data/series/cii/u-ts.csv
cii/union-territories,cii,Crime Survey,,UNION TERRITORIES,1959,1982,3,1959 1963 1982,13,pdf_vlm,data/series/cii/union-territories.csv
cii/value-of-cultural-property-including-antiques-stolen-and-recovered-state-ut-wise__state-ut,cii,Crime Survey,state-ut,Value of Cultural Property (including Antiques) Stolen and Recovered During 1999 (State & UT-Wise),1997,1999,3,1997 1998 1999,3,pdf_vlm,data/series/cii/value-of-cultural-property-including-antiques-stolen-and-recovered-state-ut-wise__state-ut.csv
cii/value-of-currency-seized-recovered-in-rs-by-police,cii,Seizures by State/UT Police,,Value of Currency Seized / Recovered (in Rs.) by Police - 2020,2017,2020,4,2017 2018 2019 2020,4,pdf_text,data/series/cii/value-of-currency-seized-recovered-in-rs-by-police.csv
cii/value-of-property-lost-under-criminal-breach-of-trust-and-cheating-cases-state-ut-city-wise__state-ut-city,cii,Economic Offences,state-ut-city,"Value of Property Lost under Criminal Breach of Trust and Cheating Cases (State, UT & City-wise)",2001,2013,12,2001 2002 2003 2004 2005 2006 2007 2008 2009 2011 2012 2013,12,pdf_text,data/series/cii/value-of-property-lost-under-criminal-breach-of-trust-and-cheating-cases-state-ut-city-wise__state-ut-city.csv
cii/value-of-property-lost-under-criminal-breach-of-trust-cheating-and-fraud-forgery-cases-state-ut-wise__state-ut,cii,Economic Offences,state-ut,"Value of Property Lost under Criminal Breach of Trust, Cheating and Fraud/Forgery Cases During 2015 (State/UT-Wise)",2014,2015,2,2014 2015,2,pdf_text,data/series/cii/value-of-property-lost-under-criminal-breach-of-trust-cheating-and-fraud-forgery-cases-state-ut-wise__state-ut.csv
cii/value-of-property-stolen-and-recovered-and-percentage-of-recovery,cii,Crime Survey,,Value of Property Stolen and Recovered and Percentage of Recovery,1984,1987,3,1984 1985 1987,3,pdf_vlm,data/series/cii/value-of-property-stolen-and-recovered-and-percentage-of-recovery.csv
cii/value-of-property-stolen-recovered-and-percentage-recovery,cii,Crime Survey,,Value of Property Stolen & Recovered and Percentage Recovery During 1986-96,1988,1996,9,1988 1989 1990 1991 1992 1993 1994 1995 1996,9,pdf_vlm,data/series/cii/value-of-property-stolen-recovered-and-percentage-recovery.csv
cii/value-of-property-stolen-recovered-and-percentage-recovery-all-india__all-india,cii,Property Stolen & Recovered,all-india,Value of Property Stolen & Recovered and Percentage Recovery During 2004-2015 (All-India),2001,2015,15,2001 2002 2003 2004 2005 2006 2007 2008 2009 2010 2011 2012 2013 2014 2015,16,pdf_text,data/series/cii/value-of-property-stolen-recovered-and-percentage-recovery-all-india__all-india.csv
cii/value-of-property-stolen-recovered-and-percentage-recovery-by-nature-of-property,cii,Crime Survey,,Value of Property Stolen & Recovered and Percentage Recovery During 1998 (By Nature of Property),1988,1998,9,1988 1991 1992 1993 1994 1995 1996 1997 1998,9,pdf_vlm,data/series/cii/value-of-property-stolen-recovered-and-percentage-recovery-by-nature-of-property.csv
cii/value-of-property-stolen-recovered-and-percentage-recovery-by-nature-of-property-all-india__all-india,cii,Property Stolen & Recovered,all-india,Value of Property Stolen & Recovered and Percentage Recovery (by Nature of Property) During 2015 (All-India),2001,2015,15,2001 2002 2003 2004 2005 2006 2007 2008 2009 2010 2011 2012 2013 2014 2015,16,pdf_text,data/series/cii/value-of-property-stolen-recovered-and-percentage-recovery-by-nature-of-property-all-india__all-india.csv
cii/value-of-property-stolen-recovered-and-percentage-recovery-crime-head-wise,cii,Property Stolen & Recovered,,Value of Property Stolen & Recovered and Percentage Recovery (Crime Head- wise),1988,2013,21,1988 1992 1993 1994 1995 1996 1997 1998 1999 2001 2002 2004 2005 2006 2007 2008 2009 2010 2011 2012 2013,22,pdf_text pdf_vlm,data/series/cii/value-of-property-stolen-recovered-and-percentage-recovery-crime-head-wise.csv
cii/value-of-property-stolen-recovered-and-percentage-recovery-crime-head-wise-all-india__all-india,cii,Property Stolen & Recovered,all-india,Value of Property Stolen & Recovered and Percentage Recovery (Crime Head wise) During 2015(All India),2014,2015,2,2014 2015,2,pdf_text,data/series/cii/value-of-property-stolen-recovered-and-percentage-recovery-crime-head-wise-all-india__all-india.csv
cii/value-of-property-stolen-recovered-and-percentage-recovery-crime-head-wise-value-of-property-stolen-recovered,cii,Crime Survey,,Value of Property Stolen & Recovered and Percentage Recovery During 1990 (Crime Head-Wise); Value of Property Stolen & Recovered and Percentage Recovery During 1990 (by Nature of Property),1989,1990,2,1989 1990,2,pdf_vlm,data/series/cii/value-of-property-stolen-recovered-and-percentage-recovery-crime-head-wise-value-of-property-stolen-recovered.csv
cii/value-of-property-stolen-recovered-and-percentage-recovery-during,cii,Crime Survey,,Value of Property Stolen & Recovered and Percentage Recovery During (1988-98),1997,1999,2,1997 1999,2,pdf_vlm,data/series/cii/value-of-property-stolen-recovered-and-percentage-recovery-during.csv
cii/value-of-property-stolen-recovered-and-percentage-recovery-state-ut-city-wise__state-ut-city,cii,Crime Survey,state-ut-city,"Value of Property Stolen & Recovered and Percentage Recovery (State, UT & City-wise)",1988,2013,25,1988 1989 1990 1991 1992 1993 1994 1995 1996 1997 1998 1999 2001 2002 2003 2004 2005 2006 2007 2008 2009 2010 2011 2012 2013,27,pdf_text pdf_vlm,data/series/cii/value-of-property-stolen-recovered-and-percentage-recovery-state-ut-city-wise__state-ut-city.csv
cii/value-of-property-stolen-recovered-and-percentage-recovery-state-ut-wise__state-ut,cii,Property Stolen & Recovered,state-ut,Value of Property Stolen & Recovered and Percentage Recovery During 2015 (State/UT-Wise),2014,2015,2,2014 2015,2,pdf_text,data/series/cii/value-of-property-stolen-recovered-and-percentage-recovery-state-ut-wise__state-ut.csv
cii/victims-of-murder-gender-age-group-wise,cii,Violent Crimes – Murder (States/UTs),,Victims of Murder (Gender & Age Group-wise) - 2024,2017,2024,8,2017 2018 2019 2020 2021 2022 2023 2024,22,excel pdf_text,data/series/cii/victims-of-murder-gender-age-group-wise.csv
cii/victims-of-rape-also-incest-rape-cases-under-different-age-groups-state-ut-city-wise__state-ut-city,cii,Crime Against Women,state-ut-city,"Victims of Rape (also incest Rape cases) under Different Age-Groups (State, UT & City-wise)",2002,2013,12,2002 2003 2004 2005 2006 2007 2008 2009 2010 2011 2012 2013,12,pdf_text,data/series/cii/victims-of-rape-also-incest-rape-cases-under-different-age-groups-state-ut-city-wise__state-ut-city.csv
cii/victims-of-rape-also-incest-under-different-age-groups-state-ut-city-wise__state-ut-city,cii,Crime Against Women,state-ut-city,"Victims of Rape (also incest)under different age-groups (State, UT & City wise)",2000,2001,2,2000 2001,2,pdf_text,data/series/cii/victims-of-rape-also-incest-under-different-age-groups-state-ut-city-wise__state-ut-city.csv
cii/victims-of-rape-under-different-age-groups,cii,Crime Survey,,Victims of Rape Under Different Age Groups During 1998,1997,1998,2,1997 1998,2,pdf_vlm,data/series/cii/victims-of-rape-under-different-age-groups.csv
cii/victims-of-rape-under-different-age-groups-state-ut-city-wise__state-ut-city,cii,Crime Survey,state-ut-city,"Victims of Rape Under Different Age Groups During 1996 (State, UT & City-Wise)",1988,1996,9,1988 1989 1990 1991 1992 1993 1994 1995 1996,9,pdf_ocr pdf_vlm,data/series/cii/victims-of-rape-under-different-age-groups-state-ut-city-wise__state-ut-city.csv
cii/victims-rescued,cii,Human Trafficking,,Victims Rescued – 2024,2016,2024,9,2016 2017 2018 2019 2020 2021 2022 2023 2024,9,pdf_text,data/series/cii/victims-rescued.csv
cii/victims-trafficked,cii,Human Trafficking,,Victims Trafficked – 2024,2016,2024,9,2016 2017 2018 2019 2020 2021 2022 2023 2024,9,pdf_text,data/series/cii/victims-trafficked.csv
cii/victims-under-crimes-against-women,cii,States/UTs,,Victims under Crimes against Women during 2022,2019,2022,3,2019 2021 2022,3,excel,data/series/cii/victims-under-crimes-against-women.csv
cii/violent-crimes-crime-head-wise-city-wise__city,cii,Violent Crimes,city,Violent Crimes (Crime Head-wise & City-wise) – 2024,2017,2024,8,2017 2018 2019 2020 2021 2022 2023 2024,12,excel pdf_text,data/series/cii/violent-crimes-crime-head-wise-city-wise__city.csv
cii/violent-crimes-crime-head-wise-state-ut-wise__state-ut,cii,Violent Crimes,state-ut,Violent Crimes (Crime Head-wise & State/UT-wise) – 2024,2017,2024,8,2017 2018 2019 2020 2021 2022 2023 2024,8,pdf_text,data/series/cii/violent-crimes-crime-head-wise-state-ut-wise__state-ut.csv
cii/women-girls-victims-of-rape-under-different-age-groups,cii,Crime Against Women (States/UTs),,Women & Girls Victims of Rape under Different Age-Groups - 2024,2017,2024,8,2017 2018 2019 2020 2021 2022 2023 2024,8,pdf_text,data/series/cii/women-girls-victims-of-rape-under-different-age-groups.csv
cii/zable-crime,cii,,,ZABLE CRIME,1960,1961,2,1960 1961,2,pdf_vlm,data/series/cii/zable-crime.csv
psi/accidental-deaths-of-prisoners-in-jails,psi,Deaths and Illness in Prisons,,Accidental Deaths of Prisoners in Jails,2016,2024,9,2016 2017 2018 2019 2020 2021 2022 2023 2024,9,pdf_text,data/series/psi/accidental-deaths-of-prisoners-in-jails.csv
psi/actual-strength-of-women-jail-officers-staff,psi,Strength and Training of Jail Officials,,Actual Strength of Women Jail Officers/Staff,2003,2024,21,2003 2004 2005 2006 2007 2008 2009 2010 2012 2013 2014 2015 2016 2017 2018 2019 2020 2021 2022 2023 2024,21,pdf_text,data/series/psi/actual-strength-of-women-jail-officers-staff.csv
psi/age-group-wise-percentage-of-foreigner-detenues-to-total-foreigner-detenues-by-age-groups,psi,Types of Prison Inmates,,Age-group wise percentage of Foreigner Detenues to Total Foreigner Detenues by Age-Groups,2003,2015,13,2003 2004 2005 2006 2007 2008 2009 2010 2011 2012 2013 2014 2015,13,pdf_text,data/series/psi/age-group-wise-percentage-of-foreigner-detenues-to-total-foreigner-detenues-by-age-groups.csv
psi/age-group-wise-percentage-share-of-convicts-to-total-convicts,psi,Prisoners – Types and Demography,,Age-group-wise Percentage Share of Convicts to Total Convicts,2016,2024,9,2016 2017 2018 2019 2020 2021 2022 2023 2024,9,pdf_text,data/series/psi/age-group-wise-percentage-share-of-convicts-to-total-convicts.csv
psi/age-group-wise-percentage-share-of-undertrials-to-total-undertrials,psi,Prisoners – Types and Demography,,Age-group wise Percentage Share of Undertrials to Total Undertrials,2016,2024,9,2016 2017 2018 2019 2020 2021 2022 2023 2024,9,pdf_text,data/series/psi/age-group-wise-percentage-share-of-undertrials-to-total-undertrials.csv
psi/annexure-i-capacity-and-population-in-jails,psi,Annexures,,Annexure-I: Capacity and Population in Jails During 1997,1996,1997,2,1996 1997,2,pdf_vlm,data/series/psi/annexure-i-capacity-and-population-in-jails.csv
psi/annexure-ii-age-group-wise-classification-of-inmates,psi,Annexures,,Annexure-II: Age-Group Wise Classification of Inmates During 1996,1995,1996,2,1995 1996,2,pdf_vlm,data/series/psi/annexure-ii-age-group-wise-classification-of-inmates.csv
psi/annexure-iii-category-wise-classification-of-inmates,psi,Annexures,,Annexure-III: Category-Wise Classification of Inmates During 1996,1995,1996,2,1995 1996,2,pdf_vlm,data/series/psi/annexure-iii-category-wise-classification-of-inmates.csv
psi/annexure-ix-inspections-and-other-movements-etc-in-jails,psi,Annexures,,Annexure-IX: Inspections and Other Movements Etc. in Jails During 1996,1995,1996,2,1995 1996,2,pdf_vlm,data/series/psi/annexure-ix-inspections-and-other-movements-etc-in-jails.csv
psi/annexure-vi-vocational-training,psi,Annexures,,Annexure-VI: Vocational Training During 1996,1995,1996,2,1995 1996,2,pdf_vlm,data/series/psi/annexure-vi-vocational-training.csv
psi/annexure-vii-productivity-of-inmates,psi,Annexures,,Annexure-VII: Productivity of Inmates During 1996,1995,1996,2,1995 1996,2,pdf_vlm,data/series/psi/annexure-vii-productivity-of-inmates.csv
psi/annexure-x-strength-of-officials-cadre-wise,psi,Annexures,,Annexure-X: Strength of Officials During 1996 (Cadre-Wise),1995,1996,2,1995 1996,2,pdf_vlm,data/series/psi/annexure-x-strength-of-officials-cadre-wise.csv
psi/annexure-xi-training-of-jail-officers-staff,psi,Annexures,,Annexure-XI: Training of Jail Officers/Staff During 1996,1995,1996,2,1995 1996,2,pdf_vlm,data/series/psi/annexure-xi-training-of-jail-officers-staff.csv
psi/annexure-xiii-budgetary-details,psi,Annexures,,Annexure - XIII Budgetary details during 1996,1995,1996,2,1995 1996,2,pdf_vlm,data/series/psi/annexure-xiii-budgetary-details.csv
psi/break-up-of-natural-deaths-illness,psi,Deaths and Illness in Prisons,,Break-up of Natural Deaths (Illness),2016,2024,9,2016 2017 2018 2019 2020 2021 2022 2023 2024,9,pdf_text,data/series/psi/break-up-of-natural-deaths-illness.csv
psi/capacity-and-population-of-inmates-in-borstal-schools,psi,Inmate Population and overcrowding in Prisons,,Capacity and Population of inmates in Borstal Schools,2003,2015,13,2003 2004 2005 2006 2007 2008 2009 2010 2011 2012 2013 2014 2015,13,pdf_text,data/series/psi/capacity-and-population-of-inmates-in-borstal-schools.csv
psi/capacity-and-population-of-inmates-in-central-jails,psi,Inmate Population and overcrowding in Prisons,,Capacity and Population of inmates in Central Jails,2003,2015,13,2003 2004 2005 2006 2007 2008 2009 2010 2011 2012 2013 2014 2015,13,pdf_text,data/series/psi/capacity-and-population-of-inmates-in-central-jails.csv
psi/capacity-and-population-of-inmates-in-district-jails,psi,Inmate Population and overcrowding in Prisons,,Capacity and Population of inmates in District Jails,2003,2015,13,2003 2004 2005 2006 2007 2008 2009 2010 2011 2012 2013 2014 2015,13,pdf_text,data/series/psi/capacity-and-population-of-inmates-in-district-jails.csv
psi/capacity-and-population-of-inmates-in-open-jails,psi,Inmate Population and overcrowding in Prisons,,Capacity and Population of inmates in Open Jails,2003,2015,13,2003 2004 2005 2006 2007 2008 2009 2010 2011 2012 2013 2014 2015,13,pdf_text,data/series/psi/capacity-and-population-of-inmates-in-open-jails.csv
psi/capacity-and-population-of-inmates-in-other-jails,psi,Inmate Population and overcrowding in Prisons,,Capacity and Population of inmates in Other Jails,2003,2015,13,2003 2004 2005 2006 2007 2008 2009 2010 2011 2012 2013 2014 2015,13,pdf_text,data/series/psi/capacity-and-population-of-inmates-in-other-jails.csv
psi/capacity-and-population-of-inmates-in-special-jails,psi,Inmate Population and overcrowding in Prisons,,Capacity and Population of inmates in Special Jails,2003,2015,13,2003 2004 2005 2006 2007 2008 2009 2010 2011 2012 2013 2014 2015,13,pdf_text,data/series/psi/capacity-and-population-of-inmates-in-special-jails.csv
psi/capacity-and-population-of-inmates-in-sub-jails,psi,Inmate Population and overcrowding in Prisons,,Capacity and Population of inmates in Sub Jails,2003,2015,13,2003 2004 2005 2006 2007 2008 2009 2010 2011 2012 2013 2014 2015,13,pdf_text,data/series/psi/capacity-and-population-of-inmates-in-sub-jails.csv
psi/capacity-and-population-of-inmates-in-women-jails,psi,Inmate Population and overcrowding in Prisons,,Capacity and Population of inmates in Women Jails,2003,2015,13,2003 2004 2005 2006 2007 2008 2009 2010 2011 2012 2013 2014 2015,13,pdf_text,data/series/psi/capacity-and-population-of-inmates-in-women-jails.csv
psi/capacity-in-jails-inmate-population-and-occupancy-rate,psi,Inmate Population and overcrowding in Prisons,,"Capacity in Jails, Inmate population and Occupancy rate",2002,2003,2,2002 2003,2,pdf_text,data/series/psi/capacity-in-jails-inmate-population-and-occupancy-rate.csv
psi/capacity-inmate-population-and-occupancy-rate-of-jails,psi,Prisons – Types and Occupancy,,"Capacity, Inmate Population and Occupancy Rate of Jails",2016,2024,9,2016 2017 2018 2019 2020 2021 2022 2023 2024,10,pdf_text,data/series/psi/capacity-inmate-population-and-occupancy-rate-of-jails.csv
psi/capacity-inmates-population-and-occupancy-rate-of-borstal-schools,psi,Prisons – Types and Occupancy,,"Capacity, Inmates Population and Occupancy Rate of Borstal Schools",2016,2024,9,2016 2017 2018 2019 2020 2021 2022 2023 2024,9,pdf_text,data/series/psi/capacity-inmates-population-and-occupancy-rate-of-borstal-schools.csv
psi/capacity-inmates-population-and-occupancy-rate-of-central-jails,psi,Prisons – Types and Occupancy,,"Capacity, Inmates Population and Occupancy Rate of Central Jails",2016,2024,9,2016 2017 2018 2019 2020 2021 2022 2023 2024,9,pdf_text,data/series/psi/capacity-inmates-population-and-occupancy-rate-of-central-jails.csv
psi/capacity-inmates-population-and-occupancy-rate-of-district-jails,psi,Prisons – Types and Occupancy,,"Capacity, Inmates Population and Occupancy Rate of District Jails",2016,2024,9,2016 2017 2018 2019 2020 2021 2022 2023 2024,9,pdf_text,data/series/psi/capacity-inmates-population-and-occupancy-rate-of-district-jails.csv
psi/capacity-inmates-population-and-occupancy-rate-of-open-jails,psi,Prisons – Types and Occupancy,,"Capacity, Inmates Population and Occupancy Rate of Open Jails",2016,2024,9,2016 2017 2018 2019 2020 2021 2022 2023 2024,9,pdf_text,data/series/psi/capacity-inmates-population-and-occupancy-rate-of-open-jails.csv
psi/capacity-inmates-population-and-occupancy-rate-of-other-jails,psi,Prisons – Types and Occupancy,,"Capacity, Inmates Population and Occupancy Rate of Other Jails",2016,2024,9,2016 2017 2018 2019 2020 2021 2022 2023 2024,9,pdf_text,data/series/psi/capacity-inmates-population-and-occupancy-rate-of-other-jails.csv
psi/capacity-inmates-population-and-occupancy-rate-of-special-jails,psi,Prisons – Types and Occupancy,,"Capacity, Inmates Population and Occupancy Rate of Special Jails",2016,2024,8,2016 2017 2018 2020 2021 2022 2023 2024,8,pdf_text,data/series/psi/capacity-inmates-population-and-occupancy-rate-of-special-jails.csv
psi/capacity-inmates-population-and-occupancy-rate-of-sub-jails,psi,Prisons – Types and Occupancy,,"Capacity, Inmates Population and Occupancy Rate of Sub-Jails",2016,2024,9,2016 2017 2018 2019 2020 2021 2022 2023 2024,9,pdf_text,data/series/psi/capacity-inmates-population-and-occupancy-rate-of-sub-jails.csv
psi/capacity-inmates-population-and-occupancy-rate-of-women-jails,psi,Prisons – Types and Occupancy,,"Capacity, Inmates Population and Occupancy Rate of Women Jails",2016,2024,9,2016 2017 2018 2019 2020 2021 2022 2023 2024,9,pdf_text,data/series/psi/capacity-inmates-population-and-occupancy-rate-of-women-jails.csv
psi/capacity-of-jails-inmate-population-and-occupancy-rate,psi,Inmate Population and overcrowding in Prisons,,"Capacity of Jails, Inmate population and Occupancy rate",2004,2015,12,2004 2005 2006 2007 2008 2009 2010 2011 2012 2013 2014 2015,12,pdf_text,data/series/psi/capacity-of-jails-inmate-population-and-occupancy-rate.csv
psi/caste-of-convicts,psi,Prisoners – Types and Demography,,"Caste of Convicts as on 31st December, 2024",2017,2024,7,2017 2018 2019 2020 2021 2023 2024,7,pdf_text,data/series/psi/caste-of-convicts.csv
psi/caste-of-detenues,psi,Prisoners – Types and Demography,,"Caste of Detenues as on 31st December, 2024",2017,2024,7,2017 2018 2019 2020 2021 2023 2024,7,pdf_text,data/series/psi/caste-of-detenues.csv
psi/caste-of-other-prisoners,psi,Prisoners – Types and Demography,,"Caste of Other Prisoners as on 31st December, 2024",2017,2024,7,2017 2018 2019 2020 2021 2023 2024,7,pdf_text,data/series/psi/caste-of-other-prisoners.csv
psi/caste-of-undertrial-prisoners,psi,Prisoners – Types and Demography,,"Caste of Undertrial Prisoners as on 31st December, 2024",2017,2024,7,2017 2018 2019 2020 2021 2023 2024,7,pdf_text,data/series/psi/caste-of-undertrial-prisoners.csv
psi/category-wise-distribution-of-female-inmates-in-different-jails,psi,Prison Institution,,CATEGORY WISE DISTRIBUTION OF FEMALE INMATES IN DIFFERENT JAILS AT THE END OF 2005,2003,2005,3,2003 2004 2005,6,pdf_text,data/series/psi/category-wise-distribution-of-female-inmates-in-different-jails.csv
psi/category-wise-distribution-of-female-inmates-in-the-country-in-different-jails,psi,Prison Institution,,Category wise distribution of female inmates in the country in different jails,2006,2015,10,2006 2007 2008 2009 2010 2011 2012 2013 2014 2015,10,pdf_text,data/series/psi/category-wise-distribution-of-female-inmates-in-the-country-in-different-jails.csv
psi/category-wise-distribution-of-jail-inmates-in-the-country-in-different-jails,psi,Prison Institution,,Category wise distribution of jail inmates in the country in different jails,2004,2015,12,2004 2005 2006 2007 2008 2009 2010 2011 2012 2013 2014 2015,12,pdf_text,data/series/psi/category-wise-distribution-of-jail-inmates-in-the-country-in-different-jails.csv
psi/category-wise-female-inmates-in-different-jails,psi,Prisoners – Types and Demography,,Category-wise Female Inmates in Different Jails,2016,2024,9,2016 2017 2018 2019 2020 2021 2022 2023 2024,9,pdf_text,data/series/psi/category-wise-female-inmates-in-different-jails.csv
psi/clashes-group-clashes-with-without-use-of-firearm-incidences-injuries-and-deaths,psi,"Jail Breaks, Escapes & Clashes/Group Clashes in Prisons",,"Clashes/Group Clashes (with/without use of Firearm) – incidences, injuries and deaths",2021,2024,4,2021 2022 2023 2024,4,pdf_text,data/series/psi/clashes-group-clashes-with-without-use-of-firearm-incidences-injuries-and-deaths.csv
psi/convicts-by-type-of-offences-under-ipc,psi,Prisoners - Offence wise,,Convicts by Type of Offences under IPC,2016,2024,9,2016 2017 2018 2019 2020 2021 2022 2023 2024,9,pdf_text,data/series/psi/convicts-by-type-of-offences-under-ipc.csv
psi/convicts-by-type-of-offences-under-special-and-local-laws,psi,Prisoners - Offence wise,,Convicts by Type of Offences under Special and Local Laws,2016,2024,9,2016 2017 2018 2019 2020 2021 2022 2023 2024,9,pdf_text,data/series/psi/convicts-by-type-of-offences-under-special-and-local-laws.csv
psi/convicts-indian-prisoners-in-jails-by-gender-and-age-groups,psi,Indian Prisoners,,Convicts (Indian Prisoners) in Jails by Gender and Age-groups,2022,2024,3,2022 2023 2024,3,pdf_text,data/series/psi/convicts-indian-prisoners-in-jails-by-gender-and-age-groups.csv
psi/convicts-indian-prisoners-in-jails-by-sex-and-age-groups,psi,Indian Prisoners,,Convicts (Indian Prisoners) in Jails by Sex and Age-groups,2016,2021,6,2016 2017 2018 2019 2020 2021,6,pdf_text,data/series/psi/convicts-indian-prisoners-in-jails-by-sex-and-age-groups.csv
psi/convicts-released,psi,"Prisoners - Releases, Transfers and Movements",,Convicts Released,2016,2024,9,2016 2017 2018 2019 2020 2021 2022 2023 2024,9,pdf_text,data/series/psi/convicts-released.csv
psi/deaths-of-inmates-in-prisons,psi,Deaths and Illness in Prisons,,Deaths of inmates in Prisons,2016,2024,9,2016 2017 2018 2019 2020 2021 2022 2023 2024,9,pdf_text,data/series/psi/deaths-of-inmates-in-prisons.csv
psi/demographic-particulars-of-convicts,psi,Demographic Particulars of Prison Inmates,,Demographic Particulars of Convicts,1998,2015,18,1998 1999 2000 2001 2002 2003 2004 2005 2006 2007 2008 2009 2010 2011 2012 2013 2014 2015,18,pdf_text pdf_vlm,data/series/psi/demographic-particulars-of-convicts.csv
psi/demographic-particulars-of-detenues,psi,Demographic Particulars of Prison Inmates,,Demographic Particulars of Detenues,2002,2015,14,2002 2003 2004 2005 2006 2007 2008 2009 2010 2011 2012 2013 2014 2015,14,pdf_text,data/series/psi/demographic-particulars-of-detenues.csv
psi/demographic-particulars-of-detenus,psi,Miscellaneous,,Demographic Particulars of Detenus,1998,2001,4,1998 1999 2000 2001,4,pdf_text pdf_vlm,data/series/psi/demographic-particulars-of-detenus.csv
psi/demographic-particulars-of-others,psi,Demographic Particulars of Prison Inmates,,Demographic Particulars of Others,1998,2015,18,1998 1999 2000 2001 2002 2003 2004 2005 2006 2007 2008 2009 2010 2011 2012 2013 2014 2015,18,pdf_text pdf_vlm,data/series/psi/demographic-particulars-of-others.csv
psi/demographic-particulars-of-undertrial-prisoners,psi,Demographic Particulars of Prison Inmates,,Demographic Particulars of Undertrial Prisoners,2002,2015,14,2002 2003 2004 2005 2006 2007 2008 2009 2010 2011 2012 2013 2014 2015,14,pdf_text,data/series/psi/demographic-particulars-of-undertrial-prisoners.csv
psi/demographic-particulars-of-undertrials,psi,Miscellaneous,,Demographic Particulars of Undertrials,1998,2001,4,1998 1999 2000 2001,4,pdf_text pdf_vlm,data/series/psi/demographic-particulars-of-undertrials.csv
psi/details-of-convicts-released,psi,Distribution of Convict and Undertrial Prisoners under various IPC and SLL,,Details of Convicts released,2001,2015,15,2001 2002 2003 2004 2005 2006 2007 2008 2009 2010 2011 2012 2013 2014 2015,15,pdf_text,data/series/psi/details-of-convicts-released.csv
psi/details-of-death-sentence,psi,Prisoners - Sentences and Incarceration,,Details of Death Sentence,2016,2024,9,2016 2017 2018 2019 2020 2021 2022 2023 2024,9,pdf_text,data/series/psi/details-of-death-sentence.csv
psi/details-of-death-sentences,psi,Period of Sentences of the Convicts,,Details of Death Sentences,2001,2015,15,2001 2002 2003 2004 2005 2006 2007 2008 2009 2010 2011 2012 2013 2014 2015,15,pdf_text,data/series/psi/details-of-death-sentences.csv
psi/details-of-detenues-released,psi,Distribution of Convict and Undertrial Prisoners under various IPC and SLL,,Details of Detenues released,2003,2015,13,2003 2004 2005 2006 2007 2008 2009 2010 2011 2012 2013 2014 2015,13,pdf_text,data/series/psi/details-of-detenues-released.csv
psi/details-of-detenus-released,psi,Miscellaneous,,Details of Detenus released,2001,2002,2,2001 2002,2,pdf_text,data/series/psi/details-of-detenus-released.csv
psi/details-of-educational-facilities-for-prisoners,psi,Rehabilitation and Welfare of Prisoners,,Details of Educational facilities for prisoners,2016,2024,9,2016 2017 2018 2019 2020 2021 2022 2023 2024,9,pdf_text,data/series/psi/details-of-educational-facilities-for-prisoners.csv
psi/details-of-educational-facilities-to-prisoners,psi,Miscellaneous,,Details of Educational Facilities to prisoners,2001,2015,15,2001 2002 2003 2004 2005 2006 2007 2008 2009 2010 2011 2012 2013 2014 2015,15,pdf_text,data/series/psi/details-of-educational-facilities-to-prisoners.csv
psi/details-of-electronic-equipments-used-in-prisons,psi,Prison Budget and Expenditure,,Details of Electronic Equipments Used in Prisons,2001,2021,21,2001 2002 2003 2004 2005 2006 2007 2008 2009 2010 2011 2012 2013 2014 2015 2016 2017 2018 2019 2020 2021,21,pdf_text,data/series/psi/details-of-electronic-equipments-used-in-prisons.csv
psi/details-of-escapees,psi,"Jail Breaks, Escapes & Firing in Prisons",,Details of Escapees,2000,2024,9,2000 2016 2017 2018 2019 2021 2022 2023 2024,9,pdf_text pdf_vlm,data/series/psi/details-of-escapees.csv
psi/details-of-escapes,psi,Miscellaneous,,Details of Escapes,2001,2015,15,2001 2002 2003 2004 2005 2006 2007 2008 2009 2010 2011 2012 2013 2014 2015,15,pdf_text,data/series/psi/details-of-escapes.csv
psi/details-of-expenses-on-inmates,psi,Miscellaneous,,Details of Expenses on Inmates,1998,2001,4,1998 1999 2000 2001,4,pdf_text pdf_vlm,data/series/psi/details-of-expenses-on-inmates.csv
psi/details-of-expenses-on-inmates-during-the-financial,psi,Prison - Budget and Infrastructure,,Details of Expenses on Inmates during the financial year 2024-2025,2016,2024,9,2016 2017 2018 2019 2020 2021 2022 2023 2024,9,pdf_text,data/series/psi/details-of-expenses-on-inmates-during-the-financial.csv
psi/details-of-expenses-under-non-plan-rs-in-lakhs,psi,Miscellaneous,,Details of Expenses under Non-Plan during 2000-2001 (Rs. In Lakhs),1998,2000,3,1998 1999 2000,3,pdf_vlm,data/series/psi/details-of-expenses-under-non-plan-rs-in-lakhs.csv
psi/details-of-inmates-discharged,psi,Miscellaneous,,: Details of Inmates discharged at the end of 1999,1998,1999,2,1998 1999,2,pdf_vlm,data/series/psi/details-of-inmates-discharged.csv
psi/details-of-inmates-escaped,psi,Miscellaneous,,: Details of Inmates escaped at the end of 1999,1998,1999,2,1998 1999,2,pdf_vlm,data/series/psi/details-of-inmates-escaped.csv
psi/details-of-persons-released-on-parole-parole-absconders-arrests,psi,Distribution of Convict and Undertrial Prisoners under various IPC and SLL,,"Details of Persons released on Parole, Parole Absconders/Arrests",2001,2015,15,2001 2002 2003 2004 2005 2006 2007 2008 2009 2010 2011 2012 2013 2014 2015,15,pdf_text,data/series/psi/details-of-persons-released-on-parole-parole-absconders-arrests.csv
psi/details-of-quarters-available-for-prison-officials,psi,Prison - Budget and Infrastructure,,Details of Quarters Available for Prison Officials,2021,2024,4,2021 2022 2023 2024,4,pdf_text,data/series/psi/details-of-quarters-available-for-prison-officials.csv
psi/details-of-quarters-available-to-prison-officials,psi,Strength and Training of Jail Officials,,Details of Quarters Available to Prison Officials,2001,2020,19,2001 2002 2003 2004 2005 2006 2007 2008 2009 2010 2012 2013 2014 2015 2016 2017 2018 2019 2020,19,pdf_text,data/series/psi/details-of-quarters-available-to-prison-officials.csv
psi/details-of-undertrials-released-transferred,psi,Distribution of Convict and Undertrial Prisoners under various IPC and SLL,,Details of Undertrials released/transferred,2001,2015,15,2001 2002 2003 2004 2005 2006 2007 2008 2009 2010 2011 2012 2013 2014 2015,15,pdf_text,data/series/psi/details-of-undertrials-released-transferred.csv
psi/details-of-vehicles-available-in-jails,psi,Prison Budget and Expenditure,,Details of Vehicles Available in Jails,2001,2021,21,2001 2002 2003 2004 2005 2006 2007 2008 2009 2010 2011 2012 2013 2014 2015 2016 2017 2018 2019 2020 2021,21,pdf_text,data/series/psi/details-of-vehicles-available-in-jails.csv
psi/detenues-indian-prisoners-in-jails-by-gender-and-age-groups,psi,Indian Prisoners,,Detenues (Indian Prisoners) in Jails by Gender and Age-groups,2022,2024,3,2022 2023 2024,3,pdf_text,data/series/psi/detenues-indian-prisoners-in-jails-by-gender-and-age-groups.csv
psi/detenues-indian-prisoners-in-jails-by-sex-and-age-groups,psi,Indian Prisoners,,Detenues (Indian Prisoners) in Jails by Sex and Age-groups,2016,2021,6,2016 2017 2018 2019 2020 2021,6,pdf_text,data/series/psi/detenues-indian-prisoners-in-jails-by-sex-and-age-groups.csv
psi/detenues-released,psi,"Prisoners - Releases, Transfers and Movements",,Detenues Released,2016,2024,9,2016 2017 2018 2019 2020 2021 2022 2023 2024,9,pdf_text,data/series/psi/detenues-released.csv
psi/distribution-of-convicts-by-period-of-sentence,psi,Miscellaneous,,DISTRIBUTION OF CONVICTS BY PERIOD OF SENTENCE AT THE END OF 2001,1998,2001,4,1998 1999 2000 2001,4,pdf_text pdf_vlm,data/series/psi/distribution-of-convicts-by-period-of-sentence.csv
psi/distribution-of-convicts-in-jails-by-age-group,psi,Miscellaneous,,Distribution of Convicts in Jails by age group,1999,2001,2,1999 2001,2,pdf_text pdf_vlm,data/series/psi/distribution-of-convicts-in-jails-by-age-group.csv
psi/distribution-of-convicts-in-jails-by-age-groups,psi,Miscellaneous,,Distribution of Convicts in Jails by Age Groups at the end of 2000,1998,2000,2,1998 2000,2,pdf_vlm,data/series/psi/distribution-of-convicts-in-jails-by-age-groups.csv
psi/distribution-of-convicts-in-jails-state-ut-wise__state-ut,psi,Miscellaneous,state-ut,Distribution of Convicts in Jails (State/UT wise),1998,2001,4,1998 1999 2000 2001,4,pdf_text pdf_vlm,data/series/psi/distribution-of-convicts-in-jails-state-ut-wise__state-ut.csv
psi/distribution-of-different-type-of-inmates-in-the-country-by-age-group,psi,Prison Institution,,DISTRIBUTION OF DIFFERENT TYPE OF INMATES IN THE COUNTRY BY AGE GROUP AT THE END OF 2003,2002,2003,2,2002 2003,3,pdf_text,data/series/psi/distribution-of-different-type-of-inmates-in-the-country-by-age-group.csv
psi/distribution-of-different-types-of-female-inmates-in-the-country-by-age-group,psi,Prison Institution,,Distribution of different types of female inmates in the country by Age Group,2003,2015,13,2003 2004 2005 2006 2007 2008 2009 2010 2011 2012 2013 2014 2015,13,pdf_text,data/series/psi/distribution-of-different-types-of-female-inmates-in-the-country-by-age-group.csv
psi/distribution-of-different-types-of-inmates-in-the-country-by-age-group,psi,Prison Institution,,Distribution of different types of inmates in the country by Age Group,2003,2015,13,2003 2004 2005 2006 2007 2008 2009 2010 2011 2012 2013 2014 2015,15,pdf_text,data/series/psi/distribution-of-different-types-of-inmates-in-the-country-by-age-group.csv
psi/distribution-of-female-inmates-in-the-country-by-age-group-and-percentage-share,psi,Miscellaneous,,Distribution of Female Inmates in the Country by Age Group and Percentage share at the end of 2000,1998,2000,3,1998 1999 2000,3,pdf_vlm,data/series/psi/distribution-of-female-inmates-in-the-country-by-age-group-and-percentage-share.csv
psi/distribution-of-female-inmates-in-the-country-by-category-and-percentage-share,psi,Miscellaneous,,Distribution of Female Inmates in the Country by Category and Percentage share at the end of 2000,1998,2000,3,1998 1999 2000,3,pdf_vlm,data/series/psi/distribution-of-female-inmates-in-the-country-by-category-and-percentage-share.csv
psi/distribution-of-foreigner-convicts-in-jails-by-age-groups,psi,Miscellaneous,,Distribution of Foreigner Convicts in Jails by Age Groups at the end of 2000,1999,2000,2,1999 2000,2,pdf_vlm,data/series/psi/distribution-of-foreigner-convicts-in-jails-by-age-groups.csv
psi/distribution-of-foreigner-undertrials-by-age-groups,psi,Miscellaneous,,Distribution of Foreigner Undertrials by Age Groups at the end of 2000,1998,2000,3,1998 1999 2000,3,pdf_vlm,data/series/psi/distribution-of-foreigner-undertrials-by-age-groups.csv
psi/distribution-of-inmates-in-the-country-by-age-group-and-percentage-share,psi,Miscellaneous,,Distribution of Inmates in the country by Age Group and Percentage Share,1998,2001,4,1998 1999 2000 2001,4,pdf_text pdf_vlm,data/series/psi/distribution-of-inmates-in-the-country-by-age-group-and-percentage-share.csv
psi/distribution-of-jail-inmates-in-the-country-by-category-and-percentage-share,psi,Miscellaneous,,Distribution of jail inmates in the country by Category and Percentage share,1998,2001,4,1998 1999 2000 2001,4,pdf_text pdf_vlm,data/series/psi/distribution-of-jail-inmates-in-the-country-by-category-and-percentage-share.csv
psi/distribution-of-undertrials-in-jails-by-age-groups,psi,Miscellaneous,,Distribution of Undertrials in Jails by Age Groups at the end of 2000,1998,2000,3,1998 1999 2000,3,pdf_vlm,data/series/psi/distribution-of-undertrials-in-jails-by-age-groups.csv
psi/distribution-of-undertrials-in-jails-state-ut-wise__state-ut,psi,Miscellaneous,state-ut,Distribution of Undertrials in Jails (State/UT wise),1998,2001,4,1998 1999 2000 2001,4,pdf_text pdf_vlm,data/series/psi/distribution-of-undertrials-in-jails-state-ut-wise__state-ut.csv
psi/domicile-of-convicts,psi,Prisoners – Types and Demography,,Domicile of Convicts,2016,2024,7,2016 2017 2018 2019 2020 2023 2024,7,pdf_text,data/series/psi/domicile-of-convicts.csv
psi/domicile-of-detenues,psi,Prisoners – Types and Demography,,Domicile of Detenues,2016,2024,8,2016 2017 2018 2019 2020 2021 2023 2024,8,pdf_text,data/series/psi/domicile-of-detenues.csv
psi/domicile-of-other-prisoners,psi,Prisoners – Types and Demography,,Domicile of Other Prisoners,2016,2024,8,2016 2017 2018 2019 2020 2021 2023 2024,8,pdf_text,data/series/psi/domicile-of-other-prisoners.csv
psi/domicile-of-undertrial-prisoners,psi,Prisoners – Types and Demography,,Domicile of Undertrial Prisoners,2016,2024,8,2016 2017 2018 2019 2020 2021 2023 2024,8,pdf_text,data/series/psi/domicile-of-undertrial-prisoners.csv
psi/education-profile-of-convicts,psi,Prisoners – Types and Demography,,Education Profile of Convicts,2016,2024,8,2016 2017 2018 2019 2020 2021 2023 2024,8,pdf_text,data/series/psi/education-profile-of-convicts.csv
psi/education-profile-of-detenues,psi,Prisoners – Types and Demography,,Education Profile of Detenues,2016,2024,7,2016 2018 2019 2020 2021 2023 2024,7,pdf_text,data/series/psi/education-profile-of-detenues.csv
psi/education-profile-of-other-prisoners,psi,Prisoners – Types and Demography,,Education Profile of Other Prisoners,2016,2024,8,2016 2017 2018 2019 2020 2021 2023 2024,8,pdf_text,data/series/psi/education-profile-of-other-prisoners.csv
psi/education-profile-of-undertrial-prisoners,psi,Prisoners – Types and Demography,,Education Profile of Undertrial Prisoners,2016,2024,8,2016 2017 2018 2019 2020 2021 2023 2024,9,pdf_text,data/series/psi/education-profile-of-undertrial-prisoners.csv
psi/foreign-convicts-by-nationality,psi,Foreign Prisoners,,Foreign Convicts by Nationality,2016,2024,9,2016 2017 2018 2019 2020 2021 2022 2023 2024,9,pdf_text,data/series/psi/foreign-convicts-by-nationality.csv
psi/foreign-inmates,psi,Foreign Prisoners,,Foreign Inmates,2016,2024,9,2016 2017 2018 2019 2020 2021 2022 2023 2024,9,pdf_text,data/series/psi/foreign-inmates.csv
psi/foreign-undertrials-by-nationality,psi,Foreign Prisoners,,Foreign Undertrials by Nationality,2016,2024,9,2016 2017 2018 2019 2020 2021 2022 2023 2024,9,pdf_text,data/series/psi/foreign-undertrials-by-nationality.csv
psi/gender-and-age-group-wise-foreign-convicts-in-jails,psi,Foreign Prisoners,,Gender and Age-group wise Foreign Convicts in Jails,2022,2024,3,2022 2023 2024,3,pdf_text,data/series/psi/gender-and-age-group-wise-foreign-convicts-in-jails.csv
psi/incidence-of-deaths-and-injuries-in-clashes-and-firing-in-jails,psi,Miscellaneous,,: Incidence of Deaths and Injuries in Clashes and Firing in Jails during 1999,1998,1999,2,1998 1999,2,pdf_vlm,data/series/psi/incidence-of-deaths-and-injuries-in-clashes-and-firing-in-jails.csv
psi/incidence-of-deaths-and-injuries-in-clashes-and-firings-in-jails,psi,Miscellaneous,,Incidence of Deaths and Injuries in clashes and firings in jails,2000,2015,16,2000 2001 2002 2003 2004 2005 2006 2007 2008 2009 2010 2011 2012 2013 2014 2015,16,pdf_text pdf_vlm,data/series/psi/incidence-of-deaths-and-injuries-in-clashes-and-firings-in-jails.csv
psi/incidence-of-deaths-and-injuries-in-clashes-in-jails,psi,"Jail Breaks, Escapes & Firing in Prisons",,Incidence of deaths and injuries in clashes in jails,2016,2019,4,2016 2017 2018 2019,4,pdf_text,data/series/psi/incidence-of-deaths-and-injuries-in-clashes-in-jails.csv
psi/incidence-of-deaths-of-female-inmates-in-prisons,psi,Miscellaneous,,Incidence of deaths of Female Inmates in Prisons,1998,2001,4,1998 1999 2000 2001,4,pdf_text pdf_vlm,data/series/psi/incidence-of-deaths-of-female-inmates-in-prisons.csv
psi/incidence-of-deaths-of-inmates-in-prisons,psi,Miscellaneous,,Incidence of deaths of Inmates in Prisons,2000,2001,2,2000 2001,2,pdf_text pdf_vlm,data/series/psi/incidence-of-deaths-of-inmates-in-prisons.csv
psi/incidence-of-deaths-of-male-inmates-in-prisons,psi,Miscellaneous,,: Incidence of deaths of Male Inmates in Prisons during 1999,1998,1999,2,1998 1999,2,pdf_vlm,data/series/psi/incidence-of-deaths-of-male-inmates-in-prisons.csv
psi/incidence-of-jail-breaks-group-clashes-and-firing-in-jail,psi,Miscellaneous,,"Incidence of Jail breaks, Group clashes and Firing in jail",2001,2019,19,2001 2002 2003 2004 2005 2006 2007 2008 2009 2010 2011 2012 2013 2014 2015 2016 2017 2018 2019,19,pdf_text,data/series/psi/incidence-of-jail-breaks-group-clashes-and-firing-in-jail.csv
psi/incidence-of-jail-breaks-group-clashes-and-firings-in-jails-state-ut-wise__state-ut,psi,Miscellaneous,state-ut,": Incidence of Jail Breaks, Group Clashes and Firings in Jails State/UT-wise during 1999",1998,1999,2,1998 1999,2,pdf_vlm,data/series/psi/incidence-of-jail-breaks-group-clashes-and-firings-in-jails-state-ut-wise__state-ut.csv
psi/incidence-of-recidivism,psi,Types of Prison Inmates,,Incidence of Recidivism,1998,2024,27,1998 1999 2000 2001 2002 2003 2004 2005 2006 2007 2008 2009 2010 2011 2012 2013 2014 2015 2016 2017 2018 2019 2020 2021 2022 2023 2024,27,pdf_text pdf_vlm,data/series/psi/incidence-of-recidivism.csv
psi/indian-foreign-female-inmates-by-age-group,psi,Prisoners – Types and Demography,,Indian & Foreign Female Inmates by Age Group,2016,2024,9,2016 2017 2018 2019 2020 2021 2022 2023 2024,9,pdf_text,data/series/psi/indian-foreign-female-inmates-by-age-group.csv
psi/indian-foreign-inmates-by-age-group,psi,Prisoners – Types and Demography,,Indian & Foreign Inmates by Age-group,2016,2024,9,2016 2017 2018 2019 2020 2021 2022 2023 2024,9,pdf_text,data/series/psi/indian-foreign-inmates-by-age-group.csv
psi/inmates-admitted-during-the-year,psi,Prisoners – Types and Demography,,Inmates admitted during the year,2016,2024,9,2016 2017 2018 2019 2020 2021 2022 2023 2024,9,pdf_text,data/series/psi/inmates-admitted-during-the-year.csv
psi/jail-breaks-number-of-incidences-injuries-and-deaths,psi,"Jail Breaks, Escapes & Clashes/Group Clashes in Prisons",,"Jail Breaks – Number of incidences, injuries and deaths",2021,2024,4,2021 2022 2023 2024,4,pdf_text,data/series/psi/jail-breaks-number-of-incidences-injuries-and-deaths.csv
psi/jail-wise-capacity-and-population-of-inmates,psi,Inmate Population and overcrowding in Prisons,,JAIL WISE CAPACITY AND POPULATION OF INMATES AT THE END OF 2001,2000,2001,2,2000 2001,3,pdf_text pdf_vlm,data/series/psi/jail-wise-capacity-and-population-of-inmates.csv
psi/jail-wise-classification-of-different-type-of-inmates,psi,Miscellaneous,,Jail-wise classification of different type of inmates,1999,2001,2,1999 2001,2,pdf_text pdf_vlm,data/series/psi/jail-wise-classification-of-different-type-of-inmates.csv
psi/jails-equipped-with-video-conferencing-facility,psi,Prison - Budget and Infrastructure,,Jails Equipped with Video Conferencing Facility,2016,2024,9,2016 2017 2018 2019 2020 2021 2022 2023 2024,9,pdf_text,data/series/psi/jails-equipped-with-video-conferencing-facility.csv
psi/jails-wise-capacity-inmate-population-and-occupancy-rate,psi,Prisons – Types and Occupancy,,"Jails-wise Capacity, Inmate Population and Occupancy Rate",2016,2024,9,2016 2017 2018 2019 2020 2021 2022 2023 2024,9,pdf_text,data/series/psi/jails-wise-capacity-inmate-population-and-occupancy-rate.csv
psi/mode-of-murder-of-prisoners-by-inmates-in-jails,psi,Deaths and Illness in Prisons,,Mode of Murder of Prisoners by Inmates in Jails,2016,2024,9,2016 2017 2018 2019 2020 2021 2022 2023 2024,9,pdf_text,data/series/psi/mode-of-murder-of-prisoners-by-inmates-in-jails.csv
psi/mode-of-suicide-by-prison-inmates,psi,Deaths and Illness in Prisons,,Mode of Suicide by Prison Inmates,2016,2024,9,2016 2017 2018 2019 2020 2021 2022 2023 2024,9,pdf_text,data/series/psi/mode-of-suicide-by-prison-inmates.csv
psi/movement-of-inmates-outside-the-jail-premises,psi,Miscellaneous,,Movement of inmates outside the jail premises,1998,2024,26,1998 2000 2001 2002 2003 2004 2005 2006 2007 2008 2009 2010 2011 2012 2013 2014 2015 2016 2017 2018 2019 2020 2021 2022 2023 2024,26,pdf_text pdf_vlm,data/series/psi/movement-of-inmates-outside-the-jail-premises.csv
psi/natural-deaths,psi,Deaths and Illness in Prisons,,Natural Deaths,2016,2024,9,2016 2017 2018 2019 2020 2021 2022 2023 2024,9,pdf_text,data/series/psi/natural-deaths.csv
psi/ngos-working-for-the-welfare-of-prisoners,psi,Rehabilitation and Welfare of Prisoners,,NGOs working for the Welfare of Prisoners,2016,2024,9,2016 2017 2018 2019 2020 2021 2022 2023 2024,9,pdf_text,data/series/psi/ngos-working-for-the-welfare-of-prisoners.csv
psi/number-of-complaints-received-by-nhrc-shrc-and-their-disposals,psi,Rehabilitation and Welfare of Prisoners,,Number of complaints received by NHRC & SHRC and their disposals,2016,2020,5,2016 2017 2018 2019 2020,5,pdf_text,data/series/psi/number-of-complaints-received-by-nhrc-shrc-and-their-disposals.csv
psi/number-of-complaints-received-by-various-commissions-and-their-disposals,psi,Rehabilitation and Welfare of Prisoners,,Number of complaints received by various Commissions and their disposals,2021,2024,4,2021 2022 2023 2024,4,pdf_text,data/series/psi/number-of-complaints-received-by-various-commissions-and-their-disposals.csv
psi/number-of-complaints-received-from-nhrc-shrc,psi,Miscellaneous,,Number of complaints received from NHRC & SHRC,2001,2015,14,2001 2003 2004 2005 2006 2007 2008 2009 2010 2011 2012 2013 2014 2015,14,pdf_text,data/series/psi/number-of-complaints-received-from-nhrc-shrc.csv
psi/number-of-convicts-by-period-of-sentence,psi,Prisoners - Sentences and Incarceration,,Number of Convicts by Period of Sentence,2016,2024,7,2016 2017 2018 2019 2021 2023 2024,7,pdf_text,data/series/psi/number-of-convicts-by-period-of-sentence.csv
psi/number-of-convicts-by-type-of-ipc-offences,psi,Miscellaneous,,Number of Convicts by type of IPC Offences,1998,2001,4,1998 1999 2000 2001,4,pdf_text pdf_vlm,data/series/psi/number-of-convicts-by-type-of-ipc-offences.csv
psi/number-of-convicts-by-type-of-special-local-laws-sll-offences,psi,Miscellaneous,,Number of Convicts by type of Special & Local Laws (SLL) Offences,1998,2001,3,1998 1999 2001,3,pdf_text pdf_vlm,data/series/psi/number-of-convicts-by-type-of-special-local-laws-sll-offences.csv
psi/number-of-inmates-per-staff,psi,Prisons Staff – Strength and Training,,Number of Inmates Per Staff,2016,2024,9,2016 2017 2018 2019 2020 2021 2022 2023 2024,9,pdf_text,data/series/psi/number-of-inmates-per-staff.csv
psi/number-of-jail-inspections-carried-out,psi,Miscellaneous,,Number of Jail Inspections carried out,1998,2001,4,1998 1999 2000 2001,4,pdf_text pdf_vlm,data/series/psi/number-of-jail-inspections-carried-out.csv
psi/number-of-jails-by-type-of-jails-in-the-country,psi,Miscellaneous,,Number of Jails by Type of Jails in the Country at the end of 2000,1998,2000,3,1998 1999 2000,3,pdf_vlm,data/series/psi/number-of-jails-by-type-of-jails-in-the-country.csv
psi/number-of-jails-capacity-population-and-occupancy-rate-in-the-country,psi,Prison Institution,,"Number of Jails, Capacity, Population and Occupancy rate in the country",2002,2015,14,2002 2003 2004 2005 2006 2007 2008 2009 2010 2011 2012 2013 2014 2015,15,pdf_text,data/series/psi/number-of-jails-capacity-population-and-occupancy-rate-in-the-country.csv
psi/number-of-jails-population-and-occupancy-rate-in-the-country,psi,Miscellaneous,,"Number of Jails, Population and Occupancy rate in the country",1999,2001,2,1999 2001,2,pdf_text pdf_vlm,data/series/psi/number-of-jails-population-and-occupancy-rate-in-the-country.csv
psi/number-of-jails-renovated-expanded,psi,Prison - Budget and Infrastructure,,Number of Jails Renovated/Expanded,2016,2024,9,2016 2017 2018 2019 2020 2021 2022 2023 2024,10,pdf_text,data/series/psi/number-of-jails-renovated-expanded.csv
psi/number-of-prison-inmates-imparted-trainings-under-vocational-course,psi,Rehabilitation and Welfare of Prisoners,,Number of Prison Inmates Imparted Trainings Under Vocational Course,2016,2024,9,2016 2017 2018 2019 2020 2021 2022 2023 2024,9,pdf_text,data/series/psi/number-of-prison-inmates-imparted-trainings-under-vocational-course.csv
psi/number-of-prison-inmates-trained-under-different-vocational-training,psi,Vocational Training in Prisons,,Number of Prison Inmates Trained Under Different Vocational Training,2001,2002,2,2001 2002,2,pdf_text,data/series/psi/number-of-prison-inmates-trained-under-different-vocational-training.csv
psi/number-of-prison-inmates-trained-under-different-vocational-training-state-ut-wise__state-ut,psi,Miscellaneous,state-ut,Number of Prison Inmates Trained under different Vocational Training - State/UT-wise during 2000,1998,2000,3,1998 1999 2000,3,pdf_vlm,data/series/psi/number-of-prison-inmates-trained-under-different-vocational-training-state-ut-wise__state-ut.csv
psi/number-of-undertrial-prisoners-by-duration-of-confinement,psi,Prisoners - Sentences and Incarceration,,Number of Undertrial Prisoners by Duration of Confinement,2016,2024,9,2016 2017 2018 2019 2020 2021 2022 2023 2024,9,pdf_text,data/series/psi/number-of-undertrial-prisoners-by-duration-of-confinement.csv
psi/number-of-undertrial-prisoners-by-period-of-detention,psi,Period of Detention of Undertrial Prisoners,,Number of Undertrial Prisoners by Period of Detention,2002,2015,14,2002 2003 2004 2005 2006 2007 2008 2009 2010 2011 2012 2013 2014 2015,14,pdf_text,data/series/psi/number-of-undertrial-prisoners-by-period-of-detention.csv
psi/number-of-undertrials-by-period-of-detention,psi,Miscellaneous,,Number of Undertrials by Period of Detention,1998,2001,4,1998 1999 2000 2001,4,pdf_text pdf_vlm,data/series/psi/number-of-undertrials-by-period-of-detention.csv
psi/number-of-undertrials-by-type-of-ipc-offences,psi,Miscellaneous,,Number of Undertrials by type of IPC Offences,1998,2001,4,1998 1999 2000 2001,4,pdf_text pdf_vlm,data/series/psi/number-of-undertrials-by-type-of-ipc-offences.csv
psi/number-of-undertrials-by-type-of-special-local-laws-sll-offences,psi,Miscellaneous,,Number of Undertrials by type of Special & Local Laws (SLL) Offences,1998,2001,3,1998 1999 2001,3,pdf_text pdf_vlm,data/series/psi/number-of-undertrials-by-type-of-special-local-laws-sll-offences.csv
psi/number-of-women-prisoners-with-children,psi,Types of Prison Inmates,,Number of Women Prisoners with Children,2001,2024,24,2001 2002 2003 2004 2005 2006 2007 2008 2009 2010 2011 2012 2013 2014 2015 2016 2017 2018 2019 2020 2021 2022 2023 2024,24,pdf_text,data/series/psi/number-of-women-prisoners-with-children.csv
psi/other-indian-prisoners-in-jails-by-gender-and-age-groups,psi,Indian Prisoners,,"Other Indian Prisoners in Jails by Gender and Age-groups as on 31st December, 2024",2022,2024,3,2022 2023 2024,4,excel pdf_text,data/series/psi/other-indian-prisoners-in-jails-by-gender-and-age-groups.csv
psi/other-indian-prisoners-in-jails-by-sex-and-age-groups,psi,Indian Prisoners,,Other Indian Prisoners in Jails by Sex and Age-groups,2016,2021,6,2016 2017 2018 2019 2020 2021,7,pdf_text,data/series/psi/other-indian-prisoners-in-jails-by-sex-and-age-groups.csv
psi/percentage-of-convicts-by-period-of-sentence,psi,Period of Sentences of the Convicts,,Percentage of Convicts by Period of Sentence,1998,2024,26,1998 1999 2000 2001 2002 2003 2004 2005 2006 2007 2008 2009 2010 2011 2012 2013 2014 2015 2016 2017 2018 2019 2020 2021 2023 2024,26,pdf_text pdf_vlm,data/series/psi/percentage-of-convicts-by-period-of-sentence.csv
psi/percentage-of-convicts-to-total-convicts-by-age-groups,psi,Miscellaneous,,Percentage of Convicts to total Convicts by age groups,2000,2001,2,2000 2001,2,pdf_text pdf_vlm,data/series/psi/percentage-of-convicts-to-total-convicts-by-age-groups.csv
psi/percentage-of-foreigner-convicts-to-total-foreigner-convicts-by-age-groups,psi,Miscellaneous,,Percentage of Foreigner Convicts to Total Foreigner Convicts by Age Groups at the end of 2000,1999,2000,2,1999 2000,2,pdf_vlm,data/series/psi/percentage-of-foreigner-convicts-to-total-foreigner-convicts-by-age-groups.csv
psi/percentage-of-foreigner-undertrials-to-total-foreigner-undertrials-by-age-groups,psi,Miscellaneous,,Percentage of Foreigner Undertrials to Total Foreigner Undertrials by Age Groups at the end of 2000,1999,2000,2,1999 2000,2,pdf_vlm,data/series/psi/percentage-of-foreigner-undertrials-to-total-foreigner-undertrials-by-age-groups.csv
psi/percentage-of-indian-convicts-to-total-convicts-by-age-groups,psi,Miscellaneous,,: Percentage of Indian Convicts to total Convicts by age groups at the end of 1999,1998,1999,2,1998 1999,2,pdf_vlm,data/series/psi/percentage-of-indian-convicts-to-total-convicts-by-age-groups.csv
psi/percentage-of-undertrial-prisoners-by-duration-of-confinement,psi,Prisoners - Sentences and Incarceration,,Percentage of Undertrial Prisoners by Duration of Confinement,2016,2024,9,2016 2017 2018 2019 2020 2021 2022 2023 2024,9,pdf_text,data/series/psi/percentage-of-undertrial-prisoners-by-duration-of-confinement.csv
psi/percentage-of-undertrial-prisoners-by-period-of-detention,psi,Period of Detention of Undertrial Prisoners,,Percentage of Undertrial Prisoners by Period of Detention,2002,2015,14,2002 2003 2004 2005 2006 2007 2008 2009 2010 2011 2012 2013 2014 2015,14,pdf_text,data/series/psi/percentage-of-undertrial-prisoners-by-period-of-detention.csv
psi/percentage-of-undertrials-by-period-of-detention,psi,Miscellaneous,,Percentage of Undertrials by Period of Detention,1998,2001,4,1998 1999 2000 2001,4,pdf_text pdf_vlm,data/series/psi/percentage-of-undertrials-by-period-of-detention.csv
psi/percentage-of-undertrials-to-total-undertrials-by-age-groups,psi,Miscellaneous,,: Percentage of Undertrials to total Undertrials by age groups at the end of 1999,1998,1999,2,1998 1999,2,pdf_vlm,data/series/psi/percentage-of-undertrials-to-total-undertrials-by-age-groups.csv
psi/percentage-share-of-different-types-of-inmates-to-total-inmates,psi,Miscellaneous,,Percentage share of different types of inmates to total inmates,1998,2001,4,1998 1999 2000 2001,4,pdf_text pdf_vlm,data/series/psi/percentage-share-of-different-types-of-inmates-to-total-inmates.csv
psi/percentage-share-of-different-types-of-prison-inmates,psi,Prisoners – Types and Demography,,Percentage Share of Different Types of Prison Inmates,2016,2024,9,2016 2017 2018 2019 2020 2021 2022 2023 2024,9,pdf_text,data/series/psi/percentage-share-of-different-types-of-prison-inmates.csv
psi/percentage-share-of-different-types-of-prison-inmates-to-total-inmates,psi,Types of Prison Inmates,,Percentage share of different types of prison inmates to total inmates,2002,2015,14,2002 2003 2004 2005 2006 2007 2008 2009 2010 2011 2012 2013 2014 2015,14,pdf_text,data/series/psi/percentage-share-of-different-types-of-prison-inmates-to-total-inmates.csv
psi/period-of-detention-of-convicts-in-jails-due-to-non-payment-of-fine-amount-after-completion-of-their-sentence,psi,Prisoners - Sentences and Incarceration,,Period of Detention of Convicts in Jails due to Non-payment of Fine Amount after Completion of their Sentence,2013,2024,12,2013 2014 2015 2016 2017 2018 2019 2020 2021 2022 2023 2024,12,pdf_text,data/series/psi/period-of-detention-of-convicts-in-jails-due-to-non-payment-of-fine-amount-after-completion-of-their-sentence.csv
psi/persons-released-on-parole-parole-absconders-arrests,psi,"Prisoners - Releases, Transfers and Movements",,"Persons Released on Parole, Parole Absconders / Arrests",2016,2024,9,2016 2017 2018 2019 2020 2021 2022 2023 2024,9,pdf_text,data/series/psi/persons-released-on-parole-parole-absconders-arrests.csv
psi/population-of-different-types-of-inmates-in-jails,psi,Miscellaneous,,Population of different types of Inmates in Jails at the end of 2000,1998,2000,3,1998 1999 2000,3,pdf_vlm,data/series/psi/population-of-different-types-of-inmates-in-jails.csv
psi/population-of-different-types-of-prison-inmates-in-jails,psi,Types of Prison Inmates,,Population of different types of prison inmates in jails,2003,2015,13,2003 2004 2005 2006 2007 2008 2009 2010 2011 2012 2013 2014 2015,13,pdf_text,data/series/psi/population-of-different-types-of-prison-inmates-in-jails.csv
psi/population-of-inmates-and-occupancy-rate,psi,Miscellaneous,,Population of Inmates and Occupancy rate,1998,2001,4,1998 1999 2000 2001,4,pdf_text pdf_vlm,data/series/psi/population-of-inmates-and-occupancy-rate.csv
psi/prison-budget-sanctioned-amount-and-actual-expenditure,psi,Miscellaneous,,Prison Budget 2000-2001 : Sanctioned Amount and Actual Expenditure,1998,2000,3,1998 1999 2000,3,pdf_ocr pdf_vlm,data/series/psi/prison-budget-sanctioned-amount-and-actual-expenditure.csv
psi/rehabilitation-and-other-support-to-prisoners,psi,Rehabilitation and Welfare of Prisoners,,Rehabilitation and Other Support to prisoners,2016,2024,9,2016 2017 2018 2019 2020 2021 2022 2023 2024,9,pdf_text,data/series/psi/rehabilitation-and-other-support-to-prisoners.csv
psi/rehabilitation-of-prisoners,psi,Miscellaneous,,Rehabilitation of Prisoners,2001,2015,15,2001 2002 2003 2004 2005 2006 2007 2008 2009 2010 2011 2012 2013 2014 2015,15,pdf_text,data/series/psi/rehabilitation-of-prisoners.csv
psi/religion-of-convicts,psi,Prisoners – Types and Demography,,"Religion of Convicts as on 31st December, 2024",2017,2024,7,2017 2018 2019 2020 2021 2023 2024,7,pdf_text,data/series/psi/religion-of-convicts.csv
psi/religion-of-detenues,psi,Prisoners – Types and Demography,,"Religion of Detenues as on 31st December, 2024",2017,2024,7,2017 2018 2019 2020 2021 2023 2024,7,pdf_text,data/series/psi/religion-of-detenues.csv
psi/religion-of-other-prisoners,psi,Prisoners – Types and Demography,,"Religion of Other Prisoners as on 31st December, 2024",2017,2024,7,2017 2018 2019 2020 2021 2023 2024,7,pdf_text,data/series/psi/religion-of-other-prisoners.csv
psi/religion-of-undertrial-prisoners,psi,Prisoners – Types and Demography,,"Religion of Undertrial Prisoners as on 31st December, 2024",2017,2024,7,2017 2018 2019 2020 2021 2023 2024,7,pdf_text,data/series/psi/religion-of-undertrial-prisoners.csv
psi/sanctioned-and-actual-strength-men-women-of-jail-officials,psi,Miscellaneous,,SANCTIONED AND ACTUAL STRENGTH (MEN+WOMEN) OF JAIL OFFICIALS AS ON 31ST DECEMBER 2001,1998,2001,4,1998 1999 2000 2001,5,pdf_text pdf_vlm,data/series/psi/sanctioned-and-actual-strength-men-women-of-jail-officials.csv
psi/sanctioned-and-actual-strength-of-jail-officers-staff,psi,Prisons Staff – Strength and Training,,Sanctioned and Actual Strength of Jail Officers/Staff,2016,2024,9,2016 2017 2018 2019 2020 2021 2022 2023 2024,9,pdf_text,data/series/psi/sanctioned-and-actual-strength-of-jail-officers-staff.csv
psi/sanctioned-and-actual-strength-of-jail-officers-staff-men-women,psi,Strength and Training of Jail Officials,,Sanctioned and Actual Strength of Jail Officers/Staff (men+women),2003,2015,12,2003 2004 2005 2006 2007 2008 2009 2010 2012 2013 2014 2015,12,pdf_text,data/series/psi/sanctioned-and-actual-strength-of-jail-officers-staff-men-women.csv
psi/sanctioned-and-actual-strength-of-total-jail-staff,psi,Prisons Staff – Strength and Training,,Sanctioned and Actual Strength of Total Jail Staff,2016,2024,9,2016 2017 2018 2019 2020 2021 2022 2023 2024,9,pdf_text,data/series/psi/sanctioned-and-actual-strength-of-total-jail-staff.csv
psi/sanctioned-and-actual-strength-of-women-jail-officials,psi,Miscellaneous,,Sanctioned and Actual Strength of Women Jail Officials as on 31st December 2000,1998,2000,3,1998 1999 2000,3,pdf_vlm,data/series/psi/sanctioned-and-actual-strength-of-women-jail-officials.csv
psi/sanctioned-budget-and-actual-expenditure-during-the-financial,psi,Prison - Budget and Infrastructure,,"Sanctioned Budget and Actual Expenditure during the financial year 2022-23, 2023-24 & 2024-25",2016,2024,6,2016 2017 2018 2019 2020 2024,6,pdf_text,data/series/psi/sanctioned-budget-and-actual-expenditure-during-the-financial.csv
psi/sex-and-age-group-wise-foreign-convicts-in-jails,psi,Foreign Prisoners,,Sex and Age-group wise Foreign Convicts in Jails,2016,2021,6,2016 2017 2018 2019 2020 2021,6,pdf_text,data/series/psi/sex-and-age-group-wise-foreign-convicts-in-jails.csv
psi/sex-wise-distribution-of-convicts-by-period-of-sentence,psi,Period of Sentences of the Convicts,,Sex wise distribution of Convicts by Period of Sentence,2002,2015,14,2002 2003 2004 2005 2006 2007 2008 2009 2010 2011 2012 2013 2014 2015,14,pdf_text,data/series/psi/sex-wise-distribution-of-convicts-by-period-of-sentence.csv
psi/state-ut-wise-and-sex-wise-distribution-of-different-types-of-prison-inmates-in-borstal-schools__state-ut,psi,Types of Prison Inmates,state-ut,State/UT wise and Sex wise distribution of different types of prison inmates in Borstal Schools,2003,2015,13,2003 2004 2005 2006 2007 2008 2009 2010 2011 2012 2013 2014 2015,13,pdf_text,data/series/psi/state-ut-wise-and-sex-wise-distribution-of-different-types-of-prison-inmates-in-borstal-schools__state-ut.csv
psi/state-ut-wise-and-sex-wise-distribution-of-different-types-of-prison-inmates-in-central-jails__state-ut,psi,Types of Prison Inmates,state-ut,State/UT wise and Sex wise distribution of different types of prison inmates in Central Jails,2003,2015,13,2003 2004 2005 2006 2007 2008 2009 2010 2011 2012 2013 2014 2015,13,pdf_text,data/series/psi/state-ut-wise-and-sex-wise-distribution-of-different-types-of-prison-inmates-in-central-jails__state-ut.csv
psi/state-ut-wise-and-sex-wise-distribution-of-different-types-of-prison-inmates-in-district-jails__state-ut,psi,Types of Prison Inmates,state-ut,State/UT wise and Sex wise distribution of different types of prison inmates in District Jails,2003,2015,13,2003 2004 2005 2006 2007 2008 2009 2010 2011 2012 2013 2014 2015,13,pdf_text,data/series/psi/state-ut-wise-and-sex-wise-distribution-of-different-types-of-prison-inmates-in-district-jails__state-ut.csv
psi/state-ut-wise-and-sex-wise-distribution-of-different-types-of-prison-inmates-in-open-jails__state-ut,psi,Types of Prison Inmates,state-ut,State/UT wise and Sex wise distribution of different types of prison inmates in Open Jails,2003,2015,13,2003 2004 2005 2006 2007 2008 2009 2010 2011 2012 2013 2014 2015,13,pdf_text,data/series/psi/state-ut-wise-and-sex-wise-distribution-of-different-types-of-prison-inmates-in-open-jails__state-ut.csv
psi/state-ut-wise-and-sex-wise-distribution-of-different-types-of-prison-inmates-in-other-jails__state-ut,psi,Types of Prison Inmates,state-ut,State/UT wise and Sex wise distribution of different types of prison inmates in Other Jails,2003,2015,13,2003 2004 2005 2006 2007 2008 2009 2010 2011 2012 2013 2014 2015,13,pdf_text,data/series/psi/state-ut-wise-and-sex-wise-distribution-of-different-types-of-prison-inmates-in-other-jails__state-ut.csv
psi/state-ut-wise-and-sex-wise-distribution-of-different-types-of-prison-inmates-in-special-jails__state-ut,psi,Types of Prison Inmates,state-ut,State/UT wise and Sex wise distribution of different types of prison inmates in Special Jails,2003,2015,13,2003 2004 2005 2006 2007 2008 2009 2010 2011 2012 2013 2014 2015,13,pdf_text,data/series/psi/state-ut-wise-and-sex-wise-distribution-of-different-types-of-prison-inmates-in-special-jails__state-ut.csv
psi/state-ut-wise-and-sex-wise-distribution-of-different-types-of-prison-inmates-in-sub-jails__state-ut,psi,Types of Prison Inmates,state-ut,State/UT wise and Sex wise distribution of different types of prison inmates in Sub Jails,2003,2015,13,2003 2004 2005 2006 2007 2008 2009 2010 2011 2012 2013 2014 2015,13,pdf_text,data/series/psi/state-ut-wise-and-sex-wise-distribution-of-different-types-of-prison-inmates-in-sub-jails__state-ut.csv
psi/state-ut-wise-details-of-expenses-on-inmates__state-ut,psi,Prison Budget and Expenditure,state-ut,State/UT wise details of Expenses on inmates,2002,2015,14,2002 2003 2004 2005 2006 2007 2008 2009 2010 2011 2012 2013 2014 2015,14,pdf_text,data/series/psi/state-ut-wise-details-of-expenses-on-inmates__state-ut.csv
psi/state-ut-wise-distribution-of-convicted-prisoners-in-different-jails__state-ut,psi,Types of Prison Inmates,state-ut,State/UT wise distribution of Convicted Prisoners in different jails,2003,2015,13,2003 2004 2005 2006 2007 2008 2009 2010 2011 2012 2013 2014 2015,13,pdf_text,data/series/psi/state-ut-wise-distribution-of-convicted-prisoners-in-different-jails__state-ut.csv
psi/state-ut-wise-distribution-of-convicts-in-jails-by-sex-and-age-group__state-ut,psi,Types of Prison Inmates,state-ut,State/UT wise distribution of Convicts in Jails by Sex and Age-group,2003,2015,13,2003 2004 2005 2006 2007 2008 2009 2010 2011 2012 2013 2014 2015,13,pdf_text,data/series/psi/state-ut-wise-distribution-of-convicts-in-jails-by-sex-and-age-group__state-ut.csv
psi/state-ut-wise-distribution-of-different-types-of-inmates-suffering-from-mental-illness__state-ut,psi,Types of Prison Inmates,state-ut,State/UT wise distribution of different types of inmates suffering from Mental Illness,2003,2015,13,2003 2004 2005 2006 2007 2008 2009 2010 2011 2012 2013 2014 2015,13,pdf_text,data/series/psi/state-ut-wise-distribution-of-different-types-of-inmates-suffering-from-mental-illness__state-ut.csv
psi/state-ut-wise-distribution-of-different-types-of-jails-in-the-country__state-ut,psi,Prison Institution,state-ut,State/UT wise distribution of different types of jails in the country,2004,2015,12,2004 2005 2006 2007 2008 2009 2010 2011 2012 2013 2014 2015,12,pdf_text,data/series/psi/state-ut-wise-distribution-of-different-types-of-jails-in-the-country__state-ut.csv
psi/state-ut-wise-distribution-of-female-prison-inmates-in-women-jails__state-ut,psi,Types of Prison Inmates,state-ut,State/UT wise distribution of female prison inmates in Women Jails,2003,2015,13,2003 2004 2005 2006 2007 2008 2009 2010 2011 2012 2013 2014 2015,13,pdf_text,data/series/psi/state-ut-wise-distribution-of-female-prison-inmates-in-women-jails__state-ut.csv
psi/state-ut-wise-distribution-of-foreign-convicts-in-jails-by-sex-and-age-group__state-ut,psi,Types of Prison Inmates,state-ut,State/UT wise distribution of Foreign Convicts in jails by Sex and Age-group,2003,2015,13,2003 2004 2005 2006 2007 2008 2009 2010 2011 2012 2013 2014 2015,13,pdf_text,data/series/psi/state-ut-wise-distribution-of-foreign-convicts-in-jails-by-sex-and-age-group__state-ut.csv
psi/state-ut-wise-distribution-of-foreigner-detenues-in-jails-by-sex-and-age-group__state-ut,psi,Types of Prison Inmates,state-ut,State/UT wise distribution of Foreigner Detenues in jails by Sex and Age-group,2003,2015,13,2003 2004 2005 2006 2007 2008 2009 2010 2011 2012 2013 2014 2015,13,pdf_text,data/series/psi/state-ut-wise-distribution-of-foreigner-detenues-in-jails-by-sex-and-age-group__state-ut.csv
psi/state-ut-wise-distribution-of-foreigner-undertrials-in-jails-by-sex-and-age-group__state-ut,psi,Types of Prison Inmates,state-ut,State/UT wise distribution of Foreigner Undertrials in jails by Sex and Age-group,2003,2015,13,2003 2004 2005 2006 2007 2008 2009 2010 2011 2012 2013 2014 2015,13,pdf_text,data/series/psi/state-ut-wise-distribution-of-foreigner-undertrials-in-jails-by-sex-and-age-group__state-ut.csv
psi/state-ut-wise-distribution-of-undertrial-prisoners-in-different-jails__state-ut,psi,Types of Prison Inmates,state-ut,State/UT wise distribution of Undertrial Prisoners in different jails,2003,2015,13,2003 2004 2005 2006 2007 2008 2009 2010 2011 2012 2013 2014 2015,13,pdf_text,data/series/psi/state-ut-wise-distribution-of-undertrial-prisoners-in-different-jails__state-ut.csv
psi/state-ut-wise-distribution-of-undertrials-in-jails-by-sex-and-age-group__state-ut,psi,Types of Prison Inmates,state-ut,State/UT wise distribution of Undertrials in Jails by Sex and Age-group,2003,2015,13,2003 2004 2005 2006 2007 2008 2009 2010 2011 2012 2013 2014 2015,13,pdf_text,data/series/psi/state-ut-wise-distribution-of-undertrials-in-jails-by-sex-and-age-group__state-ut.csv
psi/state-ut-wise-foreign-convicts-by-nationality-as-on-31-10__state-ut,psi,Miscellaneous,state-ut,State/UT-wise Foreign Convicts by Nationality as on 31.10.2015,2014,2015,2,2014 2015,2,pdf_text,data/series/psi/state-ut-wise-foreign-convicts-by-nationality-as-on-31-10__state-ut.csv
psi/state-ut-wise-foreign-undertrials-by-nationality-as-on-31-10__state-ut,psi,Miscellaneous,state-ut,State/UT-wise Foreign Undertrials by Nationality as on 31.10.2015,2014,2015,2,2014 2015,2,pdf_text,data/series/psi/state-ut-wise-foreign-undertrials-by-nationality-as-on-31-10__state-ut.csv
psi/state-ut-wise-incidence-of-deaths-of-female-inmates-in-prisons__state-ut,psi,Deaths in Jails,state-ut,State/UT wise incidence of deaths of female inmates in Prisons,2002,2015,14,2002 2003 2004 2005 2006 2007 2008 2009 2010 2011 2012 2013 2014 2015,14,pdf_text,data/series/psi/state-ut-wise-incidence-of-deaths-of-female-inmates-in-prisons__state-ut.csv
psi/state-ut-wise-incidence-of-deaths-of-inmates-in-prisons__state-ut,psi,Deaths in Jails,state-ut,State/UT wise incidence of deaths of inmates in Prisons,2002,2015,14,2002 2003 2004 2005 2006 2007 2008 2009 2010 2011 2012 2013 2014 2015,14,pdf_text,data/series/psi/state-ut-wise-incidence-of-deaths-of-inmates-in-prisons__state-ut.csv
psi/state-ut-wise-number-of-convicts-by-type-of-ipc-offences__state-ut,psi,Distribution of Convict and Undertrial Prisoners under various IPC and SLL,state-ut,State/UT wise number of Convicts by type of IPC Offences,2002,2015,14,2002 2003 2004 2005 2006 2007 2008 2009 2010 2011 2012 2013 2014 2015,14,pdf_text,data/series/psi/state-ut-wise-number-of-convicts-by-type-of-ipc-offences__state-ut.csv
psi/state-ut-wise-number-of-convicts-by-type-of-offences-under-special-local-laws-sll__state-ut,psi,Distribution of Convict and Undertrial Prisoners under various IPC and SLL,state-ut,State/UT wise number of Convicts by type of Offences under Special & Local Laws (SLL),2004,2015,11,2004 2005 2006 2007 2008 2009 2010 2011 2012 2014 2015,11,pdf_text,data/series/psi/state-ut-wise-number-of-convicts-by-type-of-offences-under-special-local-laws-sll__state-ut.csv
psi/state-ut-wise-number-of-convicts-by-type-of-special-local-laws-sll-offences__state-ut,psi,Distribution of Convict and Undertrial Prisoners under various IPC and SLL,state-ut,State/UT wise number of Convicts by type of Special & Local Laws (SLL) Offences,2002,2003,2,2002 2003,2,pdf_text,data/series/psi/state-ut-wise-number-of-convicts-by-type-of-special-local-laws-sll-offences__state-ut.csv
psi/state-ut-wise-number-of-jail-inspections-by-different-visitors__state-ut,psi,Jail Inspections and Visits,state-ut,State/UT wise number of Jail Inspections by different visitors,2002,2015,13,2002 2003 2004 2005 2006 2007 2008 2009 2010 2012 2013 2014 2015,13,pdf_text,data/series/psi/state-ut-wise-number-of-jail-inspections-by-different-visitors__state-ut.csv
psi/state-ut-wise-number-of-jails-constructed__state-ut,psi,Prison - Budget and Infrastructure,state-ut,State/UT-wise Number of Jails Constructed,2016,2024,8,2016 2018 2019 2020 2021 2022 2023 2024,8,pdf_text,data/series/psi/state-ut-wise-number-of-jails-constructed__state-ut.csv
psi/state-ut-wise-number-of-prison-inmates-trained-under-different-vocational-training__state-ut,psi,Vocational Training in Prisons,state-ut,State/UT wise number of Prison inmates trained under different Vocational Training,2003,2018,13,2003 2004 2005 2006 2007 2008 2009 2011 2012 2013 2014 2015 2018,13,pdf_text,data/series/psi/state-ut-wise-number-of-prison-inmates-trained-under-different-vocational-training__state-ut.csv
psi/state-ut-wise-number-of-undertrials-by-type-of-ipc-offences__state-ut,psi,Distribution of Convict and Undertrial Prisoners under various IPC and SLL,state-ut,State/UT wise number of Undertrials by type of IPC Offences,2002,2015,14,2002 2003 2004 2005 2006 2007 2008 2009 2010 2011 2012 2013 2014 2015,14,pdf_text,data/series/psi/state-ut-wise-number-of-undertrials-by-type-of-ipc-offences__state-ut.csv
psi/state-ut-wise-number-of-undertrials-by-type-of-offences-under-special-local-laws-sll__state-ut,psi,Distribution of Convict and Undertrial Prisoners under various IPC and SLL,state-ut,State/UT wise number of Undertrials by type of Offences under Special & Local Laws (SLL),2004,2015,12,2004 2005 2006 2007 2008 2009 2010 2011 2012 2013 2014 2015,12,pdf_text,data/series/psi/state-ut-wise-number-of-undertrials-by-type-of-offences-under-special-local-laws-sll__state-ut.csv
psi/state-ut-wise-number-of-undertrials-by-type-of-special-local-laws-sll-offences__state-ut,psi,Distribution of Convict and Undertrial Prisoners under various IPC and SLL,state-ut,State/UT wise number of Undertrials by type of Special & Local Laws (SLL) Offences,2002,2003,2,2002 2003,2,pdf_text,data/series/psi/state-ut-wise-number-of-undertrials-by-type-of-special-local-laws-sll-offences__state-ut.csv
psi/state-ut-wise-percentage-distribution-of-convicts-to-total-convicts-by-age-group__state-ut,psi,Types of Prison Inmates,state-ut,State/UT wise Percentage distribution of Convicts to Total Convicts by Age-group,2003,2015,13,2003 2004 2005 2006 2007 2008 2009 2010 2011 2012 2013 2014 2015,13,pdf_text,data/series/psi/state-ut-wise-percentage-distribution-of-convicts-to-total-convicts-by-age-group__state-ut.csv
psi/state-ut-wise-percentage-distribution-of-foreigner-convicts-to-total-foreigners-convicted-by-age-groups__state-ut,psi,Types of Prison Inmates,state-ut,State/UT wise percentage distribution of Foreigner Convicts to Total Foreigners Convicted by Age-Groups,2003,2015,13,2003 2004 2005 2006 2007 2008 2009 2010 2011 2012 2013 2014 2015,13,pdf_text,data/series/psi/state-ut-wise-percentage-distribution-of-foreigner-convicts-to-total-foreigners-convicted-by-age-groups__state-ut.csv
psi/state-ut-wise-percentage-distribution-of-foreigner-undertrials-to-total-foreigner-undertrials-by-age-groups__state-ut,psi,Types of Prison Inmates,state-ut,State/UT wise percentage distribution of Foreigner Undertrials to Total Foreigner Undertrials by Age-Groups,2003,2015,13,2003 2004 2005 2006 2007 2008 2009 2010 2011 2012 2013 2014 2015,13,pdf_text,data/series/psi/state-ut-wise-percentage-distribution-of-foreigner-undertrials-to-total-foreigner-undertrials-by-age-groups__state-ut.csv
psi/state-ut-wise-percentage-distribution-of-undertrials-to-total-undertrials-by-age-group__state-ut,psi,Types of Prison Inmates,state-ut,State/UT wise Percentage distribution of Undertrials to Total Undertrials by Age-group,2003,2015,13,2003 2004 2005 2006 2007 2008 2009 2010 2011 2012 2013 2014 2015,13,pdf_text,data/series/psi/state-ut-wise-percentage-distribution-of-undertrials-to-total-undertrials-by-age-group__state-ut.csv
psi/state-ut-wise-total-budget-and-actual-expenditure-during-the-year__state-ut,psi,Prison Budget and Expenditure,state-ut,State/UT wise Total Budget and Actual Expenditure during the year,2002,2015,14,2002 2003 2004 2005 2006 2007 2008 2009 2010 2011 2012 2013 2014 2015,14,pdf_text,data/series/psi/state-ut-wise-total-budget-and-actual-expenditure-during-the-year__state-ut.csv
psi/state-ut-wise-value-of-goods-produced-by-inmates__state-ut,psi,Vocational Training in Prisons,state-ut,State/UT wise value of goods produced by Inmates,2003,2018,13,2003 2004 2005 2006 2007 2008 2009 2011 2012 2013 2014 2015 2018,13,pdf_text,data/series/psi/state-ut-wise-value-of-goods-produced-by-inmates__state-ut.csv
psi/status-of-undertrial-inmates-under-section-436a-of-cr-p-c,psi,"Prisoners - Releases, Transfers and Movements",,Status of Undertrial Inmates under Section 436A of Cr.P.C.,2016,2023,8,2016 2017 2018 2019 2020 2021 2022 2023,8,pdf_text,data/series/psi/status-of-undertrial-inmates-under-section-436a-of-cr-p-c.csv
psi/total-budget-and-actual-expenditure-during-the-financial,psi,Prison - Budget and Infrastructure,,Total Budget and Actual Expenditure during the financial year 2024-2025,2016,2024,9,2016 2017 2018 2019 2020 2021 2022 2023 2024,9,pdf_text,data/series/psi/total-budget-and-actual-expenditure-during-the-financial.csv
psi/total-sanctioned-budget-during-the-financial-and-percentage-variation,psi,Prison - Budget and Infrastructure,,"Total Sanctioned Budget during the financial year 2022-23, 2023-24 & 2024-25 and Percentage Variation in 2024-25 over 2023-24",2016,2024,9,2016 2017 2018 2019 2020 2021 2022 2023 2024,9,pdf_text,data/series/psi/total-sanctioned-budget-during-the-financial-and-percentage-variation.csv
psi/training-of-jail-officers-staff,psi,Strength and Training of Jail Officials,,Training of Jail Officers/Staff,2003,2015,12,2003 2004 2005 2006 2007 2008 2009 2010 2012 2013 2014 2015,12,pdf_text,data/series/psi/training-of-jail-officers-staff.csv
psi/training-of-jail-officers-staff-refresher-specialised-re-orientation-courses,psi,Prisons Staff – Strength and Training,,Training of Jail Officers/Staff (Refresher / Specialised / Re-orientation Courses),2016,2024,9,2016 2017 2018 2019 2020 2021 2022 2023 2024,10,pdf_text,data/series/psi/training-of-jail-officers-staff-refresher-specialised-re-orientation-courses.csv
psi/training-of-jail-officials,psi,Miscellaneous,,Training of Jail Officials,1998,2001,4,1998 1999 2000 2001,4,pdf_text pdf_vlm,data/series/psi/training-of-jail-officials.csv
psi/types-of-indian-prison-inmates-gender-wise,psi,Indian Prisoners,,Types of Indian Prison Inmates (Gender-wise),2022,2024,3,2022 2023 2024,3,pdf_text,data/series/psi/types-of-indian-prison-inmates-gender-wise.csv
psi/types-of-indian-prison-inmates-sex-wise,psi,Indian Prisoners,,Types of Indian Prison Inmates (Sex-wise),2016,2021,6,2016 2017 2018 2019 2020 2021,6,pdf_text,data/series/psi/types-of-indian-prison-inmates-sex-wise.csv
psi/types-of-inmates-suffering-from-mental-illness,psi,"Prisoners - Releases, Transfers and Movements",,Types of Inmates Suffering from Mental Illness,2016,2024,9,2016 2017 2018 2019 2020 2021 2022 2023 2024,9,pdf_text,data/series/psi/types-of-inmates-suffering-from-mental-illness.csv
psi/types-of-jails-in-the-country,psi,Prisons – Types and Occupancy,,Types of Jails in the Country,2016,2024,7,2016 2017 2018 2019 2020 2022 2024,7,pdf_text,data/series/psi/types-of-jails-in-the-country.csv
psi/types-of-prison-inmates,psi,Prisoners – Types and Demography,,Types of Prison Inmates,2016,2024,9,2016 2017 2018 2019 2020 2021 2022 2023 2024,9,pdf_text,data/series/psi/types-of-prison-inmates.csv
psi/types-of-prison-inmates-in-borstal-schools-gender-wise,psi,Prisoners – Types and Demography,,Types of Prison Inmates in Borstal Schools (Gender-wise),2022,2024,3,2022 2023 2024,3,pdf_text,data/series/psi/types-of-prison-inmates-in-borstal-schools-gender-wise.csv
psi/types-of-prison-inmates-in-borstal-schools-sex-wise,psi,Prisoners – Types and Demography,,Types of Prison Inmates in Borstal Schools (Sex-wise),2016,2021,6,2016 2017 2018 2019 2020 2021,6,pdf_text,data/series/psi/types-of-prison-inmates-in-borstal-schools-sex-wise.csv
psi/types-of-prison-inmates-in-central-jails-gender-wise,psi,Prisoners – Types and Demography,,Types of Prison Inmates in Central Jails (Gender-wise),2022,2024,3,2022 2023 2024,3,pdf_text,data/series/psi/types-of-prison-inmates-in-central-jails-gender-wise.csv
psi/types-of-prison-inmates-in-central-jails-sex-wise,psi,Prisoners – Types and Demography,,Types of Prison Inmates in Central Jails (Sex-wise),2016,2021,6,2016 2017 2018 2019 2020 2021,6,pdf_text,data/series/psi/types-of-prison-inmates-in-central-jails-sex-wise.csv
psi/types-of-prison-inmates-in-district-jails-gender-wise,psi,Prisoners – Types and Demography,,Types of Prison Inmates in District Jails (Gender-wise),2022,2024,3,2022 2023 2024,3,pdf_text,data/series/psi/types-of-prison-inmates-in-district-jails-gender-wise.csv
psi/types-of-prison-inmates-in-district-jails-sex-wise,psi,Prisoners – Types and Demography,,Types of Prison Inmates in District Jails (Sex-wise),2016,2021,6,2016 2017 2018 2019 2020 2021,6,pdf_text,data/series/psi/types-of-prison-inmates-in-district-jails-sex-wise.csv
psi/types-of-prison-inmates-in-open-jails-gender-wise,psi,Prisoners – Types and Demography,,Types of Prison Inmates in Open Jails (Gender-wise),2022,2024,3,2022 2023 2024,3,pdf_text,data/series/psi/types-of-prison-inmates-in-open-jails-gender-wise.csv
psi/types-of-prison-inmates-in-open-jails-sex-wise,psi,Prisoners – Types and Demography,,Types of Prison Inmates in Open Jails (Sex-wise),2016,2021,6,2016 2017 2018 2019 2020 2021,6,pdf_text,data/series/psi/types-of-prison-inmates-in-open-jails-sex-wise.csv
psi/types-of-prison-inmates-in-special-jails-gender-wise,psi,Prisoners – Types and Demography,,Types of Prison Inmates in Special Jails (Gender-wise),2022,2024,3,2022 2023 2024,3,pdf_text,data/series/psi/types-of-prison-inmates-in-special-jails-gender-wise.csv
psi/types-of-prison-inmates-in-special-jails-sex-wise,psi,Prisoners – Types and Demography,,Types of Prison Inmates in Special Jails (Sex-wise),2016,2021,6,2016 2017 2018 2019 2020 2021,6,pdf_text,data/series/psi/types-of-prison-inmates-in-special-jails-sex-wise.csv
psi/types-of-prison-inmates-in-sub-jails-gender-wise,psi,Prisoners – Types and Demography,,Types of Prison Inmates in Sub-Jails (Gender-wise),2022,2024,3,2022 2023 2024,3,pdf_text,data/series/psi/types-of-prison-inmates-in-sub-jails-gender-wise.csv
psi/types-of-prison-inmates-in-sub-jails-sex-wise,psi,Prisoners – Types and Demography,,\ Types of Prison Inmates in Sub-Jails (Sex-wise),2016,2021,6,2016 2017 2018 2019 2020 2021,6,pdf_text,data/series/psi/types-of-prison-inmates-in-sub-jails-sex-wise.csv
psi/types-of-prison-inmates-in-women-jails,psi,Prisoners – Types and Demography,,Types of Prison Inmates in Women Jails,2016,2024,9,2016 2017 2018 2019 2020 2021 2022 2023 2024,9,pdf_text,data/series/psi/types-of-prison-inmates-in-women-jails.csv
psi/un-natural-deaths-of-prisoners,psi,Deaths and Illness in Prisons,,Un-natural Deaths of prisoners,2016,2024,9,2016 2017 2018 2019 2020 2021 2022 2023 2024,9,pdf_text,data/series/psi/un-natural-deaths-of-prisoners.csv
psi/undertrial-prisoners-by-type-of-offences-under-ipc,psi,Prisoners - Offence wise,,Undertrial Prisoners by Type of Offences under IPC,2016,2024,9,2016 2017 2018 2019 2020 2021 2022 2023 2024,9,pdf_text,data/series/psi/undertrial-prisoners-by-type-of-offences-under-ipc.csv
psi/undertrial-prisoners-by-type-of-offences-under-special-and-local-laws,psi,Prisoners - Offence wise,,Undertrial Prisoners by Type of Offences under Special and Local Laws,2016,2024,8,2016 2017 2018 2019 2020 2022 2023 2024,8,pdf_text,data/series/psi/undertrial-prisoners-by-type-of-offences-under-special-and-local-laws.csv
psi/undertrials-indian-prisoners-in-jails-by-gender-and-age-groups,psi,Indian Prisoners,,Undertrials (Indian Prisoners) in Jails by Gender and Age-groups,2022,2024,3,2022 2023 2024,3,pdf_text,data/series/psi/undertrials-indian-prisoners-in-jails-by-gender-and-age-groups.csv
psi/undertrials-indian-prisoners-in-jails-by-sex-and-age-groups,psi,Indian Prisoners,,Undertrials (Indian Prisoners) in Jails by Sex and Age-groups,2016,2021,6,2016 2017 2018 2019 2020 2021,6,pdf_text,data/series/psi/undertrials-indian-prisoners-in-jails-by-sex-and-age-groups.csv
psi/undertrials-released-transferred,psi,"Prisoners - Releases, Transfers and Movements",,Undertrials Released / Transferred,2016,2024,9,2016 2017 2018 2019 2020 2021 2022 2023 2024,9,pdf_text,data/series/psi/undertrials-released-transferred.csv
psi/value-of-goods-produced-by-inmates,psi,Rehabilitation and Welfare of Prisoners,,Value of Goods Produced by Inmates,2001,2024,11,2001 2002 2016 2017 2018 2019 2020 2021 2022 2023 2024,11,pdf_text,data/series/psi/value-of-goods-produced-by-inmates.csv
psi/value-of-goods-produced-by-inmates-state-ut-wise__state-ut,psi,Miscellaneous,state-ut,Value of Goods Produced by Inmates - State/UT-wise during 2000,1998,2000,3,1998 1999 2000,3,pdf_vlm,data/series/psi/value-of-goods-produced-by-inmates-state-ut-wise__state-ut.csv
