section,sl_no,Sl.No. Location Jail ANDHRA PRADESH - CENTRAL JAILS,Total Sanc- Status tioned capa- Jail city (3),Actual Capacity | of No.Convicts (4),Actual Capacity | of No.Under-trials (5),Actual Capacity | Others (6),Actual Capacity | Total (7),Total Sanc- Status tioned capa- Jail city Huzurnagar (TC) 15,Actual Capacity | of No.Convicts TC 0,Actual Capacity | of No.Under-trials 0 (10003),Actual Capacity | Others 0 (10004),Actual Capacity | Total 0 (10005),Total Sanc- Status tioned capa- Jail city Distt. Baloda Bazar 70,Actual Capacity | of No.Convicts 20,Actual Capacity | of No.Under-trials 261,Actual Capacity | Others 0 (10009),Actual Capacity | Total 281,"Total Sanc- Status tioned capa- Jail city Indira Avenue Road, 200 Sabarmati, Ahmedabad 60 Tarwadi, Amreli 40",Actual Capacity | of No.Convicts 84 56 16,Actual Capacity | of No.Under-trials 20 0 0,Actual Capacity | Others 5 0 0,Actual Capacity | Total 109 56 16,"Total Sanc- Status tioned capa- Jail city Mandi, Distt. Mandi 30 Bilaspur, Distt. Bilaspur 80",Actual Capacity | of No.Convicts 2 67,Actual Capacity | of No.Under-trials 0 0,Actual Capacity | Others 0 0 (10019),Actual Capacity | Total 2 67,Total Sanc- Status tioned capa- Jail city Raibagh 5,Actual Capacity | of No.Convicts NF,Actual Capacity | of No.Under-trials (10023),Actual Capacity | Others (10024),Actual Capacity | Total 0 (10025),Sl.No. Jail (10026),Location,Total Sanc- Status tioned capa- Jail city (10028),Actual Capacity | of No.Convicts (10029),Actual Capacity | of No.Under-trials (10030),Actual Capacity | Others (10031),Actual Capacity | Total (10032),Total Sanc- Status tioned capa- Jail city (10033),Actual Capacity | of No.Convicts (10034),Actual Capacity | of No.Under-trials (10035),Actual Capacity | Others Total,Total Sanc- Status tioned capa- Jail city Jodhpur 258 Jaitsar 312,Actual Capacity | of No.Convicts 86 26,Actual Capacity | of No.Under-trials 51 0,Actual Capacity | Others 0 0 (10040),Actual Capacity | Total 137 26,"Total Sanc- Status tioned capa- Jail city Salem, Salem District 10",Actual Capacity | of No.Convicts 8,Actual Capacity | of No.Under-trials 0 (10044),Actual Capacity | Others 0 (10045),Actual Capacity | Total 8,Sl.No. Jail (10047),"Location Thuckalay,",Total Sanc- Status tioned capa- Jail city (10049),Actual Capacity | of No.Convicts (10050),Actual Capacity | of No.Under-trials (10051),Actual Capacity | Others (10052),Actual Capacity | Total (10053),Sl.No. Jail (10054),"Location Central Jail, Naini,",Total Sanc- Status tioned capa- Jail city (10056),Actual Capacity | of No.Convicts (10057),Actual Capacity | of No.Under-trials (10058),Actual Capacity | Others (10059),Actual Capacity | Total (10060),Total Sanc- Status tioned capa- Jail city Midnapore 2018 Burdwan 1000 Krishnanagar 498,Actual Capacity | of No.Convicts 709 39 82,Actual Capacity | of No.Under-trials 402 231 648,Actual Capacity | Others 0 0 0,Actual Capacity | Total 1111 270 730,Total Sanc- Status tioned capa- Jail city Barrackpore 160,Actual Capacity | of No.Convicts 2,Actual Capacity | of No.Under-trials 235,Actual Capacity | Others 0 (10069),Actual Capacity | Total 237,Total Sanc- Status tioned capa- Jail city Jhargram 100,Actual Capacity | of No.Convicts 1,Actual Capacity | of No.Under-trials 111,Actual Capacity | Others 0 (10074),Actual Capacity | Total 112,"Total Sanc- Status tioned capa- Jail city Tihar, New Delhi- 565 Tihar, New Delhi- 455 Tihar, New Delhi- 740 Tihar, New Delhi- 740 Tihar, New Delhi- 750 Tihar, New Delhi- 400 Tihar, New Delhi- 350 Tihar, New Delhi- 1200",Actual Capacity | of No.Convicts 277 880 288 223 872 123 67 242,Actual Capacity | of No.Under-trials 1487 11 1652 1787 9 417 725 1522,Actual Capacity | Others 1 1 0 2 0 0 0 0,Actual Capacity | Total 1765 892 1940 2012 881 540 792 1764
,1,Central Prison 1 Hyderabad,650,69,648,0,717,,,,,,,,,,,,,,,,,,,,,,,,,,,,,,,,,,,,,,,,,,,,,,,,,,,,,,,,,,,,,,,,,,,,,,,,,,,,,,,,
,2,Central Prison 2 Cherlapalli,1790,939,894,6,1839,,,,,,,,,,,,,,,,,,,,,,,,,,,,,,,,,,,,,,,,,,,,,,,,,,,,,,,,,,,,,,,,,,,,,,,,,,,,,,,,
,3,Central Prison 3 Warangal,1203,588,222,0,810,,,,,,,,,,,,,,,,,,,,,,,,,,,,,,,,,,,,,,,,,,,,,,,,,,,,,,,,,,,,,,,,,,,,,,,,,,,,,,,,
,4,Central Prison 4 Rajahmundry,1648,925,395,16,1336,,,,,,,,,,,,,,,,,,,,,,,,,,,,,,,,,,,,,,,,,,,,,,,,,,,,,,,,,,,,,,,,,,,,,,,,,,,,,,,,
,5,Central Prison 5 Visakhapatnam,770,407,494,0,901,,,,,,,,,,,,,,,,,,,,,,,,,,,,,,,,,,,,,,,,,,,,,,,,,,,,,,,,,,,,,,,,,,,,,,,,,,,,,,,,
,6,Central Prison 6 Kadapa,1000,709,190,9,908,,,,,,,,,,,,,,,,,,,,,,,,,,,,,,,,,,,,,,,,,,,,,,,,,,,,,,,,,,,,,,,,,,,,,,,,,,,,,,,,
,7,Central Prison 7 Nellore,500,302,145,0,447,,,,,,,,,,,,,,,,,,,,,,,,,,,,,,,,,,,,,,,,,,,,,,,,,,,,,,,,,,,,,,,,,,,,,,,,,,,,,,,,
ANDHRA PRADESH – DISTRICT JAILS,8,District Jail 1 Sangareddy,260,26,156,0,182,,,,,,,,,,,,,,,,,,,,,,,,,,,,,,,,,,,,,,,,,,,,,,,,,,,,,,,,,,,,,,,,,,,,,,,,,,,,,,,,
ANDHRA PRADESH – DISTRICT JAILS,9,District Jail 2 Nalgonda,160,16,118,0,134,,,,,,,,,,,,,,,,,,,,,,,,,,,,,,,,,,,,,,,,,,,,,,,,,,,,,,,,,,,,,,,,,,,,,,,,,,,,,,,,
ANDHRA PRADESH – DISTRICT JAILS,10,District Jail 3 Mahaboobnagar,147,14,275,0,289,,,,,,,,,,,,,,,,,,,,,,,,,,,,,,,,,,,,,,,,,,,,,,,,,,,,,,,,,,,,,,,,,,,,,,,,,,,,,,,,
ANDHRA PRADESH – DISTRICT JAILS,11,District Jail 4 Nizamabad,460,29,183,0,212,,,,,,,,,,,,,,,,,,,,,,,,,,,,,,,,,,,,,,,,,,,,,,,,,,,,,,,,,,,,,,,,,,,,,,,,,,,,,,,,
ANDHRA PRADESH – DISTRICT JAILS,12,District Jail 5 Karimnagar,349,24,251,0,275,,,,,,,,,,,,,,,,,,,,,,,,,,,,,,,,,,,,,,,,,,,,,,,,,,,,,,,,,,,,,,,,,,,,,,,,,,,,,,,,
ANDHRA PRADESH – DISTRICT JAILS,13,District Jail 6 Adilabad,331,31,126,0,157,,,,,,,,,,,,,,,,,,,,,,,,,,,,,,,,,,,,,,,,,,,,,,,,,,,,,,,,,,,,,,,,,,,,,,,,,,,,,,,,
ANDHRA PRADESH – DISTRICT JAILS,14,District Jail 7 Vijayawada,166,13,280,0,293,,,,,,,,,,,,,,,,,,,,,,,,,,,,,,,,,,,,,,,,,,,,,,,,,,,,,,,,,,,,,,,,,,,,,,,,,,,,,,,,
ANDHRA PRADESH – DISTRICT JAILS,15,District Jail 8 Guntur,255,42,162,0,204,,,,,,,,,,,,,,,,,,,,,,,,,,,,,,,,,,,,,,,,,,,,,,,,,,,,,,,,,,,,,,,,,,,,,,,,,,,,,,,,
ANDHRA PRADESH – DISTRICT JAILS,16,District Jail 9 Ananthapur,270,13,124,0,137,,,,,,,,,,,,,,,,,,,,,,,,,,,,,,,,,,,,,,,,,,,,,,,,,,,,,,,,,,,,,,,,,,,,,,,,,,,,,,,,
ANDHRA PRADESH – DISTRICT JAILS,17,District Jail 10 Ongole,210,18,157,0,175,,,,,,,,,,,,,,,,,,,,,,,,,,,,,,,,,,,,,,,,,,,,,,,,,,,,,,,,,,,,,,,,,,,,,,,,,,,,,,,,
ANDHRA PRADESH – DISTRICT JAILS,18,District Jail 11 Srikakulam,176,10,46,0,56,,,,,,,,,,,,,,,,,,,,,,,,,,,,,,,,,,,,,,,,,,,,,,,,,,,,,,,,,,,,,,,,,,,,,,,,,,,,,,,,
ANDHRA PRADESH – DISTRICT JAILS,19,District Jail 12 Khammam,340,26,193,0,219,,,,,,,,,,,,,,,,,,,,,,,,,,,,,,,,,,,,,,,,,,,,,,,,,,,,,,,,,,,,,,,,,,,,,,,,,,,,,,,,
ANDHRA PRADESH – DISTRICT JAILS,20,District Jail 13 Chittor,150,26,145,0,171,,,,,,,,,,,,,,,,,,,,,,,,,,,,,,,,,,,,,,,,,,,,,,,,,,,,,,,,,,,,,,,,,,,,,,,,,,,,,,,,
ANDHRA PRADESH – SUB JAILS,21,Sub Jail 1 Pargi,57,0,65,0,65,,,,,,,,,,,,,,,,,,,,,,,,,,,,,,,,,,,,,,,,,,,,,,,,,,,,,,,,,,,,,,,,,,,,,,,,,,,,,,,,
ANDHRA PRADESH – SUB JAILS,22,Sub Jail 2 Medak,27,0,36,0,36,,,,,,,,,,,,,,,,,,,,,,,,,,,,,,,,,,,,,,,,,,,,,,,,,,,,,,,,,,,,,,,,,,,,,,,,,,,,,,,,
ANDHRA PRADESH – SUB JAILS,23,Sub Jail 3 Siddipet,22,0,37,0,37,,,,,,,,,,,,,,,,,,,,,,,,,,,,,,,,,,,,,,,,,,,,,,,,,,,,,,,,,,,,,,,,,,,,,,,,,,,,,,,,
ANDHRA PRADESH – SUB JAILS,24,Sub Jail 4 Jogipet,37,1,13,0,14,,,,,,,,,,,,,,,,,,,,,,,,,,,,,,,,,,,,,,,,,,,,,,,,,,,,,,,,,,,,,,,,,,,,,,,,,,,,,,,,
ANDHRA PRADESH – SUB JAILS,25,Sub Jail 5 Bhongir,25,0,34,0,34,,,,,,,,,,,,,,,,,,,,,,,,,,,,,,,,,,,,,,,,,,,,,,,,,,,,,,,,,,,,,,,,,,,,,,,,,,,,,,,,
ANDHRA PRADESH – SUB JAILS,26,Sub Jail 6 Suryapet,15,0,19,0,19,,,,,,,,,,,,,,,,,,,,,,,,,,,,,,,,,,,,,,,,,,,,,,,,,,,,,,,,,,,,,,,,,,,,,,,,,,,,,,,,
ANDHRA PRADESH – SUB JAILS,27,Sub Jail 7 Devarakonda,27,0,16,0,16,,,,,,,,,,,,,,,,,,,,,,,,,,,,,,,,,,,,,,,,,,,,,,,,,,,,,,,,,,,,,,,,,,,,,,,,,,,,,,,,
ANDHRA PRADESH – SUB JAILS,28,Sub Jail 8 Miryalaguda,50,0,59,0,59,,,,,,,,,,,,,,,,,,,,,,,,,,,,,,,,,,,,,,,,,,,,,,,,,,,,,,,,,,,,,,,,,,,,,,,,,,,,,,,,
,30,Sub Jail 10 Kamareddy,,,,,,10,0,7,0,7,,,,,,,,,,,,,,,,,,,,,,,,,,,,,,,,,,,,,,,,,,,,,,,,,,,,,,,,,,,,,,,,,,,,,,,,,,,
,31,Sub Jail 11 Bodhan,,,,,,17,0,6,0,6,,,,,,,,,,,,,,,,,,,,,,,,,,,,,,,,,,,,,,,,,,,,,,,,,,,,,,,,,,,,,,,,,,,,,,,,,,,
,32,Sub Jail 12 Armour,,,,,,10,0,12,0,12,,,,,,,,,,,,,,,,,,,,,,,,,,,,,,,,,,,,,,,,,,,,,,,,,,,,,,,,,,,,,,,,,,,,,,,,,,,
,33,Sub Jail 13 Yella Reddy NF,,,,,,,,,,0,,,,,,,,,,,,,,,,,,,,,,,,,,,,,,,,,,,,,,,,,,,,,,,,,,,,,,,,,,,,,,,,,,,,,,,,,,,
,34,Sub Jail 14 Luxxettipet,,,,,,25,0,59,0,59,,,,,,,,,,,,,,,,,,,,,,,,,,,,,,,,,,,,,,,,,,,,,,,,,,,,,,,,,,,,,,,,,,,,,,,,,,,
,35,Sub Jail 15 Sirpur NF,,,,,,,,,,0,,,,,,,,,,,,,,,,,,,,,,,,,,,,,,,,,,,,,,,,,,,,,,,,,,,,,,,,,,,,,,,,,,,,,,,,,,,
,36,Sub Jail 16 Chennur NF,,,,,,,,,,0,,,,,,,,,,,,,,,,,,,,,,,,,,,,,,,,,,,,,,,,,,,,,,,,,,,,,,,,,,,,,,,,,,,,,,,,,,,
,37,Sub Jail 17 Huzurabad,,,,,,43,0,36,0,36,,,,,,,,,,,,,,,,,,,,,,,,,,,,,,,,,,,,,,,,,,,,,,,,,,,,,,,,,,,,,,,,,,,,,,,,,,,
,38,Sub Jail 18 Manthani NF,,,,,,,,,,0,,,,,,,,,,,,,,,,,,,,,,,,,,,,,,,,,,,,,,,,,,,,,,,,,,,,,,,,,,,,,,,,,,,,,,,,,,,
,39,Sub Jail 19 Janagon,,,,,,40,0,19,0,19,,,,,,,,,,,,,,,,,,,,,,,,,,,,,,,,,,,,,,,,,,,,,,,,,,,,,,,,,,,,,,,,,,,,,,,,,,,
,40,Sub Jail 20 Narsampet,,,,,,40,0,25,0,25,,,,,,,,,,,,,,,,,,,,,,,,,,,,,,,,,,,,,,,,,,,,,,,,,,,,,,,,,,,,,,,,,,,,,,,,,,,
,41,Sub Jail 21 Parkal (TC) TC,,,,,,40,0,0,0,0,,,,,,,,,,,,,,,,,,,,,,,,,,,,,,,,,,,,,,,,,,,,,,,,,,,,,,,,,,,,,,,,,,,,,,,,,,,
,42,Sub Jail 22 Mahabubabad,,,,,,100,0,31,0,31,,,,,,,,,,,,,,,,,,,,,,,,,,,,,,,,,,,,,,,,,,,,,,,,,,,,,,,,,,,,,,,,,,,,,,,,,,,
,43,Sub Jail 23 Yallandu (TC) TC,,,,,,15,0,0,0,0,,,,,,,,,,,,,,,,,,,,,,,,,,,,,,,,,,,,,,,,,,,,,,,,,,,,,,,,,,,,,,,,,,,,,,,,,,,
,44,Sub Jail 24 Madira,,,,,,24,0,19,0,19,,,,,,,,,,,,,,,,,,,,,,,,,,,,,,,,,,,,,,,,,,,,,,,,,,,,,,,,,,,,,,,,,,,,,,,,,,,
,45,Sub Jail 25 Sathupally,,,,,,40,0,27,0,27,,,,,,,,,,,,,,,,,,,,,,,,,,,,,,,,,,,,,,,,,,,,,,,,,,,,,,,,,,,,,,,,,,,,,,,,,,,
,46,Sub Jail 26 Venkatapuram NF,,,,,,,,,,0,,,,,,,,,,,,,,,,,,,,,,,,,,,,,,,,,,,,,,,,,,,,,,,,,,,,,,,,,,,,,,,,,,,,,,,,,,,
,47,Sub Jail 27 Nr.Kurnool,,,,,,90,0,38,0,38,,,,,,,,,,,,,,,,,,,,,,,,,,,,,,,,,,,,,,,,,,,,,,,,,,,,,,,,,,,,,,,,,,,,,,,,,,,
,48,Sub Jail 28 Kalvakurthy NF,,,,,,,,,,0,,,,,,,,,,,,,,,,,,,,,,,,,,,,,,,,,,,,,,,,,,,,,,,,,,,,,,,,,,,,,,,,,,,,,,,,,,,
,49,Sub Jail 29 Kodangal NF,,,,,,,,,,0,,,,,,,,,,,,,,,,,,,,,,,,,,,,,,,,,,,,,,,,,,,,,,,,,,,,,,,,,,,,,,,,,,,,,,,,,,,
,50,Sub Jail 30 Narayanpet NF,,,,,,,,,,0,,,,,,,,,,,,,,,,,,,,,,,,,,,,,,,,,,,,,,,,,,,,,,,,,,,,,,,,,,,,,,,,,,,,,,,,,,,
,51,Sub Jail 31 Achampet NF,,,,,,,,,,0,,,,,,,,,,,,,,,,,,,,,,,,,,,,,,,,,,,,,,,,,,,,,,,,,,,,,,,,,,,,,,,,,,,,,,,,,,,
,52,Sub Jail 32 Kollapur NF,,,,,,,,,,0,,,,,,,,,,,,,,,,,,,,,,,,,,,,,,,,,,,,,,,,,,,,,,,,,,,,,,,,,,,,,,,,,,,,,,,,,,,
,53,Sub Jail 33 Nandigama,,,,,,23,1,28,0,29,,,,,,,,,,,,,,,,,,,,,,,,,,,,,,,,,,,,,,,,,,,,,,,,,,,,,,,,,,,,,,,,,,,,,,,,,,,
,54,Sub Jail 34 Nuzuvid,,,,,,60,1,49,0,50,,,,,,,,,,,,,,,,,,,,,,,,,,,,,,,,,,,,,,,,,,,,,,,,,,,,,,,,,,,,,,,,,,,,,,,,,,,
,55,Sub Jail 35 Gannavaram,,,,,,17,0,41,0,41,,,,,,,,,,,,,,,,,,,,,,,,,,,,,,,,,,,,,,,,,,,,,,,,,,,,,,,,,,,,,,,,,,,,,,,,,,,
,56,Sub Jail 36 Kaikalur,,,,,,44,1,10,0,11,,,,,,,,,,,,,,,,,,,,,,,,,,,,,,,,,,,,,,,,,,,,,,,,,,,,,,,,,,,,,,,,,,,,,,,,,,,
,57,Sub Jail 37 Gudivada,,,,,,20,2,26,0,28,,,,,,,,,,,,,,,,,,,,,,,,,,,,,,,,,,,,,,,,,,,,,,,,,,,,,,,,,,,,,,,,,,,,,,,,,,,
,58,Sub Jail 38 Avanigadda (TC) TC,,,,,,18,,,,0,,,,,,,,,,,,,,,,,,,,,,,,,,,,,,,,,,,,,,,,,,,,,,,,,,,,,,,,,,,,,,,,,,,,,,,,,,,
,59,Sub Jail 39 Thiruvur,,,,,,30,1,26,0,27,,,,,,,,,,,,,,,,,,,,,,,,,,,,,,,,,,,,,,,,,,,,,,,,,,,,,,,,,,,,,,,,,,,,,,,,,,,
,60,Sub Jail 40 Jagaiahpet,,,,,,23,0,30,0,30,,,,,,,,,,,,,,,,,,,,,,,,,,,,,,,,,,,,,,,,,,,,,,,,,,,,,,,,,,,,,,,,,,,,,,,,,,,
,61,Sub Jail 41 Tenali,,,,,,38,5,15,0,20,,,,,,,,,,,,,,,,,,,,,,,,,,,,,,,,,,,,,,,,,,,,,,,,,,,,,,,,,,,,,,,,,,,,,,,,,,,
,62,Sub Jail 42 Bapatla,,,,,,14,0,15,0,15,,,,,,,,,,,,,,,,,,,,,,,,,,,,,,,,,,,,,,,,,,,,,,,,,,,,,,,,,,,,,,,,,,,,,,,,,,,
,63,Sub Jail 43 Mangalagiri (TC) TC,,,,,,16,,,,0,,,,,,,,,,,,,,,,,,,,,,,,,,,,,,,,,,,,,,,,,,,,,,,,,,,,,,,,,,,,,,,,,,,,,,,,,,,
,64,Sub Jail 44 Vinukonda,,,,,,19,0,21,0,21,,,,,,,,,,,,,,,,,,,,,,,,,,,,,,,,,,,,,,,,,,,,,,,,,,,,,,,,,,,,,,,,,,,,,,,,,,,
,65,Sub Jail 45 Repalle,,,,,,34,0,17,0,17,,,,,,,,,,,,,,,,,,,,,,,,,,,,,,,,,,,,,,,,,,,,,,,,,,,,,,,,,,,,,,,,,,,,,,,,,,,
,66,Sub Jail 46 Sathenapally,,,,,,72,0,52,0,52,,,,,,,,,,,,,,,,,,,,,,,,,,,,,,,,,,,,,,,,,,,,,,,,,,,,,,,,,,,,,,,,,,,,,,,,,,,
,67,Sub Jail 47 Ponnur,,,,,,9,0,9,0,9,,,,,,,,,,,,,,,,,,,,,,,,,,,,,,,,,,,,,,,,,,,,,,,,,,,,,,,,,,,,,,,,,,,,,,,,,,,
,68,Sub Jail 48 T.P.gudm,50,4,45,0,49,,,,,,,,,,,,,,,,,,,,,,,,,,,,,,,,,,,,,,,,,,,,,,,,,,,,,,,,,,,,,,,,,,,,,,,,,,,,,,,,
,69,Sub Jail 49 Narsapuram,45,0,10,0,10,,,,,,,,,,,,,,,,,,,,,,,,,,,,,,,,,,,,,,,,,,,,,,,,,,,,,,,,,,,,,,,,,,,,,,,,,,,,,,,,
,70,Sub Jail 50 Kovvur (TC) TC,25,,,,0,,,,,,,,,,,,,,,,,,,,,,,,,,,,,,,,,,,,,,,,,,,,,,,,,,,,,,,,,,,,,,,,,,,,,,,,,,,,,,,,
,71,Sub Jail 51 Tanuku (TC) TC,26,,,,0,,,,,,,,,,,,,,,,,,,,,,,,,,,,,,,,,,,,,,,,,,,,,,,,,,,,,,,,,,,,,,,,,,,,,,,,,,,,,,,,
,72,Sub Jail 52 Polavaram NF,,,,,0,,,,,,,,,,,,,,,,,,,,,,,,,,,,,,,,,,,,,,,,,,,,,,,,,,,,,,,,,,,,,,,,,,,,,,,,,,,,,,,,
,73,Sub Jail 53 Chintalapudi,13,0,24,0,24,,,,,,,,,,,,,,,,,,,,,,,,,,,,,,,,,,,,,,,,,,,,,,,,,,,,,,,,,,,,,,,,,,,,,,,,,,,,,,,,
,74,Sub Jail 54 Peddapuram,18,0,29,0,29,,,,,,,,,,,,,,,,,,,,,,,,,,,,,,,,,,,,,,,,,,,,,,,,,,,,,,,,,,,,,,,,,,,,,,,,,,,,,,,,
,75,Sub Jail 55 Tuni,16,0,12,0,12,,,,,,,,,,,,,,,,,,,,,,,,,,,,,,,,,,,,,,,,,,,,,,,,,,,,,,,,,,,,,,,,,,,,,,,,,,,,,,,,
,76,Sub Jail 56 R.C.Puram,48,0,36,0,36,,,,,,,,,,,,,,,,,,,,,,,,,,,,,,,,,,,,,,,,,,,,,,,,,,,,,,,,,,,,,,,,,,,,,,,,,,,,,,,,
,77,Sub Jail 57 Pitapuram (TC) TC,15,,,,0,,,,,,,,,,,,,,,,,,,,,,,,,,,,,,,,,,,,,,,,,,,,,,,,,,,,,,,,,,,,,,,,,,,,,,,,,,,,,,,,
,78,Sub Jail 58 Razole (TC) TC,42,,,,0,,,,,,,,,,,,,,,,,,,,,,,,,,,,,,,,,,,,,,,,,,,,,,,,,,,,,,,,,,,,,,,,,,,,,,,,,,,,,,,,
,79,Sub Jail 59 Amalalpuram,48,1,33,0,34,,,,,,,,,,,,,,,,,,,,,,,,,,,,,,,,,,,,,,,,,,,,,,,,,,,,,,,,,,,,,,,,,,,,,,,,,,,,,,,,
,80,Sub Jail 60 Kothapet,12,0,16,0,16,,,,,,,,,,,,,,,,,,,,,,,,,,,,,,,,,,,,,,,,,,,,,,,,,,,,,,,,,,,,,,,,,,,,,,,,,,,,,,,,
,81,Sub Jail 61 Prathipadu,12,0,14,0,14,,,,,,,,,,,,,,,,,,,,,,,,,,,,,,,,,,,,,,,,,,,,,,,,,,,,,,,,,,,,,,,,,,,,,,,,,,,,,,,,
,82,Sub Jail 62 Alamur NF NF,,,,,0,,,,,,,,,,,,,,,,,,,,,,,,,,,,,,,,,,,,,,,,,,,,,,,,,,,,,,,,,,,,,,,,,,,,,,,,,,,,,,,,
,83,Sub Jail 63 Mummadivaram NF NF,,,,,0,,,,,,,,,,,,,,,,,,,,,,,,,,,,,,,,,,,,,,,,,,,,,,,,,,,,,,,,,,,,,,,,,,,,,,,,,,,,,,,,
,84,Sub Jail 64 Rajahmundry NF NF,,,,,0,,,,,,,,,,,,,,,,,,,,,,,,,,,,,,,,,,,,,,,,,,,,,,,,,,,,,,,,,,,,,,,,,,,,,,,,,,,,,,,,
,85,Sub Jail 65 Anakakpally,39,1,15,0,16,,,,,,,,,,,,,,,,,,,,,,,,,,,,,,,,,,,,,,,,,,,,,,,,,,,,,,,,,,,,,,,,,,,,,,,,,,,,,,,,
,86,Sub Jail 66 Yelamanchili (TC) TC,18,,,,0,,,,,,,,,,,,,,,,,,,,,,,,,,,,,,,,,,,,,,,,,,,,,,,,,,,,,,,,,,,,,,,,,,,,,,,,,,,,,,,,
,87,Sub Jail 67 Narsipatnam,35,0,21,0,21,,,,,,,,,,,,,,,,,,,,,,,,,,,,,,,,,,,,,,,,,,,,,,,,,,,,,,,,,,,,,,,,,,,,,,,,,,,,,,,,
,88,Sub Jail 68 Chodavaram,18,0,13,0,13,,,,,,,,,,,,,,,,,,,,,,,,,,,,,,,,,,,,,,,,,,,,,,,,,,,,,,,,,,,,,,,,,,,,,,,,,,,,,,,,
,89,Sub Jail 69 Chintapalli (TC) TC,24,,,,0,,,,,,,,,,,,,,,,,,,,,,,,,,,,,,,,,,,,,,,,,,,,,,,,,,,,,,,,,,,,,,,,,,,,,,,,,,,,,,,,
,90,Sub Jail 70 Bhimunipatnam (TC) TC,24,,,,0,,,,,,,,,,,,,,,,,,,,,,,,,,,,,,,,,,,,,,,,,,,,,,,,,,,,,,,,,,,,,,,,,,,,,,,,,,,,,,,,
,91,Sub Jail 71 Vizianagaram,48,4,45,0,49,,,,,,,,,,,,,,,,,,,,,,,,,,,,,,,,,,,,,,,,,,,,,,,,,,,,,,,,,,,,,,,,,,,,,,,,,,,,,,,,
,92,Sub Jail 72 S.Kota,16,1,16,0,17,,,,,,,,,,,,,,,,,,,,,,,,,,,,,,,,,,,,,,,,,,,,,,,,,,,,,,,,,,,,,,,,,,,,,,,,,,,,,,,,
,93,Sub Jail 73 Parvathypuram,40,0,36,0,36,,,,,,,,,,,,,,,,,,,,,,,,,,,,,,,,,,,,,,,,,,,,,,,,,,,,,,,,,,,,,,,,,,,,,,,,,,,,,,,,
,94,Sub Jail 74 Bobbili,18,0,8,0,8,,,,,,,,,,,,,,,,,,,,,,,,,,,,,,,,,,,,,,,,,,,,,,,,,,,,,,,,,,,,,,,,,,,,,,,,,,,,,,,,
,95,Sub Jail 75 Salur (TC) TC,24,,,,0,,,,,,,,,,,,,,,,,,,,,,,,,,,,,,,,,,,,,,,,,,,,,,,,,,,,,,,,,,,,,,,,,,,,,,,,,,,,,,,,
,96,Sub Jail 76 Cheepurupalli,48,0,24,0,24,,,,,,,,,,,,,,,,,,,,,,,,,,,,,,,,,,,,,,,,,,,,,,,,,,,,,,,,,,,,,,,,,,,,,,,,,,,,,,,,
,97,Sub Jail 77 Palakonda,16,1,16,0,17,,,,,,,,,,,,,,,,,,,,,,,,,,,,,,,,,,,,,,,,,,,,,,,,,,,,,,,,,,,,,,,,,,,,,,,,,,,,,,,,
,98,Sub Jail 78 Narsannapeta,24,1,18,0,19,,,,,,,,,,,,,,,,,,,,,,,,,,,,,,,,,,,,,,,,,,,,,,,,,,,,,,,,,,,,,,,,,,,,,,,,,,,,,,,,
,99,Sub Jail 79 Pathapatnam,21,2,27,0,29,,,,,,,,,,,,,,,,,,,,,,,,,,,,,,,,,,,,,,,,,,,,,,,,,,,,,,,,,,,,,,,,,,,,,,,,,,,,,,,,
,100,Sub Jail 80 Tekkali (TC) TC,20,,,,0,,,,,,,,,,,,,,,,,,,,,,,,,,,,,,,,,,,,,,,,,,,,,,,,,,,,,,,,,,,,,,,,,,,,,,,,,,,,,,,,
,101,Sub Jail 81 Sompet (TC) TC,24,,,,0,,,,,,,,,,,,,,,,,,,,,,,,,,,,,,,,,,,,,,,,,,,,,,,,,,,,,,,,,,,,,,,,,,,,,,,,,,,,,,,,
,102,Sub Jail 82 Ichapuram (TC) TC,28,,,,0,,,,,,,,,,,,,,,,,,,,,,,,,,,,,,,,,,,,,,,,,,,,,,,,,,,,,,,,,,,,,,,,,,,,,,,,,,,,,,,,
,103,Sub Jail 83 Allagadda,28,0,52,0,52,,,,,,,,,,,,,,,,,,,,,,,,,,,,,,,,,,,,,,,,,,,,,,,,,,,,,,,,,,,,,,,,,,,,,,,,,,,,,,,,
,104,Sub Jail 84 Aluru (TC) TC,17,,,,0,,,,,,,,,,,,,,,,,,,,,,,,,,,,,,,,,,,,,,,,,,,,,,,,,,,,,,,,,,,,,,,,,,,,,,,,,,,,,,,,
,105,Sub Jail 85 Dhone,44,0,13,0,13,,,,,,,,,,,,,,,,,,,,,,,,,,,,,,,,,,,,,,,,,,,,,,,,,,,,,,,,,,,,,,,,,,,,,,,,,,,,,,,,
,106,Sub Jail 86 Koilakuntla (TC) TC,42,,,,0,,,,,,,,,,,,,,,,,,,,,,,,,,,,,,,,,,,,,,,,,,,,,,,,,,,,,,,,,,,,,,,,,,,,,,,,,,,,,,,,
,107,Sub Jail 87 Nandikotkur,22,1,34,0,35,,,,,,,,,,,,,,,,,,,,,,,,,,,,,,,,,,,,,,,,,,,,,,,,,,,,,,,,,,,,,,,,,,,,,,,,,,,,,,,,
,108,Sub Jail 88 Pathikonda,48,0,35,0,35,,,,,,,,,,,,,,,,,,,,,,,,,,,,,,,,,,,,,,,,,,,,,,,,,,,,,,,,,,,,,,,,,,,,,,,,,,,,,,,,
,109,Sub Jail 89 Banganapally,28,0,18,0,18,,,,,,,,,,,,,,,,,,,,,,,,,,,,,,,,,,,,,,,,,,,,,,,,,,,,,,,,,,,,,,,,,,,,,,,,,,,,,,,,
,110,Sub Jail 90 Dharmavaram,40,0,56,0,56,,,,,,,,,,,,,,,,,,,,,,,,,,,,,,,,,,,,,,,,,,,,,,,,,,,,,,,,,,,,,,,,,,,,,,,,,,,,,,,,
,111,Sub Jail 91 Hindupr,38,1,40,0,41,,,,,,,,,,,,,,,,,,,,,,,,,,,,,,,,,,,,,,,,,,,,,,,,,,,,,,,,,,,,,,,,,,,,,,,,,,,,,,,,
,112,Sub Jail 92 Kadiri (TC) TC,50,,,,0,,,,,,,,,,,,,,,,,,,,,,,,,,,,,,,,,,,,,,,,,,,,,,,,,,,,,,,,,,,,,,,,,,,,,,,,,,,,,,,,
,113,Sub Jail 93 Kalyandurg,31,1,18,0,19,,,,,,,,,,,,,,,,,,,,,,,,,,,,,,,,,,,,,,,,,,,,,,,,,,,,,,,,,,,,,,,,,,,,,,,,,,,,,,,,
,114,Sub Jail 94 Madakasira (TC) TC,12,,,,0,,,,,,,,,,,,,,,,,,,,,,,,,,,,,,,,,,,,,,,,,,,,,,,,,,,,,,,,,,,,,,,,,,,,,,,,,,,,,,,,
,115,Sub Jail 95 Rayadurga (TC) TC,24,,,,0,,,,,,,,,,,,,,,,,,,,,,,,,,,,,,,,,,,,,,,,,,,,,,,,,,,,,,,,,,,,,,,,,,,,,,,,,,,,,,,,
,116,Sub Jail 96 Penukonda,23,1,20,0,21,,,,,,,,,,,,,,,,,,,,,,,,,,,,,,,,,,,,,,,,,,,,,,,,,,,,,,,,,,,,,,,,,,,,,,,,,,,,,,,,
,117,Sub Jail 97 Thadipatri,69,1,31,0,32,,,,,,,,,,,,,,,,,,,,,,,,,,,,,,,,,,,,,,,,,,,,,,,,,,,,,,,,,,,,,,,,,,,,,,,,,,,,,,,,
,118,Sub Jail 98 Uravakonda,23,0,14,0,14,,,,,,,,,,,,,,,,,,,,,,,,,,,,,,,,,,,,,,,,,,,,,,,,,,,,,,,,,,,,,,,,,,,,,,,,,,,,,,,,
,119,Sub Jail 99 Proddutur,77,0,68,0,68,,,,,,,,,,,,,,,,,,,,,,,,,,,,,,,,,,,,,,,,,,,,,,,,,,,,,,,,,,,,,,,,,,,,,,,,,,,,,,,,
,120,Sub Jail 100 Jammalamadugu,29,0,19,0,19,,,,,,,,,,,,,,,,,,,,,,,,,,,,,,,,,,,,,,,,,,,,,,,,,,,,,,,,,,,,,,,,,,,,,,,,,,,,,,,,
,121,Sub Jail 101 Pulivendula,23,0,15,0,15,,,,,,,,,,,,,,,,,,,,,,,,,,,,,,,,,,,,,,,,,,,,,,,,,,,,,,,,,,,,,,,,,,,,,,,,,,,,,,,,
,122,Sub Jail 102 Rajampet (TC) TC,36,,,,0,,,,,,,,,,,,,,,,,,,,,,,,,,,,,,,,,,,,,,,,,,,,,,,,,,,,,,,,,,,,,,,,,,,,,,,,,,,,,,,,
,123,Sub Jail 103 Kamalapuram,53,0,46,0,46,,,,,,,,,,,,,,,,,,,,,,,,,,,,,,,,,,,,,,,,,,,,,,,,,,,,,,,,,,,,,,,,,,,,,,,,,,,,,,,,
,124,Sub Jail 104 Badvel,35,0,14,0,14,,,,,,,,,,,,,,,,,,,,,,,,,,,,,,,,,,,,,,,,,,,,,,,,,,,,,,,,,,,,,,,,,,,,,,,,,,,,,,,,
,125,Sub Jail 105 Rayachoti,37,0,32,0,32,,,,,,,,,,,,,,,,,,,,,,,,,,,,,,,,,,,,,,,,,,,,,,,,,,,,,,,,,,,,,,,,,,,,,,,,,,,,,,,,
,126,Sub Jail 106 Palamneru,14,0,38,0,38,,,,,,,,,,,,,,,,,,,,,,,,,,,,,,,,,,,,,,,,,,,,,,,,,,,,,,,,,,,,,,,,,,,,,,,,,,,,,,,,
,127,Sub Jail 107 Pileru,60,0,24,0,24,,,,,,,,,,,,,,,,,,,,,,,,,,,,,,,,,,,,,,,,,,,,,,,,,,,,,,,,,,,,,,,,,,,,,,,,,,,,,,,,
,128,Sub Jail 108 Srikalahasti,32,0,17,0,17,,,,,,,,,,,,,,,,,,,,,,,,,,,,,,,,,,,,,,,,,,,,,,,,,,,,,,,,,,,,,,,,,,,,,,,,,,,,,,,,
,129,Sub Jail 109 Puttur (TC) TC,18,,,,0,,,,,,,,,,,,,,,,,,,,,,,,,,,,,,,,,,,,,,,,,,,,,,,,,,,,,,,,,,,,,,,,,,,,,,,,,,,,,,,,
,130,Sub Jail 110 Satyavedu,15,0,36,0,36,,,,,,,,,,,,,,,,,,,,,,,,,,,,,,,,,,,,,,,,,,,,,,,,,,,,,,,,,,,,,,,,,,,,,,,,,,,,,,,,
,131,Sub Jail 111 Valmikipuram (TC) TC,18,,,,0,,,,,,,,,,,,,,,,,,,,,,,,,,,,,,,,,,,,,,,,,,,,,,,,,,,,,,,,,,,,,,,,,,,,,,,,,,,,,,,,
,132,Sub Jail 112 Chandragiri NF,,,,,0,,,,,,,,,,,,,,,,,,,,,,,,,,,,,,,,,,,,,,,,,,,,,,,,,,,,,,,,,,,,,,,,,,,,,,,,,,,,,,,,
,133,Sub Jail 113 Kavali,63,0,24,0,24,,,,,,,,,,,,,,,,,,,,,,,,,,,,,,,,,,,,,,,,,,,,,,,,,,,,,,,,,,,,,,,,,,,,,,,,,,,,,,,,
,134,Sub Jail 114 Atmakur,32,0,20,0,20,,,,,,,,,,,,,,,,,,,,,,,,,,,,,,,,,,,,,,,,,,,,,,,,,,,,,,,,,,,,,,,,,,,,,,,,,,,,,,,,
,135,Sub Jail 115 Sullurpet NF,,,,,0,,,,,,,,,,,,,,,,,,,,,,,,,,,,,,,,,,,,,,,,,,,,,,,,,,,,,,,,,,,,,,,,,,,,,,,,,,,,,,,,
,136,Sub Jail 116 Venkatagiri NF,,,,,0,,,,,,,,,,,,,,,,,,,,,,,,,,,,,,,,,,,,,,,,,,,,,,,,,,,,,,,,,,,,,,,,,,,,,,,,,,,,,,,,
,137,Sub Jail 117 Markapur,55,0,38,0,38,,,,,,,,,,,,,,,,,,,,,,,,,,,,,,,,,,,,,,,,,,,,,,,,,,,,,,,,,,,,,,,,,,,,,,,,,,,,,,,,
,138,Sub Jail 118 Darsi,24,0,29,0,29,,,,,,,,,,,,,,,,,,,,,,,,,,,,,,,,,,,,,,,,,,,,,,,,,,,,,,,,,,,,,,,,,,,,,,,,,,,,,,,,
,139,Sub Jail 119 Kandupur NF,,,,,0,,,,,,,,,,,,,,,,,,,,,,,,,,,,,,,,,,,,,,,,,,,,,,,,,,,,,,,,,,,,,,,,,,,,,,,,,,,,,,,,
,140,Sub Jail 120 Kanigiri NF,,,,,0,,,,,,,,,,,,,,,,,,,,,,,,,,,,,,,,,,,,,,,,,,,,,,,,,,,,,,,,,,,,,,,,,,,,,,,,,,,,,,,,
,141,Sub Jail 121 Giddalur NF,,,,,0,,,,,,,,,,,,,,,,,,,,,,,,,,,,,,,,,,,,,,,,,,,,,,,,,,,,,,,,,,,,,,,,,,,,,,,,,,,,,,,,
,142,Sub Jail 122 Podili NF,,,,,0,,,,,,,,,,,,,,,,,,,,,,,,,,,,,,,,,,,,,,,,,,,,,,,,,,,,,,,,,,,,,,,,,,,,,,,,,,,,,,,,
,143,Sub Jail 123 Yerragondapalem NF,,,,,0,,,,,,,,,,,,,,,,,,,,,,,,,,,,,,,,,,,,,,,,,,,,,,,,,,,,,,,,,,,,,,,,,,,,,,,,,,,,,,,,
,144,Spl Prison for Women 1 Hyderabad,220,109,93,0,202,,,,,,,,,,,,,,,,,,,,,,,,,,,,,,,,,,,,,,,,,,,,,,,,,,,,,,,,,,,,,,,,,,,,,,,,,,,,,,,,
,145,Spl Prison for Women 2 Rajahmundry,160,60,46,1,107,,,,,,,,,,,,,,,,,,,,,,,,,,,,,,,,,,,,,,,,,,,,,,,,,,,,,,,,,,,,,,,,,,,,,,,,,,,,,,,,
ANDHRA PRADESH – BORSTAL SCHOOLS,146,Borstal School 1 Nizamabad,93,5,0,0,5,,,,,,,,,,,,,,,,,,,,,,,,,,,,,,,,,,,,,,,,,,,,,,,,,,,,,,,,,,,,,,,,,,,,,,,,,,,,,,,,
ANDHRA PRADESH – OPEN JAILS,147,Prisoners Agricultural 1 Cherlapalli Colony,195,113,0,0,113,,,,,,,,,,,,,,,,,,,,,,,,,,,,,,,,,,,,,,,,,,,,,,,,,,,,,,,,,,,,,,,,,,,,,,,,,,,,,,,,
ANDHRA PRADESH – OPEN JAILS,148,Prisoners Agricultural 2 Anantapur Colony,235,201,0,0,201,,,,,,,,,,,,,,,,,,,,,,,,,,,,,,,,,,,,,,,,,,,,,,,,,,,,,,,,,,,,,,,,,,,,,,,,,,,,,,,,
ANDHRA PRADESH – SPECIAL JAILS,149,Special Sub Jail 1 Asifabad,66,0,70,0,70,,,,,,,,,,,,,,,,,,,,,,,,,,,,,,,,,,,,,,,,,,,,,,,,,,,,,,,,,,,,,,,,,,,,,,,,,,,,,,,,
ANDHRA PRADESH – SPECIAL JAILS,150,Special Sub Jail 2 Nirmal,38,1,43,0,44,,,,,,,,,,,,,,,,,,,,,,,,,,,,,,,,,,,,,,,,,,,,,,,,,,,,,,,,,,,,,,,,,,,,,,,,,,,,,,,,
ANDHRA PRADESH – SPECIAL JAILS,151,Special Sub Jail 3 Jagtial,54,0,92,0,92,,,,,,,,,,,,,,,,,,,,,,,,,,,,,,,,,,,,,,,,,,,,,,,,,,,,,,,,,,,,,,,,,,,,,,,,,,,,,,,,
ANDHRA PRADESH – SPECIAL JAILS,152,Special Sub Jail 4 Badrachalam,70,0,96,0,96,,,,,,,,,,,,,,,,,,,,,,,,,,,,,,,,,,,,,,,,,,,,,,,,,,,,,,,,,,,,,,,,,,,,,,,,,,,,,,,,
ANDHRA PRADESH – SPECIAL JAILS,153,Special Sub Jail 5 Machilipatnam,90,1,72,0,73,,,,,,,,,,,,,,,,,,,,,,,,,,,,,,,,,,,,,,,,,,,,,,,,,,,,,,,,,,,,,,,,,,,,,,,,,,,,,,,,
ANDHRA PRADESH – SPECIAL JAILS,154,Special Sub Jail 6 Narsaraopet,100,0,43,0,43,,,,,,,,,,,,,,,,,,,,,,,,,,,,,,,,,,,,,,,,,,,,,,,,,,,,,,,,,,,,,,,,,,,,,,,,,,,,,,,,
ANDHRA PRADESH – SPECIAL JAILS,155,Special Sub Jail 7 Eluru,122,0,99,0,99,,,,,,,,,,,,,,,,,,,,,,,,,,,,,,,,,,,,,,,,,,,,,,,,,,,,,,,,,,,,,,,,,,,,,,,,,,,,,,,,
ANDHRA PRADESH – SPECIAL JAILS,156,Special Sub Jail 8 Gurajala,64,3,48,,51,,,,,,,,,,,,,,,,,,,,,,,,,,,,,,,,,,,,,,,,,,,,,,,,,,,,,,,,,,,,,,,,,,,,,,,,,,,,,,,,
ANDHRA PRADESH – SPECIAL JAILS,157,Special Sub Jail 9 Bheemavaram,70,2,57,0,59,,,,,,,,,,,,,,,,,,,,,,,,,,,,,,,,,,,,,,,,,,,,,,,,,,,,,,,,,,,,,,,,,,,,,,,,,,,,,,,,
ANDHRA PRADESH – SPECIAL JAILS,158,Special Sub Jail 10 Kakinada,100,4,38,0,42,,,,,,,,,,,,,,,,,,,,,,,,,,,,,,,,,,,,,,,,,,,,,,,,,,,,,,,,,,,,,,,,,,,,,,,,,,,,,,,,
ANDHRA PRADESH – SPECIAL JAILS,159,Special Sub Jail 11 Kurnool,50,1,45,0,46,,,,,,,,,,,,,,,,,,,,,,,,,,,,,,,,,,,,,,,,,,,,,,,,,,,,,,,,,,,,,,,,,,,,,,,,,,,,,,,,
ANDHRA PRADESH – SPECIAL JAILS,160,Special Sub Jail 12 Adoni,55,0,65,0,65,,,,,,,,,,,,,,,,,,,,,,,,,,,,,,,,,,,,,,,,,,,,,,,,,,,,,,,,,,,,,,,,,,,,,,,,,,,,,,,,
ANDHRA PRADESH – SPECIAL JAILS,161,Special Sub Jail 13 Nandyal,36,1,35,,36,,,,,,,,,,,,,,,,,,,,,,,,,,,,,,,,,,,,,,,,,,,,,,,,,,,,,,,,,,,,,,,,,,,,,,,,,,,,,,,,
ANDHRA PRADESH – SPECIAL JAILS,162,Special Sub Jail 14 Gooty TC,,,,,0,,,,,,,,,,,,,,,,,,,,,,,,,,,,,,,,,,,,,,,,,,,,,,,,,,,,,,,,,,,,,,,,,,,,,,,,,,,,,,,,
ANDHRA PRADESH – SPECIAL JAILS,163,Special Sub Jail 15 Tirupathi,120,6,117,0,123,,,,,,,,,,,,,,,,,,,,,,,,,,,,,,,,,,,,,,,,,,,,,,,,,,,,,,,,,,,,,,,,,,,,,,,,,,,,,,,,
ANDHRA PRADESH – SPECIAL JAILS,164,Special Sub Jail 16 Madanapalli,110,0,70,0,70,,,,,,,,,,,,,,,,,,,,,,,,,,,,,,,,,,,,,,,,,,,,,,,,,,,,,,,,,,,,,,,,,,,,,,,,,,,,,,,,
ANDHRA PRADESH – SPECIAL JAILS,165,Special Sub Jail 17 Guduru,56,0,56,0,56,,,,,,,,,,,,,,,,,,,,,,,,,,,,,,,,,,,,,,,,,,,,,,,,,,,,,,,,,,,,,,,,,,,,,,,,,,,,,,,,
ARUNACHAL PRADESH – DISTRICT JAILS,166,District Jail Jully 1 Itanagar,56,5,66,0,71,,,,,,,,,,,,,,,,,,,,,,,,,,,,,,,,,,,,,,,,,,,,,,,,,,,,,,,,,,,,,,,,,,,,,,,,,,,,,,,,
ARUNACHAL PRADESH – DISTRICT JAILS,167,"District Jail Tezu 2 Tezu, Lohit District NF",56,,,,0,,,,,,,,,,,,,,,,,,,,,,,,,,,,,,,,,,,,,,,,,,,,,,,,,,,,,,,,,,,,,,,,,,,,,,,,,,,,,,,,
ARUNACHAL PRADESH – SUB JAILS,168,Changlang District Sub Jail Changlang 1 NF Changlang,24,,,,0,,,,,,,,,,,,,,,,,,,,,,,,,,,,,,,,,,,,,,,,,,,,,,,,,,,,,,,,,,,,,,,,,,,,,,,,,,,,,,,,
ARUNACHAL PRADESH – SUB JAILS,169,Sub Jail Khonsa 2 Khonsa District Tirap NF,24,,,,0,,,,,,,,,,,,,,,,,,,,,,,,,,,,,,,,,,,,,,,,,,,,,,,,,,,,,,,,,,,,,,,,,,,,,,,,,,,,,,,,
,170,Sub Jail Longding 3 NF Longding,24,,,,0,,,,,,,,,,,,,,,,,,,,,,,,,,,,,,,,,,,,,,,,,,,,,,,,,,,,,,,,,,,,,,,,,,,,,,,,,,,,,,,,
,171,Koloriang District Sub Jail Koloriang 4 NF Kurungkumey,24,,,,0,,,,,,,,,,,,,,,,,,,,,,,,,,,,,,,,,,,,,,,,,,,,,,,,,,,,,,,,,,,,,,,,,,,,,,,,,,,,,,,,
,172,Pasighat District East Sub Jail Pasighat 5 NF Siang,24,,,,0,,,,,,,,,,,,,,,,,,,,,,,,,,,,,,,,,,,,,,,,,,,,,,,,,,,,,,,,,,,,,,,,,,,,,,,,,,,,,,,,
,173,Along District West Sub Jail Along 6 NF Siang,24,,,,0,,,,,,,,,,,,,,,,,,,,,,,,,,,,,,,,,,,,,,,,,,,,,,,,,,,,,,,,,,,,,,,,,,,,,,,,,,,,,,,,
,174,Yingkiong District Sub Jail Yingkiong 7 NF Yinkiong,24,,,,0,,,,,,,,,,,,,,,,,,,,,,,,,,,,,,,,,,,,,,,,,,,,,,,,,,,,,,,,,,,,,,,,,,,,,,,,,,,,,,,,
ASSAM – CENTRAL JAILS,175,"Guwahati, Sarusajai, Central Jail Guwahati 1 Distt Kamrup",1000,201,792,7,1000,,,,,,,,,,,,,,,,,,,,,,,,,,,,,,,,,,,,,,,,,,,,,,,,,,,,,,,,,,,,,,,,,,,,,,,,,,,,,,,,
ASSAM – CENTRAL JAILS,176,"Central Jail Tezpur 2 Tezpur, Dist Sonitpur",747,181,265,2,448,,,,,,,,,,,,,,,,,,,,,,,,,,,,,,,,,,,,,,,,,,,,,,,,,,,,,,,,,,,,,,,,,,,,,,,,,,,,,,,,
ASSAM – CENTRAL JAILS,177,"Central Jail Silchar 3 Silchar, Distt. Cachar",429,188,222,14,424,,,,,,,,,,,,,,,,,,,,,,,,,,,,,,,,,,,,,,,,,,,,,,,,,,,,,,,,,,,,,,,,,,,,,,,,,,,,,,,,
ASSAM – CENTRAL JAILS,178,Dibrugarh Distt. Central Jail Dibrugarh 4 Dibrugarh,680,247,347,4,598,,,,,,,,,,,,,,,,,,,,,,,,,,,,,,,,,,,,,,,,,,,,,,,,,,,,,,,,,,,,,,,,,,,,,,,,,,,,,,,,
ASSAM – CENTRAL JAILS,179,"Central Jail Jorhat 5 Jorhat, Distt. Jorhat",670,302,235,1,538,,,,,,,,,,,,,,,,,,,,,,,,,,,,,,,,,,,,,,,,,,,,,,,,,,,,,,,,,,,,,,,,,,,,,,,,,,,,,,,,
ASSAM – CENTRAL JAILS,180,Central Jail Nagaon 6 Nagaon Distt. Nagaon,424,112,320,1,433,,,,,,,,,,,,,,,,,,,,,,,,,,,,,,,,,,,,,,,,,,,,,,,,,,,,,,,,,,,,,,,,,,,,,,,,,,,,,,,,
ASSAM – DISTRICT JAILS,181,"District Jail Nalbari 1 Nalbari, Distt. Nalbari",155,84,193,1,278,,,,,,,,,,,,,,,,,,,,,,,,,,,,,,,,,,,,,,,,,,,,,,,,,,,,,,,,,,,,,,,,,,,,,,,,,,,,,,,,
ASSAM – DISTRICT JAILS,182,"District Jail Barpeta 2 Barpeta, Distt. Barpeta",213,92,238,2,332,,,,,,,,,,,,,,,,,,,,,,,,,,,,,,,,,,,,,,,,,,,,,,,,,,,,,,,,,,,,,,,,,,,,,,,,,,,,,,,,
ASSAM – DISTRICT JAILS,183,Kokrajhar Distt. District Jail Kokrajhar 3 Kokrajhar,225,59,222,40,321,,,,,,,,,,,,,,,,,,,,,,,,,,,,,,,,,,,,,,,,,,,,,,,,,,,,,,,,,,,,,,,,,,,,,,,,,,,,,,,,
ASSAM – DISTRICT JAILS,184,District Jail Dhubri 4 Dhubri Distt. Dhubri,221,81,160,0,241,,,,,,,,,,,,,,,,,,,,,,,,,,,,,,,,,,,,,,,,,,,,,,,,,,,,,,,,,,,,,,,,,,,,,,,,,,,,,,,,
ASSAM – DISTRICT JAILS,185,Goalpara Distt. District Jail Goalpara 5 Goalpara,270,99,198,62,359,,,,,,,,,,,,,,,,,,,,,,,,,,,,,,,,,,,,,,,,,,,,,,,,,,,,,,,,,,,,,,,,,,,,,,,,,,,,,,,,
ASSAM – DISTRICT JAILS,186,Mangaldoi Distt. District Jail Mangaldoi 6 Darrang,172,140,216,1,357,,,,,,,,,,,,,,,,,,,,,,,,,,,,,,,,,,,,,,,,,,,,,,,,,,,,,,,,,,,,,,,,,,,,,,,,,,,,,,,,
ASSAM – DISTRICT JAILS,187,Hailakandi Distt. District Jail Hailakandi 7 Hailakandi,58,64,29,0,93,,,,,,,,,,,,,,,,,,,,,,,,,,,,,,,,,,,,,,,,,,,,,,,,,,,,,,,,,,,,,,,,,,,,,,,,,,,,,,,,
ASSAM – DISTRICT JAILS,188,Karimganj Distt. District Jail Karimganj 8 Karimganj,154,105,142,1,248,,,,,,,,,,,,,,,,,,,,,,,,,,,,,,,,,,,,,,,,,,,,,,,,,,,,,,,,,,,,,,,,,,,,,,,,,,,,,,,,
ASSAM – DISTRICT JAILS,189,District Jail North North Lakhimpur Distt. 9 Lakhimpur North Lakhimpur,202,139,138,6,283,,,,,,,,,,,,,,,,,,,,,,,,,,,,,,,,,,,,,,,,,,,,,,,,,,,,,,,,,,,,,,,,,,,,,,,,,,,,,,,,
ASSAM – DISTRICT JAILS,190,Sivasagar Distt. District Jail Sivasagar 10,300,181,392,3,576,,,,,,,,,,,,,,,,,,,,,,,,,,,,,,,,,,,,,,,,,,,,,,,,,,,,,,,,,,,,,,,,,,,,,,,,,,,,,,,,
,191,District Jail Golaghat 11 Golaghat,198,128,259,0,387,,,,,,,,,,,,,,,,,,,,,,,,,,,,,,,,,,,,,,,,,,,,,,,,,,,,,,,,,,,,,,,,,,,,,,,,,,,,,,,,
,192,District Jail Majuli 12 Majuli Distt. Majuli,55,7,29,0,36,,,,,,,,,,,,,,,,,,,,,,,,,,,,,,,,,,,,,,,,,,,,,,,,,,,,,,,,,,,,,,,,,,,,,,,,,,,,,,,,
,193,Abhayapuri Distt. District Jail Abhayapuri 13 Bongaigaon,50,28,76,0,104,,,,,,,,,,,,,,,,,,,,,,,,,,,,,,,,,,,,,,,,,,,,,,,,,,,,,,,,,,,,,,,,,,,,,,,,,,,,,,,,
,194,Diphu Distt. Karbi District Jail Diphu 14 Anglong,260,74,350,1,425,,,,,,,,,,,,,,,,,,,,,,,,,,,,,,,,,,,,,,,,,,,,,,,,,,,,,,,,,,,,,,,,,,,,,,,,,,,,,,,,
,195,Hamren Distt. Karbi District Jail Hamren 15 Anglong,40,9,27,0,36,,,,,,,,,,,,,,,,,,,,,,,,,,,,,,,,,,,,,,,,,,,,,,,,,,,,,,,,,,,,,,,,,,,,,,,,,,,,,,,,
,196,District Jail Biswanath Distt. Biswanath 16 Cahriali Chariali,94,104,145,1,250,,,,,,,,,,,,,,,,,,,,,,,,,,,,,,,,,,,,,,,,,,,,,,,,,,,,,,,,,,,,,,,,,,,,,,,,,,,,,,,,
,197,District Jail Dhemaji 17 Dhemaji Distt. Dhemaji,130,82,145,0,227,,,,,,,,,,,,,,,,,,,,,,,,,,,,,,,,,,,,,,,,,,,,,,,,,,,,,,,,,,,,,,,,,,,,,,,,,,,,,,,,
,198,Morigaon Distt. District Jail Morigaon 18 Morigaon,252,122,86,1,209,,,,,,,,,,,,,,,,,,,,,,,,,,,,,,,,,,,,,,,,,,,,,,,,,,,,,,,,,,,,,,,,,,,,,,,,,,,,,,,,
,199,District Jail Sonari 19 Sonari Distt. Sonari,50,27,0,0,27,,,,,,,,,,,,,,,,,,,,,,,,,,,,,,,,,,,,,,,,,,,,,,,,,,,,,,,,,,,,,,,,,,,,,,,,,,,,,,,,
,200,District Jail Tinsukia 20 Tinsukia Distt. Tinsukia,375,161,293,1,455,,,,,,,,,,,,,,,,,,,,,,,,,,,,,,,,,,,,,,,,,,,,,,,,,,,,,,,,,,,,,,,,,,,,,,,,,,,,,,,,
,201,District Jail Sadiya 21 Sadiya Distt. Sadiya,50,25,6,0,31,,,,,,,,,,,,,,,,,,,,,,,,,,,,,,,,,,,,,,,,,,,,,,,,,,,,,,,,,,,,,,,,,,,,,,,,,,,,,,,,
ASSAM – SUB JAILS,202,"Sub Jail Haflong 1 Haflong, N.G. Hills",32,1,78,0,79,,,,,,,,,,,,,,,,,,,,,,,,,,,,,,,,,,,,,,,,,,,,,,,,,,,,,,,,,,,,,,,,,,,,,,,,,,,,,,,,
ASSAM – OPEN JAILS,203,"Open Air Jail Jorhat 1 Jorhat, Distt. Jorhat",100,31,0,0,31,,,,,,,,,,,,,,,,,,,,,,,,,,,,,,,,,,,,,,,,,,,,,,,,,,,,,,,,,,,,,,,,,,,,,,,,,,,,,,,,
ASSAM – SPECIAL JAILS,204,Special Jail Nagaon 1 Nagaon Distt. Nagaon,372,67,147,3,217,,,,,,,,,,,,,,,,,,,,,,,,,,,,,,,,,,,,,,,,,,,,,,,,,,,,,,,,,,,,,,,,,,,,,,,,,,,,,,,,
BIHAR – CENTRAL JAILS,205,Model Central Jail 1 Beur Patna,2360,309,1775,7,2091,,,,,,,,,,,,,,,,,,,,,,,,,,,,,,,,,,,,,,,,,,,,,,,,,,,,,,,,,,,,,,,,,,,,,,,,,,,,,,,,
BIHAR – CENTRAL JAILS,206,S.KR.B. Central Jail 2 Muzaffarpur,1135,365,1030,0,1395,,,,,,,,,,,,,,,,,,,,,,,,,,,,,,,,,,,,,,,,,,,,,,,,,,,,,,,,,,,,,,,,,,,,,,,,,,,,,,,,
BIHAR – CENTRAL JAILS,207,Central Jail 3 Buxar,1126,327,292,0,619,,,,,,,,,,,,,,,,,,,,,,,,,,,,,,,,,,,,,,,,,,,,,,,,,,,,,,,,,,,,,,,,,,,,,,,,,,,,,,,,
BIHAR – CENTRAL JAILS,208,Special Central Jail 4 Bhagalpur,3288,561,359,1,921,,,,,,,,,,,,,,,,,,,,,,,,,,,,,,,,,,,,,,,,,,,,,,,,,,,,,,,,,,,,,,,,,,,,,,,,,,,,,,,,
BIHAR – CENTRAL JAILS,209,S.J.S.C. Jail 5 Bhagalpur,1962,390,558,0,948,,,,,,,,,,,,,,,,,,,,,,,,,,,,,,,,,,,,,,,,,,,,,,,,,,,,,,,,,,,,,,,,,,,,,,,,,,,,,,,,
BIHAR – CENTRAL JAILS,210,Central Jail 6 Gaya,1478,284,1181,1,1466,,,,,,,,,,,,,,,,,,,,,,,,,,,,,,,,,,,,,,,,,,,,,,,,,,,,,,,,,,,,,,,,,,,,,,,,,,,,,,,,
BIHAR – CENTRAL JAILS,211,Central Jail 7 Motihari,1687,214,1188,3,1405,,,,,,,,,,,,,,,,,,,,,,,,,,,,,,,,,,,,,,,,,,,,,,,,,,,,,,,,,,,,,,,,,,,,,,,,,,,,,,,,
BIHAR – CENTRAL JAILS,212,Central Jail 8 Purnea,812,201,724,0,925,,,,,,,,,,,,,,,,,,,,,,,,,,,,,,,,,,,,,,,,,,,,,,,,,,,,,,,,,,,,,,,,,,,,,,,,,,,,,,,,
,213,District Jail 1 Bettia,623,34,701,1,736,,,,,,,,,,,,,,,,,,,,,,,,,,,,,,,,,,,,,,,,,,,,,,,,,,,,,,,,,,,,,,,,,,,,,,,,,,,,,,,,
,214,District Jail 2 Sitamarhi,286,33,543,0,576,,,,,,,,,,,,,,,,,,,,,,,,,,,,,,,,,,,,,,,,,,,,,,,,,,,,,,,,,,,,,,,,,,,,,,,,,,,,,,,,
,215,District Jail 3 Hajipur,753,72,531,1,604,,,,,,,,,,,,,,,,,,,,,,,,,,,,,,,,,,,,,,,,,,,,,,,,,,,,,,,,,,,,,,,,,,,,,,,,,,,,,,,,
,216,District Jail 4 Madhubani,621,42,482,0,524,,,,,,,,,,,,,,,,,,,,,,,,,,,,,,,,,,,,,,,,,,,,,,,,,,,,,,,,,,,,,,,,,,,,,,,,,,,,,,,,
,217,District Jail 5 Darbhanga,665,22,235,0,257,,,,,,,,,,,,,,,,,,,,,,,,,,,,,,,,,,,,,,,,,,,,,,,,,,,,,,,,,,,,,,,,,,,,,,,,,,,,,,,,
,218,District Jail 6 Samastipur,1184,45,490,10,545,,,,,,,,,,,,,,,,,,,,,,,,,,,,,,,,,,,,,,,,,,,,,,,,,,,,,,,,,,,,,,,,,,,,,,,,,,,,,,,,
,219,District Jail 7 Katihar,779,10,516,2,528,,,,,,,,,,,,,,,,,,,,,,,,,,,,,,,,,,,,,,,,,,,,,,,,,,,,,,,,,,,,,,,,,,,,,,,,,,,,,,,,
,220,District Jail 8 Nawada,218,27,378,0,405,,,,,,,,,,,,,,,,,,,,,,,,,,,,,,,,,,,,,,,,,,,,,,,,,,,,,,,,,,,,,,,,,,,,,,,,,,,,,,,,
,221,District Jail 9 Arrah,664,109,789,0,898,,,,,,,,,,,,,,,,,,,,,,,,,,,,,,,,,,,,,,,,,,,,,,,,,,,,,,,,,,,,,,,,,,,,,,,,,,,,,,,,
,222,District Jail 10 Bhabhua,85,28,325,0,353,,,,,,,,,,,,,,,,,,,,,,,,,,,,,,,,,,,,,,,,,,,,,,,,,,,,,,,,,,,,,,,,,,,,,,,,,,,,,,,,
,223,District Jail 11 Sheikhpura,288,15,154,0,169,,,,,,,,,,,,,,,,,,,,,,,,,,,,,,,,,,,,,,,,,,,,,,,,,,,,,,,,,,,,,,,,,,,,,,,,,,,,,,,,
,224,District Jail 12 Biharsharif,739,61,467,0,528,,,,,,,,,,,,,,,,,,,,,,,,,,,,,,,,,,,,,,,,,,,,,,,,,,,,,,,,,,,,,,,,,,,,,,,,,,,,,,,,
,225,Camp District Jail 13 Phulwarisharif,700,72,435,0,507,,,,,,,,,,,,,,,,,,,,,,,,,,,,,,,,,,,,,,,,,,,,,,,,,,,,,,,,,,,,,,,,,,,,,,,,,,,,,,,,
,226,District Jail 14 Madhepura,99,37,429,1,467,,,,,,,,,,,,,,,,,,,,,,,,,,,,,,,,,,,,,,,,,,,,,,,,,,,,,,,,,,,,,,,,,,,,,,,,,,,,,,,,
,227,District Jail 15 Saharsa,557,73,464,0,537,,,,,,,,,,,,,,,,,,,,,,,,,,,,,,,,,,,,,,,,,,,,,,,,,,,,,,,,,,,,,,,,,,,,,,,,,,,,,,,,
,228,District Jail 16 Chapra,674,55,865,0,920,,,,,,,,,,,,,,,,,,,,,,,,,,,,,,,,,,,,,,,,,,,,,,,,,,,,,,,,,,,,,,,,,,,,,,,,,,,,,,,,
,229,District Jail 17 Begusarai,957,55,768,5,828,,,,,,,,,,,,,,,,,,,,,,,,,,,,,,,,,,,,,,,,,,,,,,,,,,,,,,,,,,,,,,,,,,,,,,,,,,,,,,,,
,230,District Jail 18 Sasaram,970,59,608,0,667,,,,,,,,,,,,,,,,,,,,,,,,,,,,,,,,,,,,,,,,,,,,,,,,,,,,,,,,,,,,,,,,,,,,,,,,,,,,,,,,
,231,District Jail 19 Kishanganj,221,1,235,4,240,,,,,,,,,,,,,,,,,,,,,,,,,,,,,,,,,,,,,,,,,,,,,,,,,,,,,,,,,,,,,,,,,,,,,,,,,,,,,,,,
,232,District Jail 20 Aurangabad,309,32,432,1,465,,,,,,,,,,,,,,,,,,,,,,,,,,,,,,,,,,,,,,,,,,,,,,,,,,,,,,,,,,,,,,,,,,,,,,,,,,,,,,,,
,233,District Jail 21 Gopalganj,550,14,446,0,460,,,,,,,,,,,,,,,,,,,,,,,,,,,,,,,,,,,,,,,,,,,,,,,,,,,,,,,,,,,,,,,,,,,,,,,,,,,,,,,,
,234,District Jail 22 Supaul,138,10,237,0,247,,,,,,,,,,,,,,,,,,,,,,,,,,,,,,,,,,,,,,,,,,,,,,,,,,,,,,,,,,,,,,,,,,,,,,,,,,,,,,,,
,235,District Jail 23 Munger,614,26,511,17,554,,,,,,,,,,,,,,,,,,,,,,,,,,,,,,,,,,,,,,,,,,,,,,,,,,,,,,,,,,,,,,,,,,,,,,,,,,,,,,,,
,236,District Jail 24 Lakhisarai,571,35,355,17,407,,,,,,,,,,,,,,,,,,,,,,,,,,,,,,,,,,,,,,,,,,,,,,,,,,,,,,,,,,,,,,,,,,,,,,,,,,,,,,,,
,237,District Jail 25 Araria,162,17,565,0,582,,,,,,,,,,,,,,,,,,,,,,,,,,,,,,,,,,,,,,,,,,,,,,,,,,,,,,,,,,,,,,,,,,,,,,,,,,,,,,,,
,238,District Jail 26 Siwan,684,52,360,0,412,,,,,,,,,,,,,,,,,,,,,,,,,,,,,,,,,,,,,,,,,,,,,,,,,,,,,,,,,,,,,,,,,,,,,,,,,,,,,,,,
,239,District Jail 27 Khagaria,783,33,565,2,600,,,,,,,,,,,,,,,,,,,,,,,,,,,,,,,,,,,,,,,,,,,,,,,,,,,,,,,,,,,,,,,,,,,,,,,,,,,,,,,,
,240,District Jail 28 Jamuai,188,25,321,0,346,,,,,,,,,,,,,,,,,,,,,,,,,,,,,,,,,,,,,,,,,,,,,,,,,,,,,,,,,,,,,,,,,,,,,,,,,,,,,,,,
,241,District Jail 29 Banka,732,62,281,0,343,,,,,,,,,,,,,,,,,,,,,,,,,,,,,,,,,,,,,,,,,,,,,,,,,,,,,,,,,,,,,,,,,,,,,,,,,,,,,,,,
,242,District Jail 30 Jehanabad,230,47,462,0,509,,,,,,,,,,,,,,,,,,,,,,,,,,,,,,,,,,,,,,,,,,,,,,,,,,,,,,,,,,,,,,,,,,,,,,,,,,,,,,,,
BIHAR – SUB JAILS,243,Sub Jail 1 Bagha,481,16,257,0,273,,,,,,,,,,,,,,,,,,,,,,,,,,,,,,,,,,,,,,,,,,,,,,,,,,,,,,,,,,,,,,,,,,,,,,,,,,,,,,,,
BIHAR – SUB JAILS,244,Sub Jail 2 Benipur,215,2,109,0,111,,,,,,,,,,,,,,,,,,,,,,,,,,,,,,,,,,,,,,,,,,,,,,,,,,,,,,,,,,,,,,,,,,,,,,,,,,,,,,,,
BIHAR – SUB JAILS,245,Sub Jail 3 Rosra,242,13,212,0,225,,,,,,,,,,,,,,,,,,,,,,,,,,,,,,,,,,,,,,,,,,,,,,,,,,,,,,,,,,,,,,,,,,,,,,,,,,,,,,,,
BIHAR – SUB JAILS,246,Sub Jail 4 Jhanjharpur,120,2,105,0,107,,,,,,,,,,,,,,,,,,,,,,,,,,,,,,,,,,,,,,,,,,,,,,,,,,,,,,,,,,,,,,,,,,,,,,,,,,,,,,,,
BIHAR – SUB JAILS,247,Sub Jail 5 Dalsinghsarai,164,3,85,0,88,,,,,,,,,,,,,,,,,,,,,,,,,,,,,,,,,,,,,,,,,,,,,,,,,,,,,,,,,,,,,,,,,,,,,,,,,,,,,,,,
BIHAR – SUB JAILS,248,Sub Jail 6 Navgachia,957,56,768,0,824,,,,,,,,,,,,,,,,,,,,,,,,,,,,,,,,,,,,,,,,,,,,,,,,,,,,,,,,,,,,,,,,,,,,,,,,,,,,,,,,
BIHAR – SUB JAILS,249,Sub Jail 7 Hilsa,210,17,370,0,387,,,,,,,,,,,,,,,,,,,,,,,,,,,,,,,,,,,,,,,,,,,,,,,,,,,,,,,,,,,,,,,,,,,,,,,,,,,,,,,,
,250,Sub Jail 8 Birpur,130,0,92,0,92,,,,,,,,,,,,,,,,,,,,,,,,,,,,,,,,,,,,,,,,,,,,,,,,,,,,,,,,,,,,,,,,,,,,,,,,,,,,,,,,
,251,Sub Jail 9 Masaurhi,180,1,155,0,156,,,,,,,,,,,,,,,,,,,,,,,,,,,,,,,,,,,,,,,,,,,,,,,,,,,,,,,,,,,,,,,,,,,,,,,,,,,,,,,,
,252,Sub Jail 10 Patnacity,37,0,132,0,132,,,,,,,,,,,,,,,,,,,,,,,,,,,,,,,,,,,,,,,,,,,,,,,,,,,,,,,,,,,,,,,,,,,,,,,,,,,,,,,,
,253,Sub Jail 11 Barh,167,24,432,0,456,,,,,,,,,,,,,,,,,,,,,,,,,,,,,,,,,,,,,,,,,,,,,,,,,,,,,,,,,,,,,,,,,,,,,,,,,,,,,,,,
,254,Sub Jail 12 Danapur,87,6,206,212,424,,,,,,,,,,,,,,,,,,,,,,,,,,,,,,,,,,,,,,,,,,,,,,,,,,,,,,,,,,,,,,,,,,,,,,,,,,,,,,,,
,255,Sub Jail 13 Buxar,69,1,94,0,95,,,,,,,,,,,,,,,,,,,,,,,,,,,,,,,,,,,,,,,,,,,,,,,,,,,,,,,,,,,,,,,,,,,,,,,,,,,,,,,,
,256,Sub Jail 14 Sherghati,250,2,261,0,263,,,,,,,,,,,,,,,,,,,,,,,,,,,,,,,,,,,,,,,,,,,,,,,,,,,,,,,,,,,,,,,,,,,,,,,,,,,,,,,,
,257,Sub Jail 15 Bikramganj,307,7,159,0,166,,,,,,,,,,,,,,,,,,,,,,,,,,,,,,,,,,,,,,,,,,,,,,,,,,,,,,,,,,,,,,,,,,,,,,,,,,,,,,,,
,258,Sub Jail 16 Daudnagar,560,0,138,0,138,,,,,,,,,,,,,,,,,,,,,,,,,,,,,,,,,,,,,,,,,,,,,,,,,,,,,,,,,,,,,,,,,,,,,,,,,,,,,,,,
BIHAR – WOMEN JAILS,259,W.D.J. Bhagalpur 1 Bhagalpur,83,36,35,0,71,,,,,,,,,,,,,,,,,,,,,,,,,,,,,,,,,,,,,,,,,,,,,,,,,,,,,,,,,,,,,,,,,,,,,,,,,,,,,,,,
BIHAR – OPEN JAILS,260,Open Jail 1 Buxar,104,66,0,0,66,,,,,,,,,,,,,,,,,,,,,,,,,,,,,,,,,,,,,,,,,,,,,,,,,,,,,,,,,,,,,,,,,,,,,,,,,,,,,,,,
CHHATTISGARH – CENTRAL JAILS,261,Central Jail Raipur 1 District Raipur,1130,1512,1010,1,2523,,,,,,,,,,,,,,,,,,,,,,,,,,,,,,,,,,,,,,,,,,,,,,,,,,,,,,,,,,,,,,,,,,,,,,,,,,,,,,,,
CHHATTISGARH – CENTRAL JAILS,262,Central Jail Bilaspur 2 District Bilaspur,948,1619,866,6,2491,,,,,,,,,,,,,,,,,,,,,,,,,,,,,,,,,,,,,,,,,,,,,,,,,,,,,,,,,,,,,,,,,,,,,,,,,,,,,,,,
CHHATTISGARH – CENTRAL JAILS,263,Central Jail Jagdalpur 3 District Jagdalpur,629,617,990,0,1607,,,,,,,,,,,,,,,,,,,,,,,,,,,,,,,,,,,,,,,,,,,,,,,,,,,,,,,,,,,,,,,,,,,,,,,,,,,,,,,,
CHHATTISGARH – CENTRAL JAILS,264,Central Jail Ambikapur 4 District Ambikapur,873,1196,650,2,1848,,,,,,,,,,,,,,,,,,,,,,,,,,,,,,,,,,,,,,,,,,,,,,,,,,,,,,,,,,,,,,,,,,,,,,,,,,,,,,,,
CHHATTISGARH – CENTRAL JAILS,265,Central Jail Durg 5 District Durg,396,781,695,4,1480,,,,,,,,,,,,,,,,,,,,,,,,,,,,,,,,,,,,,,,,,,,,,,,,,,,,,,,,,,,,,,,,,,,,,,,,,,,,,,,,
CHHATTISGARH – DISTRICT JAILS,266,District Jail 1 Distt. Raigarh,225,30,525,0,555,,,,,,,,,,,,,,,,,,,,,,,,,,,,,,,,,,,,,,,,,,,,,,,,,,,,,,,,,,,,,,,,,,,,,,,,,,,,,,,,
CHHATTISGARH – DISTRICT JAILS,267,District Jail 2 Distt. Rajnandgaon,116,12,204,5,221,,,,,,,,,,,,,,,,,,,,,,,,,,,,,,,,,,,,,,,,,,,,,,,,,,,,,,,,,,,,,,,,,,,,,,,,,,,,,,,,
CHHATTISGARH – DISTRICT JAILS,268,District Jail 3 Distt. Korba,110,12,250,0,262,,,,,,,,,,,,,,,,,,,,,,,,,,,,,,,,,,,,,,,,,,,,,,,,,,,,,,,,,,,,,,,,,,,,,,,,,,,,,,,,
CHHATTISGARH – DISTRICT JAILS,269,District Jail 4 Distt. Baikunthpur,148,2,79,0,81,,,,,,,,,,,,,,,,,,,,,,,,,,,,,,,,,,,,,,,,,,,,,,,,,,,,,,,,,,,,,,,,,,,,,,,,,,,,,,,,
CHHATTISGARH – DISTRICT JAILS,270,District Jail 5 Distt. Jashpur,190,30,336,1,367,,,,,,,,,,,,,,,,,,,,,,,,,,,,,,,,,,,,,,,,,,,,,,,,,,,,,,,,,,,,,,,,,,,,,,,,,,,,,,,,
CHHATTISGARH – DISTRICT JAILS,271,District Jail 6 Distt. Kanker,65,7,271,0,278,,,,,,,,,,,,,,,,,,,,,,,,,,,,,,,,,,,,,,,,,,,,,,,,,,,,,,,,,,,,,,,,,,,,,,,,,,,,,,,,
CHHATTISGARH – DISTRICT JAILS,272,District Jail 7 Distt. Dantewara,150,3,610,0,613,,,,,,,,,,,,,,,,,,,,,,,,,,,,,,,,,,,,,,,,,,,,,,,,,,,,,,,,,,,,,,,,,,,,,,,,,,,,,,,,
CHHATTISGARH – DISTRICT JAILS,273,District Jail 8 Distt. Janjgir,70,13,269,1,283,,,,,,,,,,,,,,,,,,,,,,,,,,,,,,,,,,,,,,,,,,,,,,,,,,,,,,,,,,,,,,,,,,,,,,,,,,,,,,,,
CHHATTISGARH – DISTRICT JAILS,274,District Jail 9 Distt. Dhamtari,50,45,112,0,157,,,,,,,,,,,,,,,,,,,,,,,,,,,,,,,,,,,,,,,,,,,,,,,,,,,,,,,,,,,,,,,,,,,,,,,,,,,,,,,,
CHHATTISGARH – DISTRICT JAILS,275,District Jail 10 Distt. Mahasamund,70,37,275,2,314,,,,,,,,,,,,,,,,,,,,,,,,,,,,,,,,,,,,,,,,,,,,,,,,,,,,,,,,,,,,,,,,,,,,,,,,,,,,,,,,
CHHATTISGARH – SUB JAILS,276,"Tah.-Pendra Road, Sub Jail Pendra Road 1 Distt. Bilaspur",50,0,159,0,159,,,,,,,,,,,,,,,,,,,,,,,,,,,,,,,,,,,,,,,,,,,,,,,,,,,,,,,,,,,,,,,,,,,,,,,,,,,,,,,,
CHHATTISGARH – SUB JAILS,277,Sub Jail 2 Distt. Sanjari Balod,70,9,78,1,88,,,,,,,,,,,,,,,,,,,,,,,,,,,,,,,,,,,,,,,,,,,,,,,,,,,,,,,,,,,,,,,,,,,,,,,,,,,,,,,,
,279,Sub Jail 4 Rajnandganv,,,,,,,,,,,70,0,93,0,93,,,,,,,,,,,,,,,,,,,,,,,,,,,,,,,,,,,,,,,,,,,,,,,,,,,,,,,,,,,,,,,,,,,,,,
,280,Sub Jail 5 Distt. Gariyaband,,,,,,,,,,,50,5,80,0,85,,,,,,,,,,,,,,,,,,,,,,,,,,,,,,,,,,,,,,,,,,,,,,,,,,,,,,,,,,,,,,,,,,,,,,
,281,"Tah.-Katghora, Distt. Sub Jail 6 Korba",,,,,,,,,,,50,1,155,1,157,,,,,,,,,,,,,,,,,,,,,,,,,,,,,,,,,,,,,,,,,,,,,,,,,,,,,,,,,,,,,,,,,,,,,,
,282,"Tah.-Bemetara, Distt. Sub Jail 7 Durg",,,,,,,,,,,50,3,152,0,155,,,,,,,,,,,,,,,,,,,,,,,,,,,,,,,,,,,,,,,,,,,,,,,,,,,,,,,,,,,,,,,,,,,,,,
,283,"Distt. Ramanujganj, Sub Jail 8 Balrampur",,,,,,,,,,,50,10,275,0,285,,,,,,,,,,,,,,,,,,,,,,,,,,,,,,,,,,,,,,,,,,,,,,,,,,,,,,,,,,,,,,,,,,,,,,
,284,"Tah.-Surajpur, Distt. Sub Jail 9 Ambikapur",,,,,,,,,,,70,0,167,0,167,,,,,,,,,,,,,,,,,,,,,,,,,,,,,,,,,,,,,,,,,,,,,,,,,,,,,,,,,,,,,,,,,,,,,,
,285,Sub Jail 10 Distt. Manendragarh,,,,,,,,,,,50,2,134,0,136,,,,,,,,,,,,,,,,,,,,,,,,,,,,,,,,,,,,,,,,,,,,,,,,,,,,,,,,,,,,,,,,,,,,,,
,286,"Tah.-Sarangarh, Distt. Sub Jail 11 Raigarh",,,,,,,,,,,50,0,56,0,56,,,,,,,,,,,,,,,,,,,,,,,,,,,,,,,,,,,,,,,,,,,,,,,,,,,,,,,,,,,,,,,,,,,,,,
,287,"Tah.-Kabirdham, Distt. Sub Jail 12 Kawardha",,,,,,,,,,,50,4,157,0,161,,,,,,,,,,,,,,,,,,,,,,,,,,,,,,,,,,,,,,,,,,,,,,,,,,,,,,,,,,,,,,,,,,,,,,
,288,Sub Jail 13 Distt. Sukma,,,,,,,,,,,50,0,0,0,0,,,,,,,,,,,,,,,,,,,,,,,,,,,,,,,,,,,,,,,,,,,,,,,,,,,,,,,,,,,,,,,,,,,,,,
,289,Sub Jail 14 Distt. Narayanpur GOA – CENTRAL JAILS,,,,,,,,,,,50,0,0,0,0,,,,,,,,,,,,,,,,,,,,,,,,,,,,,,,,,,,,,,,,,,,,,,,,,,,,,,,,,,,,,,,,,,,,,,
,290,"Central Jail 1 Aguada, Goa GOA – SUB JAILS",,,,,,,,,,,125,118,3,0,121,,,,,,,,,,,,,,,,,,,,,,,,,,,,,,,,,,,,,,,,,,,,,,,,,,,,,,,,,,,,,,,,,,,,,,
,291,"Sub-Jail cum Judicial 1 Sada, Vasco, Goa Lock-up",,,,,,,,,,,200,22,270,0,292,,,,,,,,,,,,,,,,,,,,,,,,,,,,,,,,,,,,,,,,,,,,,,,,,,,,,,,,,,,,,,,,,,,,,,
,292,"GOA – OTHER JAILS Judicial Lock-up 1 Mapusa, Goa GUJARAT – CENTRAL JAILS",,,,,,,,,,,45,0,60,0,60,,,,,,,,,,,,,,,,,,,,,,,,,,,,,,,,,,,,,,,,,,,,,,,,,,,,,,,,,,,,,,,,,,,,,,
,293,"Ahmedabad Central 1 Sabarmati, Ahmedabad Prison",,,,,,,,,,,2586,1405,1359,82,2846,,,,,,,,,,,,,,,,,,,,,,,,,,,,,,,,,,,,,,,,,,,,,,,,,,,,,,,,,,,,,,,,,,,,,,
,294,"Opp. Narmada Vadodara Central Prison 2 Bhawan, Indira Avenue Road, Vadodara",,,,,,,,,,,955,1228,541,34,1803,,,,,,,,,,,,,,,,,,,,,,,,,,,,,,,,,,,,,,,,,,,,,,,,,,,,,,,,,,,,,,,,,,,,,,
,295,"At. Lajpore, Surat Lajpore (Surat) Central 3 Navsari Road, Dist. Prison Surat",,,,,,,,,,,2967,466,1014,67,1547,,,,,,,,,,,,,,,,,,,,,,,,,,,,,,,,,,,,,,,,,,,,,,,,,,,,,,,,,,,,,,,,,,,,,,
,296,"Rajkot Central Prison 4 Popatpara Road, Rajkot",,,,,,,,,,,1232,726,343,104,1173,,,,,,,,,,,,,,,,,,,,,,,,,,,,,,,,,,,,,,,,,,,,,,,,,,,,,,,,,,,,,,,,,,,,,,
,297,Junagadh District Prison 1 Junagadh,265,83,331,22,436,,,,,,,,,,,,,,,,,,,,,,,,,,,,,,,,,,,,,,,,,,,,,,,,,,,,,,,,,,,,,,,,,,,,,,,,,,,,,,,,
,298,"Nr. 'A' Div. Police Bhavnagar District Prison 2 Station, Bhavnagar",320,40,283,31,354,,,,,,,,,,,,,,,,,,,,,,,,,,,,,,,,,,,,,,,,,,,,,,,,,,,,,,,,,,,,,,,,,,,,,,,,,,,,,,,,
,299,"Nr. Pavan Chakki, Jamnagar District Prison 3 Jamnagar",466,56,439,30,525,,,,,,,,,,,,,,,,,,,,,,,,,,,,,,,,,,,,,,,,,,,,,,,,,,,,,,,,,,,,,,,,,,,,,,,,,,,,,,,,
,300,"At & PO. Bilodara, Ta. Nadiad District Prison 4 Nadiad, Dist. Kheda",275,46,276,6,328,,,,,,,,,,,,,,,,,,,,,,,,,,,,,,,,,,,,,,,,,,,,,,,,,,,,,,,,,,,,,,,,,,,,,,,,,,,,,,,,
,301,"Nr. Police HQ, Palanpur District Prison 5 Palanpur, Dist. Banaskantha",268,15,311,6,332,,,,,,,,,,,,,,,,,,,,,,,,,,,,,,,,,,,,,,,,,,,,,,,,,,,,,,,,,,,,,,,,,,,,,,,,,,,,,,,,
,302,"Mehsana District Prison 6 Jail Road, Mehsana",244,29,225,9,263,,,,,,,,,,,,,,,,,,,,,,,,,,,,,,,,,,,,,,,,,,,,,,,,,,,,,,,,,,,,,,,,,,,,,,,,,,,,,,,,
,303,"Amreli District Jail 7 Tarwadi, Amreli GUJARAT – SUB JAILS",264,5,164,0,169,,,,,,,,,,,,,,,,,,,,,,,,,,,,,,,,,,,,,,,,,,,,,,,,,,,,,,,,,,,,,,,,,,,,,,,,,,,,,,,,
,304,"Tagore Baugh Road, Surendranagar Sub Jail 1 Surendranagar",125,8,192,1,201,,,,,,,,,,,,,,,,,,,,,,,,,,,,,,,,,,,,,,,,,,,,,,,,,,,,,,,,,,,,,,,,,,,,,,,,,,,,,,,,
,305,"Bharuch Sub Jail 2 Mahamdpura, Bharuch Nr. Police Line, Kwant",205,30,195,2,227,,,,,,,,,,,,,,,,,,,,,,,,,,,,,,,,,,,,,,,,,,,,,,,,,,,,,,,,,,,,,,,,,,,,,,,,,,,,,,,,
,306,"Road, Ta. Chhotaudepur Sub Jail 3 Chhotaudepur, Dist. Vadodara",107,6,76,4,86,,,,,,,,,,,,,,,,,,,,,,,,,,,,,,,,,,,,,,,,,,,,,,,,,,,,,,,,,,,,,,,,,,,,,,,,,,,,,,,,
,307,"Nr. Old Bus Stand, Soni Rajpipla Sub Jail 4 Bazar, Distt. Narmada",94,3,17,3,23,,,,,,,,,,,,,,,,,,,,,,,,,,,,,,,,,,,,,,,,,,,,,,,,,,,,,,,,,,,,,,,,,,,,,,,,,,,,,,,,
,308,"Nr Police HQ, Himatnagar Sub Jail 5 Himatnagar, Dist. Sabarkantha",123,19,114,4,137,,,,,,,,,,,,,,,,,,,,,,,,,,,,,,,,,,,,,,,,,,,,,,,,,,,,,,,,,,,,,,,,,,,,,,,,,,,,,,,,
,309,"Lunicui Ground, Navsari Sub Jail 6 Navsari",230,25,246,4,275,,,,,,,,,,,,,,,,,,,,,,,,,,,,,,,,,,,,,,,,,,,,,,,,,,,,,,,,,,,,,,,,,,,,,,,,,,,,,,,,
,310,"Nr. Police Station, Morbi Sub Jail 7 Morbi, Distt. Rajkot",176,1,84,3,88,,,,,,,,,,,,,,,,,,,,,,,,,,,,,,,,,,,,,,,,,,,,,,,,,,,,,,,,,,,,,,,,,,,,,,,,,,,,,,,,
,311,"Gondal Sub Jail 8 Gondal, Distt. Rajkot",150,4,91,2,97,,,,,,,,,,,,,,,,,,,,,,,,,,,,,,,,,,,,,,,,,,,,,,,,,,,,,,,,,,,,,,,,,,,,,,,,,,,,,,,,
,312,"Modasa, Distt. Modasa Sub Jail 9 Sabarkantha",100,3,44,0,47,,,,,,,,,,,,,,,,,,,,,,,,,,,,,,,,,,,,,,,,,,,,,,,,,,,,,,,,,,,,,,,,,,,,,,,,,,,,,,,,
,313,"Nr. Town Police Godhra Sub Jail 10 Station, Godhra, Distt.",165,22,130,2,154,,,,,,,,,,,,,,,,,,,,,,,,,,,,,,,,,,,,,,,,,,,,,,,,,,,,,,,,,,,,,,,,,,,,,,,,,,,,,,,,
,317,Porbandar Special Prison 1 Porbandar,,,,,,,,,,,,,,,,120,11,128,14,153,,,,,,,,,,,,,,,,,,,,,,,,,,,,,,,,,,,,,,,,,,,,,,,,,,,,,,,,,,,,,,,,,
,318,"Palara (Bhuj) Special Khavda Road, Distt., 2 Prison Kutchh-Bhuj",,,,,,,,,,,,,,,,530,49,329,51,429,,,,,,,,,,,,,,,,,,,,,,,,,,,,,,,,,,,,,,,,,,,,,,,,,,,,,,,,,,,,,,,,,
HARYANA – CENTRAL JAILS,319,"Ambala City, Ambala - Ambala Central Jail 1 134003",,,,,,,,,,,,,,,,1228,496,750,0,1246,,,,,,,,,,,,,,,,,,,,,,,,,,,,,,,,,,,,,,,,,,,,,,,,,,,,,,,,,,,,,,,,,
HARYANA – CENTRAL JAILS,320,"Dabra Chowk, Hisar - Hisar Central Jail 2 125001",,,,,,,,,,,,,,,,1020,679,950,0,1629,,,,,,,,,,,,,,,,,,,,,,,,,,,,,,,,,,,,,,,,,,,,,,,,,,,,,,,,,,,,,,,,,
HARYANA – WOMEN JAILS,321,"Rajgarh Road, Hisar - Borstal Jail Hisar 1 125001",,,,,,,,,,,,,,,,355,96,222,0,318,,,,,,,,,,,,,,,,,,,,,,,,,,,,,,,,,,,,,,,,,,,,,,,,,,,,,,,,,,,,,,,,,
HARYANA – DISTRICT JAILS,322,"Vill. Sunaria, Rohtak - Rohtak District Jail 1 124001",,,,,,,,,,,,,,,,1300,257,959,0,1216,,,,,,,,,,,,,,,,,,,,,,,,,,,,,,,,,,,,,,,,,,,,,,,,,,,,,,,,,,,,,,,,,
HARYANA – DISTRICT JAILS,323,"Asandh Road, Karnal - Karnal District Jail 2 132001",,,,,,,,,,,,,,,,2434,1048,1278,0,2326,,,,,,,,,,,,,,,,,,,,,,,,,,,,,,,,,,,,,,,,,,,,,,,,,,,,,,,,,,,,,,,,,
HARYANA – DISTRICT JAILS,324,"Vill. Bhondsi, Gurgaon- Gurgaon District Jail 3 122102",,,,,,,,,,,,,,,,2412,916,1174,0,2090,,,,,,,,,,,,,,,,,,,,,,,,,,,,,,,,,,,,,,,,,,,,,,,,,,,,,,,,,,,,,,,,,
HARYANA – DISTRICT JAILS,325,"Hansi Road, Bhiwani- Bhiwani District Jail 4 127021",,,,,,,,,,,,,,,,561,456,482,0,938,,,,,,,,,,,,,,,,,,,,,,,,,,,,,,,,,,,,,,,,,,,,,,,,,,,,,,,,,,,,,,,,,
HARYANA – DISTRICT JAILS,326,"Barnala Road, Sirsa- Sirsa District Jail 5 125055",,,,,,,,,,,,,,,,567,327,387,0,714,,,,,,,,,,,,,,,,,,,,,,,,,,,,,,,,,,,,,,,,,,,,,,,,,,,,,,,,,,,,,,,,,
HARYANA – DISTRICT JAILS,327,"Near Court Complex, Sonepat District Jail 6 Sonepat-131001",,,,,,,,,,,,,,,,363,119,656,0,775,,,,,,,,,,,,,,,,,,,,,,,,,,,,,,,,,,,,,,,,,,,,,,,,,,,,,,,,,,,,,,,,,
HARYANA – DISTRICT JAILS,328,"Near Police Line, Jind- Jind District Jail 7",,,,,,,,,,,,,,,,400,271,314,0,585,,,,,,,,,,,,,,,,,,,,,,,,,,,,,,,,,,,,,,,,,,,,,,,,,,,,,,,,,,,,,,,,,
,329,Kurukshetra District Jail 8 Kurukshetra-132118,446,213,320,0,533,,,,,,,,,,,,,,,,,,,,,,,,,,,,,,,,,,,,,,,,,,,,,,,,,,,,,,,,,,,,,,,,,,,,,,,,,,,,,,,,
,330,"Mohindergarh road, Narnaul District Jail 9 Narnaul-123001",299,243,384,0,627,,,,,,,,,,,,,,,,,,,,,,,,,,,,,,,,,,,,,,,,,,,,,,,,,,,,,,,,,,,,,,,,,,,,,,,,,,,,,,,,
,331,"Court Complex, Rewari- Rewari District Jail 10 123401",30,11,69,0,80,,,,,,,,,,,,,,,,,,,,,,,,,,,,,,,,,,,,,,,,,,,,,,,,,,,,,,,,,,,,,,,,,,,,,,,,,,,,,,,,
,332,"Siwan Gate, Kaithal- Kaithal District Jail 11 136027",700,228,220,0,448,,,,,,,,,,,,,,,,,,,,,,,,,,,,,,,,,,,,,,,,,,,,,,,,,,,,,,,,,,,,,,,,,,,,,,,,,,,,,,,,
,333,"Vill. Neemka Faridabad District Jail 12 Ballabgarh, Faridabad- 121001",2500,640,985,0,1625,,,,,,,,,,,,,,,,,,,,,,,,,,,,,,,,,,,,,,,,,,,,,,,,,,,,,,,,,,,,,,,,,,,,,,,,,,,,,,,,
,334,"Bilaspur Road, Yamunanagar District Jail 13 Jagadhari, Yamuna Nagar-135001",1200,291,366,0,657,,,,,,,,,,,,,,,,,,,,,,,,,,,,,,,,,,,,,,,,,,,,,,,,,,,,,,,,,,,,,,,,,,,,,,,,,,,,,,,,
,335,"Court Complex, Palwal District Jail 14 Mathura Road, Palwal- 121102",40,0,36,0,36,,,,,,,,,,,,,,,,,,,,,,,,,,,,,,,,,,,,,,,,,,,,,,,,,,,,,,,,,,,,,,,,,,,,,,,,,,,,,,,,
,336,"Court Complex, Panipat District Jail 15 Panipat-132103",35,2,48,0,50,,,,,,,,,,,,,,,,,,,,,,,,,,,,,,,,,,,,,,,,,,,,,,,,,,,,,,,,,,,,,,,,,,,,,,,,,,,,,,,,
,337,"Vill. Dulina, Jhajjar Jhajjar District Jail 16 Gurgoan Road, PO Silani-124103",1074,177,420,0,597,,,,,,,,,,,,,,,,,,,,,,,,,,,,,,,,,,,,,,,,,,,,,,,,,,,,,,,,,,,,,,,,,,,,,,,,,,,,,,,,
HIMACHAL PRADESH – CENTRAL JAILS,338,"Model Central Jail 1 Kanda, District Shimla",358,277,95,0,372,,,,,,,,,,,,,,,,,,,,,,,,,,,,,,,,,,,,,,,,,,,,,,,,,,,,,,,,,,,,,,,,,,,,,,,,,,,,,,,,
HIMACHAL PRADESH – CENTRAL JAILS,339,"Model Central Jail 2 Nahan, District Sirmaur HIMACHAL PRADESH – DISTRICT JAILS",398,309,58,0,367,,,,,,,,,,,,,,,,,,,,,,,,,,,,,,,,,,,,,,,,,,,,,,,,,,,,,,,,,,,,,,,,,,,,,,,,,,,,,,,,
HIMACHAL PRADESH – CENTRAL JAILS,340,"Dharamshala, Distt. District Jail Dharmashala 1 Kangra",265,146,116,0,262,,,,,,,,,,,,,,,,,,,,,,,,,,,,,,,,,,,,,,,,,,,,,,,,,,,,,,,,,,,,,,,,,,,,,,,,,,,,,,,,
HIMACHAL PRADESH – CENTRAL JAILS,341,"District Jail Chamba 2 Chamba, Distt. Chamba",52,45,39,0,84,,,,,,,,,,,,,,,,,,,,,,,,,,,,,,,,,,,,,,,,,,,,,,,,,,,,,,,,,,,,,,,,,,,,,,,,,,,,,,,,
HIMACHAL PRADESH – CENTRAL JAILS,342,"HIMACHAL PRADESH – SUB JAILS Sub Jail 1 Bilaspur, Distt. Bilaspur",84,44,50,0,94,,,,,,,,,,,,,,,,,,,,,,,,,,,,,,,,,,,,,,,,,,,,,,,,,,,,,,,,,,,,,,,,,,,,,,,,,,,,,,,,
HIMACHAL PRADESH – CENTRAL JAILS,343,"Hamirpur, Distt. Sub Jail 2 Hamirpur",47,13,32,0,45,,,,,,,,,,,,,,,,,,,,,,,,,,,,,,,,,,,,,,,,,,,,,,,,,,,,,,,,,,,,,,,,,,,,,,,,,,,,,,,,
HIMACHAL PRADESH – CENTRAL JAILS,344,"Sub Jail 3 Mandi, Distt. Mandi",95,21,96,0,117,,,,,,,,,,,,,,,,,,,,,,,,,,,,,,,,,,,,,,,,,,,,,,,,,,,,,,,,,,,,,,,,,,,,,,,,,,,,,,,,
HIMACHAL PRADESH – CENTRAL JAILS,345,"Sub Jail 4 Kullu, Distt. Kullu",33,3,35,0,38,,,,,,,,,,,,,,,,,,,,,,,,,,,,,,,,,,,,,,,,,,,,,,,,,,,,,,,,,,,,,,,,,,,,,,,,,,,,,,,,
HIMACHAL PRADESH – CENTRAL JAILS,346,"Sub Jail 5 Solan, Distt. Solan",72,8,58,0,66,,,,,,,,,,,,,,,,,,,,,,,,,,,,,,,,,,,,,,,,,,,,,,,,,,,,,,,,,,,,,,,,,,,,,,,,,,,,,,,,
HIMACHAL PRADESH – CENTRAL JAILS,347,"Sub Jail 6 Kaithu, Distt. Shimla",55,6,66,0,72,,,,,,,,,,,,,,,,,,,,,,,,,,,,,,,,,,,,,,,,,,,,,,,,,,,,,,,,,,,,,,,,,,,,,,,,,,,,,,,,
HIMACHAL PRADESH – CENTRAL JAILS,348,"Sub Jail 7 Una, Distt. Una",28,5,34,0,39,,,,,,,,,,,,,,,,,,,,,,,,,,,,,,,,,,,,,,,,,,,,,,,,,,,,,,,,,,,,,,,,,,,,,,,,,,,,,,,,
HIMACHAL PRADESH – CENTRAL JAILS,349,"Sub Jail 8 Nurpur, Distt. Kangra",29,4,41,0,45,,,,,,,,,,,,,,,,,,,,,,,,,,,,,,,,,,,,,,,,,,,,,,,,,,,,,,,,,,,,,,,,,,,,,,,,,,,,,,,,
,352,Central Jail 1 Jammu,,,,,,,,,,,,,,,,,,,,,920,164,199,73,436,,,,,,,,,,,,,,,,,,,,,,,,,,,,,,,,,,,,,,,,,,,,,,,,,,,,,,,,,,,,
,353,Central Jail 2 Srinagar,,,,,,,,,,,,,,,,,,,,,360,38,422,32,492,,,,,,,,,,,,,,,,,,,,,,,,,,,,,,,,,,,,,,,,,,,,,,,,,,,,,,,,,,,,
JAMMU & KASHMIR – DISTRICT JAILS,354,District Jail 1 Jammu,,,,,,,,,,,,,,,,,,,,,450,111,379,21,511,,,,,,,,,,,,,,,,,,,,,,,,,,,,,,,,,,,,,,,,,,,,,,,,,,,,,,,,,,,,
JAMMU & KASHMIR – DISTRICT JAILS,355,District Jail 2 Kathua,,,,,,,,,,,,,,,,,,,,,300,5,93,13,111,,,,,,,,,,,,,,,,,,,,,,,,,,,,,,,,,,,,,,,,,,,,,,,,,,,,,,,,,,,,
JAMMU & KASHMIR – DISTRICT JAILS,356,District Jail 3 Udhampur,,,,,,,,,,,,,,,,,,,,,250,12,252,2,266,,,,,,,,,,,,,,,,,,,,,,,,,,,,,,,,,,,,,,,,,,,,,,,,,,,,,,,,,,,,
JAMMU & KASHMIR – DISTRICT JAILS,357,District Jail 4 Poonch,,,,,,,,,,,,,,,,,,,,,136,7,137,5,149,,,,,,,,,,,,,,,,,,,,,,,,,,,,,,,,,,,,,,,,,,,,,,,,,,,,,,,,,,,,
JAMMU & KASHMIR – DISTRICT JAILS,358,District Jail 5 Baramulla,,,,,,,,,,,,,,,,,,,,,120,1,187,3,191,,,,,,,,,,,,,,,,,,,,,,,,,,,,,,,,,,,,,,,,,,,,,,,,,,,,,,,,,,,,
JAMMU & KASHMIR – DISTRICT JAILS,359,District Jail 6 Rajouri,,,,,,,,,,,,,,,,,,,,,100,3,102,1,106,,,,,,,,,,,,,,,,,,,,,,,,,,,,,,,,,,,,,,,,,,,,,,,,,,,,,,,,,,,,
JAMMU & KASHMIR – DISTRICT JAILS,360,District Jail 7 Kupwara,,,,,,,,,,,,,,,,,,,,,100,0,35,8,43,,,,,,,,,,,,,,,,,,,,,,,,,,,,,,,,,,,,,,,,,,,,,,,,,,,,,,,,,,,,
JAMMU & KASHMIR – DISTRICT JAILS,361,District Jail 8 Anantnag,,,,,,,,,,,,,,,,,,,,,60,0,73,0,73,,,,,,,,,,,,,,,,,,,,,,,,,,,,,,,,,,,,,,,,,,,,,,,,,,,,,,,,,,,,
JAMMU & KASHMIR – DISTRICT JAILS,362,District Jail 9 Leh,,,,,,,,,,,,,,,,,,,,,30,5,22,0,27,,,,,,,,,,,,,,,,,,,,,,,,,,,,,,,,,,,,,,,,,,,,,,,,,,,,,,,,,,,,
JAMMU & KASHMIR – DISTRICT JAILS,363,District Jail 10 Kishtwar,,,,,,,,,,,,,,,,,,,,,80,0,105,0,105,,,,,,,,,,,,,,,,,,,,,,,,,,,,,,,,,,,,,,,,,,,,,,,,,,,,,,,,,,,,
JAMMU & KASHMIR – SUB JAILS,364,Sub Jail 1 Hiranagar,,,,,,,,,,,,,,,,,,,,,75,1,61,8,70,,,,,,,,,,,,,,,,,,,,,,,,,,,,,,,,,,,,,,,,,,,,,,,,,,,,,,,,,,,,
JAMMU & KASHMIR – SUB JAILS,365,Sub Jail 2 Reasi,,,,,,,,,,,,,,,,,,,,,30,0,60,0,60,,,,,,,,,,,,,,,,,,,,,,,,,,,,,,,,,,,,,,,,,,,,,,,,,,,,,,,,,,,,
JHARKHAND – CENTRAL JAILS,366,"Birsa Munda Central Jail 1 Hotwar, Ranchi",,,,,,,,,,,,,,,,,,,,,3469,1576,1344,0,2920,,,,,,,,,,,,,,,,,,,,,,,,,,,,,,,,,,,,,,,,,,,,,,,,,,,,,,,,,,,,
JHARKHAND – CENTRAL JAILS,367,Loknayak Jaiprakash 2 Hazaribag Narayan Central Jail,,,,,,,,,,,,,,,,,,,,,1990,916,1051,0,1967,,,,,,,,,,,,,,,,,,,,,,,,,,,,,,,,,,,,,,,,,,,,,,,,,,,,,,,,,,,,
JHARKHAND – CENTRAL JAILS,368,"Central Jail, Ghaghidih 3 Jamshedpur",,,,,,,,,,,,,,,,,,,,,1447,512,728,12,1252,,,,,,,,,,,,,,,,,,,,,,,,,,,,,,,,,,,,,,,,,,,,,,,,,,,,,,,,,,,,
JHARKHAND – CENTRAL JAILS,369,Central Jail 4 Dumka,,,,,,,,,,,,,,,,,,,,,843,957,501,0,1458,,,,,,,,,,,,,,,,,,,,,,,,,,,,,,,,,,,,,,,,,,,,,,,,,,,,,,,,,,,,
JHARKHAND – CENTRAL JAILS,370,Central Jail Madininagar 5 Palamu,,,,,,,,,,,,,,,,,,,,,391,199,671,1,871,,,,,,,,,,,,,,,,,,,,,,,,,,,,,,,,,,,,,,,,,,,,,,,,,,,,,,,,,,,,
JHARKHAND – DISTRICT JAILS,371,District Jail 1 GIRIDIH,,,,,,,,,,,,,,,,,,,,,354,10,481,0,491,,,,,,,,,,,,,,,,,,,,,,,,,,,,,,,,,,,,,,,,,,,,,,,,,,,,,,,,,,,,
JHARKHAND – DISTRICT JAILS,372,District Jail 2 DHANBAD,,,,,,,,,,,,,,,,,,,,,836,13,1222,1,1236,,,,,,,,,,,,,,,,,,,,,,,,,,,,,,,,,,,,,,,,,,,,,,,,,,,,,,,,,,,,
JHARKHAND – DISTRICT JAILS,373,District Jail 3 CHAIBASA,,,,,,,,,,,,,,,,,,,,,321,413,608,8,1029,,,,,,,,,,,,,,,,,,,,,,,,,,,,,,,,,,,,,,,,,,,,,,,,,,,,,,,,,,,,
,374,District Jail 4 DEOGHAR,295,6,440,0,446,,,,,,,,,,,,,,,,,,,,,,,,,,,,,,,,,,,,,,,,,,,,,,,,,,,,,,,,,,,,,,,,,,,,,,,,,,,,,,,,
,375,District Jail 5 SAHEBGANJ,225,22,174,0,196,,,,,,,,,,,,,,,,,,,,,,,,,,,,,,,,,,,,,,,,,,,,,,,,,,,,,,,,,,,,,,,,,,,,,,,,,,,,,,,,
,376,District Jail 6 BOKARO,315,6,278,0,284,,,,,,,,,,,,,,,,,,,,,,,,,,,,,,,,,,,,,,,,,,,,,,,,,,,,,,,,,,,,,,,,,,,,,,,,,,,,,,,,
,377,District Jail 7 SIMDEGA,190,7,265,0,272,,,,,,,,,,,,,,,,,,,,,,,,,,,,,,,,,,,,,,,,,,,,,,,,,,,,,,,,,,,,,,,,,,,,,,,,,,,,,,,,
,378,District Jail 8 SARAIKELA,298,481,176,2,659,,,,,,,,,,,,,,,,,,,,,,,,,,,,,,,,,,,,,,,,,,,,,,,,,,,,,,,,,,,,,,,,,,,,,,,,,,,,,,,,
,379,District Jail 9 JAMTARA,125,2,126,0,128,,,,,,,,,,,,,,,,,,,,,,,,,,,,,,,,,,,,,,,,,,,,,,,,,,,,,,,,,,,,,,,,,,,,,,,,,,,,,,,,
,380,District Jail 10 KODERMA,210,4,200,0,204,,,,,,,,,,,,,,,,,,,,,,,,,,,,,,,,,,,,,,,,,,,,,,,,,,,,,,,,,,,,,,,,,,,,,,,,,,,,,,,,
,381,District Jail 11 LATEHAR,166,13,384,0,397,,,,,,,,,,,,,,,,,,,,,,,,,,,,,,,,,,,,,,,,,,,,,,,,,,,,,,,,,,,,,,,,,,,,,,,,,,,,,,,,
,382,District Jail 12 LOHARDAGA,210,13,357,0,370,,,,,,,,,,,,,,,,,,,,,,,,,,,,,,,,,,,,,,,,,,,,,,,,,,,,,,,,,,,,,,,,,,,,,,,,,,,,,,,,
,383,District Jail 13 PAKUR,104,14,260,0,274,,,,,,,,,,,,,,,,,,,,,,,,,,,,,,,,,,,,,,,,,,,,,,,,,,,,,,,,,,,,,,,,,,,,,,,,,,,,,,,,
,384,District Jail 14 GUMLA,215,6,625,0,631,,,,,,,,,,,,,,,,,,,,,,,,,,,,,,,,,,,,,,,,,,,,,,,,,,,,,,,,,,,,,,,,,,,,,,,,,,,,,,,,
,385,District Jail 15 GODDA,298,7,362,0,369,,,,,,,,,,,,,,,,,,,,,,,,,,,,,,,,,,,,,,,,,,,,,,,,,,,,,,,,,,,,,,,,,,,,,,,,,,,,,,,,
,386,District Jail 16 GARHWA,198,8,634,0,642,,,,,,,,,,,,,,,,,,,,,,,,,,,,,,,,,,,,,,,,,,,,,,,,,,,,,,,,,,,,,,,,,,,,,,,,,,,,,,,,
,387,District Jail 17 CHATARA,177,0,309,0,309,,,,,,,,,,,,,,,,,,,,,,,,,,,,,,,,,,,,,,,,,,,,,,,,,,,,,,,,,,,,,,,,,,,,,,,,,,,,,,,,
JHARKHAND – SUB JAILS,388,Sub Jail 1 RAJMAHAL,143,5,178,0,183,,,,,,,,,,,,,,,,,,,,,,,,,,,,,,,,,,,,,,,,,,,,,,,,,,,,,,,,,,,,,,,,,,,,,,,,,,,,,,,,
JHARKHAND – SUB JAILS,389,Sub Jail 2 TENUGHAT,300,7,322,1,330,,,,,,,,,,,,,,,,,,,,,,,,,,,,,,,,,,,,,,,,,,,,,,,,,,,,,,,,,,,,,,,,,,,,,,,,,,,,,,,,
JHARKHAND – SUB JAILS,390,Sub Jail 3 KHUNTI,326,7,331,0,338,,,,,,,,,,,,,,,,,,,,,,,,,,,,,,,,,,,,,,,,,,,,,,,,,,,,,,,,,,,,,,,,,,,,,,,,,,,,,,,,
JHARKHAND – SUB JAILS,391,Sub Jail 4 GHATSHILA,157,115,170,4,289,,,,,,,,,,,,,,,,,,,,,,,,,,,,,,,,,,,,,,,,,,,,,,,,,,,,,,,,,,,,,,,,,,,,,,,,,,,,,,,,
JHARKHAND – BORSTAL SCHOOLS,392,Borstal School Daltonganj 1 Palamu,100,0,48,0,48,,,,,,,,,,,,,,,,,,,,,,,,,,,,,,,,,,,,,,,,,,,,,,,,,,,,,,,,,,,,,,,,,,,,,,,,,,,,,,,,
KARNATAKA – CENTRAL JAILS,393,Central Prison Bangalore 1 Parappana Agrahara,2172,1318,2593,49,3960,,,,,,,,,,,,,,,,,,,,,,,,,,,,,,,,,,,,,,,,,,,,,,,,,,,,,,,,,,,,,,,,,,,,,,,,,,,,,,,,
KARNATAKA – CENTRAL JAILS,394,Central Prison Belguam 2 Hindalga,1162,592,359,6,957,,,,,,,,,,,,,,,,,,,,,,,,,,,,,,,,,,,,,,,,,,,,,,,,,,,,,,,,,,,,,,,,,,,,,,,,,,,,,,,,
KARNATAKA – CENTRAL JAILS,395,Central Prison Bellary 3 Bellary,747,402,261,2,665,,,,,,,,,,,,,,,,,,,,,,,,,,,,,,,,,,,,,,,,,,,,,,,,,,,,,,,,,,,,,,,,,,,,,,,,,,,,,,,,
KARNATAKA – CENTRAL JAILS,396,Central Prison Bijapur 4 Bijapur,314,307,243,2,552,,,,,,,,,,,,,,,,,,,,,,,,,,,,,,,,,,,,,,,,,,,,,,,,,,,,,,,,,,,,,,,,,,,,,,,,,,,,,,,,
KARNATAKA – CENTRAL JAILS,397,Central Prison Gulbarga 5 Jevargi,600,476,451,7,934,,,,,,,,,,,,,,,,,,,,,,,,,,,,,,,,,,,,,,,,,,,,,,,,,,,,,,,,,,,,,,,,,,,,,,,,,,,,,,,,
KARNATAKA – CENTRAL JAILS,398,Central Prison Mysore 6 Mysore,506,640,466,4,1110,,,,,,,,,,,,,,,,,,,,,,,,,,,,,,,,,,,,,,,,,,,,,,,,,,,,,,,,,,,,,,,,,,,,,,,,,,,,,,,,
KARNATAKA – CENTRAL JAILS,399,Central Prison Dharwad 7 Dharward,675,251,195,3,449,,,,,,,,,,,,,,,,,,,,,,,,,,,,,,,,,,,,,,,,,,,,,,,,,,,,,,,,,,,,,,,,,,,,,,,,,,,,,,,,
KARNATAKA – DISTRICT JAILS,400,District Prison Bidar 1 Bidar,124,3,113,2,118,,,,,,,,,,,,,,,,,,,,,,,,,,,,,,,,,,,,,,,,,,,,,,,,,,,,,,,,,,,,,,,,,,,,,,,,,,,,,,,,
KARNATAKA – DISTRICT JAILS,401,District Prison Karwar 2 Karwar,386,5,103,7,115,,,,,,,,,,,,,,,,,,,,,,,,,,,,,,,,,,,,,,,,,,,,,,,,,,,,,,,,,,,,,,,,,,,,,,,,,,,,,,,,
KARNATAKA – DISTRICT JAILS,402,District Prison Madikeri 3 Karnangeri,300,13,218,3,234,,,,,,,,,,,,,,,,,,,,,,,,,,,,,,,,,,,,,,,,,,,,,,,,,,,,,,,,,,,,,,,,,,,,,,,,,,,,,,,,
,403,District Prison Mangalore 4 Kodiyalbail,150,3,274,7,284,,,,,,,,,,,,,,,,,,,,,,,,,,,,,,,,,,,,,,,,,,,,,,,,,,,,,,,,,,,,,,,,,,,,,,,,,,,,,,,,
,404,District Prison Raichur 5 Raichur,160,1,100,0,101,,,,,,,,,,,,,,,,,,,,,,,,,,,,,,,,,,,,,,,,,,,,,,,,,,,,,,,,,,,,,,,,,,,,,,,,,,,,,,,,
,405,District Prison Shimoga 6 shimoga,287,7,198,3,208,,,,,,,,,,,,,,,,,,,,,,,,,,,,,,,,,,,,,,,,,,,,,,,,,,,,,,,,,,,,,,,,,,,,,,,,,,,,,,,,
,406,District Prison Bagalkote 7 Bagalkote,200,10,98,0,108,,,,,,,,,,,,,,,,,,,,,,,,,,,,,,,,,,,,,,,,,,,,,,,,,,,,,,,,,,,,,,,,,,,,,,,,,,,,,,,,
,407,District Prison 8 Kelakote Chitradurga,300,1,126,0,127,,,,,,,,,,,,,,,,,,,,,,,,,,,,,,,,,,,,,,,,,,,,,,,,,,,,,,,,,,,,,,,,,,,,,,,,,,,,,,,,
,408,District Prison 9 Chamarajanagar Chamarajanagar,110,4,69,0,73,,,,,,,,,,,,,,,,,,,,,,,,,,,,,,,,,,,,,,,,,,,,,,,,,,,,,,,,,,,,,,,,,,,,,,,,,,,,,,,,
,409,District Prison Haveri 10 Karimatti halli,200,0,65,0,65,,,,,,,,,,,,,,,,,,,,,,,,,,,,,,,,,,,,,,,,,,,,,,,,,,,,,,,,,,,,,,,,,,,,,,,,,,,,,,,,
,410,District Prison 11 Ramangara Ramanagaram,200,1,170,0,171,,,,,,,,,,,,,,,,,,,,,,,,,,,,,,,,,,,,,,,,,,,,,,,,,,,,,,,,,,,,,,,,,,,,,,,,,,,,,,,,
,411,District Prison Tumkur 12 Oorukere,325,13,270,3,286,,,,,,,,,,,,,,,,,,,,,,,,,,,,,,,,,,,,,,,,,,,,,,,,,,,,,,,,,,,,,,,,,,,,,,,,,,,,,,,,
,412,District Prison 13 Anakanoor Chickballapur,100,10,120,0,130,,,,,,,,,,,,,,,,,,,,,,,,,,,,,,,,,,,,,,,,,,,,,,,,,,,,,,,,,,,,,,,,,,,,,,,,,,,,,,,,
,413,District Prison Udupi 14 Anjaru,110,6,93,0,99,,,,,,,,,,,,,,,,,,,,,,,,,,,,,,,,,,,,,,,,,,,,,,,,,,,,,,,,,,,,,,,,,,,,,,,,,,,,,,,,
,414,District Prison Koppal 15 Koppal,100,1,60,1,62,,,,,,,,,,,,,,,,,,,,,,,,,,,,,,,,,,,,,,,,,,,,,,,,,,,,,,,,,,,,,,,,,,,,,,,,,,,,,,,,
KARNATAKA – SUB JAILS,415,District Sub Jail 1 Ramanahalli Chickamaglur,300,11,137,2,150,,,,,,,,,,,,,,,,,,,,,,,,,,,,,,,,,,,,,,,,,,,,,,,,,,,,,,,,,,,,,,,,,,,,,,,,,,,,,,,,
KARNATAKA – SUB JAILS,416,District Sub Jail Hassan 2 Hassan,219,3,296,2,301,,,,,,,,,,,,,,,,,,,,,,,,,,,,,,,,,,,,,,,,,,,,,,,,,,,,,,,,,,,,,,,,,,,,,,,,,,,,,,,,
KARNATAKA – SUB JAILS,417,District Sub Jail Kolar 3 Kolar,92,2,111,2,115,,,,,,,,,,,,,,,,,,,,,,,,,,,,,,,,,,,,,,,,,,,,,,,,,,,,,,,,,,,,,,,,,,,,,,,,,,,,,,,,
KARNATAKA – SUB JAILS,418,District Sub Jail Mandya 4 Mandya,272,11,355,1,367,,,,,,,,,,,,,,,,,,,,,,,,,,,,,,,,,,,,,,,,,,,,,,,,,,,,,,,,,,,,,,,,,,,,,,,,,,,,,,,,
KARNATAKA – SUB JAILS,419,Oaj Koramangala 5 Koramanagala,80,0,51,0,51,,,,,,,,,,,,,,,,,,,,,,,,,,,,,,,,,,,,,,,,,,,,,,,,,,,,,,,,,,,,,,,,,,,,,,,,,,,,,,,,
KARNATAKA – SUB JAILS,420,Aland 6 Aland,20,0,17,0,17,,,,,,,,,,,,,,,,,,,,,,,,,,,,,,,,,,,,,,,,,,,,,,,,,,,,,,,,,,,,,,,,,,,,,,,,,,,,,,,,
KARNATAKA – SUB JAILS,421,Arasikeri 7 Arasikeri,14,0,0,0,0,,,,,,,,,,,,,,,,,,,,,,,,,,,,,,,,,,,,,,,,,,,,,,,,,,,,,,,,,,,,,,,,,,,,,,,,,,,,,,,,
KARNATAKA – SUB JAILS,422,Aurad 8 Aurad,74,0,7,0,7,,,,,,,,,,,,,,,,,,,,,,,,,,,,,,,,,,,,,,,,,,,,,,,,,,,,,,,,,,,,,,,,,,,,,,,,,,,,,,,,
KARNATAKA – SUB JAILS,423,Badami 9 Badami,40,0,16,0,16,,,,,,,,,,,,,,,,,,,,,,,,,,,,,,,,,,,,,,,,,,,,,,,,,,,,,,,,,,,,,,,,,,,,,,,,,,,,,,,,
KARNATAKA – SUB JAILS,424,Bailahongala 10 Bailahongala,68,0,14,0,14,,,,,,,,,,,,,,,,,,,,,,,,,,,,,,,,,,,,,,,,,,,,,,,,,,,,,,,,,,,,,,,,,,,,,,,,,,,,,,,,
KARNATAKA – SUB JAILS,425,Chinthamani 11 Chinthamani,100,2,64,0,66,,,,,,,,,,,,,,,,,,,,,,,,,,,,,,,,,,,,,,,,,,,,,,,,,,,,,,,,,,,,,,,,,,,,,,,,,,,,,,,,
KARNATAKA – SUB JAILS,426,Devdurga 12 Devdurga,40,0,0,0,0,,,,,,,,,,,,,,,,,,,,,,,,,,,,,,,,,,,,,,,,,,,,,,,,,,,,,,,,,,,,,,,,,,,,,,,,,,,,,,,,
KARNATAKA – SUB JAILS,427,Gadag 13 Gadag,40,0,0,0,0,,,,,,,,,,,,,,,,,,,,,,,,,,,,,,,,,,,,,,,,,,,,,,,,,,,,,,,,,,,,,,,,,,,,,,,,,,,,,,,,
KARNATAKA – SUB JAILS,428,Gangavathi 14 Gangavathi NF,65,0,0,0,0,,,,,,,,,,,,,,,,,,,,,,,,,,,,,,,,,,,,,,,,,,,,,,,,,,,,,,,,,,,,,,,,,,,,,,,,,,,,,,,,
KARNATAKA – SUB JAILS,429,Gokak 15 Gokak,40,0,30,0,30,,,,,,,,,,,,,,,,,,,,,,,,,,,,,,,,,,,,,,,,,,,,,,,,,,,,,,,,,,,,,,,,,,,,,,,,,,,,,,,,
KARNATAKA – SUB JAILS,430,Hadagli 16 Hadagli,150,2,40,0,42,,,,,,,,,,,,,,,,,,,,,,,,,,,,,,,,,,,,,,,,,,,,,,,,,,,,,,,,,,,,,,,,,,,,,,,,,,,,,,,,
,431,Hospet 17 Hospet,24,0,63,0,63,,,,,,,,,,,,,,,,,,,,,,,,,,,,,,,,,,,,,,,,,,,,,,,,,,,,,,,,,,,,,,,,,,,,,,,,,,,,,,,,
,432,Hubli 18 Hubli,88,0,125,0,125,,,,,,,,,,,,,,,,,,,,,,,,,,,,,,,,,,,,,,,,,,,,,,,,,,,,,,,,,,,,,,,,,,,,,,,,,,,,,,,,
,433,Humanbad 19 Humanbad,60,0,23,0,23,,,,,,,,,,,,,,,,,,,,,,,,,,,,,,,,,,,,,,,,,,,,,,,,,,,,,,,,,,,,,,,,,,,,,,,,,,,,,,,,
,434,Jamkhandi 20 Jamkhandi,100,0,43,0,43,,,,,,,,,,,,,,,,,,,,,,,,,,,,,,,,,,,,,,,,,,,,,,,,,,,,,,,,,,,,,,,,,,,,,,,,,,,,,,,,
,435,Kadur 21 Kadur,40,0,18,0,18,,,,,,,,,,,,,,,,,,,,,,,,,,,,,,,,,,,,,,,,,,,,,,,,,,,,,,,,,,,,,,,,,,,,,,,,,,,,,,,,
,436,K.R.Nagar 22 K.R.Nagar,105,0,81,0,81,,,,,,,,,,,,,,,,,,,,,,,,,,,,,,,,,,,,,,,,,,,,,,,,,,,,,,,,,,,,,,,,,,,,,,,,,,,,,,,,
,437,Kollegala 23 Kollegala,30,0,28,0,28,,,,,,,,,,,,,,,,,,,,,,,,,,,,,,,,,,,,,,,,,,,,,,,,,,,,,,,,,,,,,,,,,,,,,,,,,,,,,,,,
,438,Lingasugur 24 Lingasugur,75,0,10,0,10,,,,,,,,,,,,,,,,,,,,,,,,,,,,,,,,,,,,,,,,,,,,,,,,,,,,,,,,,,,,,,,,,,,,,,,,,,,,,,,,
,439,Manvi 25 Manvi NF,25,0,0,0,0,,,,,,,,,,,,,,,,,,,,,,,,,,,,,,,,,,,,,,,,,,,,,,,,,,,,,,,,,,,,,,,,,,,,,,,,,,,,,,,,
,440,Nanjunagud 26 Nanjunagud,30,1,48,0,49,,,,,,,,,,,,,,,,,,,,,,,,,,,,,,,,,,,,,,,,,,,,,,,,,,,,,,,,,,,,,,,,,,,,,,,,,,,,,,,,
,441,Narashimarajapura 27 Narashimarajapura,18,0,11,0,11,,,,,,,,,,,,,,,,,,,,,,,,,,,,,,,,,,,,,,,,,,,,,,,,,,,,,,,,,,,,,,,,,,,,,,,,,,,,,,,,
,442,Sagar 28 Sagar,54,1,33,0,34,,,,,,,,,,,,,,,,,,,,,,,,,,,,,,,,,,,,,,,,,,,,,,,,,,,,,,,,,,,,,,,,,,,,,,,,,,,,,,,,
,443,Shorapur 29 Shorapur,20,0,20,0,20,,,,,,,,,,,,,,,,,,,,,,,,,,,,,,,,,,,,,,,,,,,,,,,,,,,,,,,,,,,,,,,,,,,,,,,,,,,,,,,,
,444,Tarikeri 30 Tarikeri,22,0,21,0,21,,,,,,,,,,,,,,,,,,,,,,,,,,,,,,,,,,,,,,,,,,,,,,,,,,,,,,,,,,,,,,,,,,,,,,,,,,,,,,,,
,445,Tiptur 31 Tiptur,20,1,34,0,35,,,,,,,,,,,,,,,,,,,,,,,,,,,,,,,,,,,,,,,,,,,,,,,,,,,,,,,,,,,,,,,,,,,,,,,,,,,,,,,,
,446,Virajpet 32 Virajpet UR,20,0,0,0,0,,,,,,,,,,,,,,,,,,,,,,,,,,,,,,,,,,,,,,,,,,,,,,,,,,,,,,,,,,,,,,,,,,,,,,,,,,,,,,,,
,447,Yadgir 33 Yadgir,20,0,46,1,47,,,,,,,,,,,,,,,,,,,,,,,,,,,,,,,,,,,,,,,,,,,,,,,,,,,,,,,,,,,,,,,,,,,,,,,,,,,,,,,,
,448,Yallapur 34 Yallapur,7,0,8,0,8,,,,,,,,,,,,,,,,,,,,,,,,,,,,,,,,,,,,,,,,,,,,,,,,,,,,,,,,,,,,,,,,,,,,,,,,,,,,,,,,
,449,Sakaleshpur 35 Sakaleshpur,100,,,,0,,,,,,,,,,,,,,,,,,,,,,,,,,,,,,,,,,,,,,,,,,,,,,,,,,,,,,,,,,,,,,,,,,,,,,,,,,,,,,,,
,450,Ankola 36 Ankola NF,5,,,,0,,,,,,,,,,,,,,,,,,,,,,,,,,,,,,,,,,,,,,,,,,,,,,,,,,,,,,,,,,,,,,,,,,,,,,,,,,,,,,,,
,451,Athani 37 Athani,24,0,16,0,16,,,,,,,,,,,,,,,,,,,,,,,,,,,,,,,,,,,,,,,,,,,,,,,,,,,,,,,,,,,,,,,,,,,,,,,,,,,,,,,,
,452,Bhatkal 38 Bhatkal,20,0,6,0,6,,,,,,,,,,,,,,,,,,,,,,,,,,,,,,,,,,,,,,,,,,,,,,,,,,,,,,,,,,,,,,,,,,,,,,,,,,,,,,,,
,453,Buntwal 39 Buntwal NF,21,,,,0,,,,,,,,,,,,,,,,,,,,,,,,,,,,,,,,,,,,,,,,,,,,,,,,,,,,,,,,,,,,,,,,,,,,,,,,,,,,,,,,
,454,Chickkodi 40 Chickkodi,8,0,20,0,20,,,,,,,,,,,,,,,,,,,,,,,,,,,,,,,,,,,,,,,,,,,,,,,,,,,,,,,,,,,,,,,,,,,,,,,,,,,,,,,,
,455,Chincholi 41 Chincholi NF,20,,,,0,,,,,,,,,,,,,,,,,,,,,,,,,,,,,,,,,,,,,,,,,,,,,,,,,,,,,,,,,,,,,,,,,,,,,,,,,,,,,,,,
,456,Hanagal 42 Hanagal,12,0,0,0,0,,,,,,,,,,,,,,,,,,,,,,,,,,,,,,,,,,,,,,,,,,,,,,,,,,,,,,,,,,,,,,,,,,,,,,,,,,,,,,,,
,457,Hirekerur 43 Hirekerur NF,12,,,,0,,,,,,,,,,,,,,,,,,,,,,,,,,,,,,,,,,,,,,,,,,,,,,,,,,,,,,,,,,,,,,,,,,,,,,,,,,,,,,,,
,458,Honnavar 44 Honnavar,16,0,2,0,2,,,,,,,,,,,,,,,,,,,,,,,,,,,,,,,,,,,,,,,,,,,,,,,,,,,,,,,,,,,,,,,,,,,,,,,,,,,,,,,,
,459,Hukkeri 45 Hukkeri,18,0,12,0,12,,,,,,,,,,,,,,,,,,,,,,,,,,,,,,,,,,,,,,,,,,,,,,,,,,,,,,,,,,,,,,,,,,,,,,,,,,,,,,,,
,460,Hungund 46 Hungund NF,14,,,,0,,,,,,,,,,,,,,,,,,,,,,,,,,,,,,,,,,,,,,,,,,,,,,,,,,,,,,,,,,,,,,,,,,,,,,,,,,,,,,,,
,461,Karkala 47 Karkala,24,,,,0,,,,,,,,,,,,,,,,,,,,,,,,,,,,,,,,,,,,,,,,,,,,,,,,,,,,,,,,,,,,,,,,,,,,,,,,,,,,,,,,
,462,Kumta 48 Kumta,10,0,4,0,4,,,,,,,,,,,,,,,,,,,,,,,,,,,,,,,,,,,,,,,,,,,,,,,,,,,,,,,,,,,,,,,,,,,,,,,,,,,,,,,,
,463,Kundapura 49 Kundapura NF,14,,,,0,,,,,,,,,,,,,,,,,,,,,,,,,,,,,,,,,,,,,,,,,,,,,,,,,,,,,,,,,,,,,,,,,,,,,,,,,,,,,,,,
,464,Kundgola 50 Kundgola NF,8,,,,0,,,,,,,,,,,,,,,,,,,,,,,,,,,,,,,,,,,,,,,,,,,,,,,,,,,,,,,,,,,,,,,,,,,,,,,,,,,,,,,,
,465,Kustagi 51 Kustagi NF,25,,,,0,,,,,,,,,,,,,,,,,,,,,,,,,,,,,,,,,,,,,,,,,,,,,,,,,,,,,,,,,,,,,,,,,,,,,,,,,,,,,,,,
,466,Madugiri 52 Madugiri,32,1,22,1,24,,,,,,,,,,,,,,,,,,,,,,,,,,,,,,,,,,,,,,,,,,,,,,,,,,,,,,,,,,,,,,,,,,,,,,,,,,,,,,,,
,467,Navalgund 53 Navalgund NF,16,,,,0,,,,,,,,,,,,,,,,,,,,,,,,,,,,,,,,,,,,,,,,,,,,,,,,,,,,,,,,,,,,,,,,,,,,,,,,,,,,,,,,
,468,Puttur 54 Puttur NF,12,,,,0,,,,,,,,,,,,,,,,,,,,,,,,,,,,,,,,,,,,,,,,,,,,,,,,,,,,,,,,,,,,,,,,,,,,,,,,,,,,,,,,
,470,Ramadurga 56 Ramadurga,,,,,,,,,,,,,,,,,,,,,,,,,,16,0,9,0,9,,,,,,,,,,,,,,,,,,,,,,,,,,,,,,,,,,,,,,,,,,,,,,,,,,,,,,,
,471,Ranebennur 57 Ranebennur,,,,,,,,,,,,,,,,,,,,,,,,,,14,0,19,0,19,,,,,,,,,,,,,,,,,,,,,,,,,,,,,,,,,,,,,,,,,,,,,,,,,,,,,,,
,472,Rona 58 Rona,,,,,,,,,,,,,,,,,,,,,,,,,,20,0,0,0,0,,,,,,,,,,,,,,,,,,,,,,,,,,,,,,,,,,,,,,,,,,,,,,,,,,,,,,,
,473,Saundatti 59 Saundatti,,,,,,,,,,,,,,,,,,,,,,,,,,15,0,8,0,8,,,,,,,,,,,,,,,,,,,,,,,,,,,,,,,,,,,,,,,,,,,,,,,,,,,,,,,
,474,Sedam 60 Sedam NF,,,,,,,,,,,,,,,,,,,,,,,,,,30,,,,0,,,,,,,,,,,,,,,,,,,,,,,,,,,,,,,,,,,,,,,,,,,,,,,,,,,,,,,
,475,Shigom 61 Shigom,,,,,,,,,,,,,,,,,,,,,,,,,,16,0,6,0,6,,,,,,,,,,,,,,,,,,,,,,,,,,,,,,,,,,,,,,,,,,,,,,,,,,,,,,,
,476,Shirahatti 62 Shirahatti NF,,,,,,,,,,,,,,,,,,,,,,,,,,12,,,,0,,,,,,,,,,,,,,,,,,,,,,,,,,,,,,,,,,,,,,,,,,,,,,,,,,,,,,,
,477,Siddapur 63 Siddapur,,,,,,,,,,,,,,,,,,,,,,,,,,16,0,3,0,3,,,,,,,,,,,,,,,,,,,,,,,,,,,,,,,,,,,,,,,,,,,,,,,,,,,,,,,
,478,Khanapur 64 Khanapur NF,,,,,,,,,,,,,,,,,,,,,,,,,,15,,,,0,,,,,,,,,,,,,,,,,,,,,,,,,,,,,,,,,,,,,,,,,,,,,,,,,,,,,,,
,479,Kudalgi 65 Kudalgi NF,,,,,,,,,,,,,,,,,,,,,,,,,,20,,,,0,,,,,,,,,,,,,,,,,,,,,,,,,,,,,,,,,,,,,,,,,,,,,,,,,,,,,,,
,480,Bagewadi 66 Bagewadi NF,,,,,,,,,,,,,,,,,,,,,,,,,,16,,,,0,,,,,,,,,,,,,,,,,,,,,,,,,,,,,,,,,,,,,,,,,,,,,,,,,,,,,,,
,481,Indi 67 Indi NF,,,,,,,,,,,,,,,,,,,,,,,,,,15,,,,0,,,,,,,,,,,,,,,,,,,,,,,,,,,,,,,,,,,,,,,,,,,,,,,,,,,,,,,
,482,Muddebhihal 68 Muddebhihal NF,,,,,,,,,,,,,,,,,,,,,,,,,,10,,,,0,,,,,,,,,,,,,,,,,,,,,,,,,,,,,,,,,,,,,,,,,,,,,,,,,,,,,,,
,483,Sindagi 69 Sindagi NF,,,,,,,,,,,,,,,,,,,,,,,,,,5,,,,0,,,,,,,,,,,,,,,,,,,,,,,,,,,,,,,,,,,,,,,,,,,,,,,,,,,,,,,
,484,Harapanahalli 70 Harapanahalli NF,,,,,,,,,,,,,,,,,,,,,,,,,,24,,,,0,,,,,,,,,,,,,,,,,,,,,,,,,,,,,,,,,,,,,,,,,,,,,,,,,,,,,,,
,485,Holenarasipura 71 Holenarasipura NF,,,,,,,,,,,,,,,,,,,,,,,,,,12,,,,0,,,,,,,,,,,,,,,,,,,,,,,,,,,,,,,,,,,,,,,,,,,,,,,,,,,,,,,
,486,Haliyal 72 Haliyal NF,,,,,,,,,,,,,,,,,,,,,,,,,,36,,,,0,,,,,,,,,,,,,,,,,,,,,,,,,,,,,,,,,,,,,,,,,,,,,,,,,,,,,,,
,487,Sirsi 73 Sirsi NF,,,,,,,,,,,,,,,,,,,,,,,,,,16,,,,0,,,,,,,,,,,,,,,,,,,,,,,,,,,,,,,,,,,,,,,,,,,,,,,,,,,,,,,
,488,Hunsur 74 Hunsur NF,,,,,,,,,,,,,,,,,,,,,,,,,,16,,,,0,,,,,,,,,,,,,,,,,,,,,,,,,,,,,,,,,,,,,,,,,,,,,,,,,,,,,,,
KARNATAKA – WOMEN JAILS,489,Women Central Jail 1 Tumkur,,,,,,,,,,,,,,,,,,,,,,,,,,69,0,0,0,0,,,,,,,,,,,,,,,,,,,,,,,,,,,,,,,,,,,,,,,,,,,,,,,,,,,,,,,
KARNATAKA – BORSTAL SCHOOLS,490,Borstal School 1 Dharwad,,,,,,,,,,,,,,,,,,,,,,,,,,200,0,0,0,0,,,,,,,,,,,,,,,,,,,,,,,,,,,,,,,,,,,,,,,,,,,,,,,,,,,,,,,
KARNATAKA – OPEN JAILS,491,Open Air Jail 1 Koramangala,,,,,,,,,,,,,,,,,,,,,,,,,,80,51,0,0,51,,,,,,,,,,,,,,,,,,,,,,,,,,,,,,,,,,,,,,,,,,,,,,,,,,,,,,,
KARNATAKA – SPECIAL JAILS,492,Special Sub Jail 1 Davangere,,,,,,,,,,,,,,,,,,,,,,,,,,174,2,166,3,171,,,,,,,,,,,,,,,,,,,,,,,,,,,,,,,,,,,,,,,,,,,,,,,,,,,,,,,
KARNATAKA – SPECIAL JAILS,493,Special Sub Jail 2 KGF,,,,,,,,,,,,,,,,,,,,,,,,,,76,0,38,0,38,,,,,,,,,,,,,,,,,,,,,,,,,,,,,,,,,,,,,,,,,,,,,,,,,,,,,,,
KARNATAKA – OTHER JAILS,494,Juvenile Jail 1 Dharwad,,,,,,,,,,,,,,,,,,,,,,,,,,250,0,0,0,0,,,,,,,,,,,,,,,,,,,,,,,,,,,,,,,,,,,,,,,,,,,,,,,,,,,,,,,
KERALA – CENTRAL JAILS,495,"Central Jail, 1 Poojappura",,,,,,,,,,,,,,,,,,,,,,,,,,727,717,353,2,1072,,,,,,,,,,,,,,,,,,,,,,,,,,,,,,,,,,,,,,,,,,,,,,,,,,,,,,,
,496,Central Jail 2 (District),560,501,168,0,669,,,,,,,,,,,,,,,,,,,,,,,,,,,,,,,,,,,,,,,,,,,,,,,,,,,,,,,,,,,,,,,,,,,,,,,,,,,,,,,,
,497,"Central Jail 3 Pallikunnu, Kannur",1090,661,360,5,1026,,,,,,,,,,,,,,,,,,,,,,,,,,,,,,,,,,,,,,,,,,,,,,,,,,,,,,,,,,,,,,,,,,,,,,,,,,,,,,,,
KERALA – DISTRICT JAILS,498,District Jail 1 Poojappura,284,3,245,0,248,,,,,,,,,,,,,,,,,,,,,,,,,,,,,,,,,,,,,,,,,,,,,,,,,,,,,,,,,,,,,,,,,,,,,,,,,,,,,,,,
KERALA – DISTRICT JAILS,499,"Near Civil Station, District Jail, Kollam 2 Kollam",270,25,288,0,313,,,,,,,,,,,,,,,,,,,,,,,,,,,,,,,,,,,,,,,,,,,,,,,,,,,,,,,,,,,,,,,,,,,,,,,,,,,,,,,,
KERALA – DISTRICT JAILS,500,"District Jail, Kozhikode 3 Puthiyara",232,39,194,0,233,,,,,,,,,,,,,,,,,,,,,,,,,,,,,,,,,,,,,,,,,,,,,,,,,,,,,,,,,,,,,,,,,,,,,,,,,,,,,,,,
KERALA – DISTRICT JAILS,501,"District Jail, Ernakulam 4 Kakkanad",133,8,163,0,171,,,,,,,,,,,,,,,,,,,,,,,,,,,,,,,,,,,,,,,,,,,,,,,,,,,,,,,,,,,,,,,,,,,,,,,,,,,,,,,,
KERALA – DISTRICT JAILS,502,"District Jail, Kannur 5 Pallikkunnu",250,0,130,0,130,,,,,,,,,,,,,,,,,,,,,,,,,,,,,,,,,,,,,,,,,,,,,,,,,,,,,,,,,,,,,,,,,,,,,,,,,,,,,,,,
KERALA – SUB JAILS,503,Sub Jail 1 Attingal,43,0,78,0,78,,,,,,,,,,,,,,,,,,,,,,,,,,,,,,,,,,,,,,,,,,,,,,,,,,,,,,,,,,,,,,,,,,,,,,,,,,,,,,,,
KERALA – SUB JAILS,504,Sub Jail 2 Kottarakkara,50,4,96,0,100,,,,,,,,,,,,,,,,,,,,,,,,,,,,,,,,,,,,,,,,,,,,,,,,,,,,,,,,,,,,,,,,,,,,,,,,,,,,,,,,
KERALA – SUB JAILS,505,Sub Jail 3 Pathanamthitta,45,0,87,0,87,,,,,,,,,,,,,,,,,,,,,,,,,,,,,,,,,,,,,,,,,,,,,,,,,,,,,,,,,,,,,,,,,,,,,,,,,,,,,,,,
KERALA – SUB JAILS,506,Sub Jail 4 Mavelikkara,92,0,95,0,95,,,,,,,,,,,,,,,,,,,,,,,,,,,,,,,,,,,,,,,,,,,,,,,,,,,,,,,,,,,,,,,,,,,,,,,,,,,,,,,,
KERALA – SUB JAILS,507,Sub Jail 5 Muvattupuzha,72,5,100,0,105,,,,,,,,,,,,,,,,,,,,,,,,,,,,,,,,,,,,,,,,,,,,,,,,,,,,,,,,,,,,,,,,,,,,,,,,,,,,,,,,
KERALA – SUB JAILS,508,"Sub Jail 6 Aluva, Ernakulam",78,1,68,0,69,,,,,,,,,,,,,,,,,,,,,,,,,,,,,,,,,,,,,,,,,,,,,,,,,,,,,,,,,,,,,,,,,,,,,,,,,,,,,,,,
KERALA – SUB JAILS,509,Sub Jail 7 Kakkanad,28,0,20,0,20,,,,,,,,,,,,,,,,,,,,,,,,,,,,,,,,,,,,,,,,,,,,,,,,,,,,,,,,,,,,,,,,,,,,,,,,,,,,,,,,
KERALA – SUB JAILS,510,Sub Jail 8 Mattancherry,28,0,49,0,49,,,,,,,,,,,,,,,,,,,,,,,,,,,,,,,,,,,,,,,,,,,,,,,,,,,,,,,,,,,,,,,,,,,,,,,,,,,,,,,,
KERALA – SUB JAILS,511,Sub Jail 9 Ponkunnam,48,0,51,0,51,,,,,,,,,,,,,,,,,,,,,,,,,,,,,,,,,,,,,,,,,,,,,,,,,,,,,,,,,,,,,,,,,,,,,,,,,,,,,,,,
KERALA – SUB JAILS,512,Sub Jail 10 Meenachil,20,0,30,0,30,,,,,,,,,,,,,,,,,,,,,,,,,,,,,,,,,,,,,,,,,,,,,,,,,,,,,,,,,,,,,,,,,,,,,,,,,,,,,,,,
KERALA – SUB JAILS,513,Sub Jail 11 Peerumedu,38,0,71,0,71,,,,,,,,,,,,,,,,,,,,,,,,,,,,,,,,,,,,,,,,,,,,,,,,,,,,,,,,,,,,,,,,,,,,,,,,,,,,,,,,
KERALA – SUB JAILS,514,Sub Jail 12 Devikulam,46,6,38,0,44,,,,,,,,,,,,,,,,,,,,,,,,,,,,,,,,,,,,,,,,,,,,,,,,,,,,,,,,,,,,,,,,,,,,,,,,,,,,,,,,
KERALA – SUB JAILS,515,Sub Jail 13 Viyyur,84,1,88,0,89,,,,,,,,,,,,,,,,,,,,,,,,,,,,,,,,,,,,,,,,,,,,,,,,,,,,,,,,,,,,,,,,,,,,,,,,,,,,,,,,
KERALA – SUB JAILS,516,Sub Jail 14 Tana,11,5,38,0,43,,,,,,,,,,,,,,,,,,,,,,,,,,,,,,,,,,,,,,,,,,,,,,,,,,,,,,,,,,,,,,,,,,,,,,,,,,,,,,,,
KERALA – SUB JAILS,517,Sub Jail 15 Chavakkad,28,1,38,0,39,,,,,,,,,,,,,,,,,,,,,,,,,,,,,,,,,,,,,,,,,,,,,,,,,,,,,,,,,,,,,,,,,,,,,,,,,,,,,,,,
KERALA – SUB JAILS,518,Sub Jail 16 Tirur,17,0,40,0,40,,,,,,,,,,,,,,,,,,,,,,,,,,,,,,,,,,,,,,,,,,,,,,,,,,,,,,,,,,,,,,,,,,,,,,,,,,,,,,,,
KERALA – SUB JAILS,519,Sub Jail 17 Ponnani,19,0,34,0,34,,,,,,,,,,,,,,,,,,,,,,,,,,,,,,,,,,,,,,,,,,,,,,,,,,,,,,,,,,,,,,,,,,,,,,,,,,,,,,,,
KERALA – SUB JAILS,520,Sub Jail 18 Manjeri,39,1,41,0,42,,,,,,,,,,,,,,,,,,,,,,,,,,,,,,,,,,,,,,,,,,,,,,,,,,,,,,,,,,,,,,,,,,,,,,,,,,,,,,,,
KERALA – SUB JAILS,521,Sub Jail 19 Perinthalamanna,28,0,33,0,33,,,,,,,,,,,,,,,,,,,,,,,,,,,,,,,,,,,,,,,,,,,,,,,,,,,,,,,,,,,,,,,,,,,,,,,,,,,,,,,,
KERALA – SUB JAILS,522,Sub Jail 20 Ottappalam,24,1,61,0,62,,,,,,,,,,,,,,,,,,,,,,,,,,,,,,,,,,,,,,,,,,,,,,,,,,,,,,,,,,,,,,,,,,,,,,,,,,,,,,,,
KERALA – SUB JAILS,523,Sub Jail 21 Alathur,23,0,41,0,41,,,,,,,,,,,,,,,,,,,,,,,,,,,,,,,,,,,,,,,,,,,,,,,,,,,,,,,,,,,,,,,,,,,,,,,,,,,,,,,,
KERALA – SUB JAILS,524,Sub Jail 22 Chittur,30,0,65,0,65,,,,,,,,,,,,,,,,,,,,,,,,,,,,,,,,,,,,,,,,,,,,,,,,,,,,,,,,,,,,,,,,,,,,,,,,,,,,,,,,
KERALA – SUB JAILS,525,Sub Jail 23 Koyilandy,20,1,35,0,36,,,,,,,,,,,,,,,,,,,,,,,,,,,,,,,,,,,,,,,,,,,,,,,,,,,,,,,,,,,,,,,,,,,,,,,,,,,,,,,,
KERALA – SUB JAILS,526,Sub Jail 24 Vadakara,13,0,37,0,37,,,,,,,,,,,,,,,,,,,,,,,,,,,,,,,,,,,,,,,,,,,,,,,,,,,,,,,,,,,,,,,,,,,,,,,,,,,,,,,,
KERALA – SUB JAILS,527,Sub Jail 25 Vythiri,22,1,34,0,35,,,,,,,,,,,,,,,,,,,,,,,,,,,,,,,,,,,,,,,,,,,,,,,,,,,,,,,,,,,,,,,,,,,,,,,,,,,,,,,,
KERALA – SUB JAILS,528,Sub Jail 26 Mananthavady,80,0,71,0,71,,,,,,,,,,,,,,,,,,,,,,,,,,,,,,,,,,,,,,,,,,,,,,,,,,,,,,,,,,,,,,,,,,,,,,,,,,,,,,,,
,529,Sub Jail 27 Caltex,28,2,53,0,55,,,,,,,,,,,,,,,,,,,,,,,,,,,,,,,,,,,,,,,,,,,,,,,,,,,,,,,,,,,,,,,,,,,,,,,,,,,,,,,,
,530,Sub Jail 28 Kanjangad,54,0,44,0,44,,,,,,,,,,,,,,,,,,,,,,,,,,,,,,,,,,,,,,,,,,,,,,,,,,,,,,,,,,,,,,,,,,,,,,,,,,,,,,,,
,531,Sub Jail 29 Kasargod,28,0,0,0,0,,,,,,,,,,,,,,,,,,,,,,,,,,,,,,,,,,,,,,,,,,,,,,,,,,,,,,,,,,,,,,,,,,,,,,,,,,,,,,,,
KERALA – WOMEN JAILS,532,"Attakulangara, Women's Prison 1 Thiruvananthapuram",108,28,59,0,87,,,,,,,,,,,,,,,,,,,,,,,,,,,,,,,,,,,,,,,,,,,,,,,,,,,,,,,,,,,,,,,,,,,,,,,,,,,,,,,,
KERALA – WOMEN JAILS,533,"Women's Prison 2 Pallikkunnu, Kannur",24,13,11,0,24,,,,,,,,,,,,,,,,,,,,,,,,,,,,,,,,,,,,,,,,,,,,,,,,,,,,,,,,,,,,,,,,,,,,,,,,,,,,,,,,
KERALA – WOMEN JAILS,534,Women's Prison 3 Viyyur,100,7,25,0,32,,,,,,,,,,,,,,,,,,,,,,,,,,,,,,,,,,,,,,,,,,,,,,,,,,,,,,,,,,,,,,,,,,,,,,,,,,,,,,,,
KERALA – BORSTAL SCHOOL,535,Borstal School 1 Kakkanad,78,8,67,0,75,,,,,,,,,,,,,,,,,,,,,,,,,,,,,,,,,,,,,,,,,,,,,,,,,,,,,,,,,,,,,,,,,,,,,,,,,,,,,,,,
KERALA – OPEN JAILS,536,"Nettukaltheiri, Near Open Prison, 1 Neyyar dam, Nettukaltheri Thiruvananthapuram",492,227,0,0,227,,,,,,,,,,,,,,,,,,,,,,,,,,,,,,,,,,,,,,,,,,,,,,,,,,,,,,,,,,,,,,,,,,,,,,,,,,,,,,,,
KERALA – OPEN JAILS,537,Open Prison 2 Cheemeni,199,157,0,0,157,,,,,,,,,,,,,,,,,,,,,,,,,,,,,,,,,,,,,,,,,,,,,,,,,,,,,,,,,,,,,,,,,,,,,,,,,,,,,,,,
KERALA – OPEN JAILS,538,Women's Open Prison 3 Poojappura,265,0,0,0,0,,,,,,,,,,,,,,,,,,,,,,,,,,,,,,,,,,,,,,,,,,,,,,,,,,,,,,,,,,,,,,,,,,,,,,,,,,,,,,,,
KERALA – SPECIAL JAILS,539,Special Sub Jail 1 Kottayam,88,2,98,0,100,,,,,,,,,,,,,,,,,,,,,,,,,,,,,,,,,,,,,,,,,,,,,,,,,,,,,,,,,,,,,,,,,,,,,,,,,,,,,,,,
KERALA – SPECIAL JAILS,540,Special Sub Jail 2 Alappuzha,61,9,67,1,77,,,,,,,,,,,,,,,,,,,,,,,,,,,,,,,,,,,,,,,,,,,,,,,,,,,,,,,,,,,,,,,,,,,,,,,,,,,,,,,,
KERALA – SPECIAL JAILS,541,Special Sub Jail 3 Viyyur,121,1,143,0,144,,,,,,,,,,,,,,,,,,,,,,,,,,,,,,,,,,,,,,,,,,,,,,,,,,,,,,,,,,,,,,,,,,,,,,,,,,,,,,,,
KERALA – SPECIAL JAILS,542,Special Sub Jail 4 Palakkad Fort,28,8,84,0,92,,,,,,,,,,,,,,,,,,,,,,,,,,,,,,,,,,,,,,,,,,,,,,,,,,,,,,,,,,,,,,,,,,,,,,,,,,,,,,,,
KERALA – SPECIAL JAILS,543,Special Sub Jail 5 Thalassery,44,4,81,0,85,,,,,,,,,,,,,,,,,,,,,,,,,,,,,,,,,,,,,,,,,,,,,,,,,,,,,,,,,,,,,,,,,,,,,,,,,,,,,,,,
KERALA – SPECIAL JAILS,544,Special Sub Jail 6 Puthiyara,50,0,68,0,68,,,,,,,,,,,,,,,,,,,,,,,,,,,,,,,,,,,,,,,,,,,,,,,,,,,,,,,,,,,,,,,,,,,,,,,,,,,,,,,,
KERALA – SPECIAL JAILS,545,Special Sub Jail 7 Kannur,112,0,121,0,121,,,,,,,,,,,,,,,,,,,,,,,,,,,,,,,,,,,,,,,,,,,,,,,,,,,,,,,,,,,,,,,,,,,,,,,,,,,,,,,,
KERALA – SPECIAL JAILS,546,Special Sub Jail 8 Poojappura,228,8,177,0,185,,,,,,,,,,,,,,,,,,,,,,,,,,,,,,,,,,,,,,,,,,,,,,,,,,,,,,,,,,,,,,,,,,,,,,,,,,,,,,,,
KERALA – SPECIAL JAILS,547,Special Sub Jail 9 Thozhukkal,148,2,107,0,109,,,,,,,,,,,,,,,,,,,,,,,,,,,,,,,,,,,,,,,,,,,,,,,,,,,,,,,,,,,,,,,,,,,,,,,,,,,,,,,,
KERALA – OTHER JAILS,548,"Kalliyil, Near Neyyar SICA, Thevancode 1 Dam, Thiruvananthapuram",162,111,0,0,111,,,,,,,,,,,,,,,,,,,,,,,,,,,,,,,,,,,,,,,,,,,,,,,,,,,,,,,,,,,,,,,,,,,,,,,,,,,,,,,,
MADHYA PRADESH – CENTRAL JAILS,549,Central Jail 1 Indore,1150,1658,812,10,2480,,,,,,,,,,,,,,,,,,,,,,,,,,,,,,,,,,,,,,,,,,,,,,,,,,,,,,,,,,,,,,,,,,,,,,,,,,,,,,,,
MADHYA PRADESH – CENTRAL JAILS,550,Central Jail 2 Gwalior,2559,1296,780,48,2124,,,,,,,,,,,,,,,,,,,,,,,,,,,,,,,,,,,,,,,,,,,,,,,,,,,,,,,,,,,,,,,,,,,,,,,,,,,,,,,,
,551,Central Jail 3 Jabalpur,1910,1582,816,46,2444,,,,,,,,,,,,,,,,,,,,,,,,,,,,,,,,,,,,,,,,,,,,,,,,,,,,,,,,,,,,,,,,,,,,,,,,,,,,,,,,
,552,Central Jail 4 Bhopal,2600,1981,967,8,2956,,,,,,,,,,,,,,,,,,,,,,,,,,,,,,,,,,,,,,,,,,,,,,,,,,,,,,,,,,,,,,,,,,,,,,,,,,,,,,,,
,553,Central Jail 5 Rewa,696,1007,343,13,1363,,,,,,,,,,,,,,,,,,,,,,,,,,,,,,,,,,,,,,,,,,,,,,,,,,,,,,,,,,,,,,,,,,,,,,,,,,,,,,,,
,554,Central Jail 6 Satna,384,1055,321,10,1386,,,,,,,,,,,,,,,,,,,,,,,,,,,,,,,,,,,,,,,,,,,,,,,,,,,,,,,,,,,,,,,,,,,,,,,,,,,,,,,,
,555,Central Jail 7 Ujjain,1410,1592,342,17,1951,,,,,,,,,,,,,,,,,,,,,,,,,,,,,,,,,,,,,,,,,,,,,,,,,,,,,,,,,,,,,,,,,,,,,,,,,,,,,,,,
,556,Central Jail 8 Sagar,894,1128,414,7,1549,,,,,,,,,,,,,,,,,,,,,,,,,,,,,,,,,,,,,,,,,,,,,,,,,,,,,,,,,,,,,,,,,,,,,,,,,,,,,,,,
MADHYA PRADESH – DISTRICT JAILS,557,District Jail 1 Narsinghpur,718,418,315,3,736,,,,,,,,,,,,,,,,,,,,,,,,,,,,,,,,,,,,,,,,,,,,,,,,,,,,,,,,,,,,,,,,,,,,,,,,,,,,,,,,
MADHYA PRADESH – DISTRICT JAILS,558,District Jail 2 Alirajpur,230,94,138,0,232,,,,,,,,,,,,,,,,,,,,,,,,,,,,,,,,,,,,,,,,,,,,,,,,,,,,,,,,,,,,,,,,,,,,,,,,,,,,,,,,
MADHYA PRADESH – DISTRICT JAILS,559,District Jail 3 Indore,480,276,506,29,811,,,,,,,,,,,,,,,,,,,,,,,,,,,,,,,,,,,,,,,,,,,,,,,,,,,,,,,,,,,,,,,,,,,,,,,,,,,,,,,,
MADHYA PRADESH – DISTRICT JAILS,560,District Jail 4 Khandawa,168,157,258,4,419,,,,,,,,,,,,,,,,,,,,,,,,,,,,,,,,,,,,,,,,,,,,,,,,,,,,,,,,,,,,,,,,,,,,,,,,,,,,,,,,
MADHYA PRADESH – DISTRICT JAILS,561,District Jail 5 Chhatarpur,292,71,349,0,420,,,,,,,,,,,,,,,,,,,,,,,,,,,,,,,,,,,,,,,,,,,,,,,,,,,,,,,,,,,,,,,,,,,,,,,,,,,,,,,,
MADHYA PRADESH – DISTRICT JAILS,562,District Jail 6 Chhindwara,320,146,373,13,532,,,,,,,,,,,,,,,,,,,,,,,,,,,,,,,,,,,,,,,,,,,,,,,,,,,,,,,,,,,,,,,,,,,,,,,,,,,,,,,,
MADHYA PRADESH – DISTRICT JAILS,563,District Jail 7 Jhabua,220,45,233,1,279,,,,,,,,,,,,,,,,,,,,,,,,,,,,,,,,,,,,,,,,,,,,,,,,,,,,,,,,,,,,,,,,,,,,,,,,,,,,,,,,
MADHYA PRADESH – DISTRICT JAILS,564,District Jail 8 Tikamgarh,357,115,232,0,347,,,,,,,,,,,,,,,,,,,,,,,,,,,,,,,,,,,,,,,,,,,,,,,,,,,,,,,,,,,,,,,,,,,,,,,,,,,,,,,,
MADHYA PRADESH – DISTRICT JAILS,565,District Jail 9 Datia,202,114,124,0,238,,,,,,,,,,,,,,,,,,,,,,,,,,,,,,,,,,,,,,,,,,,,,,,,,,,,,,,,,,,,,,,,,,,,,,,,,,,,,,,,
MADHYA PRADESH – DISTRICT JAILS,566,District Jail 10 Damoh,180,163,276,1,440,,,,,,,,,,,,,,,,,,,,,,,,,,,,,,,,,,,,,,,,,,,,,,,,,,,,,,,,,,,,,,,,,,,,,,,,,,,,,,,,
MADHYA PRADESH – DISTRICT JAILS,567,District Jail 11 Badwani,416,209,265,5,479,,,,,,,,,,,,,,,,,,,,,,,,,,,,,,,,,,,,,,,,,,,,,,,,,,,,,,,,,,,,,,,,,,,,,,,,,,,,,,,,
MADHYA PRADESH – DISTRICT JAILS,568,District Jail 12 Betul,267,129,316,0,445,,,,,,,,,,,,,,,,,,,,,,,,,,,,,,,,,,,,,,,,,,,,,,,,,,,,,,,,,,,,,,,,,,,,,,,,,,,,,,,,
MADHYA PRADESH – DISTRICT JAILS,569,District Jail 13 Rajgarh,170,45,256,0,301,,,,,,,,,,,,,,,,,,,,,,,,,,,,,,,,,,,,,,,,,,,,,,,,,,,,,,,,,,,,,,,,,,,,,,,,,,,,,,,,
MADHYA PRADESH – DISTRICT JAILS,570,District Jail 14 Shahdol,220,136,470,3,609,,,,,,,,,,,,,,,,,,,,,,,,,,,,,,,,,,,,,,,,,,,,,,,,,,,,,,,,,,,,,,,,,,,,,,,,,,,,,,,,
MADHYA PRADESH – DISTRICT JAILS,571,District Jail 15 Ratlam,205,75,301,0,376,,,,,,,,,,,,,,,,,,,,,,,,,,,,,,,,,,,,,,,,,,,,,,,,,,,,,,,,,,,,,,,,,,,,,,,,,,,,,,,,
MADHYA PRADESH – DISTRICT JAILS,572,District Jail 16 Shajapur,372,177,162,2,341,,,,,,,,,,,,,,,,,,,,,,,,,,,,,,,,,,,,,,,,,,,,,,,,,,,,,,,,,,,,,,,,,,,,,,,,,,,,,,,,
MADHYA PRADESH – DISTRICT JAILS,573,District Jail 17 Dhar,180,164,280,7,451,,,,,,,,,,,,,,,,,,,,,,,,,,,,,,,,,,,,,,,,,,,,,,,,,,,,,,,,,,,,,,,,,,,,,,,,,,,,,,,,
MADHYA PRADESH – DISTRICT JAILS,574,District Jail 18 Seoni,132,247,163,0,410,,,,,,,,,,,,,,,,,,,,,,,,,,,,,,,,,,,,,,,,,,,,,,,,,,,,,,,,,,,,,,,,,,,,,,,,,,,,,,,,
MADHYA PRADESH – DISTRICT JAILS,575,District Jail 19 Sidhi,190,102,253,1,356,,,,,,,,,,,,,,,,,,,,,,,,,,,,,,,,,,,,,,,,,,,,,,,,,,,,,,,,,,,,,,,,,,,,,,,,,,,,,,,,
MADHYA PRADESH – DISTRICT JAILS,576,District Jail 20 Hoshangabad,230,51,273,0,324,,,,,,,,,,,,,,,,,,,,,,,,,,,,,,,,,,,,,,,,,,,,,,,,,,,,,,,,,,,,,,,,,,,,,,,,,,,,,,,,
MADHYA PRADESH – DISTRICT JAILS,577,"New Distt. Jail, District Jail 21 Hoshangabad",175,112,2,0,114,,,,,,,,,,,,,,,,,,,,,,,,,,,,,,,,,,,,,,,,,,,,,,,,,,,,,,,,,,,,,,,,,,,,,,,,,,,,,,,,
MADHYA PRADESH – DISTRICT JAILS,578,District Jail 22 Mandsaur,330,45,376,0,421,,,,,,,,,,,,,,,,,,,,,,,,,,,,,,,,,,,,,,,,,,,,,,,,,,,,,,,,,,,,,,,,,,,,,,,,,,,,,,,,
MADHYA PRADESH – DISTRICT JAILS,579,District Jail 23 Murena,267,11,194,0,205,,,,,,,,,,,,,,,,,,,,,,,,,,,,,,,,,,,,,,,,,,,,,,,,,,,,,,,,,,,,,,,,,,,,,,,,,,,,,,,,
MADHYA PRADESH – DISTRICT JAILS,580,District Jail 24 Balaghat,130,18,152,1,171,,,,,,,,,,,,,,,,,,,,,,,,,,,,,,,,,,,,,,,,,,,,,,,,,,,,,,,,,,,,,,,,,,,,,,,,,,,,,,,,
MADHYA PRADESH – DISTRICT JAILS,581,District Jail 25 Bhopal,260,0,0,0,0,,,,,,,,,,,,,,,,,,,,,,,,,,,,,,,,,,,,,,,,,,,,,,,,,,,,,,,,,,,,,,,,,,,,,,,,,,,,,,,,
MADHYA PRADESH – SUB JAILS,582,Sub Jail 1 Kannod,100,12,59,2,73,,,,,,,,,,,,,,,,,,,,,,,,,,,,,,,,,,,,,,,,,,,,,,,,,,,,,,,,,,,,,,,,,,,,,,,,,,,,,,,,
MADHYA PRADESH – SUB JAILS,583,Sub Jail 2 Katni,320,47,303,0,350,,,,,,,,,,,,,,,,,,,,,,,,,,,,,,,,,,,,,,,,,,,,,,,,,,,,,,,,,,,,,,,,,,,,,,,,,,,,,,,,
MADHYA PRADESH – SUB JAILS,584,Sub Jail 3 Khargaun,100,57,152,0,209,,,,,,,,,,,,,,,,,,,,,,,,,,,,,,,,,,,,,,,,,,,,,,,,,,,,,,,,,,,,,,,,,,,,,,,,,,,,,,,,
,585,Sub Jail 4 Garodh,124,6,136,1,143,,,,,,,,,,,,,,,,,,,,,,,,,,,,,,,,,,,,,,,,,,,,,,,,,,,,,,,,,,,,,,,,,,,,,,,,,,,,,,,,
,586,Sub Jail 5 Guna,252,24,208,0,232,,,,,,,,,,,,,,,,,,,,,,,,,,,,,,,,,,,,,,,,,,,,,,,,,,,,,,,,,,,,,,,,,,,,,,,,,,,,,,,,
,587,Sub Jail 6 Jawra,133,18,102,0,120,,,,,,,,,,,,,,,,,,,,,,,,,,,,,,,,,,,,,,,,,,,,,,,,,,,,,,,,,,,,,,,,,,,,,,,,,,,,,,,,
,588,Sub Jail 7 Jobat,70,1,64,0,65,,,,,,,,,,,,,,,,,,,,,,,,,,,,,,,,,,,,,,,,,,,,,,,,,,,,,,,,,,,,,,,,,,,,,,,,,,,,,,,,
,589,Sub Jail 8 Tarana,20,5,15,0,20,,,,,,,,,,,,,,,,,,,,,,,,,,,,,,,,,,,,,,,,,,,,,,,,,,,,,,,,,,,,,,,,,,,,,,,,,,,,,,,,
,590,Sub Jail 9 Dindori,50,13,85,0,98,,,,,,,,,,,,,,,,,,,,,,,,,,,,,,,,,,,,,,,,,,,,,,,,,,,,,,,,,,,,,,,,,,,,,,,,,,,,,,,,
,591,Sub Jail 10 Dewas,224,53,222,0,275,,,,,,,,,,,,,,,,,,,,,,,,,,,,,,,,,,,,,,,,,,,,,,,,,,,,,,,,,,,,,,,,,,,,,,,,,,,,,,,,
,592,Sub Jail 11 Narsinggarh,74,10,61,0,71,,,,,,,,,,,,,,,,,,,,,,,,,,,,,,,,,,,,,,,,,,,,,,,,,,,,,,,,,,,,,,,,,,,,,,,,,,,,,,,,
,593,Sub Jail 12 Nagod,100,4,60,0,64,,,,,,,,,,,,,,,,,,,,,,,,,,,,,,,,,,,,,,,,,,,,,,,,,,,,,,,,,,,,,,,,,,,,,,,,,,,,,,,,
,594,Sub Jail 13 Pipariya,116,12,90,0,102,,,,,,,,,,,,,,,,,,,,,,,,,,,,,,,,,,,,,,,,,,,,,,,,,,,,,,,,,,,,,,,,,,,,,,,,,,,,,,,,
,595,Sub Jail 14 Dabra,150,18,132,0,150,,,,,,,,,,,,,,,,,,,,,,,,,,,,,,,,,,,,,,,,,,,,,,,,,,,,,,,,,,,,,,,,,,,,,,,,,,,,,,,,
,596,Sub Jail 15 Budhar,50,11,25,0,36,,,,,,,,,,,,,,,,,,,,,,,,,,,,,,,,,,,,,,,,,,,,,,,,,,,,,,,,,,,,,,,,,,,,,,,,,,,,,,,,
,597,Sub Jail 16 Panna,160,35,199,0,234,,,,,,,,,,,,,,,,,,,,,,,,,,,,,,,,,,,,,,,,,,,,,,,,,,,,,,,,,,,,,,,,,,,,,,,,,,,,,,,,
,598,Sub Jail 17 Begumganj,40,0,98,0,98,,,,,,,,,,,,,,,,,,,,,,,,,,,,,,,,,,,,,,,,,,,,,,,,,,,,,,,,,,,,,,,,,,,,,,,,,,,,,,,,
,599,Sub Jail 18 Bijawar,150,16,108,0,124,,,,,,,,,,,,,,,,,,,,,,,,,,,,,,,,,,,,,,,,,,,,,,,,,,,,,,,,,,,,,,,,,,,,,,,,,,,,,,,,
,600,Sub Jail 19 Bhind,172,11,149,0,160,,,,,,,,,,,,,,,,,,,,,,,,,,,,,,,,,,,,,,,,,,,,,,,,,,,,,,,,,,,,,,,,,,,,,,,,,,,,,,,,
,601,Sub Jail 20 Mandala,143,36,143,2,181,,,,,,,,,,,,,,,,,,,,,,,,,,,,,,,,,,,,,,,,,,,,,,,,,,,,,,,,,,,,,,,,,,,,,,,,,,,,,,,,
,602,Sub Jail 21 Mandleshwar,100,9,41,1,51,,,,,,,,,,,,,,,,,,,,,,,,,,,,,,,,,,,,,,,,,,,,,,,,,,,,,,,,,,,,,,,,,,,,,,,,,,,,,,,,
,603,Sub Jail 22 Mahidpur,80,0,51,0,51,,,,,,,,,,,,,,,,,,,,,,,,,,,,,,,,,,,,,,,,,,,,,,,,,,,,,,,,,,,,,,,,,,,,,,,,,,,,,,,,
,604,Sub Jail 23 Maihar,82,12,91,0,103,,,,,,,,,,,,,,,,,,,,,,,,,,,,,,,,,,,,,,,,,,,,,,,,,,,,,,,,,,,,,,,,,,,,,,,,,,,,,,,,
,605,Sub Jail 24 Raisen,100,19,148,0,167,,,,,,,,,,,,,,,,,,,,,,,,,,,,,,,,,,,,,,,,,,,,,,,,,,,,,,,,,,,,,,,,,,,,,,,,,,,,,,,,
,606,Sub Jail 25 Vidisha,150,17,118,1,136,,,,,,,,,,,,,,,,,,,,,,,,,,,,,,,,,,,,,,,,,,,,,,,,,,,,,,,,,,,,,,,,,,,,,,,,,,,,,,,,
,607,Sub Jail 26 Shivpuri,135,19,150,0,169,,,,,,,,,,,,,,,,,,,,,,,,,,,,,,,,,,,,,,,,,,,,,,,,,,,,,,,,,,,,,,,,,,,,,,,,,,,,,,,,
,608,Sub Jail 27 Sabalgarh,150,2,54,0,56,,,,,,,,,,,,,,,,,,,,,,,,,,,,,,,,,,,,,,,,,,,,,,,,,,,,,,,,,,,,,,,,,,,,,,,,,,,,,,,,
,609,Sub Jail 28 Sardarpur,100,7,84,0,91,,,,,,,,,,,,,,,,,,,,,,,,,,,,,,,,,,,,,,,,,,,,,,,,,,,,,,,,,,,,,,,,,,,,,,,,,,,,,,,,
,610,Sub Jail 29 Sehore,300,29,167,0,196,,,,,,,,,,,,,,,,,,,,,,,,,,,,,,,,,,,,,,,,,,,,,,,,,,,,,,,,,,,,,,,,,,,,,,,,,,,,,,,,
,611,Sub Jail 30 Sihora,90,14,67,1,82,,,,,,,,,,,,,,,,,,,,,,,,,,,,,,,,,,,,,,,,,,,,,,,,,,,,,,,,,,,,,,,,,,,,,,,,,,,,,,,,
,612,Sub Jail 31 Sendhwa,72,8,71,3,82,,,,,,,,,,,,,,,,,,,,,,,,,,,,,,,,,,,,,,,,,,,,,,,,,,,,,,,,,,,,,,,,,,,,,,,,,,,,,,,,
,613,Sub Jail 32 Umariya,130,11,87,0,98,,,,,,,,,,,,,,,,,,,,,,,,,,,,,,,,,,,,,,,,,,,,,,,,,,,,,,,,,,,,,,,,,,,,,,,,,,,,,,,,
,614,Sub Jail 33 Khachrod,50,4,103,0,107,,,,,,,,,,,,,,,,,,,,,,,,,,,,,,,,,,,,,,,,,,,,,,,,,,,,,,,,,,,,,,,,,,,,,,,,,,,,,,,,
,615,Sub Jail 34 Pichhore,70,6,88,0,94,,,,,,,,,,,,,,,,,,,,,,,,,,,,,,,,,,,,,,,,,,,,,,,,,,,,,,,,,,,,,,,,,,,,,,,,,,,,,,,,
,616,Sub Jail 35 Shiopurkala,170,10,69,0,79,,,,,,,,,,,,,,,,,,,,,,,,,,,,,,,,,,,,,,,,,,,,,,,,,,,,,,,,,,,,,,,,,,,,,,,,,,,,,,,,
,617,Sub Jail 36 Waraseoni,50,6,77,0,83,,,,,,,,,,,,,,,,,,,,,,,,,,,,,,,,,,,,,,,,,,,,,,,,,,,,,,,,,,,,,,,,,,,,,,,,,,,,,,,,
,618,Sub Jail 37 Lahar,150,4,33,0,37,,,,,,,,,,,,,,,,,,,,,,,,,,,,,,,,,,,,,,,,,,,,,,,,,,,,,,,,,,,,,,,,,,,,,,,,,,,,,,,,
,619,Sub Jail 38 Mehgaun,50,4,42,0,46,,,,,,,,,,,,,,,,,,,,,,,,,,,,,,,,,,,,,,,,,,,,,,,,,,,,,,,,,,,,,,,,,,,,,,,,,,,,,,,,
,620,Sub Jail 39 Laudi,70,23,34,0,57,,,,,,,,,,,,,,,,,,,,,,,,,,,,,,,,,,,,,,,,,,,,,,,,,,,,,,,,,,,,,,,,,,,,,,,,,,,,,,,,
,621,Sub Jail 40 Amarwara,56,12,41,0,53,,,,,,,,,,,,,,,,,,,,,,,,,,,,,,,,,,,,,,,,,,,,,,,,,,,,,,,,,,,,,,,,,,,,,,,,,,,,,,,,
,622,Sub Jail 41 Seonimalwa,50,2,26,0,28,,,,,,,,,,,,,,,,,,,,,,,,,,,,,,,,,,,,,,,,,,,,,,,,,,,,,,,,,,,,,,,,,,,,,,,,,,,,,,,,
,623,Sub Jail 42 Multai,90,13,96,1,110,,,,,,,,,,,,,,,,,,,,,,,,,,,,,,,,,,,,,,,,,,,,,,,,,,,,,,,,,,,,,,,,,,,,,,,,,,,,,,,,
,624,Sub Jail 43 Baihar,50,3,28,0,31,,,,,,,,,,,,,,,,,,,,,,,,,,,,,,,,,,,,,,,,,,,,,,,,,,,,,,,,,,,,,,,,,,,,,,,,,,,,,,,,
,625,Sub Jail 44 Sarangpur,50,2,44,0,46,,,,,,,,,,,,,,,,,,,,,,,,,,,,,,,,,,,,,,,,,,,,,,,,,,,,,,,,,,,,,,,,,,,,,,,,,,,,,,,,
,626,Sub Jail 45 Lakhnadaun,50,10,82,0,92,,,,,,,,,,,,,,,,,,,,,,,,,,,,,,,,,,,,,,,,,,,,,,,,,,,,,,,,,,,,,,,,,,,,,,,,,,,,,,,,
,627,Sub Jail 46 Nasrullaganj,50,3,56,0,59,,,,,,,,,,,,,,,,,,,,,,,,,,,,,,,,,,,,,,,,,,,,,,,,,,,,,,,,,,,,,,,,,,,,,,,,,,,,,,,,
,628,Sub Jail 47 Bagli,50,5,90,0,95,,,,,,,,,,,,,,,,,,,,,,,,,,,,,,,,,,,,,,,,,,,,,,,,,,,,,,,,,,,,,,,,,,,,,,,,,,,,,,,,
,629,Sub Jail 48 Kolaras,50,2,15,0,17,,,,,,,,,,,,,,,,,,,,,,,,,,,,,,,,,,,,,,,,,,,,,,,,,,,,,,,,,,,,,,,,,,,,,,,,,,,,,,,,
,630,Sub Jail 49 Mahu,123,9,121,1,131,,,,,,,,,,,,,,,,,,,,,,,,,,,,,,,,,,,,,,,,,,,,,,,,,,,,,,,,,,,,,,,,,,,,,,,,,,,,,,,,
,631,Sub Jail 50 Depalpur,50,3,29,1,33,,,,,,,,,,,,,,,,,,,,,,,,,,,,,,,,,,,,,,,,,,,,,,,,,,,,,,,,,,,,,,,,,,,,,,,,,,,,,,,,
,632,Sub Jail 51 Sailana,50,7,35,0,42,,,,,,,,,,,,,,,,,,,,,,,,,,,,,,,,,,,,,,,,,,,,,,,,,,,,,,,,,,,,,,,,,,,,,,,,,,,,,,,,
,633,Sub Jail 52 Gohad,50,4,66,0,70,,,,,,,,,,,,,,,,,,,,,,,,,,,,,,,,,,,,,,,,,,,,,,,,,,,,,,,,,,,,,,,,,,,,,,,,,,,,,,,,
,634,Sub Jail 53 Naugaun,70,4,60,0,64,,,,,,,,,,,,,,,,,,,,,,,,,,,,,,,,,,,,,,,,,,,,,,,,,,,,,,,,,,,,,,,,,,,,,,,,,,,,,,,,
,635,Sub Jail 54 Patan,50,1,41,0,42,,,,,,,,,,,,,,,,,,,,,,,,,,,,,,,,,,,,,,,,,,,,,,,,,,,,,,,,,,,,,,,,,,,,,,,,,,,,,,,,
,636,Sub Jail 55 Jawad,70,12,128,0,140,,,,,,,,,,,,,,,,,,,,,,,,,,,,,,,,,,,,,,,,,,,,,,,,,,,,,,,,,,,,,,,,,,,,,,,,,,,,,,,,
,637,Sub Jail 56 Jaora,50,2,63,0,65,,,,,,,,,,,,,,,,,,,,,,,,,,,,,,,,,,,,,,,,,,,,,,,,,,,,,,,,,,,,,,,,,,,,,,,,,,,,,,,,
,638,Sub Jail 57 Kasrawad,50,6,51,0,57,,,,,,,,,,,,,,,,,,,,,,,,,,,,,,,,,,,,,,,,,,,,,,,,,,,,,,,,,,,,,,,,,,,,,,,,,,,,,,,,
,639,Sub Jail 58 Sanwer,50,10,30,1,41,,,,,,,,,,,,,,,,,,,,,,,,,,,,,,,,,,,,,,,,,,,,,,,,,,,,,,,,,,,,,,,,,,,,,,,,,,,,,,,,
,640,Sub Jail 59 Jatara,50,1,31,0,32,,,,,,,,,,,,,,,,,,,,,,,,,,,,,,,,,,,,,,,,,,,,,,,,,,,,,,,,,,,,,,,,,,,,,,,,,,,,,,,,
,641,Sub Jail 60 Ashoknagar,257,19,135,0,154,,,,,,,,,,,,,,,,,,,,,,,,,,,,,,,,,,,,,,,,,,,,,,,,,,,,,,,,,,,,,,,,,,,,,,,,,,,,,,,,
,642,Sub Jail 61 Ambah,50,1,61,0,62,,,,,,,,,,,,,,,,,,,,,,,,,,,,,,,,,,,,,,,,,,,,,,,,,,,,,,,,,,,,,,,,,,,,,,,,,,,,,,,,
,643,Sub Jail 62 Niwadi,50,1,45,0,46,,,,,,,,,,,,,,,,,,,,,,,,,,,,,,,,,,,,,,,,,,,,,,,,,,,,,,,,,,,,,,,,,,,,,,,,,,,,,,,,
,644,Sub Jail 63 Beohari,50,4,80,0,84,,,,,,,,,,,,,,,,,,,,,,,,,,,,,,,,,,,,,,,,,,,,,,,,,,,,,,,,,,,,,,,,,,,,,,,,,,,,,,,,
,645,Sub Jail 64 Neemuch,138,41,206,0,247,,,,,,,,,,,,,,,,,,,,,,,,,,,,,,,,,,,,,,,,,,,,,,,,,,,,,,,,,,,,,,,,,,,,,,,,,,,,,,,,
,646,Sub Jail 65 Baidhan,50,17,216,1,234,,,,,,,,,,,,,,,,,,,,,,,,,,,,,,,,,,,,,,,,,,,,,,,,,,,,,,,,,,,,,,,,,,,,,,,,,,,,,,,,
,647,Sub Jail 66 Kerera,90,3,41,0,44,,,,,,,,,,,,,,,,,,,,,,,,,,,,,,,,,,,,,,,,,,,,,,,,,,,,,,,,,,,,,,,,,,,,,,,,,,,,,,,,
,648,Sub Jail 67 Gauharganj,50,4,62,0,66,,,,,,,,,,,,,,,,,,,,,,,,,,,,,,,,,,,,,,,,,,,,,,,,,,,,,,,,,,,,,,,,,,,,,,,,,,,,,,,,
,649,Sub Jail 68 Harda,90,5,124,1,130,,,,,,,,,,,,,,,,,,,,,,,,,,,,,,,,,,,,,,,,,,,,,,,,,,,,,,,,,,,,,,,,,,,,,,,,,,,,,,,,
,650,Sub Jail 69 Shujalpur,50,23,80,1,104,,,,,,,,,,,,,,,,,,,,,,,,,,,,,,,,,,,,,,,,,,,,,,,,,,,,,,,,,,,,,,,,,,,,,,,,,,,,,,,,
,651,Sub Jail 70 Agar,90,9,63,0,72,,,,,,,,,,,,,,,,,,,,,,,,,,,,,,,,,,,,,,,,,,,,,,,,,,,,,,,,,,,,,,,,,,,,,,,,,,,,,,,,
,652,Sub Jail 71 Bareli,50,2,43,1,46,,,,,,,,,,,,,,,,,,,,,,,,,,,,,,,,,,,,,,,,,,,,,,,,,,,,,,,,,,,,,,,,,,,,,,,,,,,,,,,,
,653,Sub Jail 72 Hata,50,5,79,0,84,,,,,,,,,,,,,,,,,,,,,,,,,,,,,,,,,,,,,,,,,,,,,,,,,,,,,,,,,,,,,,,,,,,,,,,,,,,,,,,,
,654,Sub Jail 73 Lateri,50,5,104,0,109,,,,,,,,,,,,,,,,,,,,,,,,,,,,,,,,,,,,,,,,,,,,,,,,,,,,,,,,,,,,,,,,,,,,,,,,,,,,,,,,
,655,Sub Jail 74 Ganjbasoda,90,14,70,0,84,,,,,,,,,,,,,,,,,,,,,,,,,,,,,,,,,,,,,,,,,,,,,,,,,,,,,,,,,,,,,,,,,,,,,,,,,,,,,,,,
,656,Sub Jail 75 Sewdha,50,3,31,0,34,,,,,,,,,,,,,,,,,,,,,,,,,,,,,,,,,,,,,,,,,,,,,,,,,,,,,,,,,,,,,,,,,,,,,,,,,,,,,,,,
,657,Sub Jail 76 Pohri,50,2,26,0,28,,,,,,,,,,,,,,,,,,,,,,,,,,,,,,,,,,,,,,,,,,,,,,,,,,,,,,,,,,,,,,,,,,,,,,,,,,,,,,,,
,658,Sub Jail 77 Khurai,50,27,115,0,142,,,,,,,,,,,,,,,,,,,,,,,,,,,,,,,,,,,,,,,,,,,,,,,,,,,,,,,,,,,,,,,,,,,,,,,,,,,,,,,,
,659,Sub Jail 78 Susner,50,3,45,2,50,,,,,,,,,,,,,,,,,,,,,,,,,,,,,,,,,,,,,,,,,,,,,,,,,,,,,,,,,,,,,,,,,,,,,,,,,,,,,,,,
,660,Sub Jail 79 Dharampuri,50,2,27,0,29,,,,,,,,,,,,,,,,,,,,,,,,,,,,,,,,,,,,,,,,,,,,,,,,,,,,,,,,,,,,,,,,,,,,,,,,,,,,,,,,
,661,Sub Jail 80 Badwah,50,18,68,0,86,,,,,,,,,,,,,,,,,,,,,,,,,,,,,,,,,,,,,,,,,,,,,,,,,,,,,,,,,,,,,,,,,,,,,,,,,,,,,,,,
,662,Sub Jail 81 Mahugang,50,3,96,0,99,,,,,,,,,,,,,,,,,,,,,,,,,,,,,,,,,,,,,,,,,,,,,,,,,,,,,,,,,,,,,,,,,,,,,,,,,,,,,,,,
,663,Sub Jail Rehli,,,,,,,,,,,,,,,,,,,,,,,,,,,,,,,82,,70,3,110,0,113,,,,,,,,,,,,,,,,,,,,,,,,,,,,,,,,,,,,,,,,,,,,,,,,
,664,Sub Jail Chachoda,,,,,,,,,,,,,,,,,,,,,,,,,,,,,,,83,,70,8,32,0,40,,,,,,,,,,,,,,,,,,,,,,,,,,,,,,,,,,,,,,,,,,,,,,,,
,665,Sub Jail Banda,,,,,,,,,,,,,,,,,,,,,,,,,,,,,,,84,,50,2,45,1,48,,,,,,,,,,,,,,,,,,,,,,,,,,,,,,,,,,,,,,,,,,,,,,,,
,666,Sub Jail Pawai,,,,,,,,,,,,,,,,,,,,,,,,,,,,,,,85,,50,8,44,0,52,,,,,,,,,,,,,,,,,,,,,,,,,,,,,,,,,,,,,,,,,,,,,,,,
,667,Sub Jail Manawar,,,,,,,,,,,,,,,,,,,,,,,,,,,,,,,86,,50,8,88,0,96,,,,,,,,,,,,,,,,,,,,,,,,,,,,,,,,,,,,,,,,,,,,,,,,
,668,Sub Jail Badnawar,,,,,,,,,,,,,,,,,,,,,,,,,,,,,,,87,,50,12,34,0,46,,,,,,,,,,,,,,,,,,,,,,,,,,,,,,,,,,,,,,,,,,,,,,,,
,669,Sub Jail Maheshwar,,,,,,,,,,,,,,,,,,,,,,,,,,,,,,,88,,50,2,22,0,24,,,,,,,,,,,,,,,,,,,,,,,,,,,,,,,,,,,,,,,,,,,,,,,,
,670,Sub Jail Sonkachh,,,,,,,,,,,,,,,,,,,,,,,,,,,,,,,89,,50,8,52,0,60,,,,,,,,,,,,,,,,,,,,,,,,,,,,,,,,,,,,,,,,,,,,,,,,
,671,Sub Jail Vijaypur,,,,,,,,,,,,,,,,,,,,,,,,,,,,,,,90,,50,5,29,0,34,,,,,,,,,,,,,,,,,,,,,,,,,,,,,,,,,,,,,,,,,,,,,,,,
MADHYA PRADESH – OPEN JAILS,672,"Nav Jeevan Aashram, Open jail Hoshangabad",,,,,,,,,,,,,,,,,,,,,,,,,,,,,,,1,,25,24,0,0,24,,,,,,,,,,,,,,,,,,,,,,,,,,,,,,,,,,,,,,,,,,,,,,,,
MAHARASHTRA – CENTRAL JAILS,673,"Yerawada, Pune- Yerawada Central Jail",,,,,,,,,,,,,,,,,,,,,,,,,,,,,,,1,,2449,2188,1179,11,3378,,,,,,,,,,,,,,,,,,,,,,,,,,,,,,,,,,,,,,,,,,,,,,,,
MAHARASHTRA – CENTRAL JAILS,,"Yerawada, Pune- Yerawada Central Jail [line 2]",,,,,,,,,,,,,,,,,,,,,,,,,,,,,,,,411006,,,,,,,,,,,,,,,,,,,,,,,,,,,,,,,,,,,,,,,,,,,,,,,,,,,,,
MAHARASHTRA – CENTRAL JAILS,674,"Kamlaba, Kolhapur- Kolhapur Central Jail",,,,,,,,,,,,,,,,,,,,,,,,,,,,,,,2,,1789,1569,178,1,1748,,,,,,,,,,,,,,,,,,,,,,,,,,,,,,,,,,,,,,,,,,,,,,,,
MAHARASHTRA – CENTRAL JAILS,,"Kamlaba, Kolhapur- Kolhapur Central Jail [line 2]",,,,,,,,,,,,,,,,,,,,,,,,,,,,,,,,416007,,,,,,,,,,,,,,,,,,,,,,,,,,,,,,,,,,,,,,,,,,,,,,,,,,,,,
MAHARASHTRA – CENTRAL JAILS,675,"Arthur Road, Mumbai- Mumbai Central Jail",,,,,,,,,,,,,,,,,,,,,,,,,,,,,,,3,,804,31,2130,1,2162,,,,,,,,,,,,,,,,,,,,,,,,,,,,,,,,,,,,,,,,,,,,,,,,
MAHARASHTRA – CENTRAL JAILS,,"Arthur Road, Mumbai- Mumbai Central Jail [line 2]",,,,,,,,,,,,,,,,,,,,,,,,,,,,,,,,400001,,,,,,,,,,,,,,,,,,,,,,,,,,,,,,,,,,,,,,,,,,,,,,,,,,,,,
MAHARASHTRA – CENTRAL JAILS,676,Thane Central Jail Thane-400601,,,,,,,,,,,,,,,,,,,,,,,,,,,,,,,4,,1105,155,1786,1,1942,,,,,,,,,,,,,,,,,,,,,,,,,,,,,,,,,,,,,,,,,,,,,,,,
MAHARASHTRA – CENTRAL JAILS,677,"Harsool, Aurangabad- Aurangabad Central Jail",,,,,,,,,,,,,,,,,,,,,,,,,,,,,,,5,,579,451,700,12,1163,,,,,,,,,,,,,,,,,,,,,,,,,,,,,,,,,,,,,,,,,,,,,,,,
MAHARASHTRA – CENTRAL JAILS,,"Harsool, Aurangabad- Aurangabad Central Jail [line 2]",,,,,,,,,,,,,,,,,,,,,,,,,,,,,,,,431001,,,,,,,,,,,,,,,,,,,,,,,,,,,,,,,,,,,,,,,,,,,,,,,,,,,,,
MAHARASHTRA – CENTRAL JAILS,678,Nashik Road Central Jail Nashik Road,,,,,,,,,,,,,,,,,,,,,,,,,,,,,,,6,- 422001,3178,1586,551,14,2151,,,,,,,,,,,,,,,,,,,,,,,,,,,,,,,,,,,,,,,,,,,,,,,,
MAHARASHTRA – CENTRAL JAILS,679,Nagpur Central Jail Nagpur,,,,,,,,,,,,,,,,,,,,,,,,,,,,,,,7,,1840,894,921,2,1817,,,,,,,,,,,,,,,,,,,,,,,,,,,,,,,,,,,,,,,,,,,,,,,,
MAHARASHTRA – CENTRAL JAILS,680,Amravati Central Jail Amravati,,,,,,,,,,,,,,,,,,,,,,,,,,,,,,,8,,973,559,457,0,1016,,,,,,,,,,,,,,,,,,,,,,,,,,,,,,,,,,,,,,,,,,,,,,,,
MAHARASHTRA – CENTRAL JAILS,681,"Taloja Central Jail Taloja, New Mumbai",,,,,,,,,,,,,,,,,,,,,,,,,,,,,,,9,,2124,72,895,0,967,,,,,,,,,,,,,,,,,,,,,,,,,,,,,,,,,,,,,,,,,,,,,,,,
MAHARASHTRA – DISTRICT JAILS,682,"Adharwadi, Kalayan- Kalayan District Jail",,,,,,,,,,,,,,,,,,,,,,,,,,,,,,,1,,540,66,1039,0,1105,,,,,,,,,,,,,,,,,,,,,,,,,,,,,,,,,,,,,,,,,,,,,,,,
MAHARASHTRA – DISTRICT JAILS,,"Adharwadi, Kalayan- Kalayan District Jail [line 2]",,,,,,,,,,,,,,,,,,,,,,,,,,,,,,,,421 301,,,,,,,,,,,,,,,,,,,,,,,,,,,,,,,,,,,,,,,,,,,,,,,,,,,,,
MAHARASHTRA – DISTRICT JAILS,,"Byculla, Mumbai",,,,,,,,,,,,,,,,,,,,,,,,,,,,,,,,- 400,,,,,,,,,,,,,,,,,,,,,,,,,,,,,,,,,,,,,,,,,,,,,,,,,,,,,
MAHARASHTRA – DISTRICT JAILS,683,Buculls District Jail,,,,,,,,,,,,,,,,,,,,,,,,,,,,,,,2,,200,23,111,0,134,,,,,,,,,,,,,,,,,,,,,,,,,,,,,,,,,,,,,,,,,,,,,,,,
MAHARASHTRA – DISTRICT JAILS,684,Dhule District Jail Dhule-424,,,,,,,,,,,,,,,,,,,,,,,,,,,,,,,3,001,294,49,271,0,320,,,,,,,,,,,,,,,,,,,,,,,,,,,,,,,,,,,,,,,,,,,,,,,,
MAHARASHTRA – DISTRICT JAILS,685,Akola District Jail Akola-444,,,,,,,,,,,,,,,,,,,,,,,,,,,,,,,4,001,695,44,387,0,431,,,,,,,,,,,,,,,,,,,,,,,,,,,,,,,,,,,,,,,,,,,,,,,,
MAHARASHTRA – DISTRICT JAILS,686,Bhandara District Jail Bhandara-441,,,,,,,,,,,,,,,,,,,,,,,,,,,,,,,5,904,343,18,270,0,288,,,,,,,,,,,,,,,,,,,,,,,,,,,,,,,,,,,,,,,,,,,,,,,,
MAHARASHTRA – DISTRICT JAILS,687,Chandrapur District Jail Chandrapur,,,,,,,,,,,,,,,,,,,,,,,,,,,,,,,6,- 442 401,333,44,443,0,487,,,,,,,,,,,,,,,,,,,,,,,,,,,,,,,,,,,,,,,,,,,,,,,,
MAHARASHTRA – DISTRICT JAILS,688,Yawatmal District Jail Yawatmal,,,,,,,,,,,,,,,,,,,,,,,,,,,,,,,7,- 445 001,229,30,342,0,372,,,,,,,,,,,,,,,,,,,,,,,,,,,,,,,,,,,,,,,,,,,,,,,,
MAHARASHTRA – DISTRICT JAILS,689,Wardha District Jail Wardha,,,,,,,,,,,,,,,,,,,,,,,,,,,,,,,8,- 442 001,252,39,304,0,343,,,,,,,,,,,,,,,,,,,,,,,,,,,,,,,,,,,,,,,,,,,,,,,,
,690,Latur District Jail Latur,,,,,,,,,,,,,,,,,,,,,,,,,,,,,,,9,,500,4,120,0,124,,,,,,,,,,,,,,,,,,,,,,,,,,,,,,,,,,,,,,,,,,,,,,,,
,691,Alibag District Jail Alibag,,,,,,,,,,,,,,,,,,,,,,,,,,,,,,,10,- 402 201,82,6,175,0,181,,,,,,,,,,,,,,,,,,,,,,,,,,,,,,,,,,,,,,,,,,,,,,,,
,692,Sawantwadi District Jail Sawantwadi,,,,,,,,,,,,,,,,,,,,,,,,,,,,,,,11,- 416 510,78,10,36,0,46,,,,,,,,,,,,,,,,,,,,,,,,,,,,,,,,,,,,,,,,,,,,,,,,
,,"Buldhana, Bhandara",,,,,,,,,,,,,,,,,,,,,,,,,,,,,,,,-,,,,,,,,,,,,,,,,,,,,,,,,,,,,,,,,,,,,,,,,,,,,,,,,,,,,,
,693,Buldhana District Jail,,,,,,,,,,,,,,,,,,,,,,,,,,,,,,,12,,101,17,166,0,183,,,,,,,,,,,,,,,,,,,,,,,,,,,,,,,,,,,,,,,,,,,,,,,,
,,Buldhana District Jail [line 2],,,,,,,,,,,,,,,,,,,,,,,,,,,,,,,,441 904,,,,,,,,,,,,,,,,,,,,,,,,,,,,,,,,,,,,,,,,,,,,,,,,,,,,,
,694,Parbhani District Jail Parbhani,,,,,,,,,,,,,,,,,,,,,,,,,,,,,,,13,- 431 401,110,15,167,0,182,,,,,,,,,,,,,,,,,,,,,,,,,,,,,,,,,,,,,,,,,,,,,,,,
,695,Osmanabad District Jail Osmanabad,,,,,,,,,,,,,,,,,,,,,,,,,,,,,,,14,- 413 501,269,6,196,0,202,,,,,,,,,,,,,,,,,,,,,,,,,,,,,,,,,,,,,,,,,,,,,,,,
,696,Beed District Jail Beed,,,,,,,,,,,,,,,,,,,,,,,,,,,,,,,15,- 431 112,161,4,260,0,264,,,,,,,,,,,,,,,,,,,,,,,,,,,,,,,,,,,,,,,,,,,,,,,,
,697,Nanded District Jail Nanded,,,,,,,,,,,,,,,,,,,,,,,,,,,,,,,16,- 431 601,135,14,318,0,332,,,,,,,,,,,,,,,,,,,,,,,,,,,,,,,,,,,,,,,,,,,,,,,,
,698,Jalgaon District Jail Jalgaon,,,,,,,,,,,,,,,,,,,,,,,,,,,,,,,17,- 425 001,200,4,338,0,342,,,,,,,,,,,,,,,,,,,,,,,,,,,,,,,,,,,,,,,,,,,,,,,,
,699,"Tal. Shrigonda, Dist. Visapur District Jail",,,,,,,,,,,,,,,,,,,,,,,,,,,,,,,18,,512,18,0,0,18,,,,,,,,,,,,,,,,,,,,,,,,,,,,,,,,,,,,,,,,,,,,,,,,
,,Ahmednagar,,,,,,,,,,,,,,,,,,,,,,,,,,,,,,,,- 414001,,,,,,,,,,,,,,,,,,,,,,,,,,,,,,,,,,,,,,,,,,,,,,,,,,,,,
,700,Solapur District Jail Solapur,,,,,,,,,,,,,,,,,,,,,,,,,,,,,,,19,- 413 001,141,9,268,0,277,,,,,,,,,,,,,,,,,,,,,,,,,,,,,,,,,,,,,,,,,,,,,,,,
,701,Sangali District Jail Sangali,,,,,,,,,,,,,,,,,,,,,,,,,,,,,,,20,- 416 416,235,10,205,0,215,,,,,,,,,,,,,,,,,,,,,,,,,,,,,,,,,,,,,,,,,,,,,,,,
,702,Satara District Jail Satatra,,,,,,,,,,,,,,,,,,,,,,,,,,,,,,,21,- 415 001,168,3,263,0,266,,,,,,,,,,,,,,,,,,,,,,,,,,,,,,,,,,,,,,,,,,,,,,,,
,703,Ahmednagar District Jail Ahmednagar,,,,,,,,,,,,,,,,,,,,,,,,,,,,,,,22,- 414 001,48,7,175,0,182,,,,,,,,,,,,,,,,,,,,,,,,,,,,,,,,,,,,,,,,,,,,,,,,
,704,J.J. Hospital Prison Byculla,,,,,,,,,,,,,,,,,,,,,,,,,,,,,,,23,,20,1,6,0,7,,,,,,,,,,,,,,,,,,,,,,,,,,,,,,,,,,,,,,,,,,,,,,,,
,705,Kolhapur District Jail Kolhapur City,,,,,,,,,,,,,,,,,,,,,,,,,,,,,,,24,- 416 002,125,0,191,0,191,,,,,,,,,,,,,,,,,,,,,,,,,,,,,,,,,,,,,,,,,,,,,,,,
,706,"Tal-Bhusawal, Dist. Bhusawal District Jail",,,,,,,,,,,,,,,,,,,,,,,,,,,,,,,25,,70,1,20,0,21,,,,,,,,,,,,,,,,,,,,,,,,,,,,,,,,,,,,,,,,,,,,,,,,
,,Jalgaon,,,,,,,,,,,,,,,,,,,,,,,,,,,,,,,,- 425 001,,,,,,,,,,,,,,,,,,,,,,,,,,,,,,,,,,,,,,,,,,,,,,,,,,,,,
MAHARASHTRA – WOMEN JAILS,707,Mumbai Dist. Women Jail Byculla,,,,,,,,,,,,,,,,,,,,,,,,,,,,,,,1,,262,4,180,0,184,,,,,,,,,,,,,,,,,,,,,,,,,,,,,,,,,,,,,,,,,,,,,,,,
MAHARASHTRA – BORSTAL SCHOOLS,708,Borstal School Nashik Nashik,,,,,,,,,,,,,,,,,,,,,,,,,,,,,,,1,- 422 001,105,0,0,15,15,,,,,,,,,,,,,,,,,,,,,,,,,,,,,,,,,,,,,,,,,,,,,,,,
MAHARASHTRA – OPEN JAIL,,"Yerawada, Pune",,,,,,,,,,,,,,,,,,,,,,,,,,,,,,,,- 400,,,,,,,,,,,,,,,,,,,,,,,,,,,,,,,,,,,,,,,,,,,,,,,,,,,,,
MAHARASHTRA – OPEN JAIL,709,Yerawada District Prison,,,,,,,,,,,,,,,,,,,,,,,,,,,,,,,1,,172,118,0,0,118,,,,,,,,,,,,,,,,,,,,,,,,,,,,,,,,,,,,,,,,,,,,,,,,
MAHARASHTRA – OPEN JAIL,,"Tal. Paithan, Dist.",,,,,,,,,,,,,,,,,,,,,,,,,,,,,,,,- -,,,,,,,,,,,,,,,,,,,,,,,,,,,,,,,,,,,,,,,,,,,,,,,,,,,,,
MAHARASHTRA – OPEN JAIL,710,Paithan Open Jail,,,,,,,,,,,,,,,,,,,,,,,,,,,,,,,2,,500,371,0,0,371,,,,,,,,,,,,,,,,,,,,,,,,,,,,,,,,,,,,,,,,,,,,,,,,
MAHARASHTRA – OPEN JAIL,,Aurangabad,,,,,,,,,,,,,,,,,,,,,,,,,,,,,,,,- 431 108,,,,,,,,,,,,,,,,,,,,,,,,,,,,,,,,,,,,,,,,,,,,,,,,,,,,,
MAHARASHTRA – OPEN JAIL,711,Aurangabad Open Jail Aurangabad,,,,,,,,,,,,,,,,,,,,,,,,,,,,,,,3,- 431 101,50,38,0,0,38,,,,,,,,,,,,,,,,,,,,,,,,,,,,,,,,,,,,,,,,,,,,,,,,
MAHARASHTRA – OPEN JAIL,712,"Morshi Open Jail Morshi, Dist. Amravati",,,,,,,,,,,,,,,,,,,,,,,,,,,,,,,4,,200,163,0,0,163,,,,,,,,,,,,,,,,,,,,,,,,,,,,,,,,,,,,,,,,,,,,,,,,
MAHARASHTRA – OPEN JAIL,,"Yerawada Women Dist. Yerawada, Pune",,,,,,,,,,,,,,,,,,,,,,,,,,,,,,,,- 400,,,,,,,,,,,,,,,,,,,,,,,,,,,,,,,,,,,,,,,,,,,,,,,,,,,,,
MAHARASHTRA – OPEN JAIL,,713.,,,,,,,,,,,,,,,,,,,,,,,,,,,,,,,5,,50,28,0,0,28,,,,,,,,,,,,,,,,,,,,,,,,,,,,,,,,,,,,,,,,,,,,,,,,
MAHARASHTRA – OPEN JAIL,,Open Prison,,,,,,,,,,,,,,,,,,,,,,,,,,,,,,,,006,,,,,,,,,,,,,,,,,,,,,,,,,,,,,,,,,,,,,,,,,,,,,,,,,,,,,
,714,Ratnagiri Special Jail 1 Ratnagiri - 415 612,246,7,76,0,83,,,,,,,,,,,,,,,,,,,,,,,,,,,,,,,,,,,,,,,,,,,,,,,,,,,,,,,,,,,,,,,,,,,,,,,,,,,,,,,,
,715,"Swatantrapur Open Atpadi, Dist. Sangali - 1 Colony 415 301",28,15,0,0,15,,,,,,,,,,,,,,,,,,,,,,,,,,,,,,,,,,,,,,,,,,,,,,,,,,,,,,,,,,,,,,,,,,,,,,,,,,,,,,,,
MANIPUR – CENTRAL JAILS,716,"Old Lambulane, Jail Central Jail Imphal 1 Road, Imphal West District",250,23,49,11,83,,,,,,,,,,,,,,,,,,,,,,,,,,,,,,,,,,,,,,,,,,,,,,,,,,,,,,,,,,,,,,,,,,,,,,,,,,,,,,,,
MANIPUR – CENTRAL JAILS,717,"Khabeisol, Imphal East Central Jail Sajiwa 2 District, Manipur",720,40,499,119,658,,,,,,,,,,,,,,,,,,,,,,,,,,,,,,,,,,,,,,,,,,,,,,,,,,,,,,,,,,,,,,,,,,,,,,,,,,,,,,,,
MANIPUR – DISTRICT JAILS,718,"District Jail Chandel 1 Leikun, Chandel District NF",50,0,0,0,0,,,,,,,,,,,,,,,,,,,,,,,,,,,,,,,,,,,,,,,,,,,,,,,,,,,,,,,,,,,,,,,,,,,,,,,,,,,,,,,,
MANIPUR – DISTRICT JAILS,719,"Churachandpur District Tuibong, 2 NF Jail Churachandpur District",50,0,0,0,0,,,,,,,,,,,,,,,,,,,,,,,,,,,,,,,,,,,,,,,,,,,,,,,,,,,,,,,,,,,,,,,,,,,,,,,,,,,,,,,,
MANIPUR – SUB JAILS,720,Sub Jail Jiribam 1 Imphal East District TC,77,0,0,0,0,,,,,,,,,,,,,,,,,,,,,,,,,,,,,,,,,,,,,,,,,,,,,,,,,,,,,,,,,,,,,,,,,,,,,,,,,,,,,,,,
MEGHALAYA – DISTRICT JAILS,721,District Jail 1 Shillong,150,36,301,0,337,,,,,,,,,,,,,,,,,,,,,,,,,,,,,,,,,,,,,,,,,,,,,,,,,,,,,,,,,,,,,,,,,,,,,,,,,,,,,,,,
MEGHALAYA – DISTRICT JAILS,722,District Jail 2 Tura,200,41,90,0,131,,,,,,,,,,,,,,,,,,,,,,,,,,,,,,,,,,,,,,,,,,,,,,,,,,,,,,,,,,,,,,,,,,,,,,,,,,,,,,,,
MEGHALAYA – DISTRICT JAILS,723,District Jail 3 Williamnagar,50,0,41,0,41,,,,,,,,,,,,,,,,,,,,,,,,,,,,,,,,,,,,,,,,,,,,,,,,,,,,,,,,,,,,,,,,,,,,,,,,,,,,,,,,
MEGHALAYA – DISTRICT JAILS,724,District Jail 4 Jowai,130,1,175,0,176,,,,,,,,,,,,,,,,,,,,,,,,,,,,,,,,,,,,,,,,,,,,,,,,,,,,,,,,,,,,,,,,,,,,,,,,,,,,,,,,
MIZORAM – CENTRAL JAILS,725,"Central Jail, Aizawl 1 Luangmual",545,186,309,0,495,,,,,,,,,,,,,,,,,,,,,,,,,,,,,,,,,,,,,,,,,,,,,,,,,,,,,,,,,,,,,,,,,,,,,,,,,,,,,,,,
MIZORAM – DISTRICT JAILS,726,"District Jail, Aizawl 1 Armed Veng",113,12,53,0,65,,,,,,,,,,,,,,,,,,,,,,,,,,,,,,,,,,,,,,,,,,,,,,,,,,,,,,,,,,,,,,,,,,,,,,,,,,,,,,,,
MIZORAM – DISTRICT JAILS,727,"District Jail, Lunglei 2 Sazaikawn",173,74,132,0,206,,,,,,,,,,,,,,,,,,,,,,,,,,,,,,,,,,,,,,,,,,,,,,,,,,,,,,,,,,,,,,,,,,,,,,,,,,,,,,,,
MIZORAM – DISTRICT JAILS,728,"District Jail, Saiha 3 Meisatla",95,10,27,0,37,,,,,,,,,,,,,,,,,,,,,,,,,,,,,,,,,,,,,,,,,,,,,,,,,,,,,,,,,,,,,,,,,,,,,,,,,,,,,,,,
MIZORAM – DISTRICT JAILS,729,"District Jail, Kolasib 4 Saidan",114,64,33,0,97,,,,,,,,,,,,,,,,,,,,,,,,,,,,,,,,,,,,,,,,,,,,,,,,,,,,,,,,,,,,,,,,,,,,,,,,,,,,,,,,
MIZORAM – DISTRICT JAILS,730,"District Jail, Kanan 5 Champhai",126,8,50,0,58,,,,,,,,,,,,,,,,,,,,,,,,,,,,,,,,,,,,,,,,,,,,,,,,,,,,,,,,,,,,,,,,,,,,,,,,,,,,,,,,
MIZORAM – DISTRICT JAILS,731,"District Jail, Jail Veng 6 Lawngtlai",136,5,15,0,20,,,,,,,,,,,,,,,,,,,,,,,,,,,,,,,,,,,,,,,,,,,,,,,,,,,,,,,,,,,,,,,,,,,,,,,,,,,,,,,,
,732,Central Jail 1 Dimapur NAGALAND – DISTRICT JAILS,600,69,81,27,177,,,,,,,,,,,,,,,,,,,,,,,,,,,,,,,,,,,,,,,,,,,,,,,,,,,,,,,,,,,,,,,,,,,,,,,,,,,,,,,,
,733,District Jail 1 Kohima,120,17,44,0,61,,,,,,,,,,,,,,,,,,,,,,,,,,,,,,,,,,,,,,,,,,,,,,,,,,,,,,,,,,,,,,,,,,,,,,,,,,,,,,,,
,734,District Jail 2 Mokokchung,180,8,19,0,27,,,,,,,,,,,,,,,,,,,,,,,,,,,,,,,,,,,,,,,,,,,,,,,,,,,,,,,,,,,,,,,,,,,,,,,,,,,,,,,,
,735,District Jail 3 Tuensang NAGALAND – SUB JAILS,90,3,14,0,17,,,,,,,,,,,,,,,,,,,,,,,,,,,,,,,,,,,,,,,,,,,,,,,,,,,,,,,,,,,,,,,,,,,,,,,,,,,,,,,,
,736,Sub Jail 1 Dimapur,100,13,33,0,46,,,,,,,,,,,,,,,,,,,,,,,,,,,,,,,,,,,,,,,,,,,,,,,,,,,,,,,,,,,,,,,,,,,,,,,,,,,,,,,,
,737,Sub Jail 2 Wokha,40,14,18,0,32,,,,,,,,,,,,,,,,,,,,,,,,,,,,,,,,,,,,,,,,,,,,,,,,,,,,,,,,,,,,,,,,,,,,,,,,,,,,,,,,
,738,Sub Jail 3 Zunheboto,50,1,27,0,28,,,,,,,,,,,,,,,,,,,,,,,,,,,,,,,,,,,,,,,,,,,,,,,,,,,,,,,,,,,,,,,,,,,,,,,,,,,,,,,,
,739,Sub Jail 4 Mon,100,1,35,0,36,,,,,,,,,,,,,,,,,,,,,,,,,,,,,,,,,,,,,,,,,,,,,,,,,,,,,,,,,,,,,,,,,,,,,,,,,,,,,,,,
,740,Sub Jail 5 Phek,50,1,22,0,23,,,,,,,,,,,,,,,,,,,,,,,,,,,,,,,,,,,,,,,,,,,,,,,,,,,,,,,,,,,,,,,,,,,,,,,,,,,,,,,,
,741,Sub Jail 6 Peren,60,1,5,0,6,,,,,,,,,,,,,,,,,,,,,,,,,,,,,,,,,,,,,,,,,,,,,,,,,,,,,,,,,,,,,,,,,,,,,,,,,,,,,,,,
,742,Sub Jail 7 Kiphire ODISHA – CENTRAL JAILS,60,1,1,0,2,,,,,,,,,,,,,,,,,,,,,,,,,,,,,,,,,,,,,,,,,,,,,,,,,,,,,,,,,,,,,,,,,,,,,,,,,,,,,,,,
,743,"AT/PO: Baripada, Dist.- Baripada Circle Jail 1 Mayurbhanj",588,173,363,,536,,,,,,,,,,,,,,,,,,,,,,,,,,,,,,,,,,,,,,,,,,,,,,,,,,,,,,,,,,,,,,,,,,,,,,,,,,,,,,,,
,744,"AT/PO: Berhampur, Berhampur Circle Jail 2 Dist.-Ganjam",743,180,563,,743,,,,,,,,,,,,,,,,,,,,,,,,,,,,,,,,,,,,,,,,,,,,,,,,,,,,,,,,,,,,,,,,,,,,,,,,,,,,,,,,
,745,"AT/PO: Choudwar, Choudwar Circle Jail 3 Dist.-Cuttack",728,249,348,,597,,,,,,,,,,,,,,,,,,,,,,,,,,,,,,,,,,,,,,,,,,,,,,,,,,,,,,,,,,,,,,,,,,,,,,,,,,,,,,,,
,746,"AT/PO: Koraput, Dist.- Koraput Circle Jail 4 Koraput",519,270,146,,416,,,,,,,,,,,,,,,,,,,,,,,,,,,,,,,,,,,,,,,,,,,,,,,,,,,,,,,,,,,,,,,,,,,,,,,,,,,,,,,,
,747,"AT/PO: Sambalpur, Sambalpur Circle Jail 5 Dist.-Sambalpur",541,214,412,,626,,,,,,,,,,,,,,,,,,,,,,,,,,,,,,,,,,,,,,,,,,,,,,,,,,,,,,,,,,,,,,,,,,,,,,,,,,,,,,,,
ODISHA – DISTRICT JAILS,748,"AT/PO: Angul, Dist.- Angul District Jail 1 Angul",233,58,239,,297,,,,,,,,,,,,,,,,,,,,,,,,,,,,,,,,,,,,,,,,,,,,,,,,,,,,,,,,,,,,,,,,,,,,,,,,,,,,,,,,
ODISHA – DISTRICT JAILS,749,"AT/PO: Balasore, Dist.- Balesore District Jail 2 Balasore",480,120,226,,346,,,,,,,,,,,,,,,,,,,,,,,,,,,,,,,,,,,,,,,,,,,,,,,,,,,,,,,,,,,,,,,,,,,,,,,,,,,,,,,,
ODISHA – DISTRICT JAILS,750,"AT/PO: Bhawanipatna, Bhawanipatna District Jail 3 Dist.-Kalahandi",304,128,185,,313,,,,,,,,,,,,,,,,,,,,,,,,,,,,,,,,,,,,,,,,,,,,,,,,,,,,,,,,,,,,,,,,,,,,,,,,,,,,,,,,
ODISHA – DISTRICT JAILS,751,"AT/PO: Bolangir, Dist.- Bolangir District Jail 4 Bolangir",391,101,126,,227,,,,,,,,,,,,,,,,,,,,,,,,,,,,,,,,,,,,,,,,,,,,,,,,,,,,,,,,,,,,,,,,,,,,,,,,,,,,,,,,
ODISHA – DISTRICT JAILS,752,"AT/PO: Dhenkanal, Dhenkanal District Jail 5",231,106,102,,208,,,,,,,,,,,,,,,,,,,,,,,,,,,,,,,,,,,,,,,,,,,,,,,,,,,,,,,,,,,,,,,,,,,,,,,,,,,,,,,,
,753,Keonjhar District Jail 6 Keonjhar,,,,,,,,,,,,,,,,,,,,,,,,,,,,,,,,,,,,,,392,249,250,499,,,,,,,,,,,,,,,,,,,,,,,,,,,,,,,,,,,,,,,,,,,,
,754,"AT/PO: Phulbani, Dist. Phulbani District Jail 7 Kandhamal",,,,,,,,,,,,,,,,,,,,,,,,,,,,,,,,,,,,,,187,141,88,229,,,,,,,,,,,,,,,,,,,,,,,,,,,,,,,,,,,,,,,,,,,,
,755,"Puri District Jail 8 AT/PO: Puri, Dist. Puri",,,,,,,,,,,,,,,,,,,,,,,,,,,,,,,,,,,,,,351,97,253,350,,,,,,,,,,,,,,,,,,,,,,,,,,,,,,,,,,,,,,,,,,,,
,756,"AT/PO: Sundargarh, Sundargarh District Jail 9 Dist. Sundargarh",,,,,,,,,,,,,,,,,,,,,,,,,,,,,,,,,,,,,,324,113,277,390,,,,,,,,,,,,,,,,,,,,,,,,,,,,,,,,,,,,,,,,,,,,
ODISHA – SUB JAILS,757,"AT/PO: Anandapur, Anandapur 1 Dist. Keonjhar",,,,,,,,,,,,,,,,,,,,,,,,,,,,,,,,,,,,,,77,39,67,106,,,,,,,,,,,,,,,,,,,,,,,,,,,,,,,,,,,,,,,,,,,,
ODISHA – SUB JAILS,758,"AT/PO: Aska, Dist. Aska 2 Ganjam",,,,,,,,,,,,,,,,,,,,,,,,,,,,,,,,,,,,,,146,3,116,119,,,,,,,,,,,,,,,,,,,,,,,,,,,,,,,,,,,,,,,,,,,,
ODISHA – SUB JAILS,759,"AT/PO: Athagarh, Dist. Athagarh 3 Cuttack",,,,,,,,,,,,,,,,,,,,,,,,,,,,,,,,,,,,,,37,2,56,58,,,,,,,,,,,,,,,,,,,,,,,,,,,,,,,,,,,,,,,,,,,,
ODISHA – SUB JAILS,760,"AT/PO: Athamalik, Dist. Athamalik 4 Angul",,,,,,,,,,,,,,,,,,,,,,,,,,,,,,,,,,,,,,58,3,68,71,,,,,,,,,,,,,,,,,,,,,,,,,,,,,,,,,,,,,,,,,,,,
ODISHA – SUB JAILS,761,"AT/PO: Balliguda, Dist. Balliguda 5 Kandhamal",,,,,,,,,,,,,,,,,,,,,,,,,,,,,,,,,,,,,,98,8,54,62,,,,,,,,,,,,,,,,,,,,,,,,,,,,,,,,,,,,,,,,,,,,
ODISHA – SUB JAILS,762,"AT/PO: Banapur, Dist. Banapur 6 Khurda",,,,,,,,,,,,,,,,,,,,,,,,,,,,,,,,,,,,,,231,7,48,55,,,,,,,,,,,,,,,,,,,,,,,,,,,,,,,,,,,,,,,,,,,,
ODISHA – SUB JAILS,763,"AT/PO: Banki, Dist. Banki 7 Cuttack",,,,,,,,,,,,,,,,,,,,,,,,,,,,,,,,,,,,,,22,4,17,21,,,,,,,,,,,,,,,,,,,,,,,,,,,,,,,,,,,,,,,,,,,,
ODISHA – SUB JAILS,764,"AT/PO: Baragarh, Dist. Baragarh 8 Baragarh",,,,,,,,,,,,,,,,,,,,,,,,,,,,,,,,,,,,,,81,14,148,162,,,,,,,,,,,,,,,,,,,,,,,,,,,,,,,,,,,,,,,,,,,,
ODISHA – SUB JAILS,765,"AT/PO: Baramba, Dist. Baramba 9 Cuttack",,,,,,,,,,,,,,,,,,,,,,,,,,,,,,,,,,,,,,29,3,4,7,,,,,,,,,,,,,,,,,,,,,,,,,,,,,,,,,,,,,,,,,,,,
ODISHA – SUB JAILS,766,"AT/PO: Barbil, Dist. Barbil 10 Keonjhar",,,,,,,,,,,,,,,,,,,,,,,,,,,,,,,,,,,,,,206,29,156,185,,,,,,,,,,,,,,,,,,,,,,,,,,,,,,,,,,,,,,,,,,,,
ODISHA – SUB JAILS,767,"AT/PO: Biramaharajpur, Biramaharajpur 11 Dist. Subarnpur",,,,,,,,,,,,,,,,,,,,,,,,,,,,,,,,,,,,,,271,8,18,26,,,,,,,,,,,,,,,,,,,,,,,,,,,,,,,,,,,,,,,,,,,,
ODISHA – SUB JAILS,768,"AT/PO: Bisam Cuttack, Bisam Cuttack 12 Dist. Rayagada",,,,,,,,,,,,,,,,,,,,,,,,,,,,,,,,,,,,,,271,12,31,43,,,,,,,,,,,,,,,,,,,,,,,,,,,,,,,,,,,,,,,,,,,,
ODISHA – SUB JAILS,769,"AT/PO: Champua, Dist. Champua 13 Keonjhar",,,,,,,,,,,,,,,,,,,,,,,,,,,,,,,,,,,,,,192,37,123,160,,,,,,,,,,,,,,,,,,,,,,,,,,,,,,,,,,,,,,,,,,,,
ODISHA – SUB JAILS,770,"AT/PO: Chattrapur, Chattrapur 14 Dist. Ganjam",,,,,,,,,,,,,,,,,,,,,,,,,,,,,,,,,,,,,,164,6,113,119,,,,,,,,,,,,,,,,,,,,,,,,,,,,,,,,,,,,,,,,,,,,
ODISHA – SUB JAILS,771,"AT/PO: Dasapalla, Dist. Dasapalla 15 Nayagarh",,,,,,,,,,,,,,,,,,,,,,,,,,,,,,,,,,,,,,37,12,30,42,,,,,,,,,,,,,,,,,,,,,,,,,,,,,,,,,,,,,,,,,,,,
ODISHA – SUB JAILS,772,"AT/PO: Dharamgarh, Dharamgarh 16",,,,,,,,,,,,,,,,,,,,,,,,,,,,,,,,,,,,,,88,2,73,75,,,,,,,,,,,,,,,,,,,,,,,,,,,,,,,,,,,,,,,,,,,,
,773,Digapahandi 17 Dist. Ganjam,,,,,,,,,,,,,,,,,,,,,,,,,,,,,,,,,,,,,,206,55,38,93,,,,,,,,,,,,,,,,,,,,,,,,,,,,,,,,,,,,,,,,,,,,
,774,"AT/PO: G. Udayagiri, G. Udayagiri 18 Dist. Kandhamal",,,,,,,,,,,,,,,,,,,,,,,,,,,,,,,,,,,,,,79,7,41,48,,,,,,,,,,,,,,,,,,,,,,,,,,,,,,,,,,,,,,,,,,,,
,775,"AT/PO: Gunupur, Dist. Gunupur 19 Rayagada",,,,,,,,,,,,,,,,,,,,,,,,,,,,,,,,,,,,,,102,5,18,23,,,,,,,,,,,,,,,,,,,,,,,,,,,,,,,,,,,,,,,,,,,,
,776,"AT/PO: Hindol, Dist. Hindol 20 Dhenkanal",,,,,,,,,,,,,,,,,,,,,,,,,,,,,,,,,,,,,,76,0,9,9,,,,,,,,,,,,,,,,,,,,,,,,,,,,,,,,,,,,,,,,,,,,
,777,"AT/PO: Jagatsinghpur, Jagatsinghpur 21 Dist. Jagatsinghpur",,,,,,,,,,,,,,,,,,,,,,,,,,,,,,,,,,,,,,171,35,62,97,,,,,,,,,,,,,,,,,,,,,,,,,,,,,,,,,,,,,,,,,,,,
,778,"AT/PO: Jajpur, Dist. Jajpur 22 Jajpur",,,,,,,,,,,,,,,,,,,,,,,,,,,,,,,,,,,,,,133,0,170,170,,,,,,,,,,,,,,,,,,,,,,,,,,,,,,,,,,,,,,,,,,,,
,779,"AT/PO: Jajpur Road, Jajpur Road 23 Dist. Jajpur",,,,,,,,,,,,,,,,,,,,,,,,,,,,,,,,,,,,,,206,17,93,110,,,,,,,,,,,,,,,,,,,,,,,,,,,,,,,,,,,,,,,,,,,,
,780,"AT/PO: Jaleswar, Dist. Jaleswar 24 Balasore",,,,,,,,,,,,,,,,,,,,,,,,,,,,,,,,,,,,,,206,1,36,37,,,,,,,,,,,,,,,,,,,,,,,,,,,,,,,,,,,,,,,,,,,,
,781,"AT/PO: Jeypore, Dist. Jeypore 25 Koraput",,,,,,,,,,,,,,,,,,,,,,,,,,,,,,,,,,,,,,153,23,100,123,,,,,,,,,,,,,,,,,,,,,,,,,,,,,,,,,,,,,,,,,,,,
,782,"AT/PO: Jharsuguda, Jharsuguda 26 Dist. Jharsuguda",,,,,,,,,,,,,,,,,,,,,,,,,,,,,,,,,,,,,,86,3,194,197,,,,,,,,,,,,,,,,,,,,,,,,,,,,,,,,,,,,,,,,,,,,
,783,"AT/PO: Kamakhyanagar 27 Kamakhyanagar, Dist. Dhenkanal",,,,,,,,,,,,,,,,,,,,,,,,,,,,,,,,,,,,,,64,8,77,85,,,,,,,,,,,,,,,,,,,,,,,,,,,,,,,,,,,,,,,,,,,,
,784,"AT/PO: Kantabanjhi, Kantabanjhi 28 Dist. Bolangir",,,,,,,,,,,,,,,,,,,,,,,,,,,,,,,,,,,,,,206,0,0,0,,,,,,,,,,,,,,,,,,,,,,,,,,,,,,,,,,,,,,,,,,,,
,785,"AT/PO: Karanjia, Dist. Karanjia 29 Mayurbhanj",,,,,,,,,,,,,,,,,,,,,,,,,,,,,,,,,,,,,,115,23,86,109,,,,,,,,,,,,,,,,,,,,,,,,,,,,,,,,,,,,,,,,,,,,
,786,"AT/PO: Kasipur, Dist. Kasipur 30 Rayagada",,,,,,,,,,,,,,,,,,,,,,,,,,,,,,,,,,,,,,206,0,0,0,,,,,,,,,,,,,,,,,,,,,,,,,,,,,,,,,,,,,,,,,,,,
,787,"AT/PO: Kendrapara, Kendrapara 31 Dist. Kendrapara",,,,,,,,,,,,,,,,,,,,,,,,,,,,,,,,,,,,,,152,4,115,119,,,,,,,,,,,,,,,,,,,,,,,,,,,,,,,,,,,,,,,,,,,,
,788,"AT/PO: Khandapara, Khandapara 32 Dist. Nayagarh",,,,,,,,,,,,,,,,,,,,,,,,,,,,,,,,,,,,,,51,4,13,17,,,,,,,,,,,,,,,,,,,,,,,,,,,,,,,,,,,,,,,,,,,,
,789,"AT/PO: Khariar, Dist. Khariar 33 Nuapara",,,,,,,,,,,,,,,,,,,,,,,,,,,,,,,,,,,,,,271,38,32,70,,,,,,,,,,,,,,,,,,,,,,,,,,,,,,,,,,,,,,,,,,,,
,790,"AT/PO: Khurda, Dist. Khurda 34 Khurda",,,,,,,,,,,,,,,,,,,,,,,,,,,,,,,,,,,,,,258,31,164,195,,,,,,,,,,,,,,,,,,,,,,,,,,,,,,,,,,,,,,,,,,,,
,791,"AT/PO: Kodala, Dist. Kodala 35 Ganjam",,,,,,,,,,,,,,,,,,,,,,,,,,,,,,,,,,,,,,93,2,172,174,,,,,,,,,,,,,,,,,,,,,,,,,,,,,,,,,,,,,,,,,,,,
,792,"AT/PO: Kotpad, Dist. Kotpad 36",,,,,,,,,,,,,,,,,,,,,,,,,,,,,,,,,,,,,,206,11,11,22,,,,,,,,,,,,,,,,,,,,,,,,,,,,,,,,,,,,,,,,,,,,
,793,Kuchinda 37 Sambalpur,,,,,,,,,,,,,,,,,,,,,,,,,,,,,,,,,,,,,,69,15,63,78,,,,,,,,,,,,,,,,,,,,,,,,,,,,,,,,,,,,,,,,,,,,
,794,"AT/PO: Kujanga, Dist. Kujanga 38 Jagatsinghpur",,,,,,,,,,,,,,,,,,,,,,,,,,,,,,,,,,,,,,122,0,67,67,,,,,,,,,,,,,,,,,,,,,,,,,,,,,,,,,,,,,,,,,,,,
,795,"AT/PO: Laxmipur, Dist. Laxmipur 39 Koraput",,,,,,,,,,,,,,,,,,,,,,,,,,,,,,,,,,,,,,206,0,0,0,,,,,,,,,,,,,,,,,,,,,,,,,,,,,,,,,,,,,,,,,,,,
,796,"AT/PO: Madanpur- Madanpur-Rampur 40 Rampur, Dist. Kalahandi",,,,,,,,,,,,,,,,,,,,,,,,,,,,,,,,,,,,,,206,10,6,16,,,,,,,,,,,,,,,,,,,,,,,,,,,,,,,,,,,,,,,,,,,,
,797,"AT/PO: Malkanagiri, Malkanagiri 41 Dist. Malkangiri",,,,,,,,,,,,,,,,,,,,,,,,,,,,,,,,,,,,,,308,24,164,188,,,,,,,,,,,,,,,,,,,,,,,,,,,,,,,,,,,,,,,,,,,,
,798,"AT/PO: M.V.-79, Dist. M.V.-79 42 Malkangiri",,,,,,,,,,,,,,,,,,,,,,,,,,,,,,,,,,,,,,206,0,0,0,,,,,,,,,,,,,,,,,,,,,,,,,,,,,,,,,,,,,,,,,,,,
,799,"AT/PO: Nabarangpur, Nabarangpur 43 Dist. Nawarangpur",,,,,,,,,,,,,,,,,,,,,,,,,,,,,,,,,,,,,,145,19,91,110,,,,,,,,,,,,,,,,,,,,,,,,,,,,,,,,,,,,,,,,,,,,
,800,"AT/PO: Narasinghpur, Narasinghpur 44 Dist. Cuttack",,,,,,,,,,,,,,,,,,,,,,,,,,,,,,,,,,,,,,206,14,28,42,,,,,,,,,,,,,,,,,,,,,,,,,,,,,,,,,,,,,,,,,,,,
,801,"AT/PO: Nuapada, Dist. Nuapada 45 Nuapara",,,,,,,,,,,,,,,,,,,,,,,,,,,,,,,,,,,,,,48,5,62,67,,,,,,,,,,,,,,,,,,,,,,,,,,,,,,,,,,,,,,,,,,,,
,802,"AT/PO: Nayagarh, Dist. Nayagarh 46 Nayagarh",,,,,,,,,,,,,,,,,,,,,,,,,,,,,,,,,,,,,,160,42,91,133,,,,,,,,,,,,,,,,,,,,,,,,,,,,,,,,,,,,,,,,,,,,
,803,"AT/PO: Nilagiri, Dist. Nilagiri 47 Balasore",,,,,,,,,,,,,,,,,,,,,,,,,,,,,,,,,,,,,,42,10,20,30,,,,,,,,,,,,,,,,,,,,,,,,,,,,,,,,,,,,,,,,,,,,
,804,"AT/PO: Nimapara, Dist. Nimapara 48 Puri",,,,,,,,,,,,,,,,,,,,,,,,,,,,,,,,,,,,,,206,12,66,78,,,,,,,,,,,,,,,,,,,,,,,,,,,,,,,,,,,,,,,,,,,,
,805,"AT/PO: Padampur, Padampur 49 Dist. Bargarh",,,,,,,,,,,,,,,,,,,,,,,,,,,,,,,,,,,,,,142,0,108,108,,,,,,,,,,,,,,,,,,,,,,,,,,,,,,,,,,,,,,,,,,,,
,806,"AT/PO: Pallahara, Dist. Pallahara 50 Angul",,,,,,,,,,,,,,,,,,,,,,,,,,,,,,,,,,,,,,58,2,10,12,,,,,,,,,,,,,,,,,,,,,,,,,,,,,,,,,,,,,,,,,,,,
,807,"AT/PO: Paralakhemundi 51 Paralakhemundi, Dist. Gajapati",,,,,,,,,,,,,,,,,,,,,,,,,,,,,,,,,,,,,,124,22,75,97,,,,,,,,,,,,,,,,,,,,,,,,,,,,,,,,,,,,,,,,,,,,
,808,"AT/PO: Patnagarh, Patnagarh 52 Dist. Bolangir",,,,,,,,,,,,,,,,,,,,,,,,,,,,,,,,,,,,,,99,2,78,80,,,,,,,,,,,,,,,,,,,,,,,,,,,,,,,,,,,,,,,,,,,,
,809,"AT/PO: Patrapur, Dist. Patrapur 53 Ganjam",,,,,,,,,,,,,,,,,,,,,,,,,,,,,,,,,,,,,,196,0,0,0,,,,,,,,,,,,,,,,,,,,,,,,,,,,,,,,,,,,,,,,,,,,
,810,"AT/PO: Rairakhol, Dist. Rairakhol 54 Sambalpur",,,,,,,,,,,,,,,,,,,,,,,,,,,,,,,,,,,,,,29,5,27,32,,,,,,,,,,,,,,,,,,,,,,,,,,,,,,,,,,,,,,,,,,,,
,811,"AT/PO: Rairangpur, Rairangpur 55 Dist. Mayurbhanj",,,,,,,,,,,,,,,,,,,,,,,,,,,,,,,,,,,,,,146,34,109,143,,,,,,,,,,,,,,,,,,,,,,,,,,,,,,,,,,,,,,,,,,,,
,812,"AT/PO: Rajgangpur, Rajgangpur 56",,,,,,,,,,,,,,,,,,,,,,,,,,,,,,,,,,,,,,206,5,0,5,,,,,,,,,,,,,,,,,,,,,,,,,,,,,,,,,,,,,,,,,,,,
,813,Ranapur 57 Nayagarh,,,,,,,,,,,,,,,,,,,,,,,,,,,,,,,,,,,,,,30,13,29,42,,,,,,,,,,,,,,,,,,,,,,,,,,,,,,,,,,,,,,,,,,,,
,814,"AT/PO: Rayagada, Dist. Rayagada 58 Rayagada",,,,,,,,,,,,,,,,,,,,,,,,,,,,,,,,,,,,,,101,26,171,197,,,,,,,,,,,,,,,,,,,,,,,,,,,,,,,,,,,,,,,,,,,,
,815,"AT/PO: R-Udayagiri, R-Udayagiri 59 Dist. Gajapati",,,,,,,,,,,,,,,,,,,,,,,,,,,,,,,,,,,,,,38,3,22,25,,,,,,,,,,,,,,,,,,,,,,,,,,,,,,,,,,,,,,,,,,,,
,816,"AT/PO: Salipur, Dist. Salepur 60 Cuttack",,,,,,,,,,,,,,,,,,,,,,,,,,,,,,,,,,,,,,206,18,44,62,,,,,,,,,,,,,,,,,,,,,,,,,,,,,,,,,,,,,,,,,,,,
,817,"AT/PO: Sohela, Dist. Sohela 61 Bargarh",,,,,,,,,,,,,,,,,,,,,,,,,,,,,,,,,,,,,,231,65,15,80,,,,,,,,,,,,,,,,,,,,,,,,,,,,,,,,,,,,,,,,,,,,
,818,"AT/PO: Sonepur, Dist. Sonepur 62 Subarnpur",,,,,,,,,,,,,,,,,,,,,,,,,,,,,,,,,,,,,,122,20,63,83,,,,,,,,,,,,,,,,,,,,,,,,,,,,,,,,,,,,,,,,,,,,
,819,"AT/PO: Soro, Dist. Soro 63 Balasore",,,,,,,,,,,,,,,,,,,,,,,,,,,,,,,,,,,,,,206,0,0,0,,,,,,,,,,,,,,,,,,,,,,,,,,,,,,,,,,,,,,,,,,,,
,820,"AT/PO: Suruda, Dist. Suruda 64 Ganjam",,,,,,,,,,,,,,,,,,,,,,,,,,,,,,,,,,,,,,45,2,53,55,,,,,,,,,,,,,,,,,,,,,,,,,,,,,,,,,,,,,,,,,,,,
,821,"AT/PO: Titilagarh, Dist. Titilagarh 65 Bolangir",,,,,,,,,,,,,,,,,,,,,,,,,,,,,,,,,,,,,,170,4,134,138,,,,,,,,,,,,,,,,,,,,,,,,,,,,,,,,,,,,,,,,,,,,
,822,"AT/PO: Udala, Dist. Udala 66 Mayurbhanj",,,,,,,,,,,,,,,,,,,,,,,,,,,,,,,,,,,,,,89,13,85,98,,,,,,,,,,,,,,,,,,,,,,,,,,,,,,,,,,,,,,,,,,,,
,823,"AT/PO: Umerkote, Dist. Umerkote 67 Nawarangpur",,,,,,,,,,,,,,,,,,,,,,,,,,,,,,,,,,,,,,124,2,70,72,,,,,,,,,,,,,,,,,,,,,,,,,,,,,,,,,,,,,,,,,,,,
ODISHA – WOMEN JAILS,824,"Nari Bandi Niketan AT/PO: Sambalpur, 1 Sambalpur Dist. Sambalpur",,,,,,,,,,,,,,,,,,,,,,,,,,,,,,,,,,,,,,52,8,10,18,,,,,,,,,,,,,,,,,,,,,,,,,,,,,,,,,,,,,,,,,,,,
ODISHA – OPEN JAILS,825,"Biju Pattnayak Open Air AT/PO: Jamujhari, Dist. 1 Ashram, Jamujhari Khurda",,,,,,,,,,,,,,,,,,,,,,,,,,,,,,,,,,,,,,125,100,,100,,,,,,,,,,,,,,,,,,,,,,,,,,,,,,,,,,,,,,,,,,,,
ODISHA – SPECIAL JAILS,826,"AT/PO: Bhubaneswar, Bhubaneswar Special Jail 1 Dist. Khurda",,,,,,,,,,,,,,,,,,,,,,,,,,,,,,,,,,,,,,749,109,500,609,,,,,,,,,,,,,,,,,,,,,,,,,,,,,,,,,,,,,,,,,,,,
ODISHA – SPECIAL JAILS,827,"AT/PO: Rourkella, Dist. Rourkella Special Jail 2",,,,,,,,,,,,,,,,,,,,,,,,,,,,,,,,,,,,,,802,126,370,496,,,,,,,,,,,,,,,,,,,,,,,,,,,,,,,,,,,,,,,,,,,,
,828,Bhadrak Special Sub Jail 1 Bhadrak,166,96,181,,277,,,,,,,,,,,,,,,,,,,,,,,,,,,,,,,,,,,,,,,,,,,,,,,,,,,,,,,,,,,,,,,,,,,,,,,,,,,,,,,,
,829,"Bhanjanagar Special Sub AT/PO: Bhanjanagar, 2 Jail Dist. Ganjam",260,32,216,,248,,,,,,,,,,,,,,,,,,,,,,,,,,,,,,,,,,,,,,,,,,,,,,,,,,,,,,,,,,,,,,,,,,,,,,,,,,,,,,,,
,830,"Bonaigarh Special Sub AT/PO: Bonaigarh, Dist. 3 Jail Sundargarh",118,47,262,,309,,,,,,,,,,,,,,,,,,,,,,,,,,,,,,,,,,,,,,,,,,,,,,,,,,,,,,,,,,,,,,,,,,,,,,,,,,,,,,,,
,831,"AT/PO: Boudh, Dist. Boudh Special Sub Jail 4 Boudh",130,55,89,,144,,,,,,,,,,,,,,,,,,,,,,,,,,,,,,,,,,,,,,,,,,,,,,,,,,,,,,,,,,,,,,,,,,,,,,,,,,,,,,,,
,832,"AT/PO: Deogarh, Dist. Deogarh Special Sub Jail 5 Deogarh",115,32,108,,140,,,,,,,,,,,,,,,,,,,,,,,,,,,,,,,,,,,,,,,,,,,,,,,,,,,,,,,,,,,,,,,,,,,,,,,,,,,,,,,,
,833,"AT/PO: Talcher, Dist. Talcher Special Sub Jail 6 Angul",149,35,74,,109,,,,,,,,,,,,,,,,,,,,,,,,,,,,,,,,,,,,,,,,,,,,,,,,,,,,,,,,,,,,,,,,,,,,,,,,,,,,,,,,
PUNJAB – CENTRAL JAILS,834,Ferozepur Central Jail 1 Ferozepur,1236,399,541,578,1518,,,,,,,,,,,,,,,,,,,,,,,,,,,,,,,,,,,,,,,,,,,,,,,,,,,,,,,,,,,,,,,,,,,,,,,,,,,,,,,,
PUNJAB – CENTRAL JAILS,835,Patiala Central Jail 2 Patiala,1401,463,723,710,1896,,,,,,,,,,,,,,,,,,,,,,,,,,,,,,,,,,,,,,,,,,,,,,,,,,,,,,,,,,,,,,,,,,,,,,,,,,,,,,,,
PUNJAB – CENTRAL JAILS,836,Ludhiana Central Jail 3 Ludhiana,2600,624,1911,587,3122,,,,,,,,,,,,,,,,,,,,,,,,,,,,,,,,,,,,,,,,,,,,,,,,,,,,,,,,,,,,,,,,,,,,,,,,,,,,,,,,
PUNJAB – CENTRAL JAILS,837,Amritsar Central Jail 4 Amritsar,1615,737,1154,,3226,,,,,,,,,,,,,,,,,,,,,,,,,,,,,,,,,,,,,,,,,,,,,,,,,,,,,,,,,,,,,,,,,,,,,,,,,,,,,,,,
PUNJAB – CENTRAL JAILS,838,Bathinda Central Jail 5 Bathinda,1146,336,496,410,1242,,,,,,,,,,,,,,,,,,,,,,,,,,,,,,,,,,,,,,,,,,,,,,,,,,,,,,,,,,,,,,,,,,,,,,,,,,,,,,,,
PUNJAB – CENTRAL JAILS,839,Gurudaspur Central Jail 6 Gurdaspur,750,275,737,216,1228,,,,,,,,,,,,,,,,,,,,,,,,,,,,,,,,,,,,,,,,,,,,,,,,,,,,,,,,,,,,,,,,,,,,,,,,,,,,,,,,
PUNJAB – CENTRAL JAILS,840,Jalandhar Central Jail 7 Kapurthala,2990,640,1461,894,2995,,,,,,,,,,,,,,,,,,,,,,,,,,,,,,,,,,,,,,,,,,,,,,,,,,,,,,,,,,,,,,,,,,,,,,,,,,,,,,,,
PUNJAB – CENTRAL JAILS,841,Faridkot Central Jail 8 Faridkot,2072,371,631,502,1504,,,,,,,,,,,,,,,,,,,,,,,,,,,,,,,,,,,,,,,,,,,,,,,,,,,,,,,,,,,,,,,,,,,,,,,,,,,,,,,,
PUNJAB – DISTRICT JAILS,842,Sangrur District Jail 1 Sangrur,550,328,381,452,1161,,,,,,,,,,,,,,,,,,,,,,,,,,,,,,,,,,,,,,,,,,,,,,,,,,,,,,,,,,,,,,,,,,,,,,,,,,,,,,,,
PUNJAB – DISTRICT JAILS,843,Hoshiarpur District Jail 2 Hoshiarpur,498,223,416,160,799,,,,,,,,,,,,,,,,,,,,,,,,,,,,,,,,,,,,,,,,,,,,,,,,,,,,,,,,,,,,,,,,,,,,,,,,,,,,,,,,
PUNJAB – DISTRICT JAILS,844,Ropar District Jail 3 Ropar,275,142,296,146,584,,,,,,,,,,,,,,,,,,,,,,,,,,,,,,,,,,,,,,,,,,,,,,,,,,,,,,,,,,,,,,,,,,,,,,,,,,,,,,,,
PUNJAB – DISTRICT JAILS,845,Mansa District Jail 4 Mansa,432,127,282,233,642,,,,,,,,,,,,,,,,,,,,,,,,,,,,,,,,,,,,,,,,,,,,,,,,,,,,,,,,,,,,,,,,,,,,,,,,,,,,,,,,
PUNJAB – DISTRICT JAILS,846,Nabha District Jail 5 Nabha,462,184,236,281,701,,,,,,,,,,,,,,,,,,,,,,,,,,,,,,,,,,,,,,,,,,,,,,,,,,,,,,,,,,,,,,,,,,,,,,,,,,,,,,,,
PUNJAB – DISTRICT JAILS,847,District New Jail Nabha 6 Nabha,600,58,7,45,110,,,,,,,,,,,,,,,,,,,,,,,,,,,,,,,,,,,,,,,,,,,,,,,,,,,,,,,,,,,,,,,,,,,,,,,,,,,,,,,,
PUNJAB – SUB JAILS,848,Moga Sub Jail 1 Moga,46,20,48,46,114,,,,,,,,,,,,,,,,,,,,,,,,,,,,,,,,,,,,,,,,,,,,,,,,,,,,,,,,,,,,,,,,,,,,,,,,,,,,,,,,
PUNJAB – SUB JAILS,849,Mukatsar Sub Jail 2 Mukatsar,69,24,85,48,157,,,,,,,,,,,,,,,,,,,,,,,,,,,,,,,,,,,,,,,,,,,,,,,,,,,,,,,,,,,,,,,,,,,,,,,,,,,,,,,,
PUNJAB – SUB JAILS,850,Patti Sub Jail 3 Patti,204,13,129,85,227,,,,,,,,,,,,,,,,,,,,,,,,,,,,,,,,,,,,,,,,,,,,,,,,,,,,,,,,,,,,,,,,,,,,,,,,,,,,,,,,
PUNJAB – SUB JAILS,851,Fazilka Sub Jail 4 Fazilka,48,13,87,0,100,,,,,,,,,,,,,,,,,,,,,,,,,,,,,,,,,,,,,,,,,,,,,,,,,,,,,,,,,,,,,,,,,,,,,,,,,,,,,,,,
PUNJAB – SUB JAILS,852,Barnala Sub Jail 5 Barnala,250,74,140,150,364,,,,,,,,,,,,,,,,,,,,,,,,,,,,,,,,,,,,,,,,,,,,,,,,,,,,,,,,,,,,,,,,,,,,,,,,,,,,,,,,
,853,Malerkotla Sub Jail 6 Malerkotla,170,28,104,73,205,,,,,,,,,,,,,,,,,,,,,,,,,,,,,,,,,,,,,,,,,,,,,,,,,,,,,,,,,,,,,,,,,,,,,,,,,,,,,,,,
,854,Phagwara Sub Jail 7 Phagwara,20,2,26,14,42,,,,,,,,,,,,,,,,,,,,,,,,,,,,,,,,,,,,,,,,,,,,,,,,,,,,,,,,,,,,,,,,,,,,,,,,,,,,,,,,
,855,Dasuya Sub Jail 8 Dasuya,20,0,26,3,29,,,,,,,,,,,,,,,,,,,,,,,,,,,,,,,,,,,,,,,,,,,,,,,,,,,,,,,,,,,,,,,,,,,,,,,,,,,,,,,,
,856,Pathankot Sub Jail 9 Pathankot,280,5,113,62,180,,,,,,,,,,,,,,,,,,,,,,,,,,,,,,,,,,,,,,,,,,,,,,,,,,,,,,,,,,,,,,,,,,,,,,,,,,,,,,,,
PUNJAB – WOMEN JAILS,857,Women Jail 1 Ludhiana,320,72,101,60,233,,,,,,,,,,,,,,,,,,,,,,,,,,,,,,,,,,,,,,,,,,,,,,,,,,,,,,,,,,,,,,,,,,,,,,,,,,,,,,,,
PUNJAB – BORSTAL SCHOOLS,858,Borstal Jail 1 Ludhiana,500,86,297,23,406,,,,,,,,,,,,,,,,,,,,,,,,,,,,,,,,,,,,,,,,,,,,,,,,,,,,,,,,,,,,,,,,,,,,,,,,,,,,,,,,
PUNJAB – OPEN JAILS,859,Open Air Jail 1 Nabha,50,51,0,1,52,,,,,,,,,,,,,,,,,,,,,,,,,,,,,,,,,,,,,,,,,,,,,,,,,,,,,,,,,,,,,,,,,,,,,,,,,,,,,,,,
RAJASTHAN – CENTRAL JAILS,860,Jaipur Central Jail 1 Jaipur,1173,754,1277,2,2033,,,,,,,,,,,,,,,,,,,,,,,,,,,,,,,,,,,,,,,,,,,,,,,,,,,,,,,,,,,,,,,,,,,,,,,,,,,,,,,,
RAJASTHAN – CENTRAL JAILS,861,Jodhpur Central Jail 2 Jodhpur,1578,531,768,15,1314,,,,,,,,,,,,,,,,,,,,,,,,,,,,,,,,,,,,,,,,,,,,,,,,,,,,,,,,,,,,,,,,,,,,,,,,,,,,,,,,
RAJASTHAN – CENTRAL JAILS,862,Udaipur Central Jail 3 Udaipur,597,603,554,0,1157,,,,,,,,,,,,,,,,,,,,,,,,,,,,,,,,,,,,,,,,,,,,,,,,,,,,,,,,,,,,,,,,,,,,,,,,,,,,,,,,
RAJASTHAN – CENTRAL JAILS,863,Binaker Central Jail 4 Bikaner,1600,802,385,25,1212,,,,,,,,,,,,,,,,,,,,,,,,,,,,,,,,,,,,,,,,,,,,,,,,,,,,,,,,,,,,,,,,,,,,,,,,,,,,,,,,
RAJASTHAN – CENTRAL JAILS,864,Ajmer Central Jail 5 Ajmer,786,550,565,3,1118,,,,,,,,,,,,,,,,,,,,,,,,,,,,,,,,,,,,,,,,,,,,,,,,,,,,,,,,,,,,,,,,,,,,,,,,,,,,,,,,
RAJASTHAN – CENTRAL JAILS,865,Kota Central Jail 6 Kota,1067,483,882,0,1365,,,,,,,,,,,,,,,,,,,,,,,,,,,,,,,,,,,,,,,,,,,,,,,,,,,,,,,,,,,,,,,,,,,,,,,,,,,,,,,,
RAJASTHAN – CENTRAL JAILS,866,Bharatpur Central Jail 7 Bharatpur,751,504,384,1,889,,,,,,,,,,,,,,,,,,,,,,,,,,,,,,,,,,,,,,,,,,,,,,,,,,,,,,,,,,,,,,,,,,,,,,,,,,,,,,,,
RAJASTHAN – CENTRAL JAILS,867,Ganganagar Central Jail 8 Ganganagar,461,284,211,39,534,,,,,,,,,,,,,,,,,,,,,,,,,,,,,,,,,,,,,,,,,,,,,,,,,,,,,,,,,,,,,,,,,,,,,,,,,,,,,,,,
RAJASTHAN – DISTRICT JAILS,868,District Jail 1 Alwar,524,310,455,0,765,,,,,,,,,,,,,,,,,,,,,,,,,,,,,,,,,,,,,,,,,,,,,,,,,,,,,,,,,,,,,,,,,,,,,,,,,,,,,,,,
RAJASTHAN – DISTRICT JAILS,869,District Jail 2 Dholpur,240,14,365,0,379,,,,,,,,,,,,,,,,,,,,,,,,,,,,,,,,,,,,,,,,,,,,,,,,,,,,,,,,,,,,,,,,,,,,,,,,,,,,,,,,
RAJASTHAN – DISTRICT JAILS,870,District Jail 3 Tonk,313,86,289,13,388,,,,,,,,,,,,,,,,,,,,,,,,,,,,,,,,,,,,,,,,,,,,,,,,,,,,,,,,,,,,,,,,,,,,,,,,,,,,,,,,
RAJASTHAN – DISTRICT JAILS,871,District Jail 4 Banswara,155,14,238,0,252,,,,,,,,,,,,,,,,,,,,,,,,,,,,,,,,,,,,,,,,,,,,,,,,,,,,,,,,,,,,,,,,,,,,,,,,,,,,,,,,
RAJASTHAN – DISTRICT JAILS,872,District Jail 5 Baran,160,76,206,0,282,,,,,,,,,,,,,,,,,,,,,,,,,,,,,,,,,,,,,,,,,,,,,,,,,,,,,,,,,,,,,,,,,,,,,,,,,,,,,,,,
RAJASTHAN – DISTRICT JAILS,873,District Jail 6 Barmer,48,0,127,0,127,,,,,,,,,,,,,,,,,,,,,,,,,,,,,,,,,,,,,,,,,,,,,,,,,,,,,,,,,,,,,,,,,,,,,,,,,,,,,,,,
RAJASTHAN – DISTRICT JAILS,874,District Jail 7 Bhilwara,172,2,334,0,336,,,,,,,,,,,,,,,,,,,,,,,,,,,,,,,,,,,,,,,,,,,,,,,,,,,,,,,,,,,,,,,,,,,,,,,,,,,,,,,,
RAJASTHAN – DISTRICT JAILS,875,District Jail 8 Bundi,181,23,148,0,171,,,,,,,,,,,,,,,,,,,,,,,,,,,,,,,,,,,,,,,,,,,,,,,,,,,,,,,,,,,,,,,,,,,,,,,,,,,,,,,,
RAJASTHAN – DISTRICT JAILS,876,District Jail 9 Churu,126,5,151,0,156,,,,,,,,,,,,,,,,,,,,,,,,,,,,,,,,,,,,,,,,,,,,,,,,,,,,,,,,,,,,,,,,,,,,,,,,,,,,,,,,
RAJASTHAN – DISTRICT JAILS,877,District Jail 10 Dausa,240,6,133,0,139,,,,,,,,,,,,,,,,,,,,,,,,,,,,,,,,,,,,,,,,,,,,,,,,,,,,,,,,,,,,,,,,,,,,,,,,,,,,,,,,
RAJASTHAN – DISTRICT JAILS,878,District Jail 11 Dungarpur,34,8,145,0,153,,,,,,,,,,,,,,,,,,,,,,,,,,,,,,,,,,,,,,,,,,,,,,,,,,,,,,,,,,,,,,,,,,,,,,,,,,,,,,,,
RAJASTHAN – DISTRICT JAILS,879,District Jail 12 GangapurCity,51,1,113,0,114,,,,,,,,,,,,,,,,,,,,,,,,,,,,,,,,,,,,,,,,,,,,,,,,,,,,,,,,,,,,,,,,,,,,,,,,,,,,,,,,
RAJASTHAN – DISTRICT JAILS,880,District Jail 13 Jaisalmer,196,1,71,0,72,,,,,,,,,,,,,,,,,,,,,,,,,,,,,,,,,,,,,,,,,,,,,,,,,,,,,,,,,,,,,,,,,,,,,,,,,,,,,,,,
RAJASTHAN – DISTRICT JAILS,881,District Jail 14 Jalore,47,1,84,0,85,,,,,,,,,,,,,,,,,,,,,,,,,,,,,,,,,,,,,,,,,,,,,,,,,,,,,,,,,,,,,,,,,,,,,,,,,,,,,,,,
,882,District Jail 15 Jhalawar,336,84,328,2,414,,,,,,,,,,,,,,,,,,,,,,,,,,,,,,,,,,,,,,,,,,,,,,,,,,,,,,,,,,,,,,,,,,,,,,,,,,,,,,,,
,883,District Jail 16 Jhunjhunu,176,10,221,0,231,,,,,,,,,,,,,,,,,,,,,,,,,,,,,,,,,,,,,,,,,,,,,,,,,,,,,,,,,,,,,,,,,,,,,,,,,,,,,,,,
,884,District Jail 17 Nagore,84,8,101,0,109,,,,,,,,,,,,,,,,,,,,,,,,,,,,,,,,,,,,,,,,,,,,,,,,,,,,,,,,,,,,,,,,,,,,,,,,,,,,,,,,
,885,District Jail 18 Pali,25,6,79,0,85,,,,,,,,,,,,,,,,,,,,,,,,,,,,,,,,,,,,,,,,,,,,,,,,,,,,,,,,,,,,,,,,,,,,,,,,,,,,,,,,
,886,District Jail 19 Pratapgarh,126,9,211,0,220,,,,,,,,,,,,,,,,,,,,,,,,,,,,,,,,,,,,,,,,,,,,,,,,,,,,,,,,,,,,,,,,,,,,,,,,,,,,,,,,
,887,District Jail 20 Rajsamand,40,6,146,0,152,,,,,,,,,,,,,,,,,,,,,,,,,,,,,,,,,,,,,,,,,,,,,,,,,,,,,,,,,,,,,,,,,,,,,,,,,,,,,,,,
,888,District Jail 21 Sikar,113,5,147,0,152,,,,,,,,,,,,,,,,,,,,,,,,,,,,,,,,,,,,,,,,,,,,,,,,,,,,,,,,,,,,,,,,,,,,,,,,,,,,,,,,
,889,District Jail 22 Sirohi,150,14,150,0,164,,,,,,,,,,,,,,,,,,,,,,,,,,,,,,,,,,,,,,,,,,,,,,,,,,,,,,,,,,,,,,,,,,,,,,,,,,,,,,,,
,890,District Jail 23 Hanumangarh,129,26,224,0,250,,,,,,,,,,,,,,,,,,,,,,,,,,,,,,,,,,,,,,,,,,,,,,,,,,,,,,,,,,,,,,,,,,,,,,,,,,,,,,,,
,891,District Jail 24 Chittorgarh,96,12,388,0,400,,,,,,,,,,,,,,,,,,,,,,,,,,,,,,,,,,,,,,,,,,,,,,,,,,,,,,,,,,,,,,,,,,,,,,,,,,,,,,,,
,892,District Jail 25 Karoli,47,1,119,0,120,,,,,,,,,,,,,,,,,,,,,,,,,,,,,,,,,,,,,,,,,,,,,,,,,,,,,,,,,,,,,,,,,,,,,,,,,,,,,,,,
RAJASTHAN – SUB JAILS,893,Sub Jail 1 Beawar,100,0,140,0,140,,,,,,,,,,,,,,,,,,,,,,,,,,,,,,,,,,,,,,,,,,,,,,,,,,,,,,,,,,,,,,,,,,,,,,,,,,,,,,,,
RAJASTHAN – SUB JAILS,894,Sub Jail 2 Behrore,25,0,58,0,58,,,,,,,,,,,,,,,,,,,,,,,,,,,,,,,,,,,,,,,,,,,,,,,,,,,,,,,,,,,,,,,,,,,,,,,,,,,,,,,,
RAJASTHAN – SUB JAILS,895,Sub Jail 3 Kishangarh bas,77,3,254,0,257,,,,,,,,,,,,,,,,,,,,,,,,,,,,,,,,,,,,,,,,,,,,,,,,,,,,,,,,,,,,,,,,,,,,,,,,,,,,,,,,
RAJASTHAN – SUB JAILS,896,Sub Jail 4 Kushalgarh,19,0,23,0,23,,,,,,,,,,,,,,,,,,,,,,,,,,,,,,,,,,,,,,,,,,,,,,,,,,,,,,,,,,,,,,,,,,,,,,,,,,,,,,,,
RAJASTHAN – SUB JAILS,897,Sub Jail 5 Chhabra,35,0,113,2,115,,,,,,,,,,,,,,,,,,,,,,,,,,,,,,,,,,,,,,,,,,,,,,,,,,,,,,,,,,,,,,,,,,,,,,,,,,,,,,,,
RAJASTHAN – SUB JAILS,898,Sub Jail 6 Balotra,12,0,50,0,50,,,,,,,,,,,,,,,,,,,,,,,,,,,,,,,,,,,,,,,,,,,,,,,,,,,,,,,,,,,,,,,,,,,,,,,,,,,,,,,,
RAJASTHAN – SUB JAILS,899,Sub Jail 7 Deeg,72,0,156,0,156,,,,,,,,,,,,,,,,,,,,,,,,,,,,,,,,,,,,,,,,,,,,,,,,,,,,,,,,,,,,,,,,,,,,,,,,,,,,,,,,
RAJASTHAN – SUB JAILS,900,Sub Jail 8 Bayana,9,0,81,0,81,,,,,,,,,,,,,,,,,,,,,,,,,,,,,,,,,,,,,,,,,,,,,,,,,,,,,,,,,,,,,,,,,,,,,,,,,,,,,,,,
RAJASTHAN – SUB JAILS,901,Sub Jail 9 Gangapur,48,0,0,0,0,,,,,,,,,,,,,,,,,,,,,,,,,,,,,,,,,,,,,,,,,,,,,,,,,,,,,,,,,,,,,,,,,,,,,,,,,,,,,,,,
RAJASTHAN – SUB JAILS,902,Sub Jail 10 Shahpura,21,0,34,0,34,,,,,,,,,,,,,,,,,,,,,,,,,,,,,,,,,,,,,,,,,,,,,,,,,,,,,,,,,,,,,,,,,,,,,,,,,,,,,,,,
RAJASTHAN – SUB JAILS,903,Sub Jail 11 Gulabpura,16,0,26,0,26,,,,,,,,,,,,,,,,,,,,,,,,,,,,,,,,,,,,,,,,,,,,,,,,,,,,,,,,,,,,,,,,,,,,,,,,,,,,,,,,
RAJASTHAN – SUB JAILS,904,Sub Jail 12 Mandalgarh,8,0,24,0,24,,,,,,,,,,,,,,,,,,,,,,,,,,,,,,,,,,,,,,,,,,,,,,,,,,,,,,,,,,,,,,,,,,,,,,,,,,,,,,,,
RAJASTHAN – SUB JAILS,905,Sub Jail 13 Jahajpur,7,0,0,0,0,,,,,,,,,,,,,,,,,,,,,,,,,,,,,,,,,,,,,,,,,,,,,,,,,,,,,,,,,,,,,,,,,,,,,,,,,,,,,,,,
RAJASTHAN – SUB JAILS,906,Sub Jail 14 Nokha,197,0,10,0,10,,,,,,,,,,,,,,,,,,,,,,,,,,,,,,,,,,,,,,,,,,,,,,,,,,,,,,,,,,,,,,,,,,,,,,,,,,,,,,,,
RAJASTHAN – SUB JAILS,907,Sub Jail 15 Nainwa,12,0,15,0,15,,,,,,,,,,,,,,,,,,,,,,,,,,,,,,,,,,,,,,,,,,,,,,,,,,,,,,,,,,,,,,,,,,,,,,,,,,,,,,,,
RAJASTHAN – SUB JAILS,908,Sub Jail 16 Rajgarh,65,0,81,0,81,,,,,,,,,,,,,,,,,,,,,,,,,,,,,,,,,,,,,,,,,,,,,,,,,,,,,,,,,,,,,,,,,,,,,,,,,,,,,,,,
RAJASTHAN – SUB JAILS,909,Sub Jail 17 Ratangarh,29,0,0,0,0,,,,,,,,,,,,,,,,,,,,,,,,,,,,,,,,,,,,,,,,,,,,,,,,,,,,,,,,,,,,,,,,,,,,,,,,,,,,,,,,
RAJASTHAN – SUB JAILS,910,Sub Jail 18 Nimbahera,60,0,66,0,66,,,,,,,,,,,,,,,,,,,,,,,,,,,,,,,,,,,,,,,,,,,,,,,,,,,,,,,,,,,,,,,,,,,,,,,,,,,,,,,,
RAJASTHAN – SUB JAILS,911,Sub Jail 19 Chhoti Sadri,15,0,37,0,37,,,,,,,,,,,,,,,,,,,,,,,,,,,,,,,,,,,,,,,,,,,,,,,,,,,,,,,,,,,,,,,,,,,,,,,,,,,,,,,,
RAJASTHAN – SUB JAILS,912,Sub Jail 20 Begun,21,0,61,0,61,,,,,,,,,,,,,,,,,,,,,,,,,,,,,,,,,,,,,,,,,,,,,,,,,,,,,,,,,,,,,,,,,,,,,,,,,,,,,,,,
RAJASTHAN – SUB JAILS,913,Sub Jail 21 Kapasan,8,0,54,0,54,,,,,,,,,,,,,,,,,,,,,,,,,,,,,,,,,,,,,,,,,,,,,,,,,,,,,,,,,,,,,,,,,,,,,,,,,,,,,,,,
RAJASTHAN – SUB JAILS,914,Sub Jail 22 Bandikui,98,1,65,0,66,,,,,,,,,,,,,,,,,,,,,,,,,,,,,,,,,,,,,,,,,,,,,,,,,,,,,,,,,,,,,,,,,,,,,,,,,,,,,,,,
RAJASTHAN – SUB JAILS,915,Sub Jail 23 Sagwara,172,0,11,0,11,,,,,,,,,,,,,,,,,,,,,,,,,,,,,,,,,,,,,,,,,,,,,,,,,,,,,,,,,,,,,,,,,,,,,,,,,,,,,,,,
RAJASTHAN – SUB JAILS,916,Sub Jail 24 Raisingh Nagar,39,0,41,0,41,,,,,,,,,,,,,,,,,,,,,,,,,,,,,,,,,,,,,,,,,,,,,,,,,,,,,,,,,,,,,,,,,,,,,,,,,,,,,,,,
RAJASTHAN – SUB JAILS,917,Sub Jail 25 Karanpur,28,0,52,0,52,,,,,,,,,,,,,,,,,,,,,,,,,,,,,,,,,,,,,,,,,,,,,,,,,,,,,,,,,,,,,,,,,,,,,,,,,,,,,,,,
RAJASTHAN – SUB JAILS,918,Sub Jail 26 Bhadra,16,0,0,0,0,,,,,,,,,,,,,,,,,,,,,,,,,,,,,,,,,,,,,,,,,,,,,,,,,,,,,,,,,,,,,,,,,,,,,,,,,,,,,,,,
,919,Sub Jail 27 Suratgarh,86,0,32,0,32,,,,,,,,,,,,,,,,,,,,,,,,,,,,,,,,,,,,,,,,,,,,,,,,,,,,,,,,,,,,,,,,,,,,,,,,,,,,,,,,
,920,Sub Jail 28 Nohar,86,0,71,0,71,,,,,,,,,,,,,,,,,,,,,,,,,,,,,,,,,,,,,,,,,,,,,,,,,,,,,,,,,,,,,,,,,,,,,,,,,,,,,,,,
,921,Sub Jail 29 Sambher,100,0,77,0,77,,,,,,,,,,,,,,,,,,,,,,,,,,,,,,,,,,,,,,,,,,,,,,,,,,,,,,,,,,,,,,,,,,,,,,,,,,,,,,,,
,922,Sub Jail 30 Kotputli,67,0,88,0,88,,,,,,,,,,,,,,,,,,,,,,,,,,,,,,,,,,,,,,,,,,,,,,,,,,,,,,,,,,,,,,,,,,,,,,,,,,,,,,,,
,923,Sub Jail 31 Pokran,9,0,16,0,16,,,,,,,,,,,,,,,,,,,,,,,,,,,,,,,,,,,,,,,,,,,,,,,,,,,,,,,,,,,,,,,,,,,,,,,,,,,,,,,,
,924,Sub Jail 32 Bhinmal,24,0,50,0,50,,,,,,,,,,,,,,,,,,,,,,,,,,,,,,,,,,,,,,,,,,,,,,,,,,,,,,,,,,,,,,,,,,,,,,,,,,,,,,,,
,925,Sub Jail 33 Sanchore,40,1,12,0,13,,,,,,,,,,,,,,,,,,,,,,,,,,,,,,,,,,,,,,,,,,,,,,,,,,,,,,,,,,,,,,,,,,,,,,,,,,,,,,,,
,926,Sub Jail 34 Aklera,7,0,121,0,121,,,,,,,,,,,,,,,,,,,,,,,,,,,,,,,,,,,,,,,,,,,,,,,,,,,,,,,,,,,,,,,,,,,,,,,,,,,,,,,,
,927,Sub Jail 35 Bhawani Madi,9,0,50,0,50,,,,,,,,,,,,,,,,,,,,,,,,,,,,,,,,,,,,,,,,,,,,,,,,,,,,,,,,,,,,,,,,,,,,,,,,,,,,,,,,
,928,Sub Jail 36 Khetri,33,0,42,0,42,,,,,,,,,,,,,,,,,,,,,,,,,,,,,,,,,,,,,,,,,,,,,,,,,,,,,,,,,,,,,,,,,,,,,,,,,,,,,,,,
,929,Sub Jail 37 Falaudi,8,0,0,0,0,,,,,,,,,,,,,,,,,,,,,,,,,,,,,,,,,,,,,,,,,,,,,,,,,,,,,,,,,,,,,,,,,,,,,,,,,,,,,,,,
,930,Sub Jail 38 Bilara,130,0,0,0,0,,,,,,,,,,,,,,,,,,,,,,,,,,,,,,,,,,,,,,,,,,,,,,,,,,,,,,,,,,,,,,,,,,,,,,,,,,,,,,,,
,931,Sub Jail 39 Sangod,66,0,33,0,33,,,,,,,,,,,,,,,,,,,,,,,,,,,,,,,,,,,,,,,,,,,,,,,,,,,,,,,,,,,,,,,,,,,,,,,,,,,,,,,,
,932,Sub Jail 40 Ramganj Mandi,20,0,68,0,68,,,,,,,,,,,,,,,,,,,,,,,,,,,,,,,,,,,,,,,,,,,,,,,,,,,,,,,,,,,,,,,,,,,,,,,,,,,,,,,,
,933,Sub Jail 41 Parbatsar,250,0,57,0,57,,,,,,,,,,,,,,,,,,,,,,,,,,,,,,,,,,,,,,,,,,,,,,,,,,,,,,,,,,,,,,,,,,,,,,,,,,,,,,,,
,934,Sub Jail 42 Merta City,106,0,80,0,80,,,,,,,,,,,,,,,,,,,,,,,,,,,,,,,,,,,,,,,,,,,,,,,,,,,,,,,,,,,,,,,,,,,,,,,,,,,,,,,,
,935,Sub Jail 43 Didwana,23,0,45,0,45,,,,,,,,,,,,,,,,,,,,,,,,,,,,,,,,,,,,,,,,,,,,,,,,,,,,,,,,,,,,,,,,,,,,,,,,,,,,,,,,
,936,Sub Jail 44 Bali,51,0,106,0,106,,,,,,,,,,,,,,,,,,,,,,,,,,,,,,,,,,,,,,,,,,,,,,,,,,,,,,,,,,,,,,,,,,,,,,,,,,,,,,,,
,937,Sub Jail 45 Sojat City,41,0,35,0,35,,,,,,,,,,,,,,,,,,,,,,,,,,,,,,,,,,,,,,,,,,,,,,,,,,,,,,,,,,,,,,,,,,,,,,,,,,,,,,,,
,938,Sub Jail 46 Jaitaran,13,1,43,0,44,,,,,,,,,,,,,,,,,,,,,,,,,,,,,,,,,,,,,,,,,,,,,,,,,,,,,,,,,,,,,,,,,,,,,,,,,,,,,,,,
,939,Sub Jail 47 Bhim,6,0,17,0,17,,,,,,,,,,,,,,,,,,,,,,,,,,,,,,,,,,,,,,,,,,,,,,,,,,,,,,,,,,,,,,,,,,,,,,,,,,,,,,,,
,940,Sub Jail 48 Sawai Madhopur,22,0,0,0,0,,,,,,,,,,,,,,,,,,,,,,,,,,,,,,,,,,,,,,,,,,,,,,,,,,,,,,,,,,,,,,,,,,,,,,,,,,,,,,,,
,941,Sub Jail 49 Hindon City,34,0,0,0,0,,,,,,,,,,,,,,,,,,,,,,,,,,,,,,,,,,,,,,,,,,,,,,,,,,,,,,,,,,,,,,,,,,,,,,,,,,,,,,,,
,942,Sub Jail 50 Neem ka Thana,100,0,97,1,98,,,,,,,,,,,,,,,,,,,,,,,,,,,,,,,,,,,,,,,,,,,,,,,,,,,,,,,,,,,,,,,,,,,,,,,,,,,,,,,,
,943,Sub Jail 51 Fhatehpur,21,0,11,0,11,,,,,,,,,,,,,,,,,,,,,,,,,,,,,,,,,,,,,,,,,,,,,,,,,,,,,,,,,,,,,,,,,,,,,,,,,,,,,,,,
,944,Sub Jail 52 Abu Road,35,0,41,0,41,,,,,,,,,,,,,,,,,,,,,,,,,,,,,,,,,,,,,,,,,,,,,,,,,,,,,,,,,,,,,,,,,,,,,,,,,,,,,,,,
,945,Sub Jail 53 Malpura,49,0,34,0,34,,,,,,,,,,,,,,,,,,,,,,,,,,,,,,,,,,,,,,,,,,,,,,,,,,,,,,,,,,,,,,,,,,,,,,,,,,,,,,,,
,946,Sub Jail 54 Kanore,11,0,18,0,18,,,,,,,,,,,,,,,,,,,,,,,,,,,,,,,,,,,,,,,,,,,,,,,,,,,,,,,,,,,,,,,,,,,,,,,,,,,,,,,,
,947,Sub Jail 55 Kotra,225,0,14,0,14,,,,,,,,,,,,,,,,,,,,,,,,,,,,,,,,,,,,,,,,,,,,,,,,,,,,,,,,,,,,,,,,,,,,,,,,,,,,,,,,
,948,Sub Jail 56 Mavli,9,0,37,0,37,,,,,,,,,,,,,,,,,,,,,,,,,,,,,,,,,,,,,,,,,,,,,,,,,,,,,,,,,,,,,,,,,,,,,,,,,,,,,,,,
,949,Sub Jail 57 Salumber,8,0,57,0,57,,,,,,,,,,,,,,,,,,,,,,,,,,,,,,,,,,,,,,,,,,,,,,,,,,,,,,,,,,,,,,,,,,,,,,,,,,,,,,,,
,950,Sub Jail 58 Jhadole,165,0,1,0,1,,,,,,,,,,,,,,,,,,,,,,,,,,,,,,,,,,,,,,,,,,,,,,,,,,,,,,,,,,,,,,,,,,,,,,,,,,,,,,,,
,951,Sub Jail 59 Atru,107,0,61,0,61,,,,,,,,,,,,,,,,,,,,,,,,,,,,,,,,,,,,,,,,,,,,,,,,,,,,,,,,,,,,,,,,,,,,,,,,,,,,,,,,
,952,Sub Jail 60 Anoop Garh,198,0,76,0,76,,,,,,,,,,,,,,,,,,,,,,,,,,,,,,,,,,,,,,,,,,,,,,,,,,,,,,,,,,,,,,,,,,,,,,,,,,,,,,,,
RAJASTHAN – WOMEN JAILS,953,Women Reformatories 1 Jaipur,211,135,75,0,210,,,,,,,,,,,,,,,,,,,,,,,,,,,,,,,,,,,,,,,,,,,,,,,,,,,,,,,,,,,,,,,,,,,,,,,,,,,,,,,,
,956,Open Camp 1 Sanganer,,,,,,,,,,,,,,,,,,,,,,,,,,,,,,,,,,,,,,,,,,170,169,0,0,169,,,,,,,,,,,,,,,,,,,,,,,,,,,,,,,,,,,,,,,
,957,Open Camp 2 Durgapura,,,,,,,,,,,,,,,,,,,,,,,,,,,,,,,,,,,,,,,,,,15,14,0,0,14,,,,,,,,,,,,,,,,,,,,,,,,,,,,,,,,,,,,,,,
,958,Open Camp 3 Jaitaser,,,,,,,,,,,,,,,,,,,,,,,,,,,,,,,,,,,,,,,,,,61,54,0,0,54,,,,,,,,,,,,,,,,,,,,,,,,,,,,,,,,,,,,,,,
,959,Open Camp 4 Mandore,,,,,,,,,,,,,,,,,,,,,,,,,,,,,,,,,,,,,,,,,,30,34,0,0,34,,,,,,,,,,,,,,,,,,,,,,,,,,,,,,,,,,,,,,,
,960,Open Camp 5 Bharatpur,,,,,,,,,,,,,,,,,,,,,,,,,,,,,,,,,,,,,,,,,,50,54,0,0,54,,,,,,,,,,,,,,,,,,,,,,,,,,,,,,,,,,,,,,,
,961,Open Camp 6 Beechawal,,,,,,,,,,,,,,,,,,,,,,,,,,,,,,,,,,,,,,,,,,103,98,0,0,98,,,,,,,,,,,,,,,,,,,,,,,,,,,,,,,,,,,,,,,
,962,Open Camp 7 Hanumangarh,,,,,,,,,,,,,,,,,,,,,,,,,,,,,,,,,,,,,,,,,,15,14,0,0,14,,,,,,,,,,,,,,,,,,,,,,,,,,,,,,,,,,,,,,,
,963,Open Camp 8 Udaipur,,,,,,,,,,,,,,,,,,,,,,,,,,,,,,,,,,,,,,,,,,10,9,0,0,9,,,,,,,,,,,,,,,,,,,,,,,,,,,,,,,,,,,,,,,
,964,Open Camp 9 Alwar,,,,,,,,,,,,,,,,,,,,,,,,,,,,,,,,,,,,,,,,,,20,19,0,0,19,,,,,,,,,,,,,,,,,,,,,,,,,,,,,,,,,,,,,,,
,965,Open Camp 10 Kota,,,,,,,,,,,,,,,,,,,,,,,,,,,,,,,,,,,,,,,,,,15,14,0,0,14,,,,,,,,,,,,,,,,,,,,,,,,,,,,,,,,,,,,,,,
,966,Open Camp 11 Ganganagar,,,,,,,,,,,,,,,,,,,,,,,,,,,,,,,,,,,,,,,,,,20,20,0,0,20,,,,,,,,,,,,,,,,,,,,,,,,,,,,,,,,,,,,,,,
,967,Open Camp 12 Jalore,,,,,,,,,,,,,,,,,,,,,,,,,,,,,,,,,,,,,,,,,,10,10,0,0,10,,,,,,,,,,,,,,,,,,,,,,,,,,,,,,,,,,,,,,,
,968,Open Camp 13 Bikaner,,,,,,,,,,,,,,,,,,,,,,,,,,,,,,,,,,,,,,,,,,10,10,0,0,10,,,,,,,,,,,,,,,,,,,,,,,,,,,,,,,,,,,,,,,
,969,Open Camp 14 Sikar,,,,,,,,,,,,,,,,,,,,,,,,,,,,,,,,,,,,,,,,,,10,10,0,0,10,,,,,,,,,,,,,,,,,,,,,,,,,,,,,,,,,,,,,,,
,970,Open Camp 15 Jhunjhunu,,,,,,,,,,,,,,,,,,,,,,,,,,,,,,,,,,,,,,,,,,10,10,0,0,10,,,,,,,,,,,,,,,,,,,,,,,,,,,,,,,,,,,,,,,
,971,Open Camp 16 Tonk,,,,,,,,,,,,,,,,,,,,,,,,,,,,,,,,,,,,,,,,,,10,0,0,0,0,,,,,,,,,,,,,,,,,,,,,,,,,,,,,,,,,,,,,,,
,972,Open Camp 17 Chittorgarh,,,,,,,,,,,,,,,,,,,,,,,,,,,,,,,,,,,,,,,,,,10,0,0,0,0,,,,,,,,,,,,,,,,,,,,,,,,,,,,,,,,,,,,,,,
,973,Open Camp 18 Dholpur,,,,,,,,,,,,,,,,,,,,,,,,,,,,,,,,,,,,,,,,,,10,10,0,0,10,,,,,,,,,,,,,,,,,,,,,,,,,,,,,,,,,,,,,,,
,974,Open Camp 19 Jaisalmer,,,,,,,,,,,,,,,,,,,,,,,,,,,,,,,,,,,,,,,,,,10,8,0,0,8,,,,,,,,,,,,,,,,,,,,,,,,,,,,,,,,,,,,,,,
,975,Open Camp 20 Pratapgarh,,,,,,,,,,,,,,,,,,,,,,,,,,,,,,,,,,,,,,,,,,10,0,0,0,0,,,,,,,,,,,,,,,,,,,,,,,,,,,,,,,,,,,,,,,
,976,Open Camp 21 Barmer,,,,,,,,,,,,,,,,,,,,,,,,,,,,,,,,,,,,,,,,,,10,10,0,0,10,,,,,,,,,,,,,,,,,,,,,,,,,,,,,,,,,,,,,,,
,977,Open Camp 22 Bhilwara,,,,,,,,,,,,,,,,,,,,,,,,,,,,,,,,,,,,,,,,,,10,0,0,0,0,,,,,,,,,,,,,,,,,,,,,,,,,,,,,,,,,,,,,,,
,978,Open Camp 23 Nagore,,,,,,,,,,,,,,,,,,,,,,,,,,,,,,,,,,,,,,,,,,10,0,0,0,0,,,,,,,,,,,,,,,,,,,,,,,,,,,,,,,,,,,,,,,
SIKKIM – CENTRAL JAILS,979,"State Central Prison 1 Rongyek, East Sikkim",,,,,,,,,,,,,,,,,,,,,,,,,,,,,,,,,,,,,,,,,,147,97,78,0,175,,,,,,,,,,,,,,,,,,,,,,,,,,,,,,,,,,,,,,,
SIKKIM – DISTRICT JAILS,980,"Boomtar, Namchi, District Prison, Namchi 1",,,,,,,,,,,,,,,,,,,,,,,,,,,,,,,,,,,,,,,,,,60,0,71,0,71,,,,,,,,,,,,,,,,,,,,,,,,,,,,,,,,,,,,,,,
,981,"Central Prison-1, Puzhal 1 District",1250,712,0,0,712,,,,,,,,,,,,,,,,,,,,,,,,,,,,,,,,,,,,,,,,,,,,,,,,,,,,,,,,,,,,,,,,,,,,,,,,,,,,,,,,
,982,"Puzhal, Tiruvallur Central Prison-2, Puzhal 2 District",1250,0,1056,531,1587,,,,,,,,,,,,,,,,,,,,,,,,,,,,,,,,,,,,,,,,,,,,,,,,,,,,,,,,,,,,,,,,,,,,,,,,,,,,,,,,
,983,"Vellore Central Jail 3 Vellore, Vellore District",2130,445,418,94,957,,,,,,,,,,,,,,,,,,,,,,,,,,,,,,,,,,,,,,,,,,,,,,,,,,,,,,,,,,,,,,,,,,,,,,,,,,,,,,,,
,984,"Cuddalore, Cuddalore Cuddalore Central Jail 4 District",723,381,287,16,684,,,,,,,,,,,,,,,,,,,,,,,,,,,,,,,,,,,,,,,,,,,,,,,,,,,,,,,,,,,,,,,,,,,,,,,,,,,,,,,,
,985,"Salem Central Jail 5 Salem, Salem District",1431,61,643,136,840,,,,,,,,,,,,,,,,,,,,,,,,,,,,,,,,,,,,,,,,,,,,,,,,,,,,,,,,,,,,,,,,,,,,,,,,,,,,,,,,
,986,"Coimbatore, Coimbatore Central Jail 6 Coimbatore District",2242,917,709,82,1708,,,,,,,,,,,,,,,,,,,,,,,,,,,,,,,,,,,,,,,,,,,,,,,,,,,,,,,,,,,,,,,,,,,,,,,,,,,,,,,,
,987,"Trichy Central Jail 7 Trichy, Trichy District",2517,755,494,63,1312,,,,,,,,,,,,,,,,,,,,,,,,,,,,,,,,,,,,,,,,,,,,,,,,,,,,,,,,,,,,,,,,,,,,,,,,,,,,,,,,
,988,"Madurai, Madurai Madurai Central Jail 8 District",1252,672,583,68,1323,,,,,,,,,,,,,,,,,,,,,,,,,,,,,,,,,,,,,,,,,,,,,,,,,,,,,,,,,,,,,,,,,,,,,,,,,,,,,,,,
,989,"Palayamkottai, Palayamkottai Central Jail 9 Tirunelveli District",1332,637,581,74,1292,,,,,,,,,,,,,,,,,,,,,,,,,,,,,,,,,,,,,,,,,,,,,,,,,,,,,,,,,,,,,,,,,,,,,,,,,,,,,,,,
,990,"TAMIL NADU – DISTRICT JAILS District Jail 1 Attur, Salem District",200,0,24,0,24,,,,,,,,,,,,,,,,,,,,,,,,,,,,,,,,,,,,,,,,,,,,,,,,,,,,,,,,,,,,,,,,,,,,,,,,,,,,,,,,
,991,"Pudukottai, Pudukottai District Jail 2 District",405,0,85,0,85,,,,,,,,,,,,,,,,,,,,,,,,,,,,,,,,,,,,,,,,,,,,,,,,,,,,,,,,,,,,,,,,,,,,,,,,,,,,,,,,
,992,"Dindigul, Dindigul District Jail 3 District",200,13,52,0,65,,,,,,,,,,,,,,,,,,,,,,,,,,,,,,,,,,,,,,,,,,,,,,,,,,,,,,,,,,,,,,,,,,,,,,,,,,,,,,,,
,993,"Virudhunagar, District Jail 4 Virudhunagar District",200,0,38,0,38,,,,,,,,,,,,,,,,,,,,,,,,,,,,,,,,,,,,,,,,,,,,,,,,,,,,,,,,,,,,,,,,,,,,,,,,,,,,,,,,
,994,"Srivaikundam, District Jail 5 Thoothukudi District",72,0,22,0,22,,,,,,,,,,,,,,,,,,,,,,,,,,,,,,,,,,,,,,,,,,,,,,,,,,,,,,,,,,,,,,,,,,,,,,,,,,,,,,,,
,995,"Nagercoil, District Jail 6 Kanniyakumari District",200,0,125,0,125,,,,,,,,,,,,,,,,,,,,,,,,,,,,,,,,,,,,,,,,,,,,,,,,,,,,,,,,,,,,,,,,,,,,,,,,,,,,,,,,
,996,"Nagapattinam, District Jail 7 Nagapattinam District",200,0,92,0,92,,,,,,,,,,,,,,,,,,,,,,,,,,,,,,,,,,,,,,,,,,,,,,,,,,,,,,,,,,,,,,,,,,,,,,,,,,,,,,,,
,997,"Ramanathapuram, District Jail 8 Ramanathapuram Dist.",200,0,78,0,78,,,,,,,,,,,,,,,,,,,,,,,,,,,,,,,,,,,,,,,,,,,,,,,,,,,,,,,,,,,,,,,,,,,,,,,,,,,,,,,,
,998,"Gobichettipalayam, District Jail 9",200,0,50,0,50,,,,,,,,,,,,,,,,,,,,,,,,,,,,,,,,,,,,,,,,,,,,,,,,,,,,,,,,,,,,,,,,,,,,,,,,,,,,,,,,
,999,Borstal School 1 District,40,1,13,5,19,,,,,,,,,,,,,,,,,,,,,,,,,,,,,,,,,,,,,,,,,,,,,,,,,,,,,,,,,,,,,,,,,,,,,,,,,,,,,,,,
,1000,"Saidapet, Chennai Borstal School 2 District",75,0,72,0,72,,,,,,,,,,,,,,,,,,,,,,,,,,,,,,,,,,,,,,,,,,,,,,,,,,,,,,,,,,,,,,,,,,,,,,,,,,,,,,,,
,1001,"Borstal School 3 Vellore, Vellore District",40,0,9,0,9,,,,,,,,,,,,,,,,,,,,,,,,,,,,,,,,,,,,,,,,,,,,,,,,,,,,,,,,,,,,,,,,,,,,,,,,,,,,,,,,
,1002,"Panruti, Cuddalore Borstal School 4 District",15,0,16,0,16,,,,,,,,,,,,,,,,,,,,,,,,,,,,,,,,,,,,,,,,,,,,,,,,,,,,,,,,,,,,,,,,,,,,,,,,,,,,,,,,
,1003,"Gingee, Villupuram Borstal School 5 District",80,0,24,0,24,,,,,,,,,,,,,,,,,,,,,,,,,,,,,,,,,,,,,,,,,,,,,,,,,,,,,,,,,,,,,,,,,,,,,,,,,,,,,,,,
,1004,"Sankagiri, Salem Borstal School 6 District",27,0,27,0,27,,,,,,,,,,,,,,,,,,,,,,,,,,,,,,,,,,,,,,,,,,,,,,,,,,,,,,,,,,,,,,,,,,,,,,,,,,,,,,,,
,1005,"Paramathi, Namakkal Borstal School 7 District",16,0,4,0,4,,,,,,,,,,,,,,,,,,,,,,,,,,,,,,,,,,,,,,,,,,,,,,,,,,,,,,,,,,,,,,,,,,,,,,,,,,,,,,,,
,1006,"Pollachi, Coimbatore Borstal School 8 Distrct",97,0,38,0,38,,,,,,,,,,,,,,,,,,,,,,,,,,,,,,,,,,,,,,,,,,,,,,,,,,,,,,,,,,,,,,,,,,,,,,,,,,,,,,,,
,1007,"Borstal School 9 Ariyalur, Ariyalur Distrcit",21,0,4,0,4,,,,,,,,,,,,,,,,,,,,,,,,,,,,,,,,,,,,,,,,,,,,,,,,,,,,,,,,,,,,,,,,,,,,,,,,,,,,,,,,
,1008,"Borstal School 10 Melur, Madurai District",48,0,56,0,56,,,,,,,,,,,,,,,,,,,,,,,,,,,,,,,,,,,,,,,,,,,,,,,,,,,,,,,,,,,,,,,,,,,,,,,,,,,,,,,,
,1009,"Nanguneri, Tirunelveli Borstal School 11 District",107,0,52,0,52,,,,,,,,,,,,,,,,,,,,,,,,,,,,,,,,,,,,,,,,,,,,,,,,,,,,,,,,,,,,,,,,,,,,,,,,,,,,,,,,
,1010,"Thanjavur, Thanjavur Borstal School 12 District",87,0,27,0,27,,,,,,,,,,,,,,,,,,,,,,,,,,,,,,,,,,,,,,,,,,,,,,,,,,,,,,,,,,,,,,,,,,,,,,,,,,,,,,,,
TAMIL NADU – SPECIAL JAILS,1011,"Poonamallee, Special Sub Jail 1 Thiruvallur District",52,0,0,0,0,,,,,,,,,,,,,,,,,,,,,,,,,,,,,,,,,,,,,,,,,,,,,,,,,,,,,,,,,,,,,,,,,,,,,,,,,,,,,,,,
TAMIL NADU – SPECIAL JAILS,1012,"Chengalpet, Special Sub Jail 2 Kancheepuram District",120,0,0,0,0,,,,,,,,,,,,,,,,,,,,,,,,,,,,,,,,,,,,,,,,,,,,,,,,,,,,,,,,,,,,,,,,,,,,,,,,,,,,,,,,
TAMIL NADU – SPECIAL JAILS,1013,Special Sub Jail 3 Salem,110,0,33,0,33,,,,,,,,,,,,,,,,,,,,,,,,,,,,,,,,,,,,,,,,,,,,,,,,,,,,,,,,,,,,,,,,,,,,,,,,,,,,,,,,
TAMIL NADU – SPECIAL JAILS,1014,"Kokirakulam, Tirunelveli Special Sub Jail 4 District",84,0,28,0,28,,,,,,,,,,,,,,,,,,,,,,,,,,,,,,,,,,,,,,,,,,,,,,,,,,,,,,,,,,,,,,,,,,,,,,,,,,,,,,,,
TAMIL NADU – SPECIAL JAILS,1015,Special Sub Jail 5 Trichy TC TAMIL NADU – OPEN JAILS,224,0,0,0,0,,,,,,,,,,,,,,,,,,,,,,,,,,,,,,,,,,,,,,,,,,,,,,,,,,,,,,,,,,,,,,,,,,,,,,,,,,,,,,,,
TAMIL NADU – SPECIAL JAILS,1016,"Singanallur, Open Air Jail 1",100,59,0,0,59,,,,,,,,,,,,,,,,,,,,,,,,,,,,,,,,,,,,,,,,,,,,,,,,,,,,,,,,,,,,,,,,,,,,,,,,,,,,,,,,
,1018,Sub Jail 1 Kancheepuram,,,,,,,,,,,,,,,,,,,,,,,,,,,,,,,,,,,,,,,,,,,,,,,34,0,25,0,25,,,,,,,,,,,,,,,,,,,,,,,,,,,,,,,,,,
,1019,Sub Jail 2 Madurantagam,,,,,,,,,,,,,,,,,,,,,,,,,,,,,,,,,,,,,,,,,,,,,,,62,0,20,0,20,,,,,,,,,,,,,,,,,,,,,,,,,,,,,,,,,,
,1020,Sub Jail 3 Thiruvallur,,,,,,,,,,,,,,,,,,,,,,,,,,,,,,,,,,,,,,,,,,,,,,,36,0,22,0,22,,,,,,,,,,,,,,,,,,,,,,,,,,,,,,,,,,
,1021,Sub Jail 4 Ponneri,,,,,,,,,,,,,,,,,,,,,,,,,,,,,,,,,,,,,,,,,,,,,,,42,0,10,0,10,,,,,,,,,,,,,,,,,,,,,,,,,,,,,,,,,,
,1022,Sub Jail 5 Tiruttani,,,,,,,,,,,,,,,,,,,,,,,,,,,,,,,,,,,,,,,,,,,,,,,36,0,23,0,23,,,,,,,,,,,,,,,,,,,,,,,,,,,,,,,,,,
,1023,"Sub Jail 6 Ambur, Vellore District",,,,,,,,,,,,,,,,,,,,,,,,,,,,,,,,,,,,,,,,,,,,,,,20,0,2,0,2,,,,,,,,,,,,,,,,,,,,,,,,,,,,,,,,,,
,1024,Sub Jail 7 Arakkonam,,,,,,,,,,,,,,,,,,,,,,,,,,,,,,,,,,,,,,,,,,,,,,,36,0,7,0,7,,,,,,,,,,,,,,,,,,,,,,,,,,,,,,,,,,
,1025,Sub Jail 8 Thirupattur,,,,,,,,,,,,,,,,,,,,,,,,,,,,,,,,,,,,,,,,,,,,,,,74,0,18,0,18,,,,,,,,,,,,,,,,,,,,,,,,,,,,,,,,,,
,1026,Sub Jail 9 Vaniyambadi,,,,,,,,,,,,,,,,,,,,,,,,,,,,,,,,,,,,,,,,,,,,,,,30,0,3,0,3,,,,,,,,,,,,,,,,,,,,,,,,,,,,,,,,,,
,1027,Sub Jail 10 Wallaja,,,,,,,,,,,,,,,,,,,,,,,,,,,,,,,,,,,,,,,,,,,,,,,19,0,6,0,6,,,,,,,,,,,,,,,,,,,,,,,,,,,,,,,,,,
,1028,Sub Jail 11 Gudiyatham,,,,,,,,,,,,,,,,,,,,,,,,,,,,,,,,,,,,,,,,,,,,,,,54,0,3,0,3,,,,,,,,,,,,,,,,,,,,,,,,,,,,,,,,,,
,1029,"Cheyyar, Sub Jail 12 TC Thiruvannamalai Dist.",,,,,,,,,,,,,,,,,,,,,,,,,,,,,,,,,,,,,,,,,,,,,,,48,0,0,0,0,,,,,,,,,,,,,,,,,,,,,,,,,,,,,,,,,,
,1030,Sub Jail 13 Thiruvannamalai,,,,,,,,,,,,,,,,,,,,,,,,,,,,,,,,,,,,,,,,,,,,,,,42,0,7,0,7,,,,,,,,,,,,,,,,,,,,,,,,,,,,,,,,,,
,1031,Sub Jail 14 Arani,,,,,,,,,,,,,,,,,,,,,,,,,,,,,,,,,,,,,,,,,,,,,,,17,0,1,0,1,,,,,,,,,,,,,,,,,,,,,,,,,,,,,,,,,,
,1032,Sub Jail 15 Chengam,,,,,,,,,,,,,,,,,,,,,,,,,,,,,,,,,,,,,,,,,,,,,,,9,0,5,0,5,,,,,,,,,,,,,,,,,,,,,,,,,,,,,,,,,,
,1033,Sub Jail 16 Polur,,,,,,,,,,,,,,,,,,,,,,,,,,,,,,,,,,,,,,,,,,,,,,,36,0,1,0,1,,,,,,,,,,,,,,,,,,,,,,,,,,,,,,,,,,
,1034,Sub Jail 17 Vandavasi,,,,,,,,,,,,,,,,,,,,,,,,,,,,,,,,,,,,,,,,,,,,,,,19,0,2,0,2,,,,,,,,,,,,,,,,,,,,,,,,,,,,,,,,,,
,1035,Sub Jail 18 Cuddalore,,,,,,,,,,,,,,,,,,,,,,,,,,,,,,,,,,,,,,,,,,,,,,,143,0,17,0,17,,,,,,,,,,,,,,,,,,,,,,,,,,,,,,,,,,
,1036,Sub Jail 19 Virudachalam,,,,,,,,,,,,,,,,,,,,,,,,,,,,,,,,,,,,,,,,,,,,,,,30,0,5,0,5,,,,,,,,,,,,,,,,,,,,,,,,,,,,,,,,,,
,1037,Sub Jail 20 Portonova,,,,,,,,,,,,,,,,,,,,,,,,,,,,,,,,,,,,,,,,,,,,,,,24,0,1,0,1,,,,,,,,,,,,,,,,,,,,,,,,,,,,,,,,,,
,1038,Sub Jail 21 Chidambaram,,,,,,,,,,,,,,,,,,,,,,,,,,,,,,,,,,,,,,,,,,,,,,,28,0,2,0,2,,,,,,,,,,,,,,,,,,,,,,,,,,,,,,,,,,
,1039,Sub Jail 22 Villupuram,,,,,,,,,,,,,,,,,,,,,,,,,,,,,,,,,,,,,,,,,,,,,,,42,0,26,0,26,,,,,,,,,,,,,,,,,,,,,,,,,,,,,,,,,,
,1040,Sub Jail 23 Kallakuruchi,,,,,,,,,,,,,,,,,,,,,,,,,,,,,,,,,,,,,,,,,,,,,,,18,0,22,0,22,,,,,,,,,,,,,,,,,,,,,,,,,,,,,,,,,,
,1041,Sub Jail 24 Tindivanam,,,,,,,,,,,,,,,,,,,,,,,,,,,,,,,,,,,,,,,,,,,,,,,29,0,33,0,33,,,,,,,,,,,,,,,,,,,,,,,,,,,,,,,,,,
,1042,Sub Jail 25 Ulundurpet,,,,,,,,,,,,,,,,,,,,,,,,,,,,,,,,,,,,,,,,,,,,,,,24,0,7,0,7,,,,,,,,,,,,,,,,,,,,,,,,,,,,,,,,,,
,1043,Sub Jail 26 Thirukovllur,,,,,,,,,,,,,,,,,,,,,,,,,,,,,,,,,,,,,,,,,,,,,,,24,0,3,0,3,,,,,,,,,,,,,,,,,,,,,,,,,,,,,,,,,,
,1044,"Sub Jail 27 Omalur, Salem District",,,,,,,,,,,,,,,,,,,,,,,,,,,,,,,,,,,,,,,,,,,,,,,48,0,29,0,29,,,,,,,,,,,,,,,,,,,,,,,,,,,,,,,,,,
,1045,Sub Jail 28 Namakkal,,,,,,,,,,,,,,,,,,,,,,,,,,,,,,,,,,,,,,,,,,,,,,,34,0,19,0,19,,,,,,,,,,,,,,,,,,,,,,,,,,,,,,,,,,
,1046,Sub Jail 29 Rasipuram,,,,,,,,,,,,,,,,,,,,,,,,,,,,,,,,,,,,,,,,,,,,,,,24,0,5,0,5,,,,,,,,,,,,,,,,,,,,,,,,,,,,,,,,,,
,1047,Sub Jail 30 Thiruchengode,,,,,,,,,,,,,,,,,,,,,,,,,,,,,,,,,,,,,,,,,,,,,,,19,0,16,0,16,,,,,,,,,,,,,,,,,,,,,,,,,,,,,,,,,,
,1048,Sub Jail 31 Dharmapuri,,,,,,,,,,,,,,,,,,,,,,,,,,,,,,,,,,,,,,,,,,,,,,,36,0,11,0,11,,,,,,,,,,,,,,,,,,,,,,,,,,,,,,,,,,
,1049,Sub Jail 32 Aroor,,,,,,,,,,,,,,,,,,,,,,,,,,,,,,,,,,,,,,,,,,,,,,,48,0,21,0,21,,,,,,,,,,,,,,,,,,,,,,,,,,,,,,,,,,
,1050,"Uthangarai, Krishnagiri Sub Jail 33 District",,,,,,,,,,,,,,,,,,,,,,,,,,,,,,,,,,,,,,,,,,,,,,,16,0,10,0,10,,,,,,,,,,,,,,,,,,,,,,,,,,,,,,,,,,
,1051,"Hosur, Krishnagiri Sub Jail 34",,,,,,,,,,,,,,,,,,,,,,,,,,,,,,,,,,,,,,,,,,,,,,,44,0,13,0,13,,,,,,,,,,,,,,,,,,,,,,,,,,,,,,,,,,
,1052,Sub Jail 35 Erode,35,0,33,0,33,,,,,,,,,,,,,,,,,,,,,,,,,,,,,,,,,,,,,,,,,,,,,,,,,,,,,,,,,,,,,,,,,,,,,,,,,,,,,,,,
,1053,Sub Jail 36 Sathyamangalam,16,0,9,0,9,,,,,,,,,,,,,,,,,,,,,,,,,,,,,,,,,,,,,,,,,,,,,,,,,,,,,,,,,,,,,,,,,,,,,,,,,,,,,,,,
,1054,Sub Jail 37 Bhavani,24,0,6,0,6,,,,,,,,,,,,,,,,,,,,,,,,,,,,,,,,,,,,,,,,,,,,,,,,,,,,,,,,,,,,,,,,,,,,,,,,,,,,,,,,
,1055,Sub Jail 38 Perundurai,8,0,0,0,0,,,,,,,,,,,,,,,,,,,,,,,,,,,,,,,,,,,,,,,,,,,,,,,,,,,,,,,,,,,,,,,,,,,,,,,,,,,,,,,,
,1056,"Uthagamandalam, The Sub Jail 39 Nilgiris District",35,0,7,0,7,,,,,,,,,,,,,,,,,,,,,,,,,,,,,,,,,,,,,,,,,,,,,,,,,,,,,,,,,,,,,,,,,,,,,,,,,,,,,,,,
,1057,Sub Jail 40 Coonoor,32,0,10,0,10,,,,,,,,,,,,,,,,,,,,,,,,,,,,,,,,,,,,,,,,,,,,,,,,,,,,,,,,,,,,,,,,,,,,,,,,,,,,,,,,
,1058,Sub Jail 41 Gudalur,28,0,13,0,13,,,,,,,,,,,,,,,,,,,,,,,,,,,,,,,,,,,,,,,,,,,,,,,,,,,,,,,,,,,,,,,,,,,,,,,,,,,,,,,,
,1059,"Avinashi, Tiruppur Sub Jail 42 District",70,0,0,0,0,,,,,,,,,,,,,,,,,,,,,,,,,,,,,,,,,,,,,,,,,,,,,,,,,,,,,,,,,,,,,,,,,,,,,,,,,,,,,,,,
,1060,Sub Jail 43 Tiruppur,90,0,14,0,14,,,,,,,,,,,,,,,,,,,,,,,,,,,,,,,,,,,,,,,,,,,,,,,,,,,,,,,,,,,,,,,,,,,,,,,,,,,,,,,,
,1061,Sub Jail 44 Udumalpet,25,0,13,0,13,,,,,,,,,,,,,,,,,,,,,,,,,,,,,,,,,,,,,,,,,,,,,,,,,,,,,,,,,,,,,,,,,,,,,,,,,,,,,,,,
,1062,Sub Jail 45 Dharapuram,26,0,11,0,11,,,,,,,,,,,,,,,,,,,,,,,,,,,,,,,,,,,,,,,,,,,,,,,,,,,,,,,,,,,,,,,,,,,,,,,,,,,,,,,,
,1063,Sub Jail 46 Palladam TC,24,0,0,0,0,,,,,,,,,,,,,,,,,,,,,,,,,,,,,,,,,,,,,,,,,,,,,,,,,,,,,,,,,,,,,,,,,,,,,,,,,,,,,,,,
,1064,"Sub Jail 47 Musiri, Trichy District",17,0,3,0,3,,,,,,,,,,,,,,,,,,,,,,,,,,,,,,,,,,,,,,,,,,,,,,,,,,,,,,,,,,,,,,,,,,,,,,,,,,,,,,,,
,1065,Sub Jail 48 Thuraiyur,17,0,4,0,4,,,,,,,,,,,,,,,,,,,,,,,,,,,,,,,,,,,,,,,,,,,,,,,,,,,,,,,,,,,,,,,,,,,,,,,,,,,,,,,,
,1066,Sub Jail 49 Lalgudi,23,0,0,0,0,,,,,,,,,,,,,,,,,,,,,,,,,,,,,,,,,,,,,,,,,,,,,,,,,,,,,,,,,,,,,,,,,,,,,,,,,,,,,,,,
,1067,Sub Jail 50 Manaparal,14,0,0,0,0,,,,,,,,,,,,,,,,,,,,,,,,,,,,,,,,,,,,,,,,,,,,,,,,,,,,,,,,,,,,,,,,,,,,,,,,,,,,,,,,
,1068,"Jeyamkondam, Ariyalur Sub Jail 51 District",19,0,4,0,4,,,,,,,,,,,,,,,,,,,,,,,,,,,,,,,,,,,,,,,,,,,,,,,,,,,,,,,,,,,,,,,,,,,,,,,,,,,,,,,,
,1069,Sub Jail 52 Perambalur,18,0,5,0,5,,,,,,,,,,,,,,,,,,,,,,,,,,,,,,,,,,,,,,,,,,,,,,,,,,,,,,,,,,,,,,,,,,,,,,,,,,,,,,,,
,1070,Sub Jail 53 Karur,36,0,14,0,14,,,,,,,,,,,,,,,,,,,,,,,,,,,,,,,,,,,,,,,,,,,,,,,,,,,,,,,,,,,,,,,,,,,,,,,,,,,,,,,,
,1071,Sub Jail 54 Kulithalai,26,0,17,0,17,,,,,,,,,,,,,,,,,,,,,,,,,,,,,,,,,,,,,,,,,,,,,,,,,,,,,,,,,,,,,,,,,,,,,,,,,,,,,,,,
,1072,"Usilampatti, Madurai Sub Jail 55 District",18,0,26,0,26,,,,,,,,,,,,,,,,,,,,,,,,,,,,,,,,,,,,,,,,,,,,,,,,,,,,,,,,,,,,,,,,,,,,,,,,,,,,,,,,
,1073,Sub Jail 56 Thirumangalam,25,0,11,0,11,,,,,,,,,,,,,,,,,,,,,,,,,,,,,,,,,,,,,,,,,,,,,,,,,,,,,,,,,,,,,,,,,,,,,,,,,,,,,,,,
,1074,"Vedasandur, Dindigul Sub Jail 57 District",16,0,8,0,8,,,,,,,,,,,,,,,,,,,,,,,,,,,,,,,,,,,,,,,,,,,,,,,,,,,,,,,,,,,,,,,,,,,,,,,,,,,,,,,,
,1075,Sub Jail 58 Palani,43,0,9,0,9,,,,,,,,,,,,,,,,,,,,,,,,,,,,,,,,,,,,,,,,,,,,,,,,,,,,,,,,,,,,,,,,,,,,,,,,,,,,,,,,
,1076,Sub Jail 59 Kodaikanal,9,0,0,0,0,,,,,,,,,,,,,,,,,,,,,,,,,,,,,,,,,,,,,,,,,,,,,,,,,,,,,,,,,,,,,,,,,,,,,,,,,,,,,,,,
,1077,"Uthamapalayam, Theni Sub Jail 60 District",21,0,14,0,14,,,,,,,,,,,,,,,,,,,,,,,,,,,,,,,,,,,,,,,,,,,,,,,,,,,,,,,,,,,,,,,,,,,,,,,,,,,,,,,,
,1078,Sub Jail 61 Periyakulam,39,0,28,0,28,,,,,,,,,,,,,,,,,,,,,,,,,,,,,,,,,,,,,,,,,,,,,,,,,,,,,,,,,,,,,,,,,,,,,,,,,,,,,,,,
,1079,"Sivagangai, Sivaganga Sub Jail 62 District",20,0,9,0,9,,,,,,,,,,,,,,,,,,,,,,,,,,,,,,,,,,,,,,,,,,,,,,,,,,,,,,,,,,,,,,,,,,,,,,,,,,,,,,,,
,1080,Sub Jail 63 Thirupathur,22,0,17,0,17,,,,,,,,,,,,,,,,,,,,,,,,,,,,,,,,,,,,,,,,,,,,,,,,,,,,,,,,,,,,,,,,,,,,,,,,,,,,,,,,
,1081,Sub Jail 64 Muthukulathur,21,0,8,0,8,,,,,,,,,,,,,,,,,,,,,,,,,,,,,,,,,,,,,,,,,,,,,,,,,,,,,,,,,,,,,,,,,,,,,,,,,,,,,,,,
,1082,Sub Jail 65 Thiruvadanai,12,0,5,0,5,,,,,,,,,,,,,,,,,,,,,,,,,,,,,,,,,,,,,,,,,,,,,,,,,,,,,,,,,,,,,,,,,,,,,,,,,,,,,,,,
,1083,"Aruppukottai, Sub Jail 66",13,0,7,0,7,,,,,,,,,,,,,,,,,,,,,,,,,,,,,,,,,,,,,,,,,,,,,,,,,,,,,,,,,,,,,,,,,,,,,,,,,,,,,,,,
,1084,Sub Jail 67 Srivilliputhur,24,0,29,0,29,,,,,,,,,,,,,,,,,,,,,,,,,,,,,,,,,,,,,,,,,,,,,,,,,,,,,,,,,,,,,,,,,,,,,,,,,,,,,,,,
,1085,"Tenkasi, Tirunelveli Sub Jail 68 District",44,0,31,0,31,,,,,,,,,,,,,,,,,,,,,,,,,,,,,,,,,,,,,,,,,,,,,,,,,,,,,,,,,,,,,,,,,,,,,,,,,,,,,,,,
,1086,Sub Jail 69 Sankarankovil,12,0,23,0,23,,,,,,,,,,,,,,,,,,,,,,,,,,,,,,,,,,,,,,,,,,,,,,,,,,,,,,,,,,,,,,,,,,,,,,,,,,,,,,,,
,1087,Sub Jail 70 Ambasamudram,16,0,14,0,14,,,,,,,,,,,,,,,,,,,,,,,,,,,,,,,,,,,,,,,,,,,,,,,,,,,,,,,,,,,,,,,,,,,,,,,,,,,,,,,,
,1088,Sub Jail 71 Tuticorin,40,0,29,0,29,,,,,,,,,,,,,,,,,,,,,,,,,,,,,,,,,,,,,,,,,,,,,,,,,,,,,,,,,,,,,,,,,,,,,,,,,,,,,,,,
,1089,Sub Jail 72 Kovilpatti,42,0,28,0,28,,,,,,,,,,,,,,,,,,,,,,,,,,,,,,,,,,,,,,,,,,,,,,,,,,,,,,,,,,,,,,,,,,,,,,,,,,,,,,,,
,1090,Sub Jail 73 Thiruchendur,37,0,13,0,13,,,,,,,,,,,,,,,,,,,,,,,,,,,,,,,,,,,,,,,,,,,,,,,,,,,,,,,,,,,,,,,,,,,,,,,,,,,,,,,,
,1091,"Kuzhithurai, Sub Jail 74 Kanniyakumari Dist.",16,0,8,0,8,,,,,,,,,,,,,,,,,,,,,,,,,,,,,,,,,,,,,,,,,,,,,,,,,,,,,,,,,,,,,,,,,,,,,,,,,,,,,,,,
,1092,"Aranthangi, Pudukottai Sub Jail 75 District",28,0,3,0,3,,,,,,,,,,,,,,,,,,,,,,,,,,,,,,,,,,,,,,,,,,,,,,,,,,,,,,,,,,,,,,,,,,,,,,,,,,,,,,,,
,1093,Sub Jail 76 Thirumayam,14,0,6,0,6,,,,,,,,,,,,,,,,,,,,,,,,,,,,,,,,,,,,,,,,,,,,,,,,,,,,,,,,,,,,,,,,,,,,,,,,,,,,,,,,
,1094,Sub Jail 77 Keeranur,8,0,0,0,0,,,,,,,,,,,,,,,,,,,,,,,,,,,,,,,,,,,,,,,,,,,,,,,,,,,,,,,,,,,,,,,,,,,,,,,,,,,,,,,,
,1095,"Thiruvidaimaruthur, Sub Jail 78 Thanjavur District",51,0,3,0,3,,,,,,,,,,,,,,,,,,,,,,,,,,,,,,,,,,,,,,,,,,,,,,,,,,,,,,,,,,,,,,,,,,,,,,,,,,,,,,,,
,1096,Sub Jail 79 Papanasam,46,0,8,0,8,,,,,,,,,,,,,,,,,,,,,,,,,,,,,,,,,,,,,,,,,,,,,,,,,,,,,,,,,,,,,,,,,,,,,,,,,,,,,,,,
,1097,Sub Jail 80 Pattukottai,38,0,22,0,22,,,,,,,,,,,,,,,,,,,,,,,,,,,,,,,,,,,,,,,,,,,,,,,,,,,,,,,,,,,,,,,,,,,,,,,,,,,,,,,,
,1098,Sub Jail 81 Kumbakonam,44,0,14,0,14,,,,,,,,,,,,,,,,,,,,,,,,,,,,,,,,,,,,,,,,,,,,,,,,,,,,,,,,,,,,,,,,,,,,,,,,,,,,,,,,
,1099,"Sirkali, Nagapattinam Sub Jail 82 District",28,0,24,0,24,,,,,,,,,,,,,,,,,,,,,,,,,,,,,,,,,,,,,,,,,,,,,,,,,,,,,,,,,,,,,,,,,,,,,,,,,,,,,,,,
,1100,Sub Jail 83 Mayiladuthurai,24,0,47,0,47,,,,,,,,,,,,,,,,,,,,,,,,,,,,,,,,,,,,,,,,,,,,,,,,,,,,,,,,,,,,,,,,,,,,,,,,,,,,,,,,
,1101,Sub Jail 84 Tharangambadi,12,0,16,0,16,,,,,,,,,,,,,,,,,,,,,,,,,,,,,,,,,,,,,,,,,,,,,,,,,,,,,,,,,,,,,,,,,,,,,,,,,,,,,,,,
,1102,"Thiruthuraipoondi, Sub Jail 85 Thiruvarur District",28,0,12,0,12,,,,,,,,,,,,,,,,,,,,,,,,,,,,,,,,,,,,,,,,,,,,,,,,,,,,,,,,,,,,,,,,,,,,,,,,,,,,,,,,
,1103,Sub Jail 86 Nannilam,24,0,8,0,8,,,,,,,,,,,,,,,,,,,,,,,,,,,,,,,,,,,,,,,,,,,,,,,,,,,,,,,,,,,,,,,,,,,,,,,,,,,,,,,,
,1104,Sub Jail 87 Mannarkudi,19,0,11,0,11,,,,,,,,,,,,,,,,,,,,,,,,,,,,,,,,,,,,,,,,,,,,,,,,,,,,,,,,,,,,,,,,,,,,,,,,,,,,,,,,
,1105,"Cuddalore, Cuddalore Sub Jail - Women 88 District",100,0,33,0,33,,,,,,,,,,,,,,,,,,,,,,,,,,,,,,,,,,,,,,,,,,,,,,,,,,,,,,,,,,,,,,,,,,,,,,,,,,,,,,,,
,1106,"Krishnagiri, Krishnagiri Sub Jail - Women 89 District",73,0,5,0,5,,,,,,,,,,,,,,,,,,,,,,,,,,,,,,,,,,,,,,,,,,,,,,,,,,,,,,,,,,,,,,,,,,,,,,,,,,,,,,,,
,1107,"Mettupalayam, Sub Jail - Women 90 TC Coimbatore District",36,0,0,0,0,,,,,,,,,,,,,,,,,,,,,,,,,,,,,,,,,,,,,,,,,,,,,,,,,,,,,,,,,,,,,,,,,,,,,,,,,,,,,,,,
,1108,"Nilakottai, Dindigul Sub Jail - Women 91 District",36,0,26,0,26,,,,,,,,,,,,,,,,,,,,,,,,,,,,,,,,,,,,,,,,,,,,,,,,,,,,,,,,,,,,,,,,,,,,,,,,,,,,,,,,
,1109,"Paramakudi, Sub Jail - Women 92 Ramanathapuram District",18,0,4,0,4,,,,,,,,,,,,,,,,,,,,,,,,,,,,,,,,,,,,,,,,,,,,,,,,,,,,,,,,,,,,,,,,,,,,,,,,,,,,,,,,
,1110,"Sattur, Virudhunagar Sub Jail - Women 93",29,0,0,0,0,,,,,,,,,,,,,,,,,,,,,,,,,,,,,,,,,,,,,,,,,,,,,,,,,,,,,,,,,,,,,,,,,,,,,,,,,,,,,,,,
,,1111. Sub Jail - Women Kanniyakumari District,,,,,,,,,,,,,,,,,,,,,,,,,,,,,,,,,,,,,,,,,,,,,,,,,,,,94,,24,0,7,0,7,,,,,,,,,,,,,,,,,,,,,,,,,,,
,,1112. Sub Jail - Women Thiruvarur,,,,,,,,,,,,,,,,,,,,,,,,,,,,,,,,,,,,,,,,,,,,,,,,,,,,95,,20,0,24,0,24,,,,,,,,,,,,,,,,,,,,,,,,,,,
TAMIL NADU – WOMEN JAILS,,"Puzhal, Tiruvallur 1113. Special Prison for Women District",,,,,,,,,,,,,,,,,,,,,,,,,,,,,,,,,,,,,,,,,,,,,,,,,,,,1,,500,33,109,11,153,,,,,,,,,,,,,,,,,,,,,,,,,,,
TAMIL NADU – WOMEN JAILS,,"1114. Special Prison for Women Vellore, Vellore District",,,,,,,,,,,,,,,,,,,,,,,,,,,,,,,,,,,,,,,,,,,,,,,,,,,,2,,469,50,46,13,109,,,,,,,,,,,,,,,,,,,,,,,,,,,
TAMIL NADU – WOMEN JAILS,,"1115. Special Prison for Women Trichy, Trichy District",,,,,,,,,,,,,,,,,,,,,,,,,,,,,,,,,,,,,,,,,,,,,,,,,,,,3,,600,81,76,9,166,,,,,,,,,,,,,,,,,,,,,,,,,,,
TRIPURA – CENTRAL JAILS,,"1116. Central Jail, Agartala Dhaleswar",,,,,,,,,,,,,,,,,,,,,,,,,,,,,,,,,,,,,,,,,,,,,,,,,,,,1,- 799007,355,306,126,0,432,,,,,,,,,,,,,,,,,,,,,,,,,,,
TRIPURA – DISTRICT JAILS,,1117. Udaipur District Jail Udaipur,,,,,,,,,,,,,,,,,,,,,,,,,,,,,,,,,,,,,,,,,,,,,,,,,,,,1,- 799120,156,41,40,0,81,,,,,,,,,,,,,,,,,,,,,,,,,,,
TRIPURA – DISTRICT JAILS,,1118. Kailashahar District Jail Kailashahar,,,,,,,,,,,,,,,,,,,,,,,,,,,,,,,,,,,,,,,,,,,,,,,,,,,,2,- 799277,120,66,9,0,75,,,,,,,,,,,,,,,,,,,,,,,,,,,
TRIPURA – SUB JAILS,,1119. Dharmanagar Sub Jail Dharmanagar,,,,,,,,,,,,,,,,,,,,,,,,,,,,,,,,,,,,,,,,,,,,,,,,,,,,1,- 799250,57,1,25,0,26,,,,,,,,,,,,,,,,,,,,,,,,,,,
TRIPURA – SUB JAILS,,1120. Kamalpur Sub Jail Kamalpur,,,,,,,,,,,,,,,,,,,,,,,,,,,,,,,,,,,,,,,,,,,,,,,,,,,,2,- 799285,102,28,37,0,65,,,,,,,,,,,,,,,,,,,,,,,,,,,
TRIPURA – SUB JAILS,,1121. Kanchanpur Sub Jail Kanchanpur,,,,,,,,,,,,,,,,,,,,,,,,,,,,,,,,,,,,,,,,,,,,,,,,,,,,3,- 799270,135,19,30,0,49,,,,,,,,,,,,,,,,,,,,,,,,,,,
TRIPURA – SUB JAILS,,1122. Khowai Sub Jail Khowai,,,,,,,,,,,,,,,,,,,,,,,,,,,,,,,,,,,,,,,,,,,,,,,,,,,,4,- 799202,121,19,19,0,38,,,,,,,,,,,,,,,,,,,,,,,,,,,
TRIPURA – SUB JAILS,,1123. Sonamura Sub Jail Sonamura,,,,,,,,,,,,,,,,,,,,,,,,,,,,,,,,,,,,,,,,,,,,,,,,,,,,5,- 799131,55,27,23,0,50,,,,,,,,,,,,,,,,,,,,,,,,,,,
TRIPURA – SUB JAILS,,1124. Amaupur Sub Jail Amarpur,,,,,,,,,,,,,,,,,,,,,,,,,,,,,,,,,,,,,,,,,,,,,,,,,,,,6,- 799101,52,10,19,0,29,,,,,,,,,,,,,,,,,,,,,,,,,,,
TRIPURA – SUB JAILS,,1125. Belonia Sub Jail Belonia,,,,,,,,,,,,,,,,,,,,,,,,,,,,,,,,,,,,,,,,,,,,,,,,,,,,7,- 799155,80,12,26,0,38,,,,,,,,,,,,,,,,,,,,,,,,,,,
TRIPURA – SUB JAILS,,1126. Sabroom Sub Jail Sabroom,,,,,,,,,,,,,,,,,,,,,,,,,,,,,,,,,,,,,,,,,,,,,,,,,,,,8,- 799145,62,17,13,0,30,,,,,,,,,,,,,,,,,,,,,,,,,,,
TRIPURA – WOMEN JAILS,,"1127. Female Jail, Agartala Dhaleswar",,,,,,,,,,,,,,,,,,,,,,,,,,,,,,,,,,,,,,,,,,,,,,,,,,,,1,- 799007,30,15,1,0,16,,,,,,,,,,,,,,,,,,,,,,,,,,,
UTTAR PRADESH – CENTRAL JAILS,,"Kailash Puri, Agra",,,,,,,,,,,,,,,,,,,,,,,,,,,,,,,,,,,,,,,,,,,,,,,,,,,,,-,,,,,,,,,,,,,,,,,,,,,,,,,,,,,,,,
UTTAR PRADESH – CENTRAL JAILS,,1128. Central Jail Agra,,,,,,,,,,,,,,,,,,,,,,,,,,,,,,,,,,,,,,,,,,,,,,,,,,,,1,,1050,1984,7,0,1991,,,,,,,,,,,,,,,,,,,,,,,,,,,
UTTAR PRADESH – CENTRAL JAILS,,1128. Central Jail Agra [line 2],,,,,,,,,,,,,,,,,,,,,,,,,,,,,,,,,,,,,,,,,,,,,,,,,,,,,282002,,,,,,,,,,,,,,,,,,,,,,,,,,,,,,,,
UTTAR PRADESH – CENTRAL JAILS,,"Izzat Nagar, Nainital 1129. Central Jail Bareilly Road, Bareilly-243122",,,,,,,,,,,,,,,,,,,,,,,,,,,,,,,,,,,,,,,,,,,,,,,,,,,,2,,1513,2463,32,5,2500,,,,,,,,,,,,,,,,,,,,,,,,,,,
UTTAR PRADESH – CENTRAL JAILS,,"Central Jail, Fatehgarh 1130. Central Jail Fatehgarh",,,,,,,,,,,,,,,,,,,,,,,,,,,,,,,,,,,,,,,,,,,,,,,,,,,,3,,1370,2437,3,0,2440,,,,,,,,,,,,,,,,,,,,,,,,,,,
UTTAR PRADESH – CENTRAL JAILS,,"Central Jail, Fatehgarh 1130. Central Jail Fatehgarh [line 2]",,,,,,,,,,,,,,,,,,,,,,,,,,,,,,,,,,,,,,,,,,,,,,,,,,,,,- 209601,,,,,,,,,,,,,,,,,,,,,,,,,,,,,,,,
,,1131. Central Jail Naini,,,,,,,,,,,,,,,,,,,,,,,,,,,,,,,,,,,,,,,,,,,,,,,,,,,,,,,,,,,4,,2080,2004,2103,1,4108,,,,,,,,,,,,,,,,,,,,
,,Allahabad,,,,,,,,,,,,,,,,,,,,,,,,,,,,,,,,,,,,,,,,,,,,,,,,,,,,,,,,,,,,- 211001,,,,,,,,,,,,,,,,,,,,,,,,,
,,"Central Jail, Shivpur, 1132. Central Jail Varanasi",,,,,,,,,,,,,,,,,,,,,,,,,,,,,,,,,,,,,,,,,,,,,,,,,,,,,,,,,,,5,,984,1904,5,0,1909,,,,,,,,,,,,,,,,,,,,
,,Varanasi,,,,,,,,,,,,,,,,,,,,,,,,,,,,,,,,,,,,,,,,,,,,,,,,,,,,,,,,,,,,- 221001,,,,,,,,,,,,,,,,,,,,,,,,,
UTTAR PRADESH – DISTRICT JAILS,,"Habibpur, Fatehpur- 1133. District Jail",,,,,,,,,,,,,,,,,,,,,,,,,,,,,,,,,,,,,,,,,,,,,,,,,,,,,,,,,,,1,,670,358,672,0,1030,,,,,,,,,,,,,,,,,,,,
UTTAR PRADESH – DISTRICT JAILS,,"Habibpur, Fatehpur- 1133. District Jail [line 2]",,,,,,,,,,,,,,,,,,,,,,,,,,,,,,,,,,,,,,,,,,,,,,,,,,,,,,,,,,,,212601,,,,,,,,,,,,,,,,,,,,,,,,,
UTTAR PRADESH – DISTRICT JAILS,,1134. District Jail Pratapgarh-230001,,,,,,,,,,,,,,,,,,,,,,,,,,,,,,,,,,,,,,,,,,,,,,,,,,,,,,,,,,,2,,458,136,478,0,614,,,,,,,,,,,,,,,,,,,,
UTTAR PRADESH – DISTRICT JAILS,,1135. District Jail Banda,,,,,,,,,,,,,,,,,,,,,,,,,,,,,,,,,,,,,,,,,,,,,,,,,,,,,,,,,,,3,- 270001,567,233,932,0,1165,,,,,,,,,,,,,,,,,,,,
UTTAR PRADESH – DISTRICT JAILS,,1136. District Jail Hamirpur,,,,,,,,,,,,,,,,,,,,,,,,,,,,,,,,,,,,,,,,,,,,,,,,,,,,,,,,,,,4,- 210303,400,114,426,0,540,,,,,,,,,,,,,,,,,,,,
UTTAR PRADESH – DISTRICT JAILS,,1137. District Jail Mirzapur,,,,,,,,,,,,,,,,,,,,,,,,,,,,,,,,,,,,,,,,,,,,,,,,,,,,,,,,,,,5,- 231001,312,89,904,0,993,,,,,,,,,,,,,,,,,,,,
UTTAR PRADESH – DISTRICT JAILS,,"Chauka Ghat, 1138. District Jail Varanasi-221001",,,,,,,,,,,,,,,,,,,,,,,,,,,,,,,,,,,,,,,,,,,,,,,,,,,,,,,,,,,6,,747,406,1697,0,2103,,,,,,,,,,,,,,,,,,,,
UTTAR PRADESH – DISTRICT JAILS,,1139. District Jail Ghazipur-233001,,,,,,,,,,,,,,,,,,,,,,,,,,,,,,,,,,,,,,,,,,,,,,,,,,,,,,,,,,,7,,397,71,495,0,566,,,,,,,,,,,,,,,,,,,,
UTTAR PRADESH – DISTRICT JAILS,,1140. District Jail Jaunpur-222001,,,,,,,,,,,,,,,,,,,,,,,,,,,,,,,,,,,,,,,,,,,,,,,,,,,,,,,,,,,8,,320,78,617,1,696,,,,,,,,,,,,,,,,,,,,
UTTAR PRADESH – DISTRICT JAILS,,1141. District Jail Agra-382001,,,,,,,,,,,,,,,,,,,,,,,,,,,,,,,,,,,,,,,,,,,,,,,,,,,,,,,,,,,9,,1015,316,1539,14,1869,,,,,,,,,,,,,,,,,,,,
UTTAR PRADESH – DISTRICT JAILS,,1142. District Jail Firozabad,,,,,,,,,,,,,,,,,,,,,,,,,,,,,,,,,,,,,,,,,,,,,,,,,,,,,,,,,,,10,,720,451,1086,0,1537,,,,,,,,,,,,,,,,,,,,
UTTAR PRADESH – DISTRICT JAILS,,1143. District Jail Mainpuri-205001,,,,,,,,,,,,,,,,,,,,,,,,,,,,,,,,,,,,,,,,,,,,,,,,,,,,,,,,,,,11,,498,164,641,1,806,,,,,,,,,,,,,,,,,,,,
UTTAR PRADESH – DISTRICT JAILS,,1144. District Jail Mathura-208001,,,,,,,,,,,,,,,,,,,,,,,,,,,,,,,,,,,,,,,,,,,,,,,,,,,,,,,,,,,12,,554,283,896,0,1179,,,,,,,,,,,,,,,,,,,,
UTTAR PRADESH – DISTRICT JAILS,,1145. District Jail Aligarh-202001,,,,,,,,,,,,,,,,,,,,,,,,,,,,,,,,,,,,,,,,,,,,,,,,,,,,,,,,,,,13,,1088,532,1792,1,2325,,,,,,,,,,,,,,,,,,,,
UTTAR PRADESH – DISTRICT JAILS,,1146. District Jail Etah-207001,,,,,,,,,,,,,,,,,,,,,,,,,,,,,,,,,,,,,,,,,,,,,,,,,,,,,,,,,,,14,,607,193,1094,5,1292,,,,,,,,,,,,,,,,,,,,
UTTAR PRADESH – DISTRICT JAILS,,1147. District Jail Jhansi-264001,,,,,,,,,,,,,,,,,,,,,,,,,,,,,,,,,,,,,,,,,,,,,,,,,,,,,,,,,,,15,,416,177,737,3,917,,,,,,,,,,,,,,,,,,,,
UTTAR PRADESH – DISTRICT JAILS,,1148. District Jail Orai-282123,,,,,,,,,,,,,,,,,,,,,,,,,,,,,,,,,,,,,,,,,,,,,,,,,,,,,,,,,,,16,,430,140,475,0,615,,,,,,,,,,,,,,,,,,,,
UTTAR PRADESH – DISTRICT JAILS,,1149. District Jail Lalipur-284403,,,,,,,,,,,,,,,,,,,,,,,,,,,,,,,,,,,,,,,,,,,,,,,,,,,,,,,,,,,17,,100,50,183,0,233,,,,,,,,,,,,,,,,,,,,
UTTAR PRADESH – DISTRICT JAILS,,1150. District Jail Bareilly-243001,,,,,,,,,,,,,,,,,,,,,,,,,,,,,,,,,,,,,,,,,,,,,,,,,,,,,,,,,,,18,,1221,538,1558,0,2096,,,,,,,,,,,,,,,,,,,,
UTTAR PRADESH – DISTRICT JAILS,,1151. District Jail Badaun-243601,,,,,,,,,,,,,,,,,,,,,,,,,,,,,,,,,,,,,,,,,,,,,,,,,,,,,,,,,,,19,,529,398,1137,0,1535,,,,,,,,,,,,,,,,,,,,
UTTAR PRADESH – DISTRICT JAILS,,1152. District Jail Piliphit-262001,,,,,,,,,,,,,,,,,,,,,,,,,,,,,,,,,,,,,,,,,,,,,,,,,,,,,,,,,,,20,,602,261,653,0,914,,,,,,,,,,,,,,,,,,,,
UTTAR PRADESH – DISTRICT JAILS,,1153. District Jail Shahjahanpur-242001,,,,,,,,,,,,,,,,,,,,,,,,,,,,,,,,,,,,,,,,,,,,,,,,,,,,,,,,,,,21,,511,533,1203,0,1736,,,,,,,,,,,,,,,,,,,,
UTTAR PRADESH – DISTRICT JAILS,,1154. District Jail Moradabad-244001,,,,,,,,,,,,,,,,,,,,,,,,,,,,,,,,,,,,,,,,,,,,,,,,,,,,,,,,,,,22,,611,343,1865,13,2221,,,,,,,,,,,,,,,,,,,,
UTTAR PRADESH – DISTRICT JAILS,,1155. District Jail Bijnaur-246701,,,,,,,,,,,,,,,,,,,,,,,,,,,,,,,,,,,,,,,,,,,,,,,,,,,,,,,,,,,23,,580,351,793,0,1144,,,,,,,,,,,,,,,,,,,,
UTTAR PRADESH – DISTRICT JAILS,,1156. District Jail Rampur-244901,,,,,,,,,,,,,,,,,,,,,,,,,,,,,,,,,,,,,,,,,,,,,,,,,,,,,,,,,,,24,,450,238,693,0,931,,,,,,,,,,,,,,,,,,,,
UTTAR PRADESH – DISTRICT JAILS,,1157. District Jail Azamgarh-276601,,,,,,,,,,,,,,,,,,,,,,,,,,,,,,,,,,,,,,,,,,,,,,,,,,,,,,,,,,,25,,320,150,798,0,948,,,,,,,,,,,,,,,,,,,,
UTTAR PRADESH – DISTRICT JAILS,,1158. District Jail Balia-277001,,,,,,,,,,,,,,,,,,,,,,,,,,,,,,,,,,,,,,,,,,,,,,,,,,,,,,,,,,,26,,339,225,486,1,712,,,,,,,,,,,,,,,,,,,,
UTTAR PRADESH – DISTRICT JAILS,,1159. District Jail Mau-275101,,,,,,,,,,,,,,,,,,,,,,,,,,,,,,,,,,,,,,,,,,,,,,,,,,,,,,,,,,,27,,540,117,373,0,490,,,,,,,,,,,,,,,,,,,,
UTTAR PRADESH – DISTRICT JAILS,,1160. District Jail Basti-272001,,,,,,,,,,,,,,,,,,,,,,,,,,,,,,,,,,,,,,,,,,,,,,,,,,,,,,,,,,,28,,480,248,562,0,810,,,,,,,,,,,,,,,,,,,,
UTTAR PRADESH – DISTRICT JAILS,,1161. District Jail Sidharth Nagar,,,,,,,,,,,,,,,,,,,,,,,,,,,,,,,,,,,,,,,,,,,,,,,,,,,,,,,,,,,29,,540,373,222,0,595,,,,,,,,,,,,,,,,,,,,
UTTAR PRADESH – DISTRICT JAILS,,1162. District Jail Gonda-271001,,,,,,,,,,,,,,,,,,,,,,,,,,,,,,,,,,,,,,,,,,,,,,,,,,,,,,,,,,,30,,598,307,541,0,848,,,,,,,,,,,,,,,,,,,,
UTTAR PRADESH – DISTRICT JAILS,,1163. District Jail Bahraich-271801,,,,,,,,,,,,,,,,,,,,,,,,,,,,,,,,,,,,,,,,,,,,,,,,,,,,,,,,,,,31,,540,130,960,0,1090,,,,,,,,,,,,,,,,,,,,
,1164,District Jail 32 Faizabad-223001,740,338,1025,0,1363,,,,,,,,,,,,,,,,,,,,,,,,,,,,,,,,,,,,,,,,,,,,,,,,,,,,,,,,,,,,,,,,,,,,,,,,,,,,,,,,
,1165,District Jail 33 Barabanki-225001,660,283,823,0,1106,,,,,,,,,,,,,,,,,,,,,,,,,,,,,,,,,,,,,,,,,,,,,,,,,,,,,,,,,,,,,,,,,,,,,,,,,,,,,,,,
,1166,District Jail 34 Sultanpur,443,228,695,0,923,,,,,,,,,,,,,,,,,,,,,,,,,,,,,,,,,,,,,,,,,,,,,,,,,,,,,,,,,,,,,,,,,,,,,,,,,,,,,,,,
,1167,District Jail 35 Gorakhpur-273001,822,288,1025,0,1313,,,,,,,,,,,,,,,,,,,,,,,,,,,,,,,,,,,,,,,,,,,,,,,,,,,,,,,,,,,,,,,,,,,,,,,,,,,,,,,,
,1168,District Jail 36 Deoria-274001,293,232,944,4,1180,,,,,,,,,,,,,,,,,,,,,,,,,,,,,,,,,,,,,,,,,,,,,,,,,,,,,,,,,,,,,,,,,,,,,,,,,,,,,,,,
,1169,"Gosai ganj, Mohan-lal District Jail 37 ganj Road, Lucknow- 226001",3640,443,1745,0,2188,,,,,,,,,,,,,,,,,,,,,,,,,,,,,,,,,,,,,,,,,,,,,,,,,,,,,,,,,,,,,,,,,,,,,,,,,,,,,,,,
,1170,District Jail 38 Kheri-262701,725,177,1197,0,1374,,,,,,,,,,,,,,,,,,,,,,,,,,,,,,,,,,,,,,,,,,,,,,,,,,,,,,,,,,,,,,,,,,,,,,,,,,,,,,,,
,1171,"Civil Line, Hardoi- District Jail 39 241001",688,317,874,0,1191,,,,,,,,,,,,,,,,,,,,,,,,,,,,,,,,,,,,,,,,,,,,,,,,,,,,,,,,,,,,,,,,,,,,,,,,,,,,,,,,
,1172,District Jail 40 Rai Bareilly-229001,680,122,550,0,672,,,,,,,,,,,,,,,,,,,,,,,,,,,,,,,,,,,,,,,,,,,,,,,,,,,,,,,,,,,,,,,,,,,,,,,,,,,,,,,,
,1173,District Jail 41 Sitapur-261001,1327,355,1378,0,1733,,,,,,,,,,,,,,,,,,,,,,,,,,,,,,,,,,,,,,,,,,,,,,,,,,,,,,,,,,,,,,,,,,,,,,,,,,,,,,,,
,1174,"Police Line, Unnao- District Jail 42 209801",650,262,859,0,1121,,,,,,,,,,,,,,,,,,,,,,,,,,,,,,,,,,,,,,,,,,,,,,,,,,,,,,,,,,,,,,,,,,,,,,,,,,,,,,,,
,1175,"Sarsai Ghat, Kanpur- District Jail 43 208001",1245,453,2206,0,2659,,,,,,,,,,,,,,,,,,,,,,,,,,,,,,,,,,,,,,,,,,,,,,,,,,,,,,,,,,,,,,,,,,,,,,,,,,,,,,,,
,1176,"Akbarpur, Kanpur District Jail 44 Dehat-209101",1050,205,711,1,917,,,,,,,,,,,,,,,,,,,,,,,,,,,,,,,,,,,,,,,,,,,,,,,,,,,,,,,,,,,,,,,,,,,,,,,,,,,,,,,,
,1177,District Jail 45 Etawa-206001,610,317,955,0,1272,,,,,,,,,,,,,,,,,,,,,,,,,,,,,,,,,,,,,,,,,,,,,,,,,,,,,,,,,,,,,,,,,,,,,,,,,,,,,,,,
,1178,District Jail 46 Fatehgarh-200601,846,277,659,1,937,,,,,,,,,,,,,,,,,,,,,,,,,,,,,,,,,,,,,,,,,,,,,,,,,,,,,,,,,,,,,,,,,,,,,,,,,,,,,,,,
,1179,"Abdullahpur, Meerut- District Jail 47 250001",1707,599,1980,0,2579,,,,,,,,,,,,,,,,,,,,,,,,,,,,,,,,,,,,,,,,,,,,,,,,,,,,,,,,,,,,,,,,,,,,,,,,,,,,,,,,
,1180,District Jail 48 Bulandshaher-203001,890,506,1065,0,1571,,,,,,,,,,,,,,,,,,,,,,,,,,,,,,,,,,,,,,,,,,,,,,,,,,,,,,,,,,,,,,,,,,,,,,,,,,,,,,,,
,1181,"Dasna, Ghaziabad- District Jail 49 201001",1704,654,3482,0,4136,,,,,,,,,,,,,,,,,,,,,,,,,,,,,,,,,,,,,,,,,,,,,,,,,,,,,,,,,,,,,,,,,,,,,,,,,,,,,,,,
,1182,District Jail 50 Saharanpur-247001,533,272,826,0,1098,,,,,,,,,,,,,,,,,,,,,,,,,,,,,,,,,,,,,,,,,,,,,,,,,,,,,,,,,,,,,,,,,,,,,,,,,,,,,,,,
,1183,District Jail 51 Muzaffar Nagar-251001,870,385,1809,0,2194,,,,,,,,,,,,,,,,,,,,,,,,,,,,,,,,,,,,,,,,,,,,,,,,,,,,,,,,,,,,,,,,,,,,,,,,,,,,,,,,
,1184,District Jail 52 Maharajganj-273301,550,69,480,0,549,,,,,,,,,,,,,,,,,,,,,,,,,,,,,,,,,,,,,,,,,,,,,,,,,,,,,,,,,,,,,,,,,,,,,,,,,,,,,,,,
,1185,District Jail 53 Kannauj-209733,660,76,411,0,487,,,,,,,,,,,,,,,,,,,,,,,,,,,,,,,,,,,,,,,,,,,,,,,,,,,,,,,,,,,,,,,,,,,,,,,,,,,,,,,,
,1186,District Jail 54 Balrampur-271201,420,55,237,0,292,,,,,,,,,,,,,,,,,,,,,,,,,,,,,,,,,,,,,,,,,,,,,,,,,,,,,,,,,,,,,,,,,,,,,,,,,,,,,,,,
UTTAR PRADESH – SUB JAILS,1187,Sub Jail 1 Mahoba,175,62,338,0,400,,,,,,,,,,,,,,,,,,,,,,,,,,,,,,,,,,,,,,,,,,,,,,,,,,,,,,,,,,,,,,,,,,,,,,,,,,,,,,,,
UTTAR PRADESH – SUB JAILS,1188,Sub Jail 2 Deoband,131,22,186,0,208,,,,,,,,,,,,,,,,,,,,,,,,,,,,,,,,,,,,,,,,,,,,,,,,,,,,,,,,,,,,,,,,,,,,,,,,,,,,,,,,
UTTAR PRADESH – SUB JAILS,1189,Sub Jail 3 Gyanpur,114,22,175,0,197,,,,,,,,,,,,,,,,,,,,,,,,,,,,,,,,,,,,,,,,,,,,,,,,,,,,,,,,,,,,,,,,,,,,,,,,,,,,,,,,
UTTAR PRADESH – SPECIAL JAILS,1190,"Gosai ganj, Mohanlal Model Jail Lucknow 1 ganj Road, Lucknow-",600,371,4,0,375,,,,,,,,,,,,,,,,,,,,,,,,,,,,,,,,,,,,,,,,,,,,,,,,,,,,,,,,,,,,,,,,,,,,,,,,,,,,,,,,
,1191,"Kishore Sadan Baeilly 2 Road, Bareilly-243122",188,17,0,0,17,,,,,,,,,,,,,,,,,,,,,,,,,,,,,,,,,,,,,,,,,,,,,,,,,,,,,,,,,,,,,,,,,,,,,,,,,,,,,,,,
UTTAR PRADESH – WOMEN JAILS,1192,"Gosai ganj, Mohanlal Nari Bandi Niketan 1 ganj Road, Lucknow- Lucknow 226001",420,268,52,0,320,,,,,,,,,,,,,,,,,,,,,,,,,,,,,,,,,,,,,,,,,,,,,,,,,,,,,,,,,,,,,,,,,,,,,,,,,,,,,,,,
UTTARAKHAND – CENTRAL JAILS,1193,Sitarganj Central Jail 1 Udhamsingh Nagar,512,45,0,0,45,,,,,,,,,,,,,,,,,,,,,,,,,,,,,,,,,,,,,,,,,,,,,,,,,,,,,,,,,,,,,,,,,,,,,,,,,,,,,,,,
UTTARAKHAND – DISTRICT JAILS,1194,"Haridwar District Jail 1 Roshnabad, Haridwar",650,628,290,0,918,,,,,,,,,,,,,,,,,,,,,,,,,,,,,,,,,,,,,,,,,,,,,,,,,,,,,,,,,,,,,,,,,,,,,,,,,,,,,,,,
UTTARAKHAND – DISTRICT JAILS,1195,"Dehradun District Jail 2 Sudhowala, Dehradun",580,595,506,0,1101,,,,,,,,,,,,,,,,,,,,,,,,,,,,,,,,,,,,,,,,,,,,,,,,,,,,,,,,,,,,,,,,,,,,,,,,,,,,,,,,
UTTARAKHAND – DISTRICT JAILS,1196,Almora District Jail 3 Almora,102,31,76,0,107,,,,,,,,,,,,,,,,,,,,,,,,,,,,,,,,,,,,,,,,,,,,,,,,,,,,,,,,,,,,,,,,,,,,,,,,,,,,,,,,
UTTARAKHAND – DISTRICT JAILS,1197,Nainital District Jail 4 Nainital,71,13,57,0,70,,,,,,,,,,,,,,,,,,,,,,,,,,,,,,,,,,,,,,,,,,,,,,,,,,,,,,,,,,,,,,,,,,,,,,,,,,,,,,,,
UTTARAKHAND – DISTRICT JAILS,1198,Pauri District Jail 5 Pauri Garhwal,150,42,59,0,101,,,,,,,,,,,,,,,,,,,,,,,,,,,,,,,,,,,,,,,,,,,,,,,,,,,,,,,,,,,,,,,,,,,,,,,,,,,,,,,,
UTTARAKHAND – DISTRICT JAILS,1199,Tehri District Jail 6 Tehri Garhwal,150,54,38,0,92,,,,,,,,,,,,,,,,,,,,,,,,,,,,,,,,,,,,,,,,,,,,,,,,,,,,,,,,,,,,,,,,,,,,,,,,,,,,,,,,
UTTARAKHAND – DISTRICT JAILS,1200,Chamoli District Jail 7 Chamoli,171,5,30,0,35,,,,,,,,,,,,,,,,,,,,,,,,,,,,,,,,,,,,,,,,,,,,,,,,,,,,,,,,,,,,,,,,,,,,,,,,,,,,,,,,
UTTARAKHAND – SUB JAILS,1201,"Roorkee Sub Jail 1 Roorkee, Haridwar",248,8,200,0,208,,,,,,,,,,,,,,,,,,,,,,,,,,,,,,,,,,,,,,,,,,,,,,,,,,,,,,,,,,,,,,,,,,,,,,,,,,,,,,,,
UTTARAKHAND – SUB JAILS,1202,"Haldwani Sub Jail 2 Haldwani, Nainital",250,110,598,0,708,,,,,,,,,,,,,,,,,,,,,,,,,,,,,,,,,,,,,,,,,,,,,,,,,,,,,,,,,,,,,,,,,,,,,,,,,,,,,,,,
UTTARAKHAND – OPEN JAILS,1203,"Sitarganj, Udhamsingh Sampurna Nanad Shivir 1 Nagar",300,159,0,0,159,,,,,,,,,,,,,,,,,,,,,,,,,,,,,,,,,,,,,,,,,,,,,,,,,,,,,,,,,,,,,,,,,,,,,,,,,,,,,,,,
WEST BENGAL – CENTRAL JAILS,1204,"Alipore Central Corr. 1 Alipore, Kolkata Home",1671,636,1158,0,1794,,,,,,,,,,,,,,,,,,,,,,,,,,,,,,,,,,,,,,,,,,,,,,,,,,,,,,,,,,,,,,,,,,,,,,,,,,,,,,,,
WEST BENGAL – CENTRAL JAILS,1205,"Dum Dum Central Corr. 2 Dum Dum, Kolkata Home",2610,924,1917,0,2841,,,,,,,,,,,,,,,,,,,,,,,,,,,,,,,,,,,,,,,,,,,,,,,,,,,,,,,,,,,,,,,,,,,,,,,,,,,,,,,,
WEST BENGAL – CENTRAL JAILS,1206,Presidency Correctional 3 Kolkata Home,2140,706,1396,0,2102,,,,,,,,,,,,,,,,,,,,,,,,,,,,,,,,,,,,,,,,,,,,,,,,,,,,,,,,,,,,,,,,,,,,,,,,,,,,,,,,
WEST BENGAL – CENTRAL JAILS,1207,Berhampore Central Corr. 4 Berhampore Home,2022,1206,900,0,2106,,,,,,,,,,,,,,,,,,,,,,,,,,,,,,,,,,,,,,,,,,,,,,,,,,,,,,,,,,,,,,,,,,,,,,,,,,,,,,,,
WEST BENGAL – CENTRAL JAILS,1208,Jalpaiguri Central Corr. 5 Jalpaiguri,551,494,605,0,1099,,,,,,,,,,,,,,,,,,,,,,,,,,,,,,,,,,,,,,,,,,,,,,,,,,,,,,,,,,,,,,,,,,,,,,,,,,,,,,,,
,1212,Hooghly Dist. Corr. Home 3 Hooghly,,,,,,,,,,,,,,,,,,,,,,,,,,,,,,,,,,,,,,,,,,,,,,,,,,,,,,,,,,,,,,,,,,819,15,327,0,342,,,,,,,,,,,,,,,
,1213,Howrah Dist. Corr. Home 4 Howrah,,,,,,,,,,,,,,,,,,,,,,,,,,,,,,,,,,,,,,,,,,,,,,,,,,,,,,,,,,,,,,,,,,460,42,516,0,558,,,,,,,,,,,,,,,
,1214,Malda Dist. Corr. Home 5 Malda,,,,,,,,,,,,,,,,,,,,,,,,,,,,,,,,,,,,,,,,,,,,,,,,,,,,,,,,,,,,,,,,,,272,93,572,2,667,,,,,,,,,,,,,,,
,1215,Balurghat Dist. Corr. 6 Balurghat Home,,,,,,,,,,,,,,,,,,,,,,,,,,,,,,,,,,,,,,,,,,,,,,,,,,,,,,,,,,,,,,,,,,615,234,316,0,550,,,,,,,,,,,,,,,
,1216,Suri District Home 7 Suri,,,,,,,,,,,,,,,,,,,,,,,,,,,,,,,,,,,,,,,,,,,,,,,,,,,,,,,,,,,,,,,,,,674,159,173,0,332,,,,,,,,,,,,,,,
,1217,Cooch Behar Dist. Corr. 8 Cooch Behar Home,,,,,,,,,,,,,,,,,,,,,,,,,,,,,,,,,,,,,,,,,,,,,,,,,,,,,,,,,,,,,,,,,,219,185,131,0,316,,,,,,,,,,,,,,,
,1218,Raiganj Dist. Corr. Home 9 Raiganj,,,,,,,,,,,,,,,,,,,,,,,,,,,,,,,,,,,,,,,,,,,,,,,,,,,,,,,,,,,,,,,,,,113,101,193,0,294,,,,,,,,,,,,,,,
,1219,Darjeeling Dist. Corr. 10 Darjeeling Home,,,,,,,,,,,,,,,,,,,,,,,,,,,,,,,,,,,,,,,,,,,,,,,,,,,,,,,,,,,,,,,,,,127,4,89,0,93,,,,,,,,,,,,,,,
,1220,Purulia Dist. Corr. Home 11 Purulia,,,,,,,,,,,,,,,,,,,,,,,,,,,,,,,,,,,,,,,,,,,,,,,,,,,,,,,,,,,,,,,,,,828,26,207,0,233,,,,,,,,,,,,,,,
,1221,Bankura Dist. Corr. Home 12 Bankura,,,,,,,,,,,,,,,,,,,,,,,,,,,,,,,,,,,,,,,,,,,,,,,,,,,,,,,,,,,,,,,,,,217,15,237,0,252,,,,,,,,,,,,,,,
WEST BENGAL – WOMEN JAILS,1222,Alipore Women Corr. 1 Kolkata Home,,,,,,,,,,,,,,,,,,,,,,,,,,,,,,,,,,,,,,,,,,,,,,,,,,,,,,,,,,,,,,,,,,300,92,185,0,277,,,,,,,,,,,,,,,
WEST BENGAL – WOMEN JAILS,1223,Purulia Women Corr. 2 Purulia Home,,,,,,,,,,,,,,,,,,,,,,,,,,,,,,,,,,,,,,,,,,,,,,,,,,,,,,,,,,,,,,,,,,100,46,21,0,67,,,,,,,,,,,,,,,
WEST BENGAL – OPEN JAILS,1224,Lalgola Open Air Corr. 1 Lalgola Home,,,,,,,,,,,,,,,,,,,,,,,,,,,,,,,,,,,,,,,,,,,,,,,,,,,,,,,,,,,,,,,,,,70,91,0,0,91,,,,,,,,,,,,,,,
WEST BENGAL – SUB JAILS,1225,Arambag Sub Corr. Home 1 Arambag,,,,,,,,,,,,,,,,,,,,,,,,,,,,,,,,,,,,,,,,,,,,,,,,,,,,,,,,,,,,,,,,,,15,2,67,0,69,,,,,,,,,,,,,,,
WEST BENGAL – SUB JAILS,1226,Basirhat Sub Corr. Home 2 Basirhat,,,,,,,,,,,,,,,,,,,,,,,,,,,,,,,,,,,,,,,,,,,,,,,,,,,,,,,,,,,,,,,,,,59,0,296,0,296,,,,,,,,,,,,,,,
,1228,Bongaon Sub Corr. Home 4 Bongaon,,,,,,,,,,,,,,,,,,,,,,,,,,,,,,,,,,,,,,,,,,,,,,,,,,,,,,,,,,,,,,,,,,,,,,,90,5,349,0,354,,,,,,,,,,
,1229,Bolpur Sub Corr. Home 5 Bolpur,,,,,,,,,,,,,,,,,,,,,,,,,,,,,,,,,,,,,,,,,,,,,,,,,,,,,,,,,,,,,,,,,,,,,,,100,0,72,0,72,,,,,,,,,,
,1230,Dinhata Sub Corr. Home 6 Dinhata,,,,,,,,,,,,,,,,,,,,,,,,,,,,,,,,,,,,,,,,,,,,,,,,,,,,,,,,,,,,,,,,,,,,,,,27,4,53,0,57,,,,,,,,,,
,1231,Durgapur Sub Corr. 7 Durgapura Home,,,,,,,,,,,,,,,,,,,,,,,,,,,,,,,,,,,,,,,,,,,,,,,,,,,,,,,,,,,,,,,,,,,,,,,50,5,124,0,129,,,,,,,,,,
,1232,Ghatal Sub Corr. Home 8 Ghatal,,,,,,,,,,,,,,,,,,,,,,,,,,,,,,,,,,,,,,,,,,,,,,,,,,,,,,,,,,,,,,,,,,,,,,,22,1,47,0,48,,,,,,,,,,
,1233,Contai Sub Corr. Home 9 Contai,,,,,,,,,,,,,,,,,,,,,,,,,,,,,,,,,,,,,,,,,,,,,,,,,,,,,,,,,,,,,,,,,,,,,,,39,0,100,0,100,,,,,,,,,,
,1234,Lalbagh Sub Corr. Home 10 Lalbagh,,,,,,,,,,,,,,,,,,,,,,,,,,,,,,,,,,,,,,,,,,,,,,,,,,,,,,,,,,,,,,,,,,,,,,,50,13,334,0,347,,,,,,,,,,
,1235,Kandi Sub Corr. Home 11 Kandi,,,,,,,,,,,,,,,,,,,,,,,,,,,,,,,,,,,,,,,,,,,,,,,,,,,,,,,,,,,,,,,,,,,,,,,19,0,112,0,112,,,,,,,,,,
,1236,Jangipur Sub Corr. Home 12 Jangipur,,,,,,,,,,,,,,,,,,,,,,,,,,,,,,,,,,,,,,,,,,,,,,,,,,,,,,,,,,,,,,,,,,,,,,,23,0,176,0,176,,,,,,,,,,
,1237,Rampurhat Sub Corr. 13 Rampurhat Home,,,,,,,,,,,,,,,,,,,,,,,,,,,,,,,,,,,,,,,,,,,,,,,,,,,,,,,,,,,,,,,,,,,,,,,53,1,74,0,75,,,,,,,,,,
,1238,Mathabhanga Sub Corr. 14 Mathabhanga Home,,,,,,,,,,,,,,,,,,,,,,,,,,,,,,,,,,,,,,,,,,,,,,,,,,,,,,,,,,,,,,,,,,,,,,,24,0,34,0,34,,,,,,,,,,
,1239,Mekhliganj Sub Corr. 15 Mekhliganj Home,,,,,,,,,,,,,,,,,,,,,,,,,,,,,,,,,,,,,,,,,,,,,,,,,,,,,,,,,,,,,,,,,,,,,,,30,0,19,0,19,,,,,,,,,,
,1240,Tufanganj Sub Corr. 16 Tufanganj Home,,,,,,,,,,,,,,,,,,,,,,,,,,,,,,,,,,,,,,,,,,,,,,,,,,,,,,,,,,,,,,,,,,,,,,,37,0,33,0,33,,,,,,,,,,
,1241,Diamond Harbour Sub 17 Diamond Harbour Corr. Home,,,,,,,,,,,,,,,,,,,,,,,,,,,,,,,,,,,,,,,,,,,,,,,,,,,,,,,,,,,,,,,,,,,,,,,62,5,223,0,228,,,,,,,,,,
,1242,Katwa Sub Corr. Home 18 Katwa,,,,,,,,,,,,,,,,,,,,,,,,,,,,,,,,,,,,,,,,,,,,,,,,,,,,,,,,,,,,,,,,,,,,,,,70,0,107,0,107,,,,,,,,,,
,1243,Kalna Sub Corr. Home 19 Kalna,,,,,,,,,,,,,,,,,,,,,,,,,,,,,,,,,,,,,,,,,,,,,,,,,,,,,,,,,,,,,,,,,,,,,,,52,0,70,0,70,,,,,,,,,,
,1244,Chandannagar Sub Corr. 20 Chandannagar Home,,,,,,,,,,,,,,,,,,,,,,,,,,,,,,,,,,,,,,,,,,,,,,,,,,,,,,,,,,,,,,,,,,,,,,,145,0,103,0,103,,,,,,,,,,
,1245,Serampore Sub Corr. 21 Serampore Home,,,,,,,,,,,,,,,,,,,,,,,,,,,,,,,,,,,,,,,,,,,,,,,,,,,,,,,,,,,,,,,,,,,,,,,106,0,166,0,166,,,,,,,,,,
,1246,Uluberia Sub Corr. Home 22 Uluberia,,,,,,,,,,,,,,,,,,,,,,,,,,,,,,,,,,,,,,,,,,,,,,,,,,,,,,,,,,,,,,,,,,,,,,,53,2,138,0,140,,,,,,,,,,
,1247,Ranaghat Sub Corr. 23 Ranaghat Home,,,,,,,,,,,,,,,,,,,,,,,,,,,,,,,,,,,,,,,,,,,,,,,,,,,,,,,,,,,,,,,,,,,,,,,61,2,156,0,158,,,,,,,,,,
,1248,Kalyani Sub Corr. Home 24 Kalyani,,,,,,,,,,,,,,,,,,,,,,,,,,,,,,,,,,,,,,,,,,,,,,,,,,,,,,,,,,,,,,,,,,,,,,,150,0,82,0,82,,,,,,,,,,
,1249,Tehatta Sub Corr. Home 25 Tehatta,,,,,,,,,,,,,,,,,,,,,,,,,,,,,,,,,,,,,,,,,,,,,,,,,,,,,,,,,,,,,,,,,,,,,,,90,0,115,0,115,,,,,,,,,,
,1250,Bishnupur Sub Corr. 26 Bishnupur,,,,,,,,,,,,,,,,,,,,,,,,,,,,,,,,,,,,,,,,,,,,,,,,,,,,,,,,,,,,,,,,,,,,,,,50,4,61,0,65,,,,,,,,,,
,1252,Tamluk Sub Corr. Home 28 Tamluk,,,,,,,,,,,,,,,,,,,,,,,,,,,,,,,,,,,,,,,,,,,,,,,,,,,,,,,,,,,,,,,,,,,,,,,,,,,,152,1,90,0,91,,,,,
,1253,Haldia Sub Corr. Home 29 Haldia,,,,,,,,,,,,,,,,,,,,,,,,,,,,,,,,,,,,,,,,,,,,,,,,,,,,,,,,,,,,,,,,,,,,,,,,,,,,91,4,89,0,93,,,,,
,1254,Islampur Sub Corr. Home 30 Islampur,,,,,,,,,,,,,,,,,,,,,,,,,,,,,,,,,,,,,,,,,,,,,,,,,,,,,,,,,,,,,,,,,,,,,,,,,,,,50,11,191,0,202,,,,,
,1255,Kalimpong Sub Corr. 31 Kalimpong Home,,,,,,,,,,,,,,,,,,,,,,,,,,,,,,,,,,,,,,,,,,,,,,,,,,,,,,,,,,,,,,,,,,,,,,,,,,,,28,1,28,0,29,,,,,
,1256,Kurseong Sub Corr. 32 Kurseong Home,,,,,,,,,,,,,,,,,,,,,,,,,,,,,,,,,,,,,,,,,,,,,,,,,,,,,,,,,,,,,,,,,,,,,,,,,,,,24,0,32,0,32,,,,,
,1257,Raghunathpur Sub Corr. 33 Raghunathpur Home,,,,,,,,,,,,,,,,,,,,,,,,,,,,,,,,,,,,,,,,,,,,,,,,,,,,,,,,,,,,,,,,,,,,,,,,,,,,50,1,40,0,41,,,,,
WEST BENGAL – SPECIAL JAILS,1258,Alipurduar Spl. Corr. 1 Alipurduar Home,,,,,,,,,,,,,,,,,,,,,,,,,,,,,,,,,,,,,,,,,,,,,,,,,,,,,,,,,,,,,,,,,,,,,,,,,,,,99,40,425,0,465,,,,,
WEST BENGAL – SPECIAL JAILS,1259,Siliguri Spl. Corr. Home 2 Siliguri,,,,,,,,,,,,,,,,,,,,,,,,,,,,,,,,,,,,,,,,,,,,,,,,,,,,,,,,,,,,,,,,,,,,,,,,,,,,200,35,240,0,275,,,,,
WEST BENGAL – SPECIAL JAILS,1260,Asansol Spl. Corr. Home 3 Asansol,,,,,,,,,,,,,,,,,,,,,,,,,,,,,,,,,,,,,,,,,,,,,,,,,,,,,,,,,,,,,,,,,,,,,,,,,,,,542,10,219,0,229,,,,,
A & N ISLANDS – DISTRICT JAILS,1261,"District Jail 1 Prothrapur, Port Blair",,,,,,,,,,,,,,,,,,,,,,,,,,,,,,,,,,,,,,,,,,,,,,,,,,,,,,,,,,,,,,,,,,,,,,,,,,,,269,670,355,0,1025,,,,,
A & N ISLANDS – SUB JAILS,1262,Sub Jail 1 Mayabunder,,,,,,,,,,,,,,,,,,,,,,,,,,,,,,,,,,,,,,,,,,,,,,,,,,,,,,,,,,,,,,,,,,,,,,,,,,,,20,,,,0,,,,,
A & N ISLANDS – SUB JAILS,1263,Sub Jail 2 Car Nicobar,,,,,,,,,,,,,,,,,,,,,,,,,,,,,,,,,,,,,,,,,,,,,,,,,,,,,,,,,,,,,,,,,,,,,,,,,,,,20,,,,0,,,,,
A & N ISLANDS – SUB JAILS,1264,Sub Jail 3 Campbell Bay,,,,,,,,,,,,,,,,,,,,,,,,,,,,,,,,,,,,,,,,,,,,,,,,,,,,,,,,,,,,,,,,,,,,,,,,,,,,20,,,,0,,,,,
A & N ISLANDS – OTHER JAILS,1265,"District Jail (Poachers) 1 Prothrapur, Port Blair",,,,,,,,,,,,,,,,,,,,,,,,,,,,,,,,,,,,,,,,,,,,,,,,,,,,,,,,,,,,,,,,,,,,,,,,,,,,800,101,0,0,101,,,,,
CHANDIGARH – CENTRAL JAILS,1266,"Chandigarh Model Jail 1 Sector-51, Chandigarh",,,,,,,,,,,,,,,,,,,,,,,,,,,,,,,,,,,,,,,,,,,,,,,,,,,,,,,,,,,,,,,,,,,,,,,,,,,,1000,262,441,3,706,,,,,
DADRA & NAGAR HAVELI – SUB JAILS,1267,Sub Jail 1 Silvassa,,,,,,,,,,,,,,,,,,,,,,,,,,,,,,,,,,,,,,,,,,,,,,,,,,,,,,,,,,,,,,,,,,,,,,,,,,,,40,2,36,0,38,,,,,
DAMAN & DIU – SUB JAILS,1268,Sub Jail Daman 1 Daman,,,,,,,,,,,,,,,,,,,,,,,,,,,,,,,,,,,,,,,,,,,,,,,,,,,,,,,,,,,,,,,,,,,,,,,,,,,,60,14,7,0,21,,,,,
DAMAN & DIU – SUB JAILS,1269,Sub Jail Diu 2 Diu,,,,,,,,,,,,,,,,,,,,,,,,,,,,,,,,,,,,,,,,,,,,,,,,,,,,,,,,,,,,,,,,,,,,,,,,,,,,60,2,3,0,5,,,,,
,1278,District Jail 1 Delhi-110089,,,,,,,,,,,,,,,,,,,,,,,,,,,,,,,,,,,,,,,,,,,,,,,,,,,,,,,,,,,,,,,,,,,,,,,,,,,,,,,,,1050,199,1393,0,1592
LAKSHADWEEP – SUB JAILS,1279,"Sub Jail, Kavaratti 1 Kavaratti Island",,,,,,,,,,,,,,,,,,,,,,,,,,,,,,,,,,,,,,,,,,,,,,,,,,,,,,,,,,,,,,,,,,,,,,,,,,,,,,,,,4,0,0,0,0
LAKSHADWEEP – SUB JAILS,1280,"Sub Jail, Andrott 2 Andrott Island",,,,,,,,,,,,,,,,,,,,,,,,,,,,,,,,,,,,,,,,,,,,,,,,,,,,,,,,,,,,,,,,,,,,,,,,,,,,,,,,,4,0,0,0,0
LAKSHADWEEP – SUB JAILS,1281,"Sub Jail, Amini 3 Amini Island",,,,,,,,,,,,,,,,,,,,,,,,,,,,,,,,,,,,,,,,,,,,,,,,,,,,,,,,,,,,,,,,,,,,,,,,,,,,,,,,,4,0,15,0,15
LAKSHADWEEP – SUB JAILS,1282,"Sub Jail, Minicoy 4 Minicoy Island",,,,,,,,,,,,,,,,,,,,,,,,,,,,,,,,,,,,,,,,,,,,,,,,,,,,,,,,,,,,,,,,,,,,,,,,,,,,,,,,,4,0,0,0,0
PUDUCHERRY – CENTRAL JAILS,1283,"Mathur Road, Kalapet, Central Jail, Puducherry 1 Puducherry",,,,,,,,,,,,,,,,,,,,,,,,,,,,,,,,,,,,,,,,,,,,,,,,,,,,,,,,,,,,,,,,,,,,,,,,,,,,,,,,,300,93,111,0,204
PUDUCHERRY – SUB JAILS,1284,"Railway Station Road, Sub Jail, Mahe 1 Mahe-673310",,,,,,,,,,,,,,,,,,,,,,,,,,,,,,,,,,,,,,,,,,,,,,,,,,,,,,,,,,,,,,,,,,,,,,,,,,,,,,,,,12,0,0,0,0
PUDUCHERRY – SPECIAL JAILS,1285,"No.4, Kidangu Street, Special Sub Jail, Karaikal 1 Madagadi, Karaikal -",,,,,,,,,,,,,,,,,,,,,,,,,,,,,,,,,,,,,,,,,,,,,,,,,,,,,,,,,,,,,,,,,,,,,,,,,,,,,,,,,50,24,44,0,68
