section,sl_no,State/UT,No. of Cases (3),Air-Crash | No. of Persons Injured | Male,Air-Crash | No. of Persons Injured | Female,Air-Crash | No. of Persons Injured | Total,Air-Crash | No. of Persons Killed | Male,Air-Crash | No. of Persons Killed | Female,Air-Crash | No. of Persons Killed | Total,%Share to Total Deaths (Col. 9/268) × 100,No. of Cases (10001),Collapse of Structure (House) | No. of Persons Injured | Male,Collapse of Structure (House) | No. of Persons Injured | Female,Collapse of Structure (House) | No. of Persons Injured | Total,Collapse of Structure (House) | No. of Persons Killed | Male,Collapse of Structure (House) | No. of Persons Killed | Female,Collapse of Structure (House) | No. of Persons Killed | Total,%Share to Total Deaths (Col.16/268) ×100,No. of Cases (10002),Collapse of Structure (Building) | No. of Persons Injured | Male,Collapse of Structure (Building) | No. of Persons Injured | Female,Collapse of Structure (Building) | No. of Persons Injured | Total,Collapse of Structure (Building) | Male,Collapse of Structure (Building) | No. of Persons Killed Female (22),Collapse of Structure (Building) | No. of Persons Killed Female (23),%Share to Total Deaths (Col.23/268)×100 Total,No. of Cases (10003),Collapse of Structure (Dam) | No. of Persons Injured | Male,Collapse of Structure (Dam) | No. of Persons Injured | Female,Collapse of Structure (Dam) | No. of Persons Injured | Total,Collapse of Structure (Dam) | No. of Persons Killed | Male,Collapse of Structure (Dam) | No. of Persons Killed | Female,Collapse of Structure (Dam) | No. of Persons Killed | Total,%Share to Total Deaths (Col.30/268)×100,No. of Cases (10004),Collapse of Structure (Bridge) | No. of Persons Injured | Male,Collapse of Structure (Bridge) | No. of Persons Injured | Female,Collapse of Structure (Bridge) | No. of Persons Injured | Total,Collapse of Structure (Bridge) | No. of Persons Killed | Male,Collapse of Structure (Bridge) | No. of Persons Killed | Female,Collapse of Structure (Bridge) | No. of Persons Killed | Total,%Share to Total Deaths (Col.37/268)×100,No. of Cases (10005),Collapse of Structure (Other) | No. of Persons Injured | Male,Collapse of Structure (Other) | No. of Persons Injured | Female,Collapse of Structure (Other) | No. of Persons Injured | Total,Collapse of Structure (Other) | No. of Persons Killed | Male,Collapse of Structure (Other) | No. of Persons Killed | Female,Collapse of Structure (Other) | No. of Persons Killed | Total,%Share to Total Deaths (Col.44/268) × 100,No. of Cases (10006),Collapse of Structure (Total) | No. of Persons Injured | Male,Collapse of Structure (Total) | No. of Persons Injured | Female,Collapse of Structure (Total) | No. of Persons Injured | Total,Collapse of Structure (Total) | No. of Persons Killed | Male,Collapse of Structure (Total) | No. of Persons Killed | Female,Collapse of Structure (Total) | Total,%Share to Total Deaths (10013),No. of Cases (10014),Drowning (Boat Capsize) | No. of Persons Injured | Male,Drowning (Boat Capsize) | No. of Persons Injured | Female,Drowning (Boat Capsize) | No. of Persons Injured | Total,Drowning (Boat Capsize) | No. of Persons Killed | Male,Drowning (Boat Capsize) | No. of Persons Killed | Female,Drowning (Boat Capsize) | No. of Persons Killed | Total,%Share to Total Deaths (Col.51/268)×100,No. of Cases (10015),Drowning (Other Cases) | No. of Persons Injured | Male,Drowning (Other Cases) | No. of Persons Injured | Female,Drowning (Other Cases) | No. of Persons Injured | Total,Drowning (Other Cases) | No. of Persons Killed | Male,Drowning (Other Cases) | No. of Persons Killed | Female,Drowning (Other Cases) | No. of Persons Killed | Total,%Share to Total Deaths (Col.58/268)×100,No. of Cases (10016),Drowning(Total) | No. of Persons Injured | Male,Drowning(Total) | No. of Persons Injured | Female,Drowning(Total) | No. of Persons Injured | Total,Drowning(Total) | Male,Drowning(Total) | No. of Persons Killed Female (10021),Drowning(Total) | No. of Persons Killed Female (10022),%Share to Total Deaths Total (10023),No. of Cases (10024),Electrocution | No. of Persons Injured | Male,Electrocution | No. of Persons Injured | Female,Electrocution | No. of Persons Injured | Total,Electrocution | No. of Persons Killed | Male,Electrocution | No. of Persons Killed | Female,Electrocution | No. of Persons Killed | Total,%Share to Total Deaths (Col.65/268) ×100,No. of Cases (10025),Explosion (Bomb Explosion) | No. of Persons Injured | Male,Explosion (Bomb Explosion) | No. of Persons Injured | Female,Explosion (Bomb Explosion) | No. of Persons Injured | Total,Explosion (Bomb Explosion) | No. of Persons Killed | Male,Explosion (Bomb Explosion) | No. of Persons Killed | Female,Explosion (Bomb Explosion) | No. of Persons Killed | Total,%Share to Total Deaths (Col.72/268) ×100,No. of Cases (10026),"Explosion (other like Boilers, Gas Cyld. etc.) | No. of Persons Injured | Male","Explosion (other like Boilers, Gas Cyld. etc.) | No. of Persons Injured | Female","Explosion (other like Boilers, Gas Cyld. etc.) | No. of Persons Injured | Total","Explosion (other like Boilers, Gas Cyld. etc.) | No. of Persons Killed | Male","Explosion (other like Boilers, Gas Cyld. etc.) | No. of Persons Killed | Female","Explosion (other like Boilers, Gas Cyld. etc.) | No. of Persons Killed | Total",%Share to Total Deaths (Col.79/268) ×100,No. of Cases (10027),Explosion(Total) | No. of Persons Injured | Male,Explosion(Total) | No. of Persons Injured | Female,Explosion(Total) | No. of Persons Injured | Total,Explosion(Total) | No. of Persons Killed | Male,Explosion(Total) | No. of Persons Killed | Female,Explosion(Total) | No. of Persons Killed | Total,%Share to Total Deaths (10034),No. of Cases (10035),Fall (from Height) | No. of Persons Injured | Male,Fall (from Height) | No. of Persons Injured | Female,Fall (from Height) | No. of Persons Injured | Total,Fall (from Height) | No. of Persons Killed | Male,Fall (from Height) | No. of Persons Killed | Female,Fall (from Height) | No. of Persons Killed | Total,%Share to Total Deaths (Col.86/268) ×100,No. of Cases (10036),Fall (into Pit/Manhole) | No. of Persons Injured | Male,Fall (into Pit/Manhole) | No. of Persons Injured | Female,Fall (into Pit/Manhole) | No. of Persons Injured | Total,Fall (into Pit/Manhole) | No. of Persons Killed | Male,Fall (into Pit/Manhole) | No. of Persons Killed | Female,Fall (into Pit/Manhole) | No. of Persons Killed | Total,%Share to Total Deaths (Col.93/268) ×100,No. of Cases (10037),Falls(Total) | No. of Persons Injured | Male,Falls(Total) | No. of Persons Injured | Female,Falls(Total) | No. of Persons Injured | Total,Falls(Total) | No. of Persons Killed | Male,Falls(Total) | No. of Persons Killed | Female,Falls(Total) | No. of Persons Killed | Total,%Share to Total Deaths (10044),No. of Cases (10045),Factory/Machine Accidents | No. of Persons Injured | Male,Factory/Machine Accidents | No. of Persons Injured | Female,Factory/Machine Accidents | No. of Persons Injured | Total,Factory/Machine Accidents | No. of Persons Killed | Male,Factory/Machine Accidents | No. of Persons Killed | Female,Factory/Machine Accidents | No. of Persons Killed | Total,%Share to Total Deaths (Col.100/268) ×100,No. of Cases (10046),Fire (Fireworks/Crackers) | No. of Persons Injured | Male,Fire (Fireworks/Crackers) | No. of Persons Injured | Female,Fire (Fireworks/Crackers) | No. of Persons Injured | Total,Fire (Fireworks/Crackers) | No. of Persons Killed | Male,Fire (Fireworks/Crackers) | No. of Persons Killed | Female,Fire (Fireworks/Crackers) | No. of Persons Killed | Total,%Share to Total Deaths (Col.107/268) ×100,No. of Cases (10047),Fire (Short-Circuit) | No. of Persons Injured | Male,Fire (Short-Circuit) | No. of Persons Injured | Female,Fire (Short-Circuit) | No. of Persons Injured | Total,Fire (Short-Circuit) | No. of Persons Killed | Male,Fire (Short-Circuit) | No. of Persons Killed | Female,Fire (Short-Circuit) | No. of Persons Killed | Total,%Share to Total Deaths (Col.114/268) ×100,No. of Cases (10048),Fire (Cooking Gas Cylinder/Stove Burst) | No. of Persons Injured | Male,Fire (Cooking Gas Cylinder/Stove Burst) | No. of Persons Injured | Female,Fire (Cooking Gas Cylinder/Stove Burst) | No. of Persons Injured | Total,Fire (Cooking Gas Cylinder/Stove Burst) | No. of Persons Killed | Male,Fire (Cooking Gas Cylinder/Stove Burst) | No. of Persons Killed | Female,Fire (Cooking Gas Cylinder/Stove Burst) | No. of Persons Killed | Total,%Share to Total Deaths (Col.121/268)×100,No. of Cases (10049),Other Fire Accidents | No. of Persons Injured | Male,Other Fire Accidents | No. of Persons Injured | Female,Other Fire Accidents | No. of Persons Injured | Total,Other Fire Accidents | No. of Persons Killed | Male,Other Fire Accidents | No. of Persons Killed | Female,Other Fire Accidents | No. of Persons Killed | Total,%Share to Total Deaths (Col.128/268) ×100,No. of Cases (10050),Fire(Total) | No. of Persons Injured | Male (10051),Fire(Total) | No. of Persons Injured | Female (10052),Fire(Total) | No. of Persons Injured | Total (10053),Fire(Total) | Male,Fire(Total) | No. of Persons Killed Female (10055),Fire(Total) | No. of Persons Killed Female (10056),%Share to Total Deaths Total (10057),No. of Cases (10058),Fire(Total) | No. of Persons Injured | Male (10059),Fire(Total) | No. of Persons Injured | Female (10060),Fire(Total) | No. of Persons Injured | Total (10061),Fire(Total) | No. of Persons Killed | Male,Fire(Total) | No. of Persons Killed | Female,Fire(Total) | No. of Persons Killed | Total,%Share to Total Deaths (10065),No. of Cases (10066),Fire-Arms | No. of Persons Injured | Male,Fire-Arms | No. of Persons Injured | Female,Fire-Arms | No. of Persons Injured | Total,Fire-Arms | No. of Persons Killed | Male,Fire-Arms | No. of Persons Killed | Female,Fire-Arms | No. of Persons Killed | Total,%Share to Total Deaths (Col.135/268)×100,No. of Cases (10067),Sudden Death (Heart Attacks) | No. of Persons Injured | Male,Sudden Death (Heart Attacks) | No. of Persons Injured | Female,Sudden Death (Heart Attacks) | No. of Persons Injured | Total,Sudden Death (Heart Attacks) | No. of Persons Killed | Male,Sudden Death (Heart Attacks) | No. of Persons Killed | Female,Sudden Death (Heart Attacks) | No. of Persons Killed | Total,%Share to Total Deaths (Col.142/268)× 100,No. of Cases (10068),Sudden Death (Epileptic Fits/Giddiness) | No. of Persons Injured | Male,Sudden Death (Epileptic Fits/Giddiness) | No. of Persons Injured | Female,Sudden Death (Epileptic Fits/Giddiness) | No. of Persons Injured | Total,Sudden Death (Epileptic Fits/Giddiness) | No. of Persons Killed | Male,Sudden Death (Epileptic Fits/Giddiness) | No. of Persons Killed | Female,Sudden Death (Epileptic Fits/Giddiness) | No. of Persons Killed | Total,%Share to Total Deaths (Col.149/268)×100,No. of Cases (10069),Sudden Death (Abortion/Child Birth) | No. of Persons Injured | Male,Sudden Death (Abortion/Child Birth) | No. of Persons Injured | Female,Sudden Death (Abortion/Child Birth) | No. of Persons Injured | Total,Sudden Death (Abortion/Child Birth) | No. of Persons Killed | Male,Sudden Death (Abortion/Child Birth) | No. of Persons Killed | Female,Sudden Death (Abortion/Child Birth) | No. of Persons Killed | Total,%Share to Total Deaths (Col.156/268)×100,No. of Cases (10070),Sudden Death (Influence of Alcohol) | No. of Persons Injured | Male,Sudden Death (Influence of Alcohol) | No. of Persons Injured | Female,Sudden Death (Influence of Alcohol) | No. of Persons Injured | Total,Sudden Death (Influence of Alcohol) | No. of Persons Killed | Male,Sudden Death (Influence of Alcohol) | No. of Persons Killed | Female,Sudden Death (Influence of Alcohol) | No. of Persons Killed | Total,%Share to Total Deaths (Col.163/268)×100,No. of Cases (10071),Sudden Deaths(Total) | No. of Persons Injured | Male,Sudden Deaths(Total) | No. of Persons Injured | Female,Sudden Deaths(Total) | No. of Persons Injured | Total,Sudden Deaths(Total) | No. of Persons Killed | Male,Sudden Deaths(Total) | No. of Persons Killed | Female,Sudden Deaths(Total) | No. of Persons Killed | Total,%Share to Total Deaths (10078),No. of Cases (10079),Killed by Animals | No. of Persons Injured | Male,Killed by Animals | No. of Persons Injured | Female,Killed by Animals | No. of Persons Injured | Total,Killed by Animals | No. of Persons Killed | Male,Killed by Animals | No. of Persons Killed | Female,Killed by Animals | No. of Persons Killed | Total,%Share to Total Deaths (Col.170/268)×100,No. of Cases (10080),Mines or Quarry Disaster | No. of Persons Injured | Male,Mines or Quarry Disaster | No. of Persons Injured | Female,Mines or Quarry Disaster | No. of Persons Injured | Total,Mines or Quarry Disaster | No. of Persons Killed | Male,Mines or Quarry Disaster | No. of Persons Killed | Female,Mines or Quarry Disaster | No. of Persons Killed | Total,%Share to Total Deaths (Col.177/268)×100,No. of Cases (10081),Poisoning (Food/Accidental intake of Insect. etc.) | No. of Persons Injured | Male,Poisoning (Food/Accidental intake of Insect. etc.) | No. of Persons Injured | Female,Poisoning (Food/Accidental intake of Insect. etc.) | No. of Persons Injured | Total,Poisoning (Food/Accidental intake of Insect. etc.) | No. of Persons Killed | Male,Poisoning (Food/Accidental intake of Insect. etc.) | No. of Persons Killed | Female,Poisoning (Food/Accidental intake of Insect. etc.) | No. of Persons Killed | Total,%Share to Total Deaths (Col.184/268)×100,No. of Cases (10082),Poisoning (Spurious/Poisonous liquor) | No. of Persons Injured | Male,Poisoning (Spurious/Poisonous liquor) | No. of Persons Injured | Female,Poisoning (Spurious/Poisonous liquor) | No. of Persons Injured | Total,Poisoning (Spurious/Poisonous liquor) | No. of Persons Killed | Male,Poisoning (Spurious/Poisonous liquor) | No. of Persons Killed | Female,Poisoning (Spurious/Poisonous liquor) | No. of Persons Killed | Total,%Share to Total Deaths (Col.191/268)×100,No. of Cases (10083),Poisoning (Leakage of gases etc.) | No. of Persons Injured | Male,Poisoning (Leakage of gases etc.) | No. of Persons Injured | Female,Poisoning (Leakage of gases etc.) | No. of Persons Injured | Total,Poisoning (Leakage of gases etc.) | Male,Poisoning (Leakage of gases etc.) | No. of Persons Killed Female (197),Poisoning (Leakage of gases etc.) | No. of Persons Killed Female (198),%Share to Total Deaths (Col.198/268)×1 Total,No. of Cases (10084),Poisoning (Snake Bite/Animal Bite) | No. of Persons Injured | Male,Poisoning (Snake Bite/Animal Bite) | No. of Persons Injured | Female,Poisoning (Snake Bite/Animal Bite) | No. of Persons Injured | Total,Poisoning (Snake Bite/Animal Bite) | Male,Poisoning (Snake Bite/Animal Bite) | No. of Persons Killed Female (204),Poisoning (Snake Bite/Animal Bite) | No. of Persons Killed Female (205),%Share to Total Deaths (Col.205/268)×1 Total,No. of Cases (10085),Poisoning (Other) | No. of Persons Injured | Male,Poisoning (Other) | No. of Persons Injured | Female,Poisoning (Other) | No. of Persons Injured | Total,Poisoning (Other) | No. of Persons Killed | Male,Poisoning (Other) | No. of Persons Killed | Female,Poisoning (Other) | No. of Persons Killed | Total,%Share to Total Deaths (Col.212/268)×100,No. of Cases (10086),Poisoning(Total) | No. of Persons Injured | Male (10087),Poisoning(Total) | No. of Persons Injured | Female (10088),Poisoning(Total) | No. of Persons Injured | Total (10089),Poisoning(Total) | Male,Poisoning(Total) | No. of Persons Killed Female (10091),Poisoning(Total) | No. of Persons Killed Female (10092),% Share to Total Deaths Total,No. of Cases (10094),Poisoning(Total) | No. of Persons Injured | Male (10095),Poisoning(Total) | No. of Persons Injured | Female (10096),Poisoning(Total) | No. of Persons Injured | Total (10097),Poisoning(Total) | No. of Persons Killed | Male,Poisoning(Total) | No. of Persons Killed | Female,Poisoning(Total) | No. of Persons Killed | Total,% Share to Total Deaths (10101),No. of Cases (10102),Stampede | No. of Persons Injured | Male,Stampede | No. of Persons Injured | Female,Stampede | No. of Persons Injured | Total,Stampede | No. of Persons Killed | Male,Stampede | No. of Persons Killed | Female,Stampede | No. of Persons Killed | Total,%Share to Total Deaths (Col.219/268)×100,No. of Cases (10103),Suffocation | No. of Persons Injured | Male,Suffocation | No. of Persons Injured | Female,Suffocation | No. of Persons Injured | Total,Suffocation | No. of Persons Killed | Male,Suffocation | No. of Persons Killed | Female,Suffocation | No. of Persons Killed | Total,%Share to Total Deaths (Col.226/268)×100,No. of Cases (10104),Traffic Accidents (Road Accidents) | No. of Persons Injured | Male,Traffic Accidents (Road Accidents) | No. of Persons Injured | Female,Traffic Accidents (Road Accidents) | No. of Persons Injured | Total,Traffic Accidents (Road Accidents) | No. of Persons Killed | Male,Traffic Accidents (Road Accidents) | No. of Persons Killed | Female,Traffic Accidents (Road Accidents) | No. of Persons Killed | Total,%Share to Total Deaths (Col.233/268)×100,No. of Cases (10105),Traffic Accidents (Rail-Road Accidents) | No. of Persons Injured | Male,Traffic Accidents (Rail-Road Accidents) | No. of Persons Injured | Female,Traffic Accidents (Rail-Road Accidents) | No. of Persons Injured | Total,Traffic Accidents (Rail-Road Accidents) | No. of Persons Killed | Male,Traffic Accidents (Rail-Road Accidents) | No. of Persons Killed | Female,Traffic Accidents (Rail-Road Accidents) | No. of Persons Killed | Total,%Share to Total Deaths (Col.240/268)×100,No. of Cases (10106),Traffic Accidents (Other Railway Accidents) | No. of Persons Injured | Male,Traffic Accidents (Other Railway Accidents) | No. of Persons Injured | Female,Traffic Accidents (Other Railway Accidents) | No. of Persons Injured | Total,Traffic Accidents (Other Railway Accidents) | No. of Persons Killed | Male,Traffic Accidents (Other Railway Accidents) | No. of Persons Killed | Female,Traffic Accidents (Other Railway Accidents) | No. of Persons Killed | Total,%Share to Total Deaths (Col.247/268)×100,No. of Cases (10107),Traffic Accidents(Total) | No. of Persons Injured | Male (10108),Traffic Accidents(Total) | No. of Persons Injured | Female (10109),Traffic Accidents(Total) | No. of Persons Injured | Total,Traffic Accidents(Total) | No. of Persons Killed | Male (10111),Traffic Accidents(Total) | No. of Persons Killed | Female (10112),Traffic Accidents(Total) | Total (10113),% Share to Total Deaths (10114),No. of Cases (10115),Traffic Accidents(Total) | No. of Persons Injured | Male (10116),Traffic Accidents(Total) | No. of Persons Injured | Female (10117),Traffic Accidents(Total) | Total (10118),Traffic Accidents(Total) | No. of Persons Killed | Male (10119),Traffic Accidents(Total) | No. of Persons Killed | Female (10120),Traffic Accidents(Total) | Total (10121),% Share to Total Deaths (10122),No. of Cases (10123),Other Causes | No. of Persons Injured | Male,Other Causes | No. of Persons Injured | Female,Other Causes | No. of Persons Injured | Total,Other Causes | No. of Persons Killed | Male,Other Causes | No. of Persons Killed | Female,Other Causes | No. of Persons Killed | Total,%Share to Total Deaths (Col.254/268)× 100,No. of Cases (10124),Causes Not Known | No. of Persons Injured | Male,Causes Not Known | No. of Persons Injured | Female,Causes Not Known | No. of Persons Injured | Total,Causes Not Known | No. of Persons Killed | Male,Causes Not Known | No. of Persons Killed | Female,Causes Not Known | No. of Persons Killed | Total,%Share to Total Deaths (Col.261/268)×100,No. of Cases (10125),Total | No. of Persons Injured | Male,Total | No. of Persons Injured | Female,Total | No. of Persons Injured | Total,Total | No. of Persons Killed | Male,Total | No. of Persons Killed | Female,Total | No. of Persons Killed | Total,%age Share,Rate*
STATES:,1,ANDHRA PRADESH,2,0,0,0,5,0,5,0.03,48,2,1,3,47,12,59,0.30,30,8,3,11,25,4,29,0.15,1,0,0,0,1,0,1,0.01,7,0,0,0,7,0,7,0.04,111,4,1,5,90,24,114,0.57,197,14,5,19,170,40,210,1.05,26,7,5,12,29,6,35,0.18,1404,50,18,68,1085,310,1395,6.98,1430,57,23,80,1114,316,1430,7.15,703,29,13,42,653,65,718,3.59,21,9,12,21,21,8,29,0.15,25,5,6,11,11,8,19,0.10,46,14,18,32,32,16,48,0.24,604,40,1,41,528,62,590,2.95,94,3,1,4,73,22,95,0.48,698,43,2,45,601,84,685,3.43,51,8,0,8,42,6,48,0.24,24,13,1,14,30,8,38,0.19,198,2,0,2,184,25,209,1.05,854,26,64,90,154,639,793,3.97,779,30,20,50,255,510,765,3.83,1855,71,85,156,623,1182,1805,9.03,,,,,,,,,6,1,0,1,5,1,6,0.03,335,0,0,0,276,59,335,1.68,104,3,2,5,87,12,99,0.50,10,0,0,0,0,10,10,0.05,211,3,0,3,202,10,212,1.06,660,6,2,8,565,91,656,3.28,32,2,0,2,27,4,31,0.16,23,1,0,1,20,5,25,0.13,274,6,2,8,217,67,284,1.42,200,0,0,0,116,84,200,1.00,13,0,0,0,5,9,14,0.07,791,5,1,6,617,184,801,4.01,813,3,0,3,584,272,856,4.28,2091,14,3,17,1539,616,2155,10.78,,,,,,,,,0,0,0,0,0,0,0,0.00,5,3,0,3,5,1,6,0.03,32577,34582,9815,44397,7834,1517,9351,46.78,4,15,5,20,8,1,9,0.05,1185,0,0,0,1017,169,1186,5.93,33766,34597,9820,44417,8859,1687,10546,52.76,,,,,,,,,764,1,2,3,683,180,863,4.32,691,0,0,0,563,188,751,3.76,43020,34861,9973,44834,15506,4482,19988,8.29,25.99
STATES:,2,ARUNACHAL PRADESH,0,0,0,0,0,0,0,0.00,0,0,0,0,0,0,0,0.00,0,0,0,0,0,0,0,0.00,0,0,0,0,0,0,0,0.00,1,0,0,0,1,0,1,0.54,0,0,0,0,0,0,0,0.00,1,0,0,0,1,0,1,0.54,0,0,0,0,0,0,0,0.00,19,0,0,0,14,6,20,10.81,19,0,0,0,14,6,20,10.81,0,0,0,0,0,0,0,0.00,0,0,0,0,0,0,0,0.00,0,0,0,0,0,0,0,0.00,0,0,0,0,0,0,0,0.00,14,0,0,0,12,2,14,7.57,0,0,0,0,0,0,0,0.00,14,0,0,0,12,2,14,7.57,0,0,0,0,0,0,0,0.00,0,0,0,0,0,0,0,0.00,1,0,0,0,1,0,1,0.54,0,0,0,0,0,0,0,0.00,3,0,0,0,2,1,3,1.62,4,0,0,0,3,1,4,2.16,,,,,,,,,2,0,0,0,2,0,2,1.08,2,0,0,0,2,0,2,1.08,1,0,0,0,1,0,1,0.54,0,0,0,0,0,0,0,0.00,6,0,0,0,6,0,6,3.24,9,0,0,0,9,0,9,4.86,2,0,0,0,1,2,3,1.62,0,0,0,0,0,0,0,0.00,0,0,0,0,0,0,0,0.00,0,0,0,0,0,0,0,0.00,0,0,0,0,0,0,0,0.00,0,0,0,0,0,0,0,0.00,0,0,0,0,0,0,0,0.00,0,0,0,0,0,0,0,0.00,,,,,,,,,0,0,0,0,0,0,0,0.00,3,0,0,0,0,3,3,1.62,235,165,43,208,94,20,114,61.62,0,0,0,0,0,0,0,0.00,0,0,0,0,0,0,0,0.00,235,165,43,208,94,20,114,61.62,,,,,,,,,0,0,0,0,0,0,0,0.00,15,0,0,0,15,0,15,8.11,304,165,43,208,151,34,185,0.08,16.59
STATES:,3,ASSAM,0,0,0,0,0,0,0,0.00,0,0,0,0,0,0,0,0.00,8,0,0,0,6,2,8,0.32,0,0,0,0,0,0,0,0.00,2,0,0,0,2,0,2,0.08,11,0,0,0,8,3,11,0.44,21,0,0,0,16,5,21,0.85,30,0,0,0,16,14,30,1.21,204,0,0,0,152,62,214,8.63,234,0,0,0,168,76,244,9.83,46,0,0,0,45,2,47,1.89,0,0,0,0,0,0,0,0.00,1,0,0,0,0,1,1,0.04,1,0,0,0,0,1,1,0.04,10,0,0,0,10,0,10,0.40,5,0,0,0,5,0,5,0.20,15,0,0,0,15,0,15,0.60,9,0,0,0,7,2,9,0.36,4,0,0,0,0,1,1,0.04,1,0,0,0,1,0,1,0.04,15,0,0,0,6,12,18,0.73,174,14,9,23,73,105,178,7.17,194,14,9,23,80,118,198,7.98,,,,,,,,,8,0,0,0,7,1,8,0.32,93,0,0,0,82,12,94,3.79,0,0,0,0,0,0,0,0.00,3,0,0,0,0,3,3,0.12,2,0,0,0,2,0,2,0.08,98,0,0,0,84,15,99,3.99,52,0,0,0,44,12,56,2.26,0,0,0,0,0,0,0,0.00,12,0,0,0,6,6,12,0.48,0,0,0,0,0,0,0,0.00,0,0,0,0,0,0,0,0.00,5,0,0,0,3,2,5,0.20,129,0,0,0,77,52,129,5.20,146,0,0,0,86,60,146,5.88,,,,,,,,,0,0,0,0,0,0,0,0.00,0,0,0,0,0,0,0,0.00,2243,1984,499,2483,754,155,909,36.64,10,0,0,0,9,1,10,0.40,322,0,0,0,289,33,322,12.98,2575,1984,499,2483,1052,189,1241,50.02,,,,,,,,,131,0,0,0,80,51,131,5.28,262,7,5,12,169,96,265,10.68,3792,2005,513,2518,1853,628,2481,1.03,9.11
STATES:,4,BIHAR,0,0,0,0,0,0,0,0.00,45,13,5,18,19,22,41,0.81,2,1,0,1,1,1,2,0.04,7,0,0,0,0,7,7,0.14,3,0,2,2,1,2,3,0.06,52,4,2,6,40,15,55,1.09,109,18,9,27,61,47,108,2.14,65,1,0,1,74,26,100,1.98,205,9,4,13,166,50,216,4.27,270,10,4,14,240,76,316,6.25,39,6,1,7,34,6,40,0.79,1,1,0,1,1,0,1,0.02,12,0,0,0,2,9,11,0.22,13,1,0,1,3,9,12,0.24,52,5,4,9,46,2,48,0.95,17,1,1,2,13,4,17,0.34,69,6,5,11,59,6,65,1.29,62,36,1,37,14,6,20,0.40,39,15,3,18,19,15,34,0.67,37,0,1,1,23,15,38,0.75,93,3,6,9,16,82,98,1.94,195,6,13,19,42,153,195,3.86,364,24,23,47,100,265,365,7.22,,,,,,,,,9,3,0,3,4,3,7,0.14,56,9,6,15,33,15,48,0.95,17,1,0,1,11,5,16,0.32,1,0,0,0,0,1,1,0.02,35,0,0,0,34,1,35,0.69,109,10,6,16,78,22,100,1.98,6,0,0,0,6,0,6,0.12,1,0,0,0,1,1,2,0.04,218,3,0,3,144,92,236,4.67,40,2,3,5,31,17,48,0.95,5,0,0,0,4,1,5,0.10,55,2,1,3,23,29,52,1.03,167,14,5,19,112,46,158,3.12,485,21,9,30,314,185,499,9.87,,,,,,,,,0,0,0,0,0,0,0,0.00,4,0,0,0,3,1,4,0.08,4372,2900,597,3497,1801,343,2144,42.40,273,115,65,180,291,87,378,7.47,600,2,0,2,519,82,601,11.88,5245,3017,662,3679,2611,512,3123,61.76,,,,,,,,,275,32,2,34,173,73,246,4.86,146,3,0,3,109,35,144,2.85,7206,3187,722,3909,3810,1247,5057,2.10,5.94
STATES:,5,CHHATTISGARH,0,0,0,0,0,0,0,0.00,27,1,0,1,15,11,26,0.27,0,0,0,0,0,0,0,0.00,4,2,0,2,2,1,3,0.03,0,0,0,0,0,0,0,0.00,45,0,0,0,32,13,45,0.47,76,3,0,3,49,25,74,0.77,18,0,0,0,10,8,18,0.19,1128,0,0,0,702,429,1131,11.83,1146,0,0,0,712,437,1149,12.02,277,3,0,3,237,41,278,2.91,7,0,0,0,7,0,7,0.07,1,0,0,0,1,0,1,0.01,8,0,0,0,8,0,8,0.08,262,0,0,0,219,43,262,2.74,46,0,0,0,38,8,46,0.48,308,0,0,0,257,51,308,3.22,31,0,0,0,26,7,33,0.35,10,0,0,0,6,5,11,0.12,4,0,0,0,3,1,4,0.04,24,0,0,0,5,19,24,0.25,506,0,0,0,130,379,509,5.32,544,0,0,0,144,404,548,5.73,,,,,,,,,11,0,0,0,10,1,11,0.12,188,0,0,0,162,26,188,1.97,88,0,0,0,64,24,88,0.92,37,0,0,0,0,37,37,0.39,192,0,0,0,178,14,192,2.01,505,0,0,0,404,101,505,5.28,78,0,0,0,52,26,78,0.82,30,0,0,0,26,5,31,0.32,607,0,0,0,403,210,613,6.41,30,0,0,0,30,0,30,0.31,0,0,0,0,0,0,0,0.00,797,0,0,0,482,316,798,8.35,171,0,0,0,105,66,171,1.79,1605,0,0,0,1020,592,1612,16.86,,,,,,,,,0,0,0,0,0,0,0,0.00,221,0,0,0,155,66,221,2.31,5801,3835,457,4292,1556,268,1824,19.08,4,0,0,0,3,1,4,0.04,366,2,0,2,301,65,366,3.83,6171,3837,457,4294,1860,334,2194,22.95,,,,,,,,,1358,1,0,1,1053,337,1390,14.54,1118,0,0,0,831,290,1121,11.72,13487,3844,457,4301,6844,2717,9561,3.96,44.88
STATES:,6,GOA,1,0,0,0,22,0,22,2.63,1,2,0,2,1,0,1,0.12,1,0,0,0,1,0,1,0.12,0,0,0,0,0,0,0,0.00,0,0,0,0,0,0,0,0.00,3,0,0,0,2,1,3,0.36,5,2,0,2,4,1,5,0.60,1,0,0,0,1,0,1,0.12,162,0,0,0,169,17,186,22.25,163,0,0,0,170,17,187,22.37,22,0,0,0,16,4,20,2.39,0,0,0,0,0,0,0,0.00,0,0,0,0,0,0,0,0.00,0,0,0,0,0,0,0,0.00,77,0,0,0,67,7,74,8.85,15,0,0,0,12,2,14,1.67,92,0,0,0,79,9,88,10.53,11,0,0,0,1,11,12,1.44,1,0,0,0,0,0,0,0.00,0,0,0,0,0,0,0,0.00,6,1,0,1,0,7,7,0.84,39,1,0,1,11,27,38,4.55,46,2,0,2,11,34,45,5.38,,,,,,,,,0,0,0,0,0,0,0,0.00,17,0,0,0,26,7,33,3.95,3,0,0,0,3,0,3,0.36,2,0,0,0,0,2,2,0.24,20,0,0,0,20,0,20,2.39,42,0,0,0,49,9,58,6.94,0,0,0,0,0,0,0,0.00,0,0,0,0,0,0,0,0.00,1,0,0,0,2,0,2,0.24,0,0,0,0,0,0,0,0.00,0,0,0,0,0,0,0,0.00,4,0,0,0,1,1,2,0.24,15,0,0,0,10,4,14,1.67,20,0,0,0,13,5,18,2.15,,,,,,,,,0,0,0,0,0,0,0,0.00,4,0,0,0,4,0,4,0.48,1201,862,136,998,210,31,241,28.83,0,0,0,0,0,0,0,0.00,38,0,0,0,34,3,37,4.43,1239,862,136,998,244,34,278,33.25,,,,,,,,,57,19,19,38,42,6,48,5.74,49,0,0,0,43,8,51,6.10,1751,885,155,1040,698,138,836,0.35,60.23
STATES:,7,GUJARAT,0,0,0,0,0,0,0,0.00,46,1,0,1,33,12,45,0.30,6,4,3,7,5,1,6,0.04,0,0,0,0,0,0,0,0.00,0,0,0,0,0,0,0,0.00,78,11,0,11,51,17,68,0.45,130,16,3,19,89,30,119,0.79,12,0,0,0,15,0,15,0.10,1088,0,0,0,856,256,1112,7.42,1100,0,0,0,871,256,1127,7.52,448,8,6,14,362,78,440,2.94,7,2,2,4,11,0,11,0.07,16,0,0,0,15,4,19,0.13,23,2,2,4,26,4,30,0.20,587,14,5,19,469,101,570,3.80,227,8,3,11,167,50,217,1.45,814,22,8,30,636,151,787,5.25,114,5,3,8,94,13,107,0.71,9,0,0,0,5,4,9,0.06,177,3,2,5,136,36,172,1.15,696,15,17,32,152,531,683,4.56,1726,31,39,70,447,1252,1699,11.33,2608,49,58,107,740,1823,2563,17.10,,,,,,,,,2,0,0,0,2,0,2,0.01,994,0,0,0,870,124,994,6.63,306,0,0,0,244,62,306,2.04,18,0,0,0,0,18,18,0.12,38,0,0,0,37,1,38,0.25,1356,0,0,0,1151,205,1356,9.05,34,2,1,3,18,14,32,0.21,21,0,0,0,20,3,23,0.15,511,39,38,77,242,194,436,2.91,13,0,0,0,8,5,13,0.09,8,0,0,0,11,2,13,0.09,312,8,7,15,188,118,306,2.04,317,11,8,19,180,119,299,1.99,1161,58,53,111,629,438,1067,7.12,,,,,,,,,2,0,0,0,1,1,2,0.01,47,0,0,0,37,10,47,0.31,18740,17868,4293,22161,4012,703,4715,31.45,27,0,0,0,20,9,29,0.19,1251,0,0,0,1095,168,1263,8.43,20018,17868,4293,22161,5127,880,6007,40.07,,,,,,,,,917,59,39,98,655,182,837,5.58,445,0,0,0,354,91,445,2.97,29240,18089,4466,22555,10812,4179,14991,6.21,28.95
STATES:,8,HARYANA,2,0,0,0,2,0,2,0.43,0,0,0,0,0,0,0,0.00,0,0,0,0,0,0,0,0.00,0,0,0,0,0,0,0,0.00,0,0,0,0,0,0,0,0.00,2,0,0,0,2,0,2,0.43,2,0,0,0,2,0,2,0.43,0,0,0,0,0,0,0,0.00,50,0,0,0,41,9,50,10.85,50,0,0,0,41,9,50,10.85,20,0,0,0,20,0,20,4.34,0,0,0,0,0,0,0,0.00,0,0,0,0,0,0,0,0.00,0,0,0,0,0,0,0,0.00,12,1,0,1,16,2,18,3.90,0,0,0,0,0,0,0,0.00,12,1,0,1,16,2,18,3.90,1,0,0,0,1,0,1,0.22,0,0,0,0,0,0,0,0.00,0,0,0,0,0,0,0,0.00,9,0,0,0,4,9,13,2.82,8,0,0,0,6,2,8,1.74,17,0,0,0,10,11,21,4.56,,,,,,,,,0,0,0,0,0,0,0,0.00,6,0,0,0,4,2,6,1.30,0,0,0,0,0,0,0,0.00,0,0,0,0,0,0,0,0.00,0,0,0,0,0,0,0,0.00,6,0,0,0,4,2,6,1.30,0,0,0,0,0,0,0,0.00,0,0,0,0,0,0,0,0.00,0,0,0,0,0,0,0,0.00,0,0,0,0,0,0,0,0.00,0,0,0,0,0,0,0,0.00,0,0,0,0,0,0,0,0.00,53,0,0,0,28,25,53,11.50,53,0,0,0,28,25,53,11.50,,,,,,,,,0,0,0,0,0,0,0,0.00,0,0,0,0,0,0,0,0.00,814,687,158,845,195,53,248,53.80,0,0,0,0,0,0,0,0.00,0,0,0,0,0,0,0,0.00,814,687,158,845,195,53,248,53.80,,,,,,,,,19,0,0,0,15,4,19,4.12,21,0,0,0,12,9,21,4.56,1017,688,158,846,346,115,461,0.19,2.13
STATES:,9,HIMACHAL PRADESH,0,0,0,0,0,0,0,0.00,2,0,0,0,2,0,2,0.14,2,0,0,0,2,0,2,0.14,0,0,0,0,0,0,0,0.00,0,0,0,0,0,0,0,0.00,2,0,0,0,5,0,5,0.34,6,0,0,0,9,0,9,0.61,0,0,0,0,0,0,0,0.00,78,0,0,0,59,20,79,5.39,78,0,0,0,59,20,79,5.39,6,0,0,0,5,1,6,0.41,0,0,0,0,0,0,0,0.00,1,0,0,0,1,0,1,0.07,1,0,0,0,1,0,1,0.07,120,3,0,3,111,9,120,8.18,11,0,0,0,11,0,11,0.75,131,3,0,3,122,9,131,8.93,6,0,0,0,6,0,6,0.41,0,0,0,0,0,0,0,0.00,10,0,0,0,8,2,10,0.68,12,1,0,1,3,9,12,0.82,18,3,3,6,12,7,19,1.30,40,4,3,7,23,18,41,2.79,,,,,,,,,1,0,0,0,1,0,1,0.07,87,0,0,0,81,6,87,5.93,7,0,0,0,5,2,7,0.48,0,0,0,0,0,0,0,0.00,34,0,0,0,34,0,34,2.32,128,0,0,0,120,8,128,8.73,4,0,0,0,2,2,4,0.27,0,0,0,0,0,0,0,0.00,37,0,0,0,26,11,37,2.52,40,0,0,0,20,20,40,2.73,0,0,0,0,0,0,0,0.00,8,0,0,0,7,1,8,0.55,37,0,0,0,33,4,37,2.52,122,0,0,0,86,36,122,8.32,,,,,,,,,0,0,0,0,0,0,0,0.00,14,0,0,0,13,1,14,0.95,2281,3045,469,3514,735,103,838,57.12,0,0,0,0,0,0,0,0.00,1,0,0,0,1,0,1,0.07,2282,3045,469,3514,736,103,839,57.19,,,,,,,,,56,0,4,4,52,4,56,3.82,30,0,0,0,29,1,30,2.04,2905,3052,476,3528,1264,203,1467,0.61,23.75
STATES:,10,JAMMU & KASHMIR,1,0,0,0,1,0,1,0.06,1,0,0,0,1,0,1,0.06,0,0,0,0,0,0,0,0.00,0,0,0,0,0,0,0,0.00,1,3,0,3,0,0,0,0.00,9,0,0,0,4,3,7,0.39,11,3,0,3,5,3,8,0.45,4,0,0,0,4,0,4,0.22,22,2,0,2,17,8,25,1.40,26,2,0,2,21,8,29,1.63,9,0,0,0,10,2,12,0.67,263,698,82,780,112,10,122,6.85,1,1,0,1,0,0,0,0.00,264,699,82,781,112,10,122,6.85,69,65,9,74,41,17,58,3.26,0,0,0,0,0,0,0,0.00,69,65,9,74,41,17,58,3.26,2,2,0,2,2,0,2,0.11,0,0,0,0,0,0,0,0.00,1,0,0,0,1,0,1,0.06,2,0,0,0,0,3,3,0.17,11,0,0,0,5,6,11,0.62,14,0,0,0,6,9,15,0.84,,,,,,,,,575,542,105,647,301,97,398,22.35,73,0,0,0,64,9,73,4.10,1,0,0,0,1,0,1,0.06,3,0,0,0,0,3,3,0.17,2,0,0,0,2,0,2,0.11,79,0,0,0,67,12,79,4.44,4,1,0,1,2,1,3,0.17,0,0,0,0,0,0,0,0.00,4,0,0,0,3,2,5,0.28,12,0,0,0,7,5,12,0.67,4,0,0,0,2,2,4,0.22,1,0,0,0,1,0,1,0.06,8,0,0,0,8,4,12,0.67,29,0,0,0,21,13,34,1.91,,,,,,,,,0,0,0,0,0,0,0,0.00,17,0,0,0,16,1,17,0.95,5373,5442,1278,6720,749,139,888,49.86,0,0,0,0,0,0,0,0.00,0,0,0,0,0,0,0,0.00,5373,5442,1278,6720,749,139,888,49.86,,,,,,,,,50,0,0,0,55,11,66,3.71,47,0,0,0,40,9,49,2.75,6570,6756,1474,8230,1449,332,1781,0.74,17.06
STATES:,11,JHARKHAND,0,0,0,0,0,0,0,0.00,3,0,4,4,2,3,5,0.58,1,1,0,1,0,0,0,0.00,0,0,0,0,0,0,0,0.00,0,0,0,0,0,0,0,0.00,110,3,7,10,45,68,113,13.12,114,4,11,15,47,71,118,13.70,0,0,0,0,0,0,0,0.00,0,0,0,0,0,0,0,0.00,0,0,0,0,0,0,0,0.00,0,0,0,0,0,0,0,0.00,1,1,1,2,2,0,2,0.23,0,0,0,0,0,0,0,0.00,1,1,1,2,2,0,2,0.23,16,1,1,2,8,6,14,1.63,0,0,0,0,0,0,0,0.00,16,1,1,2,8,6,14,1.63,0,0,0,0,0,0,0,0.00,3,1,0,1,0,2,2,0.23,2,0,1,1,1,1,2,0.23,0,0,0,0,0,0,0,0.00,0,0,0,0,0,0,0,0.00,5,1,1,2,1,3,4,0.46,,,,,,,,,1,1,0,1,1,0,1,0.12,10,0,0,0,6,4,10,1.16,0,0,0,0,0,0,0,0.00,0,0,0,0,0,0,0,0.00,12,1,1,2,7,3,10,1.16,22,1,1,2,13,7,20,2.32,8,4,1,5,2,1,3,0.35,1,0,0,0,1,0,1,0.12,0,0,0,0,0,0,0,0.00,6,1,0,1,4,1,5,0.58,0,0,0,0,0,0,0,0.00,8,1,2,3,2,3,5,0.58,0,0,0,0,0,0,0,0.00,14,2,2,4,6,4,10,1.16,,,,,,,,,0,0,0,0,0,0,0,0.00,0,0,0,0,0,0,0,0.00,880,768,205,973,330,124,454,52.73,18,24,15,39,5,3,8,0.93,142,75,72,147,118,19,137,15.91,1040,867,292,1159,453,146,599,69.57,,,,,,,,,60,5,2,7,45,32,77,8.94,14,1,1,2,8,4,12,1.39,1296,888,313,1201,587,274,861,0.36,3.13
STATES:,12,KARNATAKA,0,0,0,0,0,0,0,0.00,16,1,0,1,14,3,17,0.12,5,0,1,1,5,1,6,0.04,0,0,0,0,0,0,0,0.00,0,0,0,0,0,0,0,0.00,35,3,0,3,31,6,37,0.26,56,4,1,5,50,10,60,0.42,26,0,0,0,35,0,35,0.25,1400,30,13,43,937,455,1392,9.79,1426,30,13,43,972,455,1427,10.03,257,0,0,0,228,30,258,1.81,0,0,0,0,0,0,0,0.00,10,22,10,32,17,4,21,0.15,10,22,10,32,17,4,21,0.15,438,4,1,5,395,47,442,3.11,22,0,0,0,18,4,22,0.15,460,4,1,5,413,51,464,3.26,15,1,0,1,17,1,18,0.13,1,0,0,0,1,0,1,0.01,57,0,0,0,45,7,52,0.37,209,0,0,0,59,153,212,1.49,971,6,0,6,291,563,854,6.00,1238,6,0,6,396,723,1119,7.87,,,,,,,,,12,0,0,0,6,7,13,0.09,404,0,0,0,370,41,411,2.89,72,0,0,0,48,24,72,0.51,10,0,0,0,0,10,10,0.07,260,3,0,3,234,21,255,1.79,746,3,0,3,652,96,748,5.26,48,1,0,1,39,9,48,0.34,7,2,0,2,7,0,7,0.05,145,0,0,0,109,43,152,1.07,44,0,0,0,36,7,43,0.30,0,0,0,0,0,0,0,0.00,407,0,0,0,280,132,412,2.90,903,1,0,1,659,228,887,6.24,1499,1,0,1,1084,410,1494,10.50,,,,,,,,,11,1,0,1,7,4,11,0.08,35,0,0,0,23,12,35,0.25,35661,37496,8243,45739,5243,1108,6351,44.65,123,30,0,30,13,2,15,0.11,600,0,0,0,523,90,613,4.31,36384,37526,8243,45769,5779,1200,6979,49.06,,,,,,,,,359,40,18,58,272,94,366,2.57,1323,2,0,2,829,328,1157,8.13,43886,37643,8286,45929,10791,3434,14225,5.90,26.50
STATES:,13,KERALA,0,0,0,0,0,0,0,0.00,12,1,1,2,12,0,12,0.18,23,4,3,7,18,5,23,0.34,0,0,0,0,0,0,0,0.00,0,0,0,0,0,0,0,0.00,19,2,4,6,19,4,23,0.34,54,7,8,15,49,9,58,0.85,24,0,0,0,35,17,52,0.76,1160,4,2,6,907,289,1196,17.54,1184,4,2,6,942,306,1248,18.30,130,0,0,0,111,19,130,1.91,0,0,0,0,0,0,0,0.00,8,1,0,1,8,1,9,0.13,8,1,0,1,8,1,9,0.13,371,1,0,1,356,18,374,5.48,45,0,1,1,46,5,51,0.75,416,1,1,2,402,23,425,6.23,19,4,0,4,18,1,19,0.28,5,1,0,1,9,1,10,0.15,4,0,0,0,3,1,4,0.06,50,0,0,0,12,40,52,0.76,143,1,0,1,39,109,148,2.17,202,2,0,2,63,151,214,3.14,,,,,,,,,2,1,0,1,1,0,1,0.01,544,0,0,0,487,56,543,7.96,34,0,0,0,25,11,36,0.53,8,0,0,0,0,8,8,0.12,53,0,0,0,53,0,53,0.78,639,0,0,0,565,75,640,9.38,22,0,0,0,17,5,22,0.32,4,0,0,0,3,1,4,0.06,4,0,0,0,3,2,5,0.07,1,0,0,0,0,1,1,0.01,2,0,0,0,4,0,4,0.06,22,0,0,0,12,10,22,0.32,115,0,0,0,86,29,115,1.69,144,0,0,0,105,42,147,2.16,,,,,,,,,0,0,0,0,0,0,0,0.00,15,0,0,0,12,3,15,0.22,34534,33286,10150,43436,2476,397,2873,42.13,50,1,0,1,43,7,50,0.73,316,1,0,1,278,40,318,4.66,34900,33288,10150,43438,2797,444,3241,47.52,,,,,,,,,545,12,9,21,442,104,546,8.01,101,0,0,0,82,19,101,1.48,38385,33320,10170,43490,5617,1203,6820,2.83,21.13
STATES:,14,MADHYA PRADESH,0,0,0,0,0,0,0,0.00,106,13,13,26,57,37,94,0.40,4,0,0,0,2,2,4,0.02,1,0,0,0,1,0,1,0.00,12,0,0,0,9,3,12,0.05,33,2,1,3,23,12,35,0.15,156,15,14,29,92,54,146,0.62,13,0,0,0,9,5,14,0.06,3428,17,7,24,2165,1296,3461,14.76,3441,17,7,24,2174,1301,3475,14.82,847,18,7,25,673,156,829,3.53,4,2,0,2,4,1,5,0.02,32,1,2,3,15,16,31,0.13,36,3,2,5,19,17,36,0.15,607,16,3,19,471,120,591,2.52,172,0,0,0,135,37,172,0.73,779,16,3,19,606,157,763,3.25,75,15,6,21,30,26,56,0.24,9,2,0,2,4,3,7,0.03,28,6,0,6,20,2,22,0.09,292,11,13,24,65,205,270,1.15,2036,31,34,65,599,1391,1990,8.48,2365,50,47,97,688,1601,2289,9.76,,,,,,,,,171,57,4,61,113,7,120,0.51,426,1,0,1,364,61,425,1.81,144,1,0,1,99,44,143,0.61,84,0,2,2,0,82,82,0.35,318,1,0,1,294,23,317,1.35,972,3,2,5,757,210,967,4.12,108,2,0,2,80,26,106,0.45,132,1,0,1,81,52,133,0.57,1820,20,15,35,1013,766,1779,7.59,69,0,0,0,58,11,69,0.29,16,0,0,0,9,7,16,0.07,1509,27,30,57,832,620,1452,6.19,559,0,0,0,348,212,560,2.39,3973,47,45,92,2260,1616,3876,16.53,,,,,,,,,1,0,0,0,1,0,1,0.00,167,2,0,2,124,41,165,0.70,22879,19848,3778,23626,3807,674,4481,19.11,84,0,0,0,71,13,84,0.36,1121,1,0,1,960,163,1123,4.79,24084,19849,3778,23627,4838,850,5688,24.25,,,,,,,,,2791,15,2,17,2101,694,2795,11.92,2040,31,6,37,1493,516,2009,8.57,42138,20141,3923,24064,16130,7324,23454,9.72,37.79
STATES:,15,MAHARASHTRA,1,0,0,0,5,0,5,0.01,109,6,10,16,65,40,105,0.20,12,15,8,23,9,3,12,0.02,2,0,0,0,2,0,2,0.00,0,0,0,0,0,0,0,0.00,135,8,2,10,114,25,139,0.27,258,29,20,49,190,68,258,0.49,9,0,0,0,9,0,9,0.02,4964,16,4,20,3367,1673,5040,9.67,4973,16,4,20,3376,1673,5049,9.68,990,33,8,41,814,144,958,1.84,3,89,16,105,2,0,2,0.00,32,16,0,16,30,9,39,0.07,35,105,16,121,32,9,41,0.08,1601,144,36,180,1214,210,1424,2.73,328,18,0,18,263,52,315,0.60,1929,162,36,198,1477,262,1739,3.33,138,46,12,58,80,5,85,0.16,25,8,6,14,5,6,11,0.02,154,3,5,8,119,27,146,0.28,80,4,7,11,21,51,72,0.14,5932,210,269,479,1546,3973,5519,10.58,6191,225,287,512,1691,4057,5748,11.02,,,,,,,,,39,3,0,3,49,0,49,0.09,3577,42,25,67,2961,549,3510,6.73,1449,193,74,267,910,272,1182,2.27,268,0,1,1,0,267,267,0.51,1283,45,5,50,1190,43,1233,2.36,6577,280,105,385,5061,1131,6192,11.87,204,53,18,71,92,42,134,0.26,22,0,0,0,21,4,25,0.05,1935,393,218,611,990,554,1544,2.96,95,7,0,7,83,23,106,0.20,3,0,0,0,3,1,4,0.01,1374,160,97,257,736,385,1121,2.15,111,37,17,54,38,19,57,0.11,3518,597,332,929,1850,982,2832,5.43,,,,,,,,,0,0,0,0,0,0,0,0.00,76,5,0,5,54,22,76,0.15,39561,29855,5837,35692,8779,1483,10262,19.68,66,1,0,1,58,9,67,0.13,7297,2280,285,2565,4153,599,4752,9.11,46924,32136,6122,38258,12990,2091,15081,28.92,,,,,,,,,11598,277,70,347,8621,2648,11269,21.61,2610,2,4,6,1998,607,2605,5.00,86083,33969,7034,41003,38401,13745,52146,21.62,52.77
STATES:,16,MANIPUR,0,0,0,0,0,0,0,0.00,0,0,0,0,0,0,0,0.00,0,0,0,0,0,0,0,0.00,0,0,0,0,0,0,0,0.00,0,0,0,0,0,0,0,0.00,2,0,0,0,1,1,2,0.87,2,0,0,0,1,1,2,0.87,0,0,0,0,0,0,0,0.00,11,0,0,0,10,1,11,4.78,11,0,0,0,10,1,11,4.78,5,0,0,0,6,0,6,2.61,2,8,0,8,3,1,4,1.74,0,0,0,0,0,0,0,0.00,2,8,0,8,3,1,4,1.74,1,0,0,0,1,0,1,0.43,2,0,0,0,2,0,2,0.87,3,0,0,0,3,0,3,1.30,0,0,0,0,0,0,0,0.00,0,0,0,0,0,0,0,0.00,0,0,0,0,0,0,0,0.00,1,0,0,0,1,0,1,0.43,0,0,0,0,0,0,0,0.00,1,0,0,0,1,0,1,0.43,,,,,,,,,6,0,0,0,6,0,6,2.61,9,0,0,0,8,1,9,3.91,2,0,0,0,1,1,2,0.87,0,0,0,0,0,0,0,0.00,2,0,0,0,2,0,2,0.87,13,0,0,0,11,2,13,5.65,0,0,0,0,0,0,0,0.00,0,0,0,0,0,0,0,0.00,0,0,0,0,0,0,0,0.00,0,0,0,0,0,0,0,0.00,0,0,0,0,0,0,0,0.00,0,0,0,0,0,0,0,0.00,5,0,0,0,5,0,5,2.17,5,0,0,0,5,0,5,2.17,,,,,,,,,0,0,0,0,0,0,0,0.00,1,0,0,0,1,0,1,0.43,520,723,183,906,92,28,120,52.17,0,0,0,0,0,0,0,0.00,0,0,0,0,0,0,0,0.00,520,723,183,906,92,28,120,52.17,,,,,,,,,10,0,0,0,9,1,10,4.35,48,0,0,0,42,6,48,20.87,627,731,183,914,190,40,230,0.10,9.41
STATES:,17,MEGHALAYA,0,0,0,0,0,0,0,0.00,0,0,0,0,0,0,0,0.00,2,0,0,0,0,2,2,0.83,0,0,0,0,0,0,0,0.00,0,0,0,0,0,0,0,0.00,4,0,0,0,6,0,6,2.50,6,0,0,0,6,2,8,3.33,0,0,0,0,0,0,0,0.00,30,2,1,3,19,8,27,11.25,30,2,1,3,19,8,27,11.25,5,0,0,0,5,0,5,2.08,1,0,0,0,1,0,1,0.42,0,0,0,0,0,0,0,0.00,1,0,0,0,1,0,1,0.42,9,0,0,0,9,1,10,4.17,0,0,0,0,0,0,0,0.00,9,0,0,0,9,1,10,4.17,0,0,0,0,0,0,0,0.00,0,0,0,0,0,0,0,0.00,0,0,0,0,0,0,0,0.00,1,0,0,0,0,1,1,0.42,9,0,0,0,5,4,9,3.75,10,0,0,0,5,5,10,4.17,,,,,,,,,2,0,0,0,2,0,2,0.83,5,0,0,0,5,0,5,2.08,2,0,0,0,2,0,2,0.83,0,0,0,0,0,0,0,0.00,3,0,0,0,3,0,3,1.25,10,0,0,0,10,0,10,4.17,4,0,0,0,4,0,4,1.67,1,0,0,0,1,0,1,0.42,0,0,0,0,0,0,0,0.00,0,0,0,0,0,0,0,0.00,0,0,0,0,0,0,0,0.00,0,0,0,0,0,0,0,0.00,0,0,0,0,0,0,0,0.00,0,0,0,0,0,0,0,0.00,,,,,,,,,0,0,0,0,0,0,0,0.00,0,0,0,0,0,0,0,0.00,465,267,59,326,113,12,125,52.08,0,0,0,0,0,0,0,0.00,0,0,0,0,0,0,0,0.00,465,267,59,326,113,12,125,52.08,,,,,,,,,1,0,0,0,1,0,1,0.42,35,0,0,0,35,1,36,15.00,579,269,60,329,211,29,240,0.10,10.18
STATES:,18,MIZORAM,0,0,0,0,0,0,0,0.00,2,0,0,0,2,0,2,1.60,0,0,0,0,0,0,0,0.00,0,0,0,0,0,0,0,0.00,0,0,0,0,0,0,0,0.00,0,0,0,0,0,0,0,0.00,2,0,0,0,2,0,2,1.60,0,0,0,0,0,0,0,0.00,23,0,0,0,21,2,23,18.40,23,0,0,0,21,2,23,18.40,7,0,0,0,7,0,7,5.60,0,0,0,0,0,0,0,0.00,0,0,0,0,0,0,0,0.00,0,0,0,0,0,0,0,0.00,15,0,0,0,14,1,15,12.00,1,0,0,0,1,0,1,0.80,16,0,0,0,15,1,16,12.80,1,0,0,0,0,1,1,0.80,0,0,0,0,0,0,0,0.00,0,0,0,0,0,0,0,0.00,1,0,0,0,0,3,3,2.40,0,0,0,0,0,0,0,0.00,1,0,0,0,0,3,3,2.40,,,,,,,,,1,0,0,0,0,1,1,0.80,0,0,0,0,0,0,0,0.00,0,0,0,0,0,0,0,0.00,0,0,0,0,0,0,0,0.00,1,0,0,0,1,0,1,0.80,1,0,0,0,1,0,1,0.80,0,0,0,0,0,0,0,0.00,0,0,0,0,0,0,0,0.00,0,0,0,0,0,0,0,0.00,0,0,0,0,0,0,0,0.00,0,0,0,0,0,0,0,0.00,0,0,0,0,0,0,0,0.00,0,0,0,0,0,0,0,0.00,0,0,0,0,0,0,0,0.00,,,,,,,,,0,0,0,0,0,0,0,0.00,0,0,0,0,0,0,0,0.00,41,149,35,184,41,9,50,40.00,0,0,0,0,0,0,0,0.00,0,0,0,0,0,0,0,0.00,41,149,35,184,41,9,50,40.00,,,,,,,,,20,0,0,0,18,3,21,16.80,0,0,0,0,0,0,0,0.00,113,149,35,184,105,20,125,0.05,13.74
STATES:,19,NAGALAND,0,0,0,0,0,0,0,0.00,0,0,0,0,0,0,0,0.00,0,0,0,0,0,0,0,0.00,0,0,0,0,0,0,0,0.00,0,0,0,0,0,0,0,0.00,0,0,0,0,0,0,0,0.00,0,0,0,0,0,0,0,0.00,0,0,0,0,0,0,0,0.00,3,0,0,0,2,1,3,5.17,3,0,0,0,2,1,3,5.17,2,0,0,0,2,0,2,3.45,1,0,0,0,1,0,1,1.72,0,0,0,0,0,0,0,0.00,1,0,0,0,1,0,1,1.72,2,0,0,0,2,0,2,3.45,1,0,0,0,1,0,1,1.72,3,0,0,0,3,0,3,5.17,0,0,0,0,0,0,0,0.00,0,0,0,0,0,0,0,0.00,0,0,0,0,0,0,0,0.00,0,0,0,0,0,0,0,0.00,0,0,0,0,0,0,0,0.00,0,0,0,0,0,0,0,0.00,,,,,,,,,5,0,0,0,5,0,5,8.62,0,0,0,0,0,0,0,0.00,0,0,0,0,0,0,0,0.00,0,0,0,0,0,0,0,0.00,0,0,0,0,0,0,0,0.00,0,0,0,0,0,0,0,0.00,0,0,0,0,0,0,0,0.00,0,0,0,0,0,0,0,0.00,0,0,0,0,0,0,0,0.00,0,0,0,0,0,0,0,0.00,0,0,0,0,0,0,0,0.00,0,0,0,0,0,0,0,0.00,0,0,0,0,0,0,0,0.00,0,0,0,0,0,0,0,0.00,,,,,,,,,0,0,0,0,0,0,0,0.00,0,0,0,0,0,0,0,0.00,34,9,3,12,35,3,38,65.52,0,0,0,0,0,0,0,0.00,6,0,0,0,5,1,6,10.34,40,9,3,12,40,4,44,75.86,,,,,,,,,0,0,0,0,0,0,0,0.00,0,0,0,0,0,0,0,0.00,54,9,3,12,53,5,58,0.02,2.83
STATES:,20,ORISSA,0,0,0,0,0,0,0,0.00,6,0,0,0,6,2,8,0.12,1,0,0,0,1,0,1,0.02,0,0,0,0,0,0,0,0.00,0,0,0,0,0,0,0,0.00,30,0,0,0,24,6,30,0.46,37,0,0,0,31,8,39,0.60,28,6,1,7,16,6,22,0.34,372,9,5,14,258,103,361,5.56,400,15,6,21,274,109,383,5.89,155,0,0,0,133,25,158,2.43,2,0,0,0,2,0,2,0.03,1,0,0,0,0,2,2,0.03,3,0,0,0,2,2,4,0.06,319,22,10,32,228,60,288,4.43,8,0,0,0,3,5,8,0.12,327,22,10,32,231,65,296,4.56,12,1,0,1,8,3,11,0.17,0,0,0,0,0,0,0,0.00,60,1,0,1,50,10,60,0.92,74,0,0,0,13,61,74,1.14,139,1,3,4,59,86,145,2.23,273,2,3,5,122,157,279,4.29,,,,,,,,,6,0,0,0,6,1,7,0.11,92,14,0,14,63,17,80,1.23,41,0,0,0,32,9,41,0.63,11,0,0,0,0,11,11,0.17,37,0,0,0,30,7,37,0.57,181,14,0,14,125,44,169,2.60,60,0,0,0,40,21,61,0.94,235,14,5,19,146,70,216,3.32,180,7,2,9,116,77,193,2.97,4,0,0,0,3,1,4,0.06,3,0,0,0,2,1,3,0.05,414,2,1,3,294,121,415,6.39,360,0,0,0,258,106,364,5.60,961,9,3,12,673,306,979,15.07,,,,,,,,,0,0,0,0,0,0,0,0.00,69,0,0,0,64,6,70,1.08,6850,7323,1415,8738,1825,300,2125,32.70,6,0,0,0,6,0,6,0.09,341,0,0,0,287,57,344,5.29,7197,7323,1415,8738,2118,357,2475,38.09,,,,,,,,,382,0,0,0,280,115,395,6.08,983,29,16,45,663,293,956,14.71,11281,7429,1458,8887,4916,1582,6498,2.69,17.40
STATES:,21,PUNJAB,2,0,2,2,0,0,0,0.00,18,3,2,5,9,4,13,0.25,2,0,0,0,1,1,2,0.04,0,0,0,0,0,0,0,0.00,1,0,0,0,0,1,1,0.02,49,0,26,26,21,2,23,0.45,70,3,28,31,31,8,39,0.76,0,0,0,0,0,0,0,0.00,298,0,0,0,262,36,298,5.83,298,0,0,0,262,36,298,5.83,152,0,0,0,142,10,152,2.97,1,0,0,0,1,0,1,0.02,3,0,0,0,3,0,3,0.06,4,0,0,0,4,0,4,0.08,67,0,0,0,61,6,67,1.31,15,0,0,0,14,1,15,0.29,82,0,0,0,75,7,82,1.60,50,3,0,3,40,7,47,0.92,8,0,0,0,5,3,8,0.16,64,0,0,0,58,6,64,1.25,169,0,4,4,34,131,165,3.23,25,0,0,0,20,5,25,0.49,266,0,4,4,117,145,262,5.13,,,,,,,,,261,0,0,0,232,29,261,5.11,44,0,0,0,38,6,44,0.86,3,0,0,0,0,3,3,0.06,101,0,0,0,0,101,101,1.98,6,0,0,0,6,0,6,0.12,154,0,0,0,44,110,154,3.01,6,0,0,0,3,3,6,0.12,12,6,0,6,0,6,6,0.12,141,0,0,0,111,30,141,2.76,190,2,1,3,147,40,187,3.66,2,0,0,0,2,0,2,0.04,23,0,0,0,19,4,23,0.45,271,0,0,0,205,66,271,5.30,627,2,1,3,484,140,624,12.21,,,,,,,,,25,0,0,0,22,3,25,0.49,1930,1235,205,1440,309,181,490,9.59,1508,0,0,0,1435,173,1608,31.47,17,0,0,0,12,5,17,0.33,371,0,0,0,340,31,371,7.26,1896,0,0,0,1787,209,1996,39.06,,,,,,,,,664,0,0,0,551,113,664,12.99,0,0,0,0,0,0,0,0.00,6499,1249,240,1489,4103,1007,5110,2.12,20.63
STATES:,22,RAJASTHAN,0,0,0,0,0,0,0,0.00,42,0,0,0,36,6,42,0.30,10,0,0,0,6,4,10,0.07,0,0,0,0,0,0,0,0.00,3,12,0,12,3,0,3,0.02,49,0,8,8,40,13,53,0.38,104,12,8,20,85,23,108,0.77,0,0,0,0,0,0,0,0.00,1096,0,0,0,773,368,1141,8.13,1096,0,0,0,773,368,1141,8.13,354,1,0,1,321,44,365,2.60,27,9,1,10,23,4,27,0.19,19,0,0,0,14,7,21,0.15,46,9,1,10,37,11,48,0.34,471,0,0,0,371,101,472,3.36,128,0,0,0,104,26,130,0.93,599,0,0,0,475,127,602,4.29,46,0,0,0,39,7,46,0.33,3,0,0,0,3,0,3,0.02,13,0,0,0,6,9,15,0.11,124,1,2,3,31,92,123,0.88,634,0,0,0,320,335,655,4.66,774,1,2,3,360,436,796,5.67,,,,,,,,,10,0,0,0,10,0,10,0.07,355,0,0,0,306,49,355,2.53,197,0,0,0,164,33,197,1.40,24,0,0,0,0,24,24,0.17,198,0,0,0,198,1,199,1.42,774,0,0,0,668,107,775,5.52,36,0,0,0,25,11,36,0.26,92,0,0,0,74,23,97,0.69,871,2,0,2,550,324,874,6.22,0,0,0,0,0,0,0,0.00,0,0,0,0,0,0,0,0.00,108,2,0,2,67,42,109,0.78,172,0,0,0,126,47,173,1.23,1151,4,0,4,743,413,1156,8.23,,,,,,,,,0,0,0,0,0,0,0,0.00,181,0,0,0,133,56,189,1.35,20571,22894,4225,27119,4712,823,5535,39.42,17,0,0,0,12,5,17,0.12,232,0,0,0,198,36,234,1.67,20820,22894,4225,27119,4922,864,5786,41.20,,,,,,,,,1568,0,0,0,1259,454,1713,12.20,1171,0,0,0,892,282,1174,8.36,28822,22921,4236,27157,10816,3226,14042,5.82,24.16
STATES:,23,SIKKIM,0,0,0,0,0,0,0,0.00,0,0,0,0,0,0,0,0.00,1,1,0,1,1,0,1,0.63,0,0,0,0,0,0,0,0.00,0,0,0,0,0,0,0,0.00,4,0,0,0,7,0,7,4.38,5,1,0,1,8,0,8,5.00,0,0,0,0,0,0,0,0.00,13,3,1,4,12,1,13,8.13,13,3,1,4,12,1,13,8.13,0,0,0,0,0,0,0,0.00,0,0,0,0,0,0,0,0.00,1,1,0,1,1,0,1,0.63,1,1,0,1,1,0,1,0.63,20,4,1,5,18,2,20,12.50,0,0,0,0,0,0,0,0.00,20,4,1,5,18,2,20,12.50,0,0,0,0,0,0,0,0.00,0,0,0,0,0,0,0,0.00,0,0,0,0,0,0,0,0.00,3,0,2,2,1,2,3,1.88,1,1,1,2,0,1,1,0.63,4,1,3,4,1,3,4,2.50,,,,,,,,,5,1,1,2,3,0,3,1.88,2,0,0,0,2,0,2,1.25,1,0,0,0,1,0,1,0.63,0,0,0,0,0,0,0,0.00,8,0,0,0,8,0,8,5.00,11,0,0,0,11,0,11,6.88,0,0,0,0,0,0,0,0.00,0,0,0,0,0,0,0,0.00,12,0,0,0,3,0,3,1.88,0,0,0,0,0,0,0,0.00,1,1,0,1,1,0,1,0.63,1,0,0,0,1,0,1,0.63,1,0,0,0,1,0,1,0.63,15,1,0,1,6,0,6,3.75,,,,,,,,,0,0,0,0,0,0,0,0.00,0,0,0,0,0,0,0,0.00,351,244,106,350,35,20,55,34.38,0,0,0,0,0,0,0,0.00,0,0,0,0,0,0,0,0.00,351,244,106,350,35,20,55,34.38,,,,,,,,,24,0,0,0,21,5,26,16.25,9,0,0,0,9,4,13,8.13,458,256,112,368,125,35,160,0.07,28.93
STATES:,24,TAMIL NADU,1,0,0,0,1,1,2,0.01,107,41,6,47,35,25,60,0.31,69,5,2,7,50,12,62,0.32,0,0,0,0,0,0,0,0.00,7,0,0,0,5,2,7,0.04,186,16,14,30,136,23,159,0.81,369,62,22,84,226,62,288,1.47,52,0,0,0,53,12,65,0.33,686,5,1,6,525,196,721,3.69,738,5,1,6,578,208,786,4.02,317,12,2,14,276,32,308,1.58,4,0,0,0,4,0,4,0.02,75,0,15,15,51,26,77,0.39,79,0,15,15,55,26,81,0.41,407,28,2,30,350,58,408,2.09,24,0,1,1,21,4,25,0.13,431,28,3,31,371,62,433,2.21,65,12,0,12,48,6,54,0.28,20,3,0,3,15,3,18,0.09,110,4,0,4,67,44,111,0.57,745,25,4,29,151,596,747,3.82,1151,18,54,72,390,819,1209,6.18,2026,50,58,108,623,1462,2085,10.67,,,,,,,,,11,5,0,5,10,1,11,0.06,542,8,0,8,459,99,558,2.85,195,3,9,12,145,51,196,1.00,16,0,0,0,0,16,16,0.08,115,1,0,1,111,3,114,0.58,868,12,9,21,715,169,884,4.52,46,3,2,5,38,4,42,0.21,40,3,1,4,30,6,36,0.18,140,2,1,3,96,69,165,0.84,0,0,0,0,0,0,0,0.00,51,0,0,0,21,24,45,0.23,353,1,0,1,252,100,352,1.80,1355,4,0,4,944,486,1430,7.31,1899,7,1,8,1313,679,1992,10.19,,,,,,,,,0,0,0,0,0,0,0,0.00,17,9,4,13,2,2,4,0.02,53503,46007,9118,55125,8431,1508,9939,50.84,216,185,30,215,9,2,11,0.06,0,0,0,0,0,0,0,0.00,53719,46192,9148,55340,8440,1510,9950,50.90,,,,,,,,,1921,0,0,0,1499,430,1929,9.87,651,11,5,16,348,316,664,3.40,63198,46411,9271,55682,14573,4976,19549,8.10,31.06
STATES:,25,TRIPURA,0,0,0,0,0,0,0,0.00,0,0,0,0,0,0,0,0.00,0,0,0,0,0,0,0,0.00,0,0,0,0,0,0,0,0.00,1,0,0,0,1,0,1,0.32,1,0,0,0,1,0,1,0.32,2,0,0,0,2,0,2,0.63,0,0,0,0,0,0,0,0.00,37,0,0,0,21,16,37,11.71,37,0,0,0,21,16,37,11.71,20,0,0,0,14,6,20,6.33,0,0,0,0,0,0,0,0.00,0,0,0,0,0,0,0,0.00,0,0,0,0,0,0,0,0.00,1,0,0,0,1,0,1,0.32,0,0,0,0,0,0,0,0.00,1,0,0,0,1,0,1,0.32,0,0,0,0,0,0,0,0.00,0,0,0,0,0,0,0,0.00,2,0,0,0,2,0,2,0.63,0,0,0,0,0,0,0,0.00,2,0,0,0,0,2,2,0.63,4,0,0,0,2,2,4,1.27,,,,,,,,,0,0,0,0,0,0,0,0.00,10,0,0,0,9,1,10,3.16,0,0,0,0,0,0,0,0.00,0,0,0,0,0,0,0,0.00,1,0,0,0,1,0,1,0.32,11,0,0,0,10,1,11,3.48,3,0,0,0,1,2,3,0.95,0,0,0,0,0,0,0,0.00,0,0,0,0,0,0,0,0.00,0,0,0,0,0,0,0,0.00,0,0,0,0,0,0,0,0.00,1,0,0,0,1,0,1,0.32,20,0,0,0,9,11,20,6.33,21,0,0,0,10,11,21,6.65,,,,,,,,,0,0,0,0,0,0,0,0.00,0,0,0,0,0,0,0,0.00,624,461,247,708,111,46,157,49.68,0,0,0,0,0,0,0,0.00,1,0,0,0,1,0,1,0.32,625,461,247,708,112,46,158,50.00,,,,,,,,,47,0,0,0,24,23,47,14.87,12,0,0,0,8,4,12,3.80,783,461,247,708,205,111,316,0.13,9.73
STATES:,26,UTTAR PRADESH,0,0,0,0,0,0,0,0.00,136,51,33,84,92,51,143,0.73,25,21,7,28,33,5,38,0.20,0,0,0,0,0,0,0,0.00,4,3,1,4,4,1,5,0.03,228,45,22,67,155,82,237,1.22,393,120,63,183,284,139,423,2.17,85,5,5,10,55,30,85,0.44,372,29,20,49,304,86,390,2.00,457,34,25,59,359,116,475,2.44,275,54,18,72,222,44,266,1.37,18,7,1,8,20,4,24,0.12,33,14,9,23,27,15,42,0.22,51,21,10,31,47,19,66,0.34,141,15,3,18,120,34,154,0.79,80,19,1,20,69,13,82,0.42,221,34,4,38,189,47,236,1.21,38,25,4,29,33,6,39,0.20,62,19,11,30,53,51,104,0.53,24,8,0,8,14,7,21,0.11,96,2,19,21,18,80,98,0.50,589,64,36,100,214,415,629,3.23,771,93,66,159,299,553,852,4.38,,,,,,,,,2017,958,97,1055,1415,164,1579,8.12,180,0,2,2,161,22,183,0.94,56,3,5,8,46,9,55,0.28,45,0,0,0,0,41,41,0.21,117,13,2,15,126,3,129,0.66,398,16,9,25,333,75,408,2.10,29,8,4,12,13,14,27,0.14,12,3,2,5,11,1,12,0.06,708,32,13,45,522,298,820,4.21,53,4,2,6,49,10,59,0.30,8,0,0,0,8,0,8,0.04,42,0,0,0,32,17,49,0.25,217,36,18,54,136,65,201,1.03,1028,72,33,105,747,390,1137,5.84,,,,,,,,,4,0,0,0,2,2,4,0.02,100,2,4,6,56,48,104,0.53,14457,9324,1767,11091,8141,1304,9445,48.55,293,39,5,44,238,47,285,1.46,1474,13,18,31,1560,295,1855,9.53,16224,9376,1790,11166,9939,1646,11585,59.54,,,,,,,,,899,307,70,377,886,206,1092,5.61,920,198,28,226,963,188,1151,5.92,23837,11321,2227,13548,15798,3658,19456,8.07,11.39
STATES:,27,UTTARANCHAL,0,0,0,0,0,0,0,0.00,3,0,0,0,3,0,3,0.22,0,0,0,0,0,0,0,0.00,0,0,0,0,0,0,0,0.00,0,0,0,0,0,0,0,0.00,7,3,2,5,14,3,17,1.23,10,3,2,5,17,3,20,1.45,0,0,0,0,0,0,0,0.00,50,0,0,0,44,11,55,3.99,50,0,0,0,44,11,55,3.99,18,0,0,0,18,3,21,1.53,0,0,0,0,0,0,0,0.00,0,0,0,0,0,0,0,0.00,0,0,0,0,0,0,0,0.00,36,1,0,1,29,7,36,2.61,11,0,0,0,11,2,13,0.94,47,1,0,1,40,9,49,3.56,6,0,0,0,5,1,6,0.44,0,0,0,0,0,0,0,0.00,1,0,0,0,1,0,1,0.07,14,0,0,0,1,14,15,1.09,33,0,0,0,10,23,33,2.40,48,0,0,0,12,37,49,3.56,,,,,,,,,48,16,1,17,33,2,35,2.54,42,0,0,0,38,4,42,3.05,3,1,0,1,2,0,2,0.15,5,0,0,0,0,5,5,0.36,15,0,0,0,20,0,20,1.45,65,1,0,1,60,9,69,5.01,12,0,0,0,12,5,17,1.23,0,0,0,0,0,0,0,0.00,128,1,0,1,66,61,127,9.22,0,0,0,0,0,0,0,0.00,0,0,0,0,0,0,0,0.00,0,0,0,0,0,0,0,0.00,16,0,0,0,12,4,16,1.16,144,1,0,1,78,65,143,10.38,,,,,,,,,0,0,0,0,0,0,0,0.00,7,0,0,0,7,0,7,0.51,1117,1052,202,1254,614,91,705,51.20,0,0,0,0,0,0,0,0.00,51,10,4,14,46,5,51,3.70,1168,1062,206,1268,660,96,756,54.90,,,,,,,,,39,0,0,0,44,1,45,3.27,91,5,0,5,89,16,105,7.63,1753,1089,209,1298,1119,258,1377,0.57,15.87
STATES:,28,WEST BENGAL,0,0,0,0,0,0,0,0.00,10,4,2,6,5,3,8,0.06,1,1,0,1,1,0,1,0.01,0,0,0,0,0,0,0,0.00,0,0,0,0,0,0,0,0.00,19,8,2,10,13,1,14,0.11,30,13,4,17,19,4,23,0.18,42,17,2,19,43,21,64,0.49,426,17,7,24,301,123,424,3.24,468,34,9,43,344,144,488,3.73,109,4,2,6,86,23,109,0.83,43,33,8,41,21,2,23,0.18,64,18,13,31,36,12,48,0.37,107,51,21,72,57,14,71,0.54,146,22,7,29,101,35,136,1.04,10,1,1,2,7,2,9,0.07,156,23,8,31,108,37,145,1.11,10,5,2,7,4,0,4,0.03,30,24,15,39,2,3,5,0.04,36,8,8,16,17,6,23,0.18,96,12,39,51,9,54,63,0.48,1040,65,63,128,289,671,960,7.34,1202,109,125,234,317,734,1051,8.04,,,,,,,,,27,7,0,7,21,0,21,0.16,419,45,30,75,261,85,346,2.65,68,14,10,24,29,19,48,0.37,24,0,8,8,0,16,16,0.12,88,24,14,38,56,7,63,0.48,599,83,62,145,346,127,473,3.62,29,4,2,6,19,9,28,0.21,5,0,0,0,5,0,5,0.04,257,33,28,61,121,112,233,1.78,0,0,0,0,0,0,0,0.00,0,0,0,0,0,0,0,0.00,167,7,4,11,97,61,158,1.21,1171,82,38,120,606,529,1135,8.68,1595,122,70,192,824,702,1526,11.67,,,,,,,,,0,0,0,0,0,0,0,0.00,3,8,0,8,4,0,4,0.03,11237,9373,3273,12646,2989,1150,4139,31.66,3,5,5,10,12,2,14,0.11,2535,31,28,59,1919,584,2503,19.14,13775,9409,3306,12715,4920,1736,6656,50.91,,,,,,,,,802,77,38,115,480,212,692,5.29,1846,370,153,523,1063,716,1779,13.61,20763,10319,3802,14121,8617,4458,13075,5.42,16.00
STATES:,,TOTAL (STATES):,10,0,2,2,36,1,37,0.02,740,139,77,216,456,231,687,0.29,205,61,27,88,167,43,210,0.09,15,2,0,2,6,8,14,0.01,42,18,3,21,33,9,42,0.02,1224,109,91,200,884,322,1206,0.51,2226,329,198,527,1546,613,2159,0.92,435,36,13,49,404,145,549,0.23,18729,193,83,276,13189,5832,19021,8.11,19164,229,96,325,13593,5977,19570,8.34,5213,168,57,225,4440,735,5175,2.21,406,859,123,982,236,30,266,0.11,335,79,55,134,232,114,346,0.15,741,938,178,1116,468,144,612,0.26,6475,386,83,469,5268,951,6219,2.65,1262,50,9,59,1014,237,1251,0.53,7737,436,92,528,6282,1188,7470,3.18,762,163,28,191,515,109,624,0.27,253,86,36,122,157,105,262,0.11,984,35,17,52,760,199,959,0.41,3666,101,177,278,756,2794,3550,1.51,16164,482,544,1026,4765,10839,15604,6.65,21067,704,774,1478,6438,13937,20375,8.69,,,,,,,,,3238,1595,208,1803,2245,315,2560,1.09,8512,119,63,182,7138,1255,8393,3.58,2794,219,100,319,1920,581,2501,1.07,670,0,11,11,0,655,655,0.28,3057,91,22,113,2855,137,2992,1.28,15033,429,196,625,11913,2628,14541,6.20,827,80,28,108,537,213,750,0.32,638,30,8,38,447,177,624,0.27,8005,538,317,855,4743,2918,7661,3.27,797,16,6,22,592,225,817,0.35,116,1,0,1,72,47,119,0.05,6402,215,143,358,3947,2146,6093,2.60,6986,188,86,274,4570,2394,6964,2.97,22306,958,552,1510,13924,7730,21654,9.23,,,,,,,,,43,1,0,1,33,10,43,0.02,2916,1264,213,1477,1022,454,1476,0.63,318430,290449,66591,357040,67149,12585,79734,33.99,1211,415,125,540,810,194,1004,0.43,18250,2415,407,2822,13644,2440,16084,6.86,337891,293279,67123,360402,81603,15219,96822,41.28,,,,,,,,,25357,845,275,1120,19361,5983,25344,10.81,14678,659,218,877,10687,4027,14714,6.27,479847,302107,70246,372353,175090,59460,234550,97.24,22.69
UNION TERRITORIES:,29,A & N ISLANDS,0,0,0,0,0,0,0,0.00,0,0,0,0,0,0,0,0.00,0,0,0,0,0,0,0,0.00,0,0,0,0,0,0,0,0.00,0,0,0,0,0,0,0,0.00,0,0,0,0,0,0,0,0.00,0,0,0,0,0,0,0,0.00,0,0,0,0,0,0,0,0.00,26,0,0,0,23,5,28,15.73,26,0,0,0,23,5,28,15.73,6,0,0,0,6,1,7,3.93,0,0,0,0,0,0,0,0.00,0,0,0,0,0,0,0,0.00,0,0,0,0,0,0,0,0.00,12,0,0,0,12,1,13,7.30,0,0,0,0,0,0,0,0.00,12,0,0,0,12,1,13,7.30,0,0,0,0,0,0,0,0.00,0,0,0,0,0,0,0,0.00,0,0,0,0,0,0,0,0.00,0,0,0,0,0,0,0,0.00,21,0,0,0,3,18,21,11.80,21,0,0,0,3,18,21,11.80,,,,,,,,,0,0,0,0,0,0,0,0.00,18,0,0,0,17,1,18,10.11,0,0,0,0,0,0,0,0.00,1,0,0,0,0,1,1,0.56,15,0,0,0,15,0,15,8.43,34,0,0,0,32,2,34,19.10,2,0,0,0,2,0,2,1.12,1,0,0,0,1,0,1,0.56,0,0,0,0,0,0,0,0.00,0,0,0,0,0,0,0,0.00,0,0,0,0,0,0,0,0.00,0,0,0,0,0,0,0,0.00,0,0,0,0,0,0,0,0.00,0,0,0,0,0,0,0,0.00,,,,,,,,,0,0,0,0,0,0,0,0.00,0,0,0,0,0,0,0,0.00,168,196,47,243,19,2,21,11.80,0,0,0,0,0,0,0,0.00,0,0,0,0,0,0,0,0.00,168,196,47,243,19,2,21,11.80,,,,,,,,,49,0,0,0,38,11,49,27.53,2,0,0,0,1,1,2,1.12,321,196,47,243,137,41,178,0.07,48.77
UNION TERRITORIES:,30,CHANDIGARH,0,0,0,0,0,0,0,0.00,0,0,0,0,0,0,0,0.00,0,0,0,0,0,0,0,0.00,0,0,0,0,0,0,0,0.00,0,0,0,0,0,0,0,0.00,0,0,0,0,0,0,0,0.00,0,0,0,0,0,0,0,0.00,0,0,0,0,0,0,0,0.00,3,0,0,0,4,1,5,1.34,3,0,0,0,4,1,5,1.34,12,0,0,0,7,5,12,3.21,0,0,0,0,0,0,0,0.00,0,0,0,0,0,0,0,0.00,0,0,0,0,0,0,0,0.00,23,0,0,0,21,2,23,6.15,0,0,0,0,0,0,0,0.00,23,0,0,0,21,2,23,6.15,0,0,0,0,0,0,0,0.00,0,0,0,0,0,0,0,0.00,0,0,0,0,0,0,0,0.00,19,0,0,0,6,13,19,5.08,0,0,0,0,0,0,0,0.00,19,0,0,0,6,13,19,5.08,,,,,,,,,0,0,0,0,0,0,0,0.00,52,0,0,0,46,6,52,13.90,3,0,0,0,2,1,3,0.80,2,0,0,0,0,2,2,0.53,17,0,0,0,17,0,17,4.55,74,0,0,0,65,9,74,19.79,1,0,0,0,1,0,1,0.27,0,0,0,0,0,0,0,0.00,0,0,0,0,0,0,0,0.00,0,0,0,0,0,0,0,0.00,0,0,0,0,0,0,0,0.00,0,0,0,0,0,0,0,0.00,6,0,0,0,5,1,6,1.60,6,0,0,0,5,1,6,1.60,,,,,,,,,0,0,0,0,0,0,0,0.00,1,0,0,0,1,0,1,0.27,494,314,68,382,91,17,108,28.88,0,0,0,0,0,0,0,0.00,0,0,0,0,0,0,0,0.00,494,314,68,382,91,17,108,28.88,,,,,,,,,115,0,0,0,94,21,115,30.75,10,0,0,0,10,0,10,2.67,758,314,68,382,305,69,374,0.16,40.13
UNION TERRITORIES:,31,D & N HAVELI,0,0,0,0,0,0,0,0.00,0,0,0,0,0,0,0,0.00,0,0,0,0,0,0,0,0.00,0,0,0,0,0,0,0,0.00,0,0,0,0,0,0,0,0.00,0,0,0,0,0,0,0,0.00,0,0,0,0,0,0,0,0.00,0,0,0,0,0,0,0,0.00,10,0,0,0,7,3,10,9.35,10,0,0,0,7,3,10,9.35,5,0,0,0,4,1,5,4.67,0,0,0,0,0,0,0,0.00,0,0,0,0,0,0,0,0.00,0,0,0,0,0,0,0,0.00,8,0,0,0,8,0,8,7.48,0,0,0,0,0,0,0,0.00,8,0,0,0,8,0,8,7.48,0,0,0,0,0,0,0,0.00,0,0,0,0,0,0,0,0.00,0,0,0,0,0,0,0,0.00,0,0,0,0,0,0,0,0.00,9,0,0,0,3,6,9,8.41,9,0,0,0,3,6,9,8.41,,,,,,,,,0,0,0,0,0,0,0,0.00,6,0,0,0,5,1,6,5.61,0,0,0,0,0,0,0,0.00,1,0,0,0,0,1,1,0.93,1,0,0,0,1,0,1,0.93,8,0,0,0,6,2,8,7.48,2,0,0,0,1,1,2,1.87,0,0,0,0,0,0,0,0.00,0,0,0,0,0,0,0,0.00,0,0,0,0,0,0,0,0.00,0,0,0,0,0,0,0,0.00,3,0,0,0,2,1,3,2.80,0,0,0,0,0,0,0,0.00,3,0,0,0,2,1,3,2.80,,,,,,,,,0,0,0,0,0,0,0,0.00,0,0,0,0,0,0,0,0.00,80,83,15,98,27,5,32,29.91,0,0,0,0,0,0,0,0.00,0,0,0,0,0,0,0,0.00,80,83,15,98,27,5,32,29.91,,,,,,,,,24,0,0,0,18,6,24,22.43,6,0,0,0,5,1,6,5.61,155,83,15,98,81,26,107,0.04,46.93
UNION TERRITORIES:,32,DAMAN & DIU,0,0,0,0,0,0,0,0.00,0,0,0,0,0,0,0,0.00,0,0,0,0,0,0,0,0.00,0,0,0,0,0,0,0,0.00,0,0,0,0,0,0,0,0.00,0,0,0,0,0,0,0,0.00,0,0,0,0,0,0,0,0.00,0,0,0,0,0,0,0,0.00,13,0,0,0,14,0,14,15.56,13,0,0,0,14,0,14,15.56,4,0,0,0,4,0,4,4.44,0,0,0,0,0,0,0,0.00,0,0,0,0,0,0,0,0.00,0,0,0,0,0,0,0,0.00,6,0,0,0,6,0,6,6.67,2,0,0,0,2,0,2,2.22,8,0,0,0,8,0,8,8.89,3,0,0,0,3,0,3,3.33,0,0,0,0,0,0,0,0.00,0,0,0,0,0,0,0,0.00,0,0,0,0,0,0,0,0.00,7,0,0,0,1,6,7,7.78,7,0,0,0,1,6,7,7.78,,,,,,,,,0,0,0,0,0,0,0,0.00,5,0,0,0,5,0,5,5.56,2,0,0,0,2,0,2,2.22,0,0,0,0,0,0,0,0.00,1,0,0,0,1,0,1,1.11,8,0,0,0,8,0,8,8.89,0,0,0,0,0,0,0,0.00,0,0,0,0,0,0,0,0.00,0,0,0,0,0,0,0,0.00,0,0,0,0,0,0,0,0.00,0,0,0,0,0,0,0,0.00,0,0,0,0,0,0,0,0.00,0,0,0,0,0,0,0,0.00,0,0,0,0,0,0,0,0.00,,,,,,,,,0,0,0,0,0,0,0,0.00,0,0,0,0,0,0,0,0.00,68,52,6,58,16,2,18,20.00,0,0,0,0,0,0,0,0.00,0,0,0,0,0,0,0,0.00,68,52,6,58,16,2,18,20.00,,,,,,,,,28,0,0,0,26,2,28,31.11,0,0,0,0,0,0,0,0.00,139,52,6,58,80,10,90,0.04,54.88
UNION TERRITORIES:,33,DELHI (UT),0,0,0,0,0,0,0,0.00,10,3,2,5,7,2,9,0.17,5,13,2,15,11,2,13,0.25,0,0,0,0,0,0,0,0.00,0,0,0,0,0,0,0,0.00,25,7,1,8,24,7,31,0.59,40,23,5,28,42,11,53,1.00,0,0,0,0,0,0,0,0.00,144,0,0,0,131,14,145,2.74,144,0,0,0,131,14,145,2.74,135,9,1,10,112,29,141,2.66,2,1,0,1,0,0,0,0.00,16,29,7,36,21,3,24,0.45,18,30,7,37,21,3,24,0.45,224,18,1,19,200,36,236,4.46,25,0,0,0,20,7,27,0.51,249,18,1,19,220,43,263,4.97,160,108,11,119,43,4,47,0.89,4,2,0,2,2,0,2,0.04,25,1,0,1,23,11,34,0.64,144,7,6,13,41,109,150,2.84,332,14,15,29,112,236,348,6.58,505,24,21,45,178,356,534,10.09,,,,,,,,,55,16,2,18,24,13,37,0.70,207,0,1,1,188,18,206,3.89,27,1,1,2,22,3,25,0.47,23,0,1,1,0,22,22,0.42,98,1,0,1,98,0,98,1.85,355,2,3,5,308,43,351,6.63,5,0,0,0,4,1,5,0.09,0,0,0,0,0,0,0,0.00,111,3,1,4,76,31,107,2.02,36,18,0,18,18,0,18,0.34,0,0,0,0,0,0,0,0.00,9,1,0,1,8,0,8,0.15,65,6,0,6,42,19,61,1.15,221,28,1,29,144,50,194,3.67,,,,,,,,,1,0,1,1,0,1,1,0.02,4,0,0,0,3,1,4,0.08,8710,6977,913,7890,1576,192,1768,33.42,7,0,0,0,6,1,7,0.13,818,15,0,15,721,82,803,15.18,9535,6992,913,7905,2303,275,2578,48.72,,,,,,,,,217,6,0,6,183,53,236,4.46,583,15,3,18,578,100,678,12.81,12227,7271,969,8240,4294,997,5291,2.19,36.79
UNION TERRITORIES:,34,LAKSHADWEEP,0,0,0,0,0,0,0,0.00,0,0,0,0,0,0,0,0.00,0,0,0,0,0,0,0,0.00,0,0,0,0,0,0,0,0.00,0,0,0,0,0,0,0,0.00,0,0,0,0,0,0,0,0.00,0,0,0,0,0,0,0,0.00,0,0,0,0,0,0,0,0.00,2,0,0,0,2,0,2,66.67,2,0,0,0,2,0,2,66.67,0,0,0,0,0,0,0,0.00,0,0,0,0,0,0,0,0.00,0,0,0,0,0,0,0,0.00,0,0,0,0,0,0,0,0.00,0,0,0,0,0,0,0,0.00,0,0,0,0,0,0,0,0.00,0,0,0,0,0,0,0,0.00,0,0,0,0,0,0,0,0.00,0,0,0,0,0,0,0,0.00,0,0,0,0,0,0,0,0.00,0,0,0,0,0,0,0,0.00,1,0,0,0,0,1,1,33.33,1,0,0,0,0,1,1,33.33,,,,,,,,,0,0,0,0,0,0,0,0.00,0,0,0,0,0,0,0,0.00,0,0,0,0,0,0,0,0.00,0,0,0,0,0,0,0,0.00,0,0,0,0,0,0,0,0.00,0,0,0,0,0,0,0,0.00,0,0,0,0,0,0,0,0.00,0,0,0,0,0,0,0,0.00,0,0,0,0,0,0,0,0.00,0,0,0,0,0,0,0,0.00,0,0,0,0,0,0,0,0.00,0,0,0,0,0,0,0,0.00,0,0,0,0,0,0,0,0.00,0,0,0,0,0,0,0,0.00,,,,,,,,,0,0,0,0,0,0,0,0.00,0,0,0,0,0,0,0,0.00,0,0,0,0,0,0,0,0.00,0,0,0,0,0,0,0,0.00,0,0,0,0,0,0,0,0.00,0,0,0,0,0,0,0,0.00,,,,,,,,,0,0,0,0,0,0,0,0.00,0,0,0,0,0,0,0,0.00,3,0,0,0,2,1,3,0.00,4.84
UNION TERRITORIES:,35,PONDICHERRY,0,0,0,0,0,0,0,0.00,1,0,0,0,1,0,1,0.16,0,0,0,0,0,0,0,0.00,0,0,0,0,0,0,0,0.00,0,0,0,0,0,0,0,0.00,3,0,0,0,2,1,3,0.48,4,0,0,0,3,1,4,0.65,1,0,0,0,1,0,1,0.16,78,0,0,0,63,15,78,12.58,79,0,0,0,64,15,79,12.74,17,0,0,0,14,3,17,2.74,0,0,0,0,0,0,0,0.00,0,0,0,0,0,0,0,0.00,0,0,0,0,0,0,0,0.00,41,0,0,0,35,6,41,6.61,0,0,0,0,0,0,0,0.00,41,0,0,0,35,6,41,6.61,0,0,0,0,0,0,0,0.00,0,0,0,0,0,0,0,0.00,0,0,0,0,0,0,0,0.00,1,0,0,0,1,0,1,0.16,36,0,0,0,4,33,37,5.97,37,0,0,0,5,33,38,6.13,,,,,,,,,0,0,0,0,0,0,0,0.00,64,0,0,0,58,6,64,10.32,49,0,0,0,41,8,49,7.90,1,0,0,0,0,1,1,0.16,100,0,0,0,100,0,100,16.13,214,0,0,0,199,15,214,34.52,0,0,0,0,0,0,0,0.00,0,0,0,0,0,0,0,0.00,9,0,0,0,1,8,9,1.45,0,0,0,0,0,0,0,0.00,0,0,0,0,0,0,0,0.00,18,0,0,0,13,5,18,2.90,2,0,0,0,1,1,2,0.32,29,0,0,0,15,14,29,4.68,,,,,,,,,0,0,0,0,0,0,0,0.00,0,0,0,0,0,0,0,0.00,1484,1261,310,1571,165,27,192,30.97,0,0,0,0,0,0,0,0.00,1,0,0,0,0,1,1,0.16,1485,1261,310,1571,165,28,193,31.13,,,,,,,,,5,0,0,0,4,1,5,0.81,0,0,0,0,0,0,0,0.00,1911,1261,310,1571,504,116,620,0.26,62.56
UNION TERRITORIES:,,TOTAL (UTs):,0,0,0,0,0,0,0,0.00,11,3,2,5,8,2,10,0.15,5,13,2,15,11,2,13,0.20,0,0,0,0,0,0,0,0.00,0,0,0,0,0,0,0,0.00,28,7,1,8,26,8,34,0.51,44,23,5,28,45,12,57,0.86,1,0,0,0,1,0,1,0.02,276,0,0,0,244,38,282,4.23,277,0,0,0,245,38,283,4.25,179,9,1,10,147,39,186,2.79,2,1,0,1,0,0,0,0.00,16,29,7,36,21,3,24,0.36,18,30,7,37,21,3,24,0.36,314,18,1,19,282,45,327,4.91,27,0,0,0,22,7,29,0.44,341,18,1,19,304,52,356,5.34,163,108,11,119,46,4,50,0.75,4,2,0,2,2,0,2,0.03,25,1,0,1,23,11,34,0.51,164,7,6,13,48,122,170,2.55,406,14,15,29,123,300,423,6.35,599,24,21,45,196,433,629,9.44,,,,,,,,,55,16,2,18,24,13,37,0.56,352,0,1,1,319,32,351,5.27,81,1,1,2,67,12,79,1.19,28,0,1,1,0,27,27,0.41,232,1,0,1,232,0,232,3.48,693,2,3,5,618,71,689,10.34,10,0,0,0,8,2,10,0.15,1,0,0,0,1,0,1,0.02,120,3,1,4,77,39,116,1.74,36,18,0,18,18,0,18,0.27,0,0,0,0,0,0,0,0.00,30,1,0,1,23,6,29,0.44,73,6,0,6,48,21,69,1.04,259,28,1,29,166,66,232,3.48,,,,,,,,,1,0,1,1,0,1,1,0.02,5,0,0,0,4,1,5,0.08,11004,8883,1359,10242,1894,245,2139,32.10,7,0,0,0,6,1,7,0.11,819,15,0,15,721,83,804,12.07,11830,8898,1359,10257,2621,329,2950,44.27,,,,,,,,,438,6,0,6,363,94,457,6.86,601,15,3,18,594,102,696,10.45,15514,9177,1415,10592,5403,1260,6663,2.76,38.91
UNION TERRITORIES:,,TOTAL (ALL INDIA):,10,0,2,2,36,1,37,0.02,751,142,79,221,464,233,697,0.29,210,74,29,103,178,45,223,0.09,15,2,0,2,6,8,14,0.01,42,18,3,21,33,9,42,0.02,1252,116,92,208,910,330,1240,0.51,2270,352,203,555,1591,625,2216,0.92,436,36,13,49,405,145,550,0.23,19005,193,83,276,13433,5870,19303,8.00,19441,229,96,325,13838,6015,19853,8.23,5392,177,58,235,4587,774,5361,2.22,408,860,123,983,236,30,266,0.11,351,108,62,170,253,117,370,0.15,759,968,185,1153,489,147,636,0.26,6789,404,84,488,5550,996,6546,2.71,1289,50,9,59,1036,244,1280,0.53,8078,454,93,547,6586,1240,7826,3.24,925,271,39,310,561,113,674,0.28,257,88,36,124,159,105,264,0.11,1009,36,17,53,783,210,993,0.41,3830,108,183,291,804,2916,3720,1.54,16570,496,559,1055,4888,11139,16027,6.64,21666,728,795,1523,6634,14370,21004,8.71,,,,,,,,,3293,1611,210,1821,2269,328,2597,1.08,8864,119,64,183,7457,1287,8744,3.63,2875,220,101,321,1987,593,2580,1.07,698,0,12,12,0,682,682,0.28,3289,92,22,114,3087,137,3224,1.34,15726,431,199,630,12531,2699,15230,6.31,837,80,28,108,545,215,760,0.32,639,30,8,38,448,177,625,0.26,8125,541,318,859,4820,2957,7777,3.22,833,34,6,40,610,225,835,0.35,116,1,0,1,72,47,119,0.05,6432,216,143,359,3970,2152,6122,2.54,7059,194,86,280,4618,2415,7033,2.92,22565,986,553,1539,14090,7796,21886,9.07,,,,,,,,,44,1,1,2,33,11,44,0.02,2921,1264,213,1477,1026,455,1481,0.61,329434,299332,67950,367282,69043,12830,81873,33.94,1218,415,125,540,816,195,1011,0.42,19069,2430,407,2837,14365,2523,16888,7.00,349721,302177,68482,370659,84224,15548,99772,41.36,,,,,,,,,25795,851,275,1126,19724,6077,25801,10.70,15279,674,221,895,11281,4129,15410,6.39,495361,311284,71661,382945,180493,60720,241213,100.00,22.96
CITIES:,36,AGRA,0,0,0,0,0,0,0,0.00,0,0,0,0,0,0,0,0.00,0,0,0,0,0,0,0,0.00,0,0,0,0,0,0,0,0.00,0,0,0,0,0,0,0,0.00,0,0,0,0,0,0,0,0.00,0,0,0,0,0,0,0,0.00,0,0,0,0,0,0,0,0.00,4,0,0,0,3,1,4,0.67,4,0,0,0,3,1,4,0.67,17,0,0,0,17,0,17,2.84,0,0,0,0,0,0,0,0.00,1,1,0,1,1,0,1,0.17,1,1,0,1,1,0,1,0.17,2,0,0,0,2,1,3,0.50,3,0,0,0,3,1,4,0.67,5,0,0,0,5,2,7,1.17,0,0,0,0,0,0,0,0.00,3,0,0,0,2,1,3,0.50,0,0,0,0,0,0,0,0.00,3,1,0,1,3,0,3,0.50,26,0,0,0,13,15,28,4.68,,,,,,,,,32,1,0,1,18,16,34,5.69,12,3,2,5,6,2,8,1.34,8,0,0,0,8,0,8,1.34,3,0,0,0,3,0,3,0.50,2,0,0,0,0,2,2,0.33,10,0,0,0,10,0,10,1.67,23,0,0,0,21,2,23,3.85,0,0,0,0,0,0,0,0.00,1,0,0,0,1,0,1,0.17,41,0,0,0,29,12,41,6.86,0,0,0,0,0,0,0,0.00,0,0,0,0,0,0,0,0.00,0,0,0,0,0,0,0,0.00,0,0,0,0,0,0,0,0.00,,,,,,,,,41,0,0,0,29,12,41,6.86,0,0,0,0,0,0,0,0.00,0,0,0,0,0,0,0,0.00,605,369,54,423,293,44,337,56.35,14,0,0,0,13,1,14,2.34,51,3,0,3,49,9,58,9.70,,,,,,,,,670,372,54,426,355,54,409,68.39,43,1,1,2,30,13,43,7.19,10,0,0,0,9,1,10,1.67,859,378,57,435,495,103,598,1.67,45.27
CITIES:,37,AHMEDABAD,0,0,0,0,0,0,0,0.00,7,0,0,0,5,2,7,0.70,1,0,0,0,1,0,1,0.10,0,0,0,0,0,0,0,0.00,0,0,0,0,0,0,0,0.00,12,0,0,0,12,0,12,1.20,20,0,0,0,18,2,20,2.00,0,0,0,0,0,0,0,0.00,83,0,0,0,73,10,83,8.30,83,0,0,0,73,10,83,8.30,12,0,0,0,10,2,12,1.20,1,0,0,0,1,0,1,0.10,2,0,0,0,2,0,2,0.20,3,0,0,0,3,0,3,0.30,56,0,0,0,27,29,56,5.60,10,0,0,0,8,2,10,1.00,66,0,0,0,35,31,66,6.60,4,0,0,0,4,0,4,0.40,2,0,0,0,1,1,2,0.20,22,0,0,0,20,2,22,2.20,108,0,0,0,16,92,108,10.80,161,0,0,0,56,105,161,16.10,,,,,,,,,293,0,0,0,93,200,293,29.30,0,0,0,0,0,0,0,0.00,62,0,0,0,58,4,62,6.20,34,0,0,0,25,9,34,3.40,1,0,0,0,0,1,1,0.10,0,0,0,0,0,0,0,0.00,97,0,0,0,83,14,97,9.70,0,0,0,0,0,0,0,0.00,1,0,0,0,1,0,1,0.10,2,0,0,0,1,1,2,0.20,4,0,0,0,3,1,4,0.40,0,0,0,0,0,0,0,0.00,5,0,0,0,3,2,5,0.50,37,0,0,0,28,9,37,3.70,,,,,,,,,48,0,0,0,35,13,48,4.80,1,0,0,0,1,0,1,0.10,0,0,0,0,0,0,0,0.00,37,0,0,0,30,7,37,3.70,20,0,0,0,14,6,20,2.00,16,0,0,0,12,4,16,1.60,,,,,,,,,73,0,0,0,56,17,73,7.30,147,0,0,0,117,30,147,14.70,152,0,0,0,121,31,152,15.20,1000,0,0,0,650,350,1000,2.80,22.13
CITIES:,38,ALLAHABAD,0,0,0,0,0,0,0,0.00,1,0,0,0,1,0,1,0.24,0,0,0,0,0,0,0,0.00,0,0,0,0,0,0,0,0.00,0,0,0,0,0,0,0,0.00,0,0,0,0,0,0,0,0.00,1,0,0,0,1,0,1,0.24,3,0,0,0,2,1,3,0.71,5,0,0,0,5,0,5,1.18,8,0,0,0,7,1,8,1.90,15,0,0,0,14,1,15,3.55,1,0,0,0,1,0,1,0.24,0,0,0,0,0,0,0,0.00,1,0,0,0,1,0,1,0.24,10,0,0,0,6,4,10,2.37,0,0,0,0,0,0,0,0.00,10,0,0,0,6,4,10,2.37,0,0,0,0,0,0,0,0.00,0,0,0,0,0,0,0,0.00,0,0,0,0,0,0,0,0.00,4,0,0,0,0,4,4,0.95,37,0,0,0,11,26,37,8.77,,,,,,,,,41,0,0,0,11,30,41,9.72,9,0,0,0,8,1,9,2.13,12,0,0,0,12,0,12,2.84,2,0,0,0,1,1,2,0.47,0,0,0,0,0,0,0,0.00,4,0,0,0,4,0,4,0.95,18,0,0,0,17,1,18,4.27,0,0,0,0,0,0,0,0.00,0,0,0,0,0,0,0,0.00,30,0,0,0,18,12,30,7.11,0,0,0,0,0,0,0,0.00,0,0,0,0,0,0,0,0.00,0,0,0,0,0,0,0,0.00,13,0,0,0,5,8,13,3.08,,,,,,,,,43,0,0,0,23,20,43,10.19,1,0,0,0,1,0,1,0.24,8,0,0,0,6,2,8,1.90,135,43,7,50,95,18,113,26.78,3,0,0,0,2,1,3,0.71,10,0,0,0,10,0,10,2.37,,,,,,,,,148,43,7,50,107,19,126,29.86,43,0,0,0,25,18,43,10.19,98,0,0,0,78,20,98,23.22,444,43,7,50,305,117,422,1.18,40.19
CITIES:,39,AMRITSAR,0,0,0,0,0,0,0,0.00,10,3,2,5,2,3,5,3.40,0,0,0,0,0,0,0,0.00,0,0,0,0,0,0,0,0.00,0,0,0,0,0,0,0,0.00,0,0,0,0,0,0,0,0.00,10,3,2,5,2,3,5,3.40,0,0,0,0,0,0,0,0.00,21,0,0,0,18,3,21,14.29,21,0,0,0,18,3,21,14.29,6,0,0,0,6,0,6,4.08,0,0,0,0,0,0,0,0.00,0,0,0,0,0,0,0,0.00,0,0,0,0,0,0,0,0.00,13,0,0,0,11,2,13,8.84,1,0,0,0,1,0,1,0.68,14,0,0,0,12,2,14,9.52,7,3,0,3,4,0,4,2.72,0,0,0,0,0,0,0,0.00,0,0,0,0,0,0,0,0.00,14,0,4,4,1,9,10,6.80,1,0,0,0,1,0,1,0.68,,,,,,,,,15,0,4,4,2,9,11,7.48,0,0,0,0,0,0,0,0.00,13,0,0,0,13,0,13,8.84,0,0,0,0,0,0,0,0.00,0,0,0,0,0,0,0,0.00,0,0,0,0,0,0,0,0.00,13,0,0,0,13,0,13,8.84,0,0,0,0,0,0,0,0.00,11,6,0,6,5,0,5,3.40,15,2,1,3,12,0,12,8.16,0,0,0,0,0,0,0,0.00,0,0,0,0,0,0,0,0.00,1,0,0,0,0,1,1,0.68,24,0,0,0,24,0,24,16.33,,,,,,,,,40,2,1,3,36,1,37,25.17,0,0,0,0,0,0,0,0.00,1,0,0,0,1,0,1,0.68,55,21,7,28,24,3,27,18.37,0,0,0,0,0,0,0,0.00,0,0,0,0,0,0,0,0.00,,,,,,,,,55,21,7,28,24,3,27,18.37,0,0,0,0,0,0,0,0.00,3,0,0,0,3,0,3,2.04,196,35,14,49,126,21,147,0.41,14.54
CITIES:,40,ASANSOL,0,0,0,0,0,0,0,0.00,0,0,0,0,0,0,0,0.00,0,0,0,0,0,0,0,0.00,0,0,0,0,0,0,0,0.00,0,0,0,0,0,0,0,0.00,0,0,0,0,0,0,0,0.00,0,0,0,0,0,0,0,0.00,0,0,0,0,0,0,0,0.00,6,0,0,0,0,6,6,2.96,6,0,0,0,0,6,6,2.96,0,0,0,0,0,0,0,0.00,0,0,0,0,0,0,0,0.00,0,0,0,0,0,0,0,0.00,0,0,0,0,0,0,0,0.00,0,0,0,0,0,0,0,0.00,0,0,0,0,0,0,0,0.00,0,0,0,0,0,0,0,0.00,0,0,0,0,0,0,0,0.00,0,0,0,0,0,0,0,0.00,0,0,0,0,0,0,0,0.00,0,0,0,0,0,0,0,0.00,129,0,0,0,17,112,129,63.55,,,,,,,,,129,0,0,0,17,112,129,63.55,1,0,0,0,1,0,1,0.49,0,0,0,0,0,0,0,0.00,0,0,0,0,0,0,0,0.00,0,0,0,0,0,0,0,0.00,0,0,0,0,0,0,0,0.00,0,0,0,0,0,0,0,0.00,0,0,0,0,0,0,0,0.00,0,0,0,0,0,0,0,0.00,31,0,0,0,16,15,31,15.27,0,0,0,0,0,0,0,0.00,0,0,0,0,0,0,0,0.00,0,0,0,0,0,0,0,0.00,10,2,3,5,8,2,10,4.93,,,,,,,,,41,2,3,5,24,17,41,20.20,0,0,0,0,0,0,0,0.00,0,0,0,0,0,0,0,0.00,83,52,6,58,24,2,26,12.81,0,0,0,0,0,0,0,0.00,0,0,0,0,0,0,0,0.00,,,,,,,,,83,52,6,58,24,2,26,12.81,0,0,0,0,0,0,0,0.00,0,0,0,0,0,0,0,0.00,260,54,9,63,66,137,203,0.57,18.61
CITIES:,41,BANGALORE,0,0,0,0,0,0,0,0.00,1,0,0,0,1,0,1,0.05,2,0,1,1,2,1,3,0.15,0,0,0,0,0,0,0,0.00,0,0,0,0,0,0,0,0.00,0,0,0,0,0,0,0,0.00,3,0,1,1,3,1,4,0.21,0,0,0,0,0,0,0,0.00,93,1,0,1,72,20,92,4.75,93,1,0,1,72,20,92,4.75,25,0,0,0,23,2,25,1.29,0,0,0,0,0,0,0,0.00,3,0,0,0,3,0,3,0.15,3,0,0,0,3,0,3,0.15,96,4,1,5,82,12,94,4.85,4,0,0,0,4,0,4,0.21,100,4,1,5,86,12,98,5.06,3,0,0,0,3,0,3,0.15,0,0,0,0,0,0,0,0.00,11,0,0,0,6,0,6,0.31,52,0,0,0,19,34,53,2.74,232,2,0,2,68,32,100,5.16,,,,,,,,,295,2,0,2,93,66,159,8.21,1,0,0,0,1,0,1,0.05,105,0,0,0,94,18,112,5.78,3,0,0,0,2,1,3,0.15,6,0,0,0,0,6,6,0.31,51,3,0,3,42,2,44,2.27,165,3,0,3,138,27,165,8.52,0,0,0,0,0,0,0,0.00,0,0,0,0,0,0,0,0.00,27,0,0,0,21,7,28,1.45,11,0,0,0,9,0,9,0.46,0,0,0,0,0,0,0,0.00,5,0,0,0,4,0,4,0.21,183,0,0,0,125,33,158,8.16,,,,,,,,,226,0,0,0,159,40,199,10.27,0,0,0,0,0,0,0,0.00,1,0,0,0,1,0,1,0.05,10000,6383,1315,7698,675,155,830,42.85,0,0,0,0,0,0,0,0.00,0,0,0,0,0,0,0,0.00,,,,,,,,,10000,6383,1315,7698,675,155,830,42.85,0,0,0,0,0,0,0,0.00,533,1,0,1,245,112,357,18.43,11448,6394,1317,7711,1502,435,1937,5.41,34.06
CITIES:,42,BHOPAL,0,0,0,0,0,0,0,0.00,1,2,1,3,2,0,2,0.80,0,0,0,0,0,0,0,0.00,0,0,0,0,0,0,0,0.00,0,0,0,0,0,0,0,0.00,0,0,0,0,0,0,0,0.00,1,2,1,3,2,0,2,0.80,0,0,0,0,0,0,0,0.00,3,0,0,0,5,0,5,1.99,3,0,0,0,5,0,5,1.99,0,0,0,0,0,0,0,0.00,0,0,0,0,0,0,0,0.00,0,0,0,0,0,0,0,0.00,0,0,0,0,0,0,0,0.00,2,0,0,0,2,0,2,0.80,3,0,0,0,2,1,3,1.20,5,0,0,0,4,1,5,1.99,1,1,0,1,0,0,0,0.00,3,2,0,2,1,0,1,0.40,0,0,0,0,0,0,0,0.00,23,4,6,10,3,16,19,7.57,0,0,0,0,0,0,0,0.00,,,,,,,,,26,6,6,12,4,16,20,7.97,0,0,0,0,0,0,0,0.00,32,0,0,0,29,3,32,12.75,7,0,0,0,7,0,7,2.79,6,0,0,0,0,6,6,2.39,3,0,0,0,3,0,3,1.20,48,0,0,0,39,9,48,19.12,0,0,0,0,0,0,0,0.00,1,0,0,0,0,2,2,0.80,17,2,1,3,8,6,14,5.58,0,0,0,0,0,0,0,0.00,0,0,0,0,0,0,0,0.00,6,0,0,0,4,2,6,2.39,0,0,0,0,0,0,0,0.00,,,,,,,,,23,2,1,3,12,8,20,7.97,0,0,0,0,0,0,0,0.00,0,0,0,0,0,0,0,0.00,2307,2428,113,2541,142,7,149,59.36,0,0,0,0,0,0,0,0.00,0,0,0,0,0,0,0,0.00,,,,,,,,,2307,2428,113,2541,142,7,149,59.36,0,0,0,0,0,0,0,0.00,0,0,0,0,0,0,0,0.00,2415,2439,121,2560,208,43,251,0.70,17.25
CITIES:,43,CHENNAI,0,0,0,0,0,0,0,0.00,5,0,0,0,0,5,5,0.31,1,0,0,0,1,0,1,0.06,0,0,0,0,0,0,0,0.00,0,0,0,0,0,0,0,0.00,29,1,0,1,28,1,29,1.80,35,1,0,1,29,6,35,2.17,0,0,0,0,0,0,0,0.00,75,4,1,5,55,19,74,4.58,75,4,1,5,55,19,74,4.58,31,0,0,0,32,1,33,2.04,0,0,0,0,0,0,0,0.00,3,0,0,0,3,0,3,0.19,3,0,0,0,3,0,3,0.19,91,6,1,7,77,14,91,5.63,12,0,0,0,12,0,12,0.74,103,6,1,7,89,14,103,6.38,1,0,0,0,1,0,1,0.06,0,0,0,0,0,0,0,0.00,10,0,0,0,7,3,10,0.62,60,1,0,1,24,37,61,3.78,115,1,13,14,29,80,109,6.75,,,,,,,,,185,2,13,15,60,120,180,11.15,3,2,0,2,3,0,3,0.19,130,0,0,0,109,21,130,8.05,111,0,0,0,100,24,124,7.68,1,0,0,0,0,1,1,0.06,57,0,0,0,57,0,57,3.53,299,0,0,0,266,46,312,19.32,0,0,0,0,0,0,0,0.00,0,0,0,0,0,0,0,0.00,13,0,0,0,12,6,18,1.11,0,0,0,0,0,0,0,0.00,12,0,0,0,9,3,12,0.74,0,0,0,0,0,0,0,0.00,224,0,0,0,159,127,286,17.71,,,,,,,,,249,0,0,0,180,136,316,19.57,0,0,0,0,0,0,0,0.00,0,0,0,0,0,0,0,0.00,3682,2777,657,3434,424,76,500,30.96,0,0,0,0,0,0,0,0.00,0,0,0,0,0,0,0,0.00,,,,,,,,,3682,2777,657,3434,424,76,500,30.96,7,0,0,0,5,1,6,0.37,49,0,0,0,30,19,49,3.03,4722,2792,672,3464,1177,438,1615,4.51,25.14
CITIES:,44,COIMBATORE,0,0,0,0,0,0,0,0.00,0,0,0,0,0,0,0,0.00,0,0,0,0,0,0,0,0.00,0,0,0,0,0,0,0,0.00,0,0,0,0,0,0,0,0.00,0,0,0,0,0,0,0,0.00,0,0,0,0,0,0,0,0.00,0,0,0,0,0,0,0,0.00,5,1,0,1,7,2,9,2.73,5,1,0,1,7,2,9,2.73,1,1,0,1,1,1,2,0.61,0,0,0,0,0,0,0,0.00,0,0,0,0,0,0,0,0.00,0,0,0,0,0,0,0,0.00,5,5,0,5,8,1,9,2.73,1,0,0,0,1,2,3,0.91,6,5,0,5,9,3,12,3.64,0,0,0,0,0,0,0,0.00,0,0,0,0,0,0,0,0.00,3,2,0,2,0,3,3,0.91,0,0,0,0,0,0,0,0.00,6,4,0,4,8,16,24,7.27,,,,,,,,,9,6,0,6,8,19,27,8.18,0,0,0,0,0,0,0,0.00,27,0,0,0,27,0,27,8.18,12,2,8,10,2,0,2,0.61,2,0,0,0,0,2,2,0.61,1,0,0,0,1,0,1,0.30,42,2,8,10,30,2,32,9.70,0,0,0,0,0,0,0,0.00,0,0,0,0,0,0,0,0.00,0,0,0,0,0,0,0,0.00,0,0,0,0,0,0,0,0.00,0,0,0,0,0,0,0,0.00,0,0,0,0,0,0,0,0.00,24,0,0,0,19,8,27,8.18,,,,,,,,,24,0,0,0,19,8,27,8.18,0,0,0,0,0,0,0,0.00,0,0,0,0,0,0,0,0.00,1137,784,170,954,163,23,186,56.36,0,0,0,0,0,0,0,0.00,0,0,0,0,0,0,0,0.00,,,,,,,,,1137,784,170,954,163,23,186,56.36,0,0,0,0,0,0,0,0.00,23,11,5,16,19,16,35,10.61,1247,810,183,993,256,74,330,0.92,22.82
CITIES:,45,DELHI (CITY),0,0,0,0,0,0,0,0.00,3,2,0,2,1,2,3,0.06,4,4,0,4,10,0,10,0.21,0,0,0,0,0,0,0,0.00,0,0,0,0,0,0,0,0.00,19,6,1,7,19,3,22,0.47,26,12,1,13,30,5,35,0.75,0,0,0,0,0,0,0,0.00,116,0,0,0,104,12,116,2.47,116,0,0,0,104,12,116,2.47,112,9,1,10,94,24,118,2.51,1,0,0,0,0,0,0,0.00,8,11,4,15,6,2,8,0.17,9,11,4,15,6,2,8,0.17,208,17,1,18,187,34,221,4.71,20,0,0,0,17,5,22,0.47,228,17,1,18,204,39,243,5.18,135,88,10,98,39,4,43,0.92,0,0,0,0,0,0,0,0.00,22,1,0,1,20,11,31,0.66,125,7,6,13,31,100,131,2.79,305,11,15,26,98,223,321,6.84,,,,,,,,,452,19,21,40,149,334,483,10.29,48,14,1,15,20,13,33,0.70,194,0,1,1,176,17,193,4.11,25,1,1,2,21,2,23,0.49,23,0,1,1,0,22,22,0.47,89,1,0,1,88,0,88,1.87,331,2,3,5,285,41,326,6.94,5,0,0,0,4,1,5,0.11,0,0,0,0,0,0,0,0.00,101,3,0,3,70,28,98,2.09,33,17,0,17,16,0,16,0.34,0,0,0,0,0,0,0,0.00,9,1,0,1,8,0,8,0.17,52,4,0,4,40,10,50,1.06,,,,,,,,,195,25,0,25,134,38,172,3.66,1,0,1,1,0,1,1,0.02,4,0,0,0,3,1,4,0.09,7456,5956,792,6748,1301,157,1458,31.05,7,0,0,0,6,1,7,0.15,817,15,0,15,720,82,802,17.08,,,,,,,,,8280,5971,792,6763,2027,240,2267,48.29,209,6,0,6,176,52,228,4.86,518,15,3,18,524,89,613,13.06,10669,6189,838,7027,3799,896,4695,13.12,36.71
CITIES:,46,DHANBAD,0,0,0,0,0,0,0,0.00,3,0,0,0,0,3,3,0.91,6,0,0,0,6,0,6,1.82,0,0,0,0,0,0,0,0.00,0,0,0,0,0,0,0,0.00,0,0,0,0,0,0,0,0.00,9,0,0,0,6,3,9,2.73,0,0,0,0,0,0,0,0.00,11,0,0,0,8,3,11,3.33,11,0,0,0,8,3,11,3.33,3,0,0,0,2,1,3,0.91,0,0,0,0,0,0,0,0.00,1,0,0,0,1,0,1,0.30,1,0,0,0,1,0,1,0.30,6,0,0,0,5,1,6,1.82,4,0,0,0,2,2,4,1.21,10,0,0,0,7,3,10,3.03,0,0,0,0,0,0,0,0.00,0,0,0,0,0,0,0,0.00,3,0,0,0,2,1,3,0.91,8,0,0,0,1,7,8,2.42,0,0,0,0,0,0,0,0.00,,,,,,,,,11,0,0,0,3,8,11,3.33,0,0,0,0,0,0,0,0.00,17,0,0,0,12,5,17,5.15,2,0,0,0,2,0,2,0.61,0,0,0,0,0,0,0,0.00,7,0,0,0,7,0,7,2.12,26,0,0,0,21,5,26,7.88,0,0,0,0,0,0,0,0.00,0,0,0,0,0,0,0,0.00,0,0,0,0,0,0,0,0.00,0,0,0,0,0,0,0,0.00,2,0,0,0,2,0,2,0.61,6,0,3,3,3,0,3,0.91,0,0,0,0,0,0,0,0.00,,,,,,,,,8,0,3,3,5,0,5,1.52,0,0,0,0,0,0,0,0.00,0,0,0,0,0,0,0,0.00,593,397,124,521,188,32,220,66.67,0,0,0,0,0,0,0,0.00,0,0,0,0,0,0,0,0.00,,,,,,,,,593,397,124,521,188,32,220,66.67,0,0,0,0,0,0,0,0.00,34,0,0,0,18,16,34,10.30,706,397,127,524,259,71,330,0.92,31.02
CITIES:,47,FARIDABAD,0,0,0,0,0,0,0,0.00,0,0,0,0,0,0,0,0.00,0,0,0,0,0,0,0,0.00,0,0,0,0,0,0,0,0.00,0,0,0,0,0,0,0,0.00,2,0,0,0,2,0,2,0.74,2,0,0,0,2,0,2,0.74,0,0,0,0,0,0,0,0.00,17,0,0,0,15,2,17,6.30,17,0,0,0,15,2,17,6.30,11,0,0,0,10,1,11,4.07,0,0,0,0,0,0,0,0.00,0,0,0,0,0,0,0,0.00,0,0,0,0,0,0,0,0.00,11,0,0,0,11,0,11,4.07,2,0,0,0,2,0,2,0.74,13,0,0,0,13,0,13,4.81,2,0,0,0,2,0,2,0.74,0,0,0,0,0,0,0,0.00,0,0,0,0,0,0,0,0.00,5,0,0,0,4,1,5,1.85,1,0,0,0,1,0,1,0.37,,,,,,,,,6,0,0,0,5,1,6,2.22,0,0,0,0,0,0,0,0.00,11,0,0,0,11,0,11,4.07,2,0,0,0,1,1,2,0.74,1,0,0,0,0,1,1,0.37,7,0,0,0,7,0,7,2.59,21,0,0,0,19,2,21,7.78,0,0,0,0,0,0,0,0.00,1,0,0,0,1,0,1,0.37,12,0,0,0,9,3,12,4.44,0,0,0,0,0,0,0,0.00,0,0,0,0,0,0,0,0.00,0,0,0,0,0,0,0,0.00,0,0,0,0,0,0,0,0.00,,,,,,,,,12,0,0,0,9,3,12,4.44,0,0,0,0,0,0,0,0.00,0,0,0,0,0,0,0,0.00,149,43,6,49,154,7,161,59.63,0,0,0,0,0,0,0,0.00,0,0,0,0,0,0,0,0.00,,,,,,,,,149,43,6,49,154,7,161,59.63,0,0,0,0,0,0,0,0.00,24,0,0,0,22,2,24,8.89,258,43,6,49,252,18,270,0.75,25.59
CITIES:,48,HYDERABAD,0,0,0,0,0,0,0,0.00,5,0,0,0,5,0,5,0.37,1,0,0,0,0,1,1,0.07,0,0,0,0,0,0,0,0.00,0,0,0,0,0,0,0,0.00,4,0,0,0,4,0,4,0.29,10,0,0,0,9,1,10,0.73,0,0,0,0,0,0,0,0.00,92,0,0,0,76,16,92,6.74,92,0,0,0,76,16,92,6.74,41,1,0,1,36,4,40,2.93,3,2,1,3,1,3,4,0.29,0,0,0,0,0,0,0,0.00,3,2,1,3,1,3,4,0.29,80,1,0,1,65,15,80,5.86,18,0,0,0,15,3,18,1.32,98,1,0,1,80,18,98,7.18,5,0,0,0,4,1,5,0.37,1,4,0,4,11,1,12,0.88,4,0,0,0,3,1,4,0.29,154,1,12,13,21,120,141,10.33,98,2,11,13,20,65,85,6.23,,,,,,,,,257,7,23,30,55,187,242,17.73,0,0,0,0,0,0,0,0.00,48,0,0,0,45,3,48,3.52,37,0,1,1,31,5,36,2.64,0,0,0,0,0,0,0,0.00,29,0,0,0,27,2,29,2.12,114,0,1,1,103,10,113,8.28,1,0,0,0,1,0,1,0.07,2,0,0,0,2,0,2,0.15,16,0,0,0,11,5,16,1.17,4,0,0,0,3,1,4,0.29,1,0,0,0,1,1,2,0.15,2,0,0,0,2,0,2,0.15,23,0,0,0,22,1,23,1.68,,,,,,,,,46,0,0,0,39,8,47,3.44,0,0,0,0,0,0,0,0.00,0,0,0,0,0,0,0,0.00,3096,1765,1269,3034,401,69,470,34.43,0,0,0,0,0,0,0,0.00,0,0,0,0,0,0,0,0.00,,,,,,,,,3096,1765,1269,3034,401,69,470,34.43,187,0,0,0,157,30,187,13.70,54,0,0,0,39,15,54,3.96,4006,1776,1294,3070,1003,362,1365,3.82,24.67
CITIES:,49,INDORE,0,0,0,0,0,0,0,0.00,32,3,10,13,8,11,19,1.58,0,0,0,0,0,0,0,0.00,0,0,0,0,0,0,0,0.00,0,0,0,0,0,0,0,0.00,0,0,0,0,0,0,0,0.00,32,3,10,13,8,11,19,1.58,0,0,0,0,0,0,0,0.00,67,0,0,0,50,17,67,5.58,67,0,0,0,50,17,67,5.58,29,0,0,0,27,2,29,2.42,0,0,0,0,0,0,0,0.00,13,0,0,0,0,13,13,1.08,13,0,0,0,0,13,13,1.08,64,0,0,0,56,8,64,5.33,20,0,0,0,13,7,20,1.67,84,0,0,0,69,15,84,7.00,38,9,6,15,4,19,23,1.92,0,0,0,0,0,0,0,0.00,0,0,0,0,0,0,0,0.00,179,5,6,11,43,119,162,13.50,75,5,7,12,39,24,63,5.25,,,,,,,,,254,10,13,23,82,143,225,18.75,0,0,0,0,0,0,0,0.00,13,0,0,0,13,0,13,1.08,0,0,0,0,0,0,0,0.00,8,0,0,0,0,8,8,0.67,32,0,0,0,32,0,32,2.67,53,0,0,0,45,8,53,4.42,0,0,0,0,0,0,0,0.00,5,0,0,0,5,0,5,0.42,261,0,0,0,163,98,261,21.75,0,0,0,0,0,0,0,0.00,0,0,0,0,0,0,0,0.00,14,0,0,0,8,6,14,1.17,47,0,0,0,31,16,47,3.92,,,,,,,,,322,0,0,0,202,120,322,26.83,0,0,0,0,0,0,0,0.00,0,0,0,0,0,0,0,0.00,3116,2743,364,3107,309,32,341,28.42,0,0,0,0,0,0,0,0.00,0,0,0,0,0,0,0,0.00,,,,,,,,,3116,2743,364,3107,309,32,341,28.42,0,0,0,0,0,0,0,0.00,19,0,0,0,19,0,19,1.58,4032,2765,393,3158,820,380,1200,3.35,73.22
CITIES:,50,JABALPUR,0,0,0,0,0,0,0,0.00,0,0,0,0,0,0,0,0.00,0,0,0,0,0,0,0,0.00,0,0,0,0,0,0,0,0.00,0,0,0,0,0,0,0,0.00,3,0,0,0,2,1,3,0.53,3,0,0,0,2,1,3,0.53,1,0,0,0,1,0,1,0.18,4,0,0,0,37,4,41,7.22,5,0,0,0,38,4,42,7.39,9,0,0,0,8,1,9,1.58,1,0,0,0,1,0,1,0.18,1,0,0,0,1,0,1,0.18,2,0,0,0,2,0,2,0.35,33,0,0,0,22,12,34,5.99,6,0,0,0,5,1,6,1.06,39,0,0,0,27,13,40,7.04,0,0,0,0,0,0,0,0.00,0,0,0,0,0,0,0,0.00,0,0,0,0,0,0,0,0.00,19,0,0,0,3,13,16,2.82,67,0,0,0,22,45,67,11.80,,,,,,,,,86,0,0,0,25,58,83,14.61,2,0,0,0,2,0,2,0.35,43,0,0,0,41,2,43,7.57,9,0,0,0,6,3,9,1.58,6,0,0,0,0,4,4,0.70,10,0,0,0,10,0,10,1.76,68,0,0,0,57,9,66,11.62,0,0,0,0,0,0,0,0.00,1,0,0,0,1,0,1,0.18,24,0,0,0,13,11,24,4.23,0,0,0,0,0,0,0,0.00,0,0,0,0,0,0,0,0.00,9,0,0,0,5,4,9,1.58,52,0,0,0,42,10,52,9.15,,,,,,,,,85,0,0,0,60,25,85,14.96,0,0,0,0,0,0,0,0.00,22,0,0,0,17,5,22,3.87,1008,838,151,989,66,9,75,13.20,0,0,0,0,0,0,0,0.00,25,0,0,0,19,6,25,4.40,,,,,,,,,1033,838,151,989,85,15,100,17.61,0,0,0,0,0,0,0,0.00,113,0,0,0,99,14,113,19.89,1468,838,151,989,423,145,568,1.59,50.85
CITIES:,51,JAIPUR,0,0,0,0,0,0,0,0.00,14,0,0,0,12,2,14,1.19,0,0,0,0,0,0,0,0.00,0,0,0,0,0,0,0,0.00,1,12,0,12,1,0,1,0.09,1,0,0,0,0,1,1,0.09,16,12,0,12,13,3,16,1.36,0,0,0,0,0,0,0,0.00,13,0,0,0,11,3,14,1.19,13,0,0,0,11,3,14,1.19,23,0,0,0,18,5,23,1.96,1,0,0,0,1,0,1,0.09,0,0,0,0,0,0,0,0.00,1,0,0,0,1,0,1,0.09,84,0,0,0,58,26,84,7.16,14,0,0,0,12,2,14,1.19,98,0,0,0,70,28,98,8.35,3,0,0,0,3,0,3,0.26,2,0,0,0,2,0,2,0.17,1,0,0,0,1,0,1,0.09,28,0,0,0,7,21,28,2.39,19,0,0,0,8,11,19,1.62,,,,,,,,,50,0,0,0,18,32,50,4.26,0,0,0,0,0,0,0,0.00,22,0,0,0,20,2,22,1.88,18,0,0,0,16,2,18,1.53,3,0,0,0,0,3,3,0.26,33,0,0,0,33,0,33,2.81,76,0,0,0,69,7,76,6.48,5,0,0,0,4,1,5,0.43,8,0,0,0,7,1,8,0.68,24,0,0,0,19,6,25,2.13,0,0,0,0,0,0,0,0.00,0,0,0,0,0,0,0,0.00,14,0,0,0,9,5,14,1.19,15,0,0,0,12,3,15,1.28,,,,,,,,,53,0,0,0,40,14,54,4.60,0,0,0,0,0,0,0,0.00,2,0,0,0,2,0,2,0.17,2078,1577,399,1976,306,64,370,31.54,0,0,0,0,0,0,0,0.00,30,0,0,0,27,3,30,2.56,,,,,,,,,2108,1577,399,1976,333,67,400,34.10,199,0,0,0,169,30,199,16.97,224,0,0,0,190,34,224,19.10,2879,1589,399,1988,948,225,1173,3.28,50.47
CITIES:,52,JAMSHEDPUR,0,0,0,0,0,0,0,0.00,1,1,0,1,0,0,0,0.00,1,0,0,0,0,1,1,0.33,0,0,0,0,0,0,0,0.00,0,0,0,0,0,0,0,0.00,4,3,0,3,2,1,3,0.99,6,4,0,4,2,2,4,1.32,0,0,0,0,0,0,0,0.00,20,2,0,2,27,5,32,10.60,20,2,0,2,27,5,32,10.60,10,2,0,2,8,0,8,2.65,0,0,0,0,0,0,0,0.00,0,0,0,0,0,0,0,0.00,0,0,0,0,0,0,0,0.00,10,2,0,2,15,2,17,5.63,2,0,0,0,2,0,2,0.66,12,2,0,2,17,2,19,6.29,0,0,0,0,0,0,0,0.00,0,0,0,0,0,0,0,0.00,0,0,0,0,0,0,0,0.00,31,1,6,7,1,27,28,9.27,35,2,0,2,1,36,37,12.25,,,,,,,,,66,3,6,9,2,63,65,21.52,0,0,0,0,0,0,0,0.00,7,0,0,0,6,1,7,2.32,9,1,0,1,3,6,9,2.98,0,0,0,0,0,0,0,0.00,19,1,0,1,18,1,19,6.29,35,2,0,2,27,8,35,11.59,4,0,0,0,3,1,4,1.32,0,0,0,0,0,0,0,0.00,2,0,0,0,1,1,2,0.66,7,0,0,0,4,3,7,2.32,0,0,0,0,0,0,0,0.00,3,0,0,0,3,0,3,0.99,4,0,0,0,2,2,4,1.32,,,,,,,,,16,0,0,0,10,6,16,5.30,4,0,0,0,2,2,4,1.32,0,0,0,0,0,0,0,0.00,313,289,39,328,84,5,89,29.47,0,0,0,0,0,0,0,0.00,0,0,0,0,0,0,0,0.00,,,,,,,,,313,289,39,328,84,5,89,29.47,23,3,1,4,9,8,17,5.63,9,0,0,0,5,4,9,2.98,518,307,46,353,196,106,302,0.84,27.40
CITIES:,53,KANPUR,0,0,0,0,0,0,0,0.00,6,0,0,0,3,3,6,0.59,0,0,0,0,0,0,0,0.00,0,0,0,0,0,0,0,0.00,1,0,0,0,1,0,1,0.10,1,0,0,0,1,0,1,0.10,8,0,0,0,5,3,8,0.79,4,0,0,0,1,3,4,0.39,20,0,0,0,16,4,20,1.97,24,0,0,0,17,7,24,2.36,33,0,0,0,30,3,33,3.25,0,0,0,0,0,0,0,0.00,0,0,0,0,0,0,0,0.00,0,0,0,0,0,0,0,0.00,46,0,0,0,33,13,46,4.53,21,1,0,1,20,1,21,2.07,67,1,0,1,53,14,67,6.60,2,0,0,0,2,0,2,0.20,0,0,0,0,0,0,0,0.00,0,0,0,0,0,0,0,0.00,18,0,0,0,1,17,18,1.77,71,0,0,0,23,48,71,7.00,,,,,,,,,89,0,0,0,24,65,89,8.77,12,1,0,1,12,0,12,1.18,36,0,0,0,32,4,36,3.55,7,0,0,0,7,0,7,0.69,3,0,0,0,0,3,3,0.30,21,0,0,0,21,0,21,2.07,67,0,0,0,60,7,67,6.60,4,0,0,0,3,1,4,0.39,2,0,0,0,2,0,2,0.20,44,0,0,0,32,12,44,4.33,1,0,0,0,1,0,1,0.10,1,0,0,0,1,0,1,0.10,0,0,0,0,0,0,0,0.00,3,0,0,0,1,2,3,0.30,,,,,,,,,49,0,0,0,35,14,49,4.83,0,0,0,0,0,0,0,0.00,0,0,0,0,0,0,0,0.00,737,251,48,299,447,52,499,49.16,3,0,0,0,3,0,3,0.30,59,0,0,0,44,15,59,5.81,,,,,,,,,799,251,48,299,494,67,561,55.27,76,0,0,0,65,11,76,7.49,21,0,0,0,20,1,21,2.07,1253,253,48,301,822,193,1015,2.84,37.73
CITIES:,54,KOCHI,0,0,0,0,0,0,0,0.00,0,0,0,0,0,0,0,0.00,0,0,0,0,0,0,0,0.00,0,0,0,0,0,0,0,0.00,0,0,0,0,0,0,0,0.00,0,0,0,0,0,0,0,0.00,0,0,0,0,0,0,0,0.00,0,0,0,0,0,0,0,0.00,19,0,0,0,20,1,21,8.24,19,0,0,0,20,1,21,8.24,5,0,0,0,5,0,5,1.96,0,0,0,0,0,0,0,0.00,0,0,0,0,0,0,0,0.00,0,0,0,0,0,0,0,0.00,16,0,0,0,15,1,16,6.27,0,0,0,0,0,0,0,0.00,16,0,0,0,15,1,16,6.27,0,0,0,0,0,0,0,0.00,1,0,0,0,3,0,3,1.18,0,0,0,0,0,0,0,0.00,1,0,0,0,1,2,3,1.18,9,0,0,0,2,7,9,3.53,,,,,,,,,11,0,0,0,6,9,15,5.88,0,0,0,0,0,0,0,0.00,0,0,0,0,0,0,0,0.00,0,0,0,0,0,0,0,0.00,0,0,0,0,0,0,0,0.00,0,0,0,0,0,0,0,0.00,0,0,0,0,0,0,0,0.00,2,0,0,0,2,0,2,0.78,0,0,0,0,0,0,0,0.00,0,0,0,0,0,0,0,0.00,0,0,0,0,0,0,0,0.00,0,0,0,0,0,0,0,0.00,0,0,0,0,0,0,0,0.00,1,0,0,0,1,0,1,0.39,,,,,,,,,1,0,0,0,1,0,1,0.39,0,0,0,0,0,0,0,0.00,0,0,0,0,0,0,0,0.00,160,0,0,0,147,16,163,63.92,0,0,0,0,0,0,0,0.00,23,0,0,0,19,4,23,9.02,,,,,,,,,183,0,0,0,166,20,186,72.94,6,0,0,0,6,0,6,2.35,3,0,0,0,2,1,3,1.18,246,0,0,0,223,32,255,0.71,18.82
CITIES:,55,KOLKATA,0,0,0,0,0,0,0,0.00,3,3,1,4,1,1,2,0.27,1,1,0,1,1,0,1,0.13,0,0,0,0,0,0,0,0.00,0,0,0,0,0,0,0,0.00,0,0,0,0,0,0,0,0.00,4,4,1,5,2,1,3,0.40,0,0,0,0,0,0,0,0.00,56,0,0,0,49,11,60,8.04,56,0,0,0,49,11,60,8.04,5,1,0,1,7,0,7,0.94,0,0,0,0,0,0,0,0.00,0,0,0,0,0,0,0,0.00,0,0,0,0,0,0,0,0.00,29,0,0,0,25,10,35,4.69,0,0,0,0,0,0,0,0.00,29,0,0,0,25,10,35,4.69,0,0,0,0,0,0,0,0.00,0,0,0,0,0,0,0,0.00,0,0,0,0,0,0,0,0.00,18,0,0,0,0,19,19,2.55,22,1,1,2,5,16,21,2.82,,,,,,,,,40,1,1,2,5,35,40,5.36,3,1,0,1,2,0,2,0.27,28,0,0,0,27,1,28,3.75,0,0,0,0,0,0,0,0.00,0,0,0,0,0,0,0,0.00,14,0,0,0,14,1,15,2.01,42,0,0,0,41,2,43,5.76,0,0,0,0,0,0,0,0.00,0,0,0,0,0,0,0,0.00,0,0,0,0,0,0,0,0.00,0,0,0,0,0,0,0,0.00,0,0,0,0,0,0,0,0.00,0,0,0,0,0,0,0,0.00,8,0,0,0,6,2,8,1.07,,,,,,,,,8,0,0,0,6,2,8,1.07,0,0,0,0,0,0,0,0.00,1,0,0,0,1,0,1,0.13,2012,1487,334,1821,375,82,457,61.26,0,0,0,0,0,0,0,0.00,0,0,0,0,0,0,0,0.00,,,,,,,,,2012,1487,334,1821,375,82,457,61.26,0,0,0,0,0,0,0,0.00,93,8,4,12,69,21,90,12.06,2293,1502,340,1842,582,164,746,2.09,5.64
CITIES:,56,LUCKNOW,0,0,0,0,0,0,0,0.00,5,2,1,3,2,0,2,0.52,0,0,0,0,0,0,0,0.00,0,0,0,0,0,0,0,0.00,0,0,0,0,0,0,0,0.00,3,0,0,0,3,0,3,0.78,8,2,1,3,5,0,5,1.31,0,0,0,0,0,0,0,0.00,0,0,0,0,0,0,0,0.00,0,0,0,0,0,0,0,0.00,1,0,0,0,1,0,1,0.26,0,0,0,0,0,0,0,0.00,3,0,1,1,0,2,2,0.52,3,0,1,1,0,2,2,0.52,5,1,0,1,3,1,4,1.04,1,0,0,0,1,0,1,0.26,6,1,0,1,4,1,5,1.31,0,0,0,0,0,0,0,0.00,0,0,0,0,0,0,0,0.00,0,0,0,0,0,0,0,0.00,3,0,0,0,0,3,3,0.78,7,2,1,3,3,1,4,1.04,,,,,,,,,10,2,1,3,3,4,7,1.83,1,0,0,0,1,0,1,0.26,5,0,0,0,5,0,5,1.31,2,0,0,0,2,0,2,0.52,3,0,0,0,0,3,3,0.78,0,0,0,0,0,0,0,0.00,10,0,0,0,7,3,10,2.61,0,0,0,0,0,0,0,0.00,0,0,0,0,0,0,0,0.00,5,1,0,1,3,1,4,1.04,0,0,0,0,0,0,0,0.00,0,0,0,0,0,0,0,0.00,1,0,0,0,1,0,1,0.26,0,0,0,0,0,0,0,0.00,,,,,,,,,6,1,0,1,4,1,5,1.31,0,0,0,0,0,0,0,0.00,0,0,0,0,0,0,0,0.00,807,512,44,556,326,21,347,90.60,0,0,0,0,0,0,0,0.00,0,0,0,0,0,0,0,0.00,,,,,,,,,807,512,44,556,326,21,347,90.60,0,0,0,0,0,0,0,0.00,0,0,0,0,0,0,0,0.00,852,518,47,565,351,32,383,1.07,16.89
CITIES:,57,LUDHIANA,0,0,0,0,0,0,0,0.00,0,0,0,0,0,0,0,0.00,0,0,0,0,0,0,0,0.00,0,0,0,0,0,0,0,0.00,0,0,0,0,0,0,0,0.00,1,0,0,0,1,0,1,0.45,1,0,0,0,1,0,1,0.45,0,0,0,0,0,0,0,0.00,9,0,0,0,7,2,9,4.02,9,0,0,0,7,2,9,4.02,14,0,0,0,14,0,14,6.25,0,0,0,0,0,0,0,0.00,0,0,0,0,0,0,0,0.00,0,0,0,0,0,0,0,0.00,8,0,0,0,7,1,8,3.57,0,0,0,0,0,0,0,0.00,8,0,0,0,7,1,8,3.57,8,0,0,0,8,0,8,3.57,0,0,0,0,0,0,0,0.00,0,0,0,0,0,0,0,0.00,15,0,0,0,3,12,15,6.70,16,0,0,0,12,10,22,9.82,,,,,,,,,31,0,0,0,15,22,37,16.52,0,0,0,0,0,0,0,0.00,15,0,0,0,15,0,15,6.70,13,0,0,0,12,1,13,5.80,0,0,0,0,0,0,0,0.00,12,0,0,0,12,0,12,5.36,40,0,0,0,39,1,40,17.86,0,0,0,0,0,0,0,0.00,0,0,0,0,0,0,0,0.00,21,0,0,0,12,9,21,9.38,12,0,0,0,9,3,12,5.36,0,0,0,0,0,0,0,0.00,1,0,0,0,0,1,1,0.45,0,0,0,0,0,0,0,0.00,,,,,,,,,34,0,0,0,21,13,34,15.18,0,0,0,0,0,0,0,0.00,4,0,0,0,3,1,4,1.79,30,0,0,0,27,3,30,13.39,0,0,0,0,0,0,0,0.00,0,0,0,0,0,0,0,0.00,,,,,,,,,30,0,0,0,27,3,30,13.39,36,0,0,0,33,3,36,16.07,3,0,0,0,3,0,3,1.34,218,0,0,0,178,46,224,0.63,16.06
CITIES:,58,MADURAI,0,0,0,0,0,0,0,0.00,0,0,0,0,0,0,0,0.00,0,0,0,0,0,0,0,0.00,0,0,0,0,0,0,0,0.00,0,0,0,0,0,0,0,0.00,1,0,0,0,1,0,1,0.93,1,0,0,0,1,0,1,0.93,0,0,0,0,0,0,0,0.00,0,0,0,0,0,0,0,0.00,0,0,0,0,0,0,0,0.00,0,0,0,0,0,0,0,0.00,0,0,0,0,0,0,0,0.00,0,0,0,0,0,0,0,0.00,0,0,0,0,0,0,0,0.00,0,0,0,0,0,0,0,0.00,0,0,0,0,0,0,0,0.00,0,0,0,0,0,0,0,0.00,0,0,0,0,0,0,0,0.00,0,0,0,0,0,0,0,0.00,0,0,0,0,0,0,0,0.00,0,0,0,0,0,0,0,0.00,0,0,0,0,0,0,0,0.00,,,,,,,,,0,0,0,0,0,0,0,0.00,0,0,0,0,0,0,0,0.00,2,0,0,0,2,0,2,1.87,0,0,0,0,0,0,0,0.00,0,0,0,0,0,0,0,0.00,0,0,0,0,0,0,0,0.00,2,0,0,0,2,0,2,1.87,0,0,0,0,0,0,0,0.00,0,0,0,0,0,0,0,0.00,0,0,0,0,0,0,0,0.00,0,0,0,0,0,0,0,0.00,0,0,0,0,0,0,0,0.00,0,0,0,0,0,0,0,0.00,0,0,0,0,0,0,0,0.00,,,,,,,,,0,0,0,0,0,0,0,0.00,0,0,0,0,0,0,0,0.00,0,0,0,0,0,0,0,0.00,949,663,65,728,83,21,104,97.20,0,0,0,0,0,0,0,0.00,0,0,0,0,0,0,0,0.00,,,,,,,,,949,663,65,728,83,21,104,97.20,0,0,0,0,0,0,0,0.00,0,0,0,0,0,0,0,0.00,952,663,65,728,86,21,107,0.30,8.95
CITIES:,59,MEERUT,0,0,0,0,0,0,0,0.00,5,2,1,3,1,2,3,0.87,0,0,0,0,0,0,0,0.00,0,0,0,0,0,0,0,0.00,0,0,0,0,0,0,0,0.00,0,0,0,0,0,0,0,0.00,5,2,1,3,1,2,3,0.87,0,0,0,0,0,0,0,0.00,2,0,0,0,1,1,2,0.58,2,0,0,0,1,1,2,0.58,2,0,0,0,1,1,2,0.58,0,0,0,0,0,0,0,0.00,0,0,0,0,0,0,0,0.00,0,0,0,0,0,0,0,0.00,1,1,0,1,0,0,0,0.00,1,0,0,0,1,0,1,0.29,2,1,0,1,1,0,1,0.29,2,1,0,1,1,0,1,0.29,3,1,1,2,2,1,3,0.87,1,0,0,0,1,0,1,0.29,1,0,0,0,0,1,1,0.29,14,1,2,3,2,12,14,4.08,,,,,,,,,19,2,3,5,5,14,19,5.54,115,56,12,68,108,17,125,36.44,1,0,0,0,1,0,1,0.29,1,0,0,0,1,0,1,0.29,0,0,0,0,0,0,0,0.00,1,0,0,0,1,0,1,0.29,3,0,0,0,3,0,3,0.87,1,0,0,0,1,0,1,0.29,1,0,0,0,1,0,1,0.29,6,0,2,2,2,4,6,1.75,5,0,0,0,4,0,4,1.17,0,0,0,0,0,0,0,0.00,3,0,0,0,1,1,2,0.58,0,0,0,0,0,0,0,0.00,,,,,,,,,14,0,2,2,7,5,12,3.50,0,0,0,0,0,0,0,0.00,3,0,0,0,2,1,3,0.87,342,208,58,266,148,19,167,48.69,0,0,0,0,0,0,0,0.00,0,0,0,0,0,0,0,0.00,,,,,,,,,342,208,58,266,148,19,167,48.69,2,0,0,0,1,1,2,0.58,2,2,0,2,1,0,1,0.29,515,272,76,348,282,61,343,0.96,29.39
CITIES:,60,MUMBAI,0,0,0,0,0,0,0,0.00,6,0,0,0,5,1,6,0.06,10,1,1,2,8,2,10,0.10,0,0,0,0,0,0,0,0.00,0,0,0,0,0,0,0,0.00,59,2,0,2,49,10,59,0.60,75,3,1,4,62,13,75,0.76,1,0,0,0,1,0,1,0.01,211,0,0,0,179,32,211,2.13,212,0,0,0,180,32,212,2.14,111,0,0,0,94,17,111,1.12,2,65,15,80,2,0,2,0.02,7,7,0,7,7,0,7,0.07,9,72,15,87,9,0,9,0.09,411,7,2,9,335,67,402,4.06,74,0,0,0,66,8,74,0.75,485,7,2,9,401,75,476,4.81,6,0,0,0,6,0,6,0.06,1,0,0,0,1,0,1,0.01,33,0,0,0,29,4,33,0.33,59,1,4,5,18,36,54,0.55,642,4,6,10,157,479,636,6.42,,,,,,,,,735,5,10,15,205,519,724,7.31,35,1,0,1,47,0,47,0.47,730,0,0,0,595,135,730,7.37,409,0,0,0,311,98,409,4.13,72,0,0,0,0,72,72,0.73,327,0,0,0,317,10,327,3.30,1538,0,0,0,1223,315,1538,15.53,16,0,0,0,5,11,16,0.16,0,0,0,0,0,0,0,0.00,170,0,0,0,103,67,170,1.72,4,0,0,0,1,3,4,0.04,1,0,0,0,0,1,1,0.01,27,0,0,0,19,8,27,0.27,0,0,0,0,0,0,0,0.00,,,,,,,,,202,0,0,0,123,79,202,2.04,0,0,0,0,0,0,0,0.00,26,0,0,0,20,8,28,0.28,3822,2497,606,3103,733,123,856,8.64,0,0,0,0,0,0,0,0.00,8,0,0,0,7,1,8,0.08,,,,,,,,,3830,2497,606,3103,740,124,864,8.72,4600,1,0,1,3472,1128,4600,46.44,997,0,0,0,745,252,997,10.07,12877,2586,634,3220,7332,2573,9905,27.69,60.51
CITIES:,61,NAGPUR,0,0,0,0,0,0,0,0.00,1,0,0,0,0,1,1,0.11,0,0,0,0,0,0,0,0.00,0,0,0,0,0,0,0,0.00,0,0,0,0,0,0,0,0.00,8,2,0,2,6,2,8,0.86,9,2,0,2,6,3,9,0.97,0,0,0,0,0,0,0,0.00,60,0,0,0,46,16,62,6.66,60,0,0,0,46,16,62,6.66,26,1,0,1,22,4,26,2.79,0,0,0,0,0,0,0,0.00,0,0,0,0,0,0,0,0.00,0,0,0,0,0,0,0,0.00,55,0,0,0,39,16,55,5.91,16,0,0,0,12,4,16,1.72,71,0,0,0,51,20,71,7.63,1,0,0,0,0,1,1,0.11,0,0,0,0,0,0,0,0.00,2,0,0,0,2,0,2,0.21,0,0,0,0,0,0,0,0.00,158,0,0,0,45,114,159,17.08,,,,,,,,,160,0,0,0,47,114,161,17.29,0,0,0,0,0,0,0,0.00,92,0,0,0,84,8,92,9.88,42,0,0,0,33,9,42,4.51,2,0,0,0,0,2,2,0.21,74,0,0,0,74,0,74,7.95,210,0,0,0,191,19,210,22.56,0,0,0,0,0,0,0,0.00,0,0,0,0,0,0,0,0.00,12,0,0,0,10,2,12,1.29,0,0,0,0,0,0,0,0.00,0,0,0,0,0,0,0,0.00,2,0,0,0,0,2,2,0.21,2,0,0,0,2,0,2,0.21,,,,,,,,,16,0,0,0,12,4,16,1.72,0,0,0,0,0,0,0,0.00,1,0,0,0,3,0,3,0.32,1400,1023,232,1255,178,46,224,24.06,1,0,0,0,1,0,1,0.11,15,0,0,0,13,3,16,1.72,,,,,,,,,1416,1023,232,1255,192,49,241,25.89,33,0,0,0,26,7,33,3.54,98,0,0,0,88,10,98,10.53,2101,1026,232,1258,684,247,931,2.60,43.85
CITIES:,62,NASIK,0,0,0,0,0,0,0,0.00,0,0,0,0,0,0,0,0.00,0,0,0,0,0,0,0,0.00,0,0,0,0,0,0,0,0.00,0,0,0,0,0,0,0,0.00,0,0,0,0,0,0,0,0.00,0,0,0,0,0,0,0,0.00,0,0,0,0,0,0,0,0.00,62,0,0,0,45,18,63,9.08,62,0,0,0,45,18,63,9.08,15,0,0,0,12,3,15,2.16,0,0,0,0,0,0,0,0.00,1,3,0,3,1,0,1,0.14,1,3,0,3,1,0,1,0.14,12,0,0,0,7,5,12,1.73,23,3,0,3,16,4,20,2.88,35,3,0,3,23,9,32,4.61,10,4,0,4,6,0,6,0.86,0,0,0,0,0,0,0,0.00,0,0,0,0,0,0,0,0.00,1,0,0,0,1,1,2,0.29,188,46,44,90,30,69,99,14.27,,,,,,,,,189,46,44,90,31,70,101,14.55,1,1,0,1,0,0,0,0.00,106,0,0,0,84,22,106,15.27,21,0,0,0,15,6,21,3.03,5,0,0,0,0,5,5,0.72,12,0,0,0,12,0,12,1.73,144,0,0,0,111,33,144,20.75,25,15,9,24,0,1,1,0.14,0,0,0,0,0,0,0,0.00,38,0,0,0,34,4,38,5.48,1,0,0,0,3,0,3,0.43,0,0,0,0,0,0,0,0.00,13,2,1,3,5,5,10,1.44,0,0,0,0,0,0,0,0.00,,,,,,,,,52,2,1,3,42,9,51,7.35,0,0,0,0,0,0,0,0.00,0,0,0,0,0,0,0,0.00,1145,744,154,898,141,17,158,22.77,16,0,0,0,15,1,16,2.31,6,2,0,2,4,0,4,0.58,,,,,,,,,1167,746,154,900,160,18,178,25.65,2,0,0,0,3,0,3,0.43,99,0,0,0,65,34,99,14.27,1802,820,208,1028,499,195,694,1.94,60.24
CITIES:,63,PATNA,0,0,0,0,0,0,0,0.00,4,0,0,0,4,0,4,1.56,0,0,0,0,0,0,0,0.00,0,0,0,0,0,0,0,0.00,0,0,0,0,0,0,0,0.00,0,0,0,0,0,0,0,0.00,4,0,0,0,4,0,4,1.56,2,0,0,0,5,0,5,1.95,22,0,0,0,19,3,22,8.56,24,0,0,0,24,3,27,10.51,13,0,0,0,12,2,14,5.45,0,0,0,0,0,0,0,0.00,4,0,0,0,0,4,4,1.56,4,0,0,0,0,4,4,1.56,13,0,0,0,10,0,10,3.89,2,0,0,0,1,0,1,0.39,15,0,0,0,11,0,11,4.28,0,0,0,0,0,0,0,0.00,0,0,0,0,0,0,0,0.00,2,0,0,0,2,0,2,0.78,35,0,0,0,6,30,36,14.01,26,0,0,0,12,16,28,10.89,,,,,,,,,63,0,0,0,20,46,66,25.68,2,0,0,0,2,1,3,1.17,2,0,0,0,2,0,2,0.78,0,0,0,0,0,0,0,0.00,0,0,0,0,0,0,0,0.00,5,0,0,0,5,0,5,1.95,7,0,0,0,7,0,7,2.72,1,0,0,0,0,1,1,0.39,0,0,0,0,0,0,0,0.00,16,0,0,0,8,9,17,6.61,4,1,0,1,2,0,2,0.78,0,0,0,0,0,0,0,0.00,1,0,0,0,1,0,1,0.39,21,0,0,0,14,5,19,7.39,,,,,,,,,42,1,0,1,25,14,39,15.18,0,0,0,0,0,0,0,0.00,0,0,0,0,0,0,0,0.00,230,135,24,159,72,3,75,29.18,0,0,0,0,0,0,0,0.00,0,0,0,0,0,0,0,0.00,,,,,,,,,230,135,24,159,72,3,75,29.18,3,0,0,0,3,0,3,1.17,3,0,0,0,3,0,3,1.17,411,136,24,160,183,74,257,0.72,15.06
CITIES:,64,PUNE,0,0,0,0,0,0,0,0.00,2,0,0,0,2,0,2,0.15,0,0,0,0,0,0,0,0.00,0,0,0,0,0,0,0,0.00,0,0,0,0,0,0,0,0.00,0,0,0,0,0,0,0,0.00,2,0,0,0,2,0,2,0.15,0,0,0,0,0,0,0,0.00,93,0,0,0,75,18,93,7.06,93,0,0,0,75,18,93,7.06,24,0,0,0,20,4,24,1.82,0,0,0,0,0,0,0,0.00,0,0,0,0,0,0,0,0.00,0,0,0,0,0,0,0,0.00,72,0,0,0,66,6,72,5.46,74,0,0,0,60,14,74,5.61,146,0,0,0,126,20,146,11.08,6,0,0,0,5,1,6,0.46,1,0,0,0,1,0,1,0.08,1,0,0,0,1,0,1,0.08,0,0,0,0,0,0,0,0.00,292,2,2,4,69,221,290,22.00,,,,,,,,,294,2,2,4,71,221,292,22.15,0,0,0,0,0,0,0,0.00,222,0,0,0,198,24,222,16.84,80,0,0,0,70,10,80,6.07,16,0,0,0,0,16,16,1.21,59,0,0,0,59,0,59,4.48,377,0,0,0,327,50,377,28.60,1,0,0,0,0,1,1,0.08,0,0,0,0,0,0,0,0.00,11,32,17,49,6,5,11,0.83,0,0,0,0,0,0,0,0.00,0,0,0,0,0,0,0,0.00,8,0,0,0,2,6,8,0.61,0,0,0,0,0,0,0,0.00,,,,,,,,,19,32,17,49,8,11,19,1.44,0,0,0,0,0,0,0,0.00,4,0,0,0,4,0,4,0.30,282,30,13,43,258,48,306,23.22,0,0,0,0,0,0,0,0.00,1,0,0,0,1,0,1,0.08,,,,,,,,,283,30,13,43,259,48,307,23.29,43,0,0,0,31,12,43,3.26,4,0,0,0,4,0,4,0.30,1296,64,32,96,932,386,1318,3.68,35.09
CITIES:,65,RAJKOT,0,0,0,0,0,0,0,0.00,0,0,0,0,0,0,0,0.00,0,0,0,0,0,0,0,0.00,0,0,0,0,0,0,0,0.00,0,0,0,0,0,0,0,0.00,0,0,0,0,0,0,0,0.00,0,0,0,0,0,0,0,0.00,0,0,0,0,0,0,0,0.00,28,0,0,0,22,6,28,5.85,28,0,0,0,22,6,28,5.85,14,0,0,0,9,5,14,2.92,0,0,0,0,0,0,0,0.00,0,0,0,0,0,0,0,0.00,0,0,0,0,0,0,0,0.00,21,0,0,0,17,4,21,4.38,0,0,0,0,0,0,0,0.00,21,0,0,0,17,4,21,4.38,2,0,0,0,2,0,2,0.42,0,0,0,0,0,0,0,0.00,10,0,0,0,6,4,10,2.09,1,0,0,0,0,1,1,0.21,105,0,0,0,25,80,105,21.92,,,,,,,,,116,0,0,0,31,85,116,24.22,0,0,0,0,0,0,0,0.00,136,0,0,0,106,30,136,28.39,32,0,0,0,29,3,32,6.68,1,0,0,0,0,1,1,0.21,0,0,0,0,0,0,0,0.00,169,0,0,0,135,34,169,35.28,0,0,0,0,0,0,0,0.00,1,0,0,0,1,0,1,0.21,2,0,0,0,1,1,2,0.42,0,0,0,0,0,0,0,0.00,0,0,0,0,0,0,0,0.00,5,0,0,0,2,3,5,1.04,25,0,0,0,14,11,25,5.22,,,,,,,,,32,0,0,0,17,15,32,6.68,0,0,0,0,0,0,0,0.00,0,0,0,0,0,0,0,0.00,1203,1010,266,1276,55,19,74,15.45,0,0,0,0,0,0,0,0.00,0,0,0,0,0,0,0,0.00,,,,,,,,,1203,1010,266,1276,55,19,74,15.45,22,0,0,0,16,6,22,4.59,0,0,0,0,0,0,0,0.00,1608,1010,266,1276,305,174,479,1.34,47.80
CITIES:,66,SURAT,0,0,0,0,0,0,0,0.00,1,0,0,0,1,0,1,0.11,0,0,0,0,0,0,0,0.00,0,0,0,0,0,0,0,0.00,0,0,0,0,0,0,0,0.00,4,0,0,0,3,1,4,0.44,5,0,0,0,4,1,5,0.55,0,0,0,0,0,0,0,0.00,71,0,0,0,60,11,71,7.75,71,0,0,0,60,11,71,7.75,54,0,0,0,51,3,54,5.90,0,0,0,0,0,0,0,0.00,5,0,0,0,2,3,5,0.55,5,0,0,0,2,3,5,0.55,124,0,0,0,109,15,124,13.54,23,0,0,0,16,7,23,2.51,147,0,0,0,125,22,147,16.05,12,0,0,0,11,1,12,1.31,0,0,0,0,0,0,0,0.00,4,0,0,0,1,3,4,0.44,72,10,3,13,14,58,72,7.86,113,4,1,5,29,84,113,12.34,,,,,,,,,189,14,4,18,44,145,189,20.63,0,0,0,0,0,0,0,0.00,39,0,0,0,36,3,39,4.26,5,0,0,0,5,0,5,0.55,2,0,0,0,0,2,2,0.22,10,0,0,0,10,0,10,1.09,56,0,0,0,51,5,56,6.11,2,0,0,0,1,1,2,0.22,0,0,0,0,0,0,0,0.00,77,0,0,0,55,22,77,8.41,8,0,0,0,4,4,8,0.87,0,0,0,0,0,0,0,0.00,0,0,0,0,0,0,0,0.00,0,0,0,0,0,0,0,0.00,,,,,,,,,85,0,0,0,59,26,85,9.28,0,0,0,0,0,0,0,0.00,4,0,0,0,4,0,4,0.44,939,768,152,920,134,14,148,16.16,0,0,0,0,0,0,0,0.00,0,0,0,0,0,0,0,0.00,,,,,,,,,939,768,152,920,134,14,148,16.16,86,0,0,0,79,7,86,9.39,52,0,0,0,46,6,52,5.68,1707,782,156,938,671,245,916,2.56,32.59
CITIES:,67,VADODARA,0,0,0,0,0,0,0,0.00,3,0,0,0,2,1,3,0.54,0,0,0,0,0,0,0,0.00,0,0,0,0,0,0,0,0.00,0,0,0,0,0,0,0,0.00,2,0,0,0,1,1,2,0.36,5,0,0,0,3,2,5,0.89,1,0,0,0,3,0,3,0.54,34,0,0,0,30,5,35,6.26,35,0,0,0,33,5,38,6.80,23,0,0,0,19,5,24,4.29,0,0,0,0,0,0,0,0.00,2,0,0,0,1,1,2,0.36,2,0,0,0,1,1,2,0.36,4,0,0,0,4,0,4,0.72,27,0,0,0,19,8,27,4.83,31,0,0,0,23,8,31,5.55,4,0,0,0,4,0,4,0.72,0,0,0,0,0,0,0,0.00,0,0,0,0,0,0,0,0.00,0,0,0,0,0,0,0,0.00,76,0,0,0,20,57,77,13.77,,,,,,,,,76,0,0,0,20,57,77,13.77,0,0,0,0,0,0,0,0.00,30,0,0,0,26,4,30,5.37,20,0,0,0,18,2,20,3.58,0,0,0,0,0,0,0,0.00,2,0,0,0,2,0,2,0.36,52,0,0,0,46,6,52,9.30,0,0,0,0,0,0,0,0.00,0,0,0,0,0,0,0,0.00,0,0,0,0,0,0,0,0.00,0,0,0,0,0,0,0,0.00,0,0,0,0,0,0,0,0.00,2,0,0,0,1,1,2,0.36,0,0,0,0,0,0,0,0.00,,,,,,,,,2,0,0,0,1,1,2,0.36,0,0,0,0,0,0,0,0.00,0,0,0,0,0,0,0,0.00,1500,1113,260,1373,112,14,126,22.54,0,0,0,0,0,0,0,0.00,0,0,0,0,0,0,0,0.00,,,,,,,,,1500,1113,260,1373,112,14,126,22.54,198,0,0,0,163,35,198,35.42,0,0,0,0,0,0,0,0.00,1928,1113,260,1373,425,134,559,1.56,37.47
CITIES:,68,VARANASI,0,0,0,0,0,0,0,0.00,3,1,2,3,1,0,1,0.36,0,0,0,0,0,0,0,0.00,0,0,0,0,0,0,0,0.00,0,0,0,0,0,0,0,0.00,1,1,0,1,0,0,0,0.00,4,2,2,4,1,0,1,0.36,3,1,1,2,0,1,1,0.36,27,5,8,13,9,11,20,7.30,30,6,9,15,9,12,21,7.66,5,2,0,2,2,1,3,1.09,2,1,0,1,0,1,1,0.36,1,0,0,0,0,1,1,0.36,3,1,0,1,0,2,2,0.73,0,0,0,0,0,0,0,0.00,0,0,0,0,0,0,0,0.00,0,0,0,0,0,0,0,0.00,0,0,0,0,0,0,0,0.00,0,0,0,0,0,0,0,0.00,1,0,0,0,1,0,1,0.36,0,0,0,0,0,0,0,0.00,22,5,2,7,3,17,20,7.30,,,,,,,,,23,5,2,7,4,17,21,7.66,73,15,7,22,55,7,62,22.63,1,0,0,0,1,0,1,0.36,0,0,0,0,0,0,0,0.00,0,0,0,0,0,0,0,0.00,0,0,0,0,0,0,0,0.00,1,0,0,0,1,0,1,0.36,0,0,0,0,0,0,0,0.00,0,0,0,0,0,0,0,0.00,3,0,0,0,1,2,3,1.09,9,0,0,0,6,3,9,3.28,0,0,0,0,0,0,0,0.00,0,0,0,0,0,0,0,0.00,1,0,0,0,0,1,1,0.36,,,,,,,,,13,0,0,0,7,6,13,4.74,0,0,0,0,0,0,0,0.00,0,0,0,0,0,0,0,0.00,152,55,45,100,105,15,120,43.80,0,0,0,0,0,0,0,0.00,9,2,1,3,5,3,8,2.92,,,,,,,,,161,57,46,103,110,18,128,46.72,7,1,2,3,3,4,7,2.55,15,0,0,0,9,6,15,5.47,335,89,68,157,201,73,274,0.77,22.61
CITIES:,69,VIJAYAWADA,0,0,0,0,0,0,0,0.00,1,0,0,0,1,0,1,0.26,0,0,0,0,0,0,0,0.00,0,0,0,0,0,0,0,0.00,0,0,0,0,0,0,0,0.00,3,0,0,0,2,1,3,0.77,4,0,0,0,3,1,4,1.03,0,0,0,0,0,0,0,0.00,25,0,0,0,20,5,25,6.41,25,0,0,0,20,5,25,6.41,17,0,0,0,10,7,17,4.36,0,0,0,0,0,0,0,0.00,0,0,0,0,0,0,0,0.00,0,0,0,0,0,0,0,0.00,12,0,0,0,9,3,12,3.08,0,0,0,0,0,0,0,0.00,12,0,0,0,9,3,12,3.08,2,1,0,1,1,0,1,0.26,0,0,0,0,0,0,0,0.00,0,0,0,0,0,0,0,0.00,29,0,0,0,20,9,29,7.44,0,0,0,0,0,0,0,0.00,,,,,,,,,29,0,0,0,20,9,29,7.44,0,0,0,0,0,0,0,0.00,5,0,0,0,5,0,5,1.28,0,0,0,0,0,0,0,0.00,0,0,0,0,0,0,0,0.00,0,0,0,0,0,0,0,0.00,5,0,0,0,5,0,5,1.28,1,0,0,0,1,0,1,0.26,0,0,0,0,0,0,0,0.00,17,0,0,0,12,5,17,4.36,0,0,0,0,0,0,0,0.00,0,0,0,0,0,0,0,0.00,4,0,0,0,3,1,4,1.03,0,0,0,0,0,0,0,0.00,,,,,,,,,21,0,0,0,15,6,21,5.38,0,0,0,0,0,0,0,0.00,0,0,0,0,0,0,0,0.00,1168,1031,52,1083,214,37,251,64.36,0,0,0,0,0,0,0,0.00,0,0,0,0,0,0,0,0.00,,,,,,,,,1168,1031,52,1083,214,37,251,64.36,17,0,0,0,13,4,17,4.36,7,0,0,0,7,0,7,1.79,1308,1032,52,1084,318,72,390,1.09,38.58
CITIES:,70,VISHAKHAPATNAM,0,0,0,0,0,0,0,0.00,1,0,0,0,1,0,1,0.18,0,0,0,0,0,0,0,0.00,0,0,0,0,0,0,0,0.00,0,0,0,0,0,0,0,0.00,4,0,0,0,4,0,4,0.70,5,0,0,0,5,0,5,0.88,2,0,0,0,7,0,7,1.23,50,0,0,0,43,8,51,8.95,52,0,0,0,50,8,58,10.18,23,0,0,0,21,3,24,4.21,0,0,0,0,0,0,0,0.00,3,1,0,1,3,0,3,0.53,3,1,0,1,3,0,3,0.53,44,0,0,0,39,5,44,7.72,0,0,0,0,0,0,0,0.00,44,0,0,0,39,5,44,7.72,3,0,0,0,2,1,3,0.53,2,0,0,0,1,1,2,0.35,4,0,0,0,3,0,3,0.53,45,0,0,0,14,31,45,7.89,17,0,0,0,7,10,17,2.98,,,,,,,,,68,0,0,0,25,42,67,11.75,0,0,0,0,0,0,0,0.00,40,0,0,0,35,5,40,7.02,4,0,0,0,4,0,4,0.70,0,0,0,0,0,0,0,0.00,4,0,0,0,4,0,4,0.70,48,0,0,0,43,5,48,8.42,0,0,0,0,0,0,0,0.00,1,0,0,0,0,1,1,0.18,27,0,0,0,22,5,27,4.74,0,0,0,0,0,0,0,0.00,0,0,0,0,0,0,0,0.00,1,0,0,0,0,1,1,0.18,10,0,0,0,7,3,10,1.75,,,,,,,,,38,0,0,0,29,9,38,6.67,0,0,0,0,0,0,0,0.00,0,0,0,0,0,0,0,0.00,1042,923,141,1064,180,29,209,36.67,0,0,0,0,0,0,0,0.00,0,0,0,0,0,0,0,0.00,,,,,,,,,1042,923,141,1064,180,29,209,36.67,46,0,0,0,38,9,47,8.25,23,0,0,0,19,4,23,4.04,1396,924,141,1065,454,116,570,1.59,13.29
CITIES:,,TOTAL (CITIES):,0,0,0,0,0,0,0,0.00,124,19,18,37,61,37,98,0.27,27,6,2,8,29,5,34,0.10,0,0,0,0,0,0,0,0.00,2,12,0,12,2,0,2,0.01,161,15,1,16,140,22,162,0.45,314,52,21,73,232,64,296,0.83,17,1,1,2,20,5,25,0.07,1424,13,9,22,1207,275,1482,4.14,1441,14,10,24,1227,280,1507,4.21,730,17,1,18,636,103,739,2.07,12,68,16,84,7,4,11,0.03,58,23,5,28,31,26,57,0.16,70,91,21,112,38,30,68,0.19,1644,44,5,49,1352,308,1660,4.64,382,4,0,4,311,72,383,1.07,2026,48,5,53,1663,380,2043,5.71,257,107,16,123,112,28,140,0.39,19,7,1,8,25,5,30,0.08,134,3,0,3,105,32,137,0.38,1111,31,47,78,255,820,1075,3.01,3085,92,105,197,836,2031,2867,8.01,,,,,,,,,4349,133,153,286,1221,2888,4109,11.49,318,94,22,116,268,41,309,0.86,2234,0,1,1,1928,312,2240,6.26,910,4,10,14,727,183,910,2.54,163,0,1,1,0,160,160,0.45,893,5,0,5,870,16,886,2.48,4200,9,12,21,3525,671,4196,11.73,68,15,9,24,25,19,44,0.12,36,6,0,6,27,4,31,0.09,1065,40,21,61,704,359,1063,2.97,103,18,0,18,65,18,83,0.23,17,0,0,0,13,5,18,0.05,142,3,4,7,84,49,133,0.37,779,6,3,9,562,253,815,2.28,,,,,,,,,2106,67,28,95,1428,684,2112,5.90,7,0,1,1,4,3,7,0.02,81,0,0,0,67,18,85,0.24,53770,38915,7967,46882,8414,1289,9703,27.12,64,0,0,0,54,10,64,0.18,1070,22,1,23,930,130,1060,2.96,,,,,,,,,54904,38937,7968,46905,9398,1429,10827,30.27,6035,12,4,16,4640,1409,6049,16.91,3283,37,12,49,2502,708,3210,8.97,80225,39639,8283,47922,27013,8759,35772,100.00,33.57
