section,sl_no,OF COGNIZARIF CRIMES (IPC) DURING 1996 DACOITY PREPARA- TION AND ROBBERY BURGLARY THEFT,OF COGNIZARIF CRIMES (IPC) DURING 1996 | DACOITY PREPARA- TION AND ROBBERY BURGLARY THEFT,BREACH OF TRUST,col_17,FEITING,col_19,GRIEVOUS DEATHS HURT (20),GRIEVOUS DEATHS HURT (21),TION HARASS-,TION HARASS- | MENT HUSBAND CRIMES CRIMES,BY OR RELATIVES,IPC,"COG, UNDER PC",col_3,wl,col_7,col_8,col_9,anf eal asf aa,col_5,col_6,anf (12),aa,GUJARAT,(2)] (10002),(3) (10003),(4) (10004),(5),(ef,(7) (10007),(3) (10) (11),(14) (12) (9)] (13),anf (11),(3)],Ge} 3 i 29 34 1364 27 52 46 1 25 33 53 36 172,(17) 81 64 3 gg 101 46 A 44 74 21 0 30 6 37 52 10 43 13 73,(18) 389 818 48 904 ฿ 1296 3728 32 14 796 619 855 217 847 FE 4541 12 582 34 56 794 1072 963,(19) 46 64 43 136 264 123 172 42 54 TT 99 40 A,(23) - (20) 22 10 44 42 6 22 Tk 48 fo 15 77 58,(aap anf 180 300 308 333 181 507 293 132 232 101 174 114 364,HY - aj (26)) (Contd...) HNAN. IABAD COMMR -LfiAiABAO ee RURAL mn ek a AONБAY COMMR. eee 1 GADCHIROLI cee a Tae ab eee ETT eee,Tap ay | 19 42 20 67,(5) | 30 RO 16 1 “46: 1 38,(5) | 20 6: 14 9,(6) 25 24:,(7) 28: 3 SE: 13,"(8) 2 ST 12 OR, 1",(12) (9) “Of 15: 16 4,"aay Go, 80 37 OT 134; 5 20 139",(14) (11)) 96 190 31 212,col_10026,(17)],col_10028,col_10029,col_10030,col_10031,col_10032,1241 - (25)],col_10034,"(2) tele: ala, 5",1o 5,4 Sa 2,® 11,[wom 8,e a 3,9 a,Jo ane 4,may (13) fay a,(14) 3 134,(17) 15 125 599 77 i 1602 i,(22) (18) A:,(19) (23) 10 47 40 532 35,(24) (20) ae” 14,"(26) (25) (24) SIKKIM (Contd...) ""110 WEST ee 29 189 710 (TOTAL ee 5783 2622 MGR oe 3875 le 7007",(2) 291 =i,(3) Se 23,7 292 17,® 33 40 aaa,(5) 72 2 2 Saal: <2,(6) 47,(7) (10056),(8) 25 aa,(9) Jon] (12) 2 a 155 18,aay] oa Juo 731 201 56,(2)] (10060),(3) (10061),(4) (10062),(5)],(6),(7) (10065),(8),(9),(10) (12),(4) (13) (11)
-,2,- :ANANTAPUR,497,,,,,,,,,,,,,,,,,,,,,,,,,,,,,,,,,,,,,,,,,,,,,,,,,,,,,,,,,,,,,,,,,,,,,,,,,,,,,,,,,,,,,,,,,,,,
-,3,ICHITTOOR,729,,,,,,,,,,,,,,,,,,,,,,,,,,,,,,,,,,,,,,,,,,,,,,,,,,,,,,,,,,,,,,,,,,,,,,,,,,,,,,,,,,,,,,,,,,,,
:HYDERABAD,9,:KARIMNAGAR,432,,,,,,,,,,,,,,,,,,,,,,,,,,,,,,,,,,,,,,,,,,,,,,,,,,,,,,,,,,,,,,,,,,,,,,,,,,,,,,,,,,,,,,,,,,,,
SECUNDERABAD RLY. ee 8 ee ee a,,"""26",208,16,15,,,211 0,,,18,19,,745 DHEMAJI,,,,,,,43 6,58 2,,,,,,,,,,,,,,,,,,,,,,,,,,,,,,,,,,,,,,,,,,,,,,,,,,,,,,,,,,,,,,,,,,,,,,,,,
SECUNDERABAD RLY. ee 8 ee ee a,,2609 1318 122 B12 1028! 682: 346; 448:,14413,,,,,,,,,,,,,,,,,,,,,,,,,,,,,,,,,,,,,,,,,,,,,,,,,,,,,,,,,,,,,,,,,,,,,,,,,,,,,,,,,,,,,,,,,,,,
DIBANG VALLEY,3,:KAMENG EAST =? ~<6:+~2—~=«O«WWGs~=(“‘«é‘i,10,,,,,,,,,,,,,,,,,,,,,,,,,,,,,,,,,,,,,,,,,,,,,,,,,,,,,,,,,,,,,,,,,,,,,,,,,,,,,,,,,,,,,,,,,,,,
DIBANG VALLEY,4,İKAMENG WEST,15,,,,,,,,,,,,,,,,,,,,,,,,,,,,,,,,,,,,,,,,,,,,,,,,,,,,,,,,,,,,,,,,,,,,,,,,,,,,,,,,,,,,,,,,,,,,
DIBANG VALLEY,5,ILOHIT,42,,,,,,,,,,,,,,,,,,,,,,,,,,,,,,,,,,,,,,,,,,,,,,,,,,,,,,,,,,,,,,,,,,,,,,,,,,,,,,,,,,,,,,,,,,,,
DIBANG VALLEY,6,:PAPUM PARE,64,,,,,,,,,,,,,,,,,,,,,,,,,,,,,,,,,,,,,,,,,,,,,,,,,,,,,,,,,,,,,,,,,,,,,,,,,,,,,,,,,,,,,,,,,,,,
DIBANG VALLEY,7,:SIANG EAST,82,,,,,,,,,,,,,,,,,,,,,,,,,,,,,,,,,,,,,,,,,,,,,,,,,,,,,,,,,,,,,,,,,,,,,,,,,,,,,,,,,,,,,,,,,,,,
DIBANG VALLEY,8,ESIANG UPPER,6,,,,,,,,,,,,,,,,,,,,,,,,,,,,,,,,,,,,,,,,,,,,,,,,,,,,,,,,,,,,,,,,,,,,,,,,,,,,,,,,,,,,,,,,,,,,
:SIANG,10,:SUBANSIRI LOWER a,26,,,,,,,,,,,,,,,,,,,,,,,,,,,,,,,,,,,,,,,,,,,,,,,,,,,,,,,,,,,,,,,,,,,,,,,,,,,,,,,,,,,,,,,,,,,,
:SIANG,11,SUBANSIRI UPPER,16,,,,,,,,,,,,,,,,,,,,,,,,,,,,,,,,,,,,,,,,,,,,,,,,,,,,,,,,,,,,,,,,,,,,,,,,,,,,,,,,,,,,,,,,,,,,
TIRAP ee ae a 3,,:TOTAL,388,,,,,,,,,,,,,,230,145 81,,,444 54,389,296 5066 3727,,-,SS 606,374 83,,452,,,55 27,255 3287 4997,98 13,417,,,,,,,,,,,,,,,,,,,,,,,,,,,,,,,,,,,,,,,,,,,,,,,,,,,,,,,,,,,,
ANDHRA PRADESH,,131,,,a 63,,63,781,5,,4,107,1525,3541 as,,,,,,,,,,,,,,,,,,,,,,,,,,,,,,,,,,,,,,,,,,,,,,,,,,,,,,,,,,,,,,,,,,,,,,,,,,,,,,,,,
a 798 a ee aan ee,,298,,22,165,22,38,wB1;,16,50?,131,80?,2606,5441 icHITTOOR,,,,,,,,,,,,,,,,,,,,,,,,,,,,,,,,,,,,,,,,,,,,,,,,,,,,,,,,,,,,,,,,,,,,,,,,,,,,,,,,,
192 ae 9 48 1046 ur eT it 2689 eee,,106,,,,,23,12521,9-,83,96,ee,2011,5188,,,,,,,,,,,,,,,,,,,,,,,,,,,,,,,,,,,,,,,,,,,,,,,,,,,,,,,,,,,,,,,,,,,,,,,,,,,,,,,,,
192 ae 9 48 1046 ur eT it 2689 eee,,110,,,,,,$27,ae,167,a,,1850,4693,,,,,,,,,,,,,,,,,,,,,,,,,,,,,,,,,,,,,,,,,,,,,,,,,,,,,,,,,,,,,,,,,,,,,,,,,,,,,,,,,
192 ae 9 48 1046 ur eT it 2689 eee,,167,,26,,,116,2050%,18,166,Aaa,,1551,,,,,,,,,,,,,,,,,,,,,,,,,,,,,,,,,,,,,,,,,,,,,,,,,,,,,,,,,,,,,,,,,,,,,,,,,,,,,,,,,,
205 a 620 ae ee 582 le ae 48 a ee,,416,,24,,ga,65,1213,,233,,374,eT,6154 ee,,,,,,,,,,,,,,,,,,,,,,,,,,,,,,,,,,,,,,,,,,,,,,,,,,,,,,,,,,,,,,,,,,,,,,,,,,,,,,,,,
205 a 620 ae ee 582 le ae 48 a ee,,141,,15,,,45,,a,129,ae,73,1352,ae,,,,,,,,,,,,,,,,,,,,,,,,,,,,,,,,,,,,,,,,,,,,,,,,,,,,,,,,,,,,,,,,,,,,,,,,,,,,,,,,,
205 a 620 ae ee 582 le ae 48 a ee,,141 [line 2],,43,nh,11,,2372,,,Kok,,1467,7154 :KRISHNA,,,,,,,,,,,,,,,,,,,,,,,,,,,,,,,,,,,,,,,,,,,,,,,,,,,,,,,,,,,,,,,,,,,,,,,,,,,,,,,,,
205 a 620 ae ee 582 le ae 48 a ee,,145,,10,hn,ae,36,a,ee,104,a 33,44,1227,3155 KURNOOL ee,,,,,,,,,,,,,,,,,,,,,,,,,,,,,,,,,,,,,,,,,,,,,,,,,,,,,,,,,,,,,,,,,,,,,,,,,,,,,,,,,
ae 28 ae ae oa a 162 ee 101 2197 4805 :MAHABOOBNAGAR,,<<,,11,67,,,,ee,90,ae,157,,4832 :MEDAK,66,ae 27,24,,24,36 ae 38 75,,,,,,,,,,,,,,,,,,,,,,,,,,,,,,,,,,,,,,,,,,,,,,,,,,,,,,,,,,,,,,,,,,,,,,,,,,,
ae 28 ae ae oa a 162 ee 101 2197 4805 :MAHABOOBNAGAR,,<< [line 2],,15,,,,,,,,85,,4668 NALGONDA,151,163 10,10 71,23,ee 48,20 64 110,,,,,,,,,,,,,,,,,,,,,,,,,,,,,,,,,,,,,,,,,,,,,,,,,,,,,,,,,,,,,,,,,,,,,,,,,,,
ae 28 ae ae oa a 162 ee 101 2197 4805 :MAHABOOBNAGAR,,‘nmi,,23,Mma 73,,,1004,,166,,,<_<,NELLORE,,,,,,,,,,,,,,,,,,,,,,,,,,,,,,,,,,,,,,,,,,,,,,,,,,,,,,,,,,,,,,,,,,,,,,,,,,,,,,,,,
ae 28 ae ae oa a 162 ee 101 2197 4805 :MAHABOOBNAGAR,,226 ae,,16,ae,,,,,70,a 14,,,3960 :NIZAMABAD,,,,,,,,,,,,,,,,,,,,,,,,,,,,,,,,,,,,,,,,,,,,,,,,,,,,,,,,,,,,,,,,,,,,,,,,,,,,,,,,,
ae 28 ae ae oa a 162 ee 101 2197 4805 :MAHABOOBNAGAR,,110,,12,ae,12,10,745,,102,7,49,,,,,,,,,,,,,,,,,,,,,,,,,,,,,,,,,,,,,,,,,,,,,,,,,,,,,,,,,,,,,,,,,,,,,,,,,,,,,,,,,,,
ae 28 ae ae oa a 162 ee 101 2197 4805 :MAHABOOBNAGAR,,73,,40,,,,677,38,,,,2291,5206 RANGA REDDY,,,,,,,,,,,,,,,,,,,,,,,,,,,,,,,,,,,,,,,,,,,,,,,,,,,,,,,,,,,,,,,,,,,,,,,,,,,,,,,,,
ae 28 ae ae oa a 162 ee 101 2197 4805 :MAHABOOBNAGAR,,73 [line 2],,17,,,,,,60,a ok,,2042,SRIKAKULAM,,,,,,,,,,,,,,,,,,,,,,,,,,,,,,,,,,,,,,,,,,,,,,,,,,,,,,,,,,,,,,,,,,,,,,,,,,,,,,,,,
ae 28 ae ae oa a 162 ee 101 2197 4805 :MAHABOOBNAGAR,,71,,59,201,lee,,,kane,97,ee,170,,5424 :VISAKHA RURAL,,,,,,,,,,,,,,,,,,,,,,,,,,,,,,,,,,,,,,,,,,,,,,,,,,,,,,,,,,,,,,,,,,,,,,,,,,,,,,,,,
ae 28 ae ae oa a 162 ee 101 2197 4805 :MAHABOOBNAGAR,,34,1842,11,,,,,a,a 60,an 28 a,139,1342,2561 ee,,57,OE,,,,,,,1147,,,,,,,,,,,,,,,,,,,,,,,,,,,,,,,,,,,,,,,,,,,,,,,,,,,,,,,,,,,,,,,,,,,,,,,
ae 28 ae ae oa a 162 ee 101 2197 4805 :MAHABOOBNAGAR,,283,,,,,,ae,,89,,“el,1483,3748 eee,,,,,,,,,,,,,,,,,,,,,,,,,,,,,,,,,,,,,,,,,,,,,,,,,,,,,,,,,,,,,,,,,,,,,,,,,,,,,,,,,
ai nee ae on a 18 253 EVIJAYAWADA RLY.,,4058,,,Sa,ET,,,411,2559,994,ee,42066,109759 TOTAL eee,,,,,,,,,,,,,,,,,,,,,,,,,,,,,,,,,,,,,,,,,,,,,,,,,,,,,,,,,,,,,,,,,,,,,,,,,,,,,,,,,
nl ae ae en 21 87 (KAMENG ee,,-,,3,,,,,,,,,55,123 KAMENG WEST,,,,,,,,,,,,,,,,,,,,,,,,,,,,,,,,,,,,,,,,,,,,,,,,,,,,,,,,,,,,,,,,,,,,,,,,,,,,,,,,,
nl ae ae en 21 87 (KAMENG ee,,- [line 2],,21,,,,,,,,,43,156 LOHIT,,,,,,,,,,,,,,,,,,,,,,,,,,,,,,,,,,,,,,,,,,,,,,,,,,,,,,,,,,,,,,,,,,,,,,,,,,,,,,,,,
- 0:0 i a 44 148|SUBANSIRI UPPER,,a,,,,,,,,a 0,0,,19,37TAWANG,118,182 a,a 125,28,97,49 48 125 280,,,,,,,,,,,,,,,,,,,,,,,,,,,,,,,,,,,,,,,,,,,,,,,,,,,,,,,,,,,,,,,,,,,,,,,,,,,
cat) a ot 0: 39 150 TIRAP ere,,,,,a,ae,,,,29,,4,666,1927|TOTAL,,,,,,,,,,,,,,,,,,,,,,,,,,,,,,,,,,,,,,,,,,,,,,,,,,,,,,,,,,,,,,,,,,,,,,,,,,,,,,,,,
ASSAM,1,:BARPETA,,,,,,,,,,,,,41,,32 29,,,LO: <=,,,,,,,,,,,,,,,,,,,,,,,,,,,,,,,,,,,,,,,,,,,,,,,,,,,,,,,,,,,,,,,,,,,,,,,,,,,
ASSAM,2,ag > Mae,,,,,,,,,,,,,47,11,13 31,23,,10 TR? 36 90 209,,,,,,,,,,,,,,,,,,,,,,,,,,,,,,,,,,,,,,,,,,,,,,,,,,,,,,,,,,,,,,,,,,,,,,,,,,,
ASSAM,,ag > Mae [line 2],,,,,,,,,,,,,52,9,32 109,109,,26 22 235 484,,,,,,,,,,,,,,,,,,,,,,,,,,,,,,,,,,,,,,,,,,,,,,,,,,,,,,,,,,,,,,,,,,,,,,,,,,,
ASSAM,,ag > Mae [line 3],,,,,,,,,,,,,106,29,25 41,27,14,54 82 149 261,,,,,,,,,,,,,,,,,,,,,,,,,,,,,,,,,,,,,,,,,,,,,,,,,,,,,,,,,,,,,,,,,,,,,,,,,,,
ASSAM,,ag > Mae [line 4],,,,,,,,,,,,,19,11,30 39,29,10,22 27 50 122,,,,,,,,,,,,,,,,,,,,,,,,,,,,,,,,,,,,,,,,,,,,,,,,,,,,,,,,,,,,,,,,,,,,,,,,,,,
ASSAM,6,:DHUBRI,,,,,,,,,,,,,58,,36 43,37,,22 4 Maes 68 188,,,,,,,,,,,,,,,,,,,,,,,,,,,,,,,,,,,,,,,,,,,,,,,,,,,,,,,,,,,,,,,,,,,,,,,,,,,
ASSAM,,ae,,,,,0,,,,,,327,792 GODDA,96,11,46,40,,21 145 352,,,,,,,,,,,,,,,,,,,,,,,,,,,,,,,,,,,,,,,,,,,,,,,,,,,,,,,,,,,,,,,,,,,,,,,,,,,
ASSAM,8,GOALPARA,,,,,,,,,,,,,,a:,15,a 13,a 2,24 aa 13 a 77 111,,,,,,,,,,,,,,,,,,,,,,,,,,,,,,,,,,,,,,,,,,,,,,,,,,,,,,,,,,,,,,,,,,,,,,,,,,,
ASSAM,,al a,,,,,,,,,,,,,67,26 an,24,a 46,a 12,19 54 116 266,,,,,,,,,,,,,,,,,,,,,,,,,,,,,,,,,,,,,,,,,,,,,,,,,,,,,,,,,,,,,,,,,,,,,,,,,,,
ASSAM,10,:HAILAKANDI,,,,,,,,,,,,,29 7,34 es,25 25,25,0,ee 105 220,,,,,,,,,,,,,,,,,,,,,,,,,,,,,,,,,,,,,,,,,,,,,,,,,,,,,,,,,,,,,,,,,,,,,,,,,,,
ASSAM,11,:HAILAKANDI [line 2],,,,,,,,,,,,,61 0,19,33 42,32,10,14 77 326,,,,,,,,,,,,,,,,,,,,,,,,,,,,,,,,,,,,,,,,,,,,,,,,,,,,,,,,,,,,,,,,,,,,,,,,,,,
ASSAM,12,:HAILAKANDI [line 3],,,,,,,,,,,,,86,28 10,40 165,154,11,123 me 190 788 2011,,,,,,,,,,,,,,,,,,,,,,,,,,,,,,,,,,,,,,,,,,,,,,,,,,,,,,,,,,,,,,,,,,,,,,,,,,,
ASSAM,,ANGLONG,,,,,,,,,,,,,40,,29,5,24,30 49 74 176,,,,,,,,,,,,,,,,,,,,,,,,,,,,,,,,,,,,,,,,,,,,,,,,,,,,,,,,,,,,,,,,,,,,,,,,,,,
ASSAM,14,KARIMGANJ,,,,,,,,,,,,,,ae,a,30,,119 206,,,,,,,,,,,,,,,,,,,,,,,,,,,,,,,,,,,,,,,,,,,,,,,,,,,,,,,,,,,,,,,,,,,,,,,,,,,
ASSAM,15,:KOKRAJHAR,,,,,,,,,,,,,183,,,,a,=u|ua 86,,,,,,,,,,,,,,,,,,,,,,,,,,,,,,,,,,,,,,,,,,,,,,,,,,,,,,,,,,,,,,,,,,,,,,,,,,,
16 :LAKHIMPUR 44 a 15 ae a 41 ae a 122,,ae,,,,,,,,,,,,,12,,13 30,27,31,21 ol 52,,,,,,,,,,,,,,,,,,,,,,,,,,,,,,,,,,,,,,,,,,,,,,,,,,,,,,,,181,a 183,45,43,74,49,,,72,330,,,,,,,,,,
16 :LAKHIMPUR 44 a 15 ae a 41 ae a 122,18,IN.C. HILLS,,,,,,,,,,,,,11,,,,,13 6 17,,,,,,,,,,,,,,,,,,,,,,,,,,,,,,,,,,,,,,,,,,,,,,,,,,,,,,,,,,,,,,,,,,,,,,,,,,,
16 :LAKHIMPUR 44 a 15 ae a 41 ae a 122,19,NAGAON,,,,,,,,,,,,,109,a 38 ee,,124,,157 ae 86 305 511,,,,,,,,,,,,,,,,,,,,,,,,,,,,,,,,,,,,,,,,,,,,,,,,,,,,,,,,,,,,,,,,,,,,,,,,,,,
20 NALBARI 78 a 27 a a ee el ee 50 a 150 a,21,•SIBSAGAR,,,,,,,,,,,,,47,13,49,60,ee,27 eee 77,,,,,,,,,,,,,,,,,,,,,,,,,,,,,,,,,,,,,,,,,,,,,,,,,,,,,,,,,,,,,,,,,,,,,,,,,,,
20 NALBARI 78 a 27 a a ee el ee 50 a 150 a,22,:SONITPUR,,,,,,,,,,,,,78,43,41 75,62,13,75 253,,,,,,,,,,,,,,,,,,,,,,,,,,,,,,,,,,,,,,,,,,,,,,,,,,,,,,,,,,,,,,,,,,,,,,,,,,,
20 NALBARI 78 a 27 a a ee el ee 50 a 150 a,23,:TINSUKIA,,,,,,,,,,,,,117,0,38 45,,,OR 158 436,,,,,,,,,,,,,,,,,,,,,,,,,,,,,,,,,,,,,,,,,,,,,,,,,,,,,,,,,,,,,,,,,,,,,,,,,,,
20 NALBARI 78 a 27 a a ee el ee 50 a 150 a,,TOTAL a,,,,,,,,,,,,,1435,ae 409 a 33,580 1190,,206,1063 3516,,,,,,,,,,,,,,,,,,,,,,,,,,,,,,,,,,,,,,,,,,,,,,,,,,,,,,,,,,,,,,,,,,,,,,,,,,,
20 NALBARI 78 a 27 a a ee el ee 50 a 150 a,,i :ARARIA,,,,,,,,,,,,,,,ee,,30,40 140 205,,,,,,,,,,,,,,,,,,,,,,,,,,,,,,,,,,,,,,,,,,,,,,,,,,,,,,,,,,,,,,,,,,,,,,,,,,,
20 NALBARI 78 a 27 a a ee el ee 50 a 150 a,,i :ARARIA [line 2],,,,,,,,,,,,,,10,a,eee,11,71 mee,,,,,,,,,,,,,,,,,,,,,,,,,,,,,,,,,,,,,,,,,,,,,,,,,,,,,,,,,,,,,,,,,,,,,,,,,,,
20 NALBARI 78 a 27 a a ee el ee 50 a 150 a,5,i :ARARIA [line 3],,,,,,,,,,,,,48,,63,,54,12 ae: 40 ce,,,,,,,,,,,,,,,,,,,,,,,,,,,,,,,,,,,,,,,,,,,,,,,,,,,,,,,,,,,,,,,,,,,,,,,,,,,
20 NALBARI 78 a 27 a a ee el ee 50 a 150 a,7,:BHABHUA,,,,,,,,,,,,,45,41 11,10oa,,3,42 a 60 209,,,,,,,,,,,,,,,,,,,,,,,,,,,,,,,,,,,,,,,,,,,,,,,,,,,,,,,,,,,,,,,,,,,,,,,,,,,
20 NALBARI 78 a 27 a a ee el ee 50 a 150 a,8,:BHAGALPUR,,,,,,,,,,,,,155 2,81,,26,,145 352,,,,,,,,,,,,,,,,,,,,,,,,,,,,,,,,,,,,,,,,,,,,,,,,,,,,,,,,,,,,,,,,,,,,,,,,,,,
20 NALBARI 78 a 27 a a ee el ee 50 a 150 a,9,:BHOJPUR,,,,,,,,,,,,,143,135,24 49,,,49 42 128 295,,,,,,,,,,,,,,,,,,,,,,,,,,,,,,,,,,,,,,,,,,,,,,,,,,,,,,,,,,,,,,,,,,,,,,,,,,,
10 BOKARO 70 78 i ee a ee 49 el 160,11,:BUXAR,,,,,,,,,,,,,91,39,,1u18,,70 185,,,,,,,,,,,,,,,,,,,,,,,,,,,,,,,,,,,,,,,,,,,,,,,,,,,,,,,,,,,,,,,,,,,,,,,,,,,
131 CHATRA 24 ee ee ee ee eee,14,:DARBHANGA ee,,,,,,,,,,,,,35,163 10,,,,28 46 363,,,,,,,,,,,,,,,,,,,,,,,,,,,,,,,,,,,,,,,,,,,,,,,,,,,,,,,,,,,,,,,,,,,,,,,,,,,
131 CHATRA 24 ee ee ee ee eee,15,:DARBHANGA ee [line 2],,,,,,,,,,,,,61,10,15,,lee,34 aaa 31 136 213,,,,,,,,,,,,,,,,,,,,,,,,,,,,,,,,,,,,,,,,,,,,,,,,,,,,,,,,,,,,,,,,,,,,,,,,,,,
131 CHATRA 24 ee ee ee ee eee,16,:DHANBAD,,,,,,,,,,,,,93,84 12,34 67,58,,62 71 254 649,,,,,,,,,,,,,,,,,,,,,,,,,,,,,,,,,,,,,,,,,,,,,,,,,,,,,,,,,,,,,,,,,,,,,,,,,,,
131 CHATRA 24 ee ee ee ee eee,5,a,,,ae,wr,Co,46 13,,,35,50,877,2570 BOKARO,82,31 15 8,35 32,32,,29 42 119,,,,,,,,,,,,,,,,,,,,,,,,,,,,,,,,,,,,,,,,,,,,,,,,,,,,,,,,,,,,,,,,,,,,,,,,,,,
131 CHATRA 24 ee ee ee ee eee,18,GARHWA,,,,,,,,,,,,,32,90,,,la,28 14,,,,,,,,,,,,,,,,,,,,,,,,,,,,,,,,,,,,,,,,,,,,,,,,,,,,,,,,,,,,,,,,,,,,,,,,,,,
131 CHATRA 24 ee ee ee ee eee,19,EGAYA,,,,,,,,,,,,,173,62,15 42,12,30,135 2 133 177 387,,,,,,,,,,,,,,,,,,,,,,,,,,,,,,,,,,,,,,,,,,,,,,,,,,,,,,,,,,,,,,,,,,,,,,,,,,,
131 CHATRA 24 ee ee ee ee eee,20,EGAYA [line 2],,,,,,,,,,,,,53,11 26,35 18,11,,22 95 215,,,,,,,,,,,,,,,,,,,,,,,,,,,,,,,,,,,,,,,,,,,,,,,,,,,,,,,,,,,,,,,,,,,,,,,,,,,
131 CHATRA 24 ee ee ee ee eee,21,EGAYA [line 3],,,,,,,,,,,,,54,60,23 15,12,,18 20 61 106,,,,,,,,,,,,,,,,,,,,,,,,,,,,,,,,,,,,,,,,,,,,,,,,,,,,,,,,,,,,,,,,,,,,,,,,,,,
131 CHATRA 24 ee ee ee ee eee,22,GOPALGANJ,,,,,,,,,,,,,87,ee 59 a,20,22,25,ee 176,,,,,,,,,,,,,,,,,,,,,,,,,,,,,,,,,,,,,,,,,,,,,,,,,,,,,,,,,,,,,,,,,,,,,,,,,,,
131 CHATRA 24 ee ee ee ee eee,23,:GUMLA ae,,,,,,,,,,,,,127,35,98 40,39,,46 63 100,,,,,,,,,,,,,,,,,,,,,,,,,,,,,,,,,,,,,,,,,,,,,,,,,,,,,,,,,,,,,,,,,,,,,,,,,,,
131 CHATRA 24 ee ee ee ee eee,24,:HAZARIBAGH,,,,,,,,,,,,,134,21,39 28,22,a,51 3 82 150 г 419,,,,,,,,,,,,,,,,,,,,,,,,,,,,,,,,,,,,,,,,,,,,,,,,,,,,,,,,,,,,,,,,,,,,,,,,,,,
131 CHATRA 24 ee ee ee ee eee,25,:JAMSHEDPUR,,,,,,,,,,,,,71,68,54,54,,175 577,,,,,,,,,,,,,,,,,,,,,,,,,,,,,,,,,,,,,,,,,,,,,,,,,,,,,,,,,,,,,,,,,,,,,,,,,,,
131 CHATRA 24 ee ee ee ee eee,26,57°,,,,,,,,,,,,,49,82 WA 8,TR 24,GE,6,19 G3 18 56 89,,,,,,,,,,,,,,,,,,,,,,,,,,,,,,,,,,,,,,,,,,,,,,,,,,,,,,,,,,,,,,,,,,,,,,,,,,,
131 CHATRA 24 ee ee ee ee eee,27,:JEHANABAD el ae,,,,,,,,,,,,,,64,30,,a,50 a a 205,,,,,,,,,,,,,,,,,,,,,,,,,,,,,,,,,,,,,,,,,,,,,,,,,,,,,,,,,,,,,,,,,,,,,,,,,,,
,4,2+,,-,,,,or ee,,,,,,ASSAM,,3,52,76 LEH,,,,ees,,,,,,,,,,,,,,,,,,,,,,,,,,,,,,,,,,,,,,,,,,,,,,,,,,,,,,,,,,,,,,,,,,,,,,,,,
,,255,,10,13,,22,79,,,34 3,20,515,1494 BАRРЕТА,,,,,,,,,,,,,,,,,,,,,,,,,,,,,,,,,,,,,,,,,,,,,,,,,,,,,,,,,,,,,,,,,,,,,,,,,,,,,,,,,
,,117,,18,12,,65,a 81 aa 2,,,a 23,20,a,a oe,,,,,,,,,,,,,,,,,,,,,,,,,,,,,,,,,,,,,,,,,,,,,,,,,,,,,,,,,,,,,,,,,,,,,,,,,,,,,,,,,
,,- Sa,,46,23,oe,69,208,,,65,71,ae,,,,,,,,,,,,,,,,,,,,,,,,,,,,,,,,,,,,,,,,1,1,AML,,-,,,289 IG.R.P,,,,,,,,,,,,,,,,,,,,,,,,,,,,,,,,,,,
,,69,,18,15,,15,188,,,32,,,1183 :DARRANG,,,,,,,,,,,,,,,,,,,,,,,,,,,,,,,,,,,,,,,,,,,,,,,,,,,,,,,,,,,,,,65,19,4,,eee,,16,40 Ye,,10 4691,,,,,,,,,,
,,373,,15,29,,22,226 3,,,agi Of.,42,gat?,1422,,,,,,,,,,,,,,,,,,,,,,,,,,,,,,,,,,,,,,,,,,,,,,,,,,,,,,,,,,,,,,,,,,,,,,,,,,,,,,,,,
,,12,,17,13,,17,378,,,22,22,,1551 :DIBRUGARH,,,,,,,,,,,,,,,,,,,,,,,,,,,,,,,,,,,,,,,,,,,,,,,,,,,,,,,,,,,,,,,,,,,,,,,,,,,,,,,,,
,,168,,,,,,37,,,a a,19,,694 GOALPARA,,,,,,,,,,,,,,,,,,,,,,,,,,,,,,,,,,,,,,,,,,,,,,,,,,,,,,,,,,,,,,,,,,,,,,,,,,,,,,,,,
,,55,,,18,,43,244,,,16,16,,1324 :GOLAGHAT,,,,,,,,,,,,,,,,,,,,,,,,,,,,,,,,,,,,,,,,,,,,,,,,,,,,,,,,,,,,,,,,,,,,,,,,,,,,,,,,,
,,aa,,,18,aa,56,192,,,23 0,ee,,1192 :HAILAKANDI,,,,,,,,,,,,,,,,,,,,,,,,,,,,,,,,,,,,,,,,,,,,,,,,,,,,,,,,,,,,,,,,,,,,,,,,,,,,,,,,,
,,“yoo: 100,,20,20,,21,120,,,10,22,«417?,«1446,,,,,,,,,,,,,,,,,,,,,,,,,,,,,,,,,,,,,,,,,,,,,,,,,,,,,,,,,,,,,,,,,,,,,,,,,,,,,,,,,
,,408,,93,116,35,18,460 2,,,34 a,26,,6340 KAMRUP,,,,,,,,,,,,,,,,,,,,,,,,,,,,,,,,,,,,,,,,,,,,,,,,,,,,,,,,,,,,,,,,,,,,,,,,,,,,,,,,,
a ee 109 ae 30 eee 771 MORIGAON ee,,,,,,,,22,,,4 ee 0,0,,176 N.C. HILLS,110,32,,,,,ed,18,,,,,,,,,,,,,,,,,,,,,,,,,,,,,,,,,,,,,,,,,,,,,,,,,,,,,,,,,,,,,,,,,,,,,,,,,
a ee 109 ae 30 eee 771 MORIGAON ee,,302,,,,,,228 ae,,,62 ae,66,,3223 :NAGAON ee,,,,,,,,,,,,,,,,,,,,,,,,,,,,,,,,,,,,,,,,,,,,,,,,,,,,,,,,,,,,,,,,,,,,,,,,,,,,,,,,,
39 a a 2 a 1041 NALBARI,,88,,,,,,2,,,Me 23,a 47,,1723 SIBSAGAR ee,,,,,,,,,,,,,,,,,,,,,,,,,,,,,,,,,,,,,,,,,,,,,,,,,,,,,,,,,,,,,,,,,,,,,,,,,,,,,,,,,
39 a a 2 a 1041 NALBARI,,153,,7,,,,388 a,,,38,a 31,,2426 SONITPUR ae,,,,,,,,,,,,,,,,,,,,,,,,,,,,,,,,,,,,,,,,,,,,,,,,,,,,,,,,,,,,,,,,,,,,,,,,,,,,,,,,,
39 a a 2 a 1041 NALBARI,,66 a),,,ae,ee),,265,,,36,29,,1764 TINSUKIA,,,,,,,,,,,,,,,,,,,,,,,,,,,,,,,,,,,,,,,,,,,,,,,,,,,,,,,,,,,,,,,,,,,,,,,,,,,,,,,,,
ae ee ee 569 553 36430 TOTAL ee,,..,,1,,3,,,,,,,925,,5264,4637,2378,,2450,,,1453,228 ee,6563,,,,,,,,,,,,,,,,,,,,,,,,,,,,,,,,,,,,,,,,,,,,,,,,,,,,,,,,,,,,,,,,,,,,,,,
a a i ae 1106 BAGAHA,,a,,,,,,,,,ee,19,843,1635 BANKA,,,,,,,,,,,,,,,,,,,,,,,,,,,,,,,,,,,,,,,,,,,,,,,,,,,,,,,,,,,,,,,,,,,,,,,,,,,,,,,,,
ee nee) ne ae a a 682 2049 BETTIAН,,,,,,,,a 95,,,a 5,,497,1378 era,,,,,,,,,,,,,,,,,,,,,,,,,,,,,,,,,,,,,,,,,,,,,,,,,,,,,,,,,,,,,,,,,,,,,,,,,,,,,,,,,
ee nee) ne ae a a 682 2049 BETTIAН,, [line 2],,,,nae,,76,,,12 5,1000,,2861 :BHAGALPUR,444,668,at,46,a 95,,36,21,a 310,ee,&,,,,,,,,,,,,,,,,,,,,,,,,,,,,,,,,,,,,,,,,,,,,,,,,,,,,,,,,,,,,,,,,,,,,,,
ae on SY a 538 oe,,,,13,«27;,,,,,,37,O42?,348,1675,,,,,,,,,,,,,,,,,,,,,,,,,,,,,,,,,,,,,,,,,,,,,,,,,,,,,,,,,,,,,,,,,,,,,,,,,,,,,,,,,
ae on SY a 538 oe,,a,,,,,,,,,20 a,a 48,ae 581,1592 DEOGHAR,,,,,,,,,,,,,,,,,,,,,,,,,,,,,,,,,,,,,,,,,,,,,,,,,,,,,,,,,,,,,,,,,,,,,,,,,,,,,,,,,
135 a a 0 i: 812 3 1619 DUMKA ee!,,=<,,,,,,,,,ee,,380,753 GARHWA,,,,,,,,,,,,,,,,,,,,,,,,,,,,,,,,,,,,,,,,,,,,,,,,,,,,,,,,,,,,,,,,,,,,,,,,,,,,,,,,,
135 a a 0 i: 812 3 1619 DUMKA ee!,,438,,,53,,,,,,a,,1243,2893 CAYA,,,,,,,,,,,,,,,,,,,,,,,,,,,,,,,,,,,,,,,,,,,,,,,,,,,,,,,,,,,,,,,,,,,,,,,,,,,,,,,,,
269 12 a a 1264 2077 GIRIDIH ee,,at,,,40,,30,460 a,,,51,18,a,1401 GOPALGANJ,,,,,,,,,,,,,,,,,,,,,,,,,,,,,,,,,,,,,,,,,,,,,,,,,,,,,,,,,,,,,,,,,,,,,,,,,,,,,,,,,
269 12 a a 1264 2077 GIRIDIH ee,,80,,,14,,,,,,ca,,691,1321 GUMLA,,,,,,,,,,,,,,,,,,,,,,,,,,,,,,,,,,,,,,,,,,,,,,,,,,,,,,,,,,,,,,,,,,,,,,,,,,,,,,,,,
269 12 a a 1264 2077 GIRIDIH ee,27,86,,,37,,19,244 16,,,16,32,ae 875,ae,,64,2259,5339 :BELGAUM ae,,,,121,,,,,,,,,,,,,,,,,,,,,,,,,,,,,,,,,,,,,,,,,,,,,,,,,,,,,,,,,,,,,,,,,,,,,,,,,
- 116 107 ae a a a 1109 2379 Oe,,a,,,,,,a,,,,41,612,1160 :JAMUI,,,,,,,,,,,,,,,,,,,,,,,,,,,,,,,,,,,,,,,,,,,,,,,,,,,,,,,,,,,,,,,,,,,,,,,,,,,,,,,,,
BIHAR (Contd...),,“29 EKHAGARIA,,,,,,,,,,,,,83,wii,9 i,3,4 wi,,of,ie,2] 17,7 13,,,,,,,,,,,,,,,,,,,,,,,,,,,,,,,,,,,,,,,,,,,,,,,,,,,,,,,,,,,,,,,,,,,,,,,
BIHAR (Contd...),30,KISHANGANJ,,,,,,,,,,,,,34,15,55,40,15 37,,4?,70,He 14,52 91,,,,,,,,,,,,,,,,,,,,,,,,,,,,,,,,,,,,,,,,,,,,,,,,,,,,,,,,,,,,,,,,,,,,,,,
BIHAR (Contd...),31,KODARMA,,,,,,,,,,,,,17,7?,7,4,17,,Et,,18,26 Pos.,,,,,,,,,,,,,,,,,,,,,,,,,,,,,,,,,,,,,,,,,,,,,,,,,,,,,,,,,,,,,,,,,,,,,,,
BIHAR (Contd...),32,a 4,,,,,,,,,,,,,89,137,31,,ar 35,,,7,23,41,,,,,,,,,,,,,,,,,,,,,,,,,,,,,,,,,,,,,,,,,,,,,,,,,,,,,,,,,,,,,,,,,,,,,,,
BIHAR (Contd...),33,:LOHARDAGGA,,,,,,,,,,,,,41,22,11,ee,15,,gi,8,es 31,20 47,,,,,,,,,,,,,,,,,,,,,,,,,,,,,,,,,,,,,,,,,,,,,,,,,,,,,,,,,,,,,,,,,,,,,,,
BIHAR (Contd...),34,MADHEPURA,,,,,,,,,,,,,51,46,36,,23,,,,26,47,,,,,,,,,,,,,,,,,,,,,,,,,,,,,,,,,,,,,,,,,,,,,,,,,,,,,,,,,,,,,,,,,,,,,,,
BIHAR (Contd...),35,MADHEPURA [line 2],,,,,,,,,,,,,96,104,34,+= 24,10 33,,22,22?,12 25,310 498,,,,,,,,,,,,,,,,,,,,,,,,,,,,,,,,,,,,,,,,,,,,,,,,,,,,,,,,,,,,,,,,,,,,,,,
BIHAR (Contd...),36,MADHEPURA [line 3],,,,,,,,,,,,,97,75,a 72,a 40,a 32 31,,9,48,ee 48,125,,,,,,,,,,,,,,,,,,,,,,,,,,,,,,,,,,,,,,,,,,,,,,,,,,,,,,,,,,,,,,,,,,,,,,,
BIHAR (Contd...),37,MUNGER,,,,,,,,,,,,,112,106,94,17,77 34,,,14,a 60,203,,,,,,,,,,,,,,,,,,,,,,,,,,,,,,,,,,,,,,,,,,,,,,,,,,,,,,,,,,,,,,,,,,,,,,,
BIHAR (Contd...),38,re,,,,,,,,,,,,,,92,48,16,32 127,,23,102,159,279,,,,,,,,,,,,,,,,,,,,,49 207,207,,ee,37,416,,,,,,,,,,,,,,,,,,,,,,,,,,,,,,,,,,,,,,,,,,,,,
BIHAR (Contd...),39,NALANDA,,,,,,,,,,,,,163,222,70,22,48 45,,,16,61,125,,,,,,,,,,,,,,,,,,,,,,,,,,,,,,,,,,,,,,,,,,,,,,,,,,,,,,,,,,,,,,,,,,,,,,,
BIHAR (Contd...),40,NAUGACHIA,,,,,,,,,,,,,65,53,23,,18 19,,,6,27,11 55,,,,,,,,,,,,,,,,,,,,,,,,,,,,,,,,,,,,,,,,,,,,,,,,,,,,,,,,,,,,,,,,,,,,,,,
BIHAR (Contd...),41,NAWADAH,,,,,,,,,,,,,67,50,,,Te,,16,,eT,ee,,,,,,,,,,,,,,,,,,,,,,,,,,,,,,,,,,,,,,,,,,,,,,,,,,,,,,,,,,,,,,,,,,,,,,,
42 35 12 aa ae sas ee,,PURNEA,,,,,,,,,,,,,109,207,54,22,32 61,,,,,,,,,,,,,,,,,,,,,,,,,,,,,,,,,,,,,,,,,,,,,,,,,,,,,,,,,,,,,,,,,,,,,,,,,,,,
42 35 12 aa ae sas ee,,PURNEA [line 2],,,,,,,,,,,,,314,151,,34,14 74,,28,,,,,,,,,,,,,,,,,,,,,,,,,,,,,,,,,,,,,,,,,,,,,,,,,,,,,,,,,,,,,,,,,,,,,,,,,,
42 35 12 aa ae sas ee,,ee,,,,,,,,,,,,,,49,,38,56 107,,12,,aes,,,,,,,,,,,,,,,,,,,,,,,,,,,,,,,,,,,,,,,,,,,,,,,,,,,,,,,,,,,,,,,,,,,,,,,,
48 SAHARSA 27 17 ee ae 28 an a,,oe,,,,,,,,,,,,,55,71,23,a 18,an 21,,9,a 31,aC,,,,,,,,,,,,,,,,,,,,,,,,,,,,,,,,,,,,,,302 339,54 ฿,69,108,83,25,22,276,670,1251,,,,,,,,,,,,,,,,,,,,,,,,,
48 SAHARSA 27 17 ee ae 28 an a,50,SAMASTIPUR,,,,,,,,,,,,,124,151,27,,74,,35,35,ame 83,ae ae,,,,,,,,,,,,,,,,,,,,,,,,,,,,,,,,,,,,,,,,,,,,,,,,,,,,,,,,,,,,,,,,,,,,,,,
48 SAHARSA 27 17 ee ae 28 an a,51,SARAN,,,,,,,,,,,,,117,272,,48,98,,29,,,,,,,,,,,,,,,,,,,,,,,,,,,,,,,,,,,,,,,,,,,,,,,,,,,,,,,,,,,,,,,,,,,,,,,,,,
48 SAHARSA 27 17 ee ae 28 an a,53,SHEOHAR,,,,,,,,,,,,,13,,,,,,,,,,,,,,,,,,,,,,,,,,,,,,,,,,,,,,,,,,,,,,,,,,,,,,,,,,,,,,,,,,,,,,,,,,,,,,,,
48 SAHARSA 27 17 ee ae 28 an a,,ae;,,,,,ee:,33,,a 22,,,369,622 KULLU ee,,35,,,ee 35,,on,25,,88,,,,,,,,,,,,23,32,,67,,163,NE RURAL,,,,,,,,,,,87,,,101,18,i,elo,"463 1281 (LUBHIANA""",,,,,,,,,,,,,,,,136,110,,46,,ee,26,37,82,38 ae,,,,,,,,,,
48 SAHARSA 27 17 ee ae 28 an a,,ae [line 2],,,,,,,,,,,,,97,,a,16,21 80,,,,81,190,,,,,,,,,,,,,,,,,,,,,,,,,,,,,,,,,,,,,,,,,,,,,,,,,,,,,,,,,,,,,,,,,,,,,,,
48 SAHARSA 27 17 ee ae 28 an a,,ae [line 3],,,,,,,,,,,,,43,46,-,16,40,,a,,ee,ee,,,,,,,,,,,,,,,,,,,,,,,,,,,,,,,,,,,,,,,,,,,,,,,,,,,,,,,,,,,,,,,,,,,,,,,
48 SAHARSA 27 17 ee ae 28 an a,,ae [line 4],,,,,,,,,,,,,92,25,,a,16,,68,ee,19,a,,,,,,,,,,,,,,,,,,,,,,,,,,,,,,,,,,,,,,,,,,,,,,,,,,,,,,,,,,,,,,,,,,,,,,,
48 SAHARSA 27 17 ee ae 28 an a,,(ion RLY.,,,,,,,,,,,,,,,,,i 20,,,,16,,,,,,,,,,,,,,,,,,,,,,,,,,,,,,,,,,,,,,,,,,,,,,,,,,,,,,,,,,,,,,,,,,,,,,,,
48 SAHARSA 27 17 ee ae 28 an a,,(ion RLY. [line 2],,,,,,,,,,,,,,,,,22,,,,ae,ae,,,,,,,,,,,,,,,,,,,,,,,,,,,,,,,,,,,,,,,,,,,,,,,,,,,,,,,,,,,,,,,,,,,,,,,
48 SAHARSA 27 17 ee ae 28 an a,,RLY.,,,,,,,,,,,,,,,,,2,,2,,188,ae a,,,,,,,,,,,,,,,,,,,,,,,,,,,,,,,,,,,,,,,,,,,,,,,,,,,,,,,,,,,,,,,,,,,,,,,
INioiNio!- a ae ae ae,62,:MUZAFFARPUR,,,,,,,,,,,,,,,,,,,,2,ea,ae,,,,,,,,,,,,,,,,,,,,,,,,,,,,,,,,,,,,,,,,,,,,,,,,,,,,,,,,,,,,,,,,,,,,,,,
63 :PATNA RLY. a,1,:NORTH GOA,,,,,,,,,,,,,13,8,a,a,ae on,,,,a 35,325 402,,,,,,,,,,,,,,,,,,,,,,,,,,,,,,,,,,,,,,,,,,,,,,,,,,,,,,,,,,,,,,,,,,,,,,,
63 :PATNA RLY. a,2,SOUTH GOA gees,,,,,,,,,,,,,17,3,,,ee? ae,,,2,oe ee 36,207 335,,,,,,,,,,,,,,,,,,,,,,,,,,,,,,,,,,,,,,,,,,,,,,,,,,,,,,,,,,,,,,,,,,,,,,,
TOTAL en 30 11 a 10 a 13 a a aa ae,1,:AHMEDABAD COMMR.,,,,,,,,,,,,,95,58,122,89,33 24,,,13,225,705 3851,,,,,,,,,,,,,,,,,,,,,,,,,,,,,,,,,,,,,,,,,,,,,,,,,,,,,,,,,,,,,,,,,,,,,,,
TOTAL en 30 11 a 10 a 13 a a aa ae,2,AHMEDABAD RURAL,,,,,,,,,,,,,53,35,52,19,33 28,,ar,11,50,99 317,,,,,,,,,,,,,,,,,,,,,,,,,,,,,,,,,,,,,,,,,,,,,,,,,,,,,,,,,,,,,,,,,,,,,,,
TOTAL en 30 11 a 10 a 13 a a aa ae,,ci,,,,,,,,,,,,,,,,,,,2,,,16,,,,,,,,,,,,,,,,,,,,,,,,,,,,,,,,,,,,,,,,,,,,,,,,,,,,,,,,,,,,,,,,,,,,,,,
TOTAL en 30 11 a 10 a 13 a a aa ae,4,:AMRELI,,,,,,,,,,,,,29,16,14,12,2,,,a,27,133 183,,,,,,,,,,,,,,,,,,,,,,,,,,,,,,,,,,,,,,,,,,,,,,,,,,,,,,,,,,,,,,,,,,,,,,,
TOTAL en 30 11 a 10 a 13 a a aa ae,5,:ANAND,,,,,,,,,,,,,40,,52,50,17,,,15,22,215 542,,,,,,,,,,,,,,,,,,,,,,,,,,,,,,,,,,,,,,,,,,,,,,,,,,,,,,,,,,,,,,,,,,,,,,,
TOTAL en 30 11 a 10 a 13 a a aa ae,,iC,,,,,,,,,,,,,39,31,45,43,12,,a,9,0 92,257 611,,,,,,,,,,,,,,,,,,,,,,,,,,,,,,,,,,,,,,,,,,,,,,,,,,,,,,,,,,,,,,,,,,,,,,,
TOTAL en 30 11 a 10 a 13 a a aa ae,7,BHARUCH,,,,,,,,,,,,,78,24,53,49,4 25,,0,18,ae a 43,289 719,,,,,,,,,,,,,,,,,,,,,,,,,,,,,,,,,,,,,,,,,,,,,,,,,,,,,,,,,,,,,,,,,,,,,,,
TOTAL en 30 11 a 10 a 13 a a aa ae,8,BHAVNAGAR,,,,,,,,,,,,,68,26,60,49,ae,,0,12,54,218 553,,,,,,,,,,,,,,,,,,,,,,,,,,,,,,,,,,,,,,,,,,,,,,,,,,,,,,,,,,,,,,,,,,,,,,,
TOTAL en 30 11 a 10 a 13 a a aa ae,9,:GANDHINAGAR ee,,,,,,,,,,,,,12,6,a 13,a),a 11,,0,,10,100 558,,,,,,,,,,,,,,,,,,,,,,,,,,,,,,,,,,,,,,,,,,,,,,,,,,,,,,,,,,,,,,,,,,,,,,,
TOTAL en 30 11 a 10 a 13 a a aa ae,,:GANDHINAGAR ee [line 2],,,,,,,,,,,,,43,21,28,25,eR,,0,20,18,218 334,,,,,,,,,,,,,,,,,,,,,,,,,,,,,,,,,,,,,,,,,,,,,,,,,,,,,,,,,,,,,,,,,,,,,,,
TOTAL en 30 11 a 10 a 13 a a aa ae,11,:GANDHINAGAR ee [line 3],,,,,,,,,,,,,53,43,35,29,,,,,a 30,216 435,,,,,,,,,,,,,,,,,,,,,,,,,,,,,,,,,,,,,,,,,,,,,,,,,,,,,,,,,,,,,,,,,,,,,,,
TOTAL en 30 11 a 10 a 13 a a aa ae,12,KHEDA NORTH,,,,,,,,,,,,,43,10,42,42,ae,,0,11,21,170 446,,,,,,,,,,,,,,,,,,,,,,,,,,,,,,,,,,,,,,,,,,,,,,,,,,,,,,,,,,,,,,,,,,,,,,,
BIHAR (Contd...),,303,,,,0,,,,,,,545,1269 KHAGARIA,,,,,,,,,,,,,,,,,,,,,,,,,,,,,,,,,,,,,,,,,,,,,,,,,,,,,,,,,,,,,,,,,,,,,,,,,,,,,,,,,
BIHAR (Contd...),,186,,18,17,Of,Of,0,,oO;,11,0,721,1315,,,,,,,,,,,,,,,,,,,,,,,,,,,,,,,,,,,,,,,,,,,,,,,,,,,,,,,,,,,,,,,,,,,,,,,,,,,,,,,,,
BIHAR (Contd...),,- 88,,,6,Of,7],119,BE,7,0,9,175,644,,,,,,,,,,,,,,,,,,,,,,,,,,,,,,,,,,,,,,,,,,,,,,,,,,,,,,,,,,,,,,,,,,,,,,,,,,,,,,,,,
BIHAR (Contd...),,84,,4,16,,,,,,,0,370,995 :LAKHISARAI,,,,,,,,,,,,,,,,,,,,,,,,,,,,,,,,,,,,,,,,,,,,,,,,,,,,,,,,,,,,,,,,,,,,,,,,,,,,,,,,,
BIHAR (Contd...),,- ari,,9,6,)0=—COOE,,,0,of,1,0},184,431,,,,,,,,,,,,,,,,,,,,,,,,,,,,,,,,,,,,,,,,,,,,,,,,,,,,,,,,,,,,,,,,,,,,,,,,,,,,,,,,,
BIHAR (Contd...),,238,,34,24,,,10,46,,,,654,1362 MADHEPURA,,,,,,,,,,,,,,,,,,,,,,,,,,,,,,,,,,,,,,,,,,,,,,,,,,,,,,,,,,,,,,,,,,,,,,,,,,,,,,,,,
BIHAR (Contd...),,376,,88,40,,,,,,,,1563,3223 MADHUBANI,,,,,,,,,,,,,,,,,,,,,,,,,,,,,,,,,,,,,,,,,,,,,,,,,,,,,,,,,,,,,,,,,,,,,,,,,,,,,,,,,
BIHAR (Contd...),,276,,71,60,Of;,2,915,,2 wi,1,0,1054,3228 MOTIHARI,,,,,,,,,,,,,,,,,,,,,,,,,,,,,,,,,,,,,,,,,,,,,,,,,,,,,,,,,,,,,,,,,,,,,,,,,,,,,,,,,
BIHAR (Contd...),,365,,35,62,,,,24,,,,907,2235 MUNGER,,,,,,,,,,,,,,,,,,,,,,,,,,,,,,,,,,,,,,,,,,,,,,,,,,,,,,,,,,,,,,,,,,,,,,,,,,,,,,,,,
BIHAR (Contd...),,435,,,,,,88,17,48,,51,2082,4146 MUZAFFARPUR,,,,,,,,,,,,,,,,,,,,,,,,,,,,,,,,,,,,,,,,,,,,,,,,,,,,,,,,,,,,,,,,,,,,,,,,,,,,,,,,,
“Yea: 43: 436: + +O: + Of Of 36; 3: 0: 0? 2693: 3835:NALANDA,,,,,,,,,,,,,215,657 NAUGACHIA,,,,,,,,,,,,27,3,,a 27,22,,,a 219 316,,,,,,,,,,,,,,,,,,,,,,,,,,,,,,,,,,,,,,,,,,,,,,,,,,,,,,,,,,,,,,
“Yea: 43: 436: + +O: + Of Of 36; 3: 0: 0? 2693: 3835:NALANDA,,"""451:",,21,,34 Of,Of,400,wi,o},1,60,660,1831 :NAWADAH,,,,,,,,,,,,,,,,,,,,,,,,,,,,,,,,,,,,,,,,,,,,,,,,,,,,,,,,,,,,,,,,,,,,,,,,,,,,,,,,,
“Yea: 43: 436: + +O: + Of Of 36; 3: 0: 0? 2693: 3835:NALANDA,,"""451: [line 2]",,,,7,,,,,,a,206,513 oO,,,,,,,,,,,,,,,,,,,,,,,,,,,,,,,,,,,,,,,,,,,,,,,,,,,,,,,,,,,,,,,,,,,,,,,,,,,,,,,,,
“Yea: 43: 436: + +O: + Of Of 36; 3: 0: 0? 2693: 3835:NALANDA,,263,,,ee,,,,,8,of,0,1103,1878,,,,,,,,,,,,,,,,,,,,,,,,,,,,,,,,,,,,,,,,,,,,,,,,,,,,,,,,,,,,,,,,,,,,,,,,,,,,,,,,,
“Yea: 43: 436: + +O: + Of Of 36; 3: 0: 0? 2693: 3835:NALANDA,,"""430:",,231,«#4118;,22,45,809,60,82,1,76,2451,8156 :PATNA,,,,,,,,,,,,,,,,,,,,,,,,,,,,,,,,,,,,,,,,,,,,,,,,,,,,,,,,,,,,,,,,,,,,,,,,,,,,,,,,,
ae a a 1314 2990 PURNEA,,“98:,,48,tea;,2,3,1,10+,,,32,1359,3961,,,,,,,,,,,,,,,,,,,,,,,,,,,,,,,,,,,,,,,,,,,,,,,,,,,,,,,,,,,,,,,,,,,,,,,,,,,,,,,,,
ae a a 1314 2990 PURNEA,,oa:,,,,o77i~=<~CMdSE;C<«<‘éiECO*«iS,,,- EO!,,18,,1356,3236 ¡ROHTAS,,,,,,,,,,,,,,,,,,,,,,,,,,,,,,,,,,,,,,,,,,,,,,,,,,,,,,,,,,,,,,,,,,,,,,,,,,,,,,,,,
ae a a 1314 2990 PURNEA,,oa: [line 2],,,,,,,,,,,961,1400 :SAHARSA,,,,,,,,,,,,,,,,,,,,,,,,,,,,,,,,,,,,,,,,,,,,,,,,,,,,,,,,,,,,,,,,,,,,,,,,,,,,,,,,,
ae a a 1314 2990 PURNEA,,oa: [line 3],,,a,,,,a,,,,148,628 :SAHEBGANJ,,,,,,,,,,,,,,,,,,,,,,,,,,,,,,,,,,,,,,,,,,,,,,,,,,,,,,,,,,,,,,,,,,,,,,,,,,,,,,,,,
cae aa nn 10010o 1193 2973 :SAMASTIPUR ae,,,,,,,,,,,a,,2415,4154 :SARAN ee,,,,,,,,,,,,30,ae,,35,a 31,a,,.5,,,,,,,,,,,,,,,,,,,,,,,,,,,,,,,,,,,,,,,,,,,,,,,,,,,,,,,,,,,,,,
28 a an ae 257 449 :SHEOHAR,,,,,,,1010,,,,a,,1144,2052 SITAMARHI ae,,,,,,,,,,,-,123,80,,157,125,a 32,a a,oe,,,,,,,,,,,,,,,,,,,,,,,,,,,,,,,,,,,,,,,,,,,,,,,,,,,,,,,,,,,,,,
a a a ae a 15 570 1584 SUPAUL a,,Ga,,,2,,,,,,,,2087,3195 VAISHALI,,,,,,,,,,,,,,,,,,,,,,,,,,,,,,,,,,,,,,,,,,,,,,,,,,,,,,,,,,,,,,,,,,,,,,,,,,,,,,,,,
a oe a on a 63 245 JAMSHEDPUR RLY ae,,,,,,,,,,,,,113,404 KATIHAR RLY.,,,,,,,,,,,,,,,,,,,,,,,,,,,,,,,,,,,,,,,,,,,,,,,,,,,,,,,,,,,,,,,,,,,,,,,,,,,,,,,,,
ee” (et a a 170 853 PATNA RLY.,,sat,,1693,,,441,48051,ee,,107,675,50658117017,TOTAL,,,,,,,,,,,,,,,,,,,,,,,,,,,,,,,,,,,,,,,,,,,,,,,,,,,,,,,,,,,,,,,,,,,,,,,,,,,,,,,,,
ee” (et a a 170 853 PATNA RLY.,,117,,17,27 1,SO,10,117,S,SU,,,465,1584 NORTH GOA,,,,,,,,,,,,,,,,,,,,,,,,,,,,,,,,,,,,,,,,,,,,,,,,,,,,,,,,,,,,,,,,,,,,,,,,,,,,,,,,,
ee” (et a a 170 853 PATNA RLY.,,67,,14,27,3,,105,,,4,2,363,1214 SOUTH GOA,,,,,,,,,,,,,,,,,,,,,,,,,,,,,,,,,,,,,,,,,,,,,,,,,,,,,,,,,,,,,,,,,,,,,,,,,,,,,,,,,
ee” (et a a 170 853 PATNA RLY.,,a,,31,a 54,5,19,222,,17,7,13,828,2798|TOTAL ee,,,,,,,,,,,,a 34,20,14,22,13,9,0,8 122 97,,,,,,,,,,,,,,,,,,,,,,,,,,,,,,,,,,,,,,,,,,,,,,,,,,,,,,,,,,,,,,
ee” (et a a 170 853 PATNA RLY.,,185,,136,305,,a,1663,12,35,27,323,7441,15244 AHMEDABAD COMMR.,,,,,,,,,,,,,,,,,,,,,,,,,,,,,,,,,,,,,,,,,,,,,,,,,,,,,,,,,,,,,,,,,,,,,,,,,,,,,,,,,
ee” (et a a 170 853 PATNA RLY.,,- 91,,80,124,31,ae,592,,40,,64,2532,4179 1 eee,,,,,,,,,,,,,,,,,,,,,,,,,,,,,,,,,,,,,,,,,,,,,,,,,,,,,,,,,,,,,,,,,,,,,,,,,,,,,,,,,
S 2 27 a ee ae a 3 a 73: 152 AHWA-DANG,,29,,18,16,a 6,10,373,,25,a,56,1265,2209 AMRELI,,,,,,,,,,,,,,,,,,,,,,,,,,,,,,,,,,,,,,,,,,,,,,,,,,,,,,,,,,,,,,,,,,,,,,,,,,,,,,,,,
S 2 27 a ee ae a 3 a 73: 152 AHWA-DANG,,64,,161,a 155,,33,865,ee,a 81,,196,2553,5026 ANAND,,,,,,,,,,,,,,,,,,,,,,,,,,,,,,,,,,,,,,,,,,,,,,,,,,,,,,,,,,,,,,,,,,,,,,,,,,,,,,,,,
S 2 27 a ee ae a 3 a 73: 152 AHWA-DANG,,64 [line 2],,65,,G1,,1553,,55,,125,1628,4914:BANASKANTHA,,,,,,,,,,,,,,,,,,,,,,,,,,,,,,,,,,,,,,,,,,,,,,,,,,,,,,,,,,,,,,,,,,,,,,,,,,,,,,,,,
S 2 27 a ee ae a 3 a 73: 152 AHWA-DANG,,oes,,76,251,,84,796,,65,,92,3503,6259 :BHARUCH,,,,,,,,,,,,,,,,,,,,,,,,,,,,,,,,,,,,,,,,,,,,,,,,,,,,,,,,,,,,,,,,,,,,,,,,,,,,,,,,,
S 2 27 a ee ae a 3 a 73: 152 AHWA-DANG,247,126,,146,132,16,63,101,13,47,3,77,2920,4643 BHAVNAGAR,,,,,,,,,,,,,,,,,,,,,,,,,,,,,,,,,,,,,,,,,,,,,,,,,,,,,,,,,456 67,,le,146,1757 5228AGRA,,,,,,,,,,,,,,,,,,,,
S 2 27 a ee ae a 3 a 73: 152 AHWA-DANG,,a 37 a,,11,32,,,a 183,on,,an,31,1068,2091 ae,,,,,,,,,,,,,,,,,,,,,,,,,,,,,,,,,,,,,,,,,,,,,,,,,,,,,,,,,,,,,,,,,,,,,,,,,,,,,,,,,
S 2 27 a ee ae a 3 a 73: 152 AHWA-DANG,13,42,,93,,,,474,ee,a 24,a,220,2486,4197 JAMNAGAR,,70,1265,3918 GULBARGA,,,alee,60,,,,,,,,,,,,,,,,,,,,,,,,,,,,,,,,,,,,,,,,,,,,,,,,,,,,,,,,,,,,,,,,,,,,,,,,,
S 2 27 a ee ae a 3 a 73: 152 AHWA-DANG,,42 [line 2],,116,125,ae 6,16,914,11,34,ee 4,159,2263,4580 JUNAGADH,,,,,,,,,,,,,,,,,,,,,,,,,,,,,,,,,,,,,,,,,,,,,,,,,,,,,,,,,,,,,,,,,,,,,,,,,,,,,,,,,
S 2 27 a ee ae a 3 a 73: 152 AHWA-DANG,,78 a,,72,133,a,16,฿,,52,,96 ฿,2721,4517KHEDA NORTH,,,,,,,,,,,,,,,,,,,,,,,,,,,,,,,,,,,,,,,,,,,,,,,,,,,,,,,,,,,,,,,,,,,,,,,,,,,,,,,,,
,,13 KUTCH,,,,,,,,,,,,,,,,,,,,,,,,32,24,18,30,23,,13,19 162 303,,,,,,,,,,,,,,,,,,,,,,,,,,,,,,,,,,,,,,,,,,,,,,,,,,,,,,,,,,,,,,
,,14 TMEHSANA,,,,,,,,,,,,,,,,,,,,,,,,=? 57,BO OF,7 g,89,86,3,14 4 },60 236 958,,,,,,,,,,,,,,,,,,,,,,,,,,,,,,,,,,,,,,,,,,,,,,,,,,,,,,,,,,,,,,
,,15 :PANCHMAHALS,,,,,,,,,,,,,,,,,,,,,,,,88,29,,,33,11,41,101 278 476,,,,,,,,,,,,,,,,,,,,,,,,,,,,,,,,,,,,,,,,,,,,,,,,,,,,,,,,,,,,,,
,,“16,,,,,,,,,,,,,,,,,,,,,,,,24,23 0,OF 7,28,25,,7 0,19 130 473,,,,,,,,,,,,,,,,,,,,,,,,,,,,69 64,,,15,,4,,19,151,406,,,,,,,,,,,,,,,,,,,,,,,,,
"“17 =? 9? - 7? Of 8?) CE 1, 52 85",499,18,,,,,,,,,,,,,,,4214,7607 KOLLAM,,,,102,,,,32,19,0 3,26,i9;,6,4 0,27 270 608,,,,,,,,,,23,ea,,,,,se,a,27,,,,,,,,,,,,,,,,,,,,112,,,aes,732 eee,,,,,,,,,,,,,,,,,,,,
"“17 =? 9? - 7? Of 8?) CE 1, 52 85",,19 RAJKOT RURAL,,,,,,,,,,,,,,,,,,,,,,,,45,48,20,,31,,11,39 267 631,,,,,,,,,,,,,,,,,,,,,,,,,,,,,,,,,,,,,,,,,,,,,,,,,,,,,,,,,,,,,,
"“17 =? 9? - 7? Of 8?) CE 1, 52 85",32,20,,,,,,,,,,,,,,,465,,,,,,,,,i 56},10,Oj 13,51,51,0,10,024? 155 294,,,,,,,,,,,,,,,,,,,,,,,,,,,,,,,,,,,,,,,,,,,,,,,,,,,,,,,,,,,,,,
"“17 =? 9? - 7? Of 8?) CE 1, 52 85",,21 SURAT,,,,,,,,,,,,,,,,,,,,,,,,,28,17,49,27,22,29 lee,67 475 1457,,,,,,,,,,,,,,,,,,,,,,,,,,,,,,,,,,,,,,,,,,,,,,,,,,,,,,,,,,,,,,
"“17 =? 9? - 7? Of 8?) CE 1, 52 85",,21 SURAT [line 2],,,,,,,,,,,,,,,,,,,,,,,,69,12,11,32,30,2,7,88 191,,,,,,,,,,,,,,,,,,,,,,,,,,,,,,,,,,,,,,,,,,,,,,,,,,,,,,,,,,,,,,
"“17 =? 9? - 7? Of 8?) CE 1, 52 85",54,“23,,,,,,,,,,,,,30,12,,,,,,10,a,260,,31,21,18,23,17,6 ES,3 0,44 128 268,N:,,,,,,,,,31,20,,,,,0,25,25,,,,,,,,,,,,,,,,,,,,1234,51,aa,a 31,1631 4359 TRICHY,,,,,,,,,,,,,,,,,,,,
"“17 =? 9? - 7? Of 8?) CE 1, 52 85",486,24,,,,,,,,,,,,,,45,3335,5801 MALAPPURAM,,,ee,160,,,,44,23,,eee,7,15,,423 1442,,,,,,,,,,,,,,,,,,,,,,,,,,,,,,,,,,,,,,,,,,,,,,,,,,,,,,,,,,,,,,
"“17 =? 9? - 7? Of 8?) CE 1, 52 85",10,25,,,,,,,,,,,,,,95,,ee,,,,83,,,,109,32,,,,,ar,122 409,,,,,,,,,,,,,,,,,,,,,,,,,,,,,,,,,,,,,,,,,,,,,,,,,,,,,,,,,,,,,,
"“17 =? 9? - 7? Of 8?) CE 1, 52 85",,26 VALSAD,,,,,,,,,,,,,,,,,,,,,,,,68,11,a,ee,,,,468,,,,,,,,,,,,,,,,,,,,,,,,,,,,,,,,,,,,,,,,,,,,,,,,,,,,,,,,,,,,,,
"“17 =? 9? - 7? Of 8?) CE 1, 52 85",,es W.RLY,,,,,,,,,,,,,,,,,,,,,,,1,15,4 al,,,,,ee,980,,,,,,,,,,,,,,,,,,,,,,,,,,,,,,,,,,,,,,,,,,,,,,,,,,,,,,,,,,,,,,
"“17 =? 9? - 7? Of 8?) CE 1, 52 85",,es W.RLY [line 2],,,,,,,,,,,,,,,,,,,,,,,,1338,621 11,RST,1055,864,191,371 Sr,2 ae 7608,,,,,,,,,,,,,,,,,,,,,,,,,,,,,,,,,,,,,,,,,,,,,,,,,,,,,,,,,,,,,,
"“17 =? 9? - 7? Of 8?) CE 1, 52 85",,2 :BHIWANI,,,,,,,,,,,,,,,,,,,,,,,,37,ae,a),12,,,Lwio,162 163,,,,,,,,,,,,,,,,,,,,,,,,,,,,,,,,,,,,,,,,,,,,,,,,,,,,,,,,,,,,,,
"“17 =? 9? - 7? Of 8?) CE 1, 52 85",,2 :BHIWANI [line 2],,,,,,,,,,,,,,,,,,,,,,,,66,51 10,,80,,25,16,ee ec,,,,,,,,,,,,,,,,,,,,,,,,,,,,,,,,,,,,,,,,,,,,,,,,,,,,,,,,,,,,,,
"“17 =? 9? - 7? Of 8?) CE 1, 52 85",,4 :CURGAON,,,,,,,,,,,,,,,,,,,,,,,,44,43,alal,44,28,16,8,263 560,,,,,,,,,,,,,,,,,,,,,,,,,,,,,,,,,,,,,,,,,,,,,,,,,,,,,,,,,,,,,,
"“17 =? 9? - 7? Of 8?) CE 1, 52 85",,4 :CURGAON [line 2],,,,,,,,,,,,,,,,,,,,,,,,58,51 12,,58,39,19,ee,oe oe 406,,,,,,,,,,,,,,,,,,,,,,,,,,,,,,,,,,,,,,,,,,,,,,,,,,,,,,,,,,,,,,
"“17 =? 9? - 7? Of 8?) CE 1, 52 85",,4 :CURGAON [line 3],,,,,,,,,,,,,,,,,,,,,,,,31,19,,,10,,,20 180 160,,,,,,,,,,,,,,,,,,,,,,,,,,,,,,,,,,,,,,,,,,,,,,,,,,,,,,,,,,,,,,
"“17 =? 9? - 7? Of 8?) CE 1, 52 85",,4 :CURGAON [line 4],,,,,,,,,,,,,,,,,,,,,,,,18,16,14,12,,,,89 131,,,,,,,,,,,,,,,,,,,,,,,,,,,,,,,,,,,,,,,,,,,,,,,,,,,,,,,,,,,,,,
"“17 =? 9? - 7? Of 8?) CE 1, 52 85",,4 :CURGAON [line 5],,,,,,,,,,,,,,,,,,,,,,,,44,22,,ee,ee,2 12,2,304 394,,,,,,,,,,,,,,,,,,,,,,,,,,,,,,,,,,,,,,,,,,,,,,,,,,,,,,,,,,,,,,
"“17 =? 9? - 7? Of 8?) CE 1, 52 85",,9 :KURUKSHETRA,,,,,,,,,,,,,,,,,,,,,,,,em 13,RE,,11,1,2,Ws,162,,,,,,,,,,,,,,,,,,,,,,,,,,,,,,,,,,,,,,,,,,,,,,,,,,,,,,,,,,,,,,
"“17 =? 9? - 7? Of 8?) CE 1, 52 85",,10 MAHENDRAGARH,,,,,,,,,,,,,,,,,,,,,,,,12,MN 2,2,,6,2,,65 82,,,,,,,,,,,,,,,,,,,,,,,,,,,,,,,,,,,,,,,,,,,,,,,,,,,,,,,,,,,,,,
"“17 =? 9? - 7? Of 8?) CE 1, 52 85",,10 MAHENDRAGARH [line 2],,,,,,,,,,,,,,,,,,,,,,,,ae a,,,17,12,5,,se,,,,,,,,,,,,,,,,,,,,,,,,,,,,,,,,,,,,,,,,,,,,,,,,,,,,,,,,,,,,,,
"“17 =? 9? - 7? Of 8?) CE 1, 52 85",,12 :PANIFAT,,,,,,,,,,,,,,,,,,,,,,,,29,11 a,,18,12,,,215 259,,,,,,,,,,,,,,,,,,,,,,,,,,,,,,,,,,,,,,,,,,,,,,,,,,,,,,,,,,,,,,
"“17 =? 9? - 7? Of 8?) CE 1, 52 85",,13 :REWARI,,,,,,,,,,,,,,,,,,,,,,,,34,5,13,,2,,ee,102 132,,,,,,,,,,,,,,,,,,,,,,,,,,,,,,,,,,,,,,,,,,,,,,,,,,,,,,,,,,,,,,
"“17 =? 9? - 7? Of 8?) CE 1, 52 85",280,14,,,,,,,,,,,,,,,,,,,,,,,,,,41,44,,,,37 334 449,,,,,,,,,,65,28,6 ie:,381 107,4%,7 4,,122,256,,,,,,,,,,,,,,,,,,,,4,61,,,1480 2773 (RAMNATHAPURAM eee,,,,,,,,,,,,,,,,,,,,
"“17 =? 9? - 7? Of 8?) CE 1, 52 85",,16 :SONIPAT,,,,,,,,,,,,,,,,,,,,,,,,52,26,16,a,23,10,ae,on 18 285,,,,,,,,,,,,,,,,,,,,,,,,,,,,,,,,,,,,,,,,,,,,,,,,,,,,,,,,,,,,,,
"“17 =? 9? - 7? Of 8?) CE 1, 52 85",,16 :SONIPAT [line 2],,,,,,,,,,,,,,,,,,,,,,,,22,5,,,,,Se,ee 226,,,,,,,,,,,,,,,,,,,,,,,,,,,,,,,,,,,,,,,,,,,,,,,,,,,,,,,,,,,,,,
"“17 =? 9? - 7? Of 8?) CE 1, 52 85",,18 :CRP,,,,,,,,,,,,,,,,,,,,,,,,,,,,,,,148,,,,,,,,,,,,,,,,,,,,,,,,,,,,,,,,,,,,,,,,,,,,,,,,,,,,,,,,,,,,,,
a 6 a a oo 48,26,5,,,,,,,,,,,,,,0 19,a 634,1005 KATHUA ee,,,,6,,,77,MORAGA,AAR,,,,,See -,20,,,,,,,,,,,,,,,,,,,,,,,,,,,,,,,,,,,,,,,,,,,,,,,,,,,,,,,,,,,,,,
a 6 a a oo 48,,"""6",5,,,,,,,,,,,,4,2,,,,Oo:,,ge,2,3,511,13,1,,13,,,GL RS,c 53,0},,,,,,,,,,,,,,,,,,,,,,,,,,,,,,,,,,,,,,,,,,,,,,,,,,,,,,,,,,,,,
a 6 a a oo 48,,7 :LAHAUL-SPITI,,,,,,,,,,,,,,,,,,,,,,,,a),0,,,,,,0 2,,,,,,,,,,,,,,,,,,,,,,,,,,,,,,,,,,,,,,,,,,,,,,,,,,,,,,,,,,,,,,
8 EMANDI le a ae 9: ee le ee 110 84,,ca 9 SHIMLA,,,,,,,,,,,,,,,,,,,,,,,,,21 Wa,,19,,6,,2 188 180,,,,,,,,,,,,,,,,,,,,,,,,,,,,,,,,,,,,,,,,,,,,,,,,,,,,,,,,,,,,,,
8 EMANDI le a ae 9: ee le ee 110 84,,10,,,,,,,,,,,,,,,6,6,,,RE 48,5,90 156,,,,a,17,19,15,a 4,1,eee 46,,109,,,,,,,,,,,,,,,,,,,,,,,,,,,,,,,,,,,,,,,,,,,,,,,,,,,,,,,,,,,,
8 EMANDI le a ae 9: ee le ee 110 84,,11 :SOLAN,,,,,,,,,,,,,,,,,,,,,,,,1,9,17,16,12,4,en,ee 105,,,,,,,,,,,,,,,,,,,,,,,,,,,,,,,,,,,,,,,,,,,,,,,,,,,,,,,,,,,,,,
8 EMANDI le a ae 9: ee le ee 110 84,,11 :SOLAN [line 2],,,,,,,,,,,,,,,,,,,,,,,5,aa,- ak,a,,es,,0 ek 5,2 32 34,,,,,,,,,,,,,,,,,,,,,,,,,,,,,,,,,,,,,,,,,,,,,,,,,,,,,,,,,,,,,,
13 :G.R.P. 1S 0 SORA) ek ee,,1 :ANANTNAG,,,,,,,,,,,,,,,,,,,,,,,,239,47,,49,34,,,97 269 115,,,,,,,,,,,,,,,,,,,,,,,,,,,,,,,,,,,,,,,,,,,,,,,,,,,,,,,,,,,,,,
13 :G.R.P. 1S 0 SORA) ek ee,,1 :ANANTNAG [line 2],,,,,,,,,,,,,,,,,,,,,,,,68,19 ee 0,ee,34,31,ok,ol,,,,,,,,,,,,,,,,,,,,,,,,,,,,,,,,,,,,,,,,,,,,,,,,,,,,,,,,,,,,,,,
GUJARAT (Contd...),,@,,21,87,6,,416,5,23,a,a,1995,3313 KUTCH,124,55,,,,,,ge,,220,,,,,,,,,,,,,,,,,,,,,,,,,,,,,,,,,,,,,,,,,,,,,,,,,,,,,,,,,,,,,,,,,,,,,,,
GUJARAT (Contd...),,- [line 2],,97,189,,23,756,,61,,121,3675,6580 MEHSANA,40,,27,27,,,49,51,26 245 179,304 400,,,,,,,,,,a 4 a,127,,,,,,,,5,aS,,,,,34,317,,33,,,,ee 82,4,154,lo ce,4534,,,,,,,,,,,,,,,,,,,,,,,,,,,,,,,,,,,
GUJARAT (Contd...),, [line 3],,59,20,,68,1084,ae,114,2,36,1758,4322 PANCHMAHALS,,,,,,,,,,,,,,,,,,,,,,,,,,,,,43,SE,113,,,Re,57,193,,10,a,,a,36,3,50,a,2235 eee,,,,,,,,,,,,,,,,,,,,,,,,,,,,,,,,,,,
GUJARAT (Contd...),, [line 4],,70,ae:,,,471,a,en 38,,87,1508,3047 PATAN ee,,,,,,,,,,,,,,,,,,,,,,,,,,,,,,,,,,,,,,36,,10,,92,19,50,,6342 1BHARA TPUR,,,,,,,,,,,,,,,,,,,,,,,,,,,,,,,,,,,
GUJARAT (Contd...),,- a,,94,28,,2,106,,8,a,ae 35,705,1162 PORBANDAR,15,35,11,11,,a,,15 20 *,,,,,,,,,,,,a,,,,,,,,,,,,,,,,,,,,,,,,,,,,,,,,,,,,,,,,,,,,,,,,,,,,,,,,,,,,,
GUJARAT (Contd...),18,a [line 2],,30,45,,ae,293,,20,,107,1977,,21,48,,,,,a 0,,,126,,,,,,,,,,,,,2,,38,,41,eee eee,,,,,,,,,,,,,,,,,,,,,,,,,,,,,,,,,,,,,,,,,,,,,,,,,,,,,
GUJARAT (Contd...),,a [line 3],,95,90,4,15,725,a,50,3,118,3075,5338 RAJKOT RURAL,,,,,,,,,,,,,,,,,,,,,,36,,640 14,36,,82,eee eee,,,,,,,,,,,,,,,,,,,,,,,,,,,,,,,,,,,,,,,,,,,,,,,,,,,,,
GUJARAT (Contd...),,a [line 4],,80,75,,15,395,a,49,aaa,156,2603,4057 ere,,,,,,,,,,,,,,,,,,,,,,,,,,,,,,,,,,,,,,,,,,,,,,,,,,,,,,,,,,,,,,,,,,,,,,,,,,,,,,,,,
GUJARAT (Contd...),,a,,58,342,2,iM,617,36,18,,174,,4899:SURAT ee,,,,,,,,,,,,,,,,,,,,,,,,,,,,,,,,,,,,,,35,222,,a,a,a 12,86,Ta,4174,,,,,,,,,,,902,57,32,ae,1354 3466 [KAMARAJAR,8500,8261,1332,a,3931,2501,,1146,113 5395,,,,,,,,,,,
GUJARAT (Contd...),,a [line 2],,54,96,,12,323,0,,,10,1935,2946SURAT RURAL,,,,,,,,,,,,,,,,,,,,,,,,,,,,,,,,,,,,,,,,,,,,,,,,,,,,,,,,,,,,,,,,,,,,,,,,,,,,,,,,,
GUJARAT (Contd...),23,7,,44,74,,12,584,Gt,40,,46,1244,3339 ee,,,,Ss,,,30,,,,,,,,,,,,,Se,34,,,,,,,,,,,,,,,,,,,,,,,,,,,,,,,,,,,,,,,,,,,,,,,,,,,,,,,,,,,,
GUJARAT (Contd...),,7 [line 2],,143,317,a,10,427,6,a 40,,130,3549,6924 VADODARA COMMR.,,,,,,,,,,,,,,,,,,,,,,,,,,,,,,,,,,,,,,,,,,,,,,,,,,,,,,,,,,,,,,,,,,,,,,,,,,,,,,,,,
GUJARAT (Contd...),,7 [line 3],,112,92,,39,954,,a 103,an,58,2504,4726 VADODARA RURAL,,,,,,,,,,,,,,,,,,,,,,,,,,,,,,,,,,,,,,,,,,,,,,,,,,,,,,,,,,,,,,,,,,,,,,,,,,,,,,,,,
GUJARAT (Contd...),,7 [line 4],,,,,ee,493,,,,50,2391,4090,,,,,,,,,,,,,,,,,,,,,,,,,,,,,,,,,,,,,,,,,,,,,,,,,,,,,,,,,,,,,,,,,,,,,,,,,,,,,,,,,
a3 eae 2 ae 63 a ae an 324 1509 W.RLY,,ee Rati i:,,,,,,15831,,1077,aCe,2666,61708,117821 TOTAL ee,,,,,,,,,,,,,,,,,,,,,,,,,,,,,,,,,,,,,,,,,,,,,,,,,,,,,,,,,,,,,,,,,,,,,,,,,,,,,,,,,
a3 eae 2 ae 63 a ae an 324 1509 W.RLY,,-,,,,,,,a,23,Gee,39,756,,,38 7,,,eee 5,-,,,ae,154 54 213,,,,,,,,,,a,,,,,,,,,,,,,,,,,,,,,,,,,,,,,,,,,,,,,,,,,,,,,,,,,,,,,,,,,,,,,
a3 eae 2 ae 63 a ae an 324 1509 W.RLY,,- [line 2],,,,,,,,38,,38,877,1850 ee,,,,,,,,,,,,,,,,,,,,,,,,,,,,,,,,,,,,,,61,331,ne,48,318,on 13 a,142,a a,7715 KOTA en,,,,,,,,,,,,,,,,,,,,,,,,,,,,,,,,,,,
a3 eae 2 ae 63 a ae an 324 1509 W.RLY,,a,,,,a,on,,,52,224,86,2634,5327 FARIDABAD,,,,,,,,,,,,,,,,,,,,,,,,,,,,,,,,,,,,,,,,,,,,39,ne,2758,,,,,,,,,,,592,oe 10,a,a,2296,,,,,,,,,,,,,,,,,,,,
ae a ae 2 ae eae 37 ae 33 938 3423 GURGAON,739,30,,,,,aa,“ait”,16,65,a,0,1012,3046 (HISSAR een,,,,,,,,,,,,,,,,,,,,,,,,,,,,,,,,,,,,,,,,,,,,,,,2 2 7,SUR,WOE,1,RG,RL,,10,,,969,92,35,,3925 7698,,,,,,,,,,,,,,,,,,,,
ae a ae 2 ae eae 37 ae 33 938 3423 GURGAON,,128,,,,,,322,17,36,30,25,412,1497 JIND ee,,,,,,,,,,,,,,,,,,,,,,,,,,,,,,,,,,,,,,,,,,,,,,,,,,,,,,,,,,,,,,,,,,,,,,,,,,,,,,,,,
ae a ae 2 ae eae 37 ae 33 938 3423 GURGAON,,"as,",,,,,,,,15,,,328,a :KAITHAL,,(22),(25),(26),,,(23),(24),,,,,,,,,,,,,,,,,,,,,,,,,,,,,,,,,,,,,,,,,,,,,,,,,,,,,,,,,,,,,,,,,,,,,,,,,
82 ee a a 30 30 25 ee eee,34,-,,,,,,,13,18,,22,635,130 eee,,,,,,,,,,,,,,,,,,,,,,,,,,,,,,,,,,,,,,,,,,,,,,,,,,,,,,,,,,,,,,,,,,,,,,,,,,,,,,,,,
82 ee a a 30 30 25 ee eee,,- [line 2],,,,EE,,,,14,,11,393,735 PANCHKULA ee,,,,,,,,,,,,,,,,,,,,,,,,,,,,,,,,,,,,,,,,,,,,,,,,,,,,,,,,,,,,,,,,,,,,,,,,,,,,,,,,,
82 ee a a 30 30 25 ee eee,,a,,,,,,,,16,22,19,584,1385 :PANIPAT,,,,,,,,,,,,,,,,,,,,,,,,,,,,,,,,,,,,,,10,119,,27 1a,402,,23,ee,3208 ee,,,,,,,,,,,,,,,,,,,,,,,,,,,,,,,,,,,
82 ee a a 30 30 25 ee eee,,a [line 2],,,,,,,,22,,14,494,1076 REWARI,,,,,,,,,,,,,,,,,,,,,,,,,,,,,,,,,,,,,,,,,,,,,,,,,,,,,,,,,,,,,,,,,,,,,,,,,,,,,,,,,
82 ee a a 30 30 25 ee eee,,a [line 3],,,,,,,,,,48,1023,2655 кондк,,,,,,,,,,,,,,,,,,,,,,,,,,,,,,,,,,,,,,,,,,,,,,,,,,,,,,,,,,,,,,,,,,,,,,,,,,,,,,,,,
82 ee a a 30 30 25 ee eee,696,a,,,ae,0,,,ae,26,,25,a 450,1254 SIRSA,,76,4150,1400 :KOZHIKODE ee,,,a,177,,,,,,,,,,,,,,,,,,,,,,,,,,,,,,,,,,,,,,,,,,,,,,,,,,,,,,,,,,,,,,,,,,,,,,,,,
82 ee a a 30 30 25 ee eee,64,“ie,,,Mim,,mim,,17,28,29,,540,1773 ae,,,,,,,,,,,,,,,,,,,,,,,,,,,,,,,,,,,,,,,,,,,,,,,128 119,23,ee,,ee 38,eer 26,,92,156,413,231 2,ae 15,ee,,667 1365 NILGIRIS eel,,,,,,,,,,,,,,,,,,,,
82 ee a a 30 30 25 ee eee,,meen,,,,,,,14,21,0,38,542,1292 7 a,,,,,,,,,,,,,,,,,,,,,,,,,,,,,,,,,,,,,,,,,,,,,,,,,,,,,,,,,,,,,,,,,,,,,,,,,,,,,,,,,
82 ee a a 30 30 25 ee eee,108,a;,,,-,,,,a,,49,,a,672,,,,,,,,,,,,,,,,,,,,,,,,,,,,,,,,,,,,,,,,,,,,,,,,,,,,,,,,,203 2,a 16,3,,1281,,,,,,,,,,,,,,,,,,,,
82 ee a a 30 30 25 ee eee,739,ae,,,,a,,a,223,529,434,490,13077,33516 TTOTAL,,,,,,,,,,,,,,,,,,,,,,,,,,,,,,,,,,,,,,,,,,,,,,,,,,,,,,,,,,,,,,,,,,,,,,,,,,,,,,,,,
HIMACHAL PRADESH,,“63;,,,«17;.~—«14E,,,09,,,,C6:,412?,83,,,,,,,,,,,,,,,,,,,,,,,,,,,,,,,,,,,,,,,,,,,,,,,,,,,,,,,,,,,,,,,,,,,,,,,,,,,,,,,,,
"908 ne ae “10: 21 205 f°"" 514",,,NCRB/98—14B,,,,,335,,45,,30,995,1980 KANGRA,,,192,,,,,,,1649,,,,,,,,,,,,,5,26,,,,68 ee,,,,,,,,,,,,,,,,,,,,,,,,,,,,,,,,,,,,,,,,,,,,,,,,,,,,,
"908 ne ae “10: 21 205 f°"" 514",, [line 2],,,,,,19,,5,,,98,224 KINNAUR,,,,,,,,,,,,,,,,,,,,,,,,,,,,,,,,,,,,,,,,,,,,,,,,,,,,,,,,,,,,,,,,,,,,,,,,,,,,,,,,,
a ee at 194 54 50 ee 1506 MANDI,,ea:,,,“sii.,,13”,99,OP,56,4,,1017,1824,,,,,,,,,,,,,,,,,,,,,,,,,,,,,,,,,,,,,,,,,,,,,,,,,,,,,,,,,,,,,,,,,,,,,,,,,,,,,,,,,
a ee at 194 54 50 ee 1506 MANDI,,ea: [line 2],,,oe,,,75,,,oe,10,444,811 SIRMUR,,,,,,,,,,,,,,,,,,,,,,,,,,,,,,,,,,,,,,,,,,,,,,,,,,,,,,,,,,,,,,,,,,,,,,,,,,,,,,,,,
a ee at 194 54 50 ee 1506 MANDI,,ea: [line 3],,,,,,337,,22,,31,326,1058 :SOLAN,,,,,,,,,,,,,,,,,,,,,,,,,,,,,,,,,,,,,,,,,,,,,,,,,,,,,,,,,,,,,,,,,,,,,,,,,,,,,,,,,
a ee at 194 54 50 ee 1506 MANDI,,ea: [line 4],,,,,,78,,12,,19,500,755 UNA,,,,,,,,,,,,,,,,,,,,,,,,,,,,,,,,,,,,,,,,,,,,,,,,,,,,,,,,,,,,,,,,,,,,,,,,,,,,,,,,,
eae mee ek G.R.P ea,,,,,,,,1481,,295,16,227,5538,10776 TOTAL,17,22,,,,,4 5,,,,,,,,,,,,,,,1,10 21,,,,6,"132, 32 =2Am",,,,,,,,,,,343,15,,,,68,ak a,6249,,,,,,,,,,,,,,,,,,,,,,,,,,,,,,,,,,,
eae mee ek G.R.P ea,23,,,,,a,,10,,17,,ee,295,1406 ANANTNAG,72,30,,,,,,,,,,,,,,,,,,,,,,,,,,,,,,,,,,,,19,,a,59,43,,164,8 ee,ee 5209,,,,,,,,,,,,,,,,,,,,,,,,,,37671,29897,3728,14846,20848,14877,5971 ”,8035 888,22708,116097 284985
eae mee ek G.R.P ea,, [line 2],,,,,,,,,,,177,626 :BADGAM,,,,,,,,,,,,,,,,,,,,,,,,,,,,,,,,,,,,,,,,,,,,,,,,,,,,,,,,,,,,,,,,,,,,,,,,,,,,,,,,,
eae mee ek G.R.P ea,, [line 3],,,C3,Seles,,28,3 Gee,80,,0,586,1879 EBARAMULLA,,,,,,,,,,,,,,,,,,,,,,,,,,,,,,,,,,,,,,,,,,,,,,,,,,,,,,,,,,,,,,,,,,,,,,,,,,,,,,,,,
JAMMU & KASHMIR (Contd...),,4:DODA,,,,,,,,,,,,,24,21,23,23,,3,,,,60 69,,,,,,,,,,,,,,,,,,,,,,,,,,,,,,,,,,,,,,,,,,,,,,,,,,,,,,,,,,,,,,,,,,,,,,,
JAMMU & KASHMIR (Contd...),,5: JAMMU,,,,,,,,,,,,,43,117,,57,0,,,,,277 485,,,,,,,,,,0,,,,,,,,,,,,,,,,,,,,,,,,,,,,,,,,,,,,,,,,,,,,,,,,,,,,,,,,,,,,,
JAMMU & KASHMIR (Contd...),6,KARGIL,,,,,,,,,,,,,,,,7,,,,,,,,,,,,,,,,0,,,,,,,,,,,,,,,,,,,,,,,,,,,,,,,,,,,,,,,,,,,,,,,,,,,,,,,,,,,,,
JAMMU & KASHMIR (Contd...),7,:KATHUA,,,,,,,,,,,,,10,27,24,24,,,,17,,67 90,,,,,,,,,,,,,,,,,,,,,,,,,,,,,,,,,,,,,,,,,,,,,,,,,,,,,,,,,,,,,,,,,,,,,,,
JAMMU & KASHMIR (Contd...),8,KUPWARA,,,,,,,,,,,,,211,186 2,21,13,,3,,,,45 74,,,,,,,,,,,,,,,,,,,,,,,,,,,,,,,,,,,,,,,,,,,,,,,,,,,,,,,,,,,,,,,,,,,,,,,
9 LEH 0 af ai af - Ot Oot Oo 3,,“jo,,,,,,,,,,,,,5,30,20,20,,0,,,a,18 170,,,,,,,,,,,,,,,,,,,,,,,,,,,,,,,,,,,,,,,,,,,,,,,,,,,,,,,,,,,,,,,,,,,,,,,
9 LEH 0 af ai af - Ot Oot Oo 3,11,a,,,,,,,,,,,,,198,134,34,20,14,,,ae,30,106 131,,,,,,,,,,,,,,,,,,,,,,,,,,,,,,,,,,,,,,,,,,,,,,,,,,,,,,,,,,,,,,,,,,,,,,,
9 LEH 0 af ai af - Ot Oot Oo 3,12,RAJOURI,,,,,,,,,,,,,15,29,25,25,,,,28,,64 94,,,,,,,,,,0,,,,,,,,,,,,,,,,,,,,,,,,,,,,,,,,,,,,,,,,,,,,,,,,,,,,,,,,,,,,,
9 LEH 0 af ai af - Ot Oot Oo 3,,13SRINAGAR,,,,,,,,,,,,,,31,110,105,5,,,,93,666 465,,,,,,,,,,,,,,,,,,,,,,,,,,,,,,,,,,,,,,,,,,,,,,,,,,,,,,,,,,,,,,,,,,,,,,,
9 LEH 0 af ai af - Ot Oot Oo 3,14,i,,,,,,,,,,,,,29,60,22,18,4,pg:,,3 32,10,aT 143,,,,,,,,,,,,,,,,,,,,,,,,,,,,,,,,,,,,,,,,,,,,,,,,,,,,,,,,,,,,,,,,,,,,,,,
15 a ei ),,ITOTAL,,,,,,,,,,,,,1044,797 15,523,474,49,65,,157,283,1931 2357,,,,,,,,,,,,,,,,,,,,,,,,,,,,,,,,,,,,,,,,,,,,,,,,,,,,,,,,,,,,,,,,,,,,,,,
1 imi 201 283 elie Slo a aT,2,<1,,,,,,,,,,,,,,96 a,,,,,,,,eg,,,,,,,,,,,,,,,,,,,,,,,,,,,,,,,,,,,,,,,,,,,,,,,,,,,,,,,,,,,,,,,,,,,,,,,
1 imi 201 283 elie Slo a aT,3,:BELGAUM,,,,,,,,,,,,,154,,OR,Or,“erg,,,1,,465,,,,,,,,,,,,,,,,,,,,,,,,,,,,,,,,,,,,,,,,,,,,,,,,,,,,,,,,,,,,,,,,,,,,,,,
7 dae’ 34 oe ae ∞0 on oe 203,8,“ CHITRADURGA,,,,,,,,,,,,,,22,,,,,,∞:,ee,,,,,,,,,,,,,,,,,,,,,,,,,,,,,,,,,,,,,,,,,,,,,,,,,,,,,,,,,,,,,,,,,,,,,,,,
coma a 16 we ae a •: a a ae,10,RURAL,,,,,,,,,,,,,,47,,,,,,,,,,,,,,,,,,,,,,,,,,,,,,,,,,,,,,,,,,,,,,,,,,,,,,,,,,,,,,,,,,,,,,,,,,,,,,,
coma a 16 we ae a •: a a ae,,"""1",,,,,,,,,,,,,,88,,0=00oNJ,“aT,,,,,,,,,,,,,,,i),,,,,,1,•...,37 eee,,,,,,,,,,,,,,,,,,,,,,,,,,,,,,,,,,,,,,,,,,,,,,,,,,,,,
coma a 16 we ae a •: a a ae,12,"""1 [line 2]",,,,,,,,,,,,,,19,ra,,oo,,,,eı0[E,338 453,,,,,,,,,,,,,,,,,,,,,,,,,,,,,,,,,,,,,292 257,27,68,144,87,57,74,221,290,882,,,,,,,,,,,,,,,,20,21,,9,32,26,6,OP,8,ae
coma a 16 we ae a •: a a ae,13,EK.G.F.,,,,,,,,,,,,,1,19,,,,,,,,150 137,,,,,,,,,,,,,,,,,,,,,,,,,,,,,,,,,,,,,,,,,,,,,,,,,,,,,,,,,,,,,,,,,,,,,,,
coma a 16 we ae a •: a a ae,,a famed NORTH,,,,,,,,,,,,,23,,,,,,,,,187 216,,,,,,,,,,,,,,,,,,,,,,,,,,,,,,,,,,,,,,,,,,,,,,,,,,,,,,,,,,,,,,,,,,,,,,,
coma a 16 we ae a •: a a ae,,“fs,,,,,,,,,,,,,49,52,,,,,,,,381,,,,,,,,,,,,,,,,,,,,,,,,,,,,,,,,,,,,,,,,,,,,,,,,,,,,,,,,,,,,,,,,,,,,,,,
coma a 16 we ae a •: a a ae,,fe,,,,,,,,,,,,,45,51,oe,,,,,,,60,,,,,,,,,,,,,,,,,,,,,,,,,,,,,,,,,,,,,,,,,,,,,,,,,,,,,,,,,,,,,,,,,,,,,,,
coma a 16 we ae a •: a a ae,,fe [line 2],,,,,,,,,,,,,5,72,,,,,,,,492,,,,,,,,,,,,,,,,,,,,,,,,,,,,,,,,,,,,,,,,,,,,,,,,,,,,,,,,,,,,,,,,,,,,,,,
coma a 16 we ae a •: a a ae,18,:MANDYA,,,,,,,,,,,,,55,33,,,,a,,,,,,,,,,,,,,,,,,,,,,,,,,,,,,,,,,,,,,,,,,,,,,,,,,,,,,,,,,,,,,,,,,,,,,,,,,,
coma a 16 we ae a •: a a ae,19,coma <a,,,,,,,,,,,,,,37,,,,,,,ne,707,,,,,,,,,,,,,,,,,,,,,,,,,,,,,,,,,,,,,,,,,,,,,,,,,,,,,,,,,,,,,,,,,,,,,,,
coma a 16 we ae a •: a a ae,20,on,,,,,,,,,,,,,80,19,,,,,,,,497,,,,,,,,,,,,,,,,,,,,,,,,,,,,,,,,,,,,,,,,,,,,,,,,,,,,,,,,,,,,,,,,,,,,,,,
23 34 ee ee) eee ee) 456 678,,a0,,,,,,,,,,,,,,ae),,,,,,,5,ee 193,,,,,,,,,,,,,,,,,,,,,,,,,,,,,,,,,,,,,,,,,,,,,,,,,,,,,,,,,,,,,,,,,,,,,,,
23 34 ee ee) eee ee) 456 678,,a0 [line 2],,,,,,,,,,,,,1604,1220,B32?,193,339,260,,G5! 222,O94?,92107 16832,,,,,,,,,,6,,,,,,,,,,,,,,,,,,,,,,,,,,,,,,,,,,,,,,,,,,,,,,,,,,,,,,,,,,,,,
23 34 ee ee) eee ee) 456 678,2,CBCID,,,,,,,,,,,,,25,,,,,-,,,,a,,,,,,,,,,,,,,,,,,,,,,,,,,,,,,,,,,,,,,,,,,,,,,,,,,,,,,,,,,,,,,,,,,,,,,,
23 34 ee ee) eee ee) 456 678,3,:ERNAKULAM,,,,,,,,,,,,,,30,21,16,,a,,16 27,,,,,,,,,,,,a,,,,,,,,,,,,,,,,,,,,,,,,,,,,,,,,,,,,,,,,,,,,,,,,,,,,,,,,,,,,,
23 34 ee ee) eee ee) 456 678,4,IDUKKI,,,,,,,,,,,,,23,13,10,,,ee,,20,,,,,,,,,,,,,,,,,,,,,,,,,,,,,,,,,,,,,,,,,,,,,,,,,,,,,,,,,,,,,,,,,,,,,,,,,
23 34 ee ee) eee ee) 456 678,,rd,,,,,,,,,,,,,27,aa 36,17,,“a,,,30,,,,,,,,,,,,ae,,,,,,,,,,,,,,,,,,,,,,,,,,,,,,,,,,,,,,,,,,,,,,,,,,,,,,,,,,,,,
23 34 ee ee) eee ee) 456 678,6,KASARAGOD,,,,,,,,,,,,,16,35,,,,,,14,,,,,,,,,,,,,,,,,,,,,,,,,,,,,,,,,,,,,,,,,,,,,,,,,,,,,,,,,,,,,,,,,,,,,,,,,
23 34 ee ee) eee ee) 456 678,7,KOLLAM,,,,,,,,,,,,,37,60,201,,,,,38,,,,,,,,,,,,,,,,,,,,,,,,,,,,,,,,,,,,,,,,,,,,,,,,,,,,,,,,,,,,,,,,,,,,,,,,,
23 34 ee ee) eee ee) 456 678,8,:KOTTAYAM,,,,,,,,,,,,,32,30,26,17,,ee),,19,,ee,,,,,,,,,,ee,,,,,,,,,,,,,,,,,,,,,,,,,,,,,,,,,,,,,,,,,,,,,,,,,,,,,,,,,,,,,
23 34 ee ee) eee ee) 456 678,9,:KOZHIKODE ae,,,,,,,,,,,,,19,38,20,10,,,,33,,,,,,,,,,,,,,,,,,,,,,,,,,,,,,,,,,,,,,,,,,,,,,,,,,,,,,,,,,,,,,,,,,,,,,,,,
23 34 ee ee) eee ee) 456 678,10,[MALAPPURAM,,,,,,,,,,,,,28,18,21,Sk 13,,,,BR 41,ae,,,,,,,,,,,,,,,,,,,,,,,,,,,,,,,,,,,,,,,,,,,,,,,,,,,,,,,,,,,,,,,,,,,,,,,,
23 34 ee ee) eee ee) 456 678,,i ALA,,,,,,,,,,,,,32,13,,,,,,21 39,,,,,,,,,,,,,,,,,,,,,,,,,,,,,,,,,,,,,,,,,,,,,,,,,,,,,,,,,,,,,,,,,,,,,,,,,
23 34 ee ee) eee ee) 456 678,12,i ALA [line 2],,,,,,,,,,,,,24,12,20,,,,,8 8,ak,Tee,,,,,,,,,,,,,,,,,,,,,,,,,,,,,,,,,,,,,,,,,,,,,,,,,,,,,,,,,,,,,,,,,,,,,,,
23 34 ee ee) eee ee) 456 678,13,i ALA [line 3],,,,,,,,,,,,,48,67,23,13,a,,,aT,,,,,,,,,,,,a,,,,,,,,,,,,,,,,,,,,,,,,,,,,,,,,,,,,,,,,,,,,,,,,,,,,,,,,,,,,,
,,JAMMU KASHMIR (Contd...),,,,,,,,,,,,,,,,&,,,,,,,,,,,,,,,,,,,,,,,,,,,,,,,,,,,,,,,,,,,,,,,,,,,,,,,,,,,,,,,,,,,,,,,,,,,,,
,16,a,,,,,,,,,,,,,,29,ee,ee ee,,,78,21,,,,,,,,,,,,,,,,,,,,,,,,,,,,,,,,,,,,,,,,,,,,,,,,,,,,,,,,,,,,,,,,,,,,,,,,,
,12,lo,,,,,,,,,,,,,,,96,131 [KARGIL,,,,,,,,,,,,,,,,,,,,,,,,,,,,,,,,,,,,,,,,,,,,,,,,,,,,,,,,,,,,,,,,,,,,,,,,,,,,,
,32,Na,,,,,,,,,,,,,,55,133,863 KUPWARA,,,,,,,,,,,,,,,,,,,,,,,,,,,,,,,,,,,,,,,,,,,,,,,,,,,,,,,,,,,,,,,,,,,,,,,,,,,,,
,55,3,,,,,,,,,,,,,,14,267,668 ee,,,11,a 0,,,,,,,,,,,,,,,,,,,,,,,,,,,,,,,155,12,8,2,N:,55,,4549 NAGAUR,,,,,,,,,,,,,,,,,,,,,,,,,,,,,,,,,,,
,26,99,,,,,,,,,,,,,,27,163,986 :PULWAMA,,,Oe,,,,,,,,,,,,,,,,,,,,,,,,,,,,,,,,,,,,,,,,,,,,,,,,,,,,,,,,,,,,,,,,,,,,,,,,,,
,9,8 a,,,,,,,,,,,,,,21,810,18RAJOURI,,,,,,,,,,,,,,,,,,,,,,,,,,,,,,,,,,,,,,,,,,,,,,,,,,,,,,,,,,,,,,,,,,,,,,,,,,,,,
,,ot,,,,,,,,,,,,,,57,979,2781 ee,,,361,,,,,,,,,,,,,,,,,,,,,,,,,,,,,,,,,,,,,,,,,,,,,,,,,,,,,,,,,,,,,,,,,,,,,,,,,,
,47,"""9",,,,,,,,,,,,,,12,748,1310 UDHAMPUR,,,Mi,mia,,,,,,,,,,,,,,,,,,,,,,,,,,,,,,,,,,,,,,,105 48,,,,44,,,33,236,371,,,,,,,,,,,,,,,,,,,,,,,,,
,0,RON,,,,,,,,,,,,,,,a,15 :RAILWAYS,,,,,,,,,,,,,,,,,,,,,,,,,,,,,,,,,,,,,,,,,,,,,,,,,,,,,,,,,,,,,,,,,,,,,,,,,,,,,
,61,er,,,,,,,,,,,554,1867,,376,7703 },ee,,,166,33,,,,,,,,,,,,,,,,,,,,,,,,,,,,,,,,,,,,,,,,,,,,,,,,,,,,,,,,,,,,,,,,,,,,,,,,,
,229,1069,,,,,,,,,,,,,,150,,,,,40,1431,,,,,,,,,,,,,,,,,,,,,,,,,,,,,,,,,,,,,,,,,,,,,,,,,,,,,,,,,,,,,,,,,,,,,,,,,
,15,42 a,,,,,,,,,,,,,,71,967,3003 :BELLARY ne,,,,a 38,,,,,,,,,,,,,,,,,,,,,,,,,,,,,,,,,,,,,,,,,,,,,,,,,,,,,,,,,,,,,,,,,,,,,,,,,
,22,39,,,,,,,,,,,,,,27,841,2566 :BIDAR,,,,36,,,,,,,,,,,,,,,,,,,,,,,,,,,,,,,,,,,,,,,,,,,,,,,,,,,,,,,,,,,,,,,,,,,,,,,,,
,60,ee,,,,,,,,,,,,,,82,1853,4882 BIJAPUR,,,,149,,,,,,,,,,,,,,,,,,,,,,,,,,,,,,,,,,,,,,,,,,,,,,,,,,,,,,,,,,,,,,,,,,,,,,,,,
,,as,,,,,,,,,,,,,,62,,3152 ae,,,,i,,,,,,,,,,,,,,,,,,,,,,,,,,,,,,,,,,,,,,,,,,,,,,,,,,,,,,,,,,,,,,,,,,,,,,,,,
,16,ae 33 an 0,,,,,,,,,,,,,,86,,5023 CHITRADURGA ae,,,0,66,,,,,,,,,,,,,,,,,,,,,,,,,,,,,,,,,,,,,,,,,,,,,,,,,,,,,,,,,,,,,,,,,,,,,,,,,
,,a,,,,,,,,,,,,,,,1017,2057 :DHARWAD COMMR,,,,15,,,,,,,,,,,,,,33,30,,46,al,378,,,,,,,,,,,,,,,,,,,,,,,,,,,,,,,,,,,,,,,,,,,,,,,,,,,,,,
,18,46 18 ae 562 5 DHARWAD RURAL oe,,,,,,,,,,,,,,44,1573,3378,,,,32,,,,,,,,,,,,,,,,,,,,,,,,,,,,,,,,,,,,,,,,,,,,,,,,,,,,,,,,,,,,,,,,,,,,,,,,,
,21,ee,,,,,,,,,,,,,,45,1596,4184 HASSAN ee,,,on,39,,,,,,,,,,,,,,,,,,,,,,,,,,,,,,,,,,,,,,,,,,,,,,,,,,,,,,,,,,,,,,,,,,,,,,,,,
,5,ia,,,,,,,,,,,,,,26,297,1103 :K.G.F. Ce,,,10,a 17,,,,,,,,,,,,,,,,,,,,,,,,,,,,,,,,,,,,,,,,,,,,,,,,,,,,,,,,,,,,,,,,178,21,48,56,31,21,10,29,,20 579
,15,17 16 616 :KANNADA NORTH ae,,,,,,,,,,,,,,25,1847,3338,,,,41,,,,,,,,,,,,,,,,,,,,,,,,,,,,,,,,,,,,,,,,,,,,,,,,,,,,,,,,,,,,,,,,,,,,,,,,,
,43,ae,,,,,,,,,,,,,,35,2758,5119 oe,,,,31,,,,,,,,,,,,,,,,,,,,,,,,,,,,,,,,,,,,,,,,,,,,,,,,,,,,,,,,,,,,,,,,,,,,,,,,,
,,an,,,,,,,,,,,,,,,,2137 :KODAGU ae,,,,a,,,,,,,,,,,,,,,,,,,,,,,,,,,,,,,,,,,,,,,,,,,,,,,,,,,,,,,,,,,,,,,,,,,,,,,,,
,100,WC,,,,,,,,,,,,,,67,1577,5178 İKOLAR in,,,1,49,,,,,,,,,,,,,,,,,,,,,,,,,,,,,,,,,,,,,,,,,,,,,,,,,,,,,,,,,,,,,,,,,,,,,,,,,
,137,2,,,,,,,,,,,1250,,,41,1705,,,,RE,,,,,,,,,,,,,,,,,,,,,,,,,,,,,,,,,,,,,,,,,,,,,,,,,,,,,,,,,,,,,,,,,,,,,,,,,,
,48,a,,,,,,,,,,,,,,8 19,1098,3175 MYSORE COMMR,,,3,80,,,,,,,,,,,,,,,,,,,,,,,,,,,,,,,,,,,,,,,,,,,,,,,,,,,,,,,,,,,,,,,,,,,,,,,,,
,26,22,,,,,,,,,,,,,,133,1636,5180 MYSORE RURAL,,,oe 13,91,,,,,,,,,,,,,,,,,,,,,,,,,,,,,,,,,,,,,,,,,,,,,,,,,,,,,,,,,,,,,,,,,,,,,,,,,
,19,51 a,,,,,,,,,,,,,,48,967,ac,,,,59,,,,,,,,,,,,,,,,,,,,,,,,,,,,,,,,,,,,,,,,,,,,,,,,,,,,,,,,,,,,,,,,,,,,,,,,,
,45,3 SOE N,,,,,,,,,,,,,,76,1837,4743 SHIMOGA een,,,82,77,,,,,,,,,,,,,,,,,,,,,,,,,,,,,,,,,,,,,,,,,,,,,,,,,,,,,,,,,,,,,,,,,,,,,,,,,
,24,33 a O: a,,,,,,,,,,,,,,20,1902,5185 TUMKUR eee,,,aa,26,,,,,,,,,,,,,,,,,,,,,,,,,,,,,,,,,,,,,,,,,,,,,,,,,,,,,,,,,,,,,,,,,,,,,,,,,
,13,23 a),,,,,,,,,,,,,,,130,408 RAILWAYS,,,,,,,,,,,,,,,,,,,,,,,,,,,,,,,,,,,,,,,,,,,,,,,,,,,,,,,,,,,,,,,,,,,,,,,,,,,,,
KERALA,315,a,,,,,,,,,,,,,,95,3896,6625 ALAPPUZHA ae,,,ae 0,79,,,,,,,,,,,,,,,,,,,,,,,,,,,,,,,,,,,,,,,,,,,,,,,,,,,,,,,,,,,,,,,,,,,,,,,,,
KERALA,5,i,,,,,,,,,,,,,,,a 19,194 (CBCID eee,,,0,en 30,,,,,,,,,,,,,,,,,,,,,,,,,,,,,,,,,,,,,,,,,,,,,,,,,,,,,,,,,,,,,,,,,,,,,,,,,
KERALA,208,ae,,,,,,,,,,,,,,77,7125,,,,ee,ale,,,,,,,,,,,,,,,,,,,,,,,,,,,,,,,,,,,,,,,,,,,,,,,,,,,,,,,,,,,,,,,,,,,,,,,,,
KERALA,184,0,,,,,,,,,,,,,,64,1424,3395 ee,,,,37,,,,,,,,,,,,,,,,,,,,,,,,,,,,,,,,,,,,,,,,,,,,,,,,,,,,,,,,,,,,,,,,,,,,,,,,,
KERALA,722,na 126 a,,,,,,,,,,,,,,,3032,5623,,,7,,,,,,,,,,,,,,,,,,,,,,,,,,,,,,,,,,,,,,,,,,,,,,,,,,,,,,,,,,,,,,,,,,,,,,,,,,
KERALA,377,4,,,,,,,,,,,,,,35,1489,3080 KASARAGOD,,,,ee,,,,,,,,,,,,,,,,,,,,,,,,,,,,,,,,,,,,,,,,,,,,,,,,,,,,,,,,,,,,,,,,,,,,,,,,,
KERALA,285,aa 35,,,,,,,,,,,,,,67,4141,6933 KOTTAYAM <a,,,a,53,,,,,,,,,,,,,,,,,,,,,,,,,,,,,,,,,,,,,,,,,,,,,,,,,,,,,,,,,,,,,,,,,,,,,,,,,
KERALA,427,20,,,,,,,,,,,,,,65,2864,5358 eae,,,,67,,,,,,,,,,,,,,,,,,,,,,,,,,,,,,,,,,,,,,,,,,,,,,,,,,,,,,,,,,,,,,,,,,,,,,,,,
KERALA,6,me,,,,,,,,,,,,,,0 133,2400,4526 :PATHANAMTHITTA a,,,ae ........а,53,,,,,,,,,,,,,,,,,,,,,,,,,,,,,,,,,,,,,,,,,,,,,,,,,,,,,,,,,,,,,,,,,,,,,,,,,
KERALA,34,212,,,,,,,,,,,,,,155,5526,10313 :THIRUVANANTHAPURAM,,,21,93,,,,,,,,,,,,,,,,,,,,,,,,,,,,,,,,,,,,,,,,,,,,,,,,,,,,,,,,,,,,,,,,,,,,,,,,,
KERALA,469,31,,,,,,,,,,,,,,100,3784,6587 1THRISSUR,,,16,74,,,,,,,,,,,,,,,,,,,,,,,,,,,,,,,,,,,,,,,,,,,,,,,,,,,,,,,,,,,,,,,,,,,,,,,,,
KERALA (Coritd...),,15WAYANADU,,,,,,,,,,,,,,,2,,,,,19,159 78,,,,,,,,,,,,,,,,,,,,,,,,,,,,,,,,,,,,,,,,,,,,,,,,,,,,,,,,,,,,,,,,,,,,,,,,
KERALA (Coritd...),16,RAILWAYS,,,,,,,,,,,,,,,,,,,,,2 78,,,,,,,,,,,,,,,,,,,,,,,,,,,,,,,,,,,,,,,,,,,,,,,,,,,,,,,,,,,,,,,,,,,,,,,,
MADHYA PRADESH,,,,,,,,,,,,,,,,,3,a 3,,,43,91,15 246 226,,,,,,,,,,,,50,,,,,,,,,,,,,,,,,,,,,,,,,,,,,,,,,,,,,,,,,,,,,,,,,,,,,,,,,,,,
MADHYA PRADESH,3,ветиї,,,,,,,,,,,,,,,,,,,56,,15 187 199,,,,,,,,,,,2,61,,,,,,,,,,,,,,,,,,,,,,,,,,,,,,,,,,,,,,,,,,,,,,,,,,,,,,,,,,,,
MADHYA PRADESH,,"""4%BHIND",,,,,,,,,,,,,,,27,21,,,95,28,44 249 332,,,,,,,,,,,,92,,,,,,,,,,,,,,,,,,,,,,,,,,,,,,,,,,,,,,,,,,,,,,,,,,,,,,,,,,,,
MADHYA PRADESH,5,BHOPAL,,,,,,,,,,,,,,,45,39 6,,,137 OF,38,106 539 1387,,,,,,,,,,,4? 11,77,,,,,,,,,,,,,,,,,,,,,,,,,,,,,,,,,,,,,,,,,,,,,,,,,,,,,,,,,,,,
MADHYA PRADESH,3,BILASPUR,,,,,,,,,,,,,,,31,3і,,,63 17,129,1288,,,,,,,,,,,i ae,,,,,,,,,,,,,,,,,,,,,,,,,,,,,,,,,,,,,,,,,,,,,,,,,,,,,,,,,,,,,
MADHYA PRADESH,7,CHHATARPUR ee,,,,,,,,,,,,,,,,,,,47,45,ee 233,,,,,,,,,,,,,,,,,,,,,,,,,,,,,,,,,,,,,,,,,,,,,,,,,,,,,,,,,,,,,,,,,,,,,,,,
MADHYA PRADESH,8,TCHHINDWARA,,,,,,,,,,,,,,,11,,,,64 WG,96,202 352,,,,,,,,,,,,82,,,,,,,,,,,,,,,,,,,,,,,,,,,,,,,,,,,,,,,,,,,,,,,,,,,,,,,,,,,,
MADHYA PRADESH,9,571,,,,,,,,,,,,,,,9,,,,M3 G3,,21 180 265,,,,,,,,,,,,38 5,,,,,,,,,,,,,,,,,,,,,,,,,,,,,,,,,,,,,,,,,,,,,,,,,,,,,,,,,,,,
MADHYA PRADESH,,"5, 1)",,,,,,,,,,,,,,,,,,,32,13,21 59 103,,,,,,,,,,,2,28,,,,,,,,,,,,,,,,,,,,,,,,,,,,,,,,,,,,,,,,,,,,,,,,,,,,,,,,,,,,
MADHYA PRADESH,,Se <8,,,,,,,,,,,,,,,,,,,56,60,28,,,,,,,,,,,EE,,,,,,,,,,,,,,,,,,,,,,,,,,,,,,,,,,,,,,,,,,,,,,,,,,,,,,,,,,,,,
MADHYA PRADESH,,Se <8 [line 2],,,,,,,,,,,,,,,,,,,84,78,,,,,,,,,,,,m:,108,,,,,,,,,,,,,,,,,,,,,,,,,,,,,,,,,,,,,,,,,,,,,,,,,,,,,,,,,,,,
MADHYA PRADESH,14,DURG,,,,,,,,,,,,,,,,,,,97,,946,,,,,,,,,,,ee,65,,,,,,,,,,,,,,,,,,,,,,,,,,,,,,,,,,,,,,,,,,,,,,,,,,,,,,,,,,,,
MADHYA PRADESH,15,TGUNA,,,,,,,,,,,,,,,,,,,77 7,105,56 430 537,,,,,,,,,,,A,78,,,,,,,,,,,,,,,,,,,,,,,,,,,,,,,,,,,,,,,,,,,,,,,,,,,,,,,,,,,,
MADHYA PRADESH,16,GWALIOR,,,,,,,,,,,,,,,,17,,,129,a,104 561,,,,,,,,,,,10,91,,,,,,,,,,,,,,,,,,,,,,,,,,,,,,,,,,,,,,,,,,,,,,,,,,,,,,,,,,,,
MADHYA PRADESH,17,(HOSHANGABAD,,,,,,,,,,,,,,,21,RT,,,86 TO,90,43 35 51,,,,,,,,,,,,47,,,,,,,,,,,,,,,,,,,,,,,,,,,,,,,,,,,,,,,,,,,,,,,,,,,,,,,,,,,,
MADHYA PRADESH,18,INDORE,,,,,,,,,,,,,,,45,,,,180,53,2556,,,,,,,,,,,a,135,,,,,,,,,,,,,,,,,,,,,,,,,,,,,,,,,,,,,,,,,,,,,,,,,,,,,,,,,,,,
MADHYA PRADESH,,INDORE [line 2],,,,,,,,,,,,,,,,,,,202 68,120,100 861 391,,,,,,,,,,,Niol,101,,,,,,,,,,,,,,,,,,,,,,,,,,,,,,,,,,,,,,,,,,,,,,,,,,,,,,,,,,,,
MADHYA PRADESH,,INDORE [line 3],,,,,,,,,,,,,,,108,,,,172 el,,272 615,,,,,,,,,,,,190,,,,,,,,,,,,,,,,,,,,,,,,,,,,,,,,,,,,,,,,,,,,,,,,,,,,,,,,,,,,
MADHYA PRADESH,21,KHANDWA,,,,,,,,,,,,,,,,,,,47,67,19 461,,,,,,,,,,,13,3,,,,,,,,,,,,,,,,,,,,,,,,,,,,,,,,,,,,,,,,,,,,,,,,,,,,,,,,,,,,
22 Se 2 a 94 lk A Sa Sea 31 (831,24,MANDSAUR,,,,,,,,,,,,,,,,,,,50,,eo,,,,,,,,,,,,51,,,,,,,,,,,,,,,,,,,,,,,,,,,,,,,,,,,,,,,,,,,,,,,,,,,,,,,,,,,,
22 Se 2 a 94 lk A Sa Sea 31 (831,25,(MURAINA,,,,,,,,,,,,,,,1,,,,GREK 105 1,59 Ue,eae,,,,,,,,,,,,80,,,,,,,,,,,,,,,,,,,,,,,,,,,,,,,,,,,,,,,,,,,,,,,,,,,,,,,,,,,,
22 Se 2 a 94 lk A Sa Sea 31 (831,,27,,,,,,,,,,,,,,,,,,,19 1 8,28,139,,,,,,,,,,,..3,31,,,,,,,,,,,,,,,,,,,,,,,,,,,,,,,,,,,,,,,,,,,,,,,,,,,,,,,,,,,,
28 RAIGARH 84 a 33 a a ee ae 24 370,291,RAIPÜR,,,,,,,,,,,,,,,,,,,,SES,51,,,,,,,,,,,,87,,,,,,,,,,,,,,,,,,,,,,,,,,,,,,,,,,,,,,,,,,,,,,,,,,,,,,,,,,,,
30 RAISEN 32 an 85 a a a a 25,31,RAJGARH,,,,,,,,,,,,,,,,,,,63,,45 235 362,,,,,,,,,,,,43,,,,,,,,,,,,,,,,,,,,,,,,,,,,,,,,,,,,,,,,,,,,,,,,,,,,,,,,,,,,
30 RAISEN 32 an 85 a a a a 25,,RAJGARH [line 2],,,,,,,,,,,,,,,,,,,25,,20 282,,,,,,,,,,,-AINIDIONINO!,4,,,,,,,,,,,,,,,,,,,,,,,,,,,,,,,,,,,,,,,,,,,,,,,,,,,,,,,,,,,,
30 RAISEN 32 an 85 a a a a 25,,33,,,,,,,,,,,,,,,,,,,45 1,,ee 328 428,,,,,,,,,,,ee,60,,,,,,,,,,,,,,,,,,,,,,,,,,,,,,,,,,,,,,,,,,,,,,,,,,,,,,,,,,,,
30 RAISEN 32 an 85 a a a a 25,,S51,,,,,,,,,,,,,,,,,,,38,1,22 671,,,,,,,,,,,,59,,,,,,,,,,,,,,,,,,,,,,,,,,,,,,,,,,,,,,,,,,,,,,,,,,,,,,,,,,,,
30 RAISEN 32 an 85 a a a a 25,,ee,,,,,,,,10,,20,386,1266 UDHAMSINGH NAGAR,,,,en,,,708,,56 460 520,,,,,,,,,,,ae,74,,,,,,,,,Sieg 1,Sea 2 1,3 Mint,,in;,,19,,,,,,,,,,,,,,,,,,,,,596,49,195,,48 2278 THANJAVUR,51,34,,1,,,,,,47 152,1,01,01,,,,,,,13
30 RAISEN 32 an 85 a a a a 25,36,ISARGUJA,,,,,,,,,,,,,,,,,,,90,a,54 556,,,,,,,,,,,,103,,,,,,,,,,,,,,,,,,,,,,,,,,,,,,,,,,,,,,,,,,,,,,,,,,,,,,,,,,,,
30 RAISEN 32 an 85 a a a a 25,37,SATNA,,,,,,,,,,,,,,,,aa a,,,28,2,488,,,,,,,,,,,c:,67,,,,,,,,,,,,,,,,,,,,,,,,,,,,,,,,,,,,,,,,,,,,,,,,,,,,,,,,,,,,
30 RAISEN 32 an 85 a a a a 25,,7,,,,,,,,,,,171,473 PAURI GARHWAL,,,,,,,a,1,431,,,,,,,,,,,,,,,,,,,,,,,,,,,,,,,,,,,,,,73 53,a,,48,48,01,a,01 22,a 152,365,,,,,,,,,,,,,,,,156,26,,am 76,72,,,Sa w,,80 980
30 RAISEN 32 an 85 a a a a 25,39,SHAJAPUR,,,,,,,,,,,,,,,,RL 2 3,,,45,AGL],218,,,,,,,,,,,,,,,,,,,,,,,,,,,,,,,,,,,,,,,,,,,,,,,,,,,,,,,,,,,,,,,,,,,,,,,,
30 RAISEN 32 an 85 a a a a 25,40,SHIVPUR:,,,,,,,,,,,,,,,17,13 4,,,Re 49,,37 277 334,,,,,,,,,,,ee 12,,,,,,,,,,,,,,,,,,,,,,,,,,,,,,,,,,,,,,,,,,,,,,,,,,,,,,,,,,,,,
30 RAISEN 32 an 85 a a a a 25,,i,,,,,,,,,,,,,,,5,A 1,,,14,,15 230 235,,,,,,,,,,,0,49,7,,3,,TT,,266,,,,,,,,,,,,,,,,,,,,,,,,,,,,,,,,,,,,,,,,,,,,,,,,,,,,,
30 RAISEN 32 an 85 a a a a 25,,i [line 2],,,,,,,,,,,,,,,,0,,,ee 63,,22 331 406,,,,,,,,,,,2,36,,,,,,,,,,,,,,,,,,,,,,,,,,,,,,,,,,,,,,,,,,,,,,,,,,,,,,,,,,,,
30 RAISEN 32 an 85 a a a a 25,43,:SIVNI,,,,,,,,,,,,,,,16,16,,,29 2,35,141 175,,,,,,,,,,,,38,,,,,,,,,,,,,,,,,,,,,,,,,,,,,,,,,,,,,,,,,,,,,,,,,,,,,,,,,,,,
30 RAISEN 32 an 85 a a a a 25,,:SIVNI [line 2],,,,,,,,,,,,,,,6,3 3.1.,,,31,50,19 152 194,,,,,,,,,,,,42,,,,,,,,,,,,,,,,,,,,,,,,,,,,,,,,,,,,,,,,,,,,,,,,,,,,,,,,,,,,
30 RAISEN 32 an 85 a a a a 25,45,TUIJAIN,,,,,,,,,,,,,,,37,35,,,115 2,48,82 687 1020,,,,,,,,,,,14,89,,,,,,,,,,,,,,,,,,,,,,,,,,,,,,,,,,,,,,,,,,,,,,,,,,,,,,,,,,,,
30 RAISEN 32 an 85 a a a a 25,46,:VIDISHA,,,,,,,,,,,,,,,i,13 4,,,60 0,75,12 182 306,,,,,,,,,,,4 2,51,,,,,,,,,,,,,,,,,,,,,,,,,,,,,,,,,,,,,,,,,,,,,,,,,,,,,,,,,,,,
30 RAISEN 32 an 85 a a a a 25,,:VIDISHA [line 2],,,,,,,,,,,,,,,,,,,,,571,,,,,,,,,,,,5,,,,,,,,,,,,,,,,,,,,,,,,,,,,,,,,,,,,,,,,,,,,,,,,,,,,,,,,,,,,
30 RAISEN 32 an 85 a a a a 25,,RLY. ne,,,,,,,,,,,,,,,,,,,,,ee 205,,,,,,,,,,,,,,,,,,,,,,,,,,,,,,,,,,,,,,,,,,,,,,,,,,,,,,,,,,,,,,,,,,,,,,,,
50 RLY. 5 Moa Wa Me 281,,,,,,,,,,,,,,,,,ee,124,,,3252 1 196,,1826 27160,,,,,,,,,,,112,3302,,,,,,,,,,,,,,,,,,,,,,,,,,,,,,,,,,,,,,,,,,,,,,,,,,,,,,,,,,,,
MAHARASHTRA,,“TR,,,,,,,,,,,,,,,19,ROUT,,,33,EET,BT 353 we,,,,,,,,,,,0,100,,,,,,,,,,,,,,,,,,,,,,,,,,72 33,eT,as 5,3,1,0,ON: 1,,250,,,,,,,,,,,,,,,,,,,,,,,,,,
MAHARASHTRA,,“TR [line 2],,,,,,,,,,,,,,,24,21,,,2,42,56 521 1411,,,,,,,,,,,10,77,,,,,,,,,,,,,,,,,,,,,,,,,,,,,,,,,,,,,,,,,,,,,,,,,,,,,,,,,,,,
MAHARASHTRA,,“TR [line 3],,,,,,,,,,,,,,,42,42,,,45,100,88 894 2420,,,,,,,,,,,,90,,,,,,,,,,,,,,,,,,,,,,,,,,,,,,,,,,,,,,,,,,,,,,,,,,,,,,,,,,,,
MAHARASHTRA (Contd...),,,675,,,,,,,,,,,,28,19,23,21,2,13,,20,,396,,,,,,,,,,,,68 206,13,,120,,171,,,,,,,,,,,,,,,,,,,,,,,,,,,,,,,,,,,,,,,,,,,,,,,,,,,,,,
MAHARASHTRA (Contd...),,5,418,,,,,,36,38,eee,43,818,2362 7,67,19,20,,2,15,,,,220,,,,,,,,,,,,34 30,1 27,7,44,ST,,,,,,,,,,,,31,,,2,259,,98,(in ie,6752 HILWARA ae,,,,,,,,,,,,,,,,,,,,,,,,,,33,31,,48,93,54,ee,,91,136 2177
MAHARASHTRA (Contd...),,5 [line 2],,,,,,,,,,,,,65,16,28,24,,34,,23,ae,301,,,,,,,,,,,,10,19,,17,15,19,Fe,,,,,,,,,,,,,,,,,,,,,,,,,,,,,,,,,,,,,,,,,,,,,,,,,,,,,
MAHARASHTRA (Contd...),,5 [line 3],874,,,,,,,,,,,,87,27,19,19,,8,2,81,39,584,,,,,,,,,,,,13 2,3 2,,19,,39,eee,,,,,,,,,,,,,,,,,,,,,,,,,,,,,,,,,,,,,,,,,,,,,,,,,,,,,
MAHARASHTRA (Contd...),,5 [line 4],14086,,,,,,,,,,,,327,187,169,127,42,,,153,628,2554,,,,,,,,,,,,,,,,,,,,,,,,,,,,,,,,,,,,,,,,,,,,,,,,,,,,,,,,,,,,,,,,,,,,,,,
MAHARASHTRA (Contd...),,5 [line 5],gg,,,,,,,,,,,,56,28,17,3,14,16,,37,36,253,,,,,,,,,,Ng,,,,,,,,,,,,,,,,,,,,,,,,,,,,,,,,,,,,,,,,,,,,,,,,,,,,,,,,,,,,,
MAHARASHTRA (Contd...),10,ICHANDRAPUR,,,,,,,,,,,,,67,ee 24,25,22,3,a 6,4,69,gg 58,a,,,,,,,,,,a,,,,,,,,,,,,,,,,,,,,,,,,,,,,,,,,,,,,,,,,,,,,,,,,,,,,,,,,,,,,,
MAHARASHTRA (Contd...),,ICHANDRAPUR [line 2],608,,,,,,,,,,,,85,31,,,2,16,,29,24,207,,,,,,,,,,,,,,,,,,,,,,,,,,,,,,,,,,,,,,,,,,,,,,,,,,,,,,,,,,,,,,,,,,,,,,,
MAHARASHTRA (Contd...),,ICHANDRAPUR [line 3],159,,,,,,,,,,,,40,19,21,21,,,,45,16,109,,,,,,,,,,,,,,,,,,,,,,,,,,,,,,,,,,,,,,,,,,,,,,,,,,,,,,,,,,,,,,,,,,,,,,,
MAHARASHTRA (Contd...),,eer,748,,,,,,,,,,,,85,1,SE,,10,,,40,37,281,,,,,,,,,,,,,,,,,,,,,,,,,,,,,,,,,,,,,,,,,,,,,,,,,,,,,,,,,,,,,,,,,,,,,,,
MAHARASHTRA (Contd...),14,JALNA,519,,,,,,,,,,,,27,mt 16,14,i 13,,pg 19,,21,gg,263,,,,,,,,,,2,,,,,,,,,,,,,,,,,,,,,,,,,,,,,,,,,,,,,,,,,,,,,,,,,,,,,,,,,,,,,
MAHARASHTRA (Contd...),393,15,703,,,,,,,,,,,,83,27,22,16,,12,34,16,30,352,,,,,,,,,,,,,,,,,,,,,,,,,,,,,,,,,,,,,,,,,,,,,,,1169 2,38,,28,1540 3881,,,,,,,,,,,,,,,,,,,,
MAHARASHTRA (Contd...),16,ss,431,,,,,,,,,,,,52,36,35,30,5,15,,22,gp,262,,,,,,,,,,fo,,,,,,,,,,,,,,,,,,,,,,,,,,,,,,,,,,,,,,,,,,,,,,,,,,,,,,,,,,,,,
MAHARASHTRA (Contd...),,ss [line 2],2619,,,,,,,,,,,,101,ee 65,,46,21,16,,3,244,1236,,,,,,,,,,,,,,,,,,,,,,,,,,,,,,,,,,,,,,,,,,,,,,,,,,,,,,,,,,,,,,,,,,,,,,,
MAHARASHTRA (Contd...),18,INAGPUR RURAL,,,,,,,,,,,,,78,50,,,,,N:,V5,,1,,,,,,,,,,,,,,,,,,,,,,,,,,,,,,,,,,,,,,,,,,,,,,,,,,,,,,,,,,,,,,,,,,,,,,,
MAHARASHTRA (Contd...),19,ENANDED,,,,,,,,,,,,,88,42,,,,,,,,485,,,,,,,,,,,,,,,,,,,,,,,,,,,,,,,,,,,,,,,,,,,,,,,,,,,,,,,,,,,,,,,,,,,,,,,
MAHARASHTRA (Contd...),20,TNASIK COMMR.,,,,,,,,,,,,,21,16,,,,,,,gg,280,,,,,,,,,,,,,,,,,,,,,,,,,,,,,,,,,,,,,,,,,,,,,,,,,,,,,,,,,,,,,,,,,,,,,,,
MAHARASHTRA (Contd...),,21,ggg,,,,,,,,,,,,74,20,gf,,,,enn,,,287,,,,,,,,,,,,,,,,,,,,,,,,,,,,,,,,,,,,,,,,,,,,,,,,,,,,,,,,,,,,,,,,,,,,,,,
MAHARASHTRA (Contd...),22,New,,,,,,,,,,,,,38,15,,,,,2,,,469,,,,,,,,,,Oe,,,,,,,,,,,,,,,,,,,,,,,,,,,,,,,,,,,,,,,,,,,,,,,,,,,,,,,,,,,,,
MAHARASHTRA (Contd...),,24,,,,,,,,,,,,,87,39,,,,32,,,,300,,,,,,,,,,,,,,,,,,,,,,,,,,,,,,,,,,,,,,,,,,,,,,,,,,,,,,,,,,,,,,,,,,,,,,,
MAHARASHTRA (Contd...),25,:PUNE COMMR.,,,,,,,,,,,,,85,37,,9,17,,,,,746,,,,,,,,,,,,,,,,,,,,,,,,,,,,,,,,,,,,,,,,,,,,,,,,,,,,,,,,,,,,,,,,,,,,,,,
MAHARASHTRA (Contd...),,26,484,,,,,,,,,,,,78,26,,,,,,,,,,,,,,,,,,la,,,,,,,,,,,,,,,,,,,,,,,,,,,,,,,,,,,,,,,,,,,,,,,,,,,,,,,,,,,,,
MAHARASHTRA (Contd...),,TRAIGAD,284,,,,,,,,,,,,52,21,,,4,,,,,,,,,,,,,,,,,,,,,,,,,,,,,,,,,,,,,,,,,,,,,,,,,,,,,,,,,,,,,,,,,,,,,,,,,,,,
MAHARASHTRA (Contd...),,28,182,,,,,,,,,,,,20,,,,,,,,,128,,,,,,,,,,,,,,,,,,,,,,,,,,,,,,,,,,,,,,,,,,,,,,,,,,,,125,159,,22,aa 56,43,a 13,16,76,271 405,,,,,,,,,,
MAHARASHTRA (Contd...),29,SANGLI,,,,,,,,,,,,,77,16,,er,,,,,a,,,,,,,,,,,,,,,,,,,,,,,,,,,,,,,,,,,,,,,,,,,,,,,,,,,,,,,,,,,,,,,,,,,,,,,,
MAHARASHTRA (Contd...),30,TSATARA,,,,,,,,,,,,,66,17,,,,,17,cae 5,,,,,,,,,,,,,,,,,,,,,,,,,,,,,,,,,,,,,,,,,,,,,,,,,,,,,,,,,,,,,,,,,,,,,,,,,
MAHARASHTRA (Contd...),31,SINDHUDURG,,,,,,,,,,,,,16,5,,,),,,,,,,,,,,,,,,,,,,,,,,,,,,,,,,,,,,,,,,,,,,,,,,,,,,,,,,,,,,,,,,,,,,,,,,,,,,,
MAHARASHTRA (Contd...),32,SAFIN,320,,,,,,,,,,,,,15,,,,,,,,a,,,,,,,,,,,,,,,,,,,,,,,,,,,,,,,,,,,,,,,,,,,,,,,,,,,,,,,,,,,,,,,,,,,,,,,
MAHARASHTRA (Contd...),33,ISOLAPUR,296,,,,,,,,,,,,82,23,,,,,,,,143,,,,,,,,,,,,,,,,,,,,,,,,,,,,,,,,,,,,,,,,,,,,,,,,,,,,,,,,,,,,,,,,,,,,,,,
MAHARASHTRA (Contd...),,TTHANE RURAL,,,,,,,,,,,,,15,43,,,a,a,(,,111,557,,,,,,,,,,,,,,,,,,,,,,,,,,,,,,,,,,,,,,,,,,,,,,,,,,,,,,,,,,,,,,,,,,,,,,,
MAHARASHTRA (Contd...),36,EWARDHA,879,,,,,,,,,,,,53,21,,,,,,,34,340,,,,,,,,,,,,,,,,,,,,,,,,,,,,,,,,,,,,,,,,,,,,,,,,,,,,,,,,,,,,,,,,,,,,,,,
MAHARASHTRA (Contd...),37,YAVATMAL,,,,,,,,,,,,,70,,,,,,ST,M1,45,486,,,,,,,,,,,,,,,,,,,,,,,,,,,,,,,,,,,,,,,,,,,,,,,,,,,,,,,,,,,,,,,,,,,,,,,
MAHARASHTRA (Contd...),38,TBOMBAY RLY,2990,,,,,,,,,,,,10,,,,,,,,,,,,,,,,,,,,,,,,,,,,,,,,,,,,,,,,,,,,,,,,,,,,,,,,,,,,,,,,,,,,,,,,,,,,,,,,
MAHARASHTRA (Contd...),39,NAGPUR,844,,,,,,,,,,,,,4,,,,,¡oioio!,,,,,,,,,,,,,ng,,,,,,,,,,,,,,,,,,,,,,,,,,,,,,,,,,,,,,,,,,,,,,,,,,,,,,,,,,,,,
40 TPUNE RLY ) ee),,TOTAL,,,,,,,,,,,,,2777,1238,,,a,,,,2865,,,,,,,,,,,eae,,,,,,,,,,,,,,,,,,,,,,,,,,,,,,,,,,,,,,,,,,,,,,,,,,,,,,,,,,,,,
MANIPUR,,,19,,,,,,,,,,,,,,,,1,,,AUS,ee,,,,,,,,,,,,,,,5,,,,eT,,,,,,,,,,,,,,,,,,,,,,,,,,,,,,,,,,,,,,,,,,,,,,,,,,,,,
2 CHANDEL o- -i ai отa!. •0:0 14,3,CHURACHANDPUR,Te,,,,,,,,,,,,18,,,,,,,,,,,,,,,,,,,,,,,,,,,,,,,,,,,,,,,,,,,,,,,,,,,,,,,,,,,,,,,,,,,,,,,,,,,,,,,,
2 CHANDEL o- -i ai отa!. •0:0 14,4,TIMPHAL,153,,,,,,,,,,,,81,gg,48,38,ag,,,,,57,,,,,,,,,,,,,,,,,,,,,,,,,,,,,,,,,,,,,,,,,,,,,,,,,,,,,,,,,,,,,,,,,,,,,,,
2 CHANDEL o- -i ai отa!. •0:0 14,5,SENAPATI,28,,,,,,,,,,,,6,,EO,,Oo,,2,,-,,,,,,,,,,,,,,,,,,,,,,,,,,,,,,,,,,,,,,,,,,,,,,,,,,,,,,,,,,,,,,,,,,,,,,,,
2 CHANDEL o- -i ai отa!. •0:0 14,,GF,4,,,,,,,,,,,,,,,,,,,1,,,,,,,,,,,,,,,,,,,,,,,,,,,,,,,,,,,,,,,,,,,,,,,,,,,,,,,,,,,,,,,,,,,,,,,,,
2 CHANDEL o- -i ai отa!. •0:0 14,,GF [line 2],30,,,,,,,,,,,,,2,15,15,,,,,,,,,,,,,,,,,,,,,,,,,,,,,,,,,,,,,,,,,,,,,,,,,,,,,,,,,,,,,,,,,,,,,,,,,,,,,
2 CHANDEL o- -i ai отa!. •0:0 14,8,JUKHRUL,,,,,,,,,,,,,10,,,,,,,,3,,,,,,,,,,,,,,,,,,,,,,,,,,,,,,,,,,,,,,,,,,,,,,,,,,,,,,,,,,,,,,,,,,,,,,,,
2 CHANDEL o- -i ai отa!. •0:0 14,,JUKHRUL [line 2],269,,,,,,,,,,,,194,136,79,59,,,,14,36,,,,,,,,,,,,,,,,,,,,,,,,,,,,,,,,,,,,,,,,,,,,,,,,,,,,,,,,,,,,,,,,,,,,,,,,
ay,1,GARO HILLS EAST,t22222:: 33,,,,,,,,,,,,10,,,,,vE,,,,,,,,,,,,,,,,,,,,,,,,,,,,,,,,,,,,,,,,,,,,,,,,,,,,,,,,,,,,,,,,,,,,,,,,,,,
2 GARO HILLS 2 Sie AI © To,3,GARO HILLS WEST,107,,,,,,,,,,,,7,,,SO),,19,,12,FL,33,,,,,,,,,,,,,,,,,,,,,,,,,,,,,,,,,,,,,,,,,,,,,,,,,,,,,,,,,,,,,,,,,,,,,,,
2 GARO HILLS 2 Sie AI © To,,*4 TJAINTIA HILLS,,,,,,,,,,,,,33,2,,0,,15,,,,,,,,,,,,,,,,,,,,,,,,,,,,,,,,,,,,,,,,,,,,,,,,,,,,,,,,,,,,,,,,,,,,,,,,,,,
2 GARO HILLS 2 Sie AI © To,,HILLS EAST,184,,,,,,,,,,,,49,10%,,,,31,,10,58,105,,,,,,,,,,,,,,,,,,,,,,,,,,,,,,,,,,,,,,,,,,,,,,,,,,,,,,,,,,,,,,,,,,,,,,,
2 GARO HILLS 2 Sie AI © To,,6TKHASI HILLS WEST,27,,,,,,,,,,,,18,,,,,10,,,13,,,,,,,,,,,0,,,,,,,,,,,,,,,,,,,,,,,,,,,,,,,,,,,,,,,,,,,,,,,,,,,,,,,,,,,,,
2 GARO HILLS 2 Sie AI © To,7,2°,,,,,,,,,,,,,17,,,,,,SSE,RE,10,,,,,,,,,,,,,,,,,,,,,,,,,,,,,,,,,,,,,,,,,,,,,,,,,,,,,,,,,,,,,,,,,,,,,,,,
2 GARO HILLS 2 Sie AI © To,,~=90eev0nesces bens,432,,,,,,,,,,,,139,19,24,13,11 lense,94,,33,105,190,,,,,,,,,,sossssecso2es,,,,,,,,,,,,,,,,,,,,,,,,,,,,,,,,,,,,,,,,,,,,,,,,,,,,,,,,,,,,,
2 GARO HILLS 2 Sie AI © To,1,7C,834,,,,,,,,,,,,,16,,,2,,,41,19,286,,,,,,,,,,,,,,,,,,,,,,,,,,,,,,,,,,,,,,,,,,,,,,,,,,,,,,,,,,,,,,,,,,,,,,,
2 GARO HILLS 2 Sie AI © To,,2CHHIMTUPUI,64,,,,,,,,,,,,88,,,,,,,,3,30,,,,,,,,,,,,,,,,,,,,,,,,,,,,,,,,,,,,,,,,,,,,,,,,,,,,,,,,,,,,,,,,,,,,,,,
,,ae 1,,,,,,,,,,,,,,,,,,,,,,,,,,,,,,,,,,,86,1323 19,,,347,eee,,,,,,,,,,,,,,,,,,,,,,,,,,,,,,,,,,,,,,,,,,,,,,,,,,,,,
,,1h,,,,,,,,,,,,,,,,,,,,,,,,,,,,,,,,,,70,1 4,269 3,,,,eee,,,,,,,,,,,,,,,,,,,,,,,,,,,,,,,,,,,,,,,,,,,,,,,,,,,,,
,,ei,,,,,,,,,,,,,,,,,,,,,,,,,,,,,,,,,,33,,27,109,18,569,,,,,,,,,,,,,,,,,,,,,,,,,,,,,,,,,,,,,,,,,,,,,,,,,,,,,,
,,ar 15,,,,,,,,,,,,,,,,,,,,,,,,,,,,,,,,,,,15,,84,135,167,ee,,,,,,,,,,,,,,,,,,,,,,,,,,,,,,,,,,,,,,,,,,,,,,,,,,,,,
,,a3 2a YE,,,,,,,,,,,,,,,,,,,,,,,,,,,,,,,,,,19,28,,,14,35,ee,,,,,,,,,,,,,,,,,,,,,,,,,,,,,,,,,,,,,,,,,,,,,,,,,,,,,
,,3 Sak,,,,,,,,,,,,,,,,,,,,,,,,,,,,,,,,,,,,3,31,17,67,,,,,,,,,,,,,,,,,,,,,,,,,,,,,,,,,,,,,,,,,,,,,,,,,,,,,,
,,Lk,,,,,,,,,,,,,,,,,,,,,,,,,,,,,,,,,,50,53,580,42,5,110,,,,,,,,,,,,,,,,,,,,,,,,,,,,,,,,,,,,,,,,,,,,,,,,,,,,,,
21 A 19 ee 68 eee eer,,5A,,,,,,,,,,,,,,,,,,,,,,,,,,,,,,,,,,81,43,1102,146,,,ee,27,A 5,Kl:,3 iF,,,14,,1,,,,,,,,,,,,,,,,,,,,,,,,,,,,,,,,,,,,,,,,,,,,
21 A 19 ee 68 eee eer,,5A [line 2],,,,,,,,,,,,,,,,,,,,,,,,,,,,,,,,,,25,ee 44,3,,,,,,,,,,,,,,,,,,,,,,,,,,,,,,,,,,,,,,,,,,,,,,,,,,,,,,,,,
21 A 19 ee 68 eee eer,,5A [line 3],,,,,,,,,,,,,,,,,,,,,,,,,,,,,,,,,,,59,,225,,577,1AL eee,,,,,,,,,,,,,,,,,,,,,,,,,,,,,,,,,,,,,,,,,,,,,,,,,,,,,
21 A 19 ee 68 eee eer,,5A [line 4],,,,,,,,,,,,,,,,,,,,,,,,,,,,,,,,,,36 50,,3,,,,eee,,,,,,,,,,,,,,,,,,,,,,,,,,,,,,,,,,,,,,,,,,,,,,,,,,,,,
20 TT Re RLY eee,,BEST sa in,,,,,,,,,,,,,,,,,,,,,,,,,,,,,,,,,,3411,aaa,31357,3227,870,,,,,,,,,,,,,,,,,,,,,,,,,,,,,,,,,,,,,,,,,,,,,,,,,,,,,,,
ee,,Sa 5,,,,,,,,,,,,,,,,,,,,,,,,,,,,,,,,,,5,3,,,,,"ae 10, eee",,,,,,,,,,,,,,,,,,,,,,,,,,,,,,,,,,,,,,,,,,,,,,,,,,,,,
ee,,Sa 5 [line 2],,,,,,,,,,,,,,,,,,,,,,,,,,,,,,,,,,,,,,,,603 132 IWIFHAL,,,,,,,,,,,,,,,,,,,,,,,,,,,,,,,,,,,,,,,,,,,,,,,,,,,,,
ee,,Sa 5 [line 3],,,,,,,,,,,,,,,,,,,,,,,,,,,,,,,,,,,Si,-,,6,,76 15 Cs,,,,,,,,,,,,,,,,,,,,,,,,,,,,,,,,,,,,,,,,,,,,,,,,,,,,,
ee eee,,a1;,,,,,,,,,,,,,,,,,,,,,,,,,,,,,,,,,,2,,35,19,,2,203,2,,,,,,,10,,,,,,,,,,,,,,,,,,,,,,,,,,,,,,,,,,,,,,,,,,,,,
5 EF NY ES ee 46 ee,,MY,,,,,,,,,,,,,,,,,,,,,,,,,,,,,,,,,,,:oiwi,,,,,16 ee,,,,,,,,,,,,,,,,,,,,,,,,,,,,,,,,,,,,,,,,,,,,,,,,,,,,,
5 EF NY ES ee 46 ee,299,5,,,,,,,,,,,,,,,,,,,,,,,,,,,,,,,,,,3,1,30,,,,713 5- 4ST,,,,,,,,,,19 1,184,,51,1172,21,49,94,4790,,,,,,,,,,,799,,,2,462 2153 :VAIGAI THEANI,,,,,,,,,,,,,,,,,,,,
5 EF NY ES ee 46 ee,,SOR,,,,,,,,,,,,,,,,,,,,,,,,,,,,,,,,,,5,,,Yann,,0,39,,,,,,,,,,,,,,,,,,,,,,,,,,,,,,,,,,,,,,,,,,,,,,,,,,,,,
5 EF NY ES ee 46 ee,,SOR [line 2],,,,,,,,,,,,,,,,,,,,,,,,,,,,,,,,,,,,3,,,ee,ee eee,,,,,,,,,,,,,,,,,,,,,,,,,,,,,,,,,,,,,,,,,,,,,,,,,,,,,
5 EF NY ES ee 46 ee,9,SE a,,,,,,,,,,,,,,,,,,,,,,,,,,,,,,,,,,,25,153,,11,,"1,27 ee",,,,,,,,,,,,,,,,,,,64 283,,,27,,,ae lee,80,567,2732,,,,,,,,,,,,,,,,,,,,,,,,,
MIZCIRAM (Contd...),,-,69,,,,,,,,,196,1739,,,4,,,,,,,0,31,,,,,,,,,,,,,,,,,,,,SU,7,,,,43,352,,,,,6,68,11,,ee,161 387 GURDASPUR,55 53,10,a,16,ae,ae,a 9,29,136,236,2018,32,,4,2002 5610 PERIYAR,77,84,,32,,28,22,,a,201 366,,,2,,,,0,,,42 38
MIZCIRAM (Contd...),,TOTAL,967,,,,,,,,,,,,43,18,,,,,,,22,347,,,,,,,,,,,,,,,,,,,706,329,94 178 274,,7,,,1167,1664,,,,,,,,,,,,,,,,,,,,,,,,,,,,,,,,,,,,,,,,,,,,
NAGAI AND,,“1,112,,,,,,,,,,,,99,19,22,13,9,“13;,Of,4,so?,sa?,,,,,,,,,,0,,,,,,,,,,,,,,,,,,,,,,,,,,,145 168,35,38,129,75,54,39,146,401,1080,,,,,,,,,,,,,,,,57,a,,,,,,5,18,19 414
‘CT i 2 a 8a 0 3; OF GE 0,,““STKOHIMA,35,,,,,,,,,,,,,10,13,8,,,,OS?),,,,,,,,,,,,,,,,,,,,,,,,,,,,,,,,,,,,,,,,,,,,,,,,,,,,,,,,,,,,,,,,,,,,,,,,,
‘CT i 2 a 8a 0 3; OF GE 0,,occ,10,,,,,,,,,,,,,a,3,a,2,2 aa,,ak,,12,,,,,,,,,,aa,,,,,,,,,,,,,,,,,,,,,,,,,,,,,,,,,,,,,,,,,,,,,,,,,,,,,,,,,,,,,
‘CT i 2 a 8a 0 3; OF GE 0,,"5MON""",10,,,,,,,,,,,,4,N:,,0,,,,,,,,,,,,,,,,,,,,,,,,,,,,,,,,,,,,,,,,,,,,,,,,,,,,,,,,,,,,,,,,,,,,,,,,,,,,,
‘CT i 2 a 8a 0 3; OF GE 0,,"""6 [line 2]",,,,,,,,,,,,,14,2,UNE,,1,SE,,,,10,,,,,,,,,,,,,,,,,,,,,,,,,,,,,,,,,,,,,,,,,,,,,,,,,,,,,,,,,,,,,,,,,,,,,,,
‘CT i 2 a 8a 0 3; OF GE 0,2,5;,4,,,,,,,,,,,,10,,7,3,4,4,,,18,ee 12,,,,,,,,,,,,,,,,,,,,,,,,,,,,,,,,,,,,,,,,,,,,,,,,,,,,,,,,,,,,,,,,,,,,,,,
‘CT i 2 a 8a 0 3; OF GE 0,,5; [line 2],23,,,,,,,,,,,,15,5,2,,,2,,0 SMA,3%,ai:,,,,,,,,,,0,,,,,,,,,,,,,,,,,,15,41,a,17,76,a,22,0,232 :SIROHI,,,,,,,,,,,,,,,,,,,,,,,,,,,,,,,,,,,
‘CT i 2 a 8a 0 3; OF GE 0,10,0,,,,,,,,,,,,,,,3,3,,SN,,,,1,,,,,,,,,,"Sel, 3",,,,,,,,,,,,,,,,,,,,,,,,,,,,,,,,,,,,,,,,,,,,,,,,,,,,,,,,,,,,,
- 203 i 48 8 ere em aoa a re 211,,,,,,,,,,11,,a,267,,30,45,Ui,,0 OF),16,0 3E,BE,88E,181,,,,,,,,,,,,,,,,,,,,a,107,84,,a,93,424,,4,,,a,145,,a,NỊ,113 419 (MOGA,,,,,,,,,,,13,0,,eC,TRICHY,,,,,,,,,,,8,,2,5,,ae,,3,,59 63
- 203 i 48 8 ere em aoa a re 211,2,BALASORE,48,,,,,,,,,,,,28,48,032i,B1E,-,14E,5,,84,a8:,,,,,,,,,,OF,,,,,,,,,,,,,,,,,,,,,,,,,,,,,,,,,,,,,,,,,,,,,,,,,,,,,,,,,,,,,
- 203 i 48 8 ere em aoa a re 211,,BALASORE [line 2],,,,,,,,,,,,,23,,,,,ee,,,eee,-,,,,,,,,,,0,,,,,,,,,,,,,,,,,,,,,,,,,,,,,,,,,,,,,,,,,,,,,,,,,,,,,,,,,,,,,
- 203 i 48 8 ere em aoa a re 211,,-,220,,,,,,53,65,,67,1237,3177,20,42,BE,,,4,,SE,GE),NIT:,,,,,,,,,,3,,,,,,,,,,2,,,2 SER,,S,32,85,,8,0,,97,3,,4,46 255 MUKTSAR,,,,,,,,,,,,,,,,,,,,,,,,,,4,2,•,,NO,2,,,,42
- 203 i 48 8 ere em aoa a re 211,,(BHADRAK,,,,,,,,,,,,,38,,,,,12,4,,,,,,,,,,,,,,,,,,,,,,,,,,,,,,,,,,,,,,,,,,,,,,,,,,,,,,,,,,,,,,,,,,,,,,,,,,
- 203 i 48 8 ere em aoa a re 211,,i,,,,,,,,,,,,,34,16,ana,,,nanan,2,,,,,,,,,,,,,0,,,,,,,,,,,,,,,,,,,,,,,,,,,,,,,,,,,,,,,,,,,,,,,,,,,,,,,,,,,,,
- 203 i 48 8 ere em aoa a re 211,,ees,43,,,,,,,,,,,,13,13,,,,2,,,7,29,,,,,,,,,,Of,,,,,,,,,,,,,,,,,,,,,,,,,,,,,,,,,,,,,,,,,,,,,,,,,,,,,,,,,,,,,
- 203 i 48 8 ere em aoa a re 211,,ee seni,,,,,,,,,,,,,63,162,a,,,a,a,,,,,,,,,,,,,,,,,,,,,,,,,,,,,,,,,,,,,,,,,,,,,,,,,,,,,,,,,,,,,,,,,,,,,,,,,,
- 203 i 48 8 ere em aoa a re 211,9,TDEOGARH,,,,,,,,,,,,,12,4,5,,1,55,,lis,,,,,,,,,,,,,,,,,,,,,,,,,,,,,,,,,,,,,,,,,,,,,,,,,,,,,,,,,,,,,,,,,,,,,,,,,
- 203 i 48 8 ere em aoa a re 211,10,:DHENKANAL,177,,,,,,,,,,,,28,25,,,ot,8,N:,,88,,,,,,,,,,,Ot,,,,,,,,,,,,,,,,,,,,,,,,,,,,,,,,,,,,,,,,,,,,,,,,,,,,,,,,,,,,,
- 203 i 48 8 ere em aoa a re 211,,:DHENKANAL [line 2],a,,,,,,,,,,,,21,4,,,,2,,,,ag,,,,,,,,,,,,,,,,,,,,,,,,,,,,,,,,,,,,,,,,,,,,,,,,,,,,,,,,,,,,,,,,,,,,,,,
12 (GANJAM 68 48 SE CE OTE SSE 229°,13,,159,,,,,,,,,,,,"12,",47,11 +,«+11?,+ OF,$8:,"0,",20,41,142,,,,,,,,,,Of,,,,,,,,,,,,,,,,,,,,,,,,,,,,,,,,,,,,,,,,,,,,,,,,,,,,,,,,,,,,,
15 JHARSUGUDA ae 24 29 w 0 ae ees ame,,a,,,,,,,,a 32,a,,1589,4029 GORAKHPUR,18,,,∞,,,,,,,,,,,,,,,,,,,,,,,,,16,,2,,4,,,27,,,,,15,309,a,23,37 2,411 1412 (HOSHIARPUR a,17,0,,,,3,,20,128,964,685,68,a,16,2764 ee,190 1,188,,33,1,,a,,,1926,1927,580,a,,906,,1a,218,869,752 20695
20 KHURDA 28 90 a a a a ae,,“21:KORAPUT,166,,,,,,,,,,,,40,48,OE,,Of,0,,,29,11,,,,,,,,,,Of,,,,,,,,,,,,,,,,,,,,,,,,,,,,,,,,,,,,,,,,,,,,,,,,,,,,,,,,,,,,,
22 TMALKANGIR 42 26 OBE) CUBE)CUCOE!CO8E COE OE 4,24,(NAYAGARH,98114,,,,,,,,,,,,32,23,,,OE),28?,,CT?,,,,,,,,,,,,0,,,,,,,,,,,,,,,,,,,,,,,,,,,,,,,,,,,,,,,,,,,,,,,,,,,,,,,,,,,,,
22 TMALKANGIR 42 26 OBE) CUBE)CUCOE!CO8E COE OE 4,,"""Be",,,,,,,,,,,,,16,,,,6,3,,10,Fie,45,,,,,,,,,,Of,,,,,,,,,,,,,,,,,,,,,,,,,,,,,,,,,,,,,,,,,,,,,,,,,,,,,,,,,,,,,
22 TMALKANGIR 42 26 OBE) CUBE)CUCOE!CO8E COE OE 4,26,:NUAPADA,48,,,,,,,,,,,,,4,,,,1,0,,9,24,,,,,,,,,,Of,,,,,,,,,,,,,,,,,,,,,,,,,,,,,,,,,,,,,,,,,,,,,,,,,,,,,,,,,,,,,
22 TMALKANGIR 42 26 OBE) CUBE)CUCOE!CO8E COE OE 4,27,PURI,341,,,,,,,,,,,,,98,27,27 a7?,66h),28,20,18,13,194,,,,,,,,,,COE),,,,,,,,,,,,,,,,,,,,,,,,,,,,,,,,,,,,,,,,,,,,,,,,,,,,,,,,,,,,,
22 TMALKANGIR 42 26 OBE) CUBE)CUCOE!CO8E COE OE 4,,Se,90,,,,,,,,,,,,37,,,,ep,3,,20,10,52,,,,,,,,,,er,,,,,,,,,,,,,0,,75,301,,,,,,,,,,,,,,,,,,,,,,,,,,,,,,,,,,,,,,,,,,,,,
22 TMALKANGIR 42 26 OBE) CUBE)CUCOE!CO8E COE OE 4,29,Se [line 2],269,,,,,,,,,,,,25,21,6,6,3,2,0,8,18?,127,,,,,,,,,,Oo:,,,,,,,,,5,TS,13 26,19,,,16,152,,,,,,,,,,,,,,,,,,,,,,,,,,,,,,,,,,,,,,,,,,,,,
22 TMALKANGIR 42 26 OBE) CUBE)CUCOE!CO8E COE OE 4,30,SAMBALPUR,290,,,,,,,,,,,,29,a,,,,an 13,20,18 on,49,194,,,,,,,,,,,,,,,,,,,,,,,,,,,,,,,,,,,,,,,,,,,,,,,,,,,,,,,,,,,,,,,,,,,,,,,
22 TMALKANGIR 42 26 OBE) CUBE)CUCOE!CO8E COE OE 4,,“31:SONEPUR,68,,,,,,,,,,,,10,11,,,ae 07 Ge,,,8,10,44,,,,,,,,,,Of,,,,,,,,,,,,,,,,,,,,,,,,,,,,,,,,,,,,,,,,,,,,,,,,,,,,,,,,,,,,,
22 TMALKANGIR 42 26 OBE) CUBE)CUCOE!CO8E COE OE 4,32,(SUNDARGARH,188,,,,,,,,,,,,99,,14,14,,6,13,37,21,112,,,,,,,,,,ee,,,,,,,,,,,,,,,,,,,,,,,,,,,,,,,,,,,,,,,,,,,,,,,,,,,,,,,,,,,,,
22 TMALKANGIR 42 26 OBE) CUBE)CUCOE!CO8E COE OE 4,,“33iSRP(CUTTACK),308,,,,,,,,,,,,3,3,2,2,,2,2,6,3,20,,,,,,,,,,4,,,,,,,,,,,,,,,,,,,,,,,,,,,,,,,,,,,,,,,,,,,,,,,,,,,,,,,,,,,,,
22 TMALKANGIR 42 26 OBE) CUBE)CUCOE!CO8E COE OE 4,34,SRP (ROURKELA),242,,,,,,,,,,,,,,,,,,,,12,31,,,,,,,,,,,,,,,,,,,,,,,,,,,,,,,,,,,,,,,,,,,,,,,,,,,,,,,,,,,,,,,,,,,,,,,
apa,,a a,148,,,,,,,,,,,,37,11,25,18,- -,ae a,ae: oe,,a,122,,,,,,,,,,on,,,,,,,,,,,,,,,,,,,,,,,,,,,,,,,,,,,,,,,,,,,,,,,,,,,,,,,,,,,,,
apa,2,a a [line 2],6,,,,,,,,,,,,11,6,,,1,,SSC,2,,,,,,,,,,,,,,,,,,,,,,,,,,,,,,,,,,,,,,,,,,,,,,,,,,,,,,,,,,,,,,,,,,,,,,,,,
apa,,a a [line 3],,,,,,,,,,,,,,13,14,,,ON 0,ae,,- mae,28,,,,,,,,,,,,,,,,,,,,,,,,,,,,,,,,,,,,,,,,,,,,,,,,,,,,,,,,,,,,,,,,,,,,,,,
,12,KAPURTHALA,,,,,,,,,,,,,,,,,,,,,,,,,,,,,,,,,,,,,,,,,30,18,12 MO 17,13,4,,,55,83,,,,,,,,,,,,,,,,,,,,,,,,,,,,,,,,,,,,,,,,,,,,
,15,MA JITHA,,,,,,,,,,,,,,,,,,,,,,,,,,,,,,,,,,,,,,,,,34,16,ee,,,,,23,33,,,,,,,,,,,,,,,,,,,,,,,,,,,,,,,,,,,,,,,,,,,,
,16,"1MANSA""",,,,,,,,,,,,,,,,,,,,,,,,,,,,,,,,,,,,,,,,,30,3,,4 4,,,,22,16,,,,,,,,,,,,,,,,,,,,,,,,,,,,,,,,,,,,,,,,,,,,
,,"1MANSA"" [line 2]",,,,,,,,,,,,,,,,,,,,,,,,,,,,,,,,,,,,,,,,,14,15,1 RE,,5,2 9,,43,50,,,,,,,,,,,,,,,,,,,,,,,,,,,,,,,,,,,,,,,,,,,,
,,18 [line 2],,,,,,,,,,,,,,,,,,,,,,,,,,,,,,,,,,,,,,,,,12,12,5,5,,4,5,22,25,,,,,,,,,,,,,,,,,,,,,,,,,,,,,,,,,,,,,,,,,,,,
,,18 [line 3],,,,,,,,,,,,,,,,,,,,,,,,,,,,,,,,,,,,,,,,,50 7,13,15 19,3 12,,,MT,80,118,,,,,,,,,,,,,,,,,,,,,,,,,,,,,,,,,,,,,,,,,,,,
,,TROFAR,,,,,,,,,,,,,,,,,,,,,,,,,,,,,,,,,,,,,,,,,7,7,,A!,,,,41,76,,,,,,,,,,,,,,,,,,,,,,,,,,,,,,,,,,,,,,,,,,,,
,,BRR TSANGRUR,,,,,,,,,,,,,,,,,,,,,,,,,,,,,,,,,,,,,,,,,35,19,,,,,,28,46,,,,,,,,,,,,,,,,,,,,,,,,,,,,,,,,,,,,,,,,,,,,
,24,..!,,,,,,,,,,,,,,,,,,,,,,,,,,,,,,,,,,,,,,,,,11,,,,,,,,22,,,,,,,,,,,,,,,,,,,,,,,,,,,,,,,,,,,,,,,,,,,,
,,aaa,,,,,,,,,,,,,,,,,,,,,,,,,,,,,,,,,,,,,,,,,56,7,SON 40 2 115,,,,29,212,,,,,,,,,,,,,,,,,,,,,,,,,,,,,,,,,,,,,,,,,,,,,
,8,BIKANER,,,,,,,,,,,,,,,,,,,,,,,,,,,,,,,,,,,,,,,,,37,a,a 36,44,,2,,223,,,,,,,,,,,,,,,,,,,,,,,,,,,,,,,,,,,,,,,,,,,,,
,,BIKANER [line 2],,,,,,,,,,,,,,,,,,,,,,,,,,,,,,,,,,,,,,,,,48 7,7 Wee,44,4 90,,eee) ee,eee 81,,,,,,,,,,,,,,,,,,,,,,,,,,,,,,,,,,,,,,,,,,,,,,
,10,CHIT FORGANH ae,,,,,,,,,,,,,,,,,,,,,,,,,,,,,,,,,,,,,,,,,50,3,53 193,171,22,,78,,,,,,,,,,,,,,,,,,,,,,,,,,,,,,,,,,,,,,,,,,,,,,
,,Welle,,,,,,,,,,,,,,,,,,,,,,,,,,,,,,,,,,,,,,,,,33 7,ale,3 19 29,Wk 10,,,Wee,222,,,,,,,,,,,,,,,,,,,,,,,,,,,,,,,,,,,,,,,,,,,,,
,12,DAUSA,,,,,,,,,,,,,,,,,,,,,,,,,,,,,,,,,,,,,,,,,32,,15 a 59,59,a,a,23,145,,,,,,,,,,,,,,,,,,,,,,,,,,,,,,,,,,,,,,,,,,,,,
,13,pee,,,,,,,,,,,,,,,,,,,,,,,,,,,,,,,,,,,,,,,,,53,«1,19 50,40,A,4,30,,,,,,,,,,,,,,,,,,,,,,,,,,,,,,,,,,,,,,,,,,,,,,
,,pee [line 2],,,,,,,,,,,,,,,,,,,,,,,,,,,,,,,,,,,,,,,,,,Ma,1 44,40,,2 5 Se 0 2,Sl 13,60,,,,,,,,,,,,,,,,,,,,,,,,,,,,,,,,,,,,,,,,,,,,,
,15,GANGANAGAR,,,,,,,,,,,,,,,,,,,,,,,,,,,,,,,,,,,,,,,,,100,SF,88,70 7,18 7,3,19,262,,,,,,,,,,,,,,,,,,,,,,,,,,,,,,,,,,,,,,,,,,,,,
,,GANGANAGAR [line 2],,,,,,,,,,,,,,,,,,,,,,,,,,,,,,,,,,,,,,,,,74,,34 48,36,,ee,ee,162,,,,,,,,,,,,,,,,,,,,,,,,,,,,,,,,,,,,,,,,,,,,,
,,GANGANAGAR [line 3],,,,,,,,,,,,,,,,,,,,,,,,,,,,,,,,,,,,,,,,,119,Salen,268,220,48,2,86,1288,,,,,,,,,,,,,,,,,,,,,,,,,,,,,,,,,,,,,,,,,,,,,
,,GANGANAGAR [line 4],,,,,,,,,,,,,,,,,,,,,,,,,,,,,,,,,,,,,,,,,4,,GRE 4,7,,A 0,13,56,ee,,,,,,,,,,,,,,,,,,,,,,,,,,,,,,,,,,,,,,,,,,,,
21 TSHURUHUNU ees ee ee a 30 21 2 ee,22,(JOPHPUR,,,,,,,,,,,,,,,,,,,,,,,,,,,,,,,,,,,,,,,,,,,77,SO,18,1,43,359,,,,,,,,,,,,,,,,,,,,,,,,,,,,,,,,,,,,,,,,,,,,,
21 TSHURUHUNU ees ee ee a 30 21 2 ee,,(JOPHPUR [line 2],,,,,,,,,,,,,,,,,,,,,,,,,,,,,,,,,,,,,,,,,,,5 162,162,,12,75,598,,,,,,,,,,,,,,,,,,,,,,,,,,,,,,,,,,,,,,,,,,,,,
21 TSHURUHUNU ees ee ee a 30 21 2 ee,24,ENAGRUR,,,,,,,,,,,,,,,,,,,,,,,,,,,,,,,,,,,,,,,,,64,,Te,40,,,27,225,,,,,,,,,,,,,,,,,,,,,,,,,,,,,,,,,,,,,,,,,,,,,
21 TSHURUHUNU ees ee ee a 30 21 2 ee,25,TPALI,,,,,,,,,,,,,,,,,,,,,,,,,,,,,,,,,,,,,,,,,,,ORE 73,58,15,RS,16,146,,,,,,,,,,,,,,,,,,,,,,,,,,,,,,,,,,,,,,,,,,,,,
21 TSHURUHUNU ees ee ee a 30 21 2 ee,26,RAJSANAND,,,,,,,,,,,,,,,,,,,,,,,,,,,,,,,,,,,,,,,,,26,,Sat 85,85,,MO 2,MO 29,141,,,,,,,,,,,,,,,,,,,,,,,,,,,,,,,,,,,,,,,,,,,,,
21 TSHURUHUNU ees ee ee a 30 21 2 ee,,RAJSANAND [line 2],,,,,,,,,,,,,,,,,,,,,,,,,,,,,,,,,,,,,,,,,70,,,3,0,1,41,294,ee,,,,,,,,,,,,,,,,,,,,,,,,,,,,,,,,,,,,,,,,,,,,
21 TSHURUHUNU ees ee ee a 30 21 2 ee,23,:SIKAR,,,,,,,,,,,,,,,,,,,,,,,,,,,,,,,,,,,,,,,,,79,,10 20 39,29,10,,15,274,,,,,,,,,,,,,,,,,,,,,,,,,,,,,,,,,,,,,,,,,,,,,
21 TSHURUHUNU ees ee ee a 30 21 2 ee,30,ITONK,,,,,,,,,,,,,,,,,,,,,,,,,,,,,,,,,,,,,,,,,25 5,,23 73,52,,,,110,,,,,,,,,,,,,,,,,,,,,,,,,,,,,,,,,,,,,,,,,,,,,
21 TSHURUHUNU ees ee ee a 30 21 2 ee,,ITONK [line 2],,,,,,,,,,,,,,,,,,,,,,,,,,,,,,,,,,,,,,,,,75,,tae 200,168,,,127,537,,,,,,,,,,,,,,,,,,,,,,,,,,,,,,,,,,,,,,,,,,,,,
32 C.hr ai: 5 SF Wea *13 tas,,a :TOTAL,,,,,,,,,,,,,,,,,,,,,,,,,,,,,,,,,,,,,,,,,1622,,1162 2857,2485,372,,1183,8806,,,,,,,,,,,,,,,,,,,,,,,,,,,,,,,,,,,,,,,,,,,,,
43 13 a 11 a a (FEROZEPUR,,ant,,,,,,,,,,,,,,,,,,,,,,,,,,,,,,,,,,,,,,,,,,,,,,,,,,,15,,,84,,,alee,164 373 JAGRAON,,,,,,,,,,,,,,,,,,,,,,,,,,,,,,,,,,,
43 13 a 11 a a (FEROZEPUR,,ant [line 2],,,,,,,,,,,,,,,,,,,,,,,,,,,,,,,,,,,,,,,,,,,,,,,,,,,90,,a,240,a 12,,aa 27,475 1396 JALANDHAR ee,,,,,,,,,,,,,,,,,,,,,,,,,,,,,,,,,,,
43 13 a 11 a a (FEROZEPUR,,Sd.,,,,,,,,,,,,,,,,,,,,,,,,,,,,,,,,,,,,,,,,,,,,,,,,,,14,WRG,Re:,,117,,,,209 664 KAPURTHALA,,,,,,,,,,,,,,,,,,,,,,,,,,,,,,,,,,,
"0 8 a GAA 3 GAG wi 78 318 MANSA""",,hk,,,,,,,,,,,,,,,,,,,,,,,,,,,,,,,,,,,,,,,,,,,,,,,,,,,14,ee,,61,,,0 a,112 291 NAWAN SHAHR,,,,,,,,,,,,,,,,,,,,,,,,,,,,,,,,,,,
J 7 tn i ek 23 119 343 TARN TARAN,,IEE EE EEE TOTAL ETD,,,,,,,,,,,,,,,,,,,,,,,,,,,,,,,,,,,,,,,,,,,,,,,,,,201,805,,57,2613,,129,GE,13922,,,,,,,,,,,,,,,,,,,,,,,,,,,,,,,,,,,
oa an 10 (a an a 77 a an ele 3755 ae,,,,,,,,,,,,,,,,,,,,,,,,,,,,,,,,,,,,,,,,,,,,,,,,,,,,14,,a,.38,,a,137,,4332 BUNDI ae,,,,,,,,,,,,,,,,,,,,,,,,,,,,,,,,,,,
hat 14 ee tae a ae alae a 3594 DAUSA,,,,,,,,,,,,,,,,,,,,,,,,,,,,,,,,,,,,,,,,,,,,,,,,,,,,14,,ea,,,14,38,,3163 EDHOLPUR ae,,,,,,,,,,,,,,,,,,,,,,,,,,,,,,,,,,,
ee 00: a eae ae 48 ae 2283 DUNGARPUR,,oa (aa,,,,,,,,,,,,,,,,,,,,,,,,,,,,,,,,,,,,,,,,,,,,,,,,,,7,396,,,a,32,173,,6486 GANGANAGAR ee,,,,,,,,,,,,,,,,,,,,,,,,,,,,,,,,,,,
ee 00: a eae ae 48 ae 2283 DUNGARPUR,,ZA,,,,,,,,,,,,,,,,,,,,,,,,,,,,,,,,,,,,,,,,,,,,,,,,,,21,794,,,ae:,36,196,,2021 JAIPUR,,,,,,,,,,,,,,,,,,,,,,,,,,,,,,,,,,,
a 101 a ae 193 179 4944 :JHALAWAR ae,,“Tae,,,,,,,,,,,,,,,,,,,,,,,,,,,,,,,,,,,,,,,,,,,,,,,,,,,,15,,1331,,34,,3501 JHUNJHUNÜ eee,,,,,,,,,,,,,,,,,,,,,,,,,,,1,Se,,Gd,ee),,,,75 1764
a 101 a ae 193 179 4944 :JHALAWAR ae,,-,,,,,,,,,,,,,,,,,,,,,,,,,,,,,,,,,,,,,,,,,,,,,,,,,,65,ae 310,,ae,1844,an 19,69,an,,,,,,,,,,,,,,,,,,,,,,,,,,,,,,,,,,,,
a 101 a ae 193 179 4944 :JHALAWAR ae,98,ak,,,,,,,40,40,,61,1001,,,,,,,,,,,,,,,,,,,,,,,,,,,,,,,,,,,,,,,27,169 1,,18,115,,65,on a,"4040 PALI"" en",,,,,,,,,,,,,,,,,,,,,,,,,,,,,,,,,,,
ae 15 a 130 a 19 a 53 a a 74 4 3761 TONK ae,,-,,,,,,,,,,,,,,,,,,,,,,,,,,,,,,,,,,,,,,,,,,,,,,,,,,55,308,,76,242,12,ae,an,8863 UDAIPUR ae,,,,,,,,,,,,,,,,,,,,,,,,,,,,,,,,,,,
ae 15 a 130 a 19 a 53 a a 74 4 3761 TONK ae,,5 GARG,,,,,,,,,,,,,,,,,,,,,,,,,,,,,,,,,,,,,,,,,,,,,,,,,,6,14 2,14,Wee 1,1,,,,"-752 G.R.P, eee",,,,,,,,,,,,,,,,,,,,,,,,,,,,,,,,,,,
ae 15 a 130 a 19 a 53 a a 74 4 3761 TONK ae,,in,,,,,,,,,,,,,,,,,,,,,,,,,,,,,,,,,,,,,,,,,,,,,,,,,,953,5853,270,,14203 Lae,349,2583,44 3920,75574 161621 TTOTAL,,,,,,,,,,,,,,,,,,,,,,,,,,,,,,,,,,,
SIKKIM,,,,,,,,,,,,,,,,,,,,,,,,,,,,,,,,,,,,,,,,,,,,,,,,,,,,3,23,,,53,Sal -,21,,95 346 TEAST,,,,,,,,,,,,,,,,,,,,,,,,,,,,,,,,,,,
SIKKIM,,calle’,,,,,,,,,,,,,,,,,,,,,,,,,,,,,,,,,,,,,,,,,,,,,,,,,,1,,,1,,,10,,28,,,,,,,,,,,,,,,,,,,,,,,,,,,,,,,,,,,
,,oT (EAST) a,,,,,,,,,,,,,,,,,,,,,,,,,,,,,,,,,,,,,,,,,,,,,,,,,,,,,,,,,,,80 76,a,,35,35,0,15,30,487,1058,,,,,,,,,,,,,,,,,,,,,,,,,
,,eV,,,,,,,,,,,,,,,,,,,,,,,,,,,,,,,,,,,,,,,,,,,,,,,,,,,,,,,,,,,83 34,,,54,54,0,an,23,195,587,,,,,,,,,,,,,,,,,,,,,,,,,
,,Se a [line 2],,,,,,,,,,,,,,,,,,,,,,,,,,,,,,,,,,,,,,,,,,,,,,,,,,,,,,,,,,,100 60,,,13,13,,12,25,167,498,,,,,,,,,,,,,,,,,,,,,,,,,
,5,COIMBATORE (RURAL),,,,,,,,,,,,,,,,,,,,,,,,,,,,,,,,,,,,,,,,,,,,,,,,,,,,,,,,,,,87,or,6,42,oe,11,oe 20,kK,433,147,,,,,,,,,,,,,,,,,,,,,,,,,
,,fi,,,,,,,,,,,,,,,,,,,,,,,,,,,,,,,,,,,,,,,,,,,,,,,,,,,,,,,,,,,5 75,SE,,,72,ee,,6,224,627,,,,,,,,,,,,,,,,,,,,,,,,,
,12,KARUR DHEERAN,,,,,,,,,,,,,,,,,,,,,,,,,,,,,,,,,,,,,,,,,,,,,,,,,,,,,,,,,,,28 15,,,,,,ee ee,,,,,,,,,,,,,,,,,,,,,,,,,,,,
13 us Sane 4 a Uл: a oa,,URBAN,,,,,,,,,,,,,,,,,,,,,,,,,,,,,,,,,,,,,,,,,,,,,,,,,,,,,,,,,,,26 73,,,14,,,,,,,,,,,,,,,,,,,,,,,,,,,,,,,
OCC tC 66 16 et a at aaa) O80,,“Te NAGAI,,,,,,,,,,,,,,,,,,,,,,,,,,,,,,,,,,,,,,,,,,,,,,,,,,,,,,,,,,,58,,,,,19,,or a,,,,,,,,,,,,,,,,,,,,,,,,,,,
1 83 32 a a 12 a a 20 ee,19,ac,,,,,,,,,,,,,,,,,,,,,,,,,,,,,,,,,,,,,,,,,,,,,,,,,,,,,,,,,,,25 21,SA,,,,,,,,,,,,,,,,,,,,,,,,,,,,,,,,,
1 83 32 a a 12 a a 20 ee,20,RAMNATHAPURAM,,,,,,,,,,,,,,,,,,,,,,,,,,,,,,,,,,,,,,,,,,,,,,,,,,,,,,,,,,,54 61,1,,,,,,,,,,,,,,,,,,,,,,,,,,,,,,,,,
1 83 32 a a 12 a a 20 ee,,RAMNATHAPURAM [line 2],,,,,,,,,,,,,,,,,,,,,,,,,,,,,,,,,,,,,,,,,,,,,,,,,,,,,,,,,,,156 56,Sade),ea 5,,,,,16,380,,,,,,,,,,,,,,,,,,,,,,,,,,
1 83 32 a a 12 a a 20 ee,22,17707 2,,,,,,,,,,,,,,,,,,,,,,,,,,,,,,,,,,,,,,,,,,,,,,,,,,,,,,,,,,,28,SY,,,"SS,",,A),,,,,,,,,,,,,,,,,,,,,,,,,,,,
23 cn 64 56 gt at a “or aor a ee,24,The wa,,,,,,,,,,,,,,,,,,,,,,,,,,,,,,,,,,,,,,,,,,,,,,,,,,,,,,,,,,,5,,,,,,,es,166,146,,,,,,,,,,,,,,,,,,,,,,,,,
23 cn 64 56 gt at a “or aor a ee,,The wa [line 2],,,,,,,,,,,,,,,,,,,,,,,,,,,,,,,,,,,,,,,,,,,,,,,,,,,,,,,,,,,132 123,0,,,,20,,51,,,,,,,,,,,,,,,,,,,,,,,,,,,
26 TIRUVALLUVAR eae GRO 39 30 WOR WR Se Se,27,TRICHY,,,,,,,,,,,,,,,,,,,,,,,,,,,,,,,,,,,,,,,,,,,,,,,,,,,,,,,,,,,56,,,,,0,a,4,,,,,,,,,,,,,,,,,,,,,,,,,,,
“$5 75 81 seg ai a a,,30 [line 2],,,,,,,,,,,,,,,,,,,,,,,,,,,,,,,,,,,,,,,,,,,,,,,,,,,,,,,,,,,,,,,,,ee ee,2,,,,,,,,,,,,,,,,,,,,,,,,,,,
“$5 75 81 seg ai a a,,HE,,,,,,,,,,,,,,,,,,,,,,,,,,,,,,,,,,,,,,,,,,,,,,,,,,,,,,,,,,,1883 1% 88,16,a,976,a,118,171 a,600,6362,18666,,,,,,,,,,,,,,,,,,,,,,,,,
TRIPURA,,“7 oA,,,,,,,,,,,,,,,,,,,,,,,,,,,,,,,,,,,,,,,,,,,,,,,,,,,,,,,,,,,,,,53,,53,2,,,,,,,,,,,,,,,,,,,,,,,,,,,,
TRIPURA,,"ac ii,",,,,,,,,,,,,,,,,,,,,,,,,,,,,,,,,,,,,,,,,,,,,,,,,,,,,,,,,,,,35 13,,,,,ee,ee],,,,,,,,,,,,,,,,,,,,,,,,,,,,
3 [SOUTH ae 46 ae a a a a,4,WEST,,,,,,,,,,,,,,,,,,,,,,,,,,,,,,,,,,,,,,,,,,,,,,,,,,,,,,,,,,,5 10,,1,a,15,SE,43,,,,,,,,,,,,,,,,,,,,,,,,,,,,
en,,OE [line 2],,,,,,,,,,,,,,,,,,,,,,,,,,,,,,,,,,,,,,,,,,,,,,,,,,,,,,,,,,,14 21,,ee,,,,ee,,27,75,,,,,,,,,,,,,,,,,,,,,,,,,
en,,ig,,,,,,,,,,,,,,,,,,,,,,,,,,,,,,,,,,,,,,,,,,,,,,,,,,,,,,,,,,,40 69,10,SL 6,,15,2,14,42,83,186,,,,,,,,,,,,,,,,,,,,,,,,,
en,6,AZAMGARH,,,,,,,,,,,,,,,,,,,,,,,,,,,,,,,,,,,,,,,,,,,,,,,,,,,,,,,,,,,109 105,17,15,22,16,,19 Wa,4 72,199,289,,,,,,,,,,,,,,,,,,,,,,,,,
en,,AZAMGARH [line 2],,,,,,,,,,,,,,,,,,,,,,,,,,,,,,,,,,,,,,,,,,,,,,,,,,,,,,,,,,,261 257,35,65,127,52,75,25,130,148,456,,,,,,,,,,,,,,,,,,,,,,,,,
en,,AZAMGARH [line 3],,,,,,,,,,,,,,,,,,,,,,,,,,,,,,,,,,,,,,,,,,,,,,,,,,,,,,,,,,,103 92,,38,68,52,16,22,59,223,435,,,,,,,,,,,,,,,,,,,,,,,,,
en,10,cca,,,,,,,,,,,,,,,,,,,,,,,,,,,,,,,,,,,,,,,,,,,,,,,,,,,,,,,,,,,110 46,17,20,26,15,,,39,160,223,,,,,,,,,,,,,,,,,,,,,,,,,
en,,cca [line 2],,,,,,,,,,,,,,,,,,,,,,,,,,,,,,,,,,,,,,,,,,,,,,,,,,,,,,,,,,,136 103,24,51,a 79,57,22,ae,97,214,,,,,,,,,,,,,,,,,,,,,,,,,,
en,,cca [line 3],,,,,,,,,,,,,,,,,,,,,,,,,,,,,,,,,,,,,,,,,,,,,,,,,,,,,,,,,,,276 242,30,57,,118,17,14,135,312,945,,,,,,,,,,,,,,,,,,,,,,,,,
en,13,BASTI,,,,,,,,,,,,,,,,,,,,,,,,,,,,,,,,,,,,,,,,,,,,,,,,,,,,,,,,,,,61 721,23,12,43,43,Saas,a,2,101,220,,,,,,,,,,,,,,,,,,,,,,,,,
en,14,BHADOI,,,,,,,,,,,,,,,,,,,,,,,,,,,,,,,,,,,,,,,,,,,,,,,,,,,,,,,,,,,25 27,,4,,,,ee,4 26,89,116,,,,,,,,,,,,,,,,,,,,,,,,,
,117,-,,,,,,,,,,,,,,,,,,,,,,,,,,,,,,,,,,,,,,,,,,,,,,,,,,,,,,,,,,,,,,,,,,,,,134,14,,88,1208,,,,,,,,,,,,,,,,,,,,
,,22: 67!,,,,,,,,,,,,,,,,,,,,,,,,,,,,,,,,,,,,,,,,,,,,,,,,,,,,,,,,,,,,,,,,,,,,,570 10,63,28,33,7147,,,,,,,,,,,,,,,,,,,,
,30,20,,,,,,,,,,,,,,,,,,,,,,,,,,,,,,,,,,,,,,,,,,,,,,,,,,,,,,,,,,,,,,,,,,,,,65,,,,1789 3268|COIMBATORE (URBANI,,,,,,,,,,,,,,,,,,,,
,624,9;,,,,,,,,,,,,,,,,,,,,,,,,,,,,,,,,,,,,,,,,,,,,,,,,,,,,,,,,,,,,,,,,,,,,,123 12,71,31,18,4979 7047 }CUDDALORE,,,,,,,,,,,,,,,,,,,,
,20,a,,,,,,,,,,,,,,,,,,,,,,,,,,,,,,,,,,,,,,,,,,,,,,,,,,,,,,,,,,,,,,,,,,,,,,61,a 121,a,48751,,,,,,,,,,,,,,,,,,,,
,16,i,,,,,,,,,,,,,,,,,,,,,,,,,,,,,,,,,,,,,,,,,,,,,,,,,,,,,,,,,,,,,,,,,,,,,504,a 38,16,,2371 3823 DINDIGAL eee,,,,,,,,,,,,,,,,,,,,
,3,5,,,,,,,,,,,,,,,,,,,,,,,,,,,,,,,,,,,,,,,,,,,,,,,,,,,,,,,,,,,,,,,,,,,,,97,a,,12,807 1402 [KARUR DHEERAN,,,,,,,,,,,,,,,,,,,,
,333,a,,,,,,,,,,,,,,,,,,,,,,,,,,,,,,,,,,,,,,,,,,,,,,,,,,,,,,,,,,,,,,,,,,,,,1477,32,,aa,964 3723 MADURAI RURAL,,,,,,,,,,,,,,,,,,,,
,69,32,,,,,,,,,,,,,,,,,,,,,,,,,,,,,,,,,,,,,,,,,,,,,,,,,,,,,,,,,,,,,,,,,,,,,220 5,10,a 86,18,2012 4016 URBAN a,,,,,,,,,,,,,,,,,,,,
,,a ee aa,,,,,,,,,,,,,,,,,,,,,,,,,,,,,,,,,,,,,,,,,,,,,,,,,,,,,,,,,,,,,,,,,,,,,394 10,83,2,ae,2980 Le Cee,,,,,,,,,,,,,,,,,,,,
,93,Sa 26 PASUMPON M. THEVAR,,,,,,,,,,,,,,,,,,,,,,,,,,,,,,,,,,,,,,,,,,,,,,,,,,,,,,,,,,,,,,,,,,,,,801 3,41,23,,845 2423,,,,,,,,,,,,,,,,,,,,
,406,MIM 23,,,,,,,,,,,,,,,,,,,,,,,,,,,,,,,,,,,,,,,,,,,,,,,,,,,,,,,,,,,,,,,,,,,,,1026,40 la,,VM 16,4402 SALEM,,,,,,,,,,,,,,,,,,,,
,87,-,,,,,,,,,,,,,,,,,,,,,,,,,,,,,,,,,,,,,,,,,,,,,,,,,,,,,,,,,,,,,,,,,,,,,829,122,24,,4366 6939 ee,,,,,,,,,,,,,,,,,,,,
108 a ee 4 20 oe 188 a 23 a ae 955 1580 TIRUVALLUVAR,638,26,,,,,,,,,,,,,,,,,,,,,,,,,,,,,,,,,,,,,,,,,,,,,,,,,,,,,,,,,,,,,,,,,,,,,745,50,,,3589 le 5921 6 een,,,,,,,,,,,,,,,,,,,,
14 eee 29 ee ee ee 155 375 MADRAS RLY,2,474,,,,,,,,,,,,,,,,,,,,,,,,,,,,,,,,,,,,,,,,,,,,,,,,,,,,,,,,,,,,,,,,,,,,,20689 112,1253,1514,a,(TOTAL an,,,,,,,,,,,,,,,,,,,,
TRIPURA,31,,,,,,,,,,,,,,,,,,,,,,,,,,,,,,,,,,,,,,,,,,,,,,,,,,,,,,,,,,,,,,,,,,,,,,40,a,a 0,ae,62 315 DHALAI,,,,,,,,,,,,,,,,,,,,
TRIPURA,101,ee,,,,,,,,,,,,,,,,,,,,,,,,,,,,,,,,,,,,,,,,,,,,,,,,,,,,,,,,,,,,,,,,,,,,,183,,,,215,,,,,,,,,,,,,,,,,,,,
TRIPURA,97,a,,,,,,,,,,,,,,,,,,,,,,,,,,,,,,,,,,,,,,,,,,,,,,,,,,,,,,,,,,,,,,,,,,,,,231 1,,aS,37,422 1571 WEST eee,,,,,,,,,,,,,,,,,,,,
TRIPURA,2661,27 seemed,,,,,,,,,,,,,,,,,,,,,,,,,,,,,,,,,,,,,,,,,,,,,,,,,,,,,,,,,,,,,,,,,,,,,566 19,94,,66,886 3630 TTOTAL,,,,,,,,,,,,,,,,,,,,
TRIPURA,306,105,,,,,,,,,,,,,,,,,,,,,,,,,,,,,,,,,,,,,,,,,,,,,,,,,,,,,,,,,,,,,,,,,,,,,604 76,95,0,158,1493 5214 TALIGARH eee,,,,,,,,,,,,,,,,,,,,
TRIPURA,323,118 147,,,,,,,,,,,,,,,,,,,,,,,,,,,,,,,,,,,,,,,,,,,,,,,,,,,,,,,,,,,,,,,,,,,,,527 83,129,a),173,2870 eo,,,,,,,,,,,,,,,,,,,,
TRIPURA,16,12 a,,,,,,,,,,,,,,,,,,,,,,,,,,,,,,,,,,,,,,,,,,,,,,,,,,,,,,,,,,,,,,,,,,,,,2 2,12,ol,a a,184 404 (ALMORA,,,,,,,,,,,,,,,,,,,,
TRIPURA,96,26 ae AMBEDKAR NAGAR ee,,,,,,,,,,,,,,,,,,,,,,,,,,,,,,,,,,,,,,,,,,,,,,,,,,,,,,,,,,,,,,,,,,,,,175 13,4,ee,aa 23 a,456 12991,,,,,,,,,,,,,,,,,,,,
TRIPURA,101,18,,,,,,,,,,,,,,,,,,,,,,,,,,,,,,,,,,,,,,,,,,,,,,,,,,,,,,,,,,,,,,,,,,,,,202 31,19,,23,705 2022 AZAMGARH,,,,,,,,,,,,,,,,,,,,
TRIPURA,3,es,,,,,,,,,,,,,,,,,,,,,,,,,,,,,,,,,,,,,,,,,,,,,,,,,,,,,,,,,,,,,,,,,,,,,204,a),,a 69,1091 3208,,,,,,,,,,,,,,,,,,,,
TRIPURA,39,60 ee 31 ae,,,,,,,,,,,,,,,,,,,,,,,,,,,,,,,,,,,,,,,,,,,,,,,,,,,,,,,,,,,,,,,,,,,,,291 39,a 38,,45,904 2612 BAHRAICH ee,,,,,,,,,,,,,,,,,,,,
TRIPURA,98,a 25 1 22,,,,,,,,,,,,,,,,,,,,,,,,,,,,,,,,,,,,,,,,,,,,,,,,,,,,,,,,,,,,,,,,,,,,,232,a,,,454 1451 BALLIA See,,,,,,,,,,,,,,,,,,,,
TRIPURA,77,a 34,,,,,,,,,,,,,,,,,,,,,,,,,,,,,,,,,,,,,,,,,,,,,,,,,,,,,,,,,,,,,,,,,,,,,136 30,46,0,30,858 1911 BANDA eee,,,,,,,,,,,,,,,,,,,,
TRIPURA,75,14,,,,,,,,,,,,,,,,,,,,,,,,,,,,,,,,,,,,,,,,,,,,,,,,,,,,,,,,,,,,,,,,,,,,,39,39,,89,718 2549BARABANKI,,,,,,,,,,,,,,,,,,,,
TRIPURA,114,81,,,,,,,,,,,,,,,,,,,,,,,,,,,,,,,,,,,,,,,,,,,,,,,,,,,,,,,,,,,,,,,,,,,,,155 61,,,118,1841 4717 BAREILLY,,,,,,,,,,,,,,,,,,,,
TRIPURA,86,43,,,,,,,,,,,,,,,,,,,,,,,,,,,,,,,,,,,,,,,,,,,,,,,,,,,,,,,,,,,,,,,,,,,,,255 23,14,,19,621 1671 BASTI,,,,,,,,,,,,,,,,,,,,
TRIPURA,44,5,,,,,,,,,,,,,,,,,,,,,,,,,,,,,,,,,,,,,,,,,,,,,,,,,,,,,,,,,,,,,,,,,,,,,102,ee,a,,245 754 BHADOi,,,,,,,,,,,,,,,,,,,,
TRIPURA,70,30,,,,,,,,,,,,,,,,,,,,,,,,,,,,,,,,,,,,,,,,,,,,,,,,,,,,,,,,,,,,,,,,,,,,,98 3 25,69,,115,829 2322BIJNOR ee,,,,,,,,,,,,,,,,,,,,
,18,DEHRADUN,,,,,,,,,,,,,,,,,,,,,,,,,,,,,,,,,,,,,,,,,,,,,,,,,,,,,,,,,,,,,,,,,,,,,,,,,,45,51,3,12,63,52,,10,OE 21,161 336,,,,,,,,,,
,19,DEORIA,,,,,,,,,,,,,,,,,,,,,,,,,,,,,,,,,,,,,,,,,,,,,,,,,,,,,,,,,,,,,,,,,,,,,,,,,,65,96,165,,,22,,17,53,182 .. 250 ..,,,,,,,,,,
,20,JETAH,,,,,,,,,,,,,,,,,,,,,,,,,,,,,,,,,,,,,,,,,,,,,,,,,,,,,,,,,,,,,,,,,,,,,,,,,,247,324,15,46,130,,81,33,118,«182° 418,,,,,,,,,,
,0,37\7 \;,,,,,,,,,,,,,,,,,,,,,,,,,,,,,,,,,,,,,,,,,,,,,,,,,,,,,,,,,,,,,,,,,,,,,,,,,,138,107,19,86,86,37,49,25 ee,71,142 309,,,,,,,,,,
,22,(FAIZABAD,,,,,,,,,,,,,,,,,,,,,,,,,,,,,,,,,,,,,,,,,,,,,,,,,,,,,,,,,,,,,,,,,,,,,,,,,,71,,,16,,17,OE),16,COE) 83,135 321,,,,,,,,,,
,23,FATEHGARH,,,,,,,,,,,,,,,,,,,,,,,,,,,,,,,,,,,,,,,,,,,,,,,,,,,,,,,,,,,,,,,,,,,,,,,,,,186,175,23,25,87,ANE),46,30,47,108 278,,,,,,,,,,
,24,FATEHPUR,,,,,,,,,,,,,,,,,,,,,,,,,,,,,,,,,,,,,,,,,,,,,,,,,,,,,,,,,,,,,,,,,,,,,,,,,,,105,36%,26,,,a 36,20,67,112 306,,,,,,,,,,
,25,FEROZABAD,,,,,,,,,,,,,,,,,,,,,,,,,,,,,,,,,,,,,,,,,,,,,,,,,,,,,,,,,,,,,,,,,,,,,,,,,,129,115,19%,40,84,37,al,23,3,ae 299,,,,,,,,,,
,26,GHAZIABAD,,,,,,,,,,,,,,,,,,,,,,,,,,,,,,,,,,,,,,,,,,,,,,,,,,,,,,,,,,,,,,,,,,,,,,,,,,334,a 331 ae,25,a 53,145,104,,,213,405 1950,,,,,,,,,,
,27,"GHAZIPUR""",,,,,,,,,,,,,,,,,,,,,,,,,,,,,,,,,,,,,,,,,,,,,,,,,,,,,,,,,,,,,,,,,,,,,,,,,,80,52,16,a,ae 33,15,ee,en,32,272,,,,,,,,,,
,29,GORAKHPUR,,,,,,,,,,,,,,,,,,,,,,,,,,,,,,,,,,,,,,,,,,,,,,,,,,,,,,,,,,,,,,,,,,,,,,,,,,,152,,,a 65,a,,,,305 644,,,,,,,,,,
ee 181 168 ae a a 4 a ae 364,33,1JALAUN,,,,,,,,,,,,,,,,,,,,,,,,,,,,,,,,,,,,,,,,,,,,,,,,,,,,,,,,,,,,,,,,,,,,,,,,,,71,38,,ee,42,12,30,10,,114 168,,,,,,,,,,
34 TJAUNPUR 68 inn 89 ae ae 30 ae 13 17 ne SA,35,[JHANSI,,,,,,,,,,,,,,,,,,,,,,,,,,,,,,,,,,,,,,,,,,,,,,,,,,,,,,,,,,,,,,,,,,,,,,,,,,70,52,a,on,an 20,,a,12,45,269,,,,,,,,,,
34 TJAUNPUR 68 inn 89 ae ae 30 ae 13 17 ne SA,,“S7IKANPURNAGAR —«;—=«169?~=~=*C‘TS,,,,,,,,,,,,,,,,,,,,,,,,,,,,,,,,,,,,,,,,,,,,,,,,,,,,,,,,,,,,,,,,,,,,,,,,,,169,170,,88,,~—:129?,30,37,3 “T89T,605 1287,,,,,,,,,,
155 aan a lana a ane 518,39,YLALITPUR,,,,,,,,,,,,,,,,,,,,,,,,,,,,,,,,,,,,,,,,,,,,,,,,,,,,,,,,,,,,,,,,,,,,,,,,,,22,Sidhe: <6,,,",",,,,,06,,,,,,,,,,
42 МАНОВА a 46 33 2a a a ae a a,43,(MAINPURI,,,,,,,,,,,,,,,,,,,,,,,,,,,,,,,,,,,,,,,,,,,,,,,,,,,,,,,,,,,,,,,,,,,,,,,,,,139,124,,13,))~638G))28E,,,22,,32a,,,,,,,,,,
42 МАНОВА a 46 33 2a a a ae a a,,(MAINPURI [line 2],,,,,,,,,,,,,,,,,,,,,,,,,,,,,,,,,,,,,,,,,,,,,,,,,,,,,,,,,,,,,,,,,,,,,,,,,,1,210,,,,,,,,429,,,,,,,,,,
42 МАНОВА a 46 33 2a a a ae a a,,(MAINPURI [line 3],,,,,,,,,,,,,,,,,,,,,,,,,,,,,,,,,,,,,,,,,,,,,,,,,,,,,,,,,,,,,,,,,,,,,,,,,,,38,,,,13,an,a,ae,146,,,,,,,,,,
42 МАНОВА a 46 33 2a a a ae a a,46,TMEERUT,,,,,,,,,,,,,,,,,,,,,,,,,,,,,,,,,,,,,,,,,,,,,,,,,,,,,,,,,,,,,,,,,,,,,,,,,,424,411,iene,58,,oe,73,ia 29,ae,,,,,,,,,,,
42 МАНОВА a 46 33 2a a a ae a a,48,MORADABAD,,,,,,,,,,,,,,,,,,,,,,,,,,,,,,,,,,,,,,,,,,,,,,,,,,,,,,,,,,,,,,,,,,,,,,,,,,319,349,RC,52,,le,62,67,,384 1057,,,,,,,,,,
42 МАНОВА a 46 33 2a a a ae a a,,“GS,,,,,,,,,,,,,,,,,,,,,,,,,,,,,,,,,,,,,,,,,,,,,,,,,,,,,,,,,,,,,,,,,,,,,,,,,,319,226,GBT,88,~C«142?,aon,84,25,~©=6G 206,196 724,,,,,,,,,,
42 МАНОВА a 46 33 2a a a ae a a,50,NAINITAL,,,,,,,,,,,,,,,,,,,,,,,,,,,,,,,,,,,,,,,,,,,,,,,,,,,,,,,,,,,,,,,,,,,,,,,,,,29,32,,,,,,,,249,,,,,,,,,,
51 PADRONA aa a a a,,52,,,,,,,,,,,,,,,,,,,,,,,,,,,,,,,,,,,,,,,,,,,,,,,,,,,,,,,,,,,,,,,,,,,,,,,,,,16,17,3,,,,,,,,,,,,,,,,,
51 PADRONA aa a a a,,ee,,,,,,,,,,,,,,,,,,,,,,,,,,,,,,,,,,,,,,,,,,,,,,,,,,,,,,,,,,,,,,,,,,,,,,,,,,,86,,,,,,a,,,,,,,,,,,,
51 PADRONA aa a a a,54,İPITHORAGARH,,,,,,,,,,,,,,,,,,,,,,,,,,,,,,,,,,,,,,,,,,,,,,,,,,,,,,,,,,,,,,,,,,,,,,,,,,15,,,,6,,,,,,,,,,,,,,,
51 PADRONA aa a a a,55,1PRATAPGARH,,,,,,,,,,,,,,,,,,,,,,,,,,,,,,,,,,,,,,,,,,,,,,,,,,,,,,,,,,,,,,,,,,,,,,,,,,96,129,22,,,,,,,,,,,,,,,,,
51 PADRONA aa a a a,,56,,,,,,,,,,,,,,,,,,,,,,,,,,,,,,,,,,,,,,,,,,,,,,,,,,,,,,,,,,,,,,,,,,,,,,,,,,105,79,28,aa,28,25,3,Se,50,176 267,,,,,,,,,,
51 PADRONA aa a a a,57,RAMPUR,,,,,,,,,,,,,,,,,,,,,,,,,,,,,,,,,,,,,,,,,,,,,,,,,,,,,,,,,,,,,,,,,,,,,,,,,,124,162,on,30,52,a 43,,30,79,119 321,,,,,,,,,,
51 PADRONA aa a a a,58,eee,,,,,,,,,,,,,,,,,,,,,,,,,,,,,,,,,,,,,,,,,,,,,,,,,,,,,,,,,,,,,,,,,,,,,,,,,,129,176,22,21,,,32,11 oe,3 71,136 523,,,,,,,,,,
51 PADRONA aa a a a,,pees,,,,,,,,,,,,,,,,,,,,,,,,,,,,,,,,,,,,,,,,,,,,,,,,,,,,,,,,,,,,,,,,,,,,,,,,,,37,21,,SO,25,24,,5,0 10,81 95,,,,,,,,,,
51 PADRONA aa a a a,61,7SITAPUR,,,,,,,,,,,,,,,,,,,,,,,,,,,,,,,,,,,,,,,,,,,,,,,,,,,,,,,,,,,,,,,,,,,,,,,,,,175,180,,75,76,,OT,14 TO,95,255 564,,,,,,,,,,
51 PADRONA aa a a a,,62,,,,,,,,,,,,,,,,,,,,,,,,,,,,,,,,,,,,,,,,,,,,,,,,,,,,,,,,,,,,,,,,,,,,,,,,,,21,Sais 3,13,5,a 2,,al 1,4,,29 60,,,,,,,,,,
51 PADRONA aa a a a,,SR,,,,,,,,,,,,,,,,,,,,,,,,,,,,,,,,,,,,,,,,,,,,,,,,,,,,,,,,,,,,,,,,,,,,,,,,,,100,115,20,21,46,,13,10,49,245 407,,,,,,,,,,
51 PADRONA aa a a a,64,TEHRI GARHWAL,,,,,,,,,,,,,,,,,,,,,,,,,,,,,,,,,,,,,,,,,,,,,,,,,,,,,,,,,,,,,,,,,,,,,,,,,,15,19,an,ao,a 12,a 12,ae,3 a,,37 41,,,,,,,,,,
51 PADRONA aa a a a,65,TUDHAMSINGH,,,,,,,,,,,,,,,,,,,,,,,,,,,,,,,,,,,,,,,,,,,,,,,,,,,,,,,,,,,,,,,,,,,,,,,,,,65,ee 51,14,12,,a 33,,,38,103 227,,,,,,,,,,
51 PADRONA aa a a a,66,UNNAO,,,,,,,,,,,,,,,,,,,,,,,,,,,,,,,,,,,,,,,,,,,,,,,,,,,,,,,,,,,,,,,,,,,,,,,,,,182,179,16,a 49,62,51,,20,99,220 387,,,,,,,,,,
51 PADRONA aa a a a,,“67 TUTTARKASH,,,,,,,,,,,,,,,,,,,,,,,,,,,,,,,,,,,,,,,,,,,,,,,,,,,,,,,,,,,,,,,,,,,,,,,,,,-,,Fae,,ae,4,CO,0,0 15,24 39,,,,,,,,,,
51 PADRONA aa a a a,68,:VARANASI,,,,,,,,,,,,,,,,,,,,,,,,,,,,,,,,,,,,,,,,,,,,,,,,,,,,,,,,,,,,,,,,,,,,,,,,,,144,157,28,18,68,27,ee 41,ee,118,727,,,,,,,,,,
UTTAR PRADESH (Contd...),170,100,,,,,,,49,63,0,132,1416,3931,,,,,,,,,,,,,,,,,,,,,,,,,,,,,,,,,,,,,,,,,,,,,,,,,,,,,,,,,,,,,,,,,,,,,,,,,,,,,,,,,
46 9 a aie a ae a 74 327 CHAMOLI ee,,a 49 a 39 a,,,,,,,,29,,53,649,1698 DEHRADUN,,,,,,,,,,,,,,,,,,,,,,,,,,,,,,,,,,,,,,,,,,,,,,,,,,,,,,,,,,,,,,,,,,,,,,,,,,,,,,,,,
46 9 a aie a ae a 74 327 CHAMOLI ee,126,43,,,,,,,17,20,0,29,717,1905 DEORIA,,,,,,,,,,,,,,,,,,,,,,,,,,,,,,,,,,,,,,,,,,,,,,,,,,,,,,,,,,,,,,,,,,,,,,,,,,,,,,,,,
46 9 a aie a ae a 74 327 CHAMOLI ee,188,46,,,,,,,63,59,,56,927,3335 ETAH,,,,,,,,,,,,,,,,,,,,,,,,,,,,,,,,,,,,,,,,,,,,,,,,,,,,,,,,,,,,,,,,,,,,,,,,,,,,,,,,,
46 9 a aie a ae a 74 327 CHAMOLI ee,108,*46,,,,,,,47,32,,55,967,2694 ETAWAH,,,,,,,,,,,,,,,,,,,,,,,,,,,,,,,,,,,,,,,,,,,,,,,,,,,,,,,,,,,,,,,,,,,,,,,,,,,,,,,,,
46 9 a aie a ae a 74 327 CHAMOLI ee,107,a,,,,,,,18,ae,,33,820,2123 :FAIZABAD,,,,,,,,,,,,,,,,,,,,,,,,,,,,,,,,,,,,,,,,,,,,,,,,,,,,,,,,,,,,,,,,,,,,,,,,,,,,,,,,,
46 9 a aie a ae a 74 327 CHAMOLI ee,81,30,,,,,,,43,a 32,a,78,776,2535 FATEHGARH,,,,,,,,,,,,,,,,,,,,,,,,,,,,,,,,,,,,,,,,,,,,,,,,,,,,,,,,,,,,,,,,,,,,,,,,,,,,,,,,,
46 9 a aie a ae a 74 327 CHAMOLI ee,44,12,,,,,,,40,45,,,614,2088 FATEHPUR,,,,,,,,,,,,,,,,,,,,,,,,,,,,,,,,,,,,,,,,,,,,,,,,,,,,,,,,,,,,,,,,,,,,,,,,,,,,,,,,,
46 9 a aie a ae a 74 327 CHAMOLI ee,178,128 154,,,,,,,38,64,0,156,2246,6618GHAZIABAD,,,,,,,,,,,,,,,,,,,,,,,,,,,,,,,,,,,,,,,,,,,,,,,,,,,,,,,,,,,,,,,,,,,,,,,,,,,,,,,,,
46 9 a aie a ae a 74 327 CHAMOLI ee,137,a,,,,,,,24,11,,10,741,1828 GHAZIPUR,,,,,,,,,,,,,,,,,,,,,,,,,,,,,,,,,,,,,,,,,,,,,,,,,,,,,,,,,,,,,,,,,,,,,,,,,,,,,,,,,
46 9 a aie a ae a 74 327 CHAMOLI ee,,ek,,,,,,,,,30,a a,,ae,,,,,,,,,,,,,,,,,,,,,,,,,,,,,,,,,,,,,,,,,,,,,,,,,,,,,,,,,,,,,,,,,,,,,,,,,,,,,,,,,
ae a a 66 23 a 3120 1HARDOI,,ae a,,,,,,,,26,a,53,455,642 THARIDWAR a,,,,,,,,,,,,,,,,,,,,,,,,,,,,,,,,,,,,,,,,,,,,,,,,,,,,,,,,,,,,,,,,,,,,,,,,,,,,,,,,,
ae a a 66 23 a 3120 1HARDOI,,aa i,,,,,,,,,a,33,567,1392 :JALAUN,,,,,,,,,,,,,,,,,,,,,,,,,,,,,,,,,,,,,,,,,,,,,,,,,,,,,,,,,,,,,,,,,,,,,,,,,,,,,,,,,
a a a ae ae 57 689 1969JAUNPUR,,MR,,,,,,,,1,5,28,,1697 JHANSI,,,,,,,,,,,,,,,,,,,,,,,,,,,,,,,,,,,,,,,,,,,,,,,,,,,,,,,,,,,,,,,,,,,,,,,,,,,,,,,,,
a a a ae ae 57 689 1969JAUNPUR,,ms,,,,,,,,,,85,1149,2747,,,,,,,,,,,,,,,,,,,,,,,,,,,,,,,,,,,,,,,,,,,,,,,,,,,,,,,,,,,,,,,,,,,,,,,,,,,,,,,,,
a a a ae ae 57 689 1969JAUNPUR,,- KANPUR NAGAR ae,,,,,,,,,0,185,,5704,,,,,,,,,,,,,,,,,,,,,,,,,,,,,,,,,,,,,,,,,,,,,,,,,,,,,,,,,,,,,,,,,,,,,,,,,,,,,,,,,
a a a ae ae 57 689 1969JAUNPUR,,a,,,,,,,,69,14,68,552,2741 KHERI,,,,,,,,,,,,,,,,,,,,,,,,,,,,,,,,,,,,,,,,,,,,,,,,,,,,,,,,,,,,,,,,,,,,,,,,,,,,,,,,,
a a a ae ae 57 689 1969JAUNPUR,,GR 5 WL,,,,,,,,35,,,423,ELAL ITPUR,,,,,,,,,,,,,,,,,,,,,,,,,,,,,,,,,,,,,,,,,,,,,,,,,,,,,,,,,,,,,,,,,,,,,,,,,,,,,,,,,
a a a ae ae 57 689 1969JAUNPUR,,GR 5 WL [line 2],,,,,,,30,52,,146,,,,,,,,,,,,,,,,,,,,,,,,,,,,,,,,,,,,,,,,,,,,,,,,,,,,,,,,,,,,,,,,,,,,,,,,,,,,,,,,,,,
a a an an ae a ee a,,ak,,,,,,,,,ae,10 ae,259,582 МАНОВА,,,,,,,,,,,,,,,,,,,,,,,,,,,,,,,,,,,,,,,,,,,,,,,,,,,,,,,,,,,,,,,,,,,,,,,,,,,,,,,,,
a a an an ae a ee a,,a,,,,,,,38,25,aa,27 a,680,,,,,,,,,,,,,,,,,,,,,,,,,,,,,,,,,,,,,,,,,,,,,,,,,,,,,,,,,,,,,,,,,,,,,,,,,,,,,,,,,,
a a an an ae a ee a,,a [line 2],,,,,,,39,54,,95,,1 al,,,,,,,,,,,,,,,,,,,,,,,,,,,,,,,,,,,,,,,,,,,,,,,,,,,,,,,,,,,,,,,,,,,,,,,,,,,,,,,,,
cat Cr ae N: a on on 13 aa a 36 314 ie 1013 MAU eel,5,W:,,,,,,,,98,,,2026,6416 MEERUT,,,,,,,,,,,,,,,,,,,,,,,,,,,,,,,,,,,,,,,,,,,,,,,,,,,,,,,,,,,,,,,,,,,,,,,,,,,,,,,,,
1 ae a 14 842 1MIRZAPUR meee,,eA a,,,,,,,35,,,120,1142,3575,,,,,,,,,,,,,,,,,,,,,,,,,,,,,,,,,,,,,,,,,,,,,,,,,,,,,,,,,,,,,,,,,,,,,,,,,,,,,,,,,
1 ae a 14 842 1MIRZAPUR meee,,a CR,,,,,,,,a,,,331,937 [NAINITAL,,,,,,,,,,,,,,,,,,,,,,,,,,,,,,,,,,,,,,,,,,,,,,,,,,,,,,,,,,,,,,,,,,,,,,,,,,,,,,,,,
1 ae a 14 842 1MIRZAPUR meee,,ck,,,,,,,,nin,,-,572,1628 PADRONA or,,,,,,,,,,,,,,,,,,,,,,,,,,,,,,,,,,,,,,,,,,,,,,,,,,,,,,,,,,,,,,,,,,,,,,,,,,,,,,,,,
Ta a a a a 52 779 2088 el,,a,,,,,,,27,,a,44,637,,,,,,,,,,,,,,,,,,,,,,,,,,,,,,,,,,,,,,,,,,,,,,,,,,,,,,,,,,,,,,,,,,,,,,,,,,,,,,,,,,
a a a ae a 32 a 420 1877 RAMPUR ena,,Ga,,,,,,,22,,,71 a,839,2414 SAHARANPUR,,,,,,,,,,,,,,,,,,,,,,,,,,,,,,,,,,,,,,,,,,,,,,,,,,,,,,,,,,,,,,,,,,,,,,,,,,,,,,,,,
a a a ae a 32 a 420 1877 RAMPUR ena,,a,,,,,,,41,32,ae,a 61,850,2506,,,,,,,,,,,,,,,,,,,,,,,,,,,,,,,,,,,,,,,,,,,,,,,,,,,,,,,,,,,,,,,,,,,,,,,,,,,,,,,,,
a a a ae a 32 a 420 1877 RAMPUR ena,,a: a a,,,,,,,12,16,ae,16,a 384,972 ee,,,,,,,,,,,,,,,,,,,,,,,,,,,,,,,,,,,,,,,,,,,,,,,,,,,,,,,,,,,,,,,,,,,,,,,,,,,,,,,,,
a a a ae a 32 a 420 1877 RAMPUR ena,,ae,,,,,,,54,59,,ae 56 a,1156,,,,,,,,,,,,,,,,,,,,,,,,,,,,,,,,,,,,,,,,,,,,,,,,,,,,,,,,,,,,,,,,,,,,,,,,,,,,,,,,,,
a a a ae a 32 a 420 1877 RAMPUR ena,,aa,,,,,,,,,0,,172,406SONBHADRA,,,,,,,,,,,,,,,,,,,,,,,,,,,,,,,,,,,,,,,,,,,,,,,,,,,,,,,,,,,,,,,,,,,,,,,,,,,,,,,,,
a a a ae a 32 a 420 1877 RAMPUR ena,,a,,,,,,,28,36,,ea,790 ae,,,,,,,,,,,,,,,,,,,,,,,,,,,,,,,,,,,,,,,,,,,,,,,,,,,,,,,,,,,,,,,,,,,,,,,,,,,,,,,,,,
cn <a 3 ee; ae 11 a 141 376 İTEHRI GARHWAL a,,-,,,,,,,,10,,4,53,33 1UTTARKASİ,,,,,,,,,,,,,,,,,,,,,,,,,,,,,,,,,,,,,,,,,,,,,,,,,,,,,,,,,,,,,,,,,,,,,,,,,,,A,,,,0,2,100
cn <a 3 ee; ae 11 a 141 376 İTEHRI GARHWAL a,1,279 a,,,,,,,52,,51,ae 23 a,1069 ae,3373 VARANASİ,,,,,,,,,,,,,,,,,,,,,,,,,,,,,,,,,,,,,,,,,,,,,,,,,,,,,,,,,,,,,,,,,,,,,,,,,,,,,,,,,
2 5 i 24 a 750 5998 (GR.P. el,,42121,,,,,,,1983,2526,118,3989,58944,172480,,,,,,,,,,,,,,,,,,,,,,,,,,,,,,,,,,,,,,,,,,,,,,,,,,,,,,,,,,,,,,,,,,,,,,,,,,,,,,,,,
,,1124 PARGANAS NORTH,,,,,,,,,,,,,,,,,,,,,,,,,,,,,,,,,,,,,,,,,,,,,,,,,,,,,,,,,,,,,,,,,,,,,,,,,,,,,,,,,,,,173,69,48,98,105,72,33,67 39,95,134 2152
,21,24 PARGANAS SOUTH,,,,,,,,,,,,,,,,,,,,,,,,,,,,,,,,,,,,,,,,,,,,,,,,,,,,,,,,,,,,,,,,,,,,,,,,,,,,,,,,,,,,213,47,a 56,,97,95,a an,,92 ae,40 2057
,3,1,,,,,,,,,,,,,,,,,,,,,,,,,,,,,,,,,,,,,,,,,,,,,,,,,,,,,,,,,,,,,,,,,,,,,,,,,,,,,,,,,,,,40,,13,,2,,,RL,27,13 270
,,xi,,,,,,,,,,,,,,,,,,,,,,,,,,,,,,,,,,,,,,,,,,,,,,,,,,,,,,,,,,,,,,,,,,,,,,,,,,,,,,,,,,,,85,33,22,a,41,22,19,24,33 ee,16 411
,5,BURDWAN,,,,,,,,,,,,,,,,,,,,,,,,,,,,,,,,,,,,,,,,,,,,,,,,,,,,,,,,,,,,,,,,,,,,,,,,,,,,,,,,,,,,178,53,55,56,57,56,,40 er 49,63,56 1467
,,cc),,,,,,,,,,,,,,,,,,,,,,,,,,,,,,,,,,,,,,,,,,,,,,,,,,,,,,,,,,,,,,,,,,,,,,,,,,,,,,,,,,,,89,a,16,29,106,87,,35,171,158 5462
,,oy,,,,,,,,,,,,,,,,,,,,,,,,,,,,,,,,,,,,,,,,,,,,,,,,,,,,,,,,,,,,,,,,,,,,,,,,,,,,,,,,,,,,45,,17,47,30,23,7,18,15,28 200
,,oy [line 2],,,,,,,,,,,,,,,,,,,,,,,,,,,,,,,,,,,,,,,,,,,,,,,,,,,,,,,,,,,,,,,,,,,,,,,,,,,,,,,,,,,,35,,24,22,34,31,SGA,3,6,396
,,io,,,,,,,,,,,,,,,,,,,,,,,,,,,,,,,,,,,,,,,,,,,,,,,,,,,,,,,,,,,,,,,,,,,,,,,,,,,,,,,,,,,,-66,a,,19,24,24,,,25,18 472
,1,en,,,,,,,,,,,,,,,,,,,,,,,,,,,,,,,,,,,,,,,,,,,,,,,,,,,,,,,,,,,,,,,,,,,,,,,,,,,,,,,,,,,,99,23,a,a 43,54,ee 51,a,24 a 27,52,49 1037
,,en [line 2],,,,,,,,,,,,,,,,,,,,,,,,,,,,,,,,,,,,,,,,,,,,,,,,,,,,,,,,,,,,,,,,,,,,,,,,,,,,,,,,,,,,71,1,27,20,23,14,9,20 ee,50,46 913
,,13,,,,,,,,,,,,,,,,,,,,,,,,,,,,,,,,,,,,,,,,,,,,,,,,,,,,,,,,,,,,,,,,,,,,,,,,,,,,,,,,,,,,68,19,29,35,25,,,,10,327
,15,1MURSHIDABAD aap,,,,,,,,,,,,,,,,,,,,,,,,,,,,,,,,,,,,,,,,,,,,,,,,,,,,,,,,,,,,,,,,,,,,,,,,,,,,,,,,,,,,182,,,52,69,,owiu,,,794
,,51.,,,,,,,,,,,,,,,,,,,,,,,,,,,,,,,,,,,,,,,,,,,,,,,,,,,,,,,,,,,,,,,,,,,,,,,,,,,,,,,,,,,,,,GE,84,68,,,15 ∞,,826
,18,TUTTAR,,,,,,,,,,,,,,,,,,,,,,,,,,,,,,,,,,,,,,,,,,,,,,,,,,,,,,,,,,,,,,,,,,,,,,,,,,,,,,,,,,,,33,7,,,44,4,,2,,498
,,TUTTAR [line 2],,,,,,,,,,,,,,,,,,,,,,,,,,,,,,,,,,,,,,,,,,,,,,,,,,,,,,,,,,,,,,,,,,,,,,,,,,,,,,,,,,,,,,,,,1,1,34 a,,692
,,“SO,,,,,,,,,,,,,,,,,,,,,,,,,,,,,,,,,,,,,,,,,,,,,,,,,,,,,,,,,,,,,,,,,,,,,,,,,,,,,,,,,,,,25,,TE,,TEC,,,18,12,eae 648
,,(1,,,,,,,,,,,,,,,,,,,,,,,,,,,,,,,,,,,,,,,,,,,,,,,,,,,,,,,,,,,,,,,,,,,,,,,,,,,,,,,,,,,,7,,,,meme,,,Sas,,100
,,“Teen,,,,,,,,,,,,,,,,,,,,,,,,,,,,,,,,,,,,,,,,,,,,,,,,,,,,,,,,,,,,,,,,,,,,,,,,,,,,,,,,,,,,3,,,,2,),,oio,,39 34
,,"1""",,,,,,,,,,,,,,,,,,,,,,,,,,,,,,,,,,,,,,,,,,,,,,,,,,,,,,,,,,,,,,,,,,,,,,,,,,,,,,,,,,,,-,agli,,,,,,,,
DELAI,,"""7",,,,,,,,,,,,,,,,,,,,,,,,,,,,,,,,,,,,,,,,,,,,,,,,,,,,,,,,,,,,,,,,,,,,,,,,,,,,,,,,,,,,39,40,,,,40,,0,,93 1520
a ia 46 ia 25 a a 140 a 11T a 239 1161,6,TNORTH EAST,,,,,,,,,,,,,,,,,,,,,,,,,,,,,,,,,,,,,,,,,,,,,,,,,,,,,,,,,,,,,,,,,,,,,,,,,,,,,,,,,,,,65,a 94,,52,207,ek 1,50,,78,277 977
a ia 46 ia 25 a a 140 a 11T a 239 1161,,"""7",,,,,,,,,,,,,,,,,,,,,,,,,,,,,,,,,,,,,,,,,,,,,,,,,,,,,,,,,,,,,,,,,,,,,,,,,,,,,,,,,,,,113,106,,98,221,181,40,GE,87,451 2597
saan a a ae a a i a 0,,9,,,,,,,,,,,,,,,,,,,,,,,,,,,,,,,,,,,,,,,,,,,,,,,,,,,,,,,,,,,,,,,,,,,,,,,,,,,,,,,,,,,,82,82,16,84,234,170,64,BT,121,567 5447
saan a a ae a a i a 0,,WEST a,,,,,,,,,,,,,,,,,,,,,,,,,,,,,,,,,,,,,,,,,,,,,,,,,,,,,,,,,,,,,,,,,,,,,,,,,,,,,,,,,,,,,a 40,14%,56,107,73,,,45,322 1683
saan a a ae a a i a 0,,Twat,,,,,,,,,,,,,,,,,,,,,,,,,,,,,,,,,,,,,,,,,,,,,,,,,,,,,,,,,,,,,,,,,,,,,,,,,,,,,,,,,,,,78,,,77,156,114,,ae,42,265 2393
Cy ET a 2G 24 722,,Poe,,,,,,,,,,,,,,,,,,,,,,,,,,,,,,,,,,,,,,,,,,,,,,,,,,,,,,,,,,,,,,,,,,,,,,,,,,,,,,,,,,,,518,512,82,484,1250,925,a,a 21,609,2425 20541
PODERY,,7,,,,,,,,,,,,,,,,,,,,,,,,,,,,,,,,,,,,,,,,,,,,,,,,,,,,,,,,,,,,,,,,,,,,,,,,,,,,,,,,,,,,27,15,1,,7,,2,2,,96 473
,,ae WEST BENGAL 683},,,,,,,,,,,2465,7200 24 PARGANAS NORTH.,,,,,,,,,,,,,,,,,,,,,,,,,,,,,,,,,,,,,,,,,,,,,,,,,,,,,,,,,,,,,,,,,,,,,,,,,,,,,,,,,
“903: - 7: 33) 1 14 87 120 ~©=«'1767; +~—«6 183. 124 PARGANAS SOUTH,,W186: 2=~—COOE)SCO SCO,,,,,,,,,,,289,1176 ai,,,,,,,,,,,,,,,,,,,,,,,,,,,,,,,,,,,,,,,,,,,,,,,,,,,,,,,,,,,,,,,,,,,,,,,,,,,,,,,,,
“903: - 7: 33) 1 14 87 120 ~©=«'1767; +~—«6 183. 124 PARGANAS SOUTH,,“359: «9? 45” 0:,,,,,,,,,,,727,2127,,,,,,,,,,,,,,,,,,,,,,,,,,,,,,,,,,,,,,,,,,,,,,,,,,,,,,,,,,,,,,,,,,,,,,,,,,,,,,,,,
“903: - 7: 33) 1 14 87 120 ~©=«'1767; +~—«6 183. 124 PARGANAS SOUTH,,"""512:",,,,,,,,,,,2732,5856:BURDWAN,,,,,,,,,,,,,,,,,,,,,,,,,,,,,,,,,,,,,,,,,,,,,,,,,,,,,,,,,,,,,,,,,,,,,,,,,,,,,,,,,
“903: - 7: 33) 1 14 87 120 ~©=«'1767; +~—«6 183. 124 PARGANAS SOUTH,216,"""485",,,,,,,,,,,3053,12395,,,,,,,,,,,,,,,,,,,,,,,,,,,,,,,,,,,,,,,,,,,,,,,,,,,,,,,,,,,,,,,,,,,,,,,,,,,,,,,,,
“903: - 7: 33) 1 14 87 120 ~©=«'1767; +~—«6 183. 124 PARGANAS SOUTH,11,© 268,,,,,,,,,,,515,1447 COOCHBEHAR,,,,,,,,,,,,,,,,,,,,,,,,,,,,,,,,,,,,,,,,,,,,,,,,,,,,,,,,,,,,,,,,,,,,,,,,,,,,,,,,,
“903: - 7: 33) 1 14 87 120 ~©=«'1767; +~—«6 183. 124 PARGANAS SOUTH,3,“106,,,,,,,,,,,675,1437 :DAKSHIN DINAJPUR,,,,,,,,,,,,,,,,,,,,,,,,,,,,,,,,,,,,,,,,,,,,,,,,,,,,,,,,,,,,,,,,,,,,,,,,,,,,,,,,,
“903: - 7: 33) 1 14 87 120 ~©=«'1767; +~—«6 183. 124 PARGANAS SOUTH,,- “662:,,,,,,,,,,,1228,+«4174 THOOGHIV,,,,,,,,,,,,,,,,,,,,,,,,,,,,,,,,,,,,,,,,,,,,,,,,,,,,,,,,,,,,,,,,,,,,,,,,,,,,,,,,,
“903: - 7: 33) 1 14 87 120 ~©=«'1767; +~—«6 183. 124 PARGANAS SOUTH,4,"""341i",,,,,,,,,,,1252,3097 [HOWRAH,,,,,,,,,,,,,,,,,,,,,,,,,,,,,,,,,,,,,,,,,,,,,,,,,,,,,,,,,,,,,,,,,,,,,,,,,,,,,,,,,
“903: - 7: 33) 1 14 87 120 ~©=«'1767; +~—«6 183. 124 PARGANAS SOUTH,13,“195:,,,,,,,,,,,865,2402 :JALPAIGURI,,,,,,,,,,,,,,,,,,,,,,,,,,,,,,,,,,,,,,,,,,,,,,,,,,,,,,,,,,,,,,,,,,,,,,,,,,,,,,,,,
ee 13 42 ee eee,31,"""941",,,,,,,,,,,2073,5471,,,,,,,,,,,,,,,,,,,,,,,,,,,,,,,,,,,,,,,,,,,,,,,,,,,,,,,,,,,,,,,,,,,,,,,,,,,,,,,,,
ee 13 42 ee eee,,ee,,,,,,,,,,,1691,3856,,,,,,,,,,,,,,,,,,,,,,,,,,,,,,,,,,,,,,,,,,,,,,,,,,,,,,,,,,,,,,,,,,,,,,,,,,,,,,,,,
ee 13 42 ee eee,,aS,,,,,,,,,,,1203,3493 INADIA,,,,,,,,,,,,,,,,,,,,,,,,,,,,,,,,,,,,,,,,,,,,,,,,,,,,,,,,,,,,,,,,,,,,,,,,,,,,,,,,,
ee 13 42 ee eee,,aa,,,,,,,,,,,531,1574,,,,,,,,,,,,,,,,,,,,,,,,,,,,,,,,,,,,,,,,,,,,,,,,,,,,,,,,,,,,,,,,,,,,,,,,,,,,,,,,,
ee 13 42 ee eee,13,“449?,,,,,,,,,,,845,1906,,,,,,,,,,,,,,,,,,,,,,,,,,,,,,,,,,,,,,,,,,,,,,,,,,,,,,,,,,,,,,,,,,,,,,,,,,,,,,,,,
ee 13 42 ee eee,31,2,,,,,,,,,,,139,1001,,,,,,,,,,,,,,,,,,,,,,,,,,,,,,,,,,,,,,,,,,,,,,,,,,,,,,,,,,,,,,,,,,,,,,,,,,,,,,,,,
ee 13 42 ee eee,39,ae,,,,,,,,,,,109,878,,,,,,,,,,,,,,,,,,,,,,,,,,,,,,,,,,,,,,,,,,,,,,,,,,,,,,,,,,,,,,,,,,,,,,,,,,,,,,,,,
ee 13 42 ee eee,,wr Of t ©,,,,,,,,,,,20,142 GRP,,,,,,,,,,,,,,,,,,,,,,,,,,,,,,,,,,,,,,,,,,,,,,,,,,,,,,,,,,,,,,,,,,,,,,,,,,,,,,,,,
ee 13 42 ee eee,6285,47 1081,,,,,,,,,,,23375,69118,,,,,,,,,,,,,,,,,,,,,,,,,,,,,,,,,,,,,,,,,,,,,,,,,,,,,,,,,,,,,,,,,,,,,,,,,,,,,,,,,
ee 13 42 ee eee,,3: “Si 0:,,,,,,,,,,,154,351 [ANDAMAN,,,,,,,,,,,,,,,,,,,,,,,,,,,,,,,,,,,,,,,,,,,,,,,,,,,,,,,,,,,,,,,,,,,,,,,,,,,,,,,,,
a,8,3,,,,,,,,,,,161,T3976,,,,,,,,,,,,,,,,,,,,,,,,,,,,,,,,,,,,,,,,,,,,,,,,,,,,,,,,,,,,,,,,,,,,,,,,,,,,,,,,,
a,48,45,,,,,,,,,,,604,,,,,,,,,,,,,,,,,,,,,,,,,,,,,,,,,,,,,,,,,,,,,,,,,,,,,,,,,,,,,,,,,,,,,,,,,,,,,,,,,,
D&N,40,Ih,,,,,,,,,,,148,410,,,,,,,,,,,,,,,,,,,,,,,,,,,,,,,,,,,,,,,,,,,,,,,,,,,,,,,,,,,,,,,,,,,,,,,,,,,,,,,,,
D&N,17,a,,,,,,,,,,,107,209 DAMAN,,,,,,,,,,,,,,,,,,,,,,,,,,,,,,,,,,,,,,,,,,,,,,,,,,,,,,,,,,,,,,,,,,,,,,,,,,,,,,,,,
D&N,9,ania,,,,,,,,,,,20,i.,,,,,,,,,,,,,,,,,,,,,,,,,,,,,,,,,,,,,,,,,,,,,,,,,,,,,,,,,,,,,,,,,,,,,,,,,,,,,,,,,
D&N,,"""96:",,,,,,,,,,,127,0 258,,,,,,,,,,,,,,,,,,,,,,,,,,,,,,,,,,,,,,,,,,,,,,,,,,,,,,,,,,,,,,,,,,,,,,,,,,,,,,,,,
DELHI,12,aie,,,,,,,,,,,2504,4854 ae,,,,,,,,,,,,,,,,,,,,,,,,,,,,,,,,,,,,,,,,,,,,,,,,,,,,,,,,,,,,,,,,,,,,,,,,,,,,,,,,,
DELHI,0,ob?,,,,,,,,,,,,652,,,,,,,,,,,,,,,,,,,,,,,,,,,,,,,,,,,,,,,,,,,,,,,,,,,,,,,,,,,,,,,,,,,,,,,,,,,,,,,,,
DELHI,2,50 1 3 INEW DELHI ee,,,,,,,,,,,,3839,,,,,,,,,,,,,,,,,,,,,,,,,,,,,,,,,,,,,,,,,,,,,,,,,,,,,,,,,,,,,,,,,,,,,,,,,,,,,,,,,
DELHI,29,*5%,,,,,,,,,,,3180,+ 6482,,,,,,,,,,,,,,,,,,,,,,,,,,,,,,,,,,,,,,,,,,,,,,,,,,,,,,,,,,,,,,,,,,,,,,,,,,,,,,,,,
DELHI,28,Of 6,,,,,,,,,,,2753,5120 (NORTH EAST,,,,,,,,,,,,,,,,,,,,,,,,,,,,,,,,,,,,,,,,,,,,,,,,,,,,,,,,,,,,,,,,,,,,,,,,,,,,,,,,,
DELHI,21,a,,,,,,,,,,,34511,7930 NORTH WEST,,,,,,,,,,,,,,,,,,,,,,,,,,,,,,,,,,,,,,,,,,,,,,,,,,,,,,,,,,,,,,,,,,,,,,,,,,,,,,,,,
1 63 a,,98f g82;,,,,,,,,,,,4679,12250:SOUTH——~C~S -,,,,,,,,,,,,,,,,,,,,,,,,,,,,,,,,,,,,,,,,,,,,,,,,,,,,,,,,,,,,,,,,,,,,,,,,,,,,,,,,,
1 63 a,58,4,,,,,,,,,,,2715,5542 SOUTH WEST,,,,,,,,,,,,,,,,,,,,,,,,,,,,,,,,,,,,,,,,,,,,,,,,,,,,,,,,,,,,,,,,,,,,,,,,,,,,,,,,,
1 63 a,,a,,,,,,,,,,,4796,8783 (WEST,,,,,,,,,,,,,,,,,,,,,,,,,,,,,,,,,,,,,,,,,,,,,,,,,,,,,,,,,,,,,,,,,,,,,,,,,,,,,,,,,
1 63 a,,2:,,,,,,,,,,,790,«1078 a,,,,,,,,,,,,,,,,,,,,,,,,,,,,,,,,,,,,,,,,,,,,,,,,,,,,,,,,,,,,,,,,,,,,,,,,,,,,,,,,,
1 63 a,236,1813 ae,,,,,,,,,,,27050,59871 TOTAL,,,,,,,,,,,,,,,,,,,,,,,,,,,,,,,,,,,,,,,,,,,,,,,,,,,,,,,,,,,,,,,,,,,,,,,,,,,,,,,,,
pete as: ea 0 .. iia a 44LAKADWE,85,ig pg rng,,,,,,,,,,,1325,2469,,,,,,,,,,,,,,,,,,,,,,,,,,,,,,,,,,,,,,,,,,,,,,,,,,,,,,,,,,,,,,,,,,,,,,,,,,,,,,,,,
pete as: ea 0 .. iia a 44LAKADWE,,“e2ea7,,,,,,,,,,,714587,1709576,,,,,,,,,,,,,,,,,,,,,,,,,,,,,,,,,,,,,,,,,,,,,,,,,,,,,,,,,,,,,,,,,,,,,,,,,,,,,,,,,
