section,sl_no,CRIMECODE,ST_UT_CT,STATE,CRIME,2001,2002,2003,2004,2005,2006,2007,2008,2009,2010,2011,2012
,,10,1,Andhra Pradesh,Murder,,,,,,,,,,,,
,,10,2,Arunachal Pradesh,Murder,,,,,,,,,,,,
,,10,3,Assam,Murder,,,,,,,,,,,,
,,10,4,Bihar,Murder,,,,,,,,,,,,
,,10,5,Chhattisgarh,Murder,,,,,,,,,,,,
,,10,6,Goa,Murder,,,,,,,,,,,,
,,10,7,Gujarat,Murder,,,,,,,,,,,,
,,10,8,Haryana,Murder,,,,,,,,,,,,
,,10,9,Himachal Pradesh,Murder,,,,,,,,,,,,
,,10,10,Jammu & Kashmir,Murder,,,,,,,,,,,,
,,10,11,Jharkhand,Murder,,,,,,,,,,,,
,,10,12,Karnataka,Murder,,,,,,,,,,,,
,,10,13,Kerala,Murder,,,,,,,,,,,,
,,10,14,Madhya Pradesh,Murder,,,,,,,,,,,,
,,10,15,Maharashtra,Murder,,,,,,,,,,,,
,,10,16,Manipur,Murder,,,,,,,,,,,,
,,10,17,Meghalaya,Murder,,,,,,,,,,,,
,,10,18,Mizoram,Murder,,,,,,,,,,,,
,,10,19,Nagaland,Murder,,,,,,,,,,,,
,,10,20,Odisha,Murder,,,,,,,,,,,,
,,10,21,Punjab,Murder,,,,,,,,,,,,
,,10,22,Rajasthan,Murder,,,,,,,,,,,,
,,10,23,Sikkim,Murder,,,,,,,,,,,,
,,10,24,Tamil Nadu,Murder,,,,,,,,,,,,
,,10,25,Tripura,Murder,,,,,,,,,,,,
,,10,26,Uttar Pradesh,Murder,,,,,,,,,,,,
,,10,27,Uttarakhand,Murder,,,,,,,,,,,,
,,10,28,West Bengal,Murder,,,,,,,,,,,,
,,10,29,A&N Islands,Murder,,,,,,,,,,,,
,,10,30,Chandigarh,Murder,,,,,,,,,,,,
,,10,31,D&N Haveli,Murder,,,,,,,,,,,,
,,10,32,Daman & Diu,Murder,,,,,,,,,,,,
,,10,33,Delhi UT,Murder,,,,,,,,,,,,
,,10,34,Lakshadweep,Murder,,,,,,,,,,,,
,,10,35,Puducherry,Murder,,,,,,,,,,,,
,,20,1,Andhra Pradesh,Attempt to Commit Murder,,,,,,,,,,,,
,,20,2,Arunachal Pradesh,Attempt to Commit Murder,,,,,,,,,,,,
,,20,3,Assam,Attempt to Commit Murder,,,,,,,,,,,,
,,20,4,Bihar,Attempt to Commit Murder,,,,,,,,,,,,
,,20,5,Chhattisgarh,Attempt to Commit Murder,,,,,,,,,,,,
,,20,6,Goa,Attempt to Commit Murder,,,,,,,,,,,,
,,20,7,Gujarat,Attempt to Commit Murder,,,,,,,,,,,,
,,20,8,Haryana,Attempt to Commit Murder,,,,,,,,,,,,
,,20,9,Himachal Pradesh,Attempt to Commit Murder,,,,,,,,,,,,
,,20,10,Jammu & Kashmir,Attempt to Commit Murder,,,,,,,,,,,,
,,20,11,Jharkhand,Attempt to Commit Murder,,,,,,,,,,,,
,,20,12,Karnataka,Attempt to Commit Murder,,,,,,,,,,,,
,,20,13,Kerala,Attempt to Commit Murder,,,,,,,,,,,,
,,20,14,Madhya Pradesh,Attempt to Commit Murder,,,,,,,,,,,,
,,20,15,Maharashtra,Attempt to Commit Murder,,,,,,,,,,,,
,,20,16,Manipur,Attempt to Commit Murder,,,,,,,,,,,,
,,20,17,Meghalaya,Attempt to Commit Murder,,,,,,,,,,,,
,,20,18,Mizoram,Attempt to Commit Murder,,,,,,,,,,,,
,,20,19,Nagaland,Attempt to Commit Murder,,,,,,,,,,,,
,,20,20,Odisha,Attempt to Commit Murder,,,,,,,,,,,,
,,20,21,Punjab,Attempt to Commit Murder,,,,,,,,,,,,
,,20,22,Rajasthan,Attempt to Commit Murder,,,,,,,,,,,,
,,20,23,Sikkim,Attempt to Commit Murder,,,,,,,,,,,,
,,20,24,Tamil Nadu,Attempt to Commit Murder,,,,,,,,,,,,
,,20,25,Tripura,Attempt to Commit Murder,,,,,,,,,,,,
,,20,26,Uttar Pradesh,Attempt to Commit Murder,,,,,,,,,,,,
,,20,27,Uttarakhand,Attempt to Commit Murder,,,,,,,,,,,,
,,20,28,West Bengal,Attempt to Commit Murder,,,,,,,,,,,,
,,20,29,A&N Islands,Attempt to Commit Murder,,,,,,,,,,,,
,,20,30,Chandigarh,Attempt to Commit Murder,,,,,,,,,,,,
,,20,31,D&N Haveli,Attempt to Commit Murder,,,,,,,,,,,,
,,20,32,Daman & Diu,Attempt to Commit Murder,,,,,,,,,,,,
,,20,33,Delhi UT,Attempt to Commit Murder,,,,,,,,,,,,
,,20,34,Lakshadweep,Attempt to Commit Murder,,,,,,,,,,,,
,,20,35,Puducherry,Attempt to Commit Murder,,,,,,,,,,,,
,,30,1,Andhra Pradesh,C H Not amounting to Murder,,,,,,,,,,,,
,,30,2,Arunachal Pradesh,C H Not amounting to Murder,,,,,,,,,,,,
,,30,3,Assam,C H Not amounting to Murder,,,,,,,,,,,,
,,30,4,Bihar,C H Not amounting to Murder,,,,,,,,,,,,
,,30,5,Chhattisgarh,C H Not amounting to Murder,,,,,,,,,,,,
,,30,6,Goa,C H Not amounting to Murder,,,,,,,,,,,,
,,30,7,Gujarat,C H Not amounting to Murder,,,,,,,,,,,,
,,30,8,Haryana,C H Not amounting to Murder,,,,,,,,,,,,
,,30,9,Himachal Pradesh,C H Not amounting to Murder,,,,,,,,,,,,
,,30,10,Jammu & Kashmir,C H Not amounting to Murder,,,,,,,,,,,,
,,30,11,Jharkhand,C H Not amounting to Murder,,,,,,,,,,,,
,,30,12,Karnataka,C H Not amounting to Murder,,,,,,,,,,,,
,,30,13,Kerala,C H Not amounting to Murder,,,,,,,,,,,,
,,30,14,Madhya Pradesh,C H Not amounting to Murder,,,,,,,,,,,,
,,30,15,Maharashtra,C H Not amounting to Murder,,,,,,,,,,,,
,,30,16,Manipur,C H Not amounting to Murder,,,,,,,,,,,,
,,30,17,Meghalaya,C H Not amounting to Murder,,,,,,,,,,,,
,,30,18,Mizoram,C H Not amounting to Murder,,,,,,,,,,,,
,,30,19,Nagaland,C H Not amounting to Murder,,,,,,,,,,,,
,,30,20,Odisha,C H Not amounting to Murder,,,,,,,,,,,,
,,30,21,Punjab,C H Not amounting to Murder,,,,,,,,,,,,
,,30,22,Rajasthan,C H Not amounting to Murder,,,,,,,,,,,,
,,30,23,Sikkim,C H Not amounting to Murder,,,,,,,,,,,,
,,30,24,Tamil Nadu,C H Not amounting to Murder,,,,,,,,,,,,
,,30,25,Tripura,C H Not amounting to Murder,,,,,,,,,,,,
,,30,26,Uttar Pradesh,C H Not amounting to Murder,,,,,,,,,,,,
,,30,27,Uttarakhand,C H Not amounting to Murder,,,,,,,,,,,,
,,30,28,West Bengal,C H Not amounting to Murder,,,,,,,,,,,,
,,30,29,A&N Islands,C H Not amounting to Murder,,,,,,,,,,,,
,,30,30,Chandigarh,C H Not amounting to Murder,,,,,,,,,,,,
,,30,31,D&N Haveli,C H Not amounting to Murder,,,,,,,,,,,,
,,30,32,Daman & Diu,C H Not amounting to Murder,,,,,,,,,,,,
,,30,33,Delhi UT,C H Not amounting to Murder,,,,,,,,,,,,
,,30,34,Lakshadweep,C H Not amounting to Murder,,,,,,,,,,,,
,,30,35,Puducherry,C H Not amounting to Murder,,,,,,,,,,,,
,,40,1,Andhra Pradesh,Rape,,,,,,,,,,,,
,,40,2,Arunachal Pradesh,Rape,,,,,,,,,,,,
,,40,3,Assam,Rape,,,,,,,,,,,,
,,40,4,Bihar,Rape,,,,,,,,,,,,
,,40,5,Chhattisgarh,Rape,,,,,,,,,,,,
,,40,6,Goa,Rape,,,,,,,,,,,,
,,40,7,Gujarat,Rape,,,,,,,,,,,,
,,40,8,Haryana,Rape,,,,,,,,,,,,
,,40,9,Himachal Pradesh,Rape,,,,,,,,,,,,
,,40,10,Jammu & Kashmir,Rape,,,,,,,,,,,,
,,40,11,Jharkhand,Rape,,,,,,,,,,,,
,,40,12,Karnataka,Rape,,,,,,,,,,,,
,,40,13,Kerala,Rape,,,,,,,,,,,,
,,40,14,Madhya Pradesh,Rape,,,,,,,,,,,,
,,40,15,Maharashtra,Rape,,,,,,,,,,,,
,,40,16,Manipur,Rape,,,,,,,,,,,,
,,40,17,Meghalaya,Rape,,,,,,,,,,,,
,,40,18,Mizoram,Rape,,,,,,,,,,,,
,,40,19,Nagaland,Rape,,,,,,,,,,,,
,,40,20,Odisha,Rape,,,,,,,,,,,,
,,40,21,Punjab,Rape,,,,,,,,,,,,
,,40,22,Rajasthan,Rape,,,,,,,,,,,,
,,40,23,Sikkim,Rape,,,,,,,,,,,,
,,40,24,Tamil Nadu,Rape,,,,,,,,,,,,
,,40,25,Tripura,Rape,,,,,,,,,,,,
,,40,26,Uttar Pradesh,Rape,,,,,,,,,,,,
,,40,27,Uttarakhand,Rape,,,,,,,,,,,,
,,40,28,West Bengal,Rape,,,,,,,,,,,,
,,40,29,A&N Islands,Rape,,,,,,,,,,,,
,,40,30,Chandigarh,Rape,,,,,,,,,,,,
,,40,31,D&N Haveli,Rape,,,,,,,,,,,,
,,40,32,Daman & Diu,Rape,,,,,,,,,,,,
,,40,33,Delhi UT,Rape,,,,,,,,,,,,
,,40,34,Lakshadweep,Rape,,,,,,,,,,,,
,,40,35,Puducherry,Rape,,,,,,,,,,,,
,,50,1,Andhra Pradesh,Kidnapping & Abduction,,,,,,,,,,,,
,,50,2,Arunachal Pradesh,Kidnapping & Abduction,,,,,,,,,,,,
,,50,3,Assam,Kidnapping & Abduction,,,,,,,,,,,,
,,50,4,Bihar,Kidnapping & Abduction,,,,,,,,,,,,
,,50,5,Chhattisgarh,Kidnapping & Abduction,,,,,,,,,,,,
,,50,6,Goa,Kidnapping & Abduction,,,,,,,,,,,,
,,50,7,Gujarat,Kidnapping & Abduction,,,,,,,,,,,,
,,50,8,Haryana,Kidnapping & Abduction,,,,,,,,,,,,
,,50,9,Himachal Pradesh,Kidnapping & Abduction,,,,,,,,,,,,
,,50,10,Jammu & Kashmir,Kidnapping & Abduction,,,,,,,,,,,,
,,50,11,Jharkhand,Kidnapping & Abduction,,,,,,,,,,,,
,,50,12,Karnataka,Kidnapping & Abduction,,,,,,,,,,,,
,,50,13,Kerala,Kidnapping & Abduction,,,,,,,,,,,,
,,50,14,Madhya Pradesh,Kidnapping & Abduction,,,,,,,,,,,,
,,50,15,Maharashtra,Kidnapping & Abduction,,,,,,,,,,,,
,,50,16,Manipur,Kidnapping & Abduction,,,,,,,,,,,,
,,50,17,Meghalaya,Kidnapping & Abduction,,,,,,,,,,,,
,,50,18,Mizoram,Kidnapping & Abduction,,,,,,,,,,,,
,,50,19,Nagaland,Kidnapping & Abduction,,,,,,,,,,,,
,,50,20,Odisha,Kidnapping & Abduction,,,,,,,,,,,,
,,50,21,Punjab,Kidnapping & Abduction,,,,,,,,,,,,
,,50,22,Rajasthan,Kidnapping & Abduction,,,,,,,,,,,,
,,50,23,Sikkim,Kidnapping & Abduction,,,,,,,,,,,,
,,50,24,Tamil Nadu,Kidnapping & Abduction,,,,,,,,,,,,
,,50,25,Tripura,Kidnapping & Abduction,,,,,,,,,,,,
,,50,26,Uttar Pradesh,Kidnapping & Abduction,,,,,,,,,,,,
,,50,27,Uttarakhand,Kidnapping & Abduction,,,,,,,,,,,,
,,50,28,West Bengal,Kidnapping & Abduction,,,,,,,,,,,,
,,50,29,A&N Islands,Kidnapping & Abduction,,,,,,,,,,,,
,,50,30,Chandigarh,Kidnapping & Abduction,,,,,,,,,,,,
,,50,31,D&N Haveli,Kidnapping & Abduction,,,,,,,,,,,,
,,50,32,Daman & Diu,Kidnapping & Abduction,,,,,,,,,,,,
,,50,33,Delhi UT,Kidnapping & Abduction,,,,,,,,,,,,
,,50,34,Lakshadweep,Kidnapping & Abduction,,,,,,,,,,,,
,,50,35,Puducherry,Kidnapping & Abduction,,,,,,,,,,,,
,,60,1,Andhra Pradesh,Dacoity,,,,,,,,,,,,
,,60,2,Arunachal Pradesh,Dacoity,,,,,,,,,,,,
,,60,3,Assam,Dacoity,,,,,,,,,,,,
,,60,4,Bihar,Dacoity,,,,,,,,,,,,
,,60,5,Chhattisgarh,Dacoity,,,,,,,,,,,,
,,60,6,Goa,Dacoity,,,,,,,,,,,,
,,60,7,Gujarat,Dacoity,,,,,,,,,,,,
,,60,8,Haryana,Dacoity,,,,,,,,,,,,
,,60,9,Himachal Pradesh,Dacoity,,,,,,,,,,,,
,,60,10,Jammu & Kashmir,Dacoity,,,,,,,,,,,,
,,60,11,Jharkhand,Dacoity,,,,,,,,,,,,
,,60,12,Karnataka,Dacoity,,,,,,,,,,,,
,,60,13,Kerala,Dacoity,,,,,,,,,,,,
,,60,14,Madhya Pradesh,Dacoity,,,,,,,,,,,,
,,60,15,Maharashtra,Dacoity,,,,,,,,,,,,
,,60,16,Manipur,Dacoity,,,,,,,,,,,,
,,60,17,Meghalaya,Dacoity,,,,,,,,,,,,
,,60,18,Mizoram,Dacoity,,,,,,,,,,,,
,,60,19,Nagaland,Dacoity,,,,,,,,,,,,
,,60,20,Odisha,Dacoity,,,,,,,,,,,,
,,60,21,Punjab,Dacoity,,,,,,,,,,,,
,,60,22,Rajasthan,Dacoity,,,,,,,,,,,,
,,60,23,Sikkim,Dacoity,,,,,,,,,,,,
,,60,24,Tamil Nadu,Dacoity,,,,,,,,,,,,
,,60,25,Tripura,Dacoity,,,,,,,,,,,,
,,60,26,Uttar Pradesh,Dacoity,,,,,,,,,,,,
,,60,27,Uttarakhand,Dacoity,,,,,,,,,,,,
,,60,28,West Bengal,Dacoity,,,,,,,,,,,,
,,60,29,A&N Islands,Dacoity,,,,,,,,,,,,
,,60,30,Chandigarh,Dacoity,,,,,,,,,,,,
,,60,31,D&N Haveli,Dacoity,,,,,,,,,,,,
,,60,32,Daman & Diu,Dacoity,,,,,,,,,,,,
,,60,33,Delhi UT,Dacoity,,,,,,,,,,,,
,,60,34,Lakshadweep,Dacoity,,,,,,,,,,,,
,,60,35,Puducherry,Dacoity,,,,,,,,,,,,
,,70,1,Andhra Pradesh,Preparation & Assembly for Dacoity,,,,,,,,,,,,
,,70,2,Arunachal Pradesh,Preparation & Assembly for Dacoity,,,,,,,,,,,,
,,70,3,Assam,Preparation & Assembly for Dacoity,,,,,,,,,,,,
,,70,4,Bihar,Preparation & Assembly for Dacoity,,,,,,,,,,,,
,,70,5,Chhattisgarh,Preparation & Assembly for Dacoity,,,,,,,,,,,,
,,70,6,Goa,Preparation & Assembly for Dacoity,,,,,,,,,,,,
,,70,7,Gujarat,Preparation & Assembly for Dacoity,,,,,,,,,,,,
,,70,8,Haryana,Preparation & Assembly for Dacoity,,,,,,,,,,,,
,,70,9,Himachal Pradesh,Preparation & Assembly for Dacoity,,,,,,,,,,,,
,,70,10,Jammu & Kashmir,Preparation & Assembly for Dacoity,,,,,,,,,,,,
,,70,11,Jharkhand,Preparation & Assembly for Dacoity,,,,,,,,,,,,
,,70,12,Karnataka,Preparation & Assembly for Dacoity,,,,,,,,,,,,
,,70,13,Kerala,Preparation & Assembly for Dacoity,,,,,,,,,,,,
,,70,14,Madhya Pradesh,Preparation & Assembly for Dacoity,,,,,,,,,,,,
,,70,15,Maharashtra,Preparation & Assembly for Dacoity,,,,,,,,,,,,
,,70,16,Manipur,Preparation & Assembly for Dacoity,,,,,,,,,,,,
,,70,17,Meghalaya,Preparation & Assembly for Dacoity,,,,,,,,,,,,
,,70,18,Mizoram,Preparation & Assembly for Dacoity,,,,,,,,,,,,
,,70,19,Nagaland,Preparation & Assembly for Dacoity,,,,,,,,,,,,
,,70,20,Odisha,Preparation & Assembly for Dacoity,,,,,,,,,,,,
,,70,21,Punjab,Preparation & Assembly for Dacoity,,,,,,,,,,,,
,,70,22,Rajasthan,Preparation & Assembly for Dacoity,,,,,,,,,,,,
,,70,23,Sikkim,Preparation & Assembly for Dacoity,,,,,,,,,,,,
,,70,24,Tamil Nadu,Preparation & Assembly for Dacoity,,,,,,,,,,,,
,,70,25,Tripura,Preparation & Assembly for Dacoity,,,,,,,,,,,,
,,70,26,Uttar Pradesh,Preparation & Assembly for Dacoity,,,,,,,,,,,,
,,70,27,Uttarakhand,Preparation & Assembly for Dacoity,,,,,,,,,,,,
,,70,28,West Bengal,Preparation & Assembly for Dacoity,,,,,,,,,,,,
,,70,29,A&N Islands,Preparation & Assembly for Dacoity,,,,,,,,,,,,
,,70,30,Chandigarh,Preparation & Assembly for Dacoity,,,,,,,,,,,,
,,70,31,D&N Haveli,Preparation & Assembly for Dacoity,,,,,,,,,,,,
,,70,32,Daman & Diu,Preparation & Assembly for Dacoity,,,,,,,,,,,,
,,70,33,Delhi UT,Preparation & Assembly for Dacoity,,,,,,,,,,,,
,,70,34,Lakshadweep,Preparation & Assembly for Dacoity,,,,,,,,,,,,
,,70,35,Puducherry,Preparation & Assembly for Dacoity,,,,,,,,,,,,
,,80,1,Andhra Pradesh,Robbery,,,,,,,,,,,,
,,80,2,Arunachal Pradesh,Robbery,,,,,,,,,,,,
,,80,3,Assam,Robbery,,,,,,,,,,,,
,,80,4,Bihar,Robbery,,,,,,,,,,,,
,,80,5,Chhattisgarh,Robbery,,,,,,,,,,,,
,,80,6,Goa,Robbery,,,,,,,,,,,,
,,80,7,Gujarat,Robbery,,,,,,,,,,,,
,,80,8,Haryana,Robbery,,,,,,,,,,,,
,,80,9,Himachal Pradesh,Robbery,,,,,,,,,,,,
,,80,10,Jammu & Kashmir,Robbery,,,,,,,,,,,,
,,80,11,Jharkhand,Robbery,,,,,,,,,,,,
,,80,12,Karnataka,Robbery,,,,,,,,,,,,
,,80,13,Kerala,Robbery,,,,,,,,,,,,
,,80,14,Madhya Pradesh,Robbery,,,,,,,,,,,,
,,80,15,Maharashtra,Robbery,,,,,,,,,,,,
,,80,16,Manipur,Robbery,,,,,,,,,,,,
,,80,17,Meghalaya,Robbery,,,,,,,,,,,,
,,80,18,Mizoram,Robbery,,,,,,,,,,,,
,,80,19,Nagaland,Robbery,,,,,,,,,,,,
,,80,20,Odisha,Robbery,,,,,,,,,,,,
,,80,21,Punjab,Robbery,,,,,,,,,,,,
,,80,22,Rajasthan,Robbery,,,,,,,,,,,,
,,80,23,Sikkim,Robbery,,,,,,,,,,,,
,,80,24,Tamil Nadu,Robbery,,,,,,,,,,,,
,,80,25,Tripura,Robbery,,,,,,,,,,,,
,,80,26,Uttar Pradesh,Robbery,,,,,,,,,,,,
,,80,27,Uttarakhand,Robbery,,,,,,,,,,,,
,,80,28,West Bengal,Robbery,,,,,,,,,,,,
,,80,29,A&N Islands,Robbery,,,,,,,,,,,,
,,80,30,Chandigarh,Robbery,,,,,,,,,,,,
,,80,31,D&N Haveli,Robbery,,,,,,,,,,,,
,,80,32,Daman & Diu,Robbery,,,,,,,,,,,,
,,80,33,Delhi UT,Robbery,,,,,,,,,,,,
,,80,34,Lakshadweep,Robbery,,,,,,,,,,,,
,,80,35,Puducherry,Robbery,,,,,,,,,,,,
,,90,1,Andhra Pradesh,Burglary,,,,,,,,,,,,
,,90,2,Arunachal Pradesh,Burglary,,,,,,,,,,,,
,,90,3,Assam,Burglary,,,,,,,,,,,,
,,90,4,Bihar,Burglary,,,,,,,,,,,,
,,90,5,Chhattisgarh,Burglary,,,,,,,,,,,,
,,90,6,Goa,Burglary,,,,,,,,,,,,
,,90,7,Gujarat,Burglary,,,,,,,,,,,,
,,90,8,Haryana,Burglary,,,,,,,,,,,,
,,90,9,Himachal Pradesh,Burglary,,,,,,,,,,,,
,,90,10,Jammu & Kashmir,Burglary,,,,,,,,,,,,
,,90,11,Jharkhand,Burglary,,,,,,,,,,,,
,,90,12,Karnataka,Burglary,,,,,,,,,,,,
,,90,13,Kerala,Burglary,,,,,,,,,,,,
,,90,14,Madhya Pradesh,Burglary,,,,,,,,,,,,
,,90,15,Maharashtra,Burglary,,,,,,,,,,,,
,,90,16,Manipur,Burglary,,,,,,,,,,,,
,,90,17,Meghalaya,Burglary,,,,,,,,,,,,
,,90,18,Mizoram,Burglary,,,,,,,,,,,,
,,90,19,Nagaland,Burglary,,,,,,,,,,,,
,,90,20,Odisha,Burglary,,,,,,,,,,,,
,,90,21,Punjab,Burglary,,,,,,,,,,,,
,,90,22,Rajasthan,Burglary,,,,,,,,,,,,
,,90,23,Sikkim,Burglary,,,,,,,,,,,,
,,90,24,Tamil Nadu,Burglary,,,,,,,,,,,,
,,90,25,Tripura,Burglary,,,,,,,,,,,,
,,90,26,Uttar Pradesh,Burglary,,,,,,,,,,,,
,,90,27,Uttarakhand,Burglary,,,,,,,,,,,,
,,90,28,West Bengal,Burglary,,,,,,,,,,,,
,,90,29,A&N Islands,Burglary,,,,,,,,,,,,
,,90,30,Chandigarh,Burglary,,,,,,,,,,,,
,,90,31,D&N Haveli,Burglary,,,,,,,,,,,,
,,90,32,Daman & Diu,Burglary,,,,,,,,,,,,
,,90,33,Delhi UT,Burglary,,,,,,,,,,,,
,,90,34,Lakshadweep,Burglary,,,,,,,,,,,,
,,90,35,Puducherry,Burglary,,,,,,,,,,,,
,,100,1,Andhra Pradesh,Theft,,,,,,,,,,,,
,,100,2,Arunachal Pradesh,Theft,,,,,,,,,,,,
,,100,3,Assam,Theft,,,,,,,,,,,,
,,100,4,Bihar,Theft,,,,,,,,,,,,
,,100,5,Chhattisgarh,Theft,,,,,,,,,,,,
,,100,6,Goa,Theft,,,,,,,,,,,,
,,100,7,Gujarat,Theft,,,,,,,,,,,,
,,100,8,Haryana,Theft,,,,,,,,,,,,
,,100,9,Himachal Pradesh,Theft,,,,,,,,,,,,
,,100,10,Jammu & Kashmir,Theft,,,,,,,,,,,,
,,100,11,Jharkhand,Theft,,,,,,,,,,,,
,,100,12,Karnataka,Theft,,,,,,,,,,,,
,,100,13,Kerala,Theft,,,,,,,,,,,,
,,100,14,Madhya Pradesh,Theft,,,,,,,,,,,,
,,100,15,Maharashtra,Theft,,,,,,,,,,,,
,,100,16,Manipur,Theft,,,,,,,,,,,,
,,100,17,Meghalaya,Theft,,,,,,,,,,,,
,,100,18,Mizoram,Theft,,,,,,,,,,,,
,,100,19,Nagaland,Theft,,,,,,,,,,,,
,,100,20,Odisha,Theft,,,,,,,,,,,,
,,100,21,Punjab,Theft,,,,,,,,,,,,
,,100,22,Rajasthan,Theft,,,,,,,,,,,,
,,100,23,Sikkim,Theft,,,,,,,,,,,,
,,100,24,Tamil Nadu,Theft,,,,,,,,,,,,
,,100,25,Tripura,Theft,,,,,,,,,,,,
,,100,26,Uttar Pradesh,Theft,,,,,,,,,,,,
,,100,27,Uttarakhand,Theft,,,,,,,,,,,,
,,100,28,West Bengal,Theft,,,,,,,,,,,,
,,100,29,A&N Islands,Theft,,,,,,,,,,,,
,,100,30,Chandigarh,Theft,,,,,,,,,,,,
,,100,31,D&N Haveli,Theft,,,,,,,,,,,,
,,100,32,Daman & Diu,Theft,,,,,,,,,,,,
,,100,33,Delhi UT,Theft,,,,,,,,,,,,
,,100,34,Lakshadweep,Theft,,,,,,,,,,,,
,,100,35,Puducherry,Theft,,,,,,,,,,,,
,,110,1,Andhra Pradesh,Riots,,,,,,,,,,,,
,,110,2,Arunachal Pradesh,Riots,,,,,,,,,,,,
,,110,3,Assam,Riots,,,,,,,,,,,,
,,110,4,Bihar,Riots,,,,,,,,,,,,
,,110,5,Chhattisgarh,Riots,,,,,,,,,,,,
,,110,6,Goa,Riots,,,,,,,,,,,,
,,110,7,Gujarat,Riots,,,,,,,,,,,,
,,110,8,Haryana,Riots,,,,,,,,,,,,
,,110,9,Himachal Pradesh,Riots,,,,,,,,,,,,
,,110,10,Jammu & Kashmir,Riots,,,,,,,,,,,,
,,110,11,Jharkhand,Riots,,,,,,,,,,,,
,,110,12,Karnataka,Riots,,,,,,,,,,,,
,,110,13,Kerala,Riots,,,,,,,,,,,,
,,110,14,Madhya Pradesh,Riots,,,,,,,,,,,,
,,110,15,Maharashtra,Riots,,,,,,,,,,,,
,,110,16,Manipur,Riots,,,,,,,,,,,,
,,110,17,Meghalaya,Riots,,,,,,,,,,,,
,,110,18,Mizoram,Riots,,,,,,,,,,,,
,,110,19,Nagaland,Riots,,,,,,,,,,,,
,,110,20,Odisha,Riots,,,,,,,,,,,,
,,110,21,Punjab,Riots,,,,,,,,,,,,
,,110,22,Rajasthan,Riots,,,,,,,,,,,,
,,110,23,Sikkim,Riots,,,,,,,,,,,,
,,110,24,Tamil Nadu,Riots,,,,,,,,,,,,
,,110,25,Tripura,Riots,,,,,,,,,,,,
,,110,26,Uttar Pradesh,Riots,,,,,,,,,,,,
,,110,27,Uttarakhand,Riots,,,,,,,,,,,,
,,110,28,West Bengal,Riots,,,,,,,,,,,,
,,110,29,A&N Islands,Riots,,,,,,,,,,,,
,,110,30,Chandigarh,Riots,,,,,,,,,,,,
,,110,31,D&N Haveli,Riots,,,,,,,,,,,,
,,110,32,Daman & Diu,Riots,,,,,,,,,,,,
,,110,33,Delhi UT,Riots,,,,,,,,,,,,
,,110,34,Lakshadweep,Riots,,,,,,,,,,,,
,,110,35,Puducherry,Riots,,,,,,,,,,,,
,,120,1,Andhra Pradesh,Criminal Breach of Trust,,,,,,,,,,,,
,,120,2,Arunachal Pradesh,Criminal Breach of Trust,,,,,,,,,,,,
,,120,3,Assam,Criminal Breach of Trust,,,,,,,,,,,,
,,120,4,Bihar,Criminal Breach of Trust,,,,,,,,,,,,
,,120,5,Chhattisgarh,Criminal Breach of Trust,,,,,,,,,,,,
,,120,6,Goa,Criminal Breach of Trust,,,,,,,,,,,,
,,120,7,Gujarat,Criminal Breach of Trust,,,,,,,,,,,,
,,120,8,Haryana,Criminal Breach of Trust,,,,,,,,,,,,
,,120,9,Himachal Pradesh,Criminal Breach of Trust,,,,,,,,,,,,
,,120,10,Jammu & Kashmir,Criminal Breach of Trust,,,,,,,,,,,,
,,120,11,Jharkhand,Criminal Breach of Trust,,,,,,,,,,,,
,,120,12,Karnataka,Criminal Breach of Trust,,,,,,,,,,,,
,,120,13,Kerala,Criminal Breach of Trust,,,,,,,,,,,,
,,120,14,Madhya Pradesh,Criminal Breach of Trust,,,,,,,,,,,,
,,120,15,Maharashtra,Criminal Breach of Trust,,,,,,,,,,,,
,,120,16,Manipur,Criminal Breach of Trust,,,,,,,,,,,,
,,120,17,Meghalaya,Criminal Breach of Trust,,,,,,,,,,,,
,,120,18,Mizoram,Criminal Breach of Trust,,,,,,,,,,,,
,,120,19,Nagaland,Criminal Breach of Trust,,,,,,,,,,,,
,,120,20,Odisha,Criminal Breach of Trust,,,,,,,,,,,,
,,120,21,Punjab,Criminal Breach of Trust,,,,,,,,,,,,
,,120,22,Rajasthan,Criminal Breach of Trust,,,,,,,,,,,,
,,120,23,Sikkim,Criminal Breach of Trust,,,,,,,,,,,,
,,120,24,Tamil Nadu,Criminal Breach of Trust,,,,,,,,,,,,
,,120,25,Tripura,Criminal Breach of Trust,,,,,,,,,,,,
,,120,26,Uttar Pradesh,Criminal Breach of Trust,,,,,,,,,,,,
,,120,27,Uttarakhand,Criminal Breach of Trust,,,,,,,,,,,,
,,120,28,West Bengal,Criminal Breach of Trust,,,,,,,,,,,,
,,120,29,A&N Islands,Criminal Breach of Trust,,,,,,,,,,,,
,,120,30,Chandigarh,Criminal Breach of Trust,,,,,,,,,,,,
,,120,31,D&N Haveli,Criminal Breach of Trust,,,,,,,,,,,,
,,120,32,Daman & Diu,Criminal Breach of Trust,,,,,,,,,,,,
,,120,33,Delhi UT,Criminal Breach of Trust,,,,,,,,,,,,
,,120,34,Lakshadweep,Criminal Breach of Trust,,,,,,,,,,,,
,,120,35,Puducherry,Criminal Breach of Trust,,,,,,,,,,,,
,,130,1,Andhra Pradesh,Cheating,,,,,,,,,,,,
,,130,2,Arunachal Pradesh,Cheating,,,,,,,,,,,,
,,130,3,Assam,Cheating,,,,,,,,,,,,
,,130,4,Bihar,Cheating,,,,,,,,,,,,
,,130,5,Chhattisgarh,Cheating,,,,,,,,,,,,
,,130,6,Goa,Cheating,,,,,,,,,,,,
,,130,7,Gujarat,Cheating,,,,,,,,,,,,
,,130,8,Haryana,Cheating,,,,,,,,,,,,
,,130,9,Himachal Pradesh,Cheating,,,,,,,,,,,,
,,130,10,Jammu & Kashmir,Cheating,,,,,,,,,,,,
,,130,11,Jharkhand,Cheating,,,,,,,,,,,,
,,130,12,Karnataka,Cheating,,,,,,,,,,,,
,,130,13,Kerala,Cheating,,,,,,,,,,,,
,,130,14,Madhya Pradesh,Cheating,,,,,,,,,,,,
,,130,15,Maharashtra,Cheating,,,,,,,,,,,,
,,130,16,Manipur,Cheating,,,,,,,,,,,,
,,130,17,Meghalaya,Cheating,,,,,,,,,,,,
,,130,18,Mizoram,Cheating,,,,,,,,,,,,
,,130,19,Nagaland,Cheating,,,,,,,,,,,,
,,130,20,Odisha,Cheating,,,,,,,,,,,,
,,130,21,Punjab,Cheating,,,,,,,,,,,,
,,130,22,Rajasthan,Cheating,,,,,,,,,,,,
,,130,23,Sikkim,Cheating,,,,,,,,,,,,
,,130,24,Tamil Nadu,Cheating,,,,,,,,,,,,
,,130,25,Tripura,Cheating,,,,,,,,,,,,
,,130,26,Uttar Pradesh,Cheating,,,,,,,,,,,,
,,130,27,Uttarakhand,Cheating,,,,,,,,,,,,
,,130,28,West Bengal,Cheating,,,,,,,,,,,,
,,130,29,A&N Islands,Cheating,,,,,,,,,,,,
,,130,30,Chandigarh,Cheating,,,,,,,,,,,,
,,130,31,D&N Haveli,Cheating,,,,,,,,,,,,
,,130,32,Daman & Diu,Cheating,,,,,,,,,,,,
,,130,33,Delhi UT,Cheating,,,,,,,,,,,,
,,130,34,Lakshadweep,Cheating,,,,,,,,,,,,
,,130,35,Puducherry,Cheating,,,,,,,,,,,,
,,140,1,Andhra Pradesh,Counterfeiting,,,,,,,,,,,,
,,140,2,Arunachal Pradesh,Counterfeiting,,,,,,,,,,,,
,,140,3,Assam,Counterfeiting,,,,,,,,,,,,
,,140,4,Bihar,Counterfeiting,,,,,,,,,,,,
,,140,5,Chhattisgarh,Counterfeiting,,,,,,,,,,,,
,,140,6,Goa,Counterfeiting,,,,,,,,,,,,
,,140,7,Gujarat,Counterfeiting,,,,,,,,,,,,
,,140,8,Haryana,Counterfeiting,,,,,,,,,,,,
,,140,9,Himachal Pradesh,Counterfeiting,,,,,,,,,,,,
,,140,10,Jammu & Kashmir,Counterfeiting,,,,,,,,,,,,
,,140,11,Jharkhand,Counterfeiting,,,,,,,,,,,,
,,140,12,Karnataka,Counterfeiting,,,,,,,,,,,,
,,140,13,Kerala,Counterfeiting,,,,,,,,,,,,
,,140,14,Madhya Pradesh,Counterfeiting,,,,,,,,,,,,
,,140,15,Maharashtra,Counterfeiting,,,,,,,,,,,,
,,140,16,Manipur,Counterfeiting,,,,,,,,,,,,
,,140,17,Meghalaya,Counterfeiting,,,,,,,,,,,,
,,140,18,Mizoram,Counterfeiting,,,,,,,,,,,,
,,140,19,Nagaland,Counterfeiting,,,,,,,,,,,,
,,140,20,Odisha,Counterfeiting,,,,,,,,,,,,
,,140,21,Punjab,Counterfeiting,,,,,,,,,,,,
,,140,22,Rajasthan,Counterfeiting,,,,,,,,,,,,
,,140,23,Sikkim,Counterfeiting,,,,,,,,,,,,
,,140,24,Tamil Nadu,Counterfeiting,,,,,,,,,,,,
,,140,25,Tripura,Counterfeiting,,,,,,,,,,,,
,,140,26,Uttar Pradesh,Counterfeiting,,,,,,,,,,,,
,,140,27,Uttarakhand,Counterfeiting,,,,,,,,,,,,
,,140,28,West Bengal,Counterfeiting,,,,,,,,,,,,
,,140,29,A&N Islands,Counterfeiting,,,,,,,,,,,,
,,140,30,Chandigarh,Counterfeiting,,,,,,,,,,,,
,,140,31,D&N Haveli,Counterfeiting,,,,,,,,,,,,
,,140,32,Daman & Diu,Counterfeiting,,,,,,,,,,,,
,,140,33,Delhi UT,Counterfeiting,,,,,,,,,,,,
,,140,34,Lakshadweep,Counterfeiting,,,,,,,,,,,,
,,140,35,Puducherry,Counterfeiting,,,,,,,,,,,,
,,141,1,Andhra Pradesh,Arson,,,,,,,,,,,,
,,141,2,Arunachal Pradesh,Arson,,,,,,,,,,,,
,,141,3,Assam,Arson,,,,,,,,,,,,
,,141,4,Bihar,Arson,,,,,,,,,,,,
,,141,5,Chhattisgarh,Arson,,,,,,,,,,,,
,,141,6,Goa,Arson,,,,,,,,,,,,
,,141,7,Gujarat,Arson,,,,,,,,,,,,
,,141,8,Haryana,Arson,,,,,,,,,,,,
,,141,9,Himachal Pradesh,Arson,,,,,,,,,,,,
,,141,10,Jammu & Kashmir,Arson,,,,,,,,,,,,
,,141,11,Jharkhand,Arson,,,,,,,,,,,,
,,141,12,Karnataka,Arson,,,,,,,,,,,,
,,141,13,Kerala,Arson,,,,,,,,,,,,
,,141,14,Madhya Pradesh,Arson,,,,,,,,,,,,
,,141,15,Maharashtra,Arson,,,,,,,,,,,,
,,141,16,Manipur,Arson,,,,,,,,,,,,
,,141,17,Meghalaya,Arson,,,,,,,,,,,,
,,141,18,Mizoram,Arson,,,,,,,,,,,,
,,141,19,Nagaland,Arson,,,,,,,,,,,,
,,141,20,Odisha,Arson,,,,,,,,,,,,
,,141,21,Punjab,Arson,,,,,,,,,,,,
,,141,22,Rajasthan,Arson,,,,,,,,,,,,
,,141,23,Sikkim,Arson,,,,,,,,,,,,
,,141,24,Tamil Nadu,Arson,,,,,,,,,,,,
,,141,25,Tripura,Arson,,,,,,,,,,,,
,,141,26,Uttar Pradesh,Arson,,,,,,,,,,,,
,,141,27,Uttarakhand,Arson,,,,,,,,,,,,
,,141,28,West Bengal,Arson,,,,,,,,,,,,
,,141,29,A&N Islands,Arson,,,,,,,,,,,,
,,141,30,Chandigarh,Arson,,,,,,,,,,,,
,,141,31,D&N Haveli,Arson,,,,,,,,,,,,
,,141,32,Daman & Diu,Arson,,,,,,,,,,,,
,,141,33,Delhi UT,Arson,,,,,,,,,,,,
,,141,34,Lakshadweep,Arson,,,,,,,,,,,,
,,141,35,Puducherry,Arson,,,,,,,,,,,,
,,142,1,Andhra Pradesh,Hurt/Grevious Hurt,,,,,,,,,,,,
,,142,2,Arunachal Pradesh,Hurt/Grevious Hurt,,,,,,,,,,,,
,,142,3,Assam,Hurt/Grevious Hurt,,,,,,,,,,,,
,,142,4,Bihar,Hurt/Grevious Hurt,,,,,,,,,,,,
,,142,5,Chhattisgarh,Hurt/Grevious Hurt,,,,,,,,,,,,
,,142,6,Goa,Hurt/Grevious Hurt,,,,,,,,,,,,
,,142,7,Gujarat,Hurt/Grevious Hurt,,,,,,,,,,,,
,,142,8,Haryana,Hurt/Grevious Hurt,,,,,,,,,,,,
,,142,9,Himachal Pradesh,Hurt/Grevious Hurt,,,,,,,,,,,,
,,142,10,Jammu & Kashmir,Hurt/Grevious Hurt,,,,,,,,,,,,
,,142,11,Jharkhand,Hurt/Grevious Hurt,,,,,,,,,,,,
,,142,12,Karnataka,Hurt/Grevious Hurt,,,,,,,,,,,,
,,142,13,Kerala,Hurt/Grevious Hurt,,,,,,,,,,,,
,,142,14,Madhya Pradesh,Hurt/Grevious Hurt,,,,,,,,,,,,
,,142,15,Maharashtra,Hurt/Grevious Hurt,,,,,,,,,,,,
,,142,16,Manipur,Hurt/Grevious Hurt,,,,,,,,,,,,
,,142,17,Meghalaya,Hurt/Grevious Hurt,,,,,,,,,,,,
,,142,18,Mizoram,Hurt/Grevious Hurt,,,,,,,,,,,,
,,142,19,Nagaland,Hurt/Grevious Hurt,,,,,,,,,,,,
,,142,20,Odisha,Hurt/Grevious Hurt,,,,,,,,,,,,
,,142,21,Punjab,Hurt/Grevious Hurt,,,,,,,,,,,,
,,142,22,Rajasthan,Hurt/Grevious Hurt,,,,,,,,,,,,
,,142,23,Sikkim,Hurt/Grevious Hurt,,,,,,,,,,,,
,,142,24,Tamil Nadu,Hurt/Grevious Hurt,,,,,,,,,,,,
,,142,25,Tripura,Hurt/Grevious Hurt,,,,,,,,,,,,
,,142,26,Uttar Pradesh,Hurt/Grevious Hurt,,,,,,,,,,,,
,,142,27,Uttarakhand,Hurt/Grevious Hurt,,,,,,,,,,,,
,,142,28,West Bengal,Hurt/Grevious Hurt,,,,,,,,,,,,
,,142,29,A&N Islands,Hurt/Grevious Hurt,,,,,,,,,,,,
,,142,30,Chandigarh,Hurt/Grevious Hurt,,,,,,,,,,,,
,,142,31,D&N Haveli,Hurt/Grevious Hurt,,,,,,,,,,,,
,,142,32,Daman & Diu,Hurt/Grevious Hurt,,,,,,,,,,,,
,,142,33,Delhi UT,Hurt/Grevious Hurt,,,,,,,,,,,,
,,142,34,Lakshadweep,Hurt/Grevious Hurt,,,,,,,,,,,,
,,142,35,Puducherry,Hurt/Grevious Hurt,,,,,,,,,,,,
,,143,1,Andhra Pradesh,Dowry Deaths,,,,,,,,,,,,
,,143,2,Arunachal Pradesh,Dowry Deaths,,,,,,,,,,,,
,,143,3,Assam,Dowry Deaths,,,,,,,,,,,,
,,143,4,Bihar,Dowry Deaths,,,,,,,,,,,,
,,143,5,Chhattisgarh,Dowry Deaths,,,,,,,,,,,,
,,143,6,Goa,Dowry Deaths,,,,,,,,,,,,
,,143,7,Gujarat,Dowry Deaths,,,,,,,,,,,,
,,143,8,Haryana,Dowry Deaths,,,,,,,,,,,,
,,143,9,Himachal Pradesh,Dowry Deaths,,,,,,,,,,,,
,,143,10,Jammu & Kashmir,Dowry Deaths,,,,,,,,,,,,
,,143,11,Jharkhand,Dowry Deaths,,,,,,,,,,,,
,,143,12,Karnataka,Dowry Deaths,,,,,,,,,,,,
,,143,13,Kerala,Dowry Deaths,,,,,,,,,,,,
,,143,14,Madhya Pradesh,Dowry Deaths,,,,,,,,,,,,
,,143,15,Maharashtra,Dowry Deaths,,,,,,,,,,,,
,,143,16,Manipur,Dowry Deaths,,,,,,,,,,,,
,,143,17,Meghalaya,Dowry Deaths,,,,,,,,,,,,
,,143,18,Mizoram,Dowry Deaths,,,,,,,,,,,,
,,143,19,Nagaland,Dowry Deaths,,,,,,,,,,,,
,,143,20,Odisha,Dowry Deaths,,,,,,,,,,,,
,,143,21,Punjab,Dowry Deaths,,,,,,,,,,,,
,,143,22,Rajasthan,Dowry Deaths,,,,,,,,,,,,
,,143,23,Sikkim,Dowry Deaths,,,,,,,,,,,,
,,143,24,Tamil Nadu,Dowry Deaths,,,,,,,,,,,,
,,143,25,Tripura,Dowry Deaths,,,,,,,,,,,,
,,143,26,Uttar Pradesh,Dowry Deaths,,,,,,,,,,,,
,,143,27,Uttarakhand,Dowry Deaths,,,,,,,,,,,,
,,143,28,West Bengal,Dowry Deaths,,,,,,,,,,,,
,,143,29,A&N Islands,Dowry Deaths,,,,,,,,,,,,
,,143,30,Chandigarh,Dowry Deaths,,,,,,,,,,,,
,,143,31,D&N Haveli,Dowry Deaths,,,,,,,,,,,,
,,143,32,Daman & Diu,Dowry Deaths,,,,,,,,,,,,
,,143,33,Delhi UT,Dowry Deaths,,,,,,,,,,,,
,,143,34,Lakshadweep,Dowry Deaths,,,,,,,,,,,,
,,143,35,Puducherry,Dowry Deaths,,,,,,,,,,,,
,,144,1,Andhra Pradesh,Assault on Women wih intent to outrage h,,,,,,,,,,,,
,,144,2,Arunachal Pradesh,Assault on Women wih intent to outrage h,,,,,,,,,,,,
,,144,3,Assam,Assault on Women wih intent to outrage h,,,,,,,,,,,,
,,144,4,Bihar,Assault on Women wih intent to outrage h,,,,,,,,,,,,
,,144,5,Chhattisgarh,Assault on Women wih intent to outrage h,,,,,,,,,,,,
,,144,6,Goa,Assault on Women wih intent to outrage h,,,,,,,,,,,,
,,144,7,Gujarat,Assault on Women wih intent to outrage h,,,,,,,,,,,,
,,144,8,Haryana,Assault on Women wih intent to outrage h,,,,,,,,,,,,
,,144,9,Himachal Pradesh,Assault on Women wih intent to outrage h,,,,,,,,,,,,
,,144,10,Jammu & Kashmir,Assault on Women wih intent to outrage h,,,,,,,,,,,,
,,144,11,Jharkhand,Assault on Women wih intent to outrage h,,,,,,,,,,,,
,,144,12,Karnataka,Assault on Women wih intent to outrage h,,,,,,,,,,,,
,,144,13,Kerala,Assault on Women wih intent to outrage h,,,,,,,,,,,,
,,144,14,Madhya Pradesh,Assault on Women wih intent to outrage h,,,,,,,,,,,,
,,144,15,Maharashtra,Assault on Women wih intent to outrage h,,,,,,,,,,,,
,,144,16,Manipur,Assault on Women wih intent to outrage h,,,,,,,,,,,,
,,144,17,Meghalaya,Assault on Women wih intent to outrage h,,,,,,,,,,,,
,,144,18,Mizoram,Assault on Women wih intent to outrage h,,,,,,,,,,,,
,,144,19,Nagaland,Assault on Women wih intent to outrage h,,,,,,,,,,,,
,,144,20,Odisha,Assault on Women wih intent to outrage h,,,,,,,,,,,,
,,144,21,Punjab,Assault on Women wih intent to outrage h,,,,,,,,,,,,
,,144,22,Rajasthan,Assault on Women wih intent to outrage h,,,,,,,,,,,,
,,144,23,Sikkim,Assault on Women wih intent to outrage h,,,,,,,,,,,,
,,144,24,Tamil Nadu,Assault on Women wih intent to outrage h,,,,,,,,,,,,
,,144,25,Tripura,Assault on Women wih intent to outrage h,,,,,,,,,,,,
,,144,26,Uttar Pradesh,Assault on Women wih intent to outrage h,,,,,,,,,,,,
,,144,27,Uttarakhand,Assault on Women wih intent to outrage h,,,,,,,,,,,,
,,144,28,West Bengal,Assault on Women wih intent to outrage h,,,,,,,,,,,,
,,144,29,A&N Islands,Assault on Women wih intent to outrage h,,,,,,,,,,,,
,,144,30,Chandigarh,Assault on Women wih intent to outrage h,,,,,,,,,,,,
,,144,31,D&N Haveli,Assault on Women wih intent to outrage h,,,,,,,,,,,,
,,144,32,Daman & Diu,Assault on Women wih intent to outrage h,,,,,,,,,,,,
,,144,33,Delhi UT,Assault on Women wih intent to outrage h,,,,,,,,,,,,
,,144,34,Lakshadweep,Assault on Women wih intent to outrage h,,,,,,,,,,,,
,,144,35,Puducherry,Assault on Women wih intent to outrage h,,,,,,,,,,,,
,,145,1,Andhra Pradesh,Insult to Modesty of Women,,,,,,,,,,,,
,,145,2,Arunachal Pradesh,Insult to Modesty of Women,,,,,,,,,,,,
,,145,3,Assam,Insult to Modesty of Women,,,,,,,,,,,,
,,145,4,Bihar,Insult to Modesty of Women,,,,,,,,,,,,
,,145,5,Chhattisgarh,Insult to Modesty of Women,,,,,,,,,,,,
,,145,6,Goa,Insult to Modesty of Women,,,,,,,,,,,,
,,145,7,Gujarat,Insult to Modesty of Women,,,,,,,,,,,,
,,145,8,Haryana,Insult to Modesty of Women,,,,,,,,,,,,
,,145,9,Himachal Pradesh,Insult to Modesty of Women,,,,,,,,,,,,
,,145,10,Jammu & Kashmir,Insult to Modesty of Women,,,,,,,,,,,,
,,145,11,Jharkhand,Insult to Modesty of Women,,,,,,,,,,,,
,,145,12,Karnataka,Insult to Modesty of Women,,,,,,,,,,,,
,,145,13,Kerala,Insult to Modesty of Women,,,,,,,,,,,,
,,145,14,Madhya Pradesh,Insult to Modesty of Women,,,,,,,,,,,,
,,145,15,Maharashtra,Insult to Modesty of Women,,,,,,,,,,,,
,,145,16,Manipur,Insult to Modesty of Women,,,,,,,,,,,,
,,145,17,Meghalaya,Insult to Modesty of Women,,,,,,,,,,,,
,,145,18,Mizoram,Insult to Modesty of Women,,,,,,,,,,,,
,,145,19,Nagaland,Insult to Modesty of Women,,,,,,,,,,,,
,,145,20,Odisha,Insult to Modesty of Women,,,,,,,,,,,,
,,145,21,Punjab,Insult to Modesty of Women,,,,,,,,,,,,
,,145,22,Rajasthan,Insult to Modesty of Women,,,,,,,,,,,,
,,145,23,Sikkim,Insult to Modesty of Women,,,,,,,,,,,,
,,145,24,Tamil Nadu,Insult to Modesty of Women,,,,,,,,,,,,
,,145,25,Tripura,Insult to Modesty of Women,,,,,,,,,,,,
,,145,26,Uttar Pradesh,Insult to Modesty of Women,,,,,,,,,,,,
,,145,27,Uttarakhand,Insult to Modesty of Women,,,,,,,,,,,,
,,145,28,West Bengal,Insult to Modesty of Women,,,,,,,,,,,,
,,145,29,A&N Islands,Insult to Modesty of Women,,,,,,,,,,,,
,,145,30,Chandigarh,Insult to Modesty of Women,,,,,,,,,,,,
,,145,31,D&N Haveli,Insult to Modesty of Women,,,,,,,,,,,,
,,145,32,Daman & Diu,Insult to Modesty of Women,,,,,,,,,,,,
,,145,33,Delhi UT,Insult to Modesty of Women,,,,,,,,,,,,
,,145,34,Lakshadweep,Insult to Modesty of Women,,,,,,,,,,,,
,,145,35,Puducherry,Insult to Modesty of Women,,,,,,,,,,,,
,,146,1,Andhra Pradesh,Cruelty by Husband or Relatives,,,,,,,,,,,,
,,146,2,Arunachal Pradesh,Cruelty by Husband or Relatives,,,,,,,,,,,,
,,146,3,Assam,Cruelty by Husband or Relatives,,,,,,,,,,,,
,,146,4,Bihar,Cruelty by Husband or Relatives,,,,,,,,,,,,
,,146,5,Chhattisgarh,Cruelty by Husband or Relatives,,,,,,,,,,,,
,,146,6,Goa,Cruelty by Husband or Relatives,,,,,,,,,,,,
,,146,7,Gujarat,Cruelty by Husband or Relatives,,,,,,,,,,,,
,,146,8,Haryana,Cruelty by Husband or Relatives,,,,,,,,,,,,
,,146,9,Himachal Pradesh,Cruelty by Husband or Relatives,,,,,,,,,,,,
,,146,10,Jammu & Kashmir,Cruelty by Husband or Relatives,,,,,,,,,,,,
,,146,11,Jharkhand,Cruelty by Husband or Relatives,,,,,,,,,,,,
,,146,12,Karnataka,Cruelty by Husband or Relatives,,,,,,,,,,,,
,,146,13,Kerala,Cruelty by Husband or Relatives,,,,,,,,,,,,
,,146,14,Madhya Pradesh,Cruelty by Husband or Relatives,,,,,,,,,,,,
,,146,15,Maharashtra,Cruelty by Husband or Relatives,,,,,,,,,,,,
,,146,16,Manipur,Cruelty by Husband or Relatives,,,,,,,,,,,,
,,146,17,Meghalaya,Cruelty by Husband or Relatives,,,,,,,,,,,,
,,146,18,Mizoram,Cruelty by Husband or Relatives,,,,,,,,,,,,
,,146,19,Nagaland,Cruelty by Husband or Relatives,,,,,,,,,,,,
,,146,20,Odisha,Cruelty by Husband or Relatives,,,,,,,,,,,,
,,146,21,Punjab,Cruelty by Husband or Relatives,,,,,,,,,,,,
,,146,22,Rajasthan,Cruelty by Husband or Relatives,,,,,,,,,,,,
,,146,23,Sikkim,Cruelty by Husband or Relatives,,,,,,,,,,,,
,,146,24,Tamil Nadu,Cruelty by Husband or Relatives,,,,,,,,,,,,
,,146,25,Tripura,Cruelty by Husband or Relatives,,,,,,,,,,,,
,,146,26,Uttar Pradesh,Cruelty by Husband or Relatives,,,,,,,,,,,,
,,146,27,Uttarakhand,Cruelty by Husband or Relatives,,,,,,,,,,,,
,,146,28,West Bengal,Cruelty by Husband or Relatives,,,,,,,,,,,,
,,146,29,A&N Islands,Cruelty by Husband or Relatives,,,,,,,,,,,,
,,146,30,Chandigarh,Cruelty by Husband or Relatives,,,,,,,,,,,,
,,146,31,D&N Haveli,Cruelty by Husband or Relatives,,,,,,,,,,,,
,,146,32,Daman & Diu,Cruelty by Husband or Relatives,,,,,,,,,,,,
,,146,33,Delhi UT,Cruelty by Husband or Relatives,,,,,,,,,,,,
,,146,34,Lakshadweep,Cruelty by Husband or Relatives,,,,,,,,,,,,
,,146,35,Puducherry,Cruelty by Husband or Relatives,,,,,,,,,,,,
,,147,1,Andhra Pradesh,Importation of girls from Foreign Countr,,,,,,,,,,,,
,,147,2,Arunachal Pradesh,Importation of girls from Foreign Countr,,,,,,,,,,,,
,,147,3,Assam,Importation of girls from Foreign Countr,,,,,,,,,,,,
,,147,4,Bihar,Importation of girls from Foreign Countr,,,,,,,,,,,,
,,147,5,Chhattisgarh,Importation of girls from Foreign Countr,,,,,,,,,,,,
,,147,6,Goa,Importation of girls from Foreign Countr,,,,,,,,,,,,
,,147,7,Gujarat,Importation of girls from Foreign Countr,,,,,,,,,,,,
,,147,8,Haryana,Importation of girls from Foreign Countr,,,,,,,,,,,,
,,147,9,Himachal Pradesh,Importation of girls from Foreign Countr,,,,,,,,,,,,
,,147,10,Jammu & Kashmir,Importation of girls from Foreign Countr,,,,,,,,,,,,
,,147,11,Jharkhand,Importation of girls from Foreign Countr,,,,,,,,,,,,
,,147,12,Karnataka,Importation of girls from Foreign Countr,,,,,,,,,,,,
,,147,13,Kerala,Importation of girls from Foreign Countr,,,,,,,,,,,,
,,147,14,Madhya Pradesh,Importation of girls from Foreign Countr,,,,,,,,,,,,
,,147,15,Maharashtra,Importation of girls from Foreign Countr,,,,,,,,,,,,
,,147,16,Manipur,Importation of girls from Foreign Countr,,,,,,,,,,,,
,,147,17,Meghalaya,Importation of girls from Foreign Countr,,,,,,,,,,,,
,,147,18,Mizoram,Importation of girls from Foreign Countr,,,,,,,,,,,,
,,147,19,Nagaland,Importation of girls from Foreign Countr,,,,,,,,,,,,
,,147,20,Odisha,Importation of girls from Foreign Countr,,,,,,,,,,,,
,,147,21,Punjab,Importation of girls from Foreign Countr,,,,,,,,,,,,
,,147,22,Rajasthan,Importation of girls from Foreign Countr,,,,,,,,,,,,
,,147,23,Sikkim,Importation of girls from Foreign Countr,,,,,,,,,,,,
,,147,24,Tamil Nadu,Importation of girls from Foreign Countr,,,,,,,,,,,,
,,147,25,Tripura,Importation of girls from Foreign Countr,,,,,,,,,,,,
,,147,26,Uttar Pradesh,Importation of girls from Foreign Countr,,,,,,,,,,,,
,,147,27,Uttarakhand,Importation of girls from Foreign Countr,,,,,,,,,,,,
,,147,28,West Bengal,Importation of girls from Foreign Countr,,,,,,,,,,,,
,,147,29,A&N Islands,Importation of girls from Foreign Countr,,,,,,,,,,,,
,,147,30,Chandigarh,Importation of girls from Foreign Countr,,,,,,,,,,,,
,,147,31,D&N Haveli,Importation of girls from Foreign Countr,,,,,,,,,,,,
,,147,32,Daman & Diu,Importation of girls from Foreign Countr,,,,,,,,,,,,
,,147,33,Delhi UT,Importation of girls from Foreign Countr,,,,,,,,,,,,
,,147,34,Lakshadweep,Importation of girls from Foreign Countr,,,,,,,,,,,,
,,147,35,Puducherry,Importation of girls from Foreign Countr,,,,,,,,,,,,
,,148,1,Andhra Pradesh,Causing death by negligence,,,,,,,,,,,,
,,148,2,Arunachal Pradesh,Causing death by negligence,,,,,,,,,,,,
,,148,3,Assam,Causing death by negligence,,,,,,,,,,,,
,,148,4,Bihar,Causing death by negligence,,,,,,,,,,,,
,,148,5,Chhattisgarh,Causing death by negligence,,,,,,,,,,,,
,,148,6,Goa,Causing death by negligence,,,,,,,,,,,,
,,148,7,Gujarat,Causing death by negligence,,,,,,,,,,,,
,,148,8,Haryana,Causing death by negligence,,,,,,,,,,,,
,,148,9,Himachal Pradesh,Causing death by negligence,,,,,,,,,,,,
,,148,10,Jammu & Kashmir,Causing death by negligence,,,,,,,,,,,,
,,148,11,Jharkhand,Causing death by negligence,,,,,,,,,,,,
,,148,12,Karnataka,Causing death by negligence,,,,,,,,,,,,
,,148,13,Kerala,Causing death by negligence,,,,,,,,,,,,
,,148,14,Madhya Pradesh,Causing death by negligence,,,,,,,,,,,,
,,148,15,Maharashtra,Causing death by negligence,,,,,,,,,,,,
,,148,16,Manipur,Causing death by negligence,,,,,,,,,,,,
,,148,17,Meghalaya,Causing death by negligence,,,,,,,,,,,,
,,148,18,Mizoram,Causing death by negligence,,,,,,,,,,,,
,,148,19,Nagaland,Causing death by negligence,,,,,,,,,,,,
,,148,20,Odisha,Causing death by negligence,,,,,,,,,,,,
,,148,21,Punjab,Causing death by negligence,,,,,,,,,,,,
,,148,22,Rajasthan,Causing death by negligence,,,,,,,,,,,,
,,148,23,Sikkim,Causing death by negligence,,,,,,,,,,,,
,,148,24,Tamil Nadu,Causing death by negligence,,,,,,,,,,,,
,,148,25,Tripura,Causing death by negligence,,,,,,,,,,,,
,,148,26,Uttar Pradesh,Causing death by negligence,,,,,,,,,,,,
,,148,27,Uttarakhand,Causing death by negligence,,,,,,,,,,,,
,,148,28,West Bengal,Causing death by negligence,,,,,,,,,,,,
,,148,29,A&N Islands,Causing death by negligence,,,,,,,,,,,,
,,148,30,Chandigarh,Causing death by negligence,,,,,,,,,,,,
,,148,31,D&N Haveli,Causing death by negligence,,,,,,,,,,,,
,,148,32,Daman & Diu,Causing death by negligence,,,,,,,,,,,,
,,148,33,Delhi UT,Causing death by negligence,,,,,,,,,,,,
,,148,34,Lakshadweep,Causing death by negligence,,,,,,,,,,,,
,,148,35,Puducherry,Causing death by negligence,,,,,,,,,,,,
,,150,1,Andhra Pradesh,Other IPC Crimes,,,,,,,,,,,,
,,150,2,Arunachal Pradesh,Other IPC Crimes,,,,,,,,,,,,
,,150,3,Assam,Other IPC Crimes,,,,,,,,,,,,
,,150,4,Bihar,Other IPC Crimes,,,,,,,,,,,,
,,150,5,Chhattisgarh,Other IPC Crimes,,,,,,,,,,,,
,,150,6,Goa,Other IPC Crimes,,,,,,,,,,,,
,,150,7,Gujarat,Other IPC Crimes,,,,,,,,,,,,
,,150,8,Haryana,Other IPC Crimes,,,,,,,,,,,,
,,150,9,Himachal Pradesh,Other IPC Crimes,,,,,,,,,,,,
,,150,10,Jammu & Kashmir,Other IPC Crimes,,,,,,,,,,,,
,,150,11,Jharkhand,Other IPC Crimes,,,,,,,,,,,,
,,150,12,Karnataka,Other IPC Crimes,,,,,,,,,,,,
,,150,13,Kerala,Other IPC Crimes,,,,,,,,,,,,
,,150,14,Madhya Pradesh,Other IPC Crimes,,,,,,,,,,,,
,,150,15,Maharashtra,Other IPC Crimes,,,,,,,,,,,,
,,150,16,Manipur,Other IPC Crimes,,,,,,,,,,,,
,,150,17,Meghalaya,Other IPC Crimes,,,,,,,,,,,,
,,150,18,Mizoram,Other IPC Crimes,,,,,,,,,,,,
,,150,19,Nagaland,Other IPC Crimes,,,,,,,,,,,,
,,150,20,Odisha,Other IPC Crimes,,,,,,,,,,,,
,,150,21,Punjab,Other IPC Crimes,,,,,,,,,,,,
,,150,22,Rajasthan,Other IPC Crimes,,,,,,,,,,,,
,,150,23,Sikkim,Other IPC Crimes,,,,,,,,,,,,
,,150,24,Tamil Nadu,Other IPC Crimes,,,,,,,,,,,,
,,150,25,Tripura,Other IPC Crimes,,,,,,,,,,,,
,,150,26,Uttar Pradesh,Other IPC Crimes,,,,,,,,,,,,
,,150,27,Uttarakhand,Other IPC Crimes,,,,,,,,,,,,
,,150,28,West Bengal,Other IPC Crimes,,,,,,,,,,,,
,,150,29,A&N Islands,Other IPC Crimes,,,,,,,,,,,,
,,150,30,Chandigarh,Other IPC Crimes,,,,,,,,,,,,
,,150,31,D&N Haveli,Other IPC Crimes,,,,,,,,,,,,
,,150,32,Daman & Diu,Other IPC Crimes,,,,,,,,,,,,
,,150,33,Delhi UT,Other IPC Crimes,,,,,,,,,,,,
,,150,34,Lakshadweep,Other IPC Crimes,,,,,,,,,,,,
,,150,35,Puducherry,Other IPC Crimes,,,,,,,,,,,,
,,160,1,Andhra Pradesh,Total IPC Crimes,,,,,,,,,,,,
,,160,2,Arunachal Pradesh,Total IPC Crimes,,,,,,,,,,,,
,,160,3,Assam,Total IPC Crimes,,,,,,,,,,,,
,,160,4,Bihar,Total IPC Crimes,,,,,,,,,,,,
,,160,5,Chhattisgarh,Total IPC Crimes,,,,,,,,,,,,
,,160,6,Goa,Total IPC Crimes,,,,,,,,,,,,
,,160,7,Gujarat,Total IPC Crimes,,,,,,,,,,,,
,,160,8,Haryana,Total IPC Crimes,,,,,,,,,,,,
,,160,9,Himachal Pradesh,Total IPC Crimes,,,,,,,,,,,,
,,160,10,Jammu & Kashmir,Total IPC Crimes,,,,,,,,,,,,
,,160,11,Jharkhand,Total IPC Crimes,,,,,,,,,,,,
,,160,12,Karnataka,Total IPC Crimes,,,,,,,,,,,,
,,160,13,Kerala,Total IPC Crimes,,,,,,,,,,,,
,,160,14,Madhya Pradesh,Total IPC Crimes,,,,,,,,,,,,
,,160,15,Maharashtra,Total IPC Crimes,,,,,,,,,,,,
,,160,16,Manipur,Total IPC Crimes,,,,,,,,,,,,
,,160,17,Meghalaya,Total IPC Crimes,,,,,,,,,,,,
,,160,18,Mizoram,Total IPC Crimes,,,,,,,,,,,,
,,160,19,Nagaland,Total IPC Crimes,,,,,,,,,,,,
,,160,20,Odisha,Total IPC Crimes,,,,,,,,,,,,
,,160,21,Punjab,Total IPC Crimes,,,,,,,,,,,,
,,160,22,Rajasthan,Total IPC Crimes,,,,,,,,,,,,
,,160,23,Sikkim,Total IPC Crimes,,,,,,,,,,,,
,,160,24,Tamil Nadu,Total IPC Crimes,,,,,,,,,,,,
,,160,25,Tripura,Total IPC Crimes,,,,,,,,,,,,
,,160,26,Uttar Pradesh,Total IPC Crimes,,,,,,,,,,,,
,,160,27,Uttarakhand,Total IPC Crimes,,,,,,,,,,,,
,,160,28,West Bengal,Total IPC Crimes,,,,,,,,,,,,
,,160,29,A&N Islands,Total IPC Crimes,,,,,,,,,,,,
,,160,30,Chandigarh,Total IPC Crimes,,,,,,,,,,,,
,,160,31,D&N Haveli,Total IPC Crimes,,,,,,,,,,,,
,,160,32,Daman & Diu,Total IPC Crimes,,,,,,,,,,,,
,,160,33,Delhi UT,Total IPC Crimes,,,,,,,,,,,,
,,160,34,Lakshadweep,Total IPC Crimes,,,,,,,,,,,,
,,160,35,Puducherry,Total IPC Crimes,,,,,,,,,,,,
,,210,1,Andhra Pradesh,"Arms Act, 1959",386,341,293,300,240,291,280,343,348,298,296,301
,,210,2,Arunachal Pradesh,"Arms Act, 1959",10,13,9,16,12,10,10,16,18,16,12,11
,,210,3,Assam,"Arms Act, 1959",388,289,294,310,254,288,329,329,427,505,454,539
,,210,4,Bihar,"Arms Act, 1959",2861,2571,2358,2403,2982,2403,1969,1809,1926,1845,1574,1813
,,210,5,Chhattisgarh,"Arms Act, 1959",551,704,1304,1156,1191,1144,901,1120,1119,1059,833,883
,,210,6,Goa,"Arms Act, 1959",34,4,2,2,5,3,4,0,4,6,5,12
,,210,7,Gujarat,"Arms Act, 1959",245,368,324,295,305,260,361,280,345,391,405,512
,,210,8,Haryana,"Arms Act, 1959",1275,2029,1605,1393,1428,1213,1623,1886,1625,1464,1411,1402
,,210,9,Himachal Pradesh,"Arms Act, 1959",20,25,20,16,14,13,8,15,24,10,24,15
,,210,10,Jammu & Kashmir,"Arms Act, 1959",1259,1061,864,761,880,713,456,362,289,225,231,186
,,210,11,Jharkhand,"Arms Act, 1959",462,511,528,511,543,479,486,529,644,741,587,570
,,210,12,Karnataka,"Arms Act, 1959",101,100,72,109,99,87,52,96,90,135,134,124
,,210,13,Kerala,"Arms Act, 1959",387,432,558,534,465,393,467,402,325,344,296,293
,,210,14,Madhya Pradesh,"Arms Act, 1959",7143,8690,11806,13372,13192,11931,10313,12094,10075,8999,10063,10827
,,210,15,Maharashtra,"Arms Act, 1959",1521,1346,1270,1609,1244,1187,1120,1034,1185,1068,1014,1166
,,210,16,Manipur,"Arms Act, 1959",29,18,7,2,6,4,5,19,10,14,14,15
,,210,17,Meghalaya,"Arms Act, 1959",48,47,64,43,42,23,32,32,48,30,29,20
,,210,18,Mizoram,"Arms Act, 1959",28,22,16,12,18,20,28,28,26,27,38,37
,,210,19,Nagaland,"Arms Act, 1959",22,22,22,28,19,28,33,103,93,83,86,101
,,210,20,Odisha,"Arms Act, 1959",226,239,257,273,142,280,369,467,379,408,469,602
,,210,21,Punjab,"Arms Act, 1959",1011,1082,854,771,804,710,635,899,715,915,831,888
,,210,22,Rajasthan,"Arms Act, 1959",2482,2819,3408,2571,2869,3364,3718,3811,3582,4352,5005,4992
,,210,23,Sikkim,"Arms Act, 1959",6,2,2,6,3,3,1,1,2,1,1,1
,,210,24,Tamil Nadu,"Arms Act, 1959",118,130,172,158,184,125,145,146,162,167,138,180
,,210,25,Tripura,"Arms Act, 1959",40,38,35,27,38,33,26,24,28,12,11,15
,,210,26,Uttar Pradesh,"Arms Act, 1959",32634,33836,37840,37505,36496,39218,41800,47725,53141,49248,33607,26396
,,210,27,Uttarakhand,"Arms Act, 1959",1416,1286,1305,1079,1254,1580,1456,1014,1108,866,453,503
,,210,28,West Bengal,"Arms Act, 1959",1806,1717,1633,1549,1253,1659,1008,1120,1258,1264,2964,1722
,,210,29,A&N Islands,"Arms Act, 1959",0,0,0,0,0,0,1,0,2,1,0,0
,,210,30,Chandigarh,"Arms Act, 1959",9,7,17,14,21,6,5,7,12,13,21,18
,,210,31,D&N Haveli,"Arms Act, 1959",3,2,1,0,1,0,1,3,0,0,2,1
,,210,32,Daman & Diu,"Arms Act, 1959",4,0,0,2,1,1,1,0,0,0,1,0
,,210,33,Delhi UT,"Arms Act, 1959",3415,4591,5820,7545,8172,9020,6266,1218,931,884,1035,1017
,,210,34,Lakshadweep,"Arms Act, 1959",0,0,0,0,0,0,0,0,0,1,0,0
,,210,35,Puducherry,"Arms Act, 1959",20,41,44,110,93,73,157,84,168,158,285,214
,,220,1,Andhra Pradesh,Narcotic Drugs and Psychotropic Substanc,651,518,461,441,563,534,489,299,327,455,413,464
,,220,2,Arunachal Pradesh,Narcotic Drugs and Psychotropic Substanc,17,11,22,30,39,25,26,22,28,49,24,40
,,220,3,Assam,Narcotic Drugs and Psychotropic Substanc,146,166,121,129,125,155,176,198,186,180,162,129
,,220,4,Bihar,Narcotic Drugs and Psychotropic Substanc,225,292,287,240,319,320,327,283,311,463,352,366
,,220,5,Chhattisgarh,Narcotic Drugs and Psychotropic Substanc,299,324,365,403,344,401,398,316,360,428,401,426
,,220,6,Goa,Narcotic Drugs and Psychotropic Substanc,29,29,26,30,31,29,23,24,35,65,53,55
,,220,7,Gujarat,Narcotic Drugs and Psychotropic Substanc,119,107,133,108,101,77,49,55,60,83,80,68
,,220,8,Haryana,Narcotic Drugs and Psychotropic Substanc,1322,1410,1686,1391,1427,1521,1404,1311,882,871,858,935
,,220,9,Himachal Pradesh,Narcotic Drugs and Psychotropic Substanc,229,312,310,319,242,385,233,374,473,596,570,513
,,220,10,Jammu & Kashmir,Narcotic Drugs and Psychotropic Substanc,111,118,176,162,192,244,248,197,302,421,529,411
,,220,11,Jharkhand,Narcotic Drugs and Psychotropic Substanc,39,48,49,48,53,63,135,137,131,170,77,122
,,220,12,Karnataka,Narcotic Drugs and Psychotropic Substanc,309,282,298,242,292,209,201,206,250,302,252,225
,,220,13,Kerala,Narcotic Drugs and Psychotropic Substanc,514,473,435,451,409,391,452,508,646,769,693,696
,,220,14,Madhya Pradesh,Narcotic Drugs and Psychotropic Substanc,808,717,759,900,869,1078,929,684,752,742,721,749
,,220,15,Maharashtra,Narcotic Drugs and Psychotropic Substanc,463,495,470,804,1365,2042,1569,1700,1453,1081,1368,1903
,,220,16,Manipur,Narcotic Drugs and Psychotropic Substanc,130,159,115,75,65,45,34,28,16,38,36,69
,,220,17,Meghalaya,Narcotic Drugs and Psychotropic Substanc,16,16,11,14,24,15,15,10,19,8,12,17
,,220,18,Mizoram,Narcotic Drugs and Psychotropic Substanc,43,74,122,212,89,36,35,27,97,87,69,155
,,220,19,Nagaland,Narcotic Drugs and Psychotropic Substanc,217,259,117,142,143,100,69,86,95,118,78,39
,,220,20,Odisha,Narcotic Drugs and Psychotropic Substanc,116,107,111,123,97,149,107,114,97,108,170,226
,,220,21,Punjab,Narcotic Drugs and Psychotropic Substanc,2231,3405,3545,3226,4464,4861,6112,5056,4421,5508,5464,10220
,,220,22,Rajasthan,Narcotic Drugs and Psychotropic Substanc,705,675,712,856,973,1026,912,1087,1029,1165,1241,1115
,,220,23,Sikkim,Narcotic Drugs and Psychotropic Substanc,7,4,4,3,6,19,13,12,4,1,2,3
,,220,24,Tamil Nadu,Narcotic Drugs and Psychotropic Substanc,4237,3661,4227,5916,4390,3161,2501,1967,1736,1467,1417,1402
,,220,25,Tripura,Narcotic Drugs and Psychotropic Substanc,9,12,17,23,81,73,55,45,53,43,41,43
,,220,26,Uttar Pradesh,Narcotic Drugs and Psychotropic Substanc,9916,9979,11320,9330,10283,11353,10885,14142,14278,12953,8496,6755
,,220,27,Uttarakhand,Narcotic Drugs and Psychotropic Substanc,297,331,346,258,367,461,380,280,392,342,244,297
,,220,28,West Bengal,Narcotic Drugs and Psychotropic Substanc,506,493,452,399,485,591,752,765,555,790,761,886
,,220,29,A&N Islands,Narcotic Drugs and Psychotropic Substanc,0,4,1,2,3,1,22,28,37,25,12,4
,,220,30,Chandigarh,Narcotic Drugs and Psychotropic Substanc,39,47,65,89,164,181,144,91,71,48,53,68
,,220,31,D&N Haveli,Narcotic Drugs and Psychotropic Substanc,2,1,0,1,0,0,0,0,0,0,0,0
,,220,32,Daman & Diu,Narcotic Drugs and Psychotropic Substanc,0,0,0,3,2,0,0,0,1,0,0,0
,,220,33,Delhi UT,Narcotic Drugs and Psychotropic Substanc,622,749,1150,1237,1410,1494,1133,591,299,197,1127,829
,,220,34,Lakshadweep,Narcotic Drugs and Psychotropic Substanc,0,0,0,0,2,2,2,0,2,1,3,11
,,220,35,Puducherry,Narcotic Drugs and Psychotropic Substanc,3,1,0,1,2,2,1,2,3,2,6,6
,,230,1,Andhra Pradesh,Gambling Act,33865,42750,32600,36258,37022,41488,62035,43775,56610,53482,51816,30664
,,230,2,Arunachal Pradesh,Gambling Act,0,0,0,0,0,0,0,0,0,0,0,0
,,230,3,Assam,Gambling Act,103,176,148,138,135,81,137,114,69,39,67,82
,,230,4,Bihar,Gambling Act,174,148,191,153,222,242,127,152,262,200,210,211
,,230,5,Chhattisgarh,Gambling Act,6934,7754,10373,11631,11063,10833,10847,9071,7389,7810,7345,8756
,,230,6,Goa,Gambling Act,1238,1211,1334,1471,1365,1286,956,617,568,570,596,530
,,230,7,Gujarat,Gambling Act,7850,6796,8083,8468,8849,8248,8568,8247,8229,9017,9042,9427
,,230,8,Haryana,Gambling Act,5962,7159,8617,8186,6862,6406,5802,5467,4683,4417,4008,4138
,,230,9,Himachal Pradesh,Gambling Act,314,412,563,638,566,531,354,356,351,320,251,218
,,230,10,Jammu & Kashmir,Gambling Act,72,134,137,126,149,163,176,152,130,79,146,165
,,230,11,Jharkhand,Gambling Act,75,112,126,112,193,156,118,95,118,137,102,153
,,230,12,Karnataka,Gambling Act,6180,7162,6900,6708,7245,7167,5907,5073,5817,5930,7024,7161
,,230,13,Kerala,Gambling Act,2052,1822,1649,2167,2561,1726,1769,1975,2659,3257,3601,4496
,,230,14,Madhya Pradesh,Gambling Act,23037,30295,31449,31239,34759,32390,28111,26284,19896,19768,20769,22918
,,230,15,Maharashtra,Gambling Act,23897,24456,27254,21331,17647,17195,16508,12243,11589,11986,13296,14704
,,230,16,Manipur,Gambling Act,8,24,9,10,1,2,5,2,0,0,12,8
,,230,17,Meghalaya,Gambling Act,30,11,13,6,15,8,27,32,14,8,5,13
,,230,18,Mizoram,Gambling Act,2,0,3,5,1,0,2,54,54,0,0,0
,,230,19,Nagaland,Gambling Act,0,1,0,0,2,3,1,1,1,1,0,2
,,230,20,Odisha,Gambling Act,755,624,614,762,541,733,846,750,709,716,757,761
,,230,21,Punjab,Gambling Act,3391,3862,4493,4137,4861,4305,5081,4537,3944,2957,2254,2301
,,230,22,Rajasthan,Gambling Act,9461,10486,10993,10458,10742,11245,11640,11323,12462,14482,14527,15625
,,230,23,Sikkim,Gambling Act,0,0,0,0,31,0,1,0,0,0,0,0
,,230,24,Tamil Nadu,Gambling Act,17348,20376,18112,34982,33804,18717,14512,12636,11957,9445,8618,9475
,,230,25,Tripura,Gambling Act,5,1,1,4,2,7,13,12,4,7,2,7
,,230,26,Uttar Pradesh,Gambling Act,6576,6615,8538,8708,8107,8201,9350,12120,13609,12100,8354,6938
,,230,27,Uttarakhand,Gambling Act,238,328,404,466,555,616,507,442,557,455,241,243
,,230,28,West Bengal,Gambling Act,604,789,1092,897,371,286,251,265,171,262,351,339
,,230,29,A&N Islands,Gambling Act,17,22,10,20,13,20,40,56,31,48,60,66
,,230,30,Chandigarh,Gambling Act,107,117,224,257,313,323,235,212,144,147,244,330
,,230,31,D&N Haveli,Gambling Act,2,0,0,0,3,1,2,3,1,1,1,14
,,230,32,Daman & Diu,Gambling Act,5,1,0,2,1,1,4,6,5,2,2,8
,,230,33,Delhi UT,Gambling Act,1177,1336,1318,1306,1481,1505,996,141,150,292,598,518
,,230,34,Lakshadweep,Gambling Act,0,0,0,0,0,0,0,0,0,0,0,0
,,230,35,Puducherry,Gambling Act,18,21,50,36,41,45,44,34,35,23,36,31
,,240,1,Andhra Pradesh,Excise Act,2871,2759,1385,1686,758,1272,1958,1933,6812,4689,3806,6914
,,240,2,Arunachal Pradesh,Excise Act,0,0,0,0,0,0,0,0,0,0,4,0
,,240,3,Assam,Excise Act,182,99,68,44,78,33,43,62,20,2,17,27
,,240,4,Bihar,Excise Act,1285,1234,946,1135,2209,1645,1947,1627,2255,2180,2043,2706
,,240,5,Chhattisgarh,Excise Act,8907,8391,10491,10745,10877,11670,11595,13267,15296,15235,10606,11743
,,240,6,Goa,Excise Act,0,0,0,0,0,0,0,0,1,0,0,0
,,240,7,Gujarat,Excise Act,0,0,1,0,5,0,0,10,0,2,1,0
,,240,8,Haryana,Excise Act,12223,13485,12533,11438,10361,10797,7848,11637,13289,9819,9723,17628
,,240,9,Himachal Pradesh,Excise Act,2949,2921,3094,3283,3220,3442,2343,2587,2590,2298,1830,2097
,,240,10,Jammu & Kashmir,Excise Act,314,240,425,319,368,406,306,383,507,512,563,488
,,240,11,Jharkhand,Excise Act,309,216,190,216,444,275,263,220,557,418,315,329
,,240,12,Karnataka,Excise Act,4308,2513,1592,1576,3051,1954,3641,6587,4294,3190,2402,2471
,,240,13,Kerala,Excise Act,322,151,0,0,0,0,0,0,0,0,0,0
,,240,14,Madhya Pradesh,Excise Act,19511,20087,18832,21358,24443,22605,21576,24631,27862,32246,36454,42693
,,240,15,Maharashtra,Excise Act,0,0,0,0,1,0,0,0,0,0,0,0
,,240,16,Manipur,Excise Act,0,0,0,0,0,0,0,0,0,0,0,0
,,240,17,Meghalaya,Excise Act,11,2,23,0,21,1,7,17,0,5,0,0
,,240,18,Mizoram,Excise Act,0,0,0,0,0,0,0,0,0,0,0,0
,,240,19,Nagaland,Excise Act,2,17,33,140,86,63,91,51,49,22,31,26
,,240,20,Odisha,Excise Act,8033,8665,9304,10993,10856,8849,7513,7225,8879,7330,7422,9301
,,240,21,Punjab,Excise Act,14922,16404,15443,15003,15110,9636,9313,8462,7357,7094,6386,7753
,,240,22,Rajasthan,Excise Act,7003,7736,8722,8612,8896,9329,9222,10386,12302,11687,12291,12911
,,240,23,Sikkim,Excise Act,0,111,146,131,169,99,123,0,0,0,0,104
,,240,24,Tamil Nadu,Excise Act,0,0,3,0,2,0,0,0,0,0,0,0
,,240,25,Tripura,Excise Act,0,0,0,0,0,0,0,0,0,0,0,0
,,240,26,Uttar Pradesh,Excise Act,19277,24138,33077,37304,34815,40362,46546,63185,74908,71883,41887,33878
,,240,27,Uttarakhand,Excise Act,2760,2571,3075,2818,2918,3041,3199,2786,3252,2244,1993,2235
,,240,28,West Bengal,Excise Act,794,482,602,912,562,344,218,282,568,443,1756,2471
,,240,29,A&N Islands,Excise Act,2959,3850,5523,6517,6530,5725,4475,3843,3874,3390,2855,2064
,,240,30,Chandigarh,Excise Act,393,395,709,556,224,297,311,234,245,211,282,909
,,240,31,D&N Haveli,Excise Act,8,7,4,22,16,6,4,1,9,2,1,1
,,240,32,Daman & Diu,Excise Act,0,0,0,0,0,0,0,0,0,0,0,0
,,240,33,Delhi UT,Excise Act,6881,8586,11292,13046,14584,15122,10769,2275,1396,2179,1946,1779
,,240,34,Lakshadweep,Excise Act,0,0,0,0,0,0,0,0,0,0,0,0
,,240,35,Puducherry,Excise Act,23,2,0,0,0,0,0,0,0,0,0,0
,,250,1,Andhra Pradesh,Prohibition Act,1685,2229,879,1020,1084,886,1530,1385,1931,1809,2065,2369
,,250,2,Arunachal Pradesh,Prohibition Act,0,0,0,0,0,0,0,0,0,0,0,0
,,250,3,Assam,Prohibition Act,2,46,1,0,0,1,0,6,3,0,0,0
,,250,4,Bihar,Prohibition Act,2,3,21,12,0,22,4,6,125,46,71,0
,,250,5,Chhattisgarh,Prohibition Act,0,2,1,2,0,0,0,0,0,1,0,937
,,250,6,Goa,Prohibition Act,0,0,0,0,0,0,0,0,0,0,0,0
,,250,7,Gujarat,Prohibition Act,112114,112253,113701,120862,126356,137022,158444,163310,176206,183769,187646,198297
,,250,8,Haryana,Prohibition Act,0,0,0,0,0,0,0,0,0,0,0,0
,,250,9,Himachal Pradesh,Prohibition Act,0,0,0,0,0,0,0,0,0,0,0,1
,,250,10,Jammu & Kashmir,Prohibition Act,0,0,0,0,0,0,0,0,0,1,0,0
,,250,11,Jharkhand,Prohibition Act,0,0,3,0,0,1,0,1,0,6,0,0
,,250,12,Karnataka,Prohibition Act,0,0,0,0,0,0,0,0,0,1,0,0
,,250,13,Kerala,Prohibition Act,7042,7162,6679,7169,7068,4826,6460,10176,20213,37896,42747,52282
,,250,14,Madhya Pradesh,Prohibition Act,0,0,0,0,2092,1955,0,1,0,0,0,0
,,250,15,Maharashtra,Prohibition Act,132228,127316,119647,121028,93959,81364,75904,69412,71814,67932,71171,72442
,,250,16,Manipur,Prohibition Act,0,0,0,0,0,0,0,0,0,0,0,0
,,250,17,Meghalaya,Prohibition Act,0,0,1,0,0,0,0,0,0,0,0,0
,,250,18,Mizoram,Prohibition Act,228,180,0,0,262,221,169,116,110,146,91,55
,,250,19,Nagaland,Prohibition Act,40,31,57,22,35,28,27,31,42,99,69,46
,,250,20,Odisha,Prohibition Act,0,3,0,0,5,1,1,0,1,1,0,0
,,250,21,Punjab,Prohibition Act,4,12,8,8,10,8,2,6,5,3,2,9
,,250,22,Rajasthan,Prohibition Act,0,0,0,0,0,0,0,0,0,0,0,0
,,250,23,Sikkim,Prohibition Act,0,0,0,0,0,0,0,0,0,0,0,0
,,250,24,Tamil Nadu,Prohibition Act,255576,238841,226120,128730,95270,89447,101746,117410,116512,93868,95311,90272
,,250,25,Tripura,Prohibition Act,0,0,0,0,0,0,0,0,0,0,0,0
,,250,26,Uttar Pradesh,Prohibition Act,0,1,0,0,0,0,0,0,0,0,0,0
,,250,27,Uttarakhand,Prohibition Act,3,0,0,0,0,0,0,0,0,0,0,0
,,250,28,West Bengal,Prohibition Act,13,4,25,1,15,15,10,3,3,2,5,1
,,250,29,A&N Islands,Prohibition Act,130,103,72,62,30,77,59,77,64,79,70,22
,,250,30,Chandigarh,Prohibition Act,0,0,0,0,0,0,0,0,0,0,0,0
,,250,31,D&N Haveli,Prohibition Act,0,0,0,0,0,0,0,0,0,0,0,0
,,250,32,Daman & Diu,Prohibition Act,0,0,0,0,0,0,0,0,0,0,0,0
,,250,33,Delhi UT,Prohibition Act,0,0,0,0,0,0,0,0,0,0,1,0
,,250,34,Lakshadweep,Prohibition Act,10,3,1,3,4,9,0,0,0,11,8,16
,,250,35,Puducherry,Prohibition Act,0,0,0,0,0,0,0,0,0,0,0,0
,,260,1,Andhra Pradesh,Explosives Substances Act 1908,488,524,422,474,369,351,313,361,555,322,271,210
,,260,2,Arunachal Pradesh,Explosives Substances Act 1908,2,6,1,3,2,3,3,4,8,3,6,4
,,260,3,Assam,Explosives Substances Act 1908,75,51,41,93,117,137,143,158,182,173,110,115
,,260,4,Bihar,Explosives Substances Act 1908,378,264,221,339,388,272,140,144,163,129,137,118
,,260,5,Chhattisgarh,Explosives Substances Act 1908,207,267,243,187,280,283,212,254,158,162,163,195
,,260,6,Goa,Explosives Substances Act 1908,3,1,2,0,0,1,3,0,0,2,1,0
,,260,7,Gujarat,Explosives Substances Act 1908,46,75,55,62,146,59,150,92,79,56,47,80
,,260,8,Haryana,Explosives Substances Act 1908,32,48,40,17,37,41,25,29,25,71,33,45
,,260,9,Himachal Pradesh,Explosives Substances Act 1908,8,10,4,3,6,4,6,2,7,7,4,2
,,260,10,Jammu & Kashmir,Explosives Substances Act 1908,353,312,238,201,228,214,135,92,63,47,29,17
,,260,11,Jharkhand,Explosives Substances Act 1908,67,52,72,52,96,104,71,73,97,87,77,86
,,260,12,Karnataka,Explosives Substances Act 1908,64,70,88,69,97,85,80,81,83,119,79,106
,,260,13,Kerala,Explosives Substances Act 1908,377,352,361,356,323,439,351,413,496,466,631,443
,,260,14,Madhya Pradesh,Explosives Substances Act 1908,331,377,292,257,197,234,229,198,195,285,225,243
,,260,15,Maharashtra,Explosives Substances Act 1908,61,58,77,66,65,96,63,71,39,51,57,60
,,260,16,Manipur,Explosives Substances Act 1908,15,14,4,10,11,8,15,21,10,9,28,41
,,260,17,Meghalaya,Explosives Substances Act 1908,6,5,11,7,4,4,10,7,13,8,11,3
,,260,18,Mizoram,Explosives Substances Act 1908,7,4,11,3,8,8,6,8,1,2,13,4
,,260,19,Nagaland,Explosives Substances Act 1908,3,7,7,2,4,12,12,7,6,5,8,18
,,260,20,Odisha,Explosives Substances Act 1908,99,77,88,107,65,90,90,132,149,155,154,317
,,260,21,Punjab,Explosives Substances Act 1908,15,24,11,17,24,13,16,9,14,29,15,12
,,260,22,Rajasthan,Explosives Substances Act 1908,389,371,302,282,206,210,258,393,341,476,490,610
,,260,23,Sikkim,Explosives Substances Act 1908,3,1,1,3,4,2,1,12,1,1,3,1
,,260,24,Tamil Nadu,Explosives Substances Act 1908,360,427,260,397,431,378,306,284,526,350,325,605
,,260,25,Tripura,Explosives Substances Act 1908,0,6,7,3,1,1,0,5,0,2,0,0
,,260,26,Uttar Pradesh,Explosives Substances Act 1908,960,1094,872,1053,978,893,1261,1088,1050,834,505,498
,,260,27,Uttarakhand,Explosives Substances Act 1908,10,6,9,10,8,2,4,8,24,5,0,4
,,260,28,West Bengal,Explosives Substances Act 1908,134,100,106,112,94,69,64,83,117,133,212,169
,,260,29,A&N Islands,Explosives Substances Act 1908,2,1,2,1,1,1,5,0,2,2,1,1
,,260,30,Chandigarh,Explosives Substances Act 1908,2,3,3,2,4,3,0,2,1,0,0,0
,,260,31,D&N Haveli,Explosives Substances Act 1908,2,0,0,0,0,0,2,1,2,0,1,0
,,260,32,Daman & Diu,Explosives Substances Act 1908,0,0,0,0,0,0,1,0,0,0,0,0
,,260,33,Delhi UT,Explosives Substances Act 1908,28,26,12,56,60,44,37,33,1,17,23,8
,,260,34,Lakshadweep,Explosives Substances Act 1908,0,0,0,0,0,0,0,0,0,0,0,1
,,260,35,Puducherry,Explosives Substances Act 1908,2,1,1,4,0,6,7,2,11,13,10,11
,,270,1,Andhra Pradesh,"Immoral Traffic (P) Act, 1956",1332,871,349,405,681,657,612,357,279,548,497,472
,,270,2,Arunachal Pradesh,"Immoral Traffic (P) Act, 1956",0,0,0,0,0,0,0,0,0,0,0,1
,,270,3,Assam,"Immoral Traffic (P) Act, 1956",6,24,22,28,25,29,21,27,37,25,21,30
,,270,4,Bihar,"Immoral Traffic (P) Act, 1956",29,10,9,24,28,13,27,39,40,24,23,35
,,270,5,Chhattisgarh,"Immoral Traffic (P) Act, 1956",12,12,7,9,6,13,14,4,9,12,15,5
,,270,6,Goa,"Immoral Traffic (P) Act, 1956",28,25,25,28,38,26,10,14,23,16,18,40
,,270,7,Gujarat,"Immoral Traffic (P) Act, 1956",61,57,74,33,59,78,44,52,41,46,46,44
,,270,8,Haryana,"Immoral Traffic (P) Act, 1956",21,32,57,62,85,85,88,77,90,57,57,69
,,270,9,Himachal Pradesh,"Immoral Traffic (P) Act, 1956",1,2,5,4,4,0,0,1,5,1,2,6
,,270,10,Jammu & Kashmir,"Immoral Traffic (P) Act, 1956",7,3,2,11,3,5,1,4,6,4,2,3
,,270,11,Jharkhand,"Immoral Traffic (P) Act, 1956",3,3,6,3,13,11,14,8,1,13,15,12
,,270,12,Karnataka,"Immoral Traffic (P) Act, 1956",1356,1388,1361,1170,1241,786,612,516,329,242,351,335
,,270,13,Kerala,"Immoral Traffic (P) Act, 1956",132,132,159,168,225,189,201,187,314,309,197,210
,,270,14,Madhya Pradesh,"Immoral Traffic (P) Act, 1956",15,14,33,23,19,12,19,10,19,19,24,13
,,270,15,Maharashtra,"Immoral Traffic (P) Act, 1956",233,182,179,309,222,378,322,327,271,306,390,366
,,270,16,Manipur,"Immoral Traffic (P) Act, 1956",4,6,0,0,1,0,0,0,0,0,0,15
,,270,17,Meghalaya,"Immoral Traffic (P) Act, 1956",0,0,1,0,1,1,1,3,1,3,2,7
,,270,18,Mizoram,"Immoral Traffic (P) Act, 1956",2,0,0,5,1,0,0,1,1,0,8,0
,,270,19,Nagaland,"Immoral Traffic (P) Act, 1956",1,4,1,4,4,9,4,1,3,2,2,4
,,270,20,Odisha,"Immoral Traffic (P) Act, 1956",24,24,11,22,29,44,40,29,14,25,23,24
,,270,21,Punjab,"Immoral Traffic (P) Act, 1956",32,38,54,32,58,67,45,43,59,59,50,86
,,270,22,Rajasthan,"Immoral Traffic (P) Act, 1956",68,55,51,79,115,143,91,72,62,82,81,99
,,270,23,Sikkim,"Immoral Traffic (P) Act, 1956",0,0,1,1,0,0,2,0,1,3,1,0
,,270,24,Tamil Nadu,"Immoral Traffic (P) Act, 1956",5232,3530,2839,3022,2777,1732,1199,687,716,567,420,500
,,270,25,Tripura,"Immoral Traffic (P) Act, 1956",0,0,0,0,0,0,0,0,0,1,2,0
,,270,26,Uttar Pradesh,"Immoral Traffic (P) Act, 1956",26,42,47,44,31,70,49,57,39,23,43,31
,,270,27,Uttarakhand,"Immoral Traffic (P) Act, 1956",0,0,0,4,2,3,9,3,6,4,3,12
,,270,28,West Bengal,"Immoral Traffic (P) Act, 1956",31,42,152,121,74,66,62,62,63,56,96,109
,,270,29,A&N Islands,"Immoral Traffic (P) Act, 1956",0,0,0,0,0,0,1,0,1,3,3,2
,,270,30,Chandigarh,"Immoral Traffic (P) Act, 1956",3,3,4,9,9,3,5,7,4,3,1,0
,,270,31,D&N Haveli,"Immoral Traffic (P) Act, 1956",0,0,2,0,0,0,2,3,0,1,1,2
,,270,32,Daman & Diu,"Immoral Traffic (P) Act, 1956",3,3,0,1,1,1,5,6,4,6,6,3
,,270,33,Delhi UT,"Immoral Traffic (P) Act, 1956",95,69,46,123,151,112,63,60,27,28,33,24
,,270,34,Lakshadweep,"Immoral Traffic (P) Act, 1956",0,0,0,0,0,0,0,0,0,0,0,0
,,270,35,Puducherry,"Immoral Traffic (P) Act, 1956",39,27,13,4,5,8,5,3,9,11,3,4
,,280,1,Andhra Pradesh,"Indial Railways Act, 1989",43,173,103,53,20,6,2,4,12,3,46,27
,,280,2,Arunachal Pradesh,"Indial Railways Act, 1989",0,0,0,0,0,0,0,0,0,0,0,0
,,280,3,Assam,"Indial Railways Act, 1989",14,12,11,0,5,16,11,10,4,1,0,2
,,280,4,Bihar,"Indial Railways Act, 1989",45,145,16,35,16,15,4,3,33,2,3,1
,,280,5,Chhattisgarh,"Indial Railways Act, 1989",7325,2495,3254,2288,2,5,1,2,2,5,3,8
,,280,6,Goa,"Indial Railways Act, 1989",0,0,0,0,0,0,0,3,0,2,1,0
,,280,7,Gujarat,"Indial Railways Act, 1989",1874,1864,2160,3632,4,2,2,1,3,0,1,1
,,280,8,Haryana,"Indial Railways Act, 1989",1052,1019,993,546,8,11,11,7,7,6,4,3
,,280,9,Himachal Pradesh,"Indial Railways Act, 1989",1,3,2,0,0,0,0,0,1,0,0,1
,,280,10,Jammu & Kashmir,"Indial Railways Act, 1989",0,0,0,0,0,0,0,0,0,1,0,0
,,280,11,Jharkhand,"Indial Railways Act, 1989",2,3,2,3,0,2,2,5,1,0,0,0
,,280,12,Karnataka,"Indial Railways Act, 1989",25,22,19,8,7,2,5,3,6,6,1,7
,,280,13,Kerala,"Indial Railways Act, 1989",11,13,20,9,6,4,6,4,2,2,11,10
,,280,14,Madhya Pradesh,"Indial Railways Act, 1989",14419,12574,15084,5692,8,7,13,5,21,6,4,21
,,280,15,Maharashtra,"Indial Railways Act, 1989",18667,17337,2371,681,23,23,39,19,17,35,33,23
,,280,16,Manipur,"Indial Railways Act, 1989",0,0,0,0,0,0,0,0,0,0,0,0
,,280,17,Meghalaya,"Indial Railways Act, 1989",0,0,0,0,0,0,0,0,0,0,0,0
,,280,18,Mizoram,"Indial Railways Act, 1989",0,0,0,0,0,0,0,0,0,0,0,0
,,280,19,Nagaland,"Indial Railways Act, 1989",2,12,12,0,0,0,0,0,0,0,0,0
,,280,20,Odisha,"Indial Railways Act, 1989",16,1,1,0,1,2,0,1,0,0,0,0
,,280,21,Punjab,"Indial Railways Act, 1989",144,170,184,87,15,9,8,6,14,11,8,7
,,280,22,Rajasthan,"Indial Railways Act, 1989",1390,1807,1837,1031,5,8,6,15,5,10,7,10
,,280,23,Sikkim,"Indial Railways Act, 1989",0,0,0,0,0,0,0,0,0,0,0,0
,,280,24,Tamil Nadu,"Indial Railways Act, 1989",42,61,60,40,26,25,13,9,7,29,7,7
,,280,25,Tripura,"Indial Railways Act, 1989",0,0,0,0,0,0,0,0,0,0,0,1
,,280,26,Uttar Pradesh,"Indial Railways Act, 1989",15096,12892,13143,7292,42,32,26,24,24,23,21,12
,,280,27,Uttarakhand,"Indial Railways Act, 1989",45,24,47,37,30,15,30,22,15,4,4,2
,,280,28,West Bengal,"Indial Railways Act, 1989",4145,5068,1538,5,5,5,7,2,1,2,2,1
,,280,29,A&N Islands,"Indial Railways Act, 1989",0,0,0,0,0,0,0,0,0,0,0,0
,,280,30,Chandigarh,"Indial Railways Act, 1989",0,0,0,0,0,0,0,0,0,0,0,0
,,280,31,D&N Haveli,"Indial Railways Act, 1989",0,0,1,0,0,0,0,0,0,0,0,0
,,280,32,Daman & Diu,"Indial Railways Act, 1989",0,1,1,0,0,0,0,0,0,0,0,0
,,280,33,Delhi UT,"Indial Railways Act, 1989",15,1,2,5,1,0,0,0,0,0,0,0
,,280,34,Lakshadweep,"Indial Railways Act, 1989",0,0,0,0,0,0,0,0,0,0,0,0
,,280,35,Puducherry,"Indial Railways Act, 1989",0,0,0,0,0,0,0,0,0,0,0,0
,,290,1,Andhra Pradesh,"Registration of Foreigners Act, 1930",4,2,4,3,2,4,8,9,10,17,7,12
,,290,2,Arunachal Pradesh,"Registration of Foreigners Act, 1930",1,0,0,0,0,1,0,0,0,1,1,1
,,290,3,Assam,"Registration of Foreigners Act, 1930",1,0,0,0,3,6,10,2,3,11,2,23
,,290,4,Bihar,"Registration of Foreigners Act, 1930",3,3,2,0,0,2,3,1,3,1,2,1
,,290,5,Chhattisgarh,"Registration of Foreigners Act, 1930",0,3,7,0,0,0,0,0,0,0,1,0
,,290,6,Goa,"Registration of Foreigners Act, 1930",4,31,6,20,52,32,45,34,38,70,45,43
,,290,7,Gujarat,"Registration of Foreigners Act, 1930",20,9,9,2,5,4,8,22,6,32,31,30
,,290,8,Haryana,"Registration of Foreigners Act, 1930",5,8,16,5,13,22,32,54,19,10,19,21
,,290,9,Himachal Pradesh,"Registration of Foreigners Act, 1930",8,8,3,10,4,5,3,2,2,6,7,7
,,290,10,Jammu & Kashmir,"Registration of Foreigners Act, 1930",19,6,25,28,20,32,58,26,11,14,9,21
,,290,11,Jharkhand,"Registration of Foreigners Act, 1930",1,0,0,0,0,2,1,0,1,0,0,1
,,290,12,Karnataka,"Registration of Foreigners Act, 1930",23,21,12,20,12,20,27,43,69,95,94,71
,,290,13,Kerala,"Registration of Foreigners Act, 1930",9,3,3,5,5,13,22,33,38,47,30,21
,,290,14,Madhya Pradesh,"Registration of Foreigners Act, 1930",1,2,2,2,2,1,6,2,0,2,2,0
,,290,15,Maharashtra,"Registration of Foreigners Act, 1930",18,16,6,5,70,36,40,31,23,16,31,12
,,290,16,Manipur,"Registration of Foreigners Act, 1930",0,3,9,4,9,1,6,11,28,24,29,16
,,290,17,Meghalaya,"Registration of Foreigners Act, 1930",5,5,8,17,14,16,13,30,32,33,33,73
,,290,18,Mizoram,"Registration of Foreigners Act, 1930",159,106,135,2,72,90,79,16,19,37,49,18
,,290,19,Nagaland,"Registration of Foreigners Act, 1930",14,9,0,1,4,0,2,0,0,0,0,0
,,290,20,Odisha,"Registration of Foreigners Act, 1930",2,0,1,0,0,1,2,0,0,3,1,0
,,290,21,Punjab,"Registration of Foreigners Act, 1930",8,2,4,8,6,4,2,0,0,0,2,1
,,290,22,Rajasthan,"Registration of Foreigners Act, 1930",3,3,3,1,8,2,5,10,10,7,5,1
,,290,23,Sikkim,"Registration of Foreigners Act, 1930",0,0,0,1,7,6,1,6,0,0,3,3
,,290,24,Tamil Nadu,"Registration of Foreigners Act, 1930",7,29,18,21,23,23,15,18,12,26,14,12
,,290,25,Tripura,"Registration of Foreigners Act, 1930",0,0,0,0,0,0,0,0,2,1,6,1
,,290,26,Uttar Pradesh,"Registration of Foreigners Act, 1930",55,77,75,5,6,1,2,3,1,3,4,1
,,290,27,Uttarakhand,"Registration of Foreigners Act, 1930",3,2,0,2,2,0,5,11,7,8,3,3
,,290,28,West Bengal,"Registration of Foreigners Act, 1930",1049,1386,950,1015,1604,1781,1705,1139,903,660,792,1079
,,290,29,A&N Islands,"Registration of Foreigners Act, 1930",0,0,0,0,0,0,0,0,0,50,24,15
,,290,30,Chandigarh,"Registration of Foreigners Act, 1930",3,1,0,1,0,2,1,4,7,3,0,1
,,290,31,D&N Haveli,"Registration of Foreigners Act, 1930",0,0,0,0,0,0,0,0,0,0,0,0
,,290,32,Daman & Diu,"Registration of Foreigners Act, 1930",0,0,0,0,0,0,0,0,0,0,0,1
,,290,33,Delhi UT,"Registration of Foreigners Act, 1930",13,17,17,16,8,26,16,17,12,24,36,30
,,290,34,Lakshadweep,"Registration of Foreigners Act, 1930",0,0,0,0,0,0,0,0,0,2,0,0
,,290,35,Puducherry,"Registration of Foreigners Act, 1930",0,2,0,0,0,0,0,0,1,1,2,0
,,300,1,Andhra Pradesh,"Protection of Civil Rights Act, 1955",338,498,186,72,61,105,125,128,41,54,13,9
,,300,2,Arunachal Pradesh,"Protection of Civil Rights Act, 1955",0,0,0,0,0,0,0,0,0,0,0,0
,,300,3,Assam,"Protection of Civil Rights Act, 1955",0,0,1,0,0,0,1,0,0,0,0,0
,,300,4,Bihar,"Protection of Civil Rights Act, 1955",89,117,88,98,95,2,0,0,0,0,0,0
,,300,5,Chhattisgarh,"Protection of Civil Rights Act, 1955",3,25,0,0,1,0,0,0,0,0,0,0
,,300,6,Goa,"Protection of Civil Rights Act, 1955",0,0,0,0,0,0,0,0,0,0,0,1
,,300,7,Gujarat,"Protection of Civil Rights Act, 1955",19,7,7,5,6,4,2,4,2,0,2,2
,,300,8,Haryana,"Protection of Civil Rights Act, 1955",1,0,0,0,0,0,0,2,0,0,0,0
,,300,9,Himachal Pradesh,"Protection of Civil Rights Act, 1955",4,10,1,2,5,2,4,3,1,1,3,3
,,300,10,Jammu & Kashmir,"Protection of Civil Rights Act, 1955",0,0,0,3,1,2,1,0,1,1,1,1
,,300,11,Jharkhand,"Protection of Civil Rights Act, 1955",0,0,0,0,168,45,0,0,0,0,0,0
,,300,12,Karnataka,"Protection of Civil Rights Act, 1955",107,101,73,39,28,26,17,49,10,33,12,12
,,300,13,Kerala,"Protection of Civil Rights Act, 1955",0,0,0,3,0,0,0,0,0,0,1,0
,,300,14,Madhya Pradesh,"Protection of Civil Rights Act, 1955",3,5,1,1,1,1,0,0,0,2,0,0
,,300,15,Maharashtra,"Protection of Civil Rights Act, 1955",61,76,43,26,32,36,20,20,24,25,10,6
,,300,16,Manipur,"Protection of Civil Rights Act, 1955",0,0,0,0,0,0,0,0,0,0,0,0
,,300,17,Meghalaya,"Protection of Civil Rights Act, 1955",0,0,0,0,0,0,0,0,0,0,0,0
,,300,18,Mizoram,"Protection of Civil Rights Act, 1955",0,0,0,0,0,0,0,0,0,0,0,0
,,300,19,Nagaland,"Protection of Civil Rights Act, 1955",0,0,0,0,0,0,0,0,0,0,0,0
,,300,20,Odisha,"Protection of Civil Rights Act, 1955",16,3,0,0,0,0,0,0,0,3,0,0
,,300,21,Punjab,"Protection of Civil Rights Act, 1955",1,2,1,0,1,0,0,0,0,0,0,0
,,300,22,Rajasthan,"Protection of Civil Rights Act, 1955",0,1,0,0,1,0,0,0,0,0,5,0
,,300,23,Sikkim,"Protection of Civil Rights Act, 1955",0,0,0,0,0,0,1,0,0,0,0,0
,,300,24,Tamil Nadu,"Protection of Civil Rights Act, 1955",22,79,202,71,12,84,6,3,2,3,12,9
,,300,25,Tripura,"Protection of Civil Rights Act, 1955",0,0,0,0,0,0,0,0,0,0,0,0
,,300,26,Uttar Pradesh,"Protection of Civil Rights Act, 1955",12,122,52,35,28,133,8,49,61,0,0,1
,,300,27,Uttarakhand,"Protection of Civil Rights Act, 1955",0,0,0,0,0,0,0,0,0,0,0,0
,,300,28,West Bengal,"Protection of Civil Rights Act, 1955",0,0,0,0,0,0,2,0,0,0,0,0
,,300,29,A&N Islands,"Protection of Civil Rights Act, 1955",0,0,0,0,0,0,0,0,0,0,0,0
,,300,30,Chandigarh,"Protection of Civil Rights Act, 1955",0,0,0,0,0,0,0,0,0,0,0,0
,,300,31,D&N Haveli,"Protection of Civil Rights Act, 1955",0,0,0,0,0,0,0,0,0,0,0,0
,,300,32,Daman & Diu,"Protection of Civil Rights Act, 1955",0,0,0,0,0,0,0,0,0,0,0,0
,,300,33,Delhi UT,"Protection of Civil Rights Act, 1955",2,1,0,0,1,0,0,0,2,0,0,0
,,300,34,Lakshadweep,"Protection of Civil Rights Act, 1955",0,0,0,0,0,0,0,0,0,0,0,0
,,300,35,Puducherry,"Protection of Civil Rights Act, 1955",13,18,16,20,12,14,24,27,26,26,15,20
,,301,1,Andhra Pradesh,PCR Act - against SCs,312,459,165,68,61,93,122,123,39,50,10,9
,,301,2,Arunachal Pradesh,PCR Act - against SCs,0,0,0,0,0,0,0,0,0,0,0,0
,,301,3,Assam,PCR Act - against SCs,0,0,0,0,0,0,1,0,0,0,0,0
,,301,4,Bihar,PCR Act - against SCs,81,113,82,93,95,2,0,0,0,0,0,0
,,301,5,Chhattisgarh,PCR Act - against SCs,1,22,0,0,1,0,0,0,0,0,0,0
,,301,6,Goa,PCR Act - against SCs,0,0,0,0,0,0,0,0,0,0,0,1
,,301,7,Gujarat,PCR Act - against SCs,16,6,7,5,6,4,2,3,2,0,2,2
,,301,8,Haryana,PCR Act - against SCs,1,0,0,0,0,0,0,2,0,0,0,0
,,301,9,Himachal Pradesh,PCR Act - against SCs,4,10,1,2,3,0,4,3,1,1,3,3
,,301,10,Jammu & Kashmir,PCR Act - against SCs,0,0,0,3,1,2,1,0,1,1,1,1
,,301,11,Jharkhand,PCR Act - against SCs,0,0,0,0,8,11,0,0,0,0,0,0
,,301,12,Karnataka,PCR Act - against SCs,94,101,68,38,28,25,17,49,10,33,8,11
,,301,13,Kerala,PCR Act - against SCs,0,0,0,3,0,0,0,0,0,0,1,0
,,301,14,Madhya Pradesh,PCR Act - against SCs,1,5,1,1,1,1,0,0,0,1,0,0
,,301,15,Maharashtra,PCR Act - against SCs,61,76,43,26,32,36,20,20,24,25,10,5
,,301,16,Manipur,PCR Act - against SCs,0,0,0,0,0,0,0,0,0,0,0,0
,,301,17,Meghalaya,PCR Act - against SCs,0,0,0,0,0,0,0,0,0,0,0,0
,,301,18,Mizoram,PCR Act - against SCs,0,0,0,0,0,0,0,0,0,0,0,0
,,301,19,Nagaland,PCR Act - against SCs,0,0,0,0,0,0,0,0,0,0,0,0
,,301,20,Odisha,PCR Act - against SCs,12,3,0,0,0,0,0,0,0,3,0,0
,,301,21,Punjab,PCR Act - against SCs,1,2,1,0,1,0,0,0,0,0,0,0
,,301,22,Rajasthan,PCR Act - against SCs,0,1,0,0,1,0,0,0,0,0,5,0
,,301,23,Sikkim,PCR Act - against SCs,0,0,0,0,0,0,0,0,0,0,0,0
,,301,24,Tamil Nadu,PCR Act - against SCs,22,79,198,70,12,84,6,3,2,3,12,9
,,301,25,Tripura,PCR Act - against SCs,0,0,0,0,0,0,0,0,0,0,0,0
,,301,26,Uttar Pradesh,PCR Act - against SCs,12,122,52,35,28,133,8,49,61,0,0,1
,,301,27,Uttarakhand,PCR Act - against SCs,0,0,0,0,0,0,0,0,0,0,0,0
,,301,28,West Bengal,PCR Act - against SCs,0,0,0,0,0,0,1,0,0,0,0,0
,,301,29,A&N Islands,PCR Act - against SCs,0,0,0,0,0,0,0,0,0,0,0,0
,,301,30,Chandigarh,PCR Act - against SCs,0,0,0,0,0,0,0,0,0,0,0,0
,,301,31,D&N Haveli,PCR Act - against SCs,0,0,0,0,0,0,0,0,0,0,0,0
,,301,32,Daman & Diu,PCR Act - against SCs,0,0,0,0,0,0,0,0,0,0,0,0
,,301,33,Delhi UT,PCR Act - against SCs,2,1,0,0,1,0,0,0,2,0,0,0
,,301,34,Lakshadweep,PCR Act - against SCs,0,0,0,0,0,0,0,0,0,0,0,0
,,301,35,Puducherry,PCR Act - against SCs,13,18,16,20,12,14,24,27,26,26,15,20
,,302,1,Andhra Pradesh,PCR Act - against STs,26,39,21,4,0,12,3,5,2,4,3,0
,,302,2,Arunachal Pradesh,PCR Act - against STs,0,0,0,0,0,0,0,0,0,0,0,0
,,302,3,Assam,PCR Act - against STs,0,0,1,0,0,0,0,0,0,0,0,0
,,302,4,Bihar,PCR Act - against STs,8,4,6,5,0,0,0,0,0,0,0,0
,,302,5,Chhattisgarh,PCR Act - against STs,2,3,0,0,0,0,0,0,0,0,0,0
,,302,6,Goa,PCR Act - against STs,0,0,0,0,0,0,0,0,0,0,0,0
,,302,7,Gujarat,PCR Act - against STs,3,1,0,0,0,0,0,1,0,0,0,0
,,302,8,Haryana,PCR Act - against STs,0,0,0,0,0,0,0,0,0,0,0,0
,,302,9,Himachal Pradesh,PCR Act - against STs,0,0,0,0,2,2,0,0,0,0,0,0
,,302,10,Jammu & Kashmir,PCR Act - against STs,0,0,0,0,0,0,0,0,0,0,0,0
,,302,11,Jharkhand,PCR Act - against STs,0,0,0,0,160,34,0,0,0,0,0,0
,,302,12,Karnataka,PCR Act - against STs,13,0,5,1,0,1,0,0,0,0,4,1
,,302,13,Kerala,PCR Act - against STs,0,0,0,0,0,0,0,0,0,0,0,0
,,302,14,Madhya Pradesh,PCR Act - against STs,2,0,0,0,0,0,0,0,0,1,0,0
,,302,15,Maharashtra,PCR Act - against STs,0,0,0,0,0,0,0,0,0,0,0,1
,,302,16,Manipur,PCR Act - against STs,0,0,0,0,0,0,0,0,0,0,0,0
,,302,17,Meghalaya,PCR Act - against STs,0,0,0,0,0,0,0,0,0,0,0,0
,,302,18,Mizoram,PCR Act - against STs,0,0,0,0,0,0,0,0,0,0,0,0
,,302,19,Nagaland,PCR Act - against STs,0,0,0,0,0,0,0,0,0,0,0,0
,,302,20,Odisha,PCR Act - against STs,4,0,0,0,0,0,0,0,0,0,0,0
,,302,21,Punjab,PCR Act - against STs,0,0,0,0,0,0,0,0,0,0,0,0
,,302,22,Rajasthan,PCR Act - against STs,0,0,0,0,0,0,0,0,0,0,0,0
,,302,23,Sikkim,PCR Act - against STs,0,0,0,0,0,0,1,0,0,0,0,0
,,302,24,Tamil Nadu,PCR Act - against STs,0,0,4,1,0,0,0,0,0,0,0,0
,,302,25,Tripura,PCR Act - against STs,0,0,0,0,0,0,0,0,0,0,0,0
,,302,26,Uttar Pradesh,PCR Act - against STs,0,0,0,0,0,0,0,0,0,0,0,0
,,302,27,Uttarakhand,PCR Act - against STs,0,0,0,0,0,0,0,0,0,0,0,0
,,302,28,West Bengal,PCR Act - against STs,0,0,0,0,0,0,1,0,0,0,0,0
,,302,29,A&N Islands,PCR Act - against STs,0,0,0,0,0,0,0,0,0,0,0,0
,,302,30,Chandigarh,PCR Act - against STs,0,0,0,0,0,0,0,0,0,0,0,0
,,302,31,D&N Haveli,PCR Act - against STs,0,0,0,0,0,0,0,0,0,0,0,0
,,302,32,Daman & Diu,PCR Act - against STs,0,0,0,0,0,0,0,0,0,0,0,0
,,302,33,Delhi UT,PCR Act - against STs,0,0,0,0,0,0,0,0,0,0,0,0
,,302,34,Lakshadweep,PCR Act - against STs,0,0,0,0,0,0,0,0,0,0,0,0
,,302,35,Puducherry,PCR Act - against STs,0,0,0,0,0,0,0,0,0,0,0,0
,,310,1,Andhra Pradesh,Indian Passport Act,67,68,71,65,149,64,62,17,105,58,12,30
,,310,2,Arunachal Pradesh,Indian Passport Act,0,0,0,0,0,0,0,0,0,0,0,0
,,310,3,Assam,Indian Passport Act,9,7,1,14,23,35,47,54,108,39,22,1
,,310,4,Bihar,Indian Passport Act,1,2,5,1,0,0,1,1,0,1,8,0
,,310,5,Chhattisgarh,Indian Passport Act,0,0,0,0,0,0,4,1,0,0,0,1
,,310,6,Goa,Indian Passport Act,0,0,0,0,1,0,0,0,1,0,0,0
,,310,7,Gujarat,Indian Passport Act,18,4,18,16,10,10,17,14,16,6,6,5
,,310,8,Haryana,Indian Passport Act,1,0,0,1,2,4,1,0,3,2,0,0
,,310,9,Himachal Pradesh,Indian Passport Act,0,1,0,0,0,0,0,0,0,0,0,0
,,310,10,Jammu & Kashmir,Indian Passport Act,7,1,10,7,5,7,7,3,2,2,0,0
,,310,11,Jharkhand,Indian Passport Act,0,0,0,0,94,10,0,0,0,0,0,1
,,310,12,Karnataka,Indian Passport Act,24,13,5,21,10,20,23,21,51,33,115,61
,,310,13,Kerala,Indian Passport Act,34,172,85,210,210,128,79,139,179,209,172,357
,,310,14,Madhya Pradesh,Indian Passport Act,1,1,0,0,0,1,0,0,0,0,0,0
,,310,15,Maharashtra,Indian Passport Act,28,19,48,27,58,57,63,90,89,69,65,127
,,310,16,Manipur,Indian Passport Act,2,4,5,0,0,0,0,0,0,0,0,0
,,310,17,Meghalaya,Indian Passport Act,1,0,30,0,0,1,0,0,2,1,5,4
,,310,18,Mizoram,Indian Passport Act,15,30,0,12,45,40,33,50,29,29,17,11
,,310,19,Nagaland,Indian Passport Act,2,0,0,0,0,0,0,0,0,0,0,0
,,310,20,Odisha,Indian Passport Act,0,0,0,0,0,0,0,0,0,0,0,0
,,310,21,Punjab,Indian Passport Act,62,43,93,88,76,86,44,61,17,42,33,32
,,310,22,Rajasthan,Indian Passport Act,48,12,15,14,8,6,15,5,8,2,4,5
,,310,23,Sikkim,Indian Passport Act,0,0,0,0,0,0,0,0,0,0,0,0
,,310,24,Tamil Nadu,Indian Passport Act,27,264,21,193,324,297,410,411,371,268,195,139
,,310,25,Tripura,Indian Passport Act,0,0,0,0,0,0,0,21,44,38,36,67
,,310,26,Uttar Pradesh,Indian Passport Act,5,8,29,53,23,21,16,14,12,6,32,11
,,310,27,Uttarakhand,Indian Passport Act,3,2,1,0,0,0,1,6,7,6,2,0
,,310,28,West Bengal,Indian Passport Act,1,4,88,47,48,111,102,99,162,102,121,96
,,310,29,A&N Islands,Indian Passport Act,0,0,0,0,0,0,0,0,0,0,0,0
,,310,30,Chandigarh,Indian Passport Act,0,0,0,0,0,1,0,0,1,0,1,0
,,310,31,D&N Haveli,Indian Passport Act,0,0,0,0,0,0,0,0,0,0,0,0
,,310,32,Daman & Diu,Indian Passport Act,0,0,0,0,0,0,0,0,0,0,0,0
,,310,33,Delhi UT,Indian Passport Act,32,37,30,38,34,41,58,38,41,23,23,4
,,310,34,Lakshadweep,Indian Passport Act,0,0,0,0,0,0,0,0,0,0,0,0
,,310,35,Puducherry,Indian Passport Act,2,1,0,0,0,0,1,0,1,1,0,1
,,320,1,Andhra Pradesh,"Essential Commodities Act, 1955",42,148,69,36,124,259,119,148,86,86,107,166
,,320,2,Arunachal Pradesh,"Essential Commodities Act, 1955",0,0,0,0,0,0,0,0,0,0,0,0
,,320,3,Assam,"Essential Commodities Act, 1955",36,30,24,24,28,36,41,38,28,49,36,25
,,320,4,Bihar,"Essential Commodities Act, 1955",244,206,120,174,353,542,600,594,446,547,756,685
,,320,5,Chhattisgarh,"Essential Commodities Act, 1955",87,81,80,77,140,169,147,172,109,158,134,102
,,320,6,Goa,"Essential Commodities Act, 1955",3,4,2,0,1,0,1,0,0,0,0,1
,,320,7,Gujarat,"Essential Commodities Act, 1955",120,131,304,321,281,266,283,212,190,166,169,150
,,320,8,Haryana,"Essential Commodities Act, 1955",131,102,178,101,216,293,355,358,205,273,288,156
,,320,9,Himachal Pradesh,"Essential Commodities Act, 1955",10,8,12,17,12,18,33,56,31,35,34,30
,,320,10,Jammu & Kashmir,"Essential Commodities Act, 1955",591,603,919,804,683,787,680,532,449,443,351,353
,,320,11,Jharkhand,"Essential Commodities Act, 1955",44,40,56,40,64,118,87,109,100,94,96,126
,,320,12,Karnataka,"Essential Commodities Act, 1955",522,144,201,238,358,245,288,432,437,442,405,421
,,320,13,Kerala,"Essential Commodities Act, 1955",123,89,122,122,191,118,154,205,221,215,268,225
,,320,14,Madhya Pradesh,"Essential Commodities Act, 1955",116,183,138,284,329,477,327,356,514,344,368,268
,,320,15,Maharashtra,"Essential Commodities Act, 1955",955,922,1132,1351,2386,2629,2067,2499,1639,1897,2796,1447
,,320,16,Manipur,"Essential Commodities Act, 1955",1,0,2,0,14,3,1,4,0,7,7,4
,,320,17,Meghalaya,"Essential Commodities Act, 1955",0,0,0,0,1,3,6,6,4,21,6,8
,,320,18,Mizoram,"Essential Commodities Act, 1955",0,0,0,5,0,0,0,0,0,14,10,0
,,320,19,Nagaland,"Essential Commodities Act, 1955",0,0,0,1,0,0,0,1,1,2,2,0
,,320,20,Odisha,"Essential Commodities Act, 1955",114,63,56,109,199,224,175,163,173,143,112,143
,,320,21,Punjab,"Essential Commodities Act, 1955",92,81,179,82,148,98,132,92,125,105,85,127
,,320,22,Rajasthan,"Essential Commodities Act, 1955",274,233,205,294,325,367,270,300,325,271,275,222
,,320,23,Sikkim,"Essential Commodities Act, 1955",0,1,0,0,8,6,31,1,0,0,1,0
,,320,24,Tamil Nadu,"Essential Commodities Act, 1955",32,61,36,31,66,71,178,154,165,427,193,97
,,320,25,Tripura,"Essential Commodities Act, 1955",13,11,12,51,84,85,76,109,66,64,48,57
,,320,26,Uttar Pradesh,"Essential Commodities Act, 1955",96,48,59,452,922,1274,1620,2096,1964,1832,1843,1493
,,320,27,Uttarakhand,"Essential Commodities Act, 1955",4,12,9,6,22,26,49,65,78,55,47,50
,,320,28,West Bengal,"Essential Commodities Act, 1955",537,332,207,164,170,130,175,182,174,167,130,303
,,320,29,A&N Islands,"Essential Commodities Act, 1955",0,0,0,0,0,1,1,3,0,1,3,1
,,320,30,Chandigarh,"Essential Commodities Act, 1955",2,7,17,8,8,7,5,6,7,15,8,10
,,320,31,D&N Haveli,"Essential Commodities Act, 1955",5,1,3,1,0,0,0,2,0,1,11,2
,,320,32,Daman & Diu,"Essential Commodities Act, 1955",0,0,0,1,0,0,0,0,0,0,1,1
,,320,33,Delhi UT,"Essential Commodities Act, 1955",70,30,21,53,51,45,29,152,15,16,30,28
,,320,34,Lakshadweep,"Essential Commodities Act, 1955",0,0,0,0,0,0,0,0,0,0,0,0
,,320,35,Puducherry,"Essential Commodities Act, 1955",15,22,38,24,32,22,35,53,70,38,34,54
,,330,1,Andhra Pradesh,"Terrorist and Disruptive Activities Act,",0,0,1,0,0,0,0,0,0,0,0,0
,,330,2,Arunachal Pradesh,"Terrorist and Disruptive Activities Act,",0,0,0,0,0,0,0,0,0,0,0,0
,,330,3,Assam,"Terrorist and Disruptive Activities Act,",0,0,0,0,0,0,0,0,0,0,0,0
,,330,4,Bihar,"Terrorist and Disruptive Activities Act,",0,0,0,0,0,0,0,0,0,0,0,0
,,330,5,Chhattisgarh,"Terrorist and Disruptive Activities Act,",0,0,0,0,0,0,0,0,0,0,0,0
,,330,6,Goa,"Terrorist and Disruptive Activities Act,",0,0,0,0,0,0,0,0,0,0,0,0
,,330,7,Gujarat,"Terrorist and Disruptive Activities Act,",0,0,0,0,0,0,0,0,0,0,0,0
,,330,8,Haryana,"Terrorist and Disruptive Activities Act,",0,0,0,0,0,0,0,0,0,0,0,0
,,330,9,Himachal Pradesh,"Terrorist and Disruptive Activities Act,",0,0,0,0,0,0,0,0,0,0,0,0
,,330,10,Jammu & Kashmir,"Terrorist and Disruptive Activities Act,",0,0,0,0,0,0,0,0,0,0,0,0
,,330,11,Jharkhand,"Terrorist and Disruptive Activities Act,",0,65,82,65,51,0,0,0,0,0,0,0
,,330,12,Karnataka,"Terrorist and Disruptive Activities Act,",0,0,0,0,0,0,0,0,0,0,0,0
,,330,13,Kerala,"Terrorist and Disruptive Activities Act,",0,0,0,0,0,0,0,0,0,0,0,0
,,330,14,Madhya Pradesh,"Terrorist and Disruptive Activities Act,",0,0,0,0,0,0,0,0,0,0,0,0
,,330,15,Maharashtra,"Terrorist and Disruptive Activities Act,",0,0,0,0,0,0,0,0,0,0,0,0
,,330,16,Manipur,"Terrorist and Disruptive Activities Act,",0,0,0,0,0,0,0,0,0,0,0,0
,,330,17,Meghalaya,"Terrorist and Disruptive Activities Act,",0,0,0,0,0,0,0,0,0,0,0,0
,,330,18,Mizoram,"Terrorist and Disruptive Activities Act,",0,0,0,0,0,0,0,0,0,0,0,0
,,330,19,Nagaland,"Terrorist and Disruptive Activities Act,",0,0,0,0,0,0,0,0,0,0,0,0
,,330,20,Odisha,"Terrorist and Disruptive Activities Act,",0,0,0,0,0,0,0,0,0,0,0,0
,,330,21,Punjab,"Terrorist and Disruptive Activities Act,",0,0,0,0,0,0,0,0,0,0,0,0
,,330,22,Rajasthan,"Terrorist and Disruptive Activities Act,",0,0,0,0,0,0,0,0,0,0,0,0
,,330,23,Sikkim,"Terrorist and Disruptive Activities Act,",0,0,0,0,0,0,0,0,0,0,0,0
,,330,24,Tamil Nadu,"Terrorist and Disruptive Activities Act,",0,0,0,0,0,0,0,0,0,0,0,0
,,330,25,Tripura,"Terrorist and Disruptive Activities Act,",0,0,0,0,0,0,0,0,0,0,0,0
,,330,26,Uttar Pradesh,"Terrorist and Disruptive Activities Act,",0,0,2,1,0,0,0,0,0,0,0,0
,,330,27,Uttarakhand,"Terrorist and Disruptive Activities Act,",0,0,0,0,0,0,0,0,0,0,0,0
,,330,28,West Bengal,"Terrorist and Disruptive Activities Act,",0,0,0,0,3,0,0,0,0,0,0,0
,,330,29,A&N Islands,"Terrorist and Disruptive Activities Act,",0,0,0,0,0,0,0,0,0,0,0,0
,,330,30,Chandigarh,"Terrorist and Disruptive Activities Act,",0,0,0,0,0,0,0,0,0,0,0,0
,,330,31,D&N Haveli,"Terrorist and Disruptive Activities Act,",0,0,0,0,0,0,0,0,0,0,0,0
,,330,32,Daman & Diu,"Terrorist and Disruptive Activities Act,",0,0,0,0,0,0,0,0,0,0,0,0
,,330,33,Delhi UT,"Terrorist and Disruptive Activities Act,",0,0,0,0,0,0,0,0,0,0,0,0
,,330,34,Lakshadweep,"Terrorist and Disruptive Activities Act,",0,0,0,0,0,0,0,0,0,0,0,0
,,330,35,Puducherry,"Terrorist and Disruptive Activities Act,",0,0,0,0,0,0,0,0,0,0,0,0
,,340,1,Andhra Pradesh,"Antiquity & Art Treasures Act, 1972",8,8,4,9,28,17,15,16,10,19,44,35
,,340,2,Arunachal Pradesh,"Antiquity & Art Treasures Act, 1972",0,0,0,0,0,0,0,0,0,0,0,0
,,340,3,Assam,"Antiquity & Art Treasures Act, 1972",0,0,0,0,0,0,0,1,0,0,0,0
,,340,4,Bihar,"Antiquity & Art Treasures Act, 1972",0,53,7,2,0,0,7,0,2,2,0,2
,,340,5,Chhattisgarh,"Antiquity & Art Treasures Act, 1972",0,0,1,0,2,0,0,1,0,0,0,0
,,340,6,Goa,"Antiquity & Art Treasures Act, 1972",0,0,0,0,0,0,0,0,0,0,0,0
,,340,7,Gujarat,"Antiquity & Art Treasures Act, 1972",0,2,0,0,0,0,0,0,0,0,1,0
,,340,8,Haryana,"Antiquity & Art Treasures Act, 1972",0,0,0,0,0,0,1,0,0,1,0,0
,,340,9,Himachal Pradesh,"Antiquity & Art Treasures Act, 1972",0,0,0,0,0,0,0,0,1,0,0,0
,,340,10,Jammu & Kashmir,"Antiquity & Art Treasures Act, 1972",0,0,0,0,0,0,0,0,0,0,0,0
,,340,11,Jharkhand,"Antiquity & Art Treasures Act, 1972",0,0,0,0,31,2,0,0,0,0,0,0
,,340,12,Karnataka,"Antiquity & Art Treasures Act, 1972",4,2,6,4,1,3,3,3,8,6,6,8
,,340,13,Kerala,"Antiquity & Art Treasures Act, 1972",0,0,0,0,0,0,0,0,1,0,1,0
,,340,14,Madhya Pradesh,"Antiquity & Art Treasures Act, 1972",0,0,0,0,0,0,0,0,0,0,0,0
,,340,15,Maharashtra,"Antiquity & Art Treasures Act, 1972",0,3,1,2,1,0,3,2,2,0,2,3
,,340,16,Manipur,"Antiquity & Art Treasures Act, 1972",0,0,0,0,0,0,0,0,0,0,0,0
,,340,17,Meghalaya,"Antiquity & Art Treasures Act, 1972",0,0,0,0,0,0,0,0,0,0,0,0
,,340,18,Mizoram,"Antiquity & Art Treasures Act, 1972",0,0,0,0,0,0,0,0,0,0,0,0
,,340,19,Nagaland,"Antiquity & Art Treasures Act, 1972",0,0,0,0,0,0,0,0,0,0,0,0
,,340,20,Odisha,"Antiquity & Art Treasures Act, 1972",0,0,0,0,0,1,3,0,0,0,0,1
,,340,21,Punjab,"Antiquity & Art Treasures Act, 1972",0,0,0,0,0,0,0,1,1,0,0,0
,,340,22,Rajasthan,"Antiquity & Art Treasures Act, 1972",4,3,2,1,1,2,1,0,0,0,1,1
,,340,23,Sikkim,"Antiquity & Art Treasures Act, 1972",0,0,0,0,0,0,0,0,0,0,0,0
,,340,24,Tamil Nadu,"Antiquity & Art Treasures Act, 1972",0,0,0,0,2,0,1,0,0,0,0,0
,,340,25,Tripura,"Antiquity & Art Treasures Act, 1972",0,0,0,0,0,0,0,0,0,0,0,0
,,340,26,Uttar Pradesh,"Antiquity & Art Treasures Act, 1972",2,5,2,7,2,2,6,8,7,23,13,5
,,340,27,Uttarakhand,"Antiquity & Art Treasures Act, 1972",0,0,0,0,0,0,0,0,0,0,0,0
,,340,28,West Bengal,"Antiquity & Art Treasures Act, 1972",21,1,12,59,0,2,5,0,1,2,0,0
,,340,29,A&N Islands,"Antiquity & Art Treasures Act, 1972",0,0,0,0,0,0,0,0,0,0,0,0
,,340,30,Chandigarh,"Antiquity & Art Treasures Act, 1972",0,0,0,0,0,0,0,0,0,0,0,0
,,340,31,D&N Haveli,"Antiquity & Art Treasures Act, 1972",0,0,0,0,0,0,0,0,0,0,0,0
,,340,32,Daman & Diu,"Antiquity & Art Treasures Act, 1972",0,0,0,0,0,0,0,0,0,0,0,0
,,340,33,Delhi UT,"Antiquity & Art Treasures Act, 1972",0,0,1,1,0,2,4,2,1,4,3,4
,,340,34,Lakshadweep,"Antiquity & Art Treasures Act, 1972",0,0,0,0,0,0,0,0,0,0,0,0
,,340,35,Puducherry,"Antiquity & Art Treasures Act, 1972",1,0,1,0,0,0,0,0,2,0,0,0
,,350,1,Andhra Pradesh,"Dowry Prohibition Act, 1961",551,460,195,339,306,474,817,1069,1362,1186,1899,2511
,,350,2,Arunachal Pradesh,"Dowry Prohibition Act, 1961",0,0,0,0,0,0,0,0,0,0,0,0
,,350,3,Assam,"Dowry Prohibition Act, 1961",179,64,92,36,82,31,16,11,40,37,19,41
,,350,4,Bihar,"Dowry Prohibition Act, 1961",835,779,706,1220,789,909,978,1288,1252,997,1393,1353
,,350,5,Chhattisgarh,"Dowry Prohibition Act, 1961",13,12,16,7,5,9,14,14,16,6,18,14
,,350,6,Goa,"Dowry Prohibition Act, 1961",0,0,0,0,0,0,0,0,0,0,0,0
,,350,7,Gujarat,"Dowry Prohibition Act, 1961",0,1,0,0,0,1,0,0,2,7,28,0
,,350,8,Haryana,"Dowry Prohibition Act, 1961",0,3,3,6,7,7,8,13,6,11,9,9
,,350,9,Himachal Pradesh,"Dowry Prohibition Act, 1961",9,5,7,5,1,2,4,2,4,0,0,0
,,350,10,Jammu & Kashmir,"Dowry Prohibition Act, 1961",3,0,4,2,0,2,1,2,3,2,3,3
,,350,11,Jharkhand,"Dowry Prohibition Act, 1961",375,199,261,199,313,345,453,435,414,404,402,1066
,,350,12,Karnataka,"Dowry Prohibition Act, 1961",361,383,341,337,361,476,517,628,904,1077,1210,1328
,,350,13,Kerala,"Dowry Prohibition Act, 1961",6,3,4,2,4,5,9,5,8,7,5,3
,,350,14,Madhya Pradesh,"Dowry Prohibition Act, 1961",30,24,29,40,36,32,52,32,91,67,66,101
,,350,15,Maharashtra,"Dowry Prohibition Act, 1961",27,23,29,21,23,55,45,49,50,40,44,33
,,350,16,Manipur,"Dowry Prohibition Act, 1961",0,0,0,0,0,0,0,0,0,0,0,0
,,350,17,Meghalaya,"Dowry Prohibition Act, 1961",0,0,0,0,0,0,0,0,0,0,0,0
,,350,18,Mizoram,"Dowry Prohibition Act, 1961",0,0,0,0,0,0,0,0,0,0,0,0
,,350,19,Nagaland,"Dowry Prohibition Act, 1961",0,0,0,0,0,0,0,0,0,0,0,0
,,350,20,Odisha,"Dowry Prohibition Act, 1961",436,424,412,532,446,1394,1460,1316,945,942,1062,1487
,,350,21,Punjab,"Dowry Prohibition Act, 1961",0,0,3,7,5,7,6,4,9,1,3,1
,,350,22,Rajasthan,"Dowry Prohibition Act, 1961",4,6,3,13,1,3,2,3,3,3,4,39
,,350,23,Sikkim,"Dowry Prohibition Act, 1961",0,0,0,0,0,0,0,0,0,0,0,0
,,350,24,Tamil Nadu,"Dowry Prohibition Act, 1961",33,125,175,294,193,81,368,262,207,199,195,277
,,350,25,Tripura,"Dowry Prohibition Act, 1961",0,0,0,0,0,0,0,1,2,1,0,0
,,350,26,Uttar Pradesh,"Dowry Prohibition Act, 1961",340,288,367,477,586,628,803,324,274,115,124,505
,,350,27,Uttarakhand,"Dowry Prohibition Act, 1961",5,1,1,2,2,1,2,0,1,1,3,0
,,350,28,West Bengal,"Dowry Prohibition Act, 1961",6,6,17,36,18,25,40,68,46,53,116,241
,,350,29,A&N Islands,"Dowry Prohibition Act, 1961",0,0,0,0,0,0,1,0,0,0,0,0
,,350,30,Chandigarh,"Dowry Prohibition Act, 1961",0,0,0,0,0,0,0,1,0,0,1,0
,,350,31,D&N Haveli,"Dowry Prohibition Act, 1961",0,0,0,0,0,0,0,0,1,0,0,0
,,350,32,Daman & Diu,"Dowry Prohibition Act, 1961",0,0,0,0,0,0,0,0,0,0,0,0
,,350,33,Delhi UT,"Dowry Prohibition Act, 1961",7,7,14,11,9,15,16,19,6,15,7,15
,,350,34,Lakshadweep,"Dowry Prohibition Act, 1961",0,0,0,0,0,0,0,0,0,0,0,0
,,350,35,Puducherry,"Dowry Prohibition Act, 1961",2,3,5,6,17,2,11,9,4,11,8,11
,,351,1,Andhra Pradesh,"Prohibition of Child Marriage Act, 2006",6,6,4,4,9,17,21,19,0,0,15,29
,,351,2,Arunachal Pradesh,"Prohibition of Child Marriage Act, 2006",0,0,0,0,0,0,0,0,0,0,0,0
,,351,3,Assam,"Prohibition of Child Marriage Act, 2006",0,1,0,1,0,1,1,1,0,0,0,0
,,351,4,Bihar,"Prohibition of Child Marriage Act, 2006",2,1,0,3,4,2,8,8,0,8,0,16
,,351,5,Chhattisgarh,"Prohibition of Child Marriage Act, 2006",0,26,6,14,3,5,4,5,2,2,5,2
,,351,6,Goa,"Prohibition of Child Marriage Act, 2006",0,0,0,0,0,0,0,1,0,0,0,0
,,351,7,Gujarat,"Prohibition of Child Marriage Act, 2006",11,38,11,30,25,12,14,23,0,14,13,14
,,351,8,Haryana,"Prohibition of Child Marriage Act, 2006",0,1,3,2,7,7,4,4,0,0,6,11
,,351,9,Himachal Pradesh,"Prohibition of Child Marriage Act, 2006",0,3,1,2,3,1,1,2,0,5,0,0
,,351,10,Jammu & Kashmir,"Prohibition of Child Marriage Act, 2006",0,0,0,0,0,0,0,0,0,0,0,0
,,351,11,Jharkhand,"Prohibition of Child Marriage Act, 2006",0,0,0,0,0,0,4,0,0,0,0,0
,,351,12,Karnataka,"Prohibition of Child Marriage Act, 2006",3,1,2,1,3,6,4,9,3,8,12,20
,,351,13,Kerala,"Prohibition of Child Marriage Act, 2006",3,6,0,1,3,1,1,4,0,6,3,6
,,351,14,Madhya Pradesh,"Prohibition of Child Marriage Act, 2006",4,2,3,2,18,4,5,2,0,4,5,3
,,351,15,Maharashtra,"Prohibition of Child Marriage Act, 2006",43,18,16,14,22,15,7,5,0,4,19,6
,,351,16,Manipur,"Prohibition of Child Marriage Act, 2006",0,0,0,0,0,0,0,0,0,0,0,0
,,351,17,Meghalaya,"Prohibition of Child Marriage Act, 2006",0,0,0,0,0,2,1,0,0,0,0,1
,,351,18,Mizoram,"Prohibition of Child Marriage Act, 2006",0,0,0,0,0,0,0,0,0,0,0,0
,,351,19,Nagaland,"Prohibition of Child Marriage Act, 2006",0,0,0,0,0,0,0,0,0,0,0,0
,,351,20,Odisha,"Prohibition of Child Marriage Act, 2006",0,0,0,1,0,3,1,1,0,0,1,1
,,351,21,Punjab,"Prohibition of Child Marriage Act, 2006",0,1,2,2,11,9,5,6,0,0,0,0
,,351,22,Rajasthan,"Prohibition of Child Marriage Act, 2006",10,7,6,2,3,1,3,3,0,2,5,10
,,351,23,Sikkim,"Prohibition of Child Marriage Act, 2006",0,0,0,0,0,0,0,0,0,0,0,0
,,351,24,Tamil Nadu,"Prohibition of Child Marriage Act, 2006",0,0,3,5,4,6,2,4,0,0,0,0
,,351,25,Tripura,"Prohibition of Child Marriage Act, 2006",0,0,0,0,1,1,1,0,0,1,0,0
,,351,26,Uttar Pradesh,"Prohibition of Child Marriage Act, 2006",1,2,4,1,4,0,0,0,0,5,4,5
,,351,27,Uttarakhand,"Prohibition of Child Marriage Act, 2006",0,0,0,0,0,0,0,0,0,0,0,0
,,351,28,West Bengal,"Prohibition of Child Marriage Act, 2006",0,0,1,8,2,6,9,6,0,0,25,43
,,351,29,A&N Islands,"Prohibition of Child Marriage Act, 2006",0,0,0,0,0,0,0,0,0,0,0,0
,,351,30,Chandigarh,"Prohibition of Child Marriage Act, 2006",2,0,0,0,0,0,0,0,0,0,0,0
,,351,31,D&N Haveli,"Prohibition of Child Marriage Act, 2006",0,0,0,0,0,0,0,0,0,0,0,0
,,351,32,Daman & Diu,"Prohibition of Child Marriage Act, 2006",0,0,0,0,0,0,0,0,0,0,0,0
,,351,33,Delhi UT,"Prohibition of Child Marriage Act, 2006",0,0,1,0,0,0,0,1,0,0,0,1
,,351,34,Lakshadweep,"Prohibition of Child Marriage Act, 2006",0,0,0,0,0,0,0,0,0,0,0,0
,,351,35,Puducherry,"Prohibition of Child Marriage Act, 2006",0,0,0,0,0,0,0,0,0,1,0,1
,,352,1,Andhra Pradesh,Indecent representation of Women (P) Act,925,2403,909,1102,2657,1347,1005,889,704,753,314,21
,,352,2,Arunachal Pradesh,Indecent representation of Women (P) Act,0,0,0,0,0,0,0,0,0,0,0,0
,,352,3,Assam,Indecent representation of Women (P) Act,10,3,0,0,0,0,0,2,0,0,1,3
,,352,4,Bihar,Indecent representation of Women (P) Act,3,1,1,0,0,0,0,0,0,0,0,5
,,352,5,Chhattisgarh,Indecent representation of Women (P) Act,0,0,0,0,0,0,0,0,1,1,0,1
,,352,6,Goa,Indecent representation of Women (P) Act,0,0,0,0,0,0,0,0,1,0,3,0
,,352,7,Gujarat,Indecent representation of Women (P) Act,0,4,14,0,0,0,0,0,0,0,0,0
,,352,8,Haryana,Indecent representation of Women (P) Act,0,0,0,0,0,0,0,0,0,0,0,2
,,352,9,Himachal Pradesh,Indecent representation of Women (P) Act,0,0,0,2,0,0,0,0,0,0,0,0
,,352,10,Jammu & Kashmir,Indecent representation of Women (P) Act,0,0,0,0,0,0,0,0,2,0,0,0
,,352,11,Jharkhand,Indecent representation of Women (P) Act,0,0,0,0,2,2,0,0,0,6,0,0
,,352,12,Karnataka,Indecent representation of Women (P) Act,0,0,0,0,0,0,0,0,1,0,2,0
,,352,13,Kerala,Indecent representation of Women (P) Act,42,26,16,45,108,59,26,19,24,37,12,3
,,352,14,Madhya Pradesh,Indecent representation of Women (P) Act,0,0,0,0,0,2,0,0,1,0,0,0
,,352,15,Maharashtra,Indecent representation of Women (P) Act,9,4,8,11,8,9,2,1,1,0,1,2
,,352,16,Manipur,Indecent representation of Women (P) Act,0,0,0,0,0,0,0,0,0,0,0,0
,,352,17,Meghalaya,Indecent representation of Women (P) Act,0,0,0,0,0,0,0,0,0,0,0,0
,,352,18,Mizoram,Indecent representation of Women (P) Act,0,0,0,0,0,0,0,0,0,0,0,0
,,352,19,Nagaland,Indecent representation of Women (P) Act,0,0,0,0,0,0,0,0,0,0,0,0
,,352,20,Odisha,Indecent representation of Women (P) Act,0,0,0,0,1,0,0,0,0,0,1,1
,,352,21,Punjab,Indecent representation of Women (P) Act,1,8,1,2,0,1,0,0,0,0,0,0
,,352,22,Rajasthan,Indecent representation of Women (P) Act,46,54,87,89,109,102,131,107,106,80,102,62
,,352,23,Sikkim,Indecent representation of Women (P) Act,0,0,0,0,0,0,0,0,0,0,0,0
,,352,24,Tamil Nadu,Indecent representation of Women (P) Act,11,5,6,102,30,35,25,4,2,14,10,34
,,352,25,Tripura,Indecent representation of Women (P) Act,0,0,0,0,0,0,0,0,0,0,0,0
,,352,26,Uttar Pradesh,Indecent representation of Women (P) Act,3,0,0,0,0,0,0,0,0,1,4,0
,,352,27,Uttarakhand,Indecent representation of Women (P) Act,0,0,0,0,0,0,0,0,0,0,0,0
,,352,28,West Bengal,Indecent representation of Women (P) Act,0,0,1,25,1,4,10,3,2,2,2,7
,,352,29,A&N Islands,Indecent representation of Women (P) Act,0,0,0,0,0,0,0,0,0,0,0,0
,,352,30,Chandigarh,Indecent representation of Women (P) Act,1,0,0,0,0,0,1,0,0,0,0,0
,,352,31,D&N Haveli,Indecent representation of Women (P) Act,0,0,0,0,0,0,0,0,0,0,0,0
,,352,32,Daman & Diu,Indecent representation of Women (P) Act,0,0,0,0,0,0,0,0,0,0,0,0
,,352,33,Delhi UT,Indecent representation of Women (P) Act,1,0,0,0,1,1,0,0,0,0,1,0
,,352,34,Lakshadweep,Indecent representation of Women (P) Act,0,0,0,0,0,0,0,0,0,1,0,0
,,352,35,Puducherry,Indecent representation of Women (P) Act,0,0,0,0,0,0,0,0,0,0,0,0
,,353,1,Andhra Pradesh,"Copyright Act, 1957",222,393,317,500,1412,1800,1602,586,385,827,497,458
,,353,2,Arunachal Pradesh,"Copyright Act, 1957",0,0,0,0,0,0,0,0,0,0,0,0
,,353,3,Assam,"Copyright Act, 1957",3,11,15,14,34,36,35,31,18,6,1,4
,,353,4,Bihar,"Copyright Act, 1957",8,7,15,16,8,12,28,30,39,16,27,24
,,353,5,Chhattisgarh,"Copyright Act, 1957",47,71,56,53,24,37,18,17,29,29,25,20
,,353,6,Goa,"Copyright Act, 1957",15,7,13,19,9,11,3,3,11,3,10,8
,,353,7,Gujarat,"Copyright Act, 1957",174,201,714,590,458,445,364,538,383,410,410,336
,,353,8,Haryana,"Copyright Act, 1957",105,163,283,200,181,199,221,164,134,219,165,101
,,353,9,Himachal Pradesh,"Copyright Act, 1957",18,40,42,48,59,48,52,47,49,47,30,9
,,353,10,Jammu & Kashmir,"Copyright Act, 1957",4,8,26,12,18,10,5,3,4,2,4,1
,,353,11,Jharkhand,"Copyright Act, 1957",1,5,3,5,40,31,14,19,13,38,23,27
,,353,12,Karnataka,"Copyright Act, 1957",149,141,243,250,365,364,333,406,52,205,267,211
,,353,13,Kerala,"Copyright Act, 1957",107,152,223,285,455,671,696,637,562,611,428,249
,,353,14,Madhya Pradesh,"Copyright Act, 1957",107,148,163,197,168,166,109,98,90,88,57,68
,,353,15,Maharashtra,"Copyright Act, 1957",643,760,906,958,1033,794,639,696,728,662,563,355
,,353,16,Manipur,"Copyright Act, 1957",0,0,0,0,0,0,0,0,0,0,0,4
,,353,17,Meghalaya,"Copyright Act, 1957",2,0,8,19,5,1,6,0,1,0,3,1
,,353,18,Mizoram,"Copyright Act, 1957",0,0,0,0,0,0,0,0,0,0,0,0
,,353,19,Nagaland,"Copyright Act, 1957",0,0,0,0,0,0,2,0,1,0,0,0
,,353,20,Odisha,"Copyright Act, 1957",14,12,22,18,14,66,20,13,17,8,5,0
,,353,21,Punjab,"Copyright Act, 1957",53,142,246,244,314,248,237,268,466,852,602,395
,,353,22,Rajasthan,"Copyright Act, 1957",333,370,432,533,541,622,528,527,445,504,442,353
,,353,23,Sikkim,"Copyright Act, 1957",0,0,0,0,0,0,0,0,0,0,0,0
,,353,24,Tamil Nadu,"Copyright Act, 1957",322,711,870,1604,804,661,918,1274,1917,2511,2636,2708
,,353,25,Tripura,"Copyright Act, 1957",0,0,0,0,0,0,2,0,0,0,0,0
,,353,26,Uttar Pradesh,"Copyright Act, 1957",154,254,246,189,288,315,237,224,254,471,344,243
,,353,27,Uttarakhand,"Copyright Act, 1957",10,16,27,38,32,51,37,58,39,17,4,20
,,353,28,West Bengal,"Copyright Act, 1957",168,154,278,303,342,387,286,221,229,264,276,440
,,353,29,A&N Islands,"Copyright Act, 1957",0,0,0,0,0,0,0,0,0,0,0,0
,,353,30,Chandigarh,"Copyright Act, 1957",12,9,28,8,13,11,20,9,19,10,16,6
,,353,31,D&N Haveli,"Copyright Act, 1957",0,2,2,0,5,2,3,1,1,2,1,0
,,353,32,Daman & Diu,"Copyright Act, 1957",1,1,1,0,0,0,2,0,0,1,1,0
,,353,33,Delhi UT,"Copyright Act, 1957",194,241,191,178,202,189,147,145,134,68,132,105
,,353,34,Lakshadweep,"Copyright Act, 1957",0,0,0,0,0,0,0,0,0,0,0,0
,,353,35,Puducherry,"Copyright Act, 1957",2,16,8,9,22,11,64,21,29,18,7,5
,,354,1,Andhra Pradesh,"Commission of Sati (P) Act, 1987",0,0,0,0,0,0,0,0,0,0,0,0
,,354,2,Arunachal Pradesh,"Commission of Sati (P) Act, 1987",0,0,0,0,0,0,0,0,0,0,0,0
,,354,3,Assam,"Commission of Sati (P) Act, 1987",0,0,0,0,0,0,0,0,0,0,0,0
,,354,4,Bihar,"Commission of Sati (P) Act, 1987",0,0,0,0,0,0,0,0,0,0,0,0
,,354,5,Chhattisgarh,"Commission of Sati (P) Act, 1987",0,0,0,0,0,0,0,1,0,0,0,0
,,354,6,Goa,"Commission of Sati (P) Act, 1987",0,0,0,0,0,0,0,0,0,0,0,0
,,354,7,Gujarat,"Commission of Sati (P) Act, 1987",0,0,0,0,0,0,0,0,0,0,0,0
,,354,8,Haryana,"Commission of Sati (P) Act, 1987",0,0,0,0,0,0,0,0,0,0,0,0
,,354,9,Himachal Pradesh,"Commission of Sati (P) Act, 1987",0,0,0,0,0,0,0,0,0,0,0,0
,,354,10,Jammu & Kashmir,"Commission of Sati (P) Act, 1987",0,0,0,0,0,0,0,0,0,0,0,0
,,354,11,Jharkhand,"Commission of Sati (P) Act, 1987",0,0,0,0,0,0,0,0,0,0,0,0
,,354,12,Karnataka,"Commission of Sati (P) Act, 1987",0,0,0,0,0,0,0,0,0,0,0,0
,,354,13,Kerala,"Commission of Sati (P) Act, 1987",0,0,0,0,0,0,0,0,0,0,0,0
,,354,14,Madhya Pradesh,"Commission of Sati (P) Act, 1987",0,0,0,0,0,0,0,0,0,0,0,0
,,354,15,Maharashtra,"Commission of Sati (P) Act, 1987",0,0,0,0,0,0,0,0,0,0,0,0
,,354,16,Manipur,"Commission of Sati (P) Act, 1987",0,0,0,0,0,0,0,0,0,0,0,0
,,354,17,Meghalaya,"Commission of Sati (P) Act, 1987",0,0,0,0,0,0,0,0,0,0,0,0
,,354,18,Mizoram,"Commission of Sati (P) Act, 1987",0,0,0,0,0,0,0,0,0,0,0,0
,,354,19,Nagaland,"Commission of Sati (P) Act, 1987",0,0,0,0,0,0,0,0,0,0,0,0
,,354,20,Odisha,"Commission of Sati (P) Act, 1987",0,0,0,0,0,0,0,0,0,0,0,0
,,354,21,Punjab,"Commission of Sati (P) Act, 1987",0,0,0,0,0,0,0,0,0,0,0,0
,,354,22,Rajasthan,"Commission of Sati (P) Act, 1987",0,0,0,0,1,0,0,0,0,0,0,0
,,354,23,Sikkim,"Commission of Sati (P) Act, 1987",0,0,0,0,0,0,0,0,0,0,0,0
,,354,24,Tamil Nadu,"Commission of Sati (P) Act, 1987",0,0,0,0,0,0,0,0,0,0,0,0
,,354,25,Tripura,"Commission of Sati (P) Act, 1987",0,0,0,0,0,0,0,0,0,0,0,0
,,354,26,Uttar Pradesh,"Commission of Sati (P) Act, 1987",0,0,0,0,0,0,0,0,0,0,0,0
,,354,27,Uttarakhand,"Commission of Sati (P) Act, 1987",0,0,0,0,0,0,0,0,0,0,0,0
,,354,28,West Bengal,"Commission of Sati (P) Act, 1987",0,0,0,0,0,0,0,0,0,0,0,0
,,354,29,A&N Islands,"Commission of Sati (P) Act, 1987",0,0,0,0,0,0,0,0,0,0,0,0
,,354,30,Chandigarh,"Commission of Sati (P) Act, 1987",0,0,0,0,0,0,0,0,0,0,0,0
,,354,31,D&N Haveli,"Commission of Sati (P) Act, 1987",0,0,0,0,0,0,0,0,0,0,0,0
,,354,32,Daman & Diu,"Commission of Sati (P) Act, 1987",0,0,0,0,0,0,0,0,0,0,0,0
,,354,33,Delhi UT,"Commission of Sati (P) Act, 1987",0,0,0,0,0,0,0,0,0,0,0,0
,,354,34,Lakshadweep,"Commission of Sati (P) Act, 1987",0,0,0,0,0,0,0,0,0,0,0,0
,,354,35,Puducherry,"Commission of Sati (P) Act, 1987",0,0,0,0,0,0,0,0,0,0,0,0
,,355,1,Andhra Pradesh,"SC/ST (Prevention of Attrocities) Act, 1",1079,964,1384,1466,1440,1812,1503,1641,2063,1734,1672,928
,,355,2,Arunachal Pradesh,"SC/ST (Prevention of Attrocities) Act, 1",0,0,0,0,0,0,0,0,0,0,0,0
,,355,3,Assam,"SC/ST (Prevention of Attrocities) Act, 1",0,0,0,0,0,0,0,0,0,2,1,2
,,355,4,Bihar,"SC/ST (Prevention of Attrocities) Act, 1",523,721,923,1838,1200,1470,1966,2480,2565,2581,3095,4554
,,355,5,Chhattisgarh,"SC/ST (Prevention of Attrocities) Act, 1",170,178,376,339,208,281,293,3,3,1,1,0
,,355,6,Goa,"SC/ST (Prevention of Attrocities) Act, 1",1,1,1,0,2,4,0,2,0,1,3,4
,,355,7,Gujarat,"SC/ST (Prevention of Attrocities) Act, 1",446,429,389,470,507,412,372,468,477,254,215,282
,,355,8,Haryana,"SC/ST (Prevention of Attrocities) Act, 1",33,32,36,31,73,86,75,99,91,131,150,15
,,355,9,Himachal Pradesh,"SC/ST (Prevention of Attrocities) Act, 1",43,32,37,42,20,43,83,48,61,74,86,86
,,355,10,Jammu & Kashmir,"SC/ST (Prevention of Attrocities) Act, 1",0,0,0,0,0,0,0,0,0,0,0,0
,,355,11,Jharkhand,"SC/ST (Prevention of Attrocities) Act, 1",55,93,41,93,216,226,337,376,332,320,386,469
,,355,12,Karnataka,"SC/ST (Prevention of Attrocities) Act, 1",1187,1233,1263,1179,1193,1168,1126,1418,1244,1460,1493,1498
,,355,13,Kerala,"SC/ST (Prevention of Attrocities) Act, 1",135,264,183,173,49,72,46,53,48,48,81,77
,,355,14,Madhya Pradesh,"SC/ST (Prevention of Attrocities) Act, 1",678,880,697,569,596,556,554,0,0,17,5,1
,,355,15,Maharashtra,"SC/ST (Prevention of Attrocities) Act, 1",187,189,266,259,310,408,424,381,328,374,365,320
,,355,16,Manipur,"SC/ST (Prevention of Attrocities) Act, 1",0,0,0,0,0,0,0,0,0,0,0,0
,,355,17,Meghalaya,"SC/ST (Prevention of Attrocities) Act, 1",0,0,0,0,0,0,0,0,0,0,0,0
,,355,18,Mizoram,"SC/ST (Prevention of Attrocities) Act, 1",0,0,0,0,0,0,0,0,0,0,0,0
,,355,19,Nagaland,"SC/ST (Prevention of Attrocities) Act, 1",0,0,0,0,0,0,0,0,0,0,0,0
,,355,20,Odisha,"SC/ST (Prevention of Attrocities) Act, 1",798,655,603,733,843,783,665,843,732,1579,1662,2522
,,355,21,Punjab,"SC/ST (Prevention of Attrocities) Act, 1",49,53,51,61,72,99,88,79,71,50,24,8
,,355,22,Rajasthan,"SC/ST (Prevention of Attrocities) Act, 1",3630,3051,1146,726,506,145,127,99,131,129,122,142
,,355,23,Sikkim,"SC/ST (Prevention of Attrocities) Act, 1",0,0,0,0,0,1,0,1,0,1,0,0
,,355,24,Tamil Nadu,"SC/ST (Prevention of Attrocities) Act, 1",684,688,782,698,839,469,1064,1195,1064,1280,1015,1148
,,355,25,Tripura,"SC/ST (Prevention of Attrocities) Act, 1",1,0,0,0,2,0,0,1,3,1,2,1
,,355,26,Uttar Pradesh,"SC/ST (Prevention of Attrocities) Act, 1",4960,2997,1128,1264,1623,1707,2117,3081,2556,1328,2013,1752
,,355,27,Uttarakhand,"SC/ST (Prevention of Attrocities) Act, 1",93,87,67,115,50,48,56,25,33,25,21,17
,,355,28,West Bengal,"SC/ST (Prevention of Attrocities) Act, 1",6,8,2,6,8,1,3,13,18,48,56,18
,,355,29,A&N Islands,"SC/ST (Prevention of Attrocities) Act, 1",0,0,0,0,0,0,0,2,1,0,2,2
,,355,30,Chandigarh,"SC/ST (Prevention of Attrocities) Act, 1",2,0,0,0,0,1,0,1,0,0,1,1
,,355,31,D&N Haveli,"SC/ST (Prevention of Attrocities) Act, 1",3,0,0,0,0,0,0,2,4,0,0,1
,,355,32,Daman & Diu,"SC/ST (Prevention of Attrocities) Act, 1",0,0,0,0,0,0,0,0,0,0,0,0
,,355,33,Delhi UT,"SC/ST (Prevention of Attrocities) Act, 1",17,15,12,4,21,21,24,34,31,16,24,38
,,355,34,Lakshadweep,"SC/ST (Prevention of Attrocities) Act, 1",0,0,0,0,0,0,0,0,0,0,0,0
,,355,35,Puducherry,"SC/ST (Prevention of Attrocities) Act, 1",0,0,1,0,2,0,0,2,3,2,1,1
,,356,1,Andhra Pradesh,POA - Against SCs,950,830,1234,1319,1244,1514,1200,1383,1737,1509,1439,801
,,356,2,Arunachal Pradesh,POA - Against SCs,0,0,0,0,0,0,0,0,0,0,0,0
,,356,3,Assam,POA - Against SCs,0,0,0,0,0,0,0,0,0,1,0,2
,,356,4,Bihar,POA - Against SCs,513,715,904,1813,1141,1438,1933,2426,2534,2548,3024,4436
,,356,5,Chhattisgarh,POA - Against SCs,164,77,155,138,115,120,150,2,1,1,0,0
,,356,6,Goa,POA - Against SCs,1,1,1,0,1,4,0,2,0,1,2,4
,,356,7,Gujarat,POA - Against SCs,356,332,320,411,434,359,328,402,400,220,192,217
,,356,8,Haryana,POA - Against SCs,33,32,36,31,73,86,75,99,91,131,150,15
,,356,9,Himachal Pradesh,POA - Against SCs,41,32,36,40,18,36,81,48,60,72,82,83
,,356,10,Jammu & Kashmir,POA - Against SCs,0,0,0,0,0,0,0,0,0,0,0,0
,,356,11,Jharkhand,POA - Against SCs,35,53,36,53,64,135,274,272,270,245,282,336
,,356,12,Karnataka,POA - Against SCs,983,1099,1155,1061,1108,1051,1016,1246,1097,1292,1331,1334
,,356,13,Kerala,POA - Against SCs,121,229,173,162,41,70,42,51,42,35,59,67
,,356,14,Madhya Pradesh,POA - Against SCs,435,570,445,357,344,338,348,0,0,13,4,1
,,356,15,Maharashtra,POA - Against SCs,146,136,216,219,258,350,370,334,291,319,304,267
,,356,16,Manipur,POA - Against SCs,0,0,0,0,0,0,0,0,0,0,0,0
,,356,17,Meghalaya,POA - Against SCs,0,0,0,0,0,0,0,0,0,0,0,0
,,356,18,Mizoram,POA - Against SCs,0,0,0,0,0,0,0,0,0,0,0,0
,,356,19,Nagaland,POA - Against SCs,0,0,0,0,0,0,0,0,0,0,0,0
,,356,20,Odisha,POA - Against SCs,645,466,435,574,639,621,554,702,652,1224,1256,1943
,,356,21,Punjab,POA - Against SCs,49,53,51,61,72,99,88,79,71,50,24,8
,,356,22,Rajasthan,POA - Against SCs,2965,2384,867,579,415,119,102,82,110,103,102,111
,,356,23,Sikkim,POA - Against SCs,0,0,0,0,0,1,0,1,0,1,0,0
,,356,24,Tamil Nadu,POA - Against SCs,682,685,776,691,829,468,1064,1194,1047,1255,1011,1143
,,356,25,Tripura,POA - Against SCs,1,0,0,0,1,0,0,0,3,1,1,1
,,356,26,Uttar Pradesh,POA - Against SCs,4885,2974,1128,1264,1623,1702,2113,3072,2554,1328,1995,1740
,,356,27,Uttarakhand,POA - Against SCs,84,85,66,112,50,48,56,25,33,25,21,14
,,356,28,West Bengal,POA - Against SCs,5,2,1,2,5,0,1,8,10,27,37,13
,,356,29,A&N Islands,POA - Against SCs,0,0,0,0,0,0,0,0,0,0,0,0
,,356,30,Chandigarh,POA - Against SCs,2,0,0,0,0,1,0,1,0,0,1,1
,,356,31,D&N Haveli,POA - Against SCs,0,0,0,0,0,0,0,0,0,0,0,0
,,356,32,Daman & Diu,POA - Against SCs,0,0,0,0,0,0,0,0,0,0,0,0
,,356,33,Delhi UT,POA - Against SCs,17,15,12,4,20,21,24,34,31,16,24,38
,,356,34,Lakshadweep,POA - Against SCs,0,0,0,0,0,0,0,0,0,0,0,0
,,356,35,Puducherry,POA - Against SCs,0,0,1,0,2,0,0,2,3,2,1,1
,,357,1,Andhra Pradesh,POA - Against STs,129,134,150,147,196,298,303,258,326,225,233,127
,,357,2,Arunachal Pradesh,POA - Against STs,0,0,0,0,0,0,0,0,0,0,0,0
,,357,3,Assam,POA - Against STs,0,0,0,0,0,0,0,0,0,1,1,0
,,357,4,Bihar,POA - Against STs,10,6,19,25,59,32,33,54,31,33,71,118
,,357,5,Chhattisgarh,POA - Against STs,6,101,221,201,93,161,143,1,2,0,1,0
,,357,6,Goa,POA - Against STs,0,0,0,0,1,0,0,0,0,0,1,0
,,357,7,Gujarat,POA - Against STs,90,97,69,59,73,53,44,66,77,34,23,65
,,357,8,Haryana,POA - Against STs,0,0,0,0,0,0,0,0,0,0,0,0
,,357,9,Himachal Pradesh,POA - Against STs,2,0,1,2,2,7,2,0,1,2,4,3
,,357,10,Jammu & Kashmir,POA - Against STs,0,0,0,0,0,0,0,0,0,0,0,0
,,357,11,Jharkhand,POA - Against STs,20,40,5,40,152,91,63,104,62,75,104,133
,,357,12,Karnataka,POA - Against STs,204,134,108,118,85,117,110,172,147,168,162,164
,,357,13,Kerala,POA - Against STs,14,35,10,11,8,2,4,2,6,13,22,10
,,357,14,Madhya Pradesh,POA - Against STs,243,310,252,212,252,218,206,0,0,4,1,0
,,357,15,Maharashtra,POA - Against STs,41,53,50,40,52,58,54,47,37,55,61,53
,,357,16,Manipur,POA - Against STs,0,0,0,0,0,0,0,0,0,0,0,0
,,357,17,Meghalaya,POA - Against STs,0,0,0,0,0,0,0,0,0,0,0,0
,,357,18,Mizoram,POA - Against STs,0,0,0,0,0,0,0,0,0,0,0,0
,,357,19,Nagaland,POA - Against STs,0,0,0,0,0,0,0,0,0,0,0,0
,,357,20,Odisha,POA - Against STs,153,189,168,159,204,162,111,141,80,355,406,579
,,357,21,Punjab,POA - Against STs,0,0,0,0,0,0,0,0,0,0,0,0
,,357,22,Rajasthan,POA - Against STs,665,667,279,147,91,26,25,17,21,26,20,31
,,357,23,Sikkim,POA - Against STs,0,0,0,0,0,0,0,0,0,0,0,0
,,357,24,Tamil Nadu,POA - Against STs,2,3,6,7,10,1,0,1,17,25,4,5
,,357,25,Tripura,POA - Against STs,0,0,0,0,1,0,0,1,0,0,1,0
,,357,26,Uttar Pradesh,POA - Against STs,75,23,0,0,0,5,4,9,2,0,18,12
,,357,27,Uttarakhand,POA - Against STs,9,2,1,3,0,0,0,0,0,0,0,3
,,357,28,West Bengal,POA - Against STs,1,6,1,4,3,1,2,5,8,21,19,5
,,357,29,A&N Islands,POA - Against STs,0,0,0,0,0,0,0,2,1,0,2,2
,,357,30,Chandigarh,POA - Against STs,0,0,0,0,0,0,0,0,0,0,0,0
,,357,31,D&N Haveli,POA - Against STs,3,0,0,0,0,0,0,2,4,0,0,1
,,357,32,Daman & Diu,POA - Against STs,0,0,0,0,0,0,0,0,0,0,0,0
,,357,33,Delhi UT,POA - Against STs,0,0,0,0,1,0,0,0,0,0,0,0
,,357,34,Lakshadweep,POA - Against STs,0,0,0,0,0,0,0,0,0,0,0,0
,,357,35,Puducherry,POA - Against STs,0,0,0,0,0,0,0,0,0,0,0,0
,,358,1,Andhra Pradesh,"Forest Act, 1927",33,29,41,28,43,40,42,29,13,26,114,223
,,358,2,Arunachal Pradesh,"Forest Act, 1927",0,0,0,0,0,0,0,0,0,0,0,0
,,358,3,Assam,"Forest Act, 1927",14,14,11,26,21,4,29,23,10,24,2,20
,,358,4,Bihar,"Forest Act, 1927",56,83,131,159,109,35,45,129,39,36,24,44
,,358,5,Chhattisgarh,"Forest Act, 1927",16,13,7,2,5,8,6,4,5,13,7,7
,,358,6,Goa,"Forest Act, 1927",0,2,3,0,0,2,1,0,0,0,0,0
,,358,7,Gujarat,"Forest Act, 1927",1,1,2,0,0,2,0,4,2,3,12,4
,,358,8,Haryana,"Forest Act, 1927",0,0,0,0,3,2,2,2,0,0,2,3
,,358,9,Himachal Pradesh,"Forest Act, 1927",279,236,209,177,197,234,205,242,236,161,1510,168
,,358,10,Jammu & Kashmir,"Forest Act, 1927",6,8,11,11,4,5,27,2,20,13,10,14
,,358,11,Jharkhand,"Forest Act, 1927",38,47,38,47,42,86,84,200,88,127,115,235
,,358,12,Karnataka,"Forest Act, 1927",382,275,211,164,198,138,140,148,135,96,91,100
,,358,13,Kerala,"Forest Act, 1927",74,80,42,66,56,17,2,0,0,1,11,8
,,358,14,Madhya Pradesh,"Forest Act, 1927",122,97,71,34,53,44,45,30,45,32,29,19
,,358,15,Maharashtra,"Forest Act, 1927",43,48,57,67,65,56,47,41,40,37,16,30
,,358,16,Manipur,"Forest Act, 1927",0,0,0,0,0,0,0,0,0,0,0,1
,,358,17,Meghalaya,"Forest Act, 1927",0,0,0,0,0,0,0,1,0,1,0,0
,,358,18,Mizoram,"Forest Act, 1927",0,0,0,0,0,0,0,0,0,0,0,0
,,358,19,Nagaland,"Forest Act, 1927",0,0,0,1,0,0,0,0,0,0,0,0
,,358,20,Odisha,"Forest Act, 1927",2,1,0,0,20,5,0,2,0,1,2,1
,,358,21,Punjab,"Forest Act, 1927",0,0,0,1,0,2,5,5,0,12,2,1
,,358,22,Rajasthan,"Forest Act, 1927",1733,1691,1203,1358,1508,1997,2470,2362,2416,3340,3497,3682
,,358,23,Sikkim,"Forest Act, 1927",0,0,0,0,0,0,0,0,0,0,0,0
,,358,24,Tamil Nadu,"Forest Act, 1927",0,3,3,3,1,0,4,8,3,2,12,26
,,358,25,Tripura,"Forest Act, 1927",0,0,0,0,0,0,0,0,0,0,0,0
,,358,26,Uttar Pradesh,"Forest Act, 1927",2553,1964,1547,1604,1768,1602,1455,1765,1659,2021,1942,1795
,,358,27,Uttarakhand,"Forest Act, 1927",196,117,119,69,66,68,72,71,85,53,44,68
,,358,28,West Bengal,"Forest Act, 1927",0,0,0,0,1,0,1,14,5,5,4,18
,,358,29,A&N Islands,"Forest Act, 1927",0,0,1,1,0,0,0,0,0,0,1,0
,,358,30,Chandigarh,"Forest Act, 1927",0,0,0,0,0,0,0,0,0,0,0,0
,,358,31,D&N Haveli,"Forest Act, 1927",0,0,0,0,0,0,0,0,0,0,0,0
,,358,32,Daman & Diu,"Forest Act, 1927",0,0,0,0,0,0,0,0,0,0,0,0
,,358,33,Delhi UT,"Forest Act, 1927",0,0,0,0,8,0,0,0,1,0,1,0
,,358,34,Lakshadweep,"Forest Act, 1927",0,0,0,0,0,0,0,0,0,0,0,0
,,358,35,Puducherry,"Forest Act, 1927",0,1,0,0,0,0,0,0,0,0,0,0
,,360,1,Andhra Pradesh,Other SLL Crimes,480931,451210,423595,408597,462122,550722,639408,193821,398472,562192,198120,9392
,,360,2,Arunachal Pradesh,Other SLL Crimes,26,22,18,52,20,30,17,28,78,44,22,27
,,360,3,Assam,Other SLL Crimes,1192,1380,783,2130,1137,2434,2791,1240,838,732,693,931
,,360,4,Bihar,Other SLL Crimes,1315,2034,1893,1361,1092,1253,1298,1282,1133,1041,2019,1723
,,360,5,Chhattisgarh,Other SLL Crimes,103241,115341,166480,116559,211651,117215,176435,222583,182451,217404,253726,240917
,,360,6,Goa,Other SLL Crimes,596,677,1690,3200,2491,2564,2207,1715,1895,2133,2098,1635
,,360,7,Gujarat,Other SLL Crimes,37945,34680,34750,32750,37219,24183,26073,26983,27298,24495,23057,23276
,,360,8,Haryana,Other SLL Crimes,2864,2424,1775,1788,1890,1527,2026,2045,2084,4423,5502,5195
,,360,9,Himachal Pradesh,Other SLL Crimes,123,137,110,135,138,275,336,330,267,199,212,224
,,360,10,Jammu & Kashmir,Other SLL Crimes,251,380,165,191,184,226,281,187,244,282,208,287
,,360,11,Jharkhand,Other SLL Crimes,271,341,567,335,1056,578,628,963,1138,1371,1470,1293
,,360,12,Karnataka,Other SLL Crimes,4214,4132,2889,3243,2536,2973,3070,3932,3442,2794,3283,3636
,,360,13,Kerala,Other SLL Crimes,20228,23622,30516,40344,45683,45124,77985,127028,140638,181234,197445,292910
,,360,14,Madhya Pradesh,Other SLL Crimes,85060,130383,83466,127148,151119,112173,134561,120025,68217,66953,49527,26586
,,360,15,Maharashtra,Other SLL Crimes,23076,19500,20826,20748,23759,23017,21428,31517,46126,42357,38981,37975
,,360,16,Manipur,Other SLL Crimes,990,601,464,351,431,420,687,1001,853,887,1092,1324
,,360,17,Meghalaya,Other SLL Crimes,30,12,206,19,9,10,5,19,33,17,26,57
,,360,18,Mizoram,Other SLL Crimes,649,780,721,520,718,562,472,392,405,490,613,416
,,360,19,Nagaland,Other SLL Crimes,196,166,93,141,117,65,64,117,48,76,66,89
,,360,20,Odisha,Other SLL Crimes,540,232,162,102,85,135,870,107,636,627,512,616
,,360,21,Punjab,Other SLL Crimes,867,782,567,518,613,567,881,510,693,700,645,1836
,,360,22,Rajasthan,Other SLL Crimes,4328,5071,4723,4382,4254,7370,8232,9856,10553,13218,20878,31725
,,360,23,Sikkim,Other SLL Crimes,35,7,21,11,141,7,16,48,78,157,160,98
,,360,24,Tamil Nadu,Other SLL Crimes,226899,302017,322954,459944,394539,333895,351550,355325,407907,405165,415690,442173
,,360,25,Tripura,Other SLL Crimes,1,3,6,2,4,6,2,27,6,7,0,15
,,360,26,Uttar Pradesh,Other SLL Crimes,385571,480268,622313,752262,914652,1083404,1328161,1755807,2179607,1960751,1791597,1545748
,,360,27,Uttarakhand,Other SLL Crimes,34465,38971,41973,60486,121645,114413,134621,144835,181134,156111,75234,123084
,,360,28,West Bengal,Other SLL Crimes,1183213,1148275,1051337,1272639,4179,2106,1743,2629,2816,3179,3966,4391
,,360,29,A&N Islands,Other SLL Crimes,470,336,394,425,537,701,699,891,1165,831,741,9
,,360,30,Chandigarh,Other SLL Crimes,203,151,58,86,47,82,126,31,45,67,59,124
,,360,31,D&N Haveli,Other SLL Crimes,17,3,7,1,0,0,1,0,0,35,1,0
,,360,32,Daman & Diu,Other SLL Crimes,1,3,0,1,0,0,0,0,0,1,0,0
,,360,33,Delhi UT,Other SLL Crimes,1180,2566,1983,1517,379,2735,1436,2028,1006,904,876,1680
,,360,34,Lakshadweep,Other SLL Crimes,0,1,0,2,1,2,8,7,5,1,0,2
,,360,35,Puducherry,Other SLL Crimes,993,848,1083,1156,993,814,829,867,870,776,997,838
,,370,1,Andhra Pradesh,Total SLL Crimes,525527,506354,463272,452858,509090,602146,711946,246829,470125,628558,262024,55235
,,370,2,Arunachal Pradesh,Total SLL Crimes,56,52,50,101,73,69,56,70,132,113,69,84
,,370,3,Assam,Total SLL Crimes,2360,2373,1633,2987,2067,3323,3831,2307,1973,1825,1608,1974
,,370,4,Bihar,Total SLL Crimes,8078,8674,7940,9213,9814,9159,9479,9876,10594,10119,11737,13657
,,370,5,Chhattisgarh,Total SLL Crimes,127812,135699,193067,143472,235802,142073,200889,246835,206949,242326,273283,264017
,,370,6,Goa,Total SLL Crimes,1951,1992,3104,4770,3995,3958,3253,2413,2577,2868,2833,2329
,,370,7,Gujarat,Total SLL Crimes,161063,157027,160749,167644,174336,171085,194751,200315,213339,218751,221212,232528
,,370,8,Haryana,Total SLL Crimes,25027,27915,27825,25167,22600,22221,19526,23155,23143,21775,22235,29733
,,370,9,Himachal Pradesh,Total SLL Crimes,4016,4165,4420,4703,4491,5003,3665,4067,4103,3760,4563,3380
,,370,10,Jammu & Kashmir,Total SLL Crimes,2997,2874,3002,2638,2735,2816,2382,1945,2033,2049,2086,1950
,,370,11,Jharkhand,Total SLL Crimes,1742,1735,2024,1729,3419,2536,2697,3170,3635,3932,3665,4490
,,370,12,Karnataka,Total SLL Crimes,19319,17983,15576,15378,17097,15729,16046,19651,17225,16174,17233,17795
,,370,13,Kerala,Total SLL Crimes,31598,34954,41055,52110,57821,54176,88726,141788,166374,225458,246633,352289
,,370,14,Madhya Pradesh,Total SLL Crimes,151386,204479,162825,201118,227901,183669,196849,184452,127778,129574,118319,104510
,,370,15,Maharashtra,Total SLL Crimes,202160,192768,174606,169317,142293,129397,120310,120138,135418,127940,130222,130980
,,370,16,Manipur,Total SLL Crimes,1179,829,615,452,538,483,753,1086,917,979,1218,1497
,,370,17,Meghalaya,Total SLL Crimes,149,98,376,125,136,85,123,157,167,135,132,204
,,370,18,Mizoram,Total SLL Crimes,1133,1196,1008,776,1214,977,824,692,742,832,908,696
,,370,19,Nagaland,Total SLL Crimes,499,528,342,482,414,308,305,398,339,408,342,325
,,370,20,Odisha,Total SLL Crimes,11191,11130,11642,13775,13344,12760,12162,11163,12731,12049,12353,16003
,,370,21,Punjab,Total SLL Crimes,22883,26111,25739,24294,26592,20730,22612,20044,17911,18338,16406,23677
,,370,22,Rajasthan,Total SLL Crimes,31911,34451,33850,31302,31072,35942,37631,40359,43780,49810,58982,71604
,,370,23,Sikkim,Total SLL Crimes,51,126,175,156,369,143,190,81,86,164,171,210
,,370,24,Tamil Nadu,Total SLL Crimes,510950,571008,576863,636211,533721,449207,474963,491797,543266,515788,526208,549064
,,370,25,Tripura,Total SLL Crimes,69,71,78,110,213,206,175,245,208,178,148,207
,,370,26,Uttar Pradesh,Total SLL Crimes,478237,574630,730661,857586,1010654,1189216,1444342,1901712,2343444,2113620,1890833,1626067
,,370,27,Uttarakhand,Total SLL Crimes,39548,43754,47383,65390,126953,120325,140428,149626,186738,160196,78296,126538
,,370,28,West Bengal,Total SLL Crimes,1193034,1158861,1058493,1278298,9235,7588,6453,6956,7092,7434,11635,12334
,,370,29,A&N Islands,Total SLL Crimes,3578,4316,6003,7028,7114,6526,5304,4900,5177,4430,3772,2186
,,370,30,Chandigarh,Total SLL Crimes,778,740,1125,1030,803,917,853,605,556,517,687,1467
,,370,31,D&N Haveli,Total SLL Crimes,42,16,20,25,25,9,15,16,18,42,19,21
,,370,32,Daman & Diu,Total SLL Crimes,14,9,2,10,5,3,13,12,10,10,11,13
,,370,33,Delhi UT,Total SLL Crimes,13749,18272,21910,25136,26573,30372,20994,6754,4053,4667,5896,6080
,,370,34,Lakshadweep,Total SLL Crimes,10,4,1,5,7,13,10,7,7,17,11,30
,,370,35,Puducherry,Total SLL Crimes,1133,1004,1260,1370,1219,997,1178,1104,1232,1081,1404,1197
