section,sl_no,Crime Head,PART III: A. STATUS OF PERSONS ARRESTED DURING THE YEAR | Persons to whom Notice Issued during the year (but not Arrested) (Sec.41 CrPC / Section 35 BNSS) | Male,PART III: A. STATUS OF PERSONS ARRESTED DURING THE YEAR | Persons to whom Notice Issued during the year (but not Arrested) (Sec.41 CrPC / Section 35 BNSS) | Female,PART III: A. STATUS OF PERSONS ARRESTED DURING THE YEAR | Persons to whom Notice Issued during the year (but not Arrested) (Sec.41 CrPC / Section 35 BNSS) | Transgender,PART III: A. STATUS OF PERSONS ARRESTED DURING THE YEAR | Persons to whom Notice Issued during the year (but not Arrested) (Sec.41 CrPC / Section 35 BNSS) | Total,PART III: A. STATUS OF PERSONS ARRESTED DURING THE YEAR | Persons Arrested | Persons Arrested out of Cases Registered from Previous Years | Male,PART III: A. STATUS OF PERSONS ARRESTED DURING THE YEAR | Persons Arrested | Persons Arrested out of Cases Registered from Previous Years | Female,PART III: A. STATUS OF PERSONS ARRESTED DURING THE YEAR | Persons Arrested | Persons Arrested out of Cases Registered from Previous Years | Transgender,PART III: A. STATUS OF PERSONS ARRESTED DURING THE YEAR | Persons Arrested | Persons Arrested out of Cases Registered from Previous Years | Total,PART III: A. STATUS OF PERSONS ARRESTED DURING THE YEAR | Persons Arrested | Persons Arrested in Cases Registered during the year | Male,PART III: A. STATUS OF PERSONS ARRESTED DURING THE YEAR | Persons Arrested | Persons Arrested in Cases Registered during the year | Female,PART III: A. STATUS OF PERSONS ARRESTED DURING THE YEAR | Persons Arrested | Persons Arrested in Cases Registered during the year | Transgender,PART III: A. STATUS OF PERSONS ARRESTED DURING THE YEAR | Persons Arrested | Persons Arrested in Cases Registered during the year | Total,PART III: A. STATUS OF PERSONS ARRESTED DURING THE YEAR | Persons Arrested | Total Persons Arrested during the year | Male,PART III: A. STATUS OF PERSONS ARRESTED DURING THE YEAR | Persons Arrested | Total Persons Arrested during the year | Female,PART III: A. STATUS OF PERSONS ARRESTED DURING THE YEAR | Persons Arrested | Total Persons Arrested during the year | Transgender,PART III: A. STATUS OF PERSONS ARRESTED DURING THE YEAR | Persons Arrested | Total Persons Arrested during the year | Total,PART III: A. STATUS OF PERSONS ARRESTED DURING THE YEAR | Accused Died at Investigation Stage | Male,PART III: A. STATUS OF PERSONS ARRESTED DURING THE YEAR | Accused Died at Investigation Stage | Female,PART III: A. STATUS OF PERSONS ARRESTED DURING THE YEAR | Accused Died at Investigation Stage | Transgender,PART III: A. STATUS OF PERSONS ARRESTED DURING THE YEAR | Accused Died at Investigation Stage | Total,PART III: A. STATUS OF PERSONS ARRESTED DURING THE YEAR | Persons Transferred to Other State/Agency | Male,PART III: A. STATUS OF PERSONS ARRESTED DURING THE YEAR | Persons Transferred to Other State/Agency | Female,PART III: A. STATUS OF PERSONS ARRESTED DURING THE YEAR | Persons Transferred to Other State/Agency | Transgender,PART III: A. STATUS OF PERSONS ARRESTED DURING THE YEAR | Persons Transferred to Other State/Agency | Total,PART III: A. STATUS OF PERSONS ARRESTED DURING THE YEAR | Arrested Persons Granted Bail during the year | By Police (including Persons released before trial u/s 169 Cr.PC/ Sec. 189 BNSS) | Male,PART III: A. STATUS OF PERSONS ARRESTED DURING THE YEAR | Arrested Persons Granted Bail during the year | By Police (including Persons released before trial u/s 169 Cr.PC/ Sec. 189 BNSS) | Female,PART III: A. STATUS OF PERSONS ARRESTED DURING THE YEAR | Arrested Persons Granted Bail during the year | By Police (including Persons released before trial u/s 169 Cr.PC/ Sec. 189 BNSS) | Transgender,PART III: A. STATUS OF PERSONS ARRESTED DURING THE YEAR | Arrested Persons Granted Bail during the year | By Police (including Persons released before trial u/s 169 Cr.PC/ Sec. 189 BNSS) | Total,PART III: A. STATUS OF PERSONS ARRESTED DURING THE YEAR | Arrested Persons Granted Bail during the year | By Court | Male,PART III: A. STATUS OF PERSONS ARRESTED DURING THE YEAR | Arrested Persons Granted Bail during the year | By Court | Female,PART III: A. STATUS OF PERSONS ARRESTED DURING THE YEAR | Arrested Persons Granted Bail during the year | By Court | Transgender,PART III: A. STATUS OF PERSONS ARRESTED DURING THE YEAR | Arrested Persons Granted Bail during the year | By Court | Total,PART III: A. STATUS OF PERSONS ARRESTED DURING THE YEAR | Arrested Persons Granted Bail during the year | Total | Male,PART III: A. STATUS OF PERSONS ARRESTED DURING THE YEAR | Arrested Persons Granted Bail during the year | Total | Female,PART III: A. STATUS OF PERSONS ARRESTED DURING THE YEAR | Arrested Persons Granted Bail during the year | Total | Transgender,PART III: A. STATUS OF PERSONS ARRESTED DURING THE YEAR | Arrested Persons Granted Bail during the year | Total | Total,PART III: A. STATUS OF PERSONS ARRESTED DURING THE YEAR | Arrested Persons in Judicial Custody at end of year | Male,PART III: A. STATUS OF PERSONS ARRESTED DURING THE YEAR | Arrested Persons in Judicial Custody at end of year | Female,PART III: A. STATUS OF PERSONS ARRESTED DURING THE YEAR | Arrested Persons in Judicial Custody at end of year | Transgender,PART III: A. STATUS OF PERSONS ARRESTED DURING THE YEAR | Arrested Persons in Judicial Custody at end of year | Total,PART III: A. STATUS OF PERSONS ARRESTED DURING THE YEAR | Persons against whose Cases Final Reports have been submitted | Male,PART III: A. STATUS OF PERSONS ARRESTED DURING THE YEAR | Persons against whose Cases Final Reports have been submitted | Female,PART III: A. STATUS OF PERSONS ARRESTED DURING THE YEAR | Persons against whose Cases Final Reports have been submitted | Transgender,PART III: A. STATUS OF PERSONS ARRESTED DURING THE YEAR | Persons against whose Cases Final Reports have been submitted | Total,PART III: A. STATUS OF PERSONS ARRESTED DURING THE YEAR | No. of Persons Chargesheeted during the year | Persons Arrested and Chargesheeted | Male,PART III: A. STATUS OF PERSONS ARRESTED DURING THE YEAR | No. of Persons Chargesheeted during the year | Persons Arrested and Chargesheeted | Female,PART III: A. STATUS OF PERSONS ARRESTED DURING THE YEAR | No. of Persons Chargesheeted during the year | Persons Arrested and Chargesheeted | Transgender,PART III: A. STATUS OF PERSONS ARRESTED DURING THE YEAR | No. of Persons Chargesheeted during the year | Persons Arrested and Chargesheeted | Total,PART III: A. STATUS OF PERSONS ARRESTED DURING THE YEAR | No. of Persons Chargesheeted during the year | Persons Not Arrested but Chargesheeted | Male,PART III: A. STATUS OF PERSONS ARRESTED DURING THE YEAR | No. of Persons Chargesheeted during the year | Persons Not Arrested but Chargesheeted | Female,PART III: A. STATUS OF PERSONS ARRESTED DURING THE YEAR | No. of Persons Chargesheeted during the year | Persons Not Arrested but Chargesheeted | Transgender,PART III: A. STATUS OF PERSONS ARRESTED DURING THE YEAR | No. of Persons Chargesheeted during the year | Persons Not Arrested but Chargesheeted | Total,PART III: A. STATUS OF PERSONS ARRESTED DURING THE YEAR | No. of Persons Chargesheeted during the year | Total Chargesheeted | Male,PART III: A. STATUS OF PERSONS ARRESTED DURING THE YEAR | No. of Persons Chargesheeted during the year | Total Chargesheeted | Female,PART III: A. STATUS OF PERSONS ARRESTED DURING THE YEAR | No. of Persons Chargesheeted during the year | Total Chargesheeted | Transgender,PART III: A. STATUS OF PERSONS ARRESTED DURING THE YEAR | No. of Persons Chargesheeted during the year | Total Chargesheeted | Total,PART III: B. TRIAL OF PERSONS (including Pending Trial from previous years) | Persons whose Cases Pending Trial from Previous Years | Male,PART III: B. TRIAL OF PERSONS (including Pending Trial from previous years) | Persons whose Cases Pending Trial from Previous Years | Female,PART III: B. TRIAL OF PERSONS (including Pending Trial from previous years) | Persons whose Cases Pending Trial from Previous Years | Transgender,PART III: B. TRIAL OF PERSONS (including Pending Trial from previous years) | Persons whose Cases Pending Trial from Previous Years | Total,PART III: B. TRIAL OF PERSONS (including Pending Trial from previous years) | Total Persons under Trial (Persons pending trial from Prev. year + Persons Chargesheeted during the year) | Male,PART III: B. TRIAL OF PERSONS (including Pending Trial from previous years) | Total Persons under Trial (Persons pending trial from Prev. year + Persons Chargesheeted during the year) | Female,PART III: B. TRIAL OF PERSONS (including Pending Trial from previous years) | Total Persons under Trial (Persons pending trial from Prev. year + Persons Chargesheeted during the year) | Transgender,PART III: B. TRIAL OF PERSONS (including Pending Trial from previous years) | Total Persons under Trial (Persons pending trial from Prev. year + Persons Chargesheeted during the year) | Total,PART III: B. TRIAL OF PERSONS (including Pending Trial from previous years) | Persons whose cases disposed off Without Trial | Persons against whom cases were Abated | Male,PART III: B. TRIAL OF PERSONS (including Pending Trial from previous years) | Persons whose cases disposed off Without Trial | Persons against whom cases were Abated | Female,PART III: B. TRIAL OF PERSONS (including Pending Trial from previous years) | Persons whose cases disposed off Without Trial | Persons against whom cases were Abated | Transgender,PART III: B. TRIAL OF PERSONS (including Pending Trial from previous years) | Persons whose cases disposed off Without Trial | Persons against whom cases were Abated | Total,PART III: B. TRIAL OF PERSONS (including Pending Trial from previous years) | Persons whose cases disposed off Without Trial | Persons against whom cases were withdrawn | Male,PART III: B. TRIAL OF PERSONS (including Pending Trial from previous years) | Persons whose cases disposed off Without Trial | Persons against whom cases were withdrawn | Female,PART III: B. TRIAL OF PERSONS (including Pending Trial from previous years) | Persons whose cases disposed off Without Trial | Persons against whom cases were withdrawn | Transgender,PART III: B. TRIAL OF PERSONS (including Pending Trial from previous years) | Persons whose cases disposed off Without Trial | Persons against whom cases were withdrawn | Total,PART III: B. TRIAL OF PERSONS (including Pending Trial from previous years) | Persons whose cases disposed off Without Trial | Persons against whom cases were compounded/ Compromised by Courts | Male,PART III: B. TRIAL OF PERSONS (including Pending Trial from previous years) | Persons whose cases disposed off Without Trial | Persons against whom cases were compounded/ Compromised by Courts | Female,PART III: B. TRIAL OF PERSONS (including Pending Trial from previous years) | Persons whose cases disposed off Without Trial | Persons against whom cases were compounded/ Compromised by Courts | Transgender,PART III: B. TRIAL OF PERSONS (including Pending Trial from previous years) | Persons whose cases disposed off Without Trial | Persons against whom cases were compounded/ Compromised by Courts | Total,PART III: B. TRIAL OF PERSONS (including Pending Trial from previous years) | Persons whose cases disposed off Without Trial | Persons whose cases disposed of under Plea Bargaining | Male,PART III: B. TRIAL OF PERSONS (including Pending Trial from previous years) | Persons whose cases disposed off Without Trial | Persons whose cases disposed of under Plea Bargaining | Female,PART III: B. TRIAL OF PERSONS (including Pending Trial from previous years) | Persons whose cases disposed off Without Trial | Persons whose cases disposed of under Plea Bargaining | Transgender,PART III: B. TRIAL OF PERSONS (including Pending Trial from previous years) | Persons whose cases disposed off Without Trial | Persons whose cases disposed of under Plea Bargaining | Total,PART III: B. TRIAL OF PERSONS (including Pending Trial from previous years) | Persons whose cases disposed off Without Trial | Persons whose cases were quashed by Higher Courts | Male,PART III: B. TRIAL OF PERSONS (including Pending Trial from previous years) | Persons whose cases disposed off Without Trial | Persons whose cases were quashed by Higher Courts | Female,PART III: B. TRIAL OF PERSONS (including Pending Trial from previous years) | Persons whose cases disposed off Without Trial | Persons whose cases were quashed by Higher Courts | Transgender,PART III: B. TRIAL OF PERSONS (including Pending Trial from previous years) | Persons whose cases disposed off Without Trial | Persons whose cases were quashed by Higher Courts | Total,PART III: B. TRIAL OF PERSONS (including Pending Trial from previous years) | Persons whose cases disposed off Without Trial | Total Persons disposed off without Trial | Male,PART III: B. TRIAL OF PERSONS (including Pending Trial from previous years) | Persons whose cases disposed off Without Trial | Total Persons disposed off without Trial | Female,PART III: B. TRIAL OF PERSONS (including Pending Trial from previous years) | Persons whose cases disposed off Without Trial | Total Persons disposed off without Trial | Transgender,PART III: B. TRIAL OF PERSONS (including Pending Trial from previous years) | Persons whose cases disposed off Without Trial | Total Persons disposed off without Trial | Total,PART III: B. TRIAL OF PERSONS (including Pending Trial from previous years) | Persons whose cases Stayed by Courts/ LPC/ Sent to Record Room | Male,PART III: B. TRIAL OF PERSONS (including Pending Trial from previous years) | Persons whose cases Stayed by Courts/ LPC/ Sent to Record Room | Female,PART III: B. TRIAL OF PERSONS (including Pending Trial from previous years) | Persons whose cases Stayed by Courts/ LPC/ Sent to Record Room | Transgender,PART III: B. TRIAL OF PERSONS (including Pending Trial from previous years) | Persons whose cases Stayed by Courts/ LPC/ Sent to Record Room | Total,PART III: B. TRIAL OF PERSONS (including Pending Trial from previous years) | Persons whose cases were Tried by Courts | Persons Convicted | Male,PART III: B. TRIAL OF PERSONS (including Pending Trial from previous years) | Persons whose cases were Tried by Courts | Persons Convicted | Female,PART III: B. TRIAL OF PERSONS (including Pending Trial from previous years) | Persons whose cases were Tried by Courts | Persons Convicted | Transgender,PART III: B. TRIAL OF PERSONS (including Pending Trial from previous years) | Persons whose cases were Tried by Courts | Persons Convicted | Total,PART III: B. TRIAL OF PERSONS (including Pending Trial from previous years) | Persons whose cases were Tried by Courts | Persons Discharged | Male,PART III: B. TRIAL OF PERSONS (including Pending Trial from previous years) | Persons whose cases were Tried by Courts | Persons Discharged | Female,PART III: B. TRIAL OF PERSONS (including Pending Trial from previous years) | Persons whose cases were Tried by Courts | Persons Discharged | Transgender,PART III: B. TRIAL OF PERSONS (including Pending Trial from previous years) | Persons whose cases were Tried by Courts | Persons Discharged | Total,PART III: B. TRIAL OF PERSONS (including Pending Trial from previous years) | Persons whose cases were Tried by Courts | Persons Acquitted | Male,PART III: B. TRIAL OF PERSONS (including Pending Trial from previous years) | Persons whose cases were Tried by Courts | Persons Acquitted | Female,PART III: B. TRIAL OF PERSONS (including Pending Trial from previous years) | Persons whose cases were Tried by Courts | Persons Acquitted | Transgender,PART III: B. TRIAL OF PERSONS (including Pending Trial from previous years) | Persons whose cases were Tried by Courts | Persons Acquitted | Total,PART III: B. TRIAL OF PERSONS (including Pending Trial from previous years) | Persons whose cases were Tried by Courts | Persons in whose cases Trials were completed | Male,PART III: B. TRIAL OF PERSONS (including Pending Trial from previous years) | Persons whose cases were Tried by Courts | Persons in whose cases Trials were completed | Female,PART III: B. TRIAL OF PERSONS (including Pending Trial from previous years) | Persons whose cases were Tried by Courts | Persons in whose cases Trials were completed | Transgender,PART III: B. TRIAL OF PERSONS (including Pending Trial from previous years) | Persons whose cases were Tried by Courts | Persons in whose cases Trials were completed | Total,PART III: B. TRIAL OF PERSONS (including Pending Trial from previous years) | Persons whose Cases Pending Trial at End of the Year | Male,PART III: B. TRIAL OF PERSONS (including Pending Trial from previous years) | Persons whose Cases Pending Trial at End of the Year | Female,PART III: B. TRIAL OF PERSONS (including Pending Trial from previous years) | Persons whose Cases Pending Trial at End of the Year | Transgender,PART III: B. TRIAL OF PERSONS (including Pending Trial from previous years) | Persons whose Cases Pending Trial at End of the Year | Total
,1,Rape,4502,139,0,4641,5258,68,0,5326,26743,692,0,27435,32001,760,0,32761,6,0,0,6,45,0,0,45,46,3,0,49,9607,390,0,9997,9653,393,0,10046,22297,367,0,22664,2495,122,0,2617,30054,635,0,30689,1312,76,0,1388,31366,711,0,32077,246634,5065,0,251699,278000,5776,0,283776,115,0,0,115,3,0,0,3,99,4,0,103,8,0,0,8,252,16,0,268,477,20,0,497,75,0,0,75,6061,37,0,6098,1733,30,0,1763,16842,342,0,17184,24636,409,0,25045,252887,5347,0,258234
,2,Attempt to Commit Rape,489,6,0,495,269,3,0,272,1653,23,0,1676,1922,26,0,1948,0,0,0,0,1,0,0,1,8,0,0,8,610,10,0,620,618,10,0,628,1303,16,0,1319,267,26,0,293,1970,14,1,1985,462,0,0,462,2432,14,1,2447,26222,269,0,26491,28654,283,1,28938,9,0,0,9,0,0,0,0,20,0,0,20,1,0,0,1,6,0,0,6,36,0,0,36,3,0,0,3,569,5,0,574,129,0,0,129,1121,6,0,1127,1819,11,0,1830,26799,272,1,27072
,3,Sexual Intercourse by employing deceitful means,179,25,0,204,8,3,0,11,1075,11,0,1086,1083,14,0,1097,0,0,0,0,1,0,0,1,0,0,0,0,275,11,0,286,275,11,0,286,807,3,0,810,85,2,0,87,869,11,0,880,81,3,0,84,950,14,0,964,0,0,0,0,950,14,0,964,0,0,0,0,0,0,0,0,1,0,0,1,0,0,0,0,0,0,0,0,1,0,0,1,0,0,0,0,24,0,0,24,0,0,0,0,8,0,0,8,32,0,0,32,917,14,0,931
,4,Disclosure of Identity of Victim,3,0,0,3,0,0,0,0,8,0,0,8,8,0,0,8,0,0,0,0,0,0,0,0,0,0,0,0,0,0,0,0,0,0,0,0,8,0,0,8,1,0,0,1,8,0,0,8,0,0,0,0,8,0,0,8,0,0,0,0,8,0,0,8,0,0,0,0,0,0,0,0,0,0,0,0,0,0,0,0,0,0,0,0,0,0,0,0,0,0,0,0,0,0,0,0,0,0,0,0,0,0,0,0,0,0,0,0,8,0,0,8
,5,Assault on Women with Intent to Outrage her Modesty,35135,5703,0,40838,5404,258,2,5664,31540,2761,0,34301,36944,3019,2,39965,4,0,0,4,8,0,0,8,2232,436,0,2781,18267,1716,0,19983,20499,2152,0,22651,16433,867,2,17302,3862,266,0,4128,37551,3351,0,40902,23285,3952,0,27237,60836,7303,0,68139,428559,21980,0,450539,489395,29283,0,518678,204,2,0,206,54,2,0,56,4432,530,0,4962,274,16,0,290,377,39,0,416,5341,589,0,5930,39,0,0,39,5606,112,0,5718,1754,28,0,1782,22710,1275,0,23985,30070,1415,0,31485,453984,27279,0,481263
,6,Sexual Harassment,9000,582,0,9582,1705,26,0,1731,10884,306,0,11190,12589,332,0,12921,2,0,0,2,1,0,0,1,536,36,0,572,4731,182,0,4913,5267,218,0,5485,7319,114,0,7433,1039,27,0,1066,12251,366,0,12617,6153,375,0,6528,18404,741,0,19145,162129,4098,9,166236,180533,4839,9,185381,56,1,0,57,7,0,0,7,913,84,0,997,60,0,0,60,100,5,0,105,1136,90,0,1226,13,0,0,13,4619,11,0,4630,710,2,0,712,5253,182,0,5435,10582,195,0,10777,168815,4554,9,173378
,,6A at Office Premises,226,7,0,233,56,1,0,57,226,6,0,232,282,7,0,289,0,0,0,0,0,0,0,0,28,1,0,29,131,2,0,133,159,3,0,162,123,4,0,127,14,0,0,14,266,6,0,272,134,6,0,140,400,12,0,412,4156,118,0,4274,4556,130,0,4686,8,0,0,8,2,0,0,2,20,0,0,20,2,0,0,2,11,0,0,11,43,0,0,43,0,0,0,0,38,0,0,38,5,0,0,5,147,2,0,149,190,2,0,192,4323,128,0,4451
,,6B at Work Premises (Shops/Malls/Factories/Home etc),173,8,0,181,18,0,0,18,486,9,0,495,504,9,0,513,0,0,0,0,0,0,0,0,4,0,0,4,350,4,0,354,354,4,0,358,150,5,0,155,46,0,0,46,474,7,0,481,77,2,0,79,551,9,0,560,0,0,0,0,551,9,0,560,0,0,0,0,0,0,0,0,2,0,0,2,0,0,0,0,1,0,0,1,3,0,0,3,0,0,0,0,182,0,0,182,0,0,0,0,11,0,0,11,193,0,0,193,355,9,0,364
,,6C In Public Transport System,242,12,0,254,34,0,0,34,337,0,0,337,371,0,0,371,0,0,0,0,0,0,0,0,19,0,0,19,138,0,0,138,157,0,0,157,214,0,0,214,7,0,0,7,356,7,0,363,176,5,0,181,532,12,0,544,3992,31,0,4023,4524,43,0,4567,1,0,0,1,0,0,0,0,22,3,0,25,0,0,0,0,4,0,0,4,27,3,0,30,0,0,0,0,43,3,0,46,2,0,0,2,101,1,0,102,146,4,0,150,4351,36,0,4387
,,6D at Public Places/Pathway,832,76,0,908,0,0,0,0,966,28,0,994,966,28,0,994,1,0,0,1,1,0,0,1,18,3,0,21,452,18,0,470,470,21,0,491,494,7,0,501,53,0,0,53,754,15,0,769,615,62,0,677,1369,77,0,1446,0,0,0,0,1369,77,0,1446,0,0,0,0,0,0,0,0,5,0,0,5,0,0,0,0,0,0,0,0,5,0,0,5,0,0,0,0,49,0,0,49,0,0,0,0,9,0,0,9,58,0,0,58,1306,77,0,1383
,,6E In Shelter Homes for women and Children,240,24,0,264,33,6,0,39,123,12,0,135,156,18,0,174,0,0,0,0,0,0,0,0,1,0,0,1,125,18,0,143,126,18,0,144,30,0,0,30,7,0,0,7,227,32,0,259,66,2,0,68,293,34,0,327,3682,143,0,3825,3975,177,0,4152,1,0,0,1,0,0,0,0,46,3,0,49,0,0,0,0,0,0,0,0,47,3,0,50,0,0,0,0,18,1,0,19,3,0,0,3,92,14,0,106,113,15,0,128,3815,159,0,3974
,,6D Other Places,7287,455,0,7742,1564,19,0,1583,8746,251,0,8997,10310,270,0,10580,1,0,0,1,0,0,0,0,466,32,0,500,3535,140,0,3675,4001,172,0,4173,6308,98,0,6406,912,27,0,939,10174,299,0,10473,5085,298,0,5383,15259,597,0,15856,150299,3806,9,154114,165558,4403,9,169970,46,1,0,47,5,0,0,5,818,78,0,896,58,0,0,58,84,5,0,89,1011,84,0,1095,13,0,0,13,4289,7,0,4296,700,2,0,702,4893,165,0,5058,9882,174,0,10056,154665,4145,9,158819
,7,Assault or use of Criminal Force on women with intent to Disrobe,6339,1032,0,7371,816,64,0,880,6917,705,1,7623,7733,769,1,8503,0,0,0,0,12,0,0,12,505,98,0,610,3060,549,0,3609,3565,647,0,4212,4156,122,1,4279,655,131,0,786,7686,751,1,8438,4923,824,0,5747,12609,1575,1,14185,88871,5338,0,94209,101480,6913,1,108394,17,0,0,17,1,0,0,1,254,42,0,296,4,0,0,4,60,6,0,66,336,48,0,384,3,0,0,3,1044,12,0,1056,69,17,0,86,3110,259,0,3369,4223,288,0,4511,96921,6577,1,103499
,8,Voyeurism,874,39,0,913,218,6,0,224,1051,25,0,1076,1269,31,0,1300,1,0,0,1,0,0,0,0,47,4,0,52,514,18,0,532,561,22,0,583,707,9,0,716,51,1,0,52,1239,38,0,1277,508,16,0,524,1747,54,0,1801,9721,245,0,9966,11468,299,0,11767,4,0,0,4,0,0,0,0,123,17,0,140,1,0,0,1,3,0,0,3,131,17,0,148,0,0,0,0,134,1,0,135,14,0,0,14,334,7,0,341,482,8,0,490,10855,274,0,11129
,9,Stalking,6387,323,0,6710,1135,14,0,1149,5784,89,0,5873,6919,103,0,7022,2,0,0,2,4,0,0,4,307,12,0,313,3396,51,0,3447,3703,63,0,3766,3210,40,0,3250,292,6,0,298,7420,150,0,7570,3794,174,0,3968,11214,324,0,11538,58041,1274,0,59315,69255,1598,0,70853,59,0,0,59,4,0,0,4,1131,68,0,1199,36,0,0,36,78,1,0,79,1308,69,0,1377,4,0,0,4,964,5,0,969,97,2,0,99,2482,89,0,2571,3543,96,0,3639,64404,1433,0,65837
,10,Insult to the Modesty of Women,8099,1192,2,9293,1028,41,0,1069,4551,476,1,5028,5579,517,1,6097,0,0,0,0,2,0,0,2,502,70,0,572,2378,247,0,2625,2880,317,0,3197,2697,200,1,2898,205,33,0,238,6425,656,0,7081,3814,394,0,4208,10239,1050,0,11289,69033,2481,1,71515,79272,3531,1,82804,35,1,0,36,14,1,0,15,2178,186,0,2364,31,0,0,31,55,0,0,55,2313,188,0,2501,3,0,0,3,513,11,0,524,176,19,0,195,2942,103,0,3045,3631,133,0,3764,73328,3210,1,76539
,11,Dowry Deaths,1134,266,0,1400,1813,382,0,2195,8250,1817,0,10067,10063,2199,0,12262,0,0,0,0,0,0,0,0,10,7,0,17,1712,599,0,2311,1722,606,0,2328,8341,1593,0,9934,1428,328,0,1756,9210,2006,0,11216,952,167,9,1128,10162,2173,9,12344,118722,22768,0,141490,128884,24941,9,153834,9,1,0,10,2,1,0,3,15,0,0,15,3,1,0,4,7,2,0,9,36,5,0,41,6,3,0,9,3504,658,0,4162,230,39,0,269,3563,823,0,4386,7297,1520,0,8817,121551,23416,9,144976
,12,Cruelty by Husband or his Relatives,136097,51317,0,187414,13329,2675,0,16004,70941,15442,0,86383,84270,18117,0,102387,4,0,0,4,42,13,0,55,5629,2000,0,7629,21418,6250,0,27668,27047,8250,0,35297,57177,9854,0,67031,13623,3613,0,17236,97562,24191,5,121758,104869,32427,0,137296,202431,56618,5,259054,1381542,315820,0,1697362,1583973,372438,5,1956416,395,19,0,414,301,60,0,361,23579,6685,0,30264,905,210,0,1115,2862,953,0,3815,28042,7927,0,35969,242,28,0,270,23134,1661,0,24795,3617,537,0,4154,69525,18448,0,87973,96276,20646,0,116922,1459655,343865,5,1803525
,13,Kidnapping and Abduction of Women to compel her for marriage,3176,85,0,3261,4889,122,0,5011,14491,427,0,14918,19380,549,0,19929,0,0,0,0,1,0,0,1,21,0,0,21,4902,162,0,5064,4923,162,0,5085,14456,387,0,14843,5586,245,0,5831,16679,428,0,17107,1340,73,0,1413,18019,501,0,18520,202879,5557,0,208436,220898,6058,0,226956,10,1,0,11,8,0,0,8,509,0,0,509,12,0,0,12,19,1,0,20,558,2,0,560,5,1,0,6,3441,8,0,3449,557,0,0,557,5214,159,0,5373,9212,167,0,9379,211128,5889,0,217017
,14,Offences of Miscarriage,69,19,0,88,27,4,0,31,250,26,0,276,277,30,0,307,0,0,0,0,1,0,0,1,1,0,0,1,134,9,0,143,135,9,0,144,141,21,0,162,35,4,0,39,231,31,0,262,18,2,0,20,249,33,0,282,1407,250,0,1657,1656,283,0,1939,1,0,0,1,0,0,0,0,0,1,0,1,0,0,0,0,4,2,0,6,5,3,0,8,0,0,0,0,22,0,0,22,0,0,0,0,27,12,0,39,49,12,0,61,1602,268,0,1870
,15,Foeticide,45,21,0,66,4,0,0,4,57,22,0,79,61,22,0,83,0,0,0,0,0,0,0,0,0,0,0,0,18,8,0,26,18,8,0,26,43,14,0,57,2,2,0,4,55,22,0,77,3,3,0,6,58,25,0,83,301,85,0,386,359,110,0,469,0,0,0,0,0,0,0,0,1,0,0,1,0,0,0,0,0,0,0,0,1,0,0,1,0,0,0,0,0,0,0,0,2,0,0,2,5,0,0,5,7,0,0,7,351,110,0,461
,16,Infanticide,22,2,0,24,4,6,0,10,15,8,0,23,19,14,0,33,0,0,0,0,0,0,0,0,0,0,0,0,5,4,0,9,5,4,0,9,14,10,0,24,3,3,0,6,20,11,0,31,9,0,0,9,29,11,0,40,255,70,0,325,284,81,0,365,0,0,0,0,0,0,0,0,0,0,0,0,0,0,0,0,0,0,0,0,0,0,0,0,0,0,0,0,1,3,0,4,0,0,0,0,5,5,0,10,6,8,0,14,278,73,0,351
,17,Exposure and Abandonment,97,46,1,144,24,18,0,42,101,71,0,172,125,89,0,214,1,0,0,1,0,0,0,0,6,5,0,11,55,49,0,104,61,54,0,115,63,35,0,98,11,1,0,12,109,81,0,190,25,15,0,40,134,96,0,230,1156,659,0,1815,1290,755,0,2045,2,0,0,2,0,0,0,0,0,0,0,0,15,0,0,15,1,0,0,1,18,0,0,18,0,0,0,0,8,2,0,10,8,1,0,9,23,21,0,44,39,24,0,63,1233,731,0,1964
,18,"Hiring, employing or engaging a child to commit an offence",0,0,0,0,0,0,0,0,0,0,0,0,0,0,0,0,0,0,0,0,0,0,0,0,0,0,0,0,0,0,0,0,0,0,0,0,0,0,0,0,0,0,0,0,0,0,0,0,0,0,0,0,0,0,0,0,0,0,0,0,0,0,0,0,0,0,0,0,0,0,0,0,0,0,0,0,0,0,0,0,0,0,0,0,0,0,0,0,0,0,0,0,0,0,0,0,0,0,0,0,0,0,0,0,0,0,0,0,0,0,0,0
,19,Procuration of Children,636,10,0,646,329,8,0,337,866,23,0,889,1195,31,0,1226,0,0,0,0,1,0,0,1,13,0,0,13,340,11,0,351,353,11,0,364,841,20,0,861,112,0,0,112,992,13,0,1005,158,16,0,174,1150,29,0,1179,10879,221,0,11100,12029,250,0,12279,5,0,0,5,0,0,0,0,26,0,0,26,0,0,0,0,3,0,0,3,34,0,0,34,0,0,0,0,66,6,0,72,2,0,0,2,650,14,0,664,718,20,0,738,11277,230,0,11507
,20,Kidnapping or Abducting a child with intent to steal from its persons,0,0,0,0,0,0,0,0,5,2,0,7,5,2,0,7,0,0,0,0,0,0,0,0,0,0,0,0,0,1,0,1,0,1,0,1,5,1,0,6,0,0,0,0,4,0,0,4,0,0,0,0,4,0,0,4,0,0,0,0,4,0,0,4,0,0,0,0,0,0,0,0,0,0,0,0,0,0,0,0,0,0,0,0,0,0,0,0,0,0,0,0,0,0,0,0,0,0,0,0,1,0,0,1,1,0,0,1,3,0,0,3
,21,Selling of Child for Prostitution,3,0,0,3,1,0,0,1,20,7,0,27,21,7,0,28,0,0,0,0,0,0,0,0,0,0,0,0,12,2,0,14,12,2,0,14,9,5,0,14,5,2,0,7,21,7,0,28,0,0,0,0,21,7,0,28,941,150,0,1091,962,157,0,1119,0,0,0,0,0,0,0,0,0,0,0,0,0,0,0,0,0,0,0,0,0,0,0,0,0,0,0,0,0,0,0,0,0,0,0,0,3,4,0,7,3,4,0,7,959,153,0,1112
,22,Buying of Child for Prostitution,5,0,0,5,0,0,0,0,3,5,0,8,3,5,0,8,0,0,0,0,0,0,0,0,0,0,0,0,0,0,0,0,0,0,0,0,3,5,0,8,5,0,0,5,3,5,0,8,0,0,0,0,3,5,0,8,324,12,0,336,327,17,0,344,0,0,0,0,0,0,0,0,0,0,0,0,0,0,0,0,0,0,0,0,0,0,0,0,0,0,0,0,0,0,0,0,0,0,0,0,0,0,0,0,0,0,0,0,327,17,0,344
,A,Offences againt Women and Child (Total),212291,60807,3,273101,36261,3698,2,39961,185205,22938,2,208145,221466,26636,4,248106,20,0,0,20,119,13,0,132,9863,2671,0,12534,71434,10269,0,81703,81297,12940,0,94237,140030,13683,4,153717,29762,4812,0,34574,230359,32767,7,263133,151706,38517,9,190232,382065,71284,16,453365,2807616,386342,10,3193968,3189681,457626,26,3647333,921,25,0,946,394,64,0,458,33281,7617,0,40898,1350,227,0,1577,3827,1025,0,4852,39773,8958,0,48731,393,32,0,425,49710,2532,0,52242,9098,675,0,9773,133818,21749,0,155567,192626,24956,0,217582,2957282,423712,26,3381020
,23,Murder,5613,837,1,6451,8315,424,0,8739,40042,3014,5,43061,48357,3438,5,51800,61,6,0,67,43,5,0,48,38,12,0,50,13407,1353,3,14763,13445,1365,3,14813,34808,2062,2,36872,2420,187,4,2611,42983,2948,2,45933,3628,688,0,4316,46611,3636,2,50249,525193,27220,17,552430,571804,30856,19,602679,275,18,0,293,27,0,0,27,104,2,0,106,1,0,0,1,26,1,0,27,433,21,0,454,175,0,0,175,16249,744,0,16993,1085,56,0,1141,18855,1177,0,20032,36189,1977,0,38166,535182,28858,19,564059
,,23.1 Murder,5592,837,1,6430,8315,424,0,8739,39679,2999,5,42683,47994,3423,5,51422,61,6,0,67,43,5,0,48,38,12,0,50,13364,1350,3,14717,13402,1362,3,14767,34488,2050,2,36540,2388,186,4,2578,42684,2927,2,45613,3624,688,0,4312,46308,3615,2,49925,525193,27220,17,552430,571501,30835,19,602355,275,18,0,293,27,0,0,27,104,2,0,106,1,0,0,1,26,1,0,27,433,21,0,454,175,0,0,175,16249,744,0,16993,1085,56,0,1141,18855,1177,0,20032,36189,1977,0,38166,534879,28837,19,563735
,,23.2 Murder by Group of 5 or more persons,19,0,0,19,0,0,0,0,356,14,0,370,356,14,0,370,0,0,0,0,0,0,0,0,0,0,0,0,42,3,0,45,42,3,0,45,314,11,0,325,30,1,0,31,294,19,0,313,3,0,0,3,297,19,0,316,0,0,0,0,297,19,0,316,0,0,0,0,0,0,0,0,0,0,0,0,0,0,0,0,0,0,0,0,0,0,0,0,0,0,0,0,0,0,0,0,0,0,0,0,0,0,0,0,0,0,0,0,297,19,0,316
,,23.3 Murder by life convict,2,0,0,2,0,0,0,0,7,1,0,8,7,1,0,8,0,0,0,0,0,0,0,0,0,0,0,0,1,0,0,1,1,0,0,1,6,1,0,7,2,0,0,2,5,2,0,7,1,0,0,1,6,2,0,8,0,0,0,0,6,2,0,8,0,0,0,0,0,0,0,0,0,0,0,0,0,0,0,0,0,0,0,0,0,0,0,0,0,0,0,0,0,0,0,0,0,0,0,0,0,0,0,0,0,0,0,0,6,2,0,8
,24,Culpable Homicide not amounting to Murder,540,20,0,560,916,36,0,952,5258,239,0,5497,6174,275,0,6449,9,0,0,9,5,0,0,5,58,2,0,57,1934,108,0,2042,1992,110,0,2102,4168,165,0,4333,392,16,0,408,5270,210,0,5480,367,18,0,385,5637,228,0,5865,50383,1513,1,51897,56020,1741,1,57762,38,0,0,38,5,0,0,5,55,0,0,55,1,0,0,1,9,0,0,9,108,0,0,108,8,0,0,8,1559,37,0,1596,86,2,0,88,1819,54,0,1873,3464,93,0,3557,52448,1648,1,54097
,25,Causing Death by Negligence,81511,584,0,82095,15388,197,0,15585,81248,498,0,81746,96636,695,0,97331,973,3,0,976,21,0,0,21,22040,220,0,22260,22921,167,0,23088,44961,387,0,45348,50681,305,0,50986,8886,33,0,8919,95265,551,10,95826,48926,318,3,49247,144191,869,13,145073,918755,4485,1,923241,1062946,5354,14,1068314,2262,16,0,2278,274,0,0,274,1300,7,0,1307,179,0,0,179,85,1,0,86,4100,24,0,4124,165,7,0,172,31064,26,0,31090,3422,12,0,3434,48666,246,0,48912,83152,284,0,83436,975694,5046,14,980754
,,25A Deaths due to Negligence relating to Road Accidents,77891,518,0,78409,14118,181,0,14299,77829,454,0,78283,91947,635,0,92582,963,3,0,966,20,0,0,20,21368,199,0,21567,22015,150,0,22165,43383,349,0,43732,47581,283,0,47864,8297,29,0,8326,90684,503,10,91197,46986,275,3,47264,137670,778,13,138461,860010,3936,1,863947,997680,4714,14,1002408,2224,16,0,2240,272,0,0,272,1221,7,0,1228,170,0,0,170,57,0,0,57,3944,23,0,3967,156,7,0,163,30500,24,0,30524,3249,8,0,3257,46345,196,0,46541,80094,228,0,80322,913642,4463,14,918119
,,25A.1 Hit and Run,23536,115,0,23651,3164,22,0,3186,23799,91,0,23890,26963,113,0,27076,33,0,0,33,7,0,0,7,1280,3,0,1299,4771,19,0,4790,6051,22,0,6073,20872,91,0,20963,3002,16,0,3018,28117,92,0,28209,15729,56,0,15785,43846,148,0,43994,257216,1157,0,258373,301062,1305,0,302367,338,0,0,338,41,0,0,41,369,2,0,371,149,0,0,149,11,0,0,11,908,2,0,910,72,0,0,72,18665,5,0,18670,1447,6,0,1453,10006,11,0,10017,30118,22,0,30140,270036,1281,0,271317
,,25A.2 Other Accidents,54355,403,0,54758,10954,159,0,11113,54030,363,0,54393,64984,522,0,65506,930,3,0,933,13,0,0,13,20088,196,0,20375,17244,131,0,17375,37332,327,0,37659,26709,192,0,26901,5295,13,0,5308,62567,411,10,62988,31257,219,3,31479,93824,630,13,94467,602794,2779,1,605574,696618,3409,14,700041,1886,16,0,1902,231,0,0,231,852,5,0,857,21,0,0,21,46,0,0,46,3036,21,0,3057,84,7,0,91,11835,19,0,11854,1802,2,0,1804,36339,185,0,36524,49976,206,0,50182,643606,3182,14,646802
,,25B Deaths due to Negligence relating to Rail Accidents,135,0,0,135,8,0,0,8,85,0,0,85,93,0,0,93,0,0,0,0,0,0,0,0,5,0,0,5,52,0,0,52,57,0,0,57,36,0,0,36,13,0,0,13,105,0,0,105,12,0,0,12,117,0,0,117,106,0,0,106,223,0,0,223,0,0,0,0,0,0,0,0,5,0,0,5,0,0,0,0,0,0,0,0,5,0,0,5,0,0,0,0,3,0,0,3,0,0,0,0,21,0,0,21,24,0,0,24,194,0,0,194
,,25C Deaths due to Medical Negligence,372,12,0,384,29,2,0,31,436,9,0,445,465,11,0,476,1,0,0,1,0,0,0,0,18,1,0,19,49,5,0,54,67,6,0,73,397,5,0,402,24,1,0,25,477,10,0,487,181,5,0,186,658,15,0,673,777,68,0,845,1435,83,0,1518,2,0,0,2,0,0,0,0,5,0,0,5,0,0,0,0,0,0,0,0,7,0,0,7,0,0,0,0,11,0,0,11,5,2,0,7,27,5,0,32,43,7,0,50,1385,76,0,1461
,,25D Deaths due to Negligence of Civic Bodies,18,1,0,19,18,0,0,18,56,1,0,57,74,1,0,75,0,0,0,0,0,0,0,0,7,0,0,10,27,1,0,28,34,1,0,35,40,0,0,40,1,0,0,1,56,1,0,57,7,1,0,8,63,2,0,65,467,3,0,470,530,5,0,535,0,0,0,0,0,0,0,0,1,0,0,1,0,0,0,0,0,0,0,0,1,0,0,1,0,0,0,0,3,0,0,3,1,1,0,2,14,0,0,14,18,1,0,19,511,4,0,515
,,25E Deaths due to other Negligence,3095,53,0,3148,1215,14,0,1229,2842,34,0,2876,4057,48,0,4105,9,0,0,9,1,0,0,1,642,20,0,654,778,11,0,789,1420,31,0,1451,2627,17,0,2644,551,3,0,554,3943,37,0,3980,1740,37,0,1777,5683,74,0,5757,57395,478,0,57873,63078,552,0,63630,36,0,0,36,2,0,0,2,68,0,0,68,9,0,0,9,28,1,0,29,143,1,0,144,9,0,0,9,547,2,0,549,167,1,0,168,2259,45,0,2304,2973,48,0,3021,59962,503,0,60465
,26,Abetment of Suicide,2186,368,0,2554,2662,394,0,3056,9553,1965,0,11518,12215,2359,0,14574,2,0,0,2,7,0,0,7,250,42,0,292,5109,1140,0,6249,5359,1182,0,6541,6847,1177,0,8024,972,127,0,1099,10523,1863,0,12386,1045,147,0,1192,11568,2010,0,13578,76705,16588,2,93295,88273,18598,2,106873,44,0,0,44,5,6,0,11,54,20,0,74,13,3,0,16,28,1,0,29,144,30,0,174,4,0,0,4,1074,115,0,1189,231,45,0,276,5306,1273,0,6579,6611,1433,0,8044,81518,17135,2,98655
,27,Attempt to Commit Murder,17842,1009,0,18851,20851,1268,6,22125,81566,4633,8,86207,102417,5901,14,108332,31,4,0,35,9,0,0,9,644,64,0,761,43843,2853,9,46705,44487,2917,9,47413,57890,2980,5,60875,3040,153,0,3193,94212,5975,18,100205,17719,1973,0,19692,111931,7948,18,119897,864986,39374,26,904386,976917,47322,44,1024283,287,4,0,291,49,2,0,51,641,29,0,670,50,0,0,50,269,11,0,280,1296,46,0,1342,140,1,0,141,13724,426,0,14150,2002,36,0,2038,38227,2246,10,40483,53953,2708,10,56671,921668,44568,34,966270
,28,Attempt to commit Culpable Homicide,5125,607,0,5732,2208,39,0,2247,15371,418,0,15789,17579,457,0,18036,24,0,0,24,0,0,0,0,120,8,0,128,8066,175,0,8241,8186,183,0,8369,9369,274,0,9643,655,14,0,669,17861,632,0,18493,5232,441,0,5673,23093,1073,0,24166,100158,4062,0,104220,123251,5135,0,128386,34,0,0,34,0,0,0,0,52,3,0,55,39,0,0,39,315,3,0,318,440,6,0,446,9,0,0,9,1399,36,0,1435,225,30,0,255,3472,84,0,3556,5096,150,0,5246,117715,4979,0,122694
,29,Organised Crime,128,11,0,139,0,0,0,0,2116,50,0,2166,2116,50,0,2166,0,0,0,0,0,0,0,0,3,0,0,3,845,30,0,875,848,30,0,878,1268,20,0,1288,467,1,0,468,1869,28,0,1897,8,0,0,8,1877,28,0,1905,0,0,0,0,1877,28,0,1905,0,0,0,0,0,0,0,0,0,0,0,0,0,0,0,0,0,0,0,0,0,0,0,0,0,0,0,0,121,0,0,121,0,0,0,0,2,0,0,2,123,0,0,123,1754,28,0,1782
,30,Petty Organised Crime,2419,13,0,2432,0,0,0,0,1710,46,0,1756,1710,46,0,1756,0,0,0,0,0,0,0,0,558,3,0,561,433,12,0,445,991,15,0,1006,719,31,0,750,21,0,0,21,2307,21,0,2328,390,0,0,390,2697,21,0,2718,0,0,0,0,2697,21,0,2718,0,0,0,0,0,0,0,0,0,0,0,0,0,0,0,0,0,0,0,0,0,0,0,0,0,0,0,0,1209,0,0,1209,4,0,0,4,0,0,0,0,1213,0,0,1213,1484,21,0,1505
,31,Terrorist Act,4,0,0,4,0,0,0,0,19,0,0,19,19,0,0,19,0,0,0,0,0,0,0,0,0,0,0,0,5,0,0,5,5,0,0,5,14,0,0,14,0,0,0,0,8,0,0,8,0,0,0,0,8,0,0,8,0,0,0,0,8,0,0,8,0,0,0,0,0,0,0,0,0,0,0,0,0,0,0,0,0,0,0,0,0,0,0,0,0,0,0,0,0,0,0,0,0,0,0,0,0,0,0,0,0,0,0,0,8,0,0,8
,32,Hurt or Grievous Hurt,428911,45870,67,474848,43479,2604,0,46083,256940,17291,13,274244,300419,19895,13,320327,104,2,0,106,27,0,0,27,35726,3901,2,39629,96830,7302,11,104143,132556,11203,13,143772,167732,8690,0,176422,27005,1752,0,28757,378405,26637,303,405345,276213,24018,19,300250,654618,50655,322,705595,3374081,207172,113,3581366,4028699,257827,435,4286961,1218,31,0,1249,785,15,0,800,47811,4858,0,52669,7316,285,0,7601,948,35,0,983,58078,5224,0,63302,292,12,0,304,68260,2398,0,70658,7088,313,0,7401,162737,10897,21,173655,238085,13608,21,251714,3732536,238995,414,3971945
,,32A Voluntarily causing grievous hurt,117641,13284,5,130930,9300,679,0,9979,67023,4018,1,71042,76323,4697,1,81021,57,0,0,57,12,0,0,12,2715,317,0,3035,17417,1222,1,18640,20132,1539,1,21672,56122,3158,0,59280,8563,784,0,9347,96288,7015,5,103308,83029,7236,5,90270,179317,14251,10,193578,1180196,51188,3,1231387,1359513,65439,13,1424965,152,4,0,156,392,6,0,398,3714,310,0,4024,1548,63,0,1611,175,10,0,185,5981,393,0,6374,16,0,0,16,19712,437,0,20149,2336,65,0,2401,35786,1857,0,37643,57834,2359,0,60193,1295698,62687,13,1358398
,,32B Grievous Hurt resulting persistent vegitative state or permanent disability,861,136,0,997,18,2,0,20,816,53,0,869,834,55,0,889,0,0,0,0,0,0,0,0,4,0,0,4,150,13,0,163,154,13,0,167,680,42,0,722,47,0,0,47,1188,157,0,1345,339,15,0,354,1527,172,0,1699,0,0,0,0,1527,172,0,1699,0,0,0,0,0,0,0,0,0,0,0,0,0,0,0,0,0,0,0,0,0,0,0,0,0,0,0,0,4,2,0,6,0,0,0,0,8,2,0,10,12,4,0,16,1515,168,0,1683
,,32C Grievous hurt caused by a group of 5 or more persons,353,12,0,365,0,0,0,0,1073,15,0,1088,1073,15,0,1088,0,0,0,0,0,0,0,0,10,0,0,10,162,12,0,174,172,12,0,184,901,3,0,904,10,0,0,10,484,15,0,499,115,12,0,127,599,27,0,626,0,0,0,0,599,27,0,626,0,0,0,0,0,0,0,0,0,0,0,0,0,0,0,0,0,0,0,0,0,0,0,0,0,0,0,0,3,0,0,3,0,0,0,0,0,0,0,0,3,0,0,3,596,27,0,623
,,32D Voluntarity causing hurt or grievous hurt by dangerous weapons or means,259047,29772,51,288870,26160,1691,0,27851,145027,11226,11,156264,171187,12917,11,184115,34,2,0,36,10,0,0,10,27889,3292,2,31133,64055,5182,9,69246,91944,8474,11,100429,79199,4441,0,83640,13149,772,0,13921,208387,17236,16,225639,155589,14945,2,170536,363976,32181,18,396175,1842236,141589,60,1983885,2206212,173770,78,2380060,887,25,0,912,312,7,0,319,40919,4461,0,45380,5488,199,0,5687,648,21,0,669,48254,4713,0,52967,178,8,0,186,37501,1767,0,39268,3799,215,0,4014,105744,8449,21,114214,147044,10431,21,157496,2010914,158626,57,2169597
,,32E Voluntarily causing hurt or grievous hurt/Assault or criminal force to deter public servant from his duty,10148,719,11,10878,4632,166,0,4798,15052,791,1,15844,19684,957,1,20642,2,0,0,2,2,0,0,2,1459,73,0,1544,9184,544,1,9729,10643,617,1,11261,9037,340,0,9377,1042,59,0,1101,19057,859,282,20198,7206,379,12,7597,26263,1238,294,27795,191881,7856,50,199787,218144,9094,344,227582,117,2,0,119,20,2,0,22,635,42,0,677,75,11,0,86,92,4,0,96,939,61,0,1000,37,4,0,41,4657,142,0,4799,523,17,0,540,10610,353,0,10963,15790,512,0,16302,201415,8521,344,210280
,,32F Acid Attack,37,3,0,40,42,2,0,44,207,13,0,220,249,15,0,264,1,0,0,1,0,0,0,0,1,0,0,1,82,8,0,90,83,8,0,91,165,7,0,172,13,2,0,15,219,16,0,235,51,2,0,53,270,18,0,288,1830,149,0,1979,2100,167,0,2267,2,0,0,2,0,0,0,0,1,0,0,1,0,0,0,0,3,0,0,3,6,0,0,6,0,0,0,0,30,2,0,32,9,0,0,9,31,4,0,35,70,6,0,76,2024,161,0,2185
,,32G Attempt to Acid Attack,17,1,0,18,12,1,0,13,62,8,0,70,74,9,0,83,0,0,0,0,0,0,0,0,2,2,0,4,42,1,0,43,44,3,0,47,30,6,0,36,9,2,0,11,65,5,0,70,12,0,0,12,77,5,0,82,491,32,0,523,568,37,0,605,0,0,0,0,0,0,0,0,3,0,0,3,0,0,0,0,0,0,0,0,3,0,0,3,3,0,0,3,2,0,0,2,0,0,0,0,9,0,0,9,11,0,0,11,554,37,0,591
,,32H Act endangering life or personal safety of others,18040,367,0,18407,1461,19,0,1480,10452,178,0,10630,11913,197,0,12110,10,0,0,10,3,0,0,3,1700,40,0,1743,1887,39,0,1926,3587,79,0,3666,8313,118,0,8431,2035,52,0,2087,13284,236,0,13520,11568,221,0,11789,24852,457,0,25309,78630,2527,0,81157,103482,2984,0,106466,38,0,0,38,31,0,0,31,1937,39,0,1976,58,7,0,65,27,0,0,27,2091,46,0,2137,25,0,0,25,4843,35,0,4878,225,4,0,229,5142,104,0,5246,10210,143,0,10353,91181,2795,0,93976
,,32I Other Grevious Hurt,22767,1576,0,24343,1854,44,0,1898,17228,989,0,18217,19082,1033,0,20115,0,0,0,0,0,0,0,0,1946,177,0,1954,3851,281,0,4132,5797,458,0,6255,13285,575,0,13860,2137,81,0,2218,39433,1098,0,40531,18304,1208,0,19512,57737,2306,0,60043,78817,3831,0,82648,136554,6137,0,142691,22,0,0,22,30,0,0,30,602,6,0,608,147,5,0,152,3,0,0,3,804,11,0,815,33,0,0,33,1508,13,0,1521,196,12,0,208,5407,128,0,5535,7111,153,0,7264,128639,5973,0,134612
,33,Wrongful Restraint/Confinement,41988,3974,3,45965,1669,78,0,1747,16463,1503,5,17971,18132,1581,5,19718,1,0,0,1,1,0,0,1,3224,357,1,3583,7296,854,4,8154,10520,1211,5,11736,7610,370,0,7980,3575,373,0,3948,22268,2026,4,24298,22648,2634,6,25288,44916,4660,10,49586,134681,7237,5,141923,179597,11897,15,191509,34,0,0,34,115,5,0,120,3845,335,0,4180,156,5,0,161,43,7,0,50,4193,352,0,4545,20,0,0,20,4322,279,0,4601,533,9,0,542,6867,424,0,7291,11722,712,0,12434,163682,10833,15,174530
,34,Kidnapping and Abduction,19890,712,0,20602,7574,121,0,7695,30952,858,4,31814,38526,979,4,39509,3,0,0,3,24,1,0,25,381,17,0,403,11928,303,0,12231,12309,320,0,12629,26190,658,4,26852,9247,275,0,9522,34424,843,0,35267,7388,314,0,7702,41812,1157,0,42969,302245,8748,22,311015,344057,9905,22,353984,37,0,0,37,16,0,0,16,791,13,0,804,43,0,0,43,61,0,0,61,948,13,0,961,23,0,0,23,4656,149,0,4805,947,11,0,958,10495,252,0,10747,16098,412,0,16510,327011,9480,22,336513
,,34A Kidnapping and Abduction,17753,658,0,18411,4822,75,0,4897,22648,620,4,23272,27470,695,4,28169,3,0,0,3,21,1,0,22,338,15,0,353,6918,167,0,7085,7256,182,0,7438,20190,512,4,20706,8023,240,0,8263,24825,600,0,25425,5883,263,0,6146,30708,863,0,31571,169839,5708,14,175561,200547,6571,14,207132,24,0,0,24,8,0,0,8,363,10,0,373,29,0,0,29,31,0,0,31,455,10,0,465,16,0,0,16,3673,148,0,3821,685,10,0,695,6461,179,0,6640,10819,337,0,11156,189273,6224,14,195511
,,34A.1 Missing Children Deemed as Kidnapped,11630,387,0,12017,1664,18,0,1682,7025,253,0,7278,8689,271,0,8960,0,0,0,0,8,1,0,9,135,2,0,137,1874,66,0,1940,2009,68,0,2077,6672,202,0,6874,2202,83,0,2285,7931,249,0,8180,2195,126,0,2321,10126,375,0,10501,44360,1370,0,45730,54486,1745,0,56231,10,0,0,10,3,0,0,3,59,1,0,60,20,0,0,20,3,0,0,3,95,1,0,96,1,0,0,1,457,10,0,467,207,4,0,211,1397,35,0,1432,2061,49,0,2110,52330,1695,0,54025
,,34A.2 Kidnapping & Abduction of Children,1707,117,0,1824,22,0,0,22,5348,151,0,5499,5370,151,0,5521,0,0,0,0,1,0,0,1,60,1,0,61,948,25,0,973,1008,26,0,1034,4361,125,0,4486,1722,60,0,1782,4968,131,0,5099,538,27,0,565,5506,158,0,5664,0,0,0,0,5506,158,0,5664,0,0,0,0,0,0,0,0,5,1,0,6,0,0,0,0,0,0,0,0,5,1,0,6,0,0,0,0,53,1,0,54,9,0,0,9,50,8,0,58,112,9,0,121,5389,148,0,5537
,,34A.3 Kidnapping & Abduction of Adults,4416,154,0,4570,3136,57,0,3193,10275,216,4,10495,13411,273,4,13688,3,0,0,3,12,0,0,12,143,12,0,155,4096,76,0,4172,4239,88,0,4327,9157,185,4,9346,4099,97,0,4196,11926,220,0,12146,3150,110,0,3260,15076,330,0,15406,125479,4338,14,129831,140555,4668,14,145237,14,0,0,14,5,0,0,5,299,8,0,307,9,0,0,9,28,0,0,28,355,8,0,363,15,0,0,15,3163,137,0,3300,469,6,0,475,5014,136,0,5150,8646,279,0,8925,131554,4381,14,135949
,,34B Kidnapping and Abduction for the Purpose of Begging,23,1,0,24,12,0,0,12,22,6,0,28,34,6,0,40,0,0,0,0,0,0,0,0,0,0,0,0,7,2,0,9,7,2,0,9,27,4,0,31,1,0,0,1,26,6,0,32,0,0,0,0,26,6,0,32,278,28,0,306,304,34,0,338,0,0,0,0,0,0,0,0,0,0,0,0,0,0,0,0,0,0,0,0,0,0,0,0,0,0,0,0,3,0,0,3,3,0,0,3,18,1,0,19,24,1,0,25,280,33,0,313
,,34C Kidnapping and Abduction in order to Murder,143,2,0,145,206,1,0,207,346,4,0,350,552,5,0,557,0,0,0,0,1,0,0,1,1,0,0,1,143,3,0,146,144,3,0,147,407,2,0,409,106,2,0,108,462,6,0,468,41,0,0,41,503,6,0,509,20754,106,0,20860,21257,112,0,21369,1,0,0,1,0,0,0,0,0,0,0,0,0,0,0,0,1,0,0,1,2,0,0,2,0,0,0,0,78,0,0,78,0,0,0,0,145,3,0,148,223,3,0,226,21032,109,0,21141
,,34D Kidnapping for Ransom,137,6,0,143,229,6,0,235,1248,35,0,1283,1477,41,0,1518,0,0,0,0,1,0,0,1,20,1,0,21,770,25,0,795,790,26,0,816,686,15,0,701,45,3,0,48,1145,43,0,1188,103,6,0,109,1248,49,0,1297,10501,228,0,10729,11749,277,0,12026,0,0,0,0,2,0,0,2,3,0,0,3,1,0,0,1,5,0,0,5,11,0,0,11,1,0,0,1,81,1,0,82,5,0,0,5,315,7,0,322,401,8,0,409,11337,269,0,11606
,,34E Importation of Girl or Boy from Foreign Country,1,0,0,1,3,0,0,3,2,1,0,3,5,1,0,6,0,0,0,0,0,0,0,0,0,0,0,0,1,0,0,1,1,0,0,1,4,1,0,5,0,0,0,0,5,1,0,6,1,0,0,1,6,1,0,7,389,18,0,407,395,19,0,414,0,0,0,0,0,0,0,0,0,0,0,0,0,0,0,0,0,0,0,0,0,0,0,0,0,0,0,0,0,0,0,0,0,0,0,0,0,0,0,0,0,0,0,0,395,19,0,414
,,34E.1 Girls (Below 21 Yrs),0,0,0,0,3,0,0,3,2,1,0,3,5,1,0,6,0,0,0,0,0,0,0,0,0,0,0,0,1,0,0,1,1,0,0,1,4,1,0,5,0,0,0,0,5,1,0,6,0,0,0,0,5,1,0,6,389,18,0,407,394,19,0,413,0,0,0,0,0,0,0,0,0,0,0,0,0,0,0,0,0,0,0,0,0,0,0,0,0,0,0,0,0,0,0,0,0,0,0,0,0,0,0,0,0,0,0,0,394,19,0,413
,,34E.2 Boys (Below 18 Yrs),1,0,0,1,0,0,0,0,0,0,0,0,0,0,0,0,0,0,0,0,0,0,0,0,0,0,0,0,0,0,0,0,0,0,0,0,0,0,0,0,0,0,0,0,0,0,0,0,1,0,0,1,1,0,0,1,0,0,0,0,1,0,0,1,0,0,0,0,0,0,0,0,0,0,0,0,0,0,0,0,0,0,0,0,0,0,0,0,0,0,0,0,0,0,0,0,0,0,0,0,0,0,0,0,0,0,0,0,1,0,0,1
,,34F Other Kidnapping & Abducion,1833,45,0,1878,2302,39,0,2341,6686,192,0,6878,8988,231,0,9219,0,0,0,0,1,0,0,1,22,1,0,28,4089,106,0,4195,4111,107,0,4218,4876,124,0,5000,1072,30,0,1102,7961,187,0,8148,1360,45,0,1405,9321,232,0,9553,100484,2660,8,103152,109805,2892,8,112705,12,0,0,12,6,0,0,6,425,3,0,428,13,0,0,13,24,0,0,24,480,3,0,483,6,0,0,6,821,0,0,821,254,1,0,255,3556,62,0,3618,4631,63,0,4694,104694,2826,8,107528
,B,Offences Affecting the Human Body (Total),606157,54005,71,660233,103062,5161,6,108229,541238,30515,35,571788,644300,35676,41,680017,1208,15,0,1223,137,6,0,143,63042,4626,3,67727,212617,14297,27,226941,275659,18923,30,294612,367296,16732,11,384039,56680,2931,4,59615,705395,41734,337,747466,383564,30551,28,414143,1088959,72285,365,1161609,6347187,316399,187,6663773,7436146,388684,552,7825382,4229,69,0,4298,1276,28,0,1304,54653,5267,0,59920,7798,293,0,8091,1784,59,0,1843,69740,5716,0,75456,836,20,0,856,143637,4210,0,147847,15623,514,0,16137,296446,16653,31,313130,455706,21377,31,477114,6910700,361591,521,7272812
,35,Offences against State,35,0,0,35,9,0,0,9,36,1,0,37,45,1,0,46,0,0,0,0,1,0,0,1,0,0,0,0,18,1,0,19,18,1,0,19,26,0,0,26,19,0,0,19,37,0,0,37,22,0,0,22,59,0,0,59,710,3,0,713,769,3,0,772,0,0,0,0,0,0,0,0,7,0,0,7,0,0,0,0,0,0,0,0,7,0,0,7,1,0,0,1,1,0,0,1,1,0,0,1,73,0,0,73,75,0,0,75,687,3,0,690
,,35A Act endangering sovereignity unity and integrity of India,16,0,0,16,0,0,0,0,12,1,0,13,12,1,0,13,0,0,0,0,0,0,0,0,0,0,0,0,8,1,0,9,8,1,0,9,4,0,0,4,8,0,0,8,11,0,0,11,2,0,0,2,13,0,0,13,0,0,0,0,13,0,0,13,0,0,0,0,0,0,0,0,0,0,0,0,0,0,0,0,0,0,0,0,0,0,0,0,0,0,0,0,0,0,0,0,0,0,0,0,0,0,0,0,0,0,0,0,13,0,0,13
,,35B Other Offences against State,19,0,0,19,9,0,0,9,24,0,0,24,33,0,0,33,0,0,0,0,1,0,0,1,0,0,0,0,10,0,0,10,10,0,0,10,22,0,0,22,11,0,0,11,26,0,0,26,20,0,0,20,46,0,0,46,710,3,0,713,756,3,0,759,0,0,0,0,0,0,0,0,7,0,0,7,0,0,0,0,0,0,0,0,7,0,0,7,1,0,0,1,1,0,0,1,1,0,0,1,73,0,0,73,75,0,0,75,674,3,0,677
,C,Offences against the State (Total),35,0,0,35,9,0,0,9,36,1,0,37,45,1,0,46,0,0,0,0,1,0,0,1,0,0,0,0,18,1,0,19,18,1,0,19,26,0,0,26,19,0,0,19,37,0,0,37,22,0,0,22,59,0,0,59,710,3,0,713,769,3,0,772,0,0,0,0,0,0,0,0,7,0,0,7,0,0,0,0,0,0,0,0,7,0,0,7,1,0,0,1,1,0,0,1,1,0,0,1,73,0,0,73,75,0,0,75,687,3,0,690
,36,Unlawful Assembly,24540,1712,0,26252,5626,496,0,6122,86872,23298,0,110170,92498,23794,0,116292,0,0,0,0,0,0,0,0,75636,20217,0,95853,6176,1684,0,7860,81812,21901,0,103713,10686,1893,0,12579,10188,2122,0,12310,25590,3126,0,28716,13594,839,0,14433,39184,3965,0,43149,344671,38922,15,383608,383855,42887,15,426757,18,2,0,20,1778,224,0,2002,900,62,0,962,0,0,0,0,1046,114,0,1160,3742,402,0,4144,34,8,0,42,8326,619,0,8945,1794,183,0,1977,12073,1779,0,13852,22193,2581,0,24774,357920,39904,15,397839
,37,Rioting,93343,8823,26,102192,21296,1268,0,22564,58822,4708,15,63545,80118,5976,15,86109,3,0,0,3,7,0,0,7,6132,818,8,6958,29934,2720,7,32661,36066,3538,15,39619,44042,2438,0,46480,4228,349,0,4577,78996,5998,94,85088,59314,5817,13,65144,138310,11815,107,150232,2783690,113655,149,2897494,2922000,125470,256,3047726,127,0,0,127,1323,320,0,1643,6010,501,0,6511,815,100,0,915,1180,52,0,1232,9455,973,0,10428,275,0,0,275,14644,447,0,15091,4590,85,0,4675,75194,5323,0,80517,94428,5855,0,100283,2818117,118642,256,2937015
,,37.1 Communal/Religious,1484,149,1,1634,551,10,0,561,1085,128,0,1213,1636,138,0,1774,0,0,0,0,0,0,0,0,28,0,0,18,736,118,0,854,764,118,0,882,872,20,0,892,18,0,0,18,1343,125,0,1468,741,43,1,785,2084,168,1,2253,34649,744,5,35398,36733,912,6,37651,0,0,0,0,0,0,0,0,10,0,0,10,0,0,0,0,0,0,0,0,10,0,0,10,0,0,0,0,46,0,0,46,9,0,0,9,574,6,0,580,629,6,0,635,36094,906,6,37006
,,37.2 Ethnic or Community Groups Clash or Agitations,225,0,0,225,0,0,0,0,17,3,0,20,17,3,0,20,0,0,0,0,0,0,0,0,0,0,0,0,17,3,0,20,17,3,0,20,0,0,0,0,0,0,0,0,17,3,0,20,14,0,0,14,31,3,0,34,0,0,0,0,31,3,0,34,0,0,0,0,0,0,0,0,0,0,0,0,0,0,0,0,0,0,0,0,0,0,0,0,0,0,0,0,0,0,0,0,0,0,0,0,0,0,0,0,0,0,0,0,31,3,0,34
,,37.3 Sectarian,436,7,2,445,54,0,0,54,239,6,0,245,293,6,0,299,0,0,0,0,0,0,0,0,0,0,0,2,120,6,0,126,120,6,0,126,173,0,0,173,13,0,0,13,246,8,0,254,349,4,0,353,595,12,0,607,7730,268,0,7998,8325,280,0,8605,0,0,0,0,0,0,0,0,0,0,0,0,0,0,0,0,5,0,0,5,5,0,0,5,0,0,0,0,83,0,0,83,0,0,0,0,301,38,0,339,384,38,0,422,7936,242,0,8178
,,37.4 Industrial,452,26,0,478,23,1,0,24,149,5,0,154,172,6,0,178,0,0,0,0,0,0,0,0,43,0,0,43,40,5,0,45,83,5,0,88,89,1,0,90,42,0,0,42,216,6,0,222,249,26,0,275,465,32,0,497,7852,558,0,8410,8317,590,0,8907,0,0,0,0,2,2,0,4,7,3,0,10,0,0,0,0,0,0,0,0,9,5,0,14,0,0,0,0,3,0,0,3,0,0,0,0,71,7,0,78,74,7,0,81,8234,578,0,8812
,,37.5 Political,2600,117,0,2717,404,4,0,408,1898,84,0,1982,2302,88,0,2390,0,0,0,0,0,0,0,0,360,32,0,392,828,48,0,876,1188,80,0,1268,1114,8,0,1122,197,9,0,206,1811,74,0,1885,1528,90,0,1618,3339,164,0,3503,54497,1374,0,55871,57836,1538,0,59374,3,0,0,3,111,15,0,126,327,6,0,333,10,0,0,10,242,14,0,256,693,35,0,728,0,0,0,0,889,23,0,912,58,0,0,58,1632,56,0,1688,2579,79,0,2658,54564,1424,0,55988
,,37.6 Caste Conflict,447,23,0,470,175,8,0,183,580,35,0,615,755,43,0,798,0,0,0,0,0,0,0,0,12,4,0,16,532,27,0,559,544,31,0,575,211,12,0,223,55,5,0,60,592,37,0,629,161,7,0,168,753,44,0,797,39777,1189,0,40966,40530,1233,0,41763,2,0,0,2,0,0,0,0,28,1,0,29,0,0,0,0,11,0,0,11,41,1,0,42,0,0,0,0,116,1,0,117,19,2,0,21,1117,50,0,1167,1252,53,0,1305,39237,1179,0,40416
,,37.7 Agrarian,2591,245,0,2836,391,16,0,407,732,93,0,825,1123,109,0,1232,0,0,0,0,0,0,0,0,157,26,0,183,294,24,0,318,451,50,0,501,672,59,0,731,74,13,0,87,1517,121,0,1638,1248,89,0,1337,2765,210,0,2975,56590,3590,0,60180,59355,3800,0,63155,1,0,0,1,3,2,0,5,50,9,0,59,0,0,0,0,0,0,0,0,54,11,0,65,12,0,0,12,368,13,0,381,0,0,0,0,1725,163,0,1888,2093,176,0,2269,57208,3613,0,60821
,,37.8 Students,535,2,0,537,149,4,0,153,279,3,0,282,428,7,0,435,0,0,0,0,0,0,0,0,107,2,0,104,188,5,0,193,295,7,0,302,133,0,0,133,22,0,0,22,458,6,0,464,327,1,0,328,785,7,0,792,15538,167,0,15705,16323,174,0,16497,0,0,0,0,19,2,0,21,5,0,0,5,0,0,0,0,97,0,0,97,121,2,0,123,0,0,0,0,46,1,0,47,0,0,0,0,230,2,0,232,276,3,0,279,15926,169,0,16095
,,37.9 Money Dispute,1890,211,7,2108,648,20,0,668,993,56,7,1056,1641,76,7,1724,0,0,0,0,0,0,0,0,73,8,0,81,1168,42,7,1217,1241,50,7,1298,400,26,0,426,26,5,0,31,1110,76,0,1186,1079,65,0,1144,2189,141,0,2330,77092,1970,0,79062,79281,2111,0,81392,0,0,0,0,15,0,0,15,60,3,0,63,0,0,0,0,0,0,0,0,75,3,0,78,0,0,0,0,30,0,0,30,25,2,0,27,1136,74,0,1210,1191,76,0,1267,78015,2032,0,80047
,,37.10 Water Dispute,999,107,0,1106,95,6,0,101,342,43,0,385,437,49,0,486,0,0,0,0,0,0,0,0,42,5,0,47,173,20,0,193,215,25,0,240,222,24,0,246,20,0,0,20,421,53,0,474,603,37,0,640,1024,90,0,1114,26683,1647,0,28330,27707,1737,0,29444,0,0,0,0,6,0,0,6,10,1,0,11,0,0,0,0,0,0,0,0,16,1,0,17,0,0,0,0,16,0,0,16,31,0,0,31,1022,68,0,1090,1069,68,0,1137,26622,1668,0,28290
,,37.11 Land/Property Dispute,14131,2297,0,16428,4907,318,0,5225,7835,1035,0,8870,12742,1353,0,14095,0,0,0,0,0,0,0,0,1304,299,0,1545,6044,720,0,6764,7348,1019,0,8367,5394,334,0,5728,1477,183,0,1660,12421,1341,0,13762,8587,1533,0,10120,21008,2874,0,23882,620124,19584,0,639708,641132,22458,0,663590,18,0,0,18,96,10,0,106,798,82,0,880,15,0,0,15,44,10,0,54,971,102,0,1073,0,0,0,0,1126,87,0,1213,309,5,0,314,9950,952,0,10902,11385,1044,0,12429,628776,21312,0,650088
,,37.12 Family Disputes,4213,450,0,4663,2000,170,0,2170,3705,357,0,4062,5705,527,0,6232,0,0,0,0,0,0,0,0,251,44,0,295,2833,314,0,3147,3084,358,0,3442,2621,169,0,2790,343,24,0,367,5925,492,0,6417,1958,195,0,2153,7883,687,0,8570,147822,8943,0,156765,155705,9630,0,165335,1,0,0,1,15,3,0,18,401,46,0,447,11,0,0,11,28,0,0,28,456,49,0,505,0,0,0,0,968,38,0,1006,214,0,0,214,4110,493,0,4603,5292,531,0,5823,149957,9050,0,159007
,,37.13 Enmity/Rivalry,10802,897,8,11707,2544,84,0,2628,7314,568,0,7882,9858,652,0,10510,0,0,0,0,5,0,0,5,1223,86,0,1348,3747,331,0,4078,4970,417,0,5387,4883,235,0,5118,270,24,0,294,9934,647,0,10581,7124,742,8,7874,17058,1389,8,18455,143655,6997,9,150661,160713,8386,17,169116,24,0,0,24,26,5,0,31,440,10,0,450,0,0,0,0,146,7,0,153,636,22,0,658,97,0,0,97,1024,27,0,1051,47,2,0,49,6213,390,0,6603,7284,419,0,7703,152793,7945,17,160755
,,37.14 Electricity/Power Supply Disputes,61,11,0,72,17,0,0,17,50,0,0,50,67,0,0,67,0,0,0,0,0,0,0,0,8,0,0,8,28,0,0,28,36,0,0,36,31,0,0,31,14,0,0,14,85,9,0,94,22,2,0,24,107,11,0,118,1534,61,0,1595,1641,72,0,1713,0,0,0,0,0,0,0,0,0,0,0,0,0,0,0,0,0,0,0,0,0,0,0,0,0,0,0,0,5,0,0,5,0,0,0,0,25,2,0,27,30,2,0,32,1611,70,0,1681
,,37.15 Sudden Quarrel/Provocation,2227,238,8,2473,32,3,0,35,1867,126,8,2001,1899,129,8,2036,0,0,0,0,0,0,0,0,106,14,8,128,1297,98,0,1395,1403,112,8,1523,496,17,0,513,30,8,0,38,1490,84,94,1668,928,169,0,1097,2418,253,94,2765,0,0,0,0,2418,253,94,2765,0,0,0,0,0,0,0,0,10,0,0,10,0,0,0,0,0,0,0,0,10,0,0,10,0,0,0,0,1,0,0,1,0,0,0,0,1,0,0,1,2,0,0,2,2406,253,94,2753
,,37.16 Rioting while in Aandolan/Morcha,2735,116,0,2851,132,17,0,149,828,65,0,893,960,82,0,1042,0,0,0,0,0,0,0,0,317,13,0,330,386,62,0,448,703,75,0,778,257,7,0,264,24,0,0,24,977,78,0,1055,2214,88,0,2302,3191,166,0,3357,70280,2188,0,72468,73471,2354,0,75825,6,0,0,6,797,278,0,1075,25,0,0,25,0,0,0,0,242,0,0,242,1070,278,0,1348,5,0,0,5,1183,14,0,1197,100,3,0,103,1275,9,0,1284,2558,26,0,2584,69843,2050,0,71893
,,37.17 Rioting/Attacks on Police Personnel or Govt Servants,599,30,0,629,785,21,0,806,1381,66,0,1447,2166,87,0,2253,0,0,0,0,0,0,0,0,116,1,0,117,719,46,0,765,835,47,0,882,1331,40,0,1371,58,0,0,58,1824,91,0,1915,421,27,0,448,2245,118,0,2363,55200,1443,0,56643,57445,1561,0,59006,0,0,0,0,2,0,0,2,112,0,0,112,9,0,0,9,5,0,0,5,128,0,0,128,1,0,0,1,153,3,0,156,38,4,0,42,821,6,0,827,1012,13,0,1025,56305,1548,0,57853
,,37.18 Other Rioting,46916,3897,0,50813,8389,586,0,8975,29528,2035,0,31563,37917,2621,0,40538,3,0,0,3,2,0,0,2,1985,284,0,2280,10784,851,0,11635,12769,1135,0,13904,25143,1486,0,26629,1545,78,0,1623,38609,2747,0,41356,31761,2699,4,34464,70370,5446,4,75820,1424667,62932,135,1487734,1495037,68378,139,1563554,72,0,0,72,231,3,0,234,3727,340,0,4067,770,100,0,870,360,21,0,381,5160,464,0,5624,160,0,0,160,8587,240,0,8827,3740,67,0,3807,44991,3007,0,47998,57318,3314,0,60632,1432559,64600,139,1497298
,38,Promoting enmity between groups,1141,16,0,1157,457,8,0,465,1039,10,0,1049,1496,18,0,1514,1,0,0,1,0,0,0,0,279,5,0,284,522,9,0,531,801,14,0,815,694,4,0,698,135,1,0,136,1112,10,0,1122,481,7,0,488,1593,17,0,1610,10584,173,0,10757,12177,190,0,12367,4,0,0,4,0,0,0,0,107,0,0,107,0,0,0,0,4,0,0,4,115,0,0,115,5,0,0,5,193,0,0,193,19,0,0,19,332,5,0,337,544,5,0,549,11518,185,0,11703
,39,"Imputation, assertions prejudicial to national integration",20,1,0,21,17,1,0,18,36,0,0,36,53,1,0,54,0,0,0,0,0,0,0,0,4,0,0,4,9,1,0,10,13,1,0,14,40,0,0,40,1,1,0,2,37,1,0,38,14,0,0,14,51,1,0,52,346,8,0,354,397,9,0,406,0,0,0,0,0,0,0,0,0,0,0,0,0,0,0,0,0,0,0,0,0,0,0,0,0,0,0,0,9,0,0,9,0,0,0,0,14,0,0,14,23,0,0,23,374,9,0,383
,40,Affray,9279,1482,1,10762,959,104,0,1063,9249,674,0,9923,10208,778,0,10986,0,0,0,0,0,0,0,0,6774,610,0,7378,2056,123,0,2179,8830,733,0,9563,1378,45,0,1423,143,10,0,153,10707,1026,0,11733,4662,464,0,5126,15369,1490,0,16859,60363,3970,2,64335,75732,5460,2,81194,3,0,0,3,9,0,0,9,249,34,0,283,0,0,0,0,7,0,0,7,268,34,0,302,9,0,0,9,10402,1094,1,11497,208,1,0,209,1664,70,0,1734,12274,1165,1,13440,63190,4261,1,67452
,D,Offences against Public Tranquillity (Total),128323,12034,27,140384,28355,1877,0,30232,156018,28690,15,184723,184373,30567,15,214955,4,0,0,4,7,0,0,7,88825,21650,8,110477,38697,4537,7,43241,127522,26187,15,153724,56840,4380,0,61220,14695,2483,0,17178,116442,10161,94,126697,78065,7127,13,85205,194507,17288,107,211902,3199654,156728,166,3356548,3394161,174016,273,3568450,152,2,0,154,3110,544,0,3654,7266,597,0,7863,815,100,0,915,2237,166,0,2403,13580,1409,0,14989,323,8,0,331,33574,2160,1,35735,6611,269,0,6880,89277,7177,0,96454,129462,9606,1,139069,3251119,163001,272,3414392
,41,Theft,97781,2655,7,100443,50914,535,0,51449,217879,4165,12,222056,268793,4700,12,273505,15,0,0,15,458,0,0,458,5891,124,0,6015,112281,2498,9,114788,118172,2622,9,120803,150148,2078,3,152229,25402,203,0,25605,238146,4125,19,242290,32219,921,35,33175,270365,5046,54,275465,1969054,31694,21,2000769,2239419,36740,75,2276234,815,9,0,824,424,5,0,429,24296,698,2,24996,3091,119,0,3210,172,3,0,175,28798,834,2,29634,792,80,0,872,49804,482,0,50286,6288,99,0,6387,61909,955,1,62865,118001,1536,1,119538,2092620,34370,72,2127062
,,41A Household Theft (Dwelling Units/Houses),3369,235,0,3604,365,0,0,365,13434,396,1,13831,13799,396,1,14196,0,0,0,0,2,0,0,2,654,19,0,673,3928,179,1,4108,4582,198,1,4781,9215,198,0,9413,1171,7,0,1178,10098,272,0,10370,1390,48,0,1438,11488,320,0,11808,0,0,0,0,11488,320,0,11808,0,0,0,0,1,0,0,1,159,11,0,170,0,0,0,0,0,0,0,0,160,11,0,171,0,0,0,0,616,16,0,632,23,0,0,23,228,2,0,230,867,18,0,885,10461,291,0,10752
,,41B Vechicle Theft,34986,142,5,35133,21809,32,0,21841,72589,161,0,72750,94398,193,0,94591,4,0,0,4,20,0,0,20,1385,2,0,1391,40016,52,0,40068,41401,54,0,41455,52973,139,0,53112,9263,28,0,9291,84570,296,0,84866,11761,70,0,11831,96331,366,0,96697,616010,1193,0,617203,712341,1559,0,713900,222,0,0,222,112,0,0,112,8692,25,0,8717,158,2,0,160,42,0,0,42,9226,27,0,9253,314,0,0,314,18236,29,0,18265,1917,1,0,1918,19822,32,0,19854,39975,62,0,40037,663140,1470,0,664610
,,41C Theft fom Vehicles,501,17,1,519,21,0,0,21,1723,21,0,1744,1744,21,0,1765,0,0,0,0,115,0,0,115,13,0,0,13,628,15,0,643,641,15,0,656,988,6,0,994,96,0,0,96,1137,18,0,1155,245,10,1,256,1382,28,1,1411,0,0,0,0,1382,28,1,1411,0,0,0,0,0,0,0,0,8,3,0,11,0,0,0,0,0,0,0,0,8,3,0,11,0,0,0,0,153,1,0,154,0,0,0,0,6,0,0,6,159,1,0,160,1215,24,1,1240
,,42D Theft of idol or icon from Place of Worship,251,5,0,256,2,0,0,2,242,0,0,242,244,0,0,244,0,0,0,0,0,0,0,0,5,0,0,5,114,0,0,114,119,0,0,119,125,0,0,125,21,0,0,21,220,0,0,220,22,1,0,23,242,1,0,243,0,0,0,0,242,1,0,243,0,0,0,0,0,0,0,0,0,0,0,0,0,0,0,0,0,0,0,0,0,0,0,0,0,0,0,0,21,0,0,21,0,0,0,0,2,0,0,2,23,0,0,23,219,1,0,220
,,41E Theft of Government Property,774,6,0,780,0,0,0,0,274,0,0,274,274,0,0,274,0,0,0,0,0,0,0,0,4,0,0,4,82,0,0,82,86,0,0,86,188,0,0,188,29,0,0,29,222,0,0,222,59,2,0,61,281,2,0,283,0,0,0,0,281,2,0,283,0,0,0,0,0,0,0,0,0,0,0,0,0,0,0,0,0,0,0,0,0,0,0,0,0,0,0,0,13,0,0,13,0,0,0,0,0,0,0,0,13,0,0,13,268,2,0,270
,,41F Theft by servant/employee,209,21,0,230,7,0,0,7,1289,129,0,1418,1296,129,0,1425,0,0,0,0,0,0,0,0,5,2,0,7,554,72,0,626,559,74,0,633,737,55,0,792,32,3,0,35,713,57,0,770,53,14,0,67,766,71,0,837,0,0,0,0,766,71,0,837,0,0,0,0,0,0,0,0,26,5,0,31,0,0,0,0,0,0,0,0,26,5,0,31,0,0,0,0,24,0,0,24,0,0,0,0,7,0,0,7,31,0,0,31,709,66,0,775
,,41G Other Thefts,57691,2229,1,59921,28710,503,0,29213,128328,3458,11,131797,157038,3961,11,161010,11,0,0,11,321,0,0,321,3825,101,0,3936,66959,2180,8,69147,70784,2281,8,73073,85922,1680,3,87605,14790,165,0,14955,141186,3482,19,144687,18689,776,34,19499,159875,4258,53,164186,1353044,30501,21,1383566,1512919,34759,74,1547752,593,9,0,602,311,5,0,316,15411,654,2,16067,2933,117,0,3050,130,3,0,133,19378,788,2,20168,478,80,0,558,30741,436,0,31177,4348,98,0,4446,41844,921,1,42766,76933,1455,1,78389,1416608,32516,71,1449195
,42,Snatching,1788,74,2,1864,93,1,0,94,9204,178,0,9382,9297,179,0,9476,0,0,0,0,9,0,0,9,146,0,0,146,3003,72,0,3075,3149,72,0,3221,6139,107,0,6246,312,12,0,324,5989,130,0,6119,357,19,0,376,6346,149,0,6495,0,0,0,0,6346,149,0,6495,1,0,0,1,0,0,0,0,24,0,0,24,2,0,0,2,4,0,0,4,31,0,0,31,0,0,0,0,114,0,0,114,16,1,0,17,30,0,0,30,160,1,0,161,6155,148,0,6303
,43,Extortion,4867,172,0,5039,2444,101,0,2545,12054,405,4,12463,14498,506,4,15008,4,0,0,4,2,0,0,2,179,8,0,187,6800,259,4,7063,6979,267,4,7250,7513,239,0,7752,1036,27,0,1063,12497,393,4,12894,2735,66,0,2801,15232,459,4,15695,84623,2439,37,87099,99855,2898,41,102794,44,0,0,44,24,0,0,24,396,2,0,398,14,0,0,14,51,5,0,56,529,7,0,536,14,0,0,14,1471,12,0,1483,193,5,0,198,4285,123,7,4415,5949,140,7,6096,93377,2751,34,96162
,44,Robbery,7413,41,0,7454,7960,87,0,8047,29415,450,8,29873,37375,537,8,37920,5,0,0,5,25,0,0,25,150,9,0,162,15425,299,2,15726,15575,308,2,15885,21770,229,6,22005,1383,18,0,1401,32894,417,2,33313,1236,43,0,1279,34130,460,2,34592,426839,3524,46,430409,460969,3984,48,465001,112,0,0,112,70,0,0,70,565,1,0,566,29,0,0,29,44,1,0,45,820,2,0,822,78,7,1,86,6469,30,0,6499,1040,8,0,1048,12303,106,0,12409,19812,144,0,19956,440337,3838,48,444223
,45,Dacoity,2002,5,0,2007,2598,13,0,2611,7637,96,6,7739,10235,109,6,10350,3,0,0,3,15,0,0,15,3,0,0,3,4250,56,6,4312,4253,56,6,4315,5964,53,0,6017,288,4,0,292,8708,93,6,8807,283,5,0,288,8991,98,6,9095,189761,1914,10,191685,198752,2012,16,200780,18,0,0,18,7,0,0,7,70,0,0,70,0,0,0,0,32,0,0,32,127,0,0,127,94,0,0,94,1851,41,0,1892,160,2,0,162,4881,53,5,4939,6892,96,5,6993,191733,1916,11,193660
,,45A Dacoity,1986,5,0,1991,2589,13,0,2602,7598,94,6,7698,10187,107,6,10300,3,0,0,3,15,0,0,15,3,0,0,3,4246,56,6,4308,4249,56,6,4311,5920,51,0,5971,288,4,0,292,8675,91,6,8772,283,5,0,288,8958,96,6,9060,187420,1897,10,189327,196378,1993,16,198387,18,0,0,18,7,0,0,7,69,0,0,69,0,0,0,0,32,0,0,32,126,0,0,126,94,0,0,94,1816,41,0,1857,157,2,0,159,4870,53,5,4928,6843,96,5,6944,189409,1897,11,191317
,,45B Dacoity with Murder,16,0,0,16,9,0,0,9,39,2,0,41,48,2,0,50,0,0,0,0,0,0,0,0,0,0,0,0,4,0,0,4,4,0,0,4,44,2,0,46,0,0,0,0,33,2,0,35,0,0,0,0,33,2,0,35,2341,17,0,2358,2374,19,0,2393,0,0,0,0,0,0,0,0,1,0,0,1,0,0,0,0,0,0,0,0,1,0,0,1,0,0,0,0,35,0,0,35,3,0,0,3,11,0,0,11,49,0,0,49,2324,19,0,2343
,46,Attempt to Commit Dacoity/Robbery,62,0,0,62,166,0,0,166,676,2,0,678,842,2,0,844,0,0,0,0,0,0,0,0,0,0,0,0,351,2,0,353,351,2,0,353,491,0,0,491,28,0,0,28,747,2,0,749,17,0,0,17,764,2,0,766,6729,69,2,6800,7493,71,2,7566,10,0,0,10,0,0,0,0,1,0,0,1,0,0,0,0,0,0,0,0,11,0,0,11,0,0,0,0,71,0,0,71,2,0,0,2,277,1,0,278,350,1,0,351,7132,70,2,7204
,47,Making Preparation and Assembly for committing Dacoity,504,0,0,504,2894,1,0,2895,13661,32,0,13693,16555,33,0,16588,0,0,0,0,0,0,0,0,5,0,0,5,4286,3,0,4289,4291,3,0,4294,12264,30,0,12294,132,0,0,132,15290,18,0,15308,615,0,0,615,15905,18,0,15923,175499,328,0,175827,191404,346,0,191750,4,0,0,4,0,0,0,0,25,0,0,25,0,0,0,0,0,0,0,0,29,0,0,29,64,0,0,64,697,6,0,703,132,1,0,133,4582,2,0,4584,5411,9,0,5420,185964,337,0,186301
,48,Criminal Misappropriation,78,2,0,80,72,0,0,72,207,3,0,210,279,3,0,282,0,0,0,0,0,0,0,0,6,1,0,7,60,0,0,60,66,1,0,67,213,2,0,215,30,0,0,30,259,0,0,259,24,0,0,24,283,0,0,283,2007,21,0,2028,2290,21,0,2311,2,0,0,2,0,0,0,0,4,1,0,5,0,0,0,0,0,0,0,0,6,1,0,7,0,0,0,0,62,0,0,62,149,0,0,149,30,0,0,30,241,0,0,241,2043,20,0,2063
,49,Criminal Breach of Trust,10760,778,0,11538,5173,200,0,5373,13931,527,0,14458,19104,727,0,19831,1,0,0,1,29,0,0,29,212,16,0,230,6080,362,0,6442,6292,378,0,6670,12782,349,0,13131,2455,87,0,2542,16791,567,0,17358,8422,1604,0,10026,25213,2171,0,27384,252333,5880,1,258214,277546,8051,1,285598,72,4,0,76,55,1,0,56,708,32,0,740,8,0,0,8,51,6,0,57,894,43,0,937,56,3,0,59,4906,34,0,4940,522,5,0,527,6233,184,0,6417,11661,223,0,11884,264991,7785,1,272777
,50,Dishonestly Receiving/Dealing-in Stolen Property,1080,7,0,1087,1763,7,0,1770,12436,36,0,12472,14199,43,0,14242,1,0,0,1,1,0,0,1,50,1,0,51,2930,16,0,2946,2980,17,0,2997,11217,26,0,11243,536,1,0,537,13840,49,0,13889,721,0,0,721,14561,49,0,14610,84733,555,0,85288,99294,604,0,99898,20,0,0,20,3,0,0,3,42,1,0,43,0,0,0,0,2,0,0,2,67,1,0,68,9,0,0,9,2799,11,0,2810,109,0,0,109,1838,11,0,1849,4746,22,0,4768,94481,581,0,95062
,51,Burglary,21702,252,0,21954,15381,153,0,15534,64803,1065,0,65868,80184,1218,0,81402,7,0,0,7,6,0,0,6,937,10,0,947,34653,621,0,35274,35590,631,0,36221,44581,587,0,45168,6120,41,0,6161,70746,1028,12,71786,4186,94,0,4280,74932,1122,12,76066,670649,7611,1,678261,745581,8733,13,754327,308,1,0,309,261,1,0,262,2378,31,0,2409,244,8,0,252,45,0,0,45,3236,41,0,3277,340,10,0,350,15725,88,0,15813,2397,21,0,2418,23313,311,0,23624,41435,420,0,41855,700910,8272,13,709195
,,51A Day Time,2497,63,0,2560,2548,40,0,2588,10729,299,0,11028,13277,339,0,13616,2,0,0,2,4,0,0,4,312,5,0,317,6501,191,0,6692,6813,196,0,7009,6458,143,0,6601,976,23,0,999,11323,284,0,11607,662,24,0,686,11985,308,0,12293,119515,2706,0,122221,131500,3014,0,134514,80,0,0,80,38,0,0,38,470,4,0,474,23,2,0,25,13,0,0,13,624,6,0,630,62,10,0,72,2109,24,0,2133,298,2,0,300,4250,85,0,4335,6657,111,0,6768,124219,2897,0,127116
,,51B Night,19205,189,0,19394,12833,113,0,12946,54074,766,0,54840,66907,879,0,67786,5,0,0,5,2,0,0,2,625,5,0,630,28152,430,0,28582,28777,435,0,29212,38123,444,0,38567,5144,18,0,5162,59423,744,12,60179,3524,70,0,3594,62947,814,12,63773,551134,4905,1,556040,614081,5719,13,619813,228,1,0,229,223,1,0,224,1908,27,0,1935,221,6,0,227,32,0,0,32,2612,35,0,2647,278,0,0,278,13616,64,0,13680,2099,19,0,2118,19063,226,0,19289,34778,309,0,35087,576691,5375,13,582079
,E,Offences against Property (Total),148037,3986,9,152032,89458,1098,0,90556,381903,6959,30,388892,471361,8057,30,479448,36,0,0,36,545,0,0,545,7579,169,0,7753,190119,4188,21,194328,197698,4357,21,202076,273082,3700,9,276791,37722,393,0,38115,415907,6822,43,422772,50815,2752,35,53602,466722,9574,78,476374,3862227,54035,118,3916380,4328949,63609,196,4392754,1406,14,0,1420,844,7,0,851,28509,766,2,29277,3388,127,0,3515,401,15,0,416,34548,929,2,35479,1447,100,1,1548,83969,704,0,84673,11008,142,0,11150,119681,1746,13,121440,214658,2592,13,217263,4079743,60088,181,4140012
,52,Counterfeiting,213,1,0,214,251,0,0,251,932,13,0,945,1183,13,0,1196,0,0,0,0,10,1,0,11,16,2,0,18,467,2,0,469,483,4,0,487,690,8,0,698,47,1,0,48,958,11,0,969,54,1,0,55,1012,12,0,1024,19758,322,0,20080,20770,334,0,21104,3,0,0,3,1,0,0,1,14,0,0,14,0,0,0,0,1,0,0,1,19,0,0,19,4,0,0,4,159,0,0,159,9,0,0,9,388,1,0,389,556,1,0,557,20195,333,0,20528
,,52A Counterfeit Coin,1,0,0,1,5,0,0,5,44,0,0,44,49,0,0,49,0,0,0,0,0,0,0,0,2,0,0,2,26,0,0,26,28,0,0,28,21,0,0,21,2,0,0,2,35,0,0,35,2,0,0,2,37,0,0,37,1735,2,0,1737,1772,2,0,1774,0,0,0,0,0,0,0,0,8,0,0,8,0,0,0,0,0,0,0,0,8,0,0,8,0,0,0,0,3,0,0,3,0,0,0,0,11,0,0,11,14,0,0,14,1750,2,0,1752
,,52B Counterfeiting Government Stamp,1,0,0,1,0,0,0,0,2,0,0,2,2,0,0,2,0,0,0,0,0,0,0,0,0,0,0,0,2,0,0,2,2,0,0,2,0,0,0,0,2,0,0,2,2,0,0,2,1,0,0,1,3,0,0,3,33,0,0,33,36,0,0,36,0,0,0,0,0,0,0,0,0,0,0,0,0,0,0,0,0,0,0,0,0,0,0,0,0,0,0,0,0,0,0,0,0,0,0,0,0,0,0,0,0,0,0,0,36,0,0,36
,,52C Counterfeiting of Seal or Mark,3,0,0,3,0,0,0,0,21,0,0,21,21,0,0,21,0,0,0,0,0,0,0,0,0,0,0,0,13,0,0,13,13,0,0,13,8,0,0,8,4,0,0,4,16,0,0,16,1,0,0,1,17,0,0,17,95,0,0,95,112,0,0,112,0,0,0,0,0,0,0,0,0,0,0,0,0,0,0,0,0,0,0,0,0,0,0,0,0,0,0,0,5,0,0,5,0,0,0,0,0,0,0,0,5,0,0,5,107,0,0,107
,,52D Counterfeit Currency & Bank notes,208,1,0,209,246,0,0,246,865,13,0,878,1111,13,0,1124,0,0,0,0,10,1,0,11,14,2,0,16,426,2,0,428,440,4,0,444,661,8,0,669,39,1,0,40,905,11,0,916,50,1,0,51,955,12,0,967,17895,320,0,18215,18850,332,0,19182,3,0,0,3,1,0,0,1,6,0,0,6,0,0,0,0,1,0,0,1,11,0,0,11,4,0,0,4,151,0,0,151,9,0,0,9,377,1,0,378,537,1,0,538,18302,331,0,18633
,53,"Forgery, Cheating & Fraud",75862,4647,0,80509,35936,2587,0,38523,71600,5142,0,76742,107536,7729,0,115265,22,0,0,22,904,13,0,917,3145,506,0,3651,47340,3425,0,50765,50485,3931,0,54416,56125,3785,0,59910,14168,760,0,14928,99067,5612,0,104679,42167,2727,2,44896,141234,8339,2,149575,1023300,39509,1,1062810,1164534,47848,3,1212385,467,16,0,483,159,1,0,160,7175,493,0,7668,197,8,0,205,684,41,0,725,8682,559,0,9241,476,47,0,523,18577,346,0,18923,2921,148,0,3069,31789,1164,0,32953,53287,1658,0,54945,1102565,45631,3,1148199
,,53A Fraud,14107,620,0,14727,6835,289,0,7124,13071,603,0,13674,19906,892,0,20798,3,0,0,3,135,0,0,135,581,48,0,629,7899,408,0,8307,8480,456,0,8936,11288,436,0,11724,1559,79,0,1638,18059,657,0,18716,5947,303,0,6250,24006,960,0,24966,140873,4664,0,145537,164879,5624,0,170503,62,0,0,62,13,0,0,13,1292,92,0,1384,49,0,0,49,112,3,0,115,1528,95,0,1623,32,0,0,32,1939,29,0,1968,383,17,0,400,4285,142,0,4427,6607,188,0,6795,156744,5341,0,162085
,,53A.1 Bank,3388,129,0,3517,521,13,0,534,1055,55,0,1110,1576,68,0,1644,0,0,0,0,33,0,0,33,50,5,0,55,558,12,0,570,608,17,0,625,935,51,0,986,129,2,0,131,1338,31,0,1369,867,53,0,920,2205,84,0,2289,10411,498,0,10909,12616,582,0,13198,2,0,0,2,0,0,0,0,142,10,0,152,0,0,0,0,6,0,0,6,150,10,0,160,1,0,0,1,146,1,0,147,8,0,0,8,392,7,0,399,546,8,0,554,11920,564,0,12484
,,53A.2 ATMs,786,24,0,810,496,10,0,506,930,14,0,944,1426,24,0,1450,0,0,0,0,0,0,0,0,3,0,0,3,514,1,0,515,517,1,0,518,909,23,0,932,107,0,0,107,1333,7,0,1340,211,7,0,218,1544,14,0,1558,11375,153,0,11528,12919,167,0,13086,0,0,0,0,0,0,0,0,88,0,0,88,0,0,0,0,3,0,0,3,91,0,0,91,0,0,0,0,301,0,0,301,13,0,0,13,226,0,0,226,540,0,0,540,12288,167,0,12455
,,53A.3 Credit Card/Debit Card,741,10,0,751,352,7,0,359,701,7,0,708,1053,14,0,1067,0,0,0,0,0,0,0,0,0,0,0,0,263,5,0,268,263,5,0,268,790,9,0,799,124,1,0,125,886,12,0,898,422,2,0,424,1308,14,0,1322,6259,99,0,6358,7567,113,0,7680,0,0,0,0,2,0,0,2,128,2,0,130,0,0,0,0,1,0,0,1,131,2,0,133,1,0,0,1,96,0,0,96,7,0,0,7,202,0,0,202,305,0,0,305,7131,111,0,7242
,,53A.4 Other Frauds,9192,457,0,9649,5466,259,0,5725,10385,527,0,10912,15851,786,0,16637,3,0,0,3,102,0,0,102,528,43,0,571,6564,390,0,6954,7092,433,0,7525,8654,353,0,9007,1199,76,0,1275,14502,607,0,15109,4447,241,0,4688,18949,848,0,19797,112828,3914,0,116742,131777,4762,0,136539,60,0,0,60,11,0,0,11,934,80,0,1014,49,0,0,49,102,3,0,105,1156,83,0,1239,30,0,0,30,1396,28,0,1424,355,17,0,372,3465,135,0,3600,5216,180,0,5396,125405,4499,0,129904
,,53B Cheating,54883,3653,0,58536,23605,2057,0,25662,45534,3798,0,49332,69139,5855,0,74994,15,0,0,15,739,13,0,752,2502,451,0,2951,32722,2573,0,35295,35224,3024,0,38248,33161,2818,0,35979,9917,576,0,10493,64486,4251,0,68737,31507,2182,2,33691,95993,6433,2,102428,754419,30216,1,784636,850412,36649,3,887064,379,16,0,395,121,1,0,122,5449,387,0,5836,132,8,0,140,530,38,0,568,6611,450,0,7061,424,47,0,471,14032,287,0,14319,2165,118,0,2283,23399,923,0,24322,39596,1328,0,40924,804205,34871,3,839079
,,53C Forgery,6872,374,0,7246,5496,241,0,5737,12995,741,0,13736,18491,982,0,19473,4,0,0,4,30,0,0,30,62,7,0,68,6719,444,0,7163,6781,451,0,7232,11676,531,0,12207,2692,105,0,2797,16522,704,0,17226,4713,242,0,4955,21235,946,0,22181,128008,4629,0,132637,149243,5575,0,154818,26,0,0,26,25,0,0,25,434,14,0,448,16,0,0,16,42,0,0,42,543,14,0,557,20,0,0,20,2606,30,0,2636,373,13,0,386,4105,99,0,4204,7084,142,0,7226,141616,5419,0,147035
,F,Offences Relating to Documents & Property Marks (Total),76075,4648,0,80723,36187,2587,0,38774,72532,5155,0,77687,108719,7742,0,116461,22,0,0,22,914,14,0,928,3161,508,0,3669,47807,3427,0,51234,50968,3935,0,54903,56815,3793,0,60608,14215,761,0,14976,100025,5623,0,105648,42221,2728,2,44951,142246,8351,2,150599,1043058,39831,1,1082890,1185304,48182,3,1233489,470,16,0,486,160,1,0,161,7189,493,0,7682,197,8,0,205,685,41,0,726,8701,559,0,9260,480,47,0,527,18736,346,0,19082,2930,148,0,3078,32177,1165,0,33342,53843,1659,0,55502,1122760,45964,3,1168727
,54,Abetment outside India for offence in India,186,0,0,186,0,0,0,0,1,0,0,1,1,0,0,1,0,0,0,0,0,0,0,0,0,0,0,0,0,0,0,0,0,0,0,0,1,0,0,1,0,0,0,0,0,0,0,0,0,0,0,0,0,0,0,0,0,0,0,0,0,0,0,0,0,0,0,0,0,0,0,0,0,0,0,0,0,0,0,0,0,0,0,0,0,0,0,0,0,0,0,0,0,0,0,0,0,0,0,0,0,0,0,0,0,0,0,0,0,0,0,0
,55,Offences relating to Elections,2402,72,0,2474,456,2,0,458,1035,47,0,1082,1491,49,0,1540,1,0,0,1,3,0,0,3,308,35,0,343,510,7,0,517,818,42,0,860,669,7,0,676,52,0,0,52,1927,73,0,2000,1043,33,0,1076,2970,106,0,3076,15040,190,0,15230,18010,296,0,18306,4,0,0,4,5,0,0,5,59,0,0,59,0,0,0,0,9,0,0,9,77,0,0,77,1,0,0,1,800,10,0,810,7,1,0,8,824,3,0,827,1631,14,0,1645,16302,282,0,16584
,56,Disobedience to order duly promulgated by Public Servant,37148,1296,0,38444,5337,50,0,5387,33476,519,0,33995,38813,569,0,39382,1,0,0,1,0,0,0,0,9517,273,0,9944,12177,192,0,12369,21694,465,0,22159,17118,104,0,17222,2249,51,0,2300,41336,498,6,41840,24841,418,0,25259,66177,916,6,67099,545959,18708,0,564667,612136,19624,6,631766,47,1,0,48,1273,3,0,1276,842,28,0,870,73,3,0,76,163,2,0,165,2398,37,0,2435,12,0,0,12,54230,508,0,54738,7545,92,0,7637,18742,914,0,19656,80517,1514,0,82031,529221,18073,6,547300
,57,Harbouring an Offender,30,3,0,33,6,0,0,6,60,3,0,63,66,3,0,69,0,0,0,0,0,0,0,0,2,0,0,3,6,0,0,6,8,0,0,8,58,3,0,61,2,0,0,2,42,1,0,43,16,3,0,19,58,4,0,62,850,11,0,861,908,15,0,923,0,0,0,0,0,0,0,0,0,0,0,0,1,0,0,1,0,0,0,0,1,0,0,1,0,0,0,0,11,0,0,11,0,0,0,0,37,1,0,38,48,1,0,49,859,14,0,873
,58,Rash Driving on Public way,260482,2532,29,263043,28059,297,0,28356,193402,2535,1,195938,221461,2832,1,224294,127,0,0,127,7,0,0,7,116123,1342,1,117466,39917,575,0,40492,156040,1917,1,157958,65287,915,0,66202,15462,92,0,15554,223440,2721,2,226163,191592,1699,1,193292,415032,4420,3,419455,1511587,15067,0,1526654,1926619,19487,3,1946109,927,2,0,929,338,3,0,341,11281,255,0,11536,1843,22,0,1865,251,4,0,255,14640,286,0,14926,836,0,0,836,290109,1599,0,291708,7859,64,0,7923,58892,242,0,59134,356860,1905,0,358765,1555119,17296,3,1572418
,59,Obstruction on Public way,90131,986,0,91117,3485,4,0,3489,55739,240,0,55979,59224,244,0,59468,0,0,0,0,0,0,0,0,20544,107,0,20983,20440,80,0,20520,40984,187,0,41171,18240,57,0,18297,2218,14,0,2232,70178,241,0,70419,75890,700,0,76590,146068,941,0,147009,202210,4306,0,206516,348278,5247,0,353525,21,0,0,21,3,0,0,3,108,5,0,113,1,0,0,1,3,0,0,3,136,5,0,141,2,0,0,2,125048,559,0,125607,1360,49,0,1409,5510,85,0,5595,131918,693,0,132611,216224,4549,0,220773
,60,Sale of obscene Books/Objects,83,0,0,83,6,0,0,6,42,2,0,44,48,2,0,50,0,0,0,0,0,0,0,0,28,2,0,30,9,0,0,9,37,2,0,39,11,0,0,11,1,0,0,1,26,0,0,26,43,0,0,43,69,0,0,69,1557,34,0,1591,1626,34,0,1660,1,0,0,1,0,0,0,0,2,0,0,2,0,0,0,0,0,0,0,0,3,0,0,3,0,0,0,0,76,0,0,76,3,0,0,3,249,2,0,251,328,2,0,330,1295,32,0,1327
,61,Obscene Acts and Songs at Public Places,47634,4764,9,52407,2070,165,0,2235,20441,2029,1,22471,22511,2194,1,24706,133,0,0,133,0,0,0,0,8824,788,1,9613,3584,549,0,4133,12408,1337,1,13746,9970,857,0,10827,2349,279,0,2628,24589,1821,3,26413,33998,3498,211,37707,58587,5319,214,64120,217478,21434,32,238944,276065,26753,246,303064,88,1,0,89,4,0,0,4,2943,226,0,3169,72,6,0,78,44,0,0,44,3151,233,0,3384,1,0,0,1,12719,480,9,13208,216,3,0,219,28615,2416,0,31031,41550,2899,9,44458,231364,23621,237,255222
,62,Offences relating to Religion,1566,50,0,1616,454,13,0,467,1245,46,0,1291,1699,59,0,1758,2,0,0,2,2,0,0,2,83,3,0,86,666,23,0,689,749,26,0,775,946,33,0,979,122,1,0,123,1438,41,0,1479,929,21,0,950,2367,62,0,2429,13183,240,0,13423,15550,302,0,15852,5,0,0,5,8,0,0,8,35,0,0,35,0,0,0,0,7,0,0,7,55,0,0,55,1,0,0,1,265,3,0,268,85,2,0,87,689,3,0,692,1039,8,0,1047,14456,294,0,14750
,63,Cheating by Impersonation,281,9,0,290,16,0,0,16,269,7,0,276,285,7,0,292,0,0,0,0,0,0,0,0,20,1,0,21,68,3,0,71,88,4,0,92,197,3,0,200,29,0,0,29,268,4,0,272,196,1,0,197,464,5,0,469,3960,94,0,4054,4424,99,0,4523,2,0,0,2,0,0,0,0,18,1,0,19,0,0,0,0,0,0,0,0,20,1,0,21,0,0,0,0,18,1,0,19,10,0,0,10,80,0,0,80,108,1,0,109,4296,97,0,4393
,64,Offences related to Mischief,4323,173,0,4496,400,8,0,408,3203,132,0,3335,3603,140,0,3743,0,0,0,0,1,0,0,1,693,56,0,745,1567,52,0,1619,2260,108,0,2368,1342,32,0,1374,357,15,0,372,3700,137,0,3837,2279,80,0,2359,5979,217,0,6196,23195,587,0,23782,29174,804,0,29978,16,0,0,16,4,0,0,4,242,9,0,251,9,0,0,9,5,1,0,6,276,10,0,286,7,0,0,7,438,11,0,449,191,0,0,191,1057,23,0,1080,1686,34,0,1720,27212,760,0,27972
,65,Arson,4364,107,0,4471,1040,21,0,1061,5318,124,0,5442,6358,145,0,6503,0,0,0,0,1,0,0,1,413,14,0,428,2760,77,0,2837,3173,91,0,3264,3184,54,0,3238,658,17,0,675,5728,139,0,5867,2224,60,0,2284,7952,199,0,8151,96907,2032,0,98939,104859,2231,0,107090,100,0,0,100,39,0,0,39,318,5,0,323,6,0,0,6,13,0,0,13,476,5,0,481,3,0,0,3,511,2,0,513,272,2,0,274,3606,110,0,3716,4389,114,0,4503,99994,2112,0,102106
,66,Criminal Trespass,45213,5159,0,50372,6007,496,0,6503,22629,2112,0,24741,28636,2608,0,31244,13,3,0,16,8,0,0,8,3916,442,0,4340,10550,1041,0,11591,14466,1483,0,15949,14149,1122,0,15271,3967,420,0,4387,32718,3115,0,35833,29227,3103,0,32330,61945,6218,0,68163,374789,29540,13,404342,436734,35758,13,472505,112,0,0,112,95,19,0,114,7523,796,0,8319,27,5,0,32,185,17,0,202,7942,837,0,8779,38,1,0,39,7690,471,0,8161,696,53,0,749,15476,1247,2,16725,23862,1771,2,25635,404930,33150,11,438091
,67,Circulate False/Fake News/Rumours,1693,60,0,1753,190,3,0,193,1508,49,0,1557,1698,52,0,1750,0,0,0,0,15,0,0,15,71,2,0,73,320,24,0,344,391,26,0,417,1292,26,0,1318,345,12,0,357,1419,47,0,1466,956,5,0,961,2375,52,0,2427,3889,85,0,3974,6264,137,0,6401,4,0,0,4,1,0,0,1,48,0,0,48,0,0,0,0,1,0,0,1,54,0,0,54,0,0,0,0,95,2,0,97,5,0,0,5,253,15,0,268,353,17,0,370,5857,120,0,5977
,G,Miscellaneous BNS/IPC Crimes(Total),495536,15211,38,510785,47526,1059,0,48585,338368,7845,2,346215,385894,8904,2,394800,277,3,0,280,37,0,0,37,160542,3065,2,164075,92574,2623,0,95197,253116,5688,2,258806,132464,3213,0,135677,27811,901,0,28712,406809,8838,11,415658,363234,9621,212,373067,770043,18459,223,788725,3010604,92328,45,3102977,3780647,110787,268,3891702,1327,4,0,1331,1770,25,0,1795,23419,1325,0,24744,2032,36,0,2068,681,24,0,705,29229,1414,0,30643,901,1,0,902,492010,3646,9,495665,18249,266,0,18515,134030,5061,2,139093,644289,8973,11,653273,3107129,100400,257,3207786
,68,Other BNS/IPC crimes,573900,51331,45,625276,66415,3078,2,69495,439313,29453,18,468784,505728,32531,20,538279,73,1,0,74,75,1,0,76,64120,5494,2,69359,108161,8865,17,117043,172281,14359,19,186659,333299,18170,1,351470,64134,6670,1,70805,536009,33292,19,569320,460338,39328,36,499702,996347,72620,55,1069022,7512885,433335,107,7946327,8509232,505955,162,9015349,1624,45,0,1669,1514,50,0,1564,75468,7522,0,82990,13844,927,12,14783,741,67,0,808,93191,8611,12,101814,1898,43,0,1941,228822,7374,0,236196,24204,1495,0,25699,260467,16716,0,277183,513493,25585,0,539078,7902548,471759,150,8374457
,69,Total Cognizable BNS/IPC crimes,2240354,202022,193,2442569,407273,18558,10,425841,2114613,131556,102,2246271,2521886,150114,112,2672112,1640,19,0,1659,1835,34,0,1869,397132,38183,15,435589,761427,48207,72,809706,1158559,86390,87,1245036,1359852,63671,25,1423548,245038,18951,5,263994,2510983,139237,511,2650731,1529965,130624,335,1660924,4040948,269861,846,4311655,27783941,1479001,634,29263576,31824889,1748862,1480,33575231,10129,175,0,10304,9068,719,0,9787,229792,23587,2,253381,29424,1718,12,31154,10356,1397,0,11753,288769,27596,14,316379,6279,251,1,6531,1050459,20972,10,1071441,87724,3509,0,91233,1065969,70267,46,1136282,2204152,94748,56,2298956,29331968,1626518,1410,30959896
,1,The Dowry Prohibition Act,13457,4316,0,17773,2549,578,0,3127,9452,2590,0,12042,12001,3168,0,15169,2,0,0,2,15,9,0,24,540,162,0,702,3850,2005,0,5855,4390,2167,0,6557,7594,992,0,8586,2197,681,0,2878,13210,3237,3,16450,10609,3267,41,13917,23819,6504,44,30367,169258,31583,0,200841,193077,38087,44,231208,147,3,0,150,29,3,0,32,382,89,0,471,35,0,0,35,124,69,0,193,717,164,0,881,10,8,0,18,858,114,0,972,463,29,0,492,5299,1090,0,6389,6620,1233,0,7853,185740,36690,44,222474
,2,The Immoral Traffic (Prevention) Act,691,384,0,1075,875,155,0,1030,2996,1106,0,4102,3871,1261,0,5132,0,0,0,0,0,0,0,0,78,48,0,126,2374,810,0,3184,2452,858,0,3310,1419,403,0,1822,111,39,0,150,3246,1015,0,4261,336,286,0,622,3582,1301,0,4883,44573,12302,1,56876,48155,13603,1,61759,6,1,0,7,6,0,0,6,13,4,0,17,0,0,0,0,6,3,0,9,31,8,0,39,4,10,0,14,217,170,0,387,76,14,0,90,1168,403,0,1571,1461,587,0,2048,46663,13008,1,59672
,3,The Protection of Women from Domestic Violence Act,272,31,0,303,61,4,0,65,354,27,0,381,415,31,0,446,0,0,0,0,0,0,0,0,75,12,0,87,290,15,0,305,365,27,0,392,50,4,0,54,11,0,0,11,460,31,0,491,144,18,0,162,604,49,0,653,3895,227,0,4122,4499,276,0,4775,12,0,0,12,1,0,0,1,3,0,0,3,0,0,0,0,8,5,0,13,24,5,0,29,0,0,0,0,23,0,0,23,3,0,0,3,65,3,0,68,91,3,0,94,4384,268,0,4652
,4,The Indecent Representation of Women (Prohibition) Act,110,0,0,110,5,0,0,5,9,0,0,9,14,0,0,14,0,0,0,0,0,0,0,0,1,0,0,1,8,0,0,8,9,0,0,9,5,0,0,5,2,0,0,2,11,0,0,11,1,0,0,1,12,0,0,12,694,10,0,704,706,10,0,716,0,0,0,0,0,0,0,0,0,0,0,0,0,0,0,0,0,0,0,0,0,0,0,0,0,0,0,0,1,0,0,1,6,1,0,7,2,0,0,2,9,1,0,10,697,9,0,706
,A,Crime Against Women – Related Acts,14530,4731,0,19261,3490,737,0,4227,12811,3723,0,16534,16301,4460,0,20761,2,0,0,2,15,9,0,24,694,222,0,916,6522,2830,0,9352,7216,3052,0,10268,9068,1399,0,10467,2321,720,0,3041,16927,4283,3,21213,11090,3571,41,14702,28017,7854,44,35915,218420,44122,1,262543,246437,51976,45,298458,165,4,0,169,36,3,0,39,398,93,0,491,35,0,0,35,138,77,0,215,772,177,0,949,14,18,0,32,1099,284,0,1383,548,44,0,592,6534,1496,0,8030,8181,1824,0,10005,237484,49975,45,287504
,5,The Protection of Children from Sexual Offences Act,9555,477,0,10032,10134,158,1,10293,67629,1758,2,69389,77763,1916,3,79682,21,0,0,21,134,5,0,139,428,36,0,464,28094,1156,1,29251,28522,1192,1,29715,49086,719,2,49807,2678,59,0,2737,73593,1746,81,75420,5308,173,0,5481,78901,1919,81,80901,336360,6160,7,342527,415261,8079,88,423428,325,0,0,325,207,1,0,208,355,3,0,358,3,0,0,3,220,7,0,227,1110,11,0,1121,31,0,0,31,14907,111,0,15018,1309,6,0,1315,29616,606,0,30222,45832,723,0,46555,368319,7345,88,375752
,6,The Juvenile Justice (Care and Protection of Children) Act,1217,53,0,1270,290,17,0,307,1279,181,1,1461,1569,198,1,1768,0,0,0,0,1,0,0,1,99,12,0,111,778,154,1,933,877,166,1,1044,691,32,0,723,86,2,0,88,1431,181,1,1613,932,39,1,972,2363,220,2,2585,13210,1095,0,14305,15573,1315,2,16890,7,2,0,9,13,0,0,13,14,1,0,15,0,0,0,0,11,2,0,13,45,5,0,50,1,1,0,2,778,16,0,794,40,0,0,40,487,33,0,520,1305,49,0,1354,14223,1261,2,15486
,7,The Prohibition of Child Marriage Act,1009,268,0,1277,217,49,0,266,1746,348,0,2094,1963,397,0,2360,0,0,0,0,12,2,0,14,109,54,0,163,843,259,0,1102,952,313,0,1265,999,82,0,1081,48,10,0,58,1520,352,8,1880,408,141,0,549,1928,493,8,2429,13391,2005,0,15396,15319,2498,8,17825,0,0,0,0,20,0,0,20,72,0,0,72,0,0,0,0,15,8,0,23,107,8,0,115,0,0,0,0,228,6,0,234,13,3,0,16,861,121,0,982,1102,130,0,1232,14110,2360,8,16478
,8,The Pre-Natal Diagnostic Techniques (Reg and Prev of Misuse) Act,19,2,0,21,12,1,0,13,54,12,0,66,66,13,0,79,2,0,0,2,3,0,0,3,0,0,0,0,23,9,0,32,23,9,0,32,38,4,0,42,3,1,0,4,56,12,0,68,6,1,0,7,62,13,0,75,642,157,0,799,704,170,0,874,0,0,0,0,0,0,0,0,0,0,0,0,0,0,0,0,0,0,0,0,0,0,0,0,0,0,0,0,10,1,0,11,0,0,0,0,32,8,0,40,42,9,0,51,662,161,0,823
,9,The Child Labour (Prohibition & Regulation) Act,694,23,0,717,117,2,0,119,726,17,0,743,843,19,0,862,0,0,0,0,0,0,0,0,50,4,0,54,302,4,0,306,352,8,0,360,491,11,0,502,41,0,0,41,1047,25,0,1072,340,21,0,361,1387,46,0,1433,4042,81,0,4123,5429,127,0,5556,3,0,0,3,0,0,0,0,2,0,0,2,0,0,0,0,0,0,0,0,5,0,0,5,1,0,0,1,279,0,0,279,13,0,0,13,143,1,0,144,435,1,0,436,4989,126,0,5115
,10,The Medical Termination of Pregnancy Act,11,0,0,11,11,4,0,15,9,4,0,13,20,8,0,28,0,0,0,0,0,0,0,0,0,0,0,0,6,1,0,7,6,1,0,7,14,7,0,21,3,0,0,3,18,8,0,26,3,0,0,3,21,8,0,29,352,96,0,448,373,104,0,477,0,0,0,0,0,0,0,0,0,0,0,0,0,0,0,0,0,0,0,0,0,0,0,0,0,0,0,0,3,0,0,3,2,0,0,2,8,0,0,8,13,0,0,13,360,104,0,464
,B,Children Related – Acts,12505,823,0,13328,10781,231,1,11013,71443,2320,3,73766,82224,2551,4,84779,23,0,0,23,150,7,0,157,686,106,0,792,30046,1583,2,31631,30732,1689,2,32423,51319,855,2,52176,2859,72,0,2931,77665,2324,90,80079,6997,375,1,7373,84662,2699,91,87452,367997,9594,7,377598,452659,12293,98,465050,335,2,0,337,240,1,0,241,443,4,0,447,3,0,0,3,246,17,0,263,1267,24,0,1291,33,1,0,34,16205,134,0,16339,1377,9,0,1386,31147,769,0,31916,48729,912,0,49641,402663,11357,98,414118
,11,The SC/ST (Prevention of Atrocities) Act for Crimes against SCs,5093,395,0,5488,333,25,0,358,4691,163,0,4854,5024,188,0,5212,0,0,0,0,1,0,0,1,14,1,0,15,1682,71,0,1753,1696,72,0,1768,3327,116,0,3443,1262,130,0,1392,4936,196,0,5132,4266,319,0,4585,9202,515,0,9717,96303,2746,0,99049,105505,3261,0,108766,11,0,0,11,0,0,0,0,0,0,0,0,0,0,0,0,55,8,0,63,66,8,0,74,2,0,0,2,1160,34,0,1194,67,2,0,69,2191,138,0,2329,3418,174,0,3592,102021,3079,0,105100
,12,The SC/ST (Prevention of Atrocities) Act for Crimes against STs,364,11,0,375,76,1,0,77,596,21,0,617,672,22,0,694,0,0,0,0,1,0,0,1,12,0,0,12,332,9,0,341,344,9,0,353,327,13,0,340,148,3,0,151,657,20,0,677,128,3,0,131,785,23,0,808,7823,264,0,8087,8608,287,0,8895,2,0,0,2,0,0,0,0,0,0,0,0,0,0,0,0,1,0,0,1,3,0,0,3,0,0,0,0,69,1,0,70,25,5,0,30,543,17,0,560,637,23,0,660,7968,264,0,8232
,13,The Protection of Civil Rights Act for Crimes against SCs,18,1,0,19,6,0,0,6,18,0,0,18,24,0,0,24,0,0,0,0,0,0,0,0,3,0,0,3,18,0,0,18,21,0,0,21,3,0,0,3,0,0,0,0,9,0,0,9,6,0,0,6,15,0,0,15,2042,32,0,2074,2057,32,0,2089,0,0,0,0,0,0,0,0,0,0,0,0,0,0,0,0,0,0,0,0,0,0,0,0,0,0,0,0,0,0,0,0,0,0,0,0,22,0,0,22,22,0,0,22,2035,32,0,2067
,14,The Protection of Civil Rights Act for Crimes against STs,5,0,0,5,0,0,0,0,3,0,0,3,3,0,0,3,0,0,0,0,0,0,0,0,1,0,0,1,1,0,0,1,2,0,0,2,1,0,0,1,0,0,0,0,5,0,0,5,0,0,0,0,5,0,0,5,91,3,0,94,96,3,0,99,0,0,0,0,0,0,0,0,0,0,0,0,0,0,0,0,0,0,0,0,0,0,0,0,0,0,0,0,0,0,0,0,0,0,0,0,2,0,0,2,2,0,0,2,94,3,0,97
,C,Scheduled Castes and Scheduled Tribes – Related Acts,5480,407,0,5887,415,26,0,441,5308,184,0,5492,5723,210,0,5933,0,0,0,0,2,0,0,2,30,1,0,31,2033,80,0,2113,2063,81,0,2144,3658,129,0,3787,1410,133,0,1543,5607,216,0,5823,4400,322,0,4722,10007,538,0,10545,106259,3045,0,109304,116266,3583,0,119849,13,0,0,13,0,0,0,0,0,0,0,0,0,0,0,0,56,8,0,64,69,8,0,77,2,0,0,2,1229,35,0,1264,92,7,0,99,2758,155,0,2913,4079,197,0,4276,112118,3378,0,115496
,15,The Prevention of Damage to Public Property Act,2693,97,0,2790,1323,12,0,1335,6066,88,0,6154,7389,100,0,7489,0,0,0,0,0,0,0,0,918,14,0,932,2746,75,0,2821,3664,89,0,3753,3725,11,0,3736,383,28,0,411,5519,52,0,5571,2102,55,0,2157,7621,107,0,7728,51053,714,8,51775,58674,821,8,59503,43,0,0,43,21,0,0,21,35,0,0,35,0,0,0,0,26,0,0,26,125,0,0,125,4,0,0,4,2711,9,0,2720,60,1,0,61,2178,20,0,2198,4949,30,0,4979,53600,791,8,54399
,16,The Unlawful Activities (P) Act,339,1,0,340,1168,0,0,1168,962,15,0,977,2130,15,0,2145,1,0,0,1,4,0,0,4,2,0,0,2,114,0,0,114,116,0,0,116,2009,15,0,2024,229,1,0,230,1623,6,0,1629,28,0,0,28,1651,6,0,1657,11419,36,0,11455,13070,42,0,13112,71,0,0,71,0,0,0,0,0,0,0,0,0,0,0,0,0,0,0,0,71,0,0,71,10,0,0,10,802,0,0,802,15,0,0,15,338,1,0,339,1155,1,0,1156,11844,41,0,11885
,17,The Official Secrets Act,11,0,0,11,12,0,0,12,18,0,0,18,30,0,0,30,0,0,0,0,0,0,0,0,3,0,0,3,9,0,0,9,12,0,0,12,18,0,0,18,2,0,0,2,30,0,0,30,1,0,0,1,31,0,0,31,268,7,0,275,299,7,0,306,1,0,0,1,0,0,0,0,0,0,0,0,0,0,0,0,0,0,0,0,1,0,0,1,0,0,0,0,3,0,0,3,0,0,0,0,2,0,0,2,5,0,0,5,293,7,0,300
,D,Offences against State - Related Acts,3043,98,0,3141,2503,12,0,2515,7046,103,0,7149,9549,115,0,9664,1,0,0,1,4,0,0,4,923,14,0,937,2869,75,0,2944,3792,89,0,3881,5752,26,0,5778,614,29,0,643,7172,58,0,7230,2131,55,0,2186,9303,113,0,9416,62740,757,8,63505,72043,870,8,72921,115,0,0,115,21,0,0,21,35,0,0,35,0,0,0,0,26,0,0,26,197,0,0,197,14,0,0,14,3516,9,0,3525,75,1,0,76,2518,21,0,2539,6109,31,0,6140,65737,839,8,66584
,18,The Arms Act,10290,17,0,10307,8508,5,0,8513,59910,79,0,59989,68418,84,0,68502,23,0,0,23,1,0,0,1,205,1,0,206,18424,35,0,18459,18629,36,0,18665,49765,48,0,49813,2027,1,0,2028,64197,94,19,64310,8137,5,0,8142,72334,99,19,72452,616635,1277,0,617912,688969,1376,19,690364,366,0,0,366,41,0,0,41,37,0,0,37,55,0,0,55,123,1,0,124,622,1,0,623,440,27,0,467,28577,4,0,28581,2766,0,0,2766,15181,12,0,15193,46524,16,0,46540,641823,1359,19,643201
,,18.1 Fire Arms,2038,16,0,2054,6834,2,0,6836,38265,67,0,38332,45099,69,0,45168,21,0,0,21,1,0,0,1,52,1,0,53,10126,22,0,10148,10178,23,0,10201,34899,46,0,34945,1041,1,0,1042,42829,54,0,42883,1480,3,0,1483,44309,57,0,44366,431775,330,0,432105,476084,387,0,476471,119,0,0,119,22,0,0,22,11,0,0,11,49,0,0,49,22,1,0,23,223,1,0,224,248,27,0,275,18260,2,0,18262,1310,0,0,1310,9061,12,0,9073,28631,14,0,28645,447230,372,0,447602
,,18.1A Legal/Licensed Arms,64,8,0,72,64,0,0,64,365,5,0,370,429,5,0,434,0,0,0,0,0,0,0,0,2,1,0,3,234,4,0,238,236,5,0,241,193,0,0,193,12,0,0,12,377,2,0,379,30,2,0,32,407,4,0,411,9569,12,0,9581,9976,16,0,9992,2,0,0,2,1,0,0,1,0,0,0,0,0,0,0,0,1,0,0,1,4,0,0,4,1,0,0,1,334,0,0,334,4,0,0,4,53,0,0,53,391,0,0,391,9581,16,0,9597
,,18.1B Illegal/Unlicensed Arms,1974,8,0,1982,6770,2,0,6772,37900,62,0,37962,44670,64,0,44734,21,0,0,21,1,0,0,1,50,0,0,50,9892,18,0,9910,9942,18,0,9960,34706,46,0,34752,1029,1,0,1030,42452,52,0,42504,1450,1,0,1451,43902,53,0,43955,422206,318,0,422524,466108,371,0,466479,117,0,0,117,21,0,0,21,11,0,0,11,49,0,0,49,21,1,0,22,219,1,0,220,247,27,0,274,17926,2,0,17928,1306,0,0,1306,9008,12,0,9020,28240,14,0,28254,437649,356,0,438005
,,18.2 Other Arms,8252,1,0,8253,1674,3,0,1677,21645,12,0,21657,23319,15,0,23334,2,0,0,2,0,0,0,0,153,0,0,153,8298,13,0,8311,8451,13,0,8464,14866,2,0,14868,986,0,0,986,21368,40,19,21427,6657,2,0,6659,28025,42,19,28086,184860,947,0,185807,212885,989,19,213893,247,0,0,247,19,0,0,19,26,0,0,26,6,0,0,6,101,0,0,101,399,0,0,399,192,0,0,192,10317,2,0,10319,1456,0,0,1456,6120,0,0,6120,17893,2,0,17895,194593,987,19,195599
,19,The Explosives Act,1017,4,0,1021,335,0,0,335,2353,8,0,2361,2688,8,0,2696,2,0,0,2,1,0,0,1,397,0,0,397,982,5,0,987,1379,5,0,1384,1306,3,0,1309,135,0,0,135,2146,5,0,2151,953,5,0,958,3099,10,0,3109,19195,104,3,19302,22294,114,3,22411,10,0,0,10,0,0,0,0,9,0,0,9,0,0,0,0,9,0,0,9,28,0,0,28,9,0,0,9,1276,4,0,1280,65,0,0,65,640,5,0,645,1981,9,0,1990,20285,105,3,20393
,20,The Explosive Substances Act,428,5,0,433,578,1,0,579,1805,25,0,1830,2383,26,0,2409,1,0,0,1,0,0,0,0,50,2,0,52,813,16,0,829,863,18,0,881,1519,8,0,1527,43,0,0,43,1891,11,0,1902,411,5,0,416,2302,16,0,2318,26832,128,0,26960,29134,144,0,29278,5,0,0,5,22,0,0,22,87,0,0,87,0,0,0,0,1,0,0,1,115,0,0,115,8,0,0,8,473,3,0,476,43,1,0,44,632,2,0,634,1148,6,0,1154,27871,138,0,28009
,E,Arms/Explosive - Related Acts,11735,26,0,11761,9421,6,0,9427,64068,112,0,64180,73489,118,0,73607,26,0,0,26,2,0,0,2,652,3,0,655,20219,56,0,20275,20871,59,0,20930,52590,59,0,52649,2205,1,0,2206,68234,110,19,68363,9501,15,0,9516,77735,125,19,77879,662662,1509,3,664174,740397,1634,22,742053,381,0,0,381,63,0,0,63,133,0,0,133,55,0,0,55,133,1,0,134,765,1,0,766,457,27,0,484,30326,11,0,30337,2874,1,0,2875,16453,19,0,16472,49653,31,0,49684,689979,1602,22,691603
,21,The Information Technology Act,11022,175,0,11197,3983,50,1,4034,9935,254,0,10189,13918,304,1,14223,1,0,0,1,21,0,0,21,100,3,0,103,3882,132,0,4014,3982,135,0,4117,9914,169,1,10084,1778,31,0,1809,12514,253,1,12768,7937,66,0,8003,20451,319,1,20771,63218,1416,3,64637,83669,1735,4,85408,24,0,0,24,169,0,0,169,3717,14,0,3731,3,0,0,3,29,2,0,31,3942,16,0,3958,2,0,0,2,2593,5,0,2598,62,1,0,63,1082,31,0,1113,3737,37,0,3774,75990,1682,4,77676
,22,The Copy Right Act,884,6,0,890,542,3,0,545,1293,5,0,1298,1835,8,0,1843,0,0,0,0,0,0,0,0,117,0,0,117,800,4,0,804,917,4,0,921,918,4,0,922,62,2,0,64,1643,9,0,1652,591,5,0,596,2234,14,0,2248,41682,111,0,41793,43916,125,0,44041,12,0,0,12,1,0,0,1,82,0,0,82,0,0,0,0,4,0,0,4,99,0,0,99,4,0,0,4,321,0,0,321,118,0,0,118,1297,1,0,1298,1736,1,0,1737,42081,124,0,42205
,23,The Trade Marks Act,55,0,0,55,39,0,0,39,124,0,0,124,163,0,0,163,0,0,0,0,0,0,0,0,9,0,0,9,34,0,0,34,43,0,0,43,120,0,0,120,4,0,0,4,122,0,0,122,38,0,0,38,160,0,0,160,1309,6,0,1315,1469,6,0,1475,0,0,0,0,0,0,0,0,2,0,0,2,0,0,0,0,0,0,0,0,2,0,0,2,0,0,0,0,10,0,0,10,0,0,0,0,26,0,0,26,36,0,0,36,1431,6,0,1437
,F,Information Technology/Intellectual Property – Related Acts,11961,181,0,12142,4564,53,1,4618,11352,259,0,11611,15916,312,1,16229,1,0,0,1,21,0,0,21,226,3,0,229,4716,136,0,4852,4942,139,0,5081,10952,173,1,11126,1844,33,0,1877,14279,262,1,14542,8566,71,0,8637,22845,333,1,23179,106209,1533,3,107745,129054,1866,4,130924,36,0,0,36,170,0,0,170,3801,14,0,3815,3,0,0,3,33,2,0,35,4043,16,0,4059,6,0,0,6,2924,5,0,2929,180,1,0,181,2405,32,0,2437,5509,38,0,5547,119502,1812,4,121318
,24,The Lotteries (Regulation) Act,1180,3,0,1183,644,0,0,644,8272,21,0,8293,8916,21,0,8937,3,0,0,3,0,0,0,0,4064,5,0,4069,2909,7,0,2916,6973,12,0,6985,1940,9,0,1949,60,0,0,60,7027,7,0,7034,673,3,0,676,7700,10,0,7710,12435,69,0,12504,20135,79,0,20214,8,1,0,9,0,0,0,0,4,0,0,4,0,0,0,0,0,0,0,0,12,1,0,13,10,0,0,10,4361,8,0,4369,34,0,0,34,450,0,0,450,4845,8,0,4853,15278,70,0,15348
,25,The Chit Funds Acts,43,0,0,43,21,0,0,21,26,8,0,34,47,8,0,55,0,0,0,0,1,0,0,1,0,0,0,0,17,7,0,24,17,7,0,24,29,1,0,30,2,1,0,3,60,13,0,73,22,0,0,22,82,13,0,95,874,57,0,931,956,70,0,1026,0,0,0,0,0,0,0,0,1,0,0,1,0,0,0,0,0,0,0,0,1,0,0,1,0,0,0,0,10,0,0,10,0,0,0,0,45,0,0,45,55,0,0,55,900,70,0,970
,26,The Negotiable Instruments Act,20,0,0,20,1,0,0,1,7,0,0,7,8,0,0,8,0,0,0,0,0,0,0,0,0,0,0,0,0,0,0,0,0,0,0,0,8,0,0,8,0,0,0,0,8,0,0,8,9,0,0,9,17,0,0,17,312,4,0,316,329,4,0,333,0,0,0,0,0,0,0,0,0,0,0,0,0,0,0,0,0,0,0,0,0,0,0,0,0,0,0,0,0,0,0,0,0,0,0,0,0,0,0,0,0,0,0,0,329,4,0,333
,27,The Benami Transaction (Prohibition) Act,0,0,0,0,0,0,0,0,0,0,0,0,0,0,0,0,0,0,0,0,0,0,0,0,0,0,0,0,0,0,0,0,0,0,0,0,0,0,0,0,0,0,0,0,0,0,0,0,0,0,0,0,0,0,0,0,3,0,0,3,3,0,0,3,0,0,0,0,0,0,0,0,0,0,0,0,0,0,0,0,0,0,0,0,0,0,0,0,0,0,0,0,0,0,0,0,0,0,0,0,0,0,0,0,0,0,0,0,3,0,0,3
,28,The Mines and Minerals (Development and Regulation) Act,4863,6,0,4869,3668,17,0,3685,13636,59,0,13695,17304,76,0,17380,0,0,0,0,0,0,0,0,1080,8,0,1088,8389,24,0,8413,9469,32,0,9501,7835,44,0,7879,770,4,0,774,14095,55,0,14150,1816,19,0,1835,15911,74,0,15985,125408,422,0,125830,141319,496,0,141815,24,0,0,24,213,0,0,213,56,2,0,58,8,0,0,8,11,0,0,11,312,2,0,314,189,0,0,189,4126,44,0,4170,76,0,0,76,2641,11,0,2652,6843,55,0,6898,134164,439,0,134603
,29,Prevention of Corruption Act,187,4,0,191,663,19,0,682,954,29,0,983,1617,48,0,1665,0,0,0,0,0,0,0,0,0,0,0,0,696,27,0,723,696,27,0,723,921,21,0,942,36,0,0,36,1505,28,0,1533,47,1,0,48,1552,29,0,1581,12809,252,0,13061,14361,281,0,14642,20,0,0,20,1,0,0,1,0,0,0,0,0,0,0,0,0,0,0,0,21,0,0,21,2,0,0,2,84,1,0,85,7,0,0,7,163,4,0,167,254,5,0,259,14086,276,0,14362
,G,Finance & Economic Acts,6293,13,0,6306,4997,36,0,5033,22895,117,0,23012,27892,153,0,28045,3,0,0,3,1,0,0,1,5144,13,0,5157,12011,65,0,12076,17155,78,0,17233,10733,75,0,10808,868,5,0,873,22695,103,0,22798,2567,23,0,2590,25262,126,0,25388,151841,804,0,152645,177103,930,0,178033,52,1,0,53,214,0,0,214,61,2,0,63,8,0,0,8,11,0,0,11,346,3,0,349,201,0,0,201,8581,53,0,8634,117,0,0,117,3299,15,0,3314,11997,68,0,12065,164760,859,0,165619
,30,Prohibition Act (State),248860,24782,0,273642,47538,2686,0,50224,500240,100643,1,600884,547778,103329,1,651108,48,0,0,48,473,123,0,596,202512,40074,0,242586,261410,57622,1,319033,463922,97696,1,561619,83335,5510,0,88845,3003,109,0,3112,553932,96336,1,650269,197119,22303,0,219422,751051,118639,1,869691,3278284,719345,1,3997630,4029335,837984,2,4867321,1614,42,0,1656,1270,0,0,1270,7087,45,0,7132,0,0,0,0,40,6,0,46,10011,93,0,10104,985,0,0,985,493038,95592,0,588630,9983,678,0,10661,153103,22636,0,175739,656124,118906,0,775030,3363200,718985,2,4082187
,31,The Excise Act,210386,14790,1,225177,9687,394,0,10081,169018,6540,0,175558,178705,6934,0,185639,14,0,0,14,5892,168,0,6060,16393,904,0,17297,36167,1724,0,37891,52560,2628,0,55188,120239,4138,0,124377,15056,1765,0,16821,202398,8741,0,211139,125674,9936,0,135610,328072,18677,0,346749,1232984,40260,0,1273244,1561056,58937,0,1619993,823,30,0,853,651,13,0,664,1060,45,0,1105,5,0,0,5,199,1,0,200,2738,89,0,2827,168,2,0,170,201620,12714,0,214334,5836,68,0,5904,49659,1591,0,51250,257115,14373,0,271488,1301203,44475,0,1345678
,32,The Narcotic Drugs & Psychotropic Substances Act,32735,240,0,32975,18703,437,0,19140,108507,3761,1,112269,127210,4198,1,131409,22,0,0,22,21,0,0,21,17788,124,0,17912,42471,1471,1,43943,60259,1595,1,61855,66908,2603,0,69511,4534,164,0,4698,107276,3280,0,110556,24965,148,0,25113,132241,3428,0,135669,533743,13351,15,547109,665984,16779,15,682778,480,14,0,494,81,0,0,81,51,0,0,51,10,0,0,10,49,0,0,49,671,14,0,685,164,4,0,168,56725,657,0,57382,2297,22,0,2319,12946,389,0,13335,71968,1068,0,73036,593345,15697,15,609057
,,31.1 Possession of drugs for Personal use/Consumption,27143,147,0,27290,8928,172,0,9100,58673,1548,0,60221,67601,1720,0,69321,11,0,0,11,0,0,0,0,17609,107,0,17716,22217,687,0,22904,39826,794,0,40620,27764,926,0,28690,1959,73,0,2032,57945,1314,0,59259,22506,99,0,22605,80451,1413,0,81864,276310,5473,2,281785,356761,6886,2,363649,233,4,0,237,71,0,0,71,39,0,0,39,10,0,0,10,10,0,0,10,363,4,0,367,92,0,0,92,43834,287,0,44121,1436,7,0,1443,5515,165,0,5680,50785,459,0,51244,305613,6423,2,312038
,,32.2 Possession of drugs for Trafficking,5592,93,0,5685,9775,265,0,10040,49834,2213,1,52048,59609,2478,1,62088,11,0,0,11,21,0,0,21,179,17,0,196,20254,784,1,21039,20433,801,1,21235,39144,1677,0,40821,2575,91,0,2666,49331,1966,0,51297,2459,49,0,2508,51790,2015,0,53805,257433,7878,13,265324,309223,9893,13,319129,247,10,0,257,10,0,0,10,12,0,0,12,0,0,0,0,39,0,0,39,308,10,0,318,72,4,0,76,12891,370,0,13261,861,15,0,876,7431,224,0,7655,21183,609,0,21792,287732,9274,13,297019
,H,Liquor & Narcotic Drugs – Related Acts,491981,39812,1,531794,75928,3517,0,79445,777765,110944,2,888711,853693,114461,2,968156,84,0,0,84,6386,291,0,6677,236693,41102,0,277795,340048,60817,2,400867,576741,101919,2,678662,270482,12251,0,282733,22593,2038,0,24631,863606,108357,1,971964,347758,32387,0,380145,1211364,140744,1,1352109,5045011,772956,16,5817983,6256375,913700,17,7170092,2917,86,0,3003,2002,13,0,2015,8198,90,0,8288,15,0,0,15,288,7,0,295,13420,196,0,13616,1317,6,0,1323,751383,108963,0,860346,18116,768,0,18884,215708,24616,0,240324,985207,134347,0,1119554,5257748,779157,17,6036922
,33,The Forest Act & The Forest Conservation Act,1088,26,0,1114,773,0,0,773,1791,3,0,1794,2564,3,0,2567,0,0,0,0,9,0,0,9,72,0,0,72,850,0,0,850,922,0,0,922,1633,3,0,1636,251,1,0,252,2641,8,0,2649,684,6,0,690,3325,14,0,3339,36466,108,0,36574,39791,122,0,39913,7,0,0,7,1,0,0,1,0,0,0,0,0,0,0,0,2,0,0,2,10,0,0,10,5,0,0,5,1110,1,0,1111,86,0,0,86,810,2,0,812,2006,3,0,2009,37775,119,0,37894
,34,The Wildlife Protection Act,230,0,0,230,172,1,0,173,699,3,0,702,871,4,0,875,0,0,0,0,10,3,0,13,5,0,0,5,430,1,0,431,435,1,0,436,426,0,0,426,23,0,0,23,820,1,0,821,163,0,0,163,983,1,0,984,8316,49,0,8365,9299,50,0,9349,2,0,0,2,4,0,0,4,7,0,0,7,0,0,0,0,0,0,0,0,13,0,0,13,0,0,0,0,513,5,0,518,27,0,0,27,136,0,0,136,676,5,0,681,8610,45,0,8655
,35,The Environmental (Protection) Act,302,7,0,309,60,0,0,60,410,0,0,410,470,0,0,470,0,0,0,0,0,0,0,0,22,0,0,22,313,0,0,313,335,0,0,335,135,0,0,135,8,0,0,8,451,0,0,451,183,4,0,187,634,4,0,638,4693,14,0,4707,5327,18,0,5345,0,0,0,0,0,0,0,0,2,0,0,2,0,0,0,0,1,0,0,1,3,0,0,3,0,0,0,0,43,0,0,43,2,0,0,2,39,0,0,39,84,0,0,84,5240,18,0,5258
,36,The Air & The Water (Prevention & Control of Pollution) Act,50,1,0,51,4,0,0,4,17,0,0,17,21,0,0,21,0,0,0,0,0,0,0,0,7,0,0,7,7,0,0,7,14,0,0,14,7,0,0,7,0,0,0,0,10,0,0,10,23,0,0,23,33,0,0,33,1188,3,0,1191,1221,3,0,1224,0,0,0,0,0,0,0,0,0,0,0,0,0,0,0,0,0,0,0,0,0,0,0,0,0,0,0,0,67,0,0,67,4,0,0,4,29,0,0,29,100,0,0,100,1121,3,0,1124
,37,The Cigarette and Other Tobacco Products Act,18040,913,0,18953,5605,181,0,5786,34628,1819,2,36449,40233,2000,2,42235,4,0,0,4,2,0,0,2,23423,1081,1,24505,8707,687,1,9395,32130,1768,2,33900,8097,232,0,8329,691,33,0,724,40679,1250,1,41930,11192,26,0,11218,51871,1276,1,53148,63459,1162,0,64621,115330,2438,1,117769,42,0,0,42,3,0,0,3,613,5,0,618,0,0,0,0,34,0,0,34,692,5,0,697,109,0,0,109,41758,688,0,42446,169,4,0,173,2850,76,0,2926,44777,768,0,45545,69861,1665,1,71527
,38,Noise Pollution Acts,1832,2,0,1834,10,0,0,10,7502,0,0,7502,7512,0,0,7512,0,0,0,0,0,0,0,0,2213,0,0,2213,3068,0,0,3068,5281,0,0,5281,2231,0,0,2231,682,0,0,682,7251,0,0,7251,1670,0,0,1670,8921,0,0,8921,10725,3,0,10728,19646,3,0,19649,0,0,0,0,4,0,0,4,0,0,0,0,0,0,0,0,0,0,0,0,4,0,0,4,0,0,0,0,10158,0,0,10158,5,0,0,5,263,0,0,263,10426,0,0,10426,9216,3,0,9219
,39,The National Green Tribunal Act,3,0,0,3,0,0,0,0,2,0,0,2,2,0,0,2,0,0,0,0,0,0,0,0,0,0,0,0,2,0,0,2,2,0,0,2,0,0,0,0,0,0,0,0,10,0,0,10,0,0,0,0,10,0,0,10,488,10,0,498,498,10,0,508,0,0,0,0,0,0,0,0,0,0,0,0,0,0,0,0,0,0,0,0,0,0,0,0,0,0,0,0,0,0,0,0,1,0,0,1,2,0,0,2,3,0,0,3,495,10,0,505
,I,Environment & Pollution– Related Acts,21545,949,0,22494,6624,182,0,6806,45049,1825,2,46876,51673,2007,2,53682,4,0,0,4,21,3,0,24,25742,1081,1,26824,13377,688,1,14066,39119,1769,2,40890,12529,235,0,12764,1655,34,0,1689,51862,1259,1,53122,13915,36,0,13951,65777,1295,1,67073,125335,1349,0,126684,191112,2644,1,193757,51,0,0,51,12,0,0,12,622,5,0,627,0,0,0,0,37,0,0,37,722,5,0,727,114,0,0,114,53649,694,0,54343,294,4,0,298,4129,78,0,4207,58072,776,0,58848,132318,1863,1,134182
,40,The Registration of Foreigners Act & The Foreigners Act,429,12,0,441,98,8,0,106,2011,477,2,2490,2109,485,2,2596,1,0,0,1,2,0,0,2,16,2,0,18,262,76,0,338,278,78,0,356,1828,407,2,2237,16,3,0,19,1938,423,0,2361,110,14,0,124,2048,437,0,2485,17305,1797,0,19102,19353,2234,0,21587,2,0,0,2,2,0,0,2,0,0,0,0,0,0,0,0,0,0,0,0,4,0,0,4,2,0,0,2,1268,413,0,1681,13,0,0,13,446,31,0,477,1727,444,0,2171,17622,1790,0,19412
,41,The Passport Act,103,2,0,105,168,13,0,181,1571,390,9,1970,1739,403,9,2151,0,0,0,0,13,0,0,13,11,1,0,12,656,123,0,779,667,124,0,791,1059,279,9,1347,122,0,0,122,1221,313,9,1543,158,15,0,173,1379,328,9,1716,9074,1000,12,10086,10453,1328,21,11802,3,0,0,3,3,0,0,3,4,0,0,4,0,0,0,0,0,0,0,0,10,0,0,10,0,0,0,0,737,64,3,804,9,1,0,10,184,8,0,192,930,73,3,1006,9513,1255,18,10786
,42,The Emigration Act,34,4,0,38,10,0,0,10,79,18,0,97,89,18,0,107,0,0,0,0,1,0,0,1,0,0,0,0,31,2,0,33,31,2,0,33,57,16,0,73,8,0,0,8,87,7,0,94,8,0,0,8,95,7,0,102,505,31,0,536,600,38,0,638,3,0,0,3,0,0,0,0,0,0,0,0,0,0,0,0,6,0,0,6,9,0,0,9,0,0,0,0,9,0,0,9,0,0,0,0,18,0,0,18,27,0,0,27,564,38,0,602
,43,The Citizenship Act,3,0,0,3,0,0,0,0,0,0,0,0,0,0,0,0,0,0,0,0,0,0,0,0,0,0,0,0,0,0,0,0,0,0,0,0,0,0,0,0,0,0,0,0,3,0,0,3,0,0,0,0,3,0,0,3,41,3,0,44,44,3,0,47,0,0,0,0,0,0,0,0,0,0,0,0,0,0,0,0,0,0,0,0,0,0,0,0,0,0,0,0,0,0,0,0,0,0,0,0,1,0,0,1,1,0,0,1,43,3,0,46
,J,Foreigner & Passport – Related Acts,569,18,0,587,276,21,0,297,3661,885,11,4557,3937,906,11,4854,1,0,0,1,16,0,0,16,27,3,0,30,949,201,0,1150,976,204,0,1180,2944,702,11,3657,146,3,0,149,3249,743,9,4001,276,29,0,305,3525,772,9,4306,26925,2831,12,29768,30450,3603,21,34074,8,0,0,8,5,0,0,5,4,0,0,4,0,0,0,0,6,0,0,6,23,0,0,23,2,0,0,2,2014,477,3,2494,22,1,0,23,649,39,0,688,2685,517,3,3205,27742,3086,18,30846
,44,The Indian Railways Act,27,0,0,27,7,0,0,7,110,4,0,114,117,4,0,121,0,0,0,0,0,0,0,0,7,0,0,7,30,0,0,30,37,0,0,37,80,4,0,84,10,0,0,10,82,0,0,82,3,0,0,3,85,0,0,85,6148,3,0,6151,6233,3,0,6236,1,0,0,1,0,0,0,0,0,0,0,0,0,0,0,0,0,0,0,0,1,0,0,1,0,0,0,0,50,0,0,50,4,0,0,4,29,0,0,29,83,0,0,83,6149,3,0,6152
,45,The Railway Property (Unlawful Possession) Act,3,0,0,3,0,0,0,0,0,0,0,0,0,0,0,0,0,0,0,0,0,0,0,0,0,0,0,0,0,0,0,0,0,0,0,0,0,0,0,0,0,0,0,0,0,0,0,0,0,0,0,0,0,0,0,0,24,0,0,24,24,0,0,24,0,0,0,0,0,0,0,0,0,0,0,0,0,0,0,0,0,0,0,0,0,0,0,0,0,0,0,0,0,0,0,0,0,0,0,0,0,0,0,0,0,0,0,0,24,0,0,24
,K,Railways – Related Acts,30,0,0,30,7,0,0,7,110,4,0,114,117,4,0,121,0,0,0,0,0,0,0,0,7,0,0,7,30,0,0,30,37,0,0,37,80,4,0,84,10,0,0,10,82,0,0,82,3,0,0,3,85,0,0,85,6172,3,0,6175,6257,3,0,6260,1,0,0,1,0,0,0,0,0,0,0,0,0,0,0,0,0,0,0,0,1,0,0,1,0,0,0,0,50,0,0,50,4,0,0,4,29,0,0,29,83,0,0,83,6173,3,0,6176
,46,The Indian Telegraph Act,6,0,0,6,2,0,0,2,22,1,0,23,24,1,0,25,0,0,0,0,0,0,0,0,2,0,0,2,15,0,0,15,17,0,0,17,7,1,0,8,0,0,0,0,21,1,0,22,4,0,0,4,25,1,0,26,162,1,0,163,187,2,0,189,0,0,0,0,0,0,0,0,2,0,0,2,0,0,0,0,0,0,0,0,2,0,0,2,0,0,0,0,8,1,0,9,0,0,0,0,1,0,0,1,9,1,0,10,176,1,0,177
,47,The Telegraph Wire (Unlawful Possession) Act,0,0,0,0,0,0,0,0,3,0,0,3,3,0,0,3,0,0,0,0,0,0,0,0,0,0,0,0,0,0,0,0,0,0,0,0,3,0,0,3,0,0,0,0,3,0,0,3,0,0,0,0,3,0,0,3,9,0,0,9,12,0,0,12,0,0,0,0,0,0,0,0,0,0,0,0,0,0,0,0,0,0,0,0,0,0,0,0,0,0,0,0,1,0,0,1,0,0,0,0,0,0,0,0,1,0,0,1,11,0,0,11
,48,The Cinematograph Act,0,0,0,0,2,0,0,2,2,0,0,2,4,0,0,4,0,0,0,0,0,0,0,0,0,0,0,0,1,0,0,1,1,0,0,1,3,0,0,3,0,0,0,0,2,0,0,2,0,0,0,0,2,0,0,2,71,1,0,72,73,1,0,74,0,0,0,0,0,0,0,0,1,0,0,1,0,0,0,0,0,0,0,0,1,0,0,1,3,0,0,3,12,0,0,12,0,0,0,0,2,0,0,2,14,0,0,14,58,1,0,59
,49,The Cable Television Networks (Regulation) Act,1,0,0,1,2,0,0,2,0,0,0,0,2,0,0,2,0,0,0,0,0,0,0,0,0,0,0,0,2,0,0,2,2,0,0,2,0,0,0,0,0,0,0,0,2,0,0,2,1,0,0,1,3,0,0,3,113,0,0,113,116,0,0,116,0,0,0,0,0,0,0,0,0,0,0,0,0,0,0,0,0,0,0,0,0,0,0,0,0,0,0,0,0,0,0,0,0,0,0,0,0,0,0,0,0,0,0,0,116,0,0,116
,L,Telegraph/Cinematograph Acts,7,0,0,7,6,0,0,6,27,1,0,28,33,1,0,34,0,0,0,0,0,0,0,0,2,0,0,2,18,0,0,18,20,0,0,20,13,1,0,14,0,0,0,0,28,1,0,29,5,0,0,5,33,1,0,34,355,2,0,357,388,3,0,391,0,0,0,0,0,0,0,0,3,0,0,3,0,0,0,0,0,0,0,0,3,0,0,3,3,0,0,3,21,1,0,22,0,0,0,0,3,0,0,3,24,1,0,25,361,2,0,363
,50,The Essential Commodities Act,2983,34,3,3020,1298,19,0,1317,2616,25,0,2641,3914,44,0,3958,0,0,0,0,0,0,0,0,192,7,0,199,1428,14,0,1442,1620,21,0,1641,2294,23,0,2317,259,5,0,264,4094,46,0,4140,1965,17,0,1982,6059,63,0,6122,89753,572,2,90327,95812,635,2,96449,25,1,0,26,4,0,0,4,48,0,0,48,0,0,0,0,31,0,0,31,108,1,0,109,3,0,0,3,1235,5,0,1240,125,0,0,125,2231,15,0,2246,3591,20,0,3611,92113,614,2,92729
,51,The Prevention of Food Adulteration Act,3,0,0,3,0,0,0,0,8,0,0,8,8,0,0,8,0,0,0,0,0,0,0,0,0,0,0,0,6,0,0,6,6,0,0,6,2,0,0,2,2,0,0,2,10,0,0,10,4,0,0,4,14,0,0,14,394,6,0,400,408,6,0,414,0,0,0,0,0,0,0,0,0,0,0,0,0,0,0,0,0,0,0,0,0,0,0,0,0,0,0,0,3,0,0,3,0,0,0,0,3,0,0,3,6,0,0,6,402,6,0,408
,52,The Food Safety & Standards Act,168,0,0,168,38,0,0,38,78,1,0,79,116,1,0,117,0,0,0,0,0,0,0,0,0,0,0,0,78,1,0,79,78,1,0,79,38,0,0,38,0,0,0,0,181,4,0,185,56,0,0,56,237,4,0,241,2157,7,0,2164,2394,11,0,2405,1,0,0,1,0,0,0,0,0,0,0,0,0,0,0,0,0,0,0,0,1,0,0,1,0,0,0,0,58,0,0,58,3,0,0,3,69,0,0,69,130,0,0,130,2263,11,0,2274
,M,"Food, Drugs and Essential Commodities Acts",3154,34,3,3191,1336,19,0,1355,2702,26,0,2728,4038,45,0,4083,0,0,0,0,0,0,0,0,192,7,0,199,1512,15,0,1527,1704,22,0,1726,2334,23,0,2357,261,5,0,266,4285,50,0,4335,2025,17,0,2042,6310,67,0,6377,92304,585,2,92891,98614,652,2,99268,26,1,0,27,4,0,0,4,48,0,0,48,0,0,0,0,31,0,0,31,109,1,0,110,3,0,0,3,1296,5,0,1301,128,0,0,128,2303,15,0,2318,3727,20,0,3747,94778,631,2,95411
,53,MCOCA/Control of Organised Crimes,11,0,0,11,106,0,0,106,27,0,0,27,133,0,0,133,0,0,0,0,0,0,0,0,0,0,0,0,1,0,0,1,1,0,0,1,132,0,0,132,0,0,0,0,109,0,0,109,18,0,0,18,127,0,0,127,1588,9,0,1597,1715,9,0,1724,0,0,0,0,0,0,0,0,0,0,0,0,0,0,0,0,0,0,0,0,0,0,0,0,0,0,0,0,0,0,0,0,0,0,0,0,0,0,0,0,0,0,0,0,1715,9,0,1724
,54,The Gambling Act,212587,763,1,213351,9490,15,0,9505,191281,1823,1,193105,200771,1838,1,202610,3,0,0,3,1,0,0,1,79295,430,1,79726,56671,1238,0,57909,135966,1668,1,137635,64801,170,0,64971,15023,23,0,15046,220527,1913,1,222441,145852,589,1,146442,366379,2502,2,368883,1813965,8717,0,1822682,2180344,11219,2,2191565,194,0,0,194,77,0,0,77,862,4,0,866,155,0,0,155,89,0,0,89,1377,4,0,1381,109,0,0,109,292810,1673,0,294483,3756,2,0,3758,45162,1003,0,46165,341728,2678,0,344406,1837239,8537,2,1845778
,55,The Electricity Act,118375,12866,0,131241,11562,135,1,11698,29120,1042,0,30162,40682,1177,1,41860,5,0,0,5,0,0,0,0,485,34,0,519,4147,147,1,4295,4632,181,1,4814,36045,996,0,37041,49758,328,0,50086,56642,1199,1,57842,46195,22332,0,68527,102837,23531,1,126369,448156,5840,0,453996,550993,29371,1,580365,11,0,0,11,2,0,0,2,35189,21124,0,56313,178,7,0,185,2,0,0,2,35382,21131,0,56513,0,0,0,0,12969,6,0,12975,1578,1,0,1579,10123,343,0,10466,24670,350,0,25020,490941,7890,1,498832
,56,The Antiques and Art Treasures Act,64,0,0,64,5,0,0,5,0,0,0,0,5,0,0,5,0,0,0,0,0,0,0,0,0,0,0,0,5,0,0,5,5,0,0,5,0,0,0,0,1,0,0,1,8,0,0,8,10,0,0,10,18,0,0,18,796,0,0,796,814,0,0,814,0,0,0,0,0,0,0,0,0,0,0,0,0,0,0,0,0,0,0,0,0,0,0,0,0,0,0,0,3,0,0,3,0,0,0,0,36,0,0,36,39,0,0,39,775,0,0,775
,57,The Representation of the People Act,493,31,0,524,128,1,0,129,272,2,0,274,400,3,0,403,0,0,0,0,0,0,0,0,71,0,0,71,92,0,0,92,163,0,0,163,237,3,0,240,29,0,0,29,333,2,0,335,299,10,0,309,632,12,0,644,5301,79,0,5380,5933,91,0,6024,2,0,0,2,0,0,0,0,4,0,0,4,0,0,0,0,2,0,0,2,8,0,0,8,0,0,0,0,141,0,0,141,2,0,0,2,140,0,0,140,283,0,0,283,5642,91,0,5733
,58,The Bonded Labour System (Abolition) Act,752,1,0,753,32,0,0,32,658,6,0,664,690,6,0,696,0,0,0,0,0,0,0,0,0,0,0,0,99,5,0,104,99,5,0,104,591,1,0,592,109,0,0,109,465,4,0,469,765,1,0,766,1230,5,0,1235,12616,221,0,12837,13846,226,0,14072,1,0,0,1,0,0,0,0,0,0,0,0,0,0,0,0,1,0,0,1,2,0,0,2,2,0,0,2,144,0,0,144,3,0,0,3,115,4,0,119,262,4,0,266,13582,222,0,13804
,,58.1 For Crimes against SCs,729,1,0,730,15,0,0,15,561,2,0,563,576,2,0,578,0,0,0,0,0,0,0,0,0,0,0,0,29,2,0,31,29,2,0,31,547,0,0,547,105,0,0,105,388,2,0,390,740,1,0,741,1128,3,0,1131,11002,205,0,11207,12130,208,0,12338,0,0,0,0,0,0,0,0,0,0,0,0,0,0,0,0,1,0,0,1,1,0,0,1,0,0,0,0,140,0,0,140,1,0,0,1,86,0,0,86,227,0,0,227,11902,208,0,12110
,,58.2 For Crimes against STs,9,0,0,9,9,0,0,9,72,2,0,74,81,2,0,83,0,0,0,0,0,0,0,0,0,0,0,0,47,2,0,49,47,2,0,49,34,0,0,34,0,0,0,0,57,2,0,59,23,0,0,23,80,2,0,82,926,7,0,933,1006,9,0,1015,0,0,0,0,0,0,0,0,0,0,0,0,0,0,0,0,0,0,0,0,0,0,0,0,2,0,0,2,1,0,0,1,0,0,0,0,22,0,0,22,23,0,0,23,983,9,0,992
,,58.3 Against others,14,0,0,14,8,0,0,8,25,2,0,27,33,2,0,35,0,0,0,0,0,0,0,0,0,0,0,0,23,1,0,24,23,1,0,24,10,1,0,11,4,0,0,4,20,0,0,20,2,0,0,2,22,0,0,22,688,9,0,697,710,9,0,719,1,0,0,1,0,0,0,0,0,0,0,0,0,0,0,0,0,0,0,0,1,0,0,1,0,0,0,0,3,0,0,3,2,0,0,2,7,4,0,11,12,4,0,16,697,5,0,702
,59,The Prevention of Insults to National Honour Act,18,0,0,18,18,0,0,18,41,0,0,41,59,0,0,59,0,0,0,0,0,0,0,0,5,0,0,5,22,0,0,22,27,0,0,27,32,0,0,32,10,0,0,10,53,0,0,53,13,0,0,13,66,0,0,66,748,16,0,764,814,16,0,830,0,0,0,0,0,0,0,0,0,0,0,0,0,0,0,0,0,0,0,0,0,0,0,0,1,0,0,1,6,0,0,6,2,0,0,2,25,0,0,25,33,0,0,33,781,16,0,797
,60,Defacement of Public Property Acts,2525,26,0,2551,491,3,0,494,3146,60,0,3206,3637,63,0,3700,0,0,0,0,0,0,0,0,845,8,0,853,1103,18,0,1121,1948,26,0,1974,1689,37,0,1726,531,1,0,532,4090,56,0,4146,1636,16,0,1652,5726,72,0,5798,14247,286,0,14533,19973,358,0,20331,3,0,0,3,0,0,0,0,35,2,0,37,6,0,0,6,0,0,0,0,44,2,0,46,0,0,0,0,4153,44,0,4197,13,0,0,13,591,6,0,597,4757,50,0,4807,15172,306,0,15478
,61,The Transplantation of Human Organs Act,0,0,0,0,4,0,0,4,17,1,0,18,21,1,0,22,0,0,0,0,0,0,0,0,0,0,0,0,3,0,0,3,3,0,0,3,18,1,0,19,0,0,0,0,10,1,0,11,0,0,0,0,10,1,0,11,65,1,0,66,75,2,0,77,0,0,0,0,0,0,0,0,0,0,0,0,0,0,0,0,0,0,0,0,0,0,0,0,0,0,0,0,0,0,0,0,0,0,0,0,0,0,0,0,0,0,0,0,75,2,0,77
,62,Transgender Persons (Protection of Rights) Act,4,0,0,4,0,0,0,0,5,0,0,5,5,0,0,5,0,0,0,0,0,0,0,0,0,0,0,0,4,0,0,4,4,0,0,4,1,0,0,1,2,0,0,2,4,0,0,4,1,0,0,1,5,0,0,5,26,0,0,26,31,0,0,31,0,0,0,0,0,0,0,0,0,0,0,0,0,0,0,0,0,0,0,0,0,0,0,0,0,0,0,0,0,0,0,0,0,0,0,0,0,0,0,0,0,0,0,0,31,0,0,31
,63,"Rights of Persons with Disabilities Act, 2016",28,9,0,37,6,0,0,6,34,8,0,42,40,8,0,48,0,0,0,0,0,0,0,0,12,1,0,13,22,6,0,28,34,7,0,41,6,1,0,7,0,0,0,0,35,7,0,42,16,3,0,19,51,10,0,61,0,0,0,0,51,10,0,61,0,0,0,0,0,0,0,0,0,0,0,0,0,0,0,0,0,0,0,0,0,0,0,0,0,0,0,0,0,0,0,0,0,0,0,0,1,0,0,1,1,0,0,1,50,10,0,60
,64,Prevention of Cruelty to Animal Act,7175,13,0,7188,107,0,0,107,10157,48,0,10205,10264,48,0,10312,0,0,0,0,0,0,0,0,1673,0,0,1673,2982,23,0,3005,4655,23,0,4678,5609,25,0,5634,663,0,0,663,10647,72,0,10719,4261,9,0,4270,14908,81,0,14989,0,0,0,0,14908,81,0,14989,0,0,0,0,0,0,0,0,19,0,0,19,0,0,0,0,0,0,0,0,19,0,0,19,1,0,0,1,2208,7,0,2215,26,0,0,26,392,2,0,394,2626,9,0,2635,12263,72,0,12335
,65,The Mental Health Act,147,0,0,147,6,0,0,6,76,1,0,77,82,1,0,83,2,0,0,2,0,0,0,0,11,1,0,12,19,0,0,19,30,1,0,31,50,0,0,50,55,0,0,55,12,0,0,12,2,0,0,2,14,0,0,14,37,0,0,37,51,0,0,51,0,0,0,0,0,0,0,0,1,0,0,1,0,0,0,0,0,0,0,0,1,0,0,1,0,0,0,0,0,0,0,0,0,0,0,0,7,0,0,7,7,0,0,7,43,0,0,43
,66,Motor Vehicle Act,107710,1521,0,109231,1675,2,0,1677,90492,9,0,90501,92167,11,0,92178,0,0,0,0,0,0,0,0,72118,10,0,72128,17371,1,0,17372,89489,11,0,89500,2678,0,0,2678,5467,78,0,5545,105467,41,0,105508,93784,1527,0,95311,199251,1568,0,200819,415998,177,0,416175,615249,1745,0,616994,277,0,0,277,37,0,0,37,37,0,0,37,0,0,0,0,10,0,0,10,361,0,0,361,12,0,0,12,179614,44,0,179658,6559,0,0,6559,7739,3,0,7742,193912,47,0,193959,420976,1698,0,422674
,67,City/Town Police Acts,13468,239,0,13707,666,1,0,667,75345,262,0,75607,76011,263,0,76274,2,0,0,2,0,0,0,0,66042,258,0,66300,7706,4,0,7710,73748,262,0,74010,2261,1,0,2262,457,5,0,462,49978,244,0,50222,4639,213,0,4852,54617,457,0,55074,141441,2777,0,144218,196058,3234,0,199292,7100,0,0,7100,48,0,0,48,458,1,0,459,0,0,0,0,0,0,0,0,7606,1,0,7607,0,0,0,0,40823,295,0,41118,371,0,0,371,2613,16,0,2629,43807,311,0,44118,144645,2922,0,147567
,68,Other State Local Acts,41915,715,1,42631,5945,164,0,6109,85655,2022,0,87677,91600,2186,0,93786,4,0,0,4,9,0,0,9,27923,377,0,28300,33064,1370,0,34434,60987,1747,0,62734,30600,439,0,31039,2718,58,0,2776,90063,1562,0,91625,31295,117,0,31412,121358,1679,0,123037,959731,17772,3,977506,1081089,19451,3,1100543,3131,19,0,3150,4243,1,0,4244,390,7,0,397,0,0,0,0,135,15,0,150,7899,42,0,7941,41,0,0,41,124584,324,0,124908,2664,6,0,2670,15098,842,0,15940,142346,1172,0,143518,930844,18237,3,949084
,N,Other Regulatory & Enforcement – Acts,505272,16184,2,521458,30241,321,1,30563,486326,5284,1,491611,516567,5605,2,522174,16,0,0,16,10,0,0,10,248480,1119,1,249600,123311,2812,1,126124,371791,3931,2,375724,144750,1674,0,146424,74823,493,0,75316,538443,5101,2,543546,328786,24817,1,353604,867229,29918,3,897150,3814715,35895,3,3850613,4681944,65813,6,4747763,10719,19,0,10738,4407,1,0,4408,36995,21138,0,58133,339,7,0,346,239,15,0,254,52699,21180,0,73879,166,0,0,166,657455,2393,0,659848,14974,9,0,14983,82042,2219,0,84261,754471,4621,0,759092,3874774,40012,6,3914792
,69,Other SLL Crimes,39691,1617,0,41308,12198,301,0,12499,59846,1467,0,61313,72044,1768,0,73812,2,0,0,2,23,1,0,24,11877,117,0,11994,12260,319,0,12579,24137,436,0,24573,47882,1331,0,49213,6564,342,0,6906,73115,1651,53,74819,28502,1142,0,29644,101617,2793,53,104463,1643141,23609,0,1666750,1744758,26402,53,1771213,42,8,0,50,175,8,0,183,3158,35,0,3193,9,2,0,11,41,1,0,42,3425,54,0,3479,31,0,0,31,78077,766,0,78843,2468,45,0,2513,22532,552,0,23084,103077,1363,0,104440,1638256,24985,53,1663294
,70,Total Cognizable SLL Crimes,1127796,64893,6,1192695,162787,5462,3,168252,1570409,127254,19,1697682,1733196,132716,22,1865934,163,0,0,163,6651,311,0,6962,531375,43791,2,575168,569921,69677,6,639604,1101296,113468,8,1214772,625086,18937,14,644037,118173,3908,0,122081,1747249,124518,179,1871946,766522,62860,43,829425,2513771,187378,222,2701371,12430086,898594,55,13328735,14943857,1085972,277,16030106,14861,121,0,14982,7349,26,0,7375,53899,21381,0,75280,467,9,0,476,1285,128,0,1413,77861,21665,0,99526,2363,52,0,2415,1607825,113830,3,1721658,41269,890,0,42159,392509,30026,0,422535,2041603,144746,3,2186352,12824393,919561,274,13744228
,71,Total BNS/IPC and SLL Crimes,3368150,266915,199,3635264,570060,24020,13,594093,3685022,258810,121,3943953,4255082,282830,134,4538046,1803,19,0,1822,8486,345,0,8831,928507,81974,17,1010757,1331348,117884,78,1449310,2259855,199858,95,2459808,1984938,82608,39,2067585,363211,22859,5,386075,4258232,263755,690,4522677,2296487,193484,378,2490349,6554719,457239,1068,7013026,40214027,2377595,689,42592311,46768746,2834834,1757,49605337,24990,296,0,25286,16417,745,0,17162,283691,44968,2,328661,29891,1727,12,31630,11641,1525,0,13166,366630,49261,14,415905,8642,303,1,8946,2658284,134802,13,2793099,128993,4399,0,133392,1458478,100293,46,1558817,4245755,239494,59,4485308,42156361,2546079,1684,44704124
